#usda 1.0
(
    endTimeCode = 0
    metersPerUnit = 1
    startTimeCode = 0
    upAxis = "Y"
)

def Mesh "PP_Birch_Tree_06_11" (
    prepend apiSchemas = ["MaterialBindingAPI"]
)
{
    uniform bool doubleSided
    float3[] extent = [(-2.924178, 0, -2.5017233), (2.9667342, 8.863659, 2.6622763)]
    int[] faceVertexCounts = [3, 3, 3, 3, 3, 3, 3, 3, 3, 3, 3, 3, 3, 3, 3, 3, 3, 3, 3, 3, 3, 3, 3, 3, 3, 3, 3, 3, 3, 3, 3, 3, 3, 3, 3, 3, 3, 3, 3, 3, 3, 3, 3, 3, 3, 3, 3, 3, 3, 3, 3, 3, 3, 3, 3, 3, 3, 3, 3, 3, 3, 3, 3, 3, 3, 3, 3, 3, 3, 3, 3, 3, 3, 3, 3, 3, 3, 3, 3, 3, 3, 3, 3, 3, 3, 3, 3, 3, 3, 3, 3, 3, 3, 3, 3, 3, 3, 3, 3, 3, 3, 3, 3, 3, 3, 3, 3, 3, 3, 3, 3, 3, 3, 3, 3, 3, 3, 3, 3, 3, 3, 3, 3, 3, 3, 3, 3, 3, 3, 3, 3, 3, 3, 3, 3, 3, 3, 3, 3, 3, 3, 3, 3, 3, 3, 3, 3, 3, 3, 3, 3, 3, 3, 3, 3, 3, 3, 3, 3, 3, 3, 3, 3, 3, 3, 3, 3, 3, 3, 3, 3, 3, 3, 3, 3, 3, 3, 3, 3, 3, 3, 3, 3, 3, 3, 3, 3, 3, 3, 3, 3, 3, 3, 3, 3, 3, 3, 3, 3, 3, 3, 3, 3, 3, 3, 3, 3, 3, 3, 3, 3, 3, 3, 3, 3, 3, 3, 3, 3, 3, 3, 3, 3, 3, 3, 3, 3, 3, 3, 3, 3, 3, 3, 3, 3, 3, 3, 3, 3, 3, 3, 3, 3, 3, 3, 3, 3, 3, 3, 3, 3, 3, 3, 3, 3, 3, 3, 3, 3, 3, 3, 3, 3, 3, 3, 3, 3, 3, 3, 3, 3, 3, 3, 3, 3, 3, 3, 3, 3, 3, 3, 3, 3, 3, 3, 3, 3, 3, 3, 3, 3, 3, 3, 3, 3, 3, 3, 3, 3, 3, 3, 3, 3, 3, 3, 3, 3, 3, 3, 3, 3, 3, 3, 3, 3, 3, 3, 3, 3, 3, 3, 3, 3, 3, 3, 3, 3, 3, 3, 3, 3, 3, 3, 3, 3, 3, 3, 3, 3, 3, 3, 3, 3, 3, 3, 3, 3, 3, 3, 3, 3, 3, 3, 3, 3, 3, 3, 3, 3, 3, 3, 3, 3, 3, 3, 3, 3, 3, 3, 3, 3, 3, 3, 3, 3, 3, 3, 3, 3, 3, 3, 3, 3, 3, 3, 3, 3, 3, 3, 3, 3, 3, 3, 3, 3, 3, 3, 3, 3, 3, 3, 3, 3, 3, 3, 3, 3, 3, 3, 3, 3, 3, 3, 3, 3, 3, 3, 3, 3, 3, 3, 3, 3, 3, 3, 3, 3, 3, 3, 3, 3, 3, 3, 3, 3, 3, 3, 3, 3, 3, 3, 3, 3, 3, 3, 3, 3, 3, 3, 3, 3, 3, 3, 3, 3, 3, 3, 3, 3, 3, 3, 3, 3, 3, 3, 3, 3, 3, 3, 3, 3, 3, 3, 3, 3, 3, 3, 3, 3, 3, 3, 3, 3, 3, 3, 3, 3, 3, 3, 3, 3, 3, 3, 3, 3, 3, 3, 3, 3, 3, 3, 3, 3, 3, 3, 3, 3, 3, 3, 3, 3, 3, 3, 3, 3, 3, 3, 3, 3, 3, 3, 3, 3, 3, 3, 3, 3, 3, 3, 3, 3, 3, 3, 3, 3, 3, 3, 3, 3, 3, 3, 3, 3, 3, 3, 3, 3, 3, 3, 3, 3, 3, 3, 3, 3, 3, 3, 3, 3, 3, 3, 3, 3, 3, 3, 3, 3, 3, 3, 3, 3, 3, 3, 3, 3, 3, 3, 3, 3, 3, 3, 3, 3, 3, 3, 3, 3, 3, 3, 3, 3, 3, 3, 3, 3, 3, 3, 3, 3, 3, 3, 3, 3, 3, 3, 3, 3, 3, 3, 3, 3, 3, 3, 3, 3, 3, 3, 3, 3, 3, 3, 3, 3, 3, 3, 3, 3, 3, 3, 3, 3, 3, 3, 3, 3, 3, 3, 3, 3, 3, 3, 3, 3, 3, 3, 3, 3, 3, 3, 3, 3, 3, 3, 3, 3, 3, 3, 3, 3, 3, 3, 3, 3, 3, 3, 3, 3, 3, 3, 3, 3, 3, 3, 3, 3, 3, 3, 3, 3, 3, 3, 3, 3, 3, 3, 3, 3, 3, 3, 3, 3, 3, 3, 3, 3, 3, 3, 3, 3, 3, 3, 3, 3, 3, 3, 3, 3, 3, 3, 3, 3, 3, 3, 3, 3, 3, 3, 3, 3, 3, 3, 3, 3, 3, 3, 3, 3, 3, 3, 3, 3, 3, 3, 3, 3, 3, 3, 3, 3, 3, 3, 3, 3, 3, 3, 3, 3, 3, 3, 3, 3, 3, 3, 3, 3, 3, 3, 3, 3, 3, 3, 3, 3, 3, 3, 3, 3, 3, 3, 3, 3, 3, 3, 3, 3, 3, 3, 3, 3, 3, 3, 3, 3, 3, 3, 3, 3, 3, 3, 3, 3, 3, 3, 3, 3, 3, 3, 3, 3, 3, 3, 3, 3, 3, 3, 3, 3, 3, 3, 3, 3, 3, 3, 3, 3, 3, 3, 3, 3, 3, 3, 3, 3, 3, 3, 3, 3, 3, 3, 3, 3, 3, 3, 3, 3, 3, 3, 3, 3, 3, 3, 3, 3, 3, 3, 3, 3, 3, 3, 3, 3, 3, 3, 3, 3, 3, 3, 3, 3, 3, 3, 3, 3, 3, 3, 3, 3, 3, 3, 3, 3, 3, 3, 3, 3, 3, 3, 3, 3, 3, 3, 3, 3, 3, 3, 3, 3, 3, 3, 3, 3, 3, 3, 3, 3, 3, 3, 3, 3, 3, 3, 3, 3, 3, 3, 3, 3, 3, 3, 3, 3, 3, 3, 3, 3, 3, 3, 3, 3, 3, 3, 3, 3, 3, 3, 3, 3, 3, 3, 3, 3, 3, 3, 3, 3, 3, 3, 3, 3, 3, 3, 3, 3, 3, 3, 3, 3, 3, 3, 3, 3, 3, 3, 3, 3, 3, 3, 3, 3, 3, 3, 3, 3, 3, 3, 3, 3, 3, 3, 3, 3, 3, 3, 3, 3, 3, 3, 3, 3, 3, 3, 3, 3, 3, 3, 3, 3, 3, 3, 3, 3, 3, 3, 3, 3, 3, 3, 3, 3, 3, 3, 3, 3, 3, 3, 3, 3, 3, 3, 3, 3, 3, 3, 3, 3, 3, 3, 3, 3, 3, 3, 3, 3, 3, 3, 3, 3, 3, 3, 3, 3, 3, 3, 3, 3, 3, 3, 3, 3, 3, 3, 3, 3, 3, 3, 3, 3, 3, 3, 3, 3, 3, 3, 3, 3, 3, 3, 3, 3, 3, 3, 3, 3, 3, 3, 3, 3, 3, 3, 3, 3, 3, 3, 3, 3, 3, 3, 3, 3, 3, 3, 3, 3, 3, 3, 3, 3, 3, 3, 3, 3, 3, 3, 3, 3, 3, 3, 3, 3, 3, 3, 3, 3, 3, 3, 3, 3, 3, 3, 3, 3, 3, 3, 3, 3, 3, 3, 3, 3, 3, 3, 3, 3, 3, 3, 3, 3, 3, 3, 3, 3, 3, 3, 3, 3, 3, 3, 3, 3, 3, 3, 3, 3, 3, 3, 3, 3, 3, 3, 3, 3, 3, 3, 3, 3, 3, 3, 3, 3, 3, 3, 3, 3, 3, 3, 3, 3, 3, 3, 3, 3, 3, 3, 3, 3, 3, 3, 3, 3, 3, 3, 3, 3, 3, 3, 3, 3, 3, 3, 3, 3, 3, 3, 3, 3, 3, 3, 3, 3, 3, 3, 3, 3, 3, 3, 3, 3, 3, 3, 3, 3, 3, 3, 3, 3, 3, 3, 3, 3, 3, 3, 3, 3, 3, 3, 3, 3, 3, 3, 3, 3, 3, 3, 3, 3, 3, 3, 3, 3, 3, 3, 3, 3, 3, 3, 3, 3, 3, 3, 3, 3, 3, 3, 3, 3, 3, 3, 3, 3, 3, 3, 3, 3, 3, 3, 3, 3, 3, 3, 3, 3, 3, 3, 3, 3, 3, 3, 3, 3, 3, 3, 3, 3, 3, 3, 3, 3, 3, 3, 3, 3, 3, 3, 3, 3, 3, 3, 3, 3, 3, 3, 3, 3, 3, 3, 3, 3, 3, 3, 3, 3, 3, 3, 3, 3, 3, 3, 3, 3, 3, 3, 3, 3, 3, 3, 3, 3, 3, 3, 3, 3, 3, 3, 3, 3, 3, 3, 3, 3, 3, 3, 3, 3, 3, 3, 3, 3, 3, 3, 3, 3, 3, 3, 3, 3, 3, 3, 3, 3, 3, 3, 3, 3, 3, 3, 3, 3, 3, 3, 3, 3, 3, 3, 3, 3, 3, 3, 3, 3, 3, 3, 3, 3, 3, 3, 3, 3, 3, 3, 3, 3, 3, 3, 3, 3, 3, 3, 3, 3, 3, 3, 3, 3, 3, 3, 3, 3, 3, 3, 3, 3, 3, 3, 3, 3, 3, 3, 3, 3, 3, 3, 3, 3, 3, 3, 3, 3, 3, 3, 3, 3, 3, 3, 3, 3, 3, 3, 3, 3, 3, 3, 3, 3, 3, 3, 3, 3, 3, 3, 3, 3, 3, 3, 3, 3, 3, 3, 3, 3, 3, 3, 3, 3, 3, 3, 3, 3, 3, 3, 3, 3, 3, 3, 3, 3, 3, 3, 3, 3, 3, 3, 3, 3, 3, 3, 3, 3, 3, 3, 3, 3, 3, 3, 3, 3, 3, 3, 3, 3, 3, 3, 3, 3, 3, 3, 3, 3, 3, 3, 3, 3, 3, 3, 3, 3, 3, 3, 3, 3, 3, 3, 3, 3, 3, 3, 3, 3, 3, 3, 3, 3, 3, 3, 3, 3, 3, 3, 3, 3, 3, 3, 3, 3, 3, 3, 3, 3, 3, 3, 3, 3, 3, 3, 3, 3, 3, 3, 3, 3, 3, 3, 3, 3, 3, 3, 3, 3, 3, 3, 3, 3, 3, 3, 3, 3, 3, 3, 3, 3, 3, 3, 3, 3, 3, 3, 3, 3, 3, 3, 3, 3, 3, 3, 3, 3, 3, 3, 3, 3, 3, 3, 3, 3, 3, 3, 3, 3, 3, 3, 3, 3, 3, 3, 3, 3, 3, 3, 3, 3, 3, 3, 3, 3, 3, 3, 3, 3, 3, 3, 3, 3, 3, 3, 3, 3, 3, 3, 3, 3, 3, 3, 3, 3, 3, 3, 3, 3, 3, 3, 3, 3, 3, 3, 3, 3, 3, 3, 3, 3, 3, 3, 3, 3, 3, 3, 3, 3, 3, 3, 3, 3, 3, 3, 3, 3, 3, 3, 3, 3, 3, 3, 3, 3, 3, 3, 3, 3, 3, 3, 3, 3, 3, 3, 3, 3, 3, 3, 3, 3, 3, 3, 3, 3, 3, 3, 3, 3, 3, 3, 3, 3, 3, 3, 3, 3, 3, 3, 3, 3, 3, 3, 3, 3, 3, 3, 3, 3, 3, 3, 3, 3, 3, 3, 3, 3, 3, 3, 3, 3, 3, 3, 3, 3, 3, 3, 3, 3, 3, 3, 3, 3, 3, 3, 3, 3, 3, 3, 3, 3, 3, 3, 3, 3, 3, 3, 3, 3, 3, 3, 3, 3, 3, 3, 3, 3, 3, 3, 3, 3, 3, 3, 3, 3, 3, 3, 3, 3, 3, 3, 3, 3, 3, 3, 3, 3, 3, 3, 3, 3, 3, 3, 3, 3, 3, 3, 3, 3, 3, 3, 3, 3, 3, 3, 3, 3, 3, 3, 3, 3, 3, 3, 3, 3, 3, 3, 3, 3, 3, 3, 3, 3, 3, 3, 3, 3, 3, 3, 3, 3, 3, 3, 3, 3, 3, 3, 3, 3, 3, 3, 3, 3, 3, 3, 3, 3, 3, 3, 3, 3, 3, 3, 3, 3, 3, 3, 3, 3, 3, 3, 3, 3, 3, 3, 3, 3, 3, 3, 3, 3, 3, 3, 3, 3, 3, 3, 3, 3, 3, 3, 3]
    int[] faceVertexIndices = [1, 0, 2, 4, 3, 5, 7, 6, 8, 10, 9, 11, 13, 12, 14, 16, 15, 17, 19, 18, 20, 22, 21, 23, 25, 24, 26, 28, 27, 29, 31, 30, 32, 34, 33, 35, 37, 36, 38, 40, 39, 41, 43, 42, 44, 46, 45, 47, 49, 48, 50, 52, 51, 53, 55, 54, 56, 58, 57, 59, 61, 60, 62, 64, 63, 65, 67, 66, 68, 70, 69, 71, 73, 72, 74, 76, 75, 77, 79, 78, 80, 82, 81, 83, 85, 84, 86, 88, 87, 89, 91, 90, 92, 94, 93, 95, 97, 96, 98, 100, 99, 101, 103, 102, 104, 106, 105, 107, 109, 108, 110, 112, 111, 113, 115, 114, 116, 118, 117, 119, 121, 120, 122, 124, 123, 125, 127, 126, 128, 130, 129, 131, 133, 132, 134, 136, 135, 137, 139, 138, 140, 142, 141, 143, 145, 144, 146, 148, 147, 149, 151, 150, 152, 154, 153, 155, 157, 156, 158, 160, 159, 161, 163, 162, 164, 166, 165, 167, 169, 168, 170, 172, 171, 173, 175, 174, 176, 178, 177, 179, 181, 180, 182, 184, 183, 185, 187, 186, 188, 190, 189, 191, 193, 192, 194, 196, 195, 197, 199, 198, 200, 202, 201, 203, 205, 204, 206, 208, 207, 209, 211, 210, 212, 214, 213, 215, 217, 216, 218, 220, 219, 221, 223, 222, 224, 226, 225, 227, 229, 228, 230, 232, 231, 233, 235, 234, 236, 238, 237, 239, 241, 240, 242, 244, 243, 245, 247, 246, 248, 250, 249, 251, 253, 252, 254, 256, 255, 257, 259, 258, 260, 262, 261, 263, 265, 264, 266, 268, 267, 269, 271, 270, 272, 274, 273, 275, 277, 276, 278, 280, 279, 281, 283, 282, 284, 286, 285, 287, 289, 288, 290, 292, 291, 293, 295, 294, 296, 298, 297, 299, 301, 300, 302, 304, 303, 305, 307, 306, 308, 310, 309, 311, 313, 312, 314, 316, 315, 317, 319, 318, 320, 322, 321, 323, 325, 324, 326, 328, 327, 329, 331, 330, 332, 334, 333, 335, 337, 336, 338, 340, 339, 341, 343, 342, 344, 346, 345, 347, 349, 348, 350, 352, 351, 353, 355, 354, 356, 358, 357, 359, 361, 360, 362, 364, 363, 365, 367, 366, 368, 370, 369, 371, 373, 372, 374, 376, 375, 377, 379, 378, 380, 382, 381, 383, 385, 384, 386, 388, 387, 389, 391, 390, 392, 394, 393, 395, 397, 396, 398, 400, 399, 401, 403, 402, 404, 406, 405, 407, 409, 408, 410, 412, 411, 413, 415, 414, 416, 418, 417, 419, 421, 420, 422, 424, 423, 425, 427, 426, 428, 430, 429, 431, 433, 432, 434, 436, 435, 437, 439, 438, 440, 442, 441, 443, 445, 444, 446, 448, 447, 449, 451, 450, 452, 454, 453, 455, 457, 456, 458, 460, 459, 461, 463, 462, 464, 466, 465, 467, 469, 468, 470, 472, 471, 473, 475, 474, 476, 478, 477, 479, 481, 480, 482, 484, 483, 485, 487, 486, 488, 490, 489, 491, 493, 492, 494, 496, 495, 497, 499, 498, 500, 502, 501, 503, 505, 504, 506, 508, 507, 509, 511, 510, 512, 514, 513, 515, 517, 516, 518, 520, 519, 521, 523, 522, 524, 526, 525, 527, 529, 528, 530, 532, 531, 533, 535, 534, 536, 538, 537, 539, 541, 540, 542, 544, 543, 545, 547, 546, 548, 550, 549, 551, 553, 552, 554, 556, 555, 557, 559, 558, 560, 562, 561, 563, 565, 564, 566, 568, 567, 569, 571, 570, 572, 574, 573, 575, 577, 576, 578, 580, 579, 581, 583, 582, 584, 586, 585, 587, 589, 588, 590, 592, 591, 593, 595, 594, 596, 598, 597, 599, 601, 600, 602, 604, 603, 605, 607, 606, 608, 610, 609, 611, 613, 612, 614, 616, 615, 617, 619, 618, 620, 622, 621, 623, 625, 624, 626, 628, 627, 629, 631, 630, 632, 634, 633, 635, 637, 636, 638, 640, 639, 641, 643, 642, 644, 646, 645, 647, 649, 648, 650, 652, 651, 653, 655, 654, 656, 658, 657, 659, 661, 660, 662, 664, 663, 665, 667, 666, 668, 670, 669, 671, 673, 672, 674, 676, 675, 677, 679, 678, 680, 682, 681, 683, 685, 684, 686, 688, 687, 689, 691, 690, 692, 694, 693, 695, 697, 696, 698, 700, 699, 701, 703, 702, 704, 706, 705, 707, 709, 708, 710, 712, 711, 713, 715, 714, 716, 718, 717, 719, 721, 720, 722, 724, 723, 725, 727, 726, 728, 730, 729, 731, 733, 732, 734, 736, 735, 737, 739, 738, 740, 742, 741, 743, 745, 744, 746, 748, 747, 749, 751, 750, 752, 754, 753, 755, 757, 756, 758, 760, 759, 761, 763, 762, 764, 766, 765, 767, 769, 768, 770, 772, 771, 773, 775, 774, 776, 778, 777, 779, 781, 780, 782, 784, 783, 785, 787, 786, 788, 790, 789, 791, 793, 792, 794, 796, 795, 797, 799, 798, 800, 802, 801, 803, 805, 804, 806, 808, 807, 809, 811, 810, 812, 814, 813, 815, 817, 816, 818, 820, 819, 821, 823, 822, 824, 826, 825, 827, 829, 828, 830, 832, 831, 833, 835, 834, 836, 838, 837, 839, 841, 840, 842, 844, 843, 845, 847, 846, 848, 850, 849, 851, 853, 852, 854, 856, 855, 857, 859, 858, 860, 862, 861, 863, 865, 864, 866, 868, 867, 869, 871, 870, 872, 874, 873, 875, 877, 876, 878, 880, 879, 881, 883, 882, 884, 886, 885, 887, 889, 888, 890, 892, 891, 893, 895, 894, 896, 898, 897, 899, 901, 900, 902, 904, 903, 905, 907, 906, 908, 910, 909, 911, 913, 912, 914, 916, 915, 917, 919, 918, 920, 922, 921, 923, 925, 924, 926, 928, 927, 929, 931, 930, 932, 934, 933, 935, 937, 936, 938, 940, 939, 941, 943, 942, 944, 946, 945, 947, 949, 948, 950, 952, 951, 953, 955, 954, 956, 958, 957, 959, 961, 960, 962, 964, 963, 965, 967, 966, 968, 970, 969, 971, 973, 972, 974, 976, 975, 977, 979, 978, 980, 982, 981, 983, 985, 984, 986, 988, 987, 989, 991, 990, 992, 994, 993, 995, 997, 996, 998, 1000, 999, 1001, 1003, 1002, 1004, 1006, 1005, 1007, 1009, 1008, 1010, 1012, 1011, 1013, 1015, 1014, 1016, 1018, 1017, 1019, 1021, 1020, 1022, 1024, 1023, 1025, 1027, 1026, 1028, 1030, 1029, 1031, 1033, 1032, 1034, 1036, 1035, 1037, 1039, 1038, 1040, 1042, 1041, 1043, 1045, 1044, 1046, 1048, 1047, 1049, 1051, 1050, 1052, 1054, 1053, 1055, 1057, 1056, 1058, 1060, 1059, 1061, 1063, 1062, 1064, 1066, 1065, 1067, 1069, 1068, 1070, 1072, 1071, 1073, 1075, 1074, 1076, 1078, 1077, 1079, 1081, 1080, 1082, 1084, 1083, 1085, 1087, 1086, 1088, 1090, 1089, 1091, 1093, 1092, 1094, 1096, 1095, 1097, 1099, 1098, 1100, 1102, 1101, 1103, 1105, 1104, 1106, 1108, 1107, 1109, 1111, 1110, 1112, 1114, 1113, 1115, 1117, 1116, 1118, 1120, 1119, 1121, 1123, 1122, 1124, 1126, 1125, 1127, 1129, 1128, 1130, 1132, 1131, 1133, 1135, 1134, 1136, 1138, 1137, 1139, 1141, 1140, 1142, 1144, 1143, 1145, 1147, 1146, 1148, 1150, 1149, 1151, 1153, 1152, 1154, 1156, 1155, 1157, 1159, 1158, 1160, 1162, 1161, 1163, 1165, 1164, 1166, 1168, 1167, 1169, 1171, 1170, 1172, 1174, 1173, 1175, 1177, 1176, 1178, 1180, 1179, 1181, 1183, 1182, 1184, 1186, 1185, 1187, 1189, 1188, 1190, 1192, 1191, 1193, 1195, 1194, 1196, 1198, 1197, 1199, 1201, 1200, 1202, 1204, 1203, 1205, 1207, 1206, 1208, 1210, 1209, 1211, 1213, 1212, 1214, 1216, 1215, 1217, 1219, 1218, 1220, 1222, 1221, 1223, 1225, 1224, 1226, 1228, 1227, 1229, 1231, 1230, 1232, 1234, 1233, 1235, 1237, 1236, 1238, 1240, 1239, 1241, 1243, 1242, 1244, 1246, 1245, 1247, 1249, 1248, 1250, 1252, 1251, 1253, 1255, 1254, 1256, 1258, 1257, 1259, 1261, 1260, 1262, 1264, 1263, 1265, 1267, 1266, 1268, 1270, 1269, 1271, 1273, 1272, 1274, 1276, 1275, 1277, 1279, 1278, 1280, 1282, 1281, 1283, 1285, 1284, 1286, 1288, 1287, 1289, 1291, 1290, 1292, 1294, 1293, 1295, 1297, 1296, 1298, 1300, 1299, 1301, 1303, 1302, 1304, 1306, 1305, 1307, 1309, 1308, 1310, 1312, 1311, 1313, 1315, 1314, 1316, 1318, 1317, 1319, 1321, 1320, 1322, 1324, 1323, 1325, 1327, 1326, 1328, 1330, 1329, 1331, 1333, 1332, 1334, 1336, 1335, 1337, 1339, 1338, 1340, 1342, 1341, 1343, 1345, 1344, 1346, 1348, 1347, 1349, 1351, 1350, 1352, 1354, 1353, 1355, 1357, 1356, 1358, 1360, 1359, 1361, 1363, 1362, 1364, 1366, 1365, 1367, 1369, 1368, 1370, 1372, 1371, 1373, 1375, 1374, 1376, 1378, 1377, 1379, 1381, 1380, 1382, 1384, 1383, 1385, 1387, 1386, 1388, 1390, 1389, 1391, 1393, 1392, 1394, 1396, 1395, 1397, 1399, 1398, 1400, 1402, 1401, 1403, 1405, 1404, 1406, 1408, 1407, 1409, 1411, 1410, 1412, 1414, 1413, 1415, 1417, 1416, 1418, 1420, 1419, 1421, 1423, 1422, 1424, 1426, 1425, 1427, 1429, 1428, 1430, 1432, 1431, 1433, 1435, 1434, 1436, 1438, 1437, 1439, 1441, 1440, 1442, 1444, 1443, 1445, 1447, 1446, 1448, 1450, 1449, 1451, 1453, 1452, 1454, 1456, 1455, 1457, 1459, 1458, 1460, 1462, 1461, 1463, 1465, 1464, 1466, 1468, 1467, 1469, 1471, 1470, 1472, 1474, 1473, 1475, 1477, 1476, 1478, 1480, 1479, 1481, 1483, 1482, 1484, 1486, 1485, 1487, 1489, 1488, 1490, 1492, 1491, 1493, 1495, 1494, 1496, 1498, 1497, 1499, 1501, 1500, 1502, 1504, 1503, 1505, 1507, 1506, 1508, 1510, 1509, 1511, 1513, 1512, 1514, 1516, 1515, 1517, 1519, 1518, 1520, 1522, 1521, 1523, 1525, 1524, 1526, 1528, 1527, 1529, 1531, 1530, 1532, 1534, 1533, 1535, 1537, 1536, 1538, 1540, 1539, 1541, 1543, 1542, 1544, 1546, 1545, 1547, 1549, 1548, 1550, 1552, 1551, 1553, 1555, 1554, 1556, 1558, 1557, 1559, 1561, 1560, 1562, 1564, 1563, 1565, 1567, 1566, 1568, 1570, 1569, 1571, 1573, 1572, 1574, 1576, 1575, 1577, 1579, 1578, 1580, 1582, 1581, 1583, 1585, 1584, 1586, 1588, 1587, 1589, 1591, 1590, 1592, 1594, 1593, 1595, 1597, 1596, 1598, 1600, 1599, 1601, 1603, 1602, 1604, 1606, 1605, 1607, 1609, 1608, 1610, 1612, 1611, 1613, 1615, 1614, 1616, 1618, 1617, 1619, 1621, 1620, 1622, 1624, 1623, 1625, 1627, 1626, 1628, 1630, 1629, 1631, 1633, 1632, 1634, 1636, 1635, 1637, 1639, 1638, 1640, 1642, 1641, 1643, 1645, 1644, 1646, 1648, 1647, 1649, 1651, 1650, 1652, 1654, 1653, 1655, 1657, 1656, 1658, 1660, 1659, 1661, 1663, 1662, 1664, 1666, 1665, 1667, 1669, 1668, 1670, 1672, 1671, 1673, 1675, 1674, 1676, 1678, 1677, 1679, 1681, 1680, 1682, 1684, 1683, 1685, 1687, 1686, 1688, 1690, 1689, 1691, 1693, 1692, 1694, 1696, 1695, 1697, 1699, 1698, 1700, 1702, 1701, 1703, 1705, 1704, 1706, 1708, 1707, 1709, 1711, 1710, 1712, 1714, 1713, 1715, 1717, 1716, 1718, 1720, 1719, 1721, 1723, 1722, 1724, 1726, 1725, 1727, 1729, 1728, 1730, 1732, 1731, 1733, 1735, 1734, 1736, 1738, 1737, 1739, 1741, 1740, 1742, 1744, 1743, 1745, 1747, 1746, 1748, 1750, 1749, 1751, 1753, 1752, 1754, 1756, 1755, 1757, 1759, 1758, 1760, 1762, 1761, 1763, 1765, 1764, 1766, 1768, 1767, 1769, 1771, 1770, 1772, 1774, 1773, 1775, 1777, 1776, 1778, 1780, 1779, 1781, 1783, 1782, 1784, 1786, 1785, 1787, 1789, 1788, 1790, 1792, 1791, 1793, 1795, 1794, 1796, 1798, 1797, 1799, 1801, 1800, 1802, 1804, 1803, 1805, 1807, 1806, 1808, 1810, 1809, 1811, 1813, 1812, 1814, 1816, 1815, 1817, 1819, 1818, 1820, 1822, 1821, 1823, 1825, 1824, 1826, 1828, 1827, 1829, 1831, 1830, 1832, 1834, 1833, 1835, 1837, 1836, 1838, 1840, 1839, 1841, 1843, 1842, 1844, 1846, 1845, 1847, 1849, 1848, 1850, 1852, 1851, 1853, 1855, 1854, 1856, 1858, 1857, 1859, 1861, 1860, 1862, 1864, 1863, 1865, 1867, 1866, 1868, 1870, 1869, 1871, 1873, 1872, 1874, 1876, 1875, 1877, 1879, 1878, 1880, 1882, 1881, 1883, 1885, 1884, 1886, 1888, 1887, 1889, 1891, 1890, 1892, 1894, 1893, 1895, 1897, 1896, 1898, 1900, 1899, 1901, 1903, 1902, 1904, 1906, 1905, 1907, 1909, 1908, 1910, 1912, 1911, 1913, 1915, 1914, 1916, 1918, 1917, 1919, 1921, 1920, 1922, 1924, 1923, 1925, 1927, 1926, 1928, 1930, 1929, 1931, 1933, 1932, 1934, 1936, 1935, 1937, 1939, 1938, 1940, 1942, 1941, 1943, 1945, 1944, 1946, 1948, 1947, 1949, 1951, 1950, 1952, 1954, 1953, 1955, 1957, 1956, 1958, 1960, 1959, 1961, 1963, 1962, 1964, 1966, 1965, 1967, 1969, 1968, 1970, 1972, 1971, 1973, 1975, 1974, 1976, 1978, 1977, 1979, 1981, 1980, 1982, 1984, 1983, 1985, 1987, 1986, 1988, 1990, 1989, 1991, 1993, 1992, 1994, 1996, 1995, 1997, 1999, 1998, 2000, 2002, 2001, 2003, 2005, 2004, 2006, 2008, 2007, 2009, 2011, 2010, 2012, 2014, 2013, 2015, 2017, 2016, 2018, 2020, 2019, 2021, 2023, 2022, 2024, 2026, 2025, 2027, 2029, 2028, 2030, 2032, 2031, 2033, 2035, 2034, 2036, 2038, 2037, 2039, 2041, 2040, 2042, 2044, 2043, 2045, 2047, 2046, 2048, 2050, 2049, 2051, 2053, 2052, 2054, 2056, 2055, 2057, 2059, 2058, 2060, 2062, 2061, 2063, 2065, 2064, 2066, 2068, 2067, 2069, 2071, 2070, 2072, 2074, 2073, 2075, 2077, 2076, 2078, 2080, 2079, 2081, 2083, 2082, 2084, 2086, 2085, 2087, 2089, 2088, 2090, 2092, 2091, 2093, 2095, 2094, 2096, 2098, 2097, 2099, 2101, 2100, 2102, 2104, 2103, 2105, 2107, 2106, 2108, 2110, 2109, 2111, 2113, 2112, 2110, 2110, 2112, 2114, 2115, 2114, 2112, 2116, 2114, 2115, 2118, 2117, 2119, 2121, 2120, 2122, 2124, 2123, 2125, 2127, 2126, 2128, 2130, 2129, 2131, 2133, 2132, 2134, 2136, 2135, 2137, 2139, 2138, 2140, 2142, 2141, 2143, 2145, 2144, 2146, 2148, 2147, 2149, 2151, 2150, 2152, 2154, 2153, 2155, 2157, 2156, 2158, 2160, 2159, 2161, 2163, 2162, 2164, 2166, 2165, 2167, 2169, 2168, 2170, 2172, 2171, 2173, 2175, 2174, 2176, 2178, 2177, 2179, 2181, 2180, 2182, 2184, 2183, 2185, 2187, 2186, 2188, 2190, 2189, 2191, 2193, 2192, 2194, 2196, 2195, 2197, 2199, 2198, 2200, 2202, 2201, 2203, 2205, 2204, 2206, 2208, 2207, 2209, 2211, 2210, 2212, 2214, 2213, 2215, 2217, 2216, 2218, 2220, 2219, 2221, 2223, 2222, 2224, 2226, 2225, 2227, 2226, 2228, 2229, 2229, 2228, 2230, 2232, 2231, 2233, 2235, 2234, 2236, 2238, 2237, 2239, 2241, 2240, 2242, 2244, 2243, 2245, 2247, 2246, 2248, 2250, 2249, 2251, 2253, 2252, 2254, 2256, 2255, 2257, 2259, 2258, 2260, 2262, 2261, 2263, 2265, 2264, 2266, 2268, 2267, 2269, 2271, 2270, 2272, 2274, 2273, 2275, 2277, 2276, 2278, 2280, 2279, 2281, 2283, 2282, 2284, 2286, 2285, 2287, 2289, 2288, 2290, 2292, 2291, 2293, 2295, 2294, 2296, 2298, 2297, 2299, 2301, 2300, 2302, 2304, 2303, 2305, 2307, 2306, 2308, 2310, 2309, 2311, 2313, 2312, 2314, 2316, 2315, 2317, 2319, 2318, 2320, 2322, 2321, 2323, 2325, 2324, 2321, 2326, 2324, 2325, 2328, 2327, 2329, 2331, 2330, 2332, 2334, 2333, 2335, 2337, 2336, 2338, 2340, 2339, 2341, 2343, 2342, 2344, 2346, 2345, 2347, 2349, 2348, 2350, 2352, 2351, 2353, 2355, 2354, 2356, 2358, 2357, 2359, 2361, 2360, 2362, 2364, 2363, 2365, 2367, 2366, 2368, 2370, 2369, 2371, 2373, 2372, 2374, 2376, 2375, 2377, 2379, 2378, 2380, 2382, 2381, 2383, 2385, 2384, 2386, 2388, 2387, 2389, 2391, 2390, 2392, 2394, 2393, 2395, 2397, 2396, 2398, 2400, 2399, 2401, 2403, 2402, 2404, 2406, 2405, 2407, 2409, 2408, 2410, 2412, 2411, 2413, 2415, 2414, 2416, 2418, 2417, 2419, 2421, 2420, 2422, 2424, 2423, 2425, 2427, 2426, 2428, 2430, 2429, 2431, 2433, 2432, 2434, 2436, 2435, 2437, 2439, 2438, 2440, 2442, 2441, 2443, 2445, 2444, 2446, 2448, 2447, 2449, 2451, 2450, 2452, 2454, 2453, 2455, 2457, 2456, 2458, 2460, 2459, 2461, 2463, 2462, 2464, 2466, 2465, 2467, 2469, 2468, 2470, 2472, 2471, 2473, 2475, 2474, 2476, 2478, 2477, 2479, 2481, 2480, 2482, 2484, 2483, 2485, 2487, 2486, 2488, 2490, 2489, 2491, 2493, 2492, 2494, 2496, 2495, 2497, 2499, 2498, 2500, 2502, 2501, 2503, 2505, 2504, 2506, 2508, 2507, 2509, 2511, 2510, 2512, 2514, 2513, 2515, 2517, 2516, 2518, 2520, 2519, 2521, 2523, 2522, 2524, 2526, 2525, 2527, 2529, 2528, 2530, 2532, 2531, 2533, 2535, 2534, 2536, 2538, 2537, 2539, 2541, 2540, 2542, 2544, 2543, 2545, 2547, 2546, 2548, 2550, 2549, 2551, 2553, 2552, 2554, 2556, 2555, 2557, 2559, 2558, 2560, 2562, 2561, 2563, 2565, 2564, 2566, 2568, 2567, 2569, 2571, 2570, 2572, 2574, 2573, 2575, 2577, 2576, 2578, 2580, 2579, 2581, 2583, 2582, 2584, 2586, 2585, 2587, 2589, 2588, 2590, 2592, 2591, 2593, 2595, 2594, 2596, 2598, 2597, 2599, 2601, 2600, 2602, 2604, 2603, 2605, 2607, 2606, 2608, 2610, 2609, 2611, 2613, 2612, 2614, 2616, 2615, 2617, 2619, 2618, 2620, 2622, 2621, 2623, 2625, 2624, 2626, 2628, 2627, 2629, 2631, 2630, 2632, 2634, 2633, 2635, 2637, 2636, 2638, 2640, 2639, 2641, 2643, 2642, 2644, 2646, 2645, 2647, 2649, 2648, 2650, 2652, 2651, 2653, 2655, 2654, 2656, 2658, 2657, 2659, 2661, 2660, 2662, 2664, 2663, 2665, 2667, 2666, 2668, 2670, 2669, 2671, 2673, 2672, 2674, 2676, 2675, 2677, 2679, 2678, 2680, 2682, 2681, 2683, 2685, 2684, 2686, 2688, 2687, 2689, 2691, 2690, 2692, 2694, 2693, 2695, 2697, 2696, 2698, 2700, 2699, 2701, 2703, 2702, 2704, 2706, 2705, 2707, 2709, 2708, 2710, 2712, 2711, 2713, 2715, 2714, 2716, 2718, 2717, 2719, 2721, 2720, 2722, 2724, 2723, 2725, 2727, 2726, 2728, 2730, 2729, 2731, 2733, 2732, 2734, 2736, 2735, 2737, 2739, 2738, 2740, 2742, 2741, 2743, 2745, 2744, 2746, 2748, 2747, 2749, 2751, 2750, 2752, 2754, 2753, 2755, 2757, 2756, 2758, 2760, 2759, 2761, 2763, 2762, 2764, 2766, 2765, 2767, 2769, 2768, 2770, 2772, 2771, 2773, 2775, 2774, 2776, 2778, 2777, 2779, 2781, 2780, 2782, 2784, 2783, 2785, 2787, 2786, 2788, 2790, 2789, 2791, 2793, 2792, 2794, 2796, 2795, 2797, 2799, 2798, 2800, 2802, 2801, 2803, 2805, 2804, 2806, 2808, 2807, 2809, 2811, 2810, 2812, 2814, 2813, 2815, 2817, 2816, 2818, 2820, 2819, 2821, 2823, 2822, 2824, 2826, 2825, 2827, 2829, 2828, 2830, 2832, 2831, 2833, 2835, 2834, 2836, 2838, 2837, 2839, 2841, 2840, 2842, 2844, 2843, 2845, 2847, 2846, 2848, 2850, 2849, 2851, 2853, 2852, 2854, 2856, 2855, 2857, 2859, 2858, 2860, 2862, 2861, 2863, 2865, 2864, 2866, 2868, 2867, 2869, 2871, 2870, 2872, 2874, 2873, 2875, 2877, 2876, 2878, 2880, 2879, 2881, 2883, 2882, 2884, 2886, 2885, 2887, 2889, 2888, 2890, 2892, 2891, 2893, 2895, 2894, 2896, 2898, 2897, 2899, 2901, 2900, 2902, 2904, 2903, 2905, 2907, 2906, 2908, 2910, 2909, 2911, 2913, 2912, 2914, 2916, 2915, 2917, 2919, 2918, 2920, 2922, 2921, 2923, 2925, 2924, 2926, 2928, 2927, 2929, 2931, 2930, 2932, 2934, 2933, 2935, 2937, 2936, 2938, 2940, 2939, 2941, 2943, 2942, 2944, 2946, 2945, 2947, 2949, 2948, 2950, 2952, 2951, 2953, 2955, 2954, 2956, 2958, 2957, 2959, 2961, 2960, 2962, 2964, 2963, 2965, 2967, 2966, 2968, 2970, 2969, 2971, 2973, 2972, 2974, 2976, 2975, 2977, 2979, 2978, 2980, 2982, 2981, 2983, 2985, 2984, 2986, 2988, 2987, 2989, 2991, 2990, 2992, 2994, 2993, 2995, 2997, 2996, 2998, 3000, 2999, 3001, 3003, 3002, 3004, 3006, 3005, 3007, 3009, 3008, 3010, 3012, 3011, 3013, 3015, 3014, 3016, 3018, 3017, 3019, 3021, 3020, 3022, 3024, 3023, 3025, 3027, 3026, 3028, 3030, 3029, 3031, 3033, 3032, 3034, 3036, 3035, 3037, 3039, 3038, 3040, 3042, 3041, 3043, 3045, 3044, 3046, 3048, 3047, 3049, 3051, 3050, 3052, 3054, 3053, 3055, 3057, 3056, 3058, 3060, 3059, 3061, 3063, 3062, 3064, 3066, 3065, 3067, 3069, 3068, 3070, 3072, 3071, 3073, 3075, 3074, 3076, 3078, 3077, 3079, 3081, 3080, 3082, 3084, 3083, 3085, 3087, 3086, 3088, 3090, 3089, 3091, 3093, 3092, 3094, 3096, 3095, 3097, 3099, 3098, 3100, 3102, 3101, 3103, 3105, 3104, 3106, 3108, 3107, 3109, 3111, 3110, 3112, 3114, 3113, 3115, 3117, 3116, 3118, 3120, 3119, 3121, 3123, 3122, 3124, 3126, 3125, 3127, 3129, 3128, 3130, 3132, 3131, 3133, 3135, 3134, 3136, 3138, 3137, 3139, 3141, 3140, 3142, 3144, 3143, 3145, 3147, 3146, 3148, 3150, 3149, 3151, 3153, 3152, 3154, 3156, 3155, 3157, 3159, 3158, 3160, 3162, 3161, 3163, 3165, 3164, 3166, 3168, 3167, 3169, 3171, 3170, 3172, 3174, 3173, 3175, 3177, 3176, 3178, 3180, 3179, 3181, 3183, 3182, 3184, 3186, 3185, 3187, 3189, 3188, 3190, 3192, 3191, 3193, 3195, 3194, 3196, 3198, 3197, 3199, 3201, 3200, 3202, 3204, 3203, 3205, 3207, 3206, 3208, 3210, 3209, 3211, 3213, 3212, 3214, 3216, 3215, 3217, 3219, 3218, 3220, 3222, 3221, 3223, 3225, 3224, 3226, 3226, 3224, 3227, 3229, 3228, 3230, 3228, 3231, 3230, 3233, 3232, 3234, 3233, 3234, 3235, 3237, 3236, 3238, 3238, 3236, 3239, 3241, 3240, 3242, 3241, 3242, 3243, 3245, 3244, 3246, 3245, 3246, 3247, 3249, 3248, 3250, 3250, 3248, 3251, 3253, 3252, 3254, 3254, 3252, 3255, 3257, 3256, 3258, 3258, 3256, 3259, 3261, 3260, 3262, 3262, 3260, 3263, 3265, 3264, 3266, 3266, 3264, 3267, 3269, 3268, 3270, 3270, 3268, 3271, 3273, 3272, 3274, 3274, 3272, 3275, 3277, 3276, 3278, 3278, 3276, 3279, 3281, 3280, 3282, 3283, 3282, 3280, 3284, 3283, 3280, 3285, 3283, 3284, 3286, 3285, 3284, 3287, 3285, 3286, 3289, 3288, 3290, 3290, 3288, 3291, 3293, 3292, 3294, 3294, 3292, 3295, 3297, 3296, 3298, 3298, 3296, 3299, 3300, 3299, 3301, 3301, 3299, 3302, 3304, 3303, 3305, 3305, 3303, 3306, 3308, 3307, 3309, 3309, 3307, 3310, 3312, 3311, 3313, 3313, 3311, 3314, 3316, 3315, 3317, 3317, 3315, 3318, 3320, 3319, 3321, 3322, 3319, 3320, 3323, 3322, 3320, 3325, 3324, 3326, 3326, 3324, 3327, 3329, 3328, 3330, 3330, 3328, 3331, 3333, 3332, 3334, 3334, 3332, 3335, 3337, 3336, 3338, 3338, 3336, 3339, 3341, 3340, 3342, 3342, 3343, 3341, 3341, 3343, 3344, 3346, 3345, 3347, 3347, 3345, 3348, 3350, 3349, 3351, 3351, 3349, 3352, 3354, 3353, 3355, 3355, 3353, 3356, 3358, 3357, 3359, 3359, 3357, 3360, 3362, 3361, 3363, 3363, 3361, 3364, 3366, 3365, 3367, 3367, 3365, 3368, 3370, 3369, 3371, 3371, 3369, 3372, 3374, 3373, 3375, 3375, 3373, 3376, 3378, 3377, 3379, 3379, 3377, 3380, 3382, 3381, 3383, 3383, 3381, 3384, 3386, 3385, 3387, 3387, 3385, 3388, 3390, 3389, 3391, 3391, 3389, 3392, 3394, 3393, 3395, 3395, 3393, 3396, 3398, 3397, 3399, 3399, 3397, 3400, 3402, 3401, 3403, 3403, 3401, 3404, 3406, 3405, 3407, 3407, 3405, 3408, 3410, 3409, 3411, 3411, 3409, 3412, 3409, 3413, 3412, 3412, 3413, 3414, 3416, 3415, 3417, 3417, 3415, 3418, 3420, 3419, 3421, 3421, 3419, 3422, 3424, 3423, 3425, 3425, 3423, 3426, 3428, 3427, 3429, 3429, 3427, 3430, 3432, 3431, 3433, 3433, 3431, 3434, 3436, 3435, 3437, 3437, 3435, 3438, 3440, 3439, 3441, 3442, 3441, 3439, 3443, 3441, 3442, 3445, 3444, 3446, 3446, 3444, 3447, 3449, 3448, 3450, 3450, 3448, 3451, 3453, 3452, 3454, 3454, 3452, 3455, 3457, 3456, 3458, 3458, 3456, 3459, 3461, 3460, 3462, 3462, 3460, 3463, 3465, 3464, 3466, 3466, 3464, 3467, 3469, 3468, 3470, 3470, 3468, 3471, 3473, 3472, 3474, 3474, 3472, 3475, 3477, 3476, 3478, 3478, 3476, 3479, 3481, 3480, 3482, 3482, 3480, 3483, 3485, 3484, 3486, 3486, 3484, 3487, 3489, 3488, 3490, 3490, 3488, 3491, 3493, 3492, 3494, 3494, 3492, 3495, 3497, 3496, 3498, 3498, 3496, 3499, 3501, 3500, 3502, 3502, 3500, 3503, 3505, 3504, 3506, 3506, 3504, 3507, 3509, 3508, 3510, 3510, 3508, 3511, 3513, 3512, 3514, 3514, 3512, 3515, 3517, 3516, 3518, 3518, 3516, 3519, 3521, 3520, 3522, 3522, 3520, 3523, 3525, 3524, 3526, 3526, 3524, 3527, 3529, 3528, 3530, 3530, 3528, 3531, 3533, 3532, 3534, 3534, 3532, 3535, 3537, 3536, 3538, 3538, 3536, 3539, 3541, 3540, 3542, 3542, 3540, 3543, 3545, 3544, 3546, 3547, 3546, 3544, 3548, 3547, 3544, 3549, 3547, 3548, 3551, 3550, 3552, 3552, 3550, 3553, 3555, 3554, 3556, 3556, 3554, 3557, 3559, 3558, 3560, 3560, 3558, 3561, 3563, 3562, 3564, 3564, 3562, 3565, 3567, 3566, 3568, 3568, 3566, 3569, 3571, 3570, 3572, 3572, 3570, 3573, 3575, 3574, 3576, 3576, 3574, 3577, 3579, 3578, 3580, 3580, 3578, 3581, 3583, 3582, 3584, 3584, 3582, 3585, 3587, 3586, 3588, 3588, 3586, 3589, 3591, 3590, 3592, 3592, 3590, 3593, 3595, 3594, 3596, 3596, 3594, 3597, 3599, 3598, 3600, 3600, 3598, 3601, 3603, 3602, 3604, 3604, 3602, 3605, 3607, 3606, 3608, 3608, 3606, 3609, 3611, 3610, 3612, 3612, 3610, 3613, 3615, 3614, 3616, 3616, 3614, 3617, 3619, 3618, 3620, 3620, 3618, 3621, 3623, 3622, 3624, 3624, 3622, 3625, 3627, 3626, 3628, 3628, 3626, 3629, 3631, 3630, 3632, 3632, 3630, 3633, 3635, 3634, 3636, 3636, 3634, 3637, 3639, 3638, 3636, 3640, 3638, 3639, 3642, 3641, 3643, 3643, 3641, 3644, 3646, 3645, 3647, 3647, 3645, 3648, 3650, 3649, 3651, 3651, 3649, 3652, 3654, 3653, 3655, 3655, 3653, 3656, 3658, 3657, 3659, 3659, 3657, 3660, 3662, 3661, 3663, 3664, 3661, 3662, 3665, 3664, 3662, 3666, 3664, 3665, 3668, 3667, 3669, 3669, 3667, 3670, 3672, 3671, 3673, 3671, 3672, 3674, 3674, 3672, 3675, 3677, 3676, 3678, 3678, 3676, 3679, 3681, 3680, 3682, 3683, 3680, 3681, 3684, 3683, 3681, 3686, 3685, 3687, 3687, 3685, 3688, 3690, 3689, 3691, 3691, 3689, 3692, 3694, 3693, 3695, 3695, 3693, 3696, 3698, 3697, 3699, 3699, 3697, 3700, 3702, 3701, 3703, 3703, 3701, 3704, 3706, 3705, 3707, 3707, 3705, 3708, 3710, 3709, 3711, 3711, 3709, 3712, 3714, 3713, 3715, 3715, 3713, 3716, 3718, 3717, 3719, 3720, 3717, 3718, 3718, 3721, 3720, 3720, 3721, 3722, 3724, 3723, 3725, 3725, 3723, 3726, 3728, 3727, 3729, 3729, 3727, 3730, 3732, 3731, 3733, 3733, 3731, 3734, 3736, 3735, 3737, 3737, 3735, 3738, 3740, 3739, 3741, 3741, 3739, 3742, 3744, 3743, 3745, 3745, 3743, 3746, 3748, 3747, 3749, 3749, 3747, 3750, 3752, 3751, 3753, 3753, 3751, 3754, 3756, 3755, 3757, 3757, 3755, 3758, 3760, 3759, 3761, 3761, 3759, 3762, 3764, 3763, 3765, 3766, 3763, 3764, 3764, 3767, 3766, 3769, 3768, 3770, 3771, 3770, 3768, 3773, 3772, 3774, 3774, 3772, 3775, 3777, 3776, 3778, 3778, 3776, 3779, 3781, 3780, 3782, 3782, 3780, 3783, 3785, 3784, 3786, 3786, 3784, 3787, 3789, 3788, 3790, 3790, 3788, 3791, 3793, 3792, 3794, 3794, 3795, 3793, 3793, 3795, 3796, 3798, 3797, 3799, 3799, 3797, 3800, 3801, 3800, 3797, 3802, 3800, 3801, 3804, 3803, 3805, 3805, 3803, 3806, 3808, 3807, 3809, 3809, 3807, 3810, 3812, 3811, 3813, 3813, 3811, 3814, 3816, 3815, 3817, 3817, 3815, 3818, 3820, 3819, 3821, 3821, 3819, 3822, 3824, 3823, 3825, 3825, 3823, 3826, 3828, 3827, 3829, 3829, 3827, 3830, 3832, 3831, 3833, 3833, 3831, 3834, 3836, 3835, 3837, 3837, 3835, 3838, 3840, 3839, 3841, 3841, 3839, 3842, 3844, 3843, 3845, 3845, 3843, 3846, 3848, 3847, 3849, 3850, 3848, 3849, 3852, 3851, 3853, 3851, 3854, 3853, 3856, 3855, 3857, 3857, 3855, 3858, 3860, 3859, 3861, 3861, 3859, 3862, 3864, 3863, 3865, 3865, 3863, 3866, 3868, 3867, 3869, 3868, 3869, 3870, 3872, 3871, 3873, 3873, 3871, 3874, 3876, 3875, 3877, 3877, 3875, 3878, 3880, 3879, 3881, 3881, 3879, 3882, 3884, 3883, 3885, 3885, 3883, 3886, 3888, 3887, 3889, 3889, 3887, 3890, 3892, 3891, 3893, 3893, 3891, 3894, 3896, 3895, 3897, 3897, 3895, 3898, 3900, 3899, 3901, 3901, 3899, 3902, 3904, 3903, 3905, 3905, 3903, 3906, 3908, 3907, 3909, 3909, 3907, 3910, 3912, 3911, 3913, 3913, 3911, 3914, 3916, 3915, 3917, 3917, 3915, 3918, 3920, 3919, 3921, 3921, 3919, 3922, 3924, 3923, 3925, 3925, 3923, 3926, 3928, 3927, 3929, 3929, 3927, 3930, 3932, 3931, 3933, 3933, 3931, 3934, 3936, 3935, 3937, 3937, 3935, 3938, 3940, 3939, 3941, 3941, 3939, 3942, 3944, 3943, 3945, 3945, 3943, 3946, 3948, 3947, 3949, 3949, 3947, 3950, 3952, 3951, 3953, 3953, 3951, 3954, 3956, 3955, 3957, 3958, 3956, 3957, 3960, 3959, 3961, 3961, 3959, 3962, 3964, 3963, 3965, 3965, 3963, 3966, 3968, 3967, 3969, 3969, 3967, 3970, 3972, 3971, 3973, 3973, 3971, 3974, 3976, 3975, 3977, 3977, 3975, 3978, 3980, 3979, 3981, 3981, 3979, 3982, 3984, 3983, 3985, 3985, 3983, 3986, 3988, 3987, 3989, 3989, 3987, 3990, 3992, 3991, 3993, 3993, 3991, 3994, 3996, 3995, 3997, 3997, 3995, 3998, 4000, 3999, 4001, 4001, 3999, 4002, 4004, 4003, 4005, 4005, 4003, 4006, 4008, 4007, 4009, 4009, 4007, 4010, 4012, 4011, 4013, 4013, 4011, 4014, 4016, 4015, 4017, 4017, 4015, 4018, 4020, 4019, 4021, 4021, 4019, 4022, 4024, 4023, 4025, 4025, 4023, 4026, 4028, 4027, 4029, 4029, 4027, 4030, 4032, 4031, 4033, 4033, 4031, 4034, 4036, 4035, 4037, 4037, 4035, 4038, 4040, 4039, 4041, 4041, 4039, 4042, 4044, 4043, 4045, 4045, 4043, 4046, 4048, 4047, 4049, 4049, 4047, 4050, 4052, 4051, 4053, 4053, 4051, 4054, 4056, 4055, 4057, 4057, 4055, 4058, 4060, 4059, 4061, 4061, 4059, 4062, 4064, 4063, 4065, 4065, 4063, 4066, 4068, 4067, 4069, 4069, 4067, 4070, 4072, 4071, 4073, 4073, 4071, 4074, 4076, 4075, 4077, 4077, 4075, 4078, 4080, 4079, 4081, 4081, 4079, 4082, 4084, 4083, 4085, 4085, 4083, 4086, 4088, 4087, 4089, 4089, 4087, 4090, 4092, 4091, 4093, 4093, 4091, 4094, 4096, 4095, 4097, 4097, 4095, 4098, 4100, 4099, 4101, 4101, 4099, 4102, 4104, 4103, 4105, 4105, 4103, 4106, 4108, 4107, 4109, 4109, 4107, 4110, 4112, 4111, 4113, 4113, 4111, 4114, 4116, 4115, 4117, 4117, 4115, 4118, 4120, 4119, 4121, 4121, 4119, 4122, 4124, 4123, 4125, 4125, 4123, 4126, 4128, 4127, 4129, 4129, 4127, 4130, 4132, 4131, 4133, 4133, 4131, 4134, 4136, 4135, 4137, 4137, 4135, 4138, 4140, 4139, 4141, 4141, 4139, 4142, 4144, 4143, 4145, 4145, 4143, 4146, 4148, 4147, 4149, 4149, 4147, 4150, 4152, 4151, 4153, 4153, 4151, 4154, 4156, 4155, 4157, 4157, 4155, 4158, 4160, 4159, 4161, 4161, 4159, 4162, 4164, 4163, 4165, 4165, 4163, 4166, 4168, 4167, 4169, 4169, 4167, 4170, 4172, 4171, 4173, 4173, 4171, 4174, 4176, 4175, 4177, 4177, 4175, 4178, 4180, 4179, 4181, 4181, 4179, 4182, 4184, 4183, 4185, 4185, 4183, 4186, 4188, 4187, 4189, 4189, 4187, 4190, 4192, 4191, 4193, 4193, 4191, 4194, 4196, 4195, 4197, 4197, 4195, 4198, 4200, 4199, 4201, 4201, 4199, 4202, 4204, 4203, 4205, 4205, 4203, 4206, 4208, 4207, 4209, 4209, 4207, 4210, 4212, 4211, 4213, 4213, 4211, 4214, 4216, 4215, 4217, 4217, 4215, 4218, 4220, 4219, 4221, 4221, 4219, 4222, 4224, 4223, 4225, 4225, 4223, 4226, 4228, 4227, 4229, 4229, 4227, 4230, 4232, 4231, 4233, 4233, 4231, 4234, 4236, 4235, 4237, 4237, 4235, 4238, 4240, 4239, 4241, 4241, 4239, 4242, 4244, 4243, 4245, 4245, 4243, 4246, 4248, 4247, 4249, 4249, 4247, 4250, 4252, 4251, 4253, 4253, 4251, 4254, 4256, 4255, 4257, 4257, 4255, 4258, 4260, 4259, 4261, 4261, 4259, 4262, 4264, 4263, 4265, 4265, 4263, 4266, 4268, 4267, 4269, 4269, 4267, 4270, 4272, 4271, 4273, 4273, 4271, 4274, 4276, 4275, 4277, 4277, 4275, 4278, 4280, 4279, 4281, 4281, 4279, 4282, 4284, 4283, 4285, 4286, 4283, 4284, 4287, 4286, 4284, 4289, 4288, 4290, 4291, 4288, 4289, 4293, 4292, 4294, 4294, 4292, 4295, 4297, 4296, 4298, 4298, 4296, 4299, 4301, 4300, 4302, 4302, 4300, 4303, 4305, 4304, 4306, 4306, 4304, 4307, 4309, 4308, 4310, 4310, 4308, 4311, 4313, 4312, 4314, 4314, 4312, 4315, 4317, 4316, 4318, 4318, 4316, 4319, 4321, 4320, 4322, 4322, 4320, 4323, 4325, 4324, 4326, 4326, 4324, 4327, 4329, 4328, 4330, 4330, 4328, 4331, 4333, 4332, 4334, 4334, 4332, 4335, 4337, 4336, 4338, 4338, 4336, 4339, 4341, 4340, 4342, 4342, 4340, 4343, 4345, 4344, 4346, 4345, 4347, 4344, 4348, 4347, 4345, 4350, 4349, 4351, 4351, 4349, 4352, 4354, 4353, 4355, 4355, 4353, 4356, 4358, 4357, 4359, 4359, 4357, 4360, 4362, 4361, 4359, 4363, 4361, 4362, 4365, 4364, 4366, 4366, 4364, 4367, 4369, 4368, 4370, 4370, 4368, 4371, 4373, 4372, 4374, 4374, 4372, 4375, 4377, 4376, 4378, 4378, 4376, 4379, 4381, 4380, 4382, 4382, 4380, 4383, 4385, 4384, 4386, 4386, 4384, 4387, 4389, 4388, 4390, 4390, 4388, 4391, 4393, 4392, 4394, 4394, 4392, 4395, 4397, 4396, 4398, 4398, 4396, 4399, 4401, 4400, 4402, 4402, 4400, 4403, 4405, 4404, 4406, 4406, 4404, 4407, 4409, 4408, 4410, 4410, 4408, 4411, 4413, 4412, 4414, 4414, 4412, 4415, 4417, 4416, 4418, 4418, 4416, 4419, 4421, 4420, 4422, 4422, 4420, 4423, 4425, 4424, 4426, 4426, 4424, 4427, 4429, 4428, 4430, 4430, 4428, 4431, 4433, 4432, 4434, 4434, 4432, 4435, 4437, 4436, 4438, 4438, 4436, 4439, 4441, 4440, 4442, 4443, 4442, 4440, 4444, 4443, 4440, 4445, 4443, 4444, 4446, 4445, 4444, 4447, 4445, 4446, 4449, 4448, 4450, 4450, 4448, 4451, 4453, 4452, 4454, 4454, 4452, 4455, 4457, 4456, 4458, 4458, 4456, 4459, 4461, 4460, 4462, 4462, 4460, 4463, 4465, 4464, 4466, 4466, 4464, 4467, 4469, 4468, 4470, 4470, 4468, 4471, 4473, 4472, 4474, 4474, 4472, 4475, 4477, 4476, 4478, 4478, 4476, 4479, 4481, 4480, 4482, 4482, 4480, 4483, 4485, 4484, 4486, 4486, 4484, 4487, 4489, 4488, 4490, 4490, 4488, 4491, 4493, 4492, 4494, 4494, 4492, 4495, 4497, 4496, 4498, 4498, 4496, 4499, 4501, 4500, 4502, 4502, 4500, 4503, 4505, 4504, 4506, 4506, 4504, 4507, 4509, 4508, 4510, 4510, 4508, 4511, 4513, 4512, 4514, 4514, 4512, 4515, 4517, 4516, 4518, 4518, 4516, 4519, 4521, 4520, 4522, 4522, 4520, 4523, 4525, 4524, 4526, 4526, 4524, 4527, 4529, 4528, 4530, 4530, 4528, 4531, 4533, 4532, 4534, 4534, 4532, 4535, 4537, 4536, 4538, 4538, 4536, 4539, 4541, 4540, 4542, 4542, 4540, 4543, 4545, 4544, 4546, 4546, 4544, 4547, 4549, 4548, 4550, 4550, 4548, 4551, 4553, 4552, 4554, 4554, 4552, 4555, 4557, 4556, 4558, 4558, 4556, 4559, 4561, 4560, 4562, 4562, 4560, 4563, 4565, 4564, 4566, 4566, 4564, 4567, 4569, 4568, 4570, 4570, 4568, 4571, 4573, 4572, 4574, 4574, 4572, 4575, 4577, 4576, 4578, 4578, 4576, 4579, 4581, 4580, 4582, 4582, 4580, 4583, 4585, 4584, 4586, 4586, 4584, 4587, 4589, 4588, 4590, 4590, 4588, 4591, 4593, 4592, 4594, 4594, 4592, 4595, 4597, 4596, 4598, 4598, 4596, 4599, 4601, 4600, 4602, 4602, 4600, 4603, 4605, 4604, 4606, 4606, 4604, 4607, 4609, 4608, 4610, 4610, 4608, 4611, 4613, 4612, 4614, 4614, 4612, 4615, 4617, 4616, 4618, 4618, 4616, 4619, 4621, 4620, 4622, 4622, 4620, 4623, 4625, 4624, 4626, 4626, 4624, 4627, 4629, 4628, 4630, 4630, 4628, 4631, 4633, 4632, 4634, 4634, 4632, 4635, 4637, 4636, 4638, 4638, 4636, 4639, 4641, 4640, 4642, 4642, 4640, 4643, 4645, 4644, 4646, 4646, 4644, 4647, 4649, 4648, 4650, 4650, 4648, 4651, 4653, 4652, 4654, 4654, 4652, 4655, 4657, 4656, 4658, 4658, 4656, 4659, 4661, 4660, 4662, 4662, 4660, 4663, 4665, 4664, 4666, 4666, 4664, 4667, 4669, 4668, 4670, 4670, 4668, 4671, 4673, 4672, 4674, 4674, 4672, 4675, 4677, 4676, 4678, 4678, 4676, 4679, 4681, 4680, 4682, 4682, 4680, 4683, 4685, 4684, 4686, 4686, 4684, 4687, 4689, 4688, 4690, 4690, 4688, 4691, 4693, 4692, 4694, 4694, 4692, 4695, 4697, 4696, 4698, 4698, 4696, 4699, 4701, 4700, 4702, 4702, 4700, 4703, 4705, 4704, 4706, 4706, 4704, 4707, 4709, 4708, 4710, 4710, 4708, 4711, 4713, 4712, 4714, 4714, 4712, 4715, 4717, 4716, 4718, 4718, 4716, 4719, 4721, 4720, 4722, 4722, 4720, 4723, 4725, 4724, 4726, 4726, 4724, 4727, 4729, 4728, 4730, 4730, 4728, 4731, 4733, 4732, 4734, 4734, 4732, 4735, 4737, 4736, 4738, 4738, 4736, 4739, 4741, 4740, 4742, 4742, 4740, 4743, 4745, 4744, 4746, 4746, 4744, 4747, 4749, 4748, 4750, 4750, 4748, 4751, 4753, 4752, 4754, 4754, 4752, 4755, 4757, 4756, 4758, 4758, 4756, 4759, 4761, 4760, 4762, 4762, 4760, 4763, 4765, 4764, 4766, 4766, 4764, 4767, 4769, 4768, 4770, 4770, 4768, 4771, 4773, 4772, 4774, 4774, 4772, 4775, 4777, 4776, 4778, 4778, 4776, 4779, 4781, 4780, 4782, 4782, 4780, 4783, 4785, 4784, 4786, 4786, 4784, 4787, 4789, 4788, 4790, 4790, 4788, 4791, 4793, 4792, 4794, 4794, 4792, 4795, 4797, 4796, 4798, 4798, 4796, 4799, 4801, 4800, 4802, 4802, 4800, 4803, 4805, 4804, 4806, 4806, 4804, 4807, 4809, 4808, 4810, 4810, 4808, 4811, 4813, 4812, 4814, 4814, 4812, 4815]
    rel material:binding = </PP_Birch_Tree_06_11/Materials/PP_Standard_Material_52838>
    normal3f[] normals = [(-0.68151057, 0.63076544, -0.37105018), (-0.6815142, 0.6307587, -0.37105498), (-0.68151474, 0.63076144, -0.37104943), (-0.6318402, 0.062496845, 0.772575), (-0.6318402, 0.062496845, 0.772575), (-0.6318402, 0.062496845, 0.772575), (-0.6559242, 0.02997846, 0.7542312), (-0.6559242, 0.02997846, 0.7542312), (-0.6559242, 0.02997846, 0.7542312), (-0.13122953, -0.851486, 0.50769114), (-0.13122953, -0.851486, 0.50769114), (-0.13122953, -0.851486, 0.50769114), (0.65003514, -0.7387184, 0.17818417), (0.65003514, -0.7387184, 0.17818417), (0.65003514, -0.7387184, 0.17818417), (-0.6677733, -0.74373513, 0.030607022), (-0.6677733, -0.74373513, 0.030607022), (-0.6677733, -0.74373513, 0.030607022), (-0.16226755, -0.96520185, -0.20507248), (-0.16226755, -0.96520185, -0.20507248), (-0.16226755, -0.96520185, -0.20507248), (0.85305053, -0.5031682, -0.13829876), (0.85305053, -0.5031682, -0.13829876), (0.85305053, -0.5031682, -0.13829876), (0.5111638, 0.32008332, 0.797658), (0.5111638, 0.32008332, 0.797658), (0.5111638, 0.32008332, 0.797658), (-0.4908275, 0.35956654, 0.79359955), (-0.4908275, 0.35956654, 0.79359955), (-0.4908275, 0.35956654, 0.79359955), (-0.9803082, -0.13665873, -0.14254926), (-0.9803082, -0.13665873, -0.14254926), (-0.9803082, -0.13665873, -0.14254926), (-0.98503566, 0.13979463, -0.100807205), (-0.98503566, 0.13979463, -0.100807205), (-0.98503566, 0.13979463, -0.100807205), (0.899194, -0.43447024, -0.05182408), (0.899194, -0.43447024, -0.05182408), (0.899194, -0.43447024, -0.05182408), (0.89108866, -0.4537644, -0.0076646917), (0.89108866, -0.4537644, -0.0076646917), (0.89108866, -0.4537644, -0.0076646917), (0.518673, 0.33148775, 0.78809524), (0.518673, 0.33148775, 0.78809524), (0.518673, 0.33148775, 0.78809524), (0.0592859, 0.6289866, 0.7751522), (0.0592859, 0.6289866, 0.7751522), (0.0592859, 0.6289866, 0.7751522), (-0.15645795, 0.4772062, 0.86475146), (-0.15645795, 0.4772062, 0.86475146), (-0.15645795, 0.4772062, 0.86475146), (-0.122861154, 0.44665807, 0.8862289), (-0.122861154, 0.44665807, 0.8862289), (-0.122861154, 0.44665807, 0.8862289), (-0.6511995, 0.59347093, 0.47300255), (-0.6511995, 0.59347093, 0.47300255), (-0.6511995, 0.59347093, 0.47300255), (-0.8079517, 0.49441296, 0.3205773), (-0.8079517, 0.49441296, 0.3205773), (-0.8079517, 0.49441296, 0.3205773), (-0.82247496, 0.52097195, 0.22830495), (-0.82247496, 0.52097195, 0.22830495), (-0.82247496, 0.52097195, 0.22830495), (-0.8606653, 0.2691095, -0.4322445), (-0.8606653, 0.2691095, -0.4322445), (-0.8606653, 0.2691095, -0.4322445), (0.8204652, -0.053057965, -0.56922907), (0.8204652, -0.053057965, -0.56922907), (0.8204652, -0.053057965, -0.56922907), (-0.54723996, 0.8174045, 0.17994002), (-0.54723996, 0.8174045, 0.17994002), (-0.54723996, 0.8174045, 0.17994002), (-0.17673083, 0.9786527, -0.10490464), (-0.17673083, 0.9786527, -0.10490464), (-0.17673083, 0.9786527, -0.10490464), (0.28163555, 0.7522235, -0.59568554), (0.28163555, 0.7522235, -0.59568554), (0.28163555, 0.7522235, -0.59568554), (0.47000748, 0.7735069, -0.42518246), (0.47000748, 0.7735069, -0.42518246), (0.47000748, 0.7735069, -0.42518246), (0.7305499, 0.5463732, -0.40960142), (0.7305499, 0.5463732, -0.40960142), (0.7305499, 0.5463732, -0.40960142), (-0.09650406, 0.88652694, -0.45250067), (-0.09650406, 0.88652694, -0.45250067), (-0.09650406, 0.88652694, -0.45250067), (-0.08049841, -0.92176795, -0.37929386), (-0.08049841, -0.92176795, -0.37929386), (-0.08049841, -0.92176795, -0.37929386), (-0.72580093, -0.57268745, 0.38110644), (-0.72580093, -0.57268745, 0.38110644), (-0.72580093, -0.57268745, 0.38110644), (-0.20741259, -0.102890305, 0.9728276), (-0.20741259, -0.102890305, 0.9728276), (-0.20741259, -0.102890305, 0.9728276), (0.1608835, -0.9822766, 0.09617189), (0.1608835, -0.9822766, 0.09617189), (0.1608835, -0.9822766, 0.09617189), (-0.090825334, -0.1352048, 0.98664606), (-0.090825334, -0.1352048, 0.98664606), (-0.090825334, -0.1352048, 0.98664606), (0.07418116, -0.49532044, 0.8655373), (0.07418116, -0.49532044, 0.8655373), (0.07418116, -0.49532044, 0.8655373), (0.6643804, -0.5799341, 0.4714607), (0.6643804, -0.5799341, 0.4714607), (0.6643804, -0.5799341, 0.4714607), (0.32351694, -0.93964535, 0.11136988), (0.32351694, -0.93964535, 0.11136988), (0.32351694, -0.93964535, 0.11136988), (0.5947229, -0.70641875, 0.38376722), (0.5947229, -0.70641875, 0.38376722), (0.5947229, -0.70641875, 0.38376722), (0.34840956, -0.93021446, 0.115376785), (0.34840956, -0.93021446, 0.115376785), (0.34840956, -0.93021446, 0.115376785), (0.28412205, -0.9187896, -0.27404445), (0.28412205, -0.9187896, -0.27404445), (0.28412205, -0.9187896, -0.27404445), (-0.078477785, -0.9357555, 0.34380654), (-0.078477785, -0.9357555, 0.34380654), (-0.078477785, -0.9357555, 0.34380654), (0.90897256, 0.11452693, -0.4008147), (0.90897256, 0.11452693, -0.4008147), (0.90897256, 0.11452693, -0.4008147), (0.7172103, 0.44290057, 0.5380041), (0.7172103, 0.44290057, 0.5380041), (0.7172103, 0.44290057, 0.5380041), (-0.57195026, 0.2936719, 0.76591754), (-0.57195026, 0.2936719, 0.76591754), (-0.57195026, 0.2936719, 0.76591754), (-0.9543353, 0.16261905, -0.25059777), (-0.9543353, 0.16261905, -0.25059777), (-0.9543353, 0.16261905, -0.25059777), (0.22535957, -0.008993895, -0.97423416), (0.22535957, -0.008993895, -0.97423416), (0.22535957, -0.008993895, -0.97423416), (0.8682394, 0.49162254, -0.06684028), (0.8682394, 0.49162254, -0.06684028), (0.8682394, 0.49162254, -0.06684028), (0.8572593, 0.43719098, 0.27197516), (0.8572593, 0.43719098, 0.27197516), (0.8572593, 0.43719098, 0.27197516), (0.885859, 0.4006365, 0.23397505), (0.885859, 0.4006365, 0.23397505), (0.885859, 0.4006365, 0.23397505), (0.049541768, 0.80610394, 0.5896965), (0.049541768, 0.80610394, 0.5896965), (0.049541768, 0.80610394, 0.5896965), (0.03086949, 0.7959901, 0.604522), (0.03086949, 0.7959901, 0.604522), (0.03086949, 0.7959901, 0.604522), (0.08387544, 0.7887066, 0.6090211), (0.08387544, 0.7887066, 0.6090211), (0.08387544, 0.7887066, 0.6090211), (-0.72357386, 0.45661995, 0.5176283), (-0.72357386, 0.45661995, 0.5176283), (-0.72357386, 0.45661995, 0.5176283), (-0.691656, 0.46913373, 0.5491135), (-0.691656, 0.46913373, 0.5491135), (-0.691656, 0.46913373, 0.5491135), (-0.8541409, 0.5045418, -0.12601951), (-0.8541409, 0.5045418, -0.12601951), (-0.8541409, 0.5045418, -0.12601951), (-0.72819877, 0.38640675, -0.56605345), (-0.72819877, 0.38640675, -0.56605345), (-0.72819877, 0.38640675, -0.56605345), (-0.5418917, 0.061665274, -0.83818305), (-0.5418917, 0.061665274, -0.83818305), (-0.5418917, 0.061665274, -0.83818305), (-0.08742727, 0.28610414, -0.95420176), (-0.08742727, 0.28610414, -0.95420176), (-0.08742727, 0.28610414, -0.95420176), (0.43542162, 0.45931435, -0.774234), (0.43542162, 0.45931435, -0.774234), (0.43542162, 0.45931435, -0.774234), (0.8281407, 0.338972, -0.44640893), (0.8281407, 0.338972, -0.44640893), (0.8281407, 0.338972, -0.44640893), (0.72704196, 0.21884036, -0.6507832), (0.72704196, 0.21884036, -0.6507832), (0.72704196, 0.21884036, -0.6507832), (0.33439273, -0.7788164, -0.53068495), (0.33439273, -0.7788164, -0.53068495), (0.33439273, -0.7788164, -0.53068495), (-0.018413387, -0.97722834, -0.21138997), (-0.018413387, -0.97722834, -0.21138997), (-0.018413387, -0.97722834, -0.21138997), (0.11695713, -0.98973525, -0.08212963), (0.11695713, -0.98973525, -0.08212963), (0.11695713, -0.98973525, -0.08212963), (-0.20800106, -0.97812825, -0.00085843256), (-0.20800106, -0.97812825, -0.00085843256), (-0.20800106, -0.97812825, -0.00085843256), (-0.24192487, -0.9073501, -0.34378493), (-0.24192487, -0.9073501, -0.34378493), (-0.24192487, -0.9073501, -0.34378493), (-0.67826426, -0.7151859, 0.16872111), (-0.67826426, -0.7151859, 0.16872111), (-0.67826426, -0.7151859, 0.16872111), (-0.60020506, -0.6441188, 0.47419927), (-0.60020506, -0.6441188, 0.47419927), (-0.60020506, -0.6441188, 0.47419927), (0.101092786, -0.8592869, 0.5014042), (0.101092786, -0.8592869, 0.5014042), (0.101092786, -0.8592869, 0.5014042), (0.21779598, -0.64057946, 0.7363578), (0.21779598, -0.64057946, 0.7363578), (0.21779598, -0.64057946, 0.7363578), (0.593469, -0.7212023, -0.35729775), (0.593469, -0.7212023, -0.35729775), (0.593469, -0.7212023, -0.35729775), (0.2792836, -0.89997804, 0.33472398), (0.2792836, -0.89997804, 0.33472398), (0.2792836, -0.89997804, 0.33472398), (0.14783648, -0.902737, 0.40399292), (0.14783648, -0.902737, 0.40399292), (0.14783648, -0.902737, 0.40399292), (0.23133735, -0.6413752, 0.7315196), (0.23133735, -0.6413752, 0.7315196), (0.23133735, -0.6413752, 0.7315196), (0.45208964, -0.810155, 0.3731808), (0.45208964, -0.810155, 0.3731808), (0.45208964, -0.810155, 0.3731808), (0.6382948, -0.7133506, 0.28932774), (0.6382948, -0.7133506, 0.28932774), (0.6382948, -0.7133506, 0.28932774), (0.4887295, -0.86014146, 0.14594576), (0.4887295, -0.86014146, 0.14594576), (0.4887295, -0.86014146, 0.14594576), (0.824462, 0.20135045, 0.5288861), (0.824462, 0.20135045, 0.5288861), (0.824462, 0.20135045, 0.5288861), (0.5376468, -0.83469576, 0.119243175), (0.5376468, -0.83469576, 0.119243175), (0.5376468, -0.83469576, 0.119243175), (0.5655497, -0.82423824, -0.028016018), (0.5655497, -0.82423824, -0.028016018), (0.5655497, -0.82423824, -0.028016018), (0.8784772, -0.26872808, 0.39504805), (0.8784772, -0.26872808, 0.39504805), (0.8784772, -0.26872808, 0.39504805), (0.8460052, -0.20528579, -0.4920701), (0.8460052, -0.20528579, -0.4920701), (0.8460052, -0.20528579, -0.4920701), (0.82321495, -0.15334329, 0.5466288), (0.82321495, -0.15334329, 0.5466288), (0.82321495, -0.15334329, 0.5466288), (0.89850724, 0.02678362, -0.43814075), (0.89850724, 0.02678362, -0.43814075), (0.89850724, 0.02678362, -0.43814075), (-0.7348387, -0.19347207, 0.650062), (-0.7348387, -0.19347207, 0.650062), (-0.7348387, -0.19347207, 0.650062), (-0.4395664, -0.18901213, -0.87809783), (-0.4395664, -0.18901213, -0.87809783), (-0.4395664, -0.18901213, -0.87809783), (-0.036660276, 0.68912065, 0.7237187), (-0.036660276, 0.68912065, 0.7237187), (-0.036660276, 0.68912065, 0.7237187), (-0.66236794, -0.020433301, 0.7489), (-0.66236794, -0.020433301, 0.7489), (-0.66236794, -0.020433301, 0.7489), (-0.63899714, -0.021695592, 0.7689031), (-0.63899714, -0.021695592, 0.7689031), (-0.63899714, -0.021695592, 0.7689031), (-0.96267253, -0.10758579, 0.24836838), (-0.96267253, -0.10758579, 0.24836838), (-0.96267253, -0.10758579, 0.24836838), (-0.93379235, -0.35770196, 0.009007277), (-0.93379235, -0.35770196, 0.009007277), (-0.93379235, -0.35770196, 0.009007277), (-0.9550475, -0.048454642, -0.29246628), (-0.9550475, -0.048454642, -0.29246628), (-0.9550475, -0.048454642, -0.29246628), (-0.4403688, -0.11891895, -0.8899065), (-0.4403688, -0.11891895, -0.8899065), (-0.4403688, -0.11891895, -0.8899065), (-0.30463502, -0.13582492, -0.9427349), (-0.30463502, -0.13582492, -0.9427349), (-0.30463502, -0.13582492, -0.9427349), (0.15955804, 0.35056743, -0.9228455), (0.15955804, 0.35056743, -0.9228455), (0.15955804, 0.35056743, -0.9228455), (0.050785698, 0.8861206, -0.46066365), (0.050785698, 0.8861206, -0.46066365), (0.050785698, 0.8861206, -0.46066365), (-0.1741248, 0.9754497, -0.13482764), (-0.1741248, 0.9754497, -0.13482764), (-0.1741248, 0.9754497, -0.13482764), (-0.054773923, 0.61406475, 0.78735274), (-0.054773923, 0.61406475, 0.78735274), (-0.054773923, 0.61406475, 0.78735274), (0.35050002, 0.83193874, -0.43014833), (0.35050002, 0.83193874, -0.43014833), (0.35050002, 0.83193874, -0.43014833), (-0.011766383, 0.79409796, -0.60767597), (-0.011766383, 0.79409796, -0.60767597), (-0.011766383, 0.79409796, -0.60767597), (-0.068906516, 0.6088461, 0.79029006), (-0.068906516, 0.6088461, 0.79029006), (-0.068906516, 0.6088461, 0.79029006), (0.9637296, 0.21522811, 0.15780383), (0.9637296, 0.21522811, 0.15780383), (0.9637296, 0.21522811, 0.15780383), (0.91287774, -0.22510627, 0.3405606), (0.91287774, -0.22510627, 0.3405606), (0.91287774, -0.22510627, 0.3405606), (0.9086871, -0.18794073, 0.37278146), (0.9086871, -0.18794073, 0.37278146), (0.9086871, -0.18794073, 0.37278146), (0.85995805, -0.49798855, -0.11171216), (0.85995805, -0.49798855, -0.11171216), (0.85995805, -0.49798855, -0.11171216), (0.5514227, -0.83133036, 0.06944669), (0.5514227, -0.83133036, 0.06944669), (0.5514227, -0.83133036, 0.06944669), (0.47614786, -0.875523, -0.08211412), (0.47614786, -0.875523, -0.08211412), (0.47614786, -0.875523, -0.08211412), (0.55701613, -0.8258417, -0.08785491), (0.55701613, -0.8258417, -0.08785491), (0.55701613, -0.8258417, -0.08785491), (-0.035299823, -0.983826, 0.17561401), (-0.035299823, -0.983826, 0.17561401), (-0.035299823, -0.983826, 0.17561401), (-0.17977214, -0.8333848, 0.52263916), (-0.17977214, -0.8333848, 0.52263916), (-0.17977214, -0.8333848, 0.52263916), (0.8677288, -0.29415536, 0.40064865), (0.8677288, -0.29415536, 0.40064865), (0.8677288, -0.29415536, 0.40064865), (0.9577998, -0.06319546, -0.28040287), (0.9577998, -0.06319546, -0.28040287), (0.9577998, -0.06319546, -0.28040287), (0.54932857, -0.82903284, -0.104607284), (0.54932857, -0.82903284, -0.104607284), (0.54932857, -0.82903284, -0.104607284), (0.29096785, -0.6291442, 0.72077405), (0.29096785, -0.6291442, 0.72077405), (0.29096785, -0.6291442, 0.72077405), (0.59156585, -0.6126167, 0.52416646), (0.59156585, -0.6126167, 0.52416646), (0.59156585, -0.6126167, 0.52416646), (0.8255365, 0.4319716, 0.36316663), (0.8255365, 0.4319716, 0.36316663), (0.8255365, 0.4319716, 0.36316663), (-0.26494643, -0.95666, -0.12085073), (-0.26494643, -0.95666, -0.12085073), (-0.26494643, -0.95666, -0.12085073), (0.1126351, -0.8369724, -0.53552824), (0.1126351, -0.8369724, -0.53552824), (0.1126351, -0.8369724, -0.53552824), (-0.7426653, -0.6696312, -0.006510689), (-0.7426653, -0.6696312, -0.006510689), (-0.7426653, -0.6696312, -0.006510689), (-0.77433383, -0.6268378, -0.08649604), (-0.77433383, -0.6268378, -0.08649604), (-0.77433383, -0.6268378, -0.08649604), (-0.52856845, -0.6807242, -0.5071784), (-0.52856845, -0.6807242, -0.5071784), (-0.52856845, -0.6807242, -0.5071784), (0.89082485, -0.20536512, -0.40528554), (0.89082485, -0.20536512, -0.40528554), (0.89082485, -0.20536512, -0.40528554), (-0.6715672, 0.048557207, -0.7393509), (-0.6715672, 0.048557207, -0.7393509), (-0.6715672, 0.048557207, -0.7393509), (0.9622433, -0.16795617, -0.21419305), (0.9622433, -0.16795617, -0.21419305), (0.9622433, -0.16795617, -0.21419305), (0.47061262, -0.10019307, -0.8766328), (0.47061262, -0.10019307, -0.8766328), (0.47061262, -0.10019307, -0.8766328), (-0.54249525, -0.18772097, 0.8188161), (-0.54249525, -0.18772097, 0.8188161), (-0.54249525, -0.18772097, 0.8188161), (-0.9668609, 0.22265364, 0.12492158), (-0.9668609, 0.22265364, 0.12492158), (-0.9668609, 0.22265364, 0.12492158), (0.0058755735, -0.20397444, 0.9789586), (0.0058755735, -0.20397444, 0.9789586), (0.0058755735, -0.20397444, 0.9789586), (0.7189988, -0.28767067, 0.63268185), (0.7189988, -0.28767067, 0.63268185), (0.7189988, -0.28767067, 0.63268185), (0.4188903, 0.0902941, 0.9035364), (0.4188903, 0.0902941, 0.9035364), (0.4188903, 0.0902941, 0.9035364), (-0.65823185, -0.050398275, 0.7511263), (-0.65823185, -0.050398275, 0.7511263), (-0.65823185, -0.050398275, 0.7511263), (-0.7932168, -0.11711695, 0.5975707), (-0.7932168, -0.11711695, 0.5975707), (-0.7932168, -0.11711695, 0.5975707), (-0.92780966, 0.27874476, 0.24793294), (-0.92780966, 0.27874476, 0.24793294), (-0.92780966, 0.27874476, 0.24793294), (-0.92315733, 0.37921545, -0.0630575), (-0.92315733, 0.37921545, -0.0630575), (-0.92315733, 0.37921545, -0.0630575), (-0.87020713, 0.29958257, -0.39113918), (-0.87020713, 0.29958257, -0.39113918), (-0.87020713, 0.29958257, -0.39113918), (-0.78554446, 0.38160074, -0.4871353), (-0.78554446, 0.38160074, -0.4871353), (-0.78554446, 0.38160074, -0.4871353), (0.962902, 0.26919055, -0.018868119), (0.962902, 0.26919055, -0.018868119), (0.962902, 0.26919055, -0.018868119), (0.93647295, 0.22297324, -0.27074218), (0.93647295, 0.22297324, -0.27074218), (0.93647295, 0.22297324, -0.27074218), (0.40260294, 0.47221228, 0.7841725), (0.40260294, 0.47221228, 0.7841725), (0.40260294, 0.47221228, 0.7841725), (0.4594809, 0.77757, -0.4292577), (0.4594809, 0.77757, -0.4292577), (0.4594809, 0.77757, -0.4292577), (0.78391033, 0.5940043, -0.1806753), (0.78391033, 0.5940043, -0.1806753), (0.78391033, 0.5940043, -0.1806753), (0.8714842, 0.4168856, -0.25830546), (0.8714842, 0.4168856, -0.25830546), (0.8714842, 0.4168856, -0.25830546), (0.11117961, 0.986844, -0.11738006), (0.11117961, 0.986844, -0.11738006), (0.11117961, 0.986844, -0.11738006), (0.85219836, -0.48025846, -0.20762889), (0.85219836, -0.48025846, -0.20762889), (0.85219836, -0.48025846, -0.20762889), (0.07068975, -0.8446341, 0.5306564), (0.07068975, -0.8446341, 0.5306564), (0.07068975, -0.8446341, 0.5306564), (0.8615489, -0.44034776, -0.25264075), (0.8615489, -0.44034776, -0.25264075), (0.8615489, -0.44034776, -0.25264075), (0.34792513, -0.40217504, -0.84687865), (0.34792513, -0.40217504, -0.84687865), (0.34792513, -0.40217504, -0.84687865), (-0.60411614, -0.4409884, -0.66375667), (-0.60411614, -0.4409884, -0.66375667), (-0.60411614, -0.4409884, -0.66375667), (-0.3046121, -0.38636443, -0.870594), (-0.3046121, -0.38636443, -0.870594), (-0.3046121, -0.38636443, -0.870594), (-0.27257478, 0.30563056, -0.91230094), (-0.27257478, 0.30563056, -0.91230094), (-0.27257478, 0.30563056, -0.91230094), (-0.9469187, 0.3202965, -0.027481552), (-0.9469187, 0.3202965, -0.027481552), (-0.9469187, 0.3202965, -0.027481552), (-0.883622, -0.45651084, 0.10397137), (-0.883622, -0.45651084, 0.10397137), (-0.883622, -0.45651084, 0.10397137), (-0.884031, -0.43425024, 0.17296249), (-0.884031, -0.43425024, 0.17296249), (-0.884031, -0.43425024, 0.17296249), (-0.9125381, -0.378314, 0.15541148), (-0.9125381, -0.378314, 0.15541148), (-0.9125381, -0.378314, 0.15541148), (-0.74544144, -0.6637797, 0.06093965), (-0.74544144, -0.6637797, 0.06093965), (-0.74544144, -0.6637797, 0.06093965), (-0.23858938, -0.93269515, 0.27047163), (-0.23858938, -0.93269515, 0.27047163), (-0.23858938, -0.93269515, 0.27047163), (0.014154677, -0.60117304, -0.7989935), (0.014154677, -0.60117304, -0.7989935), (0.014154677, -0.60117304, -0.7989935), (-0.021970896, -0.8091601, -0.5871774), (-0.021970896, -0.8091601, -0.5871774), (-0.021970896, -0.8091601, -0.5871774), (-0.2177938, -0.82949466, -0.5142999), (-0.2177938, -0.82949466, -0.5142999), (-0.2177938, -0.82949466, -0.5142999), (0.4719592, -0.88145936, 0.01685334), (0.4719592, -0.88145936, 0.01685334), (0.4719592, -0.88145936, 0.01685334), (0.3946105, -0.7377613, 0.54771423), (0.3946105, -0.7377613, 0.54771423), (0.3946105, -0.7377613, 0.54771423), (0.12468162, -0.8023394, 0.58370024), (0.12468162, -0.8023394, 0.58370024), (0.12468162, -0.8023394, 0.58370024), (-0.20354158, -0.89873606, -0.3883868), (-0.20354158, -0.89873606, -0.3883868), (-0.20354158, -0.89873606, -0.3883868), (0.58864915, -0.7467555, -0.309594), (0.58864915, -0.7467555, -0.309594), (0.58864915, -0.7467555, -0.309594), (-0.1652855, -0.9049141, -0.3921876), (-0.1652855, -0.9049141, -0.3921876), (-0.1652855, -0.9049141, -0.3921876), (-0.35425767, -0.411354, -0.8398151), (-0.35425767, -0.411354, -0.8398151), (-0.35425767, -0.411354, -0.8398151), (0.51680624, -0.2276346, -0.82528406), (0.51680624, -0.2276346, -0.82528406), (0.51680624, -0.2276346, -0.82528406), (0.98739517, -0.08346433, -0.1344792), (0.98739517, -0.08346433, -0.1344792), (0.98739517, -0.08346433, -0.1344792), (0.13858579, -0.6418936, 0.75416607), (0.13858579, -0.6418936, 0.75416607), (0.13858579, -0.6418936, 0.75416607), (-0.79915756, -0.45808825, 0.38923317), (-0.79915756, -0.45808825, 0.38923317), (-0.79915756, -0.45808825, 0.38923317), (-0.3385126, 0.6503016, -0.6800861), (-0.3385126, 0.6503016, -0.6800861), (-0.3385126, 0.6503016, -0.6800861), (0.20202965, 0.45679885, -0.86632484), (0.20202965, 0.45679885, -0.86632484), (0.20202965, 0.45679885, -0.86632484), (0.9204691, -0.18164228, 0.34603864), (0.9204691, -0.18164228, 0.34603864), (0.9204691, -0.18164228, 0.34603864), (0.8351598, -0.42066303, 0.35433152), (0.8351598, -0.42066303, 0.35433152), (0.8351598, -0.42066303, 0.35433152), (0.590286, -0.41953838, 0.6896014), (0.590286, -0.41953838, 0.6896014), (0.590286, -0.41953838, 0.6896014), (0.013761056, -0.523086, 0.8521688), (0.013761056, -0.523086, 0.8521688), (0.013761056, -0.523086, 0.8521688), (-0.39395517, -0.60309297, 0.69359803), (-0.39395517, -0.60309297, 0.69359803), (-0.39395517, -0.60309297, 0.69359803), (-0.567298, -0.24082068, 0.7875141), (-0.567298, -0.24082068, 0.7875141), (-0.567298, -0.24082068, 0.7875141), (-0.87808806, -0.34402764, 0.3325753), (-0.87808806, -0.34402764, 0.3325753), (-0.87808806, -0.34402764, 0.3325753), (-0.8979995, -0.43159467, 0.08557311), (-0.8979995, -0.43159467, 0.08557311), (-0.8979995, -0.43159467, 0.08557311), (-0.83281904, 0.51075315, 0.2134096), (-0.83281904, 0.51075315, 0.2134096), (-0.83281904, 0.51075315, 0.2134096), (-0.3318556, 0.66313666, -0.6709111), (-0.3318556, 0.66313666, -0.6709111), (-0.3318556, 0.66313666, -0.6709111), (-0.45373288, 0.73336834, -0.50625825), (-0.45373288, 0.73336834, -0.50625825), (-0.45373288, 0.73336834, -0.50625825), (-0.09583356, 0.85794115, -0.5047305), (-0.09583356, 0.85794115, -0.5047305), (-0.09583356, 0.85794115, -0.5047305), (0.7756136, 0.54275936, -0.32223552), (0.7756136, 0.54275936, -0.32223552), (0.7756136, 0.54275936, -0.32223552), (0.8847166, 0.32627857, -0.33289483), (0.8847166, 0.32627857, -0.33289483), (0.8847166, 0.32627857, -0.33289483), (0.9352079, 0.28978243, -0.20350038), (0.9352079, 0.28978243, -0.20350038), (0.9352079, 0.28978243, -0.20350038), (0.47281942, 0.40189692, 0.7841688), (0.47281942, 0.40189692, 0.7841688), (0.47281942, 0.40189692, 0.7841688), (-0.1079085, 0.21030742, 0.9716618), (-0.1079085, 0.21030742, 0.9716618), (-0.1079085, 0.21030742, 0.9716618), (-0.38078964, 0.5592228, 0.7363893), (-0.38078964, 0.5592228, 0.7363893), (-0.38078964, 0.5592228, 0.7363893), (0.0050582574, 0.9857904, 0.16790405), (0.0050582574, 0.9857904, 0.16790405), (0.0050582574, 0.9857904, 0.16790405), (0.521903, 0.77408385, 0.35834545), (0.521903, 0.77408385, 0.35834545), (0.521903, 0.77408385, 0.35834545), (0.04887883, 0.41574484, -0.90816694), (0.04887883, 0.41574484, -0.90816694), (0.04887883, 0.41574484, -0.90816694), (-0.8404748, 0.039477166, -0.5404107), (-0.8404748, 0.039477166, -0.5404107), (-0.8404748, 0.039477166, -0.5404107), (-0.8284912, 0.12538424, -0.54578483), (-0.8284912, 0.12538424, -0.54578483), (-0.8284912, 0.12538424, -0.54578483), (-0.38334206, 0.33067182, -0.86238337), (-0.38334206, 0.33067182, -0.86238337), (-0.38334206, 0.33067182, -0.86238337), (-0.6491638, -0.72622967, -0.2262226), (-0.6491638, -0.72622967, -0.2262226), (-0.6491638, -0.72622967, -0.2262226), (-0.30003324, -0.89825916, -0.32110804), (-0.30003324, -0.89825916, -0.32110804), (-0.30003324, -0.89825916, -0.32110804), (-0.27975744, -0.9218841, 0.26807725), (-0.27975744, -0.9218841, 0.26807725), (-0.27975744, -0.9218841, 0.26807725), (0.421191, -0.17657402, -0.88961774), (0.421191, -0.17657402, -0.88961774), (0.421191, -0.17657402, -0.88961774), (0.3651716, -0.30223984, -0.88051176), (0.3651716, -0.30223984, -0.88051176), (0.3651716, -0.30223984, -0.88051176), (0.5199051, -0.27037337, -0.8103067), (0.5199051, -0.27037337, -0.8103067), (0.5199051, -0.27037337, -0.8103067), (-0.21005113, -0.93753266, 0.27732846), (-0.21005113, -0.93753266, 0.27732846), (-0.21005113, -0.93753266, 0.27732846), (0.012346994, -0.9835343, -0.18029986), (0.012346994, -0.9835343, -0.18029986), (0.012346994, -0.9835343, -0.18029986), (0.28954166, -0.9455607, -0.14859512), (0.28954166, -0.9455607, -0.14859512), (0.28954166, -0.9455607, -0.14859512), (0.9473549, -0.30223444, -0.10570236), (0.9473549, -0.30223444, -0.10570236), (0.9473549, -0.30223444, -0.10570236), (0.37095526, -0.17552257, 0.91191226), (0.37095526, -0.17552257, 0.91191226), (0.37095526, -0.17552257, 0.91191226), (-0.72552377, -0.39628106, 0.5626514), (-0.72552377, -0.39628106, 0.5626514), (-0.72552377, -0.39628106, 0.5626514), (-0.6749283, -0.5619025, -0.47826505), (-0.6749283, -0.5619025, -0.47826505), (-0.6749283, -0.5619025, -0.47826505), (0.395176, -0.48906866, -0.77759105), (0.395176, -0.48906866, -0.77759105), (0.395176, -0.48906866, -0.77759105), (0.96046036, -0.03191917, 0.2765811), (0.96046036, -0.03191917, 0.2765811), (0.96046036, -0.03191917, 0.2765811), (0.14103112, 0.03466241, 0.98939824), (0.14103112, 0.03466241, 0.98939824), (0.14103112, 0.03466241, 0.98939824), (-0.83037543, -0.29704025, 0.47142726), (-0.83037543, -0.29704025, 0.47142726), (-0.83037543, -0.29704025, 0.47142726), (-0.5724461, -0.17986485, -0.79997134), (-0.5724461, -0.17986485, -0.79997134), (-0.5724461, -0.17986485, -0.79997134), (0.69052404, -0.4301479, -0.5815061), (0.69052404, -0.4301479, -0.5815061), (0.69052404, -0.4301479, -0.5815061), (-0.02109908, 0.99754566, 0.0667645), (-0.02109908, 0.99754566, 0.0667645), (-0.02109908, 0.99754566, 0.0667645), (-0.6632182, 0.5825101, -0.46991867), (-0.6632182, 0.5825101, -0.46991867), (-0.6632182, 0.5825101, -0.46991867), (-0.07254494, 0.4190747, -0.9050489), (-0.07254494, 0.4190747, -0.9050489), (-0.07254494, 0.4190747, -0.9050489), (0.49758613, 0.2418681, -0.8330112), (0.49758613, 0.2418681, -0.8330112), (0.49758613, 0.2418681, -0.8330112), (-0.24840601, 0.69624114, -0.6734558), (-0.24840601, 0.69624114, -0.6734558), (-0.24840601, 0.69624114, -0.6734558), (-0.68437225, 0.6072521, -0.40358332), (-0.68437225, 0.6072521, -0.40358332), (-0.68437225, 0.6072521, -0.40358332), (-0.1029642, 0.98671097, -0.12569757), (-0.1029642, 0.98671097, -0.12569757), (-0.1029642, 0.98671097, -0.12569757), (-0.17051256, 0.9819948, 0.08131264), (-0.17051256, 0.9819948, 0.08131264), (-0.17051256, 0.9819948, 0.08131264), (0.2806757, -0.32277304, -0.903902), (0.2806757, -0.32277304, -0.903902), (0.2806757, -0.32277304, -0.903902), (0.07230396, -0.5626381, -0.8235354), (0.07230396, -0.5626381, -0.8235354), (0.07230396, -0.5626381, -0.8235354), (-0.9168141, -0.3829209, -0.11324118), (-0.9168141, -0.3829209, -0.11324118), (-0.9168141, -0.3829209, -0.11324118), (-0.8393921, -0.5263009, 0.13575089), (-0.8393921, -0.5263009, 0.13575089), (-0.8393921, -0.5263009, 0.13575089), (-0.57774305, 0.30527782, 0.7569798), (-0.57774305, 0.30527782, 0.7569798), (-0.57774305, 0.30527782, 0.7569798), (-0.08065522, -0.12201171, 0.9892461), (-0.08065522, -0.12201171, 0.9892461), (-0.08065522, -0.12201171, 0.9892461), (0.58618194, -0.10711026, 0.803068), (0.58618194, -0.10711026, 0.803068), (0.58618194, -0.10711026, 0.803068), (0.8179197, -0.3106869, 0.4842325), (0.8179197, -0.3106869, 0.4842325), (0.8179197, -0.3106869, 0.4842325), (0.9443678, -0.27047876, -0.18711157), (0.9443678, -0.27047876, -0.18711157), (0.9443678, -0.27047876, -0.18711157), (0.72734535, -0.55698705, -0.40091652), (0.72734535, -0.55698705, -0.40091652), (0.72734535, -0.55698705, -0.40091652), (0.9959882, -0.089464195, -0.0019065869), (0.9959882, -0.089464195, -0.0019065869), (0.9959882, -0.089464195, -0.0019065869), (-0.030455058, 0.10301378, 0.99421364), (-0.030455058, 0.10301378, 0.99421364), (-0.030455058, 0.10301378, 0.99421364), (-0.81130666, 0.10011713, 0.5759846), (-0.81130666, 0.10011713, 0.5759846), (-0.81130666, 0.10011713, 0.5759846), (-0.89121014, -0.3293081, -0.31193078), (-0.89121014, -0.3293081, -0.31193078), (-0.89121014, -0.3293081, -0.31193078), (0.9067991, -0.41730392, -0.05977384), (0.9067991, -0.41730392, -0.05977384), (0.9067991, -0.41730392, -0.05977384), (-0.18010141, 0.31226456, 0.93276703), (-0.18010141, 0.31226456, 0.93276703), (-0.18010141, 0.31226456, 0.93276703), (-0.8987056, 0.13774274, 0.41635934), (-0.8987056, 0.13774274, 0.41635934), (-0.8987056, 0.13774274, 0.41635934), (-0.800657, -0.25336757, -0.54291177), (-0.800657, -0.25336757, -0.54291177), (-0.800657, -0.25336757, -0.54291177), (0.71635914, -0.5454293, -0.43512797), (0.71635914, -0.5454293, -0.43512797), (0.71635914, -0.5454293, -0.43512797), (0.37325102, 0.8297973, 0.41487363), (0.37325102, 0.8297973, 0.41487363), (0.37325102, 0.8297973, 0.41487363), (-0.5155347, 0.85203177, 0.09091628), (-0.5155347, 0.85203177, 0.09091628), (-0.5155347, 0.85203177, 0.09091628), (0.4277472, 0.87450635, -0.22862816), (0.4277472, 0.87450635, -0.22862816), (0.4277472, 0.87450635, -0.22862816), (0.024124654, 0.8918772, 0.45163378), (0.024124654, 0.8918772, 0.45163378), (0.024124654, 0.8918772, 0.45163378), (0.7816654, -0.26104063, -0.56644225), (0.7816654, -0.26104063, -0.56644225), (0.7816654, -0.26104063, -0.56644225), (0.22321537, 0.21736938, -0.9502239), (0.22321537, 0.21736938, -0.9502239), (0.22321537, 0.21736938, -0.9502239), (-0.9451357, -0.068822004, -0.3193462), (-0.9451357, -0.068822004, -0.3193462), (-0.9451357, -0.068822004, -0.3193462), (-0.75689334, 0.10044553, -0.64577335), (-0.75689334, 0.10044553, -0.64577335), (-0.75689334, 0.10044553, -0.64577335), (0.54156876, 0.840597, 0.009995276), (0.54156876, 0.840597, 0.009995276), (0.54156876, 0.840597, 0.009995276), (0.3632318, 0.9290352, -0.07040051), (0.3632318, 0.9290352, -0.07040051), (0.3632318, 0.9290352, -0.07040051), (0.7295825, 0.5866624, -0.35147768), (0.7295825, 0.5866624, -0.35147768), (0.7295825, 0.5866624, -0.35147768), (-0.33436808, -0.48824814, -0.806109), (-0.33436808, -0.48824814, -0.806109), (-0.33436808, -0.48824814, -0.806109), (-0.97389764, -0.15641509, 0.16449195), (-0.97389764, -0.15641509, 0.16449195), (-0.97389764, -0.15641509, 0.16449195), (-0.47909647, 0.38906184, 0.78682745), (-0.47909647, 0.38906184, 0.78682745), (-0.47909647, 0.38906184, 0.78682745), (-0.25026193, 0.2792818, 0.9270225), (-0.25026193, 0.2792818, 0.9270225), (-0.25026193, 0.2792818, 0.9270225), (0.51652354, 0.1689975, 0.8394303), (0.51652354, 0.1689975, 0.8394303), (0.51652354, 0.1689975, 0.8394303), (0.66520303, -0.42902783, 0.61109734), (0.66520303, -0.42902783, 0.61109734), (0.66520303, -0.42902783, 0.61109734), (0.9967602, -0.06883461, 0.041604485), (0.9967602, -0.06883461, 0.041604485), (0.9967602, -0.06883461, 0.041604485), (0.7917948, -0.56880534, -0.22253415), (0.7917948, -0.56880534, -0.22253415), (0.7917948, -0.56880534, -0.22253415), (-0.4287648, -0.750932, -0.5022568), (-0.4287648, -0.750932, -0.5022568), (-0.4287648, -0.750932, -0.5022568), (-0.7438471, -0.611968, -0.26867586), (-0.7438471, -0.611968, -0.26867586), (-0.7438471, -0.611968, -0.26867586), (-0.6275152, -0.7782245, 0.024319787), (-0.6275152, -0.7782245, 0.024319787), (-0.6275152, -0.7782245, 0.024319787), (-0.77495676, -0.5728354, 0.26702383), (-0.77495676, -0.5728354, 0.26702383), (-0.77495676, -0.5728354, 0.26702383), (0.15661284, -0.058963783, 0.9858985), (0.15661284, -0.058963783, 0.9858985), (0.15661284, -0.058963783, 0.9858985), (-0.57860446, -0.63511384, 0.51171005), (-0.57860446, -0.63511384, 0.51171005), (-0.57860446, -0.63511384, 0.51171005), (-0.5396716, -0.28599924, -0.7918075), (-0.5396716, -0.28599924, -0.7918075), (-0.5396716, -0.28599924, -0.7918075), (-0.60652655, -0.07731969, 0.7912946), (-0.60652655, -0.07731969, 0.7912946), (-0.60652655, -0.07731969, 0.7912946), (-0.99952614, -0.030713828, 0.0020326627), (-0.99952614, -0.030713828, 0.0020326627), (-0.99952614, -0.030713828, 0.0020326627), (-0.28084773, -0.28714404, -0.9157908), (-0.28084773, -0.28714404, -0.9157908), (-0.28084773, -0.28714404, -0.9157908), (-0.8420604, 0.24848701, 0.47873652), (-0.8420604, 0.24848701, 0.47873652), (-0.8420604, 0.24848701, 0.47873652), (-0.85775787, 0.4058779, -0.31545913), (-0.85775787, 0.4058779, -0.31545913), (-0.85775787, 0.4058779, -0.31545913), (0.06426356, 0.9830861, 0.17149907), (0.06426356, 0.9830861, 0.17149907), (0.06426356, 0.9830861, 0.17149907), (-0.2618402, 0.8902458, -0.3726958), (-0.2618402, 0.8902458, -0.3726958), (-0.2618402, 0.8902458, -0.3726958), (-0.22278589, 0.831946, -0.5081656), (-0.22278589, 0.831946, -0.5081656), (-0.22278589, 0.831946, -0.5081656), (-0.63943154, 0.46468842, -0.61252904), (-0.63943154, 0.46468842, -0.61252904), (-0.63943154, 0.46468842, -0.61252904), (-0.6434962, 0.7509522, -0.14826846), (-0.6434962, 0.7509522, -0.14826846), (-0.6434962, 0.7509522, -0.14826846), (-0.8411371, 0.3536807, -0.40914345), (-0.8411371, 0.3536807, -0.40914345), (-0.8411371, 0.3536807, -0.40914345), (-0.95097786, 0.117329836, 0.28613794), (-0.95097786, 0.117329836, 0.28613794), (-0.95097786, 0.117329836, 0.28613794), (-0.558375, 0.6184766, 0.552905), (-0.558375, 0.6184766, 0.552905), (-0.558375, 0.6184766, 0.552905), (-0.530664, 0.78397375, 0.32215032), (-0.530664, 0.78397375, 0.32215032), (-0.530664, 0.78397375, 0.32215032), (0.06682474, 0.9871207, 0.14535178), (0.06682474, 0.9871207, 0.14535178), (0.06682474, 0.9871207, 0.14535178), (0.5264052, 0.8490726, -0.04442271), (0.5264052, 0.8490726, -0.04442271), (0.5264052, 0.8490726, -0.04442271), (0.21676822, 0.8790347, -0.42462862), (0.21676822, 0.8790347, -0.42462862), (0.21676822, 0.8790347, -0.42462862), (0.15209346, 0.88912934, -0.43164405), (0.15209346, 0.88912934, -0.43164405), (0.15209346, 0.88912934, -0.43164405), (-0.58145744, 0.73814034, 0.34213445), (-0.58145744, 0.73814034, 0.34213445), (-0.58145744, 0.73814034, 0.34213445), (0.67905265, 0.27400032, 0.681037), (0.67905265, 0.27400032, 0.681037), (0.67905265, 0.27400032, 0.681037), (0.64579993, 0.74765027, 0.15479527), (0.64579993, 0.74765027, 0.15479527), (0.64579993, 0.74765027, 0.15479527), (0.41257414, 0.14117716, -0.8999175), (0.41257414, 0.14117716, -0.8999175), (0.41257414, 0.14117716, -0.8999175), (0.6434591, -0.16593976, -0.747278), (0.6434591, -0.16593976, -0.747278), (0.6434591, -0.16593976, -0.747278), (0.34756336, -0.5678783, -0.7461326), (0.34756336, -0.5678783, -0.7461326), (0.34756336, -0.5678783, -0.7461326), (-0.2212674, -0.45871577, -0.8605932), (-0.2212674, -0.45871577, -0.8605932), (-0.2212674, -0.45871577, -0.8605932), (-0.6874062, -0.6434668, -0.3367837), (-0.6874062, -0.6434668, -0.3367837), (-0.6874062, -0.6434668, -0.3367837), (-0.5950123, -0.52541494, 0.6081935), (-0.5950123, -0.52541494, 0.6081935), (-0.5950123, -0.52541494, 0.6081935), (0.104038805, -0.71100384, 0.6954492), (0.104038805, -0.71100384, 0.6954492), (0.104038805, -0.71100384, 0.6954492), (-0.47541904, 0.8681923, -0.14219314), (-0.47541904, 0.8681923, -0.14219314), (-0.47541904, 0.8681923, -0.14219314), (0.14114514, -0.12761487, 0.9817293), (0.14114514, -0.12761487, 0.9817293), (0.14114514, -0.12761487, 0.9817293), (0.66912663, 0.7420845, 0.039750945), (0.66912663, 0.7420845, 0.039750945), (0.66912663, 0.7420845, 0.039750945), (0.7069557, -0.6510608, -0.27628526), (0.7069557, -0.6510608, -0.27628526), (0.7069557, -0.6510608, -0.27628526), (-0.07461801, -0.89299667, 0.4438346), (-0.07461801, -0.89299667, 0.4438346), (-0.07461801, -0.89299667, 0.4438346), (-0.80754983, -0.58041114, 0.10481485), (-0.80754983, -0.58041114, 0.10481485), (-0.80754983, -0.58041114, 0.10481485), (-0.9263625, 0.29920888, -0.22875017), (-0.9263625, 0.29920888, -0.22875017), (-0.9263625, 0.29920888, -0.22875017), (0.65943635, 0.047910705, -0.7502322), (0.65943635, 0.047910705, -0.7502322), (0.65943635, 0.047910705, -0.7502322), (0.738104, -0.67466885, 0.0049411273), (0.738104, -0.67466885, 0.0049411273), (0.738104, -0.67466885, 0.0049411273), (-0.39815247, -0.51168096, 0.76135224), (-0.39815247, -0.51168096, 0.76135224), (-0.39815247, -0.51168096, 0.76135224), (-0.88862354, -0.43612546, 0.14192545), (-0.88862354, -0.43612546, 0.14192545), (-0.88862354, -0.43612546, 0.14192545), (-0.35662234, 0.9130543, -0.19786954), (-0.35662234, 0.9130543, -0.19786954), (-0.35662234, 0.9130543, -0.19786954), (0.7676103, 0.049931724, -0.638969), (0.7676103, 0.049931724, -0.638969), (0.7676103, 0.049931724, -0.638969), (0.65993124, 0.31840092, 0.6805231), (0.65993124, 0.31840092, 0.6805231), (0.65993124, 0.31840092, 0.6805231), (-0.53202814, 0.039287515, 0.84581476), (-0.53202814, 0.039287515, 0.84581476), (-0.53202814, 0.039287515, 0.84581476), (-0.6924308, 0.5856785, 0.42133158), (-0.6924308, 0.5856785, 0.42133158), (-0.6924308, 0.5856785, 0.42133158), (0.05005439, 0.99474794, 0.08928017), (0.05005439, 0.99474794, 0.08928017), (0.05005439, 0.99474794, 0.08928017), (0.8188879, 0.5122481, 0.25889102), (0.8188879, 0.5122481, 0.25889102), (0.8188879, 0.5122481, 0.25889102), (0.59703743, 0.75633097, 0.26741335), (0.59703743, 0.75633097, 0.26741335), (0.59703743, 0.75633097, 0.26741335), (0.597746, 0.78863025, 0.14409016), (0.597746, 0.78863025, 0.14409016), (0.597746, 0.78863025, 0.14409016), (0.006133021, 0.9875345, 0.15728316), (0.006133021, 0.9875345, 0.15728316), (0.006133021, 0.9875345, 0.15728316), (-0.34759805, 0.9376393, 0.0028621205), (-0.34759805, 0.9376393, 0.0028621205), (-0.34759805, 0.9376393, 0.0028621205), (-0.6528725, 0.48287058, 0.58360386), (-0.6528725, 0.48287058, 0.58360386), (-0.6528725, 0.48287058, 0.58360386), (-0.67762077, 0.17773934, 0.7136097), (-0.67762077, 0.17773934, 0.7136097), (-0.67762077, 0.17773934, 0.7136097), (-0.092777036, 0.2859494, 0.95374286), (-0.092777036, 0.2859494, 0.95374286), (-0.092777036, 0.2859494, 0.95374286), (-0.00039682773, 0.21016431, 0.977666), (-0.00039682773, 0.21016431, 0.977666), (-0.00039682773, 0.21016431, 0.977666), (0.5810962, 0.20818295, 0.78675735), (0.5810962, 0.20818295, 0.78675735), (0.5810962, 0.20818295, 0.78675735), (0.7337849, 0.19262117, 0.65150344), (0.7337849, 0.19262117, 0.65150344), (0.7337849, 0.19262117, 0.65150344), (0.31048214, 0.77120465, -0.55573756), (0.31048214, 0.77120465, -0.55573756), (0.31048214, 0.77120465, -0.55573756), (0.097797796, 0.7082168, -0.6991886), (0.097797796, 0.7082168, -0.6991886), (0.097797796, 0.7082168, -0.6991886), (-0.15299223, 0.47026435, -0.86916333), (-0.15299223, 0.47026435, -0.86916333), (-0.15299223, 0.47026435, -0.86916333), (-0.31379476, -0.061303396, -0.94750977), (-0.31379476, -0.061303396, -0.94750977), (-0.31379476, -0.061303396, -0.94750977), (-0.77339363, -0.6046851, 0.19031055), (-0.77339363, -0.6046851, 0.19031055), (-0.77339363, -0.6046851, 0.19031055), (-0.4824803, -0.80128235, 0.35377872), (-0.4824803, -0.80128235, 0.35377872), (-0.4824803, -0.80128235, 0.35377872), (-0.11350131, -0.8957987, 0.4297234), (-0.11350131, -0.8957987, 0.4297234), (-0.11350131, -0.8957987, 0.4297234), (0.27869296, -0.9532861, -0.11651534), (0.27869296, -0.9532861, -0.11651534), (0.27869296, -0.9532861, -0.11651534), (0.9056479, -0.25021818, -0.3423341), (0.9056479, -0.25021818, -0.3423341), (0.9056479, -0.25021818, -0.3423341), (0.7671969, -0.03887835, -0.64023244), (0.7671969, -0.03887835, -0.64023244), (0.7671969, -0.03887835, -0.64023244), (-0.08048977, 0.85046756, 0.5198329), (-0.08048977, 0.85046756, 0.5198329), (-0.08048977, 0.85046756, 0.5198329), (-0.04497364, 0.977499, 0.20609005), (-0.04497364, 0.977499, 0.20609005), (-0.04497364, 0.977499, 0.20609005), (-0.025686631, 0.99641764, 0.080573894), (-0.025686631, 0.99641764, 0.080573894), (-0.025686631, 0.99641764, 0.080573894), (-0.28525925, 0.9239356, 0.25489268), (-0.28525925, 0.9239356, 0.25489268), (-0.28525925, 0.9239356, 0.25489268), (-0.28745943, 0.897547, 0.33432978), (-0.28745943, 0.897547, 0.33432978), (-0.28745943, 0.897547, 0.33432978), (0.08821241, 0.9783877, 0.1870192), (0.08821241, 0.9783877, 0.1870192), (0.08821241, 0.9783877, 0.1870192), (0.08167942, 0.8626406, 0.49917904), (0.08167942, 0.8626406, 0.49917904), (0.08167942, 0.8626406, 0.49917904), (0.56888777, 0.80759835, 0.155408), (0.56888777, 0.80759835, 0.155408), (0.56888777, 0.80759835, 0.155408), (0.46760064, 0.5965855, -0.652254), (0.46760064, 0.5965855, -0.652254), (0.46760064, 0.5965855, -0.652254), (0.519117, 0.84071964, -0.15397437), (0.519117, 0.84071964, -0.15397437), (0.519117, 0.84071964, -0.15397437), (0.77541906, 0.5202652, -0.35783985), (0.77541906, 0.5202652, -0.35783985), (0.77541906, 0.5202652, -0.35783985), (-0.16217199, 0.77740216, -0.60773855), (-0.16217199, 0.77740216, -0.60773855), (-0.16217199, 0.77740216, -0.60773855), (-0.53912556, 0.83928806, 0.070279405), (-0.53912556, 0.83928806, 0.070279405), (-0.53912556, 0.83928806, 0.070279405), (-0.1753289, 0.7600349, 0.6257849), (-0.1753289, 0.7600349, 0.6257849), (-0.1753289, 0.7600349, 0.6257849), (-0.099341325, 0.98581403, 0.1352854), (-0.099341325, 0.98581403, 0.1352854), (-0.099341325, 0.98581403, 0.1352854), (0.090420105, 0.89496076, 0.43688607), (0.090420105, 0.89496076, 0.43688607), (0.090420105, 0.89496076, 0.43688607), (0.47330585, 0.8248177, -0.30928528), (0.47330585, 0.8248177, -0.30928528), (0.47330585, 0.8248177, -0.30928528), (0.5923059, 0.74598706, -0.3044289), (0.5923059, 0.74598706, -0.3044289), (0.5923059, 0.74598706, -0.3044289), (0.45061767, 0.8735326, -0.18407744), (0.45061767, 0.8735326, -0.18407744), (0.45061767, 0.8735326, -0.18407744), (0.54536027, -0.83785045, 0.024263915), (0.54536027, -0.83785045, 0.024263915), (0.54536027, -0.83785045, 0.024263915), (-0.7845702, 0.0042792936, 0.62002516), (-0.7845702, 0.0042792936, 0.62002516), (-0.7845702, 0.0042792936, 0.62002516), (-0.98579085, 0.12659615, -0.11040746), (-0.98579085, 0.12659615, -0.11040746), (-0.98579085, 0.12659615, -0.11040746), (0.35646132, -0.82161045, 0.44485024), (0.35646132, -0.82161045, 0.44485024), (0.35646132, -0.82161045, 0.44485024), (-0.75990295, -0.06302816, 0.6469737), (-0.75990295, -0.06302816, 0.6469737), (-0.75990295, -0.06302816, 0.6469737), (-0.8280031, 0.4370559, -0.35127345), (-0.8280031, 0.4370559, -0.35127345), (-0.8280031, 0.4370559, -0.35127345), (0.43877125, 0.26718488, 0.8579581), (0.43877125, 0.26718488, 0.8579581), (0.43877125, 0.26718488, 0.8579581), (-0.4466212, 0.81815094, 0.36215815), (-0.4466212, 0.81815094, 0.36215815), (-0.4466212, 0.81815094, 0.36215815), (0.70917344, 0.7048291, 0.016998792), (0.70917344, 0.7048291, 0.016998792), (0.70917344, 0.7048291, 0.016998792), (0.48813596, 0.83437586, 0.256008), (0.48813596, 0.83437586, 0.256008), (0.48813596, 0.83437586, 0.256008), (0.17630525, 0.9842404, 0.013687641), (0.17630525, 0.9842404, 0.013687641), (0.17630525, 0.9842404, 0.013687641), (-0.44496635, 0.8278506, 0.34156767), (-0.44496635, 0.8278506, 0.34156767), (-0.44496635, 0.8278506, 0.34156767), (0.42020583, 0.7790276, 0.46534187), (0.42020583, 0.7790276, 0.46534187), (0.42020583, 0.7790276, 0.46534187), (0.11253849, 0.75412893, 0.6470122), (0.11253849, 0.75412893, 0.6470122), (0.11253849, 0.75412893, 0.6470122), (0.01696365, 0.59602475, 0.8027868), (0.01696365, 0.59602475, 0.8027868), (0.01696365, 0.59602475, 0.8027868), (0.6067801, 0.58487475, 0.5382744), (0.6067801, 0.58487475, 0.5382744), (0.6067801, 0.58487475, 0.5382744), (0.5485369, 0.30628654, 0.7780076), (0.5485369, 0.30628654, 0.7780076), (0.5485369, 0.30628654, 0.7780076), (0.8595297, 0.5067577, 0.06637317), (0.8595297, 0.5067577, 0.06637317), (0.8595297, 0.5067577, 0.06637317), (0.87410444, 0.38506377, -0.29608652), (0.87410444, 0.38506377, -0.29608652), (0.87410444, 0.38506377, -0.29608652), (0.6869386, 0.22814801, -0.6899738), (0.6869386, 0.22814801, -0.6899738), (0.6869386, 0.22814801, -0.6899738), (0.29614484, 0.50392485, -0.81139255), (0.29614484, 0.50392485, -0.81139255), (0.29614484, 0.50392485, -0.81139255), (0.9970149, 0.06670408, -0.038884107), (0.9970149, 0.06670408, -0.038884107), (0.9970149, 0.06670408, -0.038884107), (0.9955332, 0.057247806, -0.07507462), (0.9955332, 0.057247806, -0.07507462), (0.9955332, 0.057247806, -0.07507462), (0.9930098, 0.07119503, -0.094142534), (0.9930098, 0.07119503, -0.094142534), (0.9930098, 0.07119503, -0.094142534), (-0.54774064, -0.013213071, -0.8365439), (-0.54774064, -0.013213071, -0.8365439), (-0.54774064, -0.013213071, -0.8365439), (-0.56381446, -0.05910638, -0.82378376), (-0.56381446, -0.05910638, -0.82378376), (-0.56381446, -0.05910638, -0.82378376), (-0.46327206, -0.011013067, -0.8861477), (-0.46327206, -0.011013067, -0.8861477), (-0.46327206, -0.011013067, -0.8861477), (-0.9695929, 0.20286971, 0.13687003), (-0.9695929, 0.20286971, 0.13687003), (-0.9695929, 0.20286971, 0.13687003), (-0.91283, -0.23617977, 0.3331075), (-0.91283, -0.23617977, 0.3331075), (-0.91283, -0.23617977, 0.3331075), (-0.5068469, -0.039599758, 0.86112607), (-0.5068469, -0.039599758, 0.86112607), (-0.5068469, -0.039599758, 0.86112607), (-0.14873004, -0.8363996, 0.5275557), (-0.14873004, -0.8363996, 0.5275557), (-0.14873004, -0.8363996, 0.5275557), (0.45617652, -0.80797017, 0.3729439), (0.45617652, -0.80797017, 0.3729439), (0.45617652, -0.80797017, 0.3729439), (0.12906596, -0.9774656, 0.16704184), (0.12906596, -0.9774656, 0.16704184), (0.12906596, -0.9774656, 0.16704184), (0.9953425, 0.08692451, -0.04168419), (0.9953425, 0.08692451, -0.04168419), (0.9953425, 0.08692451, -0.04168419), (0.32351637, -0.9396456, 0.111370064), (0.32351637, -0.9396456, 0.111370064), (0.32351637, -0.9396456, 0.111370064), (0.5947233, -0.70641786, 0.38376817), (0.5947233, -0.70641786, 0.38376817), (0.5947233, -0.70641786, 0.38376817), (0.34840858, -0.9302149, 0.11537659), (0.34840858, -0.9302149, 0.11537659), (0.34840858, -0.9302149, 0.11537659), (0.28412223, -0.9187896, -0.27404442), (0.28412223, -0.9187896, -0.27404442), (0.28412223, -0.9187896, -0.27404442), (-0.078477286, -0.9357565, 0.34380364), (-0.078477286, -0.9357565, 0.34380364), (-0.078477286, -0.9357565, 0.34380364), (0.9089722, 0.11452718, -0.40081546), (0.9089722, 0.11452718, -0.40081546), (0.9089722, 0.11452718, -0.40081546), (0.71720827, 0.44290203, 0.53800553), (0.71720827, 0.44290203, 0.53800553), (0.71720827, 0.44290203, 0.53800553), (-0.57195026, 0.29367003, 0.76591843), (-0.57195026, 0.29367003, 0.76591843), (-0.57195026, 0.29367003, 0.76591843), (-0.9543356, 0.16261882, -0.25059685), (-0.9543356, 0.16261882, -0.25059685), (-0.9543356, 0.16261882, -0.25059685), (0.22536013, -0.008995864, -0.97423404), (0.22536013, -0.008995864, -0.97423404), (0.22536013, -0.008995864, -0.97423404), (0.8682388, 0.49162343, -0.06684127), (0.8682388, 0.49162343, -0.06684127), (0.8682388, 0.49162343, -0.06684127), (0.85725796, 0.43719283, 0.27197623), (0.85725796, 0.43719283, 0.27197623), (0.85725796, 0.43719283, 0.27197623), (0.88585776, 0.40063822, 0.23397665), (0.88585776, 0.40063822, 0.23397665), (0.88585776, 0.40063822, 0.23397665), (0.049540866, 0.8061033, 0.58969766), (0.049540866, 0.8061033, 0.58969766), (0.049540866, 0.8061033, 0.58969766), (0.030869737, 0.7959897, 0.6045226), (0.030869737, 0.7959897, 0.6045226), (0.030869737, 0.7959897, 0.6045226), (0.08387876, 0.7887062, 0.6090213), (0.08387876, 0.7887062, 0.6090213), (0.08387876, 0.7887062, 0.6090213), (-0.7235745, 0.4566201, 0.5176271), (-0.7235745, 0.4566201, 0.5176271), (-0.7235745, 0.4566201, 0.5176271), (-0.69165605, 0.46913427, 0.54911286), (-0.69165605, 0.46913427, 0.54911286), (-0.69165605, 0.46913427, 0.54911286), (-0.8541416, 0.50454104, -0.12601785), (-0.8541416, 0.50454104, -0.12601785), (-0.8541416, 0.50454104, -0.12601785), (-0.7281978, 0.38640702, -0.5660544), (-0.7281978, 0.38640702, -0.5660544), (-0.7281978, 0.38640702, -0.5660544), (-0.54189205, 0.061665677, -0.8381828), (-0.54189205, 0.061665677, -0.8381828), (-0.54189205, 0.061665677, -0.8381828), (-0.08742737, 0.28610453, -0.9542015), (-0.08742737, 0.28610453, -0.9542015), (-0.08742737, 0.28610453, -0.9542015), (0.43542188, 0.45931304, -0.77423465), (0.43542188, 0.45931304, -0.77423465), (0.43542188, 0.45931304, -0.77423465), (0.8281408, 0.3389734, -0.44640777), (0.8281408, 0.3389734, -0.44640777), (0.8281408, 0.3389734, -0.44640777), (0.72704107, 0.21883997, -0.65078443), (0.72704107, 0.21883997, -0.65078443), (0.72704107, 0.21883997, -0.65078443), (0.33439404, -0.778816, -0.5306848), (0.33439404, -0.778816, -0.5306848), (0.33439404, -0.778816, -0.5306848), (-0.018413648, -0.9772284, -0.21138965), (-0.018413648, -0.9772284, -0.21138965), (-0.018413648, -0.9772284, -0.21138965), (0.116957866, -0.98973525, -0.08212874), (0.116957866, -0.98973525, -0.08212874), (0.116957866, -0.98973525, -0.08212874), (-0.20799986, -0.9781285, -0.00085712154), (-0.20799986, -0.9781285, -0.00085712154), (-0.20799986, -0.9781285, -0.00085712154), (-0.24192545, -0.90735, -0.3437849), (-0.24192545, -0.90735, -0.3437849), (-0.24192545, -0.90735, -0.3437849), (-0.6782639, -0.7151861, 0.16872144), (-0.6782639, -0.7151861, 0.16872144), (-0.6782639, -0.7151861, 0.16872144), (-0.6002054, -0.64411837, 0.47419938), (-0.6002054, -0.64411837, 0.47419938), (-0.6002054, -0.64411837, 0.47419938), (0.1010935, -0.859287, 0.5014039), (0.1010935, -0.859287, 0.5014039), (0.1010935, -0.859287, 0.5014039), (0.21779561, -0.64058036, 0.73635715), (0.21779561, -0.64058036, 0.73635715), (0.21779561, -0.64058036, 0.73635715), (0.5934694, -0.72120243, -0.35729685), (0.5934694, -0.72120243, -0.35729685), (0.5934694, -0.72120243, -0.35729685), (0.27927867, -0.8999792, 0.3347251), (0.27927867, -0.8999792, 0.3347251), (0.27927867, -0.8999792, 0.3347251), (0.14784278, -0.9027369, 0.4039907), (0.14784278, -0.9027369, 0.4039907), (0.14784278, -0.9027369, 0.4039907), (0.23134142, -0.6413755, 0.731518), (0.23134142, -0.6413755, 0.731518), (0.23134142, -0.6413755, 0.731518), (0.45209274, -0.8101536, 0.37318015), (0.45209274, -0.8101536, 0.37318015), (0.45209274, -0.8101536, 0.37318015), (0.63829213, -0.7133524, 0.28932956), (0.63829213, -0.7133524, 0.28932956), (0.63829213, -0.7133524, 0.28932956), (0.9473552, -0.30223355, -0.10570258), (0.9473552, -0.30223355, -0.10570258), (0.9473552, -0.30223355, -0.10570258), (0.3709532, -0.17552358, 0.911913), (0.3709532, -0.17552358, 0.911913), (0.3709532, -0.17552358, 0.911913), (-0.7255224, -0.39628586, 0.5626498), (-0.7255224, -0.39628586, 0.5626498), (-0.7255224, -0.39628586, 0.5626498), (-0.6749305, -0.56189984, -0.47826496), (-0.6749305, -0.56189984, -0.47826496), (-0.6749305, -0.56189984, -0.47826496), (0.39517716, -0.48906854, -0.77759045), (0.39517716, -0.48906854, -0.77759045), (0.39517716, -0.48906854, -0.77759045), (0.9604606, -0.031916767, 0.27658045), (0.9604606, -0.031916767, 0.27658045), (0.9604606, -0.031916767, 0.27658045), (0.14103153, 0.034659367, 0.98939824), (0.14103153, 0.034659367, 0.98939824), (0.14103153, 0.034659367, 0.98939824), (-0.8303745, -0.29704532, 0.47142598), (-0.8303745, -0.29704532, 0.47142598), (-0.8303745, -0.29704532, 0.47142598), (-0.572449, -0.17986757, -0.79996866), (-0.572449, -0.17986757, -0.79996866), (-0.572449, -0.17986757, -0.79996866), (0.6905229, -0.43014878, -0.5815069), (0.6905229, -0.43014878, -0.5815069), (0.6905229, -0.43014878, -0.5815069), (-0.021098536, 0.9975458, 0.0667625), (-0.021098536, 0.9975458, 0.0667625), (-0.021098536, 0.9975458, 0.0667625), (-0.66321886, 0.5825105, -0.46991745), (-0.66321886, 0.5825105, -0.46991745), (-0.66321886, 0.5825105, -0.46991745), (-0.07254408, 0.41907322, -0.9050497), (-0.07254408, 0.41907322, -0.9050497), (-0.07254408, 0.41907322, -0.9050497), (0.49758667, 0.24186777, -0.8330111), (0.49758667, 0.24186777, -0.8330111), (0.49758667, 0.24186777, -0.8330111), (-0.24840695, 0.69624156, -0.673455), (-0.24840695, 0.69624156, -0.673455), (-0.24840695, 0.69624156, -0.673455), (-0.6843721, 0.6072526, -0.40358284), (-0.6843721, 0.6072526, -0.40358284), (-0.6843721, 0.6072526, -0.40358284), (-0.10295927, 0.9867115, -0.12569697), (-0.10295927, 0.9867115, -0.12569697), (-0.10295927, 0.9867115, -0.12569697), (-0.17050529, 0.9819962, 0.08131068), (-0.17050529, 0.9819962, 0.08131068), (-0.17050529, 0.9819962, 0.08131068), (0.2806768, -0.32277343, -0.9039014), (0.2806768, -0.32277343, -0.9039014), (0.2806768, -0.32277343, -0.9039014), (0.072303995, -0.5626407, -0.8235336), (0.072303995, -0.5626407, -0.8235336), (0.072303995, -0.5626407, -0.8235336), (-0.9168136, -0.3829213, -0.113243945), (-0.9168136, -0.3829213, -0.113243945), (-0.9168136, -0.3829213, -0.113243945), (-0.8393919, -0.5263016, 0.1357494), (-0.8393919, -0.5263016, 0.1357494), (-0.8393919, -0.5263016, 0.1357494), (-0.57774186, 0.30527693, 0.756981), (-0.57774186, 0.30527693, 0.756981), (-0.57774186, 0.30527693, 0.756981), (-0.08065351, -0.12201414, 0.98924595), (-0.08065351, -0.12201414, 0.98924595), (-0.08065351, -0.12201414, 0.98924595), (0.5861829, -0.1071097, 0.8030674), (0.5861829, -0.1071097, 0.8030674), (0.5861829, -0.1071097, 0.8030674), (0.817921, -0.31068456, 0.48423186), (0.817921, -0.31068456, 0.48423186), (0.817921, -0.31068456, 0.48423186), (0.94436806, -0.27047792, -0.18711112), (0.94436806, -0.27047792, -0.18711112), (0.94436806, -0.27047792, -0.18711112), (0.72734326, -0.556989, -0.40091753), (0.72734326, -0.556989, -0.40091753), (0.72734326, -0.556989, -0.40091753), (0.56888556, 0.807601, 0.15540223), (0.56888556, 0.807601, 0.15540223), (0.56888556, 0.807601, 0.15540223), (0.46759933, 0.5965865, -0.65225405), (0.46759933, 0.5965865, -0.65225405), (0.46759933, 0.5965865, -0.65225405), (0.5191153, 0.84072053, -0.15397468), (0.5191153, 0.84072053, -0.15397468), (0.5191153, 0.84072053, -0.15397468), (0.7754201, 0.5202642, -0.3578391), (0.7754201, 0.5202642, -0.3578391), (0.7754201, 0.5202642, -0.3578391), (-0.16217113, 0.77740115, -0.6077399), (-0.16217113, 0.77740115, -0.6077399), (-0.16217113, 0.77740115, -0.6077399), (-0.5391285, 0.83928615, 0.070279494), (-0.5391285, 0.83928615, 0.070279494), (-0.5391285, 0.83928615, 0.070279494), (-0.1753283, 0.7600353, 0.62578464), (-0.1753283, 0.7600353, 0.62578464), (-0.1753283, 0.7600353, 0.62578464), (-0.09934158, 0.98581403, 0.1352848), (-0.09934158, 0.98581403, 0.1352848), (-0.09934158, 0.98581403, 0.1352848), (0.09042125, 0.89496195, 0.43688345), (0.09042125, 0.89496195, 0.43688345), (0.09042125, 0.89496195, 0.43688345), (0.473308, 0.8248177, -0.30928206), (0.473308, 0.8248177, -0.30928206), (0.473308, 0.8248177, -0.30928206), (0.59230316, 0.7459903, -0.30442613), (0.59230316, 0.7459903, -0.30442613), (0.59230316, 0.7459903, -0.30442613), (0.45061377, 0.8735351, -0.18407552), (0.45061377, 0.8735351, -0.18407552), (0.45061377, 0.8735351, -0.18407552), (0.008092038, -0.956528, -0.29152834), (0.008092038, -0.956528, -0.29152834), (0.008092038, -0.956528, -0.29152834), (0.27581486, -0.9586822, 0.069675766), (0.27581486, -0.9586822, 0.069675766), (0.27581486, -0.9586822, 0.069675766), (0.033343755, -0.9587009, -0.2824551), (0.033343755, -0.9587009, -0.2824551), (0.033343755, -0.9587009, -0.2824551), (0.053526767, -0.77403, -0.63088214), (0.053526767, -0.77403, -0.63088214), (0.053526767, -0.77403, -0.63088214), (-0.41313955, -0.9048199, -0.10303731), (-0.41313955, -0.9048199, -0.10303731), (-0.41313955, -0.9048199, -0.10303731), (0.96358955, -0.06074359, -0.26039463), (0.96358955, -0.06074359, -0.26039463), (0.96358955, -0.06074359, -0.26039463), (0.69360495, -0.08237009, 0.71563077), (0.69360495, -0.08237009, 0.71563077), (0.69360495, -0.08237009, 0.71563077), (-0.60179836, 0.14849997, 0.78472066), (-0.60179836, 0.14849997, 0.78472066), (-0.60179836, 0.14849997, 0.78472066), (-0.7967133, 0.5679369, -0.20662904), (-0.7967133, 0.5679369, -0.20662904), (-0.7967133, 0.5679369, -0.20662904), (0.4011578, 0.29597336, -0.8668749), (0.4011578, 0.29597336, -0.8668749), (0.4011578, 0.29597336, -0.8668749), (0.96883327, 0.14379807, 0.20170316), (0.96883327, 0.14379807, 0.20170316), (0.96883327, 0.14379807, 0.20170316), (0.8757104, -0.031565282, 0.48180372), (0.8757104, -0.031565282, 0.48180372), (0.8757104, -0.031565282, 0.48180372), (0.8993933, -0.057741042, 0.43330997), (0.8993933, -0.057741042, 0.43330997), (0.8993933, -0.057741042, 0.43330997), (0.1637, 0.43851814, 0.8836878), (0.1637, 0.43851814, 0.8836878), (0.1637, 0.43851814, 0.8836878), (0.14034806, 0.43056944, 0.8915786), (0.14034806, 0.43056944, 0.8915786), (0.14034806, 0.43056944, 0.8915786), (0.18697138, 0.40420783, 0.8953534), (0.18697138, 0.40420783, 0.8953534), (0.18697138, 0.40420783, 0.8953534), (-0.6473265, 0.4372678, 0.62431175), (-0.6473265, 0.4372678, 0.62431175), (-0.6473265, 0.4372678, 0.62431175), (-0.6200405, 0.424515, 0.6598006), (-0.6200405, 0.424515, 0.6598006), (-0.6200405, 0.424515, 0.6598006), (-0.628301, 0.7756734, 0.059737265), (-0.628301, 0.7756734, 0.059737265), (-0.628301, 0.7756734, 0.059737265), (-0.45761085, 0.80378044, -0.38016993), (-0.45761085, 0.80378044, -0.38016993), (-0.45761085, 0.80378044, -0.38016993), (-0.3236003, 0.56909543, -0.75591874), (-0.3236003, 0.56909543, -0.75591874), (-0.3236003, 0.56909543, -0.75591874), (0.19000657, 0.6480968, -0.737474), (0.19000657, 0.6480968, -0.737474), (0.19000657, 0.6480968, -0.737474), (0.6941994, 0.5437117, -0.47166166), (0.6941994, 0.5437117, -0.47166166), (0.6941994, 0.5437117, -0.47166166), (0.9620845, 0.17641455, -0.20801765), (0.9620845, 0.17641455, -0.20801765), (0.9620845, 0.17641455, -0.20801765), (0.87299573, 0.18924056, -0.44951802), (0.87299573, 0.18924056, -0.44951802), (0.87299573, 0.18924056, -0.44951802), (0.19200902, -0.5716251, -0.7977326), (0.19200902, -0.5716251, -0.7977326), (0.19200902, -0.5716251, -0.7977326), (-0.2590884, -0.743397, -0.6166312), (-0.2590884, -0.743397, -0.6166312), (-0.2590884, -0.743397, -0.6166312), (-0.16155222, -0.85169035, -0.49852225), (-0.16155222, -0.85169035, -0.49852225), (-0.16155222, -0.85169035, -0.49852225), (-0.47850922, -0.76089156, -0.43826136), (-0.47850922, -0.76089156, -0.43826136), (-0.47850922, -0.76089156, -0.43826136), (-0.42187113, -0.554406, -0.7173973), (-0.42187113, -0.554406, -0.7173973), (-0.42187113, -0.554406, -0.7173973), (-0.8760241, -0.4401336, -0.1971399), (-0.8760241, -0.4401336, -0.1971399), (-0.8760241, -0.4401336, -0.1971399), (-0.84275734, -0.526394, 0.11255786), (-0.84275734, -0.526394, 0.11255786), (-0.84275734, -0.526394, 0.11255786), (-0.2540004, -0.963746, 0.08171554), (-0.2540004, -0.963746, 0.08171554), (-0.2540004, -0.963746, 0.08171554), (-0.12774284, -0.9099822, 0.39447978), (-0.12774284, -0.9099822, 0.39447978), (-0.12774284, -0.9099822, 0.39447978), (0.41698617, -0.68039376, -0.60264987), (0.41698617, -0.68039376, -0.60264987), (0.41698617, -0.68039376, -0.60264987), (-0.06600523, -0.9949209, -0.07599812), (-0.06600523, -0.9949209, -0.07599812), (-0.06600523, -0.9949209, -0.07599812), (-0.2035725, -0.9788087, -0.022171486), (-0.2035725, -0.9788087, -0.022171486), (-0.2035725, -0.9788087, -0.022171486), (-0.114333406, -0.91346395, 0.3905271), (-0.114333406, -0.91346395, 0.3905271), (-0.114333406, -0.91346395, 0.3905271), (0.11425664, -0.9934255, 0.007156636), (0.11425664, -0.9934255, 0.007156636), (0.11425664, -0.9934255, 0.007156636), (0.33328333, -0.94269425, -0.015804932), (0.33328333, -0.94269425, -0.015804932), (0.33328333, -0.94269425, -0.015804932), (0.82015145, -0.54482466, -0.1746933), (0.82015145, -0.54482466, -0.1746933), (0.82015145, -0.54482466, -0.1746933), (0.1159163, -0.6356882, 0.7631933), (0.1159163, -0.6356882, 0.7631933), (0.1159163, -0.6356882, 0.7631933), (-0.90564585, -0.3064136, 0.29311508), (-0.90564585, -0.3064136, 0.29311508), (-0.90564585, -0.3064136, 0.29311508), (-0.7003858, -0.057111654, -0.7114759), (-0.7003858, -0.057111654, -0.7114759), (-0.7003858, -0.057111654, -0.7114759), (0.38188383, -0.24907406, -0.8900151), (0.38188383, -0.24907406, -0.8900151), (0.38188383, -0.24907406, -0.8900151), (0.83524746, -0.46888217, 0.2872477), (0.83524746, -0.46888217, 0.2872477), (0.83524746, -0.46888217, 0.2872477), (-0.053671785, -0.40718618, 0.9117669), (-0.053671785, -0.40718618, 0.9117669), (-0.053671785, -0.40718618, 0.9117669), (-0.95695555, -0.14971764, 0.24863766), (-0.95695555, -0.14971764, 0.24863766), (-0.95695555, -0.14971764, 0.24863766), (-0.42988428, 0.35892433, -0.8284762), (-0.42988428, 0.35892433, -0.8284762), (-0.42988428, 0.35892433, -0.8284762), (0.6367022, -0.37820753, -0.6719891), (0.6367022, -0.37820753, -0.6719891), (0.6367022, -0.37820753, -0.6719891), (0.25660953, 0.8311045, 0.493373), (0.25660953, 0.8311045, 0.493373), (0.25660953, 0.8311045, 0.493373), (-0.3588689, 0.9106403, -0.20481072), (-0.3588689, 0.9106403, -0.20481072), (-0.3588689, 0.9106403, -0.20481072), (0.2328146, 0.7369622, -0.6345739), (0.2328146, 0.7369622, -0.6345739), (0.2328146, 0.7369622, -0.6345739), (0.70091075, 0.35990107, -0.6157883), (0.70091075, 0.35990107, -0.6157883), (0.70091075, 0.35990107, -0.6157883), (0.10279307, 0.9433756, -0.31539828), (0.10279307, 0.9433756, -0.31539828), (0.10279307, 0.9433756, -0.31539828), (-0.38461742, 0.913063, -0.1355929), (-0.38461742, 0.913063, -0.1355929), (-0.38461742, 0.913063, -0.1355929), (0.21490514, 0.9257102, 0.31124973), (0.21490514, 0.9257102, 0.31124973), (0.21490514, 0.9257102, 0.31124973), (0.10933333, 0.86399865, 0.49148), (0.10933333, 0.86399865, 0.49148), (0.10933333, 0.86399865, 0.49148), (0.3479458, -0.018137956, -0.9373391), (0.3479458, -0.018137956, -0.9373391), (0.3479458, -0.018137956, -0.9373391), (0.06731969, -0.18170892, -0.98104537), (0.06731969, -0.18170892, -0.98104537), (0.06731969, -0.18170892, -0.98104537), (-0.947124, 0.03625962, -0.31881255), (-0.947124, 0.03625962, -0.31881255), (-0.947124, 0.03625962, -0.31881255), (-0.96552706, -0.21036118, -0.15331595), (-0.96552706, -0.21036118, -0.15331595), (-0.96552706, -0.21036118, -0.15331595), (-0.6020814, 0.16390166, 0.78143084), (-0.6020814, 0.16390166, 0.78143084), (-0.6020814, 0.16390166, 0.78143084), (-0.30667585, -0.46369222, 0.8312277), (-0.30667585, -0.46369222, 0.8312277), (-0.30667585, -0.46369222, 0.8312277), (0.35882077, -0.6094235, 0.70700127), (0.35882077, -0.6094235, 0.70700127), (0.35882077, -0.6094235, 0.70700127), (0.5797815, -0.7383274, 0.34456655), (0.5797815, -0.7383274, 0.34456655), (0.5797815, -0.7383274, 0.34456655), (0.8426807, -0.48482528, -0.23416585), (0.8426807, -0.48482528, -0.23416585), (0.8426807, -0.48482528, -0.23416585), (0.59862256, -0.56983757, -0.5629709), (0.59862256, -0.56983757, -0.5629709), (0.59862256, -0.56983757, -0.5629709), (0.7363113, 0.42979133, 0.5226136), (0.7363113, 0.42979133, 0.5226136), (0.7363113, 0.42979133, 0.5226136), (0.74003875, 0.60169584, -0.30050734), (0.74003875, 0.60169584, -0.30050734), (0.74003875, 0.60169584, -0.30050734), (0.76054436, 0.5965374, 0.25634986), (0.76054436, 0.5965374, 0.25634986), (0.76054436, 0.5965374, 0.25634986), (0.94782656, 0.31445754, -0.052356634), (0.94782656, 0.31445754, -0.052356634), (0.94782656, 0.31445754, -0.052356634), (0.1940855, 0.95684737, -0.21627292), (0.1940855, 0.95684737, -0.21627292), (0.1940855, 0.95684737, -0.21627292), (-0.27503133, 0.8746433, 0.39919508), (-0.27503133, 0.8746433, 0.39919508), (-0.27503133, 0.8746433, 0.39919508), (-0.0673517, 0.46315613, 0.8837139), (-0.0673517, 0.46315613, 0.8837139), (-0.0673517, 0.46315613, 0.8837139), (0.16639102, 0.82140255, 0.5455381), (0.16639102, 0.82140255, 0.5455381), (0.16639102, 0.82140255, 0.5455381), (0.25800568, 0.559936, 0.78734034), (0.25800568, 0.559936, 0.78734034), (0.25800568, 0.559936, 0.78734034), (0.743771, 0.65975463, 0.10737089), (0.743771, 0.65975463, 0.10737089), (0.743771, 0.65975463, 0.10737089), (0.831336, 0.54939777, 0.08391916), (0.831336, 0.54939777, 0.08391916), (0.831336, 0.54939777, 0.08391916), (0.71189404, 0.66006297, 0.23984118), (0.71189404, 0.66006297, 0.23984118), (0.71189404, 0.66006297, 0.23984118), (0.052550353, -0.844787, 0.53251606), (0.052550353, -0.844787, 0.53251606), (0.052550353, -0.844787, 0.53251606), (0.6282226, -0.72205764, 0.28977424), (0.6282226, -0.72205764, 0.28977424), (0.6282226, -0.72205764, 0.28977424), (-0.44569874, -0.8724061, 0.20064935), (-0.44569874, -0.8724061, 0.20064935), (-0.44569874, -0.8724061, 0.20064935), (-0.4331117, -0.8911074, 0.13543178), (-0.4331117, -0.8911074, 0.13543178), (-0.4331117, -0.8911074, 0.13543178), (0.045813248, -0.9951969, -0.086512454), (0.045813248, -0.9951969, -0.086512454), (0.045813248, -0.9951969, -0.086512454), (0.97581303, 0.06989011, 0.2071335), (0.97581303, 0.06989011, 0.2071335), (0.97581303, 0.06989011, 0.2071335), (-0.038426537, -0.44222483, -0.8960807), (-0.038426537, -0.44222483, -0.8960807), (-0.038426537, -0.44222483, -0.8960807), (0.91343707, 0.17592959, 0.3669896), (0.91343707, 0.17592959, 0.3669896), (0.91343707, 0.17592959, 0.3669896), (0.8909328, -0.12413839, -0.43683907), (0.8909328, -0.12413839, -0.43683907), (0.8909328, -0.12413839, -0.43683907), (-0.8206317, -0.116558865, 0.559444), (-0.8206317, -0.116558865, 0.559444), (-0.8206317, -0.116558865, 0.559444), (-0.83706445, -0.30429488, -0.4546731), (-0.83706445, -0.30429488, -0.4546731), (-0.83706445, -0.30429488, -0.4546731), (-0.57985264, 0.17614694, 0.7954516), (-0.57985264, 0.17614694, 0.7954516), (-0.57985264, 0.17614694, 0.7954516), (0.16316341, 0.3965918, 0.9033785), (0.16316341, 0.3965918, 0.9033785), (0.16316341, 0.3965918, 0.9033785), (-0.27580166, 0.5994538, 0.75139105), (-0.27580166, 0.5994538, 0.75139105), (-0.27580166, 0.5994538, 0.75139105), (-0.91418666, -0.10275796, 0.39205036), (-0.91418666, -0.10275796, 0.39205036), (-0.91418666, -0.10275796, 0.39205036), (-0.9183314, -0.28956652, 0.26984975), (-0.9183314, -0.28956652, 0.26984975), (-0.9183314, -0.28956652, 0.26984975), (-0.8969915, -0.2111049, -0.3883825), (-0.8969915, -0.2111049, -0.3883825), (-0.8969915, -0.2111049, -0.3883825), (-0.6496825, -0.2090508, -0.73089695), (-0.6496825, -0.2090508, -0.73089695), (-0.6496825, -0.2090508, -0.73089695), (-0.37291005, -0.3262413, -0.8686223), (-0.37291005, -0.3262413, -0.8686223), (-0.37291005, -0.3262413, -0.8686223), (-0.20940857, -0.21813121, -0.95318764), (-0.20940857, -0.21813121, -0.95318764), (-0.20940857, -0.21813121, -0.95318764), (0.6666484, 0.72022355, 0.19198395), (0.6666484, 0.72022355, 0.19198395), (0.6666484, 0.72022355, 0.19198395), (0.78890604, 0.6129571, 0.043712955), (0.78890604, 0.6129571, 0.043712955), (0.78890604, 0.6129571, 0.043712955), (-0.37419116, 0.8264607, 0.42064655), (-0.37419116, 0.8264607, 0.42064655), (-0.37419116, 0.8264607, 0.42064655), (0.44475356, 0.5966102, -0.6680199), (0.44475356, 0.5966102, -0.6680199), (0.44475356, 0.5966102, -0.6680199), (0.5850658, 0.7558223, -0.29399082), (0.5850658, 0.7558223, -0.29399082), (0.5850658, 0.7558223, -0.29399082), (0.7079309, 0.67351466, -0.2126309), (0.7079309, 0.67351466, -0.2126309), (0.7079309, 0.67351466, -0.2126309), (0.011296207, 0.7025844, -0.7115108), (0.011296207, 0.7025844, -0.7115108), (0.011296207, 0.7025844, -0.7115108), (0.8202708, 0.107093364, 0.56186026), (0.8202708, 0.107093364, 0.56186026), (0.8202708, 0.107093364, 0.56186026), (-0.15718332, -0.4426135, 0.8828288), (-0.15718332, -0.4426135, 0.8828288), (-0.15718332, -0.4426135, 0.8828288), (0.8715694, -0.08423228, 0.48298204), (0.8715694, -0.08423228, 0.48298204), (0.8715694, -0.08423228, 0.48298204), (0.88242894, -0.4106006, -0.22962205), (0.88242894, -0.4106006, -0.22962205), (0.88242894, -0.4106006, -0.22962205), (0.12021588, -0.8564786, -0.50198877), (0.12021588, -0.8564786, -0.50198877), (0.12021588, -0.8564786, -0.50198877), (0.43158847, -0.70675457, -0.56056154), (0.43158847, -0.70675457, -0.56056154), (0.43158847, -0.70675457, -0.56056154), (0.3881648, -0.19312547, -0.90112746), (0.3881648, -0.19312547, -0.90112746), (0.3881648, -0.19312547, -0.90112746), (-0.7240493, -0.26039338, -0.63870794), (-0.7240493, -0.26039338, -0.63870794), (-0.7240493, -0.26039338, -0.63870794), (-0.6132439, -0.78165686, 0.113773435), (-0.6132439, -0.78165686, 0.113773435), (-0.6132439, -0.78165686, 0.113773435), (-0.6661238, -0.7292962, 0.15622449), (-0.6661238, -0.7292962, 0.15622449), (-0.6661238, -0.7292962, 0.15622449), (-0.696096, -0.7125351, 0.0880005), (-0.696096, -0.7125351, 0.0880005), (-0.696096, -0.7125351, 0.0880005), (-0.47876582, -0.845095, 0.23790266), (-0.47876582, -0.845095, 0.23790266), (-0.47876582, -0.845095, 0.23790266), (-0.13424303, -0.62502766, 0.7689729), (-0.13424303, -0.62502766, 0.7689729), (-0.13424303, -0.62502766, 0.7689729), (0.7024741, -0.688687, -0.1795558), (0.7024741, -0.688687, -0.1795558), (0.7024741, -0.688687, -0.1795558), (0.5802443, -0.7961016, 0.17186834), (0.5802443, -0.7961016, 0.17186834), (0.5802443, -0.7961016, 0.17186834), (0.30336156, -0.939001, 0.16201444), (0.30336156, -0.939001, 0.16201444), (0.30336156, -0.939001, 0.16201444), (0.5518275, -0.2796957, 0.7856569), (0.5518275, -0.2796957, 0.7856569), (0.5518275, -0.2796957, 0.7856569), (0.09168933, 0.018127898, 0.9956227), (0.09168933, 0.018127898, 0.9956227), (0.09168933, 0.018127898, 0.9956227), (-0.18926291, -0.23694143, 0.9529105), (-0.18926291, -0.23694143, 0.9529105), (-0.18926291, -0.23694143, 0.9529105), (0.51203793, -0.3848678, 0.7679154), (0.51203793, -0.3848678, 0.7679154), (0.51203793, -0.3848678, 0.7679154), (-0.956648, -0.18244676, 0.22701907), (-0.956648, -0.18244676, 0.22701907), (-0.956648, -0.18244676, 0.22701907), (-0.6823981, -0.3859382, -0.6207934), (-0.6823981, -0.3859382, -0.6207934), (-0.6823981, -0.3859382, -0.6207934), (0.14640623, -0.31572604, 0.9374872), (0.14640623, -0.31572604, 0.9374872), (0.14640623, -0.31572604, 0.9374872), (-0.9388502, -0.20116341, 0.27945206), (-0.9388502, -0.20116341, 0.27945206), (-0.9388502, -0.20116341, 0.27945206), (-0.36677954, -0.09043151, -0.9259023), (-0.36677954, -0.09043151, -0.9259023), (-0.36677954, -0.09043151, -0.9259023), (-0.2809394, 0.7025715, 0.65380913), (-0.2809394, 0.7025715, 0.65380913), (-0.2809394, 0.7025715, 0.65380913), (-0.70075905, 0.5484062, -0.4562756), (-0.6993985, 0.5484409, -0.45831695), (-0.7023151, 0.54836357, -0.45392832), (0.3170646, 0.9275271, -0.19789782), (0.3170646, 0.9275271, -0.19789782), (0.3170646, 0.9275271, -0.19789782), (0.0001667295, 0.9829525, -0.1838595), (0.0001667295, 0.9829525, -0.1838595), (0.0001667295, 0.9829525, -0.1838595), (-0.04453269, 0.8112015, -0.5830685), (-0.04453269, 0.8112015, -0.5830685), (-0.04453269, 0.8112015, -0.5830685), (-0.69922376, 0.5484438, -0.4585798), (-0.6993985, 0.5484409, -0.45831695), (-0.70075905, 0.5484062, -0.4562756), (-0.19878456, 0.979607, 0.02923653), (-0.19878456, 0.979607, 0.02923653), (-0.19878456, 0.979607, 0.02923653), (-0.4993977, 0.8637178, 0.06777556), (-0.4993977, 0.8637178, 0.06777556), (-0.4993977, 0.8637178, 0.06777556), (-0.6169191, 0.7448885, 0.25407082), (-0.6169191, 0.7448885, 0.25407082), (-0.6169191, 0.7448885, 0.25407082), (-0.09356335, 0.9468677, 0.30771315), (-0.09356335, 0.9468677, 0.30771315), (-0.09356335, 0.9468677, 0.30771315), (-0.22316581, 0.73940015, 0.63520414), (-0.22316581, 0.73940015, 0.63520414), (-0.22316581, 0.73940015, 0.63520414), (0.42880976, 0.9003371, 0.07426622), (0.42880976, 0.9003371, 0.07426622), (0.42880976, 0.9003371, 0.07426622), (0.7814498, 0.5803171, -0.22927772), (0.7814498, 0.5803171, -0.22927772), (0.7814498, 0.5803171, -0.22927772), (0.85091954, 0.26021177, -0.45631766), (0.85091954, 0.26021177, -0.45631766), (0.85091954, 0.26021177, -0.45631766), (0.5707111, 0.25136572, -0.7817315), (0.5707111, 0.25136572, -0.7817315), (0.5707111, 0.25136572, -0.7817315), (0.7490894, 0.51948154, 0.411101), (0.7490894, 0.51948154, 0.411101), (0.7490894, 0.51948154, 0.411101), (0.21346225, -0.41189462, -0.8858762), (0.21346225, -0.41189462, -0.8858762), (0.21346225, -0.41189462, -0.8858762), (0.18983261, -0.5434182, -0.81771654), (0.18983261, -0.5434182, -0.81771654), (0.18983261, -0.5434182, -0.81771654), (0.30836222, -0.4421159, -0.8422864), (0.30836222, -0.4421159, -0.8422864), (0.30836222, -0.4421159, -0.8422864), (-0.8499384, -0.24441156, -0.46676296), (-0.8499384, -0.24441156, -0.46676296), (-0.8499384, -0.24441156, -0.46676296), (-0.85034436, -0.5140985, 0.112326376), (-0.85034436, -0.5140985, 0.112326376), (-0.85034436, -0.5140985, 0.112326376), (-0.8594776, 0.022360576, 0.5106842), (-0.8594776, 0.022360576, 0.5106842), (-0.8594776, 0.022360576, 0.5106842), (-0.18972251, -0.48712918, 0.85247326), (-0.18972251, -0.48712918, 0.85247326), (-0.18972251, -0.48712918, 0.85247326), (0.15681468, -0.31705785, 0.9353521), (0.15681468, -0.31705785, 0.9353521), (0.15681468, -0.31705785, 0.9353521), (0.12660463, -0.6053277, 0.7858432), (0.12660463, -0.6053277, 0.7858432), (0.12660463, -0.6053277, 0.7858432), (0.82608455, 0.45830134, 0.3279391), (0.82608455, 0.45830134, 0.3279391), (0.82608455, 0.45830134, 0.3279391), (-0.069457605, -0.8447879, -0.5305743), (-0.069457605, -0.8447879, -0.5305743), (-0.069457605, -0.8447879, -0.5305743), (-0.637122, -0.72205657, -0.26964787), (-0.637122, -0.72205657, -0.26964787), (-0.637122, -0.72205657, -0.26964787), (0.43909383, -0.8724058, -0.21472), (0.43909383, -0.8724058, -0.21472), (0.43909383, -0.8724058, -0.21472), (0.42858508, -0.8911076, -0.14913793), (0.42858508, -0.8911076, -0.14913793), (0.42858508, -0.8911076, -0.14913793), (-0.043039456, -0.9951969, 0.08792543), (-0.043039456, -0.9951969, 0.08792543), (-0.043039456, -0.9951969, 0.08792543), (-0.9819072, 0.06989029, -0.17599349), (-0.9819072, 0.06989029, -0.17599349), (-0.9819072, 0.06989029, -0.17599349), (0.06690296, -0.44222823, 0.8944038), (0.06690296, -0.44222823, 0.8944038), (0.06690296, -0.44222823, 0.8944038), (-0.9246467, 0.17592967, -0.3377535), (-0.9246467, 0.17592967, -0.3377535), (-0.9246467, 0.17592967, -0.3377535), (-0.8765895, -0.12413827, 0.46495235), (-0.8765895, -0.12413827, 0.46495235), (-0.8765895, -0.12413827, 0.46495235), (0.8024247, -0.11655874, -0.5852596), (0.8024247, -0.11655874, -0.5852596), (0.8024247, -0.11655874, -0.5852596), (0.8511008, -0.3042961, 0.42782152), (0.8511008, -0.3042961, 0.42782152), (0.8511008, -0.3042961, 0.42782152), (0.5542607, 0.17614578, -0.8134911), (0.5542607, 0.17614578, -0.8134911), (0.5542607, 0.17614578, -0.8134911), (-0.19180997, 0.3965925, -0.8977324), (-0.19180997, 0.3965925, -0.8977324), (-0.19180997, 0.3965925, -0.8977324), (0.25176537, 0.5994538, -0.75978243), (0.25176537, 0.5994538, -0.75978243), (0.25176537, 0.5994538, -0.75978243), (0.9012562, -0.10275783, -0.42092538), (0.9012562, -0.10275783, -0.42092538), (0.9012562, -0.10275783, -0.42092538), (0.9092853, -0.2895662, -0.2989175), (0.9092853, -0.2895662, -0.2989175), (0.9092853, -0.2895662, -0.2989175), (0.90888906, -0.2111061, 0.35965925), (0.90888906, -0.2111061, 0.35965925), (0.90888906, -0.2111061, 0.35965925), (0.67259794, -0.20905113, 0.70986587), (0.67259794, -0.20905113, 0.70986587), (0.67259794, -0.20905113, 0.70986587), (0.40034717, -0.32624108, 0.85632294), (0.40034717, -0.32624108, 0.85632294), (0.40034717, -0.32624108, 0.85632294), (0.23961578, -0.2181299, 0.94604635), (0.23961578, -0.2181299, 0.94604635), (0.23961578, -0.2181299, 0.94604635), (-0.67241514, 0.72022504, -0.17068616), (-0.67241514, 0.72022504, -0.17068616), (-0.67241514, 0.72022504, -0.17068616), (-0.7898981, 0.6129559, -0.018600723), (-0.7898981, 0.6129559, -0.018600723), (-0.7898981, 0.6129559, -0.018600723), (0.36062482, 0.8264598, -0.43233538), (0.36062482, 0.8264598, -0.43233538), (0.36062482, 0.8264598, -0.43233538), (-0.42328486, 0.5966094, 0.6818263), (-0.42328486, 0.5966094, 0.6818263), (-0.42328486, 0.5966094, 0.6818263), (-0.57541984, 0.75582236, 0.3124492), (-0.57541984, 0.75582236, 0.3124492), (-0.57541984, 0.75582236, 0.3124492), (-0.70081043, 0.67351437, 0.23503856), (-0.70081043, 0.67351437, 0.23503856), (-0.70081043, 0.67351437, 0.23503856), (0.011336137, 0.7025838, 0.7115108), (0.011336137, 0.7025838, 0.7115108), (0.011336137, 0.7025838, 0.7115108), (-0.8377256, 0.107094064, -0.53548735), (-0.8377256, 0.107094064, -0.53548735), (-0.8377256, 0.107094064, -0.53548735), (0.12902647, -0.44261444, -0.8873807), (0.12902647, -0.44261444, -0.8873807), (0.12902647, -0.44261444, -0.8873807), (-0.88648844, -0.08423325, -0.45501983), (-0.88648844, -0.08423325, -0.45501983), (-0.88648844, -0.08423325, -0.45501983), (-0.87467957, -0.4106025, 0.25756827), (-0.87467957, -0.4106025, 0.25756827), (-0.87467957, -0.4106025, 0.25756827), (-0.10419908, -0.8564776, 0.50555784), (-0.10419908, -0.8564776, 0.50555784), (-0.10419908, -0.8564776, 0.50555784), (-0.41353968, -0.7067571, 0.5740028), (-0.41353968, -0.7067571, 0.5740028), (-0.41353968, -0.7067571, 0.5740028), (-0.35931012, -0.19312946, 0.9130155), (-0.35931012, -0.19312946, 0.9130155), (-0.35931012, -0.19312946, 0.9130155), (0.74399424, -0.26039624, 0.61535865), (0.74399424, -0.26039624, 0.61535865), (0.74399424, -0.26039624, 0.61535865), (0.6093156, -0.7816567, -0.1332194), (0.6093156, -0.7816567, -0.1332194), (0.6093156, -0.7816567, -0.1332194), (0.66081667, -0.72929734, -0.17733195), (0.66081667, -0.72929734, -0.17733195), (0.66081667, -0.72929734, -0.17733195), (0.6929457, -0.712535, -0.11009076), (0.6929457, -0.712535, -0.11009076), (0.6929457, -0.712535, -0.11009076), (0.47095677, -0.8450961, -0.2530068), (0.47095677, -0.8450961, -0.2530068), (0.47095677, -0.8450961, -0.2530068), (0.10971687, -0.6250267, -0.7728543), (0.10971687, -0.6250267, -0.7728543), (0.10971687, -0.6250267, -0.7728543), (-0.6964083, -0.6886872, 0.20180559), (-0.6964083, -0.6886872, 0.20180559), (-0.6964083, -0.6886872, 0.20180559), (-0.5854168, -0.7961016, -0.15332767), (-0.5854168, -0.7961016, -0.15332767), (-0.5854168, -0.7961016, -0.15332767), (-0.308359, -0.9390018, -0.15228419), (-0.308359, -0.9390018, -0.15228419), (-0.308359, -0.9390018, -0.15228419), (-0.57653135, -0.27969867, -0.7677111), (-0.57653135, -0.27969867, -0.7677111), (-0.57653135, -0.27969867, -0.7677111), (-0.1233075, 0.018124398, -0.992203), (-0.1233075, 0.018124398, -0.992203), (-0.1233075, 0.018124398, -0.992203), (0.15885887, -0.23694219, -0.9584479), (0.15885887, -0.23694219, -0.9584479), (0.15885887, -0.23694219, -0.9584479), (-0.5362024, -0.38486764, -0.75124156), (-0.5362024, -0.38486764, -0.75124156), (-0.5362024, -0.38486764, -0.75124156), (0.9489442, -0.18244947, -0.2573268), (0.9489442, -0.18244947, -0.2573268), (0.9489442, -0.18244947, -0.2573268), (0.70179456, -0.38593966, 0.5987779), (0.70179456, -0.38593966, 0.5987779), (0.70179456, -0.38593966, 0.5987779), (-0.17614572, -0.31572708, -0.9323567), (-0.17614572, -0.31572708, -0.9323567), (-0.17614572, -0.31572708, -0.9323567), (0.929488, -0.2011659, -0.30916718), (0.929488, -0.2011659, -0.30916718), (0.929488, -0.2011659, -0.30916718), (0.39604014, -0.0904331, 0.9137691), (0.39604014, -0.0904331, 0.9137691), (0.39604014, -0.0904331, 0.9137691), (0.2600028, 0.7025725, -0.66241246), (0.2600028, 0.7025725, -0.66241246), (0.2600028, 0.7025725, -0.66241246), (0.71491444, 0.5484077, 0.4337584), (0.7136455, 0.5484407, 0.4358015), (0.7163954, 0.5483653, 0.4313621), (-0.31061056, 0.9275269, 0.20788182), (-0.31061056, 0.9275269, 0.20788182), (-0.31061056, 0.9275269, 0.20788182), (0.0056811897, 0.9829525, 0.18377192), (0.0056811897, 0.9829525, 0.18377192), (0.0056811897, 0.9829525, 0.18377192), (0.06305518, 0.8112015, 0.5813571), (0.06305518, 0.8112015, 0.5813571), (0.06305518, 0.8112015, 0.5813571), (0.713453, 0.54844505, 0.436111), (0.7136455, 0.5484407, 0.4358015), (0.71491444, 0.5484077, 0.4337584), (0.19775593, 0.9796067, -0.03554465), (0.19775593, 0.9796067, -0.03554465), (0.19775593, 0.9796067, -0.03554465), (0.49698773, 0.86371887, -0.08362356), (0.49698773, 0.86371887, -0.08362356), (0.49698773, 0.86371887, -0.08362356), (0.60852665, 0.74488896, -0.27356136), (0.60852665, 0.74488896, -0.27356136), (0.60852665, 0.74488896, -0.27356136), (0.08373017, 0.94686675, -0.31053585), (0.08373017, 0.94686675, -0.31053585), (0.08373017, 0.94686675, -0.31053585), (0.20285259, 0.73940057, -0.64197946), (0.20285259, 0.73940057, -0.64197946), (0.20285259, 0.73940057, -0.64197946), (-0.4309539, 0.9003373, -0.0605928), (-0.4309539, 0.9003373, -0.0605928), (-0.4309539, 0.9003373, -0.0605928), (-0.7737614, 0.58031905, 0.25401393), (-0.7737614, 0.58031905, 0.25401393), (-0.7737614, 0.58031905, 0.25401393), (-0.83597696, 0.26021442, 0.483147), (-0.83597696, 0.26021442, 0.483147), (-0.83597696, 0.26021442, 0.483147), (-0.5455611, 0.2513694, 0.7994852), (-0.5455611, 0.2513694, 0.7994852), (-0.5455611, 0.2513694, 0.7994852), (-0.7617832, 0.5194833, -0.38707027), (-0.7617832, 0.5194833, -0.38707027), (-0.7617832, 0.5194833, -0.38707027), (-0.18518063, -0.4118943, 0.8922171), (-0.18518063, -0.4118943, 0.8922171), (-0.18518063, -0.4118943, 0.8922171), (-0.16373023, -0.5434191, 0.8233395), (-0.16373023, -0.5434191, 0.8233395), (-0.16373023, -0.5434191, 0.8233395), (-0.28141683, -0.4421181, 0.8516667), (-0.28141683, -0.4421181, 0.8516667), (-0.28141683, -0.4421181, 0.8516667), (0.86435235, -0.24441297, 0.43949673), (0.86435235, -0.24441297, 0.43949673), (0.86435235, -0.24441297, 0.43949673), (0.84634155, -0.51409906, -0.13931295), (0.84634155, -0.51409906, -0.13931295), (0.84634155, -0.51409906, -0.13931295), (0.84280056, 0.022359887, -0.53776145), (0.84280056, 0.022359887, -0.53776145), (0.84280056, 0.022359887, -0.53776145), (0.16251644, -0.48712906, -0.8580755), (0.16251644, -0.48712906, -0.8580755), (0.16251644, -0.48712906, -0.8580755), (-0.18648484, -0.31705737, -0.9298914), (-0.18648484, -0.31705737, -0.9298914), (-0.18648484, -0.31705737, -0.9298914), (-0.15153337, -0.6053284, -0.7814187), (-0.15153337, -0.6053284, -0.7814187), (-0.15153337, -0.6053284, -0.7814187), (-0.83609426, 0.45830467, -0.3015016), (-0.83609426, 0.45830467, -0.3015016), (-0.83609426, 0.45830467, -0.3015016), (0.6004754, -0.039195348, 0.79868203), (0.60047853, -0.039199345, 0.7986795), (0.6004747, -0.03919559, 0.7986825), (0.5979121, -0.027012618, 0.8011065), (0.58088934, -0.03235962, 0.81333905), (0.5979308, -0.027013723, 0.80109245), (0.59794503, -0.02701487, 0.8010817), (0.5979398, -0.027013335, 0.8010856), (0.6004754, -0.039195348, 0.79868203), (0.6004747, -0.03919559, 0.7986825), (0.600495, -0.03920665, 0.7986667), (0.098519474, 0.08572313, 0.99143606), (0.098534435, 0.08572041, 0.99143475), (0.0985033, 0.0857277, 0.99143726), (0.098519474, 0.08572313, 0.99143606), (0.0985033, 0.0857277, 0.99143726), (0.0985053, 0.08572431, 0.9914374), (-0.996507, 0.022044873, -0.08054663), (-0.9960556, 0.021361899, -0.086121246), (-0.99636406, 0.024049226, -0.08173368), (-0.996507, 0.022044873, -0.08054663), (-0.99636406, 0.024049226, -0.08173368), (-0.9965042, 0.022050725, -0.08058041), (0.6351285, 0.07896816, 0.7683592), (0.63513696, 0.07896308, 0.7683527), (0.63513386, 0.07896487, 0.7683551), (0.6351285, 0.07896816, 0.7683592), (0.63513386, 0.07896487, 0.7683551), (0.6351642, 0.07894964, 0.7683315), (0.13513215, -0.112862594, -0.98437864), (0.13515124, -0.11286646, -0.98437566), (0.1351593, -0.11285895, -0.9843754), (0.13513215, -0.112862594, -0.98437864), (0.1351593, -0.11285895, -0.9843754), (0.13515565, -0.11285663, -0.9843761), (0.99193007, 0.013688644, -0.12604539), (0.99221814, 0.010377804, -0.12407794), (0.9919199, 0.015878208, -0.12586813), (0.99193007, 0.013688644, -0.12604539), (0.9919199, 0.015878208, -0.12586813), (0.99161315, 0.01659791, -0.12817116), (0.6664946, 0.13907981, -0.7324219), (0.6665031, 0.13908328, -0.73241353), (0.6664936, 0.1390796, -0.7324228), (0.0912599, -0.09732827, 0.9910595), (0.09029413, -0.09762673, 0.9911185), (0.09112657, -0.09731619, 0.99107295), (0.0912599, -0.09732827, 0.9910595), (0.09112657, -0.09731619, 0.99107295), (0.09128854, -0.097335726, 0.9910561), (-0.46642268, -0.06528368, 0.88214964), (-0.46640503, -0.06527837, 0.8821593), (-0.46643627, -0.06529186, 0.8821418), (-0.46642268, -0.06528368, 0.88214964), (-0.46643627, -0.06529186, 0.8821418), (-0.46640307, -0.06528802, 0.88215965), (0.08368271, -0.049122985, 0.9952809), (0.0836821, -0.04912168, 0.99528104), (0.08368441, -0.049126603, 0.99528056), (0.08368271, -0.049122985, 0.9952809), (0.08368441, -0.049126603, 0.99528056), (0.08368636, -0.049130753, 0.99528027), (0.6713946, 0.069946975, -0.7377919), (0.6713931, 0.069945395, -0.7377933), (0.67139804, 0.069950715, -0.7377883), (0.6713946, 0.069946975, -0.7377919), (0.67139804, 0.069950715, -0.7377883), (0.6714016, 0.069954604, -0.7377847), (-0.51760596, -0.01819469, 0.8554257), (-0.51758784, -0.018187981, 0.8554367), (-0.517586, -0.018186156, 0.8554379), (-0.51760596, -0.01819469, 0.8554257), (-0.517586, -0.018186156, 0.8554379), (-0.5176001, -0.018189643, 0.8554293), (0.5320659, 0.7652415, -0.36236906), (0.53204596, 0.7652533, -0.36237353), (0.5320397, 0.76525706, -0.36237448), (0.5320659, 0.7652415, -0.36236906), (0.5320397, 0.76525706, -0.36237448), (0.53204095, 0.7652544, -0.3623786), (-0.17268775, 0.977229, 0.12329836), (-0.17272185, 0.9772225, 0.12330154), (-0.17269792, 0.9772275, 0.12329545), (-0.17268775, 0.977229, 0.12329836), (-0.17269792, 0.9772275, 0.12329545), (-0.1727209, 0.97722447, 0.12328799), (0.091403164, -0.7269673, -0.68056154), (0.09139119, -0.7269655, -0.6805651), (0.091400154, -0.7269602, -0.68056947), (0.091403164, -0.7269673, -0.68056154), (0.091400154, -0.7269602, -0.68056947), (0.09141158, -0.7269591, -0.6805692), (-0.39081612, -0.07089005, 0.91773486), (-0.39084667, -0.07089689, 0.91772145), (-0.40943083, -0.08390135, 0.90847504), (-0.39081612, -0.07089005, 0.91773486), (-0.40943083, -0.08390135, 0.90847504), (-0.39085296, -0.07089844, 0.9177186), (0.5880907, -0.12131202, -0.79964536), (0.5882587, -0.12125596, -0.7995303), (0.5882152, -0.12127045, -0.7995601), (0.5880907, -0.12131202, -0.79964536), (0.5882152, -0.12127045, -0.7995601), (0.5880587, -0.12132272, -0.79966736), (0.088967524, -0.042216435, 0.9951395), (0.092257336, -0.041789502, 0.9948579), (0.08978088, -0.04307483, 0.9950296), (0.088967524, -0.042216435, 0.9951395), (0.08978088, -0.04307483, 0.9950296), (0.088924386, -0.04220602, 0.9951438), (-0.9911515, 0.052975554, -0.1217051), (-0.991198, 0.05207973, -0.12171316), (-0.9912102, 0.052033823, -0.12163429), (-0.6498931, -0.042882513, 0.7588149), (-0.6498933, -0.042882685, 0.7588148), (-0.64982927, -0.042931583, 0.7588668), (-0.64987814, -0.042893928, 0.7588271), (-0.65979564, -0.06264267, 0.74882954), (-0.64981425, -0.042943165, 0.7588789), (-0.66071403, -0.062111214, 0.7480637), (-0.6597884, -0.062656485, 0.74883467), (-0.662501, -0.06230566, 0.7464653), (0.6429419, -0.76280874, -0.06890974), (0.64293617, -0.76281464, -0.06889733), (0.64293903, -0.76281273, -0.06889248), (0.6429419, -0.76280874, -0.06890974), (0.64293903, -0.76281273, -0.06889248), (0.642951, -0.7628008, -0.06891275), (0.67133623, -0.74091005, 0.0189716), (0.6713417, -0.7409054, 0.018962486), (0.6713402, -0.7409069, 0.018952996), (0.67133623, -0.74091005, 0.0189716), (0.6713402, -0.7409069, 0.018952996), (0.67133397, -0.7409126, 0.018952938), (-0.7739621, 0.40793726, -0.48432416), (-0.7739583, 0.40793875, -0.48432884), (-0.7739513, 0.40794435, -0.48433545), (-0.7739621, 0.40793726, -0.48432416), (-0.7739513, 0.40794435, -0.48433545), (-0.77396095, 0.40793702, -0.48432612), (0.077727795, 0.7244189, -0.68496406), (0.07772635, 0.72442096, -0.68496186), (0.077770494, 0.72441447, -0.6849639), (0.077727795, 0.7244189, -0.68496406), (0.077770494, 0.72441447, -0.6849639), (0.07774065, 0.7244171, -0.6849644), (0.09713542, 0.86365724, 0.49463192), (0.097127534, 0.86365885, 0.49463078), (0.09714815, 0.86365706, 0.49462974), (-0.7120922, 0.6287704, -0.312366), (-0.7120085, 0.6288337, -0.3124294), (-0.712024, 0.6288223, -0.31241706), (-0.7120922, 0.6287704, -0.312366), (-0.712024, 0.6288223, -0.31241706), (-0.712089, 0.6287724, -0.31236917), (0.7327938, -0.5847521, 0.3479631), (0.7328141, -0.58474475, 0.34793246), (0.732795, -0.58475536, 0.3479549), (0.7327938, -0.5847521, 0.3479631), (0.732795, -0.58475536, 0.3479549), (0.7327836, -0.58475727, 0.34797576), (0.07642668, -0.035646003, 0.9964379), (0.07639612, -0.035611458, 0.9964413), (0.0764218, -0.035641305, 0.9964384), (0.07642668, -0.035646003, 0.9964379), (0.0764218, -0.035641305, 0.9964384), (0.07634642, -0.035554692, 0.99644727), (-0.7098082, 0.024468899, -0.70396996), (-0.71274185, 0.019092562, -0.70116657), (-0.7102277, 0.023310566, -0.703586), (-0.7098082, 0.024468899, -0.70396996), (-0.7102277, 0.023310566, -0.703586), (-0.7098069, 0.024472369, -0.7039711), (0.6725843, 0.03646767, -0.73912144), (0.672584, 0.03646745, -0.73912174), (0.6725847, 0.03646799, -0.739121), (0.6725843, 0.03646767, -0.73912144), (0.6725847, 0.03646799, -0.739121), (0.67258537, 0.036468484, -0.7391204), (0.08658094, -0.09747494, 0.9914648), (0.0861082, -0.09738919, 0.9915143), (0.08608156, -0.09738383, 0.9915172), (0.08658094, -0.09747494, 0.9914648), (0.08608156, -0.09738383, 0.9915172), (0.08732998, -0.09716215, 0.99142975), (-0.6829913, 0.13830782, -0.71721244), (-0.6830059, 0.13830388, -0.7171994), (-0.6829946, 0.1383044, -0.7172101), (-0.6829913, 0.13830782, -0.71721244), (-0.6829946, 0.1383044, -0.7172101), (-0.68297637, 0.13831213, -0.71722597), (0.12625785, 0.16695376, -0.97784734), (0.1262564, 0.1669536, -0.9778476), (0.12626256, 0.16695385, -0.97784674), (0.12625785, 0.16695376, -0.97784734), (0.12626256, 0.16695385, -0.97784674), (0.12627593, 0.16695859, -0.9778441), (0.9898552, 0.059476655, -0.12903193), (0.98994195, 0.0594817, -0.12836136), (0.9899372, 0.059512377, -0.12838425), (0.9898552, 0.059476655, -0.12903193), (0.9899372, 0.059512377, -0.12838425), (0.9897954, 0.059443243, -0.12950489), (0.6311207, 0.018768106, 0.7754576), (0.6311251, 0.018768078, 0.7754539), (0.6311248, 0.01876823, 0.77545416), (0.9915143, 0.01911558, -0.12858422), (0.9915142, 0.01911682, -0.12858489), (0.9915143, 0.019118533, -0.12858352), (-0.6321461, -0.029492188, 0.7742878), (-0.63214594, -0.029491656, 0.7742879), (-0.6321461, -0.029492086, 0.7742878), (0.14738077, 0.059430007, -0.98729277), (0.15988274, 0.043195974, -0.98619044), (0.15994267, 0.04321939, -0.98617965), (0.14737618, 0.059445452, -0.9872925), (0.14734226, 0.05943914, -0.987298), (0.14734536, 0.05943732, -0.98729765), (0.14738077, 0.059430007, -0.98729277), (0.15994267, 0.04321939, -0.98617965), (0.15993406, 0.04321651, -0.9861813), (0.09930003, -0.043109138, 0.9941233), (0.08978088, -0.04307483, 0.9950296), (0.092257336, -0.041789502, 0.9948579), (0.09930003, -0.043109138, 0.9941233), (0.092257336, -0.041789502, 0.9948579), (0.101784594, -0.041963216, 0.99392104), (-0.6553998, -0.036251828, 0.7544116), (-0.6557869, -0.036299206, 0.75407284), (-0.6557711, -0.03630634, 0.75408626), (-0.6553998, -0.036251828, 0.7544116), (-0.6557711, -0.03630634, 0.75408626), (-0.6547221, -0.035859864, 0.75501865), (-0.6583852, -0.659609, 0.36255336), (-0.65836656, -0.6596284, 0.36255193), (-0.65839213, -0.6596045, 0.36254904), (-0.6583852, -0.659609, 0.36255336), (-0.65839213, -0.6596045, 0.36254904), (-0.65837276, -0.6596217, 0.36255258), (-0.38439226, -0.12511209, -0.91465276), (-0.38430125, -0.1250781, -0.9146957), (-0.38424718, -0.12505607, -0.9147213), (-0.38439226, -0.12511209, -0.91465276), (-0.38424718, -0.12505607, -0.9147213), (-0.3842479, -0.12505648, -0.914721), (-0.40024093, 0.1820796, -0.89813924), (-0.4002352, 0.18215641, -0.89812624), (-0.40023568, 0.18211007, -0.8981355), (-0.40024093, 0.1820796, -0.89813924), (-0.40023568, 0.18211007, -0.8981355), (-0.40023807, 0.18207137, -0.8981422), (0.38787892, -0.66324663, 0.64004207), (0.38786423, -0.66325974, 0.6400375), (0.38786867, -0.6632359, 0.6400595), (0.38787892, -0.66324663, 0.64004207), (0.38786867, -0.6632359, 0.6400595), (0.38788787, -0.6632425, 0.64004093), (0.6479227, -0.74222386, 0.1711725), (0.6479221, -0.7422255, 0.1711672), (0.647943, -0.74220175, 0.17119117), (0.6479227, -0.74222386, 0.1711725), (0.647943, -0.74220175, 0.17119117), (0.6479229, -0.7422269, 0.17115885), (0.008395956, -0.97842056, 0.2064529), (0.008358162, -0.97842157, 0.2064494), (0.0083568385, -0.97842443, 0.20643589), (0.008395956, -0.97842056, 0.2064529), (0.0083568385, -0.97842443, 0.20643589), (0.008355403, -0.97842443, 0.20643604), (-0.00066713995, -0.99997973, -0.0063406527), (-0.0007165707, -0.9999796, -0.0063511427), (-0.00070239604, -0.99997973, -0.006334447), (-0.00066713995, -0.99997973, -0.0063406527), (-0.00070239604, -0.99997973, -0.006334447), (-0.00072530285, -0.9999796, -0.0063536237), (-0.10198799, -0.9386977, 0.32931), (-0.10199362, -0.9386855, 0.3293432), (-0.10199429, -0.93869513, 0.32931527), (-0.10198799, -0.9386977, 0.32931), (-0.10199429, -0.93869513, 0.32931527), (-0.10198857, -0.9386878, 0.32933816), (-0.32640344, -0.9314652, -0.1607276), (-0.32639778, -0.9314679, -0.16072366), (-0.3264086, -0.9314616, -0.16073786), (-0.32640344, -0.9314652, -0.1607276), (-0.3264086, -0.9314616, -0.16073786), (-0.32641122, -0.9314638, -0.16071986), (0.5645201, -0.78197056, 0.26427075), (0.5645183, -0.78197193, 0.26427075), (0.56453156, -0.7819614, 0.26427343), (0.5645201, -0.78197056, 0.26427075), (0.56453156, -0.7819614, 0.26427343), (0.5645039, -0.78198284, 0.26426926), (0.28192243, -0.08920019, 0.9552816), (0.2819224, -0.089196965, 0.955282), (0.28190914, -0.0892059, 0.955285), (0.28192243, -0.08920019, 0.9552816), (0.28190914, -0.0892059, 0.955285), (0.28191763, -0.08920159, 0.9552829), (-0.07661715, 0.37863392, 0.92236984), (-0.07660611, 0.3786338, 0.92237085), (-0.07661901, 0.378649, 0.92236346), (-0.07661715, 0.37863392, 0.92236984), (-0.07661901, 0.378649, 0.92236346), (-0.07661645, 0.37865478, 0.9223613), (0.1632982, 0.502273, 0.8491499), (0.16329326, 0.50228715, 0.8491425), (0.16329923, 0.50228024, 0.8491454), (0.1632982, 0.502273, 0.8491499), (0.16329923, 0.50228024, 0.8491454), (0.16331229, 0.5022545, 0.8491581), (-0.01848997, -0.7514177, 0.65956765), (-0.01850206, -0.75142056, 0.6595641), (-0.018491087, -0.7514237, 0.65956074), (-0.01848997, -0.7514177, 0.65956765), (-0.018491087, -0.7514237, 0.65956074), (-0.018498087, -0.7514186, 0.65956646), (-0.20342031, -0.9629625, 0.17698433), (-0.20343125, -0.96295905, 0.17699039), (-0.20342194, -0.96296227, 0.17698337), (-0.20342031, -0.9629625, 0.17698433), (-0.20342194, -0.96296227, 0.17698337), (-0.20344307, -0.9629563, 0.1769919), (0.28116673, -0.76769704, 0.5758355), (0.2811694, -0.7676874, 0.57584715), (0.2811741, -0.7677019, 0.57582545), (0.28116673, -0.76769704, 0.5758355), (0.2811741, -0.7677019, 0.57582545), (0.2811841, -0.767696, 0.5758285), (0.0529839, -0.99801826, 0.03394455), (0.052979667, -0.9980191, 0.033929117), (0.053000953, -0.99801695, 0.03395808), (0.0529839, -0.99801826, 0.03394455), (0.053000953, -0.99801695, 0.03395808), (0.05297628, -0.9980172, 0.033987924), (0.3635497, -0.92006165, 0.14600758), (0.3635549, -0.92006135, 0.14599603), (0.36356676, -0.9200538, 0.14601474), (0.3635497, -0.92006165, 0.14600758), (0.36356676, -0.9200538, 0.14601474), (0.36355174, -0.92006004, 0.14601208), (-0.27882832, -0.95777774, -0.07011942), (-0.2788523, -0.9577686, -0.07014738), (-0.27881485, -0.95778185, -0.07011577), (-0.27882832, -0.95777774, -0.07011942), (-0.27881485, -0.95778185, -0.07011577), (-0.27881598, -0.9577809, -0.07012482), (0.579253, 0.5056203, 0.63938576), (0.5792641, 0.5056001, 0.63939166), (0.579243, 0.5056321, 0.63938546), (0.579253, 0.5056203, 0.63938576), (0.579243, 0.5056321, 0.63938546), (0.57924306, 0.5056341, 0.63938373), (0.8143363, 0.5341576, 0.2270069), (0.8143185, 0.53418165, 0.22701417), (0.8143168, 0.53418344, 0.22701585), (0.8143363, 0.5341576, 0.2270069), (0.8143168, 0.53418344, 0.22701585), (0.8143292, 0.5341665, 0.22701131), (0.811995, -0.5588788, -0.16828105), (0.81200314, -0.5588638, -0.1682916), (0.81200254, -0.5588691, -0.16827762), (0.811995, -0.5588788, -0.16828105), (0.81200254, -0.5588691, -0.16827762), (0.8119916, -0.5588839, -0.16828078), (0.7786796, -0.54338557, 0.31367224), (0.77869684, -0.54337686, 0.31364456), (0.7786906, -0.543375, 0.31366298), (0.7786796, -0.54338557, 0.31367224), (0.7786906, -0.543375, 0.31366298), (0.77868116, -0.54338837, 0.31366363), (0.07007127, 0.68921286, -0.7211628), (0.070086375, 0.6892421, -0.7211333), (0.07006208, 0.6891976, -0.7211782), (0.07007127, 0.68921286, -0.7211628), (0.07006208, 0.6891976, -0.7211782), (0.07004777, 0.6891701, -0.7212059), (0.5767725, 0.08606553, -0.8123585), (0.57676756, 0.086056605, -0.8123629), (0.576761, 0.08605769, -0.8123674), (0.5767725, 0.08606553, -0.8123585), (0.576761, 0.08605769, -0.8123674), (0.57674813, 0.08604034, -0.8123784), (-0.4179538, -0.67839843, -0.60422707), (-0.41797993, -0.67839724, -0.60421014), (-0.41798106, -0.67839634, -0.60421044), (-0.4179538, -0.67839843, -0.60422707), (-0.41798106, -0.67839634, -0.60421044), (-0.41797152, -0.67839754, -0.60421574), (-0.93536055, -0.24247387, -0.25750172), (-0.9353546, -0.24250472, -0.25749418), (-0.9353589, -0.2424884, -0.2574939), (-0.93536055, -0.24247387, -0.25750172), (-0.9353589, -0.2424884, -0.2574939), (-0.93536264, -0.24247044, -0.25749698), (-0.37049365, -0.7490736, -0.5492023), (-0.37046197, -0.7490771, -0.54921883), (-0.3704989, -0.74906296, -0.54921323), (-0.37049365, -0.7490736, -0.5492023), (-0.3704989, -0.74906296, -0.54921323), (-0.37049285, -0.7490795, -0.5491948), (0.07043272, -0.91630137, -0.39424735), (0.07047113, -0.91630065, -0.39424232), (0.07046768, -0.9163005, -0.39424327), (0.07043272, -0.91630137, -0.39424735), (0.07046768, -0.9163005, -0.39424327), (0.07045274, -0.9162996, -0.39424816), (-0.23660712, -0.821653, -0.518559), (-0.23663734, -0.82165396, -0.51854354), (-0.23662059, -0.82164794, -0.5185609), (-0.23660712, -0.821653, -0.518559), (-0.23662059, -0.82164794, -0.5185609), (-0.23664862, -0.8216508, -0.5185434), (0.03881883, -0.96763444, 0.24935235), (0.038815197, -0.96763545, 0.2493492), (0.038813427, -0.9676317, 0.24936417), (0.03881883, -0.96763444, 0.24935235), (0.038813427, -0.9676317, 0.24936417), (0.038813323, -0.96762574, 0.24938725), (-0.20999834, 0.1252178, -0.96965003), (-0.21000281, 0.1251953, -0.969652), (-0.20999417, 0.1252243, -0.9696501), (-0.20999834, 0.1252178, -0.96965003), (-0.20999417, 0.1252243, -0.9696501), (-0.20999938, 0.12519915, -0.96965224), (0.395322, -0.8448644, -0.36045069), (0.39531136, -0.8448595, -0.360474), (0.3953267, -0.84485924, -0.3604578), (0.395322, -0.8448644, -0.36045069), (0.3953267, -0.84485924, -0.3604578), (0.3953168, -0.84486383, -0.36045772), (-0.6482513, -0.64682025, -0.40173867), (-0.64823574, -0.6468301, -0.40174782), (-0.6482441, -0.6468195, -0.40175137), (-0.6482513, -0.64682025, -0.40173867), (-0.6482441, -0.6468195, -0.40175137), (-0.6482432, -0.64682794, -0.40173903), (-0.5835414, -0.3714818, -0.7221362), (-0.5835669, -0.3714722, -0.72212064), (-0.5835675, -0.37146994, -0.7221212), (-0.5835414, -0.3714818, -0.7221362), (-0.5835675, -0.37146994, -0.7221212), (-0.58355635, -0.37147614, -0.722127), (-0.29066452, -0.76449466, -0.57538), (-0.29064792, -0.7644984, -0.57538337), (-0.29065955, -0.7644976, -0.57537854), (-0.29066452, -0.76449466, -0.57538), (-0.29065955, -0.7644976, -0.57537854), (-0.29066205, -0.76449, -0.5753873), (0.68730915, -0.6693945, -0.28198773), (0.6873049, -0.66939914, -0.28198698), (0.6873074, -0.66939753, -0.28198504), (0.68730915, -0.6693945, -0.28198773), (0.6873074, -0.66939753, -0.28198504), (0.6873117, -0.6693911, -0.2819896), (-0.80577385, 0.5507297, 0.2177735), (-0.80578244, 0.5507149, 0.21777894), (-0.8057823, 0.55071133, 0.21778879), (-0.80577385, 0.5507297, 0.2177735), (-0.8057823, 0.55071133, 0.21778879), (-0.8057722, 0.5507296, 0.21778005), (0.946585, 0.31597236, -0.06432928), (0.9465786, 0.3159913, -0.06433009), (0.9465792, 0.31598988, -0.06432894), (0.946585, 0.31597236, -0.06432928), (0.9465792, 0.31598988, -0.06432894), (0.9465881, 0.31596306, -0.064329766), (0.475764, 0.24860196, -0.8437094), (0.4757736, 0.2485996, -0.84370476), (0.47576106, 0.2486023, -0.843711), (0.475764, 0.24860196, -0.8437094), (0.47576106, 0.2486023, -0.843711), (0.47579035, 0.24862139, -0.8436889), (-0.58962184, -0.78508115, 0.1897196), (-0.58963287, -0.7850712, 0.18972692), (-0.58961135, -0.7850894, 0.18971834), (-0.58962184, -0.78508115, 0.1897196), (-0.58961135, -0.7850894, 0.18971834), (-0.58962834, -0.7850759, 0.18972176), (0.6070559, -0.7539333, 0.25113288), (0.6070323, -0.7539479, 0.25114596), (0.6070507, -0.75393736, 0.2511332), (0.6070559, -0.7539333, 0.25113288), (0.6070507, -0.75393736, 0.2511332), (0.6070409, -0.75394255, 0.25114152), (0.64086074, -0.7505, 0.1613915), (0.6409547, -0.7504825, 0.16109985), (0.64084923, -0.7505124, 0.16137967), (0.64086074, -0.7505, 0.1613915), (0.64084923, -0.7505124, 0.16137967), (0.6408741, -0.7504894, 0.16138826), (-0.2560192, -0.44193098, 0.85973907), (-0.25602192, -0.44192743, 0.85974), (-0.25599593, -0.44194582, 0.85973823), (-0.2560192, -0.44193098, 0.85973907), (-0.25599593, -0.44194582, 0.85973823), (-0.2559886, -0.44195774, 0.8597345), (0.5253644, 0.22787943, 0.81979465), (0.52538747, 0.22788364, 0.81977874), (0.52538943, 0.2278848, 0.8197771), (0.5253644, 0.22787943, 0.81979465), (0.52538943, 0.2278848, 0.8197771), (0.5253781, 0.2278852, 0.8197843), (-0.38887012, 0.51935, -0.76095706), (-0.3888743, 0.5193296, -0.76096886), (-0.38886157, 0.5193311, -0.7609742), (-0.38887012, 0.51935, -0.76095706), (-0.38886157, 0.5193311, -0.7609742), (-0.38885775, 0.5193465, -0.76096576), (-0.83685756, 0.5002983, -0.2221959), (-0.836851, 0.500311, -0.22219196), (-0.83686244, 0.5002881, -0.22220041), (-0.83685756, 0.5002983, -0.2221959), (-0.83686244, 0.5002881, -0.22220041), (-0.8368563, 0.50030327, -0.2221894), (-0.10270298, -0.9513685, -0.2904309), (-0.102723554, -0.9513648, -0.2904355), (-0.10327699, -0.9512705, -0.29054815), (-0.10270298, -0.9513685, -0.2904309), (-0.10327699, -0.9512705, -0.29054815), (-0.10305636, -0.9513086, -0.29050198), (-0.24657725, -0.053252675, 0.96765894), (-0.2465571, -0.053262163, 0.9676636), (-0.24655382, -0.053248093, 0.96766514), (-0.24657725, -0.053252675, 0.96765894), (-0.24655382, -0.053248093, 0.96766514), (-0.24656299, -0.05326391, 0.9676619), (0.013939231, -0.9984724, 0.05346465), (0.013950756, -0.99847215, 0.053466894), (0.01392743, -0.99847287, 0.053459927), (0.013939231, -0.9984724, 0.05346465), (0.01392743, -0.99847287, 0.053459927), (0.013914946, -0.998473, 0.053461522), (0.20271243, -0.7332353, -0.6490559), (0.202711, -0.73323417, -0.6490576), (0.20271212, -0.73323244, -0.6490593), (0.20271243, -0.7332353, -0.6490559), (0.20271212, -0.73323244, -0.6490593), (0.20269972, -0.733233, -0.64906263), (-0.17665656, -0.8746048, -0.45150736), (-0.17664321, -0.8746037, -0.4515149), (-0.17666224, -0.87460214, -0.45151034), (-0.17665656, -0.8746048, -0.45150736), (-0.17666224, -0.87460214, -0.45151034), (-0.17664741, -0.874601, -0.4515182), (0.10747402, 0.28478274, -0.9525483), (0.10743242, 0.28477585, -0.952555), (0.10744822, 0.2847685, -0.9525554), (0.10747402, 0.28478274, -0.9525483), (0.10744822, 0.2847685, -0.9525554), (0.107461005, 0.28477684, -0.95255154), (0.074576534, -0.9226715, 0.3783063), (0.074577816, -0.9226717, 0.3783057), (0.074572995, -0.92267084, 0.37830845), (0.074576534, -0.9226715, 0.3783063), (0.074572995, -0.92267084, 0.37830845), (0.07457256, -0.92267054, 0.37830937), (-0.35178176, 0.60900414, -0.71088934), (-0.35179794, 0.60899246, -0.7108912), (-0.35178545, 0.6089938, -0.71089625), (-0.35178176, 0.60900414, -0.71088934), (-0.35178545, 0.6089938, -0.71089625), (-0.34698516, 0.6016033, -0.7194962), (0.6832555, -0.17513569, 0.70886487), (0.68324596, -0.17513217, 0.70887494), (0.683221, -0.1751591, 0.7088924), (0.6832555, -0.17513569, 0.70886487), (0.683221, -0.1751591, 0.7088924), (0.6832576, -0.17513743, 0.7088624), (0.120980285, -0.97005624, -0.21060532), (0.12098625, -0.9700586, -0.21059133), (0.12097621, -0.9700493, -0.21063963), (0.120980285, -0.97005624, -0.21060532), (0.12097621, -0.9700493, -0.21063963), (0.120979205, -0.97005403, -0.21061651), (-0.0309762, -0.99900407, 0.032116394), (-0.03095276, -0.9990048, 0.03211663), (-0.030941905, -0.999005, 0.032118183), (-0.0309762, -0.99900407, 0.032116394), (-0.030941905, -0.999005, 0.032118183), (-0.030967379, -0.9990043, 0.032116234), (-0.9555526, -0.07618145, -0.28480816), (-0.955561, -0.07616032, -0.2847856), (-0.9555479, -0.076194316, -0.28482017), (-0.9555526, -0.07618145, -0.28480816), (-0.9555479, -0.076194316, -0.28482017), (-0.95555377, -0.07617741, -0.2848049), (0.6011433, -0.779729, 0.17506927), (0.6011525, -0.77971786, 0.17508766), (0.60113865, -0.77973247, 0.17507051), (0.6011433, -0.779729, 0.17506927), (0.60113865, -0.77973247, 0.17507051), (0.601139, -0.77973425, 0.175061), (-0.39741102, 0.41132018, -0.8202927), (-0.39740333, 0.41135508, -0.82027894), (-0.39738238, 0.41142085, -0.8202562), (-0.39741102, 0.41132018, -0.8202927), (-0.39738238, 0.41142085, -0.8202562), (-0.39739555, 0.41136283, -0.82027876), (-0.25557265, -0.8990471, 0.35552353), (-0.25557745, -0.8990403, 0.3555371), (-0.25557402, -0.89903885, 0.35554335), (-0.25557265, -0.8990471, 0.35552353), (-0.25557402, -0.89903885, 0.35554335), (-0.25558117, -0.899029, 0.35556293), (0.72727, -0.025253838, -0.68588674), (0.72727597, -0.025245551, -0.6858807), (0.7272788, -0.025242979, -0.6858777), (0.72727, -0.025253838, -0.68588674), (0.7272788, -0.025242979, -0.6858777), (0.72727215, -0.025249645, -0.68588454), (-0.12351425, -0.7129238, -0.6902782), (-0.123507336, -0.7129436, -0.6902589), (-0.12351414, -0.71292835, -0.69027346), (-0.12351425, -0.7129238, -0.6902782), (-0.12351414, -0.71292835, -0.69027346), (-0.123513654, -0.71292835, -0.6902736), (-0.059772253, -0.7952432, -0.60333693), (-0.0597581, -0.7952231, -0.6033649), (-0.05977486, -0.7952435, -0.60333633), (-0.059772253, -0.7952432, -0.60333693), (-0.05977486, -0.7952435, -0.60333633), (-0.05977053, -0.7952383, -0.6033436), (-0.04001276, -0.6487987, -0.7599074), (-0.040046055, -0.6487983, -0.75990605), (-0.04003457, -0.64879864, -0.7599063), (-0.04001276, -0.6487987, -0.7599074), (-0.04003457, -0.64879864, -0.7599063), (-0.04005461, -0.64879525, -0.7599081), (-0.22236094, -0.6190257, -0.7532348), (-0.22235791, -0.61902094, -0.7532397), (-0.22234921, -0.61901474, -0.7532474), (-0.22236094, -0.6190257, -0.7532348), (-0.22234921, -0.61901474, -0.7532474), (-0.22234745, -0.61901146, -0.7532506), (0.5649517, -0.5105, -0.6482432), (0.5650333, -0.5105495, -0.6481332), (0.56534874, -0.5107363, -0.64771074), (0.5649517, -0.5105, -0.6482432), (0.56534874, -0.5107363, -0.64771074), (0.56511843, -0.51059824, -0.64802057), (-0.14809734, -0.9729695, -0.17719345), (-0.14808981, -0.9729714, -0.17718934), (-0.1481076, -0.9729671, -0.17719819), (-0.14809734, -0.9729695, -0.17719345), (-0.1481076, -0.9729671, -0.17719819), (-0.14811392, -0.9729653, -0.17720257), (-0.24595225, -0.76968807, -0.5891416), (-0.24595465, -0.76968634, -0.58914274), (-0.24598077, -0.7696904, -0.58912665), (-0.24595225, -0.76968807, -0.5891416), (-0.24598077, -0.7696904, -0.58912665), (-0.24596183, -0.7696888, -0.5891366), (-0.40360555, -0.90730304, -0.11791402), (-0.40358177, -0.90731883, -0.11787419), (-0.40359652, -0.9073094, -0.1178963), (-0.40360555, -0.90730304, -0.11791402), (-0.40359652, -0.9073094, -0.1178963), (-0.40360573, -0.9073042, -0.11790462), (0.14500915, -0.54709023, -0.8244178), (0.14499894, -0.54709506, -0.82441634), (0.1450201, -0.5470839, -0.82442003), (0.14500915, -0.54709023, -0.8244178), (0.1450201, -0.5470839, -0.82442003), (0.14501414, -0.5470849, -0.8244204), (0.52800524, -0.77305704, -0.35155848), (0.5280148, -0.7730456, -0.3515691), (0.5280126, -0.7730512, -0.35156024), (0.52800524, -0.77305704, -0.35155848), (0.5280126, -0.7730512, -0.35156024), (0.5280079, -0.77304304, -0.35158518), (0.27483732, -0.8668239, -0.41602972), (0.27483428, -0.8668135, -0.41605374), (0.27480927, -0.86683506, -0.41602525), (0.27483732, -0.8668239, -0.41602972), (0.27480927, -0.86683506, -0.41602525), (0.27484968, -0.86682624, -0.4160165), (0.91171277, -0.41076598, 0.0071494994), (0.9117258, -0.4107352, 0.0072528273), (0.91172516, -0.41073683, 0.0072450875), (0.91171277, -0.41076598, 0.0071494994), (0.91172516, -0.41073683, 0.0072450875), (0.9117249, -0.41073722, 0.007244527), (0.29036367, 0.107185274, -0.95089453), (0.2903631, 0.10717638, -0.9508956), (0.29033992, 0.10719969, -0.95090014), (0.29036367, 0.107185274, -0.95089453), (0.29033992, 0.10719969, -0.95090014), (0.2903552, 0.107191786, -0.9508964), (0.58004034, -0.524231, 0.6234863), (0.5800384, -0.5242321, 0.623487), (0.5800385, -0.5242258, 0.62349236), (0.58004034, -0.524231, 0.6234863), (0.5800385, -0.5242258, 0.62349236), (0.58003354, -0.5242078, 0.6235121), (0.24616624, -0.044806648, -0.96819144), (0.26963422, -0.031651575, -0.9624426), (0.26962978, -0.031647395, -0.9624439), (0.8246377, 0.34664145, 0.44700387), (0.8246346, 0.34663284, 0.4470161), (0.8246505, 0.34640285, 0.44716507), (0.8246377, 0.34664145, 0.44700387), (0.8246505, 0.34640285, 0.44716507), (0.8246398, 0.34663773, 0.44700283), (0.3358561, -0.71974444, 0.60759246), (0.3358512, -0.7197326, 0.6076092), (0.3358546, -0.7197406, 0.60759777), (0.3358561, -0.71974444, 0.60759246), (0.3358546, -0.7197406, 0.60759777), (0.33585316, -0.7197381, 0.6076016), (0.9457464, 0.06651661, 0.3180239), (0.9457433, 0.066517204, 0.31803292), (0.9457447, 0.06651755, 0.31802905), (0.20905288, -0.8860141, -0.41385493), (0.20905454, -0.88601035, -0.41386193), (0.20905451, -0.8860006, -0.41388324), (0.20905288, -0.8860141, -0.41385493), (0.20905451, -0.8860006, -0.41388324), (0.20905283, -0.8860108, -0.41386187), (0.64379984, 0.6823233, -0.34634763), (0.643793, 0.68232936, -0.34634852), (0.64378303, 0.6823399, -0.3463461), (0.64379984, 0.6823233, -0.34634763), (0.64378303, 0.6823399, -0.3463461), (0.6438017, 0.6823209, -0.34634894), (0.5347081, 0.6664647, -0.51953053), (0.5348333, 0.6663316, -0.5195726), (0.5348326, 0.6663319, -0.51957273), (0.5347081, 0.6664647, -0.51953053), (0.5348326, 0.6663319, -0.51957273), (0.534741, 0.6664288, -0.5195428), (-0.61552745, -0.69800603, 0.3659419), (-0.6155236, -0.6980081, 0.3659445), (-0.6155166, -0.698017, 0.36593926), (-0.61552745, -0.69800603, 0.3659419), (-0.6155166, -0.698017, 0.36593926), (-0.6155213, -0.698014, 0.36593717), (0.9835352, 0.028702939, -0.17842256), (0.98353404, 0.028701175, -0.17842926), (0.9835343, 0.028702028, -0.17842801), (0.9835352, 0.028702939, -0.17842256), (0.9835343, 0.028702028, -0.17842801), (0.98352975, 0.028693248, -0.1784539), (-0.5882413, 0.000044196844, -0.8086855), (-0.58826, 0.00003260741, -0.8086719), (-0.5882391, 0.000044692308, -0.8086871), (-0.5882413, 0.000044196844, -0.8086855), (-0.5882391, 0.000044692308, -0.8086871), (-0.5882354, 0.000038776314, -0.8086897), (0.9354708, 0.32273915, -0.14399211), (0.93546915, 0.3227444, -0.14399129), (0.9354713, 0.3227338, -0.14400089), (0.9354708, 0.32273915, -0.14399211), (0.9354713, 0.3227338, -0.14400089), (0.93546695, 0.32273412, -0.14402893), (-0.6956627, -0.20840095, -0.6874755), (-0.69567233, -0.2084065, -0.6874641), (-0.6956769, -0.20840918, -0.68745863), (-0.6956627, -0.20840095, -0.6874755), (-0.6956769, -0.20840918, -0.68745863), (-0.69566345, -0.20840253, -0.6874742), (0.66818243, 0.07848725, -0.7398459), (0.6681823, 0.07851223, -0.7398434), (0.6681852, 0.078538015, -0.73983806), (0.66818243, 0.07848725, -0.7398459), (0.6681852, 0.078538015, -0.73983806), (0.6681861, 0.07853028, -0.73983806), (-0.07661554, 0.3786307, 0.92237127), (-0.0766045, 0.3786299, 0.9223726), (-0.07661747, 0.37865284, 0.922362), (-0.07661554, 0.3786307, 0.92237127), (-0.07661747, 0.37865284, 0.922362), (-0.076614626, 0.37865895, 0.9223598), (0.16330417, 0.5022723, 0.84914917), (0.16329782, 0.5022863, 0.84914213), (0.16329674, 0.5022762, 0.84914833), (0.16330417, 0.5022723, 0.84914917), (0.16329674, 0.5022762, 0.84914833), (0.16329192, 0.5022899, 0.8491411), (-0.018530056, -0.75141424, 0.6595705), (-0.018499903, -0.7514241, 0.6595602), (-0.018477531, -0.7514236, 0.65956134), (-0.018530056, -0.75141424, 0.6595705), (-0.018477531, -0.7514236, 0.65956134), (-0.018482203, -0.7514196, 0.6595658), (-0.20342802, -0.96296126, 0.17698216), (-0.2034367, -0.96295774, 0.17699099), (-0.20343453, -0.96295816, 0.17699106), (-0.20342802, -0.96296126, 0.17698216), (-0.20343453, -0.96295816, 0.17699106), (-0.20345621, -0.962952, 0.17699969), (0.28116, -0.7676855, 0.5758543), (0.28116256, -0.76767606, 0.5758655), (0.28116757, -0.76769316, 0.5758402), (0.28116, -0.7676855, 0.5758543), (0.28116757, -0.76769316, 0.5758402), (0.2811783, -0.7676871, 0.57584316), (0.05297793, -0.9980184, 0.03395295), (0.052966624, -0.9980178, 0.033986703), (0.053002387, -0.9980171, 0.033951133), (0.05297793, -0.9980184, 0.03395295), (0.053002387, -0.9980171, 0.033951133), (0.05297876, -0.99801743, 0.033978917), (0.36353296, -0.92006886, 0.14600404), (0.3635358, -0.92006916, 0.14599451), (0.3635834, -0.9200472, 0.14601424), (0.36353296, -0.92006886, 0.14600404), (0.3635834, -0.9200472, 0.14601424), (0.3635758, -0.9200523, 0.1460014), (-0.2788231, -0.95777893, -0.070122465), (-0.27884585, -0.9577703, -0.070150636), (-0.27882767, -0.9577779, -0.07011801), (-0.2788231, -0.95777893, -0.070122465), (-0.27882767, -0.9577779, -0.07011801), (-0.27883044, -0.9577765, -0.07012694), (-0.8057734, 0.55072933, 0.21777599), (-0.8057755, 0.5507192, 0.21779424), (-0.8057813, 0.550713, 0.21778789), (-0.8057734, 0.55072933, 0.21777599), (-0.8057813, 0.550713, 0.21778789), (-0.8057712, 0.5507316, 0.2177786), (0.94658643, 0.31596908, -0.06432639), (0.94658065, 0.31598595, -0.06432681), (0.9465777, 0.31599483, -0.064326964), (0.94658643, 0.31596908, -0.06432639), (0.9465777, 0.31599483, -0.064326964), (0.9465859, 0.31597006, -0.0643286), (0.47575876, 0.24859798, -0.8437136), (0.4757686, 0.24859487, -0.843709), (0.47575456, 0.24859954, -0.84371555), (0.47575876, 0.24859798, -0.8437136), (0.47575456, 0.24859954, -0.84371555), (0.47578353, 0.24861851, -0.84369355), (-0.589634, -0.7850723, 0.18971862), (-0.58964574, -0.785062, 0.189725), (-0.5896122, -0.7850889, 0.18971823), (-0.589634, -0.7850723, 0.18971862), (-0.5896122, -0.7850889, 0.18971823), (-0.5896285, -0.7850758, 0.18972138), (0.6070232, -0.753953, 0.25115284), (0.6070359, -0.7539447, 0.25114706), (0.6070428, -0.75394285, 0.25113586), (0.6070232, -0.753953, 0.25115284), (0.6070428, -0.75394285, 0.25113586), (0.60695124, -0.75410384, 0.2508739), (0.64082325, -0.75053483, 0.1613784), (0.6409191, -0.7505157, 0.16108678), (0.64084685, -0.75051326, 0.16138525), (0.64082325, -0.75053483, 0.1613784), (0.64084685, -0.75051326, 0.16138525), (0.6408357, -0.7505237, 0.16138083), (-0.256011, -0.44192025, 0.8597469), (-0.2560148, -0.44191757, 0.85974723), (-0.25600418, -0.44193524, 0.85974133), (-0.256011, -0.44192025, 0.8597469), (-0.25600418, -0.44193524, 0.85974133), (-0.25599965, -0.4419483, 0.85973597), (-0.14433208, -0.012318521, 0.9894526), (-0.14432268, -0.012324629, 0.9894539), (-0.14431687, -0.012278543, 0.9894553), (-0.14433208, -0.012318521, 0.9894526), (-0.14431687, -0.012278543, 0.9894553), (-0.14433075, -0.012315544, 0.98945284), (0.13066861, 0.038477644, 0.9906791), (0.13067007, 0.03849477, 0.9906783), (0.13066916, 0.038482312, 0.99067885), (0.13066861, 0.038477644, 0.9906791), (0.13066916, 0.038482312, 0.99067885), (0.13067073, 0.03849828, 0.9906781), (-0.36597392, -0.89231986, 0.26425043), (-0.36594617, -0.89233494, 0.26423788), (-0.36593089, -0.8923381, 0.26424882), (-0.36597392, -0.89231986, 0.26425043), (-0.36593089, -0.8923381, 0.26424882), (-0.3659344, -0.89233494, 0.26425427), (-0.5050181, -0.8192555, -0.27161965), (-0.505029, -0.8192509, -0.27161312), (-0.5050126, -0.81925946, -0.27161783), (-0.5050181, -0.8192555, -0.27161965), (-0.5050126, -0.81925946, -0.27161783), (-0.5050318, -0.81925064, -0.27160847), (-0.07354781, -0.9773647, 0.19836561), (-0.0735454, -0.9773621, 0.19837922), (-0.07354786, -0.9773641, 0.19836822), (-0.07354781, -0.9773647, 0.19836561), (-0.07354786, -0.9773641, 0.19836822), (-0.07354821, -0.9773638, 0.19836989), (-0.24682148, -0.88203984, -0.4013539), (-0.24683745, -0.88204837, -0.40132532), (-0.24681354, -0.8820604, -0.4013135), (-0.24682148, -0.88203984, -0.4013539), (-0.24681354, -0.8820604, -0.4013135), (-0.2468256, -0.88204736, -0.40133467), (0.04439073, -0.96730864, -0.24968655), (0.04439653, -0.9673061, -0.24969566), (0.044435013, -0.96731144, -0.24966799), (0.04439073, -0.96730864, -0.24968655), (0.044435013, -0.96731144, -0.24966799), (0.044429675, -0.9673081, -0.24968189), (-0.5252075, -0.69182575, -0.49551404), (-0.52522075, -0.6917988, -0.49553752), (-0.52520424, -0.6918339, -0.49550614), (-0.5252075, -0.69182575, -0.49551404), (-0.52520424, -0.6918339, -0.49550614), (-0.5252062, -0.6918286, -0.49551153), (-0.63764757, 0.66349053, 0.39138964), (-0.6376649, 0.6634758, 0.39138648), (-0.63765055, 0.66348255, 0.39139846), (-0.63764757, 0.66349053, 0.39138964), (-0.63765055, 0.66348255, 0.39139846), (-0.63763213, 0.6634995, 0.39139968), (0.9906997, -0.0340337, 0.13174121), (0.99070007, -0.03401522, 0.13174412), (0.9907003, -0.034053717, 0.13173245), (0.9906997, -0.0340337, 0.13174121), (0.9907003, -0.034053717, 0.13173245), (0.9906991, -0.03403541, 0.13174523), (0.6845483, 0.37740156, -0.6236679), (0.6845562, 0.37739366, -0.6236642), (0.68454236, 0.37740618, -0.6236716), (0.6845483, 0.37740156, -0.6236679), (0.68454236, 0.37740618, -0.6236716), (0.68457055, 0.37740332, -0.62364244), (-0.8174801, -0.53867143, -0.20386103), (-0.817489, -0.5386619, -0.2038508), (-0.81747264, -0.5386785, -0.20387231), (-0.8174801, -0.53867143, -0.20386103), (-0.81747264, -0.5386785, -0.20387231), (-0.81748354, -0.538667, -0.20385894), (0.2997417, -0.9514849, -0.06950746), (0.29975474, -0.9514804, -0.06951321), (0.2998119, -0.9514624, -0.06951431), (0.2997417, -0.9514849, -0.06950746), (0.2998119, -0.9514624, -0.06951431), (0.29980204, -0.9514656, -0.06951145), (0.35021827, -0.9250942, -0.14679219), (0.3503705, -0.9249972, -0.14703993), (0.35020486, -0.9250985, -0.14679731), (0.35021827, -0.9250942, -0.14679219), (0.35020486, -0.9250985, -0.14679731), (0.3501915, -0.92510223, -0.1468052), (-0.53809416, -0.62466776, 0.5659017), (-0.5380783, -0.6247016, 0.5658794), (-0.53808755, -0.62468433, 0.5658899), (-0.53809416, -0.62466776, 0.5659017), (-0.53808755, -0.62468433, 0.5658899), (-0.5380987, -0.6246583, 0.565908), (0.46994844, 0.12463094, -0.873851), (0.46995085, 0.12462531, -0.87385046), (0.46995807, 0.124611475, -0.8738487), (0.46994844, 0.12463094, -0.873851), (0.46995807, 0.124611475, -0.8738487), (0.46994793, 0.12464638, -0.8738491), (0.87233454, 0.05663983, -0.4856176), (0.8723369, 0.056638315, -0.48561344), (0.87233543, 0.056625597, -0.48561758), (0.87233454, 0.05663983, -0.4856176), (0.87233543, 0.056625597, -0.48561758), (0.87233955, 0.05661118, -0.48561183), (0.16646305, -0.9770303, -0.1330488), (0.1664596, -0.9770308, -0.13304856), (0.1665112, -0.97702116, -0.13305485), (0.16646305, -0.9770303, -0.1330488), (0.1665112, -0.97702116, -0.13305485), (0.16651382, -0.97702175, -0.13304819), (-0.46171302, -0.8432951, -0.2750901), (-0.46171755, -0.8432863, -0.27510947), (-0.46171182, -0.8432869, -0.2751169), (-0.46171302, -0.8432951, -0.2750901), (-0.46171182, -0.8432869, -0.2751169), (-0.46170625, -0.84329623, -0.27509788), (0.40196335, -0.91282916, -0.071890965), (0.4019797, -0.9128214, -0.071898356), (0.40198126, -0.91281956, -0.07191332), (0.40196335, -0.91282916, -0.071890965), (0.40198126, -0.91281956, -0.07191332), (0.40197477, -0.91282374, -0.07189609), (0.4858903, -0.7671015, 0.41888654), (0.48588118, -0.76710755, 0.41888598), (0.4858746, -0.7671191, 0.41887227), (0.4858903, -0.7671015, 0.41888654), (0.4858746, -0.7671191, 0.41887227), (0.4858809, -0.7671185, 0.41886637), (0.34341267, -0.92877144, 0.139468), (0.34343165, -0.9287621, 0.13948363), (0.34340456, -0.9287762, 0.13945647), (0.34341267, -0.92877144, 0.139468), (0.34340456, -0.9287762, 0.13945647), (0.34339473, -0.92877847, 0.13946572), (0.9264554, -0.3633725, -0.09818722), (0.92645305, -0.36336994, -0.09821941), (0.92645776, -0.3633688, -0.09817967), (0.9264554, -0.3633725, -0.09818722), (0.92645776, -0.3633688, -0.09817967), (0.92645323, -0.3633717, -0.09821052), (0.06716334, -0.92980164, 0.36188123), (0.0671612, -0.9298038, 0.3618759), (0.06715748, -0.9298137, 0.36185133), (0.06716334, -0.92980164, 0.36188123), (0.06715748, -0.9298137, 0.36185133), (0.06715862, -0.9298143, 0.36184955), (0.3053425, -0.95212513, 0.014956309), (0.3053286, -0.95212954, 0.0149587765), (0.3053326, -0.9521283, 0.014958367), (0.3053425, -0.95212513, 0.014956309), (0.3053326, -0.9521283, 0.014958367), (0.30535522, -0.95212114, 0.014954356), (-0.0043285913, -0.9319239, 0.3626278), (-0.0043242797, -0.9319283, 0.36261687), (-0.0043246686, -0.93192697, 0.36262032), (-0.0043285913, -0.9319239, 0.3626278), (-0.0043246686, -0.93192697, 0.36262032), (-0.0043211924, -0.9319325, 0.36260587), (0.7947752, -0.5774625, -0.1867337), (0.79476124, -0.57748157, -0.18673415), (0.79477304, -0.57746595, -0.18673193), (0.7947752, -0.5774625, -0.1867337), (0.79477304, -0.57746595, -0.18673193), (0.79476464, -0.57747597, -0.18673669), (0.7277887, -0.50564927, 0.46329525), (0.7277813, -0.505646, 0.4633104), (0.72779536, -0.50564384, 0.4632906), (0.7277887, -0.50564927, 0.46329525), (0.72779536, -0.50564384, 0.4632906), (0.7277898, -0.50563794, 0.4633058), (0.6422405, -0.64824533, 0.40902928), (0.6422645, -0.6482483, 0.4089871), (0.64224494, -0.6482406, 0.40903014), (0.6422405, -0.64824533, 0.40902928), (0.64224494, -0.6482406, 0.40903014), (0.6422316, -0.6482682, 0.4090072), (-0.44192508, 0.12463091, 0.88835204), (-0.44192806, 0.12462574, 0.8883513), (-0.44192907, 0.12460731, 0.88835335), (-0.44192508, 0.12463091, 0.88835204), (-0.44192907, 0.12460731, 0.88835335), (-0.44191968, 0.12464221, 0.8883531), (-0.8564514, 0.056634348, 0.51311165), (-0.8564542, 0.056633458, 0.5131071), (-0.8564498, 0.05661633, 0.51311624), (-0.8564514, 0.056634348, 0.51311165), (-0.8564498, 0.05661633, 0.51311624), (-0.85644466, 0.056604113, 0.51312613), (-0.16216964, -0.97702616, 0.1382783), (-0.16216952, -0.9770263, 0.13827798), (-0.16219805, -0.9770205, 0.1382854), (-0.16216964, -0.97702616, 0.1382783), (-0.16219805, -0.9770205, 0.1382854), (-0.16219606, -0.97702175, 0.1382788), (0.47022635, -0.8432951, 0.26027033), (0.47023752, -0.84328425, 0.26028514), (0.4702326, -0.8432823, 0.26030034), (0.47022635, -0.8432951, 0.26027033), (0.4702326, -0.8432823, 0.26030034), (0.47022718, -0.84329104, 0.26028168), (-0.3994748, -0.9128284, 0.084641285), (-0.3994912, -0.9128205, 0.08464977), (-0.39949483, -0.9128175, 0.08466444), (-0.3994748, -0.9128284, 0.084641285), (-0.39949483, -0.9128175, 0.08466444), (-0.39948928, -0.91282165, 0.08464687), (-0.49898368, -0.7670921, -0.40321815), (-0.49897748, -0.7670965, -0.40321764), (-0.49895132, -0.7671183, -0.40320858), (-0.49898368, -0.7670921, -0.40321815), (-0.49895132, -0.7671183, -0.40320858), (-0.49895462, -0.76711893, -0.40320316), (-0.34767035, -0.9287737, -0.12847103), (-0.34768838, -0.92876476, -0.1284864), (-0.34767163, -0.928774, -0.12846547), (-0.34767035, -0.9287737, -0.12847103), (-0.34767163, -0.928774, -0.12846547), (-0.3477019, -0.92875797, -0.12849876), (-0.92286354, -0.363371, 0.12761064), (-0.92286503, -0.3633722, 0.12759595), (-0.92285836, -0.36337367, 0.12764035), (-0.92286354, -0.363371, 0.12761064), (-0.92285836, -0.36337367, 0.12764035), (-0.9228608, -0.36337394, 0.12762207), (-0.07864074, -0.9298012, -0.35956284), (-0.07863899, -0.9298032, -0.3595581), (-0.07863186, -0.9298147, -0.3595298), (-0.07864074, -0.9298012, -0.35956284), (-0.07863186, -0.9298147, -0.3595298), (-0.07864055, -0.929798, -0.35957104), (-0.30566263, -0.95212543, -0.005238072), (-0.30564815, -0.9521301, -0.0052407314), (-0.30565947, -0.95212656, -0.0052399714), (-0.30566263, -0.95212543, -0.005238072), (-0.30565947, -0.95212656, -0.0052399714), (-0.30568275, -0.952119, -0.0052370974), (-0.007212085, -0.9319234, -0.3625835), (-0.0072146403, -0.93192786, -0.36257198), (-0.0072116675, -0.9319262, -0.3625761), (-0.007212085, -0.9319234, -0.3625835), (-0.0072116675, -0.9319262, -0.3625761), (-0.007214483, -0.9319318, -0.36256176), (-0.7884322, -0.57746565, 0.21191533), (-0.7884462, -0.5774458, 0.21191698), (-0.7884306, -0.57746786, 0.21191534), (-0.7884322, -0.57746565, 0.21191533), (-0.7884306, -0.57746786, 0.21191534), (-0.78842366, -0.57747835, 0.21191229), (-0.7421612, -0.5056486, -0.43990484), (-0.7421554, -0.505646, -0.43991774), (-0.7421617, -0.50564414, -0.4399093), (-0.7421612, -0.5056486, -0.43990484), (-0.7421617, -0.50564414, -0.4399093), (-0.7421553, -0.50563776, -0.43992722), (-0.65491796, -0.648249, -0.38840157), (-0.6549394, -0.6482521, -0.3883602), (-0.65493125, -0.64823663, -0.38839975), (-0.65491796, -0.648249, -0.38840157), (-0.65493125, -0.64823663, -0.38839975), (-0.654917, -0.6482652, -0.38837594), (0.53026724, -0.8475814, 0.020550916), (0.5302515, -0.8475821, 0.020927692), (0.5302713, -0.8475812, 0.020453712), (0.5302848, -0.8475806, 0.020127716), (-0.044690855, 0.9781861, 0.20286603), (-0.04448094, 0.9780547, 0.20354451), (-0.044552226, 0.97809905, 0.2033155), (-0.044893365, 0.9783124, 0.20221159), (0.1993653, -0.73536634, 0.6476803), (0.20149942, -0.7424251, 0.6389078), (0.19960311, -0.7361531, 0.6467126), (0.20173529, -0.74320513, 0.63792557), (0.4932164, -0.27571505, -0.8250568), (0.48684496, -0.27772415, -0.82816136), (0.48784187, -0.2774116, -0.82767946), (0.49361056, -0.27559096, -0.82486254), (0.81231743, 0.46952903, 0.34595218), (0.81241584, 0.46958673, 0.34564257), (0.81328934, 0.4701097, 0.3428662), (0.8134413, 0.47020155, 0.34237984), (-0.8229077, 0.46953055, -0.31994373), (-0.8229712, 0.46957126, -0.31972066), (-0.8238066, 0.4701284, -0.31673655), (-0.8239185, 0.47020254, -0.31633487), (0.07908428, 0.04169719, -0.9959955), (0.07908704, 0.041699104, -0.99599516), (0.07909146, 0.04169842, -0.9959948), (0.07911549, 0.041705783, -0.9959927), (0.6569275, 0.056779746, -0.7518127), (0.6569246, 0.05677725, -0.75181544), (0.6569196, 0.05677486, -0.75181997), (0.65692234, 0.0567759, -0.75181746), (0.705961, 0.108265676, -0.69992685), (0.70595396, 0.10826468, -0.69993407), (0.70595425, 0.10826394, -0.6999338), (0.7059541, 0.10826554, -0.6999339), (-0.6947524, 0.04928967, -0.7175581), (-0.694768, 0.04929193, -0.7175428), (-0.69476897, 0.04929138, -0.7175419), (-0.6947475, 0.049288724, -0.7175629), (0.07488472, 0.026520133, -0.9968395), (0.07539956, 0.026567025, -0.99679935), (0.07533362, 0.02655605, -0.9968047), (0.07515182, 0.02656908, -0.99681807), (0.9930334, 0.09225868, -0.073300935), (0.99303365, 0.09225591, -0.073300175), (0.99303424, 0.0922551, -0.07329402), (0.9930335, 0.09225694, -0.07330041), (-0.064083755, 0.088654466, -0.99399877), (-0.06409659, 0.08865455, -0.99399793), (-0.06408893, 0.08865385, -0.9939985), (-0.06410086, 0.08865643, -0.99399745), (-0.99987555, -0.0023111945, -0.015603109), (-0.99987555, -0.0023136763, -0.015606332), (-0.99987555, -0.002316171, -0.015602658), (-0.99987555, -0.002314715, -0.015606244), (0, -1, 0), (0, -1, 0), (0, -1, 0), (0, -1, 0), (0, -1, 0), (0, -1, 0), (0, -1, 0), (0, -1, 0), (0.68379116, 0.1243526, -0.71900356), (0.6837837, 0.12434533, -0.71901196), (0.6837858, 0.124350205, -0.71900904), (0.68379325, 0.12435526, -0.7190011), (-0.9277545, -0.34727976, -0.1366315), (-0.9277568, -0.34727976, -0.13661651), (-0.9277507, -0.34727952, -0.13665792), (-0.92775476, -0.34728277, -0.1366231), (-0.6732671, -0.06103794, 0.7368756), (-0.6697952, -0.05876742, 0.74021673), (-0.67267907, -0.058975272, 0.7375804), (-0.6732383, -0.061056234, 0.7369005), (-0.65114206, -0.027757965, 0.758448), (-0.6510366, -0.02789878, 0.7585335), (-0.6514181, -0.027343297, 0.75822616), (0.66940916, 0.057637483, 0.74065465), (0.6694247, 0.057639524, 0.74064046), (0.6694074, 0.0576372, 0.74065614), (0.6694242, 0.057638753, 0.740641), (-0.6915939, -0.003742921, 0.72227687), (-0.69157183, -0.0037389603, 0.722298), (-0.6915994, -0.0037492274, 0.7222715), (-0.69157964, -0.0037429512, 0.7222904), (0.07500947, 0.03474177, 0.99657744), (0.07499355, 0.034743756, 0.9965785), (0.07501227, 0.03474221, 0.9965772), (0.074986175, 0.034743737, 0.9965791), (0.06350339, -0.14157686, -0.9878883), (0.06352508, -0.14155403, -0.9878902), (0.06350238, -0.14156854, -0.9878896), (0.06351758, -0.14155944, -0.98788995), (-0.9902158, 0.063750155, -0.124131516), (-0.99027234, 0.062765926, -0.12418203), (-0.990216, 0.06374815, -0.12413057), (-0.9911515, 0.052975554, -0.1217051), (-0.9912102, 0.052033823, -0.12163429), (0.17408207, 0.93790644, -0.30004478), (0.17411044, 0.9378997, -0.30004933), (0.17409013, 0.93790466, -0.30004564), (0.17409532, 0.9379035, -0.30004638), (-0.71274185, 0.019092562, -0.70116657), (-0.7152101, 0.02606844, -0.69842327), (-0.71447265, 0.017862668, -0.6994353), (-0.7102277, 0.023310566, -0.703586), (-0.8521106, -0.507305, 0.12864335), (-0.8521072, -0.50730795, 0.12865396), (-0.8521088, -0.50730443, 0.12865816), (-0.85211354, -0.50730175, 0.12863708), (-0.9775504, -0.047492146, -0.2052796), (-0.97754693, -0.04749131, -0.20529647), (-0.97754806, -0.047501195, -0.20528878), (-0.97754216, -0.04749182, -0.2053191), (0.6664946, 0.13907981, -0.7324219), (0.6664969, 0.13907884, -0.7324199), (0.6665031, 0.13908328, -0.73241353), (0.6665, 0.13908416, -0.73241603), (0.6664686, 0.13906565, -0.73244816), (0.71693975, 0.021129612, -0.69681484), (0.7169202, 0.021122847, -0.6968351), (0.7169078, 0.021119809, -0.696848), (0.7169187, 0.021122346, -0.6968367), (0.9897954, 0.059443243, -0.12950489), (0.99076813, 0.052483045, -0.12499651), (0.9904435, 0.05633702, -0.12588811), (0.9898552, 0.059476655, -0.12903193), (0.088394605, 0.081662044, -0.99273247), (0.08838424, 0.08163643, -0.9927355), (0.0883856, 0.08163819, -0.99273527), (0.08838877, 0.08164512, -0.9927343), (0.63089687, -0.03262406, 0.7751804), (0.63089895, -0.03262708, 0.77517873), (0.6308975, -0.03262492, 0.7751799), (0.63089544, -0.032621935, 0.7751817), (0.9912553, 0.029752655, -0.12855959), (0.99125576, 0.029755984, -0.12855577), (0.9912553, 0.029752491, -0.12855981), (0.9912548, 0.029747905, -0.12856512), (-0.6488568, 0.019016612, 0.7606728), (-0.64885294, 0.019016111, 0.7606762), (-0.64885443, 0.019016104, 0.76067495), (-0.6488574, 0.019016696, 0.76067245), (-0.26277617, -0.37887976, -0.8873549), (-0.26279777, -0.37889847, -0.88734055), (-0.26279357, -0.37889063, -0.88734514), (-0.26277593, -0.37886754, -0.88736016), (-0.63512295, -0.7722774, 0.014364333), (-0.6351265, -0.77227443, 0.014368593), (-0.63511336, -0.77228475, 0.014400501), (-0.63511574, -0.7722826, 0.014405672), (0.4062423, 0.056685764, -0.9120055), (0.4062373, 0.05670056, -0.91200674), (0.40623793, 0.056699283, -0.91200656), (0.40624297, 0.05668604, -0.9120052), (0.023448877, 0.9459155, 0.3235642), (0.023458615, 0.9459098, 0.32358044), (0.023450073, 0.94591844, 0.32355577), (0.023459764, 0.9459191, 0.32355326), (0.27061692, 0.93206364, -0.24088162), (0.27061692, 0.93206364, -0.24088162), (0.27061254, 0.93206704, -0.24087337), (0.27062753, 0.9320551, -0.2409024), (0.86216956, 0.4042658, -0.30534065), (0.86217254, 0.40425643, -0.30534443), (0.8621677, 0.40425926, -0.30535448), (0.86217284, 0.40425733, -0.30534238), (0.26705375, -0.06122225, -0.96173495), (0.26705965, -0.06122159, -0.9617334), (0.2670777, -0.061211232, -0.961729), (0.2670812, -0.06120628, -0.96172833), (-0.40942413, -0.083892085, 0.9084789), (-0.4093976, -0.083884135, 0.9084916), (-0.4094267, -0.083891995, 0.90847784), (-0.40942264, -0.08389143, 0.9084797), (0.50502735, 0.4413069, 0.74175173), (0.5050318, 0.4413079, 0.7417481), (0.50503135, 0.44130674, 0.7417491), (0.5050358, 0.44130665, 0.7417461), (0.524798, 0.45013723, 0.72247046), (0.52480567, 0.4501359, 0.72246563), (0.5050334, 0.44130877, 0.7417465), (0.5247895, 0.45013863, 0.72247577), (0.3115415, 0.14368449, -0.9393065), (0.3115399, 0.143766, -0.9392946), (0.31155443, 0.14379236, -0.93928564), (0.31153798, 0.1437232, -0.9393017), (0.31207284, 0.11973247, -0.94248325), (0.31207097, 0.11973948, -0.94248295), (-0.3682376, -0.10470127, 0.92381746), (-0.36812845, -0.10457666, 0.92387515), (-0.36814427, -0.10459524, 0.9238667), (-0.36816308, -0.1046157, 0.92385685), (0.035689577, -0.87201923, -0.48816857), (0.03569083, -0.87201643, -0.4881737), (0.035691515, -0.8720128, -0.48817998), (0.035690986, -0.8720141, -0.4881778), (-0.28626338, -0.9074356, 0.30759355), (-0.28626552, -0.90744084, 0.30757642), (-0.28626406, -0.9074463, 0.3075614), (-0.28625983, -0.90744585, 0.3075667), (-0.4613368, -0.021956334, 0.88695335), (-0.46134743, -0.021988306, 0.8869471), (-0.4613483, -0.021999674, 0.8869463), (-0.46133587, -0.0219583, 0.88695383), (-0.6656542, -0.73929983, 0.101687536), (-0.6656535, -0.7393005, 0.10168736), (-0.6656544, -0.7392947, 0.10172266), (-0.66565406, -0.7392984, 0.101698026), (0.61763775, 0.7761892, -0.12670419), (0.61764646, 0.77617496, -0.12674835), (0.6176453, 0.7761766, -0.12674496), (0.61764264, 0.7761805, -0.12673348), (-0.68151706, 0.6307599, -0.37104782), (-0.6815167, 0.6307596, -0.371049), (-0.68151283, 0.63076407, -0.3710485), (-0.68151474, 0.63076144, -0.37104943), (-0.68151057, 0.63076544, -0.37105018), (0.3067045, 0.64696854, 0.69811475), (0.30670232, 0.64696836, 0.69811577), (0.30671287, 0.64697427, 0.6981056), (0.30669704, 0.6469631, 0.6981229), (-0.34535807, -0.6089118, -0.71411085), (-0.34536412, -0.60892004, -0.71410084), (-0.34535033, -0.6089035, -0.7141215), (-0.34534755, -0.6089003, -0.7141257), (0.9805926, -0.044298403, -0.19098647), (0.98059285, -0.044297177, -0.19098526), (0.9805891, -0.04430502, -0.19100337), (0.9805963, -0.044292912, -0.19096869), (-0.6632758, 0.06971137, 0.7451211), (-0.6632867, 0.069717355, 0.74511087), (-0.6633002, 0.069718465, 0.74509877), (-0.663291, 0.06971594, 0.74510723), (-0.831101, 0.010125785, -0.55602926), (-0.8311064, 0.010133878, -0.55602103), (-0.8311216, 0.010166343, -0.5559976), (-0.8311158, 0.01015766, -0.5560066), (-0.63736224, -0.06728237, -0.76762134), (-0.6373827, -0.06728535, -0.76760405), (-0.6373864, -0.06728913, -0.7676006), (-0.6373603, -0.0672824, -0.767623), (-0.9925559, -0.00052291545, -0.12178909), (-0.99250704, -0.00029635333, -0.122187294), (-0.9924982, -0.0002820568, -0.12225908), (-0.9926064, -0.0008184625, -0.12137461), (0.97979844, -0.000069510985, -0.19998775), (0.97976583, -0.00018937435, -0.20014723), (0.9797635, -0.0001978576, -0.2001586), (0.979763, -0.00019995333, -0.20016128), (0.47801054, -0.87150747, 0.109456204), (0.4780678, -0.8714786, 0.10943617), (0.47804755, -0.8714893, 0.10943942), (0.47802073, -0.87150204, 0.10945473), (0.08373045, 0.035577383, 0.9958532), (0.08373018, 0.035577506, 0.9958532), (0.0837382, 0.03557372, 0.9958526), (0.083745115, 0.03557046, 0.9958521), (-0.6804141, -0.025564706, -0.73238176), (-0.68056566, -0.025785923, -0.73223317), (-0.6807281, -0.026018372, -0.73207396), (-0.68055314, -0.025763461, -0.7322456), (-0.29888165, -0.90837234, -0.29245412), (-0.29886913, -0.9083729, -0.29246536), (-0.29887396, -0.9083734, -0.29245836), (-0.29888138, -0.90837336, -0.29245126), (0.6201864, 0.022673305, 0.7841269), (0.6202114, 0.022616824, 0.7841085), (0.62020797, 0.022624183, 0.7841112), (0.6202097, 0.022619633, 0.78410983), (-0.9926064, -0.0008184625, -0.12137461), (-0.9924649, -0.00032106997, -0.12252926), (-0.9925488, -0.0006735603, -0.121845156), (-0.9925559, -0.00052291545, -0.12178909), (0.08271701, 0.7708391, 0.63163674), (0.08273745, 0.77083004, 0.63164514), (0.08273626, 0.77083, 0.63164526), (0.08272214, 0.7708345, 0.6316417), (-0.748881, 0.0072050104, -0.6626655), (-0.74870765, 0.006856386, -0.662865), (-0.7487038, 0.006858475, -0.6628693), (-0.74869835, 0.0068528233, -0.6628754), (0.99230206, 0.094769426, 0.079720415), (0.9923022, 0.09478713, 0.079698525), (0.9923018, 0.09478534, 0.079704545), (0.9923018, 0.09479569, 0.07969192), (0.067922324, 0.8061453, -0.58780634), (0.06791999, 0.8061306, -0.5878267), (0.067928605, 0.8061557, -0.5877914), (0.0679176, 0.8061375, -0.5878176), (0.41639104, 0.85420346, -0.3113758), (0.41639528, 0.8542087, -0.31135598), (0.41640082, 0.85421133, -0.3113413), (0.41639578, 0.8542064, -0.31136164), (-0.77824116, 0.4596501, 0.427858), (-0.7782578, 0.4596451, 0.42783314), (-0.7782486, 0.45964766, 0.42784706), (-0.7782591, 0.45964706, 0.4278287), (-0.0073319976, 0.42397234, 0.90564543), (-0.0073588947, 0.42398202, 0.9056408), (-0.0073631136, 0.42398337, 0.90563995), (-0.007332618, 0.4239725, 0.9056454), (0.8335157, -0.009038153, 0.55242175), (0.83351797, -0.00905014, 0.55241823), (0.83351034, -0.009016608, 0.55243033), (0.8335131, -0.009027965, 0.55242604), (0.7230118, -0.6873638, -0.06917245), (0.7230162, -0.6873593, -0.06917225), (0.7230117, -0.6873631, -0.069181524), (0.7230052, -0.68737, -0.06918086), (-0.5876012, 0.7907537, 0.17156164), (-0.5875876, 0.79075915, 0.17158328), (-0.5875888, 0.79075766, 0.17158563), (-0.58758503, 0.7907594, 0.17159127), (-0.10934923, -0.77857256, -0.6179542), (-0.10937701, -0.77856666, -0.61795676), (-0.1093666, -0.77856946, -0.6179551), (-0.10936647, -0.7785674, -0.6179578), (0.26770228, 0.6115322, -0.7445561), (0.26769966, 0.61153215, -0.74455714), (0.26770225, 0.6115313, -0.74455684), (0.267702, 0.6115331, -0.74455553), (0.26770183, 0.6115341, -0.74455476), (0.2676985, 0.61153704, -0.7445535), (-0.8598257, -0.043649763, -0.5087186), (-0.85984313, -0.043621626, -0.5086914), (-0.85981816, -0.043666698, -0.5087297), (-0.8597971, -0.043701027, -0.50876236), (0.8917004, -0.36964077, -0.26122025), (0.89170617, -0.36963087, -0.26121467), (0.89171034, -0.3696319, -0.26119918), (0.8916988, -0.3696385, -0.2612291), (0.8487421, 0.005488922, 0.52877855), (0.84872955, 0.005499964, 0.52879846), (0.8486948, 0.0055416073, 0.5288538), (0.84875506, 0.0054735634, 0.5287579), (0.015880117, -0.3579756, -0.93359584), (0.015905287, -0.35797903, -0.93359417), (0.01592736, -0.35798207, -0.9335926), (0.015879815, -0.35797495, -0.93359613), (-0.81683946, 0.056101937, -0.5741305), (-0.8168251, 0.056091778, -0.57415205), (-0.8168225, 0.056089837, -0.57415587), (-0.81681144, 0.056080587, -0.5741725), (0.86675245, 0.054349463, 0.4957683), (0.86684555, 0.054108426, 0.4956321), (0.86684626, 0.05410623, 0.49563107), (0.8668123, 0.054194503, 0.49568078), (-0.69367605, 0.6737039, 0.25482655), (-0.69367224, 0.67370623, 0.25483102), (-0.6936786, 0.6737027, 0.2548223), (-0.69371045, 0.67368525, 0.2547823), (0.6975163, -0.66577405, -0.26498294), (0.69746715, -0.66580737, -0.26502866), (0.69749236, -0.6657807, -0.26502928), (0.6974984, -0.6657863, -0.2649992), (0.10638181, 0.70280725, 0.703381), (0.106375545, 0.7028152, 0.7033741), (0.10633887, 0.70283103, 0.7033638), (0.106358334, 0.7028164, 0.70337546), (-0.10174011, -0.692501, -0.7142068), (-0.10178184, -0.69249004, -0.7142115), (-0.10178032, -0.6924905, -0.71421117), (-0.101759866, -0.6924944, -0.71421045), (0.99076813, 0.052483045, -0.12499651), (0.990489, 0.049321778, -0.12844777), (0.990489, 0.049321957, -0.12844779), (0.9904435, 0.05633702, -0.12588811), (-0.9442169, -0.05478909, 0.32473466), (-0.9442136, -0.054774046, 0.3247468), (-0.9442237, -0.054805793, 0.32471198), (-0.9442133, -0.054780863, 0.32474664), (-0.70600027, 0.117704265, -0.6983619), (-0.705872, 0.118065104, -0.69843066), (-0.70614296, 0.11730268, -0.6982851), (-0.70601803, 0.117658295, -0.6983516), (0.6690369, 0.1087613, -0.7352283), (0.6690395, 0.108763956, -0.73522556), (0.6690383, 0.10876271, -0.73522675), (0.66903526, 0.108759575, -0.73522997), (0.09190798, 0.14257704, -0.98550737), (0.09194165, 0.14259972, -0.9855009), (0.09192021, 0.1425855, -0.9855049), (0.09193706, 0.14259897, -0.98550147), (-0.07760809, -0.9322311, 0.3534433), (-0.07760697, -0.9322334, 0.35343754), (-0.077629365, -0.932216, 0.35347846), (-0.07760546, -0.9322337, 0.35343724), (-0.69053817, -0.08065825, 0.7187845), (-0.69055235, -0.080668114, 0.71876997), (-0.69055, -0.080662176, 0.71877277), (-0.6905614, -0.08067323, 0.71876055), (0.34698048, 0.857906, 0.37894845), (0.34699538, 0.8578964, 0.37895632), (0.34702373, 0.85788053, 0.3789663), (0.34700957, 0.8578924, 0.37895262), (-0.06616017, 0.8146267, 0.5761997), (-0.06612954, 0.8146266, 0.57620347), (-0.06620593, 0.8146416, 0.57617354), (-0.06614593, 0.8146214, 0.57620883), (0.8886656, 0.08813188, -0.45000696), (0.8886583, 0.0881406, -0.45001978), (0.8886547, 0.08815133, -0.45002463), (0.8886549, 0.08815011, -0.45002443), (0.055859625, 0.49688897, -0.86601454), (0.055856463, 0.49688923, -0.86601454), (0.055868033, 0.49688944, -0.86601365), (0.05590473, 0.49688983, -0.866011), (0.8985915, 0.17195828, -0.4036877), (0.89860445, 0.17192069, -0.40367478), (0.89859635, 0.17194982, -0.40368047), (0.89859694, 0.17194009, -0.4036833), (0.889161, 0.15499274, -0.43054628), (0.890502, 0.15640992, -0.42724943), (0.8905379, 0.16241965, -0.4249259), (-0.1618142, -0.9217968, 0.3522879), (-0.16182323, -0.9217942, 0.35229063), (-0.16180557, -0.92180014, 0.35228318), (-0.16182564, -0.92179203, 0.35229522), (-0.49327993, 0.86965215, 0.01949351), (-0.49314356, 0.8697306, 0.019444525), (-0.49305433, 0.8697819, 0.019413134), (-0.4932357, 0.86967754, 0.019477967), (-0.87989736, -0.13091981, 0.45677188), (-0.8798887, -0.13095066, 0.4567798), (-0.8798914, -0.13094203, 0.45677722), (-0.8799, -0.13090889, 0.45677018), (-0.07481199, -0.68157226, 0.72791654), (-0.074818164, -0.68157506, 0.72791326), (-0.07480693, -0.6815786, 0.7279111), (-0.074819915, -0.6815693, 0.7279184), (-0.051073007, -0.457357, 0.88781536), (-0.051085185, -0.45735422, 0.88781613), (-0.051127143, -0.45734203, 0.88782), (-0.051113658, -0.45734495, 0.88781923), (-0.8797548, -0.09284032, 0.46627483), (-0.87977463, -0.09286343, 0.46623275), (-0.87975514, -0.09284033, 0.46627423), (-0.881392, -0.09965636, 0.461754), (-0.88283074, -0.10011472, 0.45889768), (-0.8828391, -0.10009585, 0.4588857), (0.77950704, -0.36066538, 0.5121418), (0.77949494, -0.3606699, 0.512157), (0.7794978, -0.36066803, 0.5121539), (0.77951616, -0.36066407, 0.5121288), (0.09713542, 0.86365724, 0.49463192), (0.097128496, 0.86365813, 0.4946318), (0.097127534, 0.86365885, 0.49463078), (0.09713705, 0.86365664, 0.49463287), (0.09713584, 0.8636577, 0.49463114), (0.8905379, 0.16241965, -0.4249259), (0.8888353, 0.16637361, -0.42695627), (0.8888673, 0.16632453, -0.42690882), (0.890502, 0.15640992, -0.42724943), (-0.6000867, -0.03761954, 0.7990499), (-0.59980285, -0.03779263, 0.79925483), (-0.5998509, -0.037752017, 0.79922074), (-0.5999098, -0.037719406, 0.799178), (-0.6321561, -0.029488873, 0.77427965), (-0.99223715, 0.0004563567, -0.12435936), (-0.9922356, 0.00035762435, -0.12437188), (-0.9922362, 0.00039871316, -0.124367066), (-0.9922341, 0.00048099886, -0.12438305), (0.9909689, 0.014696051, -0.13328469), (0.99193007, 0.013688644, -0.12604539), (0.99161315, 0.01659791, -0.12817116), (0.9909903, 0.014854509, -0.13310763), (-0.0011191876, 0.04280381, -0.9990829), (-0.0011387041, 0.042814568, -0.99908245), (-0.001074451, 0.042775314, -0.9990841), (-0.0011259201, 0.042804796, -0.9990828), (0.63463795, -0.021134457, 0.77252054), (0.634622, -0.021119343, 0.772534), (0.6346087, -0.021108625, 0.7725453), (0.634668, -0.02116191, 0.77249503), (0.6664686, 0.13906565, -0.73244816), (0.6664883, 0.13908355, -0.73242694), (0.6664893, 0.13908364, -0.7324259), (0.6665, 0.13908416, -0.73241603), (0.11896729, 0.17741753, -0.9769185), (0.118971266, 0.17741776, -0.976918), (0.11896025, 0.17741606, -0.97691965), (0.11897129, 0.17741646, -0.9769182), (0.6326876, -0.06446409, 0.7717193), (0.63319886, -0.06408391, 0.77133167), (0.6331913, -0.06408355, 0.77133787), (0.63177836, -0.065060064, 0.77241397), (-0.70292175, 0.14467709, -0.69639754), (-0.70292914, 0.14467542, -0.69639033), (-0.7029278, 0.14467603, -0.69639164), (-0.7029211, 0.14467746, -0.6963982), (-0.9902166, 0.06374817, -0.12412585), (-0.9902172, 0.06374241, -0.12412387), (-0.99021673, 0.063747905, -0.124125116), (-0.9902159, 0.063749716, -0.12413099), (-0.990216, 0.06374815, -0.12413057), (-0.9902158, 0.063750155, -0.124131516), (0.14711165, 0.17866056, -0.97285074), (0.14716938, 0.17869149, -0.9728363), (0.14735232, 0.1787877, -0.97279096), (0.14718397, 0.17869869, -0.9728328), (0.08732998, -0.09716215, 0.99142975), (0.09112657, -0.09731619, 0.99107295), (0.09029413, -0.09762673, 0.9911185), (0.08658094, -0.09747494, 0.9914648), (0.63177836, -0.065060064, 0.77241397), (0.62988067, -0.065236494, 0.77394736), (0.62988466, -0.06523795, 0.7739441), (0.6326876, -0.06446409, 0.7717193), (-0.7029211, 0.14467746, -0.6963982), (-0.7029201, 0.14467806, -0.6963991), (-0.7029207, 0.1446766, -0.6963988), (-0.70292175, 0.14467709, -0.69639754), (-0.662501, -0.06230566, 0.7464653), (-0.67267907, -0.058975272, 0.7375804), (-0.6697952, -0.05876742, 0.74021673), (-0.66071403, -0.062111214, 0.7480637), (0.7433558, 0.5488134, -0.38239518), (0.7433563, 0.5488275, -0.3823737), (0.7433555, 0.54881525, -0.3823928), (0.74334186, 0.5488334, -0.38239348), (-0.0086392835, 0.20537551, 0.9786451), (-0.008614683, 0.20537832, 0.9786447), (-0.008616894, 0.20537701, 0.97864497), (-0.008607836, 0.20538557, 0.97864324), (0.08376937, 0.017507683, 0.9963314), (0.08376886, 0.017507905, 0.9963314), (0.08376989, 0.017506834, 0.9963314), (0.083769284, 0.017507706, 0.9963314), (0.51929104, 0.3502481, 0.7795275), (0.5193051, 0.35024738, 0.7795184), (0.51930845, 0.35024735, 0.7795162), (0.5193045, 0.35024893, 0.7795182), (-0.64562345, 0.03030027, -0.76305455), (-0.6456244, 0.030298611, -0.7630538), (-0.6456239, 0.030299824, -0.7630542), (-0.645621, 0.03030174, -0.76305664), (0.99151456, 0.019117534, -0.12858208), (0.9915142, 0.019114988, -0.12858507), (0.9915147, 0.01911764, -0.12858158), (0.9915142, 0.01911682, -0.12858489), (0.9915143, 0.01911558, -0.12858422), (0.6311207, 0.018768106, 0.7754576), (0.6311248, 0.01876823, 0.77545416), (0.6311215, 0.018768841, 0.7754569), (0.6311202, 0.018768897, 0.77545804), (-0.64885265, 0.019016173, 0.76067644), (-0.64885443, 0.019016104, 0.76067495), (-0.64885294, 0.019016111, 0.7606762), (-0.6488502, 0.019016279, 0.7606786), (0.7040898, 0.023140578, -0.70973384), (0.70379305, 0.022612642, -0.7100451), (0.7037536, 0.022557579, -0.710086), (0.70402765, 0.023874907, -0.7097711), (-0.9952425, 0.023016427, -0.09467145), (-0.99636406, 0.024049226, -0.08173368), (-0.9960556, 0.021361899, -0.086121246), (-0.9952684, 0.02288967, -0.09442825), (-0.66949964, 0.030451197, -0.7421879), (-0.6694616, 0.030476907, -0.74222124), (-0.6694061, 0.030514985, -0.7422697), (-0.6694591, 0.030480228, -0.7422233), (0.07550974, 0.026537878, -0.9967918), (0.07533362, 0.02655605, -0.9968047), (0.07539956, 0.026567025, -0.99679935), (0.07557332, 0.026563877, -0.99678636), (0.6311215, 0.018768841, 0.7754569), (0.63112116, 0.01876956, 0.77545726), (0.6311202, 0.018768897, 0.77545804), (0.6311187, 0.018769424, 0.7754592), (0.6311185, 0.018769436, 0.77545923), (0.083767235, 0.017507087, 0.9963315), (0.08376989, 0.017506834, 0.9963314), (0.08376886, 0.017507905, 0.9963314), (0.08377493, 0.017506447, 0.9963309), (0.04354364, 0.027274499, 0.9986791), (0.043538153, 0.027276698, 0.99867934), (0.101784594, -0.041963216, 0.99392104), (0.10256695, -0.042145763, 0.99383295), (0.10263402, -0.042163435, 0.9938252), (0.09930003, -0.043109138, 0.9941233), (-0.99241674, 0.00003477022, -0.122918956), (-0.9925488, -0.0006735603, -0.121845156), (-0.9924649, -0.00032106997, -0.12252926), (-0.9922994, 0.00031575735, -0.12386295), (-0.9922356, 0.00035762435, -0.12437188), (-0.99222964, 0.00040835838, -0.12441954), (-0.9922299, 0.0003895892, -0.12441805), (-0.9922362, 0.00039871316, -0.124367066), (-0.7029229, 0.033089124, -0.71049595), (-0.7029221, 0.033090014, -0.7104968), (-0.70292556, 0.033087436, -0.7104934), (-0.7029374, 0.033082817, -0.7104818), (0.9887165, 0.017126648, -0.1488168), (0.98872095, 0.017127, -0.14878708), (0.9887211, 0.017129174, -0.14878614), (0.9887179, 0.017127993, -0.14880714), (0.65377635, 0.04983126, -0.7550452), (0.6537691, 0.04982869, -0.7550517), (0.6537771, 0.049830265, -0.7550446), (0.6537744, 0.04983027, -0.75504696), (-0.6547221, -0.035859864, 0.75501865), (-0.65337944, -0.036277507, 0.75616086), (-0.6534177, -0.03621259, 0.75613093), (-0.6553998, -0.036251828, 0.7544116), (-0.9922994, 0.00031575735, -0.12386295), (-0.9922299, 0.0003895892, -0.12441805), (-0.99222964, 0.00040835838, -0.12441954), (-0.99241674, 0.00003477022, -0.122918956), (0.9925141, 0.009466239, -0.12176267), (0.9919199, 0.015878208, -0.12586813), (0.99221814, 0.010377804, -0.12407794), (0.9925229, 0.009508981, -0.12168818), (-0.7142963, 0.026281495, -0.69934976), (-0.71447265, 0.017862668, -0.6994353), (-0.7152101, 0.02606844, -0.69842327), (-0.7143069, 0.026252367, -0.69934005), (0.65375495, 0.033585634, -0.75596064), (0.6537384, 0.033446047, -0.7559811), (0.6537445, 0.033521805, -0.7559725), (0.65371805, 0.03336752, -0.7560022), (-0.6128336, -0.6761389, 0.40898815), (-0.6128242, -0.67615217, 0.40898016), (-0.6128344, -0.67613715, 0.4089896), (-0.6331169, -0.6449802, 0.42797604), (0.00059731473, -0.9056344, -0.424059), (0.0005892562, -0.9056402, -0.42404658), (0.00059247133, -0.9056367, -0.4240539), (-0.014445429, -0.9178879, -0.39657664), (-0.76836294, -0.41932672, 0.48351166), (-0.76836467, -0.4193153, 0.48351884), (-0.7683548, -0.41932923, 0.48352233), (-0.7683648, -0.41929471, 0.48353645), (0.08937717, -0.35281107, -0.9314162), (0.08936652, -0.3528234, -0.93141246), (0.08937391, -0.35281584, -0.9314146), (0.08938964, -0.35283485, -0.93140596), (0.64563435, -0.7545071, 0.117793486), (0.64558357, -0.7545485, 0.11780678), (0.6454524, -0.7546555, 0.11784014), (0.64548004, -0.75463295, 0.11783288), (-0.39821142, -0.61522424, -0.6803874), (-0.39822808, -0.6152276, -0.6803745), (-0.39821464, -0.61522466, -0.68038493), (-0.4364442, -0.61949724, -0.65248734), (-0.07260747, -0.49091858, 0.86817455), (-0.07260904, -0.49093422, 0.86816555), (-0.072615996, -0.49091658, 0.86817497), (-0.07260992, -0.49092373, 0.8681715), (-0.06653383, 0.09828978, -0.99293125), (-0.06654705, 0.09832686, -0.99292666), (-0.0665303, 0.09831406, -0.99292904), (-0.06654118, 0.098302014, -0.9929295), (-0.03499689, -0.64303493, 0.76503676), (-0.0349979, -0.6430408, 0.7650319), (-0.03499581, -0.643041, 0.7650317), (-0.03499844, -0.6430311, 0.76504), (0.19265103, -0.9459009, 0.26106885), (0.19264203, -0.94590116, 0.2610748), (0.19265512, -0.9459009, 0.26106587), (0.19262859, -0.94590384, 0.26107505), (-0.30857658, -0.883378, -0.35273755), (-0.30855665, -0.8833836, -0.35274103), (-0.3085863, -0.8833757, -0.35273495), (-0.30856496, -0.883381, -0.35274032), (-0.062474158, 0.49611896, -0.86600405), (-0.06250105, 0.4960857, -0.86602116), (-0.062498227, 0.49610865, -0.86600816), (-0.06248822, 0.49610895, -0.8660088), (0.034792293, -0.97571987, 0.21624118), (0.034780163, -0.9757145, 0.21626692), (0.03478155, -0.97571146, 0.21628076), (0.034782577, -0.9757121, 0.21627776), (0.031842407, -0.9911266, -0.12905112), (0.03184561, -0.9911281, -0.12903854), (0.03186473, -0.9911243, -0.12906332), (0.031821523, -0.9911266, -0.12905659), (0.5981556, -0.7636999, -0.24284226), (0.5981201, -0.7637146, -0.24288318), (0.59823704, -0.763665, -0.24275145), (0.59821635, -0.763673, -0.24277706), (0.9990675, -0.026755363, 0.033887282), (0.99906653, -0.026775822, 0.033898972), (0.9990675, -0.026760863, 0.0338837), (0.99906737, -0.026776943, 0.03387527), (0.3969881, -0.80413395, -0.4424579), (0.39696905, -0.8041595, -0.44242853), (0.3969752, -0.8041489, -0.44244248), (0.3969734, -0.8041491, -0.44244367), (-0.78876203, 0.13022548, 0.600746), (-0.7887672, 0.13021408, 0.6007417), (-0.78877044, 0.13022998, 0.60073406), (-0.78877085, 0.13022055, 0.60073555), (-0.15478547, -0.7128426, -0.68402994), (-0.1547819, -0.71286416, -0.68400824), (-0.15478224, -0.71282864, -0.6840452), (-0.15477926, -0.71284205, -0.68403184), (-0.804116, 0.15231578, 0.57462806), (-0.8041156, 0.15233734, 0.5746228), (-0.80411404, 0.15234622, 0.5746226), (-0.80411327, 0.15234895, 0.5746229), (0.9508475, -0.0043237805, 0.30962917), (0.9508488, -0.00434229, 0.30962488), (0.9508464, -0.004349917, 0.30963263), (0.9508457, -0.004321344, 0.30963504), (0.86372393, -0.33392462, -0.3774589), (0.863746, -0.33390394, -0.37742695), (0.86375195, -0.3338685, -0.37744462), (0.8637416, -0.33387917, -0.3774589), (-0.282414, -0.64062446, -0.71403253), (-0.28241512, -0.64062333, -0.71403325), (-0.28242373, -0.6406123, -0.71403974), (-0.2824096, -0.6406289, -0.71403044), (-0.053883836, -0.9985061, -0.009058442), (-0.05388208, -0.9985061, -0.009062982), (-0.05389312, -0.9985057, -0.009047664), (-0.05391147, -0.9985049, -0.009038238), (0.058575895, -0.9214147, 0.38414034), (0.058549445, -0.9213954, 0.38419056), (0.058569778, -0.9214158, 0.38413876), (0.058594383, -0.9214337, 0.38409197), (0.09749623, -0.88360786, 0.4579647), (0.097499415, -0.8835968, 0.4579855), (0.09750303, -0.88359463, 0.45798886), (0.09749969, -0.8836059, 0.45796776), (-0.22452444, -0.96141034, 0.15899327), (-0.22453588, -0.9614088, 0.15898702), (-0.22452842, -0.96140957, 0.15899281), (-0.22451937, -0.9614119, 0.15899117), (0.52446556, -0.8513039, 0.014753277), (0.5244734, -0.85129887, 0.014762537), (0.5244617, -0.8513064, 0.01474877), (0.53970927, -0.8412343, 0.032227807), (-0.6941031, -0.71230847, 0.10410333), (-0.6941083, -0.71230304, 0.10410537), (-0.6941337, -0.71227944, 0.10409858), (-0.69413537, -0.71227735, 0.104100965), (-0.21819457, -0.30485606, 0.92706734), (-0.21821542, -0.30484197, 0.92706704), (-0.21820804, -0.30484265, 0.9270686), (-0.21818914, -0.3048527, 0.9270697), (0.75719196, 0.28313512, -0.58863807), (0.7571906, 0.28312892, -0.58864284), (0.7572082, 0.2831042, -0.58863205), (0.7571849, 0.28314087, -0.58864427), (-0.09958867, -0.5873209, -0.80320376), (-0.09959875, -0.58730996, -0.80321056), (-0.09959503, -0.58730704, -0.803213), (-0.09960565, -0.5872916, -0.8032231), (0.2423819, 0.37243444, 0.89584804), (0.24242347, 0.37240598, 0.8958486), (0.24239573, 0.37242067, 0.89584994), (0.24239399, 0.37242168, 0.89585), (-0.69430226, -0.69592655, -0.1833865), (-0.6942943, -0.69593865, -0.18337075), (-0.6942999, -0.6959325, -0.18337308), (-0.6942926, -0.69594115, -0.1833678), (0.7553512, -0.64754003, 0.10067932), (0.7553651, -0.64752614, 0.100665204), (0.7553597, -0.64753294, 0.100661516), (0.75533974, -0.6475532, 0.10068134), (0.23447041, -0.95773005, -0.16666381), (0.2344653, -0.95773166, -0.16666159), (0.23446512, -0.9577323, -0.16665757), (0.23447037, -0.95772886, -0.16667041), (0.32497245, -0.782364, 0.5313186), (0.324962, -0.7823555, 0.5313375), (0.32494527, -0.7823674, 0.53133017), (0.32494518, -0.7823662, 0.53133214), (0.6601036, -0.746479, 0.08385966), (0.66009945, -0.74648386, 0.08384853), (0.66010445, -0.7464782, 0.083859555), (0.66012037, -0.746459, 0.08390514), (0.29446197, -0.8546901, 0.42754763), (0.29446632, -0.85468584, 0.42755318), (0.29447109, -0.8546853, 0.42755097), (0.29446214, -0.85469174, 0.42754424), (0.7361838, -0.5854125, 0.33959612), (0.7361588, -0.5854271, 0.33962518), (0.7361748, -0.5854123, 0.33961615), (0.7361737, -0.5854133, 0.33961684), (0.8477971, -0.09885662, 0.5210253), (0.84778476, -0.09885776, 0.52104527), (0.84780335, -0.098858766, 0.52101475), (0.8477905, -0.098856784, 0.5210361), (0.5449174, -0.82181513, 0.16638798), (0.54489356, -0.82183266, 0.16637924), (0.5449169, -0.8218158, 0.16638671), (0.5448857, -0.8218339, 0.16639884), (0.9565891, 0.2333444, 0.1746075), (0.95658755, 0.23335436, 0.17460199), (0.95658743, 0.23336077, 0.17459473), (0.95659107, 0.2333389, 0.17460373), (0.80629516, -0.23712887, -0.54190207), (0.80631024, -0.23710684, -0.54188955), (0.8063085, -0.2371139, -0.54188895), (0.8062989, -0.23711222, -0.541904), (0.07972306, -0.47816667, 0.8746433), (0.07972594, -0.47817582, 0.874638), (0.07972783, -0.47815606, 0.87464863), (0.07972274, -0.47816712, 0.8746431), (-0.7474533, 0.6524513, 0.124983676), (-0.747434, 0.6524722, 0.12498988), (-0.74745905, 0.65244514, 0.12498139), (-0.74746215, 0.6524416, 0.12498079), (0.6740072, -0.5100928, 0.5343403), (0.6740052, -0.5100627, 0.53437173), (0.67400485, -0.51008296, 0.5343526), (0.6740025, -0.5100704, 0.5343677), (-0.80538666, 0.5036376, 0.31257233), (-0.8053612, 0.5036775, 0.3125735), (-0.8053619, 0.50367653, 0.3125734), (-0.8053781, 0.50365126, 0.31257245), (-0.6451936, 0.0105632255, 0.7639462), (-0.6452047, 0.010554657, 0.7639369), (-0.64518744, 0.0105795255, 0.7639511), (-0.64519507, 0.010569137, 0.7639447), (0.641693, -0.7391445, -0.20468369), (0.6417004, -0.73914135, -0.20467229), (0.6416935, -0.73914635, -0.20467588), (0.64168036, -0.73915046, -0.20470215), (0.07943832, -0.24570282, -0.96608466), (0.07943016, -0.24568714, -0.96608937), (0.07943029, -0.24567017, -0.9660937), (0.07943252, -0.24567387, -0.9660926), (-0.49836752, -0.5274765, -0.68803954), (-0.49836445, -0.5274783, -0.68804044), (-0.4983669, -0.5274722, -0.68804336), (-0.49836066, -0.5274551, -0.6880609), (-0.5341294, -0.833267, 0.14273027), (-0.5341232, -0.8332704, 0.14273353), (-0.53412104, -0.83327204, 0.1427317), (-0.5341121, -0.83327526, 0.1427462), (-0.104072146, -0.9051263, -0.4122079), (-0.104114585, -0.90511745, -0.41221648), (-0.104080856, -0.90512294, -0.41221315), (-0.10408657, -0.90512127, -0.41221532), (-0.21061617, -0.83008426, -0.5163343), (-0.21060711, -0.83008045, -0.5163439), (-0.21061194, -0.83008397, -0.5163364), (-0.21064611, -0.8300833, -0.5163234), (-0.60671186, -0.7337766, -0.3057328), (-0.6067083, -0.7337791, -0.30573416), (-0.60671145, -0.7337788, -0.30572864), (-0.6067062, -0.73378074, -0.30573428), (0.10577899, -0.9627555, 0.24882267), (0.105790146, -0.962749, 0.24884291), (0.10577701, -0.9627609, 0.24880256), (0.105783805, -0.96275836, 0.24880941), (0.56267846, -0.23689634, -0.7920057), (0.56270397, -0.23688337, -0.79199153), (0.5626897, -0.23688886, -0.792), (0.56270015, -0.23688297, -0.7919943), (-0.24624602, -0.9677959, 0.052286714), (-0.2462576, -0.9677922, 0.052300353), (-0.24625614, -0.96779245, 0.05230395), (-0.24625917, -0.96779144, 0.052309263), (-0.18482497, 0.12558755, -0.9747141), (-0.1848309, 0.1256119, -0.9747098), (-0.18482922, 0.12560421, -0.97471106), (-0.18482505, 0.12558268, -0.9747147), (0.6024789, -0.6890301, -0.40281117), (0.6024783, -0.68902975, -0.40281236), (0.60246414, -0.6890323, -0.40282923), (0.60247403, -0.689029, -0.40282017), (0.54222876, -0.15465727, -0.82587475), (0.5422303, -0.15464933, -0.8258752), (0.5422365, -0.15464504, -0.8258719), (0.5422466, -0.15464105, -0.82586604), (-0.6596938, -0.19542105, -0.72568226), (-0.6596824, -0.1954348, -0.72568893), (-0.6596959, -0.1954164, -0.7256816), (-0.65968657, -0.1954286, -0.7256867), (0.37696752, -0.36708674, -0.850378), (0.3769615, -0.36710244, -0.8503739), (0.37695312, -0.36709702, -0.85037994), (0.3769745, -0.3670743, -0.8503803), (-0.66280943, -0.22828636, -0.7131403), (-0.66280484, -0.2282729, -0.7131488), (-0.6627993, -0.22826377, -0.71315676), (-0.66280746, -0.22828862, -0.71314126), (-0.21683763, -0.6422117, -0.73521805), (-0.21684381, -0.642227, -0.7352029), (-0.21683876, -0.6422226, -0.7352082), (-0.21683232, -0.64220303, -0.73522717), (-0.13754146, -0.11399396, -0.9839145), (-0.13753802, -0.1140109, -0.983913), (-0.13754377, -0.114003636, -0.9839131), (-0.13754526, -0.11401554, -0.9839115), (0.29233542, -0.59818166, -0.7461359), (0.29233798, -0.5981814, -0.746135), (0.2923292, -0.59820086, -0.74612296), (0.29233256, -0.59821075, -0.7461137), (-0.5727815, 0.48570672, 0.6603108), (-0.572791, 0.48569465, 0.66031146), (-0.57278234, 0.48569965, 0.66031533), (-0.5727951, 0.48567623, 0.6603214), (0.80470365, 0.5319202, 0.2636531), (0.8046766, 0.53196, 0.2636554), (0.8047007, 0.531925, 0.2636526), (0.80469024, 0.53193986, 0.26365426), (-0.22154093, 0.46154606, -0.8590081), (-0.22157024, 0.46153948, -0.859004), (-0.22155736, 0.46154734, -0.8590031), (-0.22156069, 0.4615177, -0.8590182), (0.8471829, 0.056042578, -0.5283373), (0.8471807, 0.056049567, -0.52834016), (0.8471855, 0.056031387, -0.5283344), (0.84718925, 0.05601506, -0.5283302), (-0.05221642, 0.5177562, 0.8539332), (-0.05221454, 0.5177525, 0.8539356), (-0.052216325, 0.5177407, 0.85394263), (-0.05221379, 0.51777065, 0.85392463), (0.39344335, -0.361391, 0.8453395), (0.39345986, -0.3613736, 0.84533924), (0.3934624, -0.3613764, 0.84533685), (0.3934616, -0.3613758, 0.8453375), (0.15702233, -0.2390651, 0.95822334), (0.15701808, -0.23903309, 0.958232), (0.15710437, -0.23968676, 0.9580546), (0.15710947, -0.23972535, 0.95804405), (0.30066583, -0.87215215, -0.38594142), (0.30066255, -0.8721497, -0.38594928), (0.30066422, -0.87214726, -0.3859536), (0.30066353, -0.872157, -0.38593218), (0.25069657, -0.8615522, -0.44145104), (0.25070506, -0.8615498, -0.4414509), (0.25071365, -0.86154544, -0.44145438), (0.2507064, -0.86154747, -0.44145465), (-0.6250566, -0.78025347, 0.022554839), (-0.62476176, -0.78048486, 0.022721253), (-0.62540776, -0.77997756, 0.02236598), (-0.62522435, -0.78012156, 0.022470871), (-0.3693474, -0.8909343, -0.2642322), (-0.36935034, -0.8909315, -0.26423752), (-0.36936092, -0.8909262, -0.2642407), (-0.36936244, -0.8909257, -0.2642401), (-0.8139652, 0.04077375, 0.5794809), (-0.8139817, 0.040745717, 0.5794597), (-0.8139775, 0.040738493, 0.5794662), (-0.81398684, 0.04076104, 0.57945156), (0.73067653, 0.42763895, -0.5322), (0.73067534, 0.4276715, -0.5321754), (0.7306537, 0.42767912, -0.532199), (0.73064995, 0.42767236, -0.53220963), (0.83746594, 0.52586055, -0.14873318), (0.8374654, 0.52586174, -0.14873143), (0.83746374, 0.5258635, -0.14873452), (0.8374634, 0.52586424, -0.14873382), (-0.07774634, -0.25130293, 0.9647809), (-0.077747785, -0.25128162, 0.96478647), (-0.07773543, -0.25131565, 0.9647786), (-0.07773468, -0.25130504, 0.96478134), (-0.05664112, -0.95825243, 0.2802571), (-0.056639068, -0.95824885, 0.28026998), (-0.0566629, -0.9582429, 0.28028536), (-0.056631546, -0.9582542, 0.28025287), (0.034093905, -0.98808634, 0.1500766), (0.03408536, -0.98808694, 0.15007465), (0.03410436, -0.9880884, 0.1500602), (0.034112193, -0.9880883, 0.15005961), (0.38725448, -0.5579796, -0.73395693), (0.387245, -0.55797887, -0.73396254), (0.38728362, -0.5579856, -0.733937), (0.38725245, -0.5579741, -0.7339621), (0.053259064, -0.93038374, 0.36269766), (0.0532664, -0.93037975, 0.3627068), (0.05325862, -0.9303799, 0.36270732), (0.05326534, -0.93037313, 0.36272374), (0.9919946, -0.07995854, -0.097741075), (0.9919946, -0.079953514, -0.09774506), (0.9919952, -0.0799321, -0.097756445), (0.9919946, -0.07995293, -0.09774581), (0.95189005, -0.030523553, -0.30491608), (0.95188725, -0.030544035, -0.30492246), (0.95189047, -0.030512387, -0.30491546), (0.9518883, -0.030525923, -0.30492112), (0.79649293, 0.22363964, 0.5617688), (0.7964906, 0.2236435, 0.56177074), (0.7964907, 0.22365534, 0.5617657), (0.7964912, 0.22365627, 0.5617648), (0.5423233, -0.58812445, 0.5999959), (0.54232603, -0.588132, 0.599986), (0.54233354, -0.58815163, 0.5999599), (0.54232913, -0.58813834, 0.5999771), (0.3104709, -0.8646288, -0.39499986), (0.3104731, -0.8646345, -0.39498556), (0.3104769, -0.864636, -0.39497924), (0.31048384, -0.8646381, -0.39496925), (0.8552119, -0.4199454, -0.30374065), (0.85521257, -0.41992664, -0.30376497), (0.8552158, -0.4199503, -0.30372316), (0.855215, -0.41993818, -0.3037421), (0.039526284, -0.9874396, 0.15297364), (0.039501175, -0.9874384, 0.15298699), (0.03943046, -0.9874362, 0.15301986), (0.039466314, -0.98743755, 0.15300174), (0.5657049, -0.53444266, 0.6279722), (0.56570715, -0.5344431, 0.6279697), (0.5657078, -0.5344428, 0.62796956), (0.56572497, -0.5344393, 0.62795687), (0.0004455075, -0.78180426, -0.62352383), (0.00047341918, -0.7817927, -0.62353826), (0.00044064972, -0.7818063, -0.62352127), (0.0004726425, -0.7817991, -0.62353027), (-0.44309032, -0.7546515, -0.4839133), (-0.44308946, -0.75463146, -0.48394525), (-0.44309705, -0.7546368, -0.48393002), (-0.44309703, -0.75463235, -0.48393694), (0.0049537676, -0.8288474, -0.5594528), (0.0049359463, -0.8288649, -0.559427), (0.0049449163, -0.82885116, -0.5594473), (0.0049461913, -0.82885396, -0.5594432), (0.0021217838, -0.7224985, -0.69136935), (0.0021398982, -0.72251457, -0.6913524), (0.0021291373, -0.722508, -0.69135916), (0.00213033, -0.7225079, -0.69135934), (0.22605565, -0.3915756, -0.89194584), (0.22605248, -0.39156967, -0.89194924), (0.22602278, -0.39158338, -0.8919508), (0.2260219, -0.39157566, -0.89195436), (-0.12763269, -0.6008799, -0.7890837), (-0.1276543, -0.6008845, -0.78907675), (-0.12763384, -0.60087615, -0.7890864), (-0.12764303, -0.6008795, -0.78908247), (-0.4974657, -0.7918847, -0.35418442), (-0.4974642, -0.7918867, -0.3541819), (-0.49748653, -0.79187334, -0.35418046), (-0.49746853, -0.79188365, -0.35418275), (-0.19953206, -0.3531586, -0.91403824), (-0.19955617, -0.3531607, -0.91403216), (-0.19955438, -0.3531804, -0.914025), (-0.19955708, -0.35317707, -0.9140257), (0.113695756, -0.9472074, -0.29978576), (0.113697425, -0.9472075, -0.29978457), (0.11373176, -0.9472052, -0.29977903), (0.113716364, -0.9472072, -0.29977852), (-0.113026716, -0.8948153, -0.4318918), (-0.11301825, -0.8948149, -0.43189475), (-0.11302328, -0.8948157, -0.43189207), (-0.11303145, -0.8948163, -0.4318885), (0.6374066, -0.73404235, -0.23429613), (0.6374104, -0.7340427, -0.23428462), (0.6374117, -0.7340447, -0.23427488), (0.63741, -0.73403597, -0.23430656), (-0.92816913, 0.37155476, -0.021192456), (-0.9281791, 0.37153026, -0.021186622), (-0.9281799, 0.371528, -0.021186609), (-0.9281757, 0.37153885, -0.021181082), (0.6398655, 0.33608115, 0.69110173), (0.63988, 0.33608237, 0.69108784), (0.6398812, 0.3360836, 0.69108593), (0.6398595, 0.33608446, 0.6911058), (-0.24622007, 0.04492944, 0.96817195), (-0.24600436, 0.044753734, 0.968235), (-0.24602826, 0.04477321, 0.968228), (-0.24624376, 0.04494873, 0.96816504), (0.24627079, -0.044864286, -0.9681621), (0.24614593, -0.04482764, -0.96819556), (0.2463128, -0.044878345, -0.96815073), (0.24616624, -0.044806648, -0.96819144), (0.26962978, -0.031647395, -0.9624439), (0.26990142, -0.051318854, -0.9615194), (0.26990408, -0.05136819, -0.961516), (0.2696347, -0.031646464, -0.9624426), (0.26989356, -0.05131531, -0.96152186), (0.41168895, 0.014049729, -0.9112162), (0.41171134, 0.014032566, -0.9112063), (0.4117039, 0.014033487, -0.9112096), (0.4117022, 0.014030912, -0.9112105), (-0.2646712, 0.76093215, -0.5923946), (-0.26465693, 0.760928, -0.5924063), (-0.2646588, 0.7609285, -0.59240496), (-0.26465783, 0.7609305, -0.5924028), (0.61496204, -0.72336227, -0.31395662), (0.6149619, -0.7233571, -0.31396875), (0.61496043, -0.7233571, -0.3139716), (0.61496353, -0.72336227, -0.31395364), (-0.54688257, 0.7679102, 0.33351648), (-0.54688567, 0.7679173, 0.33349523), (-0.54688567, 0.7679083, 0.3335161), (-0.54688156, 0.7679153, 0.33350644), (-0.61359, 0.37426493, -0.69529355), (-0.613508, 0.37425193, -0.6953728), (-0.61349136, 0.3742495, -0.6953889), (-0.6137119, 0.37428355, -0.6951759), (0.6123843, -0.3763886, 0.6952102), (0.6122429, -0.3762787, 0.69539416), (0.6122484, -0.37628287, 0.695387), (0.61236244, -0.37637168, 0.69523853), (-0.87041926, 0.42749017, 0.24417701), (-0.8704167, 0.4274786, 0.2442061), (-0.8704151, 0.4274728, 0.24422255), (-0.870417, 0.42748362, 0.24419676), (0.8695802, -0.428912, -0.2446726), (0.8695895, -0.4289121, -0.24463977), (0.86957234, -0.42891055, -0.2447032), (0.86957866, -0.42891183, -0.2446788), (0.103861675, 0.8480936, -0.519567), (0.10385986, 0.84809226, -0.5195696), (0.10386426, 0.8480875, -0.51957655), (0.10386268, 0.8480939, -0.5195664), (-0.1639378, 0.07590823, 0.9835458), (-0.16393746, 0.07589781, 0.9835466), (-0.16393685, 0.07589728, 0.98354685), (-0.16393806, 0.07590288, 0.98354614), (-0.19897956, 0.08409887, 0.9763885), (-0.1639619, 0.07590187, 0.9835422), (-0.19897312, 0.084084004, 0.976391), (-0.19896442, 0.08406708, 0.97639436), (-0.3176384, 0.7211075, -0.61571896), (-0.31763387, 0.72110695, -0.61572194), (-0.31764328, 0.7211105, -0.61571294), (-0.3176399, 0.7211074, -0.61571825), (0.38966614, -0.663139, 0.6390672), (0.38966805, -0.6631391, 0.63906604), (0.38967112, -0.6631448, 0.6390581), (0.38968006, -0.66315997, 0.6390371), (0.9457464, 0.06651661, 0.3180239), (0.9457444, 0.066518925, 0.31802955), (0.9457433, 0.066517204, 0.31803292), (0.9457475, 0.06651832, 0.31802055), (0.94574255, 0.06652556, 0.31803346), (-0.0031584485, -0.8300752, 0.5576426), (-0.003165179, -0.8300465, 0.5576854), (-0.003164692, -0.83005, 0.55767995), (-0.0031604979, -0.83005744, 0.55766886), (-0.11187357, 0.89214647, 0.43767443), (-0.11171827, 0.89240074, 0.43719557), (-0.11170894, 0.89241546, 0.43716797), (-0.11170811, 0.8924139, 0.43717116), (-0.22015826, 0.9709995, 0.09322242), (-0.22014323, 0.9710032, 0.09321939), (-0.22017124, 0.9709962, 0.09322565), (-0.22018582, 0.9709927, 0.09322733), (-0.2137212, 0.97461355, 0.06672137), (-0.214361, 0.9744455, 0.06712159), (-0.21444303, 0.97442394, 0.0671729), (-0.81199884, 0.32532865, 0.48458144), (-0.8120068, 0.3253068, 0.48458278), (-0.81201464, 0.3252845, 0.4845846), (-0.812004, 0.32531327, 0.48458308), (0.48075137, -0.874366, 0.066046104), (0.48074788, -0.87436664, 0.06606496), (0.4807536, -0.87436503, 0.066043355), (0.4807583, -0.8743613, 0.066058606), (-0.39058208, 0.873877, -0.2894559), (-0.39070603, 0.8737834, -0.28957096), (-0.39072925, 0.87376475, -0.28959614), (-0.39071062, 0.8737795, -0.2895767), (-0.8332082, -0.26613033, 0.48470458), (-0.83319575, -0.26611623, 0.48473406), (-0.833206, -0.2660997, 0.48472548), (-0.8332051, -0.2661267, 0.4847121), (0.6935048, 0.70148337, 0.16423266), (0.6935067, 0.7014802, 0.16423745), (0.6934949, 0.70149696, 0.16421582), (0.69349575, 0.7014961, 0.16421525), (0.23568082, -0.9711247, -0.03703321), (0.23559125, -0.97115034, -0.03692852), (0.23560257, -0.9711472, -0.03694175), (0.23569062, -0.97112185, -0.037044656), (-0.5158911, -0.65582424, 0.55113614), (-0.5159187, -0.65578014, 0.55116284), (-0.51587695, -0.6558496, 0.551119), (-0.5159172, -0.6557805, 0.55116355), (-0.5931669, -0.6346304, 0.49537596), (-0.5931424, -0.634665, 0.495361), (-0.59314966, -0.63465726, 0.4953621), (-0.5931516, -0.6346561, 0.49536136), (0.27476582, -0.9606326, 0.041092537), (0.27477288, -0.9606303, 0.04110122), (0.27475438, -0.9606349, 0.041116226), (0.27477115, -0.9606315, 0.041083284), (0.8728049, -0.29845983, -0.38617784), (0.87280786, -0.298426, -0.38619712), (0.87280613, -0.29843196, -0.3861965), (0.8728066, -0.29843715, -0.3861914), (-0.23212905, 0.9717648, 0.042298358), (-0.23293546, 0.971563, 0.04250104), (-0.23284897, 0.97158474, 0.042479254), (-0.23261702, 0.9716429, 0.042418424), (-0.8827495, 0.2732351, 0.38222477), (-0.88274825, 0.27324092, 0.38222364), (-0.8827505, 0.27323347, 0.38222378), (-0.882736, 0.273281, 0.38222313), (0.757226, -0.3258925, -0.56604135), (0.75720876, -0.32609606, -0.56594723), (0.7572034, -0.32615146, -0.56592244), (0.7572198, -0.3259541, -0.56601423), (-0.73150426, 0.3357919, 0.59341836), (-0.73146164, 0.33593956, 0.5933872), (-0.7314996, 0.33581525, 0.5934108), (-0.73148435, 0.33585516, 0.593407), (0.3877302, 0.30064523, 0.8713654), (0.3877371, 0.30063286, 0.8713666), (0.3877342, 0.3006418, 0.8713649), (0.38773084, 0.30064714, 0.87136453), (0.38773084, 0.30064714, 0.87136453), (0.3877342, 0.3006418, 0.8713649), (0.38773486, 0.30064368, 0.8713639), (0.3877316, 0.30064732, 0.8713642), (0.6393519, 0.70913184, -0.29725596), (0.639322, 0.7091599, -0.2972533), (0.6393471, 0.7091367, -0.2972547), (0.63928616, 0.7091928, -0.29725188), (0.27532664, -0.9609358, 0.028245736), (0.27533215, -0.9609341, 0.028246667), (0.2753047, -0.9609414, 0.028264787), (0.27530447, -0.9609416, 0.028261164), (0.917583, -0.24709247, -0.3114271), (0.9175805, -0.24709544, -0.31143215), (0.9175833, -0.24707891, -0.31143686), (0.9175848, -0.24708226, -0.31142968), (-0.22448345, 0.91610104, -0.33221388), (-0.22448505, 0.91609925, -0.33221784), (-0.2244882, 0.91610396, -0.33220276), (-0.22448203, 0.91610324, -0.33220884), (-0.22447844, 0.91610193, -0.33221468), (-0.22447729, 0.9161037, -0.33221054), (-0.22447369, 0.916104, -0.3322124), (-0.22447728, 0.91610765, -0.3321999), (-0.6236086, 0.0069678403, 0.7817057), (-0.62358433, 0.006962669, 0.78172505), (-0.6235812, 0.006961998, 0.7817276), (-0.6235886, 0.0069623464, 0.7817217), (0.70402765, 0.023874907, -0.7097711), (0.7041531, 0.02447652, -0.7096261), (0.7041286, 0.024469996, -0.7096506), (0.7040898, 0.023140578, -0.70973384), (0.07557332, 0.026563877, -0.99678636), (0.07604435, 0.026612801, -0.9967493), (0.07597403, 0.0265977, -0.99675494), (0.07550974, 0.026537878, -0.9967918), (0.6153262, 0.20006233, 0.7624623), (0.6152848, 0.2000791, 0.76249135), (0.6152919, 0.20007673, 0.76248616), (0.6153176, 0.20006678, 0.76246804), (0.9754132, 0.18164128, -0.124802314), (0.9754032, 0.18195446, -0.1244236), (0.9754091, 0.18177304, -0.124642156), (0.9754087, 0.18181552, -0.124583654), (-0.96724343, -0.20457451, -0.15029795), (-0.9672181, -0.20442994, -0.15065742), (-0.9672483, -0.20460328, -0.15022697), (-0.967218, -0.20442483, -0.15066448), (0.07402911, -0.08110718, -0.99395233), (0.07404489, -0.08109858, -0.99395186), (0.07423789, -0.08099477, -0.993946), (0.07401964, -0.08111288, -0.9939526), (-0.6250087, -0.025106966, 0.780214), (-0.6250096, -0.025113808, 0.7802129), (-0.6250283, -0.025123712, 0.7801977), (-0.6250298, -0.025123997, 0.7801964), (0.07736566, 0.12716736, 0.9888594), (0.07740865, 0.1271227, 0.98886186), (0.077320606, 0.12721479, 0.98885685), (0.07743016, 0.12709688, 0.98886347), (-0.61115205, -0.34398398, -0.7128592), (-0.61113214, -0.34398073, -0.7128778), (-0.6111346, -0.3439845, -0.7128738), (-0.6111274, -0.3439789, -0.7128828), (0.18286851, 0.0841921, -0.9795258), (0.1828841, 0.08419905, -0.97952235), (0.18288864, 0.08421981, -0.9795196), (0.18288141, 0.0842053, -0.9795222), (0.78120047, 0.49953642, -0.3744184), (0.78119844, 0.4995415, -0.3744159), (0.78120106, 0.49951753, -0.37444246), (0.7811982, 0.49954653, -0.3744097), (-0.41148022, -0.30791438, -0.8578303), (-0.41146666, -0.30789766, -0.8578428), (-0.41147423, -0.30791888, -0.8578316), (-0.41146135, -0.30789676, -0.8578456), (-0.85070527, -0.5249867, 0.026260989), (-0.85070586, -0.52498543, 0.026264647), (-0.8507088, -0.52498215, 0.026232049), (-0.8507055, -0.5249869, 0.026245754), (0.99906677, -0.026776057, 0.03389108), (0.99906737, -0.026747162, 0.03389786), (0.9990675, -0.026762903, 0.033881363), (0.99906725, -0.02678115, 0.03387457), (0.39696723, -0.8041608, -0.44242796), (0.39696983, -0.8041581, -0.44243053), (0.39697313, -0.8041495, -0.4424432), (0.39697132, -0.8041498, -0.4424441), (-0.7887629, 0.13021924, 0.6007463), (-0.7887682, 0.13020803, 0.6007417), (-0.7887693, 0.13022707, 0.60073614), (-0.78876925, 0.13021913, 0.6007379), (-0.15478638, -0.71283627, -0.6840363), (-0.15478334, -0.712857, -0.68401545), (-0.15478012, -0.71283567, -0.6840383), (-0.15479515, -0.7128475, -0.6840226), (-0.80411494, 0.15235686, 0.5746187), (-0.8041169, 0.15233043, 0.57462275), (-0.80411756, 0.15235391, 0.5746158), (-0.8041168, 0.1523574, 0.5746159), (0.95084864, -0.0043248534, 0.309626), (0.950848, -0.004298814, 0.30962837), (0.9508469, -0.0043273573, 0.30963123), (0.95084697, -0.004341188, 0.3096305), (0.8637241, -0.33392134, -0.3774613), (0.86374414, -0.33390167, -0.37743303), (0.8637553, -0.33386195, -0.3774429), (0.86374664, -0.3338726, -0.37745303), (-0.28239965, -0.64063054, -0.7140329), (-0.28243017, -0.6405966, -0.71405137), (-0.28241915, -0.64061594, -0.7140382), (-0.28240517, -0.64063233, -0.7140291), (-0.053869616, -0.99850684, -0.009057261), (-0.05386689, -0.99850696, -0.00906014), (-0.053906173, -0.998505, -0.00904842), (-0.05392648, -0.99850404, -0.009040707), (0.058560513, -0.9214028, 0.3841712), (0.058577348, -0.9214145, 0.38414058), (0.058568925, -0.92141324, 0.3841448), (0.058615208, -0.921446, 0.38405913), (0.09750268, -0.883599, 0.4579802), (0.09749381, -0.8836096, 0.45796168), (0.09750236, -0.88359493, 0.4579884), (0.097498626, -0.8836071, 0.4579655), (-0.22453302, -0.9614084, 0.15899332), (-0.22454436, -0.9614067, 0.15898742), (-0.22453603, -0.9614078, 0.15899225), (-0.22452725, -0.9614097, 0.15899391), (-0.5727809, 0.4857078, 0.66031045), (-0.57279074, 0.48569435, 0.66031176), (-0.5727813, 0.4857098, 0.6603088), (-0.5727942, 0.48568717, 0.6603141), (0.8046852, 0.53194875, 0.26365188), (0.80468786, 0.53194386, 0.2636536), (0.8047021, 0.5319244, 0.26364923), (0.80468893, 0.5319443, 0.2636491), (-0.22154571, 0.46154857, -0.8590055), (-0.2215774, 0.46154198, -0.85900086), (-0.22156121, 0.46153292, -0.8590099), (-0.22156027, 0.4615464, -0.8590029), (0.8471851, 0.056039702, -0.5283341), (0.84718364, 0.056046873, -0.5283358), (0.8471863, 0.056030016, -0.52833325), (0.84718984, 0.0560138, -0.5283293), (-0.05221358, 0.517766, 0.8539275), (-0.05221167, 0.517763, 0.8539294), (-0.052215867, 0.51774275, 0.8539414), (-0.05221333, 0.517772, 0.85392386), (0.39344847, -0.36139172, 0.84533674), (0.39346474, -0.36137342, 0.84533703), (0.39347214, -0.36137408, 0.84533334), (0.39347073, -0.3613744, 0.8453339), (0.15702364, -0.23905121, 0.9582265), (0.15701953, -0.23901853, 0.9582354), (0.15710351, -0.23968604, 0.9580548), (0.15710847, -0.23972544, 0.9580442), (0.30067104, -0.8721515, -0.3859385), (0.3006675, -0.87214965, -0.38594574), (0.30066475, -0.872141, -0.38596734), (0.3006641, -0.87215036, -0.38594666), (0.2506963, -0.8615505, -0.44145456), (0.25070566, -0.86154735, -0.44145533), (0.25070038, -0.86155087, -0.44145155), (0.25069115, -0.86155415, -0.44145042), (-0.62506217, -0.7802489, 0.022560082), (-0.6250084, -0.7802911, 0.022590525), (-0.6254128, -0.7799735, 0.02236268), (-0.6251259, -0.7801988, 0.022524916), (-0.3693634, -0.89092475, -0.26424176), (-0.3693637, -0.8909221, -0.2642502), (-0.36934808, -0.89093363, -0.2642335), (-0.36934823, -0.8909342, -0.26423126), (0.9209106, -0.3827717, 0.073548995), (0.9209181, -0.38274965, 0.073570035), (0.9209139, -0.38276318, 0.073553175), (0.92092496, -0.3827357, 0.07355689), (0.22576497, -0.64952207, -0.72605187), (0.22576828, -0.6495195, -0.72605306), (0.22577912, -0.6495077, -0.7260602), (0.22578478, -0.64951247, -0.72605425), (-0.81955326, 0.14920598, 0.553236), (-0.81956017, 0.14920044, 0.5532272), (-0.81955975, 0.1492171, 0.5532234), (-0.8195628, 0.14920904, 0.553221), (-0.21649693, -0.28556, -0.9335869), (-0.21650414, -0.2855879, -0.93357676), (-0.2164858, -0.2855527, -0.9335917), (-0.21650611, -0.28556275, -0.93358403), (-0.82232744, 0.18364054, 0.53856647), (-0.8223374, 0.1836173, 0.53855896), (-0.8223354, 0.1836348, 0.5385563), (-0.82233393, 0.18363708, 0.5385576), (0.8277225, -0.45498264, 0.32843012), (0.8277273, -0.45496377, 0.3284441), (0.8277203, -0.45498094, 0.3284378), (0.82771784, -0.45499113, 0.32843003), (0.78644896, -0.43624493, -0.437251), (0.7864438, -0.43628967, -0.43721542), (0.7864679, -0.43626028, -0.4372017), (0.7864484, -0.43625748, -0.43723944), (-0.30908087, -0.16798922, -0.9360816), (-0.30908054, -0.16798723, -0.936082), (-0.30908942, -0.16797678, -0.93608093), (-0.30908266, -0.16799957, -0.9360791), (-0.3385045, -0.8285245, -0.44605154), (-0.3385024, -0.828524, -0.446054), (-0.33852252, -0.82851887, -0.44604817), (-0.33854264, -0.82851225, -0.44604516), (-0.28863317, -0.95596707, -0.053084124), (-0.2886405, -0.9559653, -0.053074013), (-0.28859374, -0.9559767, -0.053124778), (-0.28861266, -0.9559729, -0.05309021), (-0.25582412, -0.9661963, 0.03191801), (-0.25583154, -0.9661949, 0.031896677), (-0.25582752, -0.96619517, 0.031922266), (-0.2558307, -0.9661953, 0.031895686), (-0.5207619, -0.8035618, -0.28826296), (-0.52077055, -0.8035543, -0.2882681), (-0.520766, -0.8035582, -0.28826562), (-0.5207589, -0.80356306, -0.2882647), (-0.52593863, 0.35380068, 0.7734427), (-0.52595264, 0.35379252, 0.7734369), (-0.5259271, 0.35380742, 0.7734475), (-0.5259454, 0.3537906, 0.7734428), (0.8556583, 0.070631124, 0.5126988), (0.8556472, 0.070666015, 0.5127124), (0.85565, 0.070651725, 0.5127099), (0.85564184, 0.07067529, 0.51272035), (0.0965296, 0.8068129, -0.58286786), (0.09649556, 0.80681664, -0.58286846), (0.096516214, 0.80681723, -0.58286417), (0.09650548, 0.80679995, -0.5828898), (0.91399544, -0.039145093, -0.4038317), (0.9139904, -0.039183468, -0.4038394), (0.91399413, -0.03916158, -0.40383303), (0.91399205, -0.039179042, -0.40383613), (-0.06755177, 0.1245922, 0.9899059), (-0.06755132, 0.12458813, 0.9899064), (-0.06756367, 0.12456811, 0.989908), (-0.06754923, 0.12459909, 0.9899052), (0.09621413, -0.77574897, 0.6236637), (0.09619889, -0.775763, 0.62364864), (0.096179076, -0.7757767, 0.6236347), (0.09618478, -0.77577716, 0.6236331), (-0.111990295, -0.6337413, 0.7653954), (-0.11203904, -0.63407904, 0.76510847), (-0.11206124, -0.6342374, 0.764974), (-0.11206564, -0.6342681, 0.7649478), (0.10469044, -0.696186, -0.7101866), (0.104688376, -0.69618005, -0.7101926), (0.10469561, -0.6961641, -0.7102074), (0.104688406, -0.69618, -0.71019274), (0.07198577, -0.6480444, -0.75819296), (0.071994945, -0.64803904, -0.75819665), (0.07198546, -0.64805466, -0.75818425), (0.0719752, -0.6480553, -0.7581845), (-0.81603354, -0.45704338, -0.3538369), (-0.8160016, -0.45710942, -0.35382545), (-0.81638515, -0.45631737, -0.35396302), (-0.8164193, -0.45624658, -0.35397524), (-0.55214626, -0.5273751, -0.64576316), (-0.552144, -0.5273703, -0.64576906), (-0.5521516, -0.52736944, -0.64576316), (-0.5521447, -0.5273723, -0.6457668), (0.9899076, 0.11343049, 0.08494906), (0.98990995, 0.11341392, 0.08494414), (0.9899095, 0.11341567, 0.08494693), (0.9899086, 0.11342288, 0.08494837), (-0.34319836, -0.02644711, 0.9388906), (-0.34318942, -0.026473178, 0.9388931), (-0.34318903, -0.02647424, 0.9388932), (-0.34318712, -0.026458537, 0.93889433), (-0.71809417, 0.02165065, -0.69560915), (-0.7180905, 0.021687277, -0.69561183), (-0.7180873, 0.021685708, -0.69561505), (-0.71809006, 0.021677634, -0.69561255), (0.13510907, 0.13135752, 0.98208493), (0.1351289, 0.13133477, 0.9820853), (0.13511041, 0.13135883, 0.9820846), (0.13512081, 0.13134359, 0.98208517), (-0.8882915, 0.110913135, -0.44568658), (-0.88829887, 0.110889904, -0.44567764), (-0.88830245, 0.11088166, -0.44567248), (-0.88829887, 0.110893756, -0.44567662), (-0.9292719, -0.037661485, 0.36747152), (-0.92927414, -0.037653822, 0.3674667), (-0.92927593, -0.03762633, 0.36746496), (-0.929275, -0.037627842, 0.3674673), (0.7524251, -0.3627029, 0.5498211), (0.75242853, -0.36270097, 0.5498176), (0.75242573, -0.36271185, 0.5498141), (0.75242114, -0.36270165, 0.5498272), (0.75514257, -0.42176253, -0.50187254), (0.75514483, -0.42177302, -0.50186026), (0.75514096, -0.42175773, -0.50187904), (0.75514334, -0.42176232, -0.5018716), (0.102901205, -0.95390207, -0.2819258), (0.10291345, -0.953894, -0.28194854), (0.10292389, -0.9538896, -0.28195968), (0.102923825, -0.9538884, -0.281964), (-0.32065824, -0.8402885, 0.43714234), (-0.32064557, -0.84030354, 0.43712282), (-0.32065445, -0.84029907, 0.43712488), (-0.3206495, -0.84029806, 0.43713048), (0.26926872, -0.92108566, 0.28123918), (0.26928136, -0.9210768, 0.28125632), (0.2692602, -0.9210878, 0.28124067), (0.26926678, -0.9210828, 0.2812505), (0.31188354, -0.9348181, 0.16983466), (0.31188026, -0.9348189, 0.16983607), (0.31189206, -0.9348156, 0.16983256), (0.31186038, -0.93482625, 0.16983272), (0.032783315, -0.9963491, 0.078826524), (0.03278675, -0.9963482, 0.078837164), (0.0327685, -0.9963481, 0.078846425), (0.032767713, -0.9963471, 0.07885924), (0.5085894, -0.66443634, -0.54759574), (0.5085983, -0.66440874, -0.547621), (0.50858855, -0.6644352, -0.547598), (0.50859904, -0.6644208, -0.5476057), (0.50895274, -0.6798845, 0.5279434), (0.5089529, -0.67988497, 0.5279425), (0.5089521, -0.67988354, 0.52794516), (0.5089561, -0.67987496, 0.52795243), (0.23876834, -0.94359905, 0.2293696), (0.23878288, -0.9435925, 0.22938178), (0.2388593, -0.94355917, 0.22943938), (0.23889296, -0.9435441, 0.22946611), (-0.9921147, 0.11338057, -0.053414647), (-0.99211085, 0.11341225, -0.053419136), (-0.99211097, 0.1134101, -0.053421408), (-0.9921102, 0.11341745, -0.05342263), (0.31316498, -0.026445193, -0.9493305), (0.31315565, -0.026470833, -0.9493328), (0.31315657, -0.026473314, -0.94933254), (0.31315476, -0.026457855, -0.9493335), (0.73985136, 0.021648197, 0.67242193), (0.73984647, 0.02168756, 0.67242604), (0.7398471, 0.021679057, 0.6724256), (0.73985124, 0.021667972, 0.67242146), (-0.16627477, 0.13135833, -0.97729105), (-0.16629456, 0.1313353, -0.9772907), (-0.16627626, 0.13135982, -0.97729045), (-0.16628654, 0.13134483, -0.9772908), (0.902018, 0.11090589, 0.41720906), (0.9020252, 0.11088133, 0.4171999), (0.902028, 0.1108789, 0.41719463), (0.90202445, 0.110891856, 0.41719887), (0.91711503, -0.03766294, -0.39683956), (0.9171174, -0.037655663, -0.3968345), (0.91711855, -0.03762632, -0.396835), (0.9171174, -0.03762753, -0.39683726), (-0.7695313, -0.36270016, -0.525614), (-0.7695345, -0.3626985, -0.5256105), (-0.7695313, -0.36270824, -0.5256084), (-0.76952726, -0.3626978, -0.52562165), (-0.73880506, -0.42176133, 0.5256278), (-0.7388003, -0.42174172, 0.5256501), (-0.73879325, -0.42174312, 0.52565885), (-0.73879135, -0.4217476, 0.5256579), (-0.09388829, -0.9538986, 0.28506592), (-0.09390134, -0.95389014, 0.28509003), (-0.093902044, -0.9538914, 0.2850852), (-0.093899496, -0.9538914, 0.28508613), (0.30659488, -0.8402918, -0.44711217), (0.30658293, -0.8403073, -0.44709137), (0.30659223, -0.84029686, -0.44710454), (0.30658752, -0.84029526, -0.4471107), (-0.27807286, -0.92108727, -0.27253193), (-0.27808568, -0.92107856, -0.27254814), (-0.27807134, -0.92108625, -0.2725369), (-0.27807918, -0.921081, -0.27254665), (-0.31712848, -0.9348178, -0.15982857), (-0.31712502, -0.93481874, -0.1598304), (-0.31714317, -0.9348132, -0.15982632), (-0.317112, -0.93482363, -0.15982735), (-0.03527164, -0.9963492, -0.07774379), (-0.035275273, -0.9963483, -0.077754684), (-0.03526497, -0.9963477, -0.077766426), (-0.035267238, -0.9963469, -0.07777666), (-0.49093592, -0.6643991, 0.5635209), (-0.4909216, -0.66440815, 0.56352276), (-0.49091956, -0.6644296, 0.56349903), (-0.49092197, -0.6644144, 0.56351495), (-0.5254885, -0.6798827, -0.51148933), (-0.5254892, -0.67988276, -0.51148844), (-0.52548426, -0.6798849, -0.5114907), (-0.5254881, -0.67987674, -0.51149774), (-0.24594447, -0.9435986, -0.22165957), (-0.24603282, -0.94356, -0.22172552), (-0.24602759, -0.94356096, -0.22172786), (-0.24598803, -0.94357795, -0.22169924)]
    uniform token orientation
    point3f[] points = [(-1.5524055, 4.5076776, -0.5236701), (-1.5632293, 4.526404, -0.4719563), (-1.6015769, 4.506446, -0.43544987), (-0.21981345, 2.7095668, 0.15139875), (-0.09899741, 2.5573092, 0.26252306), (-0.22065268, 2.6101542, 0.15875432), (-0.09897655, 2.5622416, 0.26234514), (-0.09899741, 2.5573092, 0.26252306), (-0.21981345, 2.7095668, 0.15139875), (-1.6492124, 5.122307, 1.4346987), (-1.6449335, 5.3436155, 1.8069776), (-1.2351907, 5.215976, 1.6988167), (-0.72226155, 5.6098423, 1.4604892), (-0.7416928, 5.5110264, 1.1217048), (-1.2351907, 5.215976, 1.6988167), (-1.6492124, 5.122307, 1.4346987), (-1.8385382, 5.2698774, 0.8899453), (-1.9385939, 5.3819523, 1.4303324), (-1.6492124, 5.122307, 1.4346987), (-1.3320571, 5.1410465, 1.0955423), (-1.8385382, 5.2698774, 0.8899453), (-0.44720876, 5.6674137, 0.970153), (-0.2890385, 6.040158, 0.5896338), (-0.43755928, 5.842127, 0.39401945), (-1.0044214, 6.0375133, 1.9722384), (-0.78369457, 6.341216, 1.7089204), (-0.31324026, 5.9202576, 1.5763618), (-2.1688237, 5.9813232, 1.6034002), (-1.7808104, 6.348353, 1.6770854), (-1.7466397, 6.0263224, 1.8441261), (-2.299375, 6.035994, 0.5528208), (-2.3728137, 5.9453635, 1.1447431), (-2.3134754, 5.5157948, 1.148492), (-2.299375, 6.035994, 0.5528208), (-2.2722807, 6.3118534, 0.6706179), (-2.3728137, 5.9453635, 1.1447431), (-0.44720876, 5.6674137, 0.970153), (-0.1282897, 6.288128, 1.2999061), (-0.2890385, 6.040158, 0.5896338), (-0.31324026, 5.9202576, 1.5763618), (-0.1282897, 6.288128, 1.2999061), (-0.44720876, 5.6674137, 0.970153), (-0.31324026, 5.9202576, 1.5763618), (-0.78369457, 6.341216, 1.7089204), (-0.1282897, 6.288128, 1.2999061), (-1.0044214, 6.0375133, 1.9722384), (-1.3482916, 6.3784904, 1.7218577), (-0.78369457, 6.341216, 1.7089204), (-1.7466397, 6.0263224, 1.8441261), (-1.3482916, 6.3784904, 1.7218577), (-1.0044214, 6.0375133, 1.9722384), (-1.7466397, 6.0263224, 1.8441261), (-1.7808104, 6.348353, 1.6770854), (-1.3482916, 6.3784904, 1.7218577), (-2.1688237, 5.9813232, 1.6034002), (-2.0643826, 6.396644, 1.2260902), (-1.7808104, 6.348353, 1.6770854), (-2.3728137, 5.9453635, 1.1447431), (-2.0643826, 6.396644, 1.2260902), (-2.1688237, 5.9813232, 1.6034002), (-2.3728137, 5.9453635, 1.1447431), (-2.2722807, 6.3118534, 0.6706179), (-2.0643826, 6.396644, 1.2260902), (-2.299375, 6.035994, 0.5528208), (-2.0000112, 6.577121, 0.2936368), (-2.2722807, 6.3118534, 0.6706179), (-0.43755928, 5.842127, 0.39401945), (-0.2890385, 6.040158, 0.5896338), (-0.73548794, 6.147207, -0.06384134), (-2.0000112, 6.577121, 0.2936368), (-1.7647005, 6.6572886, 0.64509827), (-2.2722807, 6.3118534, 0.6706179), (-1.2460338, 6.727655, 0.4277595), (-1.7647005, 6.6572886, 0.64509827), (-2.0000112, 6.577121, 0.2936368), (-0.73548794, 6.147207, -0.06384134), (-1.2460338, 6.727655, 0.4277595), (-1.4400204, 6.536545, 0.09471302), (-0.54154, 6.4182086, 0.6435695), (-1.2460338, 6.727655, 0.4277595), (-0.73548794, 6.147207, -0.06384134), (-0.2890385, 6.040158, 0.5896338), (-0.54154, 6.4182086, 0.6435695), (-0.73548794, 6.147207, -0.06384134), (-1.4400204, 6.536545, 0.09471302), (-1.2460338, 6.727655, 0.4277595), (-2.0000112, 6.577121, 0.2936368), (-1.3320571, 5.1410465, 1.0955423), (-1.5269454, 5.437201, 0.41718283), (-1.8385382, 5.2698774, 0.8899453), (-1.9385939, 5.3819523, 1.4303324), (-2.110485, 5.6523576, 1.5093102), (-1.936292, 5.6068716, 1.7727015), (-1.6449335, 5.3436155, 1.8069776), (-1.936292, 5.6068716, 1.7727015), (-1.5697885, 5.6347394, 1.8537894), (-1.2351907, 5.215976, 1.6988167), (-1.3320571, 5.1410465, 1.0955423), (-1.6492124, 5.122307, 1.4346987), (-1.6449335, 5.3436155, 1.8069776), (-1.5697885, 5.6347394, 1.8537894), (-1.0512276, 5.5861, 1.89486), (-1.6449335, 5.3436155, 1.8069776), (-1.0512276, 5.5861, 1.89486), (-1.2351907, 5.215976, 1.6988167), (-1.2351907, 5.215976, 1.6988167), (-1.0512276, 5.5861, 1.89486), (-0.72226155, 5.6098423, 1.4604892), (0.23345889, 6.237652, -0.122448325), (0.09188789, 6.281048, 0.6549368), (0.82054734, 6.4779654, 0.19970037), (1.2444757, 6.923364, 0.3626068), (0.9755716, 6.3471904, -0.28126532), (0.82054734, 6.4779654, 0.19970037), (0.23345889, 6.237652, -0.122448325), (-0.96657133, 5.8112035, 0.06314318), (0.09188789, 6.281048, 0.6549368), (0.23345889, 6.237652, -0.122448325), (-0.8509358, 6.0933175, -0.76281476), (-0.96657133, 5.8112035, 0.06314318), (0.23345889, 6.237652, -0.122448325), (0.39569488, 6.0397887, -0.6239499), (-0.8509358, 6.0933175, -0.76281476), (1.4778477, 7.4114976, 0.07192216), (1.1733814, 7.8732677, -0.48660734), (1.1263493, 6.8024225, -0.89924604), (0.8298812, 7.678736, 1.1780393), (0.9930328, 8.053521, 0.6520091), (1.2365729, 7.3815775, 0.8805107), (-1.7076688, 6.812919, 0.4357773), (-0.6798996, 8.154757, 0.6887718), (-0.11884769, 7.6104074, 1.3164552), (-1.9529669, 6.8066373, -1.0742795), (-1.9574394, 7.141254, -0.840106), (-2.1396015, 6.980005, -0.2510289), (0.7791873, 6.970303, -1.4157946), (-0.045046538, 7.4232287, -1.6106374), (-0.8687015, 6.562597, -1.7932197), (1.4778477, 7.4114976, 0.07192216), (1.1272299, 8.042959, 0.1620081), (1.1733814, 7.8732677, -0.48660734), (1.2365729, 7.3815775, 0.8805107), (1.1272299, 8.042959, 0.1620081), (1.4778477, 7.4114976, 0.07192216), (1.2365729, 7.3815775, 0.8805107), (0.9930328, 8.053521, 0.6520091), (1.1272299, 8.042959, 0.1620081), (0.8298812, 7.678736, 1.1780393), (0.029562725, 8.2034645, 0.52798355), (0.9930328, 8.053521, 0.6520091), (-0.11884769, 7.6104074, 1.3164552), (0.029562725, 8.2034645, 0.52798355), (0.8298812, 7.678736, 1.1780393), (-0.11884769, 7.6104074, 1.3164552), (-0.6798996, 8.154757, 0.6887718), (0.029562725, 8.2034645, 0.52798355), (-1.7076688, 6.812919, 0.4357773), (-1.4422046, 8.133823, -0.3583602), (-0.6798996, 8.154757, 0.6887718), (-2.1396015, 6.980005, -0.2510289), (-1.4422046, 8.133823, -0.3583602), (-1.7076688, 6.812919, 0.4357773), (-2.1396015, 6.980005, -0.2510289), (-1.9574394, 7.141254, -0.840106), (-1.4422046, 8.133823, -0.3583602), (-1.9529669, 6.8066373, -1.0742795), (-1.2635791, 7.5309763, -1.4666843), (-1.9574394, 7.141254, -0.840106), (-0.8687015, 6.562597, -1.7932197), (-1.2635791, 7.5309763, -1.4666843), (-1.9529669, 6.8066373, -1.0742795), (-0.8687015, 6.562597, -1.7932197), (-0.045046538, 7.4232287, -1.6106374), (-1.2635791, 7.5309763, -1.4666843), (0.7791873, 6.970303, -1.4157946), (0.7067187, 7.534379, -1.1219121), (-0.045046538, 7.4232287, -1.6106374), (1.1263493, 6.8024225, -0.89924604), (0.7067187, 7.534379, -1.1219121), (0.7791873, 6.970303, -1.4157946), (1.1263493, 6.8024225, -0.89924604), (1.1733814, 7.8732677, -0.48660734), (0.7067187, 7.534379, -1.1219121), (0.39569488, 6.0397887, -0.6239499), (0.5794396, 6.3836083, -1.0127478), (-0.31735033, 6.20187, -1.311117), (0.39569488, 6.0397887, -0.6239499), (-0.31735033, 6.20187, -1.311117), (-0.8509358, 6.0933175, -0.76281476), (-0.8509358, 6.0933175, -0.76281476), (-0.31735033, 6.20187, -1.311117), (-1.0060935, 6.1268606, -1.3879898), (-0.8509358, 6.0933175, -0.76281476), (-1.0060935, 6.1268606, -1.3879898), (-1.6132581, 6.2553306, -0.6539568), (-0.8509358, 6.0933175, -0.76281476), (-1.6132581, 6.2553306, -0.6539568), (-0.96657133, 5.8112035, 0.06314318), (-0.96657133, 5.8112035, 0.06314318), (-1.6132581, 6.2553306, -0.6539568), (-1.5534357, 6.3723497, 0.08255748), (-0.96657133, 5.8112035, 0.06314318), (-1.5534357, 6.3723497, 0.08255748), (-0.82790226, 6.3836765, 1.0162673), (-0.96657133, 5.8112035, 0.06314318), (-0.82790226, 6.3836765, 1.0162673), (0.09188789, 6.281048, 0.6549368), (0.09188789, 6.281048, 0.6549368), (-0.82790226, 6.3836765, 1.0162673), (0.31087577, 6.9362016, 1.1601037), (0.9755716, 6.3471904, -0.28126532), (0.5794396, 6.3836083, -1.0127478), (0.39569488, 6.0397887, -0.6239499), (0.9755716, 6.3471904, -0.28126532), (0.39569488, 6.0397887, -0.6239499), (0.82054734, 6.4779654, 0.19970037), (0.82054734, 6.4779654, 0.19970037), (0.39569488, 6.0397887, -0.6239499), (0.23345889, 6.237652, -0.122448325), (0.09188789, 6.281048, 0.6549368), (0.31087577, 6.9362016, 1.1601037), (0.9349414, 6.864206, 0.89962345), (0.09188789, 6.281048, 0.6549368), (0.9349414, 6.864206, 0.89962345), (0.82054734, 6.4779654, 0.19970037), (0.82054734, 6.4779654, 0.19970037), (0.9349414, 6.864206, 0.89962345), (1.2444757, 6.923364, 0.3626068), (-1.4056377, 4.243409, -0.25689682), (-1.2224503, 4.435495, 0.2617327), (-0.71031904, 4.6761374, -0.035002053), (-1.0623069, 4.9870176, 0.39534432), (-0.7265953, 5.197397, -0.2080769), (-0.71031904, 4.6761374, -0.035002053), (-1.4056377, 4.243409, -0.25689682), (-1.9900602, 3.8856258, -0.12629905), (-1.2224503, 4.435495, 0.2617327), (-1.4056377, 4.243409, -0.25689682), (-0.8207336, 4.649816, -0.40622443), (-1.6302438, 4.0997205, -0.5635859), (-1.0623069, 4.9870176, 0.39534432), (-0.7419734, 5.5622177, 0.07428595), (-0.7265953, 5.197397, -0.2080769), (-0.6069237, 5.056014, -0.57106614), (-0.857623, 5.229733, -1.0745617), (-0.9909488, 4.4877896, -0.99425614), (-1.0623069, 4.9870176, 0.39534432), (-1.1788361, 5.31307, 0.66230124), (-0.7419734, 5.5622177, 0.07428595), (-0.6069237, 5.056014, -0.57106614), (-0.56884897, 5.4417486, -0.46940532), (-0.857623, 5.229733, -1.0745617), (-2.6164768, 4.20172, 0.17152749), (-2.6386676, 4.651196, 0.28021598), (-2.299091, 4.2738605, 0.55177385), (-1.8624628, 4.6400905, -1.417148), (-2.6056118, 4.692351, -1.0563856), (-2.6149805, 4.1698446, -0.93922544), (-1.9430068, 5.039882, 0.8876152), (-2.280713, 5.327361, 0.59677273), (-1.5271353, 5.24464, 0.7137122), (-2.299091, 4.2738605, 0.55177385), (-2.280713, 5.327361, 0.59677273), (-1.9430068, 5.039882, 0.8876152), (-2.299091, 4.2738605, 0.55177385), (-2.6386676, 4.651196, 0.28021598), (-2.280713, 5.327361, 0.59677273), (-2.6164768, 4.20172, 0.17152749), (-2.8141878, 4.7040334, -0.37721458), (-2.6386676, 4.651196, 0.28021598), (-2.6149805, 4.1698446, -0.93922544), (-2.8141878, 4.7040334, -0.37721458), (-2.6164768, 4.20172, 0.17152749), (-2.6149805, 4.1698446, -0.93922544), (-2.6056118, 4.692351, -1.0563856), (-2.8141878, 4.7040334, -0.37721458), (-1.8624628, 4.6400905, -1.417148), (-1.829689, 5.178886, -1.5053656), (-2.6056118, 4.692351, -1.0563856), (-1.3738035, 4.747288, -1.5904976), (-1.829689, 5.178886, -1.5053656), (-1.8624628, 4.6400905, -1.417148), (-1.3738035, 4.747288, -1.5904976), (-0.9707311, 5.357054, -1.2891709), (-1.829689, 5.178886, -1.5053656), (-0.93072104, 5.9133396, 0.25054276), (-1.4405588, 5.7787857, -0.06448677), (-0.74822974, 5.79023, 0.033851326), (-1.8063498, 5.762539, 0.2903732), (-1.4405588, 5.7787857, -0.06448677), (-0.93072104, 5.9133396, 0.25054276), (-2.280713, 5.327361, 0.59677273), (-1.8063498, 5.762539, 0.2903732), (-1.5271353, 5.24464, 0.7137122), (-0.8350096, 5.8427057, -0.23929442), (-1.3716323, 5.8901877, -0.5847212), (-0.9707311, 5.357054, -1.2891709), (-0.9707311, 5.357054, -1.2891709), (-1.3716323, 5.8901877, -0.5847212), (-1.829689, 5.178886, -1.5053656), (-1.5271353, 5.24464, 0.7137122), (-1.8063498, 5.762539, 0.2903732), (-0.93072104, 5.9133396, 0.25054276), (-1.0557917, 4.843816, 0.550867), (-1.1788361, 5.31307, 0.66230124), (-1.0623069, 4.9870176, 0.39534432), (-0.7419734, 5.5622177, 0.07428595), (-0.56884897, 5.4417486, -0.46940532), (-0.7265953, 5.197397, -0.2080769), (-0.7265953, 5.197397, -0.2080769), (-0.56884897, 5.4417486, -0.46940532), (-0.6069237, 5.056014, -0.57106614), (-0.8207336, 4.649816, -0.40622443), (-0.6069237, 5.056014, -0.57106614), (-0.9909488, 4.4877896, -0.99425614), (-0.8207336, 4.649816, -0.40622443), (-0.9909488, 4.4877896, -0.99425614), (-1.6302438, 4.0997205, -0.5635859), (-1.6302438, 4.0997205, -0.5635859), (-0.9909488, 4.4877896, -0.99425614), (-1.6795049, 4.120858, -1.0746065), (-1.6302438, 4.0997205, -0.5635859), (-1.6795049, 4.120858, -1.0746065), (-2.1027968, 3.792427, -0.67107815), (-1.9900602, 3.8856258, -0.12629905), (-2.1027968, 3.792427, -0.67107815), (-2.396529, 3.8711257, -0.28923368), (-1.9900602, 3.8856258, -0.12629905), (-2.396529, 3.8711257, -0.28923368), (-2.1848562, 4.1621265, 0.24759653), (-0.7265953, 5.197397, -0.2080769), (-0.6069237, 5.056014, -0.57106614), (-0.8207336, 4.649816, -0.40622443), (-0.7265953, 5.197397, -0.2080769), (-0.8207336, 4.649816, -0.40622443), (-0.71031904, 4.6761374, -0.035002053), (-0.71031904, 4.6761374, -0.035002053), (-0.8207336, 4.649816, -0.40622443), (-1.4056377, 4.243409, -0.25689682), (-1.2224503, 4.435495, 0.2617327), (-1.8398623, 4.6203046, 0.67228997), (-1.0557917, 4.843816, 0.550867), (-1.2224503, 4.435495, 0.2617327), (-1.0557917, 4.843816, 0.550867), (-0.71031904, 4.6761374, -0.035002053), (-0.71031904, 4.6761374, -0.035002053), (-1.0557917, 4.843816, 0.550867), (-1.0623069, 4.9870176, 0.39534432), (1.021579, 3.569015, 1.5127386), (1.0548568, 3.5297987, 1.7502204), (1.300293, 3.4908, 1.5208607), (1.6155782, 3.5363011, 1.5160588), (1.4985572, 3.7565322, 1.1472497), (1.300293, 3.4908, 1.5208607), (1.021579, 3.569015, 1.5127386), (0.8139262, 3.7973294, 1.7171026), (1.0548568, 3.5297987, 1.7502204), (1.021579, 3.569015, 1.5127386), (0.5021683, 4.2648144, 1.1201686), (0.8139262, 3.7973294, 1.7171026), (1.021579, 3.569015, 1.5127386), (1.1182812, 3.790045, 1.1152965), (0.5021683, 4.2648144, 1.1201686), (1.6155782, 3.5363011, 1.5160588), (1.661527, 3.9163232, 1.4244919), (1.4985572, 3.7565322, 1.1472497), (1.1605295, 4.2353544, 0.7809887), (1.1957948, 4.518539, 0.7675546), (0.9427365, 4.2359, 0.97885025), (1.6155782, 3.5363011, 1.5160588), (1.700462, 3.701567, 1.767801), (1.661527, 3.9163232, 1.4244919), (1.1605295, 4.2353544, 0.7809887), (1.6314259, 4.0708, 1.0525934), (1.1957948, 4.518539, 0.7675546), (0.8675647, 4.035305, 2.38686), (1.0993162, 4.3408413, 2.6104503), (1.2788814, 3.7265582, 2.5885894), (0.44241923, 4.7726603, 1.3869466), (0.54338014, 5.062479, 1.6518011), (0.45310065, 4.514062, 1.9305303), (1.4660786, 3.6697311, 2.3500144), (1.5501772, 4.0556726, 2.4299235), (1.8068033, 3.8950202, 2.3949103), (1.2788814, 3.7265582, 2.5885894), (1.5501772, 4.0556726, 2.4299235), (1.4660786, 3.6697311, 2.3500144), (1.2788814, 3.7265582, 2.5885894), (1.0993162, 4.3408413, 2.6104503), (1.5501772, 4.0556726, 2.4299235), (0.8675647, 4.035305, 2.38686), (0.635458, 4.847596, 2.237961), (1.0993162, 4.3408413, 2.6104503), (0.45310065, 4.514062, 1.9305303), (0.635458, 4.847596, 2.237961), (0.8675647, 4.035305, 2.38686), (0.45310065, 4.514062, 1.9305303), (0.54338014, 5.062479, 1.6518011), (0.635458, 4.847596, 2.237961), (0.44241923, 4.7726603, 1.3869466), (0.6414968, 5.2436247, 1.304761), (0.54338014, 5.062479, 1.6518011), (0.65358925, 4.818967, 0.95260215), (0.6414968, 5.2436247, 1.304761), (0.44241923, 4.7726603, 1.3869466), (0.65358925, 4.818967, 0.95260215), (0.87295103, 5.165913, 0.8706468), (0.6414968, 5.2436247, 1.304761), (1.8084888, 4.2280593, 1.631489), (1.6731678, 4.706943, 1.5578173), (1.7699538, 4.3423843, 1.2959884), (1.9402381, 4.255173, 2.1095269), (1.6731678, 4.706943, 1.5578173), (1.8084888, 4.2280593, 1.631489), (1.5501772, 4.0556726, 2.4299235), (1.9402381, 4.255173, 2.1095269), (1.8068033, 3.8950202, 2.3949103), (1.3993078, 4.864824, 0.8886602), (1.2600458, 5.1731443, 1.2980943), (0.87295103, 5.165913, 0.8706468), (1.6731678, 4.706943, 1.5578173), (1.2600458, 5.1731443, 1.2980943), (1.3993078, 4.864824, 0.8886602), (1.7699538, 4.3423843, 1.2959884), (1.6731678, 4.706943, 1.5578173), (1.3993078, 4.864824, 0.8886602), (0.87295103, 5.165913, 0.8706468), (1.2600458, 5.1731443, 1.2980943), (0.6414968, 5.2436247, 1.304761), (1.8068033, 3.8950202, 2.3949103), (1.9402381, 4.255173, 2.1095269), (1.8084888, 4.2280593, 1.631489), (1.2912793, 3.6563897, 1.7504016), (1.700462, 3.701567, 1.767801), (1.6155782, 3.5363011, 1.5160588), (1.661527, 3.9163232, 1.4244919), (1.6314259, 4.0708, 1.0525934), (1.4985572, 3.7565322, 1.1472497), (1.4985572, 3.7565322, 1.1472497), (1.6314259, 4.0708, 1.0525934), (1.1605295, 4.2353544, 0.7809887), (1.1182812, 3.790045, 1.1152965), (1.1605295, 4.2353544, 0.7809887), (0.9427365, 4.2359, 0.97885025), (1.1182812, 3.790045, 1.1152965), (0.9427365, 4.2359, 0.97885025), (0.5021683, 4.2648144, 1.1201686), (0.5021683, 4.2648144, 1.1201686), (0.9427365, 4.2359, 0.97885025), (0.5793522, 4.4977145, 1.1751318), (0.5021683, 4.2648144, 1.1201686), (0.5793522, 4.4977145, 1.1751318), (0.5143848, 4.3370533, 1.5411742), (0.5021683, 4.2648144, 1.1201686), (0.5143848, 4.3370533, 1.5411742), (0.8139262, 3.7973294, 1.7171026), (0.8139262, 3.7973294, 1.7171026), (0.5143848, 4.3370533, 1.5411742), (0.8259576, 3.917117, 2.0793443), (0.8139262, 3.7973294, 1.7171026), (0.8259576, 3.917117, 2.0793443), (0.9431167, 3.7001753, 2.239179), (0.8139262, 3.7973294, 1.7171026), (0.9431167, 3.7001753, 2.239179), (1.0548568, 3.5297987, 1.7502204), (1.0548568, 3.5297987, 1.7502204), (0.9431167, 3.7001753, 2.239179), (1.1885872, 3.6088707, 2.1408594), (1.4985572, 3.7565322, 1.1472497), (1.1605295, 4.2353544, 0.7809887), (1.1182812, 3.790045, 1.1152965), (1.4985572, 3.7565322, 1.1472497), (1.1182812, 3.790045, 1.1152965), (1.300293, 3.4908, 1.5208607), (1.300293, 3.4908, 1.5208607), (1.1182812, 3.790045, 1.1152965), (1.021579, 3.569015, 1.5127386), (1.0548568, 3.5297987, 1.7502204), (1.1885872, 3.6088707, 2.1408594), (1.2912793, 3.6563897, 1.7504016), (1.0548568, 3.5297987, 1.7502204), (1.2912793, 3.6563897, 1.7504016), (1.300293, 3.4908, 1.5208607), (1.300293, 3.4908, 1.5208607), (1.2912793, 3.6563897, 1.7504016), (1.6155782, 3.5363011, 1.5160588), (0.44892356, 5.674936, 0.75369626), (0.4701805, 5.3480535, 1.4989697), (0.8746284, 5.424354, 1.1104468), (1.154789, 5.4276977, 1.6350693), (1.1892486, 5.6504407, 1.1633228), (0.8746284, 5.424354, 1.1104468), (0.44892356, 5.674936, 0.75369626), (0.15795103, 5.6748734, 0.8764674), (0.4701805, 5.3480535, 1.4989697), (0.44892356, 5.674936, 0.75369626), (0.3799001, 6.0129886, 0.61722887), (0.15795103, 5.6748734, 0.8764674), (0.44892356, 5.674936, 0.75369626), (0.8594233, 5.784234, 0.98061055), (0.3799001, 6.0129886, 0.61722887), (1.6146224, 5.5723286, 1.6366621), (1.676728, 6.1145964, 1.7561059), (1.5999341, 6.011433, 1.256287), (0.6108187, 5.374661, 2.3073137), (1.0725398, 5.7007847, 2.500042), (1.255154, 5.195094, 2.0360758), (-0.27896726, 5.7233677, 1.8163139), (-0.24853097, 5.848795, 2.0264204), (-0.046476543, 5.5396495, 2.0774379), (0.08516725, 6.6744194, 1.0954126), (-0.33049998, 6.7146244, 1.3407551), (-0.6320834, 6.318438, 1.1120331), (1.2825161, 6.522285, 0.91340256), (1.0338094, 6.989526, 1.1017715), (0.53179574, 6.808387, 0.88918835), (1.6146224, 5.5723286, 1.6366621), (1.4327186, 5.6555576, 2.1642191), (1.676728, 6.1145964, 1.7561059), (1.255154, 5.195094, 2.0360758), (1.4327186, 5.6555576, 2.1642191), (1.6146224, 5.5723286, 1.6366621), (1.255154, 5.195094, 2.0360758), (1.0725398, 5.7007847, 2.500042), (1.4327186, 5.6555576, 2.1642191), (0.6108187, 5.374661, 2.3073137), (0.47669813, 5.681072, 2.4975631), (1.0725398, 5.7007847, 2.500042), (-0.046476543, 5.5396495, 2.0774379), (0.47669813, 5.681072, 2.4975631), (0.6108187, 5.374661, 2.3073137), (-0.046476543, 5.5396495, 2.0774379), (-0.24853097, 5.848795, 2.0264204), (0.47669813, 5.681072, 2.4975631), (-0.27896726, 5.7233677, 1.8163139), (-0.5419673, 6.238566, 1.6548638), (-0.24853097, 5.848795, 2.0264204), (-0.6320834, 6.318438, 1.1120331), (-0.5419673, 6.238566, 1.6548638), (-0.27896726, 5.7233677, 1.8163139), (-0.6320834, 6.318438, 1.1120331), (-0.33049998, 6.7146244, 1.3407551), (-0.5419673, 6.238566, 1.6548638), (0.08516725, 6.6744194, 1.0954126), (0.4623728, 7.0036097, 1.2342095), (-0.33049998, 6.7146244, 1.3407551), (0.53179574, 6.808387, 0.88918835), (0.4623728, 7.0036097, 1.2342095), (0.08516725, 6.6744194, 1.0954126), (0.53179574, 6.808387, 0.88918835), (1.0338094, 6.989526, 1.1017715), (0.4623728, 7.0036097, 1.2342095), (1.2825161, 6.522285, 0.91340256), (1.4678237, 6.588245, 1.4705334), (1.0338094, 6.989526, 1.1017715), (1.5999341, 6.011433, 1.256287), (1.4678237, 6.588245, 1.4705334), (1.2825161, 6.522285, 0.91340256), (1.5999341, 6.011433, 1.256287), (1.676728, 6.1145964, 1.7561059), (1.4678237, 6.588245, 1.4705334), (0.9951178, 6.321606, 2.5713131), (0.7068539, 7.016787, 2.3888342), (1.4902809, 6.6109757, 2.1244454), (0.051875427, 6.526976, 2.42211), (0.7068539, 7.016787, 2.3888342), (0.9951178, 6.321606, 2.5713131), (0.119924635, 7.079619, 2.0376155), (0.7068539, 7.016787, 2.3888342), (0.051875427, 6.526976, 2.42211), (1.0415095, 7.1454105, 1.6235853), (0.7068539, 7.016787, 2.3888342), (0.119924635, 7.079619, 2.0376155), (1.4902809, 6.6109757, 2.1244454), (0.7068539, 7.016787, 2.3888342), (1.0415095, 7.1454105, 1.6235853), (0.3799001, 6.0129886, 0.61722887), (0.79845005, 6.3008313, 0.7715256), (0.2804323, 6.4289927, 0.80231565), (0.3799001, 6.0129886, 0.61722887), (0.2804323, 6.4289927, 0.80231565), (0.10000362, 6.0795712, 1.0574026), (0.3799001, 6.0129886, 0.61722887), (0.10000362, 6.0795712, 1.0574026), (0.15795103, 5.6748734, 0.8764674), (0.15795103, 5.6748734, 0.8764674), (0.10000362, 6.0795712, 1.0574026), (-0.21629578, 5.9274216, 1.1396617), (0.15795103, 5.6748734, 0.8764674), (-0.21629578, 5.9274216, 1.1396617), (0.210076, 5.4305496, 1.5112286), (0.15795103, 5.6748734, 0.8764674), (0.210076, 5.4305496, 1.5112286), (0.4701805, 5.3480535, 1.4989697), (0.4701805, 5.3480535, 1.4989697), (0.210076, 5.4305496, 1.5112286), (0.44054973, 5.4935293, 1.9683229), (1.1892486, 5.6504407, 1.1633228), (1.1109375, 5.994479, 1.0579604), (0.8594233, 5.784234, 0.98061055), (1.1892486, 5.6504407, 1.1633228), (0.8594233, 5.784234, 0.98061055), (0.8746284, 5.424354, 1.1104468), (0.8746284, 5.424354, 1.1104468), (0.8594233, 5.784234, 0.98061055), (0.44892356, 5.674936, 0.75369626), (0.4701805, 5.3480535, 1.4989697), (0.44054973, 5.4935293, 1.9683229), (0.8244182, 5.320433, 1.6738986), (0.4701805, 5.3480535, 1.4989697), (0.8244182, 5.320433, 1.6738986), (0.8746284, 5.424354, 1.1104468), (0.8746284, 5.424354, 1.1104468), (0.8244182, 5.320433, 1.6738986), (1.154789, 5.4276977, 1.6350693), (1.3182484, 6.9363003, 0.399495), (1.4219378, 7.369752, 0.08944339), (1.054263, 6.3514695, -0.29426584), (0.3116169, 6.9785247, 1.2528907), (0.8443292, 7.59725, 1.1552801), (0.969741, 6.911556, 0.9722833), (-1.6707605, 6.3944597, 0.106137596), (-1.614818, 6.750158, 0.4287956), (-0.929271, 6.4244347, 1.0833782), (-1.0692136, 6.1565924, -1.4685239), (-1.8858616, 6.7545414, -1.0185848), (-1.7314295, 6.286683, -0.6868439), (0.65216374, 6.371627, -1.0517607), (0.7420754, 6.9230375, -1.3528787), (-0.30228588, 6.163618, -1.4059892), (1.3182484, 6.9363003, 0.399495), (1.1982899, 7.342892, 0.86298925), (1.4219378, 7.369752, 0.08944339), (0.3116169, 6.9785247, 1.2528907), (-0.0767414, 7.527996, 1.2889979), (0.8443292, 7.59725, 1.1552801), (-1.6707605, 6.3944597, 0.106137596), (-2.0459394, 6.9054165, -0.23275582), (-1.614818, 6.750158, 0.4287956), (-1.0692136, 6.1565924, -1.4685239), (-0.85128736, 6.5385594, -1.7103497), (-1.8858616, 6.7545414, -1.0185848), (0.65216374, 6.371627, -1.0517607), (1.0614867, 6.7665563, -0.8578337), (0.7420754, 6.9230375, -1.3528787), (-0.714955, 8.296258, 0.6162726), (-0.79982924, 8.349028, -0.19899374), (-0.00070758164, 8.32187, 0.4593087), (-2.0048985, 7.2267766, -0.9005568), (-1.0782816, 8.221002, -0.9758962), (-1.4482045, 8.254144, -0.4127234), (-0.039215088, 7.477769, -1.6882948), (0.18596339, 8.361194, -1.297282), (-1.2941728, 7.612564, -1.5252868), (0.75760376, 7.58343, -1.1816479), (0.18596339, 8.361194, -1.297282), (-0.039215088, 7.477769, -1.6882948), (0.18596339, 8.361194, -1.297282), (-1.0782816, 8.221002, -0.9758962), (-1.2941728, 7.612564, -1.5252868), (-1.2941728, 7.612564, -1.5252868), (-1.0782816, 8.221002, -0.9758962), (-2.0048985, 7.2267766, -0.9005568), (-1.0782816, 8.221002, -0.9758962), (-0.79982924, 8.349028, -0.19899374), (-1.4482045, 8.254144, -0.4127234), (-1.4482045, 8.254144, -0.4127234), (-0.79982924, 8.349028, -0.19899374), (-0.714955, 8.296258, 0.6162726), (0.7420754, 6.9230375, -1.3528787), (-0.85128736, 6.5385594, -1.7103497), (-0.30228588, 6.163618, -1.4059892), (-0.30228588, 6.163618, -1.4059892), (-0.85128736, 6.5385594, -1.7103497), (-1.0692136, 6.1565924, -1.4685239), (-1.8858616, 6.7545414, -1.0185848), (-2.0459394, 6.9054165, -0.23275582), (-1.7314295, 6.286683, -0.6868439), (-1.7314295, 6.286683, -0.6868439), (-2.0459394, 6.9054165, -0.23275582), (-1.6707605, 6.3944597, 0.106137596), (-1.614818, 6.750158, 0.4287956), (-0.0767414, 7.527996, 1.2889979), (-0.929271, 6.4244347, 1.0833782), (-0.929271, 6.4244347, 1.0833782), (-0.0767414, 7.527996, 1.2889979), (0.3116169, 6.9785247, 1.2528907), (0.8443292, 7.59725, 1.1552801), (1.1982899, 7.342892, 0.86298925), (0.969741, 6.911556, 0.9722833), (0.969741, 6.911556, 0.9722833), (1.1982899, 7.342892, 0.86298925), (1.3182484, 6.9363003, 0.399495), (1.4219378, 7.369752, 0.08944339), (1.0614867, 6.7665563, -0.8578337), (1.054263, 6.3514695, -0.29426584), (1.054263, 6.3514695, -0.29426584), (1.0614867, 6.7665563, -0.8578337), (0.65216374, 6.371627, -1.0517607), (-0.6026485, 5.5884013, 1.4827642), (-0.5963303, 5.6686344, 1.0184767), (-0.60853827, 5.531334, 1.0837938), (-1.5752631, 5.653306, 1.9241264), (-1.0763265, 6.003942, 1.9030792), (-1.0162784, 5.606967, 1.9460506), (-2.1815276, 5.6312037, 1.5252998), (-2.110259, 5.9716105, 1.5665165), (-1.967359, 5.6152353, 1.8297442), (-2.0037518, 5.5360093, 0.5081913), (-2.21739, 6.0373783, 0.5892731), (-2.2255526, 5.519945, 1.1588527), (-0.6026485, 5.5884013, 1.4827642), (-0.45491508, 5.9010215, 1.5414292), (-0.5963303, 5.6686344, 1.0184767), (-1.5752631, 5.653306, 1.9241264), (-1.7357466, 6.0215507, 1.7698616), (-1.0763265, 6.003942, 1.9030792), (-2.1815276, 5.6312037, 1.5252998), (-2.2924645, 5.956826, 1.1781192), (-2.110259, 5.9716105, 1.5665165), (-2.0037518, 5.5360093, 0.5081913), (-1.8007838, 5.834727, 0.069459006), (-2.21739, 6.0373783, 0.5892731), (-0.9078146, 5.321126, 0.5562452), (-0.5633385, 5.826718, 0.48960617), (-1.0670643, 5.6574473, -0.12750679), (-0.7056039, 6.4186096, 1.7849814), (-0.7121967, 6.638793, 1.3505186), (-0.03233534, 6.367719, 1.281047), (-2.373023, 6.393411, 0.6597364), (-1.8141224, 6.729287, 0.68124616), (-2.1260848, 6.480579, 1.2430754), (-0.45167938, 6.4799004, 0.5978348), (-0.87610793, 6.7504816, 0.83873785), (-1.2146028, 6.809399, 0.430799), (-1.3040314, 6.442331, 1.7701043), (-0.7121967, 6.638793, 1.3505186), (-0.7056039, 6.4186096, 1.7849814), (-0.5633385, 5.826718, 0.48960617), (-0.8004969, 6.100072, 0.03636478), (-1.0670643, 5.6574473, -0.12750679), (-1.0670643, 5.6574473, -0.12750679), (-0.8004969, 6.100072, 0.03636478), (-1.7468172, 6.186707, -0.16611475), (-1.8007838, 5.834727, 0.069459006), (-1.7468172, 6.186707, -0.16611475), (-1.947959, 6.5437326, 0.35224), (-1.8007838, 5.834727, 0.069459006), (-1.947959, 6.5437326, 0.35224), (-2.21739, 6.0373783, 0.5892731), (-0.7121967, 6.638793, 1.3505186), (-0.87610793, 6.7504816, 0.83873785), (-0.45167938, 6.4799004, 0.5978348), (-0.7121967, 6.638793, 1.3505186), (-0.45167938, 6.4799004, 0.5978348), (-0.03233534, 6.367719, 1.281047), (-0.03233534, 6.367719, 1.281047), (-0.45167938, 6.4799004, 0.5978348), (-0.18919192, 6.1168714, 0.53675246), (-1.0670643, 5.6574473, -0.12750679), (-1.7468172, 6.186707, -0.16611475), (-1.8007838, 5.834727, 0.069459006), (-2.2255526, 5.519945, 1.1588527), (-2.2924645, 5.956826, 1.1781192), (-2.1815276, 5.6312037, 1.5252998), (-2.110259, 5.9716105, 1.5665165), (-1.7357466, 6.0215507, 1.7698616), (-1.967359, 5.6152353, 1.8297442), (-1.967359, 5.6152353, 1.8297442), (-1.7357466, 6.0215507, 1.7698616), (-1.5752631, 5.653306, 1.9241264), (-1.0763265, 6.003942, 1.9030792), (-0.45491508, 5.9010215, 1.5414292), (-1.0162784, 5.606967, 1.9460506), (-1.0162784, 5.606967, 1.9460506), (-0.45491508, 5.9010215, 1.5414292), (-0.6026485, 5.5884013, 1.4827642), (-0.5963303, 5.6686344, 1.0184767), (-0.5633385, 5.826718, 0.48960617), (-0.60853827, 5.531334, 1.0837938), (-0.60853827, 5.531334, 1.0837938), (-0.5633385, 5.826718, 0.48960617), (-0.9078146, 5.321126, 0.5562452), (-1.8791975, 5.231248, 0.85751516), (-1.567489, 5.384725, 0.36195067), (-2.0037518, 5.5360093, 0.5081913), (-1.8791975, 5.231248, 0.85751516), (-2.0037518, 5.5360093, 0.5081913), (-2.2255526, 5.519945, 1.1588527), (-1.8791975, 5.231248, 0.85751516), (-2.2255526, 5.519945, 1.1588527), (-1.9963692, 5.3441453, 1.4468532), (-1.9963692, 5.3441453, 1.4468532), (-2.2255526, 5.519945, 1.1588527), (-2.1815276, 5.6312037, 1.5252998), (-1.87542, 4.604641, 0.7721897), (-1.8914022, 4.9947934, 0.79806244), (-1.0560024, 4.815282, 0.6546205), (-2.4989712, 3.8439672, -0.29519254), (-2.5090687, 4.201154, 0.13671586), (-2.2424822, 4.093468, 0.30449712), (-1.7298497, 4.06709, -1.1618068), (-1.8019874, 4.6346445, -1.3176395), (-2.170373, 3.7246184, -0.7378593), (-1.87542, 4.604641, 0.7721897), (-2.2184064, 4.264827, 0.47608677), (-1.8914022, 4.9947934, 0.79806244), (-2.4989712, 3.8439672, -0.29519254), (-2.5100186, 4.164455, -0.8849757), (-2.5090687, 4.201154, 0.13671586), (-1.7298497, 4.06709, -1.1618068), (-1.3529922, 4.717565, -1.481333), (-1.8019874, 4.6346445, -1.3176395), (-2.734724, 4.724345, 0.29162195), (-2.783601, 5.4259253, -0.1585019), (-2.364429, 5.4014764, 0.5914792), (-2.6897378, 4.770318, -1.0999782), (-2.4209368, 5.6231484, -0.73359424), (-2.924178, 4.8325796, -0.38240957), (-1.5133146, 5.8899064, -0.07582182), (-2.1850004, 5.943844, -0.13331959), (-1.420745, 5.9746966, -0.5965527), (-1.420745, 5.9746966, -0.5965527), (-2.1850004, 5.943844, -0.13331959), (-2.4209368, 5.6231484, -0.73359424), (-1.420745, 5.9746966, -0.5965527), (-2.4209368, 5.6231484, -0.73359424), (-1.8937658, 5.259801, -1.5595698), (-1.8937658, 5.259801, -1.5595698), (-2.4209368, 5.6231484, -0.73359424), (-2.6897378, 4.770318, -1.0999782), (-2.4209368, 5.6231484, -0.73359424), (-2.1850004, 5.943844, -0.13331959), (-2.783601, 5.4259253, -0.1585019), (-2.4209368, 5.6231484, -0.73359424), (-2.783601, 5.4259253, -0.1585019), (-2.924178, 4.8325796, -0.38240957), (-2.924178, 4.8325796, -0.38240957), (-2.783601, 5.4259253, -0.1585019), (-2.734724, 4.724345, 0.29162195), (-2.783601, 5.4259253, -0.1585019), (-2.1850004, 5.943844, -0.13331959), (-1.8787506, 5.8645024, 0.2647109), (-2.783601, 5.4259253, -0.1585019), (-1.8787506, 5.8645024, 0.2647109), (-2.364429, 5.4014764, 0.5914792), (-1.8787506, 5.8645024, 0.2647109), (-2.1850004, 5.943844, -0.13331959), (-1.5133146, 5.8899064, -0.07582182), (-0.5274513, 5.5370197, -0.5019299), (-0.7414004, 5.699444, 0.067273006), (-0.83578575, 5.742164, -0.23465493), (-0.5274513, 5.5370197, -0.5019299), (-0.83578575, 5.742164, -0.23465493), (-0.80694914, 5.297724, -1.1399807), (-0.80694914, 5.297724, -1.1399807), (-0.83578575, 5.742164, -0.23465493), (-0.97623587, 5.2882853, -1.219072), (-1.2167312, 5.356046, 0.74802274), (-1.5173639, 5.172571, 0.6329382), (-0.9199713, 5.8119864, 0.268691), (-1.2167312, 5.356046, 0.74802274), (-0.9199713, 5.8119864, 0.268691), (-0.66303444, 5.627745, 0.086629316), (-0.66303444, 5.627745, 0.086629316), (-0.9199713, 5.8119864, 0.268691), (-0.7414004, 5.699444, 0.067273006), (-0.80694914, 5.297724, -1.1399807), (-0.97623587, 5.2882853, -1.219072), (-1.3529922, 4.717565, -1.481333), (-0.80694914, 5.297724, -1.1399807), (-1.3529922, 4.717565, -1.481333), (-0.9531472, 4.424376, -1.0719327), (-0.9531472, 4.424376, -1.0719327), (-1.3529922, 4.717565, -1.481333), (-1.7298497, 4.06709, -1.1618068), (-1.8019874, 4.6346445, -1.3176395), (-2.5100186, 4.164455, -0.8849757), (-2.170373, 3.7246184, -0.7378593), (-2.170373, 3.7246184, -0.7378593), (-2.5100186, 4.164455, -0.8849757), (-2.4989712, 3.8439672, -0.29519254), (-2.5090687, 4.201154, 0.13671586), (-2.2184064, 4.264827, 0.47608677), (-2.2424822, 4.093468, 0.30449712), (-2.2424822, 4.093468, 0.30449712), (-2.2184064, 4.264827, 0.47608677), (-1.87542, 4.604641, 0.7721897), (-1.8914022, 4.9947934, 0.79806244), (-1.5173639, 5.172571, 0.6329382), (-1.2167312, 5.356046, 0.74802274), (-1.8914022, 4.9947934, 0.79806244), (-1.2167312, 5.356046, 0.74802274), (-1.0560024, 4.815282, 0.6546205), (-0.66303444, 5.627745, 0.086629316), (-0.7414004, 5.699444, 0.067273006), (-0.5274513, 5.5370197, -0.5019299), (1.2362726, 5.3220778, 1.6161327), (1.4924245, 5.6022778, 1.6112831), (1.3020022, 5.6124377, 1.1000919), (0.39577246, 5.3949094, 2.0484464), (0.62385666, 5.4553094, 2.208317), (0.82423383, 5.1902924, 1.7087895), (-0.32469913, 5.869145, 1.0848382), (-0.16925722, 5.778112, 1.7783536), (0.115014195, 5.3395987, 1.5402769), (0.21788558, 6.5315146, 0.7412495), (0.12815899, 6.5925016, 1.1843845), (0.035978105, 6.1269298, 0.9487109), (1.2110631, 5.9962335, 0.9678122), (1.1904242, 6.462013, 0.9794161), (0.85178435, 6.3800836, 0.6765282), (1.2362726, 5.3220778, 1.6161327), (1.1811464, 5.264266, 1.9572659), (1.4924245, 5.6022778, 1.6112831), (0.39577246, 5.3949094, 2.0484464), (0.031307604, 5.587302, 1.9871478), (0.62385666, 5.4553094, 2.208317), (-0.32469913, 5.869145, 1.0848382), (-0.5144986, 6.2679276, 1.121895), (-0.16925722, 5.778112, 1.7783536), (0.21788558, 6.5315146, 0.7412495), (0.55403936, 6.7127914, 0.9718857), (0.12815899, 6.5925016, 1.1843845), (1.2110631, 5.9962335, 0.9678122), (1.4770625, 5.99046, 1.2869132), (1.1904242, 6.462013, 0.9794161), (1.1122587, 5.7300806, 2.5888042), (0.9674962, 6.285376, 2.4693768), (1.5002198, 5.6795893, 2.236206), (-0.31157896, 5.8604417, 2.1051905), (0.08213204, 6.483308, 2.3239076), (0.45515007, 5.700466, 2.5949035), (-0.3908895, 6.7913694, 1.3686581), (0.14729545, 6.9890227, 1.9783796), (-0.6129265, 6.280045, 1.7145294), (1.0663303, 7.0849695, 1.113915), (1.0034889, 7.0451965, 1.5922922), (0.45226035, 7.1043243, 1.2425424), (1.7574592, 6.1477118, 1.8080752), (1.4311028, 6.5426755, 2.0588748), (1.5370638, 6.6587048, 1.4941353), (1.4311028, 6.5426755, 2.0588748), (1.0034889, 7.0451965, 1.5922922), (1.5370638, 6.6587048, 1.4941353), (1.5370638, 6.6587048, 1.4941353), (1.0034889, 7.0451965, 1.5922922), (1.0663303, 7.0849695, 1.113915), (1.0034889, 7.0451965, 1.5922922), (0.14729545, 6.9890227, 1.9783796), (0.45226035, 7.1043243, 1.2425424), (0.45226035, 7.1043243, 1.2425424), (0.14729545, 6.9890227, 1.9783796), (-0.3908895, 6.7913694, 1.3686581), (0.14729545, 6.9890227, 1.9783796), (0.08213204, 6.483308, 2.3239076), (-0.6129265, 6.280045, 1.7145294), (-0.6129265, 6.280045, 1.7145294), (0.08213204, 6.483308, 2.3239076), (-0.31157896, 5.8604417, 2.1051905), (0.08213204, 6.483308, 2.3239076), (0.9674962, 6.285376, 2.4693768), (0.45515007, 5.700466, 2.5949035), (0.45515007, 5.700466, 2.5949035), (0.9674962, 6.285376, 2.4693768), (1.1122587, 5.7300806, 2.5888042), (0.9674962, 6.285376, 2.4693768), (1.4311028, 6.5426755, 2.0588748), (1.5002198, 5.6795893, 2.236206), (1.5002198, 5.6795893, 2.236206), (1.4311028, 6.5426755, 2.0588748), (1.7574592, 6.1477118, 1.8080752), (1.1904242, 6.462013, 0.9794161), (0.55403936, 6.7127914, 0.9718857), (0.85178435, 6.3800836, 0.6765282), (0.85178435, 6.3800836, 0.6765282), (0.55403936, 6.7127914, 0.9718857), (0.21788558, 6.5315146, 0.7412495), (0.12815899, 6.5925016, 1.1843845), (-0.5144986, 6.2679276, 1.121895), (0.035978105, 6.1269298, 0.9487109), (0.035978105, 6.1269298, 0.9487109), (-0.5144986, 6.2679276, 1.121895), (-0.32469913, 5.869145, 1.0848382), (-0.16925722, 5.778112, 1.7783536), (0.031307604, 5.587302, 1.9871478), (0.115014195, 5.3395987, 1.5402769), (0.115014195, 5.3395987, 1.5402769), (0.031307604, 5.587302, 1.9871478), (0.39577246, 5.3949094, 2.0484464), (0.62385666, 5.4553094, 2.208317), (1.1811464, 5.264266, 1.9572659), (0.82423383, 5.1902924, 1.7087895), (0.82423383, 5.1902924, 1.7087895), (1.1811464, 5.264266, 1.9572659), (1.2362726, 5.3220778, 1.6161327), (1.4924245, 5.6022778, 1.6112831), (1.4770625, 5.99046, 1.2869132), (1.3020022, 5.6124377, 1.1000919), (1.3020022, 5.6124377, 1.1000919), (1.4770625, 5.99046, 1.2869132), (1.2110631, 5.9962335, 0.9678122), (-1.7754811, 6.4609275, 1.7369555), (-1.3673804, 6.735298, 1.3512614), (-1.2959534, 6.4882646, 1.7664778), (-1.2132393, 6.855912, 0.46060282), (-0.8939831, 6.7877464, 0.8535892), (-1.8084589, 6.7756805, 0.7112583), (-1.8084589, 6.7756805, 0.7112583), (-0.8939831, 6.7877464, 0.8535892), (-1.3673804, 6.735298, 1.3512614), (-1.8084589, 6.7756805, 0.7112583), (-1.3673804, 6.735298, 1.3512614), (-2.0838802, 6.5376673, 1.2657758), (-2.0838802, 6.5376673, 1.2657758), (-1.3673804, 6.735298, 1.3512614), (-1.7754811, 6.4609275, 1.7369555), (-1.3673804, 6.735298, 1.3512614), (-0.8939831, 6.7877464, 0.8535892), (-0.7423353, 6.680338, 1.3439654), (-1.3673804, 6.735298, 1.3512614), (-0.7423353, 6.680338, 1.3439654), (-1.2959534, 6.4882646, 1.7664778), (0.9167604, 8.305805, 0.5251521), (0.64867073, 8.599911, -0.0218375), (1.0937304, 8.273629, 0.044542685), (1.1074823, 8.138779, -0.5617211), (0.54162407, 8.394481, -0.73350483), (0.775025, 7.7668653, -1.1402302), (0.54162407, 8.394481, -0.73350483), (-0.17019704, 8.863659, -0.57159424), (0.27781639, 8.473796, -1.1898454), (0.54162407, 8.394481, -0.73350483), (0.27781639, 8.473796, -1.1898454), (0.775025, 7.7668653, -1.1402302), (0.27781639, 8.473796, -1.1898454), (-0.17019704, 8.863659, -0.57159424), (-1.003761, 8.363191, -0.9893483), (-1.003761, 8.363191, -0.9893483), (-0.17019704, 8.863659, -0.57159424), (-0.69934064, 8.499095, -0.27707317), (-0.69934064, 8.499095, -0.27707317), (-0.17019704, 8.863659, -0.57159424), (0.64867073, 8.599911, -0.0218375), (-0.69934064, 8.499095, -0.27707317), (0.64867073, 8.599911, -0.0218375), (-0.034211814, 8.477204, 0.37085977), (-0.034211814, 8.477204, 0.37085977), (0.64867073, 8.599911, -0.0218375), (0.9167604, 8.305805, 0.5251521), (0.64867073, 8.599911, -0.0218375), (-0.17019704, 8.863659, -0.57159424), (0.54162407, 8.394481, -0.73350483), (0.64867073, 8.599911, -0.0218375), (0.54162407, 8.394481, -0.73350483), (1.0937304, 8.273629, 0.044542685), (1.0937304, 8.273629, 0.044542685), (0.54162407, 8.394481, -0.73350483), (1.1074823, 8.138779, -0.5617211), (1.2048697, 3.548601, 2.1657867), (1.4334264, 3.700173, 2.2625875), (1.2963046, 3.5964031, 1.7613138), (0.7757507, 3.9135942, 2.1153343), (0.94096774, 4.0574474, 2.323404), (0.9113324, 3.6782122, 2.2885218), (0.52699435, 4.526798, 1.121356), (0.5236075, 4.7548857, 1.4131275), (0.45610693, 4.3437276, 1.544372), (1.2048697, 3.548601, 2.1657867), (1.2525727, 3.74619, 2.4924974), (1.4334264, 3.700173, 2.2625875), (0.7757507, 3.9135942, 2.1153343), (0.5415687, 4.5131397, 1.898683), (0.94096774, 4.0574474, 2.323404), (0.52699435, 4.526798, 1.121356), (0.7129002, 4.798171, 1.0207928), (0.5236075, 4.7548857, 1.4131275), (1.1307087, 4.4107504, 2.6622765), (1.386097, 4.701249, 2.4412005), (1.5987185, 4.200735, 2.4883335), (0.61777997, 5.1351867, 1.7290046), (0.97747463, 5.2870703, 1.8294669), (0.7115346, 4.9448624, 2.274586), (1.7599111, 4.7804127, 1.611384), (1.7083554, 4.824258, 1.9442706), (1.316197, 5.232923, 1.3600943), (1.316197, 5.232923, 1.3600943), (1.7083554, 4.824258, 1.9442706), (0.97747463, 5.2870703, 1.8294669), (1.316197, 5.232923, 1.3600943), (0.97747463, 5.2870703, 1.8294669), (0.7400801, 5.3355284, 1.4027625), (0.7400801, 5.3355284, 1.4027625), (0.97747463, 5.2870703, 1.8294669), (0.61777997, 5.1351867, 1.7290046), (0.97747463, 5.2870703, 1.8294669), (1.7083554, 4.824258, 1.9442706), (1.386097, 4.701249, 2.4412005), (0.97747463, 5.2870703, 1.8294669), (1.386097, 4.701249, 2.4412005), (0.7115346, 4.9448624, 2.274586), (0.7115346, 4.9448624, 2.274586), (1.386097, 4.701249, 2.4412005), (1.1307087, 4.4107504, 2.6622765), (1.386097, 4.701249, 2.4412005), (1.7083554, 4.824258, 1.9442706), (1.9753747, 4.3421726, 2.1670892), (1.386097, 4.701249, 2.4412005), (1.9753747, 4.3421726, 2.1670892), (1.5987185, 4.200735, 2.4883335), (1.9753747, 4.3421726, 2.1670892), (1.7083554, 4.824258, 1.9442706), (1.7599111, 4.7804127, 1.611384), (1.6792092, 4.087967, 1.0287187), (1.6706461, 4.3163013, 1.3003902), (1.3249997, 4.802554, 0.91235393), (1.6792092, 4.087967, 1.0287187), (1.3249997, 4.802554, 0.91235393), (1.2032986, 4.5382757, 0.70380145), (1.2032986, 4.5382757, 0.70380145), (1.3249997, 4.802554, 0.91235393), (0.85972935, 5.088407, 0.9200698), (1.7529278, 3.6611125, 1.7871585), (1.7568634, 3.8955388, 2.2902203), (1.7094625, 4.225805, 1.6413856), (1.7529278, 3.6611125, 1.7871585), (1.7094625, 4.225805, 1.6413856), (1.7101737, 3.919848, 1.417508), (1.7101737, 3.919848, 1.417508), (1.7094625, 4.225805, 1.6413856), (1.6706461, 4.3163013, 1.3003902), (1.2032986, 4.5382757, 0.70380145), (0.85972935, 5.088407, 0.9200698), (0.7129002, 4.798171, 1.0207928), (1.2032986, 4.5382757, 0.70380145), (0.7129002, 4.798171, 1.0207928), (0.919167, 4.236183, 0.91994214), (0.919167, 4.236183, 0.91994214), (0.7129002, 4.798171, 1.0207928), (0.52699435, 4.526798, 1.121356), (0.5236075, 4.7548857, 1.4131275), (0.5415687, 4.5131397, 1.898683), (0.45610693, 4.3437276, 1.544372), (0.45610693, 4.3437276, 1.544372), (0.5415687, 4.5131397, 1.898683), (0.7757507, 3.9135942, 2.1153343), (0.94096774, 4.0574474, 2.323404), (1.2525727, 3.74619, 2.4924974), (0.9113324, 3.6782122, 2.2885218), (0.9113324, 3.6782122, 2.2885218), (1.2525727, 3.74619, 2.4924974), (1.2048697, 3.548601, 2.1657867), (1.4334264, 3.700173, 2.2625875), (1.7568634, 3.8955388, 2.2902203), (1.7529278, 3.6611125, 1.7871585), (1.4334264, 3.700173, 2.2625875), (1.7529278, 3.6611125, 1.7871585), (1.2963046, 3.5964031, 1.7613138), (1.7101737, 3.919848, 1.417508), (1.6706461, 4.3163013, 1.3003902), (1.6792092, 4.087967, 1.0287187), (0.9845805, 3.9824998, -1.5655041), (0.9052516, 4.0068173, -1.1298946), (1.3135567, 4.1171603, -1.3849876), (1.5511053, 4.36674, -1.2937027), (1.4004252, 4.0438805, -1.6544966), (1.3135567, 4.1171603, -1.3849876), (0.9845805, 3.9824998, -1.5655041), (0.31214184, 3.7435393, -1.4615066), (0.9052516, 4.0068173, -1.1298946), (0.9845805, 3.9824998, -1.5655041), (0.37693894, 3.9016228, -1.924334), (0.31214184, 3.7435393, -1.4615066), (0.9845805, 3.9824998, -1.5655041), (1.0754901, 3.871628, -1.8465219), (0.37693894, 3.9016228, -1.924334), (1.6818769, 4.6402664, -1.4565871), (1.511268, 4.89902, -1.7695613), (1.4849135, 4.2989707, -2.0007837), (1.3187866, 4.790014, -0.8367735), (1.4102088, 5.0000257, -1.1315356), (1.5466775, 4.623501, -1.0034943), (-0.10313249, 4.304852, -1.2527008), (0.47277835, 5.0567527, -1.1109351), (0.78716564, 4.751726, -0.7592123), (-0.24058543, 4.3013325, -2.098864), (-0.24309142, 4.488836, -1.9676446), (-0.34516585, 4.398479, -1.6375536), (1.290381, 4.3930426, -2.290232), (0.82852006, 4.64684, -2.399413), (0.3669836, 4.164584, -2.5017233), (1.6818769, 4.6402664, -1.4565871), (1.4854072, 4.994107, -1.406109), (1.511268, 4.89902, -1.7695613), (1.5466775, 4.623501, -1.0034943), (1.4854072, 4.994107, -1.406109), (1.6818769, 4.6402664, -1.4565871), (1.5466775, 4.623501, -1.0034943), (1.4102088, 5.0000257, -1.1315356), (1.4854072, 4.994107, -1.406109), (1.3187866, 4.790014, -0.8367735), (0.870327, 5.0840464, -1.2010332), (1.4102088, 5.0000257, -1.1315356), (0.78716564, 4.751726, -0.7592123), (0.870327, 5.0840464, -1.2010332), (1.3187866, 4.790014, -0.8367735), (0.78716564, 4.751726, -0.7592123), (0.47277835, 5.0567527, -1.1109351), (0.870327, 5.0840464, -1.2010332), (-0.10313249, 4.304852, -1.2527008), (0.045620903, 5.0450234, -1.6976984), (0.47277835, 5.0567527, -1.1109351), (-0.34516585, 4.398479, -1.6375536), (0.045620903, 5.0450234, -1.6976984), (-0.10313249, 4.304852, -1.2527008), (-0.34516585, 4.398479, -1.6375536), (-0.24309142, 4.488836, -1.9676446), (0.045620903, 5.0450234, -1.6976984), (-0.24058543, 4.3013325, -2.098864), (0.14571407, 4.7072167, -2.3187487), (-0.24309142, 4.488836, -1.9676446), (0.3669836, 4.164584, -2.5017233), (0.14571407, 4.7072167, -2.3187487), (-0.24058543, 4.3013325, -2.098864), (0.3669836, 4.164584, -2.5017233), (0.82852006, 4.64684, -2.399413), (0.14571407, 4.7072167, -2.3187487), (1.290381, 4.3930426, -2.290232), (1.2497722, 4.709123, -2.1255555), (0.82852006, 4.64684, -2.399413), (1.4849135, 4.2989707, -2.0007837), (1.2497722, 4.709123, -2.1255555), (1.290381, 4.3930426, -2.290232), (1.4849135, 4.2989707, -2.0007837), (1.511268, 4.89902, -1.7695613), (1.2497722, 4.709123, -2.1255555), (1.0754901, 3.871628, -1.8465219), (1.1784524, 4.064287, -2.064384), (0.6759349, 3.9624503, -2.2315767), (1.0754901, 3.871628, -1.8465219), (0.6759349, 3.9624503, -2.2315767), (0.37693894, 3.9016228, -1.924334), (0.37693894, 3.9016228, -1.924334), (0.6759349, 3.9624503, -2.2315767), (0.28999567, 3.9204183, -2.2746522), (0.37693894, 3.9016228, -1.924334), (0.28999567, 3.9204183, -2.2746522), (-0.05022973, 3.9924068, -1.863336), (0.37693894, 3.9016228, -1.924334), (-0.05022973, 3.9924068, -1.863336), (0.31214184, 3.7435393, -1.4615066), (0.31214184, 3.7435393, -1.4615066), (-0.05022973, 3.9924068, -1.863336), (-0.01670797, 4.0579786, -1.4506283), (0.31214184, 3.7435393, -1.4615066), (-0.01670797, 4.0579786, -1.4506283), (0.38984564, 4.0643253, -0.92742246), (0.31214184, 3.7435393, -1.4615066), (0.38984564, 4.0643253, -0.92742246), (0.9052516, 4.0068173, -1.1298946), (0.9052516, 4.0068173, -1.1298946), (0.38984564, 4.0643253, -0.92742246), (1.0279611, 4.373934, -0.84682286), (1.4004252, 4.0438805, -1.6544966), (1.1784524, 4.064287, -2.064384), (1.0754901, 3.871628, -1.8465219), (1.4004252, 4.0438805, -1.6544966), (1.0754901, 3.871628, -1.8465219), (1.3135567, 4.1171603, -1.3849876), (1.3135567, 4.1171603, -1.3849876), (1.0754901, 3.871628, -1.8465219), (0.9845805, 3.9824998, -1.5655041), (0.9052516, 4.0068173, -1.1298946), (1.0279611, 4.373934, -0.84682286), (1.3776572, 4.333591, -0.9927847), (0.9052516, 4.0068173, -1.1298946), (1.3776572, 4.333591, -0.9927847), (1.3135567, 4.1171603, -1.3849876), (1.3135567, 4.1171603, -1.3849876), (1.3776572, 4.333591, -0.9927847), (1.5511053, 4.36674, -1.2937027), (1.5924444, 4.373989, -1.2730317), (1.6505467, 4.6168747, -1.4467708), (1.4445198, 4.0462785, -1.6617821), (1.0283765, 4.39765, -0.7948314), (1.3268822, 4.7443533, -0.84952635), (1.3971581, 4.3601236, -0.9520695), (-0.08245095, 4.070368, -1.4374163), (-0.05110377, 4.269684, -1.2566124), (0.3330433, 4.087165, -0.88981754), (0.25462645, 3.9370785, -2.3197796), (-0.20298217, 4.2721405, -2.0676556), (-0.11644599, 4.009975, -1.8817647), (1.219202, 4.057574, -2.0862455), (1.2695849, 4.3665576, -2.2549772), (0.68437517, 3.9410152, -2.2847383), (1.5924444, 4.373989, -1.2730317), (1.5252252, 4.6018233, -1.0133127), (1.6505467, 4.6168747, -1.4467708), (1.0283765, 4.39765, -0.7948314), (0.81076026, 4.7055464, -0.7745975), (1.3268822, 4.7443533, -0.84952635), (-0.08245095, 4.070368, -1.4374163), (-0.29268327, 4.3566837, -1.6273155), (-0.05110377, 4.269684, -1.2566124), (0.25462645, 3.9370785, -2.3197796), (0.3767414, 4.151114, -2.455288), (-0.20298217, 4.2721405, -2.0676556), (1.219202, 4.057574, -2.0862455), (1.4485675, 4.278873, -1.9775794), (1.2695849, 4.3665576, -2.2549772), (0.4531359, 5.136044, -1.1515605), (0.40557575, 5.1656127, -1.6083969), (0.85336477, 5.1503954, -1.2395151), (-0.26968572, 4.536758, -2.0015185), (0.24954614, 5.093874, -2.0437343), (0.04225956, 5.1124454, -1.7281593), (0.831788, 4.6774015, -2.4429278), (0.957966, 5.1724305, -2.223824), (0.12857066, 4.7529345, -2.351587), (1.2782862, 4.7366095, -2.1590283), (0.957966, 5.1724305, -2.223824), (0.831788, 4.6774015, -2.4429278), (0.957966, 5.1724305, -2.223824), (0.24954614, 5.093874, -2.0437343), (0.12857066, 4.7529345, -2.351587), (0.12857066, 4.7529345, -2.351587), (0.24954614, 5.093874, -2.0437343), (-0.26968572, 4.536758, -2.0015185), (0.24954614, 5.093874, -2.0437343), (0.40557575, 5.1656127, -1.6083969), (0.04225956, 5.1124454, -1.7281593), (0.04225956, 5.1124454, -1.7281593), (0.40557575, 5.1656127, -1.6083969), (0.4531359, 5.136044, -1.1515605), (1.2695849, 4.3665576, -2.2549772), (0.3767414, 4.151114, -2.455288), (0.68437517, 3.9410152, -2.2847383), (0.68437517, 3.9410152, -2.2847383), (0.3767414, 4.151114, -2.455288), (0.25462645, 3.9370785, -2.3197796), (-0.20298217, 4.2721405, -2.0676556), (-0.29268327, 4.3566837, -1.6273155), (-0.11644599, 4.009975, -1.8817647), (-0.11644599, 4.009975, -1.8817647), (-0.29268327, 4.3566837, -1.6273155), (-0.08245095, 4.070368, -1.4374163), (-0.05110377, 4.269684, -1.2566124), (0.81076026, 4.7055464, -0.7745975), (0.3330433, 4.087165, -0.88981754), (0.3330433, 4.087165, -0.88981754), (0.81076026, 4.7055464, -0.7745975), (1.0283765, 4.39765, -0.7948314), (1.3268822, 4.7443533, -0.84952635), (1.5252252, 4.6018233, -1.0133127), (1.3971581, 4.3601236, -0.9520695), (1.3971581, 4.3601236, -0.9520695), (1.5252252, 4.6018233, -1.0133127), (1.5924444, 4.373989, -1.2730317), (1.6505467, 4.6168747, -1.4467708), (1.4485675, 4.278873, -1.9775794), (1.4445198, 4.0462785, -1.6617821), (1.4445198, 4.0462785, -1.6617821), (1.4485675, 4.278873, -1.9775794), (1.219202, 4.057574, -2.0862455), (1.3674711, 5.141393, -1.2026207), (1.2172451, 5.306195, -1.5091264), (1.4666348, 5.123363, -1.4719309), (1.4743409, 5.0478, -1.8116517), (1.1572617, 5.1910825, -1.9079107), (1.2880478, 4.8393974, -2.1358206), (1.1572617, 5.1910825, -1.9079107), (0.7583914, 5.453987, -1.8171847), (1.009437, 5.235527, -2.1636226), (1.1572617, 5.1910825, -1.9079107), (1.009437, 5.235527, -2.1636226), (1.2880478, 4.8393974, -2.1358206), (1.009437, 5.235527, -2.1636226), (0.7583914, 5.453987, -1.8171847), (0.2913028, 5.173549, -2.0512729), (0.2913028, 5.173549, -2.0512729), (0.7583914, 5.453987, -1.8171847), (0.46188512, 5.2497034, -1.6521487), (0.46188512, 5.2497034, -1.6521487), (0.7583914, 5.453987, -1.8171847), (1.2172451, 5.306195, -1.5091264), (0.46188512, 5.2497034, -1.6521487), (1.2172451, 5.306195, -1.5091264), (0.8345915, 5.2374363, -1.2890784), (0.8345915, 5.2374363, -1.2890784), (1.2172451, 5.306195, -1.5091264), (1.3674711, 5.141393, -1.2026207), (1.2172451, 5.306195, -1.5091264), (0.7583914, 5.453987, -1.8171847), (1.1572617, 5.1910825, -1.9079107), (1.2172451, 5.306195, -1.5091264), (1.1572617, 5.1910825, -1.9079107), (1.4666348, 5.123363, -1.4719309), (1.4666348, 5.123363, -1.4719309), (1.1572617, 5.1910825, -1.9079107), (1.4743409, 5.0478, -1.8116517), (2.1444948, 4.5193715, -0.2720903), (1.9910874, 4.3968873, 0.12553188), (2.4558728, 4.4491997, -0.03320694), (2.732667, 4.5436425, 0.17055218), (2.5692606, 4.462249, -0.30251125), (2.4558728, 4.4491997, -0.03320694), (2.1444948, 4.5193715, -0.2720903), (1.4249731, 4.508347, -0.31961176), (1.9910874, 4.3968873, 0.12553188), (2.1444948, 4.5193715, -0.2720903), (1.6231093, 4.801954, -0.6630274), (1.4249731, 4.508347, -0.31961176), (2.1444948, 4.5193715, -0.2720903), (2.2530315, 4.5034976, -0.56788695), (1.6231093, 4.801954, -0.6630274), (2.9667342, 4.79516, 0.15052837), (2.944041, 5.1974974, -0.027303351), (2.7909331, 4.7860003, -0.49788398), (2.547613, 4.805818, 0.7527345), (2.7524962, 5.0685606, 0.5843986), (2.745632, 4.650207, 0.5428988), (1.1577926, 5.0488725, 0.08974444), (1.8872094, 5.434115, 0.5762266), (2.0234163, 4.927273, 0.7765973), (1.1955111, 5.4252124, -0.67956984), (1.2216297, 5.534412, -0.4801311), (1.0345168, 5.3634715, -0.22851542), (2.6933818, 5.0471025, -0.7276279), (2.3562376, 5.4664087, -0.7404836), (1.8043717, 5.255762, -1.0677866), (2.9667342, 4.79516, 0.15052837), (2.8755138, 5.1450377, 0.33924899), (2.944041, 5.1974974, -0.027303351), (2.745632, 4.650207, 0.5428988), (2.8755138, 5.1450377, 0.33924899), (2.9667342, 4.79516, 0.15052837), (2.745632, 4.650207, 0.5428988), (2.7524962, 5.0685606, 0.5843986), (2.8755138, 5.1450377, 0.33924899), (2.547613, 4.805818, 0.7527345), (2.2851686, 5.3547306, 0.5289612), (2.7524962, 5.0685606, 0.5843986), (2.0234163, 4.927273, 0.7765973), (2.2851686, 5.3547306, 0.5289612), (2.547613, 4.805818, 0.7527345), (2.0234163, 4.927273, 0.7765973), (1.8872094, 5.434115, 0.5762266), (2.2851686, 5.3547306, 0.5289612), (1.1577926, 5.0488725, 0.08974444), (1.5999781, 5.802321, 0.02051547), (1.8872094, 5.434115, 0.5762266), (1.0345168, 5.3634715, -0.22851542), (1.5999781, 5.802321, 0.02051547), (1.1577926, 5.0488725, 0.08974444), (1.0345168, 5.3634715, -0.22851542), (1.2216297, 5.534412, -0.4801311), (1.5999781, 5.802321, 0.02051547), (1.1955111, 5.4252124, -0.67956984), (1.7185192, 5.723175, -0.6791414), (1.2216297, 5.534412, -0.4801311), (1.8043717, 5.255762, -1.0677866), (1.7185192, 5.723175, -0.6791414), (1.1955111, 5.4252124, -0.67956984), (1.8043717, 5.255762, -1.0677866), (2.3562376, 5.4664087, -0.7404836), (1.7185192, 5.723175, -0.6791414), (2.6933818, 5.0471025, -0.7276279), (2.7145298, 5.265964, -0.44420722), (2.3562376, 5.4664087, -0.7404836), (2.7909331, 4.7860003, -0.49788398), (2.7145298, 5.265964, -0.44420722), (2.6933818, 5.0471025, -0.7276279), (2.7909331, 4.7860003, -0.49788398), (2.944041, 5.1974974, -0.027303351), (2.7145298, 5.265964, -0.44420722), (2.2530315, 4.5034976, -0.56788695), (2.448465, 4.717312, -0.6740587), (1.9814991, 4.8704476, -0.89618474), (2.2530315, 4.5034976, -0.56788695), (1.9814991, 4.8704476, -0.89618474), (1.6231093, 4.801954, -0.6630274), (1.6231093, 4.801954, -0.6630274), (1.9814991, 4.8704476, -0.89618474), (1.6164825, 4.985441, -0.97435546), (1.6231093, 4.801954, -0.6630274), (1.6164825, 4.985441, -0.97435546), (1.2374525, 5.0036287, -0.5920937), (1.6231093, 4.801954, -0.6630274), (1.2374525, 5.0036287, -0.5920937), (1.4249731, 4.508347, -0.31961176), (1.4249731, 4.508347, -0.31961176), (1.2374525, 5.0036287, -0.5920937), (1.206209, 4.8861117, -0.1908912), (1.4249731, 4.508347, -0.31961176), (1.206209, 4.8861117, -0.1908912), (1.4851637, 4.5453796, 0.3042417), (1.4249731, 4.508347, -0.31961176), (1.4851637, 4.5453796, 0.3042417), (1.9910874, 4.3968873, 0.12553188), (1.9910874, 4.3968873, 0.12553188), (1.4851637, 4.5453796, 0.3042417), (2.1565316, 4.556158, 0.5465111), (2.5692606, 4.462249, -0.30251125), (2.448465, 4.717312, -0.6740587), (2.2530315, 4.5034976, -0.56788695), (2.5692606, 4.462249, -0.30251125), (2.2530315, 4.5034976, -0.56788695), (2.4558728, 4.4491997, -0.03320694), (2.4558728, 4.4491997, -0.03320694), (2.2530315, 4.5034976, -0.56788695), (2.1444948, 4.5193715, -0.2720903), (1.9910874, 4.3968873, 0.12553188), (2.1565316, 4.556158, 0.5465111), (2.5011091, 4.457645, 0.41696566), (1.9910874, 4.3968873, 0.12553188), (2.5011091, 4.457645, 0.41696566), (2.4558728, 4.4491997, -0.03320694), (2.4558728, 4.4491997, -0.03320694), (2.5011091, 4.457645, 0.41696566), (2.732667, 4.5436425, 0.17055218), (2.7693853, 4.5273724, 0.19454843), (2.9286678, 4.7822533, 0.14744076), (2.612682, 4.451846, -0.30559516), (2.1535175, 4.555844, 0.6035772), (2.5444613, 4.7691026, 0.72182965), (2.519012, 4.4575276, 0.46617377), (1.1456386, 4.914303, -0.1772278), (1.1970702, 5.002387, 0.07376249), (1.4311706, 4.5698113, 0.34486476), (1.5971328, 5.0295963, -1.0095805), (1.216068, 5.3750596, -0.66218626), (1.1842028, 5.0487976, -0.604628), (2.4889941, 4.7060194, -0.6943902), (2.6592464, 5.0179353, -0.7086302), (1.9936985, 4.870092, -0.9528245), (2.7693853, 4.5273724, 0.19454843), (2.7211967, 4.643029, 0.52345943), (2.9286678, 4.7822533, 0.14744076), (2.1535175, 4.555844, 0.6035772), (2.0351462, 4.885768, 0.74395), (2.5444613, 4.7691026, 0.72182965), (1.1456386, 4.914303, -0.1772278), (1.0694956, 5.3056355, -0.2346453), (1.1970702, 5.002387, 0.07376249), (1.5971328, 5.0295963, -1.0095805), (1.8004088, 5.2226987, -1.0313979), (1.216068, 5.3750596, -0.66218626), (2.4889941, 4.7060194, -0.6943902), (2.7464778, 4.772393, -0.48778358), (2.6592464, 5.0179353, -0.7086302), (1.8998748, 5.5244126, 0.57318974), (1.9543236, 5.7451596, 0.1730145), (2.2961621, 5.432231, 0.5223597), (1.2173443, 5.5977488, -0.49114794), (1.8735566, 5.9088044, -0.25792554), (1.6224302, 5.8728724, 0.02233298), (2.376779, 5.5083694, -0.76608807), (2.5952594, 5.8004947, -0.3466721), (1.7222373, 5.7809477, -0.6896697), (2.7558281, 5.292608, -0.46074465), (2.5952594, 5.8004947, -0.3466721), (2.376779, 5.5083694, -0.76608807), (2.5952594, 5.8004947, -0.3466721), (1.8735566, 5.9088044, -0.25792554), (1.7222373, 5.7809477, -0.6896697), (1.7222373, 5.7809477, -0.6896697), (1.8735566, 5.9088044, -0.25792554), (1.2173443, 5.5977488, -0.49114794), (1.8735566, 5.9088044, -0.25792554), (1.9543236, 5.7451596, 0.1730145), (1.6224302, 5.8728724, 0.02233298), (1.6224302, 5.8728724, 0.02233298), (1.9543236, 5.7451596, 0.1730145), (1.8998748, 5.5244126, 0.57318974), (2.6592464, 5.0179353, -0.7086302), (1.8004088, 5.2226987, -1.0313979), (1.9936985, 4.870092, -0.9528245), (1.9936985, 4.870092, -0.9528245), (1.8004088, 5.2226987, -1.0313979), (1.5971328, 5.0295963, -1.0095805), (1.216068, 5.3750596, -0.66218626), (1.0694956, 5.3056355, -0.2346453), (1.1842028, 5.0487976, -0.604628), (1.1842028, 5.0487976, -0.604628), (1.0694956, 5.3056355, -0.2346453), (1.1456386, 4.914303, -0.1772278), (1.1970702, 5.002387, 0.07376249), (2.0351462, 4.885768, 0.74395), (1.4311706, 4.5698113, 0.34486476), (1.4311706, 4.5698113, 0.34486476), (2.0351462, 4.885768, 0.74395), (2.1535175, 4.555844, 0.6035772), (2.5444613, 4.7691026, 0.72182965), (2.7211967, 4.643029, 0.52345943), (2.519012, 4.4575276, 0.46617377), (2.519012, 4.4575276, 0.46617377), (2.7211967, 4.643029, 0.52345943), (2.7693853, 4.5273724, 0.19454843), (2.9286678, 4.7822533, 0.14744076), (2.7464778, 4.772393, -0.48778358), (2.612682, 4.451846, -0.30559516), (2.612682, 4.451846, -0.30559516), (2.7464778, 4.772393, -0.48778358), (2.4889941, 4.7060194, -0.6943902), (2.7675862, 5.2317033, 0.5797695), (2.7354236, 5.5443797, 0.36794135), (2.9084826, 5.2874827, 0.33538672), (2.9609838, 5.3535733, -0.0023323), (2.7247558, 5.6234117, -0.043783586), (2.7902129, 5.3677044, -0.39458212), (2.7247558, 5.6234117, -0.043783586), (2.4096758, 5.9502697, 0.13038793), (2.6498537, 5.8127995, -0.26227584), (2.7247558, 5.6234117, -0.043783586), (2.6498537, 5.8127995, -0.26227584), (2.7902129, 5.3677044, -0.39458212), (2.6498537, 5.8127995, -0.26227584), (2.4096758, 5.9502697, 0.13038793), (1.9372714, 5.965155, -0.22770038), (1.9372714, 5.965155, -0.22770038), (2.4096758, 5.9502697, 0.13038793), (2.040112, 5.814417, 0.17342311), (2.040112, 5.814417, 0.17342311), (2.4096758, 5.9502697, 0.13038793), (2.7354236, 5.5443797, 0.36794135), (2.040112, 5.814417, 0.17342311), (2.7354236, 5.5443797, 0.36794135), (2.3136601, 5.5323343, 0.51471627), (2.3136601, 5.5323343, 0.51471627), (2.7354236, 5.5443797, 0.36794135), (2.7675862, 5.2317033, 0.5797695), (2.7354236, 5.5443797, 0.36794135), (2.4096758, 5.9502697, 0.13038793), (2.7247558, 5.6234117, -0.043783586), (2.7354236, 5.5443797, 0.36794135), (2.7247558, 5.6234117, -0.043783586), (2.9084826, 5.2874827, 0.33538672), (2.9084826, 5.2874827, 0.33538672), (2.7247558, 5.6234117, -0.043783586), (2.9609838, 5.3535733, -0.0023323), (1.4251355, 4.856136, -0.59536314), (1.2799401, 4.9781156, -0.3875257), (1.7188925, 4.979918, -0.4279827), (2.034543, 5.31294, -0.28248364), (2.1403573, 5.217827, -0.748887), (1.7188925, 4.979918, -0.4279827), (1.4251355, 4.856136, -0.59536314), (0.9462721, 5.065698, -0.747896), (1.2799401, 4.9781156, -0.3875257), (1.4251355, 4.856136, -0.59536314), (0.96504974, 4.924028, -1.6200001), (0.9462721, 5.065698, -0.747896), (1.4251355, 4.856136, -0.59536314), (1.7768912, 4.9049764, -0.9709269), (0.96504974, 4.924028, -1.6200001), (2.034543, 5.31294, -0.28248364), (2.0582547, 5.6840677, -0.5194155), (2.1403573, 5.217827, -0.748887), (1.9546233, 5.211538, -1.4514089), (1.924005, 5.516114, -1.6004077), (1.590651, 5.126786, -1.3939743), (2.034543, 5.31294, -0.28248364), (1.8925529, 5.6990695, -0.11417499), (2.0582547, 5.6840677, -0.5194155), (1.9546233, 5.211538, -1.4514089), (2.269298, 5.5888715, -0.91685843), (1.924005, 5.516114, -1.6004077), (0.43001714, 5.695346, -0.32853058), (0.39594004, 6.243649, -0.26427937), (0.809163, 5.791955, 0.24775438), (0.535635, 5.558333, -1.7646959), (0.32705462, 6.0765386, -1.7275088), (0.20287259, 5.6137094, -1.1891333), (1.1977439, 5.764327, 0.18969968), (1.0889705, 6.2190723, 0.009708315), (1.4568634, 6.252965, 0.2703825), (0.809163, 5.791955, 0.24775438), (1.0889705, 6.2190723, 0.009708315), (1.1977439, 5.764327, 0.18969968), (0.809163, 5.791955, 0.24775438), (0.39594004, 6.243649, -0.26427937), (1.0889705, 6.2190723, 0.009708315), (0.43001714, 5.695346, -0.32853058), (0.030365733, 6.2233024, -1.1220628), (0.39594004, 6.243649, -0.26427937), (0.20287259, 5.6137094, -1.1891333), (0.030365733, 6.2233024, -1.1220628), (0.43001714, 5.695346, -0.32853058), (0.20287259, 5.6137094, -1.1891333), (0.32705462, 6.0765386, -1.7275088), (0.030365733, 6.2233024, -1.1220628), (0.535635, 5.558333, -1.7646959), (0.6501977, 6.146167, -2.0346606), (0.32705462, 6.0765386, -1.7275088), (1.0927484, 5.5139823, -1.987214), (0.6501977, 6.146167, -2.0346606), (0.535635, 5.558333, -1.7646959), (1.0927484, 5.5139823, -1.987214), (1.2736362, 6.025421, -2.1439934), (0.6501977, 6.146167, -2.0346606), (1.9610822, 6.2372327, -0.46274137), (1.7328246, 6.5611467, -0.8852948), (2.1495347, 6.1514955, -0.7954829), (1.6902442, 6.562032, -0.12924623), (1.7328246, 6.5611467, -0.8852948), (1.9610822, 6.2372327, -0.46274137), (1.0889705, 6.2190723, 0.009708315), (1.6902442, 6.562032, -0.12924623), (1.4568634, 6.252965, 0.2703825), (1.9271357, 6.124952, -1.6200155), (1.3537866, 6.5775003, -1.5975676), (1.2736362, 6.025421, -2.1439934), (1.7328246, 6.5611467, -0.8852948), (1.3537866, 6.5775003, -1.5975676), (1.9271357, 6.124952, -1.6200155), (2.1495347, 6.1514955, -0.7954829), (1.7328246, 6.5611467, -0.8852948), (1.9271357, 6.124952, -1.6200155), (1.2736362, 6.025421, -2.1439934), (1.3537866, 6.5775003, -1.5975676), (0.6501977, 6.146167, -2.0346606), (1.4568634, 6.252965, 0.2703825), (1.6902442, 6.562032, -0.12924623), (1.9610822, 6.2372327, -0.46274137), (1.4563901, 5.265881, -0.40901488), (1.8925529, 5.6990695, -0.11417499), (2.034543, 5.31294, -0.28248364), (2.0582547, 5.6840677, -0.5194155), (2.269298, 5.5888715, -0.91685843), (2.1403573, 5.217827, -0.748887), (2.1403573, 5.217827, -0.748887), (2.269298, 5.5888715, -0.91685843), (1.9546233, 5.211538, -1.4514089), (1.7768912, 4.9049764, -0.9709269), (1.9546233, 5.211538, -1.4514089), (1.590651, 5.126786, -1.3939743), (1.7768912, 4.9049764, -0.9709269), (1.590651, 5.126786, -1.3939743), (0.96504974, 4.924028, -1.6200001), (0.96504974, 4.924028, -1.6200001), (1.590651, 5.126786, -1.3939743), (0.92905045, 5.215261, -1.6979228), (0.96504974, 4.924028, -1.6200001), (0.92905045, 5.215261, -1.6979228), (0.6219541, 5.231564, -1.3564404), (0.96504974, 4.924028, -1.6200001), (0.6219541, 5.231564, -1.3564404), (0.9462721, 5.065698, -0.747896), (0.9462721, 5.065698, -0.747896), (0.6219541, 5.231564, -1.3564404), (0.6453594, 5.385707, -0.5370673), (0.9462721, 5.065698, -0.747896), (0.6453594, 5.385707, -0.5370673), (0.7288761, 5.3478165, -0.18323003), (0.9462721, 5.065698, -0.747896), (0.7288761, 5.3478165, -0.18323003), (1.2799401, 4.9781156, -0.3875257), (1.2799401, 4.9781156, -0.3875257), (0.7288761, 5.3478165, -0.18323003), (1.0758296, 5.3699546, -0.104667425), (2.1403573, 5.217827, -0.748887), (1.9546233, 5.211538, -1.4514089), (1.7768912, 4.9049764, -0.9709269), (2.1403573, 5.217827, -0.748887), (1.7768912, 4.9049764, -0.9709269), (1.7188925, 4.979918, -0.4279827), (1.7188925, 4.979918, -0.4279827), (1.7768912, 4.9049764, -0.9709269), (1.4251355, 4.856136, -0.59536314), (1.2799401, 4.9781156, -0.3875257), (1.0758296, 5.3699546, -0.104667425), (1.4563901, 5.265881, -0.40901488), (1.2799401, 4.9781156, -0.3875257), (1.4563901, 5.265881, -0.40901488), (1.7188925, 4.979918, -0.4279827), (1.7188925, 4.979918, -0.4279827), (1.4563901, 5.265881, -0.40901488), (2.034543, 5.31294, -0.28248364), (1.0923623, 5.343633, -0.036395695), (1.2140746, 5.7216544, 0.07190636), (1.4753344, 5.2307158, -0.34835038), (0.5727431, 5.367088, -0.52010846), (0.53679097, 5.7335553, -0.37709293), (0.67017144, 5.335205, -0.13517275), (0.91311264, 5.191374, -1.7668219), (0.61146295, 5.596113, -1.6868588), (0.55802095, 5.202777, -1.3835821), (1.0923623, 5.343633, -0.036395695), (0.8431568, 5.745848, 0.1379799), (1.2140746, 5.7216544, 0.07190636), (0.5727431, 5.367088, -0.52010846), (0.31736538, 5.6458836, -1.1773918), (0.53679097, 5.7335553, -0.37709293), (0.91311264, 5.191374, -1.7668219), (1.1165377, 5.554308, -1.8828518), (0.61146295, 5.596113, -1.6868588), (0.37012053, 6.357083, -0.24916549), (0.70422065, 6.7165866, -0.49192065), (1.0474898, 6.4158616, -0.021265477), (0.31676364, 6.245551, -1.6873558), (0.5723797, 6.720202, -1.5094459), (0.055936888, 6.390181, -1.1090876), (1.7380674, 6.715311, -0.89120084), (1.397781, 6.864627, -0.73657155), (1.332201, 6.7053547, -1.5881344), (1.332201, 6.7053547, -1.5881344), (1.397781, 6.864627, -0.73657155), (0.5723797, 6.720202, -1.5094459), (1.332201, 6.7053547, -1.5881344), (0.5723797, 6.720202, -1.5094459), (0.6218014, 6.353682, -2.023146), (0.6218014, 6.353682, -2.023146), (0.5723797, 6.720202, -1.5094459), (0.31676364, 6.245551, -1.6873558), (0.5723797, 6.720202, -1.5094459), (1.397781, 6.864627, -0.73657155), (0.70422065, 6.7165866, -0.49192065), (0.5723797, 6.720202, -1.5094459), (0.70422065, 6.7165866, -0.49192065), (0.055936888, 6.390181, -1.1090876), (0.055936888, 6.390181, -1.1090876), (0.70422065, 6.7165866, -0.49192065), (0.37012053, 6.357083, -0.24916549), (0.70422065, 6.7165866, -0.49192065), (1.397781, 6.864627, -0.73657155), (1.6530013, 6.693144, -0.1312969), (0.70422065, 6.7165866, -0.49192065), (1.6530013, 6.693144, -0.1312969), (1.0474898, 6.4158616, -0.021265477), (1.6530013, 6.693144, -0.1312969), (1.397781, 6.864627, -0.73657155), (1.7380674, 6.715311, -0.89120084), (2.3329833, 5.6422043, -0.91475797), (2.0634964, 6.0487976, -0.8041383), (1.8637557, 6.011578, -1.5791203), (2.3329833, 5.6422043, -0.91475797), (1.8637557, 6.011578, -1.5791203), (1.972256, 5.5165305, -1.6590914), (1.972256, 5.5165305, -1.6590914), (1.8637557, 6.011578, -1.5791203), (1.2618762, 5.9582872, -2.0356636), (1.9409347, 5.7106233, -0.05369343), (1.490166, 6.1759872, 0.17962469), (1.8587176, 6.172716, -0.4877981), (1.972256, 5.5165305, -1.6590914), (1.2618762, 5.9582872, -2.0356636), (1.1165377, 5.554308, -1.8828518), (1.972256, 5.5165305, -1.6590914), (1.1165377, 5.554308, -1.8828518), (1.6086172, 5.082332, -1.4549611), (1.6086172, 5.082332, -1.4549611), (1.1165377, 5.554308, -1.8828518), (0.91311264, 5.191374, -1.7668219), (0.61146295, 5.596113, -1.6868588), (0.31736538, 5.6458836, -1.1773918), (0.55802095, 5.202777, -1.3835821), (0.55802095, 5.202777, -1.3835821), (0.31736538, 5.6458836, -1.1773918), (0.5727431, 5.367088, -0.52010846), (0.53679097, 5.7335553, -0.37709293), (0.8431568, 5.745848, 0.1379799), (0.67017144, 5.335205, -0.13517275), (0.67017144, 5.335205, -0.13517275), (0.8431568, 5.745848, 0.1379799), (1.0923623, 5.343633, -0.036395695), (1.2140746, 5.7216544, 0.07190636), (1.490166, 6.1759872, 0.17962469), (1.9409347, 5.7106233, -0.05369343), (1.2140746, 5.7216544, 0.07190636), (1.9409347, 5.7106233, -0.05369343), (1.4753344, 5.2307158, -0.34835038), (2.1180406, 5.7259555, -0.49035826), (2.0634964, 6.0487976, -0.8041383), (2.3329833, 5.6422043, -0.91475797), (-0.75399375, 5.7565274, 0.2868715), (-0.58009756, 5.9096665, 0.020275474), (-1.1292882, 5.911929, 0.088568226), (-1.5311826, 6.3300242, -0.081403546), (-1.6453378, 6.2106147, 0.50807273), (-1.1292882, 5.911929, 0.088568226), (-0.75399375, 5.7565274, 0.2868715), (-0.147017, 6.0196233, 0.45915228), (-0.58009756, 5.9096665, 0.020275474), (-0.75399375, 5.7565274, 0.2868715), (-0.13575768, 5.8417625, 1.5542365), (-0.147017, 6.0196233, 0.45915228), (-0.75399375, 5.7565274, 0.2868715), (-1.1803892, 5.817844, 0.7721815), (-0.13575768, 5.8417625, 1.5542365), (-1.5311826, 6.3300242, -0.081403546), (-1.5514762, 6.795957, 0.21684906), (-1.6453378, 6.2106147, 0.50807273), (-1.3842266, 6.2027197, 1.3821964), (-1.3398565, 6.5851, 1.5679414), (-0.9298004, 6.096316, 1.295594), (-1.5311826, 6.3300242, -0.081403546), (-1.3597305, 6.814792, -0.29827064), (-1.5514762, 6.795957, 0.21684906), (-1.3842266, 6.2027197, 1.3821964), (-1.8004298, 6.6764426, 0.72399545), (-1.3398565, 6.5851, 1.5679414), (0.48404837, 6.8101163, -0.08768785), (0.5242436, 7.498488, -0.16967228), (-0.014721348, 6.9314055, -0.79568416), (0.40885714, 6.638104, 1.7186596), (0.66910493, 7.2886877, 1.6636674), (0.8034344, 6.7076263, 0.9831445), (-0.5000051, 6.896721, -0.707321), (-0.35632572, 7.4676323, -0.48580736), (-0.8283734, 7.510183, -0.7982165), (-0.014721348, 6.9314055, -0.79568416), (-0.35632572, 7.4676323, -0.48580736), (-0.5000051, 6.896721, -0.707321), (-0.014721348, 6.9314055, -0.79568416), (0.5242436, 7.498488, -0.16967228), (-0.35632572, 7.4676323, -0.48580736), (0.48404837, 6.8101163, -0.08768785), (1.0172218, 7.4729424, 0.892096), (0.5242436, 7.498488, -0.16967228), (0.8034344, 6.7076263, 0.9831445), (1.0172218, 7.4729424, 0.892096), (0.48404837, 6.8101163, -0.08768785), (0.8034344, 6.7076263, 0.9831445), (0.66910493, 7.2886877, 1.6636674), (1.0172218, 7.4729424, 0.892096), (0.40885714, 6.638104, 1.7186596), (0.27588063, 7.376104, 2.061991), (0.66910493, 7.2886877, 1.6636674), (-0.28133485, 6.5824237, 2.0201242), (0.27588063, 7.376104, 2.061991), (0.40885714, 6.638104, 1.7186596), (-0.28133485, 6.5824237, 2.0201242), (-0.50205624, 7.224512, 2.2240753), (0.27588063, 7.376104, 2.061991), (-1.4318057, 7.4904313, 0.14185406), (-1.1285111, 7.8970914, 0.6629682), (-1.6549947, 7.382792, 0.56691015), (-1.1052676, 7.8982034, -0.28743643), (-1.1285111, 7.8970914, 0.6629682), (-1.4318057, 7.4904313, 0.14185406), (-0.35632572, 7.4676323, -0.48580736), (-1.1052676, 7.8982034, -0.28743643), (-0.8283734, 7.510183, -0.7982165), (-1.3430009, 7.349468, 1.5926694), (-0.6244465, 7.9176226, 1.541611), (-0.50205624, 7.224512, 2.2240753), (-1.1285111, 7.8970914, 0.6629682), (-0.6244465, 7.9176226, 1.541611), (-1.3430009, 7.349468, 1.5926694), (-1.6549947, 7.382792, 0.56691015), (-1.1285111, 7.8970914, 0.6629682), (-1.3430009, 7.349468, 1.5926694), (-0.50205624, 7.224512, 2.2240753), (-0.6244465, 7.9176226, 1.541611), (0.27588063, 7.376104, 2.061991), (-0.8283734, 7.510183, -0.7982165), (-1.1052676, 7.8982034, -0.28743643), (-1.4318057, 7.4904313, 0.14185406), (-0.80065405, 6.2709436, 0.05428481), (-1.3597305, 6.814792, -0.29827064), (-1.5311826, 6.3300242, -0.081403546), (-1.5514762, 6.795957, 0.21684906), (-1.8004298, 6.6764426, 0.72399545), (-1.6453378, 6.2106147, 0.50807273), (-1.6453378, 6.2106147, 0.50807273), (-1.8004298, 6.6764426, 0.72399545), (-1.3842266, 6.2027197, 1.3821964), (-1.1803892, 5.817844, 0.7721815), (-1.3842266, 6.2027197, 1.3821964), (-0.9298004, 6.096316, 1.295594), (-1.1803892, 5.817844, 0.7721815), (-0.9298004, 6.096316, 1.295594), (-0.13575768, 5.8417625, 1.5542365), (-0.13575768, 5.8417625, 1.5542365), (-0.9298004, 6.096316, 1.295594), (-0.08747387, 6.207392, 1.6505799), (-0.13575768, 5.8417625, 1.5542365), (-0.08747387, 6.207392, 1.6505799), (0.28424385, 6.2278605, 1.2098181), (-0.13575768, 5.8417625, 1.5542365), (0.28424385, 6.2278605, 1.2098181), (-0.147017, 6.0196233, 0.45915228), (-0.147017, 6.0196233, 0.45915228), (0.28424385, 6.2278605, 1.2098181), (0.22215709, 6.42138, 0.1825868), (-0.147017, 6.0196233, 0.45915228), (0.22215709, 6.42138, 0.1825868), (0.10323223, 6.3738103, -0.2580826), (-0.147017, 6.0196233, 0.45915228), (0.10323223, 6.3738103, -0.2580826), (-0.58009756, 5.9096665, 0.020275474), (-0.58009756, 5.9096665, 0.020275474), (0.10323223, 6.3738103, -0.2580826), (-0.3352705, 6.401603, -0.34280974), (-1.6453378, 6.2106147, 0.50807273), (-1.3842266, 6.2027197, 1.3821964), (-1.1803892, 5.817844, 0.7721815), (-1.6453378, 6.2106147, 0.50807273), (-1.1803892, 5.817844, 0.7721815), (-1.1292882, 5.911929, 0.088568226), (-1.1292882, 5.911929, 0.088568226), (-1.1803892, 5.817844, 0.7721815), (-0.75399375, 5.7565274, 0.2868715), (-0.58009756, 5.9096665, 0.020275474), (-0.3352705, 6.401603, -0.34280974), (-0.80065405, 6.2709436, 0.05428481), (-0.58009756, 5.9096665, 0.020275474), (-0.80065405, 6.2709436, 0.05428481), (-1.1292882, 5.911929, 0.088568226), (-1.1292882, 5.911929, 0.088568226), (-0.80065405, 6.2709436, 0.05428481), (-1.5311826, 6.3300242, -0.081403546), (-0.35874054, 6.3685575, -0.42781973), (-0.51579154, 6.843147, -0.5588604), (-0.82684666, 6.2267947, -0.021081118), (0.31260076, 6.3980036, 0.15840712), (0.35200542, 6.858087, -0.022488058), (0.1749769, 6.357976, -0.3207281), (-0.064722806, 6.1774035, 1.7363974), (0.31060058, 6.6855345, 1.6240153), (0.36555067, 6.1917186, 1.2413244), (-0.35874054, 6.3685575, -0.42781973), (-0.052996248, 6.8735204, -0.6565798), (-0.51579154, 6.843147, -0.5588604), (0.31260076, 6.3980036, 0.15840712), (0.65929794, 6.748019, 0.9729839), (0.35200542, 6.858087, -0.022488058), (-0.064722806, 6.1774035, 1.7363974), (-0.31535283, 6.6330504, 1.8901178), (0.31060058, 6.6855345, 1.6240153), (0.55603874, 7.640898, -0.189668), (0.14649522, 8.092238, 0.12828527), (-0.3030384, 7.714692, -0.448597), (0.68041635, 7.500873, 1.6128733), (0.35255778, 8.096778, 1.3998343), (0.98461676, 7.682452, 0.8768352), (-1.1348553, 8.090638, 0.670589), (-0.714031, 8.278098, 0.46296993), (-0.5977392, 8.078138, 1.5289118), (-0.5977392, 8.078138, 1.5289118), (-0.714031, 8.278098, 0.46296993), (0.35255778, 8.096778, 1.3998343), (-0.5977392, 8.078138, 1.5289118), (0.35255778, 8.096778, 1.3998343), (0.31105292, 7.636628, 2.0464091), (0.31105292, 7.636628, 2.0464091), (0.35255778, 8.096778, 1.3998343), (0.68041635, 7.500873, 1.6128733), (0.35255778, 8.096778, 1.3998343), (-0.714031, 8.278098, 0.46296993), (0.14649522, 8.092238, 0.12828527), (0.35255778, 8.096778, 1.3998343), (0.14649522, 8.092238, 0.12828527), (0.98461676, 7.682452, 0.8768352), (0.98461676, 7.682452, 0.8768352), (0.14649522, 8.092238, 0.12828527), (0.55603874, 7.640898, -0.189668), (0.14649522, 8.092238, 0.12828527), (-0.714031, 8.278098, 0.46296993), (-1.0584527, 8.062807, -0.28635007), (0.14649522, 8.092238, 0.12828527), (-1.0584527, 8.062807, -0.28635007), (-0.3030384, 7.714692, -0.448597), (-1.0584527, 8.062807, -0.28635007), (-0.714031, 8.278098, 0.46296993), (-1.1348553, 8.090638, 0.670589), (-1.8804269, 6.7434006, 0.7239021), (-1.5466847, 7.253859, 0.5743352), (-1.2651037, 7.2071323, 1.5388228), (-1.8804269, 6.7434006, 0.7239021), (-1.2651037, 7.2071323, 1.5388228), (-1.3980601, 6.5856223, 1.6435058), (-1.3980601, 6.5856223, 1.6435058), (-1.2651037, 7.2071323, 1.5388228), (-0.4916261, 7.1402283, 2.0876722), (-1.422857, 6.8292966, -0.37223142), (-0.8665375, 7.4135404, -0.6830028), (-1.3023555, 7.4094334, 0.16920818), (-1.3980601, 6.5856223, 1.6435058), (-0.4916261, 7.1402283, 2.0876722), (-0.31535283, 6.6330504, 1.8901178), (-1.3980601, 6.5856223, 1.6435058), (-0.31535283, 6.6330504, 1.8901178), (-0.9499103, 6.0405064, 1.3728387), (-0.9499103, 6.0405064, 1.3728387), (-0.31535283, 6.6330504, 1.8901178), (-0.064722806, 6.1774035, 1.7363974), (0.31060058, 6.6855345, 1.6240153), (0.65929794, 6.748019, 0.9729839), (0.36555067, 6.1917186, 1.2413244), (0.36555067, 6.1917186, 1.2413244), (0.65929794, 6.748019, 0.9729839), (0.31260076, 6.3980036, 0.15840712), (0.35200542, 6.858087, -0.022488058), (-0.052996248, 6.8735204, -0.6565798), (0.1749769, 6.357976, -0.3207281), (0.1749769, 6.357976, -0.3207281), (-0.052996248, 6.8735204, -0.6565798), (-0.35874054, 6.3685575, -0.42781973), (-0.51579154, 6.843147, -0.5588604), (-0.8665375, 7.4135404, -0.6830028), (-1.422857, 6.8292966, -0.37223142), (-0.51579154, 6.843147, -0.5588604), (-1.422857, 6.8292966, -0.37223142), (-0.82684666, 6.2267947, -0.021081118), (-1.6276569, 6.8485465, 0.18277407), (-1.5466847, 7.253859, 0.5743352), (-1.8804269, 6.7434006, 0.7239021), (0.06976703, 1.440127, 0.19887525), (0.06708209, 2.0129008, 0.22241105), (0.17448987, 1.7241979, 0.13408214), (0.17396909, 1.8264601, 0.13865256), (0.17448987, 1.7241979, 0.13408214), (0.066786304, 2.0759947, 0.2250036), (0.17031005, 2.5573466, 0.16396376), (0.06428465, 2.6095476, 0.24692824), (0.06976703, 1.440127, 0.19887525), (0.17448987, 1.7241979, 0.13408214), (0.1771002, 1.4331928, 0.111238964), (-0.09897655, 2.5622416, 0.26234514), (-0.09143302, 3.3041406, 0.21004999), (0.07067098, 3.1931005, 0.19094007), (-0.09897655, 2.5622416, 0.26234514), (0.07067098, 3.1931005, 0.19094007), (0.064908266, 2.7612157, 0.24145734), (-0.14020371, 4.6608157, 0.16880754), (-0.12770021, 5.2347074, 0.18372236), (-0.13437447, 5.333958, 0.28092164), (-0.14020371, 4.6608157, 0.16880754), (-0.13437447, 5.333958, 0.28092164), (-0.14424494, 4.8552017, 0.2844705), (0.064908266, 2.7612157, 0.24145734), (0.07067098, 3.1931005, 0.19094007), (0.17796941, 3.1931005, 0.10361359), (0.064908266, 2.7612157, 0.24145734), (0.17796941, 3.1931005, 0.10361359), (0.170116, 2.6837893, 0.1610769), (0.033676147, 2.7617483, -0.05043277), (0.053011194, 3.3342013, -0.12306476), (-0.089713864, 3.3471527, -0.13449219), (0.033676147, 2.7617483, -0.05043277), (-0.089713864, 3.3471527, -0.13449219), (-0.10389584, 2.761481, -0.078939945), (0.1771002, 1.4331928, 0.111238964), (0.17448987, 1.7241979, 0.13408214), (0.15621918, 1.7511796, -0.011847868), (0.1771002, 1.4331928, 0.111238964), (0.15621918, 1.7511796, -0.011847868), (0.15868834, 1.4008738, -0.033455208), (0.15582815, 3.3704348, -0.026065335), (0.04341511, 3.9463365, -0.019001603), (0.052718967, 3.3704138, -0.11989713), (-0.0911285, 3.3391957, 0.21175481), (-0.0814552, 3.9025936, 0.26595655), (0.058473915, 3.8936949, 0.25243422), (-0.0911285, 3.3391957, 0.21175481), (0.058473915, 3.8936949, 0.25243422), (0.06890543, 3.3704622, 0.19984217), (0.058473915, 3.8936949, 0.25243422), (0.17251566, 3.7042303, 0.2793268), (0.16272384, 3.5582967, 0.28273162), (0.058473915, 3.8936949, 0.25243422), (0.16272384, 3.5582967, 0.28273162), (0.06890543, 3.3704622, 0.19984217), (0.06890543, 3.3704622, 0.19984217), (0.07067098, 3.1931005, 0.19094007), (-0.09143302, 3.3041406, 0.21004999), (0.06890543, 3.3704622, 0.19984217), (-0.09143302, 3.3041406, 0.21004999), (-0.0911285, 3.3391957, 0.21175481), (0.15804747, 3.2599392, -0.03452113), (0.15582815, 3.3704348, -0.026065335), (0.052718967, 3.3704138, -0.11989713), (0.15804747, 3.2599392, -0.03452113), (0.052718967, 3.3704138, -0.11989713), (0.053011194, 3.3342013, -0.12306476), (-0.21405052, 3.1931005, 0.1008796), (-0.37406614, 3.3402092, 0.013338119), (-0.30594066, 3.4740243, 0.051253542), (-0.21405052, 3.1931005, 0.1008796), (-0.30594066, 3.4740243, 0.051253542), (-0.20790662, 3.5032723, 0.11734351), (-0.19080104, 3.5032527, -0.019127442), (-0.21925841, 3.521572, -0.04359205), (-0.20890076, 3.4387631, -0.1818901), (-0.19080104, 3.5032527, -0.019127442), (-0.20890076, 3.4387631, -0.1818901), (-0.08939611, 3.3898132, -0.13117012), (-0.20790662, 3.5032723, 0.11734351), (-0.30594066, 3.4740243, 0.051253542), (-0.21925841, 3.521572, -0.04359205), (-0.20790662, 3.5032723, 0.11734351), (-0.21925841, 3.521572, -0.04359205), (-0.19080104, 3.5032527, -0.019127442), (-0.089713864, 3.3471527, -0.13449219), (-0.2573702, 3.3435576, -0.20886716), (-0.34405184, 3.2960088, -0.11402043), (-0.089713864, 3.3471527, -0.13449219), (-0.34405184, 3.2960088, -0.11402043), (-0.19639447, 3.1931005, -0.039969113), (-0.37406614, 3.3402092, 0.013338119), (-0.53969425, 3.6168737, -0.03726484), (-0.45405445, 3.7124605, 0.008029655), (-0.37406614, 3.3402092, 0.013338119), (-0.45405445, 3.7124605, 0.008029655), (-0.30594066, 3.4740243, 0.051253542), (0.14387378, 2.7368472, 0.03438209), (0.15804747, 3.2599392, -0.03452113), (0.053011194, 3.3342013, -0.12306476), (0.14387378, 2.7368472, 0.03438209), (0.053011194, 3.3342013, -0.12306476), (0.033676147, 2.7617483, -0.05043277), (-0.092922956, 1.3661525, 0.20927902), (-0.09570089, 1.9106284, 0.23361783), (0.06708209, 2.0129008, 0.22241105), (-0.092922956, 1.3661525, 0.20927902), (0.06708209, 2.0129008, 0.22241105), (0.06976703, 1.440127, 0.19887525), (-0.14158273, 4.624733, 0.16418378), (-0.14020371, 4.6608157, 0.16880754), (-0.14424494, 4.8552017, 0.2844705), (-0.06556702, 4.8552017, 0.3515831), (-0.06878245, 4.640659, 0.3369635), (-0.1525948, 4.650923, 0.265503), (-0.06556702, 4.8552017, 0.3515831), (-0.1525948, 4.650923, 0.265503), (-0.14424494, 4.8552017, 0.2844705), (-0.17744891, 4.1352444, 0.19893013), (-0.06878245, 4.640659, 0.3369635), (-0.07893285, 4.0494995, 0.28009), (0.086373776, 4.6604466, 0.4232236), (0.3261613, 4.8334317, 0.97837186), (0.38640139, 4.868776, 0.91644055), (0.086373776, 4.6604466, 0.4232236), (0.38640139, 4.868776, 0.91644055), (0.16529623, 4.7521954, 0.37667337), (0.04358408, 4.6406536, 0.3275146), (0.086373776, 4.6604466, 0.4232236), (0.16529623, 4.7521954, 0.37667337), (0.04358408, 4.6406536, 0.3275146), (0.16529623, 4.7521954, 0.37667337), (0.11588279, 4.6832895, 0.27109724), (0.25200024, 4.934786, 0.86060834), (0.3200431, 5.3710938, 1.1148067), (0.27637675, 5.3492765, 1.1707712), (0.25200024, 4.934786, 0.86060834), (0.27637675, 5.3492765, 1.1707712), (0.19175994, 4.8994412, 0.92253995), (0.39699903, 5.365739, 1.1172291), (0.5246688, 5.740512, 1.528726), (0.47041735, 5.746739, 1.5285075), (0.39699903, 5.365739, 1.1172291), (0.47041735, 5.746739, 1.5285075), (0.3200431, 5.3710938, 1.1148067), (0.5148959, 5.698992, 1.6031425), (0.5246688, 5.740512, 1.528726), (0.5469082, 5.7166386, 1.566043), (0.3200431, 5.3710938, 1.1148067), (0.47041735, 5.746739, 1.5285075), (0.43840536, 5.729091, 1.5656073), (0.3200431, 5.3710938, 1.1148067), (0.43840536, 5.729091, 1.5656073), (0.27637675, 5.3492765, 1.1707712), (0.38662222, 5.316749, 1.2315797), (0.5148959, 5.698992, 1.6031425), (0.5469082, 5.7166386, 1.566043), (0.38662222, 5.316749, 1.2315797), (0.5469082, 5.7166386, 1.566043), (0.4302886, 5.338567, 1.1756153), (-0.092581004, 1.2991515, 0.206284), (-0.092922956, 1.3661525, 0.20927902), (0.06976703, 1.440127, 0.19887525), (-0.092581004, 1.2991515, 0.206284), (0.06976703, 1.440127, 0.19887525), (0.07228395, 1.234159, 0.19190185), (-0.090865456, 0.99595547, -0.1464872), (-0.091144234, 1.0551105, -0.14404294), (-0.19731177, 1.2036452, -0.03193879), (-0.090865456, 0.99595547, -0.1464872), (-0.19731177, 1.2036452, -0.03193879), (-0.19639598, 0.99595547, -0.039967746), (0.15939376, 1.2625258, -0.039639235), (0.15868834, 1.4008738, -0.033455208), (0.053662136, 1.3583949, -0.13112262), (0.15939376, 1.2625258, -0.039639235), (0.053662136, 1.3583949, -0.13112262), (0.053907707, 1.3102158, -0.13327631), (-0.07893285, 4.0494995, 0.28009), (-0.06878245, 4.640659, 0.3369635), (0.04358408, 4.6406536, 0.3275146), (-0.07893285, 4.0494995, 0.28009), (0.04358408, 4.6406536, 0.3275146), (0.05495113, 4.070436, 0.27019966), (-0.08939611, 3.3898132, -0.13117012), (-0.08091596, 3.9238732, -0.04265602), (-0.16816325, 4.019038, 0.06517841), (-0.08939611, 3.3898132, -0.13117012), (-0.16816325, 4.019038, 0.06517841), (-0.19080104, 3.5032527, -0.019127442), (0.052718967, 3.3704138, -0.11989713), (0.04341511, 3.9463365, -0.019001603), (-0.08091596, 3.9238732, -0.04265602), (0.052718967, 3.3704138, -0.11989713), (-0.08091596, 3.9238732, -0.04265602), (-0.08939611, 3.3898132, -0.13117012), (0.13731888, 3.8304503, 0.044444397), (0.13843077, 3.802799, 0.040206283), (0.14839083, 3.946746, 0.18372627), (0.13731888, 3.8304503, 0.044444397), (0.14839083, 3.946746, 0.18372627), (0.14315802, 4.0643616, 0.19789892), (0.034768835, 5.4193296, 0.33323425), (0.031279817, 5.803271, 0.32678148), (0.090059996, 5.8032684, 0.27894145), (0.08770386, 5.3768597, 0.19737485), (0.09956835, 5.3344116, 0.2825512), (0.09784447, 5.419414, 0.2818968), (-0.21475755, 1.1399503, 0.107063666), (-0.2171261, 1.8903266, 0.12784053), (-0.09570089, 1.9106284, 0.23361783), (-0.09462643, 2.0614607, -0.113480926), (-0.09414487, 1.959315, -0.11770179), (0.050862446, 1.6796671, -0.106616944), (0.050339237, 1.7823199, -0.102029085), (-0.103925675, 2.6141014, -0.07497543), (0.041472014, 2.5575285, -0.063299745), (-0.09462643, 2.0614607, -0.113480926), (0.050862446, 1.6796671, -0.106616944), (0.050339237, 1.7823199, -0.102029085), (0.066786304, 2.0759947, 0.2250036), (0.06708209, 2.0129008, 0.22241105), (-0.09570089, 1.9106284, 0.23361783), (0.066786304, 2.0759947, 0.2250036), (-0.09570089, 1.9106284, 0.23361783), (-0.096221924, 2.012833, 0.23818801), (-0.21795522, 2.0592885, 0.13509685), (-0.22065268, 2.6101542, 0.15875432), (-0.09899741, 2.5573092, 0.26252306), (-0.21795522, 2.0592885, 0.13509685), (-0.09899741, 2.5573092, 0.26252306), (-0.096221924, 2.012833, 0.23818801), (-2.2722807, 6.3118534, 0.6706179), (-2.373023, 6.393411, 0.6597364), (-2.1260848, 6.480579, 1.2430754), (-2.2722807, 6.3118534, 0.6706179), (-2.1260848, 6.480579, 1.2430754), (-2.0643826, 6.396644, 1.2260902), (-0.2890385, 6.040158, 0.5896338), (-0.18919192, 6.1168714, 0.53675246), (-0.45167938, 6.4799004, 0.5978348), (-0.2890385, 6.040158, 0.5896338), (-0.45167938, 6.4799004, 0.5978348), (-0.54154, 6.4182086, 0.6435695), (-1.2460338, 6.727655, 0.4277595), (-1.2146028, 6.809399, 0.430799), (-1.8141224, 6.729287, 0.68124616), (-1.2460338, 6.727655, 0.4277595), (-1.8141224, 6.729287, 0.68124616), (-1.7647005, 6.6572886, 0.64509827), (-0.78369457, 6.341216, 1.7089204), (-0.7056039, 6.4186096, 1.7849814), (-0.03233534, 6.367719, 1.281047), (-0.78369457, 6.341216, 1.7089204), (-0.03233534, 6.367719, 1.281047), (-0.1282897, 6.288128, 1.2999061), (-1.5269454, 5.437201, 0.41718283), (-1.567489, 5.384725, 0.36195067), (-1.8791975, 5.231248, 0.85751516), (-1.5269454, 5.437201, 0.41718283), (-1.8791975, 5.231248, 0.85751516), (-1.8385382, 5.2698774, 0.8899453), (-0.72226155, 5.6098423, 1.4604892), (-0.6026485, 5.5884013, 1.4827642), (-0.60853827, 5.531334, 1.0837938), (-0.72226155, 5.6098423, 1.4604892), (-0.60853827, 5.531334, 1.0837938), (-0.7416928, 5.5110264, 1.1217048), (-1.0512276, 5.5861, 1.89486), (-1.0162784, 5.606967, 1.9460506), (-0.6026485, 5.5884013, 1.4827642), (-1.0512276, 5.5861, 1.89486), (-0.6026485, 5.5884013, 1.4827642), (-0.72226155, 5.6098423, 1.4604892), (-1.5697885, 5.6347394, 1.8537894), (-1.5752631, 5.653306, 1.9241264), (-1.0162784, 5.606967, 1.9460506), (-1.5697885, 5.6347394, 1.8537894), (-1.0162784, 5.606967, 1.9460506), (-1.0512276, 5.5861, 1.89486), (-1.1561627, 5.613837, 0.04045567), (-1.0670643, 5.6574473, -0.12750679), (-1.8007838, 5.834727, 0.069459006), (-1.1561627, 5.613837, 0.04045567), (-1.8007838, 5.834727, 0.069459006), (-1.7460885, 5.842517, 0.17894313), (-1.8385382, 5.2698774, 0.8899453), (-1.8791975, 5.231248, 0.85751516), (-1.9963692, 5.3441453, 1.4468532), (-1.8385382, 5.2698774, 0.8899453), (-1.9963692, 5.3441453, 1.4468532), (-1.9385939, 5.3819523, 1.4303324), (-1.9385939, 5.3819523, 1.4303324), (-1.9963692, 5.3441453, 1.4468532), (-2.1815276, 5.6312037, 1.5252998), (-1.9385939, 5.3819523, 1.4303324), (-2.1815276, 5.6312037, 1.5252998), (-2.110485, 5.6523576, 1.5093102), (0.029562725, 8.2034645, 0.52798355), (-0.00070758164, 8.32187, 0.4593087), (0.9774867, 8.162504, 0.6235331), (0.029562725, 8.2034645, 0.52798355), (0.9774867, 8.162504, 0.6235331), (0.9930328, 8.053521, 0.6520091), (-0.6798996, 8.154757, 0.6887718), (-0.714955, 8.296258, 0.6162726), (-0.00070758164, 8.32187, 0.4593087), (-0.6798996, 8.154757, 0.6887718), (-0.00070758164, 8.32187, 0.4593087), (0.029562725, 8.2034645, 0.52798355), (1.2444757, 6.923364, 0.3626068), (1.3182484, 6.9363003, 0.399495), (1.054263, 6.3514695, -0.29426584), (1.2444757, 6.923364, 0.3626068), (1.054263, 6.3514695, -0.29426584), (0.9755716, 6.3471904, -0.28126532), (-1.5534357, 6.3723497, 0.08255748), (-1.6707605, 6.3944597, 0.106137596), (-0.929271, 6.4244347, 1.0833782), (-1.5534357, 6.3723497, 0.08255748), (-0.929271, 6.4244347, 1.0833782), (-0.82790226, 6.3836765, 1.0162673), (-0.82790226, 6.3836765, 1.0162673), (-0.929271, 6.4244347, 1.0833782), (0.3116169, 6.9785247, 1.2528907), (-0.82790226, 6.3836765, 1.0162673), (0.3116169, 6.9785247, 1.2528907), (0.31087577, 6.9362016, 1.1601037), (-0.31735033, 6.20187, -1.311117), (-0.30228588, 6.163618, -1.4059892), (-1.0692136, 6.1565924, -1.4685239), (-0.31735033, 6.20187, -1.311117), (-1.0692136, 6.1565924, -1.4685239), (-1.0060935, 6.1268606, -1.3879898), (0.9349414, 6.864206, 0.89962345), (0.969741, 6.911556, 0.9722833), (1.3182484, 6.9363003, 0.399495), (0.9349414, 6.864206, 0.89962345), (1.3182484, 6.9363003, 0.399495), (1.2444757, 6.923364, 0.3626068), (-1.0060935, 6.1268606, -1.3879898), (-1.0692136, 6.1565924, -1.4685239), (-1.7314295, 6.286683, -0.6868439), (-1.0060935, 6.1268606, -1.3879898), (-1.7314295, 6.286683, -0.6868439), (-1.6132581, 6.2553306, -0.6539568), (-1.8063498, 5.762539, 0.2903732), (-1.8787506, 5.8645024, 0.2647109), (-1.5133146, 5.8899064, -0.07582182), (-1.8063498, 5.762539, 0.2903732), (-1.5133146, 5.8899064, -0.07582182), (-1.4405588, 5.7787857, -0.06448677), (-1.4405588, 5.7787857, -0.06448677), (-1.5133146, 5.8899064, -0.07582182), (-1.420745, 5.9746966, -0.5965527), (-1.4405588, 5.7787857, -0.06448677), (-1.420745, 5.9746966, -0.5965527), (-1.3716323, 5.8901877, -0.5847212), (-0.56884897, 5.4417486, -0.46940532), (-0.5274513, 5.5370197, -0.5019299), (-0.80694914, 5.297724, -1.1399807), (-0.56884897, 5.4417486, -0.46940532), (-0.80694914, 5.297724, -1.1399807), (-0.857623, 5.229733, -1.0745617), (-0.7419734, 5.5622177, 0.07428595), (-0.66303444, 5.627745, 0.086629316), (-0.5274513, 5.5370197, -0.5019299), (-0.7419734, 5.5622177, 0.07428595), (-0.5274513, 5.5370197, -0.5019299), (-0.56884897, 5.4417486, -0.46940532), (1.2600458, 5.1731443, 1.2980943), (1.316197, 5.232923, 1.3600943), (0.7400801, 5.3355284, 1.4027625), (1.2600458, 5.1731443, 1.2980943), (0.7400801, 5.3355284, 1.4027625), (0.6414968, 5.2436247, 1.304761), (1.6731678, 4.706943, 1.5578173), (1.7599111, 4.7804127, 1.611384), (1.316197, 5.232923, 1.3600943), (1.6731678, 4.706943, 1.5578173), (1.316197, 5.232923, 1.3600943), (1.2600458, 5.1731443, 1.2980943), (0.8259576, 3.917117, 2.0793443), (0.7757507, 3.9135942, 2.1153343), (0.9113324, 3.6782122, 2.2885218), (0.8259576, 3.917117, 2.0793443), (0.9113324, 3.6782122, 2.2885218), (0.9431167, 3.7001753, 2.239179), (1.1885872, 3.6088707, 2.1408594), (1.2048697, 3.548601, 2.1657867), (1.2963046, 3.5964031, 1.7613138), (1.1885872, 3.6088707, 2.1408594), (1.2963046, 3.5964031, 1.7613138), (1.2912793, 3.6563897, 1.7504016), (1.6314259, 4.0708, 1.0525934), (1.6792092, 4.087967, 1.0287187), (1.2032986, 4.5382757, 0.70380145), (1.6314259, 4.0708, 1.0525934), (1.2032986, 4.5382757, 0.70380145), (1.1957948, 4.518539, 0.7675546), (1.661527, 3.9163232, 1.4244919), (1.7101737, 3.919848, 1.417508), (1.6792092, 4.087967, 1.0287187), (1.661527, 3.9163232, 1.4244919), (1.6792092, 4.087967, 1.0287187), (1.6314259, 4.0708, 1.0525934), (1.700462, 3.701567, 1.767801), (1.7529278, 3.6611125, 1.7871585), (1.7101737, 3.919848, 1.417508), (1.700462, 3.701567, 1.767801), (1.7101737, 3.919848, 1.417508), (1.661527, 3.9163232, 1.4244919), (0.47669813, 5.681072, 2.4975631), (0.45515007, 5.700466, 2.5949035), (1.1122587, 5.7300806, 2.5888042), (0.47669813, 5.681072, 2.4975631), (1.1122587, 5.7300806, 2.5888042), (1.0725398, 5.7007847, 2.500042), (1.0338094, 6.989526, 1.1017715), (1.0663303, 7.0849695, 1.113915), (0.45226035, 7.1043243, 1.2425424), (1.0338094, 6.989526, 1.1017715), (0.45226035, 7.1043243, 1.2425424), (0.4623728, 7.0036097, 1.2342095), (0.10000362, 6.0795712, 1.0574026), (0.035978105, 6.1269298, 0.9487109), (-0.32469913, 5.869145, 1.0848382), (0.10000362, 6.0795712, 1.0574026), (-0.32469913, 5.869145, 1.0848382), (-0.21629578, 5.9274216, 1.1396617), (1.154789, 5.4276977, 1.6350693), (1.2362726, 5.3220778, 1.6161327), (1.3020022, 5.6124377, 1.1000919), (1.154789, 5.4276977, 1.6350693), (1.3020022, 5.6124377, 1.1000919), (1.1892486, 5.6504407, 1.1633228), (1.1892486, 5.6504407, 1.1633228), (1.3020022, 5.6124377, 1.1000919), (1.2110631, 5.9962335, 0.9678122), (1.1892486, 5.6504407, 1.1633228), (1.2110631, 5.9962335, 0.9678122), (1.1109375, 5.994479, 1.0579604), (1.1109375, 5.994479, 1.0579604), (1.2110631, 5.9962335, 0.9678122), (0.85178435, 6.3800836, 0.6765282), (1.1109375, 5.994479, 1.0579604), (0.85178435, 6.3800836, 0.6765282), (0.79845005, 6.3008313, 0.7715256), (0.210076, 5.4305496, 1.5112286), (0.115014195, 5.3395987, 1.5402769), (0.39577246, 5.3949094, 2.0484464), (0.210076, 5.4305496, 1.5112286), (0.39577246, 5.3949094, 2.0484464), (0.44054973, 5.4935293, 1.9683229), (-1.0782816, 8.221002, -0.9758962), (-1.003761, 8.363191, -0.9893483), (-0.69934064, 8.499095, -0.27707317), (-1.0782816, 8.221002, -0.9758962), (-0.69934064, 8.499095, -0.27707317), (-0.79982924, 8.349028, -0.19899374), (1.158841, 8.128572, 0.14387068), (1.0937304, 8.273629, 0.044542685), (1.1074823, 8.138779, -0.5617211), (1.158841, 8.128572, 0.14387068), (1.1074823, 8.138779, -0.5617211), (1.1489328, 7.994013, -0.5165795), (0.75760376, 7.58343, -1.1816479), (0.775025, 7.7668653, -1.1402302), (0.27781639, 8.473796, -1.1898454), (0.75760376, 7.58343, -1.1816479), (0.27781639, 8.473796, -1.1898454), (0.18596339, 8.361194, -1.297282), (-2.0459394, 6.9054165, -0.23275582), (-2.1396015, 6.980005, -0.2510289), (-1.7076688, 6.812919, 0.4357773), (-2.0459394, 6.9054165, -0.23275582), (-1.7076688, 6.812919, 0.4357773), (-1.614818, 6.750158, 0.4287956), (1.4219378, 7.369752, 0.08944339), (1.4778477, 7.4114976, 0.07192216), (1.1263493, 6.8024225, -0.89924604), (1.4219378, 7.369752, 0.08944339), (1.1263493, 6.8024225, -0.89924604), (1.0614867, 6.7665563, -0.8578337), (1.1982899, 7.342892, 0.86298925), (1.2365729, 7.3815775, 0.8805107), (1.4778477, 7.4114976, 0.07192216), (1.1982899, 7.342892, 0.86298925), (1.4778477, 7.4114976, 0.07192216), (1.4219378, 7.369752, 0.08944339), (-1.614818, 6.750158, 0.4287956), (-1.7076688, 6.812919, 0.4357773), (-0.11884769, 7.6104074, 1.3164552), (-1.614818, 6.750158, 0.4287956), (-0.11884769, 7.6104074, 1.3164552), (-0.0767414, 7.527996, 1.2889979), (-1.3040314, 6.442331, 1.7701043), (-1.2959534, 6.4882646, 1.7664778), (-0.7423353, 6.680338, 1.3439654), (-1.3040314, 6.442331, 1.7701043), (-0.7423353, 6.680338, 1.3439654), (-0.7121967, 6.638793, 1.3505186), (-1.2146028, 6.809399, 0.430799), (-1.2132393, 6.855912, 0.46060282), (-1.8084589, 6.7756805, 0.7112583), (-1.2146028, 6.809399, 0.430799), (-1.8084589, 6.7756805, 0.7112583), (-1.8141224, 6.729287, 0.68124616), (-1.8141224, 6.729287, 0.68124616), (-1.8084589, 6.7756805, 0.7112583), (-2.0838802, 6.5376673, 1.2657758), (-1.8141224, 6.729287, 0.68124616), (-2.0838802, 6.5376673, 1.2657758), (-2.1260848, 6.480579, 1.2430754), (-0.5963303, 5.6686344, 1.0184767), (-0.44720876, 5.6674137, 0.970153), (-0.43755928, 5.842127, 0.39401945), (-0.5963303, 5.6686344, 1.0184767), (-0.43755928, 5.842127, 0.39401945), (-0.5633385, 5.826718, 0.48960617), (-2.2255526, 5.519945, 1.1588527), (-2.3134754, 5.5157948, 1.148492), (-2.3728137, 5.9453635, 1.1447431), (-2.2255526, 5.519945, 1.1588527), (-2.3728137, 5.9453635, 1.1447431), (-2.2924645, 5.956826, 1.1781192), (-2.2924645, 5.956826, 1.1781192), (-2.3728137, 5.9453635, 1.1447431), (-2.1688237, 5.9813232, 1.6034002), (-2.2924645, 5.956826, 1.1781192), (-2.1688237, 5.9813232, 1.6034002), (-2.110259, 5.9716105, 1.5665165), (-2.21739, 6.0373783, 0.5892731), (-2.299375, 6.035994, 0.5528208), (-2.3134754, 5.5157948, 1.148492), (-2.21739, 6.0373783, 0.5892731), (-2.3134754, 5.5157948, 1.148492), (-2.2255526, 5.519945, 1.1588527), (-0.5633385, 5.826718, 0.48960617), (-0.43755928, 5.842127, 0.39401945), (-0.73548794, 6.147207, -0.06384134), (-0.5633385, 5.826718, 0.48960617), (-0.73548794, 6.147207, -0.06384134), (-0.8004969, 6.100072, 0.03636478), (-0.8004969, 6.100072, 0.03636478), (-0.73548794, 6.147207, -0.06384134), (-1.4400204, 6.536545, 0.09471302), (-0.8004969, 6.100072, 0.03636478), (-1.4400204, 6.536545, 0.09471302), (-1.7468172, 6.186707, -0.16611475), (-0.45491508, 5.9010215, 1.5414292), (-0.31324026, 5.9202576, 1.5763618), (-0.44720876, 5.6674137, 0.970153), (-0.45491508, 5.9010215, 1.5414292), (-0.44720876, 5.6674137, 0.970153), (-0.5963303, 5.6686344, 1.0184767), (-1.7468172, 6.186707, -0.16611475), (-1.4400204, 6.536545, 0.09471302), (-2.0000112, 6.577121, 0.2936368), (-1.7468172, 6.186707, -0.16611475), (-2.0000112, 6.577121, 0.2936368), (-1.947959, 6.5437326, 0.35224), (-1.5173639, 5.172571, 0.6329382), (-1.5271353, 5.24464, 0.7137122), (-0.93072104, 5.9133396, 0.25054276), (-1.5173639, 5.172571, 0.6329382), (-0.93072104, 5.9133396, 0.25054276), (-0.9199713, 5.8119864, 0.268691), (-1.3529922, 4.717565, -1.481333), (-1.3738035, 4.747288, -1.5904976), (-1.8624628, 4.6400905, -1.417148), (-1.3529922, 4.717565, -1.481333), (-1.8624628, 4.6400905, -1.417148), (-1.8019874, 4.6346445, -1.3176395), (-2.5100186, 4.164455, -0.8849757), (-2.6149805, 4.1698446, -0.93922544), (-2.6164768, 4.20172, 0.17152749), (-2.5100186, 4.164455, -0.8849757), (-2.6164768, 4.20172, 0.17152749), (-2.5090687, 4.201154, 0.13671586), (0.14729545, 6.9890227, 1.9783796), (0.119924635, 7.079619, 2.0376155), (0.051875427, 6.526976, 2.42211), (0.14729545, 6.9890227, 1.9783796), (0.051875427, 6.526976, 2.42211), (0.08213204, 6.483308, 2.3239076), (0.9674962, 6.285376, 2.4693768), (0.9951178, 6.321606, 2.5713131), (1.4902809, 6.6109757, 2.1244454), (0.9674962, 6.285376, 2.4693768), (1.4902809, 6.6109757, 2.1244454), (1.4311028, 6.5426755, 2.0588748), (1.0034889, 7.0451965, 1.5922922), (1.0415095, 7.1454105, 1.6235853), (0.119924635, 7.079619, 2.0376155), (1.0034889, 7.0451965, 1.5922922), (0.119924635, 7.079619, 2.0376155), (0.14729545, 6.9890227, 1.9783796), (0.08213204, 6.483308, 2.3239076), (0.051875427, 6.526976, 2.42211), (0.9951178, 6.321606, 2.5713131), (0.08213204, 6.483308, 2.3239076), (0.9951178, 6.321606, 2.5713131), (0.9674962, 6.285376, 2.4693768), (1.4311028, 6.5426755, 2.0588748), (1.4902809, 6.6109757, 2.1244454), (1.0415095, 7.1454105, 1.6235853), (1.4311028, 6.5426755, 2.0588748), (1.0415095, 7.1454105, 1.6235853), (1.0034889, 7.0451965, 1.5922922), (0.55403936, 6.7127914, 0.9718857), (0.53179574, 6.808387, 0.88918835), (0.08516725, 6.6744194, 1.0954126), (0.55403936, 6.7127914, 0.9718857), (0.08516725, 6.6744194, 1.0954126), (0.12815899, 6.5925016, 1.1843845), (-0.5144986, 6.2679276, 1.121895), (-0.6320834, 6.318438, 1.1120331), (-0.27896726, 5.7233677, 1.8163139), (-0.5144986, 6.2679276, 1.121895), (-0.27896726, 5.7233677, 1.8163139), (-0.16925722, 5.778112, 1.7783536), (1.4924245, 5.6022778, 1.6112831), (1.6146224, 5.5723286, 1.6366621), (1.5999341, 6.011433, 1.256287), (1.4924245, 5.6022778, 1.6112831), (1.5999341, 6.011433, 1.256287), (1.4770625, 5.99046, 1.2869132), (1.1904242, 6.462013, 0.9794161), (1.2825161, 6.522285, 0.91340256), (0.53179574, 6.808387, 0.88918835), (1.1904242, 6.462013, 0.9794161), (0.53179574, 6.808387, 0.88918835), (0.55403936, 6.7127914, 0.9718857), (0.85972935, 5.088407, 0.9200698), (0.87295103, 5.165913, 0.8706468), (0.65358925, 4.818967, 0.95260215), (0.85972935, 5.088407, 0.9200698), (0.65358925, 4.818967, 0.95260215), (0.7129002, 4.798171, 1.0207928), (0.7129002, 4.798171, 1.0207928), (0.65358925, 4.818967, 0.95260215), (0.44241923, 4.7726603, 1.3869466), (0.7129002, 4.798171, 1.0207928), (0.44241923, 4.7726603, 1.3869466), (0.5236075, 4.7548857, 1.4131275), (0.5415687, 4.5131397, 1.898683), (0.45310065, 4.514062, 1.9305303), (0.8675647, 4.035305, 2.38686), (0.5415687, 4.5131397, 1.898683), (0.8675647, 4.035305, 2.38686), (0.94096774, 4.0574474, 2.323404), (1.2525727, 3.74619, 2.4924974), (1.2788814, 3.7265582, 2.5885894), (1.4660786, 3.6697311, 2.3500144), (1.2525727, 3.74619, 2.4924974), (1.4660786, 3.6697311, 2.3500144), (1.4334264, 3.700173, 2.2625875), (1.6706461, 4.3163013, 1.3003902), (1.7699538, 4.3423843, 1.2959884), (1.3993078, 4.864824, 0.8886602), (1.6706461, 4.3163013, 1.3003902), (1.3993078, 4.864824, 0.8886602), (1.3249997, 4.802554, 0.91235393), (1.4334264, 3.700173, 2.2625875), (1.4660786, 3.6697311, 2.3500144), (1.8068033, 3.8950202, 2.3949103), (1.4334264, 3.700173, 2.2625875), (1.8068033, 3.8950202, 2.3949103), (1.7568634, 3.8955388, 2.2902203), (1.7568634, 3.8955388, 2.2902203), (1.8068033, 3.8950202, 2.3949103), (1.8084888, 4.2280593, 1.631489), (1.7568634, 3.8955388, 2.2902203), (1.8084888, 4.2280593, 1.631489), (1.7094625, 4.225805, 1.6413856), (0.17402935, 3.3704545, 0.114283845), (0.20344159, 3.479515, 0.16637266), (0.2539512, 3.5466661, 0.04660825), (0.17402935, 3.3704545, 0.114283845), (0.2539512, 3.5466661, 0.04660825), (0.15582815, 3.3704348, -0.026065335), (0.15582815, 3.3704348, -0.026065335), (0.2539512, 3.5466661, 0.04660825), (0.26374277, 3.6925998, 0.04320325), (0.15582815, 3.3704348, -0.026065335), (0.26374277, 3.6925998, 0.04320325), (0.13843077, 3.802799, 0.040206283), (0.06890543, 3.3704622, 0.19984217), (0.16272384, 3.5582967, 0.28273162), (0.20344159, 3.479515, 0.16637266), (0.06890543, 3.3704622, 0.19984217), (0.20344159, 3.479515, 0.16637266), (0.17402935, 3.3704545, 0.114283845), (0.84427154, 4.319333, 0.22928049), (1.3456123, 4.685989, 0.35871533), (1.3238417, 4.755345, 0.34929484), (0.5152315, 3.7900307, 0.3618573), (0.42801642, 3.7187767, 0.47622162), (0.455014, 3.836186, 0.437154), (0.5152315, 3.7900307, 0.3618573), (0.455014, 3.836186, 0.437154), (0.4408401, 3.8646126, 0.3394739), (0.16272384, 3.5582967, 0.28273162), (0.5152315, 3.7900307, 0.3618573), (0.5815623, 3.7552218, 0.28448611), (0.16272384, 3.5582967, 0.28273162), (0.5815623, 3.7552218, 0.28448611), (0.20344159, 3.479515, 0.16637266), (1.7523577, 4.7102, 0.5123394), (1.761787, 4.7747526, 0.47079775), (1.7637964, 4.730269, 0.47412604), (1.335838, 4.6529746, 0.4234264), (1.7523577, 4.7102, 0.5123394), (1.7637964, 4.730269, 0.47412604), (1.335838, 4.6529746, 0.4234264), (1.7637964, 4.730269, 0.47412604), (1.3456123, 4.685989, 0.35871533), (0.455014, 3.836186, 0.437154), (0.6163324, 3.8663006, 0.78782034), (0.55588937, 3.927423, 0.80440724), (0.455014, 3.836186, 0.437154), (0.55588937, 3.927423, 0.80440724), (0.36250454, 3.9219048, 0.4255517), (0.6163324, 3.8663006, 0.78782034), (0.9332519, 3.9185271, 1.1814066), (0.8798773, 3.9718366, 1.1944512), (0.6163324, 3.8663006, 0.78782034), (0.8798773, 3.9718366, 1.1944512), (0.55588937, 3.927423, 0.80440724), (0.8123124, 3.8858426, 1.2694353), (0.96299314, 3.9232576, 1.5931222), (1.0054617, 3.8826516, 1.588235), (0.8123124, 3.8858426, 1.2694353), (1.0054617, 3.8826516, 1.588235), (0.865687, 3.8325322, 1.2563913), (0.09784447, 5.419414, 0.2818968), (0.090059996, 5.8032684, 0.27894145), (0.069532186, 5.856213, 0.19609526), (0.09784447, 5.419414, 0.2818968), (0.069532186, 5.856213, 0.19609526), (0.08770386, 5.3768597, 0.19737485), (-0.060462236, 5.4180713, 0.13060464), (-0.05726495, 5.803272, 0.14108954), (-0.13708888, 5.918192, 0.18636632), (-0.060462236, 5.4180713, 0.13060464), (-0.13708888, 5.918192, 0.18636632), (-0.123229, 5.4399366, 0.18905646), (0.05866821, 5.9605966, 0.26339766), (-0.32602516, 6.9714117, 0.07052371), (-0.3216941, 6.952679, 0.015940577), (0.05866821, 5.9605966, 0.26339766), (-0.3216941, 6.952679, 0.015940577), (0.059270248, 5.9087095, 0.19176248), (-0.05726495, 5.803272, 0.14108954), (-0.10725191, 6.0447507, 0.117806345), (-0.15884683, 6.032997, 0.17424251), (-0.05726495, 5.803272, 0.14108954), (-0.15884683, 6.032997, 0.17424251), (-0.13708888, 5.918192, 0.18636632), (0.069532186, 5.856213, 0.19609526), (0.059270248, 5.9087095, 0.19176248), (0.0068785846, 5.8670654, 0.14066148), (0.069532186, 5.856213, 0.19609526), (0.0068785846, 5.8670654, 0.14066148), (0.02227409, 5.803276, 0.14715788), (0.870327, 5.0840464, -1.2010332), (0.85336477, 5.1503954, -1.2395151), (1.401498, 5.0610943, -1.1474923), (0.870327, 5.0840464, -1.2010332), (1.401498, 5.0610943, -1.1474923), (1.4102088, 5.0000257, -1.1315356), (0.47277835, 5.0567527, -1.1109351), (0.4531359, 5.136044, -1.1515605), (0.85336477, 5.1503954, -1.2395151), (0.47277835, 5.0567527, -1.1109351), (0.85336477, 5.1503954, -1.2395151), (0.870327, 5.0840464, -1.2010332), (1.5511053, 4.36674, -1.2937027), (1.5924444, 4.373989, -1.2730317), (1.4445198, 4.0462785, -1.6617821), (1.5511053, 4.36674, -1.2937027), (1.4445198, 4.0462785, -1.6617821), (1.4004252, 4.0438805, -1.6544966), (-0.01670797, 4.0579786, -1.4506283), (-0.08245095, 4.070368, -1.4374163), (0.3330433, 4.087165, -0.88981754), (-0.01670797, 4.0579786, -1.4506283), (0.3330433, 4.087165, -0.88981754), (0.38984564, 4.0643253, -0.92742246), (0.38984564, 4.0643253, -0.92742246), (0.3330433, 4.087165, -0.88981754), (1.0283765, 4.39765, -0.7948314), (0.38984564, 4.0643253, -0.92742246), (1.0283765, 4.39765, -0.7948314), (1.0279611, 4.373934, -0.84682286), (0.6759349, 3.9624503, -2.2315767), (0.68437517, 3.9410152, -2.2847383), (0.25462645, 3.9370785, -2.3197796), (0.6759349, 3.9624503, -2.2315767), (0.25462645, 3.9370785, -2.3197796), (0.28999567, 3.9204183, -2.2746522), (1.3776572, 4.333591, -0.9927847), (1.3971581, 4.3601236, -0.9520695), (1.5924444, 4.373989, -1.2730317), (1.3776572, 4.333591, -0.9927847), (1.5924444, 4.373989, -1.2730317), (1.5511053, 4.36674, -1.2937027), (0.28999567, 3.9204183, -2.2746522), (0.25462645, 3.9370785, -2.3197796), (-0.11644599, 4.009975, -1.8817647), (0.28999567, 3.9204183, -2.2746522), (-0.11644599, 4.009975, -1.8817647), (-0.05022973, 3.9924068, -1.863336), (0.24954614, 5.093874, -2.0437343), (0.2913028, 5.173549, -2.0512729), (0.46188512, 5.2497034, -1.6521487), (0.24954614, 5.093874, -2.0437343), (0.46188512, 5.2497034, -1.6521487), (0.40557575, 5.1656127, -1.6083969), (1.5031191, 5.042081, -1.4162718), (1.4666348, 5.123363, -1.4719309), (1.4743409, 5.0478, -1.8116517), (1.5031191, 5.042081, -1.4162718), (1.4743409, 5.0478, -1.8116517), (1.4975684, 4.9666805, -1.7863553), (1.2782862, 4.7366095, -2.1590283), (1.2880478, 4.8393974, -2.1358206), (1.009437, 5.235527, -2.1636226), (1.2782862, 4.7366095, -2.1590283), (1.009437, 5.235527, -2.1636226), (0.957966, 5.1724305, -2.223824), (-0.29268327, 4.3566837, -1.6273155), (-0.34516585, 4.398479, -1.6375536), (-0.10313249, 4.304852, -1.2527008), (-0.29268327, 4.3566837, -1.6273155), (-0.10313249, 4.304852, -1.2527008), (-0.05110377, 4.269684, -1.2566124), (1.6505467, 4.6168747, -1.4467708), (1.6818769, 4.6402664, -1.4565871), (1.4849135, 4.2989707, -2.0007837), (1.6505467, 4.6168747, -1.4467708), (1.4849135, 4.2989707, -2.0007837), (1.4485675, 4.278873, -1.9775794), (1.5252252, 4.6018233, -1.0133127), (1.5466775, 4.623501, -1.0034943), (1.6818769, 4.6402664, -1.4565871), (1.5252252, 4.6018233, -1.0133127), (1.6818769, 4.6402664, -1.4565871), (1.6505467, 4.6168747, -1.4467708), (-0.05110377, 4.269684, -1.2566124), (-0.10313249, 4.304852, -1.2527008), (0.78716564, 4.751726, -0.7592123), (-0.05110377, 4.269684, -1.2566124), (0.78716564, 4.751726, -0.7592123), (0.81076026, 4.7055464, -0.7745975), (2.2851686, 5.3547306, 0.5289612), (2.2961621, 5.432231, 0.5223597), (2.765226, 5.1298704, 0.5961859), (2.2851686, 5.3547306, 0.5289612), (2.765226, 5.1298704, 0.5961859), (2.7524962, 5.0685606, 0.5843986), (1.8872094, 5.434115, 0.5762266), (1.8998748, 5.5244126, 0.57318974), (2.2961621, 5.432231, 0.5223597), (1.8872094, 5.434115, 0.5762266), (2.2961621, 5.432231, 0.5223597), (2.2851686, 5.3547306, 0.5289612), (2.732667, 4.5436425, 0.17055218), (2.7693853, 4.5273724, 0.19454843), (2.612682, 4.451846, -0.30559516), (2.732667, 4.5436425, 0.17055218), (2.612682, 4.451846, -0.30559516), (2.5692606, 4.462249, -0.30251125), (1.206209, 4.8861117, -0.1908912), (1.1456386, 4.914303, -0.1772278), (1.4311706, 4.5698113, 0.34486476), (1.206209, 4.8861117, -0.1908912), (1.4311706, 4.5698113, 0.34486476), (1.4851637, 4.5453796, 0.3042417), (1.4851637, 4.5453796, 0.3042417), (1.4311706, 4.5698113, 0.34486476), (2.1535175, 4.555844, 0.6035772), (1.4851637, 4.5453796, 0.3042417), (2.1535175, 4.555844, 0.6035772), (2.1565316, 4.556158, 0.5465111), (1.9814991, 4.8704476, -0.89618474), (1.9936985, 4.870092, -0.9528245), (1.5971328, 5.0295963, -1.0095805), (1.9814991, 4.8704476, -0.89618474), (1.5971328, 5.0295963, -1.0095805), (1.6164825, 4.985441, -0.97435546), (2.5011091, 4.457645, 0.41696566), (2.519012, 4.4575276, 0.46617377), (2.7693853, 4.5273724, 0.19454843), (2.5011091, 4.457645, 0.41696566), (2.7693853, 4.5273724, 0.19454843), (2.732667, 4.5436425, 0.17055218), (1.6164825, 4.985441, -0.97435546), (1.5971328, 5.0295963, -1.0095805), (1.1842028, 5.0487976, -0.604628), (1.6164825, 4.985441, -0.97435546), (1.1842028, 5.0487976, -0.604628), (1.2374525, 5.0036287, -0.5920937), (1.8735566, 5.9088044, -0.25792554), (1.9372714, 5.965155, -0.22770038), (2.040112, 5.814417, 0.17342311), (1.8735566, 5.9088044, -0.25792554), (2.040112, 5.814417, 0.17342311), (1.9543236, 5.7451596, 0.1730145), (2.9080336, 5.183751, 0.35198623), (2.9084826, 5.2874827, 0.33538672), (2.9609838, 5.3535733, -0.0023323), (2.9080336, 5.183751, 0.35198623), (2.9609838, 5.3535733, -0.0023323), (2.954178, 5.266482, -0.013669223), (2.7558281, 5.292608, -0.46074465), (2.7902129, 5.3677044, -0.39458212), (2.6498537, 5.8127995, -0.26227584), (2.7558281, 5.292608, -0.46074465), (2.6498537, 5.8127995, -0.26227584), (2.5952594, 5.8004947, -0.3466721), (1.0694956, 5.3056355, -0.2346453), (1.0345168, 5.3634715, -0.22851542), (1.1577926, 5.0488725, 0.08974444), (1.0694956, 5.3056355, -0.2346453), (1.1577926, 5.0488725, 0.08974444), (1.1970702, 5.002387, 0.07376249), (2.9286678, 4.7822533, 0.14744076), (2.9667342, 4.79516, 0.15052837), (2.7909331, 4.7860003, -0.49788398), (2.9286678, 4.7822533, 0.14744076), (2.7909331, 4.7860003, -0.49788398), (2.7464778, 4.772393, -0.48778358), (2.7211967, 4.643029, 0.52345943), (2.745632, 4.650207, 0.5428988), (2.9667342, 4.79516, 0.15052837), (2.7211967, 4.643029, 0.52345943), (2.9667342, 4.79516, 0.15052837), (2.9286678, 4.7822533, 0.14744076), (1.1970702, 5.002387, 0.07376249), (1.1577926, 5.0488725, 0.08974444), (2.0234163, 4.927273, 0.7765973), (1.1970702, 5.002387, 0.07376249), (2.0234163, 4.927273, 0.7765973), (2.0351462, 4.885768, 0.74395), (1.3537866, 6.5775003, -1.5975676), (1.332201, 6.7053547, -1.5881344), (0.6218014, 6.353682, -2.023146), (1.3537866, 6.5775003, -1.5975676), (0.6218014, 6.353682, -2.023146), (0.6501977, 6.146167, -2.0346606), (1.7328246, 6.5611467, -0.8852948), (1.7380674, 6.715311, -0.89120084), (1.332201, 6.7053547, -1.5881344), (1.7328246, 6.5611467, -0.8852948), (1.332201, 6.7053547, -1.5881344), (1.3537866, 6.5775003, -1.5975676), (0.6453594, 5.385707, -0.5370673), (0.5727431, 5.367088, -0.52010846), (0.67017144, 5.335205, -0.13517275), (0.6453594, 5.385707, -0.5370673), (0.67017144, 5.335205, -0.13517275), (0.7288761, 5.3478165, -0.18323003), (1.0758296, 5.3699546, -0.104667425), (1.0923623, 5.343633, -0.036395695), (1.4753344, 5.2307158, -0.34835038), (1.0758296, 5.3699546, -0.104667425), (1.4753344, 5.2307158, -0.34835038), (1.4563901, 5.265881, -0.40901488), (2.269298, 5.5888715, -0.91685843), (2.3329833, 5.6422043, -0.91475797), (1.972256, 5.5165305, -1.6590914), (2.269298, 5.5888715, -0.91685843), (1.972256, 5.5165305, -1.6590914), (1.924005, 5.516114, -1.6004077), (2.0582547, 5.6840677, -0.5194155), (2.1180406, 5.7259555, -0.49035826), (2.3329833, 5.6422043, -0.91475797), (2.0582547, 5.6840677, -0.5194155), (2.3329833, 5.6422043, -0.91475797), (2.269298, 5.5888715, -0.91685843), (1.8925529, 5.6990695, -0.11417499), (1.9409347, 5.7106233, -0.05369343), (2.1180406, 5.7259555, -0.49035826), (1.8925529, 5.6990695, -0.11417499), (2.1180406, 5.7259555, -0.49035826), (2.0582547, 5.6840677, -0.5194155), (1.2618762, 5.9582872, -2.0356636), (1.2736362, 6.025421, -2.1439934), (1.0927484, 5.5139823, -1.987214), (1.2618762, 5.9582872, -2.0356636), (1.0927484, 5.5139823, -1.987214), (1.1165377, 5.554308, -1.8828518), (1.1165377, 5.554308, -1.8828518), (1.0927484, 5.5139823, -1.987214), (0.535635, 5.558333, -1.7646959), (1.1165377, 5.554308, -1.8828518), (0.535635, 5.558333, -1.7646959), (0.61146295, 5.596113, -1.6868588), (0.31736538, 5.6458836, -1.1773918), (0.20287259, 5.6137094, -1.1891333), (0.43001714, 5.695346, -0.32853058), (0.31736538, 5.6458836, -1.1773918), (0.43001714, 5.695346, -0.32853058), (0.53679097, 5.7335553, -0.37709293), (0.8431568, 5.745848, 0.1379799), (0.809163, 5.791955, 0.24775438), (1.1977439, 5.764327, 0.18969968), (0.8431568, 5.745848, 0.1379799), (1.1977439, 5.764327, 0.18969968), (1.2140746, 5.7216544, 0.07190636), (2.0634964, 6.0487976, -0.8041383), (2.1495347, 6.1514955, -0.7954829), (1.9271357, 6.124952, -1.6200155), (2.0634964, 6.0487976, -0.8041383), (1.9271357, 6.124952, -1.6200155), (1.8637557, 6.011578, -1.5791203), (1.2140746, 5.7216544, 0.07190636), (1.1977439, 5.764327, 0.18969968), (1.4568634, 6.252965, 0.2703825), (1.2140746, 5.7216544, 0.07190636), (1.4568634, 6.252965, 0.2703825), (1.490166, 6.1759872, 0.17962469), (1.490166, 6.1759872, 0.17962469), (1.4568634, 6.252965, 0.2703825), (1.9610822, 6.2372327, -0.46274137), (1.490166, 6.1759872, 0.17962469), (1.9610822, 6.2372327, -0.46274137), (1.8587176, 6.172716, -0.4877981), (-0.6244465, 7.9176226, 1.541611), (-0.5977392, 8.078138, 1.5289118), (0.31105292, 7.636628, 2.0464091), (-0.6244465, 7.9176226, 1.541611), (0.31105292, 7.636628, 2.0464091), (0.27588063, 7.376104, 2.061991), (-1.1285111, 7.8970914, 0.6629682), (-1.1348553, 8.090638, 0.670589), (-0.5977392, 8.078138, 1.5289118), (-1.1285111, 7.8970914, 0.6629682), (-0.5977392, 8.078138, 1.5289118), (-0.6244465, 7.9176226, 1.541611), (0.22215709, 6.42138, 0.1825868), (0.31260076, 6.3980036, 0.15840712), (0.1749769, 6.357976, -0.3207281), (0.22215709, 6.42138, 0.1825868), (0.1749769, 6.357976, -0.3207281), (0.10323223, 6.3738103, -0.2580826), (-0.3352705, 6.401603, -0.34280974), (-0.35874054, 6.3685575, -0.42781973), (-0.82684666, 6.2267947, -0.021081118), (-0.3352705, 6.401603, -0.34280974), (-0.82684666, 6.2267947, -0.021081118), (-0.80065405, 6.2709436, 0.05428481), (-1.8004298, 6.6764426, 0.72399545), (-1.8804269, 6.7434006, 0.7239021), (-1.3980601, 6.5856223, 1.6435058), (-1.8004298, 6.6764426, 0.72399545), (-1.3980601, 6.5856223, 1.6435058), (-1.3398565, 6.5851, 1.5679414), (-1.5514762, 6.795957, 0.21684906), (-1.6276569, 6.8485465, 0.18277407), (-1.8804269, 6.7434006, 0.7239021), (-1.5514762, 6.795957, 0.21684906), (-1.8804269, 6.7434006, 0.7239021), (-1.8004298, 6.6764426, 0.72399545), (-1.3597305, 6.814792, -0.29827064), (-1.422857, 6.8292966, -0.37223142), (-1.6276569, 6.8485465, 0.18277407), (-1.3597305, 6.814792, -0.29827064), (-1.6276569, 6.8485465, 0.18277407), (-1.5514762, 6.795957, 0.21684906), (-0.4916261, 7.1402283, 2.0876722), (-0.50205624, 7.224512, 2.2240753), (-0.28133485, 6.5824237, 2.0201242), (-0.4916261, 7.1402283, 2.0876722), (-0.28133485, 6.5824237, 2.0201242), (-0.31535283, 6.6330504, 1.8901178), (-0.31535283, 6.6330504, 1.8901178), (-0.28133485, 6.5824237, 2.0201242), (0.40885714, 6.638104, 1.7186596), (-0.31535283, 6.6330504, 1.8901178), (0.40885714, 6.638104, 1.7186596), (0.31060058, 6.6855345, 1.6240153), (0.65929794, 6.748019, 0.9729839), (0.8034344, 6.7076263, 0.9831445), (0.48404837, 6.8101163, -0.08768785), (0.65929794, 6.748019, 0.9729839), (0.48404837, 6.8101163, -0.08768785), (0.35200542, 6.858087, -0.022488058), (-0.052996248, 6.8735204, -0.6565798), (-0.014721348, 6.9314055, -0.79568416), (-0.5000051, 6.896721, -0.707321), (-0.052996248, 6.8735204, -0.6565798), (-0.5000051, 6.896721, -0.707321), (-0.51579154, 6.843147, -0.5588604), (-1.5466847, 7.253859, 0.5743352), (-1.6549947, 7.382792, 0.56691015), (-1.3430009, 7.349468, 1.5926694), (-1.5466847, 7.253859, 0.5743352), (-1.3430009, 7.349468, 1.5926694), (-1.2651037, 7.2071323, 1.5388228), (-0.51579154, 6.843147, -0.5588604), (-0.5000051, 6.896721, -0.707321), (-0.8283734, 7.510183, -0.7982165), (-0.51579154, 6.843147, -0.5588604), (-0.8283734, 7.510183, -0.7982165), (-0.8665375, 7.4135404, -0.6830028), (-0.8665375, 7.4135404, -0.6830028), (-0.8283734, 7.510183, -0.7982165), (-1.4318057, 7.4904313, 0.14185406), (-0.8665375, 7.4135404, -0.6830028), (-1.4318057, 7.4904313, 0.14185406), (-1.3023555, 7.4094334, 0.16920818), (-0.7416928, 5.5110264, 1.1217048), (-1.0143352, 5.3287992, 0.64941007), (-1.3320571, 5.1410465, 1.0955423), (-1.2351907, 5.215976, 1.6988167), (-1.4405588, 5.7787857, -0.06448677), (-1.3716323, 5.8901877, -0.5847212), (-0.8350096, 5.8427057, -0.23929442), (-0.74822974, 5.79023, 0.033851326), (-1.9900602, 3.8856258, -0.12629905), (-2.1848562, 4.1621265, 0.24759653), (-1.2224503, 4.435495, 0.2617327), (-1.8398623, 4.6203046, 0.67228997), (0.8594233, 5.784234, 0.98061055), (1.1109375, 5.994479, 1.0579604), (0.79845005, 6.3008313, 0.7715256), (0.3799001, 6.0129886, 0.61722887), (1.9409347, 5.7106233, -0.05369343), (1.8587176, 6.172716, -0.4877981), (2.1180406, 5.7259555, -0.49035826), (2.0634964, 6.0487976, -0.8041383), (-1.422857, 6.8292966, -0.37223142), (-1.3023555, 7.4094334, 0.16920818), (-1.6276569, 6.8485465, 0.18277407), (-1.5466847, 7.253859, 0.5743352), (0.053662136, 1.3583949, -0.13112262), (0.050862446, 1.6796671, -0.106616944), (-0.09414487, 1.959315, -0.11770179), (-0.091144234, 1.0551105, -0.14404294), (0.15868834, 1.4008738, -0.033455208), (0.15621918, 1.7511796, -0.011847868), (0.050862446, 1.6796671, -0.106616944), (0.053662136, 1.3583949, -0.13112262), (0.053907707, 1.3102158, -0.13327631), (0.14399217, 0, -0.2504635), (0.27951005, 0, -0.10839426), (0.15939376, 1.2625258, -0.039639235), (-0.090865456, 0.99595547, -0.1464872), (-0.19639598, 0.99595547, -0.039967746), (-0.20859523, 0, -0.1009117), (-0.057405766, 0, -0.24295828), (0.030387044, 4.770523, 0.12020387), (0.026300415, 5.2908497, 0.1337834), (-0.06168976, 5.270238, 0.12658143), (-0.065790266, 4.776406, 0.113141306), (0.179406, 1.2458401, 0.103486754), (0.15939376, 1.2625258, -0.039639235), (0.27951005, 0, -0.10839426), (0.28657258, 0, 0.09426758), (0.053907707, 1.3102158, -0.13327631), (-0.090865456, 0.99595547, -0.1464872), (-0.057405766, 0, -0.24295828), (0.14399217, 0, -0.2504635), (-0.19639598, 0.99595547, -0.039967746), (-0.2140523, 0.99595547, 0.10088094), (-0.1962773, 0, 0.10026156), (-0.20859523, 0, -0.1009117), (0.27951005, 0, -0.10839426), (0.14399217, 0, -0.2504635), (-0.057405766, 0, -0.24295828), (-0.20859523, 0, -0.1009117), (0.28657258, 0, 0.09426758), (-0.1962773, 0, 0.10026156), (0.14238766, 0, 0.23389527), (-0.058393568, 0, 0.24476229), (0.059270248, 5.9087095, 0.19176248), (-0.3216941, 6.952679, 0.015940577), (-0.35427245, 6.9298825, -0.024910867), (0.0068785846, 5.8670654, 0.14066148), (-0.15884683, 6.032997, 0.17424251), (-0.45763594, 6.9132633, -0.00089405477), (-0.47562197, 6.9277062, 0.051086158), (-0.17851979, 6.0707164, 0.24538921), (-0.20790662, 3.5032723, 0.11734351), (-0.17903031, 4.102428, 0.1946938), (-0.0814552, 3.9025936, 0.26595655), (-0.0911285, 3.3391957, 0.21175481), (-0.09143302, 3.3041406, 0.21004999), (-0.21405052, 3.1931005, 0.1008796), (-0.20790662, 3.5032723, 0.11734351), (0.07228395, 1.234159, 0.19190185), (0.179406, 1.2458401, 0.103486754), (0.28657258, 0, 0.09426758), (0.14238766, 0, 0.23389527), (-0.058393568, 0, 0.24476229), (-0.1962773, 0, 0.10026156), (-0.2140523, 0.99595547, 0.10088094), (-0.092581004, 1.2991515, 0.206284), (-0.058393568, 0, 0.24476229), (-0.092581004, 1.2991515, 0.206284), (0.07228395, 1.234159, 0.19190185), (0.14238766, 0, 0.23389527), (0.0068785846, 5.8670654, 0.14066148), (-0.35427245, 6.9298825, -0.024910867), (-0.40880537, 6.9125423, -0.035876602), (-0.10725191, 6.0447507, 0.117806345), (-0.16306692, 4.1351533, 0.084157474), (-0.1525948, 4.650923, 0.265503), (-0.17744891, 4.1352444, 0.19893013), (-0.14158273, 4.624733, 0.16418378), (-0.14424494, 4.8552017, 0.2844705), (0.15524311, 4.7960873, 0.37091637), (0.34932104, 4.919452, 0.85755897), (0.25200024, 4.934786, 0.86060834), (0.047675516, 4.8294034, 0.40105927), (-0.091144234, 1.0551105, -0.14404294), (-0.09414487, 1.959315, -0.11770179), (-0.19963628, 1.9193276, -0.011546001), (-0.19731177, 1.2036452, -0.03193879), (-0.5229366, 3.572592, -0.16369453), (-0.775212, 3.9626472, -0.2337486), (-0.77327436, 4.0070443, -0.10862845), (-0.53969425, 3.6168737, -0.03726484), (-0.123229, 5.4399366, 0.18905646), (-0.13708888, 5.918192, 0.18636632), (-0.16401818, 5.998657, 0.25402573), (-0.1326035, 5.4198675, 0.28028458), (0.15582815, 3.3704348, -0.026065335), (0.13843077, 3.802799, 0.040206283), (0.04341511, 3.9463365, -0.019001603), (0.04150261, 4.0647397, 0.0017425567), (0.13731888, 3.8304503, 0.044444397), (0.0972716, 4.8552017, 0.1935942), (0.088488154, 5.3340893, 0.19706497), (0.026300415, 5.2908497, 0.1337834), (0.030387044, 4.770523, 0.12020387), (0.14315802, 4.0643616, 0.19789892), (0.11588279, 4.6832895, 0.27109724), (0.10471789, 4.6406574, 0.16863199), (0.13731888, 3.8304503, 0.044444397), (0.053011194, 3.3342013, -0.12306476), (0.052718967, 3.3704138, -0.11989713), (-0.08939611, 3.3898132, -0.13117012), (-0.089713864, 3.3471527, -0.13449219), (0.07067098, 3.1931005, 0.19094007), (0.06890543, 3.3704622, 0.19984217), (0.17402935, 3.3704545, 0.114283845), (0.17796941, 3.1931005, 0.10361359), (0.17796941, 3.1931005, 0.10361359), (0.17402935, 3.3704545, 0.114283845), (0.15582815, 3.3704348, -0.026065335), (0.15804747, 3.2599392, -0.03452113), (-0.14424494, 4.8552017, 0.2844705), (-0.13437447, 5.333958, 0.28092164), (-0.061769065, 5.3343487, 0.34284413), (-0.06556702, 4.8552017, 0.3515831), (-0.41802737, 3.6436532, -0.20332108), (-0.6684184, 4.0038095, -0.3047339), (-0.775212, 3.9626472, -0.2337486), (-0.5229366, 3.572592, -0.16369453), (-0.19639447, 3.1931005, -0.039969113), (-0.34405184, 3.2960088, -0.11402043), (-0.37406614, 3.3402092, 0.013338119), (-0.21405052, 3.1931005, 0.1008796), (-0.08939611, 3.3898132, -0.13117012), (-0.20890076, 3.4387631, -0.1818901), (-0.2573702, 3.3435576, -0.20886716), (-0.089713864, 3.3471527, -0.13449219), (-0.66293424, 4.0487194, -0.05292752), (-1.1263747, 4.1223516, -0.28943247), (-1.0765114, 4.158393, -0.343575), (-0.545752, 4.054445, -0.13300169), (-0.545752, 4.054445, -0.13300169), (-1.0765114, 4.158393, -0.343575), (-1.0511898, 4.12814, -0.41567892), (-0.55327666, 4.0267134, -0.26526204), (-0.354718, 3.7426567, -0.080687195), (-0.545752, 4.054445, -0.13300169), (-0.55327666, 4.0267134, -0.26526204), (-0.38951913, 3.6662533, -0.20579927), (-0.38951913, 3.6662533, -0.20579927), (-0.55327666, 4.0267134, -0.26526204), (-0.6684184, 4.0038095, -0.3047339), (-0.41802737, 3.6436532, -0.20332108), (-0.53969425, 3.6168737, -0.03726484), (-0.77327436, 4.0070443, -0.10862845), (-0.66293424, 4.0487194, -0.05292752), (-0.45405445, 3.7124605, 0.008029655), (-0.45405445, 3.7124605, 0.008029655), (-0.66293424, 4.0487194, -0.05292752), (-0.545752, 4.054445, -0.13300169), (-0.354718, 3.7426567, -0.080687195), (-0.30594066, 3.4740243, 0.051253542), (-0.45405445, 3.7124605, 0.008029655), (-0.354718, 3.7426567, -0.080687195), (-0.21925841, 3.521572, -0.04359205), (-1.0511898, 4.12814, -0.41567892), (-1.5524055, 4.5076776, -0.5236701), (-1.5799294, 4.468994, -0.5388768), (-1.0775772, 4.062549, -0.4343131), (-0.55327666, 4.0267134, -0.26526204), (-0.6684184, 4.0038095, -0.3047339), (-1.1528352, 4.056761, -0.30754444), (-1.6291008, 4.4677615, -0.45065683), (-1.6015769, 4.506446, -0.43544987), (-1.1263747, 4.1223516, -0.28943247), (-0.6684184, 4.0038095, -0.3047339), (-1.0775772, 4.062549, -0.4343131), (-1.1290627, 4.0272217, -0.3802341), (-0.775212, 3.9626472, -0.2337486), (-0.775212, 3.9626472, -0.2337486), (-1.1290627, 4.0272217, -0.3802341), (-1.1528352, 4.056761, -0.30754444), (-0.77327436, 4.0070443, -0.10862845), (-0.77327436, 4.0070443, -0.10862845), (-1.1528352, 4.056761, -0.30754444), (-1.1263747, 4.1223516, -0.28943247), (-0.66293424, 4.0487194, -0.05292752), (-1.1290627, 4.0272217, -0.3802341), (-1.6182766, 4.4490356, -0.50237083), (-1.6291008, 4.4677615, -0.45065683), (-1.1528352, 4.056761, -0.30754444), (-1.0765114, 4.158393, -0.343575), (-1.5632293, 4.526404, -0.4719563), (-1.5524055, 4.5076776, -0.5236701), (-1.0511898, 4.12814, -0.41567892), (-1.6291008, 4.4677615, -0.45065683), (-1.6182766, 4.4490356, -0.50237083), (-1.5799294, 4.468994, -0.5388768), (-1.6015769, 4.506446, -0.43544987), (-1.5524055, 4.5076776, -0.5236701), (-1.1263747, 4.1223516, -0.28943247), (-1.6015769, 4.506446, -0.43544987), (-1.5632293, 4.526404, -0.4719563), (-1.0765114, 4.158393, -0.343575), (-1.0775772, 4.062549, -0.4343131), (-1.5799294, 4.468994, -0.5388768), (-1.6182766, 4.4490356, -0.50237083), (-1.1290627, 4.0272217, -0.3802341), (0.170116, 2.6837893, 0.1610769), (0.17796941, 3.1931005, 0.10361359), (0.15804747, 3.2599392, -0.03452113), (0.14387378, 2.7368472, 0.03438209), (-0.21981345, 2.7095668, 0.15139875), (-0.21405052, 3.1931005, 0.1008796), (-0.09143302, 3.3041406, 0.21004999), (-0.09897655, 2.5622416, 0.26234514), (-0.016879141, 2.6138983, -0.17875099), (0.20487823, 2.8404763, -0.5080886), (0.16160429, 2.899129, -0.44033805), (-0.035551812, 2.6939766, -0.15137635), (-0.10389584, 2.761481, -0.078939945), (-0.089713864, 3.3471527, -0.13449219), (-0.19639447, 3.1931005, -0.039969113), (-0.20305374, 2.7421768, 0.012648165), (-0.20305374, 2.7421768, 0.012648165), (-0.19639447, 3.1931005, -0.039969113), (-0.21405052, 3.1931005, 0.1008796), (-0.21981345, 2.7095668, 0.15139875), (0.14387378, 2.7368472, 0.03438209), (0.14448777, 2.6336849, 0.03567238), (0.17031005, 2.5573466, 0.16396376), (0.170116, 2.6837893, 0.1610769), (0.14448777, 2.6336849, 0.03567238), (0.16512397, 2.6216094, -0.09313485), (0.086134374, 2.5776181, -0.15589494), (0.041472014, 2.5575285, -0.063299745), (0.064908266, 2.7612157, 0.24145734), (0.06428465, 2.6095476, 0.24692824), (-0.09899741, 2.5573092, 0.26252306), (-0.09897655, 2.5622416, 0.26234514), (-0.20305374, 2.7421768, 0.012648165), (-0.20366552, 2.599916, 0.019472882), (-0.103925675, 2.6141014, -0.07497543), (-0.10389584, 2.761481, -0.078939945), (0.041472014, 2.5575285, -0.063299745), (0.086134374, 2.5776181, -0.15589494), (-0.016879141, 2.6138983, -0.17875099), (-0.103925675, 2.6141014, -0.07497543), (0.170116, 2.6837893, 0.1610769), (0.17031005, 2.5573466, 0.16396376), (0.06428465, 2.6095476, 0.24692824), (0.064908266, 2.7612157, 0.24145734), (-0.21981345, 2.7095668, 0.15139875), (-0.22065268, 2.6101542, 0.15875432), (-0.20366552, 2.599916, 0.019472882), (-0.20305374, 2.7421768, 0.012648165), (0.045740142, 2.737887, -0.09400728), (0.22627312, 2.9333873, -0.35809755), (0.33594897, 2.9133213, -0.34611148), (0.14606607, 2.701703, -0.06485903), (-0.103925675, 2.6141014, -0.07497543), (-0.016879141, 2.6138983, -0.17875099), (-0.035551812, 2.6939766, -0.15137635), (-0.10389584, 2.761481, -0.078939945), (0.14387378, 2.7368472, 0.03438209), (0.14606607, 2.701703, -0.06485903), (0.16512397, 2.6216094, -0.09313485), (0.14448777, 2.6336849, 0.03567238), (-0.10389584, 2.761481, -0.078939945), (-0.035551812, 2.6939766, -0.15137635), (0.045740142, 2.737887, -0.09400728), (0.033676147, 2.7617483, -0.05043277), (0.033676147, 2.7617483, -0.05043277), (0.045740142, 2.737887, -0.09400728), (0.14606607, 2.701703, -0.06485903), (0.14387378, 2.7368472, 0.03438209), (0.16160429, 2.899129, -0.44033805), (0.45529097, 3.7130175, -0.77910167), (0.497654, 3.7389617, -0.7313245), (0.22627312, 2.9333873, -0.35809755), (0.22627312, 2.9333873, -0.35809755), (0.497654, 3.7389617, -0.7313245), (0.566697, 3.7233691, -0.7251667), (0.33594897, 2.9133213, -0.34611148), (0.14606607, 2.701703, -0.06485903), (0.33594897, 2.9133213, -0.34611148), (0.3589282, 2.8874145, -0.38299534), (0.16512397, 2.6216094, -0.09313485), (0.16512397, 2.6216094, -0.09313485), (0.3589282, 2.8874145, -0.38299534), (0.3151149, 2.820047, -0.4972352), (0.086134374, 2.5776181, -0.15589494), (-0.035551812, 2.6939766, -0.15137635), (0.16160429, 2.899129, -0.44033805), (0.22627312, 2.9333873, -0.35809755), (0.045740142, 2.737887, -0.09400728), (0.086134374, 2.5776181, -0.15589494), (0.3151149, 2.820047, -0.4972352), (0.20487823, 2.8404763, -0.5080886), (-0.016879141, 2.6138983, -0.17875099), (0.7776978, 4.0654645, -1.2445433), (0.81899476, 4.093321, -1.2068158), (0.7988909, 4.1389604, -1.1765587), (0.73749065, 4.1567454, -1.184027), (0.7162962, 4.083249, -1.2520131), (0.69619244, 4.1288896, -1.2217546), (0.48234504, 3.6721718, -0.8211265), (0.7162962, 4.083249, -1.2520131), (0.69619244, 4.1288896, -1.2217546), (0.45529097, 3.7130175, -0.77910167), (0.3589282, 2.8874145, -0.38299534), (0.5935078, 3.682627, -0.7675012), (0.55134046, 3.6570928, -0.8153105), (0.3151149, 2.820047, -0.4972352), (0.33594897, 2.9133213, -0.34611148), (0.566697, 3.7233691, -0.7251667), (0.5935078, 3.682627, -0.7675012), (0.3589282, 2.8874145, -0.38299534), (0.3151149, 2.820047, -0.4972352), (0.55134046, 3.6570928, -0.8153105), (0.48234504, 3.6721718, -0.8211265), (0.20487823, 2.8404763, -0.5080886), (0.20487823, 2.8404763, -0.5080886), (0.48234504, 3.6721718, -0.8211265), (0.45529097, 3.7130175, -0.77910167), (0.16160429, 2.899129, -0.44033805), (0.566697, 3.7233691, -0.7251667), (0.7988909, 4.1389604, -1.1765587), (0.81899476, 4.093321, -1.2068158), (0.5935078, 3.682627, -0.7675012), (0.45529097, 3.7130175, -0.77910167), (0.69619244, 4.1288896, -1.2217546), (0.73749065, 4.1567454, -1.184027), (0.497654, 3.7389617, -0.7313245), (0.5935078, 3.682627, -0.7675012), (0.81899476, 4.093321, -1.2068158), (0.7776978, 4.0654645, -1.2445433), (0.55134046, 3.6570928, -0.8153105), (0.497654, 3.7389617, -0.7313245), (0.73749065, 4.1567454, -1.184027), (0.7988909, 4.1389604, -1.1765587), (0.566697, 3.7233691, -0.7251667), (0.55134046, 3.6570928, -0.8153105), (0.7776978, 4.0654645, -1.2445433), (0.7162962, 4.083249, -1.2520131), (0.48234504, 3.6721718, -0.8211265), (0.11588279, 4.6832895, 0.27109724), (0.10928621, 4.8552017, 0.2862411), (0.0972716, 4.8552017, 0.1935942), (0.10471789, 4.6406574, 0.16863199), (-0.06556702, 4.8552017, 0.3515831), (-0.04054317, 4.7782416, 0.44228518), (-0.021193728, 4.693763, 0.4533674), (-0.06878245, 4.640659, 0.3369635), (-0.068278365, 4.6202226, 0.089254156), (-0.065790266, 4.776406, 0.113141306), (-0.14020371, 4.6608157, 0.16880754), (-0.14158273, 4.624733, 0.16418378), (0.10471789, 4.6406574, 0.16863199), (0.0972716, 4.8552017, 0.1935942), (0.030387044, 4.770523, 0.12020387), (0.032196924, 4.640662, 0.10264104), (0.032196924, 4.640662, 0.10264104), (0.030387044, 4.770523, 0.12020387), (-0.065790266, 4.776406, 0.113141306), (-0.068278365, 4.6202226, 0.089254156), (-0.06878245, 4.640659, 0.3369635), (-0.021193728, 4.693763, 0.4533674), (0.086373776, 4.6604466, 0.4232236), (0.04358408, 4.6406536, 0.3275146), (-0.17851979, 6.0707164, 0.24538921), (-0.47562197, 6.9277062, 0.051086158), (-0.43740913, 6.953252, 0.09570936), (-0.07956314, 5.928108, 0.31941146), (0.10928621, 4.8552017, 0.2862411), (0.15524311, 4.7960873, 0.37091637), (0.047675516, 4.8294034, 0.40105927), (0.039895236, 4.8552017, 0.342716), (0.039895236, 4.8552017, 0.342716), (0.047675516, 4.8294034, 0.40105927), (-0.04054317, 4.7782416, 0.44228518), (-0.06556702, 4.8552017, 0.3515831), (0.11588279, 4.6832895, 0.27109724), (0.16529623, 4.7521954, 0.37667337), (0.15524311, 4.7960873, 0.37091637), (0.10928621, 4.8552017, 0.2862411), (0.34932104, 4.919452, 0.85755897), (0.39699903, 5.365739, 1.1172291), (0.3200431, 5.3710938, 1.1148067), (0.25200024, 4.934786, 0.86060834), (0.16529623, 4.7521954, 0.37667337), (0.38640139, 4.868776, 0.91644055), (0.34932104, 4.919452, 0.85755897), (0.15524311, 4.7960873, 0.37091637), (0.38640139, 4.868776, 0.91644055), (0.39699903, 5.365739, 1.1172291), (0.4302886, 5.338567, 1.1756153), (-0.021193728, 4.693763, 0.4533674), (0.22884059, 4.8487644, 0.9814211), (0.3261613, 4.8334317, 0.97837186), (0.086373776, 4.6604466, 0.4232236), (0.047675516, 4.8294034, 0.40105927), (0.25200024, 4.934786, 0.86060834), (0.19175994, 4.8994412, 0.92253995), (-0.04054317, 4.7782416, 0.44228518), (-0.04054317, 4.7782416, 0.44228518), (0.19175994, 4.8994412, 0.92253995), (0.22884059, 4.8487644, 0.9814211), (-0.021193728, 4.693763, 0.4533674), (0.3096661, 5.3221045, 1.2291578), (0.46064448, 5.705218, 1.6029248), (0.5148959, 5.698992, 1.6031425), (0.38662222, 5.316749, 1.2315797), (0.22884059, 4.8487644, 0.9814211), (0.3096661, 5.3221045, 1.2291578), (0.38662222, 5.316749, 1.2315797), (0.3261613, 4.8334317, 0.97837186), (0.19175994, 4.8994412, 0.92253995), (0.3096661, 5.3221045, 1.2291578), (0.22884059, 4.8487644, 0.9814211), (0.27637675, 5.3492765, 1.1707712), (0.46064448, 5.705218, 1.6029248), (0.43840536, 5.729091, 1.5656073), (0.3261613, 4.8334317, 0.97837186), (0.38662222, 5.316749, 1.2315797), (0.4302886, 5.338567, 1.1756153), (0.38640139, 4.868776, 0.91644055), (0.5148959, 5.698992, 1.6031425), (0.47041735, 5.746739, 1.5285075), (0.5246688, 5.740512, 1.528726), (0.46064448, 5.705218, 1.6029248), (0.43840536, 5.729091, 1.5656073), (0.4302886, 5.338567, 1.1756153), (0.5469082, 5.7166386, 1.566043), (0.5246688, 5.740512, 1.528726), (0.39699903, 5.365739, 1.1172291), (-0.2140523, 0.99595547, 0.10088094), (-0.092922956, 1.3661525, 0.20927902), (-0.092581004, 1.2991515, 0.206284), (-0.21475755, 1.1399503, 0.107063666), (-0.09570089, 1.9106284, 0.23361783), (-0.19639598, 0.99595547, -0.039967746), (-0.19731177, 1.2036452, -0.03193879), (-0.21475755, 1.1399503, 0.107063666), (-0.2140523, 0.99595547, 0.10088094), (0.179406, 1.2458401, 0.103486754), (0.1771002, 1.4331928, 0.111238964), (0.15868834, 1.4008738, -0.033455208), (0.15939376, 1.2625258, -0.039639235), (0.053907707, 1.3102158, -0.13327631), (0.053662136, 1.3583949, -0.13112262), (-0.091144234, 1.0551105, -0.14404294), (-0.090865456, 0.99595547, -0.1464872), (0.07228395, 1.234159, 0.19190185), (0.06976703, 1.440127, 0.19887525), (0.1771002, 1.4331928, 0.111238964), (0.179406, 1.2458401, 0.103486754), (0.13731888, 3.8304503, 0.044444397), (0.10471789, 4.6406574, 0.16863199), (0.032196924, 4.640662, 0.10264104), (0.04150261, 4.0647397, 0.0017425567), (0.04150261, 4.0647397, 0.0017425567), (0.032196924, 4.640662, 0.10264104), (-0.068278365, 4.6202226, 0.089254156), (-0.07656464, 4.163615, 0.0027578175), (0.05495113, 4.070436, 0.27019966), (0.04358408, 4.6406536, 0.3275146), (0.11588279, 4.6832895, 0.27109724), (0.14315802, 4.0643616, 0.19789892), (-0.07656464, 4.163615, 0.0027578175), (-0.068278365, 4.6202226, 0.089254156), (-0.14158273, 4.624733, 0.16418378), (-0.16306692, 4.1351533, 0.084157474), (-0.19080104, 3.5032527, -0.019127442), (-0.17903031, 4.102428, 0.1946938), (-0.20790662, 3.5032723, 0.11734351), (-0.16816325, 4.019038, 0.06517841), (-0.17744891, 4.1352444, 0.19893013), (-0.16306692, 4.1351533, 0.084157474), (-0.07656464, 4.163615, 0.0027578175), (-0.08091596, 3.9238732, -0.04265602), (0.04341511, 3.9463365, -0.019001603), (0.04150261, 4.0647397, 0.0017425567), (0.05495113, 4.070436, 0.27019966), (0.058473915, 3.8936949, 0.25243422), (-0.0814552, 3.9025936, 0.26595655), (-0.07893285, 4.0494995, 0.28009), (0.14315802, 4.0643616, 0.19789892), (0.14839083, 3.946746, 0.18372627), (0.058473915, 3.8936949, 0.25243422), (0.05495113, 4.070436, 0.27019966), (-0.16306692, 4.1351533, 0.084157474), (-0.16816325, 4.019038, 0.06517841), (-0.08091596, 3.9238732, -0.04265602), (-0.07656464, 4.163615, 0.0027578175), (-0.07893285, 4.0494995, 0.28009), (-0.0814552, 3.9025936, 0.26595655), (-0.17903031, 4.102428, 0.1946938), (-0.17744891, 4.1352444, 0.19893013), (0.13843077, 3.802799, 0.040206283), (0.26374277, 3.6925998, 0.04320325), (0.22302501, 3.7713814, 0.15956269), (0.14839083, 3.946746, 0.18372627), (-0.07956314, 5.928108, 0.31941146), (-0.43740913, 6.953252, 0.09570936), (-0.37399858, 6.9697027, 0.09822777), (0.0037990063, 5.948313, 0.31049278), (-0.06556702, 4.8552017, 0.3515831), (-0.061769065, 5.3343487, 0.34284413), (0.03553967, 5.3344955, 0.33466), (0.039895236, 4.8552017, 0.342716), (0.0037990063, 5.948313, 0.31049278), (-0.37399858, 6.9697027, 0.09822777), (-0.32602516, 6.9714117, 0.07052371), (0.05866821, 5.9605966, 0.26339766), (-0.065790266, 4.776406, 0.113141306), (-0.06168976, 5.270238, 0.12658143), (-0.12770021, 5.2347074, 0.18372236), (-0.14020371, 4.6608157, 0.16880754), (0.10928621, 4.8552017, 0.2862411), (0.088488154, 5.3340893, 0.19706497), (0.0972716, 4.8552017, 0.1935942), (0.09956835, 5.3344116, 0.2825512), (0.08770386, 5.3768597, 0.19737485), (0.034768835, 5.4193296, 0.33323425), (0.090059996, 5.8032684, 0.27894145), (0.09784447, 5.419414, 0.2818968), (0.03553967, 5.3344955, 0.33466), (-0.06109455, 5.419477, 0.34129134), (-0.061769065, 5.3343487, 0.34284413), (-0.13437447, 5.333958, 0.28092164), (-0.1326035, 5.4198675, 0.28028458), (0.025281502, 5.4206076, 0.13717021), (0.026300415, 5.2908497, 0.1337834), (0.088488154, 5.3340893, 0.19706497), (0.08770386, 5.3768597, 0.19737485), (-0.1326035, 5.4198675, 0.28028458), (-0.13437447, 5.333958, 0.28092164), (-0.12770021, 5.2347074, 0.18372236), (-0.123229, 5.4399366, 0.18905646), (-0.123229, 5.4399366, 0.18905646), (-0.12770021, 5.2347074, 0.18372236), (-0.06168976, 5.270238, 0.12658143), (-0.060462236, 5.4180713, 0.13060464), (-0.060462236, 5.4180713, 0.13060464), (-0.06168976, 5.270238, 0.12658143), (0.026300415, 5.2908497, 0.1337834), (0.025281502, 5.4206076, 0.13717021), (0.09784447, 5.419414, 0.2818968), (0.09956835, 5.3344116, 0.2825512), (0.03553967, 5.3344955, 0.33466), (0.039895236, 4.8552017, 0.342716), (0.10928621, 4.8552017, 0.2862411), (0.034768835, 5.4193296, 0.33323425), (0.03553967, 5.3344955, 0.33466), (-0.061769065, 5.3343487, 0.34284413), (-0.06109455, 5.419477, 0.34129134), (0.031279817, 5.803271, 0.32678148), (-0.071044564, 5.8786716, 0.32530424), (-0.096221924, 2.012833, 0.23818801), (-0.09899741, 2.5573092, 0.26252306), (0.06428465, 2.6095476, 0.24692824), (0.066786304, 2.0759947, 0.2250036), (-0.20029949, 2.0535555, -0.005736828), (-0.20366552, 2.599916, 0.019472882), (-0.22065268, 2.6101542, 0.15875432), (-0.21795522, 2.0592885, 0.13509685), (-0.19731177, 1.2036452, -0.03193879), (-0.19963628, 1.9193276, -0.011546001), (-0.2171261, 1.8903266, 0.12784053), (-0.21475755, 1.1399503, 0.107063666), (-0.09462643, 2.0614607, -0.113480926), (-0.103925675, 2.6141014, -0.07497543), (-0.20366552, 2.599916, 0.019472882), (-0.20029949, 2.0535555, -0.005736828), (0.17396909, 1.8264601, 0.13865256), (0.17031005, 2.5573466, 0.16396376), (0.14448777, 2.6336849, 0.03567238), (0.15525743, 1.9721816, -0.0034065992), (0.15525743, 1.9721816, -0.0034065992), (0.14448777, 2.6336849, 0.03567238), (0.041472014, 2.5575285, -0.063299745), (0.050339237, 1.7823199, -0.102029085), (-0.096221924, 2.012833, 0.23818801), (-0.09570089, 1.9106284, 0.23361783), (-0.2171261, 1.8903266, 0.12784053), (-0.21795522, 2.0592885, 0.13509685), (-0.21795522, 2.0592885, 0.13509685), (-0.2171261, 1.8903266, 0.12784053), (-0.19963628, 1.9193276, -0.011546001), (-0.20029949, 2.0535555, -0.005736828), (0.15525743, 1.9721816, -0.0034065992), (0.15621918, 1.7511796, -0.011847868), (0.17448987, 1.7241979, 0.13408214), (0.17396909, 1.8264601, 0.13865256), (-0.20029949, 2.0535555, -0.005736828), (-0.19963628, 1.9193276, -0.011546001), (-0.09414487, 1.959315, -0.11770179), (-0.09462643, 2.0614607, -0.113480926), (0.050339237, 1.7823199, -0.102029085), (0.050862446, 1.6796671, -0.106616944), (0.15621918, 1.7511796, -0.011847868), (0.15525743, 1.9721816, -0.0034065992), (-1.6492124, 5.122307, 1.4346987), (-1.9385939, 5.3819523, 1.4303324), (-1.6449335, 5.3436155, 1.8069776), (-1.936292, 5.6068716, 1.7727015), (-1.0143352, 5.3287992, 0.64941007), (-1.1561627, 5.613837, 0.04045567), (-1.5269454, 5.437201, 0.41718283), (-1.3320571, 5.1410465, 1.0955423), (-2.0643826, 6.396644, 1.2260902), (-2.1260848, 6.480579, 1.2430754), (-1.7730097, 6.421458, 1.7106318), (-1.7808104, 6.348353, 1.6770854), (-0.54154, 6.4182086, 0.6435695), (-0.45167938, 6.4799004, 0.5978348), (-1.2146028, 6.809399, 0.430799), (-1.2460338, 6.727655, 0.4277595), (-0.1282897, 6.288128, 1.2999061), (-0.03233534, 6.367719, 1.281047), (-0.18919192, 6.1168714, 0.53675246), (-0.2890385, 6.040158, 0.5896338), (-1.1561627, 5.613837, 0.04045567), (-1.7460885, 5.842517, 0.17894313), (-1.5269454, 5.437201, 0.41718283), (-1.9117657, 5.6065054, 0.513842), (-1.7808104, 6.348353, 1.6770854), (-1.7730097, 6.421458, 1.7106318), (-1.3040314, 6.442331, 1.7701043), (-1.3482916, 6.3784904, 1.7218577), (-1.7647005, 6.6572886, 0.64509827), (-1.8141224, 6.729287, 0.68124616), (-2.373023, 6.393411, 0.6597364), (-2.2722807, 6.3118534, 0.6706179), (-1.3482916, 6.3784904, 1.7218577), (-1.3040314, 6.442331, 1.7701043), (-0.7056039, 6.4186096, 1.7849814), (-0.78369457, 6.341216, 1.7089204), (-0.7416928, 5.5110264, 1.1217048), (-0.60853827, 5.531334, 1.0837938), (-0.9078146, 5.321126, 0.5562452), (-1.0143352, 5.3287992, 0.64941007), (-1.0143352, 5.3287992, 0.64941007), (-0.9078146, 5.321126, 0.5562452), (-1.0670643, 5.6574473, -0.12750679), (-1.1561627, 5.613837, 0.04045567), (-1.9117657, 5.6065054, 0.513842), (-2.0037518, 5.5360093, 0.5081913), (-1.567489, 5.384725, 0.36195067), (-1.5269454, 5.437201, 0.41718283), (-1.936292, 5.6068716, 1.7727015), (-1.967359, 5.6152353, 1.8297442), (-1.5752631, 5.653306, 1.9241264), (-1.5697885, 5.6347394, 1.8537894), (-2.110485, 5.6523576, 1.5093102), (-2.1815276, 5.6312037, 1.5252998), (-1.967359, 5.6152353, 1.8297442), (-1.936292, 5.6068716, 1.7727015), (-1.7460885, 5.842517, 0.17894313), (-1.8007838, 5.834727, 0.069459006), (-2.0037518, 5.5360093, 0.5081913), (-1.9117657, 5.6065054, 0.513842), (1.1272299, 8.042959, 0.1620081), (1.158841, 8.128572, 0.14387068), (1.1489328, 7.994013, -0.5165795), (1.1733814, 7.8732677, -0.48660734), (0.7067187, 7.534379, -1.1219121), (0.75760376, 7.58343, -1.1816479), (-0.039215088, 7.477769, -1.6882948), (-0.045046538, 7.4232287, -1.6106374), (-1.9574394, 7.141254, -0.840106), (-2.0048985, 7.2267766, -0.9005568), (-1.4482045, 8.254144, -0.4127234), (-1.4422046, 8.133823, -0.3583602), (-0.045046538, 7.4232287, -1.6106374), (-0.039215088, 7.477769, -1.6882948), (-1.2941728, 7.612564, -1.5252868), (-1.2635791, 7.5309763, -1.4666843), (-1.4422046, 8.133823, -0.3583602), (-1.4482045, 8.254144, -0.4127234), (-0.714955, 8.296258, 0.6162726), (-0.6798996, 8.154757, 0.6887718), (0.9930328, 8.053521, 0.6520091), (0.9774867, 8.162504, 0.6235331), (1.158841, 8.128572, 0.14387068), (1.1272299, 8.042959, 0.1620081), (1.1733814, 7.8732677, -0.48660734), (1.1489328, 7.994013, -0.5165795), (0.75760376, 7.58343, -1.1816479), (0.7067187, 7.534379, -1.1219121), (-1.2635791, 7.5309763, -1.4666843), (-1.2941728, 7.612564, -1.5252868), (-2.0048985, 7.2267766, -0.9005568), (-1.9574394, 7.141254, -0.840106), (0.9755716, 6.3471904, -0.28126532), (1.054263, 6.3514695, -0.29426584), (0.65216374, 6.371627, -1.0517607), (0.5794396, 6.3836083, -1.0127478), (0.5794396, 6.3836083, -1.0127478), (0.65216374, 6.371627, -1.0517607), (-0.30228588, 6.163618, -1.4059892), (-0.31735033, 6.20187, -1.311117), (0.31087577, 6.9362016, 1.1601037), (0.3116169, 6.9785247, 1.2528907), (0.969741, 6.911556, 0.9722833), (0.9349414, 6.864206, 0.89962345), (-1.6132581, 6.2553306, -0.6539568), (-1.7314295, 6.286683, -0.6868439), (-1.6707605, 6.3944597, 0.106137596), (-1.5534357, 6.3723497, 0.08255748), (-1.4056377, 4.243409, -0.25689682), (-1.6302438, 4.0997205, -0.5635859), (-1.9900602, 3.8856258, -0.12629905), (-2.1027968, 3.792427, -0.67107815), (-2.8141878, 4.7040334, -0.37721458), (-2.924178, 4.8325796, -0.38240957), (-2.734724, 4.724345, 0.29162195), (-2.6386676, 4.651196, 0.28021598), (-2.6386676, 4.651196, 0.28021598), (-2.734724, 4.724345, 0.29162195), (-2.364429, 5.4014764, 0.5914792), (-2.280713, 5.327361, 0.59677273), (-1.3716323, 5.8901877, -0.5847212), (-1.420745, 5.9746966, -0.5965527), (-1.8937658, 5.259801, -1.5595698), (-1.829689, 5.178886, -1.5053656), (-1.829689, 5.178886, -1.5053656), (-1.8937658, 5.259801, -1.5595698), (-2.6897378, 4.770318, -1.0999782), (-2.6056118, 4.692351, -1.0563856), (-2.280713, 5.327361, 0.59677273), (-2.364429, 5.4014764, 0.5914792), (-1.8787506, 5.8645024, 0.2647109), (-1.8063498, 5.762539, 0.2903732), (-2.6056118, 4.692351, -1.0563856), (-2.6897378, 4.770318, -1.0999782), (-2.924178, 4.8325796, -0.38240957), (-2.8141878, 4.7040334, -0.37721458), (-2.1848562, 4.1621265, 0.24759653), (-2.2424822, 4.093468, 0.30449712), (-1.87542, 4.604641, 0.7721897), (-1.8398623, 4.6203046, 0.67228997), (-1.8398623, 4.6203046, 0.67228997), (-1.87542, 4.604641, 0.7721897), (-1.0560024, 4.815282, 0.6546205), (-1.0557917, 4.843816, 0.550867), (-0.9909488, 4.4877896, -0.99425614), (-0.9531472, 4.424376, -1.0719327), (-1.7298497, 4.06709, -1.1618068), (-1.6795049, 4.120858, -1.0746065), (-1.6795049, 4.120858, -1.0746065), (-1.7298497, 4.06709, -1.1618068), (-2.170373, 3.7246184, -0.7378593), (-2.1027968, 3.792427, -0.67107815), (-2.1027968, 3.792427, -0.67107815), (-2.170373, 3.7246184, -0.7378593), (-2.4989712, 3.8439672, -0.29519254), (-2.396529, 3.8711257, -0.28923368), (-1.1788361, 5.31307, 0.66230124), (-1.2167312, 5.356046, 0.74802274), (-0.66303444, 5.627745, 0.086629316), (-0.7419734, 5.5622177, 0.07428595), (-0.857623, 5.229733, -1.0745617), (-0.80694914, 5.297724, -1.1399807), (-0.9531472, 4.424376, -1.0719327), (-0.9909488, 4.4877896, -0.99425614), (-2.396529, 3.8711257, -0.28923368), (-2.4989712, 3.8439672, -0.29519254), (-2.2424822, 4.093468, 0.30449712), (-2.1848562, 4.1621265, 0.24759653), (-1.0557917, 4.843816, 0.550867), (-1.0560024, 4.815282, 0.6546205), (-1.2167312, 5.356046, 0.74802274), (-1.1788361, 5.31307, 0.66230124), (1.9402381, 4.255173, 2.1095269), (1.9753747, 4.3421726, 2.1670892), (1.7599111, 4.7804127, 1.611384), (1.6731678, 4.706943, 1.5578173), (1.0993162, 4.3408413, 2.6104503), (1.1307087, 4.4107504, 2.6622765), (1.5987185, 4.200735, 2.4883335), (1.5501772, 4.0556726, 2.4299235), (0.6414968, 5.2436247, 1.304761), (0.7400801, 5.3355284, 1.4027625), (0.61777997, 5.1351867, 1.7290046), (0.54338014, 5.062479, 1.6518011), (1.5501772, 4.0556726, 2.4299235), (1.5987185, 4.200735, 2.4883335), (1.9753747, 4.3421726, 2.1670892), (1.9402381, 4.255173, 2.1095269), (0.54338014, 5.062479, 1.6518011), (0.61777997, 5.1351867, 1.7290046), (0.7115346, 4.9448624, 2.274586), (0.635458, 4.847596, 2.237961), (0.635458, 4.847596, 2.237961), (0.7115346, 4.9448624, 2.274586), (1.1307087, 4.4107504, 2.6622765), (1.0993162, 4.3408413, 2.6104503), (1.1957948, 4.518539, 0.7675546), (1.2032986, 4.5382757, 0.70380145), (0.919167, 4.236183, 0.91994214), (0.9427365, 4.2359, 0.97885025), (1.2912793, 3.6563897, 1.7504016), (1.2963046, 3.5964031, 1.7613138), (1.7529278, 3.6611125, 1.7871585), (1.700462, 3.701567, 1.767801), (0.9431167, 3.7001753, 2.239179), (0.9113324, 3.6782122, 2.2885218), (1.2048697, 3.548601, 2.1657867), (1.1885872, 3.6088707, 2.1408594), (0.9427365, 4.2359, 0.97885025), (0.919167, 4.236183, 0.91994214), (0.52699435, 4.526798, 1.121356), (0.5793522, 4.4977145, 1.1751318), (0.5793522, 4.4977145, 1.1751318), (0.52699435, 4.526798, 1.121356), (0.45610693, 4.3437276, 1.544372), (0.5143848, 4.3370533, 1.5411742), (0.5143848, 4.3370533, 1.5411742), (0.45610693, 4.3437276, 1.544372), (0.7757507, 3.9135942, 2.1153343), (0.8259576, 3.917117, 2.0793443), (-0.5419673, 6.238566, 1.6548638), (-0.6129265, 6.280045, 1.7145294), (-0.31157896, 5.8604417, 2.1051905), (-0.24853097, 5.848795, 2.0264204), (1.0725398, 5.7007847, 2.500042), (1.1122587, 5.7300806, 2.5888042), (1.5002198, 5.6795893, 2.236206), (1.4327186, 5.6555576, 2.1642191), (1.676728, 6.1145964, 1.7561059), (1.7574592, 6.1477118, 1.8080752), (1.5370638, 6.6587048, 1.4941353), (1.4678237, 6.588245, 1.4705334), (-0.24853097, 5.848795, 2.0264204), (-0.31157896, 5.8604417, 2.1051905), (0.45515007, 5.700466, 2.5949035), (0.47669813, 5.681072, 2.4975631), (0.4623728, 7.0036097, 1.2342095), (0.45226035, 7.1043243, 1.2425424), (-0.3908895, 6.7913694, 1.3686581), (-0.33049998, 6.7146244, 1.3407551), (1.4327186, 5.6555576, 2.1642191), (1.5002198, 5.6795893, 2.236206), (1.7574592, 6.1477118, 1.8080752), (1.676728, 6.1145964, 1.7561059), (1.4678237, 6.588245, 1.4705334), (1.5370638, 6.6587048, 1.4941353), (1.0663303, 7.0849695, 1.113915), (1.0338094, 6.989526, 1.1017715), (-0.33049998, 6.7146244, 1.3407551), (-0.3908895, 6.7913694, 1.3686581), (-0.6129265, 6.280045, 1.7145294), (-0.5419673, 6.238566, 1.6548638), (-0.21629578, 5.9274216, 1.1396617), (-0.32469913, 5.869145, 1.0848382), (0.115014195, 5.3395987, 1.5402769), (0.210076, 5.4305496, 1.5112286), (0.44054973, 5.4935293, 1.9683229), (0.39577246, 5.3949094, 2.0484464), (0.82423383, 5.1902924, 1.7087895), (0.8244182, 5.320433, 1.6738986), (0.79845005, 6.3008313, 0.7715256), (0.85178435, 6.3800836, 0.6765282), (0.21788558, 6.5315146, 0.7412495), (0.2804323, 6.4289927, 0.80231565), (0.8244182, 5.320433, 1.6738986), (0.82423383, 5.1902924, 1.7087895), (1.2362726, 5.3220778, 1.6161327), (1.154789, 5.4276977, 1.6350693), (0.2804323, 6.4289927, 0.80231565), (0.21788558, 6.5315146, 0.7412495), (0.035978105, 6.1269298, 0.9487109), (0.10000362, 6.0795712, 1.0574026), (-0.79982924, 8.349028, -0.19899374), (-0.69934064, 8.499095, -0.27707317), (-0.034211814, 8.477204, 0.37085977), (-0.00070758164, 8.32187, 0.4593087), (0.9774867, 8.162504, 0.6235331), (0.9167604, 8.305805, 0.5251521), (1.0937304, 8.273629, 0.044542685), (1.158841, 8.128572, 0.14387068), (0.18596339, 8.361194, -1.297282), (0.27781639, 8.473796, -1.1898454), (-1.003761, 8.363191, -0.9893483), (-1.0782816, 8.221002, -0.9758962), (1.1489328, 7.994013, -0.5165795), (1.1074823, 8.138779, -0.5617211), (0.775025, 7.7668653, -1.1402302), (0.75760376, 7.58343, -1.1816479), (-0.00070758164, 8.32187, 0.4593087), (-0.034211814, 8.477204, 0.37085977), (0.9167604, 8.305805, 0.5251521), (0.9774867, 8.162504, 0.6235331), (0.8443292, 7.59725, 1.1552801), (0.8298812, 7.678736, 1.1780393), (1.2365729, 7.3815775, 0.8805107), (1.1982899, 7.342892, 0.86298925), (-0.0767414, 7.527996, 1.2889979), (-0.11884769, 7.6104074, 1.3164552), (0.8298812, 7.678736, 1.1780393), (0.8443292, 7.59725, 1.1552801), (0.7420754, 6.9230375, -1.3528787), (0.7791873, 6.970303, -1.4157946), (-0.8687015, 6.562597, -1.7932197), (-0.85128736, 6.5385594, -1.7103497), (1.0614867, 6.7665563, -0.8578337), (1.1263493, 6.8024225, -0.89924604), (0.7791873, 6.970303, -1.4157946), (0.7420754, 6.9230375, -1.3528787), (-1.8858616, 6.7545414, -1.0185848), (-1.9529669, 6.8066373, -1.0742795), (-2.1396015, 6.980005, -0.2510289), (-2.0459394, 6.9054165, -0.23275582), (-0.85128736, 6.5385594, -1.7103497), (-0.8687015, 6.562597, -1.7932197), (-1.9529669, 6.8066373, -1.0742795), (-1.8858616, 6.7545414, -1.0185848), (-2.1260848, 6.480579, 1.2430754), (-2.0838802, 6.5376673, 1.2657758), (-1.7754811, 6.4609275, 1.7369555), (-1.7730097, 6.421458, 1.7106318), (-0.87610793, 6.7504816, 0.83873785), (-0.8939831, 6.7877464, 0.8535892), (-1.2132393, 6.855912, 0.46060282), (-1.2146028, 6.809399, 0.430799), (-0.7121967, 6.638793, 1.3505186), (-0.7423353, 6.680338, 1.3439654), (-0.8939831, 6.7877464, 0.8535892), (-0.87610793, 6.7504816, 0.83873785), (-1.7730097, 6.421458, 1.7106318), (-1.7754811, 6.4609275, 1.7369555), (-1.2959534, 6.4882646, 1.7664778), (-1.3040314, 6.442331, 1.7701043), (-1.7357466, 6.0215507, 1.7698616), (-1.7466397, 6.0263224, 1.8441261), (-1.0044214, 6.0375133, 1.9722384), (-1.0763265, 6.003942, 1.9030792), (-2.110259, 5.9716105, 1.5665165), (-2.1688237, 5.9813232, 1.6034002), (-1.7466397, 6.0263224, 1.8441261), (-1.7357466, 6.0215507, 1.7698616), (-1.947959, 6.5437326, 0.35224), (-2.0000112, 6.577121, 0.2936368), (-2.299375, 6.035994, 0.5528208), (-2.21739, 6.0373783, 0.5892731), (-1.0763265, 6.003942, 1.9030792), (-1.0044214, 6.0375133, 1.9722384), (-0.31324026, 5.9202576, 1.5763618), (-0.45491508, 5.9010215, 1.5414292), (-0.83578575, 5.742164, -0.23465493), (-0.8350096, 5.8427057, -0.23929442), (-0.9707311, 5.357054, -1.2891709), (-0.97623587, 5.2882853, -1.219072), (-0.7414004, 5.699444, 0.067273006), (-0.74822974, 5.79023, 0.033851326), (-0.8350096, 5.8427057, -0.23929442), (-0.83578575, 5.742164, -0.23465493), (-0.9199713, 5.8119864, 0.268691), (-0.93072104, 5.9133396, 0.25054276), (-0.74822974, 5.79023, 0.033851326), (-0.7414004, 5.699444, 0.067273006), (-1.8914022, 4.9947934, 0.79806244), (-1.9430068, 5.039882, 0.8876152), (-1.5271353, 5.24464, 0.7137122), (-1.5173639, 5.172571, 0.6329382), (-1.8019874, 4.6346445, -1.3176395), (-1.8624628, 4.6400905, -1.417148), (-2.6149805, 4.1698446, -0.93922544), (-2.5100186, 4.164455, -0.8849757), (-0.97623587, 5.2882853, -1.219072), (-0.9707311, 5.357054, -1.2891709), (-1.3738035, 4.747288, -1.5904976), (-1.3529922, 4.717565, -1.481333), (-2.5090687, 4.201154, 0.13671586), (-2.6164768, 4.20172, 0.17152749), (-2.299091, 4.2738605, 0.55177385), (-2.2184064, 4.264827, 0.47608677), (-2.2184064, 4.264827, 0.47608677), (-2.299091, 4.2738605, 0.55177385), (-1.9430068, 5.039882, 0.8876152), (-1.8914022, 4.9947934, 0.79806244), (-0.16925722, 5.778112, 1.7783536), (-0.27896726, 5.7233677, 1.8163139), (-0.046476543, 5.5396495, 2.0774379), (0.031307604, 5.587302, 1.9871478), (0.62385666, 5.4553094, 2.208317), (0.6108187, 5.374661, 2.3073137), (1.255154, 5.195094, 2.0360758), (1.1811464, 5.264266, 1.9572659), (0.031307604, 5.587302, 1.9871478), (-0.046476543, 5.5396495, 2.0774379), (0.6108187, 5.374661, 2.3073137), (0.62385666, 5.4553094, 2.208317), (1.1811464, 5.264266, 1.9572659), (1.255154, 5.195094, 2.0360758), (1.6146224, 5.5723286, 1.6366621), (1.4924245, 5.6022778, 1.6112831), (0.12815899, 6.5925016, 1.1843845), (0.08516725, 6.6744194, 1.0954126), (-0.6320834, 6.318438, 1.1120331), (-0.5144986, 6.2679276, 1.121895), (1.4770625, 5.99046, 1.2869132), (1.5999341, 6.011433, 1.256287), (1.2825161, 6.522285, 0.91340256), (1.1904242, 6.462013, 0.9794161), (0.94096774, 4.0574474, 2.323404), (0.8675647, 4.035305, 2.38686), (1.2788814, 3.7265582, 2.5885894), (1.2525727, 3.74619, 2.4924974), (1.3249997, 4.802554, 0.91235393), (1.3993078, 4.864824, 0.8886602), (0.87295103, 5.165913, 0.8706468), (0.85972935, 5.088407, 0.9200698), (1.7094625, 4.225805, 1.6413856), (1.8084888, 4.2280593, 1.631489), (1.7699538, 4.3423843, 1.2959884), (1.6706461, 4.3163013, 1.3003902), (0.5236075, 4.7548857, 1.4131275), (0.44241923, 4.7726603, 1.3869466), (0.45310065, 4.514062, 1.9305303), (0.5415687, 4.5131397, 1.898683), (0.20344159, 3.479515, 0.16637266), (0.5815623, 3.7552218, 0.28448611), (0.5735021, 3.7949965, 0.18473363), (0.2539512, 3.5466661, 0.04660825), (0.22302501, 3.7713814, 0.15956269), (0.24299869, 3.8902137, 0.45301613), (0.2160033, 3.7728047, 0.4920843), (0.17251566, 3.7042303, 0.2793268), (0.14839083, 3.946746, 0.18372627), (0.22302501, 3.7713814, 0.15956269), (0.17251566, 3.7042303, 0.2793268), (0.058473915, 3.8936949, 0.25243422), (0.4408401, 3.8646126, 0.3394739), (0.70959026, 4.385786, 0.38366705), (0.7863277, 4.313759, 0.40649337), (0.5152315, 3.7900307, 0.3618573), (0.5735021, 3.7949965, 0.18473363), (0.76753384, 4.39136, 0.20645411), (0.4991108, 3.8695781, 0.16235018), (0.84427154, 4.319333, 0.22928049), (1.3238417, 4.755345, 0.34929484), (1.3456123, 4.685989, 0.35871533), (1.761787, 4.7747526, 0.47079775), (1.3238417, 4.755345, 0.34929484), (1.7637964, 4.730269, 0.47412604), (0.2539512, 3.5466661, 0.04660825), (0.5735021, 3.7949965, 0.18473363), (0.4991108, 3.8695781, 0.16235018), (0.26374277, 3.6925998, 0.04320325), (0.26374277, 3.6925998, 0.04320325), (0.4991108, 3.8695781, 0.16235018), (0.43277973, 3.9043868, 0.2397212), (0.22302501, 3.7713814, 0.15956269), (0.85366845, 4.280532, 0.32929918), (1.335838, 4.6529746, 0.4234264), (1.3456123, 4.685989, 0.35871533), (0.84427154, 4.319333, 0.22928049), (0.700193, 4.4245863, 0.28364846), (1.292297, 4.7916875, 0.404587), (1.2825233, 4.7586737, 0.4692981), (0.70959026, 4.385786, 0.38366705), (0.4991108, 3.8695781, 0.16235018), (0.76753384, 4.39136, 0.20645411), (0.700193, 4.4245863, 0.28364846), (0.43277973, 3.9043868, 0.2397212), (0.5152315, 3.7900307, 0.3618573), (0.7863277, 4.313759, 0.40649337), (0.85366845, 4.280532, 0.32929918), (0.5815623, 3.7552218, 0.28448611), (0.43277973, 3.9043868, 0.2397212), (0.700193, 4.4245863, 0.28364846), (0.70959026, 4.385786, 0.38366705), (0.4408401, 3.8646126, 0.3394739), (0.5815623, 3.7552218, 0.28448611), (0.85366845, 4.280532, 0.32929918), (0.84427154, 4.319333, 0.22928049), (0.5735021, 3.7949965, 0.18473363), (1.3238417, 4.755345, 0.34929484), (1.761787, 4.7747526, 0.47079775), (1.7483386, 4.799166, 0.5056834), (1.292297, 4.7916875, 0.404587), (1.2825233, 4.7586737, 0.4692981), (1.7369001, 4.779097, 0.5438968), (1.7389098, 4.734614, 0.54722524), (1.3042936, 4.689318, 0.47871855), (0.70959026, 4.385786, 0.38366705), (1.2825233, 4.7586737, 0.4692981), (1.3042936, 4.689318, 0.47871855), (0.7863277, 4.313759, 0.40649337), (0.76753384, 4.39136, 0.20645411), (1.3238417, 4.755345, 0.34929484), (1.292297, 4.7916875, 0.404587), (0.700193, 4.4245863, 0.28364846), (0.7863277, 4.313759, 0.40649337), (1.3042936, 4.689318, 0.47871855), (1.335838, 4.6529746, 0.4234264), (0.85366845, 4.280532, 0.32929918), (1.7523577, 4.7102, 0.5123394), (1.7483386, 4.799166, 0.5056834), (1.761787, 4.7747526, 0.47079775), (1.7389098, 4.734614, 0.54722524), (1.7369001, 4.779097, 0.5438968), (1.3042936, 4.689318, 0.47871855), (1.7389098, 4.734614, 0.54722524), (1.7523577, 4.7102, 0.5123394), (1.335838, 4.6529746, 0.4234264), (1.292297, 4.7916875, 0.404587), (1.7483386, 4.799166, 0.5056834), (1.7369001, 4.779097, 0.5438968), (1.2825233, 4.7586737, 0.4692981), (0.36250454, 3.9219048, 0.4255517), (0.55588937, 3.927423, 0.80440724), (0.4882615, 3.90901, 0.8568658), (0.24299869, 3.8902137, 0.45301613), (0.55588937, 3.927423, 0.80440724), (0.81940675, 3.9554944, 1.238465), (0.8798773, 3.9718366, 1.1944512), (0.24299869, 3.8902137, 0.45301613), (0.4882615, 3.90901, 0.8568658), (0.48107848, 3.8294737, 0.8927386), (0.2160033, 3.7728047, 0.4920843), (0.16272384, 3.5582967, 0.28273162), (0.3085115, 3.6870859, 0.5036875), (0.42801642, 3.7187767, 0.47622162), (0.5152315, 3.7900307, 0.3618573), (0.43277973, 3.9043868, 0.2397212), (0.36250454, 3.9219048, 0.4255517), (0.24299869, 3.8902137, 0.45301613), (0.22302501, 3.7713814, 0.15956269), (0.17251566, 3.7042303, 0.2793268), (0.2160033, 3.7728047, 0.4920843), (0.3085115, 3.6870859, 0.5036875), (0.16272384, 3.5582967, 0.28273162), (0.4408401, 3.8646126, 0.3394739), (0.455014, 3.836186, 0.437154), (0.36250454, 3.9219048, 0.4255517), (0.43277973, 3.9043868, 0.2397212), (0.54152143, 3.768351, 0.8761524), (0.865687, 3.8325322, 1.2563913), (0.9261565, 3.8488753, 1.212377), (0.60914826, 3.786765, 0.82369316), (0.48107848, 3.8294737, 0.8927386), (0.8123124, 3.8858426, 1.2694353), (0.865687, 3.8325322, 1.2563913), (0.54152143, 3.768351, 0.8761524), (0.2160033, 3.7728047, 0.4920843), (0.48107848, 3.8294737, 0.8927386), (0.54152143, 3.768351, 0.8761524), (0.3085115, 3.6870859, 0.5036875), (0.3085115, 3.6870859, 0.5036875), (0.54152143, 3.768351, 0.8761524), (0.60914826, 3.786765, 0.82369316), (0.42801642, 3.7187767, 0.47622162), (0.42801642, 3.7187767, 0.47622162), (0.60914826, 3.786765, 0.82369316), (0.6163324, 3.8663006, 0.78782034), (0.455014, 3.836186, 0.437154), (0.8798773, 3.9718366, 1.1944512), (1.0217332, 3.9906344, 1.5437379), (0.9711288, 3.9772494, 1.5708733), (0.81940675, 3.9554944, 1.238465), (0.81940675, 3.9554944, 1.238465), (0.9711288, 3.9772494, 1.5708733), (0.96299314, 3.9232576, 1.5931222), (0.8123124, 3.8858426, 1.2694353), (0.60914826, 3.786765, 0.82369316), (0.9261565, 3.8488753, 1.212377), (0.9332519, 3.9185271, 1.1814066), (0.6163324, 3.8663006, 0.78782034), (0.4882615, 3.90901, 0.8568658), (0.81940675, 3.9554944, 1.238465), (0.8123124, 3.8858426, 1.2694353), (0.48107848, 3.8294737, 0.8927386), (0.9711288, 3.9772494, 1.5708733), (1.0217332, 3.9906344, 1.5437379), (1.0642017, 3.9500282, 1.5388505), (0.96299314, 3.9232576, 1.5931222), (0.96299314, 3.9232576, 1.5931222), (1.0642017, 3.9500282, 1.5388505), (1.0560654, 3.8960369, 1.5610992), (1.0054617, 3.8826516, 1.588235), (0.9332519, 3.9185271, 1.1814066), (1.0642017, 3.9500282, 1.5388505), (1.0217332, 3.9906344, 1.5437379), (0.8798773, 3.9718366, 1.1944512), (0.865687, 3.8325322, 1.2563913), (1.0054617, 3.8826516, 1.588235), (1.0560654, 3.8960369, 1.5610992), (0.9261565, 3.8488753, 1.212377), (0.9261565, 3.8488753, 1.212377), (1.0560654, 3.8960369, 1.5610992), (1.0642017, 3.9500282, 1.5388505), (0.9332519, 3.9185271, 1.1814066), (-0.45763594, 6.9132633, -0.00089405477), (-0.40880537, 6.9125423, -0.035876602), (-0.35427245, 6.9298825, -0.024910867), (-0.3216941, 6.952679, 0.015940577), (-0.47562197, 6.9277062, 0.051086158), (-0.32602516, 6.9714117, 0.07052371), (-0.43740913, 6.953252, 0.09570936), (-0.37399858, 6.9697027, 0.09822777), (-0.1326035, 5.4198675, 0.28028458), (-0.16401818, 5.998657, 0.25402573), (-0.071044564, 5.8786716, 0.32530424), (-0.06109455, 5.419477, 0.34129134), (0.08770386, 5.3768597, 0.19737485), (0.069532186, 5.856213, 0.19609526), (0.02227409, 5.803276, 0.14715788), (0.025281502, 5.4206076, 0.13717021), (0.025281502, 5.4206076, 0.13717021), (0.02227409, 5.803276, 0.14715788), (-0.05726495, 5.803272, 0.14108954), (-0.060462236, 5.4180713, 0.13060464), (0.031279817, 5.803271, 0.32678148), (0.0037990063, 5.948313, 0.31049278), (0.05866821, 5.9605966, 0.26339766), (0.090059996, 5.8032684, 0.27894145), (0.090059996, 5.8032684, 0.27894145), (0.05866821, 5.9605966, 0.26339766), (0.059270248, 5.9087095, 0.19176248), (0.069532186, 5.856213, 0.19609526), (-0.13708888, 5.918192, 0.18636632), (-0.15884683, 6.032997, 0.17424251), (-0.17851979, 6.0707164, 0.24538921), (-0.16401818, 5.998657, 0.25402573), (0.02227409, 5.803276, 0.14715788), (0.0068785846, 5.8670654, 0.14066148), (-0.10725191, 6.0447507, 0.117806345), (-0.05726495, 5.803272, 0.14108954), (-0.07956314, 5.928108, 0.31941146), (-0.071044564, 5.8786716, 0.32530424), (-0.16401818, 5.998657, 0.25402573), (-0.17851979, 6.0707164, 0.24538921), (0.0037990063, 5.948313, 0.31049278), (0.031279817, 5.803271, 0.32678148), (-0.071044564, 5.8786716, 0.32530424), (-0.07956314, 5.928108, 0.31941146), (-0.10725191, 6.0447507, 0.117806345), (-0.40880537, 6.9125423, -0.035876602), (-0.45763594, 6.9132633, -0.00089405477), (-0.15884683, 6.032997, 0.17424251), (-0.20890076, 3.4387631, -0.1818901), (-0.38951913, 3.6662533, -0.20579927), (-0.41802737, 3.6436532, -0.20332108), (-0.2573702, 3.3435576, -0.20886716), (-0.21925841, 3.521572, -0.04359205), (-0.354718, 3.7426567, -0.080687195), (-0.38951913, 3.6662533, -0.20579927), (-0.20890076, 3.4387631, -0.1818901), (-0.2573702, 3.3435576, -0.20886716), (-0.41802737, 3.6436532, -0.20332108), (-0.5229366, 3.572592, -0.16369453), (-0.34405184, 3.2960088, -0.11402043), (-0.34405184, 3.2960088, -0.11402043), (-0.5229366, 3.572592, -0.16369453), (-0.53969425, 3.6168737, -0.03726484), (-0.37406614, 3.3402092, 0.013338119), (1.4854072, 4.994107, -1.406109), (1.5031191, 5.042081, -1.4162718), (1.4975684, 4.9666805, -1.7863553), (1.511268, 4.89902, -1.7695613), (1.2497722, 4.709123, -2.1255555), (1.2782862, 4.7366095, -2.1590283), (0.831788, 4.6774015, -2.4429278), (0.82852006, 4.64684, -2.399413), (-0.24309142, 4.488836, -1.9676446), (-0.26968572, 4.536758, -2.0015185), (0.04225956, 5.1124454, -1.7281593), (0.045620903, 5.0450234, -1.6976984), (0.82852006, 4.64684, -2.399413), (0.831788, 4.6774015, -2.4429278), (0.12857066, 4.7529345, -2.351587), (0.14571407, 4.7072167, -2.3187487), (0.045620903, 5.0450234, -1.6976984), (0.04225956, 5.1124454, -1.7281593), (0.4531359, 5.136044, -1.1515605), (0.47277835, 5.0567527, -1.1109351), (1.4102088, 5.0000257, -1.1315356), (1.401498, 5.0610943, -1.1474923), (1.5031191, 5.042081, -1.4162718), (1.4854072, 4.994107, -1.406109), (1.511268, 4.89902, -1.7695613), (1.4975684, 4.9666805, -1.7863553), (1.2782862, 4.7366095, -2.1590283), (1.2497722, 4.709123, -2.1255555), (0.14571407, 4.7072167, -2.3187487), (0.12857066, 4.7529345, -2.351587), (-0.26968572, 4.536758, -2.0015185), (-0.24309142, 4.488836, -1.9676446), (1.4004252, 4.0438805, -1.6544966), (1.4445198, 4.0462785, -1.6617821), (1.219202, 4.057574, -2.0862455), (1.1784524, 4.064287, -2.064384), (1.1784524, 4.064287, -2.064384), (1.219202, 4.057574, -2.0862455), (0.68437517, 3.9410152, -2.2847383), (0.6759349, 3.9624503, -2.2315767), (1.0279611, 4.373934, -0.84682286), (1.0283765, 4.39765, -0.7948314), (1.3971581, 4.3601236, -0.9520695), (1.3776572, 4.333591, -0.9927847), (-0.05022973, 3.9924068, -1.863336), (-0.11644599, 4.009975, -1.8817647), (-0.08245095, 4.070368, -1.4374163), (-0.01670797, 4.0579786, -1.4506283), (0.40557575, 5.1656127, -1.6083969), (0.46188512, 5.2497034, -1.6521487), (0.8345915, 5.2374363, -1.2890784), (0.85336477, 5.1503954, -1.2395151), (1.401498, 5.0610943, -1.1474923), (1.3674711, 5.141393, -1.2026207), (1.4666348, 5.123363, -1.4719309), (1.5031191, 5.042081, -1.4162718), (0.957966, 5.1724305, -2.223824), (1.009437, 5.235527, -2.1636226), (0.2913028, 5.173549, -2.0512729), (0.24954614, 5.093874, -2.0437343), (1.4975684, 4.9666805, -1.7863553), (1.4743409, 5.0478, -1.8116517), (1.2880478, 4.8393974, -2.1358206), (1.2782862, 4.7366095, -2.1590283), (0.85336477, 5.1503954, -1.2395151), (0.8345915, 5.2374363, -1.2890784), (1.3674711, 5.141393, -1.2026207), (1.401498, 5.0610943, -1.1474923), (1.3268822, 4.7443533, -0.84952635), (1.3187866, 4.790014, -0.8367735), (1.5466775, 4.623501, -1.0034943), (1.5252252, 4.6018233, -1.0133127), (0.81076026, 4.7055464, -0.7745975), (0.78716564, 4.751726, -0.7592123), (1.3187866, 4.790014, -0.8367735), (1.3268822, 4.7443533, -0.84952635), (1.2695849, 4.3665576, -2.2549772), (1.290381, 4.3930426, -2.290232), (0.3669836, 4.164584, -2.5017233), (0.3767414, 4.151114, -2.455288), (1.4485675, 4.278873, -1.9775794), (1.4849135, 4.2989707, -2.0007837), (1.290381, 4.3930426, -2.290232), (1.2695849, 4.3665576, -2.2549772), (-0.20298217, 4.2721405, -2.0676556), (-0.24058543, 4.3013325, -2.098864), (-0.34516585, 4.398479, -1.6375536), (-0.29268327, 4.3566837, -1.6273155), (0.3767414, 4.151114, -2.455288), (0.3669836, 4.164584, -2.5017233), (-0.24058543, 4.3013325, -2.098864), (-0.20298217, 4.2721405, -2.0676556), (2.8755138, 5.1450377, 0.33924899), (2.9080336, 5.183751, 0.35198623), (2.954178, 5.266482, -0.013669223), (2.944041, 5.1974974, -0.027303351), (2.7145298, 5.265964, -0.44420722), (2.7558281, 5.292608, -0.46074465), (2.376779, 5.5083694, -0.76608807), (2.3562376, 5.4664087, -0.7404836), (1.2216297, 5.534412, -0.4801311), (1.2173443, 5.5977488, -0.49114794), (1.6224302, 5.8728724, 0.02233298), (1.5999781, 5.802321, 0.02051547), (2.3562376, 5.4664087, -0.7404836), (2.376779, 5.5083694, -0.76608807), (1.7222373, 5.7809477, -0.6896697), (1.7185192, 5.723175, -0.6791414), (1.5999781, 5.802321, 0.02051547), (1.6224302, 5.8728724, 0.02233298), (1.8998748, 5.5244126, 0.57318974), (1.8872094, 5.434115, 0.5762266), (2.7524962, 5.0685606, 0.5843986), (2.765226, 5.1298704, 0.5961859), (2.9080336, 5.183751, 0.35198623), (2.8755138, 5.1450377, 0.33924899), (2.944041, 5.1974974, -0.027303351), (2.954178, 5.266482, -0.013669223), (2.7558281, 5.292608, -0.46074465), (2.7145298, 5.265964, -0.44420722), (1.7185192, 5.723175, -0.6791414), (1.7222373, 5.7809477, -0.6896697), (1.2173443, 5.5977488, -0.49114794), (1.2216297, 5.534412, -0.4801311), (2.5692606, 4.462249, -0.30251125), (2.612682, 4.451846, -0.30559516), (2.4889941, 4.7060194, -0.6943902), (2.448465, 4.717312, -0.6740587), (2.448465, 4.717312, -0.6740587), (2.4889941, 4.7060194, -0.6943902), (1.9936985, 4.870092, -0.9528245), (1.9814991, 4.8704476, -0.89618474), (2.1565316, 4.556158, 0.5465111), (2.1535175, 4.555844, 0.6035772), (2.519012, 4.4575276, 0.46617377), (2.5011091, 4.457645, 0.41696566), (1.2374525, 5.0036287, -0.5920937), (1.1842028, 5.0487976, -0.604628), (1.1456386, 4.914303, -0.1772278), (1.206209, 4.8861117, -0.1908912), (1.9543236, 5.7451596, 0.1730145), (2.040112, 5.814417, 0.17342311), (2.3136601, 5.5323343, 0.51471627), (2.2961621, 5.432231, 0.5223597), (2.765226, 5.1298704, 0.5961859), (2.7675862, 5.2317033, 0.5797695), (2.9084826, 5.2874827, 0.33538672), (2.9080336, 5.183751, 0.35198623), (2.5952594, 5.8004947, -0.3466721), (2.6498537, 5.8127995, -0.26227584), (1.9372714, 5.965155, -0.22770038), (1.8735566, 5.9088044, -0.25792554), (2.954178, 5.266482, -0.013669223), (2.9609838, 5.3535733, -0.0023323), (2.7902129, 5.3677044, -0.39458212), (2.7558281, 5.292608, -0.46074465), (2.2961621, 5.432231, 0.5223597), (2.3136601, 5.5323343, 0.51471627), (2.7675862, 5.2317033, 0.5797695), (2.765226, 5.1298704, 0.5961859), (2.5444613, 4.7691026, 0.72182965), (2.547613, 4.805818, 0.7527345), (2.745632, 4.650207, 0.5428988), (2.7211967, 4.643029, 0.52345943), (2.0351462, 4.885768, 0.74395), (2.0234163, 4.927273, 0.7765973), (2.547613, 4.805818, 0.7527345), (2.5444613, 4.7691026, 0.72182965), (2.6592464, 5.0179353, -0.7086302), (2.6933818, 5.0471025, -0.7276279), (1.8043717, 5.255762, -1.0677866), (1.8004088, 5.2226987, -1.0313979), (2.7464778, 4.772393, -0.48778358), (2.7909331, 4.7860003, -0.49788398), (2.6933818, 5.0471025, -0.7276279), (2.6592464, 5.0179353, -0.7086302), (1.216068, 5.3750596, -0.66218626), (1.1955111, 5.4252124, -0.67956984), (1.0345168, 5.3634715, -0.22851542), (1.0694956, 5.3056355, -0.2346453), (1.8004088, 5.2226987, -1.0313979), (1.8043717, 5.255762, -1.0677866), (1.1955111, 5.4252124, -0.67956984), (1.216068, 5.3750596, -0.66218626), (1.6902442, 6.562032, -0.12924623), (1.6530013, 6.693144, -0.1312969), (1.7380674, 6.715311, -0.89120084), (1.7328246, 6.5611467, -0.8852948), (0.39594004, 6.243649, -0.26427937), (0.37012053, 6.357083, -0.24916549), (1.0474898, 6.4158616, -0.021265477), (1.0889705, 6.2190723, 0.009708315), (0.6501977, 6.146167, -2.0346606), (0.6218014, 6.353682, -2.023146), (0.31676364, 6.245551, -1.6873558), (0.32705462, 6.0765386, -1.7275088), (1.0889705, 6.2190723, 0.009708315), (1.0474898, 6.4158616, -0.021265477), (1.6530013, 6.693144, -0.1312969), (1.6902442, 6.562032, -0.12924623), (0.32705462, 6.0765386, -1.7275088), (0.31676364, 6.245551, -1.6873558), (0.055936888, 6.390181, -1.1090876), (0.030365733, 6.2233024, -1.1220628), (0.030365733, 6.2233024, -1.1220628), (0.055936888, 6.390181, -1.1090876), (0.37012053, 6.357083, -0.24916549), (0.39594004, 6.243649, -0.26427937), (1.924005, 5.516114, -1.6004077), (1.972256, 5.5165305, -1.6590914), (1.6086172, 5.082332, -1.4549611), (1.590651, 5.126786, -1.3939743), (1.4563901, 5.265881, -0.40901488), (1.4753344, 5.2307158, -0.34835038), (1.9409347, 5.7106233, -0.05369343), (1.8925529, 5.6990695, -0.11417499), (0.7288761, 5.3478165, -0.18323003), (0.67017144, 5.335205, -0.13517275), (1.0923623, 5.343633, -0.036395695), (1.0758296, 5.3699546, -0.104667425), (1.590651, 5.126786, -1.3939743), (1.6086172, 5.082332, -1.4549611), (0.91311264, 5.191374, -1.7668219), (0.92905045, 5.215261, -1.6979228), (0.92905045, 5.215261, -1.6979228), (0.91311264, 5.191374, -1.7668219), (0.55802095, 5.202777, -1.3835821), (0.6219541, 5.231564, -1.3564404), (0.6219541, 5.231564, -1.3564404), (0.55802095, 5.202777, -1.3835821), (0.5727431, 5.367088, -0.52010846), (0.6453594, 5.385707, -0.5370673), (0.53679097, 5.7335553, -0.37709293), (0.43001714, 5.695346, -0.32853058), (0.809163, 5.791955, 0.24775438), (0.8431568, 5.745848, 0.1379799), (1.8637557, 6.011578, -1.5791203), (1.9271357, 6.124952, -1.6200155), (1.2736362, 6.025421, -2.1439934), (1.2618762, 5.9582872, -2.0356636), (1.8587176, 6.172716, -0.4877981), (1.9610822, 6.2372327, -0.46274137), (2.1495347, 6.1514955, -0.7954829), (2.0634964, 6.0487976, -0.8041383), (0.61146295, 5.596113, -1.6868588), (0.535635, 5.558333, -1.7646959), (0.20287259, 5.6137094, -1.1891333), (0.31736538, 5.6458836, -1.1773918), (-1.1052676, 7.8982034, -0.28743643), (-1.0584527, 8.062807, -0.28635007), (-1.1348553, 8.090638, 0.670589), (-1.1285111, 7.8970914, 0.6629682), (0.5242436, 7.498488, -0.16967228), (0.55603874, 7.640898, -0.189668), (-0.3030384, 7.714692, -0.448597), (-0.35632572, 7.4676323, -0.48580736), (0.27588063, 7.376104, 2.061991), (0.31105292, 7.636628, 2.0464091), (0.68041635, 7.500873, 1.6128733), (0.66910493, 7.2886877, 1.6636674), (-0.35632572, 7.4676323, -0.48580736), (-0.3030384, 7.714692, -0.448597), (-1.0584527, 8.062807, -0.28635007), (-1.1052676, 7.8982034, -0.28743643), (0.66910493, 7.2886877, 1.6636674), (0.68041635, 7.500873, 1.6128733), (0.98461676, 7.682452, 0.8768352), (1.0172218, 7.4729424, 0.892096), (1.0172218, 7.4729424, 0.892096), (0.98461676, 7.682452, 0.8768352), (0.55603874, 7.640898, -0.189668), (0.5242436, 7.498488, -0.16967228), (-1.3398565, 6.5851, 1.5679414), (-1.3980601, 6.5856223, 1.6435058), (-0.9499103, 6.0405064, 1.3728387), (-0.9298004, 6.096316, 1.295594), (-0.80065405, 6.2709436, 0.05428481), (-0.82684666, 6.2267947, -0.021081118), (-1.422857, 6.8292966, -0.37223142), (-1.3597305, 6.814792, -0.29827064), (0.10323223, 6.3738103, -0.2580826), (0.1749769, 6.357976, -0.3207281), (-0.35874054, 6.3685575, -0.42781973), (-0.3352705, 6.401603, -0.34280974), (-0.9298004, 6.096316, 1.295594), (-0.9499103, 6.0405064, 1.3728387), (-0.064722806, 6.1774035, 1.7363974), (-0.08747387, 6.207392, 1.6505799), (-0.08747387, 6.207392, 1.6505799), (-0.064722806, 6.1774035, 1.7363974), (0.36555067, 6.1917186, 1.2413244), (0.28424385, 6.2278605, 1.2098181), (0.28424385, 6.2278605, 1.2098181), (0.36555067, 6.1917186, 1.2413244), (0.31260076, 6.3980036, 0.15840712), (0.22215709, 6.42138, 0.1825868), (0.35200542, 6.858087, -0.022488058), (0.48404837, 6.8101163, -0.08768785), (-0.014721348, 6.9314055, -0.79568416), (-0.052996248, 6.8735204, -0.6565798), (-1.2651037, 7.2071323, 1.5388228), (-1.3430009, 7.349468, 1.5926694), (-0.50205624, 7.224512, 2.2240753), (-0.4916261, 7.1402283, 2.0876722), (-1.3023555, 7.4094334, 0.16920818), (-1.4318057, 7.4904313, 0.14185406), (-1.6549947, 7.382792, 0.56691015), (-1.5466847, 7.253859, 0.5743352), (0.31060058, 6.6855345, 1.6240153), (0.40885714, 6.638104, 1.7186596), (0.8034344, 6.7076263, 0.9831445), (0.65929794, 6.748019, 0.9729839)]
    color4f[] primvars:colors (
        elementSize = 1
        interpolation = "constant"
    )
    color3f[] primvars:displayColor = [(1, 1, 1)] (
        interpolation = "constant"
    )
    float[] primvars:displayOpacity = [1] (
        interpolation = "constant"
    )
    float2[] primvars:st = [(0.5625174, 0.60183907), (0.56179047, 0.6017463), (0.5609691, 0.601484), (0.5824071, 0.4228337), (0.58203363, 0.42253694), (0.5824071, 0.4228337), (0.56059575, 0.6011873), (0.56059563, 0.60118717), (0.56096905, 0.60148394), (0.8260392, 0.798466), (0.8290894, 0.80374944), (0.8229888, 0.8037494), (0.8199384, 0.80903256), (0.81383806, 0.8090327), (0.81688833, 0.8037494), (0.78943574, 0.798466), (0.79248595, 0.8037494), (0.7863854, 0.8037493), (0.80163676, 0.79846597), (0.80468714, 0.8037493), (0.7985865, 0.8037493), (0.81688833, 0.8143159), (0.8138381, 0.81959933), (0.81078774, 0.81431603), (0.8290894, 0.81431603), (0.8260392, 0.81959933), (0.8229889, 0.81431603), (0.78028494, 0.81431615), (0.7772347, 0.8195993), (0.77418435, 0.81431603), (0.792486, 0.81431603), (0.7863854, 0.81431586), (0.7894358, 0.8090327), (0.792486, 0.81431603), (0.7894358, 0.81959933), (0.7863854, 0.81431586), (0.81688833, 0.8143159), (0.8199385, 0.8195993), (0.8138381, 0.81959933), (0.8229889, 0.81431603), (0.8199385, 0.8195993), (0.81688833, 0.8143159), (0.8229889, 0.81431603), (0.8260392, 0.81959933), (0.8199385, 0.8195993), (0.8290894, 0.81431603), (0.83213985, 0.81959945), (0.8260392, 0.81959933), (0.83519006, 0.81431603), (0.83213985, 0.81959945), (0.8290894, 0.81431603), (0.83519006, 0.81431603), (0.8382405, 0.8195994), (0.83213985, 0.81959945), (0.78028494, 0.81431615), (0.7833352, 0.8195993), (0.7772347, 0.8195993), (0.7863854, 0.81431586), (0.7833352, 0.8195993), (0.78028494, 0.81431615), (0.7863854, 0.81431586), (0.7894358, 0.81959933), (0.7833352, 0.8195993), (0.792486, 0.81431603), (0.7955362, 0.81959933), (0.7894358, 0.81959933), (0.81078774, 0.81431603), (0.8138381, 0.81959933), (0.8077374, 0.8195993), (0.7955362, 0.81959933), (0.79248595, 0.8248825), (0.7894358, 0.81959933), (0.7985866, 0.82488257), (0.79248595, 0.8248825), (0.7955362, 0.81959933), (0.8077374, 0.8195993), (0.804687, 0.8248825), (0.80169684, 0.822569), (0.8107877, 0.8248825), (0.804687, 0.8248825), (0.8077374, 0.8195993), (0.8138381, 0.81959933), (0.8107877, 0.8248825), (0.8077374, 0.8195993), (0.80169684, 0.822569), (0.7985866, 0.82488257), (0.7955362, 0.81959933), (0.80468714, 0.8037493), (0.801637, 0.8090326), (0.7985865, 0.8037493), (0.780285, 0.8037495), (0.7833351, 0.8090327), (0.77723444, 0.80903256), (0.7741842, 0.8037493), (0.77723444, 0.80903256), (0.77113396, 0.8090326), (0.81688833, 0.8037494), (0.8107877, 0.8037494), (0.81383795, 0.79846597), (0.8290894, 0.80374944), (0.8321398, 0.8090327), (0.82603925, 0.8090328), (0.8290894, 0.80374944), (0.82603925, 0.8090328), (0.8229888, 0.8037494), (0.8229888, 0.8037494), (0.82603925, 0.8090328), (0.8199384, 0.80903256), (0.8260392, 0.798466), (0.8290894, 0.8037493), (0.82298887, 0.8037494), (0.8199385, 0.80903274), (0.8138379, 0.8090327), (0.81688833, 0.8037493), (0.77723455, 0.798466), (0.7802848, 0.8037493), (0.77418435, 0.8037494), (0.78943574, 0.798466), (0.7924859, 0.8037493), (0.78638554, 0.80374956), (0.8016368, 0.798466), (0.80468714, 0.80374926), (0.7985866, 0.80374944), (0.8168883, 0.814316), (0.81383795, 0.8195992), (0.8107876, 0.8143159), (0.8290894, 0.814316), (0.8260392, 0.8195992), (0.8229889, 0.81431603), (0.78028494, 0.8143161), (0.77723455, 0.8195993), (0.7741842, 0.8143159), (0.79248595, 0.814316), (0.78943574, 0.8195993), (0.7863854, 0.8143161), (0.80468714, 0.81431603), (0.8016368, 0.8195993), (0.7985865, 0.814316), (0.8168883, 0.814316), (0.81993854, 0.8195993), (0.81383795, 0.8195992), (0.8229889, 0.81431603), (0.81993854, 0.8195993), (0.8168883, 0.814316), (0.8229889, 0.81431603), (0.8260392, 0.8195992), (0.81993854, 0.8195993), (0.8290894, 0.814316), (0.8321399, 0.81959933), (0.8260392, 0.8195992), (0.8351901, 0.8143161), (0.8321399, 0.81959933), (0.8290894, 0.814316), (0.8351901, 0.8143161), (0.8382403, 0.8195992), (0.8321399, 0.81959933), (0.78028494, 0.8143161), (0.7833351, 0.8195992), (0.77723455, 0.8195993), (0.7863854, 0.8143161), (0.7833351, 0.8195992), (0.78028494, 0.8143161), (0.7863854, 0.8143161), (0.78943574, 0.8195993), (0.7833351, 0.8195992), (0.79248595, 0.814316), (0.79553616, 0.8195993), (0.78943574, 0.8195993), (0.7985865, 0.814316), (0.79553616, 0.8195993), (0.79248595, 0.814316), (0.7985865, 0.814316), (0.8016368, 0.8195993), (0.79553616, 0.8195993), (0.80468714, 0.81431603), (0.8077376, 0.8195994), (0.8016368, 0.8195993), (0.8107876, 0.8143159), (0.8077376, 0.8195994), (0.80468714, 0.81431603), (0.8107876, 0.8143159), (0.81383795, 0.8195992), (0.8077376, 0.8195994), (0.80468714, 0.80374926), (0.80773735, 0.8090327), (0.8016369, 0.8090327), (0.80468714, 0.80374926), (0.8016369, 0.8090327), (0.7985866, 0.80374944), (0.7985866, 0.80374944), (0.8016369, 0.8090327), (0.79553634, 0.8090327), (0.7924859, 0.8037493), (0.79553634, 0.8090327), (0.7894357, 0.8090326), (0.7924859, 0.8037493), (0.7894357, 0.8090326), (0.78638554, 0.80374956), (0.78638554, 0.80374956), (0.7894357, 0.8090326), (0.78333515, 0.8090327), (0.7802848, 0.8037493), (0.78333515, 0.8090327), (0.77723455, 0.80903274), (0.7802848, 0.8037493), (0.77723455, 0.80903274), (0.77418435, 0.8037494), (0.77418435, 0.8037494), (0.77723455, 0.80903274), (0.77113396, 0.80903256), (0.8138379, 0.8090327), (0.80773735, 0.8090327), (0.81078756, 0.8037493), (0.8138379, 0.8090327), (0.81078756, 0.8037493), (0.81688833, 0.8037493), (0.81688833, 0.8037493), (0.81078756, 0.8037493), (0.8138379, 0.7984659), (0.8290894, 0.8037493), (0.83213973, 0.8090327), (0.8260391, 0.80903256), (0.8290894, 0.8037493), (0.8260391, 0.80903256), (0.82298887, 0.8037494), (0.82298887, 0.8037494), (0.8260391, 0.80903256), (0.8199385, 0.80903274), (0.8260392, 0.798466), (0.8290894, 0.80374926), (0.82298887, 0.80374944), (0.81993866, 0.8090328), (0.81383795, 0.8090327), (0.81688833, 0.80374944), (0.77723444, 0.7984659), (0.7802849, 0.80374944), (0.77418435, 0.80374944), (0.8016367, 0.7984659), (0.80468726, 0.80374944), (0.7985866, 0.8037494), (0.81993866, 0.8090328), (0.81688845, 0.814316), (0.81383795, 0.8090327), (0.80773747, 0.8090327), (0.804687, 0.814316), (0.8016369, 0.8090327), (0.81993866, 0.8090328), (0.82298887, 0.814316), (0.81688845, 0.814316), (0.80773747, 0.8090327), (0.8107877, 0.81431586), (0.804687, 0.814316), (0.78028494, 0.81431615), (0.77723455, 0.8195993), (0.7741844, 0.8143161), (0.7924859, 0.814316), (0.78943574, 0.8195993), (0.7863852, 0.8143158), (0.8290894, 0.8143161), (0.83213985, 0.8195993), (0.8260392, 0.8195994), (0.83519006, 0.8143159), (0.83213985, 0.8195993), (0.8290894, 0.8143161), (0.83519006, 0.8143159), (0.8382404, 0.8195993), (0.83213985, 0.8195993), (0.78028494, 0.81431615), (0.78333515, 0.8195993), (0.77723455, 0.8195993), (0.7863852, 0.8143158), (0.78333515, 0.8195993), (0.78028494, 0.81431615), (0.7863852, 0.8143158), (0.78943574, 0.8195993), (0.78333515, 0.8195993), (0.7924859, 0.814316), (0.7955363, 0.81959933), (0.78943574, 0.8195993), (0.79858655, 0.8143159), (0.7955363, 0.81959933), (0.7924859, 0.814316), (0.79858655, 0.8143159), (0.80163676, 0.81959915), (0.7955363, 0.81959933), (0.8199385, 0.8195993), (0.81688833, 0.82488257), (0.813838, 0.81959933), (0.82298887, 0.82488257), (0.81688833, 0.82488257), (0.8199385, 0.8195993), (0.83213985, 0.8195993), (0.8290894, 0.82488257), (0.8260392, 0.8195994), (0.80773735, 0.81959915), (0.80468714, 0.82488257), (0.80163676, 0.81959915), (0.80163676, 0.81959915), (0.7985868, 0.8248827), (0.7955363, 0.81959933), (0.8260392, 0.8195994), (0.82298887, 0.82488257), (0.8199385, 0.8195993), (0.8260392, 0.8090327), (0.82298887, 0.814316), (0.81993866, 0.8090328), (0.81688845, 0.814316), (0.8107877, 0.81431586), (0.81383795, 0.8090327), (0.81383795, 0.8090327), (0.8107877, 0.81431586), (0.80773747, 0.8090327), (0.80468726, 0.80374944), (0.80773747, 0.8090327), (0.8016369, 0.8090327), (0.80468726, 0.80374944), (0.8016369, 0.8090327), (0.7985866, 0.8037494), (0.7985866, 0.8037494), (0.8016369, 0.8090327), (0.79553616, 0.8090326), (0.7924861, 0.8037494), (0.79553616, 0.8090326), (0.78943574, 0.8090327), (0.7863854, 0.80374944), (0.78943574, 0.8090327), (0.7833352, 0.8090327), (0.7802849, 0.80374944), (0.7833352, 0.8090327), (0.7772345, 0.8090327), (0.81383795, 0.8090327), (0.80773747, 0.8090327), (0.8107877, 0.80374944), (0.81383795, 0.8090327), (0.8107877, 0.80374944), (0.81688833, 0.80374944), (0.81688833, 0.80374944), (0.8107877, 0.80374944), (0.813838, 0.798466), (0.8290894, 0.80374926), (0.83213973, 0.8090327), (0.8260392, 0.8090327), (0.8290894, 0.80374926), (0.8260392, 0.8090327), (0.82298887, 0.80374944), (0.82298887, 0.80374944), (0.8260392, 0.8090327), (0.81993866, 0.8090328), (0.8260392, 0.798466), (0.8290894, 0.8037493), (0.82298887, 0.80374944), (0.81993854, 0.8090327), (0.813838, 0.8090326), (0.81688833, 0.8037493), (0.77723455, 0.798466), (0.78028494, 0.8037494), (0.7741843, 0.8037494), (0.78943574, 0.798466), (0.792486, 0.8037494), (0.7863854, 0.8037494), (0.8016368, 0.798466), (0.8046871, 0.8037493), (0.7985866, 0.80374926), (0.81993854, 0.8090327), (0.8168884, 0.81431603), (0.813838, 0.8090326), (0.80773747, 0.8090327), (0.8046872, 0.814316), (0.80163693, 0.8090327), (0.81993854, 0.8090327), (0.82298887, 0.814316), (0.8168884, 0.81431603), (0.80773747, 0.8090327), (0.81078786, 0.8143161), (0.8046872, 0.814316), (0.78028506, 0.81431615), (0.77723455, 0.81959915), (0.7741843, 0.814316), (0.7924861, 0.814316), (0.78943574, 0.8195992), (0.7863854, 0.81431586), (0.8290894, 0.81431603), (0.83213973, 0.8195993), (0.82603896, 0.8195991), (0.83519006, 0.8143159), (0.83213973, 0.8195993), (0.8290894, 0.81431603), (0.83519006, 0.8143159), (0.8382404, 0.8195993), (0.83213973, 0.8195993), (0.78028506, 0.81431615), (0.78333503, 0.8195991), (0.77723455, 0.81959915), (0.7863854, 0.81431586), (0.78333503, 0.8195991), (0.78028506, 0.81431615), (0.7863854, 0.81431586), (0.78943574, 0.8195992), (0.78333503, 0.8195991), (0.7924861, 0.814316), (0.79553616, 0.81959915), (0.78943574, 0.8195992), (0.7985867, 0.81431615), (0.79553616, 0.81959915), (0.7924861, 0.814316), (0.7985867, 0.81431615), (0.8016368, 0.81959933), (0.79553616, 0.81959915), (0.81993854, 0.8195993), (0.81688833, 0.8248827), (0.813838, 0.8195993), (0.82298887, 0.82488257), (0.81688833, 0.8248827), (0.81993854, 0.8195993), (0.83213973, 0.8195993), (0.8290894, 0.82488257), (0.82603896, 0.8195991), (0.80773747, 0.8195993), (0.80468726, 0.8248826), (0.8016368, 0.81959933), (0.8107877, 0.8248824), (0.80468726, 0.8248826), (0.80773747, 0.8195993), (0.813838, 0.8195993), (0.8107877, 0.8248824), (0.80773747, 0.8195993), (0.8016368, 0.81959933), (0.7985868, 0.82488275), (0.79553616, 0.81959915), (0.82603896, 0.8195991), (0.82298887, 0.82488257), (0.81993854, 0.8195993), (0.8260394, 0.8090327), (0.82298887, 0.814316), (0.81993854, 0.8090327), (0.8168884, 0.81431603), (0.81078786, 0.8143161), (0.813838, 0.8090326), (0.813838, 0.8090326), (0.81078786, 0.8143161), (0.80773747, 0.8090327), (0.8046871, 0.8037493), (0.80773747, 0.8090327), (0.80163693, 0.8090327), (0.8046871, 0.8037493), (0.80163693, 0.8090327), (0.7985866, 0.80374926), (0.7985866, 0.80374926), (0.80163693, 0.8090327), (0.7955362, 0.8090327), (0.792486, 0.8037494), (0.7955362, 0.8090327), (0.7894356, 0.8090325), (0.792486, 0.8037494), (0.7894356, 0.8090325), (0.7863854, 0.8037494), (0.7863854, 0.8037494), (0.7894356, 0.8090325), (0.7833352, 0.8090327), (0.78028494, 0.8037494), (0.7833352, 0.8090327), (0.7772347, 0.8090328), (0.78028494, 0.8037494), (0.7772347, 0.8090328), (0.7741843, 0.8037494), (0.7741843, 0.8037494), (0.7772347, 0.8090328), (0.771134, 0.8090327), (0.813838, 0.8090326), (0.80773747, 0.8090327), (0.8107877, 0.80374944), (0.813838, 0.8090326), (0.8107877, 0.80374944), (0.81688833, 0.8037493), (0.81688833, 0.8037493), (0.8107877, 0.80374944), (0.813838, 0.798466), (0.8290894, 0.8037493), (0.83213985, 0.8090328), (0.8260394, 0.8090327), (0.8290894, 0.8037493), (0.8260394, 0.8090327), (0.82298887, 0.80374944), (0.82298887, 0.80374944), (0.8260394, 0.8090327), (0.81993854, 0.8090327), (0.8260392, 0.798466), (0.8290894, 0.80374944), (0.82298887, 0.8037494), (0.81993866, 0.80903274), (0.8138381, 0.8090328), (0.81688833, 0.8037494), (0.77723455, 0.798466), (0.7802849, 0.8037493), (0.77418435, 0.80374944), (0.78943574, 0.798466), (0.792486, 0.8037494), (0.78638536, 0.8037494), (0.8016368, 0.798466), (0.80468714, 0.8037493), (0.7985866, 0.8037494), (0.8168882, 0.81431586), (0.813838, 0.8195993), (0.8107878, 0.8143161), (0.82908946, 0.814316), (0.8260392, 0.8195993), (0.82298887, 0.814316), (0.78028476, 0.8143159), (0.77723455, 0.8195993), (0.7741842, 0.81431586), (0.7924861, 0.81431603), (0.78943574, 0.8195993), (0.7863854, 0.8143159), (0.80468714, 0.814316), (0.8016368, 0.8195992), (0.7985866, 0.814316), (0.8168882, 0.81431586), (0.81993866, 0.8195994), (0.813838, 0.8195993), (0.82298887, 0.814316), (0.81993866, 0.8195994), (0.8168882, 0.81431586), (0.82298887, 0.814316), (0.8260392, 0.8195993), (0.81993866, 0.8195994), (0.82908946, 0.814316), (0.8321399, 0.8195993), (0.8260392, 0.8195993), (0.8351902, 0.8143161), (0.8321399, 0.8195993), (0.82908946, 0.814316), (0.8351902, 0.8143161), (0.8382404, 0.8195993), (0.8321399, 0.8195993), (0.78028476, 0.8143159), (0.78333515, 0.81959933), (0.77723455, 0.8195993), (0.7863854, 0.8143159), (0.78333515, 0.81959933), (0.78028476, 0.8143159), (0.7863854, 0.8143159), (0.78943574, 0.8195993), (0.78333515, 0.81959933), (0.7924861, 0.81431603), (0.7955364, 0.8195993), (0.78943574, 0.8195993), (0.7985866, 0.814316), (0.7955364, 0.8195993), (0.7924861, 0.81431603), (0.7985866, 0.814316), (0.8016368, 0.8195992), (0.7955364, 0.8195993), (0.80468714, 0.814316), (0.80773747, 0.8195993), (0.8016368, 0.8195992), (0.8107878, 0.8143161), (0.80773747, 0.8195993), (0.80468714, 0.814316), (0.8107878, 0.8143161), (0.813838, 0.8195993), (0.80773747, 0.8195993), (0.82298887, 0.82488257), (0.81993854, 0.83016586), (0.81688833, 0.82488257), (0.83519006, 0.8248825), (0.83213973, 0.83016586), (0.8290894, 0.8248826), (0.7863854, 0.8248825), (0.78333515, 0.83016586), (0.7802849, 0.82488257), (0.7985866, 0.82488257), (0.7955363, 0.83016586), (0.792486, 0.8248825), (0.8107877, 0.82488257), (0.80773747, 0.83016586), (0.80468714, 0.82488257), (0.7985866, 0.8037494), (0.801637, 0.8090328), (0.7955363, 0.8090326), (0.792486, 0.8037494), (0.7955363, 0.8090326), (0.78943574, 0.8090327), (0.792486, 0.8037494), (0.78943574, 0.8090327), (0.78638536, 0.8037494), (0.78638536, 0.8037494), (0.78943574, 0.8090327), (0.7833352, 0.8090328), (0.7802849, 0.8037493), (0.7833352, 0.8090328), (0.77723455, 0.8090326), (0.7802849, 0.8037493), (0.77723455, 0.8090326), (0.77418435, 0.80374944), (0.77418435, 0.80374944), (0.77723455, 0.8090326), (0.7711341, 0.8090328), (0.8138381, 0.8090328), (0.8077373, 0.8090326), (0.81078756, 0.8037493), (0.8138381, 0.8090328), (0.81078756, 0.8037493), (0.81688833, 0.8037494), (0.81688833, 0.8037494), (0.81078756, 0.8037493), (0.813838, 0.798466), (0.8290894, 0.80374944), (0.83213973, 0.80903274), (0.8260392, 0.8090327), (0.8290894, 0.80374944), (0.8260392, 0.8090327), (0.82298887, 0.8037494), (0.82298887, 0.8037494), (0.8260392, 0.8090327), (0.81993866, 0.80903274), (0.81993854, 0.8090326), (0.81688815, 0.8143158), (0.81383806, 0.8090328), (0.83213973, 0.8090327), (0.8290894, 0.814316), (0.8260392, 0.8090327), (0.7833352, 0.80903274), (0.7802849, 0.814316), (0.77723455, 0.8090326), (0.7955362, 0.8090326), (0.79248595, 0.81431603), (0.78943574, 0.80903274), (0.80773747, 0.8090327), (0.80468726, 0.8143161), (0.8016369, 0.8090328), (0.81993854, 0.8090326), (0.82298887, 0.81431603), (0.81688815, 0.8143158), (0.83213973, 0.8090327), (0.83519006, 0.81431603), (0.8290894, 0.814316), (0.7833352, 0.80903274), (0.7863855, 0.81431615), (0.7802849, 0.814316), (0.7955362, 0.8090326), (0.7985866, 0.81431603), (0.79248595, 0.81431603), (0.80773747, 0.8090327), (0.81078774, 0.814316), (0.80468726, 0.8143161), (0.8382404, 0.8195993), (0.83519006, 0.82488257), (0.83213973, 0.8195993), (0.78943574, 0.8195993), (0.7863854, 0.8248825), (0.78333527, 0.81959933), (0.8016368, 0.8195993), (0.7985867, 0.82488257), (0.7955362, 0.8195993), (0.80773735, 0.8195992), (0.80468726, 0.8248826), (0.8016368, 0.8195993), (0.7985867, 0.82488257), (0.79248595, 0.8248826), (0.7955362, 0.8195993), (0.7955362, 0.8195993), (0.79248595, 0.8248826), (0.78943574, 0.8195993), (0.7863854, 0.8248825), (0.7802848, 0.8248825), (0.78333527, 0.81959933), (0.78333527, 0.81959933), (0.7802848, 0.8248825), (0.77723455, 0.8195993), (0.80468726, 0.8143161), (0.7985866, 0.81431603), (0.8016369, 0.8090328), (0.8016369, 0.8090328), (0.7985866, 0.81431603), (0.7955362, 0.8090326), (0.79248595, 0.81431603), (0.7863855, 0.81431615), (0.78943574, 0.80903274), (0.78943574, 0.80903274), (0.7863855, 0.81431615), (0.7833352, 0.80903274), (0.7802849, 0.814316), (0.77418435, 0.81431603), (0.77723455, 0.8090326), (0.77723455, 0.8090326), (0.77418435, 0.81431603), (0.771134, 0.8090327), (0.8290894, 0.814316), (0.82298887, 0.81431603), (0.8260392, 0.8090327), (0.8260392, 0.8090327), (0.82298887, 0.81431603), (0.81993854, 0.8090326), (0.81688815, 0.8143158), (0.81078774, 0.814316), (0.81383806, 0.8090328), (0.81383806, 0.8090328), (0.81078774, 0.814316), (0.80773747, 0.8090327), (0.8199387, 0.8090328), (0.8168883, 0.814316), (0.8138378, 0.80903256), (0.83213973, 0.80903274), (0.8290895, 0.81431603), (0.8260393, 0.80903274), (0.7833352, 0.8090327), (0.7802849, 0.81431586), (0.77723455, 0.8090327), (0.7955363, 0.8090327), (0.79248613, 0.81431603), (0.7894356, 0.8090327), (0.8199387, 0.8090328), (0.82298887, 0.8143159), (0.8168883, 0.814316), (0.83213973, 0.80903274), (0.83519006, 0.81431603), (0.8290895, 0.81431603), (0.7833352, 0.8090327), (0.7863855, 0.814316), (0.7802849, 0.81431586), (0.7955363, 0.8090327), (0.79858655, 0.8143158), (0.79248613, 0.81431603), (0.80773747, 0.8090326), (0.8107877, 0.81431603), (0.8046871, 0.8143159), (0.8260392, 0.81959915), (0.8229889, 0.8248826), (0.8199384, 0.8195993), (0.78943574, 0.8195993), (0.7863855, 0.82488275), (0.78333515, 0.81959933), (0.8107877, 0.82488257), (0.80773747, 0.83016586), (0.80468714, 0.8248825), (0.8321397, 0.81959933), (0.82908934, 0.8248826), (0.8260392, 0.81959915), (0.8107877, 0.81431603), (0.8077375, 0.8195993), (0.8046871, 0.8143159), (0.8046871, 0.8143159), (0.8077375, 0.8195993), (0.8016368, 0.8195993), (0.79858655, 0.8143158), (0.8016368, 0.8195993), (0.79553634, 0.8195994), (0.79858655, 0.8143158), (0.79553634, 0.8195994), (0.79248613, 0.81431603), (0.8229889, 0.8248826), (0.81993854, 0.83016586), (0.81688833, 0.8248826), (0.8229889, 0.8248826), (0.81688833, 0.8248826), (0.8199384, 0.8195993), (0.8199384, 0.8195993), (0.81688833, 0.8248826), (0.81383795, 0.8195993), (0.8046871, 0.8143159), (0.8016368, 0.8195993), (0.79858655, 0.8143158), (0.7894356, 0.8090327), (0.7863855, 0.814316), (0.7833352, 0.8090327), (0.7802849, 0.81431586), (0.7741842, 0.8143159), (0.77723455, 0.8090327), (0.77723455, 0.8090327), (0.7741842, 0.8143159), (0.771134, 0.8090327), (0.8290895, 0.81431603), (0.82298887, 0.8143159), (0.8260393, 0.80903274), (0.8260393, 0.80903274), (0.82298887, 0.8143159), (0.8199387, 0.8090328), (0.8168883, 0.814316), (0.8107877, 0.81431603), (0.8138378, 0.80903256), (0.8138378, 0.80903256), (0.8107877, 0.81431603), (0.80773747, 0.8090326), (0.7985866, 0.8037493), (0.80163693, 0.8090327), (0.7955363, 0.8090327), (0.7924861, 0.8037493), (0.7955363, 0.8090327), (0.7894356, 0.8090327), (0.7924861, 0.8037493), (0.7894356, 0.8090327), (0.7863854, 0.8037494), (0.7863854, 0.8037494), (0.7894356, 0.8090327), (0.7833352, 0.8090327), (0.83213973, 0.8090327), (0.8290893, 0.814316), (0.8260392, 0.8090327), (0.7833352, 0.8090327), (0.7802849, 0.8143161), (0.77723455, 0.8090327), (0.7955363, 0.8090327), (0.79248613, 0.81431603), (0.78943586, 0.8090327), (0.83213973, 0.8090327), (0.83519006, 0.8143159), (0.8290893, 0.814316), (0.7833352, 0.8090327), (0.7863854, 0.8143161), (0.7802849, 0.8143161), (0.7955363, 0.8090327), (0.7985865, 0.8143159), (0.79248613, 0.81431603), (0.83824027, 0.8195993), (0.8351902, 0.8248826), (0.8321396, 0.8195993), (0.78943574, 0.81959945), (0.7863853, 0.8248825), (0.7833352, 0.8195993), (0.8107877, 0.82488257), (0.80773735, 0.83016574), (0.804687, 0.8248825), (0.7985867, 0.8248826), (0.7955363, 0.83016586), (0.7924861, 0.82488257), (0.7985867, 0.8248826), (0.7924861, 0.82488257), (0.7955363, 0.81959933), (0.7955363, 0.81959933), (0.7924861, 0.82488257), (0.78943574, 0.81959945), (0.7863853, 0.8248825), (0.78333515, 0.83016586), (0.78028476, 0.82488245), (0.7863853, 0.8248825), (0.78028476, 0.82488245), (0.7833352, 0.8195993), (0.7833352, 0.8195993), (0.78028476, 0.82488245), (0.77723455, 0.8195993), (0.8351902, 0.8248826), (0.83213973, 0.83016586), (0.8290894, 0.82488257), (0.8351902, 0.8248826), (0.8290894, 0.82488257), (0.8321396, 0.8195993), (0.82298887, 0.8248826), (0.81993854, 0.83016586), (0.81688833, 0.8248825), (0.8107877, 0.81431603), (0.8138382, 0.8195994), (0.80773747, 0.8195993), (0.8107877, 0.81431603), (0.80773747, 0.8195993), (0.8046869, 0.8143157), (0.8046869, 0.8143157), (0.80773747, 0.8195993), (0.80163693, 0.8195995), (0.82298887, 0.814316), (0.8260392, 0.8195993), (0.81993866, 0.81959933), (0.82298887, 0.814316), (0.81993866, 0.81959933), (0.81688833, 0.81431586), (0.81688833, 0.81431586), (0.81993866, 0.81959933), (0.8138382, 0.8195994), (0.8046869, 0.8143157), (0.80163693, 0.8195995), (0.7985865, 0.8143159), (0.8046869, 0.8143157), (0.7985865, 0.8143159), (0.8016369, 0.8090327), (0.8016369, 0.8090327), (0.7985865, 0.8143159), (0.7955363, 0.8090327), (0.79248613, 0.81431603), (0.7863854, 0.8143161), (0.78943586, 0.8090327), (0.78943586, 0.8090327), (0.7863854, 0.8143161), (0.7833352, 0.8090327), (0.7802849, 0.8143161), (0.7741843, 0.814316), (0.77723455, 0.8090327), (0.77723455, 0.8090327), (0.7741843, 0.814316), (0.7711339, 0.80903256), (0.8290893, 0.814316), (0.8260392, 0.8195993), (0.82298887, 0.814316), (0.8290893, 0.814316), (0.82298887, 0.814316), (0.8260392, 0.8090327), (0.81688833, 0.81431586), (0.8138382, 0.8195994), (0.8107877, 0.81431603), (0.81993854, 0.8090328), (0.81688833, 0.814316), (0.813838, 0.8090327), (0.83213973, 0.8090327), (0.82908934, 0.814316), (0.8260392, 0.8090327), (0.78333527, 0.8090328), (0.7802849, 0.81431603), (0.77723455, 0.8090328), (0.79553616, 0.80903256), (0.79248613, 0.814316), (0.78943574, 0.8090326), (0.8077374, 0.8090327), (0.80468714, 0.8143158), (0.80163693, 0.8090327), (0.81993854, 0.8090328), (0.82298887, 0.814316), (0.81688833, 0.814316), (0.83213973, 0.8090327), (0.83519006, 0.814316), (0.82908934, 0.814316), (0.78333527, 0.8090328), (0.7863853, 0.81431586), (0.7802849, 0.81431603), (0.79553616, 0.80903256), (0.7985866, 0.8143161), (0.79248613, 0.814316), (0.8077374, 0.8090327), (0.8107877, 0.81431586), (0.80468714, 0.8143158), (0.82603943, 0.8195994), (0.82298887, 0.8248826), (0.8199387, 0.81959945), (0.8382404, 0.8195993), (0.83519006, 0.82488245), (0.83213955, 0.81959915), (0.78943586, 0.8195993), (0.7863854, 0.82488257), (0.78333527, 0.8195994), (0.8016368, 0.8195994), (0.7985865, 0.82488257), (0.7955363, 0.8195993), (0.8138382, 0.81959945), (0.8107877, 0.8248826), (0.80773747, 0.8195993), (0.8107877, 0.8248826), (0.80468714, 0.8248825), (0.80773747, 0.8195993), (0.80773747, 0.8195993), (0.80468714, 0.8248825), (0.8016368, 0.8195994), (0.7985865, 0.82488257), (0.79248595, 0.82488245), (0.7955363, 0.8195993), (0.7955363, 0.8195993), (0.79248595, 0.82488245), (0.78943586, 0.8195993), (0.7863854, 0.82488257), (0.78028476, 0.8248824), (0.78333527, 0.8195994), (0.78333527, 0.8195994), (0.78028476, 0.8248824), (0.77723455, 0.8195993), (0.83519006, 0.82488245), (0.8290895, 0.8248826), (0.83213955, 0.81959915), (0.83213955, 0.81959915), (0.8290895, 0.8248826), (0.82603943, 0.8195994), (0.82298887, 0.8248826), (0.8168882, 0.82488245), (0.8199387, 0.81959945), (0.8199387, 0.81959945), (0.8168882, 0.82488245), (0.8138382, 0.81959945), (0.80468714, 0.8143158), (0.7985866, 0.8143161), (0.80163693, 0.8090327), (0.80163693, 0.8090327), (0.7985866, 0.8143161), (0.79553616, 0.80903256), (0.79248613, 0.814316), (0.7863853, 0.81431586), (0.78943574, 0.8090326), (0.78943574, 0.8090326), (0.7863853, 0.81431586), (0.78333527, 0.8090328), (0.7802849, 0.81431603), (0.7741844, 0.8143161), (0.77723455, 0.8090328), (0.77723455, 0.8090328), (0.7741844, 0.8143161), (0.771134, 0.8090327), (0.82908934, 0.814316), (0.82298887, 0.814316), (0.8260392, 0.8090327), (0.8260392, 0.8090327), (0.82298887, 0.814316), (0.81993854, 0.8090328), (0.81688833, 0.814316), (0.8107877, 0.81431586), (0.813838, 0.8090327), (0.813838, 0.8090327), (0.8107877, 0.81431586), (0.8077374, 0.8090327), (0.8382404, 0.8195993), (0.83519006, 0.8248826), (0.8321396, 0.8195993), (0.7985866, 0.8248826), (0.7955363, 0.83016586), (0.79248595, 0.8248826), (0.7863854, 0.8248826), (0.78333515, 0.83016586), (0.780285, 0.8248827), (0.7863854, 0.8248826), (0.780285, 0.8248827), (0.78333503, 0.8195993), (0.78333503, 0.8195993), (0.780285, 0.8248827), (0.77723455, 0.8195993), (0.83519006, 0.8248826), (0.83213973, 0.83016586), (0.82908946, 0.8248826), (0.83519006, 0.8248826), (0.82908946, 0.8248826), (0.8321396, 0.8195993), (0.82603914, 0.81959915), (0.8229888, 0.82488257), (0.8199385, 0.8195992), (0.813838, 0.8195993), (0.8107878, 0.8248826), (0.80773747, 0.81959933), (0.8107878, 0.8248826), (0.80773747, 0.83016586), (0.80468714, 0.8248827), (0.8107878, 0.8248826), (0.80468714, 0.8248827), (0.80773747, 0.81959933), (0.79858667, 0.8248826), (0.79553616, 0.83016574), (0.79248613, 0.8248826), (0.78638536, 0.8248825), (0.7833351, 0.8301658), (0.7802849, 0.8248826), (0.8351901, 0.8248826), (0.8321397, 0.8301658), (0.82908934, 0.8248826), (0.8351901, 0.8248826), (0.82908934, 0.8248826), (0.83213973, 0.8195992), (0.83213973, 0.8195992), (0.82908934, 0.8248826), (0.82603914, 0.81959915), (0.8229888, 0.82488257), (0.81993854, 0.83016586), (0.81688833, 0.8248825), (0.8229888, 0.82488257), (0.81688833, 0.8248825), (0.8199385, 0.8195992), (0.8199385, 0.8195992), (0.81688833, 0.8248825), (0.813838, 0.8195993), (0.83213973, 0.80903256), (0.8290894, 0.814316), (0.8260392, 0.8090327), (0.7833353, 0.8090328), (0.7802849, 0.8143158), (0.77723455, 0.8090327), (0.7955364, 0.8090327), (0.79248613, 0.8143161), (0.78943574, 0.80903274), (0.83213973, 0.80903256), (0.83519006, 0.814316), (0.8290894, 0.814316), (0.7833353, 0.8090328), (0.78638554, 0.81431603), (0.7802849, 0.8143158), (0.7955364, 0.8090327), (0.7985865, 0.8143158), (0.79248613, 0.8143161), (0.8382404, 0.8195993), (0.8351902, 0.8248827), (0.83213973, 0.8195993), (0.78943586, 0.8195994), (0.7863854, 0.8248826), (0.7833351, 0.8195993), (0.8107877, 0.8248826), (0.80773747, 0.83016586), (0.804687, 0.82488245), (0.7985866, 0.8248826), (0.7955363, 0.83016586), (0.79248595, 0.8248825), (0.7985866, 0.8248826), (0.79248595, 0.8248825), (0.7955363, 0.8195993), (0.7955363, 0.8195993), (0.79248595, 0.8248825), (0.78943586, 0.8195994), (0.7863854, 0.8248826), (0.78333515, 0.83016586), (0.7802849, 0.8248826), (0.7863854, 0.8248826), (0.7802849, 0.8248826), (0.7833351, 0.8195993), (0.7833351, 0.8195993), (0.7802849, 0.8248826), (0.77723455, 0.8195993), (0.8351902, 0.8248827), (0.83213973, 0.83016586), (0.8290893, 0.82488245), (0.8351902, 0.8248827), (0.8290893, 0.82488245), (0.83213973, 0.8195993), (0.82298887, 0.82488257), (0.81993854, 0.83016586), (0.81688833, 0.8248826), (0.8107877, 0.81431586), (0.81383824, 0.81959945), (0.80773747, 0.8195992), (0.8107877, 0.81431586), (0.80773747, 0.8195992), (0.80468714, 0.81431603), (0.80468714, 0.81431603), (0.80773747, 0.8195992), (0.8016368, 0.8195993), (0.82298887, 0.8143159), (0.8260392, 0.81959945), (0.8199387, 0.8195993), (0.82298887, 0.8143159), (0.8199387, 0.8195993), (0.81688833, 0.8143161), (0.81688833, 0.8143161), (0.8199387, 0.8195993), (0.81383824, 0.81959945), (0.80468714, 0.81431603), (0.8016368, 0.8195993), (0.7985865, 0.8143158), (0.80468714, 0.81431603), (0.7985865, 0.8143158), (0.8016367, 0.8090325), (0.8016367, 0.8090325), (0.7985865, 0.8143158), (0.7955364, 0.8090327), (0.79248613, 0.8143161), (0.78638554, 0.81431603), (0.78943574, 0.80903274), (0.78943574, 0.80903274), (0.78638554, 0.81431603), (0.7833353, 0.8090328), (0.7802849, 0.8143158), (0.7741842, 0.814316), (0.77723455, 0.8090327), (0.77723455, 0.8090327), (0.7741842, 0.814316), (0.77113414, 0.8090327), (0.8290894, 0.814316), (0.8260392, 0.81959945), (0.82298887, 0.8143159), (0.8290894, 0.814316), (0.82298887, 0.8143159), (0.8260392, 0.8090327), (0.81688833, 0.8143161), (0.81383824, 0.81959945), (0.8107877, 0.81431586), (0.8260392, 0.798466), (0.8290894, 0.8037493), (0.82298887, 0.8037494), (0.8199385, 0.80903274), (0.8138379, 0.8090327), (0.81688833, 0.8037493), (0.77723455, 0.798466), (0.7802848, 0.8037493), (0.77418435, 0.8037494), (0.78943574, 0.798466), (0.7924859, 0.8037493), (0.78638554, 0.80374956), (0.8016368, 0.798466), (0.80468714, 0.80374926), (0.7985866, 0.80374944), (0.8168883, 0.814316), (0.81383795, 0.8195992), (0.8107876, 0.8143159), (0.8290894, 0.814316), (0.8260392, 0.8195992), (0.8229889, 0.81431603), (0.78028494, 0.8143161), (0.77723455, 0.8195993), (0.7741842, 0.8143159), (0.79248595, 0.814316), (0.78943574, 0.8195993), (0.7863854, 0.8143161), (0.80468714, 0.81431603), (0.8016368, 0.8195993), (0.7985865, 0.814316), (0.8168883, 0.814316), (0.81993854, 0.8195993), (0.81383795, 0.8195992), (0.8229889, 0.81431603), (0.81993854, 0.8195993), (0.8168883, 0.814316), (0.8229889, 0.81431603), (0.8260392, 0.8195992), (0.81993854, 0.8195993), (0.8290894, 0.814316), (0.8321399, 0.81959933), (0.8260392, 0.8195992), (0.8351901, 0.8143161), (0.8321399, 0.81959933), (0.8290894, 0.814316), (0.8351901, 0.8143161), (0.8382403, 0.8195992), (0.8321399, 0.81959933), (0.78028494, 0.8143161), (0.7833351, 0.8195992), (0.77723455, 0.8195993), (0.7863854, 0.8143161), (0.7833351, 0.8195992), (0.78028494, 0.8143161), (0.7863854, 0.8143161), (0.78943574, 0.8195993), (0.7833351, 0.8195992), (0.79248595, 0.814316), (0.79553616, 0.8195993), (0.78943574, 0.8195993), (0.7985865, 0.814316), (0.79553616, 0.8195993), (0.79248595, 0.814316), (0.7985865, 0.814316), (0.8016368, 0.8195993), (0.79553616, 0.8195993), (0.80468714, 0.81431603), (0.8077376, 0.8195994), (0.8016368, 0.8195993), (0.8107876, 0.8143159), (0.8077376, 0.8195994), (0.80468714, 0.81431603), (0.8107876, 0.8143159), (0.81383795, 0.8195992), (0.8077376, 0.8195994), (0.80468714, 0.80374926), (0.80773735, 0.8090327), (0.8016369, 0.8090327), (0.80468714, 0.80374926), (0.8016369, 0.8090327), (0.7985866, 0.80374944), (0.7985866, 0.80374944), (0.8016369, 0.8090327), (0.79553634, 0.8090327), (0.7924859, 0.8037493), (0.79553634, 0.8090327), (0.7894357, 0.8090326), (0.7924859, 0.8037493), (0.7894357, 0.8090326), (0.78638554, 0.80374956), (0.78638554, 0.80374956), (0.7894357, 0.8090326), (0.78333515, 0.8090327), (0.7802848, 0.8037493), (0.78333515, 0.8090327), (0.77723455, 0.80903274), (0.7802848, 0.8037493), (0.77723455, 0.80903274), (0.77418435, 0.8037494), (0.77418435, 0.8037494), (0.77723455, 0.80903274), (0.77113396, 0.80903256), (0.8138379, 0.8090327), (0.80773735, 0.8090327), (0.81078756, 0.8037493), (0.8138379, 0.8090327), (0.81078756, 0.8037493), (0.81688833, 0.8037493), (0.81688833, 0.8037493), (0.81078756, 0.8037493), (0.8138379, 0.7984659), (0.8290894, 0.8037493), (0.83213973, 0.8090327), (0.8260391, 0.80903256), (0.8290894, 0.8037493), (0.8260391, 0.80903256), (0.82298887, 0.8037494), (0.82298887, 0.8037494), (0.8260391, 0.80903256), (0.8199385, 0.80903274), (0.81993854, 0.8090326), (0.81688815, 0.8143158), (0.81383806, 0.8090328), (0.83213973, 0.8090327), (0.8290894, 0.814316), (0.8260392, 0.8090327), (0.7833352, 0.80903274), (0.7802849, 0.814316), (0.77723455, 0.8090326), (0.7955362, 0.8090326), (0.79248595, 0.81431603), (0.78943574, 0.80903274), (0.80773747, 0.8090327), (0.80468726, 0.8143161), (0.8016369, 0.8090328), (0.81993854, 0.8090326), (0.82298887, 0.81431603), (0.81688815, 0.8143158), (0.83213973, 0.8090327), (0.83519006, 0.81431603), (0.8290894, 0.814316), (0.7833352, 0.80903274), (0.7863855, 0.81431615), (0.7802849, 0.814316), (0.7955362, 0.8090326), (0.7985866, 0.81431603), (0.79248595, 0.81431603), (0.80773747, 0.8090327), (0.81078774, 0.814316), (0.80468726, 0.8143161), (0.8382404, 0.8195993), (0.83519006, 0.82488257), (0.83213973, 0.8195993), (0.78943574, 0.8195993), (0.7863854, 0.8248825), (0.78333527, 0.81959933), (0.8016368, 0.8195993), (0.7985867, 0.82488257), (0.7955362, 0.8195993), (0.80773735, 0.8195992), (0.80468726, 0.8248826), (0.8016368, 0.8195993), (0.7985867, 0.82488257), (0.79248595, 0.8248826), (0.7955362, 0.8195993), (0.7955362, 0.8195993), (0.79248595, 0.8248826), (0.78943574, 0.8195993), (0.7863854, 0.8248825), (0.7802848, 0.8248825), (0.78333527, 0.81959933), (0.78333527, 0.81959933), (0.7802848, 0.8248825), (0.77723455, 0.8195993), (0.80468726, 0.8143161), (0.7985866, 0.81431603), (0.8016369, 0.8090328), (0.8016369, 0.8090328), (0.7985866, 0.81431603), (0.7955362, 0.8090326), (0.79248595, 0.81431603), (0.7863855, 0.81431615), (0.78943574, 0.80903274), (0.78943574, 0.80903274), (0.7863855, 0.81431615), (0.7833352, 0.80903274), (0.7802849, 0.814316), (0.77418435, 0.81431603), (0.77723455, 0.8090326), (0.77723455, 0.8090326), (0.77418435, 0.81431603), (0.771134, 0.8090327), (0.8290894, 0.814316), (0.82298887, 0.81431603), (0.8260392, 0.8090327), (0.8260392, 0.8090327), (0.82298887, 0.81431603), (0.81993854, 0.8090326), (0.81688815, 0.8143158), (0.81078774, 0.814316), (0.81383806, 0.8090328), (0.81383806, 0.8090328), (0.81078774, 0.814316), (0.80773747, 0.8090327), (0.82603914, 0.81959915), (0.8229888, 0.82488257), (0.8199385, 0.8195992), (0.813838, 0.8195993), (0.8107878, 0.8248826), (0.80773747, 0.81959933), (0.8107878, 0.8248826), (0.80773747, 0.83016586), (0.80468714, 0.8248827), (0.8107878, 0.8248826), (0.80468714, 0.8248827), (0.80773747, 0.81959933), (0.79858667, 0.8248826), (0.79553616, 0.83016574), (0.79248613, 0.8248826), (0.78638536, 0.8248825), (0.7833351, 0.8301658), (0.7802849, 0.8248826), (0.8351901, 0.8248826), (0.8321397, 0.8301658), (0.82908934, 0.8248826), (0.8351901, 0.8248826), (0.82908934, 0.8248826), (0.83213973, 0.8195992), (0.83213973, 0.8195992), (0.82908934, 0.8248826), (0.82603914, 0.81959915), (0.8229888, 0.82488257), (0.81993854, 0.83016586), (0.81688833, 0.8248825), (0.8229888, 0.82488257), (0.81688833, 0.8248825), (0.8199385, 0.8195992), (0.8199385, 0.8195992), (0.81688833, 0.8248825), (0.813838, 0.8195993), (0.8260392, 0.798466), (0.8290894, 0.8037493), (0.82298887, 0.8037494), (0.8199385, 0.80903274), (0.8138379, 0.8090327), (0.81688833, 0.8037493), (0.77723455, 0.798466), (0.7802848, 0.8037493), (0.77418435, 0.8037494), (0.78943574, 0.798466), (0.7924859, 0.8037493), (0.78638554, 0.80374956), (0.8016368, 0.798466), (0.80468714, 0.80374926), (0.7985866, 0.80374944), (0.8168883, 0.814316), (0.81383795, 0.8195992), (0.8107876, 0.8143159), (0.8290894, 0.814316), (0.8260392, 0.8195992), (0.8229889, 0.81431603), (0.78028494, 0.8143161), (0.77723455, 0.8195993), (0.7741842, 0.8143159), (0.79248595, 0.814316), (0.78943574, 0.8195993), (0.7863854, 0.8143161), (0.80468714, 0.81431603), (0.8016368, 0.8195993), (0.7985865, 0.814316), (0.8168883, 0.814316), (0.81993854, 0.8195993), (0.81383795, 0.8195992), (0.8229889, 0.81431603), (0.81993854, 0.8195993), (0.8168883, 0.814316), (0.8229889, 0.81431603), (0.8260392, 0.8195992), (0.81993854, 0.8195993), (0.8290894, 0.814316), (0.8321399, 0.81959933), (0.8260392, 0.8195992), (0.8351901, 0.8143161), (0.8321399, 0.81959933), (0.8290894, 0.814316), (0.8351901, 0.8143161), (0.8382403, 0.8195992), (0.8321399, 0.81959933), (0.78028494, 0.8143161), (0.7833351, 0.8195992), (0.77723455, 0.8195993), (0.7863854, 0.8143161), (0.7833351, 0.8195992), (0.78028494, 0.8143161), (0.7863854, 0.8143161), (0.78943574, 0.8195993), (0.7833351, 0.8195992), (0.79248595, 0.814316), (0.79553616, 0.8195993), (0.78943574, 0.8195993), (0.7985865, 0.814316), (0.79553616, 0.8195993), (0.79248595, 0.814316), (0.7985865, 0.814316), (0.8016368, 0.8195993), (0.79553616, 0.8195993), (0.80468714, 0.81431603), (0.8077376, 0.8195994), (0.8016368, 0.8195993), (0.8107876, 0.8143159), (0.8077376, 0.8195994), (0.80468714, 0.81431603), (0.8107876, 0.8143159), (0.81383795, 0.8195992), (0.8077376, 0.8195994), (0.80468714, 0.80374926), (0.80773735, 0.8090327), (0.8016369, 0.8090327), (0.80468714, 0.80374926), (0.8016369, 0.8090327), (0.7985866, 0.80374944), (0.7985866, 0.80374944), (0.8016369, 0.8090327), (0.79553634, 0.8090327), (0.7924859, 0.8037493), (0.79553634, 0.8090327), (0.7894357, 0.8090326), (0.7924859, 0.8037493), (0.7894357, 0.8090326), (0.78638554, 0.80374956), (0.78638554, 0.80374956), (0.7894357, 0.8090326), (0.78333515, 0.8090327), (0.7802848, 0.8037493), (0.78333515, 0.8090327), (0.77723455, 0.80903274), (0.7802848, 0.8037493), (0.77723455, 0.80903274), (0.77418435, 0.8037494), (0.77418435, 0.8037494), (0.77723455, 0.80903274), (0.77113396, 0.80903256), (0.8138379, 0.8090327), (0.80773735, 0.8090327), (0.81078756, 0.8037493), (0.8138379, 0.8090327), (0.81078756, 0.8037493), (0.81688833, 0.8037493), (0.81688833, 0.8037493), (0.81078756, 0.8037493), (0.8138379, 0.7984659), (0.8290894, 0.8037493), (0.83213973, 0.8090327), (0.8260391, 0.80903256), (0.8290894, 0.8037493), (0.8260391, 0.80903256), (0.82298887, 0.8037494), (0.82298887, 0.8037494), (0.8260391, 0.80903256), (0.8199385, 0.80903274), (0.81993854, 0.8090326), (0.81688815, 0.8143158), (0.81383806, 0.8090328), (0.83213973, 0.8090327), (0.8290894, 0.814316), (0.8260392, 0.8090327), (0.7833352, 0.80903274), (0.7802849, 0.814316), (0.77723455, 0.8090326), (0.7955362, 0.8090326), (0.79248595, 0.81431603), (0.78943574, 0.80903274), (0.80773747, 0.8090327), (0.80468726, 0.8143161), (0.8016369, 0.8090328), (0.81993854, 0.8090326), (0.82298887, 0.81431603), (0.81688815, 0.8143158), (0.83213973, 0.8090327), (0.83519006, 0.81431603), (0.8290894, 0.814316), (0.7833352, 0.80903274), (0.7863855, 0.81431615), (0.7802849, 0.814316), (0.7955362, 0.8090326), (0.7985866, 0.81431603), (0.79248595, 0.81431603), (0.80773747, 0.8090327), (0.81078774, 0.814316), (0.80468726, 0.8143161), (0.8382404, 0.8195993), (0.83519006, 0.82488257), (0.83213973, 0.8195993), (0.78943574, 0.8195993), (0.7863854, 0.8248825), (0.78333527, 0.81959933), (0.8016368, 0.8195993), (0.7985867, 0.82488257), (0.7955362, 0.8195993), (0.80773735, 0.8195992), (0.80468726, 0.8248826), (0.8016368, 0.8195993), (0.7985867, 0.82488257), (0.79248595, 0.8248826), (0.7955362, 0.8195993), (0.7955362, 0.8195993), (0.79248595, 0.8248826), (0.78943574, 0.8195993), (0.7863854, 0.8248825), (0.7802848, 0.8248825), (0.78333527, 0.81959933), (0.78333527, 0.81959933), (0.7802848, 0.8248825), (0.77723455, 0.8195993), (0.80468726, 0.8143161), (0.7985866, 0.81431603), (0.8016369, 0.8090328), (0.8016369, 0.8090328), (0.7985866, 0.81431603), (0.7955362, 0.8090326), (0.79248595, 0.81431603), (0.7863855, 0.81431615), (0.78943574, 0.80903274), (0.78943574, 0.80903274), (0.7863855, 0.81431615), (0.7833352, 0.80903274), (0.7802849, 0.814316), (0.77418435, 0.81431603), (0.77723455, 0.8090326), (0.77723455, 0.8090326), (0.77418435, 0.81431603), (0.771134, 0.8090327), (0.8290894, 0.814316), (0.82298887, 0.81431603), (0.8260392, 0.8090327), (0.8260392, 0.8090327), (0.82298887, 0.81431603), (0.81993854, 0.8090326), (0.81688815, 0.8143158), (0.81078774, 0.814316), (0.81383806, 0.8090328), (0.81383806, 0.8090328), (0.81078774, 0.814316), (0.80773747, 0.8090327), (0.82603914, 0.81959915), (0.8229888, 0.82488257), (0.8199385, 0.8195992), (0.813838, 0.8195993), (0.8107878, 0.8248826), (0.80773747, 0.81959933), (0.8107878, 0.8248826), (0.80773747, 0.83016586), (0.80468714, 0.8248827), (0.8107878, 0.8248826), (0.80468714, 0.8248827), (0.80773747, 0.81959933), (0.79858667, 0.8248826), (0.79553616, 0.83016574), (0.79248613, 0.8248826), (0.78638536, 0.8248825), (0.7833351, 0.8301658), (0.7802849, 0.8248826), (0.8351901, 0.8248826), (0.8321397, 0.8301658), (0.82908934, 0.8248826), (0.8351901, 0.8248826), (0.82908934, 0.8248826), (0.83213973, 0.8195992), (0.83213973, 0.8195992), (0.82908934, 0.8248826), (0.82603914, 0.81959915), (0.8229888, 0.82488257), (0.81993854, 0.83016586), (0.81688833, 0.8248825), (0.8229888, 0.82488257), (0.81688833, 0.8248825), (0.8199385, 0.8195992), (0.8199385, 0.8195992), (0.81688833, 0.8248825), (0.813838, 0.8195993), (0.8260392, 0.798466), (0.8290894, 0.8037493), (0.82298887, 0.80374944), (0.81993854, 0.8090327), (0.813838, 0.8090326), (0.81688833, 0.8037493), (0.77723455, 0.798466), (0.78028494, 0.8037494), (0.7741843, 0.8037494), (0.78943574, 0.798466), (0.792486, 0.8037494), (0.7863854, 0.8037494), (0.8016368, 0.798466), (0.8046871, 0.8037493), (0.7985866, 0.80374926), (0.81993854, 0.8090327), (0.8168884, 0.81431603), (0.813838, 0.8090326), (0.80773747, 0.8090327), (0.8046872, 0.814316), (0.80163693, 0.8090327), (0.81993854, 0.8090327), (0.82298887, 0.814316), (0.8168884, 0.81431603), (0.80773747, 0.8090327), (0.81078786, 0.8143161), (0.8046872, 0.814316), (0.78028506, 0.81431615), (0.77723455, 0.81959915), (0.7741843, 0.814316), (0.7924861, 0.814316), (0.78943574, 0.8195992), (0.7863854, 0.81431586), (0.8290894, 0.81431603), (0.83213973, 0.8195993), (0.82603896, 0.8195991), (0.83519006, 0.8143159), (0.83213973, 0.8195993), (0.8290894, 0.81431603), (0.83519006, 0.8143159), (0.8382404, 0.8195993), (0.83213973, 0.8195993), (0.78028506, 0.81431615), (0.78333503, 0.8195991), (0.77723455, 0.81959915), (0.7863854, 0.81431586), (0.78333503, 0.8195991), (0.78028506, 0.81431615), (0.7863854, 0.81431586), (0.78943574, 0.8195992), (0.78333503, 0.8195991), (0.7924861, 0.814316), (0.79553616, 0.81959915), (0.78943574, 0.8195992), (0.7985867, 0.81431615), (0.79553616, 0.81959915), (0.7924861, 0.814316), (0.7985867, 0.81431615), (0.8016368, 0.81959933), (0.79553616, 0.81959915), (0.81993854, 0.8195993), (0.81688833, 0.8248827), (0.813838, 0.8195993), (0.82298887, 0.82488257), (0.81688833, 0.8248827), (0.81993854, 0.8195993), (0.83213973, 0.8195993), (0.8290894, 0.82488257), (0.82603896, 0.8195991), (0.80773747, 0.8195993), (0.80468726, 0.8248826), (0.8016368, 0.81959933), (0.8107877, 0.8248824), (0.80468726, 0.8248826), (0.80773747, 0.8195993), (0.813838, 0.8195993), (0.8107877, 0.8248824), (0.80773747, 0.8195993), (0.8016368, 0.81959933), (0.7985868, 0.82488275), (0.79553616, 0.81959915), (0.82603896, 0.8195991), (0.82298887, 0.82488257), (0.81993854, 0.8195993), (0.8260394, 0.8090327), (0.82298887, 0.814316), (0.81993854, 0.8090327), (0.8168884, 0.81431603), (0.81078786, 0.8143161), (0.813838, 0.8090326), (0.813838, 0.8090326), (0.81078786, 0.8143161), (0.80773747, 0.8090327), (0.8046871, 0.8037493), (0.80773747, 0.8090327), (0.80163693, 0.8090327), (0.8046871, 0.8037493), (0.80163693, 0.8090327), (0.7985866, 0.80374926), (0.7985866, 0.80374926), (0.80163693, 0.8090327), (0.7955362, 0.8090327), (0.792486, 0.8037494), (0.7955362, 0.8090327), (0.7894356, 0.8090325), (0.792486, 0.8037494), (0.7894356, 0.8090325), (0.7863854, 0.8037494), (0.7863854, 0.8037494), (0.7894356, 0.8090325), (0.7833352, 0.8090327), (0.78028494, 0.8037494), (0.7833352, 0.8090327), (0.7772347, 0.8090328), (0.78028494, 0.8037494), (0.7772347, 0.8090328), (0.7741843, 0.8037494), (0.7741843, 0.8037494), (0.7772347, 0.8090328), (0.771134, 0.8090327), (0.813838, 0.8090326), (0.80773747, 0.8090327), (0.8107877, 0.80374944), (0.813838, 0.8090326), (0.8107877, 0.80374944), (0.81688833, 0.8037493), (0.81688833, 0.8037493), (0.8107877, 0.80374944), (0.813838, 0.798466), (0.8290894, 0.8037493), (0.83213985, 0.8090328), (0.8260394, 0.8090327), (0.8290894, 0.8037493), (0.8260394, 0.8090327), (0.82298887, 0.80374944), (0.82298887, 0.80374944), (0.8260394, 0.8090327), (0.81993854, 0.8090327), (0.83213973, 0.80903256), (0.8290894, 0.814316), (0.8260392, 0.8090327), (0.7833353, 0.8090328), (0.7802849, 0.8143158), (0.77723455, 0.8090327), (0.7955364, 0.8090327), (0.79248613, 0.8143161), (0.78943574, 0.80903274), (0.83213973, 0.80903256), (0.83519006, 0.814316), (0.8290894, 0.814316), (0.7833353, 0.8090328), (0.78638554, 0.81431603), (0.7802849, 0.8143158), (0.7955364, 0.8090327), (0.7985865, 0.8143158), (0.79248613, 0.8143161), (0.8382404, 0.8195993), (0.8351902, 0.8248827), (0.83213973, 0.8195993), (0.78943586, 0.8195994), (0.7863854, 0.8248826), (0.7833351, 0.8195993), (0.8107877, 0.8248826), (0.80773747, 0.83016586), (0.804687, 0.82488245), (0.7985866, 0.8248826), (0.7955363, 0.83016586), (0.79248595, 0.8248825), (0.7985866, 0.8248826), (0.79248595, 0.8248825), (0.7955363, 0.8195993), (0.7955363, 0.8195993), (0.79248595, 0.8248825), (0.78943586, 0.8195994), (0.7863854, 0.8248826), (0.78333515, 0.83016586), (0.7802849, 0.8248826), (0.7863854, 0.8248826), (0.7802849, 0.8248826), (0.7833351, 0.8195993), (0.7833351, 0.8195993), (0.7802849, 0.8248826), (0.77723455, 0.8195993), (0.8351902, 0.8248827), (0.83213973, 0.83016586), (0.8290893, 0.82488245), (0.8351902, 0.8248827), (0.8290893, 0.82488245), (0.83213973, 0.8195993), (0.82298887, 0.82488257), (0.81993854, 0.83016586), (0.81688833, 0.8248826), (0.8107877, 0.81431586), (0.81383824, 0.81959945), (0.80773747, 0.8195992), (0.8107877, 0.81431586), (0.80773747, 0.8195992), (0.80468714, 0.81431603), (0.80468714, 0.81431603), (0.80773747, 0.8195992), (0.8016368, 0.8195993), (0.82298887, 0.8143159), (0.8260392, 0.81959945), (0.8199387, 0.8195993), (0.80468714, 0.81431603), (0.8016368, 0.8195993), (0.7985865, 0.8143158), (0.80468714, 0.81431603), (0.7985865, 0.8143158), (0.8016367, 0.8090325), (0.8016367, 0.8090325), (0.7985865, 0.8143158), (0.7955364, 0.8090327), (0.79248613, 0.8143161), (0.78638554, 0.81431603), (0.78943574, 0.80903274), (0.78943574, 0.80903274), (0.78638554, 0.81431603), (0.7833353, 0.8090328), (0.7802849, 0.8143158), (0.7741842, 0.814316), (0.77723455, 0.8090327), (0.77723455, 0.8090327), (0.7741842, 0.814316), (0.77113414, 0.8090327), (0.8290894, 0.814316), (0.8260392, 0.81959945), (0.82298887, 0.8143159), (0.8290894, 0.814316), (0.82298887, 0.8143159), (0.8260392, 0.8090327), (0.81688833, 0.8143161), (0.81383824, 0.81959945), (0.8107877, 0.81431586), (0.8260392, 0.798466), (0.8290894, 0.8037493), (0.82298887, 0.80374944), (0.81993854, 0.8090327), (0.813838, 0.8090326), (0.81688833, 0.8037493), (0.77723455, 0.798466), (0.78028494, 0.8037494), (0.7741843, 0.8037494), (0.78943574, 0.798466), (0.792486, 0.8037494), (0.7863854, 0.8037494), (0.8016368, 0.798466), (0.8046871, 0.8037493), (0.7985866, 0.80374926), (0.81993854, 0.8090327), (0.8168884, 0.81431603), (0.813838, 0.8090326), (0.80773747, 0.8090327), (0.8046872, 0.814316), (0.80163693, 0.8090327), (0.81993854, 0.8090327), (0.82298887, 0.814316), (0.8168884, 0.81431603), (0.80773747, 0.8090327), (0.81078786, 0.8143161), (0.8046872, 0.814316), (0.78028506, 0.81431615), (0.77723455, 0.81959915), (0.7741843, 0.814316), (0.7924861, 0.814316), (0.78943574, 0.8195992), (0.7863854, 0.81431586), (0.8290894, 0.81431603), (0.83213973, 0.8195993), (0.82603896, 0.8195991), (0.83519006, 0.8143159), (0.83213973, 0.8195993), (0.8290894, 0.81431603), (0.83519006, 0.8143159), (0.8382404, 0.8195993), (0.83213973, 0.8195993), (0.78028506, 0.81431615), (0.78333503, 0.8195991), (0.77723455, 0.81959915), (0.7863854, 0.81431586), (0.78333503, 0.8195991), (0.78028506, 0.81431615), (0.7863854, 0.81431586), (0.78943574, 0.8195992), (0.78333503, 0.8195991), (0.7924861, 0.814316), (0.79553616, 0.81959915), (0.78943574, 0.8195992), (0.7985867, 0.81431615), (0.79553616, 0.81959915), (0.7924861, 0.814316), (0.7985867, 0.81431615), (0.8016368, 0.81959933), (0.79553616, 0.81959915), (0.81993854, 0.8195993), (0.81688833, 0.8248827), (0.813838, 0.8195993), (0.82298887, 0.82488257), (0.81688833, 0.8248827), (0.81993854, 0.8195993), (0.83213973, 0.8195993), (0.8290894, 0.82488257), (0.82603896, 0.8195991), (0.80773747, 0.8195993), (0.80468726, 0.8248826), (0.8016368, 0.81959933), (0.8107877, 0.8248824), (0.80468726, 0.8248826), (0.80773747, 0.8195993), (0.813838, 0.8195993), (0.8107877, 0.8248824), (0.80773747, 0.8195993), (0.8016368, 0.81959933), (0.7985868, 0.82488275), (0.79553616, 0.81959915), (0.82603896, 0.8195991), (0.82298887, 0.82488257), (0.81993854, 0.8195993), (0.8260394, 0.8090327), (0.82298887, 0.814316), (0.81993854, 0.8090327), (0.8168884, 0.81431603), (0.81078786, 0.8143161), (0.813838, 0.8090326), (0.813838, 0.8090326), (0.81078786, 0.8143161), (0.80773747, 0.8090327), (0.8046871, 0.8037493), (0.80773747, 0.8090327), (0.80163693, 0.8090327), (0.8046871, 0.8037493), (0.80163693, 0.8090327), (0.7985866, 0.80374926), (0.7985866, 0.80374926), (0.80163693, 0.8090327), (0.7955362, 0.8090327), (0.792486, 0.8037494), (0.7955362, 0.8090327), (0.7894356, 0.8090325), (0.792486, 0.8037494), (0.7894356, 0.8090325), (0.7863854, 0.8037494), (0.7863854, 0.8037494), (0.7894356, 0.8090325), (0.7833352, 0.8090327), (0.78028494, 0.8037494), (0.7833352, 0.8090327), (0.7772347, 0.8090328), (0.78028494, 0.8037494), (0.7772347, 0.8090328), (0.7741843, 0.8037494), (0.7741843, 0.8037494), (0.7772347, 0.8090328), (0.771134, 0.8090327), (0.813838, 0.8090326), (0.80773747, 0.8090327), (0.8107877, 0.80374944), (0.813838, 0.8090326), (0.8107877, 0.80374944), (0.81688833, 0.8037493), (0.81688833, 0.8037493), (0.8107877, 0.80374944), (0.813838, 0.798466), (0.8290894, 0.8037493), (0.83213985, 0.8090328), (0.8260394, 0.8090327), (0.8290894, 0.8037493), (0.8260394, 0.8090327), (0.82298887, 0.80374944), (0.82298887, 0.80374944), (0.8260394, 0.8090327), (0.81993854, 0.8090327), (0.83213973, 0.80903256), (0.8290894, 0.814316), (0.8260392, 0.8090327), (0.7833353, 0.8090328), (0.7802849, 0.8143158), (0.77723455, 0.8090327), (0.7955364, 0.8090327), (0.79248613, 0.8143161), (0.78943574, 0.80903274), (0.83213973, 0.80903256), (0.83519006, 0.814316), (0.8290894, 0.814316), (0.7833353, 0.8090328), (0.78638554, 0.81431603), (0.7802849, 0.8143158), (0.7955364, 0.8090327), (0.7985865, 0.8143158), (0.79248613, 0.8143161), (0.8382404, 0.8195993), (0.8351902, 0.8248827), (0.83213973, 0.8195993), (0.78943586, 0.8195994), (0.7863854, 0.8248826), (0.7833351, 0.8195993), (0.8107877, 0.8248826), (0.80773747, 0.83016586), (0.804687, 0.82488245), (0.7985866, 0.8248826), (0.7955363, 0.83016586), (0.79248595, 0.8248825), (0.7985866, 0.8248826), (0.79248595, 0.8248825), (0.7955363, 0.8195993), (0.7955363, 0.8195993), (0.79248595, 0.8248825), (0.78943586, 0.8195994), (0.7863854, 0.8248826), (0.78333515, 0.83016586), (0.7802849, 0.8248826), (0.7863854, 0.8248826), (0.7802849, 0.8248826), (0.7833351, 0.8195993), (0.7833351, 0.8195993), (0.7802849, 0.8248826), (0.77723455, 0.8195993), (0.8351902, 0.8248827), (0.83213973, 0.83016586), (0.8290893, 0.82488245), (0.8351902, 0.8248827), (0.8290893, 0.82488245), (0.83213973, 0.8195993), (0.82298887, 0.82488257), (0.81993854, 0.83016586), (0.81688833, 0.8248826), (0.8107877, 0.81431586), (0.81383824, 0.81959945), (0.80773747, 0.8195992), (0.8107877, 0.81431586), (0.80773747, 0.8195992), (0.80468714, 0.81431603), (0.80468714, 0.81431603), (0.80773747, 0.8195992), (0.8016368, 0.8195993), (0.82298887, 0.8143159), (0.8260392, 0.81959945), (0.8199387, 0.8195993), (0.80468714, 0.81431603), (0.8016368, 0.8195993), (0.7985865, 0.8143158), (0.80468714, 0.81431603), (0.7985865, 0.8143158), (0.8016367, 0.8090325), (0.8016367, 0.8090325), (0.7985865, 0.8143158), (0.7955364, 0.8090327), (0.79248613, 0.8143161), (0.78638554, 0.81431603), (0.78943574, 0.80903274), (0.78943574, 0.80903274), (0.78638554, 0.81431603), (0.7833353, 0.8090328), (0.7802849, 0.8143158), (0.7741842, 0.814316), (0.77723455, 0.8090327), (0.77723455, 0.8090327), (0.7741842, 0.814316), (0.77113414, 0.8090327), (0.8290894, 0.814316), (0.8260392, 0.81959945), (0.82298887, 0.8143159), (0.8290894, 0.814316), (0.82298887, 0.8143159), (0.8260392, 0.8090327), (0.81688833, 0.8143161), (0.81383824, 0.81959945), (0.8107877, 0.81431586), (0.56097937, 0.6010972), (0.5609837, 0.60109764), (0.5617155, 0.6012087), (0.5617155, 0.6012087), (0.5617155, 0.6012087), (0.56098425, 0.6010977), (0.56171554, 0.6012087), (0.5609884, 0.6010982), (0.56097937, 0.6010972), (0.5617155, 0.6012087), (0.56171554, 0.6012087), (0.56059575, 0.6011873), (0.5605957, 0.6011873), (0.5609796, 0.60109735), (0.56059575, 0.6011873), (0.5609796, 0.60109735), (0.56097937, 0.6010972), (0.5617905, 0.6017463), (0.56179047, 0.60174644), (0.560969, 0.60148376), (0.5617905, 0.6017463), (0.560969, 0.60148376), (0.5609691, 0.6014841), (0.56097937, 0.6010972), (0.5609796, 0.60109735), (0.5617156, 0.6012087), (0.56097937, 0.6010972), (0.5617156, 0.6012087), (0.5617403, 0.60121536), (0.5628495, 0.6017873), (0.5628494, 0.6017872), (0.5625175, 0.6018392), (0.5628495, 0.6017873), (0.5625175, 0.6018392), (0.5625174, 0.60183907), (0.56171554, 0.6012087), (0.5617155, 0.6012087), (0.5625363, 0.6015254), (0.56171554, 0.6012087), (0.5625363, 0.6015254), (0.56253415, 0.6015284), (0.56253403, 0.6015282), (0.5628494, 0.6017872), (0.56284946, 0.60178727), (0.56059563, 0.6011872), (0.56059563, 0.6011871), (0.560981, 0.6010983), (0.56059563, 0.6011872), (0.560981, 0.6010983), (0.5609795, 0.6010973), (0.560981, 0.6010983), (0.5609811, 0.6010984), (0.5609795, 0.60109717), (0.560981, 0.6010983), (0.5609795, 0.60109717), (0.5609795, 0.6010973), (0.5824176, 0.42244703), (0.5824175, 0.42244694), (0.5820337, 0.42253706), (0.5824176, 0.42244703), (0.5820337, 0.42253706), (0.58203363, 0.422537), (0.58462155, 0.42287815), (0.5846033, 0.42287815), (0.5860739, 0.42313698), (0.58462155, 0.42287815), (0.5860739, 0.42313698), (0.58607405, 0.4231371), (0.5609691, 0.601484), (0.5609693, 0.6014841), (0.5609691, 0.60148406), (0.5609691, 0.601484), (0.5609691, 0.60148406), (0.56096923, 0.60148406), (0.5617905, 0.6017465), (0.56179047, 0.6017463), (0.5625744, 0.60184646), (0.5617905, 0.6017465), (0.5625744, 0.60184646), (0.5625175, 0.6018392), (0.56096923, 0.60148406), (0.5609691, 0.60148406), (0.56179047, 0.6017463), (0.56096923, 0.60148406), (0.56179047, 0.6017463), (0.5617905, 0.6017465), (0.5625175, 0.6018392), (0.5625176, 0.6018392), (0.5617904, 0.6017463), (0.5625175, 0.6018392), (0.5617904, 0.6017463), (0.56179047, 0.6017463), (0.5609693, 0.6014841), (0.5609691, 0.60148394), (0.56096923, 0.60148394), (0.5609693, 0.6014841), (0.56096923, 0.60148394), (0.5609691, 0.60148406), (0.5625328, 0.60152495), (0.56253415, 0.6015283), (0.5628494, 0.6017872), (0.5625328, 0.60152495), (0.5628494, 0.6017872), (0.5628495, 0.6017873), (0.56059563, 0.6011871), (0.5605956, 0.60118705), (0.5609837, 0.60109764), (0.56059563, 0.6011871), (0.5609837, 0.60109764), (0.56097937, 0.6010972), (0.56179047, 0.6017463), (0.5617905, 0.6017463), (0.5609691, 0.6014841), (0.56059563, 0.60118717), (0.5605955, 0.6011871), (0.5609692, 0.60148394), (0.56059563, 0.60118717), (0.5609692, 0.60148394), (0.5609691, 0.6014841), (0.5609691, 0.6014838), (0.5605955, 0.6011871), (0.56059563, 0.6011871), (0.5609795, 0.60109735), (0.5609795, 0.6010972), (0.56171554, 0.6012087), (0.5609795, 0.60109735), (0.56171554, 0.6012087), (0.5617156, 0.6012087), (0.5609795, 0.6010972), (0.5609795, 0.60109735), (0.5617156, 0.6012087), (0.5609795, 0.6010972), (0.5617156, 0.6012087), (0.56175935, 0.601217), (0.56097955, 0.6010972), (0.5609796, 0.6010972), (0.56059563, 0.60118705), (0.56097955, 0.6010972), (0.56059563, 0.60118705), (0.56059575, 0.6011872), (0.5617156, 0.6012087), (0.5617154, 0.60120857), (0.5609795, 0.6010972), (0.5617156, 0.6012087), (0.5609795, 0.6010972), (0.5609796, 0.6010972), (0.5609795, 0.6010971), (0.5617154, 0.60120857), (0.5617156, 0.6012088), (0.5609796, 0.6010972), (0.5609795, 0.6010972), (0.56059563, 0.60118717), (0.5609796, 0.6010972), (0.56059563, 0.60118717), (0.56059563, 0.60118705), (0.5609795, 0.6010972), (0.5609795, 0.6010971), (0.5617156, 0.6012088), (0.5609795, 0.6010972), (0.5617156, 0.6012088), (0.5617156, 0.60120875), (0.5856067, 0.42253694), (0.5856067, 0.4225369), (0.58599055, 0.422447), (0.5856067, 0.42253694), (0.58599055, 0.422447), (0.5859914, 0.42244655), (0.58931494, 0.4249754), (0.5893147, 0.42497557), (0.5885881, 0.42488265), (0.58931494, 0.4249754), (0.5885881, 0.42488265), (0.588588, 0.42488265), (0.58397216, 0.42466462), (0.58397216, 0.42466468), (0.5842874, 0.42492348), (0.58397216, 0.42466462), (0.5842874, 0.42492348), (0.5842874, 0.4249235), (0.56059563, 0.6011871), (0.5605955, 0.6011871), (0.5609795, 0.6010972), (0.56059563, 0.6011871), (0.5609795, 0.6010972), (0.56097686, 0.6010958), (0.5625175, 0.6018392), (0.5625175, 0.6018393), (0.5617904, 0.60174626), (0.5625175, 0.6018392), (0.5617904, 0.60174626), (0.5617905, 0.6017465), (0.56284946, 0.60178727), (0.5628494, 0.6017872), (0.5625175, 0.6018393), (0.56284946, 0.60178727), (0.5625175, 0.6018393), (0.5625175, 0.6018392), (0.5893491, 0.4175254), (0.5893512, 0.41752625), (0.588513, 0.41719896), (0.5893491, 0.4175254), (0.588513, 0.41719896), (0.58851296, 0.41719896), (0.5609796, 0.6010972), (0.5609795, 0.60109735), (0.5617154, 0.6012087), (0.56253403, 0.6015282), (0.56171554, 0.6012087), (0.56171554, 0.6012088), (0.5609691, 0.60148394), (0.56096923, 0.60148406), (0.5605956, 0.60118705), (0.56251204, 0.60184133), (0.5625126, 0.601841), (0.5628494, 0.6017872), (0.56284934, 0.6017872), (0.5625082, 0.60184276), (0.5628495, 0.6017873), (0.56251204, 0.60184133), (0.5628494, 0.6017872), (0.56284934, 0.6017872), (0.5877818, 0.41708797), (0.58778125, 0.4170879), (0.5862711, 0.41829926), (0.5877818, 0.41708797), (0.5862711, 0.41829926), (0.5865239, 0.41804644), (0.56096923, 0.60148406), (0.5609691, 0.60148394), (0.56059563, 0.60118717), (0.56096923, 0.60148406), (0.56059563, 0.60118717), (0.56059563, 0.60118705), (0.7894358, 0.81959933), (0.78943574, 0.8195993), (0.78333515, 0.81959933), (0.7894358, 0.81959933), (0.78333515, 0.81959933), (0.7833352, 0.8195993), (0.8138381, 0.81959933), (0.81383795, 0.8195993), (0.8107877, 0.82488257), (0.8138381, 0.81959933), (0.8107877, 0.82488257), (0.8107877, 0.8248825), (0.7985866, 0.82488257), (0.7985866, 0.8248825), (0.792486, 0.8248826), (0.7985866, 0.82488257), (0.792486, 0.8248826), (0.79248595, 0.8248825), (0.8260392, 0.81959933), (0.8260392, 0.81959915), (0.8199384, 0.8195993), (0.8260392, 0.81959933), (0.8199384, 0.8195993), (0.8199385, 0.8195993), (0.801637, 0.8090326), (0.80163693, 0.8090327), (0.7985866, 0.8037493), (0.801637, 0.8090326), (0.7985866, 0.8037493), (0.7985865, 0.8037493), (0.8199384, 0.80903256), (0.8199387, 0.8090328), (0.8138378, 0.80903256), (0.8199384, 0.80903256), (0.8138378, 0.80903256), (0.81383806, 0.8090327), (0.82603925, 0.8090328), (0.8260393, 0.80903274), (0.8199387, 0.8090328), (0.82603925, 0.8090328), (0.8199387, 0.8090328), (0.8199384, 0.80903256), (0.8321398, 0.8090327), (0.83213973, 0.80903274), (0.8260393, 0.80903274), (0.8321398, 0.8090327), (0.8260393, 0.80903274), (0.82603925, 0.8090328), (0.80468714, 0.8143159), (0.8046871, 0.8143159), (0.79858655, 0.8143158), (0.80468714, 0.8143159), (0.79858655, 0.8143158), (0.79858667, 0.81431603), (0.79248595, 0.8037494), (0.7924861, 0.8037493), (0.7863854, 0.8037494), (0.79248595, 0.8037494), (0.7863854, 0.8037494), (0.7863854, 0.8037493), (0.780285, 0.8037495), (0.7802849, 0.8037494), (0.7833352, 0.8090327), (0.780285, 0.8037495), (0.7833352, 0.8090327), (0.7833351, 0.8090327), (0.8321399, 0.81959933), (0.83213973, 0.8195993), (0.8260392, 0.8195993), (0.8321399, 0.81959933), (0.8260392, 0.8195993), (0.8260392, 0.8195992), (0.8382403, 0.8195992), (0.8382404, 0.8195993), (0.83213973, 0.8195993), (0.8382403, 0.8195992), (0.83213973, 0.8195993), (0.8321399, 0.81959933), (0.8199385, 0.80903274), (0.81993854, 0.8090326), (0.81383806, 0.8090328), (0.8199385, 0.80903274), (0.81383806, 0.8090328), (0.8138379, 0.8090327), (0.78333515, 0.8090327), (0.7833352, 0.80903274), (0.77723455, 0.8090326), (0.78333515, 0.8090327), (0.77723455, 0.8090326), (0.77723455, 0.80903274), (0.77723455, 0.80903274), (0.77723455, 0.8090326), (0.771134, 0.8090327), (0.77723455, 0.80903274), (0.771134, 0.8090327), (0.77113396, 0.80903256), (0.8016369, 0.8090327), (0.8016369, 0.8090328), (0.7955362, 0.8090326), (0.8016369, 0.8090327), (0.7955362, 0.8090326), (0.79553634, 0.8090327), (0.8260391, 0.80903256), (0.8260392, 0.8090327), (0.81993854, 0.8090326), (0.8260391, 0.80903256), (0.81993854, 0.8090326), (0.8199385, 0.80903274), (0.79553634, 0.8090327), (0.7955362, 0.8090326), (0.78943574, 0.80903274), (0.79553634, 0.8090327), (0.78943574, 0.80903274), (0.7894357, 0.8090326), (0.82298887, 0.82488257), (0.82298887, 0.8248826), (0.81688833, 0.8248825), (0.82298887, 0.82488257), (0.81688833, 0.8248825), (0.81688833, 0.82488257), (0.8107877, 0.8248825), (0.8107877, 0.82488257), (0.804687, 0.8248825), (0.8107877, 0.8248825), (0.804687, 0.8248825), (0.80468714, 0.82488257), (0.8107877, 0.81431586), (0.8107877, 0.81431603), (0.8046869, 0.8143157), (0.8107877, 0.81431586), (0.8046869, 0.8143157), (0.804687, 0.814316), (0.81688845, 0.814316), (0.81688833, 0.81431586), (0.8107877, 0.81431603), (0.81688845, 0.814316), (0.8107877, 0.81431603), (0.8107877, 0.81431586), (0.7985868, 0.82488275), (0.7985866, 0.8248826), (0.7955363, 0.8195993), (0.7985868, 0.82488275), (0.7955363, 0.8195993), (0.79553616, 0.81959915), (0.8107877, 0.8248824), (0.8107877, 0.8248826), (0.804687, 0.82488245), (0.8107877, 0.8248824), (0.804687, 0.82488245), (0.80468726, 0.8248826), (0.7833352, 0.8090327), (0.7833353, 0.8090328), (0.77723455, 0.8090327), (0.7833352, 0.8090327), (0.77723455, 0.8090327), (0.7772347, 0.8090328), (0.83213985, 0.8090328), (0.83213973, 0.80903256), (0.8260392, 0.8090327), (0.83213985, 0.8090328), (0.8260392, 0.8090327), (0.8260394, 0.8090327), (0.81078786, 0.8143161), (0.8107877, 0.81431586), (0.80468714, 0.81431603), (0.81078786, 0.8143161), (0.80468714, 0.81431603), (0.8046872, 0.814316), (0.8168884, 0.81431603), (0.81688833, 0.8143161), (0.8107877, 0.81431586), (0.8168884, 0.81431603), (0.8107877, 0.81431586), (0.81078786, 0.8143161), (0.82298887, 0.814316), (0.82298887, 0.8143159), (0.81688833, 0.8143161), (0.82298887, 0.814316), (0.81688833, 0.8143161), (0.8168884, 0.81431603), (0.8321399, 0.8195993), (0.83213955, 0.81959915), (0.82603943, 0.8195994), (0.8321399, 0.8195993), (0.82603943, 0.8195994), (0.8260392, 0.8195993), (0.8016368, 0.8195992), (0.8016368, 0.8195994), (0.7955363, 0.8195993), (0.8016368, 0.8195992), (0.7955363, 0.8195993), (0.7955364, 0.8195993), (0.78943574, 0.8090327), (0.78943574, 0.8090326), (0.78333527, 0.8090328), (0.78943574, 0.8090327), (0.78333527, 0.8090328), (0.7833352, 0.8090328), (0.81993866, 0.80903274), (0.81993854, 0.8090328), (0.813838, 0.8090327), (0.81993866, 0.80903274), (0.813838, 0.8090327), (0.8138381, 0.8090328), (0.8138381, 0.8090328), (0.813838, 0.8090327), (0.8077374, 0.8090327), (0.8138381, 0.8090328), (0.8077374, 0.8090327), (0.8077373, 0.8090326), (0.8077373, 0.8090326), (0.8077374, 0.8090327), (0.80163693, 0.8090327), (0.8077373, 0.8090326), (0.80163693, 0.8090327), (0.801637, 0.8090328), (0.77723455, 0.8090326), (0.77723455, 0.8090328), (0.771134, 0.8090327), (0.77723455, 0.8090326), (0.771134, 0.8090327), (0.7711341, 0.8090328), (0.7863854, 0.8248825), (0.78638536, 0.8248825), (0.7802849, 0.8248826), (0.7863854, 0.8248825), (0.7802849, 0.8248826), (0.7802848, 0.8248825), (0.81993854, 0.8195993), (0.8199385, 0.8195992), (0.813838, 0.8195993), (0.81993854, 0.8195993), (0.813838, 0.8195993), (0.81383795, 0.8195992), (0.80773735, 0.8195992), (0.80773747, 0.81959933), (0.80468714, 0.8248827), (0.80773735, 0.8195992), (0.80468714, 0.8248827), (0.80468726, 0.8248826), (0.7863855, 0.81431615), (0.7863854, 0.8143161), (0.78028494, 0.8143161), (0.7863855, 0.81431615), (0.78028494, 0.8143161), (0.7802849, 0.814316), (0.81688815, 0.8143158), (0.8168883, 0.814316), (0.8107876, 0.8143159), (0.81688815, 0.8143158), (0.8107876, 0.8143159), (0.81078774, 0.814316), (0.82298887, 0.81431603), (0.8229889, 0.81431603), (0.8168883, 0.814316), (0.82298887, 0.81431603), (0.8168883, 0.814316), (0.81688815, 0.8143158), (0.7802849, 0.814316), (0.78028494, 0.8143161), (0.7741842, 0.8143159), (0.7802849, 0.814316), (0.7741842, 0.8143159), (0.77418435, 0.81431603), (0.8321397, 0.81959933), (0.8321396, 0.8195993), (0.82908946, 0.8248826), (0.8321397, 0.81959933), (0.82908946, 0.8248826), (0.82908934, 0.8248826), (0.7985866, 0.8248825), (0.7985866, 0.8248826), (0.79248595, 0.8248826), (0.7985866, 0.8248825), (0.79248595, 0.8248826), (0.792486, 0.8248826), (0.7863855, 0.82488275), (0.7863854, 0.8248826), (0.78333503, 0.8195993), (0.7863855, 0.82488275), (0.78333503, 0.8195993), (0.78333515, 0.81959933), (0.8168883, 0.814316), (0.81688833, 0.8143159), (0.81078774, 0.81431603), (0.8168883, 0.814316), (0.81078774, 0.81431603), (0.8107877, 0.81431603), (0.7894356, 0.8090327), (0.7894358, 0.8090327), (0.7863854, 0.81431586), (0.7894356, 0.8090327), (0.7863854, 0.81431586), (0.7863855, 0.814316), (0.7863855, 0.814316), (0.7863854, 0.81431586), (0.78028494, 0.81431615), (0.7863855, 0.814316), (0.78028494, 0.81431615), (0.7802849, 0.81431586), (0.79248613, 0.81431603), (0.792486, 0.81431603), (0.7894358, 0.8090327), (0.79248613, 0.81431603), (0.7894358, 0.8090327), (0.7894356, 0.8090327), (0.8107877, 0.81431603), (0.81078774, 0.81431603), (0.8077374, 0.8195993), (0.8107877, 0.81431603), (0.8077374, 0.8195993), (0.8077375, 0.8195993), (0.8077375, 0.8195993), (0.8077374, 0.8195993), (0.80169684, 0.822569), (0.8077375, 0.8195993), (0.80169684, 0.822569), (0.8016368, 0.8195993), (0.82298887, 0.8143159), (0.8229889, 0.81431603), (0.81688833, 0.8143159), (0.82298887, 0.8143159), (0.81688833, 0.8143159), (0.8168883, 0.814316), (0.8016368, 0.8195993), (0.80169684, 0.822569), (0.7955362, 0.81959933), (0.8016368, 0.8195993), (0.7955362, 0.81959933), (0.79553634, 0.8195994), (0.8260392, 0.8195993), (0.8260392, 0.8195994), (0.8199385, 0.8195993), (0.8260392, 0.8195993), (0.8199385, 0.8195993), (0.81993866, 0.81959933), (0.7985865, 0.8143159), (0.79858655, 0.8143159), (0.7924859, 0.814316), (0.7985865, 0.8143159), (0.7924859, 0.814316), (0.79248613, 0.81431603), (0.7863854, 0.8143161), (0.7863852, 0.8143158), (0.78028494, 0.81431615), (0.7863854, 0.8143161), (0.78028494, 0.81431615), (0.7802849, 0.8143161), (0.7863854, 0.82488257), (0.7863854, 0.8248825), (0.7802849, 0.82488257), (0.7863854, 0.82488257), (0.7802849, 0.82488257), (0.78028476, 0.8248824), (0.82298887, 0.8248826), (0.82298887, 0.82488257), (0.81688833, 0.82488257), (0.82298887, 0.8248826), (0.81688833, 0.82488257), (0.8168882, 0.82488245), (0.7985865, 0.82488257), (0.7985866, 0.82488257), (0.792486, 0.8248825), (0.7985865, 0.82488257), (0.792486, 0.8248825), (0.79248595, 0.82488245), (0.83519006, 0.82488245), (0.83519006, 0.8248825), (0.8290894, 0.8248826), (0.83519006, 0.82488245), (0.8290894, 0.8248826), (0.8290895, 0.8248826), (0.8107877, 0.8248826), (0.8107877, 0.82488257), (0.80468714, 0.82488257), (0.8107877, 0.8248826), (0.80468714, 0.82488257), (0.80468714, 0.8248825), (0.7985866, 0.8143161), (0.7985866, 0.814316), (0.7924861, 0.81431603), (0.7985866, 0.8143161), (0.7924861, 0.81431603), (0.79248613, 0.814316), (0.7863853, 0.81431586), (0.7863854, 0.8143159), (0.78028476, 0.8143159), (0.7863853, 0.81431586), (0.78028476, 0.8143159), (0.7802849, 0.81431603), (0.81688833, 0.814316), (0.8168882, 0.81431586), (0.8107878, 0.8143161), (0.81688833, 0.814316), (0.8107878, 0.8143161), (0.8107877, 0.81431586), (0.80468714, 0.8143158), (0.80468714, 0.814316), (0.7985866, 0.814316), (0.80468714, 0.8143158), (0.7985866, 0.814316), (0.7985866, 0.8143161), (0.8016368, 0.8195993), (0.8016368, 0.81959933), (0.7985867, 0.81431615), (0.8016368, 0.8195993), (0.7985867, 0.81431615), (0.7985865, 0.8143158), (0.7985865, 0.8143158), (0.7985867, 0.81431615), (0.7924861, 0.814316), (0.7985865, 0.8143158), (0.7924861, 0.814316), (0.79248613, 0.8143161), (0.78638554, 0.81431603), (0.7863854, 0.81431586), (0.78028506, 0.81431615), (0.78638554, 0.81431603), (0.78028506, 0.81431615), (0.7802849, 0.8143158), (0.83519006, 0.814316), (0.83519006, 0.8143159), (0.8290894, 0.81431603), (0.83519006, 0.814316), (0.8290894, 0.81431603), (0.8290894, 0.814316), (0.81383824, 0.81959945), (0.813838, 0.8195993), (0.80773747, 0.8195993), (0.81383824, 0.81959945), (0.80773747, 0.8195993), (0.80773747, 0.8195992), (0.8290894, 0.814316), (0.8290894, 0.81431603), (0.82603896, 0.8195991), (0.8290894, 0.814316), (0.82603896, 0.8195991), (0.8260392, 0.81959945), (0.8260392, 0.81959945), (0.82603896, 0.8195991), (0.81993854, 0.8195993), (0.8260392, 0.81959945), (0.81993854, 0.8195993), (0.8199387, 0.8195993), (0.5831535, 0.42255846), (0.5831536, 0.4225585), (0.58397216, 0.42287812), (0.5831535, 0.42255846), (0.58397216, 0.42287812), (0.5846033, 0.42287815), (0.56253403, 0.6015282), (0.56253415, 0.60152835), (0.56253415, 0.6015284), (0.56253403, 0.6015282), (0.56253415, 0.6015284), (0.5625341, 0.6015283), (0.5824176, 0.42244703), (0.5824175, 0.422447), (0.5831536, 0.4225585), (0.5824176, 0.42244703), (0.5831536, 0.4225585), (0.5831535, 0.42255846), (0.56610715, 0.6015283), (0.56610715, 0.6015284), (0.5661073, 0.6015285), (0.5645524, 0.6010973), (0.5645525, 0.6010973), (0.5645541, 0.60109854), (0.5645524, 0.6010973), (0.5645541, 0.60109854), (0.5645541, 0.6010984), (0.5609795, 0.60109717), (0.5609795, 0.6010972), (0.5617154, 0.60120857), (0.5609795, 0.60109717), (0.5617154, 0.60120857), (0.56171566, 0.6012088), (0.5617155, 0.60120857), (0.56253415, 0.6015284), (0.5625343, 0.60152847), (0.56171554, 0.6012087), (0.5617155, 0.60120857), (0.5625343, 0.60152847), (0.56171554, 0.6012087), (0.5625343, 0.60152847), (0.5625341, 0.6015283), (0.5663353, 0.5957351), (0.5663353, 0.59573495), (0.567075, 0.5958493), (0.5663353, 0.5957351), (0.567075, 0.5958493), (0.567075, 0.59584916), (0.5663353, 0.59573495), (0.5663353, 0.5957351), (0.56707513, 0.5958493), (0.5663353, 0.59573495), (0.56707513, 0.5958493), (0.567075, 0.5958493), (0.56098115, 0.6010984), (0.5609811, 0.6010984), (0.5609795, 0.60109717), (0.56098115, 0.6010984), (0.5609795, 0.60109717), (0.5609796, 0.6010973), (0.56171554, 0.6012088), (0.5617154, 0.6012087), (0.5625341, 0.6015283), (0.56171554, 0.6012088), (0.5625341, 0.6015283), (0.56253403, 0.6015282), (0.5625177, 0.6018394), (0.5625175, 0.6018392), (0.5617805, 0.6017469), (0.5625177, 0.6018394), (0.5617805, 0.6017469), (0.56179047, 0.6017464), (0.56171215, 0.60121095), (0.56171554, 0.6012087), (0.5625342, 0.6015284), (0.56171215, 0.60121095), (0.5625342, 0.6015284), (0.5625341, 0.6015282), (0.5911016, 0.42318895), (0.59106874, 0.42318475), (0.5903814, 0.4230994), (0.5911016, 0.42318895), (0.5903814, 0.4230994), (0.5903779, 0.42309773), (0.5625341, 0.6015283), (0.5625341, 0.6015282), (0.5628494, 0.60178727), (0.5625341, 0.6015283), (0.5628494, 0.60178727), (0.56284946, 0.60178727), (0.8321399, 0.81959933), (0.83213973, 0.8195993), (0.8260392, 0.8195993), (0.8321399, 0.81959933), (0.8260392, 0.8195993), (0.8260392, 0.8195992), (0.8382403, 0.8195992), (0.8382404, 0.8195993), (0.83213973, 0.8195993), (0.8382403, 0.8195992), (0.83213973, 0.8195993), (0.8321399, 0.81959933), (0.8199385, 0.80903274), (0.81993854, 0.8090326), (0.81383806, 0.8090328), (0.8199385, 0.80903274), (0.81383806, 0.8090328), (0.8138379, 0.8090327), (0.78333515, 0.8090327), (0.7833352, 0.80903274), (0.77723455, 0.8090326), (0.78333515, 0.8090327), (0.77723455, 0.8090326), (0.77723455, 0.80903274), (0.77723455, 0.80903274), (0.77723455, 0.8090326), (0.771134, 0.8090327), (0.77723455, 0.80903274), (0.771134, 0.8090327), (0.77113396, 0.80903256), (0.8016369, 0.8090327), (0.8016369, 0.8090328), (0.7955362, 0.8090326), (0.8016369, 0.8090327), (0.7955362, 0.8090326), (0.79553634, 0.8090327), (0.8260391, 0.80903256), (0.8260392, 0.8090327), (0.81993854, 0.8090326), (0.8260391, 0.80903256), (0.81993854, 0.8090326), (0.8199385, 0.80903274), (0.79553634, 0.8090327), (0.7955362, 0.8090326), (0.78943574, 0.80903274), (0.79553634, 0.8090327), (0.78943574, 0.80903274), (0.7894357, 0.8090326), (0.7863854, 0.8248825), (0.78638536, 0.8248825), (0.7802849, 0.8248826), (0.7863854, 0.8248825), (0.7802849, 0.8248826), (0.7802848, 0.8248825), (0.81993854, 0.8195993), (0.8199385, 0.8195992), (0.813838, 0.8195993), (0.81993854, 0.8195993), (0.813838, 0.8195993), (0.81383795, 0.8195992), (0.80773735, 0.8195992), (0.80773747, 0.81959933), (0.80468714, 0.8248827), (0.80773735, 0.8195992), (0.80468714, 0.8248827), (0.80468726, 0.8248826), (0.7863855, 0.81431615), (0.7863854, 0.8143161), (0.78028494, 0.8143161), (0.7863855, 0.81431615), (0.78028494, 0.8143161), (0.7802849, 0.814316), (0.81688815, 0.8143158), (0.8168883, 0.814316), (0.8107876, 0.8143159), (0.81688815, 0.8143158), (0.8107876, 0.8143159), (0.81078774, 0.814316), (0.82298887, 0.81431603), (0.8229889, 0.81431603), (0.8168883, 0.814316), (0.82298887, 0.81431603), (0.8168883, 0.814316), (0.81688815, 0.8143158), (0.7802849, 0.814316), (0.78028494, 0.8143161), (0.7741842, 0.8143159), (0.7802849, 0.814316), (0.7741842, 0.8143159), (0.77418435, 0.81431603), (0.8321399, 0.81959933), (0.83213973, 0.8195993), (0.8260392, 0.8195993), (0.8321399, 0.81959933), (0.8260392, 0.8195993), (0.8260392, 0.8195992), (0.8382403, 0.8195992), (0.8382404, 0.8195993), (0.83213973, 0.8195993), (0.8382403, 0.8195992), (0.83213973, 0.8195993), (0.8321399, 0.81959933), (0.8199385, 0.80903274), (0.81993854, 0.8090326), (0.81383806, 0.8090328), (0.8199385, 0.80903274), (0.81383806, 0.8090328), (0.8138379, 0.8090327), (0.78333515, 0.8090327), (0.7833352, 0.80903274), (0.77723455, 0.8090326), (0.78333515, 0.8090327), (0.77723455, 0.8090326), (0.77723455, 0.80903274), (0.77723455, 0.80903274), (0.77723455, 0.8090326), (0.771134, 0.8090327), (0.77723455, 0.80903274), (0.771134, 0.8090327), (0.77113396, 0.80903256), (0.8016369, 0.8090327), (0.8016369, 0.8090328), (0.7955362, 0.8090326), (0.8016369, 0.8090327), (0.7955362, 0.8090326), (0.79553634, 0.8090327), (0.8260391, 0.80903256), (0.8260392, 0.8090327), (0.81993854, 0.8090326), (0.8260391, 0.80903256), (0.81993854, 0.8090326), (0.8199385, 0.80903274), (0.79553634, 0.8090327), (0.7955362, 0.8090326), (0.78943574, 0.80903274), (0.79553634, 0.8090327), (0.78943574, 0.80903274), (0.7894357, 0.8090326), (0.7863854, 0.8248825), (0.78638536, 0.8248825), (0.7802849, 0.8248826), (0.7863854, 0.8248825), (0.7802849, 0.8248826), (0.7802848, 0.8248825), (0.81993854, 0.8195993), (0.8199385, 0.8195992), (0.813838, 0.8195993), (0.81993854, 0.8195993), (0.813838, 0.8195993), (0.81383795, 0.8195992), (0.80773735, 0.8195992), (0.80773747, 0.81959933), (0.80468714, 0.8248827), (0.80773735, 0.8195992), (0.80468714, 0.8248827), (0.80468726, 0.8248826), (0.7863855, 0.81431615), (0.7863854, 0.8143161), (0.78028494, 0.8143161), (0.7863855, 0.81431615), (0.78028494, 0.8143161), (0.7802849, 0.814316), (0.81688815, 0.8143158), (0.8168883, 0.814316), (0.8107876, 0.8143159), (0.81688815, 0.8143158), (0.8107876, 0.8143159), (0.81078774, 0.814316), (0.82298887, 0.81431603), (0.8229889, 0.81431603), (0.8168883, 0.814316), (0.82298887, 0.81431603), (0.8168883, 0.814316), (0.81688815, 0.8143158), (0.7802849, 0.814316), (0.78028494, 0.8143161), (0.7741842, 0.8143159), (0.7802849, 0.814316), (0.7741842, 0.8143159), (0.77418435, 0.81431603), (0.7985868, 0.82488275), (0.7985866, 0.8248826), (0.7955363, 0.8195993), (0.7985868, 0.82488275), (0.7955363, 0.8195993), (0.79553616, 0.81959915), (0.8107877, 0.8248824), (0.8107877, 0.8248826), (0.804687, 0.82488245), (0.8107877, 0.8248824), (0.804687, 0.82488245), (0.80468726, 0.8248826), (0.7833352, 0.8090327), (0.7833353, 0.8090328), (0.77723455, 0.8090327), (0.7833352, 0.8090327), (0.77723455, 0.8090327), (0.7772347, 0.8090328), (0.83213985, 0.8090328), (0.83213973, 0.80903256), (0.8260392, 0.8090327), (0.83213985, 0.8090328), (0.8260392, 0.8090327), (0.8260394, 0.8090327), (0.81078786, 0.8143161), (0.8107877, 0.81431586), (0.80468714, 0.81431603), (0.81078786, 0.8143161), (0.80468714, 0.81431603), (0.8046872, 0.814316), (0.8168884, 0.81431603), (0.81688833, 0.8143161), (0.8107877, 0.81431586), (0.8168884, 0.81431603), (0.8107877, 0.81431586), (0.81078786, 0.8143161), (0.82298887, 0.814316), (0.82298887, 0.8143159), (0.81688833, 0.8143161), (0.82298887, 0.814316), (0.81688833, 0.8143161), (0.8168884, 0.81431603), (0.8016368, 0.8195993), (0.8016368, 0.81959933), (0.7985867, 0.81431615), (0.8016368, 0.8195993), (0.7985867, 0.81431615), (0.7985865, 0.8143158), (0.7985865, 0.8143158), (0.7985867, 0.81431615), (0.7924861, 0.814316), (0.7985865, 0.8143158), (0.7924861, 0.814316), (0.79248613, 0.8143161), (0.78638554, 0.81431603), (0.7863854, 0.81431586), (0.78028506, 0.81431615), (0.78638554, 0.81431603), (0.78028506, 0.81431615), (0.7802849, 0.8143158), (0.83519006, 0.814316), (0.83519006, 0.8143159), (0.8290894, 0.81431603), (0.83519006, 0.814316), (0.8290894, 0.81431603), (0.8290894, 0.814316), (0.81383824, 0.81959945), (0.813838, 0.8195993), (0.80773747, 0.8195993), (0.81383824, 0.81959945), (0.80773747, 0.8195993), (0.80773747, 0.8195992), (0.8290894, 0.814316), (0.8290894, 0.81431603), (0.82603896, 0.8195991), (0.8290894, 0.814316), (0.82603896, 0.8195991), (0.8260392, 0.81959945), (0.8260392, 0.81959945), (0.82603896, 0.8195991), (0.81993854, 0.8195993), (0.8260392, 0.81959945), (0.81993854, 0.8195993), (0.8199387, 0.8195993), (0.7985868, 0.82488275), (0.7985866, 0.8248826), (0.7955363, 0.8195993), (0.7985868, 0.82488275), (0.7955363, 0.8195993), (0.79553616, 0.81959915), (0.8107877, 0.8248824), (0.8107877, 0.8248826), (0.804687, 0.82488245), (0.8107877, 0.8248824), (0.804687, 0.82488245), (0.80468726, 0.8248826), (0.7833352, 0.8090327), (0.7833353, 0.8090328), (0.77723455, 0.8090327), (0.7833352, 0.8090327), (0.77723455, 0.8090327), (0.7772347, 0.8090328), (0.83213985, 0.8090328), (0.83213973, 0.80903256), (0.8260392, 0.8090327), (0.83213985, 0.8090328), (0.8260392, 0.8090327), (0.8260394, 0.8090327), (0.81078786, 0.8143161), (0.8107877, 0.81431586), (0.80468714, 0.81431603), (0.81078786, 0.8143161), (0.80468714, 0.81431603), (0.8046872, 0.814316), (0.8168884, 0.81431603), (0.81688833, 0.8143161), (0.8107877, 0.81431586), (0.8168884, 0.81431603), (0.8107877, 0.81431586), (0.81078786, 0.8143161), (0.82298887, 0.814316), (0.82298887, 0.8143159), (0.81688833, 0.8143161), (0.82298887, 0.814316), (0.81688833, 0.8143161), (0.8168884, 0.81431603), (0.8016368, 0.8195993), (0.8016368, 0.81959933), (0.7985867, 0.81431615), (0.8016368, 0.8195993), (0.7985867, 0.81431615), (0.7985865, 0.8143158), (0.7985865, 0.8143158), (0.7985867, 0.81431615), (0.7924861, 0.814316), (0.7985865, 0.8143158), (0.7924861, 0.814316), (0.79248613, 0.8143161), (0.78638554, 0.81431603), (0.7863854, 0.81431586), (0.78028506, 0.81431615), (0.78638554, 0.81431603), (0.78028506, 0.81431615), (0.7802849, 0.8143158), (0.83519006, 0.814316), (0.83519006, 0.8143159), (0.8290894, 0.81431603), (0.83519006, 0.814316), (0.8290894, 0.81431603), (0.8290894, 0.814316), (0.81383824, 0.81959945), (0.813838, 0.8195993), (0.80773747, 0.8195993), (0.81383824, 0.81959945), (0.80773747, 0.8195993), (0.80773747, 0.8195992), (0.8290894, 0.814316), (0.8290894, 0.81431603), (0.82603896, 0.8195991), (0.8290894, 0.814316), (0.82603896, 0.8195991), (0.8260392, 0.81959945), (0.8260392, 0.81959945), (0.82603896, 0.8195991), (0.81993854, 0.8195993), (0.8260392, 0.81959945), (0.81993854, 0.8195993), (0.8199387, 0.8195993), (0.81383806, 0.8090327), (0.8077376, 0.80903274), (0.8107877, 0.8037494), (0.81688833, 0.8037494), (0.8107877, 0.8248825), (0.80468714, 0.82488257), (0.80773735, 0.81959915), (0.813838, 0.81959933), (0.7802849, 0.80374944), (0.7772345, 0.8090327), (0.77418435, 0.80374944), (0.771134, 0.8090327), (0.80468714, 0.8037493), (0.8077373, 0.8090326), (0.801637, 0.8090328), (0.7985866, 0.8037494), (0.82298887, 0.8143159), (0.8199387, 0.8195993), (0.81688833, 0.8143161), (0.81383824, 0.81959945), (0.82298887, 0.8143159), (0.8199387, 0.8195993), (0.81688833, 0.8143161), (0.81383824, 0.81959945), (0.5628494, 0.6017872), (0.5628494, 0.6017872), (0.5625126, 0.601841), (0.56251717, 0.6018393), (0.56253415, 0.6015284), (0.5625363, 0.6015254), (0.5628494, 0.6017872), (0.5628494, 0.6017872), (0.5628494, 0.6017872), (0.5633823, 0.5973093), (0.5629691, 0.59700626), (0.56253415, 0.60152835), (0.5625175, 0.60183907), (0.56179047, 0.6017463), (0.5620593, 0.59777063), (0.5629703, 0.5976244), (0.5628495, 0.6017873), (0.5628495, 0.6017872), (0.5625175, 0.6018392), (0.5625175, 0.6018392), (0.56171906, 0.6011509), (0.56253415, 0.60152835), (0.5629691, 0.59700626), (0.56198186, 0.5968331), (0.5628494, 0.6017872), (0.5625175, 0.60183907), (0.5629703, 0.5976244), (0.5633823, 0.5973093), (0.56179047, 0.6017463), (0.56096923, 0.60148406), (0.56114346, 0.59759015), (0.5620593, 0.59777063), (0.5629691, 0.59700626), (0.5633823, 0.5973093), (0.5629703, 0.5976244), (0.5620593, 0.59777063), (0.56198186, 0.5968331), (0.56114346, 0.59759015), (0.56103694, 0.5969667), (0.5606661, 0.5972772), (0.5625341, 0.6015282), (0.5625342, 0.6015284), (0.56284946, 0.6017873), (0.5628494, 0.60178727), (0.56179047, 0.6017463), (0.56179047, 0.6017463), (0.56096923, 0.601484), (0.5609691, 0.60148394), (0.56096923, 0.60148406), (0.56096923, 0.60148394), (0.56059563, 0.6011871), (0.56059563, 0.6011872), (0.5605957, 0.6011873), (0.5609691, 0.601484), (0.56096923, 0.60148406), (0.5609808, 0.60100436), (0.56171906, 0.6011509), (0.56198186, 0.5968331), (0.56103694, 0.5969667), (0.5606661, 0.5972772), (0.56114346, 0.59759015), (0.56096923, 0.60148406), (0.56059563, 0.6011871), (0.5606661, 0.5972772), (0.56059563, 0.6011871), (0.5609808, 0.60100436), (0.56103694, 0.5969667), (0.5628494, 0.60178727), (0.56284946, 0.6017873), (0.5625176, 0.60183924), (0.5625175, 0.6018392), (0.56179047, 0.6017462), (0.5609692, 0.60148394), (0.5609691, 0.6014838), (0.56179047, 0.6017463), (0.5609691, 0.6014841), (0.56171554, 0.6012087), (0.5617156, 0.6012087), (0.56097955, 0.6010972), (0.5609795, 0.6010972), (0.56251717, 0.6018393), (0.5625126, 0.601841), (0.56179047, 0.6017463), (0.56179047, 0.6017463), (0.56179047, 0.6017462), (0.56179047, 0.60174626), (0.5609691, 0.601484), (0.5609691, 0.60148394), (0.56179047, 0.6017464), (0.5617805, 0.6017469), (0.56096923, 0.6014842), (0.5609691, 0.60148394), (0.56253403, 0.6015282), (0.5625341, 0.6015283), (0.5628494, 0.6017872), (0.56284946, 0.6017873), (0.5625341, 0.6015284), (0.5625341, 0.6015283), (0.5625341, 0.6015283), (0.5628495, 0.6017872), (0.5628495, 0.6017873), (0.5617155, 0.6012087), (0.56175935, 0.601217), (0.5625342, 0.6015284), (0.5625341, 0.6015284), (0.5628494, 0.6017872), (0.56284946, 0.60178727), (0.5625175, 0.6018392), (0.5625175, 0.6018392), (0.5824175, 0.42244694), (0.5824176, 0.42244703), (0.5831535, 0.42255846), (0.58315355, 0.42255843), (0.58315355, 0.42255843), (0.5831535, 0.42255846), (0.5846033, 0.42287815), (0.58462155, 0.42287815), (0.5609691, 0.6014841), (0.560969, 0.60148376), (0.56059563, 0.6011871), (0.56059563, 0.60118717), (0.5624509, 0.6018306), (0.5625175, 0.6018392), (0.56179047, 0.60174626), (0.56179047, 0.6017462), (0.56179047, 0.6017463), (0.5617904, 0.6017463), (0.5609693, 0.6014841), (0.5609691, 0.601484), (0.5875286, 0.42318895), (0.5875286, 0.42318898), (0.5875286, 0.42318898), (0.5875286, 0.42318895), (0.5609691, 0.601484), (0.5609691, 0.60148406), (0.5617904, 0.6017463), (0.56179047, 0.6017463), (0.56179047, 0.6017463), (0.5617904, 0.6017463), (0.5625175, 0.6018392), (0.5625175, 0.6018392), (0.56179047, 0.6017463), (0.56179047, 0.6017463), (0.5625175, 0.6018392), (0.56254077, 0.60184216), (0.5660906, 0.5946931), (0.5660906, 0.5946932), (0.5660906, 0.5946932), (0.5660905, 0.5946931), (0.5609691, 0.60148394), (0.5609691, 0.601484), (0.5609691, 0.601484), (0.56096923, 0.60148394), (0.56096923, 0.60148394), (0.5609691, 0.601484), (0.56179047, 0.6017463), (0.56179047, 0.6017463), (0.5609691, 0.60148406), (0.56096923, 0.60148394), (0.56179047, 0.6017463), (0.56179047, 0.6017463), (0.5625175, 0.6018392), (0.5625174, 0.60183907), (0.5625175, 0.6018392), (0.5625175, 0.6018392), (0.5625175, 0.6018392), (0.5625175, 0.6018392), (0.5609691, 0.601484), (0.5609691, 0.60148406), (0.5609691, 0.601484), (0.5609691, 0.60148406), (0.5625175, 0.6018392), (0.5625175, 0.6018392), (0.56179047, 0.6017463), (0.56179047, 0.60174626), (0.56179047, 0.60174626), (0.56179047, 0.6017463), (0.5609691, 0.601484), (0.5609691, 0.601484), (0.5609691, 0.601484), (0.5609691, 0.601484), (0.5609691, 0.60148406), (0.5609691, 0.601484), (0.56179047, 0.6017463), (0.56179047, 0.6017463), (0.5609691, 0.60148406), (0.5609691, 0.601484), (0.5617904, 0.6017463), (0.56179047, 0.6017463), (0.5625174, 0.60183907), (0.5625175, 0.6018392), (0.5609691, 0.60148406), (0.56179047, 0.6017463), (0.5625175, 0.6018392), (0.5609691, 0.601484), (0.5625174, 0.60183907), (0.5609691, 0.60148406), (0.5609691, 0.601484), (0.56179047, 0.6017463), (0.5617904, 0.6017463), (0.5625175, 0.6018392), (0.5625175, 0.6018392), (0.56179047, 0.6017463), (0.56179047, 0.6017463), (0.5617403, 0.60121536), (0.5617156, 0.6012087), (0.56253415, 0.6015283), (0.5625328, 0.60152495), (0.56096905, 0.60148394), (0.5609691, 0.601484), (0.5605957, 0.6011873), (0.56059575, 0.6011873), (0.5625176, 0.6018392), (0.56251764, 0.6018392), (0.5625174, 0.6018392), (0.5625175, 0.6018392), (0.5625174, 0.60183907), (0.5625175, 0.6018392), (0.56179047, 0.6017463), (0.56179047, 0.6017462), (0.56179047, 0.6017462), (0.56179047, 0.6017463), (0.5609691, 0.601484), (0.56096905, 0.60148394), (0.5893316, 0.42645112), (0.58933187, 0.4264512), (0.588513, 0.4261314), (0.588513, 0.4261314), (0.5625245, 0.6015149), (0.56253433, 0.6015284), (0.5628495, 0.6017873), (0.5628495, 0.6017873), (0.5877769, 0.42602), (0.5877769, 0.42601997), (0.58739316, 0.42610994), (0.58739316, 0.42610994), (0.58322847, 0.42309612), (0.58322847, 0.42309612), (0.5839555, 0.423189), (0.5839555, 0.42318895), (0.5628495, 0.6017873), (0.5628495, 0.6017873), (0.5625176, 0.6018392), (0.5625082, 0.60184276), (0.588513, 0.4261314), (0.588513, 0.4261314), (0.5877769, 0.42601997), (0.5877769, 0.42602), (0.5824071, 0.4228337), (0.5824071, 0.4228337), (0.58322847, 0.42309612), (0.58322847, 0.42309612), (0.5628495, 0.6017873), (0.5628495, 0.6017873), (0.56253433, 0.60152847), (0.5625343, 0.60152847), (0.5839555, 0.423189), (0.5839556, 0.42318895), (0.5839555, 0.42318895), (0.5839555, 0.42318895), (0.5893316, 0.42645112), (0.58933175, 0.42645115), (0.5893318, 0.42645118), (0.58933187, 0.4264512), (0.5625174, 0.60183907), (0.5625175, 0.6018392), (0.5628495, 0.6017873), (0.5628495, 0.6017873), (0.5628495, 0.6017873), (0.5628495, 0.6017873), (0.5625343, 0.60152847), (0.5625328, 0.60152495), (0.5625174, 0.6018392), (0.5625175, 0.6018392), (0.5628495, 0.6017873), (0.5628495, 0.6017873), (0.5628495, 0.6017873), (0.5628495, 0.6017873), (0.56253433, 0.60152847), (0.56253433, 0.60152847), (0.58933175, 0.42645115), (0.5893318, 0.42645118), (0.5893318, 0.42645118), (0.5893318, 0.42645118), (0.56253433, 0.6015284), (0.5625343, 0.6015284), (0.5628495, 0.6017873), (0.5628495, 0.6017873), (0.5625175, 0.6018392), (0.5625174, 0.6018392), (0.5628495, 0.6017873), (0.5628495, 0.6017873), (0.5628495, 0.6017873), (0.5628495, 0.6017873), (0.56251764, 0.6018392), (0.5625176, 0.6018392), (0.5628495, 0.6017873), (0.5625343, 0.6015284), (0.5625343, 0.6015284), (0.5628495, 0.6017873), (0.5625175, 0.6018392), (0.5625175, 0.6018392), (0.5625175, 0.6018392), (0.5625175, 0.6018392), (0.5625175, 0.6018392), (0.5625175, 0.6018392), (0.5625343, 0.6015284), (0.56253433, 0.6015284), (0.5628495, 0.6017873), (0.5628495, 0.6017873), (0.56253433, 0.60152847), (0.56253433, 0.60152847), (0.56253433, 0.6015284), (0.5625343, 0.6015284), (0.5628495, 0.6017873), (0.5628495, 0.6017873), (0.5625175, 0.6018392), (0.56251764, 0.6018392), (0.56251764, 0.6018392), (0.5625175, 0.6018392), (0.5625175, 0.6018392), (0.5625174, 0.6018392), (0.56253433, 0.60152847), (0.5625343, 0.6015284), (0.5625343, 0.6015284), (0.56253433, 0.6015284), (0.5625175, 0.6018392), (0.5625175, 0.6018392), (0.5628495, 0.6017873), (0.5628495, 0.6017873), (0.56253433, 0.6015284), (0.5625343, 0.6015284), (0.5628495, 0.6017873), (0.5628495, 0.6017873), (0.5628495, 0.6017873), (0.5628495, 0.6017873), (0.5625343, 0.6015284), (0.56253433, 0.60152847), (0.5628495, 0.6017873), (0.5628495, 0.6017873), (0.5625175, 0.6018392), (0.5625175, 0.6018392), (0.5885131, 0.42077196), (0.5885131, 0.42077196), (0.5893317, 0.42109162), (0.5893317, 0.42109162), (0.56059563, 0.60118717), (0.56059563, 0.60118717), (0.56059563, 0.6011871), (0.5605955, 0.6011871), (0.58931506, 0.42140245), (0.58931506, 0.42140245), (0.588588, 0.4213096), (0.588588, 0.4213096), (0.5893317, 0.42109162), (0.5893317, 0.42109162), (0.589647, 0.42135048), (0.58964694, 0.42135048), (0.58964694, 0.42135048), (0.589647, 0.42135048), (0.58931506, 0.42140245), (0.58931506, 0.42140245), (0.5605955, 0.6011871), (0.56059563, 0.6011871), (0.5609795, 0.60109735), (0.5609795, 0.6010972), (0.5609691, 0.60148394), (0.56096923, 0.601484), (0.56059563, 0.6011871), (0.56059563, 0.6011871), (0.56171554, 0.6012087), (0.56171554, 0.6012087), (0.5609795, 0.6010972), (0.5609795, 0.6010972), (0.5609795, 0.6010972), (0.5609795, 0.6010972), (0.56059563, 0.60118717), (0.56059563, 0.60118717), (0.5885131, 0.41719896), (0.5885131, 0.41719896), (0.5885131, 0.41719896), (0.5885131, 0.41719896), (0.5617156, 0.6012087), (0.5617156, 0.6012087), (0.5609796, 0.6010972), (0.56097955, 0.6010972), (0.5617156, 0.6012087), (0.56171554, 0.6012087), (0.5617156, 0.6012087), (0.56171554, 0.6012087), (0.56171554, 0.6012087), (0.5617156, 0.6012087), (0.5617156, 0.60120875), (0.56059563, 0.6011871), (0.56059563, 0.6011871), (0.5609795, 0.6010972), (0.5609795, 0.60109735), (0.5609795, 0.6010972), (0.56097955, 0.6010972), (0.56059575, 0.6011872), (0.56059563, 0.60118717), (0.56059563, 0.60118717), (0.56059575, 0.6011872), (0.56059563, 0.6011871), (0.56059563, 0.6011871), (0.56059563, 0.6011871), (0.56059563, 0.6011871), (0.5609795, 0.6010971), (0.5609795, 0.6010972), (0.56059563, 0.6011871), (0.56059563, 0.6011871), (0.5609795, 0.6010972), (0.5609795, 0.6010972), (0.56059575, 0.6011872), (0.56059563, 0.6011871), (0.56059563, 0.6011871), (0.56059563, 0.60118705), (0.56059563, 0.6011871), (0.56059563, 0.60118717), (0.5609795, 0.6010972), (0.5609795, 0.6010972), (0.5617156, 0.60120875), (0.56171554, 0.6012087), (0.5609795, 0.6010971), (0.5609795, 0.6010972), (0.5617154, 0.60120857), (0.56059563, 0.6011871), (0.56059563, 0.60118717), (0.5617156, 0.60120875), (0.5617156, 0.6012088), (0.5617154, 0.60120857), (0.5617156, 0.6012087), (0.56096923, 0.60148406), (0.56059563, 0.6011871), (0.56059563, 0.6011871), (0.5609691, 0.60148394), (0.5605956, 0.60118705), (0.588588, 0.42488265), (0.5885881, 0.42488265), (0.58776665, 0.4246202), (0.58776665, 0.42462027), (0.5867263, 0.42255783), (0.5867264, 0.42255843), (0.58754516, 0.42287818), (0.58754516, 0.42287812), (0.5628494, 0.6017872), (0.5628494, 0.6017872), (0.56251717, 0.6018393), (0.5625175, 0.60183907), (0.5859914, 0.42244655), (0.58599055, 0.422447), (0.5867264, 0.42255843), (0.5867263, 0.42255783), (0.5625341, 0.6015284), (0.5625342, 0.6015284), (0.5628494, 0.6017872), (0.56284946, 0.6017873), (0.56284946, 0.6017873), (0.5628494, 0.6017872), (0.5625175, 0.6018392), (0.5625177, 0.6018392), (0.56097686, 0.6010958), (0.5609795, 0.6010972), (0.56175935, 0.601217), (0.5617155, 0.6012087), (0.5625177, 0.6018392), (0.5625175, 0.6018392), (0.56179047, 0.6017463), (0.56179047, 0.6017462), (0.5617905, 0.6017465), (0.56096923, 0.60148394), (0.56096923, 0.60148406), (0.5617904, 0.60174626), (0.5609691, 0.6014838), (0.56179047, 0.6017462), (0.58752644, 0.41782898), (0.5875298, 0.41783074), (0.5878604, 0.41777748), (0.5878604, 0.41777748), (0.587778, 0.41708767), (0.58777344, 0.41708493), (0.5873914, 0.41717675), (0.58739316, 0.41717738), (0.58851296, 0.41719896), (0.588513, 0.41719896), (0.58777344, 0.41708493), (0.587778, 0.41708767), (0.5868014, 0.41773647), (0.5868014, 0.41773653), (0.5875298, 0.41783074), (0.58752644, 0.41782898), (0.58739316, 0.41717738), (0.5873914, 0.41717675), (0.58776665, 0.4174742), (0.58776665, 0.4174742), (0.5893512, 0.41752625), (0.5893512, 0.41752622), (0.588513, 0.41719896), (0.588513, 0.41719896), (0.56059563, 0.6011871), (0.56059563, 0.6011871), (0.5609795, 0.6010972), (0.56094503, 0.60109746), (0.56059563, 0.60118717), (0.56059563, 0.6011871), (0.5609795, 0.6010972), (0.5609795, 0.6010972), (0.56094503, 0.60109746), (0.5609795, 0.6010972), (0.56171554, 0.6012087), (0.56171215, 0.60121095), (0.5625175, 0.6018392), (0.5625175, 0.6018392), (0.56179047, 0.60174644), (0.5617905, 0.6017463), (0.56171554, 0.6012087), (0.5625341, 0.6015283), (0.5625341, 0.6015283), (0.56171554, 0.6012087), (0.56253403, 0.6015282), (0.5609796, 0.6010972), (0.5617154, 0.6012087), (0.56171554, 0.6012088), (0.5609795, 0.6010972), (0.58382016, 0.41539088), (0.58382016, 0.41539088), (0.5841936, 0.41568768), (0.5841936, 0.41568768), (0.5860716, 0.41599017), (0.58607405, 0.415991), (0.5857586, 0.41573206), (0.5857586, 0.41573206), (0.5841936, 0.41568768), (0.5841936, 0.41568768), (0.585015, 0.41595006), (0.5850051, 0.41594625), (0.5850051, 0.41594625), (0.585015, 0.41595006), (0.58574367, 0.41604358), (0.58573985, 0.41604227), (0.58573985, 0.41604227), (0.58574367, 0.41604358), (0.58607405, 0.415991), (0.5860716, 0.41599017), (0.56171554, 0.6012088), (0.56171554, 0.6012087), (0.5609795, 0.6010972), (0.5609795, 0.6010972), (0.56171554, 0.6012087), (0.5609796, 0.6010972), (0.5609795, 0.6010972), (0.56059563, 0.6011871), (0.5605957, 0.6011871), (0.5609795, 0.60109735), (0.56059563, 0.60118717), (0.56059563, 0.60118705), (0.56059563, 0.60118717), (0.5609884, 0.6010982), (0.56098425, 0.6010977), (0.56179047, 0.6017463), (0.56179047, 0.6017463), (0.5609691, 0.60148394), (0.56096923, 0.60148406), (0.56179047, 0.6017463), (0.56179047, 0.6017463), (0.56096923, 0.60148406), (0.5609691, 0.60148394), (0.56251204, 0.60184133), (0.5625082, 0.60184276), (0.56179047, 0.6017463), (0.56179047, 0.6017463), (0.5617155, 0.6012087), (0.56171554, 0.6012087), (0.5625245, 0.6015149), (0.5625284, 0.60152006), (0.5625284, 0.60152006), (0.5625245, 0.6015149), (0.5628495, 0.6017873), (0.56284934, 0.6017872), (0.5865239, 0.41804644), (0.5862711, 0.41829926), (0.58597994, 0.41926068), (0.5859801, 0.41926074), (0.5859801, 0.41926074), (0.58597994, 0.41926068), (0.58680165, 0.41952306), (0.58680147, 0.4195231), (0.5875461, 0.41394085), (0.5875438, 0.4139408), (0.5867265, 0.41362596), (0.5867265, 0.41362596), (0.58680147, 0.4195231), (0.58680165, 0.41952306), (0.5875237, 0.4196177), (0.587523, 0.419618), (0.5878604, 0.41420442), (0.5878604, 0.41420448), (0.5875438, 0.4139408), (0.5875461, 0.41394085), (0.77723455, 0.798466), (0.780285, 0.8037495), (0.7741842, 0.8037493), (0.77723444, 0.80903256), (0.8077376, 0.80903274), (0.80468714, 0.8143159), (0.801637, 0.8090326), (0.80468714, 0.8037493), (0.7833352, 0.8195993), (0.78333515, 0.81959933), (0.7772347, 0.8195994), (0.7772347, 0.8195993), (0.8107877, 0.8248825), (0.8107877, 0.82488257), (0.80468714, 0.8248825), (0.804687, 0.8248825), (0.8199385, 0.8195993), (0.8199384, 0.8195993), (0.81383795, 0.8195993), (0.8138381, 0.81959933), (0.80468714, 0.8143159), (0.79858667, 0.81431603), (0.801637, 0.8090326), (0.7955363, 0.8090327), (0.8382405, 0.8195994), (0.8382404, 0.8195993), (0.8321397, 0.81959933), (0.83213985, 0.81959945), (0.79248595, 0.8248825), (0.792486, 0.8248826), (0.78943574, 0.8195993), (0.7894358, 0.81959933), (0.83213985, 0.81959945), (0.8321397, 0.81959933), (0.8260392, 0.81959915), (0.8260392, 0.81959933), (0.81383806, 0.8090327), (0.8138378, 0.80903256), (0.80773747, 0.8090326), (0.8077376, 0.80903274), (0.8077376, 0.80903274), (0.80773747, 0.8090326), (0.8046871, 0.8143159), (0.80468714, 0.8143159), (0.7955363, 0.8090327), (0.7955363, 0.8090327), (0.80163693, 0.8090327), (0.801637, 0.8090326), (0.77723444, 0.80903256), (0.77723455, 0.8090327), (0.771134, 0.8090327), (0.77113396, 0.8090326), (0.7833351, 0.8090327), (0.7833352, 0.8090327), (0.77723455, 0.8090327), (0.77723444, 0.80903256), (0.79858667, 0.81431603), (0.79858655, 0.8143158), (0.7955363, 0.8090327), (0.7955363, 0.8090327), (0.81993854, 0.8195993), (0.81993854, 0.8195993), (0.81383795, 0.8195992), (0.81383795, 0.8195992), (0.8077376, 0.8195994), (0.80773735, 0.8195992), (0.8016368, 0.8195993), (0.8016368, 0.8195993), (0.78943574, 0.8195993), (0.78943574, 0.8195993), (0.78333527, 0.81959933), (0.7833351, 0.8195992), (0.8016368, 0.8195993), (0.8016368, 0.8195993), (0.7955362, 0.8195993), (0.79553616, 0.8195993), (0.7833351, 0.8195992), (0.78333527, 0.81959933), (0.77723455, 0.8195993), (0.77723455, 0.8195993), (0.8260392, 0.8195992), (0.8260392, 0.8195993), (0.81993854, 0.8195993), (0.81993854, 0.8195993), (0.81383795, 0.8195992), (0.81383795, 0.8195992), (0.80773735, 0.8195992), (0.8077376, 0.8195994), (0.79553616, 0.8195993), (0.7955362, 0.8195993), (0.78943574, 0.8195993), (0.78943574, 0.8195993), (0.8138379, 0.8090327), (0.81383806, 0.8090328), (0.80773747, 0.8090327), (0.80773735, 0.8090327), (0.80773735, 0.8090327), (0.80773747, 0.8090327), (0.8016369, 0.8090328), (0.8016369, 0.8090327), (0.83213973, 0.8090327), (0.83213973, 0.8090327), (0.8260392, 0.8090327), (0.8260391, 0.80903256), (0.7894357, 0.8090326), (0.78943574, 0.80903274), (0.7833352, 0.80903274), (0.78333515, 0.8090327), (0.78943574, 0.798466), (0.7924861, 0.8037494), (0.7863854, 0.80374944), (0.78943574, 0.8090327), (0.78333515, 0.8195993), (0.7833352, 0.8195993), (0.77723455, 0.8195993), (0.77723455, 0.8195993), (0.8382404, 0.8195993), (0.83824027, 0.8195993), (0.8321396, 0.8195993), (0.83213985, 0.8195993), (0.7985868, 0.8248827), (0.7985867, 0.8248826), (0.7955363, 0.81959933), (0.7955363, 0.81959933), (0.7955363, 0.81959933), (0.7955363, 0.81959933), (0.78943574, 0.81959945), (0.78943574, 0.8195993), (0.83213985, 0.8195993), (0.8321396, 0.8195993), (0.8290894, 0.82488257), (0.8290894, 0.82488257), (0.78943574, 0.8195993), (0.78943574, 0.81959945), (0.7833352, 0.8195993), (0.78333515, 0.8195993), (0.7772345, 0.8090327), (0.77723455, 0.8090327), (0.7711339, 0.80903256), (0.771134, 0.8090327), (0.83213973, 0.8090327), (0.83213973, 0.8090327), (0.8260392, 0.8090327), (0.8260392, 0.8090327), (0.8016369, 0.8090327), (0.8016369, 0.8090327), (0.7955363, 0.8090327), (0.79553616, 0.8090326), (0.79553616, 0.8090326), (0.7955363, 0.8090327), (0.78943586, 0.8090327), (0.78943574, 0.8090327), (0.78943574, 0.8090327), (0.78943586, 0.8090327), (0.7833352, 0.8090327), (0.7833352, 0.8090327), (0.82298887, 0.814316), (0.82298887, 0.814316), (0.81688833, 0.81431586), (0.81688845, 0.814316), (0.804687, 0.814316), (0.8046869, 0.8143157), (0.8016369, 0.8090327), (0.8016369, 0.8090327), (0.7833352, 0.8090327), (0.7833352, 0.8090327), (0.77723455, 0.8090327), (0.7772345, 0.8090327), (0.8260392, 0.8090327), (0.8260392, 0.8090327), (0.82298887, 0.814316), (0.82298887, 0.814316), (0.82298887, 0.82488257), (0.82298887, 0.82488257), (0.81688833, 0.8248826), (0.81688833, 0.8248827), (0.8382404, 0.8195993), (0.8382404, 0.8195993), (0.83213973, 0.8195993), (0.83213973, 0.8195993), (0.79553616, 0.81959915), (0.7955363, 0.8195993), (0.78943586, 0.8195994), (0.78943574, 0.8195992), (0.83213973, 0.8195993), (0.83213973, 0.8195993), (0.8290893, 0.82488245), (0.8290894, 0.82488257), (0.78943574, 0.8195992), (0.78943586, 0.8195994), (0.7833351, 0.8195993), (0.78333503, 0.8195991), (0.78333503, 0.8195991), (0.7833351, 0.8195993), (0.77723455, 0.8195993), (0.77723455, 0.81959915), (0.8046872, 0.814316), (0.80468714, 0.81431603), (0.8016367, 0.8090325), (0.80163693, 0.8090327), (0.8260394, 0.8090327), (0.8260392, 0.8090327), (0.82298887, 0.8143159), (0.82298887, 0.814316), (0.7772347, 0.8090328), (0.77723455, 0.8090327), (0.77113414, 0.8090327), (0.771134, 0.8090327), (0.80163693, 0.8090327), (0.8016367, 0.8090325), (0.7955364, 0.8090327), (0.7955362, 0.8090327), (0.7955362, 0.8090327), (0.7955364, 0.8090327), (0.78943574, 0.80903274), (0.7894356, 0.8090325), (0.7894356, 0.8090325), (0.78943574, 0.80903274), (0.7833353, 0.8090328), (0.7833352, 0.8090327), (0.78333515, 0.81959933), (0.78333527, 0.8195994), (0.77723455, 0.8195993), (0.77723455, 0.8195993), (0.8260392, 0.8195993), (0.82603943, 0.8195994), (0.8199387, 0.81959945), (0.81993866, 0.8195994), (0.813838, 0.8195993), (0.8138382, 0.81959945), (0.80773747, 0.8195993), (0.80773747, 0.8195993), (0.8382404, 0.8195993), (0.8382404, 0.8195993), (0.83213955, 0.81959915), (0.8321399, 0.8195993), (0.7955364, 0.8195993), (0.7955363, 0.8195993), (0.78943586, 0.8195993), (0.78943574, 0.8195993), (0.81993866, 0.8195994), (0.8199387, 0.81959945), (0.8138382, 0.81959945), (0.813838, 0.8195993), (0.80773747, 0.8195993), (0.80773747, 0.8195993), (0.8016368, 0.8195994), (0.8016368, 0.8195992), (0.78943574, 0.8195993), (0.78943586, 0.8195993), (0.78333527, 0.8195994), (0.78333515, 0.81959933), (0.7833352, 0.8090328), (0.78333527, 0.8090328), (0.77723455, 0.8090328), (0.77723455, 0.8090326), (0.83213973, 0.80903274), (0.83213973, 0.8090327), (0.8260392, 0.8090327), (0.8260392, 0.8090327), (0.801637, 0.8090328), (0.80163693, 0.8090327), (0.79553616, 0.80903256), (0.7955363, 0.8090326), (0.8260392, 0.8090327), (0.8260392, 0.8090327), (0.81993854, 0.8090328), (0.81993866, 0.80903274), (0.7955363, 0.8090326), (0.79553616, 0.80903256), (0.78943574, 0.8090326), (0.78943574, 0.8090327), (0.83519006, 0.82488257), (0.8351901, 0.8248826), (0.83213973, 0.8195992), (0.83213973, 0.8195993), (0.8260392, 0.8195993), (0.82603914, 0.81959915), (0.8199385, 0.8195992), (0.81993854, 0.8195993), (0.7985867, 0.82488257), (0.79858667, 0.8248826), (0.79248613, 0.8248826), (0.79248595, 0.8248826), (0.81383795, 0.8195992), (0.813838, 0.8195993), (0.80773747, 0.81959933), (0.80773735, 0.8195992), (0.83213973, 0.8195993), (0.83213973, 0.8195992), (0.82603914, 0.81959915), (0.8260392, 0.8195993), (0.8290894, 0.814316), (0.8290894, 0.814316), (0.8229889, 0.81431603), (0.82298887, 0.81431603), (0.83519006, 0.81431603), (0.8351901, 0.8143161), (0.8290894, 0.814316), (0.8290894, 0.814316), (0.80468726, 0.8143161), (0.80468714, 0.81431603), (0.7985865, 0.814316), (0.7985866, 0.81431603), (0.81078774, 0.814316), (0.8107876, 0.8143159), (0.80468714, 0.81431603), (0.80468726, 0.8143161), (0.79248595, 0.81431603), (0.79248595, 0.814316), (0.7863854, 0.8143161), (0.7863855, 0.81431615), (0.7985866, 0.81431603), (0.7985865, 0.814316), (0.79248595, 0.814316), (0.79248595, 0.81431603), (0.78333515, 0.81959933), (0.78333503, 0.8195993), (0.77723455, 0.8195993), (0.7772347, 0.8195994), (0.80773747, 0.83016586), (0.80773747, 0.83016586), (0.80468714, 0.82488257), (0.80468714, 0.8248825), (0.8229889, 0.8248826), (0.82298887, 0.82488257), (0.8199385, 0.8301658), (0.81993854, 0.83016586), (0.8382404, 0.8195993), (0.8382404, 0.8195993), (0.8321396, 0.8195993), (0.8321397, 0.81959933), (0.83519006, 0.81431603), (0.83519006, 0.81431603), (0.8290894, 0.81431603), (0.8290895, 0.81431603), (0.7802849, 0.81431586), (0.78028494, 0.81431615), (0.77418435, 0.81431603), (0.7741842, 0.8143159), (0.79553634, 0.8195994), (0.7955362, 0.81959933), (0.792486, 0.81431603), (0.79248613, 0.81431603), (0.8290895, 0.81431603), (0.8290894, 0.81431603), (0.8229889, 0.81431603), (0.82298887, 0.8143159), (0.80773747, 0.8195993), (0.80773735, 0.81959915), (0.80163676, 0.81959915), (0.80163693, 0.8195995), (0.8138382, 0.8195994), (0.813838, 0.81959933), (0.80773735, 0.81959915), (0.80773747, 0.8195993), (0.81993866, 0.81959933), (0.8199385, 0.8195993), (0.813838, 0.81959933), (0.8138382, 0.8195994), (0.8290893, 0.814316), (0.8290894, 0.8143161), (0.8260392, 0.8195994), (0.8260392, 0.8195993), (0.79248613, 0.81431603), (0.7924859, 0.814316), (0.7863852, 0.8143158), (0.7863854, 0.8143161), (0.80163693, 0.8195995), (0.80163676, 0.81959915), (0.79858655, 0.8143159), (0.7985865, 0.8143159), (0.7802849, 0.8143161), (0.78028494, 0.81431615), (0.7741844, 0.8143161), (0.7741843, 0.814316), (0.83519006, 0.8143159), (0.83519006, 0.8143159), (0.8290894, 0.8143161), (0.8290893, 0.814316), (0.7802849, 0.81431603), (0.78028476, 0.8143159), (0.7741842, 0.81431586), (0.7741844, 0.8143161), (0.82908934, 0.814316), (0.82908946, 0.814316), (0.82298887, 0.814316), (0.82298887, 0.814316), (0.83519006, 0.814316), (0.8351902, 0.8143161), (0.82908946, 0.814316), (0.82908934, 0.814316), (0.82298887, 0.814316), (0.82298887, 0.814316), (0.8168882, 0.81431586), (0.81688833, 0.814316), (0.79248613, 0.814316), (0.7924861, 0.81431603), (0.7863854, 0.8143159), (0.7863853, 0.81431586), (0.8107877, 0.81431586), (0.8107878, 0.8143161), (0.80468714, 0.814316), (0.80468714, 0.8143158), (0.7802849, 0.8143158), (0.78028506, 0.81431615), (0.7741843, 0.814316), (0.7741842, 0.814316), (0.80773747, 0.8195992), (0.80773747, 0.8195993), (0.8016368, 0.81959933), (0.8016368, 0.8195993), (0.8199387, 0.8195993), (0.81993854, 0.8195993), (0.813838, 0.8195993), (0.81383824, 0.81959945), (0.79248613, 0.8143161), (0.7924861, 0.814316), (0.7863854, 0.81431586), (0.78638554, 0.81431603), (0.56171566, 0.6012088), (0.5617154, 0.60120857), (0.5625341, 0.6015283), (0.56253415, 0.60152835), (0.567075, 0.5994222), (0.567075, 0.5994222), (0.5663353, 0.59930813), (0.5663353, 0.59930813), (0.588513, 0.41719896), (0.588513, 0.41719896), (0.5877733, 0.41708487), (0.58777344, 0.41708493), (0.5645541, 0.6010984), (0.5645541, 0.6010984), (0.5645525, 0.6010972), (0.5645524, 0.6010973), (0.56610715, 0.60152835), (0.56610715, 0.6015284), (0.56610715, 0.6015284), (0.56610715, 0.6015283), (0.5661073, 0.6015285), (0.56610715, 0.6015284), (0.56610703, 0.6015283), (0.5661073, 0.6015285), (0.56610715, 0.60152835), (0.56610715, 0.60152835), (0.56610715, 0.60152835), (0.56610715, 0.6015284), (0.56610715, 0.6015284), (0.5679132, 0.59617645), (0.5679132, 0.5961765), (0.567075, 0.59584916), (0.567075, 0.59584916), (0.56171554, 0.6012087), (0.56171554, 0.6012087), (0.5625341, 0.6015283), (0.5625342, 0.6015284), (0.567075, 0.59584916), (0.56707495, 0.59584916), (0.5663353, 0.5957351), (0.5663353, 0.5957351), (0.5679132, 0.5961765), (0.5679132, 0.59617645), (0.567075, 0.59584916), (0.567075, 0.59584916), (0.5609795, 0.6010972), (0.5609795, 0.6010972), (0.56171554, 0.6012087), (0.5617154, 0.60120857), (0.567075, 0.59584916), (0.567075, 0.59584916), (0.5663353, 0.5957351), (0.5663353, 0.5957351), (0.5617154, 0.60120857), (0.56171554, 0.6012087), (0.5625342, 0.6015284), (0.5625341, 0.6015283), (0.5679132, 0.59617645), (0.5679132, 0.59617645), (0.567075, 0.59584916), (0.56707495, 0.59584916), (0.5645541, 0.6010984), (0.5645541, 0.6010984), (0.56455237, 0.60109717), (0.56455255, 0.6010973), (0.5645541, 0.6010984), (0.5645541, 0.6010984), (0.56455255, 0.6010973), (0.5645525, 0.6010972), (0.5679132, 0.59617645), (0.5679132, 0.59617645), (0.56707495, 0.59584916), (0.567075, 0.59584916), (0.5609795, 0.6010972), (0.5609795, 0.6010972), (0.56171554, 0.6012087), (0.56171554, 0.6012087), (0.5617155, 0.60120857), (0.56171536, 0.60120857), (0.56253415, 0.6015284), (0.5609795, 0.6010971), (0.5609811, 0.6010984), (0.5609795, 0.6010972), (0.5609795, 0.6010971), (0.5617155, 0.60120857), (0.56171554, 0.6012087), (0.56707495, 0.59584916), (0.567075, 0.59584916), (0.5663353, 0.5957351), (0.5663353, 0.5957351), (0.567075, 0.59584916), (0.567075, 0.5958493), (0.567075, 0.59584916), (0.567075, 0.59584916), (0.567075, 0.5958493), (0.567075, 0.59584916), (0.56707513, 0.5958493), (0.567075, 0.5994222), (0.567075, 0.5994222), (0.5663353, 0.59930813), (0.5663353, 0.59930813), (0.5609795, 0.60109717), (0.5609795, 0.60109735), (0.5609795, 0.6010972), (0.5609795, 0.6010972), (0.567075, 0.59584916), (0.567075, 0.59584916), (0.567075, 0.59584916), (0.567075, 0.59584916), (0.5609811, 0.6010984), (0.5609811, 0.6010984), (0.5609795, 0.60109735), (0.5609795, 0.60109717), (0.5663353, 0.5957351), (0.5663353, 0.5957351), (0.567075, 0.59584916), (0.567075, 0.59584916), (0.5609795, 0.6010972), (0.5609796, 0.6010973), (0.5609795, 0.6010972), (0.5609795, 0.6010972), (0.5609811, 0.6010984), (0.56098115, 0.6010984), (0.5609796, 0.6010973), (0.5609795, 0.6010972), (0.5609811, 0.6010984), (0.5609811, 0.6010984), (0.5609795, 0.6010972), (0.5609795, 0.60109735), (0.5609795, 0.60109735), (0.5609795, 0.6010972), (0.5609795, 0.6010972), (0.5609795, 0.6010972), (0.5645525, 0.6010973), (0.5645524, 0.6010972), (0.564554, 0.6010983), (0.5645541, 0.60109854), (0.56707513, 0.5958493), (0.567075, 0.59584916), (0.567075, 0.59584916), (0.567075, 0.59584916), (0.567075, 0.5994222), (0.5670749, 0.5994221), (0.5663353, 0.59930813), (0.5663353, 0.59930813), (0.5645524, 0.6010972), (0.56455255, 0.60109735), (0.5645541, 0.6010984), (0.564554, 0.6010983), (0.567075, 0.5994222), (0.567075, 0.5994222), (0.5663353, 0.59930813), (0.5663353, 0.59930813), (0.567075, 0.59584916), (0.567075, 0.59584916), (0.5663353, 0.5957351), (0.5663353, 0.5957351), (0.5645541, 0.6010984), (0.5645541, 0.6010984), (0.5645525, 0.6010973), (0.5645525, 0.6010973), (0.5663353, 0.5957351), (0.5663353, 0.5957351), (0.567075, 0.59584916), (0.56707513, 0.5958493), (0.5609796, 0.6010973), (0.5609795, 0.60109717), (0.5609795, 0.6010972), (0.5609795, 0.6010972), (0.56455255, 0.60109735), (0.5645525, 0.6010973), (0.5645541, 0.6010984), (0.5645541, 0.6010984), (0.56179047, 0.6017463), (0.5625176, 0.60183924), (0.56284946, 0.6017873), (0.5625342, 0.6015284), (0.56096923, 0.601484), (0.56171554, 0.6012087), (0.56059563, 0.6011871), (0.5609795, 0.6010972), (0.5609691, 0.60148394), (0.56096923, 0.6014842), (0.56059563, 0.60118717), (0.5605957, 0.6011871), (0.56253403, 0.6015282), (0.5625341, 0.6015283), (0.56284946, 0.60178727), (0.56284964, 0.6017873), (0.56284964, 0.6017873), (0.56284946, 0.60178727), (0.5625175, 0.6018392), (0.5625177, 0.6018394), (0.5895636, 0.42602006), (0.5895635, 0.42601997), (0.5902996, 0.42613143), (0.5902996, 0.42613146), (0.5902996, 0.42613146), (0.5902996, 0.42613143), (0.5911182, 0.4264511), (0.5911182, 0.4264511), (0.5903779, 0.42309773), (0.5903814, 0.4230994), (0.58962464, 0.422857), (0.5896054, 0.42285073), (0.5878605, 0.42671004), (0.58784294, 0.4267128), (0.5874883, 0.4267682), (0.58752847, 0.4267619), (0.56059563, 0.6011871), (0.56059563, 0.60118717), (0.56096923, 0.6014842), (0.5609691, 0.60148394), (0.5895635, 0.42601997), (0.5895636, 0.42602006), (0.58917964, 0.4261099), (0.58917964, 0.4261099), (0.5625175, 0.6018392), (0.5625176, 0.60183924), (0.56179047, 0.6017463), (0.56179047, 0.6017463), (0.5875286, 0.42318898), (0.58752847, 0.42318887), (0.5875286, 0.42318892), (0.5875286, 0.42318898), (0.56179047, 0.6017463), (0.56179047, 0.6017463), (0.56254077, 0.60184216), (0.5625744, 0.60184646), (0.5625176, 0.6018392), (0.5624509, 0.6018306), (0.56179047, 0.6017462), (0.5617904, 0.6017463), (0.5617904, 0.6017463), (0.56179047, 0.6017462), (0.5609691, 0.60148394), (0.5609693, 0.6014841), (0.81993854, 0.8195993), (0.81993854, 0.8195993), (0.81383795, 0.8195992), (0.81383795, 0.8195992), (0.8077376, 0.8195994), (0.80773735, 0.8195992), (0.8016368, 0.8195993), (0.8016368, 0.8195993), (0.78943574, 0.8195993), (0.78943574, 0.8195993), (0.78333527, 0.81959933), (0.7833351, 0.8195992), (0.8016368, 0.8195993), (0.8016368, 0.8195993), (0.7955362, 0.8195993), (0.79553616, 0.8195993), (0.7833351, 0.8195992), (0.78333527, 0.81959933), (0.77723455, 0.8195993), (0.77723455, 0.8195993), (0.8260392, 0.8195992), (0.8260392, 0.8195993), (0.81993854, 0.8195993), (0.81993854, 0.8195993), (0.81383795, 0.8195992), (0.81383795, 0.8195992), (0.80773735, 0.8195992), (0.8077376, 0.8195994), (0.79553616, 0.8195993), (0.7955362, 0.8195993), (0.78943574, 0.8195993), (0.78943574, 0.8195993), (0.8138379, 0.8090327), (0.81383806, 0.8090328), (0.80773747, 0.8090327), (0.80773735, 0.8090327), (0.80773735, 0.8090327), (0.80773747, 0.8090327), (0.8016369, 0.8090328), (0.8016369, 0.8090327), (0.83213973, 0.8090327), (0.83213973, 0.8090327), (0.8260392, 0.8090327), (0.8260391, 0.80903256), (0.7894357, 0.8090326), (0.78943574, 0.80903274), (0.7833352, 0.80903274), (0.78333515, 0.8090327), (0.83519006, 0.82488257), (0.8351901, 0.8248826), (0.83213973, 0.8195992), (0.83213973, 0.8195993), (0.8260392, 0.8195993), (0.82603914, 0.81959915), (0.8199385, 0.8195992), (0.81993854, 0.8195993), (0.7985867, 0.82488257), (0.79858667, 0.8248826), (0.79248613, 0.8248826), (0.79248595, 0.8248826), (0.81383795, 0.8195992), (0.813838, 0.8195993), (0.80773747, 0.81959933), (0.80773735, 0.8195992), (0.83213973, 0.8195993), (0.83213973, 0.8195992), (0.82603914, 0.81959915), (0.8260392, 0.8195993), (0.8290894, 0.814316), (0.8290894, 0.814316), (0.8229889, 0.81431603), (0.82298887, 0.81431603), (0.83519006, 0.81431603), (0.8351901, 0.8143161), (0.8290894, 0.814316), (0.8290894, 0.814316), (0.80468726, 0.8143161), (0.80468714, 0.81431603), (0.7985865, 0.814316), (0.7985866, 0.81431603), (0.81078774, 0.814316), (0.8107876, 0.8143159), (0.80468714, 0.81431603), (0.80468726, 0.8143161), (0.79248595, 0.81431603), (0.79248595, 0.814316), (0.7863854, 0.8143161), (0.7863855, 0.81431615), (0.7985866, 0.81431603), (0.7985865, 0.814316), (0.79248595, 0.814316), (0.79248595, 0.81431603), (0.81993854, 0.8195993), (0.81993854, 0.8195993), (0.81383795, 0.8195992), (0.81383795, 0.8195992), (0.8077376, 0.8195994), (0.80773735, 0.8195992), (0.8016368, 0.8195993), (0.8016368, 0.8195993), (0.78943574, 0.8195993), (0.78943574, 0.8195993), (0.78333527, 0.81959933), (0.7833351, 0.8195992), (0.8016368, 0.8195993), (0.8016368, 0.8195993), (0.7955362, 0.8195993), (0.79553616, 0.8195993), (0.7833351, 0.8195992), (0.78333527, 0.81959933), (0.77723455, 0.8195993), (0.77723455, 0.8195993), (0.8260392, 0.8195992), (0.8260392, 0.8195993), (0.81993854, 0.8195993), (0.81993854, 0.8195993), (0.81383795, 0.8195992), (0.81383795, 0.8195992), (0.80773735, 0.8195992), (0.8077376, 0.8195994), (0.79553616, 0.8195993), (0.7955362, 0.8195993), (0.78943574, 0.8195993), (0.78943574, 0.8195993), (0.8138379, 0.8090327), (0.81383806, 0.8090328), (0.80773747, 0.8090327), (0.80773735, 0.8090327), (0.80773735, 0.8090327), (0.80773747, 0.8090327), (0.8016369, 0.8090328), (0.8016369, 0.8090327), (0.83213973, 0.8090327), (0.83213973, 0.8090327), (0.8260392, 0.8090327), (0.8260391, 0.80903256), (0.7894357, 0.8090326), (0.78943574, 0.80903274), (0.7833352, 0.80903274), (0.78333515, 0.8090327), (0.83519006, 0.82488257), (0.8351901, 0.8248826), (0.83213973, 0.8195992), (0.83213973, 0.8195993), (0.8260392, 0.8195993), (0.82603914, 0.81959915), (0.8199385, 0.8195992), (0.81993854, 0.8195993), (0.7985867, 0.82488257), (0.79858667, 0.8248826), (0.79248613, 0.8248826), (0.79248595, 0.8248826), (0.81383795, 0.8195992), (0.813838, 0.8195993), (0.80773747, 0.81959933), (0.80773735, 0.8195992), (0.83213973, 0.8195993), (0.83213973, 0.8195992), (0.82603914, 0.81959915), (0.8260392, 0.8195993), (0.8290894, 0.814316), (0.8290894, 0.814316), (0.8229889, 0.81431603), (0.82298887, 0.81431603), (0.83519006, 0.81431603), (0.8351901, 0.8143161), (0.8290894, 0.814316), (0.8290894, 0.814316), (0.80468726, 0.8143161), (0.80468714, 0.81431603), (0.7985865, 0.814316), (0.7985866, 0.81431603), (0.81078774, 0.814316), (0.8107876, 0.8143159), (0.80468714, 0.81431603), (0.80468726, 0.8143161), (0.79248595, 0.81431603), (0.79248595, 0.814316), (0.7863854, 0.8143161), (0.7863855, 0.81431615), (0.7985866, 0.81431603), (0.7985865, 0.814316), (0.79248595, 0.814316), (0.79248595, 0.81431603), (0.82298887, 0.82488257), (0.82298887, 0.82488257), (0.81688833, 0.8248826), (0.81688833, 0.8248827), (0.8382404, 0.8195993), (0.8382404, 0.8195993), (0.83213973, 0.8195993), (0.83213973, 0.8195993), (0.79553616, 0.81959915), (0.7955363, 0.8195993), (0.78943586, 0.8195994), (0.78943574, 0.8195992), (0.83213973, 0.8195993), (0.83213973, 0.8195993), (0.8290893, 0.82488245), (0.8290894, 0.82488257), (0.78943574, 0.8195992), (0.78943586, 0.8195994), (0.7833351, 0.8195993), (0.78333503, 0.8195991), (0.78333503, 0.8195991), (0.7833351, 0.8195993), (0.77723455, 0.8195993), (0.77723455, 0.81959915), (0.8046872, 0.814316), (0.80468714, 0.81431603), (0.8016367, 0.8090325), (0.80163693, 0.8090327), (0.8260394, 0.8090327), (0.8260392, 0.8090327), (0.82298887, 0.8143159), (0.82298887, 0.814316), (0.7772347, 0.8090328), (0.77723455, 0.8090327), (0.77113414, 0.8090327), (0.771134, 0.8090327), (0.80163693, 0.8090327), (0.8016367, 0.8090325), (0.7955364, 0.8090327), (0.7955362, 0.8090327), (0.7955362, 0.8090327), (0.7955364, 0.8090327), (0.78943574, 0.80903274), (0.7894356, 0.8090325), (0.7894356, 0.8090325), (0.78943574, 0.80903274), (0.7833353, 0.8090328), (0.7833352, 0.8090327), (0.7802849, 0.8143158), (0.78028506, 0.81431615), (0.7741843, 0.814316), (0.7741842, 0.814316), (0.80773747, 0.8195992), (0.80773747, 0.8195993), (0.8016368, 0.81959933), (0.8016368, 0.8195993), (0.8199387, 0.8195993), (0.81993854, 0.8195993), (0.813838, 0.8195993), (0.81383824, 0.81959945), (0.79248613, 0.8143161), (0.7924861, 0.814316), (0.7863854, 0.81431586), (0.78638554, 0.81431603), (0.82298887, 0.82488257), (0.82298887, 0.82488257), (0.81688833, 0.8248826), (0.81688833, 0.8248827), (0.8382404, 0.8195993), (0.8382404, 0.8195993), (0.83213973, 0.8195993), (0.83213973, 0.8195993), (0.79553616, 0.81959915), (0.7955363, 0.8195993), (0.78943586, 0.8195994), (0.78943574, 0.8195992), (0.83213973, 0.8195993), (0.83213973, 0.8195993), (0.8290893, 0.82488245), (0.8290894, 0.82488257), (0.78943574, 0.8195992), (0.78943586, 0.8195994), (0.7833351, 0.8195993), (0.78333503, 0.8195991), (0.78333503, 0.8195991), (0.7833351, 0.8195993), (0.77723455, 0.8195993), (0.77723455, 0.81959915), (0.8046872, 0.814316), (0.80468714, 0.81431603), (0.8016367, 0.8090325), (0.80163693, 0.8090327), (0.8260394, 0.8090327), (0.8260392, 0.8090327), (0.82298887, 0.8143159), (0.82298887, 0.814316), (0.7772347, 0.8090328), (0.77723455, 0.8090327), (0.77113414, 0.8090327), (0.771134, 0.8090327), (0.80163693, 0.8090327), (0.8016367, 0.8090325), (0.7955364, 0.8090327), (0.7955362, 0.8090327), (0.7955362, 0.8090327), (0.7955364, 0.8090327), (0.78943574, 0.80903274), (0.7894356, 0.8090325), (0.7894356, 0.8090325), (0.78943574, 0.80903274), (0.7833353, 0.8090328), (0.7833352, 0.8090327), (0.7802849, 0.8143158), (0.78028506, 0.81431615), (0.7741843, 0.814316), (0.7741842, 0.814316), (0.80773747, 0.8195992), (0.80773747, 0.8195993), (0.8016368, 0.81959933), (0.8016368, 0.8195993), (0.8199387, 0.8195993), (0.81993854, 0.8195993), (0.813838, 0.8195993), (0.81383824, 0.81959945), (0.79248613, 0.8143161), (0.7924861, 0.814316), (0.7863854, 0.81431586), (0.78638554, 0.81431603)] (
        customData = {
            string sourceMember = "ArbitraryPrimvars"
        }
        elementSize = 1
        interpolation = "varying"
    )
    float4[] primvars:tangents = [(-0.05858571, -0.55243045, -0.8314976, 1), (-0.058580305, -0.5524355, -0.8314947, 1), (-0.058584444, -0.55243164, -0.8314969, 1), (1, 0, 0, -1), (1, 0, 0, -1), (1, 0, 0, -1), (-0.014236858, -0.9995246, 0.027346935, 1), (-0.014236855, -0.9995246, 0.027346933, 1), (-0.014236858, -0.9995246, 0.027346935, 1), (-0.92580247, 0.28839108, 0.24437755, 1), (-0.92580247, 0.28839108, 0.24437755, 1), (-0.92580247, 0.28839108, 0.24437755, 1), (0.055011388, 0.2796129, 0.9585356, 1), (0.055011395, 0.2796129, 0.9585356, 1), (0.055011388, 0.2796129, 0.9585356, 1), (0.17839508, -0.19982377, -0.9634551, 1), (0.17839506, -0.19982377, -0.9634551, 1), (0.17839508, -0.19982377, -0.9634551, 1), (0.90185946, -0.22940099, 0.36609367, 1), (0.90185946, -0.22940099, 0.36609364, 1), (0.90185946, -0.22940099, 0.36609364, 1), (-0.01602031, -0.29015478, 0.9568456, 1), (-0.016020311, -0.2901548, 0.9568456, 1), (-0.016020311, -0.2901548, 0.9568456, 1), (-0.85849446, 0.14564031, 0.49170724, 1), (-0.85849446, 0.14564028, 0.49170724, 1), (-0.85849446, 0.14564031, 0.49170724, 1), (-0.86500794, -0.09221321, -0.49321207, 1), (-0.86500794, -0.09221321, -0.49321207, 1), (-0.86500794, -0.09221321, -0.49321207, 1), (0.121730804, 0.1501993, -0.9811329, 1), (0.121730834, 0.1501993, -0.9811329, 1), (0.12173082, 0.1501993, -0.9811329, 1), (0.12172487, 0.15020683, -0.98113245, 1), (0.12172485, 0.15020683, -0.98113245, 1), (0.12172487, 0.15020682, -0.98113245, 1), (0.20895916, 0.32233983, 0.92327297, 1), (0.20895916, 0.32233986, 0.92327297, 1), (0.20895919, 0.32233983, 0.92327297, 1), (0.19984245, 0.3771692, 0.90432644, 1), (0.19984244, 0.3771692, 0.90432644, 1), (0.19984244, 0.37716922, 0.90432644, 1), (-0.8463582, 0.06855043, 0.5281843, 1), (-0.8463582, 0.06855044, 0.5281843, 1), (-0.8463582, 0.06855043, 0.5281843, 1), (-0.9975677, 0.06584501, 0.022867851, 1), (-0.9975677, 0.065845005, 0.02286785, 1), (-0.9975677, 0.06584501, 0.022867855, 1), (-0.9853194, -0.014856352, -0.17007373, 1), (-0.9853194, -0.014856352, -0.17007372, 1), (-0.9853194, -0.014856353, -0.17007373, 1), (-0.9923046, -0.06913424, -0.10272327, 1), (-0.9923046, -0.06913424, -0.102723256, 1), (-0.9923046, -0.06913424, -0.10272325, 1), (-0.530119, 0.09027719, -0.84310365, 1), (-0.530119, 0.09027719, -0.84310365, 1), (-0.53011906, 0.0902772, -0.84310365, 1), (-0.40531227, -0.07140442, -0.91138536, 1), (-0.40531227, -0.07140442, -0.91138536, 1), (-0.40531227, -0.07140442, -0.91138536, 1), (-0.34700188, -0.14153038, -0.9271239, 1), (-0.34700185, -0.14153038, -0.9271239, 1), (-0.34700188, -0.14153038, -0.9271239, 1), (0.50857276, 0.49549124, -0.7041607, 1), (0.5085727, 0.49549127, -0.70416063, 1), (0.50857276, 0.49549118, -0.7041606, 1), (0.55902135, -0.13404435, 0.81824636, 1), (0.55902135, -0.13404436, 0.81824636, 1), (0.55902135, -0.13404435, 0.81824636, 1), (0.50857115, 0.49549186, -0.70416135, 1), (0.50857115, 0.4954918, -0.70416135, 1), (0.50857115, 0.49549186, -0.70416135, 1), (0.9151605, 0.124157414, -0.38349202, 1), (0.9151606, 0.124157414, -0.38349202, 1), (0.9151605, 0.1241574, -0.383492, 1), (0.9524354, -0.14385033, 0.26865193, 1), (0.9524354, -0.14385033, 0.26865193, 1), (0.9524354, -0.14385034, 0.26865193, 1), (0.8815527, -0.38721865, 0.27004895, 1), (0.8815527, -0.38721865, 0.27004898, 1), (0.8815527, -0.3872186, 0.27004895, 1), (0.5590225, -0.13404655, 0.8182453, 1), (0.5590225, -0.13404655, 0.8182453, 1), (0.5590225, -0.13404655, 0.8182453, 1), (0.4116082, -0.37838235, -0.82909924, 1), (0.41160813, -0.37838233, -0.82909924, 1), (0.4116082, -0.37838235, -0.82909924, 1), (0.90185946, -0.2294018, 0.36609334, 1), (0.90185946, -0.2294018, 0.36609334, 1), (0.90185946, -0.2294018, 0.3660933, 1), (-0.54597956, 0.14255239, -0.8255817, 1), (-0.5459795, 0.14255238, -0.8255817, 1), (-0.54597956, 0.14255239, -0.8255817, 1), (-0.9737092, -0.07402826, -0.21543011, 1), (-0.9737092, -0.07402826, -0.21543011, 1), (-0.9737092, -0.074028276, -0.2154301, 1), (0.15735812, 0.1217232, 0.9800111, 1), (0.15735814, 0.121723205, 0.9800111, 1), (0.15735814, 0.1217232, 0.9800111, 1), (-0.9925478, 0.09310986, -0.07860932, 1), (-0.9925478, 0.09310986, -0.07860932, 1), (-0.9925478, 0.09310987, -0.078609325, 1), (-0.92580307, 0.28838637, 0.24438097, 1), (-0.92580307, 0.28838637, 0.24438097, 1), (-0.92580307, 0.28838634, 0.24438094, 1), (-0.60318094, -0.043563273, 0.7964138, 1), (-0.60318094, -0.043563273, 0.7964138, 1), (-0.60318094, -0.043563273, 0.7964138, 1), (-0.82665205, -0.22340025, 0.5164675, 1), (-0.82665205, -0.22340025, 0.51646745, 1), (-0.82665205, -0.22340025, 0.5164675, 1), (0.29715842, 0.6367205, 0.7115363, 1), (0.29715842, 0.6367205, 0.7115363, 1), (0.29715842, 0.6367205, 0.7115363, 1), (-0.813887, -0.3612796, -0.45504385, 1), (-0.81388706, -0.3612796, -0.4550438, 1), (-0.81388706, -0.3612796, -0.45504385, 1), (0.13128065, 0.32041183, -0.9381373, 1), (0.13128063, 0.3204118, -0.9381373, 1), (0.13128063, 0.3204118, -0.9381373, 1), (0.99295056, -0.042641476, 0.1105929, 1), (0.99295056, -0.042641476, 0.1105929, 1), (0.99295056, -0.042641476, 0.11059291, 1), (0.2931529, 0.5079644, 0.80995905, 1), (0.2931529, 0.5079644, 0.80995905, 1), (0.2931529, 0.5079644, 0.80995905, 1), (-0.695199, 0.5079731, 0.5085879, 1), (-0.695199, 0.5079731, 0.5085879, 1), (-0.695199, 0.5079731, 0.5085879, 1), (-0.80084723, -0.4019891, -0.44390142, 1), (-0.80084723, -0.40198907, -0.44390142, 1), (-0.80084723, -0.4019891, -0.44390136, 1), (0.21657522, -0.20117095, -0.9553143, 1), (0.21657522, -0.20117098, -0.9553143, 1), (0.21657522, -0.20117098, -0.9553143, 1), (0.94759387, 0.23444118, 0.21703282, 1), (0.94759387, 0.23444118, 0.21703282, 1), (0.94759387, 0.23444115, 0.21703282, 1), (-0.06866872, 0.25249526, 0.96515846, 1), (-0.068668716, 0.25249526, 0.96515846, 1), (-0.068668716, 0.2524953, 0.96515846, 1), (-0.28574878, -0.035444237, 0.95764893, 1), (-0.28574878, -0.03544424, 0.95764893, 1), (-0.28574878, -0.035444237, 0.95764893, 1), (-0.26409295, 0.020800289, 0.96427286, 1), (-0.26409295, 0.020800285, 0.96427286, 1), (-0.26409295, 0.020800285, 0.96427286, 1), (-0.98021096, 0.1525391, -0.12616828, 1), (-0.98021096, 0.15253912, -0.1261683, 1), (-0.98021096, 0.1525391, -0.12616825, 1), (-0.9870172, -0.07109976, 0.14402027, 1), (-0.9870172, -0.07109976, 0.14402027, 1), (-0.9870172, -0.07109976, 0.14402029, 1), (-0.97309476, -0.06679028, 0.22051233, 1), (-0.97309476, -0.06679028, 0.22051238, 1), (-0.97309476, -0.06679028, 0.22051233, 1), (-0.58847094, -0.01614833, -0.8083571, 1), (-0.58847094, -0.016148329, -0.8083571, 1), (-0.58847094, -0.01614833, -0.8083571, 1), (-0.52142906, 0.2017057, -0.82911193, 1), (-0.52142906, 0.2017057, -0.8291119, 1), (-0.52142906, 0.2017057, -0.8291119, 1), (-0.42313087, -0.81513447, -0.39562136, 1), (-0.42313087, -0.81513447, -0.39562136, 1), (-0.42313087, -0.81513447, -0.3956214, 1), (0.68503696, 0.38476652, -0.6186107, 1), (0.68503684, 0.3847665, -0.6186106, 1), (0.68503684, 0.3847665, -0.6186106, 1), (0.81914514, -0.18436871, -0.5431477, 1), (0.8191452, -0.18436871, -0.5431476, 1), (0.81914514, -0.18436871, -0.5431477, 1), (0.98928714, -0.087477, -0.11687069, 1), (0.98928714, -0.087477, -0.11687069, 1), (0.98928714, -0.08747699, -0.11687068, 1), (0.8320409, 0.123005055, 0.54090446, 1), (0.8320409, 0.123005055, 0.54090446, 1), (0.8320409, 0.12300506, 0.54090446, 1), (0.53855383, -0.2604159, 0.80133843, 1), (0.53855383, -0.26041594, 0.80133855, 1), (0.53855383, -0.26041597, 0.80133843, 1), (0.5438565, 0.39498723, 0.7404088, 1), (0.5438565, 0.3949872, 0.74040884, 1), (0.54385644, 0.39498723, 0.7404088, 1), (0.9317909, 0.18883064, 0.31001386, 1), (0.9317909, 0.18883063, 0.3100138, 1), (0.9317909, 0.18883066, 0.31001386, 1), (0.9929512, -0.042632177, 0.11059075, 1), (0.9929512, -0.042632174, 0.11059074, 1), (0.9929512, -0.042632174, 0.11059074, 1), (0.98805815, 0.107607745, 0.11028029, 1), (0.98805815, 0.107607745, 0.110280275, 1), (0.98805815, 0.10760773, 0.11028027, 1), (0.6316601, -0.1336537, -0.76363754, 1), (0.6316601, -0.13365369, -0.76363754, 1), (0.6316601, -0.13365369, -0.76363754, 1), (0.13130109, 0.32043704, -0.93812585, 1), (0.1313011, 0.32043704, -0.93812585, 1), (0.13130108, 0.32043707, -0.93812585, 1), (-0.07996943, -0.15640299, -0.98445064, 1), (-0.07996942, -0.15640299, -0.98445064, 1), (-0.07996942, -0.15640299, -0.98445064, 1), (-0.6135549, -0.009573211, -0.7895942, 1), (-0.61355484, -0.00957321, -0.7895942, 1), (-0.6135547, -0.00957321, -0.7895942, 1), (-0.8138884, -0.36127573, -0.45504463, 1), (-0.8138884, -0.36127573, -0.45504457, 1), (-0.8138884, -0.36127573, -0.45504463, 1), (-0.8939326, -0.43374276, -0.11292312, 1), (-0.8939326, -0.43374288, -0.11292312, 1), (-0.8939326, -0.43374288, -0.11292312, 1), (0.47574615, -0.04373735, 0.8784945, 1), (0.47574615, -0.04373735, 0.8784945, 1), (0.47574615, -0.04373735, 0.8784945, 1), (0.4144362, 0.42743424, 0.8034567, 1), (0.41443622, 0.42743427, 0.80345666, 1), (0.41443622, 0.42743427, 0.80345666, 1), (0.41443637, 0.42743328, 0.8034571, 1), (0.41443634, 0.42743325, 0.8034572, 1), (0.41443637, 0.42743322, 0.8034571, 1), (-0.9176623, 0.10584459, 0.38300505, 1), (-0.9176623, 0.1058446, 0.38300505, 1), (-0.9176623, 0.1058446, 0.38300502, 1), (-0.82665277, -0.22339548, 0.51646847, 1), (-0.8266527, -0.22339547, 0.51646847, 1), (-0.82665277, -0.22339548, 0.51646847, 1), (-0.49710113, -0.09498594, 0.86247796, 1), (-0.49710107, -0.09498594, 0.86247796, 1), (-0.49710113, -0.09498594, 0.86247796, 1), (-0.8015275, -0.37661943, 0.4644474, 1), (-0.8015275, -0.3766194, 0.4644474, 1), (-0.8015275, -0.37661943, 0.46444747, 1), (-0.46506068, -0.29145575, 0.8359259, 1), (-0.46506068, -0.29145575, 0.8359259, 1), (-0.46506068, -0.29145575, 0.8359259, 1), (-0.7519269, -0.53863436, -0.38010383, 1), (-0.7519269, -0.5386344, -0.38010383, 1), (-0.7519269, -0.53863436, -0.38010383, 1), (0.81661505, 0.5549231, 0.15874553, 1), (0.81661505, 0.5549231, 0.15874554, 1), (0.81661505, 0.5549231, 0.15874553, 1), (-0.46506786, -0.29145476, 0.8359223, 1), (-0.4650679, -0.29145476, 0.8359223, 1), (-0.4650679, -0.29145476, 0.8359223, 1), (0.4765286, 0.7050972, 0.52512693, 1), (0.4765286, 0.7050972, 0.52512693, 1), (0.47652867, 0.7050972, 0.525127, 1), (-0.5646053, -0.3220016, 0.7599578, 1), (-0.5646053, -0.3220016, 0.7599578, 1), (-0.5646053, -0.3220016, 0.7599578, 1), (0.41062784, 0.30149126, 0.86051595, 1), (0.41062784, 0.30149126, 0.860516, 1), (0.41062787, 0.30149126, 0.86051595, 1), (-0.6341022, -0.1441385, -0.75969636, 1), (-0.6341022, -0.1441385, -0.75969636, 1), (-0.6341022, -0.1441385, -0.75969636, 1), (0.7466406, 0.46655583, -0.47418723, 1), (0.74664056, 0.46655583, -0.47418725, 1), (0.74664056, 0.46655583, -0.47418725, 1), (-0.9824082, 0.10784787, -0.15245642, 1), (-0.9824082, 0.10784787, -0.15245642, 1), (-0.9824082, 0.10784787, -0.15245643, 1), (-0.39172265, -0.84264976, -0.36945197, 1), (-0.39172265, -0.84264976, -0.36945197, 1), (-0.39172265, -0.84264976, -0.36945197, 1), (-0.43232605, -0.8166515, -0.38232756, 1), (-0.43232605, -0.8166515, -0.38232762, 1), (-0.43232605, -0.8166515, -0.38232762, 1), (-0.25717178, 0.077416785, -0.9632597, 1), (-0.2571718, 0.077416785, -0.9632597, 1), (-0.25717178, 0.07741678, -0.9632597, 1), (0.0013343535, -0.02865397, -0.99958855, 1), (0.0013343532, -0.028653968, -0.99958855, 1), (0.0013343534, -0.028653968, -0.99958855, 1), (0.29353315, -0.016441226, -0.95580745, 1), (0.29353315, -0.01644123, -0.95580745, 1), (0.2935332, -0.016441226, -0.95580745, 1), (0.760727, 0.47700128, -0.4401866, 1), (0.76072705, 0.47700128, -0.4401866, 1), (0.760727, 0.47700128, -0.4401866, 1), (0.9229339, 0.20247665, -0.32740843, 1), (0.9229339, 0.20247668, -0.32740846, 1), (0.9229339, 0.20247665, -0.32740843, 1), (0.9507066, 0.19721916, 0.23929411, 1), (0.9507066, 0.19721918, 0.23929411, 1), (0.9507066, 0.19721916, 0.23929411, 1), (-0.5908113, 0.39854667, 0.7015002, 1), (-0.5908114, 0.39854667, 0.7015002, 1), (-0.5908114, 0.39854667, 0.7015002, 1), (-0.71738523, -0.031863872, 0.69594765, 1), (-0.71738523, -0.031863872, 0.69594765, 1), (-0.71738523, -0.031863872, 0.6959475, 1), (-0.98240685, 0.10785475, -0.15246034, 1), (-0.98240685, 0.107854754, -0.15246035, 1), (-0.98240685, 0.10785475, -0.15246035, 1), (0.11652954, 0.41697675, 0.9014162, 1), (0.116529554, 0.41697678, 0.9014163, 1), (0.11652954, 0.41697672, 0.9014163, 1), (0.95070064, 0.19722113, 0.23931602, 1), (0.95070064, 0.1972211, 0.23931602, 1), (0.95070064, 0.1972211, 0.23931599, 1), (-0.5912823, -0.66296446, 0.45919862, 1), (-0.59128225, -0.6629644, 0.45919862, 1), (-0.59128225, -0.6629644, 0.45919862, 1), (0.030791106, -0.67701155, 0.735328, 1), (0.0307911, -0.6770115, 0.735328, 1), (0.0307911, -0.6770115, 0.735328, 1), (-0.29687205, 0.20656599, 0.9323076, 1), (-0.29687208, 0.20656598, 0.93230766, 1), (-0.29687208, 0.20656598, 0.93230766, 1), (-0.2936588, 0.34693682, 0.89072967, 1), (-0.2936588, 0.34693682, 0.89072967, 1), (-0.2936588, 0.34693685, 0.89072967, 1), (0.47652754, 0.7050977, 0.5251273, 1), (0.47652754, 0.7050977, 0.5251273, 1), (0.47652754, 0.7050977, 0.5251273, 1), (0.8166145, 0.554923, 0.15874875, 1), (0.8166145, 0.554923, 0.15874875, 1), (0.8166145, 0.554923, 0.15874875, 1), (0.87786865, 0.46781486, 0.10244927, 1), (0.87786865, 0.46781486, 0.10244927, 1), (0.87786865, 0.46781492, 0.102449276, 1), (0.63108766, 0.48966077, -0.60163164, 1), (0.6310876, 0.4896608, -0.6016316, 1), (0.6310876, 0.48966077, -0.60163164, 1), (0.6017418, -0.16122293, -0.78224933, 1), (0.6017418, -0.16122293, -0.78224933, 1), (0.6017418, -0.16122293, -0.78224933, 1), (-0.32752672, -0.45027274, -0.8306508, 1), (-0.32752672, -0.45027274, -0.8306508, 1), (-0.3275267, -0.45027277, -0.83065075, 1), (-0.2936589, 0.34693682, 0.89072967, 1), (-0.29365888, 0.34693682, 0.89072967, 1), (-0.2936589, 0.34693682, 0.89072967, 1), (0.28443587, 0.06780566, 0.9562942, 1), (0.28443593, 0.06780567, 0.9562942, 1), (0.28443593, 0.06780566, 0.9562942, 1), (0.28443554, 0.06780576, 0.9562943, 1), (0.28443554, 0.06780576, 0.9562943, 1), (0.2844355, 0.06780577, 0.9562943, 1), (-0.95119774, -0.27115345, 0.14730458, 1), (-0.95119774, -0.27115345, 0.14730458, 1), (-0.95119774, -0.27115345, 0.14730458, 1), (-0.8015364, -0.37661096, 0.46443903, 1), (-0.8015364, -0.37661096, 0.464439, 1), (-0.8015364, -0.37661093, 0.464439, 1), (0.030764764, -0.6770045, 0.7353355, 1), (0.03076476, -0.67700464, 0.73533547, 1), (0.030764764, -0.6770046, 0.7353355, 1), (-0.7257471, 0.11531765, 0.6782279, 1), (-0.7257471, 0.11531764, 0.6782279, 1), (-0.72574705, 0.11531765, 0.6782279, 1), (0.26283404, -0.49466437, 0.82838726, 1), (0.26283404, -0.49466437, 0.82838726, 1), (0.26283404, -0.49466437, 0.82838726, 1), (-0.666387, 0.7399579, -0.09160009, 1), (-0.6663871, 0.7399579, -0.09160009, 1), (-0.666387, 0.7399579, -0.09160008, 1), (-0.3802873, 0.57024544, -0.72814953, 1), (-0.3802873, 0.57024544, -0.72814953, 1), (-0.3802873, 0.57024544, -0.72814953, 1), (0.7920866, -0.6103767, -0.006257837, 1), (0.7920866, -0.61037666, -0.006257837, 1), (0.7920866, -0.61037666, -0.006257837, 1), (0.26283914, -0.4946695, 0.8283826, 1), (0.26283914, -0.49466953, 0.8283826, 1), (0.26283914, -0.4946695, 0.8283826, 1), (0.74016213, -0.0018543891, -0.6724259, 1), (0.74016213, -0.0018543893, -0.67242587, 1), (0.7401622, -0.0018543891, -0.67242587, 1), (0.09570889, -0.52789164, 0.8439019, 1), (0.09570889, -0.5278916, 0.8439019, 1), (0.09570889, -0.5278916, 0.8439019, 1), (0.63442284, -0.65206623, 0.415111, 1), (0.63442284, -0.65206623, 0.415111, 1), (0.63442284, -0.65206623, 0.415111, 1), (-0.74454284, 0.5588469, -0.3651658, 1), (-0.74454284, 0.5588469, -0.3651658, 1), (-0.74454284, 0.5588469, -0.36516586, 1), (-0.017745381, 0.42951313, -0.9028863, 1), (-0.017745377, 0.42951313, -0.9028863, 1), (-0.017745381, 0.42951313, -0.9028863, 1), (-0.84202176, 0.52707064, 0.1148734, 1), (-0.84202176, 0.52707064, 0.1148734, 1), (-0.84202176, 0.52707064, 0.1148734, 1), (-0.6067313, 0.18421435, 0.77326727, 1), (-0.6067313, 0.18421435, 0.77326727, 1), (-0.6067313, 0.18421435, 0.77326727, 1), (-0.800544, 0.5063425, 0.3205409, 1), (-0.800544, 0.5063425, 0.32054088, 1), (-0.800544, 0.5063424, 0.3205409, 1), (-0.59355974, 0.6484589, -0.47664243, 1), (-0.5935597, 0.64845884, -0.4766425, 1), (-0.59355974, 0.6484589, -0.47664246, 1), (-0.53099364, 0.61340225, -0.58462244, 1), (-0.5309936, 0.6134023, -0.5846225, 1), (-0.5309936, 0.6134023, -0.5846225, 1), (-0.14591564, 0.34049678, -0.92885447, 1), (-0.14591563, 0.34049672, -0.92885447, 1), (-0.14591564, 0.34049678, -0.92885447, 1), (0.24311787, 0.4488559, -0.85989654, 1), (0.24311787, 0.4488559, -0.85989654, 1), (0.24311784, 0.44885588, -0.8598966, 1), (0.43524006, 0.09541234, -0.89524436, 1), (0.43524006, 0.09541234, -0.89524436, 1), (0.43524012, 0.09541234, -0.89524436, 1), (0.46469873, -0.15605325, -0.87160915, 1), (0.4646987, -0.15605325, -0.87160915, 1), (0.4646987, -0.15605325, -0.87160915, 1), (0.10808264, -0.32065734, 0.9410085, 1), (0.10808262, -0.3206573, 0.9410085, 1), (0.10808263, -0.32065728, 0.9410085, 1), (0.35073856, -0.59329486, 0.72455764, 1), (0.35073856, -0.59329486, 0.72455764, 1), (0.35073856, -0.59329486, 0.72455764, 1), (-0.8420183, 0.52706784, 0.11491236, 1), (-0.8420183, 0.52706784, 0.114912376, 1), (-0.8420183, 0.5270678, 0.11491235, 1), (0.8676385, -0.49630767, 0.02970114, 1), (0.8676385, -0.4963076, 0.029701136, 1), (0.8676385, -0.4963076, 0.029701136, 1), (0.61213404, -0.69077194, 0.38487136, 1), (0.61213404, -0.690772, 0.38487136, 1), (0.61213404, -0.69077194, 0.38487136, 1), (0.48826882, -0.68823224, 0.53659105, 1), (0.4882688, -0.6882323, 0.5365911, 1), (0.4882688, -0.6882323, 0.5365911, 1), (0.4646777, -0.1560268, -0.8716251, 1), (0.4646777, -0.1560268, -0.8716251, 1), (0.4646777, -0.1560268, -0.8716251, 1), (-0.0020183504, -0.3998445, 0.9165808, 1), (-0.0020183506, -0.3998445, 0.9165808, 1), (-0.0020183504, -0.3998445, 0.9165808, 1), (-0.7763156, 0.28747135, 0.56097627, 1), (-0.77631557, 0.28747132, 0.56097627, 1), (-0.7763156, 0.28747132, 0.5609762, 1), (0.07454283, -0.382523, 0.9209341, 1), (0.07454283, -0.38252303, 0.92093396, 1), (0.07454283, -0.38252303, 0.92093396, 1), (0.48908806, -0.6927932, 0.5299344, 1), (0.48908806, -0.6927932, 0.5299344, 1), (0.48908803, -0.69279313, 0.52993447, 1), (0.7401628, -0.0018539681, -0.67242527, 1), (0.7401628, -0.001853968, -0.67242527, 1), (0.7401628, -0.001853968, -0.67242527, 1), (0.7920865, -0.6103768, -0.006261481, 1), (0.7920864, -0.6103768, -0.0062614805, 1), (0.7920864, -0.61037683, -0.0062614814, 1), (0.74311614, -0.53540784, -0.40139356, 1), (0.74311614, -0.53540784, -0.4013936, 1), (0.74311614, -0.5354079, -0.4013936, 1), (0.16040991, 0.3966839, -0.90383095, 1), (0.16040991, 0.3966839, -0.90383106, 1), (0.16040991, 0.3966839, -0.90383095, 1), (-0.38028702, 0.57024556, -0.72814953, 1), (-0.38028702, 0.57024556, -0.72814953, 1), (-0.38028702, 0.57024556, -0.72814953, 1), (-0.41523087, 0.55965066, -0.717199, 1), (-0.41523087, 0.55965066, -0.717199, 1), (-0.41523087, 0.55965066, -0.717199, 1), (-0.39873144, 0.7383353, -0.5439432, 1), (-0.3987314, 0.7383353, -0.5439432, 1), (-0.39873144, 0.73833543, -0.5439432, 1), (-0.66638607, 0.7399589, -0.09160013, 1), (-0.666386, 0.7399589, -0.09160011, 1), (-0.666386, 0.7399589, -0.09160011, 1), (-0.87748367, 0.32637602, 0.35142723, 1), (-0.87748367, 0.32637596, 0.35142723, 1), (-0.87748367, 0.32637602, 0.35142723, 1), (0.48908862, -0.6927945, 0.529932, 1), (0.48908862, -0.6927945, 0.52993214, 1), (0.48908862, -0.69279456, 0.529932, 1), (0.339669, -0.55842423, 0.7568271, 1), (0.339669, -0.55842423, 0.7568271, 1), (0.339669, -0.55842423, 0.7568271, 1), (0.339665, -0.55842763, 0.75682646, 1), (0.339665, -0.55842763, 0.75682646, 1), (0.339665, -0.55842763, 0.75682646, 1), (-0.2526229, -0.116897576, 0.9604773, 1), (-0.2526229, -0.11689757, 0.9604773, 1), (-0.25262287, -0.116897576, 0.9604773, 1), (-0.7257477, 0.11532977, 0.6782251, 1), (-0.7257477, 0.115329765, 0.67822504, 1), (-0.7257477, 0.11532977, 0.67822516, 1), (-0.7763156, 0.2874714, 0.56097615, 1), (-0.7763157, 0.28747144, 0.5609761, 1), (-0.7763157, 0.2874714, 0.56097615, 1), (-0.71458745, -0.1348047, 0.6864346, 1), (-0.71458745, -0.1348047, 0.68643457, 1), (-0.71458745, -0.1348047, 0.68643457, 1), (-0.06590366, -0.42603254, 0.90230435, 1), (-0.06590366, -0.42603254, 0.90230435, 1), (-0.06590366, -0.42603254, 0.90230435, 1), (-0.40587506, 0.42483366, -0.80918586, 1), (-0.40587512, 0.4248337, -0.80918586, 1), (-0.4058751, 0.42483363, -0.8091859, 1), (0.46200532, 0.7038147, -0.5396259, 1), (0.4620053, 0.7038147, -0.5396259, 1), (0.46200532, 0.7038147, -0.5396259, 1), (0.7449792, -0.35538444, 0.56454223, 1), (0.7449792, -0.35538444, 0.56454223, 1), (0.7449792, -0.35538444, 0.56454223, 1), (0.025280511, -0.75558007, 0.6545683, 1), (0.02528051, -0.75558007, 0.6545683, 1), (0.025280507, -0.75558, 0.6545683, 1), (-0.89268947, 0.24877973, 0.37578484, 1), (-0.89268947, 0.2487797, 0.3757848, 1), (-0.89268947, 0.24877973, 0.3757849, 1), (-0.5886504, 0.46515605, -0.66115093, 1), (-0.58865047, 0.46515608, -0.66115093, 1), (-0.58865047, 0.4651561, -0.66115093, 1), (0.89555395, 0.4444686, -0.020758659, 1), (0.89555395, 0.4444686, -0.020758659, 1), (0.89555395, 0.4444686, -0.020758659, 1), (0.93401694, -0.3559562, 0.03012581, 1), (0.93401694, -0.3559562, 0.03012581, 1), (0.93401694, -0.3559562, 0.030125814, 1), (-0.3691963, -0.694557, 0.6174826, 1), (-0.36919624, -0.694557, 0.61748254, 1), (-0.36919627, -0.69455695, 0.6174826, 1), (-0.5475138, -0.5745833, 0.60834426, 1), (-0.5475137, -0.57458323, 0.6083443, 1), (-0.54751384, -0.5745832, 0.6083443, 1), (-0.72833145, 0.09147798, 0.6790913, 1), (-0.7283314, 0.091477975, 0.67909133, 1), (-0.7283314, 0.09147798, 0.67909133, 1), (-0.99944454, -0.033065468, -0.0041572424, 1), (-0.99944454, -0.033065468, -0.0041572424, 1), (-0.99944454, -0.033065468, -0.004157242, 1), (-0.9185069, 0.23054698, -0.32123694, 1), (-0.9185068, 0.23054698, -0.32123694, 1), (-0.9185068, 0.23054698, -0.32123694, 1), (-0.8232413, 0.19038916, -0.5348138, 1), (-0.8232412, 0.19038914, -0.5348138, 1), (-0.8232412, 0.19038914, -0.5348138, 1), (-0.47849008, 0.63557565, -0.6058801, 1), (-0.47849002, 0.6355757, -0.60588014, 1), (-0.4784901, 0.6355757, -0.60588014, 1), (-0.35764793, 0.60271007, -0.7133221, 1), (-0.35764793, 0.60271007, -0.7133221, 1), (-0.3576479, 0.60271007, -0.71332216, 1), (0.34764776, 0.78262264, -0.5163747, 1), (0.34764776, 0.78262264, -0.5163747, 1), (0.34764773, 0.7826227, -0.5163747, 1), (0.9321391, 0.3397447, -0.12526025, 1), (0.9321391, 0.33974466, -0.12526025, 1), (0.9321391, 0.33974463, -0.12526023, 1), (0.87599164, 0.26276055, -0.40446943, 1), (0.87599164, 0.26276055, -0.40446946, 1), (0.87599164, 0.26276055, -0.40446946, 1), (0.97389936, -0.023998791, -0.22570814, 1), (0.97389936, -0.023998791, -0.22570816, 1), (0.97389936, -0.023998793, -0.22570817, 1), (0.6229646, -0.5759846, 0.5292984, 1), (0.6229646, -0.5759846, 0.5292984, 1), (0.6229646, -0.5759846, 0.5292984, 1), (0.4584889, -0.7379044, 0.49526262, 1), (0.45848894, -0.7379044, 0.49526265, 1), (0.4584889, -0.73790437, 0.49526265, 1), (0.35334748, -0.80114377, 0.4830261, 1), (0.35334748, -0.8011438, 0.48302606, 1), (0.35334748, -0.80114377, 0.4830261, 1), (-0.68105143, -0.39800122, 0.61462504, 1), (-0.68105143, -0.3980013, 0.61462504, 1), (-0.68105143, -0.39800125, 0.6146251, 1), (-0.96563876, 0.21026085, -0.15274867, 1), (-0.96563876, 0.21026082, -0.15274866, 1), (-0.96563876, 0.21026085, -0.15274866, 1), (0.10057527, 0.81671196, -0.5682131, 1), (0.100575276, 0.8167121, -0.5682131, 1), (0.10057527, 0.81671196, -0.5682131, 1), (0.91024375, 0.06498215, -0.40894207, 1), (0.91024375, 0.064982146, -0.4089421, 1), (0.91024375, 0.06498216, -0.40894204, 1), (0.52243686, -0.6221597, 0.5830755, 1), (0.52243686, -0.6221597, 0.5830755, 1), (0.52243686, -0.6221597, 0.5830755, 1), (0.9691134, -0.23979102, -0.057613578, 1), (0.9691134, -0.239791, -0.05761357, 1), (0.9691134, -0.23979102, -0.05761357, 1), (0.38491726, 0.7454517, -0.54418784, 1), (0.38491726, 0.7454517, -0.54418784, 1), (0.38491726, 0.7454517, -0.54418784, 1), (0.462005, 0.7038145, -0.5396263, 1), (0.46200505, 0.7038145, -0.5396263, 1), (0.462005, 0.7038145, -0.5396264, 1), (0.8773786, 0.42207363, -0.22816803, 1), (0.8773786, 0.42207357, -0.228168, 1), (0.8773786, 0.42207357, -0.22816798, 1), (-0.56635743, 0.66000986, -0.49358508, 1), (-0.5663574, 0.6600098, -0.49358508, 1), (-0.56635743, 0.6600099, -0.4935851, 1), (-0.40587273, 0.42483467, -0.8091866, 1), (-0.40587267, 0.4248346, -0.8091866, 1), (-0.40587273, 0.42483467, -0.8091866, 1), (-0.44686696, -0.12210144, -0.88622856, 1), (-0.44686696, -0.122101426, -0.88622856, 1), (-0.44686696, -0.12210144, -0.8862287, 1), (0.21264109, -0.9343019, 0.28611833, 1), (0.21264109, -0.9343019, 0.28611836, 1), (0.21264109, -0.9343019, 0.28611836, 1), (0.03970223, -0.93991387, 0.3390955, 1), (0.03970223, -0.93991387, 0.33909544, 1), (0.03970223, -0.93991387, 0.33909547, 1), (0.0396998, -0.9399153, 0.3390916, 1), (0.039699793, -0.9399153, 0.33909154, 1), (0.0396998, -0.9399153, 0.3390916, 1), (-0.74710333, 0.33688706, 0.5730128, 1), (-0.74710333, 0.33688706, 0.5730128, 1), (-0.74710333, 0.33688706, 0.5730128, 1), (-0.71458423, -0.13480724, 0.6864375, 1), (-0.71458423, -0.13480724, 0.6864375, 1), (-0.71458423, -0.13480724, 0.6864375, 1), (-0.94523257, -0.30690274, 0.11111326, 1), (-0.94523257, -0.30690274, 0.11111327, 1), (-0.94523257, -0.30690274, 0.11111327, 1), (0.27935386, 0.61888444, 0.7341277, 1), (0.2793538, 0.6188845, 0.73412764, 1), (0.27935386, 0.61888444, 0.73412764, 1), (-0.91587156, 0.09319674, 0.39050418, 1), (-0.9158717, 0.09319675, 0.39050418, 1), (-0.9158717, 0.09319675, 0.39050418, 1), (-0.60427284, -0.024434159, -0.79640275, 1), (-0.60427284, -0.024434159, -0.79640275, 1), (-0.60427284, -0.024434159, -0.79640275, 1), (0.6412403, -0.12596048, -0.7569312, 1), (0.6412403, -0.12596048, -0.75693125, 1), (0.64124036, -0.12596048, -0.7569312, 1), (0.918539, 0.20019436, 0.3408936, 1), (0.918539, 0.20019431, 0.34089354, 1), (0.918539, 0.20019434, 0.3408935, 1), (-0.2775917, -0.033361778, 0.96011966, 1), (-0.2775917, -0.033361778, 0.96011966, 1), (-0.27759174, -0.033361778, 0.96011966, 1), (-0.9868968, -0.07421052, 0.14327444, 1), (-0.9868968, -0.07421051, 0.14327443, 1), (-0.9868968, -0.07421052, 0.14327444, 1), (-0.53571755, 0.19291185, -0.82206553, 1), (-0.53571755, 0.19291185, -0.82206553, 1), (-0.53571755, 0.19291185, -0.82206553, 1), (0.81904817, -0.17098749, -0.5476525, 1), (0.81904817, -0.17098749, -0.54765254, 1), (0.81904817, -0.17098752, -0.5476524, 1), (0.524002, -0.25668934, 0.812116, 1), (0.524002, -0.25668934, 0.812116, 1), (0.5240021, -0.25668934, 0.81211597, 1), (-0.97609496, -0.035002116, 0.21450779, 1), (-0.97609496, -0.035002112, 0.21450777, 1), (-0.97609496, -0.035002112, 0.21450777, 1), (-0.43963864, -0.81134987, -0.38526508, 1), (-0.4396386, -0.81134987, -0.38526505, 1), (-0.43963858, -0.8113499, -0.38526505, 1), (0.9860913, -0.10591608, -0.12808442, 1), (0.9860913, -0.10591608, -0.12808442, 1), (0.9860913, -0.10591607, -0.12808442, 1), (0.8386267, 0.111215115, 0.5332322, 1), (0.8386267, 0.111215115, 0.5332322, 1), (0.8386267, 0.111215115, 0.5332322, 1), (0.9636263, 0.10686129, -0.2449594, 1), (0.9636263, 0.1068613, -0.24495943, 1), (0.9636263, 0.10686129, -0.24495943, 1), (0.695504, 0.37752494, -0.61135024, 1), (0.695504, 0.37752494, -0.6113503, 1), (0.695504, 0.37752494, -0.6113502, 1), (-0.33340913, -0.15329474, -0.93023604, 1), (-0.33340913, -0.15329476, -0.93023604, 1), (-0.33340916, -0.15329476, -0.93023604, 1), (-0.5800026, -0.033314485, -0.81393313, 1), (-0.5800026, -0.03331448, -0.81393313, 1), (-0.5800026, -0.03331448, -0.81393313, 1), (0.9497754, 0.22917727, 0.21308355, 1), (0.9497754, 0.22917727, 0.21308355, 1), (0.9497754, 0.2291773, 0.21308355, 1), (0.9966499, 0.009113118, 0.08127683, 1), (0.9966499, 0.009113119, 0.081276834, 1), (0.9966499, 0.009113119, 0.081276834, 1), (0.1961595, -0.18487391, -0.96298647, 1), (0.19615953, -0.18487394, -0.96298647, 1), (0.19615953, -0.18487394, -0.96298647, 1), (-0.07559355, -0.13428952, -0.9880547, 1), (-0.075593546, -0.13428952, -0.9880547, 1), (-0.075593546, -0.13428952, -0.9880547, 1), (-0.7984591, -0.403794, -0.44655734, 1), (-0.7984591, -0.403794, -0.44655734, 1), (-0.7984591, -0.403794, -0.44655734, 1), (-0.9060851, -0.40458548, -0.12377574, 1), (-0.9060851, -0.40458548, -0.123775735, 1), (-0.9060851, -0.40458545, -0.123775735, 1), (-0.6744564, 0.4846807, 0.55694973, 1), (-0.6744564, 0.4846807, 0.55694973, 1), (-0.6744564, 0.48468077, 0.5569498, 1), (-0.51943535, -0.0368884, 0.8537131, 1), (-0.51943535, -0.0368884, 0.8537131, 1), (-0.51943535, -0.0368884, 0.8537131, 1), (0.30561137, 0.5114364, 0.8031404, 1), (0.30561134, 0.5114364, 0.8031404, 1), (0.30561137, 0.5114364, 0.8031404, 1), (0.46872818, -0.023508407, 0.8830296, 1), (0.46872818, -0.023508405, 0.8830296, 1), (0.46872824, -0.023508405, 0.8830296, 1), (0.014610702, 0.14156395, 0.9898213, 1), (0.014610702, 0.14156397, 0.9898213, 1), (0.014610702, 0.14156395, 0.9898213, 1), (-0.995821, 0.082552254, -0.03905781, 1), (-0.995821, 0.08255225, -0.039057806, 1), (-0.995821, 0.082552254, -0.03905781, 1), (-0.57483923, 0.042859, -0.8171431, 1), (-0.57483923, 0.042859, -0.8171431, 1), (-0.5748393, 0.042859007, -0.8171432, 1), (0.32256556, 0.023362631, -0.9462588, 1), (0.3225656, 0.023362631, -0.9462588, 1), (0.3225656, 0.023362631, -0.9462588, 1), (0.23990156, 0.39423153, 0.8871464, 1), (0.23990156, 0.39423153, 0.8871464, 1), (0.23990154, 0.39423153, 0.8871464, 1), (-0.9798621, 0.026165456, -0.19795412, 1), (-0.9798621, 0.02616546, -0.19795415, 1), (-0.9798621, 0.02616546, -0.19795412, 1), (-0.4244599, -0.034459002, -0.9047907, 1), (-0.4244599, -0.034459002, -0.9047907, 1), (-0.4244599, -0.034459002, -0.9047907, 1), (0.5983123, -0.2910138, -0.7465476, 1), (0.5983124, -0.29101378, -0.7465476, 1), (0.5983124, -0.29101378, -0.7465476, 1), (0.6185311, 0.20783897, 0.7577746, 1), (0.6185311, 0.20783897, 0.7577746, 1), (0.6185311, 0.207839, 0.7577746, 1), (-0.7991236, 0.06040977, 0.59812385, 1), (-0.7991235, 0.060409773, 0.59812397, 1), (-0.7991236, 0.06040977, 0.5981239, 1), (-0.38618132, -0.13631822, -0.9122945, 1), (-0.3861813, -0.13631822, -0.9122945, 1), (-0.38618132, -0.13631822, -0.9122945, 1), (0.900038, -0.38871884, 0.19705155, 1), (0.9000379, -0.38871884, 0.19705154, 1), (0.900038, -0.38871887, 0.19705155, 1), (-0.9989083, 0.039582703, -0.024809018, 1), (-0.9989083, 0.0395827, -0.024809016, 1), (-0.9989083, 0.0395827, -0.024809016, 1), (0.6185357, 0.20784104, 0.7577701, 1), (0.61853576, 0.20784107, 0.7577701, 1), (0.6185357, 0.20784107, 0.7577701, 1), (0.97397137, -0.089166686, 0.20839643, 1), (0.97397137, -0.089166686, 0.20839643, 1), (0.97397137, -0.08916666, 0.20839643, 1), (0.3044062, -0.5403056, -0.7844786, 1), (0.3044062, -0.5403056, -0.7844786, 1), (0.30440617, -0.5403056, -0.7844786, 1), (0.59832364, -0.2910035, -0.7465425, 1), (0.59832364, -0.2910035, -0.7465425, 1), (0.59832364, -0.2910035, -0.7465425, 1), (-0.32075992, 0.19563544, 0.9267361, 1), (-0.32075998, 0.19563548, 0.9267361, 1), (-0.32076, 0.19563548, 0.9267361, 1), (-0.32075974, 0.19563611, 0.92673606, 1), (-0.32075974, 0.19563611, 0.92673606, 1), (-0.32075977, 0.19563612, 0.92673606, 1), (0.19584104, 0.31319228, 0.92927766, 1), (0.19584101, 0.31319222, 0.92927766, 1), (0.19584104, 0.31319228, 0.92927766, 1), (0.9405355, -0.2272606, -0.2524788, 1), (0.9405355, -0.22726063, -0.2524788, 1), (0.9405355, -0.22726063, -0.2524788, 1), (-0.1142043, -0.2886179, -0.95060873, 1), (-0.1142043, -0.2886179, -0.95060873, 1), (-0.1142043, -0.2886179, -0.95060873, 1), (-0.8728415, -0.11638142, -0.4739231, 1), (-0.8728415, -0.11638142, -0.47392306, 1), (-0.8728415, -0.11638142, -0.4739231, 1), (-0.967927, -0.093981065, -0.23299117, 1), (-0.967927, -0.093981065, -0.23299114, 1), (-0.967927, -0.09398107, -0.23299119, 1), (-0.8555659, 0.14169016, 0.49792653, 1), (-0.8555659, 0.14169018, 0.49792656, 1), (-0.8555659, 0.14169016, 0.49792656, 1), (-0.6656996, 0.029885605, 0.74562126, 1), (-0.66569954, 0.029885605, 0.74562126, 1), (-0.66569954, 0.029885603, 0.74562114, 1), (-0.05966225, -0.28587517, 0.9564077, 1), (-0.059662245, -0.2858752, 0.9564077, 1), (-0.05966225, -0.2858752, 0.9564077, 1), (0.46622396, 0.3274754, 0.8218242, 1), (0.46622396, 0.3274754, 0.8218242, 1), (0.466224, 0.3274754, 0.8218242, 1), (0.90071166, -0.3123419, -0.30192894, 1), (0.90071166, -0.31234193, -0.30192894, 1), (0.90071166, -0.31234193, -0.30192897, 1), (0.32256567, 0.02336287, -0.9462587, 1), (0.32256567, 0.02336287, -0.9462587, 1), (0.3225657, 0.02336287, -0.9462587, 1), (0.19164394, -0.18465394, -0.96393746, 1), (0.19164395, -0.18465394, -0.96393746, 1), (0.19164394, -0.18465394, -0.96393746, 1), (-0.1142058, -0.28861794, -0.95060855, 1), (-0.114205785, -0.2886179, -0.95060855, 1), (-0.1142058, -0.28861794, -0.95060855, 1), (-0.95929414, -0.24659772, 0.13763836, 1), (-0.95929414, -0.24659772, 0.13763836, 1), (-0.95929414, -0.24659774, 0.13763838, 1), (-0.36728907, -0.35728222, -0.858748, 1), (-0.36728907, -0.35728222, -0.858748, 1), (-0.367289, -0.3572822, -0.858748, 1), (0.62862736, 0.4887075, -0.6049732, 1), (0.62862736, 0.4887075, -0.6049732, 1), (0.62862736, 0.4887075, -0.6049732, 1), (-0.37925315, -0.84659564, -0.3734205, 1), (-0.37925315, -0.84659564, -0.37342048, 1), (-0.37925312, -0.8465957, -0.37342048, 1), (0, -0.03589691, -0.9993555, 1), (0, -0.03589691, -0.9993555, 1), (0, -0.03589691, -0.9993555, 1), (0.9256714, 0.17098002, -0.33748823, 1), (0.9256714, 0.17098, -0.3374882, 1), (0.9256714, 0.17098002, -0.33748823, 1), (-0.44723082, -0.8178179, -0.36215803, 1), (-0.44723088, -0.8178179, -0.36215803, 1), (-0.44723085, -0.81781787, -0.36215806, 1), (0.30949217, -0.08223544, -0.9473394, 1), (0.30949217, -0.08223544, -0.9473394, 1), (0.30949217, -0.08223543, -0.9473394, 1), (-0.1728039, -0.15829574, 0.972153, 1), (-0.17280391, -0.15829574, 0.972153, 1), (-0.17280388, -0.15829574, 0.972153, 1), (0.9356389, 0.32885736, 0.12819046, 1), (0.9356389, 0.32885736, 0.12819046, 1), (0.9356388, 0.32885736, 0.12819044, 1), (0.9356407, 0.32885328, 0.12818773, 1), (0.9356407, 0.32885328, 0.12818773, 1), (0.9356407, 0.3288533, 0.12818773, 1), (0.7643716, 0.4700646, -0.44133368, 1), (0.7643716, 0.47006464, -0.44133368, 1), (0.7643716, 0.4700646, -0.44133368, 1), (0.5122884, 0.2785881, -0.8123727, 1), (0.5122884, 0.2785881, -0.8123727, 1), (0.51228845, 0.2785881, -0.8123727, 1), (0.5122911, 0.27858615, -0.81237155, 1), (0.5122911, 0.27858615, -0.81237155, 1), (0.51229113, 0.27858618, -0.81237155, 1), (-0.26741415, 0.15277334, -0.9513937, 1), (-0.26741418, 0.15277335, -0.9513937, 1), (-0.26741412, 0.15277332, -0.9513937, 1), (-0.82940096, -0.40200916, -0.3879209, 1), (-0.82940096, -0.40200916, -0.38792092, 1), (-0.82940096, -0.40200916, -0.38792092, 1), (-0.82940155, -0.4020102, -0.3879186, 1), (-0.82940155, -0.4020102, -0.38791865, 1), (-0.82940155, -0.4020102, -0.3879186, 1), (-0.7306353, -0.05079621, 0.6808758, 1), (-0.7306353, -0.050796207, 0.68087566, 1), (-0.7306353, -0.050796207, 0.6808758, 1), (0.29571036, -0.1338473, 0.94585425, 1), (0.29571036, -0.1338473, 0.94585425, 1), (0.29571036, -0.1338473, 0.94585425, 1), (0.37950888, 0.32487744, 0.86627233, 1), (0.37950888, 0.32487747, 0.8662723, 1), (0.37950888, 0.32487747, 0.8662723, 1), (0.12848444, 0.41523248, 0.9005963, 1), (0.12848446, 0.41523242, 0.9005963, 1), (0.12848446, 0.41523248, 0.9005963, 1), (-0.6302661, -0.6746019, 0.38428757, 1), (-0.6302661, -0.6746019, 0.38428763, 1), (-0.6302661, -0.6746019, 0.38428754, 1), (-0.6122581, -0.3004431, 0.7313508, 1), (-0.6122581, -0.3004431, 0.7313508, 1), (-0.6122581, -0.30044308, 0.7313508, 1), (-0.61205345, 0.38574183, 0.69035786, 1), (-0.6120534, 0.38574183, 0.69035774, 1), (-0.6120534, 0.38574177, 0.6903578, 1), (0.62997967, 0.6693485, 0.39382505, 1), (0.62997967, 0.6693485, 0.39382505, 1), (0.6299797, 0.66934854, 0.39382505, 1), (0.6299699, 0.6693667, 0.3938097, 1), (0.6299699, 0.6693668, 0.39380965, 1), (0.6299699, 0.6693668, 0.39380965, 1), (0.9035105, 0.41561833, 0.104547836, 1), (0.9035105, 0.41561833, 0.10454785, 1), (0.9035105, 0.41561833, 0.10454785, 1), (0.74238366, 0.49301016, -0.45366013, 1), (0.7423836, 0.49301022, -0.4536601, 1), (0.7423836, 0.49301016, -0.45366013, 1), (0.5825482, -0.21158578, -0.7847733, 1), (0.5825482, -0.21158576, -0.7847733, 1), (0.5825482, -0.21158576, -0.7847733, 1), (-0.64399016, -0.14108162, -0.75191265, 1), (-0.64399016, -0.14108163, -0.7519127, 1), (-0.64399016, -0.14108163, -0.7519127, 1), (-0.4681463, -0.65194654, -0.5964937, 1), (-0.46814626, -0.6519465, -0.5964937, 1), (-0.4681463, -0.65194654, -0.59649366, 1), (-0.8796988, -0.47103387, 0.06524621, 1), (-0.8796988, -0.47103387, 0.06524621, 1), (-0.8796988, -0.47103393, 0.06524621, 1), (-0.8796984, -0.47103465, 0.06524621, 1), (-0.8796984, -0.47103465, 0.06524621, 1), (-0.8796984, -0.4710347, 0.06524622, 1), (-0.22199823, 0.14855233, 0.9636644, 1), (-0.22199829, 0.14855234, 0.9636644, 1), (-0.22199826, 0.14855234, 0.9636644, 1), (-0.11033802, -0.48738706, 0.8661867, 1), (-0.11033803, -0.48738712, 0.8661867, 1), (-0.11033805, -0.48738712, 0.8661867, 1), (-0.733927, 0.3504961, 0.5818106, 1), (-0.733927, 0.35049617, 0.5818106, 1), (-0.733927, 0.3504961, 0.5818106, 1), (-0.532765, 0.64160657, -0.5518175, 1), (-0.532765, 0.64160657, -0.5518175, 1), (-0.532765, 0.64160657, -0.5518175, 1), (0.3714561, 0.8261709, -0.42362955, 1), (0.37145615, 0.8261709, -0.4236296, 1), (0.3714561, 0.8261709, -0.42362955, 1), (0.5977454, -0.638626, 0.48462066, 1), (0.5977454, -0.63862604, 0.48462072, 1), (0.5977454, -0.638626, 0.4846207, 1), (-0.5411689, -0.58764654, 0.6015047, 1), (-0.5411689, -0.58764654, 0.6015047, 1), (-0.5411689, -0.58764654, 0.6015047, 1), (-0.9171095, 0.204289, -0.34231016, 1), (-0.9171094, 0.204289, -0.34231016, 1), (-0.9171095, 0.20428902, -0.34231016, 1), (-0.3884178, 0.55107844, -0.73854184, 1), (-0.38841787, 0.55107844, -0.7385419, 1), (-0.3884178, 0.55107844, -0.73854184, 1), (0.8675139, 0.24502575, -0.43287623, 1), (0.8675139, 0.24502575, -0.43287623, 1), (0.8675139, 0.24502575, -0.43287623, 1), (0.45373583, -0.7464548, 0.4867536, 1), (0.4537358, -0.7464548, 0.4867536, 1), (0.4537358, -0.7464548, 0.4867536, 1), (-0.7366224, 0.095879436, 0.6694733, 1), (-0.7366224, 0.095879436, 0.66947335, 1), (-0.7366224, 0.09587944, 0.6694734, 1), (-0.8300351, 0.17316699, -0.53014606, 1), (-0.8300352, 0.17316698, -0.530146, 1), (-0.8300351, 0.17316696, -0.530146, 1), (0.33847204, 0.77942455, -0.5271945, 1), (0.33847204, 0.77942455, -0.5271945, 1), (0.33847198, 0.77942455, -0.5271945, 1), (0.97828954, -0.030832881, -0.20493618, 1), (0.97828954, -0.030832881, -0.2049362, 1), (0.97828954, -0.030832881, -0.2049362, 1), (0.34494978, -0.7997573, 0.49132252, 1), (0.34494984, -0.7997573, 0.49132258, 1), (0.3449498, -0.79975736, 0.49132252, 1), (0.5291456, -0.6218313, 0.577348, 1), (0.5291456, -0.6218313, 0.57734805, 1), (0.52914566, -0.6218313, 0.577348, 1), (0.6359697, -0.5758942, 0.5137007, 1), (0.6359697, -0.5758942, 0.5137007, 1), (0.6359697, -0.5758942, 0.5137007, 1), (0.90997076, 0.059704807, -0.4103518, 1), (0.90997076, 0.059704807, -0.4103518, 1), (0.90997076, 0.059704807, -0.4103518, 1), (0.9284197, 0.3446041, -0.1388701, 1), (0.9284197, 0.3446041, -0.1388701, 1), (0.9284197, 0.34460405, -0.13887009, 1), (0.10575591, 0.8210285, -0.5610061, 1), (0.10575591, 0.8210285, -0.5610061, 1), (0.105755925, 0.8210285, -0.56100625, 1), (-0.46528542, 0.6478331, -0.6031764, 1), (-0.46528536, 0.64783305, -0.6031765, 1), (-0.46528542, 0.64783317, -0.6031765, 1), (-0.9635943, 0.21544702, -0.15833029, 1), (-0.9635943, 0.215447, -0.15833028, 1), (-0.9635943, 0.21544702, -0.15833028, 1), (-0.99894494, -0.044981405, 0.009263978, 1), (-0.99894494, -0.044981413, 0.009263978, 1), (-0.99894494, -0.044981405, 0.009263979, 1), (-0.69135857, -0.38374686, 0.61217785, 1), (-0.6913586, -0.38374686, 0.6121778, 1), (-0.6913585, -0.38374686, 0.6121778, 1), (-0.3757795, -0.68384117, 0.62542063, 1), (-0.37577954, -0.6838412, 0.62542063, 1), (-0.37577954, -0.6838412, 0.62542063, 1), (0.93031734, -0.3665896, 0.011032756, 1), (0.93031734, -0.3665896, 0.011032758, 1), (0.93031734, -0.3665896, 0.011032757, 1), (0.96786845, -0.231222, -0.098828726, 1), (0.96786845, -0.231222, -0.09882871, 1), (0.96786845, -0.231222, -0.098828726, 1), (0.88927954, 0.44911686, 0.08646338, 1), (0.8892795, 0.44911695, 0.086463384, 1), (0.8892795, 0.44911695, 0.0864634, 1), (0.77770936, 0.55588716, -0.29352614, 1), (0.77770936, 0.55588716, -0.29352614, 1), (0.7777093, 0.55588716, -0.29352617, 1), (-0.57843196, 0.55030364, -0.60214806, 1), (-0.57843196, 0.5503037, -0.60214806, 1), (-0.57843196, 0.55030376, -0.602148, 1), (-0.48140073, -0.09484805, -0.8713537, 1), (-0.48140064, -0.09484805, -0.8713537, 1), (-0.48140064, -0.094848044, -0.8713537, 1), (-0.87023854, 0.29832363, 0.39203048, 1), (-0.87023854, 0.2983236, 0.39203048, 1), (-0.87023854, 0.2983236, 0.39203048, 1), (-0.93134254, -0.29787788, 0.20945136, 1), (-0.93134254, -0.29787788, 0.20945136, 1), (-0.93134254, -0.29787788, 0.20945136, 1), (0.030345727, -0.7670182, 0.6409074, 1), (0.030345727, -0.7670182, 0.64090735, 1), (0.030345727, -0.7670182, 0.64090735, 1), (0.21859701, -0.92255664, 0.31796953, 1), (0.21859701, -0.92255664, 0.31796953, 1), (0.21859701, -0.92255664, 0.31796956, 1), (-0.9964981, -0.0568107, -0.06135094, 1), (-0.9964981, -0.056810703, -0.06135095, 1), (-0.9964981, -0.05681071, -0.06135095, 1), (0.9145849, 0.12328063, -0.38514462, 1), (0.9145849, 0.123280644, -0.38514462, 1), (0.9145849, 0.12328062, -0.38514456, 1), (-0.5666966, 0.05188456, -0.8222913, 1), (-0.5666965, 0.051884558, -0.8222913, 1), (-0.5666965, 0.051884558, -0.8222913, 1), (-0.566698, 0.0518866, -0.8222902, 1), (-0.566698, 0.051886592, -0.8222902, 1), (-0.566698, 0.0518866, -0.8222902, 1), (-0.54263204, 0.13502406, -0.829047, 1), (-0.5426321, 0.13502407, -0.829047, 1), (-0.5426321, 0.13502407, -0.829047, 1), (-0.9960891, 0.08758587, 0.011627008, 1), (-0.9960891, 0.08758587, 0.011627009, 1), (-0.9960891, 0.08758587, 0.011627007, 1), (-0.9960891, 0.08758672, 0.011627329, 1), (-0.9960891, 0.087586716, 0.011627329, 1), (-0.9960891, 0.08758672, 0.011627329, 1), (-0.344868, 0.06270836, 0.9365542, 1), (-0.344868, 0.062708355, 0.9365542, 1), (-0.344868, 0.06270836, 0.9365542, 1), (0.435212, 0.48687613, 0.7573256, 1), (0.435212, 0.48687616, 0.75732565, 1), (0.435212, 0.48687616, 0.75732565, 1), (0.49489862, -0.14878936, 0.85611737, 1), (0.49489862, -0.14878938, 0.85611737, 1), (0.49489862, -0.14878936, 0.85611737, 1), (0.49490517, -0.14878374, 0.8561147, 1), (0.4949052, -0.14878373, 0.85611457, 1), (0.49490523, -0.14878374, 0.8561147, 1), (0.9844103, 0.08495925, -0.15400745, 1), (0.9844103, 0.08495926, -0.15400746, 1), (0.9844103, 0.08495925, -0.15400745, 1), (-0.38707474, -0.17280003, -0.9057115, 1), (-0.3870747, -0.17280002, -0.90571153, 1), (-0.3870747, -0.17280002, -0.90571153, 1), (-0.9799009, -0.07328498, -0.18553631, 1), (-0.9799009, -0.07328498, -0.18553631, 1), (-0.9799009, -0.07328498, -0.18553628, 1), (-0.9799009, -0.07328388, -0.18553646, 1), (-0.9799009, -0.07328388, -0.18553646, 1), (-0.9799009, -0.07328388, -0.18553646, 1), (-0.97183335, 0.17515601, -0.15767145, 1), (-0.97183335, 0.17515598, -0.15767144, 1), (-0.97183335, 0.17515598, -0.15767142, 1), (0.14304142, 0.27447924, 0.95089453, 1), (0.14304143, 0.27447924, 0.95089453, 1), (0.14304143, 0.27447924, 0.95089453, 1), (0.14303651, 0.27448, 0.95089495, 1), (0.14303651, 0.27448, 0.95089495, 1), (0.14303651, 0.27448, 0.95089495, 1), (-0.022146681, 0.21707441, 0.97590387, 1), (-0.022146681, 0.21707441, 0.97590387, 1), (-0.022146683, 0.21707444, 0.97590387, 1), (-0.2190325, -0.114507906, 0.96897507, 1), (-0.21903253, -0.11450792, 0.96897507, 1), (-0.21903253, -0.11450792, 0.96897507, 1), (-0.42087352, 0.7306445, -0.53760964, 1), (-0.4208735, 0.73064446, -0.53760964, 1), (-0.42087352, 0.73064446, -0.53760964, 1), (0.1520052, 0.3925667, -0.9070753, 1), (0.15200521, 0.39256674, -0.9070753, 1), (0.15200521, 0.39256674, -0.9070753, 1), (-0.6107546, 0.15540266, 0.77642053, 1), (-0.61075467, 0.15540269, 0.77642053, 1), (-0.6107546, 0.15540266, 0.77642053, 1), (-0.53975326, 0.6158076, -0.5739751, 1), (-0.5397532, 0.6158076, -0.57397515, 1), (-0.53975326, 0.6158076, -0.57397515, 1), (0.43242726, 0.09891254, -0.8962271, 1), (0.43242726, 0.09891255, -0.8962271, 1), (0.43242726, 0.09891255, -0.8962271, 1), (-0.86402804, 0.3877253, 0.3211303, 1), (-0.86402804, 0.38772523, 0.32113028, 1), (-0.86402804, 0.38772526, 0.3211303, 1), (-0.16017288, 0.32512105, -0.93200904, 1), (-0.16017288, 0.32512105, -0.93200904, 1), (-0.16017288, 0.32512105, -0.93200904, 1), (0.6508429, -0.6637437, 0.36857548, 1), (0.65084285, -0.6637437, 0.36857542, 1), (0.6508429, -0.6637437, 0.36857542, 1), (0.58262134, -0.09312327, -0.80739117, 1), (0.58262134, -0.09312327, -0.8073911, 1), (0.58262134, -0.09312328, -0.8073911, 1), (0.5826275, -0.0931369, -0.80738515, 1), (0.58262753, -0.09313689, -0.80738515, 1), (0.58262753, -0.09313689, -0.80738515, 1), (0.304319, 0.49848565, -0.8117278, 1), (0.304319, 0.49848568, -0.81172776, 1), (0.304319, 0.49848568, -0.81172776, 1), (-0.4345137, 0.62294024, -0.6504946, 1), (-0.43451375, 0.62294024, -0.65049464, 1), (-0.43451375, 0.62294024, -0.65049464, 1), (-0.4345137, 0.6229404, -0.6504946, 1), (-0.4345137, 0.6229404, -0.6504946, 1), (-0.43451372, 0.6229404, -0.6504946, 1), (-0.53613234, 0.68314, -0.4958647, 1), (-0.53613234, 0.68314, -0.4958647, 1), (-0.53613234, 0.68314, -0.49586475, 1), (-0.7936305, 0.48357964, 0.36919025, 1), (-0.7936305, 0.48357964, 0.3691902, 1), (-0.7936305, 0.4835796, 0.3691902, 1), (-0.7936356, 0.48357907, 0.3691798, 1), (-0.7936356, 0.48357913, 0.36917982, 1), (-0.7936356, 0.48357913, 0.36917982, 1), (0.29124886, -0.59238297, 0.7511701, 1), (0.29124883, -0.5923829, 0.7511701, 1), (0.29124883, -0.59238297, 0.7511701, 1), (0.4856779, -0.6832626, 0.5452241, 1), (0.48567784, -0.6832626, 0.5452241, 1), (0.48567787, -0.68326265, 0.5452241, 1), (0.6507542, -0.61572903, 0.44429347, 1), (0.6507542, -0.615729, 0.44429347, 1), (0.6507543, -0.615729, 0.44429347, 1), (0.85195845, -0.52341884, -0.0141247865, 1), (0.8519584, -0.52341896, -0.014124788, 1), (0.8519584, -0.52341896, -0.014124788, 1), (0.064969674, -0.45268807, 0.8892988, 1), (0.064969674, -0.45268813, 0.8892988, 1), (0.064969674, -0.45268813, 0.8892988, 1), (0.09433344, -0.5708523, 0.81561565, 1), (0.09433343, -0.5708524, 0.8156156, 1), (0.09433343, -0.5708523, 0.8156156, 1), (0.109362535, -0.2549387, 0.96075284, 1), (0.10936253, -0.25493875, 0.96075284, 1), (0.109362535, -0.2549387, 0.96075284, 1), (0.7672521, -0.40664482, -0.49594775, 1), (0.7672521, -0.40664482, -0.49594775, 1), (0.76725215, -0.40664485, -0.4959477, 1), (0.76725096, -0.40665022, -0.49594507, 1), (0.76725096, -0.40665016, -0.49594516, 1), (0.76725096, -0.40665016, -0.49594507, 1), (0.7427091, -0.5503489, -0.38144365, 1), (0.74270916, -0.5503489, -0.38144365, 1), (0.7427091, -0.5503489, -0.38144365, 1), (-0.033097364, 0.4454413, -0.8946993, 1), (-0.033097364, 0.44544122, -0.8946993, 1), (-0.033097364, 0.44544125, -0.8946993, 1), (-0.4081979, 0.54930115, -0.7291383, 1), (-0.40819788, 0.5493012, -0.7291384, 1), (-0.40819788, 0.5493012, -0.7291384, 1), (-0.660483, 0.6597755, -0.35841078, 1), (-0.6604831, 0.65977556, -0.3584108, 1), (-0.6604831, 0.65977556, -0.3584108, 1), (-0.8544218, 0.37727094, 0.3572534, 1), (-0.8544218, 0.37727097, 0.35725343, 1), (-0.8544218, 0.37727094, 0.35725343, 1), (-0.55648905, 0.06802803, 0.8280652, 1), (-0.5564891, 0.06802803, 0.8280652, 1), (-0.55648905, 0.06802803, 0.8280652, 1), (-0.55649096, 0.068030305, 0.82806385, 1), (-0.556491, 0.0680303, 0.8280638, 1), (-0.55649096, 0.068030305, 0.82806385, 1), (0.07290865, -0.39587352, 0.9154062, 1), (0.07290865, -0.3958735, 0.9154062, 1), (0.07290865, -0.3958735, 0.9154062, 1), (-0.82665175, -0.22339936, 0.51646847, 1), (-0.82665175, -0.22339936, 0.51646847, 1), (-0.82665175, -0.22339936, 0.51646847, 1), (0.29715738, 0.6367213, 0.71153605, 1), (0.29715738, 0.63672125, 0.71153605, 1), (0.29715738, 0.63672125, 0.71153605, 1), (-0.8138878, -0.36127868, -0.45504323, 1), (-0.8138878, -0.36127868, -0.45504323, 1), (-0.8138878, -0.3612787, -0.45504323, 1), (0.1312814, 0.32041198, -0.9381372, 1), (0.13128142, 0.32041198, -0.9381372, 1), (0.1312814, 0.320412, -0.9381371, 1), (0.9929507, -0.042641643, 0.11059183, 1), (0.9929507, -0.04264164, 0.11059183, 1), (0.9929507, -0.042641643, 0.110591836, 1), (0.29315388, 0.507963, 0.80995953, 1), (0.29315385, 0.50796294, 0.8099596, 1), (0.29315388, 0.50796294, 0.8099596, 1), (-0.6952012, 0.50797045, 0.50858754, 1), (-0.6952012, 0.50797045, 0.5085875, 1), (-0.6952012, 0.50797045, 0.5085875, 1), (-0.80084693, -0.40198967, -0.44390145, 1), (-0.80084693, -0.40198967, -0.44390145, 1), (-0.80084693, -0.40198967, -0.44390145, 1), (0.21657437, -0.20117073, -0.9553145, 1), (0.21657439, -0.20117073, -0.9553145, 1), (0.21657439, -0.20117073, -0.9553145, 1), (0.94759387, 0.23444077, 0.21703295, 1), (0.94759387, 0.23444077, 0.21703298, 1), (0.94759387, 0.23444077, 0.21703295, 1), (-0.06866803, 0.25249544, 0.96515846, 1), (-0.06866803, 0.25249544, 0.96515846, 1), (-0.06866803, 0.25249544, 0.96515846, 1), (-0.2857505, -0.035443548, 0.95764834, 1), (-0.28575054, -0.035443548, 0.95764834, 1), (-0.2857505, -0.035443548, 0.95764834, 1), (-0.26409546, 0.020801432, 0.9642722, 1), (-0.2640955, 0.020801434, 0.9642722, 1), (-0.2640955, 0.020801434, 0.9642722, 1), (-0.9802111, 0.15253817, -0.12616804, 1), (-0.9802111, 0.15253817, -0.12616804, 1), (-0.9802111, 0.15253817, -0.12616804, 1), (-0.98701733, -0.071099125, 0.14401966, 1), (-0.98701733, -0.071099125, 0.14401966, 1), (-0.98701733, -0.071099125, 0.14401968, 1), (-0.9730944, -0.066788085, 0.22051464, 1), (-0.9730944, -0.06678808, 0.22051464, 1), (-0.9730944, -0.06678808, 0.22051464, 1), (-0.58846915, -0.016147038, -0.80835843, 1), (-0.5884692, -0.016147038, -0.8083584, 1), (-0.58846915, -0.016147036, -0.8083584, 1), (-0.52142787, 0.20170668, -0.8291124, 1), (-0.52142787, 0.20170668, -0.8291124, 1), (-0.52142787, 0.20170668, -0.8291124, 1), (-0.42313087, -0.81513476, -0.39562044, 1), (-0.42313087, -0.81513476, -0.39562047, 1), (-0.42313087, -0.81513476, -0.39562044, 1), (0.6850379, 0.38476542, -0.6186102, 1), (0.6850379, 0.38476542, -0.6186102, 1), (0.6850379, 0.38476542, -0.6186102, 1), (0.819145, -0.18436867, -0.5431479, 1), (0.819145, -0.18436867, -0.5431479, 1), (0.81914496, -0.18436868, -0.5431479, 1), (0.98928714, -0.08747698, -0.11687082, 1), (0.98928714, -0.08747698, -0.11687082, 1), (0.98928714, -0.08747699, -0.11687084, 1), (0.8320412, 0.12300488, 0.5409041, 1), (0.8320412, 0.1230049, 0.5409041, 1), (0.8320412, 0.12300488, 0.5409041, 1), (0.53855324, -0.26041588, 0.80133885, 1), (0.53855324, -0.26041588, 0.80133885, 1), (0.53855324, -0.26041588, 0.80133885, 1), (0.5438578, 0.39498723, 0.74040794, 1), (0.5438578, 0.39498723, 0.74040794, 1), (0.54385775, 0.39498717, 0.74040794, 1), (0.9317902, 0.18883036, 0.31001636, 1), (0.9317902, 0.18883036, 0.31001636, 1), (0.9317902, 0.18883036, 0.31001636, 1), (0.99295133, -0.042632107, 0.11058936, 1), (0.99295133, -0.042632103, 0.110589355, 1), (0.99295133, -0.042632107, 0.110589355, 1), (0.9880581, 0.107608624, 0.11027949, 1), (0.9880581, 0.107608624, 0.11027949, 1), (0.9880581, 0.107608624, 0.11027949, 1), (0.6316599, -0.13365386, -0.7636376, 1), (0.6316599, -0.13365386, -0.7636376, 1), (0.6316599, -0.13365386, -0.7636376, 1), (0.13130186, 0.32043672, -0.93812585, 1), (0.13130185, 0.3204367, -0.93812585, 1), (0.13130186, 0.32043675, -0.93812585, 1), (-0.07997013, -0.15640278, -0.98445064, 1), (-0.07997014, -0.15640278, -0.98445064, 1), (-0.07997012, -0.15640277, -0.98445064, 1), (-0.61355484, -0.009572953, -0.7895942, 1), (-0.61355484, -0.009572954, -0.7895942, 1), (-0.61355484, -0.009572952, -0.7895942, 1), (-0.81388885, -0.3612758, -0.45504373, 1), (-0.81388885, -0.36127573, -0.45504373, 1), (-0.81388885, -0.3612758, -0.45504373, 1), (-0.8939323, -0.43374306, -0.112924434, 1), (-0.8939324, -0.4337431, -0.11292445, 1), (-0.8939323, -0.43374306, -0.112924434, 1), (0.47574562, -0.043736618, 0.87849486, 1), (0.47574562, -0.043736618, 0.87849486, 1), (0.4757456, -0.043736618, 0.87849486, 1), (0.41443595, 0.42743272, 0.80345756, 1), (0.41443592, 0.42743272, 0.8034576, 1), (0.41443595, 0.42743272, 0.80345756, 1), (0.4144357, 0.42743403, 0.803457, 1), (0.4144357, 0.42743403, 0.803457, 1), (0.41443574, 0.4274341, 0.80345696, 1), (-0.9176608, 0.105842926, 0.38300905, 1), (-0.9176608, 0.10584292, 0.38300905, 1), (-0.9176608, 0.10584292, 0.38300905, 1), (-0.8266509, -0.2233976, 0.5164704, 1), (-0.826651, -0.2233976, 0.5164703, 1), (-0.8266509, -0.22339758, 0.5164704, 1), (-0.49710298, -0.0949836, 0.86247706, 1), (-0.49710298, -0.094983585, 0.86247706, 1), (-0.49710298, -0.0949836, 0.86247706, 1), (0.27935326, 0.618884, 0.7341283, 1), (0.27935326, 0.618884, 0.7341283, 1), (0.27935326, 0.618884, 0.7341283, 1), (-0.9158724, 0.09319674, 0.39050227, 1), (-0.9158725, 0.09319675, 0.39050227, 1), (-0.9158725, 0.09319674, 0.39050227, 1), (-0.6042719, -0.0244351, -0.79640335, 1), (-0.60427195, -0.0244351, -0.79640335, 1), (-0.60427195, -0.024435101, -0.79640335, 1), (0.6412388, -0.12596098, -0.7569324, 1), (0.6412388, -0.12596098, -0.7569324, 1), (0.6412388, -0.12596098, -0.7569324, 1), (0.9185384, 0.20019507, 0.3408945, 1), (0.9185384, 0.20019507, 0.34089452, 1), (0.9185384, 0.20019507, 0.3408945, 1), (-0.27759096, -0.03336257, 0.9601199, 1), (-0.277591, -0.033362567, 0.9601199, 1), (-0.27759096, -0.033362567, 0.9601199, 1), (-0.9868967, -0.07421149, 0.14327462, 1), (-0.9868967, -0.07421149, 0.14327462, 1), (-0.9868967, -0.07421149, 0.14327462, 1), (-0.5357178, 0.19291109, -0.8220656, 1), (-0.53571784, 0.19291107, -0.8220656, 1), (-0.53571784, 0.19291107, -0.8220656, 1), (0.81904626, -0.17098892, -0.5476549, 1), (0.81904626, -0.17098893, -0.547655, 1), (0.81904626, -0.17098895, -0.5476549, 1), (0.52400273, -0.25668994, 0.81211543, 1), (0.52400273, -0.25668994, 0.81211543, 1), (0.52400273, -0.25668994, 0.81211543, 1), (-0.9760951, -0.035001118, 0.21450724, 1), (-0.9760951, -0.035001114, 0.21450725, 1), (-0.9760951, -0.035001118, 0.21450725, 1), (-0.43963867, -0.81134963, -0.3852656, 1), (-0.43963867, -0.81134963, -0.38526556, 1), (-0.43963867, -0.81134963, -0.38526556, 1), (0.9860913, -0.105916746, -0.12808353, 1), (0.9860913, -0.10591673, -0.12808353, 1), (0.9860913, -0.10591674, -0.12808351, 1), (0.83862615, 0.11121631, 0.5332328, 1), (0.83862615, 0.11121631, 0.5332328, 1), (0.83862615, 0.11121629, 0.5332328, 1), (0.96362585, 0.10686106, -0.24496105, 1), (0.96362585, 0.10686107, -0.24496105, 1), (0.96362585, 0.10686107, -0.24496105, 1), (0.695504, 0.37752527, -0.6113501, 1), (0.695504, 0.3775252, -0.61135006, 1), (0.69550407, 0.3775252, -0.61135006, 1), (-0.33340707, -0.15329236, -0.9302372, 1), (-0.3334071, -0.15329237, -0.9302372, 1), (-0.33340707, -0.15329236, -0.9302372, 1), (-0.5800025, -0.033311736, -0.8139334, 1), (-0.5800025, -0.033311736, -0.8139334, 1), (-0.5800025, -0.033311736, -0.8139334, 1), (0.9497749, 0.22917788, 0.2130844, 1), (0.9497749, 0.22917783, 0.21308438, 1), (0.9497749, 0.22917785, 0.21308441, 1), (0.9966499, 0.0091131665, 0.081276976, 1), (0.9966499, 0.009113167, 0.08127698, 1), (0.9966499, 0.009113167, 0.08127698, 1), (0.19616254, -0.18487386, -0.96298593, 1), (0.19616254, -0.18487386, -0.96298593, 1), (0.19616254, -0.18487386, -0.96298593, 1), (-0.07559161, -0.13428968, -0.9880548, 1), (-0.07559161, -0.13428968, -0.9880548, 1), (-0.0755916, -0.1342897, -0.9880548, 1), (-0.79845977, -0.40379372, -0.44655642, 1), (-0.79845977, -0.40379372, -0.44655642, 1), (-0.79845977, -0.40379372, -0.44655642, 1), (-0.90608513, -0.4045855, -0.123775184, 1), (-0.90608513, -0.40458548, -0.12377518, 1), (-0.9060851, -0.4045855, -0.12377517, 1), (-0.67445654, 0.48467973, 0.55695045, 1), (-0.67445654, 0.48467976, 0.5569505, 1), (-0.6744566, 0.48467976, 0.55695045, 1), (-0.5194342, -0.036888476, 0.85371387, 1), (-0.5194341, -0.036888476, 0.85371387, 1), (-0.5194341, -0.036888476, 0.85371387, 1), (0.30561054, 0.5114364, 0.8031408, 1), (0.30561054, 0.5114364, 0.8031408, 1), (0.3056105, 0.51143646, 0.8031407, 1), (0.46872976, -0.023508925, 0.8830287, 1), (0.46872982, -0.02350893, 0.8830287, 1), (0.46872976, -0.023508929, 0.8830287, 1), (-0.34486303, 0.062710054, 0.9365559, 1), (-0.34486303, 0.062710054, 0.9365559, 1), (-0.34486297, 0.062710054, 0.9365559, 1), (0.4352122, 0.48687613, 0.75732553, 1), (0.43521214, 0.48687613, 0.75732553, 1), (0.43521214, 0.48687616, 0.7573256, 1), (0.49489832, -0.14878766, 0.8561179, 1), (0.49489832, -0.14878765, 0.8561179, 1), (0.49489835, -0.14878765, 0.8561179, 1), (0.4949039, -0.14878386, 0.8561153, 1), (0.49490395, -0.14878386, 0.8561153, 1), (0.49490395, -0.14878385, 0.8561153, 1), (0.9844104, 0.08495823, -0.15400717, 1), (0.9844104, 0.084958225, -0.15400717, 1), (0.9844104, 0.084958225, -0.15400715, 1), (-0.38707423, -0.17280142, -0.9057115, 1), (-0.38707423, -0.17280142, -0.9057115, 1), (-0.38707423, -0.17280142, -0.9057115, 1), (-0.9799008, -0.07328373, -0.18553685, 1), (-0.9799008, -0.07328373, -0.18553686, 1), (-0.9799008, -0.07328373, -0.18553688, 1), (-0.97990066, -0.07328408, -0.18553749, 1), (-0.97990066, -0.07328408, -0.1855375, 1), (-0.97990066, -0.07328408, -0.18553749, 1), (-0.9718337, 0.17515579, -0.15766987, 1), (-0.9718337, 0.17515579, -0.15766987, 1), (-0.9718337, 0.17515577, -0.15766987, 1), (0.14304003, 0.27447632, 0.9508955, 1), (0.14304005, 0.27447632, 0.9508955, 1), (0.14304003, 0.27447632, 0.9508955, 1), (0.14303514, 0.2744773, 0.9508959, 1), (0.14303513, 0.27447727, 0.9508959, 1), (0.14303513, 0.27447727, 0.9508959, 1), (-0.02214773, 0.21707216, 0.97590417, 1), (-0.02214773, 0.21707219, 0.97590417, 1), (-0.02214773, 0.21707216, 0.97590417, 1), (-0.94100493, -0.10591353, 0.32139105, 1), (-0.94100493, -0.10591353, 0.32139105, 1), (-0.94100493, -0.10591351, 0.32139102, 1), (0.32225466, 0.16051854, 0.93294466, 1), (0.32225463, 0.16051853, 0.93294466, 1), (0.32225466, 0.16051854, 0.93294466, 1), (-0.7768443, 0.15294728, -0.6108356, 1), (-0.7768443, 0.15294729, -0.61083555, 1), (-0.77684426, 0.15294729, -0.61083555, 1), (0.40155542, 0.5951382, -0.6961061, 1), (0.40155542, 0.5951382, -0.6961061, 1), (0.40155542, 0.5951382, -0.6961061, 1), (0.8953986, -0.42423636, 0.13522176, 1), (0.8953986, -0.42423636, 0.13522175, 1), (0.8953986, -0.42423636, 0.13522175, 1), (0.2616525, 0.013625886, 0.96506596, 1), (0.2616525, 0.013625888, 0.96506596, 1), (0.26165253, 0.013625888, 0.96506596, 1), (-0.6040677, 0.47471464, 0.6401159, 1), (-0.6040676, 0.47471464, 0.6401159, 1), (-0.6040677, 0.47471467, 0.6401159, 1), (-0.77865684, 0.10936775, -0.61784476, 1), (-0.77865684, 0.10936775, -0.61784476, 1), (-0.7786569, 0.10936774, -0.61784476, 1), (0.33340147, 0.12786378, -0.93407404, 1), (0.3334015, 0.1278638, -0.93407404, 1), (0.33340147, 0.12786378, -0.93407404, 1), (0.9123034, -0.21413131, 0.34907055, 1), (0.9123034, -0.21413131, 0.34907058, 1), (0.9123034, -0.21413131, 0.34907055, 1), (-0.18197235, -0.13931857, 0.973384, 1), (-0.18197237, -0.13931857, 0.973384, 1), (-0.18197237, -0.13931857, 0.973384, 1), (-0.46731588, -0.3063793, 0.82930547, 1), (-0.46731588, -0.3063793, 0.8293055, 1), (-0.46731582, -0.30637926, 0.8293055, 1), (-0.43202782, -0.26856494, 0.8609442, 1), (-0.4320278, -0.2685649, 0.8609441, 1), (-0.43202782, -0.2685649, 0.8609442, 1), (-0.8484865, 0.5195589, -0.10064498, 1), (-0.8484865, 0.51955885, -0.10064498, 1), (-0.8484865, 0.5195589, -0.10064498, 1), (-0.9732404, 0.22547615, 0.044313822, 1), (-0.9732404, 0.22547618, 0.044313826, 1), (-0.9732404, 0.22547618, 0.044313826, 1), (-0.9740901, 0.19433624, 0.11568029, 1), (-0.9740901, 0.19433622, 0.115680285, 1), (-0.9740901, 0.1943362, 0.115680285, 1), (-0.39569566, 0.5072689, -0.7655738, 1), (-0.39569566, 0.5072689, -0.7655738, 1), (-0.39569566, 0.50726897, -0.7655738, 1), (-0.26557997, 0.6777593, -0.6856454, 1), (-0.26557994, 0.6777593, -0.68564546, 1), (-0.26557997, 0.67775923, -0.6856454, 1), (-0.55450106, -0.39264277, -0.7337304, 1), (-0.55450106, -0.39264277, -0.7337304, 1), (-0.55450106, -0.39264277, -0.7337304, 1), (0.87546796, 0.3325813, -0.35063595, 1), (0.87546796, 0.33258128, -0.35063592, 1), (0.87546796, 0.3325813, -0.35063595, 1), (0.8208853, -0.22845763, -0.5234066, 1), (0.8208853, -0.22845763, -0.5234066, 1), (0.8208853, -0.22845763, -0.5234066, 1), (0.92396134, -0.37201667, -0.08887649, 1), (0.92396134, -0.37201673, -0.0888765, 1), (0.92396134, -0.37201673, -0.0888765, 1), (0.7076818, -0.3959185, 0.58517945, 1), (0.7076818, -0.39591855, 0.58517945, 1), (0.7076817, -0.39591855, 0.58517945, 1), (0.27006984, -0.7228383, 0.6360558, 1), (0.27006984, -0.7228383, 0.6360558, 1), (0.27006984, -0.7228383, 0.6360558, 1), (0.47734627, -0.14236762, 0.86710554, 1), (0.47734627, -0.1423676, 0.86710554, 1), (0.4773463, -0.1423676, 0.8671055, 1), (0.8658692, -0.2839503, 0.41187713, 1), (0.86586916, -0.2839503, 0.41187716, 1), (0.8658692, -0.2839503, 0.41187713, 1), (0.8954018, -0.42422926, 0.13522267, 1), (0.8954018, -0.42422932, 0.13522272, 1), (0.8954018, -0.42422923, 0.13522269, 1), (0.9344933, -0.2943999, 0.20012766, 1), (0.9344933, -0.29439986, 0.20012763, 1), (0.9344933, -0.29439986, 0.20012766, 1), (0.7037004, -0.033770584, -0.7096938, 1), (0.7037005, -0.033770587, -0.7096938, 1), (0.7037004, -0.033770584, -0.7096938, 1), (0.40157962, 0.59514815, -0.6960837, 1), (0.40157962, 0.59514815, -0.69608366, 1), (0.40157962, 0.59514815, -0.6960837, 1), (0.07452045, 0.28032964, -0.9570068, 1), (0.07452045, 0.28032964, -0.9570068, 1), (0.074520454, 0.28032967, -0.9570068, 1), (-0.4209864, 0.51422167, -0.74722594, 1), (-0.42098635, 0.5142216, -0.74722594, 1), (-0.42098635, 0.51422167, -0.74722594, 1), (-0.7768447, 0.1529492, -0.61083466, 1), (-0.7768447, 0.15294917, -0.6108346, 1), (-0.7768447, 0.1529492, -0.6108346, 1), (-0.94051665, -0.015106633, -0.33941168, 1), (-0.94051665, -0.015106635, -0.33941168, 1), (-0.94051665, -0.015106631, -0.33941165, 1), (0.2588952, -0.54666585, 0.7963226, 1), (0.25889516, -0.5466658, 0.7963226, 1), (0.25889516, -0.5466658, 0.7963226, 1), (0.35311437, -0.09452601, 0.9307927, 1), (0.3531144, -0.09452601, 0.9307927, 1), (0.35311437, -0.094526, 0.9307927, 1), (0.3531145, -0.094524555, 0.9307928, 1), (0.3531145, -0.09452455, 0.9307928, 1), (0.3531145, -0.094524555, 0.9307928, 1), (-0.9042295, 0.25850153, 0.33992055, 1), (-0.90422946, 0.25850156, 0.33992055, 1), (-0.9042295, 0.25850156, 0.33992055, 1), (-0.9410043, -0.105912216, 0.3213932, 1), (-0.9410043, -0.105912216, 0.32139322, 1), (-0.9410043, -0.10591221, 0.3213932, 1), (-0.663649, -0.24646986, 0.70627385, 1), (-0.6636489, -0.24646986, 0.70627385, 1), (-0.6636489, -0.24646986, 0.70627385, 1), (0.2959374, 0.1426446, 0.9444964, 1), (0.29593742, 0.1426446, 0.9444964, 1), (0.29593742, 0.1426446, 0.9444964, 1), (-0.9077089, 0.24416895, 0.34124196, 1), (-0.9077089, 0.24416895, 0.34124193, 1), (-0.9077089, 0.24416895, 0.341242, 1), (-0.41526175, 0.5010058, -0.7593095, 1), (-0.41526172, 0.5010058, -0.7593095, 1), (-0.41526172, 0.5010058, -0.75930953, 1), (0.7135768, -0.0331687, -0.69979143, 1), (0.7135768, -0.0331687, -0.69979143, 1), (0.7135768, -0.0331687, -0.69979143, 1), (0.8506486, -0.28177297, 0.44384784, 1), (0.8506486, -0.281773, 0.4438479, 1), (0.8506486, -0.28177297, 0.4438479, 1), (-0.45956236, -0.3084046, 0.83287996, 1), (-0.45956236, -0.3084046, 0.83287996, 1), (-0.45956242, -0.3084046, 0.83287996, 1), (-0.9738835, 0.22307433, 0.04229448, 1), (-0.9738835, 0.22307436, 0.042294487, 1), (-0.9738835, 0.22307433, 0.042294487, 1), (-0.28290746, 0.67246187, -0.6839287, 1), (-0.28290746, 0.67246187, -0.6839287, 1), (-0.28290746, 0.67246187, -0.6839287, 1), (0.82556856, -0.21525782, -0.5216326, 1), (0.82556856, -0.2152578, -0.5216326, 1), (0.82556856, -0.21525782, -0.5216326, 1), (0.25539503, -0.7188412, 0.64656067, 1), (0.25539503, -0.7188412, 0.64656067, 1), (0.25539503, -0.7188412, 0.64656067, 1), (-0.96648294, 0.22481765, 0.123966515, 1), (-0.96648294, 0.22481765, 0.12396653, 1), (-0.96648294, 0.22481765, 0.123966515, 1), (-0.57090694, -0.3877478, -0.7236829, 1), (-0.57090694, -0.38774782, -0.7236828, 1), (-0.57090694, -0.38774776, -0.7236828, 1), (0.9178352, -0.38222462, -0.10715803, 1), (0.9178353, -0.38222465, -0.10715803, 1), (0.9178352, -0.38222462, -0.10715803, 1), (0.7119434, -0.40524215, 0.57351154, 1), (0.7119434, -0.4052422, 0.57351154, 1), (0.7119434, -0.4052422, 0.57351154, 1), (0.98169464, -0.14732541, -0.12071031, 1), (0.98169464, -0.14732543, -0.12071032, 1), (0.98169464, -0.14732544, -0.12071031, 1), (0.88172954, 0.31993356, -0.34669238, 1), (0.8817294, 0.31993356, -0.34669238, 1), (0.8817294, 0.31993356, -0.34669238, 1), (-0.1725839, 0.34967688, -0.92083704, 1), (-0.1725839, 0.3496769, -0.92083704, 1), (-0.1725839, 0.34967688, -0.92083704, 1), (-0.3916482, 0.49189076, -0.77759576, 1), (-0.3916482, 0.49189082, -0.77759576, 1), (-0.39164826, 0.49189082, -0.77759576, 1), (0.9135997, -0.21782386, 0.34334862, 1), (0.9135997, -0.21782386, 0.34334865, 1), (0.9135997, -0.21782386, 0.34334862, 1), (0.91968685, -0.36993283, 0.13162808, 1), (0.91968685, -0.36993277, 0.13162807, 1), (0.91968685, -0.3699328, 0.13162808, 1), (0.3205398, 0.1518394, -0.9349862, 1), (0.3205398, 0.15183942, -0.9349862, 1), (0.3205398, 0.15183944, -0.9349862, 1), (0.08575191, 0.29906383, -0.9503723, 1), (0.08575191, 0.29906383, -0.9503723, 1), (0.085751906, 0.29906383, -0.9503723, 1), (-0.7764213, 0.108044215, -0.6208835, 1), (-0.77642137, 0.108044215, -0.62088346, 1), (-0.77642137, 0.108044215, -0.6208835, 1), (-0.94128406, 0.018206313, -0.33712414, 1), (-0.94128406, 0.018206315, -0.33712414, 1), (-0.94128406, 0.018206315, -0.33712414, 1), (-0.60097754, 0.42871657, 0.6745577, 1), (-0.60097754, 0.4287165, 0.6745577, 1), (-0.60097754, 0.4287166, 0.6745577, 1), (-0.6659611, -0.18578316, 0.7224821, 1), (-0.6659611, -0.18578316, 0.72248214, 1), (-0.6659611, -0.18578316, 0.72248214, 1), (0.275675, 0.014935435, 0.96113485, 1), (0.275675, 0.014935435, 0.96113485, 1), (0.275675, 0.014935434, 0.96113485, 1), (0.25730342, -0.52877426, 0.8088218, 1), (0.25730342, -0.52877426, 0.8088218, 1), (0.25730342, -0.52877426, 0.8088218, 1), (-0.4899932, -0.19397089, 0.84987175, 1), (-0.4899932, -0.19397089, 0.84987175, 1), (-0.4899931, -0.19397087, 0.84987175, 1), (0.39894986, -0.033006486, 0.91637856, 1), (0.39894986, -0.033006486, 0.91637856, 1), (0.3989498, -0.03300648, 0.91637856, 1), (0.25075677, -0.6340483, 0.73150784, 1), (0.25075677, -0.6340482, 0.73150784, 1), (0.25075677, -0.6340483, 0.73150784, 1), (0.25076294, -0.6340458, 0.73150796, 1), (0.25076294, -0.6340458, 0.73150796, 1), (0.25076294, -0.6340458, 0.73150796, 1), (0.97679955, -0.20884536, -0.04739596, 1), (0.97679955, -0.20884536, -0.04739596, 1), (0.97679955, -0.20884536, -0.047395963, 1), (-0.23334956, 0.3420656, -0.9102413, 1), (-0.23334953, 0.34206554, -0.9102413, 1), (-0.23334956, 0.34206557, -0.9102413, 1), (-0.90200174, 0.35030842, -0.2523428, 1), (-0.90200174, 0.35030845, -0.25234282, 1), (-0.90200174, 0.35030842, -0.25234282, 1), (-0.90200156, 0.35031077, -0.25234026, 1), (-0.90200156, 0.3503108, -0.25234026, 1), (-0.90200156, 0.35031077, -0.25234023, 1), (-0.827845, 0.54826844, -0.11863559, 1), (-0.827845, 0.54826844, -0.11863559, 1), (-0.827845, 0.5482685, -0.118635595, 1), (0.02544579, -0.18845995, 0.98175114, 1), (0.025445787, -0.18845996, 0.98175114, 1), (0.02544579, -0.18845996, 0.98175114, 1), (0.025441552, -0.18845773, 0.98175174, 1), (0.025441555, -0.18845773, 0.98175174, 1), (0.025441552, -0.18845774, 0.98175174, 1), (-0.15082628, -0.18984826, 0.97015935, 1), (-0.15082629, -0.18984826, 0.97015935, 1), (-0.15082628, -0.18984826, 0.97015935, 1), (-0.99577016, -0.0040833564, 0.09178786, 1), (-0.99577016, -0.0040833564, 0.09178785, 1), (-0.99577016, -0.0040833564, 0.09178785, 1), (-0.21700823, 0.19504723, 0.9564853, 1), (-0.21700823, 0.19504723, 0.9564853, 1), (-0.2170082, 0.19504721, 0.9564853, 1), (-0.66884714, 0.17556135, -0.7223723, 1), (-0.66884714, 0.17556135, -0.7223723, 1), (-0.66884714, 0.17556138, -0.7223723, 1), (0.021247985, -0.16030842, -0.9868383, 1), (0.021247985, -0.1603084, -0.9868383, 1), (0.021247987, -0.16030842, -0.9868383, 1), (0.7809219, -0.018326366, 0.6243599, 1), (0.7809219, -0.018326366, 0.62435985, 1), (0.7809219, -0.018326368, 0.6243599, 1), (-0.21700087, 0.19504522, 0.9564873, 1), (-0.21700087, 0.19504522, 0.9564873, 1), (-0.21700084, 0.19504522, 0.9564873, 1), (0.9626426, 0.22415361, -0.15190299, 1), (0.9626426, 0.22415361, -0.15190299, 1), (0.9626426, 0.22415358, -0.15190299, 1), (-0.37825924, 0.03425528, 0.92506564, 1), (-0.37825927, 0.034255285, 0.92506576, 1), (-0.3782593, 0.034255285, 0.92506564, 1), (0.44886348, 0.09457121, 0.88858193, 1), (0.44886348, 0.09457121, 0.88858193, 1), (0.44886348, 0.0945712, 0.88858193, 1), (-0.5443103, -0.13872103, -0.82733476, 1), (-0.5443103, -0.13872103, -0.82733476, 1), (-0.5443103, -0.13872103, -0.82733476, 1), (0.49879697, -0.08302351, -0.86273324, 1), (0.49879703, -0.083023526, -0.86273324, 1), (0.49879703, -0.083023526, -0.86273324, 1), (-0.81364346, -0.07499315, -0.57650703, 1), (-0.81364346, -0.07499316, -0.57650703, 1), (-0.81364346, -0.074993156, -0.57650703, 1), (-0.9865867, 0.07017051, 0.14738654, 1), (-0.9865867, 0.0701705, 0.1473865, 1), (-0.9865867, 0.0701705, 0.1473865, 1), (-0.929456, 0.032961514, -0.36745766, 1), (-0.929456, 0.032961514, -0.3674577, 1), (-0.929456, 0.032961518, -0.3674577, 1), (-0.3919714, -0.02180923, -0.9197189, 1), (-0.39197144, -0.021809231, -0.9197189, 1), (-0.39197144, -0.02180923, -0.9197189, 1), (-0.25414312, -0.09129729, -0.9628479, 1), (-0.25414312, -0.09129729, -0.9628479, 1), (-0.25414312, -0.091297306, -0.9628479, 1), (0.4299726, -0.21271308, -0.8774262, 1), (0.4299726, -0.21271305, -0.8774262, 1), (0.4299726, -0.21271308, -0.8774262, 1), (0.71612906, 0.15431997, -0.68069404, 1), (0.7161291, 0.15432, -0.68069404, 1), (0.71612906, 0.15431999, -0.68069404, 1), (0.92613924, -0.07376149, -0.3698991, 1), (0.92613924, -0.073761486, -0.3698991, 1), (0.92613924, -0.073761486, -0.36989906, 1), (0.9675166, -0.18741478, -0.16966783, 1), (0.9675166, -0.18741481, -0.16966781, 1), (0.9675167, -0.18741481, -0.16966784, 1), (-0.4808734, 0.21877678, 0.8490568, 1), (-0.4808734, 0.21877678, 0.8490568, 1), (-0.4808734, 0.21877675, 0.8490568, 1), (-0.056237962, 0.0011790773, 0.99841666, 1), (-0.056237962, 0.0011790772, 0.99841666, 1), (-0.056237962, 0.0011790772, 0.99841666, 1), (-0.8136607, -0.07498056, -0.5764844, 1), (-0.8136607, -0.07498056, -0.5764844, 1), (-0.8136607, -0.07498055, -0.5764844, 1), (0.7747285, 0.11800171, 0.62118554, 1), (0.7747285, 0.11800171, 0.62118554, 1), (0.7747285, 0.11800171, 0.6211855, 1), (0.46965495, -0.020239498, 0.882618, 1), (0.46965492, -0.020239498, 0.88261807, 1), (0.46965492, -0.020239498, 0.88261807, 1), (0.26029515, 0.03106689, 0.96502906, 1), (0.26029515, 0.031066887, 0.96502906, 1), (0.26029515, 0.031066887, 0.96502906, 1), (0.9675107, -0.18741432, -0.16970253, 1), (0.9675107, -0.18741432, -0.16970252, 1), (0.9675107, -0.18741432, -0.16970253, 1), (-0.5665927, 0.017690316, 0.8238081, 1), (-0.56659275, 0.017690316, 0.823808, 1), (-0.56659275, 0.017690316, 0.823808, 1), (-0.97380537, -0.0792633, -0.21312054, 1), (-0.97380537, -0.07926329, -0.21312055, 1), (-0.97380537, -0.0792633, -0.21312055, 1), (-0.45882925, 0.20697707, 0.86408114, 1), (-0.45882922, 0.20697707, 0.86408114, 1), (-0.45882922, 0.20697707, 0.86408114, 1), (0.25559232, 0.008660249, 0.9667458, 1), (0.25559232, 0.00866025, 0.9667459, 1), (0.25559232, 0.008660249, 0.9667459, 1), (0.9626429, 0.22415033, -0.15190576, 1), (0.9626429, 0.22415033, -0.15190576, 1), (0.9626429, 0.22415033, -0.15190576, 1), (0.78092355, -0.018327864, 0.6243577, 1), (0.78092355, -0.018327864, 0.6243577, 1), (0.78092355, -0.018327862, 0.62435764, 1), (0.9020565, -0.12063038, 0.41441792, 1), (0.9020565, -0.120630376, 0.4144179, 1), (0.9020565, -0.120630376, 0.41441792, 1), (0.66826123, -0.035498027, -0.7430793, 1), (0.66826123, -0.035498027, -0.7430793, 1), (0.66826123, -0.035498027, -0.7430793, 1), (0.021247985, -0.16030844, -0.9868383, 1), (0.021247983, -0.16030842, -0.9868383, 1), (0.021247983, -0.16030842, -0.9868383, 1), (-0.028073788, -0.18479536, -0.9823759, 1), (-0.028073788, -0.18479538, -0.9823759, 1), (-0.028073788, -0.18479535, -0.9823759, 1), (-0.22850204, 0.10367804, -0.9680071, 1), (-0.22850202, 0.10367804, -0.9680071, 1), (-0.22850204, 0.103678055, -0.9680071, 1), (-0.6688468, 0.17556208, -0.7223725, 1), (-0.6688468, 0.1755621, -0.7223725, 1), (-0.6688468, 0.1755621, -0.7223725, 1), (-0.9734197, -0.06213581, -0.22043873, 1), (-0.9734197, -0.06213581, -0.22043875, 1), (-0.9734197, -0.06213581, -0.22043873, 1), (0.25559425, 0.008659364, 0.9667454, 1), (0.25559425, 0.008659364, 0.9667454, 1), (0.25559425, 0.008659364, 0.9667454, 1), (-0.10521664, 0.13598454, 0.98510796, 1), (-0.10521663, 0.13598455, 0.98510796, 1), (-0.10521664, 0.13598455, 0.98510796, 1), (-0.105219364, 0.13597675, 0.9851087, 1), (-0.10521938, 0.13597676, 0.9851087, 1), (-0.10521938, 0.13597676, 0.9851087, 1), (-0.76375026, 0.20885073, 0.6107921, 1), (-0.76375026, 0.20885073, 0.6107921, 1), (-0.76375026, 0.20885073, 0.6107921, 1), (-0.9957712, -0.00407401, 0.091777176, 1), (-0.9957712, -0.00407401, 0.09177718, 1), (-0.9957712, -0.0040740105, 0.09177717, 1), (-0.9738052, -0.079262786, -0.21312167, 1), (-0.9738052, -0.07926279, -0.21312164, 1), (-0.9738052, -0.07926279, -0.21312167, 1), (-0.75582564, 0.22287002, 0.61567575, 1), (-0.75582564, 0.22287, 0.61567575, 1), (-0.75582564, 0.22287, 0.61567575, 1), (-0.24457526, 0.08001587, -0.9663232, 1), (-0.24457529, 0.08001586, -0.9663232, 1), (-0.24457529, 0.08001587, -0.9663232, 1), (0.6794907, -0.021812428, -0.7333598, 1), (0.6794907, -0.021812426, -0.7333598, 1), (0.6794907, -0.021812428, -0.7333598, 1), (-0.9824782, 0.06408363, 0.17501445, 1), (-0.9824781, 0.064083636, 0.17501445, 1), (-0.9824781, 0.064083636, 0.17501445, 1), (-0.26295424, -0.105083756, -0.95906854, 1), (-0.26295426, -0.105083756, -0.95906854, 1), (-0.26295424, -0.105083756, -0.95906854, 1), (0.9295076, -0.076896645, -0.36069733, 1), (0.9295076, -0.07689665, -0.36069736, 1), (0.9295076, -0.07689665, -0.36069736, 1), (-0.9446042, -0.08196836, -0.31781122, 1), (-0.9446042, -0.08196836, -0.31781122, 1), (-0.9446042, -0.08196837, -0.31781125, 1), (0.40275502, -0.22378318, -0.88753, 1), (0.4044, -0.22507526, -0.88645464, 1), (0.4008611, -0.22230142, -0.8887589, 1), (0.5032189, 0.012339084, 0.86407083, 1), (0.5032189, 0.012339084, 0.86407083, 1), (0.5032189, 0.012339084, 0.86407083, 1), (0.99448967, -0.019437747, -0.10301656, 1), (0.99448967, -0.019437749, -0.10301655, 1), (0.99448967, -0.019437749, -0.10301655, 1), (0.9944906, -0.019443436, -0.10300658, 1), (0.9944906, -0.019443436, -0.10300658, 1), (0.9944906, -0.019443436, -0.10300658, 1), (0.65408534, 0.23188038, -0.7200027, 1), (0.65387267, 0.23204717, -0.7201421, 1), (0.65221524, 0.23334652, -0.7212245, 1), (-0.12849517, 0.003522973, -0.99170387, 1), (-0.12849517, 0.0035229733, -0.99170387, 1), (-0.12849517, 0.003522973, -0.99170387, 1), (-0.12849519, 0.0035232631, -0.99170387, 1), (-0.12849517, 0.0035232627, -0.99170387, 1), (-0.12849517, 0.0035232625, -0.99170387, 1), (-0.3429514, 0.036129277, -0.93865806, 1), (-0.34295142, 0.03612928, -0.93865806, 1), (-0.34295148, 0.036129285, -0.93865806, 1), (-0.9345135, 0.02308328, -0.3551783, 1), (-0.9345135, 0.023083283, -0.3551783, 1), (-0.9345135, 0.02308328, -0.3551783, 1), (-0.9345113, 0.023077829, -0.35518456, 1), (-0.9345113, 0.023077829, -0.35518458, 1), (-0.9345113, 0.02307783, -0.35518458, 1), (-0.11120628, -0.028975656, 0.9933749, 1), (-0.11120628, -0.028975658, 0.9933749, 1), (-0.11120628, -0.028975658, 0.9933749, 1), (0.24932599, 0.046433076, 0.96730584, 1), (0.24932599, 0.046433076, 0.96730584, 1), (0.24932599, 0.046433076, 0.96730584, 1), (0.43116155, 0.15023397, 0.8896795, 1), (0.43116155, 0.15023395, 0.8896795, 1), (0.43116158, 0.150234, 0.8896795, 1), (0.7947494, 0.07037522, 0.602844, 1), (0.7947494, 0.07037521, 0.60284394, 1), (0.7947494, 0.07037522, 0.602844, 1), (-0.48338163, 0.0042705936, 0.8753993, 1), (-0.48338163, 0.0042705936, 0.8753993, 1), (-0.48338163, 0.0042705927, 0.8753993, 1), (0.96658653, -0.042692654, 0.2527606, 1), (0.96658653, -0.04269265, 0.2527606, 1), (0.96658653, -0.04269265, 0.25276056, 1), (0.96658504, -0.04269486, 0.2527655, 1), (0.96658504, -0.04269486, 0.2527655, 1), (0.96658504, -0.04269486, 0.2527655, 1), (0.903278, -0.14159909, 0.40501666, 1), (0.903278, -0.14159909, 0.40501663, 1), (0.903278, -0.14159909, 0.40501663, 1), (0.49816635, -0.084312975, -0.8629725, 1), (0.49816632, -0.084312975, -0.8629725, 1), (0.49816632, -0.084312975, -0.8629725, 1), (-0.016750123, -0.18690489, -0.9822352, 1), (-0.016750123, -0.18690489, -0.9822352, 1), (-0.016750123, -0.18690489, -0.9822352, 1), (-0.51109856, -0.02048532, -0.859278, 1), (-0.51109856, -0.02048532, -0.859278, 1), (-0.51109856, -0.02048532, -0.859278, 1), (-0.9735214, -0.019434748, -0.22776802, 1), (-0.9735214, -0.01943475, -0.22776806, 1), (-0.9735214, -0.019434752, -0.22776806, 1), (-0.9852871, 0.014946635, 0.17025293, 1), (-0.9852871, 0.014946634, 0.17025292, 1), (-0.9852871, 0.014946634, 0.17025292, 1), (-0.98528767, 0.014946352, 0.17024952, 1), (-0.98528767, 0.014946349, 0.17024949, 1), (-0.98528767, 0.01494635, 0.1702495, 1), (-0.44496334, 0.17334977, 0.8786112, 1), (-0.4449633, 0.17334975, 0.8786111, 1), (-0.4449633, 0.17334975, 0.8786111, 1), (0.99234736, -0.004081553, -0.12340968, 1), (0.99234736, -0.0040815533, -0.12340969, 1), (0.99234736, -0.0040815533, -0.1234097, 1), (0.18647876, 0.19504707, -0.962903, 1), (0.18647876, 0.19504708, -0.962903, 1), (0.18647876, 0.19504708, -0.962903, 1), (0.69148105, 0.17556392, 0.70073617, 1), (0.6914811, 0.17556389, 0.7007362, 1), (0.69148105, 0.17556395, 0.7007363, 1), (0.010148171, -0.16030833, 0.9870148, 1), (0.0101481695, -0.16030835, 0.9870148, 1), (0.0101481695, -0.16030835, 0.9870148, 1), (-0.8003837, -0.018325554, -0.5992079, 1), (-0.8003837, -0.018325556, -0.5992079, 1), (-0.8003837, -0.018325556, -0.59920794, 1), (0.18647058, 0.1950453, -0.962905, 1), (0.18647055, 0.19504526, -0.962905, 1), (0.18647057, 0.19504528, -0.962905, 1), (-0.95732355, 0.22415747, 0.18244167, 1), (-0.95732355, 0.22415747, 0.18244167, 1), (-0.95732355, 0.22415753, 0.18244168, 1), (0.34864792, 0.034257654, -0.93662745, 1), (0.3486479, 0.03425765, -0.93662745, 1), (0.34864786, 0.03425765, -0.93662745, 1), (-0.47689587, 0.09457077, -0.8738574, 1), (-0.4768959, 0.09457077, -0.8738574, 1), (-0.4768959, 0.09457077, -0.8738574, 1), (0.5703465, -0.13872194, 0.80960554, 1), (0.5703465, -0.13872194, 0.80960554, 1), (0.57034653, -0.13872197, 0.80960554, 1), (-0.47110683, -0.083022706, 0.8781604, 1), (-0.47110677, -0.0830227, 0.8781603, 1), (-0.47110677, -0.0830227, 0.8781603, 1), (0.8315671, -0.074992806, 0.5503382, 1), (0.8315671, -0.074992806, 0.5503382, 1), (0.8315671, -0.074992806, 0.5503382, 1), (0.9814005, 0.07016888, -0.17868793, 1), (0.9814005, 0.07016888, -0.17868793, 1), (0.9814005, 0.07016888, -0.17868793, 1), (0.9406721, 0.03296201, 0.33771232, 1), (0.9406721, 0.03296201, 0.33771235, 1), (0.9406721, 0.03296201, 0.33771232, 1), (0.4210223, -0.021810338, 0.906788, 1), (0.4210223, -0.021810334, 0.906788, 1), (0.4210223, -0.021810332, 0.906788, 1), (0.2846347, -0.09129671, 0.9542788, 1), (0.28463474, -0.09129671, 0.9542788, 1), (0.28463474, -0.09129671, 0.9542788, 1), (-0.4018508, -0.21271223, 0.89065677, 1), (-0.40185076, -0.2127122, 0.89065677, 1), (-0.4018508, -0.21271221, 0.89065677, 1), (-0.6941189, 0.15432139, 0.7031244, 1), (-0.6941189, 0.15432139, 0.7031244, 1), (-0.6941188, 0.15432139, 0.7031244, 1), (-0.9139065, -0.07376208, 0.39916676, 1), (-0.9139065, -0.07376208, 0.3991667, 1), (-0.9139065, -0.07376208, 0.3991667, 1), (-0.9616314, -0.18741582, 0.20035073, 1), (-0.9616314, -0.18741582, 0.20035073, 1), (-0.9616314, -0.18741581, 0.20035073, 1), (0.45362845, 0.21877521, -0.86392045, 1), (0.45362845, 0.21877521, -0.86392045, 1), (0.4536285, 0.21877521, -0.86392045, 1), (0.024456443, 0.0011794502, -0.9997002, 1), (0.02445644, 0.0011794501, -0.9997002, 1), (0.02445644, 0.0011794502, -0.9997002, 1), (0.8315836, -0.07498136, 0.550315, 1), (0.8315836, -0.07498136, 0.550315, 1), (0.8315836, -0.074981354, 0.55031496, 1), (-0.7940916, 0.118001394, -0.5962335, 1), (-0.7940915, 0.11800137, -0.5962335, 1), (-0.7940916, 0.118001394, -0.5962335, 1), (-0.49748713, -0.020238867, -0.86723524, 1), (-0.49748707, -0.020238865, -0.86723524, 1), (-0.49748713, -0.020238867, -0.86723524, 1), (-0.2908559, 0.031066392, -0.95626235, 1), (-0.29085594, 0.031066392, -0.95626235, 1), (-0.2908559, 0.031066388, -0.95626235, 1), (-0.96162415, -0.18741582, 0.20038547, 1), (-0.96162415, -0.18741581, 0.20038547, 1), (-0.96162415, -0.18741581, 0.2003855, 1), (0.54010516, 0.01769072, -0.84141165, 1), (0.54010504, 0.01769072, -0.84141165, 1), (0.54010516, 0.01769072, -0.84141165, 1), (0.9800907, -0.079263724, 0.1820424, 1), (0.9800907, -0.079263724, 0.18204239, 1), (0.9800907, -0.079263724, 0.1820424, 1), (0.43111753, 0.20697537, -0.87823623, 1), (0.43111748, 0.20697537, -0.87823623, 1), (0.43111753, 0.20697537, -0.87823623, 1), (-0.28620678, 0.008659628, -0.95812875, 1), (-0.28620675, 0.008659628, -0.95812875, 1), (-0.28620675, 0.008659628, -0.95812875, 1), (-0.9573233, 0.22415872, 0.18244147, 1), (-0.9573233, 0.22415872, 0.18244147, 1), (-0.9573233, 0.22415875, 0.18244149, 1), (-0.80038583, -0.018328784, -0.5992049, 1), (-0.80038583, -0.018328782, -0.5992049, 1), (-0.80038583, -0.018328784, -0.59920496, 1), (-0.91477954, -0.12063078, -0.3855213, 1), (-0.91477954, -0.12063078, -0.3855213, 1), (-0.91477954, -0.12063078, -0.38552132, 1), (-0.6442924, -0.035498064, 0.76395494, 1), (-0.6442924, -0.03549806, 0.76395494, 1), (-0.6442925, -0.03549806, 0.76395494, 1), (0.010148171, -0.16030832, 0.9870148, 1), (0.0101481695, -0.16030832, 0.9870148, 1), (0.01014817, -0.16030832, 0.9870148, 1), (0.059304014, -0.18479575, 0.98098606, 1), (0.059304014, -0.18479578, 0.98098606, 1), (0.059304014, -0.18479578, 0.98098606, 1), (0.25916815, 0.10367863, 0.96025133, 1), (0.25916812, 0.103678614, 0.96025133, 1), (0.25916815, 0.103678636, 0.96025133, 1), (0.69148177, 0.1755624, 0.70073587, 1), (0.69148177, 0.17556238, 0.70073587, 1), (0.69148177, 0.17556237, 0.7007359, 1), (0.97993886, -0.062134504, 0.189365, 1), (0.97993886, -0.06213451, 0.189365, 1), (0.97993886, -0.062134504, 0.189365, 1), (-0.2862092, 0.00865834, -0.958128, 1), (-0.2862092, 0.008658339, -0.958128, 1), (-0.28620923, 0.008658339, -0.958128, 1), (0.07383536, 0.13598332, -0.98795587, 1), (0.07383536, 0.1359833, -0.98795587, 1), (0.07383535, 0.13598329, -0.98795587, 1), (0.07383834, 0.13597575, -0.9879567, 1), (0.07383834, 0.13597573, -0.9879567, 1), (0.07383833, 0.13597572, -0.9879567, 1), (0.7439404, 0.20885147, -0.63477063, 1), (0.7439404, 0.20885146, -0.6347707, 1), (0.7439404, 0.20885147, -0.63477063, 1), (0.9923487, -0.0040736157, -0.123400025, 1), (0.9923487, -0.004073615, -0.1234, 1), (0.9923487, -0.0040736157, -0.123400025, 1), (0.9800909, -0.079264075, 0.18204133, 1), (0.9800909, -0.079264075, 0.18204133, 1), (0.9800909, -0.07926408, 0.18204133, 1), (0.7358622, 0.2228691, -0.6394031, 1), (0.7358622, 0.22286907, -0.6394031, 1), (0.7358622, 0.22286907, -0.63940305, 1), (0.27518213, 0.08001562, 0.95805657, 1), (0.27518216, 0.08001563, 0.95805657, 1), (0.27518213, 0.08001563, 0.95805657, 1), (-0.65582466, -0.021810802, 0.7545981, 1), (-0.6558248, -0.021810804, 0.754598, 1), (-0.6558247, -0.021810805, 0.7545981, 1), (0.9764156, 0.06408282, -0.20617013, 1), (0.9764156, 0.06408282, -0.20617013, 1), (0.9764156, 0.06408284, -0.20617014, 1), (0.29332066, -0.10508358, 0.9502213, 1), (0.29332066, -0.10508358, 0.9502213, 1), (0.29332066, -0.10508358, 0.9502213, 1), (-0.91756636, -0.07689557, 0.3900758, 1), (-0.91756636, -0.07689557, 0.39007583, 1), (-0.91756636, -0.07689557, 0.39007583, 1), (0.954234, -0.081967086, 0.28760886, 1), (0.954234, -0.08196709, 0.2876089, 1), (0.954234, -0.08196709, 0.28760886, 1), (-0.37432307, -0.22378604, 0.89989007, 1), (-0.37596872, -0.22505288, 0.8988875, 1), (-0.37239048, -0.22230378, 0.90105855, 1), (-0.530444, 0.012339684, -0.84763014, 1), (-0.530444, 0.012339684, -0.84763014, 1), (-0.530444, 0.012339683, -0.8476302, 1), (-0.9907103, -0.019437231, 0.13459231, 1), (-0.99071044, -0.019437231, 0.13459231, 1), (-0.99071044, -0.019437231, 0.13459231, 1), (-0.9907116, -0.01944187, 0.13458298, 1), (-0.9907116, -0.01944187, 0.134583, 1), (-0.9907116, -0.01944187, 0.13458298, 1), (-0.63085824, 0.23188193, 0.74043816, 1), (-0.63060737, 0.23207483, 0.74059135, 1), (-0.62894994, 0.23334847, 0.7416, 1), (0.1599683, 0.003523871, 0.9871159, 1), (0.1599683, 0.003523871, 0.9871159, 1), (0.15996829, 0.003523871, 0.9871159, 1), (0.15996829, 0.0035241328, 0.9871159, 1), (0.15996829, 0.0035241328, 0.9871159, 1), (0.1599683, 0.0035241328, 0.9871159, 1), (0.37262923, 0.036129184, 0.92727673, 1), (0.37262928, 0.036129188, 0.92727673, 1), (0.37262923, 0.036129184, 0.92727673, 1), (0.9453367, 0.023083702, 0.32527775, 1), (0.9453367, 0.023083704, 0.32527775, 1), (0.9453367, 0.023083704, 0.32527775, 1), (0.9453344, 0.023076579, 0.32528514, 1), (0.9453344, 0.02307658, 0.32528514, 1), (0.9453344, 0.02307658, 0.32528508, 1), (0.07955854, -0.028977077, -0.9964089, 1), (0.07955855, -0.028977077, -0.9964089, 1), (0.079558544, -0.028977081, -0.9964089, 1), (-0.2799632, 0.04643296, -0.9588871, 1), (-0.27996323, 0.04643297, -0.9588871, 1), (-0.2799632, 0.04643296, -0.9588871, 1), (-0.4592362, 0.15023392, -0.875518, 1), (-0.45923623, 0.15023392, -0.875518, 1), (-0.45923623, 0.15023395, -0.875518, 1), (-0.8135189, 0.070375346, -0.5772645, 1), (-0.8135189, 0.070375346, -0.5772645, 1), (-0.8135189, 0.070375346, -0.5772645, 1), (0.45529774, 0.0042699645, -0.890329, 1), (0.45529768, 0.0042699645, -0.890329, 1), (0.45529768, 0.0042699645, -0.890329, 1), (-0.9741362, -0.042692795, -0.22189225, 1), (-0.9741362, -0.04269279, -0.22189225, 1), (-0.9741362, -0.042692795, -0.22189225, 1), (-0.9741349, -0.04269496, -0.22189708, 1), (-0.9741349, -0.04269496, -0.22189707, 1), (-0.9741349, -0.042694956, -0.22189707, 1), (-0.91570264, -0.14159875, -0.37608317, 1), (-0.91570264, -0.14159873, -0.37608314, 1), (-0.91570264, -0.14159875, -0.37608314, 1), (-0.4704699, -0.08431294, 0.8783788, 1), (-0.47046995, -0.08431296, 0.8783788, 1), (-0.47046995, -0.084312946, 0.8783788, 1), (0.047979698, -0.18690453, 0.9812057, 1), (0.047979698, -0.18690455, 0.9812057, 1), (0.047979694, -0.18690452, 0.9812057, 1), (0.5381691, -0.020485187, 0.8425879, 1), (0.5381692, -0.020485185, 0.8425879, 1), (0.5381692, -0.020485187, 0.8425879, 1), (0.98027235, -0.019435402, 0.19669357, 1), (0.98027235, -0.0194354, 0.19669358, 1), (0.98027235, -0.019435402, 0.19669357, 1), (0.97937346, 0.014946976, -0.20150456, 1), (0.97937346, 0.014946978, -0.20150457, 1), (0.97937346, 0.014946978, -0.20150454, 1), (0.9793744, 0.01494729, -0.20150009, 1), (0.9793745, 0.0149472905, -0.20150009, 1), (0.9793744, 0.01494729, -0.20150009, 1), (0.4167972, 0.17334892, -0.8923173, 1), (0.41679725, 0.17334892, -0.8923173, 1), (0.4167972, 0.17334892, -0.8923173, 1), (0, 0.9988034, 0.04890546, 1), (0, 0.99880326, 0.04890873, 1), (0, 0.9988034, 0.048905645, 1), (-0.0044351155, 0.99930525, 0.037005886, 1), (1, 0, 0, -1), (-0.0045449585, 0.99930155, 0.037089877, 1), (-0.0068868967, 0.9992218, 0.038837273, 1), (-0.007398784, 0.9992034, 0.039216585, 1), (0.019787962, -0.99776375, -0.06384252, -1), (0.019787828, -0.99776375, -0.06384268, -1), (0.019780723, -0.9977633, -0.06385289, -1), (-0.008488475, -0.9961743, 0.086976305, 1), (-0.008488466, -0.99617434, 0.08697384, 1), (-0.008488323, -0.9961738, 0.08698062, 1), (0.016573943, 0.9960033, -0.08776499, -1), (0.016573062, 0.996003, -0.08776907, -1), (0.016573453, 0.9960033, -0.087765776, -1), (-0.02001624, -0.999464, -0.02590718, 1), (-0.019202322, -0.999482, -0.02582698, 1), (-0.021984661, -0.9994184, -0.026066506, 1), (0.022728108, 0.999713, -0.007575418, -1), (0.024736643, 0.9996666, -0.0074081947, -1), (0.022734253, 0.99971277, -0.0075748493, -1), (-0.014523401, -0.9933634, 0.1140981, -1), (-0.014526088, -0.9933636, 0.11409489, -1), (-0.014525147, -0.9933635, 0.114095986, -1), (0.02587161, 0.992027, -0.123341225, 1), (0.025873274, 0.9920272, -0.12333917, 1), (0.025880469, 0.9920282, -0.12333038, 1), (-0.030705605, -0.99349123, 0.10969221, -1), (-0.030705782, -0.9934908, 0.109695815, -1), (-0.03070461, -0.9934916, 0.10968824, -1), (0.026828196, 0.993544, -0.11023056, 1), (0.026828092, 0.99354434, -0.11022656, 1), (0.026827719, 0.9935447, -0.11022431, 1), (0.0038958734, -0.9969759, -0.077613436, -1), (0, -0.997013, -0.077234335, -1), (0.006074872, -0.9969434, -0.07789016, -1), (-0.0064517367, 0.9983163, 0.057645302, 1), (-0.008630166, 0.9982838, 0.057921924, 1), (-0.009212621, 0.9982741, 0.05799985, 1), (-0.015951216, 0.9848798, 0.1725037, 1), (-0.015954362, 0.9848791, 0.17250715, 1), (-0.015950976, 0.9848798, 0.17250344, 1), (-0.016793938, -0.9952213, -0.09619055, 1), (-0.016821308, -0.9951912, -0.09649542, 1), (-0.016792871, -0.9952224, -0.096179575, 1), (-0.016437512, 0.99492955, 0.09922195, -1), (-0.01643887, 0.99493104, 0.099206544, -1), (-0.016436776, 0.9949287, 0.0992301, -1), (-0.45296663, 0.8742229, -0.17480186, 1), (-0.4529699, 0.87422186, -0.17479798, 1), (-0.4529655, 0.8742234, -0.17480166, 1), (0.36266026, 0.89549, 0.2580218, -1), (0.3626542, 0.89548874, 0.2580347, -1), (0.36266175, 0.89549094, 0.25801608, -1), (-0.009041589, 0.99870574, 0.050052226, -1), (-0.009041698, 0.99870574, 0.050050925, -1), (-0.009041283, 0.9987055, 0.05005586, -1), (-0.005658276, -0.99879164, -0.04882051, 1), (-0.0056585786, -0.9987914, -0.048824117, 1), (-0.005658926, -0.99879116, -0.04882824, 1), (0.020023607, -0.99688464, -0.07628888, -1), (0.02002251, -0.99688476, -0.07628767, -1), (0.020026252, -0.9968844, -0.07629179, -1), (-0.009355465, 0.9962566, 0.0859374, 1), (-0.00935815, 0.99625635, 0.08594036, 1), (-0.009360951, 0.996256, 0.08594344, 1), (0.06374372, -0.9978155, 0.017347137, 1), (0.06374072, -0.9978156, 0.017351573, 1), (0.06373984, -0.9978157, 0.017353, 1), (0.82803684, 0.24115247, 0.50616246, -1), (0.8280496, 0.24115282, 0.5061414, -1), (0.8280409, 0.24115251, 0.50615585, -1), (-0.79183835, 0.2981632, -0.53300166, 1), (-0.7918493, 0.2981456, -0.53299505, 1), (-0.7918527, 0.29814026, -0.5329932, 1), (0.84326273, -0.4403812, 0.30817586, -1), (0.84327906, -0.4403579, 0.30816454, -1), (0.8432786, -0.44035852, 0.30816513, -1), (0.84421855, 0.08235863, 0.5296339, -1), (0.8442156, 0.08238627, 0.5296343, -1), (0.844217, 0.08236874, 0.5296348, -1), (-0.67960805, -0.027603902, -0.7330559, 1), (-0.67960435, -0.027612157, -0.733059, 1), (-0.67959607, -0.027631415, -0.73306596, 1), (-0.9533782, 0.13349748, -0.2706443, -1), (-0.9533794, 0.13350664, -0.27063563, -1), (-0.9533794, 0.13350052, -0.27063888, -1), (0.755366, -0.39472044, 0.52308506, 1), (0.755366, -0.39472768, 0.5230795, 1), (0.75536436, -0.39472258, 0.52308595, 1), (0.6330803, 0.70306146, 0.32390407, 1), (0.6330693, 0.7030594, 0.32393023, 1), (0.6234952, 0.70121753, 0.34575668, 1), (-0.91340876, -0.09338141, -0.39618713, -1), (-0.90468115, -0.09142712, -0.41616467, -1), (-0.91339284, -0.093378454, -0.39622468, -1), (-0.029505746, -0.99124724, 0.12867972, -1), (-0.029478854, -0.9912527, 0.12864317, -1), (-0.029485805, -0.9912513, 0.1286526, -1), (0.033395562, 0.9914863, -0.12585527, 1), (0.03337519, 0.99149054, -0.12582758, 1), (0.033400796, 0.9914853, -0.1258624, 1), (0.005457988, -0.9990657, -0.042870943, 1), (0.005500538, -0.9990823, -0.042477034, 1), (0.0053816386, -0.9990287, -0.043733533, 1), (-0.0032102063, 0.999084, 0.042670764, -1), (-0.0031311503, 0.9990471, 0.043531273, -1), (-0.003211234, 0.9990845, 0.042660102, -1), (0.03738981, 0.991204, 0.12695123, -1), (0.036506955, 0.99125075, 0.12684293, -1), (0.03647131, 0.9912526, 0.12683865, -1), (0.014436398, 0.9975304, 0.06873709, -1), (0.014436282, 0.9975304, 0.068737224, -1), (0.014407566, 0.9975285, 0.068770885, -1), (-0.041542087, -0.994909, -0.09181649, 1), (-0.027715996, -0.99381244, -0.10755713, 1), (-0.041514996, -0.9949072, -0.09184799, 1), (-0.019517854, -0.99481237, -0.09983739, 1), (-0.04394523, -0.9915951, -0.12168831, 1), (-0.015858557, -0.99514467, -0.09713707, 1), (0.3978596, 0.25574642, 0.8810797, 1), (0.3978548, 0.25575176, 0.8810804, 1), (0.397851, 0.25575623, 0.8810808, 1), (-0.3545073, -0.21662886, -0.9096134, -1), (-0.35449862, -0.21663962, -0.9096142, -1), (-0.3545057, -0.21663034, -0.90961367, -1), (-0.30366874, -0.29832318, -0.9048694, -1), (-0.30367118, -0.2983184, -0.90487015, -1), (-0.30367726, -0.29831117, -0.90487045, -1), (0.47633255, 0.45093143, 0.7548299, 1), (0.47634074, 0.45092434, 0.75482893, 1), (0.47634402, 0.45091984, 0.7548295, 1), (0.13690016, 0.85455, 0.5010018, 1), (0.13689971, 0.8545502, 0.5010015, 1), (0.13690151, 0.8545492, 0.50100267, 1), (-0.15900505, -0.8655382, -0.4749327, -1), (-0.15900698, -0.86553717, -0.4749339, -1), (-0.15900433, -0.8655386, -0.47493225, -1), (0.22373395, 0.65684456, 0.72006834, -1), (0.22373372, 0.65684265, 0.7200701, -1), (0.22373345, 0.6568396, 0.720073, -1), (-0.25979823, -0.64858806, -0.7154289, 1), (-0.2597975, -0.64858204, -0.71543455, 1), (-0.25979805, -0.6485867, -0.71543014, 1), (-0.44685087, 0.48191988, -0.75370914, 1), (-0.4468514, 0.4819155, -0.7537117, 1), (-0.44685042, 0.48192358, -0.7537071, 1), (-0.25971985, -0.64926344, -0.71484447, -1), (-0.2597324, -0.6492524, -0.71484995, -1), (-0.25973052, -0.64925396, -0.7148491, -1), (0.28384167, 0.6647553, 0.6910386, 1), (0.28385493, 0.66474354, 0.6910444, 1), (0.28384176, 0.6647552, 0.69103855, 1), (0.23432226, 0.69695127, 0.6777551, 1), (0.23433033, 0.69694483, 0.6777589, 1), (0.23432788, 0.69694686, 0.6777577, 1), (-0.209449, -0.6803811, -0.7022911, -1), (-0.20945467, -0.68037665, -0.70229375, -1), (-0.20944661, -0.680383, -0.7022899, -1), (0.006554734, -0.9993212, -0.036251895, 1), (0.0065571377, -0.9993224, -0.03621715, 1), (0.0065550543, -0.99932134, -0.036247164, 1), (-0.008052914, 0.9993061, 0.03636626, -1), (-0.008053291, 0.9993063, 0.036361523, -1), (-0.0080601815, 0.9993094, 0.036274385, -1), (0.009015842, -0.99899906, -0.04381427, 1), (0.012741497, -0.99911207, -0.040157367, 1), (0.009823613, -0.99902606, -0.04301516, 1), (-0.004133486, 0.99923456, 0.0388996, -1), (-0.004943538, 0.9992618, 0.03809683, -1), (-0.004131064, 0.99923444, 0.038902007, -1), (0.0049188533, -0.9989832, -0.044813003, -1), (0.0049186954, -0.9989832, -0.04481283, -1), (0.0049190787, -0.9989832, -0.044813253, -1), (-0.005342805, 0.99899834, 0.04442795, 1), (-0.005343033, 0.99899834, 0.044428207, 1), (-0.005343382, 0.99899834, 0.04442859, 1), (-0.017140869, -0.9952004, -0.09634536, 1), (-0.01713352, -0.9952083, -0.096264064, 1), (-0.017133063, -0.9952089, -0.09625895, 1), (-0.016202541, 0.9949325, 0.09923078, -1), (-0.016211266, 0.9949426, 0.099127695, -1), (-0.01622869, 0.99496126, 0.09893776, -1), (-0.021233918, -0.9852539, -0.16977638, 1), (-0.021232687, -0.9852541, -0.16977486, 1), (-0.021231858, -0.9852542, -0.16977417, 1), (0.037790474, 0.9872852, 0.15440151, -1), (0.037788313, 0.9872857, 0.15439932, -1), (0.037792463, 0.98728484, 0.15440336, -1), (0.015360431, -0.9859466, -0.1663533, -1), (0.015360417, -0.9859466, -0.16635312, -1), (0.015360416, -0.9859466, -0.16635342, -1), (0.015406772, 0.98528683, 0.17021324, 1), (0.015406707, 0.9852867, 0.17021349, 1), (0.015405945, 0.9852858, 0.17021869, 1), (-0.041140687, 0.9892426, 0.14038019, 1), (-0.041235264, 0.9892369, 0.14039248, 1), (-0.04126232, 0.9892352, 0.14039601, 1), (0.04401913, -0.99185747, -0.11950379, -1), (0.044127237, -0.9918509, -0.119517885, -1), (0.043932997, -0.99186265, -0.11949247, -1), (0.009249644, -0.99981827, 0.016670221, -1), (0.009249642, -0.99981827, 0.016670216, -1), (0.0092497375, -0.99981827, 0.016670333, -1), (0.02022461, -0.9997687, 0.0073246574, -1), (0.020225847, -0.9997687, 0.007324496, -1), (0.020227531, -0.99976856, 0.0073242784, -1), (0.0069168215, -0.9994504, -0.03242146, 1), (0.0069164806, -0.9994504, -0.032421045, 1), (0.006916753, -0.9994504, -0.03242138, 1), (0.0021825451, 0.9981712, 0.060410637, 1), (0.0045350995, 0.9989994, 0.044492256, 1), (0.0045311335, 0.99899846, 0.044516068, 1), (-0.009672813, 0.99823123, 0.058660187, 1), (-0.011684173, 0.99822766, 0.05835342, 1), (-0.012265734, 0.99822587, 0.05826467, 1), (0.0072352164, -0.99823135, -0.059008397, -1), (0.0048246654, -0.99906343, -0.043001536, -1), (0.0048242146, -0.99906355, -0.042998668, -1), (-0.004286477, 0.99903333, 0.043750223, -1), (-0.004322706, 0.9990381, 0.04363839, -1), (-0.0044330256, 0.99909174, 0.042378433, -1), (0.45181698, -0.8881807, -0.08364572, 1), (0.45222923, -0.8883736, -0.07925367, 1), (0.45180437, -0.8881756, -0.08376665, 1), (-0.0054022362, 0.99904686, 0.043314077, -1), (-0.005441781, 0.9990447, 0.04335905, -1), (-0.005446121, 0.9990445, 0.04336407, -1), (0.0044746147, -0.9990163, -0.044118498, 1), (0.004518351, -0.9990138, -0.044169385, 1), (0.0042032376, -0.9990313, -0.04380444, 1), (-0.23792996, -0.2745962, -0.93165785, -1), (-0.2379285, -0.27459475, -0.9316587, -1), (-0.23792705, -0.27459332, -0.9316594, -1), (-0.23792998, -0.27459624, -0.93165785, 1), (-0.23792702, -0.2745933, -0.9316594, 1), (-0.23792914, -0.27459538, -0.93165827, 1), (-0.7321948, -0.56211394, 0.38460195, -1), (-0.73223406, -0.5621269, 0.38450846, -1), (-0.73225784, -0.5621346, 0.38445184, -1), (0.758842, 0.5214175, -0.39023402, 1), (0.7589059, 0.5214382, -0.39008224, 1), (0.75890553, 0.5214381, -0.39008296, 1), (0.8937703, -0.13894276, -0.4264618, -1), (0.8937658, -0.13894074, -0.42647174, -1), (0.8937698, -0.13894255, -0.4264628, -1), (0.9161867, 0.057873093, -0.39655083, 1), (0.9161888, 0.057872165, -0.39654633, 1), (0.91618806, 0.0578725, -0.39654794, 1), (-0.8522796, 0.0063197697, 0.5230483, -1), (-0.8522835, 0.0063266326, 0.52304196, -1), (-0.8522867, 0.006331554, 0.5230367, -1), (-0.8671473, -0.4979612, 0.009494906, 1), (-0.8671472, -0.49796143, 0.009488651, 1), (-0.86714363, -0.4979674, 0.009501406, 1), (0.49439195, 0.5807386, 0.64677614, 1), (0.49439505, 0.5807351, 0.64677685, 1), (0.49436942, 0.5807646, 0.64677006, 1), (-0.59610015, -0.6339852, -0.49267364, -1), (-0.59607726, -0.63401145, -0.49266762, -1), (-0.59610546, -0.63397884, -0.49267563, -1), (-0.28342748, 0.19566493, 0.9388206, 1), (-0.28342757, 0.19567202, 0.9388191, 1), (-0.28342742, 0.19565941, 0.93882173, 1), (-0.2834275, 0.19566493, 0.9388206, -1), (-0.28342742, 0.19565941, 0.93882173, -1), (-0.28342745, 0.19565994, 0.9388217, -1), (-0.73641384, -0.0037983686, 0.6765207, -1), (-0.73641384, -0.0037690646, 0.6765208, -1), (-0.7364138, -0.0037682075, 0.6765208, -1), (-0.73641384, -0.0037983686, 0.6765207, 1), (-0.73641384, -0.003768207, 0.6765209, 1), (-0.73641384, -0.003764313, 0.6765209, 1), (-0.99474055, 0.093079105, -0.042751323, 1), (-0.99473995, 0.09308397, -0.042753454, 1), (-0.99473983, 0.09308498, -0.042753458, 1), (-0.97047836, 0.021154363, -0.2402587, -1), (-0.9704779, 0.021158952, -0.24026033, -1), (-0.9704789, 0.021148648, -0.24025695, -1), (-0.3948721, -0.020122316, 0.9185157, 1), (-0.39487308, -0.020120336, 0.9185154, 1), (-0.39487275, -0.020129979, 0.91851526, 1), (0.9431109, -0.30954733, -0.121335916, -1), (0.9431093, -0.30955184, -0.121336326, -1), (0.943108, -0.30955547, -0.12133753, -1), (0.27045053, -0.12726185, -0.95428556, -1), (0.27045062, -0.12726209, -0.95428544, -1), (0.27045086, -0.12726231, -0.95428544, -1), (0.2704505, -0.12726183, -0.95428556, 1), (0.2704509, -0.12726232, -0.95428544, 1), (0.27045134, -0.12726295, -0.9542852, 1), (0.8259036, 0.5292664, -0.19431974, -1), (0.8259031, 0.52926666, -0.19432123, -1), (0.82590765, 0.5292652, -0.19430573, -1), (-0.926868, -0.28254268, 0.24715436, 1), (-0.92687225, -0.28254142, 0.24714026, 1), (-0.92686945, -0.28254223, 0.24714948, 1), (-0.97507143, 0.16475788, -0.14862816, -1), (-0.9750724, 0.1647621, -0.14861809, -1), (-0.97507113, 0.16475616, -0.14863311, -1), (-0.9962638, -0.066047475, -0.055642623, 1), (-0.9962637, -0.066047676, -0.055643857, 1), (-0.9962639, -0.06604652, -0.055641305, 1), (-0.9769529, -0.03760116, 0.2101169, 1), (-0.9769533, -0.037602626, 0.21011455, 1), (-0.97695255, -0.037600093, 0.21011874, 1), (-0.8445617, -0.37371874, 0.3834709, -1), (-0.8445608, -0.37371606, 0.38347536, -1), (-0.8445614, -0.3737177, 0.38347238, -1), (0.17681475, 0.6468256, 0.7418578, -1), (0.17681454, 0.6468206, 0.7418623, -1), (0.1768146, 0.6468187, 0.741864, -1), (0.25569513, 0.63418967, 0.7296736, 1), (0.25569496, 0.63418275, 0.7296796, 1), (0.25569502, 0.634187, 0.7296759, 1), (-0.44373333, -0.07046037, -0.8933846, 1), (-0.44373357, -0.07046113, -0.8933844, 1), (-0.443733, -0.07045886, -0.8933849, 1), (-0.57256746, -0.029632773, -0.8193219, -1), (-0.5725672, -0.02963114, -0.81932217, -1), (-0.5725662, -0.029626368, -0.819323, -1), (-0.88794506, -0.43571553, -0.14732823, -1), (-0.88794273, -0.43572176, -0.14732337, -1), (-0.8879442, -0.43571776, -0.14732668, -1), (-0.85727733, -0.4706064, -0.2088187, 1), (-0.85727674, -0.4706078, -0.20881768, 1), (-0.85727334, -0.4706171, -0.20881076, 1), (0.96229726, 0.06011003, 0.26527512, 1), (0.96229774, 0.06010182, 0.2652751, 1), (0.96229607, 0.060130075, 0.26527464, 1), (0.9920825, 0.056483876, 0.112169184, -1), (0.9920814, 0.05650236, 0.11216914, -1), (0.99208236, 0.056481298, 0.11217149, -1), (-0.55632544, -0.08870945, 0.8262159, 1), (-0.55632097, -0.088720925, 0.8262177, 1), (-0.55632365, -0.08871327, 0.82621664, 1), (-0.64681095, -0.13650541, 0.75033456, -1), (-0.64680827, -0.1365115, 0.75033575, -1), (-0.6468115, -0.1365037, 0.7503343, -1), (0.77356005, -0.1807304, -0.6074055, -1), (0.77355915, -0.18073346, -0.60740554, -1), (0.77356255, -0.1807218, -0.6074049, -1), (0.67388797, -0.14311641, -0.7248398, 1), (0.6738899, -0.14310968, -0.7248393, 1), (0.6738915, -0.14310426, -0.7248389, 1), (-0.44490385, -0.4611428, 0.76772904, 1), (-0.44490913, -0.46114713, 0.7677233, 1), (-0.44490296, -0.4611423, 0.7677299, 1), (-0.7251657, -0.03860193, 0.6874916, -1), (-0.7251694, -0.038605437, 0.6874875, -1), (-0.72516865, -0.038604792, 0.68748826, -1), (-0.03492491, -0.3453185, 0.9378356, 1), (-0.034924187, -0.34531805, 0.93783563, 1), (-0.03492504, -0.3453186, 0.93783545, 1), (-0.03492491, -0.34531853, 0.9378356, -1), (-0.034925036, -0.3453186, 0.93783545, -1), (-0.03492594, -0.34531918, 0.93783516, -1), (0.25315985, 0.07745499, 0.96431875, 1), (0.25316533, 0.07745082, 0.9643178, 1), (0.25315487, 0.07745814, 0.9643199, 1), (0.36822474, 0.26682174, 0.89062715, -1), (0.3682179, 0.26682633, 0.8906286, -1), (0.36822674, 0.26682046, 0.89062667, -1), (-0.38853267, -0.025066825, 0.92109394, -1), (-0.38850743, -0.025084194, 0.9211041, -1), (-0.38852245, -0.02507366, 0.9210981, -1), (-0.32031414, 0.08558911, 0.94343704, 1), (-0.3203051, 0.085583135, 0.9434405, 1), (-0.32030728, 0.085584275, 0.9434398, 1), (-0.545967, -0.5785518, -0.60596865, 1), (-0.545964, -0.5785221, -0.6059995, 1), (-0.5459686, -0.5785678, -0.6059518, 1), (0.59171367, 0.5533042, 0.5862844, -1), (0.5917154, 0.55332, 0.5862678, -1), (0.59171814, 0.55334747, 0.5862391, -1), (0.5644679, -0.7608357, 0.32016385, 1), (0.56446654, -0.760836, 0.320166, 1), (0.5644699, -0.76083547, 0.32016116, 1), (0.5040675, -0.8200433, 0.27100697, -1), (0.5040686, -0.8200432, 0.27100554, -1), (0.50406593, -0.8200435, 0.27100953, -1), (-0.25964287, 0.7265637, -0.63615316, 1), (-0.25964412, 0.72656155, -0.636155, 1), (-0.25964364, 0.7265624, -0.63615435, 1), (-0.2596428, 0.72656363, -0.63615316, -1), (-0.25964367, 0.7265623, -0.6361544, -1), (-0.25964364, 0.7265624, -0.6361543, -1), (-0.2541031, -0.045749333, 0.9660945, -1), (-0.2540963, -0.04574786, 0.96609634, -1), (-0.2540958, -0.04574757, 0.96609646, -1), (-0.1909661, 0.9590086, -0.20936696, 1), (-0.19098113, 0.9590048, -0.2093705, 1), (-0.19096382, 0.95900935, -0.20936565, 1), (0.60471666, -0.64333063, 0.4695141, -1), (0.6047219, -0.6433204, 0.46952152, -1), (0.60471106, -0.6433419, 0.46950582, -1), (0.54186296, -0.6545465, 0.52721304, 1), (0.5418573, -0.65455806, 0.5272044, 1), (0.54186594, -0.6545402, 0.5272176, 1), (-0.3372785, -0.39382705, 0.85506934, 1), (-0.33727717, -0.39383528, 0.855066, 1), (-0.33727726, -0.393835, 0.8550661, 1), (0.044633113, -0.39193818, 0.9189083, -1), (0.04463295, -0.3919336, 0.9189102, -1), (0.044633266, -0.3919387, 0.91890806, -1), (-0.33388546, -0.4324509, 0.8375599, -1), (-0.33388123, -0.43243107, 0.83757186, -1), (-0.3338861, -0.43245006, 0.8375602, -1), (0.20308563, -0.5637474, 0.8005904, 1), (0.2030833, -0.5637533, 0.8005869, 1), (0.20308404, -0.56374496, 0.8005925, 1), (-0.9502995, -0.11289258, -0.29014862, -1), (-0.95029956, -0.11288824, -0.29014972, -1), (-0.95029956, -0.1128912, -0.29014882, -1), (-0.9991709, -0.04065173, -0.002203211, 1), (-0.99917114, -0.040646624, -0.0022044308, 1), (-0.99917114, -0.040646758, -0.002204202, 1), (0.96467996, -0.13478948, -0.22632828, 1), (0.9646797, -0.1347894, -0.22632909, 1), (0.9646805, -0.13478981, -0.22632517, 1), (0.085992604, -0.98555565, -0.14589533, -1), (0.08599164, -0.9855548, -0.14590125, -1), (0.08599634, -0.985558, -0.14587726, -1), (0.89647925, 0.26938662, 0.35178956, -1), (0.8964853, 0.2693719, 0.35178515, -1), (0.89647776, 0.26938885, 0.35179135, -1), (-0.89835656, -0.27380547, -0.34349108, 1), (-0.89835566, -0.27380908, -0.34349063, 1), (-0.89835954, -0.27380013, -0.34348765, 1), (-0.4034105, -0.15572281, 0.90167093, 1), (-0.40341857, -0.15573171, 0.9016657, 1), (-0.40341988, -0.15573223, 0.9016651, 1), (-0.1786236, -0.38370538, 0.9060154, -1), (-0.17863199, -0.38371402, 0.90601003, -1), (-0.17862268, -0.38370478, 0.90601575, -1), (0.21017767, -0.92802703, 0.3075567, -1), (0.21017182, -0.9280306, 0.3075501, -1), (0.21017042, -0.92803144, 0.30754834, -1), (-0.4098708, -0.6329404, 0.6568047, 1), (-0.40986362, -0.63293505, 0.6568143, 1), (-0.40986603, -0.632937, 0.656811, 1), (0.6084923, -0.61176664, 0.50544894, 1), (0.6084951, -0.6117586, 0.5054555, 1), (0.6084939, -0.61176234, 0.5054522, 1), (0.36408606, -0.644477, 0.67237705, -1), (0.36408737, -0.6444734, 0.67237985, -1), (0.36408395, -0.6444823, 0.67237306, -1), (-0.37591147, 0.0043848488, -0.92664516, 1), (-0.37591207, 0.004385432, -0.9266449, 1), (-0.37591016, 0.004383611, -0.92664576, 1), (-0.26236352, 0.13322315, -0.95572853, -1), (-0.26236185, 0.13322145, -0.9557292, -1), (-0.26236466, 0.13322425, -0.9557281, -1), (-0.54172844, -0.8340069, 0.10470413, -1), (-0.54171413, -0.8340165, 0.10470061, -1), (-0.54171073, -0.83401877, 0.104700655, -1), (-0.34825534, -0.14321119, -0.92639554, 1), (-0.34826252, -0.14320685, -0.9263935, 1), (-0.34826073, -0.14320761, -0.9263941, 1), (0.07258818, -0.014425334, 0.99725765, -1), (0.07258964, -0.014424846, 0.99725765, -1), (0.07258849, -0.01442523, 0.99725765, -1), (0.07258818, -0.014425334, 0.99725765, 1), (0.07258849, -0.01442523, 0.99725765, 1), (0.072588295, -0.014425294, 0.99725765, 1), (0.044804435, 0.95113117, 0.30551916, 1), (0.04480365, 0.9511315, 0.3055184, 1), (0.04480488, 0.95113117, 0.30551904, 1), (-0.56129783, -0.65270984, -0.5088366, -1), (-0.56129867, -0.65271056, -0.50883466, -1), (-0.56128025, -0.6526998, -0.5088687, -1), (-0.52628636, 0.19526805, -0.82758266, -1), (-0.5262854, 0.19526948, -0.8275829, -1), (-0.5262899, 0.19526324, -0.8275815, -1), (-0.3996888, 0.0794999, -0.9131969, 1), (-0.39969087, 0.07949698, -0.91319627, 1), (-0.39968818, 0.079500735, -0.91319716, 1), (0.2800304, 0.49871126, 0.82028645, 1), (0.28003237, 0.49870893, 0.82028735, 1), (0.28003243, 0.49870887, 0.8202873, 1), (0.14109698, 0.41326717, 0.89961207, -1), (0.14109822, 0.4132656, 0.89961255, -1), (0.14109582, 0.41326857, 0.89961165, -1), (0.6885879, 0.6549361, 0.31129622, -1), (0.6886004, 0.6549259, 0.31129017, -1), (0.68860066, 0.6549214, 0.31129923, -1), (-0.34840506, -0.09701831, 0.93230975, 1), (-0.34840134, -0.09702269, 0.9323107, 1), (-0.3483994, -0.097024806, 0.9323111, 1), (-0.75470304, -0.46437472, -0.463443, 1), (-0.75470304, -0.46437472, -0.46344298, 1), (-0.75470567, -0.46437934, -0.4634342, 1), (-0.7849926, -0.42397687, -0.4516971, -1), (-0.7849955, -0.42398193, -0.45168716, -1), (-0.78499526, -0.4239815, -0.45168805, -1), (-0.042340703, -0.9552747, 0.292673, -1), (-0.04232973, -0.9552738, 0.29267758, -1), (-0.042328343, -0.95527357, 0.29267853, -1), (-0.4756905, 0.8775002, 0.060925707, 1), (-0.47568125, 0.877505, 0.060928535, 1), (-0.47568643, 0.8775025, 0.060925078, 1), (0.9151495, 0.12252775, -0.3840421, 1), (0.9151488, 0.122528665, -0.3840434, 1), (0.91515416, 0.12252146, -0.38403293, 1), (-0.095354795, -0.84421957, -0.5274474, -1), (-0.09534557, -0.8442322, -0.52742887, -1), (-0.09535257, -0.8442229, -0.52744246, -1), (0.28645176, 0.7461015, 0.60106397, -1), (0.28646272, 0.74609417, 0.60106796, -1), (0.2864424, 0.7461077, 0.6010608, -1), (-0.43929768, -0.855944, -0.27272213, 1), (-0.43928772, -0.8559501, -0.2727193, 1), (-0.43930292, -0.8559406, -0.2727244, 1), (-0.40527773, -0.22662064, 0.8856597, -1), (-0.4052774, -0.22661735, 0.8856607, -1), (-0.40526664, -0.22651923, 0.8856906, -1), (0.79253805, 0.09817947, -0.6018673, 1), (0.7924997, 0.09782284, -0.60197586, 1), (0.7925144, 0.097959235, -0.6019343, 1), (-0.9677266, -0.04005508, -0.24879877, 1), (-0.9677317, -0.040054783, -0.24877912, 1), (-0.9677326, -0.040056873, -0.24877526, 1), (0.9577717, 0.13898575, 0.25170657, -1), (0.9577778, 0.13898689, 0.25168267, -1), (0.95777464, 0.13898821, 0.25169417, -1), (-0.007833609, -0.053577255, -0.998533, -1), (-0.007833184, -0.053579587, -0.9985329, -1), (-0.007834079, -0.05357244, -0.99853325, -1), (-0.36597076, -0.05485425, -0.9290083, 1), (-0.3659709, -0.054845527, -0.9290087, 1), (-0.36597112, -0.054842435, -0.92900884, 1), (0.93561685, -0.050598733, 0.34937194, 1), (0.9356174, -0.050600108, 0.34937066, 1), (0.93561727, -0.05059965, 0.34937072, 1), (-0.9776613, -0.11394201, -0.17662239, -1), (-0.97766143, -0.113941334, -0.17662232, -1), (-0.97766405, -0.11393186, -0.1766141, -1), (0.80160916, 0.13834457, -0.5816215, 1), (0.80161184, 0.13835795, -0.58161473, 1), (0.8016089, 0.13834232, -0.58162236, 1), (-0.49683097, -0.316758, 0.8079748, -1), (-0.4968307, -0.3167586, 0.80797476, -1), (-0.4968336, -0.3167707, 0.8079682, -1), (-0.94927305, -0.25538975, -0.18345809, -1), (-0.9492802, -0.25539345, -0.18341567, -1), (-0.9492716, -0.255412, -0.1834342, -1), (0.99387383, -0.055610392, 0.09551089, 1), (0.9938765, -0.055604998, 0.095485985, 1), (0.9938752, -0.055607513, 0.095498346, 1), (-0.012484972, 0.37846914, 0.9255297, 1), (-0.012484923, 0.3784685, 0.92553, 1), (-0.012485137, 0.37847117, 0.9255289, 1), (-0.012484972, 0.3784691, 0.9255297, -1), (-0.012485137, 0.37847117, 0.9255289, -1), (-0.012485216, 0.3784721, 0.92552847, -1), (0.38707435, -0.59682626, -0.7028314, 1), (0.38707504, -0.59682745, -0.7028299, 1), (0.38707763, -0.59683204, -0.7028246, 1), (0.42377034, -0.5735449, -0.7010456, -1), (0.4237726, -0.573551, -0.70103914, -1), (0.42801973, -0.5810314, -0.69224393, -1), (-0.5754789, -0.7266972, 0.375147, 1), (-0.5754835, -0.726696, 0.37514228, 1), (-0.57551116, -0.72668886, 0.37511352, 1), (-0.5754789, -0.7266972, 0.375147, -1), (-0.57551116, -0.72668886, 0.37511352, -1), (-0.5754783, -0.7266973, 0.37514755, -1), (-0.17257397, 0.18837914, -0.9668151, 1), (-0.17257191, 0.18836462, -0.96681833, 1), (-0.17257808, 0.18841326, -0.9668077, 1), (0.9921002, 0.11106799, 0.058319394, -1), (0.9921008, 0.11106298, 0.058317784, -1), (0.9921003, 0.11106657, 0.058318913, -1), (0.12093332, -0.035641674, -0.99202055, -1), (0.12093339, -0.035639048, -0.99202067, -1), (0.12093337, -0.035639267, -0.99202067, -1), (0, -0.032106675, -0.9994844, 1), (0, -0.03210845, -0.9994844, 1), (0, -0.032106515, -0.9994844, 1), (0.14732577, 0.7133876, -0.6851082, -1), (0.14732422, 0.7133874, -0.68510866, -1), (0.14732547, 0.7133876, -0.6851083, -1), (0.14732577, 0.7133876, -0.68510824, 1), (0.14732546, 0.71338755, -0.68510824, 1), (0.14732623, 0.7133876, -0.685108, 1), (-0.6862013, -0.39136764, 0.61315507, -1), (-0.68620175, -0.39136723, 0.61315477, -1), (-0.68620443, -0.39136347, 0.61315405, -1), (-0.75989705, -0.48992944, 0.42723003, 1), (-0.75990057, -0.4899249, 0.42722908, 1), (-0.7598985, -0.48992762, 0.4272297, 1), (0.34207758, 0.8958863, 0.28349718, -1), (0.34209266, 0.8958707, 0.28352818, -1), (0.34212148, 0.8958408, 0.2835877, -1), (0.8687074, -0.119375795, -0.48072544, 1), (0.86870545, -0.11937389, -0.48072925, 1), (0.8687081, -0.1193765, -0.48072407, 1), (-0.9566024, 0.28840446, 0.041650582, 1), (-0.95660055, 0.2884108, 0.041647922, 1), (-0.9566013, 0.28840843, 0.04164879, 1), (-0.23973306, -0.2973178, -0.9241917, -1), (-0.2397381, -0.29733622, -0.92418444, -1), (-0.23974265, -0.2973537, -0.92417765, -1), (0.52553844, -0.6222741, 0.58015877, -1), (0.5255375, -0.62227404, 0.58015984, -1), (0.5255363, -0.62227404, 0.58016086, -1), (0.400846, -0.7955583, 0.45432317, 1), (0.4008468, -0.7955583, 0.45432252, 1), (0.40084714, -0.7955583, 0.4543222, 1), (0.9254067, 0.16839601, -0.33950725, -1), (0.9254064, 0.16839336, -0.33950952, -1), (0.92540646, 0.16839437, -0.3395088, -1), (0.9922869, -0.09611536, -0.07828533, 1), (0.9922869, -0.0961153, -0.07828513, 1), (0.9922869, -0.09611494, -0.07828479, 1), (-0.3594324, 0.58102137, -0.7302208, 1), (-0.35943025, 0.581043, -0.7302048, 1), (-0.35943243, 0.58102155, -0.7302207, 1), (-0.19474481, 0.60209364, -0.7743111, -1), (-0.19474484, 0.60209346, -0.77431124, -1), (-0.19474427, 0.6020998, -0.7743065, -1), (-0.41546357, -0.6808547, 0.60318077, -1), (-0.41546276, -0.68084544, 0.60319173, -1), (-0.41546306, -0.68084854, 0.6031881, -1), (-0.08744997, -0.7553243, 0.6494904, 1), (-0.08744976, -0.75532264, 0.6494923, 1), (-0.08744975, -0.75532395, 0.6494908, 1), (0.93183243, -0.36218652, 0.02256887, 1), (0.9318326, -0.36218587, 0.02256956, 1), (0.93183386, -0.36218223, 0.022573762, 1), (0.78835976, -0.56870854, 0.2346477, -1), (0.7883599, -0.56870836, 0.23464754, -1), (0.78835964, -0.5687091, 0.23464659, -1), (-0.1427086, -0.8342449, 0.53260654, 1), (-0.14275849, -0.83419985, 0.5326636, 1), (-0.14294861, -0.8340284, 0.532881, 1), (-0.6401739, 0.22448106, -0.734701, -1), (-0.6397792, 0.22412443, -0.73515356, -1), (-0.64000875, 0.22433186, -0.73489046, -1), (0.5141434, 0.07730734, -0.8542131, 1), (0.51414347, 0.07730755, -0.85421306, 1), (0.5141434, 0.07730635, -0.8542133, 1), (0.7684996, 0, -0.6398503, -1), (0.76849884, 0, -0.6398512, -1), (0.76849854, 0, -0.6398515, -1), (-0.3577869, 0.63698083, -0.6828206, -1), (-0.35778627, 0.63698286, -0.68281895, -1), (-0.3577873, 0.6369796, -0.68282145, -1), (-0.46763307, 0.626622, -0.6234293, 1), (-0.46763247, 0.6266239, -0.62342775, 1), (-0.4676329, 0.62662286, -0.62342876, 1), (-0.90739506, 0.38043287, 0.17861974, -1), (-0.9074034, 0.3804144, 0.17861663, -1), (-0.9073981, 0.38042614, 0.17861857, -1), (-0.60518104, 0.16808121, 0.7781417, 1), (-0.6051784, 0.16808796, 0.77814245, 1), (-0.60517824, 0.16808784, 0.7781425, 1), (0.48755595, -0.685531, 0.5406814, -1), (0.48755616, -0.68553144, 0.54068077, -1), (0.48755592, -0.6855312, 0.54068136, -1), (0.053101495, -0.8277207, 0.55862206, 1), (0.053102195, -0.82772386, 0.55861735, 1), (0.05310224, -0.8277237, 0.5586176, 1), (0.28006485, -0.23230296, 0.93145, 1), (0.28006876, -0.2323115, 0.9314467, 1), (0.28006455, -0.23230429, 0.9314497, 1), (-0.47815874, 0.0714946, -0.87535864, -1), (-0.4781585, 0.07149291, -0.8753589, -1), (-0.47817215, 0.071511395, -0.87534994, -1), (-0.028796762, -0.43991923, 0.8975755, -1), (-0.028789677, -0.43994182, 0.89756465, -1), (-0.028799944, -0.439911, 0.89757943, -1), (-0.95627034, -0.29146007, -0.024455616, 1), (-0.9562784, -0.29143482, -0.024441542, 1), (-0.95626676, -0.29147178, -0.024456406, 1), (0.36923075, 0.8269058, 0.42414087, 1), (0.36916113, 0.8269319, 0.42415062, 1), (0.36916578, 0.82693017, 0.42414993, 1), (-0.38416934, -0.85858893, -0.33946857, -1), (-0.38411352, -0.85861653, -0.33946195, -1), (-0.3841141, -0.8586163, -0.33946204, -1), (0.662987, -0.73909026, 0.11913798, 1), (0.6629832, -0.7390929, 0.11914299, 1), (0.66299224, -0.7390898, 0.11911121, 1), (-0.14198989, 0.9875327, 0.067957334, -1), (-0.14199626, 0.9875306, 0.06797327, -1), (-0.14199254, 0.9875317, 0.06796433, -1), (0.39633688, 0.85031754, 0.34623277, 1), (0.39633778, 0.85031676, 0.3462336, 1), (0.39633372, 0.8503206, 0.34622905, 1), (-0.27235284, -0.84615934, -0.4580812, -1), (-0.27234876, -0.84616286, -0.45807713, -1), (-0.27233475, -0.8461748, -0.4580634, -1), (-0.8551096, -0.48030153, -0.195187, -1), (-0.84801453, -0.48135212, -0.22174637, -1), (-0.848015, -0.4813521, -0.2217444, -1), (-0.32285255, -0.36045107, 0.87512356, 1), (-0.32286415, -0.36045715, 0.8751167, 1), (-0.32301128, -0.36057508, 0.8750138, 1), (0.2020642, 0.557576, -0.80515784, -1), (0.20231293, 0.5576173, -0.8050667, -1), (0.20206617, 0.5575746, -0.8051583, -1), (-0.82148075, -0.5394243, -0.1849074, -1), (-0.8214789, -0.5394283, -0.18490413, -1), (-0.82148015, -0.5394257, -0.1849063, -1), (0.78354615, 0.5714822, 0.24385163, 1), (0.7835453, 0.5714838, 0.2438502, 1), (0.78354496, 0.57148474, 0.2438495, 1), (-0.044949207, 0.9961933, -0.07468887, 1), (-0.04494927, 0.9961933, -0.07468889, 1), (-0.044949804, 0.9961933, -0.07468907, 1), (0.96946836, 0.13230647, 0.20646057, 1), (0.96946836, 0.13230713, 0.20646091, 1), (0.9694689, 0.13230433, 0.20645954, 1), (-0.95875865, -0.10236738, -0.26514673, -1), (-0.95875955, -0.10236333, -0.26514485, -1), (-0.95875895, -0.10236603, -0.26514614, -1), (0.41161582, 0.072752744, 0.9084489, 1), (0.41161793, 0.072754875, 0.9084478, 1), (0.41161883, 0.07275564, 0.9084473, 1), (-0.45925096, -0.017495357, -0.8881343, -1), (-0.45925477, -0.01749966, -0.88813215, -1), (-0.45925117, -0.017495604, -0.8881341, -1), (-0.6241551, -0.102972925, -0.774485, -1), (-0.6241381, -0.10295161, -0.7745015, -1), (-0.62413836, -0.102951944, -0.77450126, -1), (0.63631666, 0.08699645, 0.76650685, 1), (0.63629776, 0.08697294, 0.7665252, 1), (0.6363121, 0.08699089, 0.76651126, 1), (-0.41901988, -0.10341791, -0.9020682, 1), (-0.41902223, -0.10342057, -0.9020668, 1), (-0.4190205, -0.1034186, -0.9020679, 1), (0.36984143, 0.15419908, 0.9162096, -1), (0.3698413, 0.15419902, 0.9162096, -1), (0.3698394, 0.15419683, 0.9162107, -1), (-0.030252816, 0.9995245, -0.0059713246, 1), (-0.030251138, 0.9995245, -0.0059715575, 1), (-0.03025197, 0.9995245, -0.005971422, 1), (0.0299103, -0.9995442, 0.0040800897, -1), (0.02990946, -0.9995442, 0.004080287, -1), (0.02990111, -0.99954444, 0.004082021, -1), (-0.007004607, 0.9999622, 0.0051498343, -1), (-0.0070118103, 0.9999622, 0.005140994, -1), (-0.007004271, 0.9999622, 0.0051501705, -1), (0.017072154, -0.9997764, -0.012472999, 1), (0.017071942, -0.9997764, -0.012473387, 1), (0.017075557, -0.9997764, -0.012468584, 1), (-0.34520134, 0.9217464, -0.17669086, 1), (-0.3452062, 0.92174464, -0.1766901, 1), (-0.34519798, 0.92174757, -0.17669146, 1), (0.34347394, -0.9262027, 0.15548019, -1), (0.34347036, -0.92620397, 0.15548064, -1), (0.34347612, -0.926202, 0.15547962, -1), (-0.18994723, 0.9762976, -0.10374505, -1), (-0.18995053, 0.9762966, -0.103748344, -1), (-0.1899521, 0.9762962, -0.10374994, -1), (0.19652413, -0.9756982, 0.0969081, 1), (0.19652894, -0.9756968, 0.09691275, 1), (0.19652517, -0.97569793, 0.09690913, 1), (-0.19731484, 0.977505, -0.07450286, 1), (-0.19733115, 0.9775032, -0.074484974, 1), (-0.1973474, 0.97750115, -0.07446709, 1), (0.22867495, -0.967949, 0.1038391, -1), (0.22870672, -0.9679452, 0.1038037, -1), (0.22870158, -0.9679459, 0.103809446, -1), (-0.9750718, 0.16475855, -0.14862597, -1), (-0.97507256, 0.16476278, -0.14861573, -1), (-0.97507125, 0.16475628, -0.14863245, -1), (-0.9962639, -0.06604726, -0.055641133, 1), (-0.9962638, -0.066047214, -0.055642195, 1), (-0.99626404, -0.06604595, -0.055639364, 1), (-0.9769522, -0.037596855, 0.21012114, 1), (-0.9769529, -0.037599035, 0.21011765, 1), (-0.9769533, -0.03760035, 0.2101153, 1), (-0.84456015, -0.37371722, 0.38347566, -1), (-0.8445608, -0.3737195, 0.38347182, -1), (-0.8445602, -0.37371767, 0.38347512, -1), (0.17681326, 0.64682376, 0.74185985, -1), (0.17681333, 0.6468172, 0.74186563, -1), (0.17681359, 0.64682096, 0.74186224, -1), (0.25569394, 0.6341854, 0.7296777, 1), (0.25569427, 0.6341858, 0.7296771, 1), (0.25569436, 0.63418937, 0.729674, 1), (-0.44373304, -0.07045508, -0.8933852, 1), (-0.44373396, -0.07045919, -0.8933844, 1), (-0.44373414, -0.07046016, -0.89338434, 1), (-0.5725662, -0.029626874, -0.81932306, -1), (-0.572567, -0.029630393, -0.81932235, -1), (-0.572566, -0.029625397, -0.81932324, -1), (-0.8879448, -0.43571645, -0.14732662, -1), (-0.8879426, -0.43572262, -0.1473219, -1), (-0.8879444, -0.4357176, -0.14732596, -1), (-0.8572771, -0.47060835, -0.20881535, 1), (-0.857277, -0.47060835, -0.20881546, 1), (-0.8572734, -0.47061807, -0.2088082, 1), (0.96229774, 0.06010649, 0.26527393, 1), (0.9622976, 0.06010461, 0.26527476, 1), (0.9622966, 0.060129568, 0.265273, 1), (0.99208283, 0.05647889, 0.11216911, -1), (0.9920815, 0.056502964, 0.11216805, -1), (0.9920825, 0.056482714, 0.11217029, -1), (-0.556329, -0.08870351, 0.82621413, 1), (-0.5563256, -0.0887122, 0.8262155, 1), (-0.55632055, -0.08872301, 0.8262177, 1), (-0.64681673, -0.13649839, 0.75033075, -1), (-0.64680606, -0.13652375, 0.7503354, -1), (-0.64680487, -0.13652755, 0.7503358, -1), (0.77356106, -0.18072428, -0.6074061, -1), (0.7735605, -0.18072623, -0.607406, -1), (0.77355915, -0.18073039, -0.6074065, -1), (0.6738891, -0.14311062, -0.7248398, 1), (0.6738873, -0.14311677, -0.7248402, 1), (0.6738886, -0.14311257, -0.7248399, 1), (-0.5417255, -0.8340074, 0.10471424, -1), (-0.5417159, -0.83401376, 0.104713365, -1), (-0.54170996, -0.83401793, 0.104711026, -1), (-0.34825626, -0.14320809, -0.9263958, 1), (-0.3482613, -0.14320514, -0.92639434, 1), (-0.34825912, -0.14320612, -0.92639494, 1), (0.07258502, -0.01442544, 0.9972579, -1), (0.072586045, -0.0144251, 0.9972579, -1), (0.07258652, -0.014424944, 0.9972579, -1), (0.07258502, -0.014425442, 0.9972579, 1), (0.072586514, -0.014424944, 0.9972579, 1), (0.07258717, -0.014424726, 0.99725777, 1), (0.044801395, 0.95113367, 0.30551198, 1), (0.04480093, 0.9511342, 0.30551046, 1), (0.044801496, 0.95113343, 0.3055128, 1), (-0.5613033, -0.6527097, -0.5088306, -1), (-0.56130415, -0.6527106, -0.5088285, -1), (-0.5612859, -0.6526999, -0.5088624, -1), (-0.52628094, 0.19527489, -0.82758445, -1), (-0.5262793, 0.1952773, -0.82758504, -1), (-0.5262892, 0.1952635, -0.8275818, -1), (-0.3996857, 0.079505615, -0.91319776, 1), (-0.39969134, 0.07949792, -0.91319597, 1), (-0.39968866, 0.079501666, -0.91319686, 1), (0.28003192, 0.49870923, 0.8202872, 1), (0.2800301, 0.4987115, 0.82028645, 1), (0.280034, 0.49870673, 0.82028806, 1), (0.14109443, 0.41327152, 0.8996105, -1), (0.1410995, 0.41326526, 0.89961255, -1), (0.14129062, 0.41302752, 0.89969176, -1), (0.68862075, 0.65489626, 0.31130743, -1), (0.68863165, 0.654888, 0.31130102, -1), (0.6885999, 0.6549207, 0.31130213, -1), (-0.3484097, -0.09701707, 0.9323081, 1), (-0.34840727, -0.09702001, 0.93230873, 1), (-0.34840772, -0.09701946, 0.9323086, 1), (-0.7547072, -0.4643808, -0.46343014, 1), (-0.75470686, -0.46438017, -0.46343142, 1), (-0.754706, -0.4643789, -0.46343395, 1), (-0.7849965, -0.42398283, -0.4516845, -1), (-0.7849957, -0.42398128, -0.45168757, -1), (-0.78499454, -0.42397937, -0.45169133, -1), (-0.83568496, 0.53698766, -0.11521649, -1), (-0.8356866, 0.53698754, -0.11520533, -1), (-0.83568335, 0.5369883, -0.115224786, -1), (-0.94092447, 0.31124178, -0.13337837, 1), (-0.94092447, 0.31124237, -0.13337606, 1), (-0.94092447, 0.3112418, -0.13337797, 1), (-0.9671718, 0.22462158, 0.11884382, 1), (-0.96717215, 0.2246214, 0.11884151, 1), (-0.9671719, 0.22462156, 0.11884336, 1), (-0.9750921, -0.17564946, 0.1354349, -1), (-0.975092, -0.17564943, 0.1354363, -1), (-0.9750913, -0.17564932, 0.13544065, -1), (0.20651276, 0.19900033, 0.9579934, -1), (0.20650958, 0.19899192, 0.95799583, -1), (0.20651443, 0.19900347, 0.95799243, -1), (0.27910778, 0.16563515, 0.9458667, 1), (0.27911085, 0.16564167, 0.9458647, 1), (0.2791125, 0.16564588, 0.94586337, 1), (-0.25912544, 0.44409657, -0.8576901, 1), (-0.25912586, 0.44409594, -0.8576903, 1), (-0.2591278, 0.44409254, -0.8576914, 1), (-0.38254976, 0.49456286, -0.780425, -1), (-0.38255253, 0.49455827, -0.7804265, -1), (-0.3825504, 0.494562, -0.7804253, -1), (-0.92867684, -0.005383757, -0.3708508, -1), (-0.9286775, -0.005390874, -0.3708493, -1), (-0.92867696, -0.005384663, -0.37085056, -1), (-0.8979253, -0.021654204, -0.43961492, 1), (-0.8979253, -0.02165529, -0.4396148, 1), (-0.89792544, -0.021655701, -0.43961462, 1), (0.8659178, -0.38668033, 0.3172769, 1), (0.86591715, -0.38668185, 0.31727704, 1), (0.8659243, -0.38665617, 0.3172888, 1), (0.9230461, -0.34009868, 0.17977396, -1), (0.9230509, -0.3400803, 0.1797845, -1), (0.9230464, -0.34009716, 0.1797758, -1), (-0.710103, -0.20635217, 0.673181, 1), (-0.71010244, -0.20636256, 0.67317826, 1), (-0.71010166, -0.20637003, 0.6731768, 1), (-0.79368156, -0.18593445, 0.57922184, -1), (-0.79368013, -0.18595766, 0.5792163, -1), (-0.7936801, -0.18596189, 0.57921505, -1), (0.791978, -0.1843484, -0.5820538, -1), (0.79197705, -0.18434975, -0.5820545, -1), (0.79197764, -0.18434872, -0.5820541, -1), (0.73281574, -0.07168808, -0.6766401, 1), (0.7328145, -0.07168971, -0.67664135, 1), (0.73281544, -0.07168846, -0.6766404, 1), (-0.7700063, -0.5636691, -0.29894388, -1), (-0.76999193, -0.5636842, -0.29895234, -1), (-0.7700036, -0.56367236, -0.2989445, -1), (-0.18431635, 0.36191365, -0.9138085, 1), (-0.18432307, 0.3619205, -0.9138045, 1), (-0.18432172, 0.36191973, -0.91380495, 1), (-0.1335563, -0.42834073, 0.8936928, -1), (-0.13355099, -0.4283409, 0.89369357, -1), (-0.13355698, -0.4283407, 0.8936928, -1), (-0.1335563, -0.42834073, 0.8936928, 1), (-0.13355696, -0.4283407, 0.8936928, 1), (-0.1335607, -0.42834064, 0.8936923, 1), (0.25759235, 0.67511946, 0.69127417, 1), (0.257592, 0.6751204, 0.6912733, 1), (0.2575935, 0.6751192, 0.69127387, 1), (-0.6143156, -0.16192259, -0.7722677, -1), (-0.61431926, -0.16192533, -0.7722641, -1), (-0.6142928, -0.16190952, -0.7722885, -1), (-0.27229807, 0.6733611, -0.6873416, -1), (-0.27229664, 0.6733622, -0.68734115, -1), (-0.27229732, 0.6733616, -0.68734145, -1), (-0.17043765, 0.5643484, -0.8077512, 1), (-0.1704345, 0.5643505, -0.8077504, 1), (-0.17043653, 0.5643491, -0.8077508, 1), (0.24464127, 0.0062378375, 0.96959364, 1), (0.24464196, 0.0062355944, 0.9695934, 1), (0.24463812, 0.006247998, 0.9695943, 1), (0.07405844, -0.049431115, 0.99602807, -1), (0.074059494, -0.049433663, 0.9960278, -1), (0.07405878, -0.049431507, 0.99602807, -1), (0.7732374, 0.19709219, 0.6027094, -1), (0.7732464, 0.19708349, 0.60270053, -1), (0.77324235, 0.19707894, 0.6027073, -1), (-0.5388404, -0.32717052, 0.7762798, 1), (-0.538842, -0.3271663, 0.7762806, 1), (-0.53884286, -0.32716408, 0.7762808, 1), (-0.74970365, 0.047853675, -0.6600413, 1), (-0.74970293, 0.04785446, -0.660042, 1), (-0.7497026, 0.047854953, -0.66004246, 1), (-0.7686599, 0.08818148, -0.6335503, -1), (-0.76865935, 0.088182054, -0.6335508, -1), (-0.76865965, 0.08818173, -0.6335506, -1), (0.1570663, -0.98599017, -0.056155827, 1), (0.15706351, -0.98599094, -0.056150675, 1), (0.1570565, -0.9859928, -0.056137893, 1), (-0.14096431, 0.9878731, 0.06508386, -1), (-0.14095479, 0.98787564, 0.06506594, -1), (-0.14097159, 0.98787105, 0.06509734, -1), (0.48870283, -0.12989555, 0.86272633, 1), (0.48869845, -0.12989582, 0.8627287, 1), (0.48870078, -0.12989563, 0.86272746, 1), (0.48502895, -0.22515452, 0.84501624, -1), (0.4850257, -0.22515464, 0.845018, -1), (0.4850169, -0.22515513, 0.845023, -1), (-0.061141133, 0.12444441, -0.990341, 1), (-0.061141115, 0.12444432, -0.990341, 1), (-0.061141822, 0.12444848, -0.99034053, 1), (-0.061141133, 0.12444441, -0.990341, -1), (-0.061141822, 0.12444849, -0.99034053, -1), (-0.061140686, 0.1244418, -0.9903413, -1), (-0.7905455, 0.2505444, 0.558807, -1), (-0.7905478, 0.25054017, 0.55880564, -1), (-0.7905519, 0.25053278, 0.55880314, -1), (-0.28812915, 0.43588975, -0.85263216, 1), (-0.28811663, 0.43591163, -0.8526253, 1), (-0.2881268, 0.4358931, -0.85263133, 1), (0.38900504, 0.0991665, 0.9158827, -1), (0.389005, 0.099166885, 0.9158827, -1), (0.3890103, 0.09915512, 0.9158817, -1), (0.3067746, 0.06027961, 0.9498714, 1), (0.30678132, 0.060266055, 0.9498701, 1), (0.30677533, 0.060278803, 0.9498712, 1), (-0.795056, -0.1888536, 0.5763855, 1), (-0.79506004, -0.1888476, 0.57638186, 1), (-0.7950602, -0.18884851, 0.5763814, 1), (-0.4815478, 0.16500524, 0.86074674, -1), (-0.48154444, 0.16499919, 0.86074984, -1), (-0.4815405, 0.16499306, 0.8607531, -1), (-0.75624955, -0.18540007, 0.62746584, -1), (-0.7562464, -0.18540531, 0.6274681, -1), (-0.7562501, -0.18540058, 0.627465, -1), (-0.21364497, 0.06735271, 0.97458684, 1), (-0.21364222, 0.06734334, 0.9745881, 1), (-0.21364649, 0.067353345, 0.9745865, 1), (-0.112624094, -0.51651263, 0.8488406, 1), (-0.112597674, -0.51652265, 0.84883803, 1), (-0.11262809, -0.5165113, 0.84884095, 1), (-0.23129927, -0.34379902, -0.91011155, -1), (-0.23129122, -0.34380224, -0.9101123, -1), (-0.23131913, -0.3437914, -0.9101092, -1), (0.95730895, -0.042152666, -0.28597692, 1), (0.95730895, -0.042153083, -0.28597677, 1), (0.9573087, -0.042149503, -0.28597826, 1), (0.99741673, 0.07183149, 0, -1), (0.9974172, 0.07182521, 0, -1), (0.9974172, 0.071826234, 0, -1), (-0.044213314, -0.029864995, -0.9985757, -1), (-0.044212732, -0.029866604, -0.99857557, -1), (-0.044212807, -0.029866427, -0.99857557, -1), (-0.1753456, -0.07165655, -0.9818957, 1), (-0.17534555, -0.071656615, -0.9818957, 1), (-0.17534545, -0.07165713, -0.9818957, 1), (-0.87896967, -0.16937943, -0.44578335, -1), (-0.8789698, -0.16937768, -0.44578397, -1), (-0.8789698, -0.16937906, -0.44578353, -1), (-0.982475, 0.07153818, 0.17211977, 1), (-0.982475, 0.07153321, 0.17212175, 1), (-0.9824751, 0.071527384, 0.17212415, 1), (0.25336397, 0.036110602, 0.9666968, -1), (0.25336775, 0.036108077, 0.9666959, -1), (0.25336313, 0.03611124, 0.966697, -1), (-0.06962324, -0.39240366, 0.9171543, 1), (-0.06962568, -0.39240184, 0.91715485, 1), (-0.06962561, -0.39240155, 0.917155, 1), (-0.25446507, 0.42822108, 0.8671068, 1), (-0.2544765, 0.42822996, 0.867099, 1), (-0.25446355, 0.42821816, 0.8671087, 1), (0.14714067, -0.5446905, -0.8256282, -1), (0.1471381, -0.54469055, -0.8256285, -1), (0.14715075, -0.5446985, -0.8256211, -1), (-0.5652461, -0.04011732, 0.82394624, -1), (-0.5652153, -0.040148634, 0.8239659, -1), (-0.56524485, -0.040118467, 0.823947, -1), (-0.67722833, -0.72983205, -0.09331072, 1), (-0.6772241, -0.7298364, -0.09330798, 1), (-0.677242, -0.7298174, -0.093326576, 1), (-0.15518944, -0.9859918, 0.06112774, 1), (-0.15518692, -0.9859925, 0.06112286, 1), (-0.1551788, -0.9859947, 0.06110643, 1), (0.13882414, 0.9878731, -0.06953288, -1), (0.13881351, 0.98787594, -0.069511555, -1), (0.1388293, 0.9878715, -0.06954339, -1), (-0.5158891, -0.12989582, -0.84674996, 1), (-0.5158844, -0.12989612, -0.84675276, 1), (-0.515891, -0.12989558, -0.8467488, 1), (-0.51165336, -0.22515504, -0.82916594, -1), (-0.51165384, -0.22515489, -0.82916564, -1), (-0.5116608, -0.22515434, -0.8291615, -1), (0.092603914, 0.12444597, 0.9878956, 1), (0.09260387, 0.124445654, 0.9878956, 1), (0.092604764, 0.12445096, 0.98789495, 1), (0.09260393, 0.12444598, 0.9878956, -1), (0.09260475, 0.124450944, 0.98789495, -1), (0.0926037, 0.1244446, 0.98789585, -1), (0.77237535, 0.25054157, -0.5836653, -1), (0.77237415, 0.2505439, -0.5836659, -1), (0.7723799, 0.25053367, -0.58366275, -1), (0.3150929, 0.43588942, 0.84304035, 1), (0.31507722, 0.43591693, 0.8430319, 1), (0.3150873, 0.43589914, 0.84303737, 1), (-0.41793627, 0.099164166, -0.903048, -1), (-0.41793644, 0.09916421, -0.903048, -1), (-0.417941, 0.09915381, -0.90304697, -1), (-0.33682832, 0.060276967, -0.93963474, 1), (-0.33683476, 0.060264204, -0.93963325, 1), (-0.33682865, 0.060277183, -0.93963456, 1), (0.7763167, -0.18887073, -0.6013819, 1), (0.77631944, -0.18886687, -0.6013797, 1), (0.77632946, -0.18885316, -0.60137093, 1), (0.45392627, 0.16499692, -0.8756294, -1), (0.45392773, 0.16499807, -0.8756284, -1), (0.45392457, 0.16499318, -0.875631, -1), (0.7359125, -0.18540017, -0.6511985, -1), (0.7359099, -0.18540418, -0.6512005, -1), (0.73591113, -0.1854045, -0.651199, -1), (0.18253931, 0.0673494, -0.98088914, 1), (0.18253727, 0.067344084, -0.9808899, 1), (0.18254484, 0.06737119, -0.98088664, 1), (0.08556462, -0.5165177, -0.85199064, 1), (0.08557671, -0.51651305, -0.8519923, 1), (0.085542776, -0.51652586, -0.8519879, 1), (0.26013356, -0.34379578, 0.90229434, -1), (0.26016042, -0.34378535, 0.90229046, -1), (0.2601447, -0.34379143, 0.90229267, -1), (-0.9477294, -0.042150885, 0.31627876, 1), (-0.9477294, -0.04215096, 0.31627876, 1), (-0.94772923, -0.04214847, 0.31627977, 1), (-0.99689424, 0.07183384, 0.032276127, -1), (-0.99689496, 0.071825676, 0.03227312, -1), (-0.99689424, 0.07183365, 0.032276012, -1), (0.0759477, -0.029864734, 0.99666446, -1), (0.07594721, -0.029866062, 0.99666446, -1), (0.0759472, -0.029866273, 0.99666446, -1), (0.2064831, -0.07165609, 0.9758228, 1), (0.20648274, -0.071657166, 0.9758228, 1), (0.20648204, -0.07165962, 0.9758228, 1), (0.8927017, -0.16938542, 0.41760316, -1), (0.8927017, -0.16938232, 0.41760418, -1), (0.8927017, -0.16938175, 0.41760445, -1), (0.97650427, 0.07153278, -0.20327924, 1), (0.97650427, 0.07153161, -0.20327975, 1), (0.97650415, 0.07152597, -0.20328207, 1), (-0.2839807, 0.036111034, -0.9581498, -1), (-0.28397813, 0.036112625, -0.95815045, -1), (-0.2839811, 0.036110718, -0.9581497, -1), (0.040421583, -0.39240363, -0.9189044, 1), (0.040422287, -0.3924031, -0.9189048, 1), (0.04042784, -0.39239877, -0.9189063, 1), (0.22674423, 0.4282254, -0.87476283, 1), (0.22675402, 0.4282329, -0.87475663, 1), (0.22674881, 0.42822796, -0.87476045, 1), (-0.12079582, -0.54469234, 0.8298908, -1), (-0.12080017, -0.5446957, 0.82988787, -1), (-0.12081507, -0.5447046, 0.82987994, -1), (0.538761, -0.04011288, -0.84150314, -1), (0.53873074, -0.040142972, -0.8415211, -1), (0.5387549, -0.040118594, -0.84150684, -1), (0.6798592, -0.72982687, 0.07172356, 1), (0.6798472, -0.72983867, 0.07171748, 1), (0.679866, -0.72981924, 0.071736164, 1), (0.33177996, 0.22975387, 0.91495097, 1), (0.47418362, 0.3169329, 0.8214033, 1), (0.29228076, 0.20539878, 0.93401456, 1), (0.15735802, 0.121722884, 0.9800112, 1), (-0.012518067, -0.20360132, 0.97897387, 1), (-0.1284923, -0.20765497, 0.9697263, 1), (0.1496608, -0.19468623, 0.96938074, 1), (0.2979101, -0.18009521, 0.9374514, 1), (-0.7519268, -0.5386346, -0.38010374, 1), (-0.6582317, -0.5856802, -0.4729796, 1), (-0.59613097, -0.6150339, -0.5161018, 1), (-0.48341388, -0.64201057, -0.5950911, 1), (0.66745335, -0.48831666, 0.5621858, 1), (0.5974867, -0.5857258, 0.5476633, 1), (0.70339686, -0.43658313, 0.5609172, 1), (0.74498016, -0.3553816, 0.5645426, 1), (-0.37566736, -0.032488957, 0.92618495, 1), (-0.46361434, 0.16072983, 0.87133664, 1), (-0.43442026, 0.098575525, 0.89529985, 1), (-0.5162307, 0.31241393, 0.7974355, 1), (0.3460222, -0.032490484, -0.93766356, 1), (0.4357416, 0.16068783, -0.885612, 1), (0.40565196, 0.09861741, -0.90869194, 1), (0.4906075, 0.31241402, -0.8134506, 1), (0, 0.9991222, 0.04189078, 1), (1, 0, 0, -1), (0, 0.9991222, 0.04189204, 1), (0, 0.99912184, 0.041899446, 1), (-0.014232071, 0.9979164, 0.06293056, 1), (-0.014230333, 0.9979165, 0.06292861, 1), (-0.014228592, 0.99791676, 0.06292668, 1), (1, 0, 0, -1), (-0.67411727, -0.20038153, -0.7109241, -1), (-0.60946715, -0.41057605, -0.67821616, -1), (-0.61551446, -0.39512068, -0.68192494, -1), (-0.6802546, -0.1714922, -0.71263176, -1), (0.7098187, -0.11403586, -0.69509214, 1), (0.70462954, -0.15337679, -0.6928008, 1), (0.7162553, 0.13810529, -0.6840361, 1), (0.7140138, 0.16746649, -0.67980814, 1), (0.008233251, -0.99962866, -0.025975842, -1), (0.008236499, -0.9996275, -0.026019374, -1), (0.008235708, -0.9996278, -0.026008846, -1), (1, 0, 0, -1), (-0.019586062, -0.48418376, -0.87474704, -1), (-0.016422872, -0.5076434, -0.86141074, -1), (-0.046676397, -0.26314795, -0.96362567, -1), (-0.049001474, -0.2424033, -0.96893734, -1), (0.58786756, 0.8082345, 0.034186006, 1), (0.40505242, 0.9126209, 0.055277288, 1), (0.8808984, 0.4730801, -0.014603111, 1), (0.90281796, 0.4295619, -0.019907484, 1), (0.015205352, -0.40429917, -0.9145004, 1), (0.015087792, -0.4293835, -0.9029962, 1), (0.015708445, -0.23605593, -0.9716125, 1), (0.015737215, -0.21649997, -0.9761559, 1), (0.42472115, 0, -0.9053243, 1), (0.36294153, 0, -0.9318119, 1), (0.37733757, 0, -0.92607576, 1), (0.4291101, 0, -0.9032522, 1), (0.4324109, 0, -0.90167665, 1), (0.43071803, 0, -0.90248656, 1), (0.39013866, 0, -0.92075604, 1), (0.3829321, 0, -0.92377645, 1), (0.3212976, -0.93601537, 0.14367725, -1), (0.3359826, -0.9283554, 0.15897197, -1), (0.33531585, -0.9287161, 0.15827088, -1), (0.32085267, -0.93623894, 0.14321353, -1), (0.31572518, -0.92559683, 0.20877765, 1), (1, 0, 0, -1), (0.31572098, -0.92559844, 0.20877697, 1), (0.31572926, -0.9255953, 0.20877832, 1), (0.020608805, 0.99465054, 0.101220146, -1), (0.050668173, 0.99092263, 0.124519296, -1), (0.045357317, 0.99165744, 0.12065693, -1), (0.015849443, 0.9951645, 0.096934974, -1), (0.0102391485, 0.9989188, 0.045349322, -1), (0.018210266, 0.99846256, 0.052352905, -1), (0.019853799, 0.99839383, 0.05306135, -1), (0.73725766, -0.17411989, -0.65278894, -1), (0.73296416, -0.21359724, -0.64586353, -1), (0.72405905, 0.17246535, -0.66782796, -1), (0.71868587, 0.20212224, -0.66530985, -1), (-0.64376783, -0.45023048, -0.61875314, 1), (-0.66890085, -0.37405446, -0.6423823, 1), (-0.29709598, -0.9099976, -0.28920314, 1), (-0.26006392, -0.9316303, -0.2538341, 1), (0.9124756, 0.40069637, -0.08264808, -1), (0.99692994, -0.025173627, -0.07414236, -1), (0.9970709, 0.012341627, -0.07547966, -1), (0.8963906, 0.4354953, -0.082630314, -1), (-0.32298288, 0.9336966, -0.1545725, 1), (-0.3177007, 0.93552256, -0.15447968, 1), (-0.3178916, 0.9354561, -0.15448897, 1), (-0.3243738, 0.93321294, -0.15458052, 1), (-0.047174033, -0.9901036, -0.13217257, 1), (-0.04810968, -0.99188447, -0.11768898, 1), (-0.047730457, -0.9906266, -0.12798741, 1), (-0.03568999, -0.9895006, -0.14005293, 1), (-0.04084595, -0.9948532, -0.09272958, 1), (0.3943751, 0.21279135, 0.8939733, -1), (0.3594587, 0.22314301, 0.9060887, -1), (0.36415434, 0.22178118, 0.90454674, -1), (0.3988234, 0.21143353, 0.89232045, -1), (0.004641831, -0.99947923, -0.03193399, 1), (0, -0.99932003, -0.03687109, 1), (0.0054730694, -0.99950075, -0.031116694, 1), (1, 0, 0, -1), (0.5224677, -0.83891845, 0.15245801, 1), (0.5224359, -0.8391491, 0.15129237, 1), (0.52244157, -0.8390977, 0.15155797, 1), (0.5224718, -0.8388652, 0.15273601, 1), (0.040163506, -0.99840325, 0.039723605, 1), (0.046633054, -0.9988714, 0.009019686, 1), (0.045166437, -0.9988506, 0.016046813, 1), (0.039664567, -0.99832684, 0.04207387, 1), (0.03969335, -0.9876709, -0.15142867, -1), (0.03722804, -0.9874277, -0.1536249, -1), (0.01984242, -0.98540455, -0.1690688, -1), (0.017591251, -0.9851034, -0.17106083, -1), (0.03828682, -0.98753685, -0.15265994, -1), (-0.005986025, 0.9996903, 0.02415483, 1), (1, 0, 0, -1), (-0.0059786495, 0.99969053, 0.024147494, 1), (-0.0059805866, 0.99969053, 0.024149437, 1), (-0.039776966, 0.9879661, 0.14946815, 1), (-0.037320975, 0.9919882, 0.12069229, 1), (-0.040626213, 0.99144334, 0.12405462, 1), (-0.039613985, 0.98768264, 0.151373, 1), (-0.0030330757, 0.99665123, 0.08171434, 1), (-0.0030308608, 0.99665326, 0.08168876, 1), (-0.0030310089, 0.99665314, 0.08169051, 1), (1, 0, 0, -1), (0.017401215, -0.9982693, -0.056175277, -1), (0.010416298, -0.99866915, -0.050511308, -1), (0.015414884, -0.9983912, -0.054564945, -1), (0.02233135, -0.9979382, -0.060170952, -1), (0.02128072, -0.99754095, -0.06677735, -1), (0.022160685, -0.9979455, -0.06011356, -1), (0.021236941, -0.99751955, -0.06710857, -1), (0.020022403, -0.99688476, -0.07628764, -1), (0.00946818, 0.99981207, -0.016918635, -1), (0.02042932, 0.9997627, -0.007566914, -1), (0.018733064, 0.99978393, -0.009014317, -1), (0.00789192, 0.99980205, -0.018263053, -1), (0.5516172, -0.8135465, 0.18401249, 1), (0.5668268, -0.8048601, 0.17580567, 1), (0.5634161, -0.80684566, 0.17765814, 1), (0.5484371, -0.8153121, 0.18569602, 1), (0.719041, -0.58434397, 0.37619448, 1), (0.71714354, -0.5826723, 0.3823586, 1), (0.71826595, -0.5836263, 0.37878004, 1), (0.71998644, -0.58514804, 0.37312382, 1), (1, 0, 0, -1), (1, 0, 0, -1), (1, 0, 0, -1), (1, 0, 0, -1), (0.91331, -0.15189914, 0.37787756, -1), (0.8816576, -0.17216398, 0.43936253, -1), (0.88625264, -0.16943148, 0.43110234, -1), (0.9156337, -0.15025279, 0.37287965, -1), (0.91636425, -0.17271784, 0.36117178, -1), (0.91636425, -0.17271785, 0.36117178, -1), (0.9163646, -0.1727163, 0.36117145, -1), (1, 0, 0, -1), (-0.46103674, 0.87593335, -0.14207721, 1), (1, 0, 0, -1), (-0.46103406, 0.8759347, -0.14207731, 1), (-0.46102917, 0.87593687, -0.14207967, 1), (0.7396692, 0.652722, 0.16383962, 1), (1, 0, 0, -1), (0.73966116, 0.65272504, 0.16386417, 1), (0.7396598, 0.65272516, 0.16386992, 1), (0.62350017, 0.70121855, 0.3457457, -1), (1, 0, 0, -1), (0.62349933, 0.70121837, 0.3457474, -1), (0.6235008, 0.70121866, 0.3457442, -1), (0.5186676, -0.8420924, 0.14786601, -1), (0.5186671, -0.8420928, 0.14786533, -1), (0.5186667, -0.8420933, 0.14786468, -1), (1, 0, 0, -1), (-0.5183734, 0.84221464, -0.14820105, 1), (-0.51837105, 0.8422166, -0.14819787, 1), (-0.51846445, 0.8421838, -0.14805764, 1), (1, 0, 0, -1), (1, 0, 0, -1), (1, 0, 0, -1), (1, 0, 0, -1), (1, 0, 0, -1), (1, 0, 0, -1), (1, 0, 0, -1), (1, 0, 0, -1), (1, 0, 0, -1), (1, 0, 0, -1), (1, 0, 0, -1), (0.9114331, -0.17195241, 0.37379402, 1), (1, 0, 0, -1), (0.91143334, -0.17195554, 0.3737922, 1), (0.91143334, -0.17195506, 0.3737925, 1), (0.9128673, -0.16077256, 0.3752672, 1), (0.91286516, -0.16077934, 0.37526965, 1), (0.91286415, -0.16078244, 0.37527078, 1), (1, 0, 0, -1), (1, 0, 0, -1), (1, 0, 0, -1), (1, 0, 0, -1), (1, 0, 0, -1), (0.7396385, -0.6354816, 0.22158091, 1), (1, 0, 0, -1), (0.73964137, -0.6354784, 0.2215804, 1), (0.7396394, -0.6354805, 0.22158074, 1), (-0.78435504, 0.5961485, -0.17144741, 1), (-0.7818489, 0.5885829, -0.205627, 1), (-0.78207195, 0.58917856, -0.20305672, 1), (-0.78445405, 0.5965178, -0.16970065, 1), (0.62424326, 0.76568806, 0.15505548, -1), (0.7310072, 0.5631459, -0.38535073, -1), (0.623036, 0.766079, 0.15795267, -1), (0.55231667, 0.7759721, 0.30465308, -1), (0.55243766, 0.77596956, 0.30444026, -1), (-0.7788955, 0.5921549, -0.2065775, 1), (-0.7568069, 0.61056733, -0.23334709, 1), (-0.7585989, 0.6091443, -0.23123802, 1), (-0.7801677, 0.59103394, -0.20498116, 1), (1, 0, 0, -1), (1, 0, 0, -1), (1, 0, 0, -1), (1, 0, 0, -1), (-0.020444069, -0.9919326, 0.12510687, -1), (-0.02171436, -0.9926863, 0.11875395, -1), (-0.021398256, -0.9924993, 0.12036334, -1), (-0.020118002, -0.99173474, 0.12671807, -1), (-0.015170421, -0.99669987, 0.07974427, 1), (-0.0013275, -0.9957593, 0.091987915, 1), (-0.005379886, -0.99606943, 0.08841238, 1), (-0.017057255, -0.996801, 0.07808138, 1), (1, 0, 0, -1), (1, 0, 0, -1), (1, 0, 0, -1), (1, 0, 0, -1), (-0.021713931, -0.9942168, 0.10517281, 1), (-0.017595446, -0.99464947, 0.10179776, 1), (-0.018197179, -0.9945874, 0.1022974, 1), (-0.022531204, -0.9941275, 0.105843306, 1), (-0.0124534555, -0.9943135, 0.10576229, 1), (-0.0139637785, -0.9931704, 0.11583428, 1), (-0.013720647, -0.99342316, 0.113675974, 1), (-0.011877339, -0.99452317, 0.103839695, 1), (0.002690824, -0.9999049, 0.013530676, -1), (0.0025757088, -0.9999049, 0.01355476, -1), (0.0025675637, -0.9999049, 0.013556467, -1), (1, 0, 0, -1), (-0.1685564, 0.031283725, 0.9851954, -1), (-0.1685401, 0.031260446, 0.98519903, -1), (-0.1685441, 0.031265352, 0.9851981, -1), (1, 0, 0, -1), (0.004464856, 0.99933904, -0.03607732, -1), (0.0044648456, 0.99933904, -0.036077432, -1), (0.004465157, 0.99933916, -0.036073726, -1), (1, 0, 0, -1), (-0.003450142, 0.99949205, -0.0316832, -1), (1, 0, 0, -1), (-0.003766602, 0.9994802, -0.03201973, -1), (-0.0035887817, 0.9994868, -0.031830687, -1), (-0.60620993, -0.05595583, 0.79333377, -1), (1, 0, 0, -1), (-0.6062122, -0.055963114, 0.79333156, -1), (-0.6062093, -0.055953868, 0.7933344, -1), (-0.0058207205, -0.9994217, 0.03350239, -1), (1, 0, 0, -1), (-0.005850832, -0.9994228, 0.033464458, -1), (-0.0058536236, -0.9994229, 0.03346095, -1), (1, 0, 0, -1), (1, 0, 0, -1), (1, 0, 0, -1), (1, 0, 0, -1), (0.4745532, 0.52687, -0.70512927, -1), (1, 0, 0, -1), (0.47455326, 0.5268713, -0.7051283, -1), (0.47455344, 0.52687263, -0.7051272, -1), (0.24660435, -0.92510074, -0.28874698, -1), (0.24691814, -0.9251055, -0.28846353, -1), (0.24691817, -0.92510563, -0.2884632, -1), (1, 0, 0, -1), (0.0856744, -0.060506664, -0.99448425, 1), (0.0134438705, 0.5573041, -0.83019966, 1), (0.074569546, 0.056541048, -0.9956116, 1), (0.10757027, -0.34090057, -0.93392473, 1), (0.57483476, -0.51316684, -0.6373577, -1), (0.5748327, -0.51318264, -0.63734686, -1), (0.5748363, -0.5131575, -0.63736385, -1), (1, 0, 0, -1), (-0.028094746, 0.35440293, 0.9346706, 1), (1, 0, 0, -1), (-0.02810904, 0.3543732, 0.93468153, 1), (-0.028100532, 0.35439086, 0.9346751, 1), (0.31656578, 0.8755973, -0.36484987, -1), (0.31656533, 0.87559754, -0.3648496, -1), (0.31656536, 0.87559766, -0.3648496, -1), (1, 0, 0, -1), (1, 0, 0, -1), (1, 0, 0, -1), (1, 0, 0, -1), (1, 0, 0, -1), (1, 0, 0, -1), (1, 0, 0, -1), (1, 0, 0, -1), (1, 0, 0, -1), (-0.47981897, -0.5716805, 0.66554874, -1), (-0.47981593, -0.57168365, 0.6655483, -1), (-0.47981432, -0.57168466, 0.66554856, -1), (1, 0, 0, -1), (-0.4815454, -0.512137, 0.71121705, 1), (-0.481542, -0.5121419, 0.7112159, 1), (-0.4815402, -0.51214427, 0.7112154, 1), (1, 0, 0, -1), (0.4857904, 0.50052154, -0.71657926, 1), (1, 0, 0, -1), (0.48578984, 0.50051665, -0.71658313, 1), (0.48579016, 0.50051904, -0.71658117, 1), (1, 0, 0, -1), (1, 0, 0, -1), (1, 0, 0, -1), (1, 0, 0, -1), (1, 0, 0, -1), (1, 0, 0, -1), (1, 0, 0, -1), (1, 0, 0, -1), (1, 0, 0, -1), (1, 0, 0, -1), (0.24142024, 0.876587, -0.41630685, 1), (0.24141327, 0.87658983, -0.416305, 1), (0.24141878, 0.87658745, -0.41630682, 1), (1, 0, 0, -1), (0.25654265, 0.87011844, -0.42080864, -1), (1, 0, 0, -1), (0.25654092, 0.8701183, -0.42080966, -1), (0.25654384, 0.87011844, -0.4208079, -1), (-0.2980602, -0.8929574, 0.33732343, -1), (1, 0, 0, -1), (-0.29806015, -0.8929601, 0.3373167, -1), (-0.29806018, -0.8929577, 0.33732286, -1), (1, 0, 0, -1), (1, 0, 0, -1), (1, 0, 0, -1), (1, 0, 0, -1), (-0.35112637, -0.639444, 0.68397486, 1), (1, 0, 0, -1), (-0.3511513, -0.6394455, 0.6839607, 1), (-0.35114217, -0.63944495, 0.6839659, 1), (1, 0, 0, -1), (1, 0, 0, -1), (1, 0, 0, -1), (1, 0, 0, -1), (-0.350793, -0.6397128, 0.6838945, -1), (-0.35079807, -0.63970804, 0.68389636, -1), (-0.35077977, -0.63972557, 0.68388945, -1), (1, 0, 0, -1), (0.35402796, 0.63426566, -0.6872927, -1), (1, 0, 0, -1), (0.35402665, 0.63425744, -0.687301, -1), (0.35402775, 0.6342647, -0.68729365, -1), (1, 0, 0, -1), (1, 0, 0, -1), (1, 0, 0, -1), (1, 0, 0, -1), (1, 0, 0, -1), (1, 0, 0, -1), (1, 0, 0, -1), (1, 0, 0, -1), (0.27990377, 0.3860326, 0.8789953, -1), (1, 0, 0, -1), (0.27987707, 0.38603064, 0.8790046, -1), (0.27991763, 0.3860336, 0.8789904, -1), (1, 0, 0, -1), (1, 0, 0, -1), (1, 0, 0, -1), (1, 0, 0, -1), (-0.013811399, 0.9908834, 0.13401203, 1), (1, 0, 0, -1), (-0.013812453, 0.9908833, 0.1340132, 1), (-0.013810115, 0.99088365, 0.13401064, 1), (-0.014540197, 0.98978287, 0.14183956, 1), (-0.014542573, 0.98977965, 0.1418621, 1), (-0.014541085, 0.9897816, 0.141848, 1), (1, 0, 0, -1), (0.3755456, 0.3010652, 0.8765417, -1), (0.34309936, 0.3078803, 0.8874078, -1), (0.37313506, 0.301614, 0.8773821, -1), (0.4136683, 0.29244173, 0.8621812, -1), (-0.32298085, 0.92356855, -0.20665047, -1), (-0.32298192, 0.92356837, -0.20664944, -1), (-0.3229791, 0.9235688, -0.20665243, -1), (1, 0, 0, -1), (1, 0, 0, -1), (1, 0, 0, -1), (1, 0, 0, -1), (1, 0, 0, -1), (1, 0, 0, -1), (1, 0, 0, -1), (1, 0, 0, -1), (1, 0, 0, -1), (1, 0, 0, -1), (1, 0, 0, -1), (1, 0, 0, -1), (1, 0, 0, -1), (0.13349275, 0.8558644, 0.49967575, -1), (1, 0, 0, -1), (0.13349263, 0.85586345, 0.49967742, -1), (0.13349226, 0.8558602, 0.4996831, -1), (1, 0, 0, -1), (1, 0, 0, -1), (1, 0, 0, -1), (1, 0, 0, -1), (0.019768197, 0.9270012, 0.3745371, -1), (0.017475177, 0.9266015, 0.37563854, -1), (0.011738673, 0.92557424, 0.37838405, -1), (-0.3803231, -0.27116024, -0.8842095, 1), (1, 0, 0, -1), (-0.38032284, -0.27115855, -0.88421017, 1), (-0.38032362, -0.27116337, -0.8842083, 1), (0.4221439, 0.2197323, 0.87949544, 1), (0.39747232, 0.20537505, 0.89433604, 1), (0.40162787, 0.20776393, 0.89192444, 1), (0.4248838, 0.2213125, 0.8777782, 1), (0.43471962, 0.16629161, 0.88507956, -1), (0.43472457, 0.16629235, 0.88507706, -1), (0.43472275, 0.16629209, 0.88507795, -1), (1, 0, 0, -1), (-0.23382205, -0.697622, -0.67723763, 1), (1, 0, 0, -1), (-0.23382153, -0.6976173, -0.67724264, 1), (-0.23382217, -0.69762295, -0.6772365, 1), (1, 0, 0, -1), (1, 0, 0, -1), (1, 0, 0, -1), (1, 0, 0, -1), (-0.31367463, -0.6236508, -0.7160083, -1), (-0.31362993, -0.62364614, -0.716032, -1), (1, 0, 0, -1), (-0.30663073, -0.6228763, -0.71972406, -1), (1, 0, 0, -1), (1, 0, 0, -1), (-0.08507745, -0.8709876, -0.48388276, -1), (1, 0, 0, -1), (-0.08507522, -0.8709885, -0.48388132, -1), (-0.08508093, -0.870986, -0.48388496, -1), (-0.4468075, 0.48192704, -0.7537303, -1), (-0.4363388, 0.48362565, -0.75875866, -1), (0.44910184, -0.48153964, 0.75261354, -1), (-0.44808787, 0.4817153, -0.7531053, -1), (-0.44808683, 0.48171353, -0.75310713, -1), (-0.29531023, -0.50410956, -0.8115821, 1), (-0.20124671, -0.6953536, -0.6899153, 1), (-0.20784618, -0.68400043, -0.69924474, 1), (-0.3035048, -0.49537408, -0.81393456, 1), (-0.005458983, 0.99906296, 0.042936523, -1), (-0.0046191937, 0.9990308, 0.04377252, -1), (1, 0, 0, -1), (-0.0053808233, 0.9990557, 0.04311403, -1), (0, 0.99927145, 0.038164817, -1), (-0.0046372223, 0.9991621, 0.040666003, -1), (-0.004480657, 0.999244, 0.038619835, -1), (-0.004635799, 0.99918133, 0.04018905, -1), (-0.0048653344, 0.9990772, 0.042675473, -1), (0.008923109, -0.99900013, -0.04380724, -1), (0.008413102, -0.99906987, -0.042291936, -1), (0.011048445, -0.9989754, -0.04388756, -1), (0.008880964, -0.9989312, -0.045359418, -1), (0.0063796584, 0.99906355, 0.04279584, 1), (1, 0, 0, -1), (0.0063795606, 0.99906474, 0.04276762, 1), (0.006379668, 0.99906343, 0.042796772, 1), (0.015362242, -0.9990835, -0.03995305, -1), (0.012567262, -0.9992124, -0.03763999, -1), (0.014349122, -0.9991328, -0.039086897, -1), (0.017265437, -0.99898714, -0.041551463, -1), (-0.022008805, 0.98569065, 0.1671211, 1), (-0.03974187, 0.98767495, 0.15138964, 1), (-0.03759273, 0.9874636, 0.15330544, 1), (-0.015985828, 0.98488337, 0.17247997, 1), (-0.011255255, -0.98360187, -0.18000191, -1), (0.016816987, -0.9841249, -0.17667861, -1), (0.012666443, -0.9840974, -0.17717715, -1), (-0.01846882, -0.98334056, -0.18083198, -1), (0.050409038, -0.9909875, -0.12410768, -1), (0.021878406, -0.99468625, -0.10060103, -1), (0.026557485, -0.99418086, -0.1043986, -1), (0.052986685, -0.99051595, -0.12676995, -1), (-0.03988757, -0.9855716, -0.16449194, 1), (-0.01782751, -0.9823704, -0.186093, 1), (-0.022152966, -0.9830724, -0.18187337, 1), (-0.04304535, -0.9859525, -0.16138418, 1), (0.04718627, 0.9901164, 0.13207158, -1), (0.046963394, 0.9899086, 0.13369869, -1), (0.047757275, 0.9906509, 0.12778938, -1), (0.043516528, 0.9862591, 0.15937175, -1), (0.045667168, 0.9886091, 0.14341064, -1), (0.04330411, 0.98601323, 0.16094287, -1), (-0.0014277832, -0.98351246, -0.18083446, -1), (-0.001423075, -0.98350656, -0.18086666, -1), (-0.0014083919, -0.98348814, -0.18096706, -1), (1, 0, 0, -1), (0.013753256, 0.9952549, 0.09632556, -1), (0.003649341, 0.9952396, 0.09738977, -1), (0.011807726, 0.9952187, 0.09695489, -1), (0.02344446, 0.9951257, 0.09578754, -1), (0.036425646, -0.99287885, -0.11342325, -1), (0.04412845, -0.9918509, -0.11951786, -1), (0.03802886, -0.9926805, -0.11462614, -1), (0.032266032, -0.9934695, -0.109440625, -1), (0.030359613, 0.9843047, 0.1738464, -1), (0.043768942, 0.98603696, 0.16067202, -1), (0.03267853, 0.9846295, 0.17157187, -1), (0.024540097, 0.98344433, 0.17954126, -1), (0.01730596, 0.9949956, 0.098409235, -1), (0.01880967, 0.9951336, 0.09672322, -1), (0.019154143, 0.99516416, 0.09634015, -1), (1, 0, 0, -1), (0.62157446, -0.7779598, 0.09178006, -1), (0.6215799, -0.77795655, 0.09177247, -1), (0.6215754, -0.7779593, 0.091779076, -1), (1, 0, 0, -1), (-0.34066275, 0.9195334, -0.19597782, -1), (1, 0, 0, -1), (-0.3406629, 0.9195346, -0.19597171, -1), (-0.3406629, 0.9195335, -0.19597672, -1), (-0.0077902838, -0.9998036, 0.018223688, 1), (-0.007790265, -0.9998036, 0.018223902, 1), (-0.0077903536, -0.9998036, 0.01822285, 1), (1, 0, 0, -1), (-0.35058805, 0.9191774, -0.17944576, 1), (-0.338593, 0.9218327, -0.18862465, 1), (-0.33906257, 0.92173326, -0.18826617, 1), (-0.35098132, 0.919087, -0.1791402, 1), (-0.01929545, -0.9995408, -0.023364991, 1), (1, 0, 0, -1), (-0.019295162, -0.9995408, -0.023364652, 1), (-0.019296404, -0.9995407, -0.0233661, 1), (1, 0, 0, -1), (-0.018383734, 0.9998074, 0.006871507, 1), (1, 0, 0, -1), (-0.018385554, 0.9998074, 0.006871743, 1), (-0.018384328, 0.9998074, 0.0068715843, 1), (-0.0142113725, 0.9998192, -0.012632051, 1), (-0.020098787, 0.99976724, -0.007839302, 1), (-0.016354833, 0.99980694, -0.010888199, 1), (-0.009085875, 0.99981755, -0.016804514, 1), (1, 0, 0, -1), (1, 0, 0, -1), (1, 0, 0, -1), (1, 0, 0, -1), (0.008762605, -0.99967587, -0.023901094, -1), (0.008388041, -0.99968815, -0.023522658, -1), (0.008348914, -0.99968934, -0.02348306, -1), (1, 0, 0, -1), (0.021282138, 0.9995875, 0.019288195, -1), (1, 0, 0, -1), (0.019781018, 0.99962056, 0.019168295, -1), (0.02116013, 0.9995902, 0.019276902, -1), (0.022698013, 0.9995315, 0.020534711, -1), (0.03228713, 0.99940753, 0.011915398, -1), (0.028748062, 0.9994717, 0.015162599, -1), (0.01733537, 0.99952674, 0.025410796, -1), (0.013945899, -0.99957615, -0.025555564, -1), (0.0065673552, -0.9996369, -0.026135176, -1), (0.010485154, -0.99961096, -0.025848845, -1), (0.018430417, -0.9995116, -0.025239166, -1), (0.021080574, -0.99975294, 0.007040754, -1), (0.02108103, -0.99975294, 0.0070413146, -1), (0.02108062, -0.99975294, 0.007040813, -1), (1, 0, 0, -1), (1, 0, 0, -1), (-0.005017566, 0.9998404, -0.017146885, -1), (-0.009084863, 0.99981755, -0.016804254, -1), (0, 0.9998455, -0.017577544, -1), (-0.0013539407, 0.9998467, -0.017454376, -1), (-0.019813804, 0.9994542, -0.026431758, -1), (-0.021138815, 0.9994286, -0.0263756, -1), (-0.003335981, 0.99908984, 0.04252307, -1), (-0.0048695602, 0.9990688, 0.042870358, -1), (-0.004445464, 0.99907184, 0.04284512, -1), (-0.0027839025, 0.9990451, 0.04360065, -1), (-0.0052590724, 0.9990722, 0.042743035, -1), (1, 0, 0, -1), (-0.005595141, 0.9990722, 0.042701706, -1), (-0.0050211125, 0.9990722, 0.04277237, -1), (0.0031203881, -0.99960953, -0.027768694, 1), (1, 0, 0, -1), (0.003089974, -0.99960953, -0.027772507, 1), (0.0030794994, -0.99960953, -0.027773816, 1), (0.022626067, -0.99737144, -0.06883434, 1), (0.022625493, -0.99737144, -0.06883492, 1), (0.022627095, -0.99737155, -0.06883334, 1), (1, 0, 0, -1), (-0.009721793, 0.9986846, 0.050343946, 1), (-0.011944596, 0.99929273, 0.035655055, 1), (-0.011473045, 0.99918145, 0.03879066, 1), (-0.009158529, 0.99849474, 0.054076765, 1), (-0.014517481, 0.99847156, 0.053326502, 1), (-0.015775193, 0.99851006, 0.052236315, 1), (-0.0156200975, 0.9985055, 0.052372713, 1), (-0.014386118, 0.9984675, 0.053438574, 1), (-0.15805185, 0.9832882, -0.09035465, -1), (-0.30904043, 0.9246134, -0.22267488, -1), (-0.11817561, 0.99148834, -0.054638255, -1), (-0.0052840984, 0.99904305, 0.043416534, -1), (0.005074988, -0.9990534, -0.04320393, 1), (0.005010185, -0.9990589, -0.0430844, 1), (0.0050061434, -0.9990538, -0.043202344, 1), (0.0053292075, -0.99904746, -0.043309286, 1), (-0.004825287, 0.9992525, 0.03835329, 1), (-0.01102729, 0.99917275, 0.039143216, 1), (-0.0056422465, 0.99924433, 0.038456652, 1), (1, 0, 0, -1), (0.0062327674, -0.99901605, -0.043908894, 1), (0.011521002, -0.99923813, -0.03728794, 1), (0.0066797747, -0.9990036, -0.04412783, 1), (0.007442754, -0.99895465, -0.04510157, 1), (-0.004125726, 0.9991579, 0.040822417, 1), (-0.002925748, 0.999127, 0.041673224, 1), (-0.004602025, 0.99917597, 0.04032638, 1), (-0.005316282, 0.9992053, 0.039504714, 1), (-0.61288804, 0.07999653, -0.7861099, 1), (-0.6128886, 0.07999641, -0.78610945, 1), (-0.6128886, 0.079996474, -0.78610957, 1), (-0.61289, 0.07999538, -0.7861085, 1), (0.89443356, -0.1891556, 0.4052268, 1), (0.894434, -0.18915623, 0.4052256, 1), (0.89443374, -0.18915713, 0.4052258, 1), (0.8944334, -0.1891561, 0.40522715, 1), (-0.6080965, 0.24271494, -0.75584936, 1), (-0.61090016, 0.25524777, -0.74943286, 1), (-0.56832236, 0.0995682, -0.81675935, 1), (-0.55987847, 0.07431399, -0.8252355, 1), (0.83398896, -0.48472464, 0.26363698, 1), (0.83398914, -0.48472524, 0.26363522, 1), (0.83398896, -0.48472464, 0.26363704, 1), (1, 0, 0, -1), (0.07763126, 0.2183009, 0.9727888, -1), (1, 0, 0, -1), (0.077632, 0.21830004, 0.97278893, -1), (0.077631995, 0.21830006, 0.97278893, -1), (0.9108343, -0.35306743, -0.2138325, 1), (0.9095782, -0.36080375, -0.20612648, 1), (0.9097468, -0.3598258, -0.20708972, 1), (0.8920573, -0.39245957, -0.2240744, 1), (-0.9806471, -0.123551026, -0.15187705, -1), (-0.9808101, -0.122771665, -0.15145554, -1), (-0.9795472, -0.12867625, -0.15469243, -1), (-0.97928715, -0.12986954, -0.15534027, -1), (0.5898877, -0.7987291, -0.118592665, 1), (0.5618797, -0.81865454, -0.118727006, 1), (0.75559616, -0.64495504, -0.11448774, 1), (0.77651274, -0.6198131, -0.113400795, 1), (-0.9725294, 0.19818985, 0.12209542, -1), (-0.9715555, 0.20129101, 0.124747664, -1), (-0.9767944, 0.18385828, 0.10985779, -1), (-0.97753215, 0.18124314, 0.10761908, -1), (0.37148526, 0.31655502, 0.8728068, -1), (0.37180042, 0.3165814, 0.87266296, -1), (0.36963466, 0.3164084, 0.87364525, -1), (0.369219, 0.31637293, 0.87383384, -1), (-0.73380214, -0.014880671, 0.67920023, -1), (-0.7671758, 0.011880392, 0.64132684, -1), (-0.5250759, -0.15101376, 0.83755004, -1), (-0.44631305, -0.19302207, 0.8738118, -1), (0.7882007, -0.5077534, -0.34774458, -1), (1, 0, 0, -1), (0.7881999, -0.5077473, -0.34775525, -1), (0.7882004, -0.50775117, -0.34774837, -1), (-0.97332823, -0.08217713, -0.21419394, 1), (-0.968221, -0.08652362, -0.23465201, 1), (-0.9976787, -0.046576604, -0.049678568, 1), (-0.9988304, -0.041212294, -0.025288966, 1), (-0.40556708, 0.10519659, -0.90799177, 1), (1, 0, 0, -1), (-0.40556714, 0.10519884, -0.90799147, 1), (-0.4055675, 0.10520989, -0.9079901, 1), (-0.44500798, -0.06452473, -0.893199, -1), (-0.44503987, -0.06448406, -0.8931861, -1), (-0.44493636, -0.064616024, -0.8932281, -1), (1, 0, 0, -1), (1, 0, 0, -1), (1, 0, 0, -1), (1, 0, 0, -1), (1, 0, 0, -1), (0.82306045, 0.09856948, 0.55933493, -1), (0.8230612, 0.09856821, 0.559334, -1), (0.8230619, 0.09856675, 0.55933326, -1), (1, 0, 0, -1), (-0.4117272, -0.8376092, -0.35901484, 1), (1, 0, 0, -1), (-0.41172403, -0.83760965, -0.35901725, 1), (-0.41171813, -0.8376106, -0.35902178, 1), (1, 0, 0, -1), (1, 0, 0, -1), (1, 0, 0, -1), (1, 0, 0, -1), (-0.5896682, -0.081724316, -0.8035002, 1), (-0.5896665, -0.08172457, -0.8035014, 1), (-0.58966756, -0.08172434, -0.80350065, 1), (1, 0, 0, -1), (-0.30868822, 0.06589504, 0.948878, 1), (-0.30868283, 0.06589418, 0.9488798, 1), (-0.30869, 0.06589382, 0.94887745, 1), (1, 0, 0, -1), (0.48336154, 0.3369327, 0.80798393, -1), (1, 0, 0, -1), (0.4833235, 0.33694732, 0.8080005, -1), (0.48334086, 0.3369406, 0.80799294, -1), (1, 0, 0, -1), (1, 0, 0, -1), (1, 0, 0, -1), (1, 0, 0, -1), (0.386863, -0.029238267, 0.92167354, 1), (0.3868629, -0.029241772, 0.92167354, 1), (0.3868634, -0.029231953, 0.92167366, 1), (1, 0, 0, -1), (0.888405, -0.12738968, -0.4410312, 1), (0.87185663, -0.14025886, -0.46924782, 1), (0.94526035, 0.17492847, 0.27546853, 1), (0.93180966, 0.18853296, 0.31013873, 1), (-0.9610668, 0.03595144, 0.27396727, 1), (1, 0, 0, -1), (-0.9610669, 0.03595192, 0.27396706, 1), (-0.96106654, 0.035949282, 0.27396843, 1), (-0.09114189, -0.14172542, -0.9857013, 1), (-0.07806978, -0.1448808, -0.9863644, 1), (-0.21707502, -0.10971259, -0.96996987, 1), (-0.23386687, -0.10522699, -0.96655756, 1), (0.5943279, 0.35363185, -0.7223011, 1), (0.5943277, 0.35363147, -0.7223014, 1), (0.5943273, 0.3536316, -0.72230166, 1), (0.5943277, 0.35363027, -0.7223021, 1), (1, 0, 0, -1), (1, 0, 0, -1), (1, 0, 0, -1), (1, 0, 0, -1), (1, 0, 0, -1), (1, 0, 0, -1), (1, 0, 0, -1), (1, 0, 0, -1), (0.45126063, -0.87829036, 0.15801911, 1), (0.45125774, -0.87829125, 0.15802184, 1), (0.4512338, -0.87830037, 0.15803993, 1), (1, 0, 0, -1), (0.7854795, 0.4491263, -0.4258024, 1), (1, 0, 0, -1), (0.7854799, 0.44912934, -0.42579824, 1), (0.7854802, 0.449131, -0.425796, 1), (0.7536616, -0.65374875, 0.067873865, -1), (0.7536496, -0.6537673, 0.06782901, -1), (0.75365674, -0.65375614, 0.067856334, -1), (1, 0, 0, -1), (0.41997492, -0.18486, -0.8885088, 1), (0.41996905, -0.18486583, -0.8885103, 1), (0.41996807, -0.18486685, -0.8885106, 1), (1, 0, 0, -1), (-0.60922277, -0.63727766, 0.47193736, -1), (-0.59129024, -0.60726607, 0.5306635, -1), (-0.5206323, -0.6862822, -0.5078963, -1), (-0.47639456, -0.64807415, -0.5941786, -1), (1, 0, 0, -1), (1, 0, 0, -1), (1, 0, 0, -1), (1, 0, 0, -1), (0.8526188, 0.48545143, 0.19333425, 1), (1, 0, 0, -1), (0.8526261, 0.48543367, 0.19334626, 1), (0.85262585, 0.48543444, 0.19334581, 1), (0.57899475, 0.43449396, -0.6899131, 1), (0.6290114, 0.48827308, -0.6049248, 1), (-0.507187, -0.52526045, -0.68327373, 1), (-0.58123636, -0.57835144, -0.57242805, 1), (1, 0, 0, -1), (1, 0, 0, -1), (1, 0, 0, -1), (1, 0, 0, -1), (-0.58765614, -0.30404103, 0.7498128, -1), (1, 0, 0, -1), (-0.5876712, -0.30402935, 0.74980575, -1), (-0.58767223, -0.30402848, 0.7498053, -1), (0.45609975, 0.637194, -0.6212542, -1), (0.45611572, 0.6371919, -0.6212446, -1), (0.4560929, 0.63719493, -0.6212583, -1), (1, 0, 0, -1), (1, 0, 0, -1), (1, 0, 0, -1), (1, 0, 0, -1), (1, 0, 0, -1), (1, 0, 0, -1), (1, 0, 0, -1), (1, 0, 0, -1), (1, 0, 0, -1), (0.1497906, -0.8044146, 0.5748739, -1), (1, 0, 0, -1), (0.14979304, -0.8044147, 0.57487303, -1), (0.14980203, -0.8044177, 0.57486653, -1), (1, 0, 0, -1), (1, 0, 0, -1), (1, 0, 0, -1), (1, 0, 0, -1), (0.47211015, 0.654069, -0.5910209, 1), (0.5066795, 0.6815617, -0.5279675, 1), (0.36503804, 0.5605829, -0.7432995, 1), (0.31045985, 0.5094132, -0.8025664, 1), (-0.2587458, -0.84051985, -0.47600105, -1), (1, 0, 0, -1), (-0.25873727, -0.8405268, -0.47599334, -1), (-0.2587263, -0.84053576, -0.4759835, -1), (-0.2261838, 0.22630472, -0.94743186, 1), (-0.22712237, 0.22487196, -0.9475484, 1), (-0.2224606, 0.23195285, -0.9469473, 1), (-0.22182053, 0.23292434, -0.94685894, 1), (-0.5524877, 0.684192, -0.47606593, 1), (-0.55288595, 0.6836369, -0.47640076, 1), (-0.54791814, 0.6904476, -0.4723005, 1), (-0.5473663, 0.6911964, -0.4718449, 1), (-0.0552372, -0.31072208, 0.9488944, 1), (-0.080488294, -0.33029082, 0.94044113, 1), (0.31474152, 0.01042499, 0.94912016, 1), (0.3386496, 0.033579975, 0.94031316, 1), (-0.12467997, 0.959088, -0.25417542, -1), (-0.07639299, 0.96480113, -0.25164044, -1), (-0.6841701, 0.69141424, -0.2320724, -1), (-0.76716065, 0.60377395, -0.21661374, -1), (-0.86691153, 0.2943095, 0.4023013, -1), (-0.8640436, 0.36731717, 0.34424824, -1), (0.15710936, -0.83542913, 0.5266639, -1), (0.29195693, -0.8493874, 0.4396615, -1), (0.7888204, -0.5519536, -0.2703879, -1), (0.7888236, -0.55194867, -0.27038866, -1), (0.7888252, -0.55194604, -0.2703891, -1), (1, 0, 0, -1), (-0.6087547, 0.38572425, -0.69327813, 1), (-0.6488797, 0.37592444, -0.6615406, 1), (0.17491415, 0.39134577, -0.9034675, 1), (0.26212168, 0.37484792, -0.88925886, 1), (-0.42579895, 0.55334336, -0.71589553, 1), (-0.42166516, 0.5536656, -0.7180898, 1), (-0.51780343, 0.5427298, -0.6613047, 1), (-0.522492, 0.5420033, -0.6582056, 1), (-0.24705058, 0.53961533, -0.8048486, 1), (-0.24705133, 0.53961456, -0.8048489, 1), (-0.24705338, 0.53961194, -0.80485, 1), (1, 0, 0, -1), (-0.6503711, 0.12230344, 0.7497062, 1), (-0.67451704, 0.11439578, 0.72934246, 1), (-0.45291743, 0.17609993, 0.8739878, 1), (-0.41957468, 0.1836342, 0.8889519, 1), (0.22532587, -0.8778351, 0.42265087, 1), (0.22532564, -0.87783504, 0.42265123, 1), (0.22532676, -0.87783545, 0.42264962, 1), (1, 0, 0, -1), (-0.8256173, 0.18120135, -0.53434265, -1), (1, 0, 0, -1), (-0.8256175, 0.18120117, -0.5343425, -1), (-0.82561755, 0.18120104, -0.53434247, -1), (1, 0, 0, -1), (1, 0, 0, -1), (1, 0, 0, -1), (1, 0, 0, -1), (-0.37791112, -0.69080347, 0.6164202, 1), (-0.3714878, -0.688778, 0.6225606, 1), (-0.4334734, -0.7062532, 0.5597385, 1), (-0.44074017, -0.7079822, 0.5518238, 1), (0.60233223, -0.61375237, 0.5103959, 1), (1, 0, 0, -1), (0.60233295, -0.6137525, 0.5103949, 1), (0.60232943, -0.6137514, 0.51040024, 1), (-0.5227236, 0.8130833, 0.25623325, 1), (-0.5653574, 0.7652462, 0.30784616, 1), (0.14431687, 0.91469115, -0.37750846, 1), (0.22653294, 0.86898124, -0.43994814, 1), (-0.42219806, 0.74908024, -0.51051694, 1), (1, 0, 0, -1), (-0.42219788, 0.74908006, -0.51051754, 1), (-0.42220086, 0.749083, -0.5105106, 1), (-0.73956907, 0.3485748, 0.5757892, -1), (-0.7395714, 0.34857407, 0.57578653, -1), (-0.7395751, 0.3485729, 0.5757826, -1), (1, 0, 0, -1), (0.96843797, -0.0466827, -0.24484383, -1), (0.9737061, -0.08842546, -0.20994602, -1), (0.8254653, 0.28142637, -0.48929158, -1), (0.75068873, 0.37177104, -0.54612523, -1), (-0.74749464, -0.63980263, 0.17861828, 1), (1, 0, 0, -1), (-0.74749386, -0.6398012, 0.17862633, 1), (-0.74749327, -0.6397994, 0.1786352, 1), (0.58869004, 0.7274337, -0.3525397, -1), (0.5886896, 0.7274345, -0.3525387, -1), (0.5886966, 0.72742045, -0.35255626, -1), (0.588699, 0.7274153, -0.35256258, -1), (0.3646385, 0.8724291, -0.32543233, -1), (0.41233757, 0.8669375, -0.27999458, -1), (-0.02568063, 0.79452175, -0.6066925, -1), (-0.0716034, 0.7728404, -0.630548, -1), (-0.28810546, -0.038410243, 0.95682806, -1), (-0.26705706, -0.07231499, 0.9609636, -1), (-0.3316979, 0.03451229, 0.9427542, -1), (-0.35066128, 0.067494504, 0.93406695, -1), (0.9743294, 0.1409244, -0.17556381, 1), (0.97514254, 0.10658745, -0.19425784, 1), (0.6235623, 0.7443148, 0.23909311, 1), (0.5894146, 0.7651626, 0.25906906, 1), (0.38062936, 0.6297676, 0.67713666, 1), (0.37157348, 0.6482772, 0.66458243, 1), (0.43897364, 0.48637173, 0.7554765, 1), (0.44464606, 0.46952727, 0.7627805, 1), (-0.9289276, 0.28869203, -0.23184174, -1), (-0.92354804, 0.30027127, -0.23852949, -1), (-0.9708571, 0.17396618, -0.16484007, -1), (-0.974077, 0.16206372, -0.15782669, -1), (0.58317757, 0.80893064, 0.074399635, 1), (1, 0, 0, -1), (0.58316684, 0.8089399, 0.0743816, 1), (0.5831671, 0.80893964, 0.07438146, 1), (-0.96133363, -0.2592616, 0.09284935, 1), (-0.9613331, -0.25926244, 0.09285265, 1), (-0.9613441, -0.2592457, 0.09278553, 1), (1, 0, 0, -1), (0.9521129, 0.25093037, 0.1746856, -1), (0.9521052, 0.2508602, 0.17482805, -1), (0.95242935, 0.25344247, 0.16924912, -1), (0.95244133, 0.25354502, 0.16902795, -1), (0.32229343, -0.35571942, 0.87726307, -1), (0.32057375, -0.356399, 0.87761736, -1), (0.33985934, -0.34865883, 0.8734601, -1), (0.34252402, -0.34757388, 0.8728515, -1), (0.38777813, -0.33546475, -0.85854036, -1), (0.38717493, -0.33493298, -0.8590201, -1), (0.39468244, -0.3409337, -0.85322326, -1), (0.39537635, -0.34143376, -0.85270196, -1), (0.82093054, -0.17956266, -0.5420612, -1), (0.82108736, -0.17971298, -0.5417737, -1), (0.8172522, -0.17607056, -0.54872394, -1), (0.8170371, -0.17586906, -0.5491088, -1), (-0.570507, 0.1318617, -0.8106382, -1), (-0.56997484, 0.13645238, -0.8102527, -1), (-0.5760942, 0.07138962, -0.8142597, -1), (-0.576521, 0.06533484, -0.81446606, -1), (0.04201979, -0.8062153, -0.5901282, 1), (1, 0, 0, -1), (0.042042576, -0.8061996, -0.590148, 1), (0.042033724, -0.80620426, -0.59014213, 1), (0.5417649, -0.83459634, 0.09969781, -1), (0.5439316, -0.8283856, 0.13384923, -1), (0.4613456, -0.8261832, -0.32339087, -1), (0.4538482, -0.8208468, -0.34674528, -1), (-0.98374766, -0.13776389, -0.11515904, -1), (1, 0, 0, -1), (-0.9837483, -0.13776606, -0.11515064, -1), (-0.98374856, -0.1377667, -0.11514822, -1), (1, 0, 0, -1), (1, 0, 0, -1), (1, 0, 0, -1), (1, 0, 0, -1), (-0.8434983, -0.108990595, -0.5259578, 1), (-0.83732253, -0.110216044, -0.5354841, 1), (-0.9038854, -0.094556846, -0.4171932, 1), (-0.9111684, -0.09243671, -0.4015316, 1), (0.65677726, -0.39174035, 0.64434713, 1), (0.63088965, -0.42014596, 0.65226954, 1), (0.8836203, -0.0025368466, 0.46819723, 1), (0.8964156, 0.041724715, 0.44124594, 1), (-0.91464806, 0.100305334, 0.39160922, 1), (1, 0, 0, -1), (-0.9146483, 0.10030958, 0.39160755, 1), (-0.91464835, 0.10031048, 0.3916072, 1), (0.122261226, 0.41440895, 0.90184116, -1), (0.12233587, 0.41651598, 0.9008598, -1), (0.120543554, 0.36883745, 0.9216443, -1), (0.12039872, 0.36534265, 0.92305416, -1), (0.25297964, 0.63980556, 0.7257067, -1), (0.21847728, 0.76538, 0.60536027, -1), (0.30000547, 0.29560202, 0.90698195, -1), (0.30525777, 0.18196468, 0.93472266, -1), (-0.5886603, 0.07457243, 0.8049335, -1), (-0.588663, 0.07457173, 0.80493164, -1), (-0.58866036, 0.074572444, 0.8049335, -1), (-0.58865964, 0.074572645, 0.804934, -1), (-0.41701347, 0.43153322, 0.7999243, 1), (-0.4539804, 0.39576188, 0.79829466, 1), (-0.1439189, 0.63850933, 0.75603783, 1), (-0.093857184, 0.6672361, 0.7389093, 1), (0.52997184, 0.5024037, -0.68316936, -1), (0.51161283, 0.5021957, -0.69717413, -1), (0.73943764, 0.48079187, -0.47124428, -1), (0.76032066, 0.4752738, -0.44274974, -1), (0.060060047, 0.6624105, -0.7467296, -1), (0.081283, 0.68752515, -0.721597, -1), (-0.17815846, 0.31210485, -0.9331935, -1), (-0.20236777, 0.26896936, -0.94164896, -1), (-0.44600466, -0.15443125, -0.88160694, 1), (-0.4460046, -0.15443198, -0.8816068, 1), (-0.44600472, -0.1544298, -0.8816072, 1), (-0.44600472, -0.15442958, -0.8816072, 1), (-0.42414567, -0.84166414, -0.33421847, 1), (1, 0, 0, -1), (-0.42414552, -0.8416642, -0.3342183, 1), (-0.4241423, -0.84166735, -0.33421448, 1), (-0.6740791, 0.46033683, -0.5776741, -1), (-0.70780253, 0.44021195, -0.55247533, -1), (-0.5606968, 0.51609564, -0.64750624, -1), (-0.50776005, 0.5369827, -0.6736685, -1), (1, 0, 0, -1), (1, 0, 0, -1), (1, 0, 0, -1), (1, 0, 0, -1), (-0.8333714, 0.30579036, -0.4604176, 1), (-0.8333714, 0.3057885, -0.46041888, 1), (-0.8333714, 0.30579337, -0.46041554, 1), (1, 0, 0, -1), (-0.54120064, -0.5821984, 0.6067511, -1), (1, 0, 0, -1), (-0.54120076, -0.5821927, 0.6067564, -1), (-0.5412008, -0.5821934, 0.6067558, -1), (0.9650275, 0.21479796, 0.15027845, 1), (0.96557236, 0.21107018, 0.15205052, 1), (0.95842683, 0.25309956, 0.13175246, 1), (0.9565891, 0.26216403, 0.12730812, 1), (0.3771128, -0.76523817, 0.5217246, 1), (0.37475458, -0.7658297, 0.5225552, 1), (0.39421323, -0.76078427, 0.5155611, 1), (0.39746678, -0.75990146, 0.51436365, 1), (-0.704405, 0.60703963, -0.36785364, 1), (-0.6731315, 0.60991263, -0.4182111, 1), (-0.0740256, -0.368048, 0.92685544, 1), (0.10984215, -0.4625029, 0.8797874, 1), (0.92115563, -0.3856964, -0.052063584, 1), (0.920861, -0.38644361, -0.051734295, 1), (0.9240229, -0.378277, -0.05557047, 1), (0.924478, -0.37707973, -0.056136493, 1), (-0.16370066, -0.31547856, 0.93470603, -1), (1, 0, 0, -1), (-0.16370061, -0.3154788, 0.9347059, -1), (-0.16370103, -0.31547537, 0.93470705, -1), (-0.1378183, 0.44459438, -0.88506603, -1), (-0.14196883, 0.44476283, -0.8843251, -1), (-0.09568154, 0.44245914, -0.89166975, -1), (-0.08996018, 0.44210538, -0.8924405, -1), (0.7651206, 0.56700385, 0.3051181, 1), (0.76916873, 0.5881336, 0.24995653, 1), (0.7685448, 0.58390075, 0.2615316, 1), (0.7638741, 0.56211686, 0.31705043, 1), (1, 0, 0, -1), (1, 0, 0, -1), (1, 0, 0, -1), (1, 0, 0, -1), (0.43545002, -0.89955974, 0.03428674, -1), (1, 0, 0, -1), (0.43544564, -0.8995619, 0.03428591, -1), (0.43545392, -0.89955765, 0.03428998, -1), (0.45052892, 0.88974875, 0.0732859, -1), (1, 0, 0, -1), (0.45051703, 0.8897509, 0.07333284, -1), (0.45053038, 0.88974845, 0.0732801, -1), (1, 0, 0, -1), (0.889812, 0.40647325, 0.20739858, 1), (1, 0, 0, -1), (0.8898051, 0.40647468, 0.2074251, 1), (0.88272333, 0.40754488, 0.23389494, 1), (0.96278036, 0, 0.27028495, -1), (0.96277946, 0, 0.27028838, -1), (1, 0, 0, -1), (0.9627827, 0, 0.27027705, -1), (1, 0, 0, -1), (1, 0, 0, -1), (1, 0, 0, -1), (1, 0, 0, -1), (-0.74238175, -0.55284935, -0.3784534, 1), (-0.7423826, -0.55284643, -0.37845573, 1), (-0.7423825, -0.5528468, -0.37845543, 1), (1, 0, 0, -1), (0.7878271, 0.5807211, 0.20516191, 1), (1, 0, 0, -1), (0.78782785, 0.58072025, 0.20516159, 1), (0.7878259, 0.5807225, 0.2051625, 1), (-0.8361646, -0.52088416, -0.17178045, 1), (-0.83616316, -0.52088606, -0.17178126, 1), (-0.8361625, -0.52088696, -0.1717817, 1), (1, 0, 0, -1), (0.45610234, 0.8867757, 0.07483056, -1), (0.4561146, 0.88676816, 0.074844405, -1), (0.45611718, 0.8867666, 0.07484735, -1), (1, 0, 0, -1), (-0.45843998, -0.88550466, -0.07559214, -1), (1, 0, 0, -1), (-0.45841262, -0.8855215, -0.07556104, -1), (-0.45843565, -0.8855074, -0.07558721, -1), (1, 0, 0, -1), (1, 0, 0, -1), (1, 0, 0, -1), (1, 0, 0, -1), (-0.45805576, -0.8857314, -0.07526544, -1), (-0.45814, -0.88564754, -0.07573893, -1), (-0.45813695, -0.8856549, -0.07566919, -1), (-0.4580437, -0.8857434, -0.075197265, -1), (0.9759138, 0.013863547, 0.21771516, -1), (1, 0, 0, -1), (0.9759138, 0.013863254, 0.21771541, -1), (0.9759137, 0.013862595, 0.2177158, -1), (-0.980786, -0.11942567, -0.15426072, 1), (1, 0, 0, -1), (-0.9807859, -0.11942568, -0.15426098, 1), (-0.9807858, -0.11942574, -0.1542616, 1), (-0.80872697, -0.5768065, -0.11512975, 1), (1, 0, 0, -1), (-0.80872643, -0.5768068, -0.11513278, 1), (-0.80872595, -0.5768069, -0.11513504, 1), (-0.8383645, -0.5169506, -0.17293644, 1), (1, 0, 0, -1), (-0.838364, -0.51695174, -0.17293552, 1), (-0.8383641, -0.51695144, -0.17293575, 1), (1, 0, 0, -1), (1, 0, 0, -1), (1, 0, 0, -1), (1, 0, 0, -1), (0.04500337, -0.99620277, 0.074529804, -1), (0.045838676, -0.99634486, 0.07208173, -1), (0.045003425, -0.99620277, 0.07452982, -1), (0.04583859, -0.99634486, 0.07208166, -1), (0.04834328, -0.9967308, 0.06473465, -1), (0.9704376, 0.13203385, 0.2020346, 1), (0.98262644, 0.100907765, 0.15576585, 1), (0.98139095, 0.10449438, 0.16109839, 1), (0.9693075, 0.13455087, 0.20576443, 1), (0.9761496, 0.016198564, 0.2164939, -1), (0.9761554, 0.01615218, 0.21647102, -1), (0.9761559, 0.01614919, 0.2164696, -1), (1, 0, 0, -1), (1, 0, 0, -1), (1, 0, 0, -1), (1, 0, 0, -1), (1, 0, 0, -1), (0.6365541, 0.08712876, 0.7662946, -1), (0.63652945, 0.08724106, 0.7663022, -1), (0.63652635, 0.087255456, 0.7663033, -1), (1, 0, 0, -1), (1, 0, 0, -1), (1, 0, 0, -1), (1, 0, 0, -1), (1, 0, 0, -1), (1, 0, 0, -1), (1, 0, 0, -1), (1, 0, 0, -1), (1, 0, 0, -1), (1, 0, 0, -1), (1, 0, 0, -1), (1, 0, 0, -1), (-0.38814688, -0.3428304, -0.85545856, 1), (1, 0, 0, -1), (-0.38816985, -0.3428412, -0.85544384, 1), (-0.38815415, -0.3428328, -0.8554542, 1), (1, 0, 0, -1), (1, 0, 0, -1), (1, 0, 0, -1), (1, 0, 0, -1), (1, 0, 0, -1), (1, 0, 0, -1), (1, 0, 0, -1), (1, 0, 0, -1), (0.64928156, 0.12034621, 0.75096613, -1), (0.65596724, 0.11136779, 0.746528, -1), (0.65505964, 0.11257865, 0.74714315, -1), (0.64849466, 0.12140682, 0.7514752, -1), (0.4957631, 0.19687465, 0.84584826, -1), (1, 0, 0, -1), (0.49575835, 0.19686893, 0.8458524, -1), (0.49575758, 0.1968681, 0.84585303, -1), (1, 0, 0, -1), (1, 0, 0, -1), (1, 0, 0, -1), (1, 0, 0, -1), (0.4405401, 0.14117265, 0.8865634, 1), (0.44985673, 0.1849895, 0.87373215, 1), (0.44802344, 0.1760093, 0.8765248, 1), (0.43894553, 0.13402605, 0.8884616, 1), (1, 0, 0, -1), (1, 0, 0, -1), (1, 0, 0, -1), (1, 0, 0, -1), (0.4122782, 0.06028743, 0.90906113, -1), (0.41227806, 0.060287487, 0.90906125, -1), (0.41227695, 0.06028781, 0.9090616, -1), (1, 0, 0, -1), (-0.6202454, -0.087173, -0.7795489, -1), (-0.62442625, -0.10717746, -0.7736956, -1), (-0.62397045, -0.10499275, -0.7743625, -1), (-0.61981386, -0.0852404, -0.78010565, -1), (1, 0, 0, -1), (1, 0, 0, -1), (1, 0, 0, -1), (1, 0, 0, -1), (1, 0, 0, -1), (1, 0, 0, -1), (1, 0, 0, -1), (1, 0, 0, -1), (1, 0, 0, -1), (1, 0, 0, -1), (1, 0, 0, -1), (1, 0, 0, -1), (0.375337, 0.04957652, 0.92556167, 1), (1, 0, 0, -1), (0.37533724, 0.0495768, 0.9255615, 1), (0.3753484, 0.049589153, 0.92555624, 1), (-0.6414723, -0.20551942, -0.7391043, -1), (-0.641471, -0.20552379, -0.73910415, -1), (-0.64147264, -0.20551836, -0.73910433, -1), (1, 0, 0, -1), (0.35043705, 0.1328484, 0.9271166, 1), (0.3504425, 0.1328469, 0.9271147, 1), (0.35044363, 0.13284668, 0.92711437, 1), (1, 0, 0, -1), (0.9709612, 0.1813375, -0.1560478, -1), (0.97411513, 0.20166078, -0.102140844, -1), (0.971696, 0.18470305, -0.14728072, -1), (0.9697871, 0.17660822, -0.16829304, -1), (0.96900684, 0.17376742, -0.17558666, -1), (0.96869576, 0.17269054, -0.17834395, -1), (0.9677582, 0.16959755, -0.186228, -1), (0.96755445, 0.16896307, -0.18785566, -1), (0.02937255, -0.9990453, 0.03233719, 1), (0.050701514, -0.9974948, 0.049329232, 1), (0.048603244, -0.99768066, 0.047655877, 1), (0.025819127, -0.99923134, 0.029495802, 1), (0.012170262, -0.99969363, -0.021555386, -1), (0.03763065, -0.99928766, 0.0028728577, -1), (0.034976233, -0.9993881, 0, -1), (0.007247963, -0.9996511, -0.025402885, -1), (-0.0052970285, -0.9996203, -0.027041005, -1), (0.00809467, -0.99962735, -0.026072081, -1), (0.005942319, -0.99963856, -0.026221713, -1), (-0.0072764545, -0.9996045, -0.027163977, -1), (-0.1925373, 0.9761052, -0.100737624, 1), (-0.18345222, 0.97704005, -0.10834212, 1), (-0.18723856, 0.9766667, -0.10518472, 1), (-0.19584407, 0.9757283, -0.09797727, 1), (-0.19414419, 0.9762091, -0.09656038, 1), (-0.19440861, 0.9761598, -0.096526414, 1), (-0.19425537, 0.97618836, -0.09654608, 1), (1, 0, 0, -1), (0.19171564, -0.9767715, 0.095722094, 1), (0.19088712, -0.97654575, 0.09960165, 1), (0.19175282, -0.9767661, 0.09570156, 1), (0.1925091, -0.9771606, 0.08998536, 1), (-0.16563433, 0.98184377, -0.092455484, 1), (-0.17314985, 0.9805043, -0.09290024, 1), (-0.16585009, 0.9818132, -0.09239344, 1), (-0.16385323, 0.9821524, -0.09235206, 1), (-0.17706959, 0.97798973, -0.110374436, -1), (-0.17530464, 0.9784687, -0.10893697, -1), (-0.19092071, 0.9740466, -0.121583514, -1), (-0.19231646, 0.97362995, -0.12271532, -1), (0.1857127, -0.9763116, 0.111024044, 1), (0.18570876, -0.9763182, 0.11097276, 1), (0.18571691, -0.97630465, 0.111078404, 1), (1, 0, 0, -1), (0.3268322, -0.9299345, 0.16853033, 1), (0.3268323, -0.9299344, 0.16853067, 1), (0.3268344, -0.92993325, 0.16853307, 1), (1, 0, 0, -1), (-0.7864379, 0.61042, -0.09435402, 1), (-0.7864362, 0.6104211, -0.0943621, 1), (-0.78643745, 0.6104208, -0.094353355, 1), (1, 0, 0, -1), (0.5767048, -0.8071085, 0.1264412, -1), (1, 0, 0, -1), (0.5766953, -0.8071143, 0.12644748, -1), (0.5767112, -0.8071045, 0.12643747, -1), (-0.4961761, 0.86518526, -0.07255089, -1), (-0.48217663, 0.87224764, -0.08179052, -1), (-0.48646125, 0.870124, -0.078991406, -1), (-0.500432, 0.8629652, -0.069704555, -1), (-0.5223699, 0.83878565, -0.15351988, -1), (-0.52258784, 0.8393281, -0.14976712, -1), (-0.5225037, 0.8391427, -0.15109433, -1), (-0.522287, 0.8385877, -0.15487762, -1), (1, 0, 0, -1), (1, 0, 0, -1), (1, 0, 0, -1), (1, 0, 0, -1), (0.8230623, 0.09856791, 0.55933243, -1), (0.82306194, 0.09856871, 0.5593329, -1), (0.82306325, 0.09856583, 0.55933136, -1), (1, 0, 0, -1), (-0.4117228, -0.8376099, -0.359018, 1), (1, 0, 0, -1), (-0.41172308, -0.8376098, -0.35901788, 1), (-0.41171828, -0.83761066, -0.3590215, 1), (1, 0, 0, -1), (1, 0, 0, -1), (1, 0, 0, -1), (1, 0, 0, -1), (-0.5896655, -0.08172492, -0.8035022, 1), (-0.5896653, -0.08172501, -0.8035022, 1), (-0.589662, -0.08172556, -0.8035046, 1), (1, 0, 0, -1), (-0.30868495, 0.06589366, 0.9488792, 1), (-0.3086889, 0.06589488, 0.94887775, 1), (-0.30869, 0.06589355, 0.94887745, 1), (1, 0, 0, -1), (0.483362, 0.33693188, 0.807984, -1), (1, 0, 0, -1), (0.4833188, 0.33694854, 0.8080028, -1), (0.4833326, 0.33694318, 0.80799675, -1), (1, 0, 0, -1), (1, 0, 0, -1), (1, 0, 0, -1), (1, 0, 0, -1), (0.3868649, -0.029231742, 0.92167294, 1), (0.38686487, -0.029233335, 0.92167294, 1), (0.38686463, -0.029237788, 0.92167294, 1), (1, 0, 0, -1), (0.88839674, -0.1274242, -0.44103774, 1), (0.87184286, -0.14022034, -0.46928477, 1), (0.9452598, 0.17493007, 0.27546915, 1), (0.9318087, 0.18853983, 0.31013748, 1), (-0.96106625, 0.035950795, 0.2739695, 1), (1, 0, 0, -1), (-0.9610664, 0.03595316, 0.27396822, 1), (-0.9610661, 0.035950392, 0.27396965, 1), (-0.09113995, -0.14172547, -0.98570156, 1), (-0.078067966, -0.14488128, -0.9863645, 1), (-0.21707386, -0.10971086, -0.96997035, 1), (-0.23386592, -0.10522831, -0.9665577, 1), (0.36464167, 0.87242824, -0.32543096, -1), (0.41233993, 0.8669373, -0.27999198, -1), (-0.025673095, 0.7945162, -0.60670006, -1), (-0.07159568, 0.77283424, -0.63055634, -1), (-0.28810728, -0.03841283, 0.9568274, -1), (-0.2670538, -0.072313696, 0.9609646, -1), (-0.3316938, 0.034512285, 0.9427556, -1), (-0.3506568, 0.06749447, 0.93406874, -1), (0.9743283, 0.14092582, -0.1755683, 1), (0.9751409, 0.106591105, -0.19426404, 1), (0.62355536, 0.74432397, 0.23908259, 1), (0.5894248, 0.7651479, 0.25908884, 1), (0.38062817, 0.62976813, 0.6771369, 1), (0.37157115, 0.64827794, 0.6645831, 1), (0.43897322, 0.4863716, 0.7554768, 1), (0.4446458, 0.46952698, 0.7627807, 1), (-0.9289283, 0.28868943, -0.23184197, -1), (-0.92354876, 0.30026838, -0.23853011, -1), (-0.9708572, 0.17396565, -0.16483992, -1), (-0.9740771, 0.16206343, -0.15782638, -1), (0.5831769, 0.80893123, 0.07439759, 1), (1, 0, 0, -1), (0.5831638, 0.8089427, 0.07437565, 1), (0.58316433, 0.80894214, 0.07437637, 1), (-0.96133274, -0.2592634, 0.09285355, 1), (-0.9613322, -0.25926426, 0.09285709, 1), (-0.9613441, -0.25924623, 0.09278474, 1), (1, 0, 0, -1), (0.95211107, 0.2509347, 0.17468885, -1), (0.9521035, 0.25086433, 0.17483117, -1), (0.95242935, 0.25344163, 0.16925043, -1), (0.95244133, 0.25354418, 0.16902927, -1), (0.32229465, -0.3557226, 0.8772614, -1), (0.32057518, -0.35640275, 0.8776152, -1), (0.3398593, -0.34865895, 0.8734601, -1), (0.3425237, -0.34757322, 0.87285185, -1), (0.3877727, -0.3354709, -0.85854036, -1), (0.38714477, -0.3349704, -0.85901916, -1), (0.39467964, -0.34093225, -0.8532252, -1), (0.39538565, -0.34141675, -0.85270435, -1), (0.8209267, -0.17957105, -0.5420641, -1), (0.82108516, -0.17971802, -0.5417754, -1), (0.81725454, -0.17606294, -0.5487229, -1), (0.81703955, -0.17586112, -0.5491077, -1), (1, 0, 0, -1), (1, 0, 0, -1), (1, 0, 0, -1), (1, 0, 0, -1), (0.68853664, -0.42085332, 0.59059274, -1), (0.6885365, -0.420853, 0.5905931, -1), (0.6885368, -0.42085418, 0.5905919, -1), (1, 0, 0, -1), (-0.55758995, -0.43009636, -0.7100074, 1), (1, 0, 0, -1), (-0.5575835, -0.4300975, -0.71001184, 1), (-0.5575779, -0.43009853, -0.71001554, 1), (1, 0, 0, -1), (1, 0, 0, -1), (1, 0, 0, -1), (1, 0, 0, -1), (-0.41681695, 0.44990742, -0.78983986, 1), (-0.4168173, 0.44990736, -0.7898396, 1), (-0.41680974, 0.44990575, -0.7898446, 1), (1, 0, 0, -1), (-0.4576346, -0.20863956, 0.8643148, 1), (-0.45763904, -0.20863591, 0.86431324, 1), (-0.4576405, -0.20863612, 0.8643125, 1), (1, 0, 0, -1), (0.39048702, -0.19732751, 0.89921165, -1), (1, 0, 0, -1), (0.39044392, -0.19730361, 0.89923567, -1), (0.39047706, -0.19732195, 0.89921725, -1), (1, 0, 0, -1), (1, 0, 0, -1), (1, 0, 0, -1), (1, 0, 0, -1), (0.17134921, -0.52038616, 0.8365631, 1), (0.17134853, -0.5203877, 0.83656216, 1), (0.1713481, -0.5203888, 0.8365616, 1), (1, 0, 0, -1), (0.88207024, -0.24394089, -0.40304464, 1), (0.868435, -0.23806633, -0.43490812, 1), (0.88128525, -0.28691378, 0.37552202, 1), (0.8657777, -0.284255, 0.41185924, 1), (-0.9435822, 0.25674495, 0.209128, 1), (1, 0, 0, -1), (-0.9435811, 0.2567492, 0.2091279, 1), (-0.94358176, 0.2567467, 0.209128, 1), (0.06856957, 0.2972002, -0.95234984, 1), (0.0800235, 0.290235, -0.9536036, 1), (-0.043155674, 0.36201388, -0.9311732, 1), (-0.058251485, 0.370323, -0.92707473, 1), (0.6590424, 0.74436194, 0.1076487, -1), (0.6931154, 0.70532274, 0.14869732, -1), (0.32665303, 0.9236542, -0.20040147, -1), (0.28208348, 0.9304661, -0.23379838, -1), (-0.47021237, -0.30776948, 0.82715076, -1), (-0.46116433, -0.34558305, 0.8172514, -1), (-0.48707888, -0.22499402, 0.8438791, -1), (-0.49354237, -0.18690623, 0.84940094, -1), (0.9878726, -0.14921184, -0.042937804, 1), (0.9823658, -0.17142032, -0.07464947, 1), (0.7525642, 0.32409826, 0.57324284, 1), (0.7226922, 0.34588158, 0.5983994, 1), (0.40519062, 0.1391137, 0.90358615, 1), (0.4045845, 0.16294666, 0.8998665, 1), (0.40268937, -0.03401613, 0.91470444, 1), (0.40166524, -0.053199466, 0.91424, 1), (-0.7400393, 0.6591875, -0.13346784, -1), (-0.7303177, 0.6698082, -0.13413803, -1), (-0.8258578, 0.5497252, -0.1255432, -1), (-0.8337155, 0.537952, -0.12460303, -1), (0.7661284, 0.45772338, 0.4511503, 1), (1, 0, 0, -1), (0.766132, 0.45768362, 0.4511846, 1), (0.7661307, 0.4576868, 0.45118344, 1), (-0.9936894, 0.07629403, -0.08222272, 1), (-0.99368423, 0.07632335, -0.082258105, 1), (-0.9936819, 0.07633672, -0.0822742, 1), (1, 0, 0, -1), (0.9297003, -0.1850526, 0.31845397, -1), (0.9296447, -0.18516631, 0.31855035, -1), (0.93180263, -0.18089223, 0.31467757, -1), (0.93188727, -0.18072206, 0.31452426, -1), (0.024902042, -0.7587604, 0.6508937, -1), (0.023025267, -0.7588869, 0.6508153, -1), (0.044148654, -0.75734097, 0.6515255, -1), (0.047078587, -0.7571015, 0.65159875, -1), (0.43558955, -0.08388023, -0.8962287, -1), (0.43524146, -0.083048, -0.8964752, -1), (0.4393858, -0.093034975, -0.8934678, -1), (0.43975195, -0.09392577, -0.8931944, -1), (0.82373834, -0.22540738, -0.52023697, -1), (0.8237869, -0.22570059, -0.5200331, -1), (0.82262814, -0.21854421, -0.5249013, -1), (0.8225668, -0.21814188, -0.52516466, -1), (-0.03755459, -0.36803654, 0.92905265, -1), (1, 0, 0, -1), (-0.037557926, -0.36803728, 0.9290523, -1), (-0.037556674, -0.36803693, 0.92905235, -1), (1, 0, 0, -1), (1, 0, 0, -1), (1, 0, 0, -1), (1, 0, 0, -1), (0.5983702, 0.5296012, -0.6012284, 1), (0.56843954, 0.594943, -0.5682599, 1), (0.6518966, 0.37093213, -0.6613927, 1), (0.6722815, 0.28005776, -0.6852775, 1), (0.28398606, -0.9547235, 0.08862883, -1), (1, 0, 0, -1), (0.28398627, -0.95472336, 0.08862968, -1), (0.28398433, -0.9547255, 0.088612355, -1), (0.3816123, -0.36172432, -0.85060424, 1), (0.38126156, -0.36298648, -0.8502238, 1), (0.3827296, -0.3576438, -0.8518269, 1), (0.38300195, -0.35664997, -0.85212106, 1), (-0.3687461, 0.035572734, -0.9288492, 1), (-0.36873055, 0.035103153, -0.92887324, 1), (-0.36883113, 0.039992433, -0.92863566, 1), (-0.3688461, 0.040615592, -0.92860264, 1), (-0.5857313, 0.013380778, 0.8103949, 1), (-0.5973431, -0.02401359, 0.8016262, 1), (-0.29607677, 0.55939734, 0.7742177, 1), (-0.269805, 0.59178704, 0.7596009, 1), (-0.2923522, 0.4685603, -0.8336555, -1), (-0.27445802, 0.49181932, -0.826309, -1), (-0.5755903, -0.06012179, -0.8155251, -1), (-0.60531294, -0.15465388, -0.780819, -1), (-0.9856959, -0.059756942, -0.15758412, -1), (-0.97187525, -0.036067452, -0.23271799, -1), (0.06067089, -0.27691698, 0.95897657, -1), (0.21109599, -0.25606558, 0.9433286, -1), (0.87306684, -0.083225094, 0.4804454, -1), (0.87306786, -0.08322262, 0.48044413, -1), (0.8730655, -0.08322857, 0.4804472, -1), (1, 0, 0, -1), (-0.14746872, -0.32801563, -0.9330909, 1), (-0.20755252, -0.34068495, -0.9169819, 1), (0.6787085, -0.025697535, -0.733958, 1), (0.7413677, 0.011842707, -0.6709946, 1), (-0.041041054, -0.19183889, -0.980568, 1), (-0.035633694, -0.19013467, -0.9811111, 1), (-0.15130453, -0.22533627, -0.9624607, 1), (-0.15813066, -0.22732157, -0.96089524, 1), (-0.52591187, -0.08426398, -0.84635466, 1), (-0.47485656, -0.08493697, -0.87595487, 1), (-0.46775666, 0.054427817, 0.8821799, 1), (-0.27808487, 0.066697285, 0.9582381, 1), (0.8297326, 0.20835823, 0.51781344, 1), (0.8297688, 0.20847157, 0.51770973, 1), (0.82936776, 0.20721892, 0.518854, 1), (0.82929987, 0.20702545, 0.5190397, 1), (-0.6860449, 0.050060663, 0.7258351, -1), (1, 0, 0, -1), (-0.6860456, 0.05006184, 0.7258342, -1), (-0.6860472, 0.050063882, 0.7258326, -1), (0.3706194, -0.12977238, -0.91967416, -1), (0.36298195, -0.13236198, -0.92234725, -1), (0.43210122, -0.108318396, -0.89529634, -1), (0.44352427, -0.1041949, -0.8901851, -1), (0.00799829, -0.36803868, -0.9297761, -1), (1, 0, 0, -1), (0.00799388, -0.36803743, -0.9297766, -1), (0.007992351, -0.3680371, -0.9297768, -1), (1, 0, 0, -1), (1, 0, 0, -1), (1, 0, 0, -1), (1, 0, 0, -1), (-0.57894814, 0.5295999, 0.61995405, 1), (-0.5500839, 0.5949403, 0.5860493, 1), (-0.6305309, 0.3709303, 0.681793, 1), (-0.65014374, 0.28005743, 0.706315, 1), (-0.2866624, -0.954723, -0.07955263, -1), (1, 0, 0, -1), (-0.28666267, -0.9547228, -0.07955365, -1), (-0.2866602, -0.95472497, -0.07953663, -1), (-0.35436767, -0.36172533, 0.8623099, 1), (-0.3540297, -0.36298767, 0.8619182, 1), (-0.35544443, -0.35764402, 0.8635682, 1), (-0.35570708, -0.35665008, 0.8638711, 1), (0.3981001, 0.035573114, 0.916652, 1), (0.39808515, 0.03510371, 0.9166766, 1), (0.39817998, 0.039991047, 0.9164352, 1), (0.3981939, 0.040613968, 0.91640174, 1), (0.5596618, 0.013381153, -0.828613, 1), (0.5715464, -0.02401248, -0.8202184, 1), (0.27131313, 0.5593909, -0.7832439, 1), (0.24552043, 0.59178025, -0.76779944, 1), (0.3187073, 0.46856382, 0.8239379, -1), (0.3006214, 0.49184254, 0.8171399, -1), (0.601248, -0.060117546, 0.7967977, -1), (0.6298562, -0.1546478, 0.76116043, -1), (0.9902085, -0.05976084, 0.12615748, -1), (0.9787839, -0.03607116, 0.2016949, -1), (-0.09112498, -0.27691358, -0.9565642, -1), (-0.24097267, -0.25606096, -0.93614376, -1), (-0.88790435, -0.083229534, -0.4524364, -1), (-0.8879051, -0.08322745, -0.4524352, -1), (-0.8879041, -0.08323009, -0.45243672, -1), (1, 0, 0, -1), (0.17708482, -0.32801664, 0.9279257, 1), (0.2366268, -0.34068498, 0.9099129, 1), (-0.65502375, -0.025696412, 0.7551711, 1), (-0.71965253, 0.011844136, 0.6942334, 1), (0.07220554, -0.19183776, 0.9787669, 1), (0.06681789, -0.19013375, 0.97948176, 1), (0.18183953, -0.22533773, 0.957161, 1), (0.18861245, -0.2273231, 0.95537937, 1), (0.55256426, -0.08426262, 0.82919997, 1), (0.5024745, -0.08493597, 0.8604099, 1), (0.43946984, 0.05442685, -0.8966069, 1), (0.24747781, 0.06669437, -0.9665953, 1), (-0.845776, 0.20836613, -0.49116832, 1), (-0.845816, 0.20846826, -0.49105614, 1), (-0.84544766, 0.20721914, -0.49221787, 1), (-0.8453908, 0.20701842, -0.49240023, 1), (0.662613, 0.050058495, -0.7472873, -1), (1, 0, 0, -1), (0.66261494, 0.050061103, -0.74728525, -1), (0.66261655, 0.050063193, -0.7472837, -1), (-0.34118536, -0.12977062, 0.9309953, -1), (-0.3334746, -0.13238874, 0.93341726, -1), (-0.40341088, -0.10832189, 0.9085846, -1), (-0.41498506, -0.10417818, 0.90384424, -1)] (
        elementSize = 1
        interpolation = "varying"
    )
    uniform token purpose
    token visibility
    matrix4d xformOp:transform = ( (0.8098872900009155, 0, 0.5060719847679138, 0), (0, 0.9549995064735413, 0, 0), (-0.5060719847679138, 0, 0.8098872900009155, 0), (-13.430216789245605, 0.8868498802185059, 17.341712951660156, 1) )
    uniform token[] xformOpOrder = ["xformOp:transform"]

    def Scope "Materials"
    {
        def Material "PP_Standard_Material_52838"
        {
            token outputs:displacement
            token outputs:surface.connect = </PP_Birch_Tree_06_11/Materials/PP_Standard_Material_52838/PreviewSurface.outputs:surface>
            token[] requiredKeywords

            def Shader "PreviewSurface"
            {
                uniform token info:id = "UsdPreviewSurface"
                float inputs:clearcoat = 0
                float inputs:clearcoatRoughness = 0.01
                float3 inputs:diffuseColor = (0.18, 0.18, 0.18)
                float3 inputs:diffuseColor.connect = </PP_Birch_Tree_06_11/Materials/PP_Standard_Material_52838/PreviewSurface/_MainTex.outputs:rgb>
                float inputs:displacement = 0
                float3 inputs:emissiveColor = (0, 0, 0)
                float inputs:ior = 1.5
                float inputs:metallic = 0
                float3 inputs:normal = (0, 0, 1)
                float inputs:occlusion = 1
                float inputs:opacity = 1
                float inputs:opacityThreshold = 0
                float inputs:roughness = 0.8
                float3 inputs:specularColor = (0.033104748, 0.033104748, 0.033104748)
                int inputs:useSpecularWorkflow = 0
                token outputs:displacement
                token outputs:surface
                color4f unity:colors:_BaseColor = (1, 1, 1, 1) (
                    customData = {
                        string sourceMember = "colorArgs"
                    }
                )
                color4f unity:colors:_Color = (1, 1, 1, 1) (
                    customData = {
                        string sourceMember = "colorArgs"
                    }
                )
                color4f unity:colors:_EmissionColor = (0, 0, 0, 1) (
                    customData = {
                        string sourceMember = "colorArgs"
                    }
                )
                color4f unity:colors:_SpecColor = (0.033104748, 0.033104748, 0.033104748, 1) (
                    customData = {
                        string sourceMember = "colorArgs"
                    }
                )
                float unity:floats:_AddPrecomputedVelocity = 0 (
                    customData = {
                        string sourceMember = "floatArgs"
                    }
                )
                float unity:floats:_AlphaClip = 0 (
                    customData = {
                        string sourceMember = "floatArgs"
                    }
                )
                float unity:floats:_AlphaToMask = 0 (
                    customData = {
                        string sourceMember = "floatArgs"
                    }
                )
                float unity:floats:_Blend = 0 (
                    customData = {
                        string sourceMember = "floatArgs"
                    }
                )
                float unity:floats:_BlendModePreserveSpecular = 1 (
                    customData = {
                        string sourceMember = "floatArgs"
                    }
                )
                float unity:floats:_BumpScale = 1 (
                    customData = {
                        string sourceMember = "floatArgs"
                    }
                )
                float unity:floats:_ClearCoatMask = 0 (
                    customData = {
                        string sourceMember = "floatArgs"
                    }
                )
                float unity:floats:_ClearCoatSmoothness = 0 (
                    customData = {
                        string sourceMember = "floatArgs"
                    }
                )
                float unity:floats:_Cull = 2 (
                    customData = {
                        string sourceMember = "floatArgs"
                    }
                )
                float unity:floats:_Cutoff = 0.5 (
                    customData = {
                        string sourceMember = "floatArgs"
                    }
                )
                float unity:floats:_DetailAlbedoMapScale = 1 (
                    customData = {
                        string sourceMember = "floatArgs"
                    }
                )
                float unity:floats:_DetailNormalMapScale = 1 (
                    customData = {
                        string sourceMember = "floatArgs"
                    }
                )
                float unity:floats:_DstBlend = 0 (
                    customData = {
                        string sourceMember = "floatArgs"
                    }
                )
                float unity:floats:_DstBlendAlpha = 0 (
                    customData = {
                        string sourceMember = "floatArgs"
                    }
                )
                float unity:floats:_EnvironmentReflections = 1 (
                    customData = {
                        string sourceMember = "floatArgs"
                    }
                )
                float unity:floats:_Glossiness = 0.2 (
                    customData = {
                        string sourceMember = "floatArgs"
                    }
                )
                float unity:floats:_GlossMapScale = 1 (
                    customData = {
                        string sourceMember = "floatArgs"
                    }
                )
                float unity:floats:_GlossyReflections = 1 (
                    customData = {
                        string sourceMember = "floatArgs"
                    }
                )
                float unity:floats:_Metallic = 0 (
                    customData = {
                        string sourceMember = "floatArgs"
                    }
                )
                float unity:floats:_OcclusionStrength = 1 (
                    customData = {
                        string sourceMember = "floatArgs"
                    }
                )
                float unity:floats:_Parallax = 0.02 (
                    customData = {
                        string sourceMember = "floatArgs"
                    }
                )
                float unity:floats:_QueueOffset = 0 (
                    customData = {
                        string sourceMember = "floatArgs"
                    }
                )
                float unity:floats:_ReceiveShadows = 1 (
                    customData = {
                        string sourceMember = "floatArgs"
                    }
                )
                float unity:floats:_Smoothness = 0.2 (
                    customData = {
                        string sourceMember = "floatArgs"
                    }
                )
                float unity:floats:_SmoothnessTextureChannel = 0 (
                    customData = {
                        string sourceMember = "floatArgs"
                    }
                )
                float unity:floats:_SpecularHighlights = 1 (
                    customData = {
                        string sourceMember = "floatArgs"
                    }
                )
                float unity:floats:_SrcBlend = 1 (
                    customData = {
                        string sourceMember = "floatArgs"
                    }
                )
                float unity:floats:_SrcBlendAlpha = 1 (
                    customData = {
                        string sourceMember = "floatArgs"
                    }
                )
                float unity:floats:_Surface = 0 (
                    customData = {
                        string sourceMember = "floatArgs"
                    }
                )
                float unity:floats:_WorkflowMode = 1 (
                    customData = {
                        string sourceMember = "floatArgs"
                    }
                )
                float unity:floats:_ZWrite = 1 (
                    customData = {
                        string sourceMember = "floatArgs"
                    }
                )
                token[] unity:shaderKeywords = []
                string unity:shaderName = "Universal Render Pipeline/Lit"

                def Shader "uvReader"
                {
                    uniform token info:id = "UsdPrimvarReader_float2"
                    float2 inputs:fallback = (0, 0)
                    string inputs:varname = "st"
                    float2 outputs:result
                }

                def Shader "_MainTex"
                {
                    uniform token info:id = "UsdUVTexture"
                    float4 inputs:bias = (0, 0, 0, 0)
                    float4 inputs:fallback = (0, 0, 0, 1)
                    asset inputs:file = @PP_Color_Palette.png@
                    token inputs:isSRGB = "auto"
                    float4 inputs:scale = (1, 1, 1, 1)
                    token inputs:sourceColorSpace = "auto"
                    float2 inputs:st = (0, 0)
                    float2 inputs:st.connect = </PP_Birch_Tree_06_11/Materials/PP_Standard_Material_52838/PreviewSurface/uvReader.outputs:result>
                    token inputs:wrapS = "repeat"
                    token inputs:wrapT = "repeat"
                    float outputs:a
                    float outputs:b
                    float outputs:g
                    float outputs:r
                    float3 outputs:rgb
                    float4 outputs:rgba
                }
            }
        }
    }
}

