#usda 1.0
(
    endTimeCode = 0
    metersPerUnit = 1
    startTimeCode = 0
    upAxis = "Y"
)

def Mesh "PP_Tree_02_1204" (
    prepend apiSchemas = ["MaterialBindingAPI"]
)
{
    uniform bool doubleSided
    float3[] extent = [(-1.8232994, 0, -2.193323), (2.4508777, 7.07427, 1.7630546)]
    int[] faceVertexCounts = [3, 3, 3, 3, 3, 3, 3, 3, 3, 3, 3, 3, 3, 3, 3, 3, 3, 3, 3, 3, 3, 3, 3, 3, 3, 3, 3, 3, 3, 3, 3, 3, 3, 3, 3, 3, 3, 3, 3, 3, 3, 3, 3, 3, 3, 3, 3, 3, 3, 3, 3, 3, 3, 3, 3, 3, 3, 3, 3, 3, 3, 3, 3, 3, 3, 3, 3, 3, 3, 3, 3, 3, 3, 3, 3, 3, 3, 3, 3, 3, 3, 3, 3, 3, 3, 3, 3, 3, 3, 3, 3, 3, 3, 3, 3, 3, 3, 3, 3, 3, 3, 3, 3, 3, 3, 3, 3, 3, 3, 3, 3, 3, 3, 3, 3, 3, 3, 3, 3, 3, 3, 3, 3, 3, 3, 3, 3, 3, 3, 3, 3, 3, 3, 3, 3, 3, 3, 3, 3, 3, 3, 3, 3, 3, 3, 3, 3, 3, 3, 3, 3, 3, 3, 3, 3, 3, 3, 3, 3, 3, 3, 3, 3, 3, 3, 3, 3, 3, 3, 3, 3, 3, 3, 3, 3, 3, 3, 3, 3, 3, 3, 3, 3, 3, 3, 3, 3, 3, 3, 3, 3, 3, 3, 3, 3, 3, 3, 3, 3, 3, 3, 3, 3, 3, 3, 3, 3, 3, 3, 3, 3, 3, 3, 3, 3, 3, 3, 3, 3, 3, 3, 3, 3, 3, 3, 3, 3, 3, 3, 3, 3, 3, 3, 3, 3, 3, 3, 3, 3, 3, 3, 3, 3, 3, 3, 3, 3, 3, 3, 3, 3, 3, 3, 3, 3, 3, 3, 3, 3, 3, 3, 3, 3, 3, 3, 3, 3, 3, 3, 3, 3, 3, 3, 3, 3, 3, 3, 3, 3, 3, 3, 3, 3, 3, 3, 3, 3, 3, 3, 3, 3, 3, 3, 3, 3, 3, 3, 3, 3, 3, 3, 3, 3, 3, 3, 3, 3, 3, 3, 3, 3, 3, 3, 3, 3, 3, 3, 3, 3, 3, 3, 3, 3, 3, 3, 3, 3, 3, 3, 3, 3, 3, 3, 3, 3, 3, 3, 3, 3, 3, 3, 3, 3, 3, 3, 3, 3, 3, 3, 3, 3, 3, 3, 3, 3, 3, 3, 3, 3, 3, 3, 3, 3, 3, 3, 3, 3, 3, 3, 3, 3, 3, 3, 3, 3, 3, 3, 3, 3, 3, 3, 3, 3, 3, 3, 3, 3, 3, 3, 3, 3, 3, 3, 3, 3, 3, 3, 3, 3, 3, 3, 3, 3, 3, 3, 3, 3, 3, 3, 3, 3, 3, 3, 3, 3, 3, 3, 3, 3, 3, 3, 3, 3, 3, 3, 3, 3, 3, 3, 3, 3, 3, 3, 3, 3, 3, 3, 3, 3, 3, 3, 3, 3, 3, 3, 3, 3, 3, 3, 3, 3, 3, 3, 3, 3, 3, 3, 3, 3, 3, 3, 3, 3, 3, 3, 3, 3, 3, 3, 3, 3, 3, 3, 3, 3, 3, 3, 3, 3, 3, 3, 3, 3, 3, 3, 3, 3, 3, 3, 3, 3, 3, 3, 3, 3, 3, 3, 3, 3, 3, 3, 3, 3, 3, 3, 3, 3, 3, 3, 3, 3, 3, 3, 3, 3, 3, 3, 3, 3, 3, 3, 3, 3, 3, 3, 3, 3, 3, 3, 3, 3, 3, 3, 3, 3, 3, 3, 3, 3, 3, 3, 3, 3, 3, 3, 3, 3, 3, 3, 3, 3, 3, 3, 3, 3, 3, 3, 3, 3, 3, 3, 3, 3, 3, 3, 3, 3, 3, 3, 3, 3, 3, 3, 3, 3, 3, 3, 3, 3, 3, 3, 3, 3, 3, 3, 3, 3, 3, 3, 3, 3, 3, 3, 3, 3, 3, 3, 3, 3, 3, 3, 3, 3, 3, 3, 3, 3, 3, 3, 3, 3, 3, 3, 3, 3, 3, 3, 3, 3, 3, 3, 3, 3, 3, 3, 3, 3, 3, 3, 3, 3, 3, 3, 3, 3, 3, 3, 3, 3, 3, 3, 3, 3, 3, 3, 3, 3, 3, 3, 3, 3, 3, 3, 3, 3, 3, 3, 3, 3, 3, 3, 3, 3, 3, 3, 3, 3, 3, 3, 3, 3, 3, 3, 3, 3, 3, 3, 3, 3, 3, 3, 3, 3, 3, 3, 3, 3, 3, 3, 3, 3, 3, 3, 3, 3, 3, 3, 3, 3, 3, 3, 3, 3, 3, 3, 3, 3, 3, 3, 3, 3, 3, 3, 3, 3, 3, 3, 3, 3, 3, 3, 3, 3, 3, 3, 3, 3, 3, 3, 3, 3, 3, 3, 3, 3, 3, 3, 3, 3, 3, 3, 3, 3, 3, 3, 3, 3, 3, 3, 3, 3, 3, 3, 3, 3, 3, 3, 3, 3, 3, 3, 3, 3, 3, 3, 3, 3, 3, 3, 3, 3, 3, 3, 3, 3, 3, 3, 3, 3, 3, 3, 3, 3, 3, 3, 3, 3, 3, 3, 3, 3, 3, 3, 3, 3, 3, 3, 3, 3, 3, 3, 3, 3, 3, 3, 3, 3, 3, 3, 3, 3, 3, 3, 3, 3, 3, 3, 3, 3, 3, 3, 3, 3, 3, 3, 3, 3, 3, 3, 3, 3, 3, 3, 3, 3, 3, 3, 3, 3, 3, 3, 3, 3, 3, 3, 3, 3, 3, 3, 3, 3, 3, 3, 3, 3, 3, 3, 3, 3, 3, 3, 3, 3, 3, 3, 3, 3, 3, 3, 3, 3, 3, 3, 3, 3, 3, 3, 3, 3, 3, 3, 3, 3, 3, 3, 3, 3, 3, 3, 3, 3, 3, 3, 3, 3, 3, 3, 3, 3, 3, 3, 3, 3, 3, 3, 3, 3, 3, 3, 3, 3, 3, 3, 3, 3, 3, 3, 3, 3, 3, 3, 3, 3, 3, 3, 3, 3, 3, 3, 3, 3, 3, 3, 3, 3, 3, 3, 3, 3, 3, 3, 3, 3, 3, 3, 3, 3, 3, 3, 3, 3, 3, 3, 3, 3, 3, 3, 3, 3, 3, 3, 3, 3, 3, 3, 3, 3, 3, 3, 3, 3, 3, 3, 3, 3, 3, 3, 3, 3, 3, 3, 3, 3, 3, 3, 3, 3, 3, 3, 3, 3, 3, 3, 3, 3, 3, 3, 3, 3, 3, 3, 3, 3, 3, 3, 3, 3, 3, 3, 3, 3, 3, 3, 3, 3, 3, 3, 3, 3, 3, 3, 3, 3, 3, 3, 3, 3, 3, 3, 3, 3, 3, 3, 3, 3, 3, 3, 3, 3, 3, 3, 3, 3, 3, 3, 3, 3, 3, 3, 3, 3, 3, 3, 3, 3, 3, 3, 3, 3, 3, 3, 3, 3, 3, 3, 3, 3, 3, 3, 3, 3, 3, 3, 3, 3, 3, 3, 3, 3, 3, 3, 3, 3, 3, 3, 3, 3, 3, 3, 3, 3, 3, 3, 3, 3, 3, 3, 3, 3, 3, 3, 3, 3, 3, 3, 3, 3, 3, 3, 3, 3, 3, 3, 3, 3, 3, 3, 3, 3, 3, 3, 3, 3, 3, 3, 3, 3, 3, 3, 3, 3, 3, 3, 3, 3, 3, 3, 3, 3, 3, 3, 3, 3, 3, 3, 3, 3, 3, 3, 3, 3, 3, 3, 3, 3, 3, 3, 3, 3, 3, 3, 3, 3, 3, 3, 3, 3, 3, 3, 3, 3, 3, 3, 3, 3, 3, 3, 3, 3, 3, 3, 3, 3, 3, 3, 3, 3, 3, 3, 3, 3, 3, 3, 3, 3, 3, 3, 3, 3, 3, 3, 3, 3, 3, 3, 3, 3, 3, 3, 3, 3, 3, 3, 3, 3, 3, 3, 3, 3, 3, 3, 3, 3, 3, 3, 3, 3, 3, 3, 3, 3, 3, 3, 3, 3, 3, 3, 3, 3, 3, 3, 3, 3, 3, 3, 3, 3, 3, 3, 3, 3, 3, 3, 3, 3, 3, 3, 3, 3, 3, 3, 3, 3, 3, 3, 3, 3, 3, 3, 3, 3, 3, 3, 3, 3, 3, 3, 3, 3, 3, 3, 3, 3, 3, 3, 3, 3, 3, 3, 3, 3, 3, 3, 3, 3, 3, 3, 3, 3, 3, 3, 3, 3, 3, 3, 3, 3, 3, 3, 3, 3, 3, 3, 3, 3, 3, 3, 3, 3, 3, 3, 3, 3, 3, 3, 3, 3, 3, 3, 3, 3, 3, 3, 3, 3, 3, 3, 3, 3, 3, 3, 3, 3, 3, 3, 3, 3, 3, 3, 3, 3, 3, 3, 3, 3, 3, 3, 3, 3, 3, 3, 3, 3, 3, 3, 3, 3, 3, 3, 3, 3, 3, 3, 3, 3, 3, 3, 3, 3, 3, 3, 3, 3, 3, 3, 3, 3, 3, 3, 3, 3, 3, 3, 3, 3, 3, 3, 3, 3, 3, 3, 3, 3, 3, 3, 3, 3, 3, 3, 3, 3, 3, 3, 3, 3, 3, 3, 3, 3, 3, 3, 3, 3, 3, 3, 3, 3, 3, 3, 3, 3, 3, 3, 3, 3, 3, 3, 3, 3, 3, 3, 3, 3, 3, 3, 3, 3, 3, 3, 3, 3, 3, 3, 3, 3, 3, 3, 3, 3, 3, 3, 3, 3, 3, 3, 3, 3, 3, 3, 3, 3, 3, 3, 3, 3, 3, 3, 3, 3, 3, 3, 3, 3, 3, 3, 3, 3, 3, 3, 3, 3, 3, 3, 3, 3, 3, 3, 3, 3, 3, 3, 3, 3, 3, 3, 3, 3, 3, 3, 3, 3, 3, 3, 3, 3, 3, 3, 3, 3, 3, 3, 3, 3, 3, 3, 3, 3, 3, 3, 3, 3, 3, 3, 3, 3, 3, 3, 3, 3, 3, 3, 3, 3, 3, 3, 3, 3, 3, 3, 3, 3, 3, 3, 3, 3, 3, 3, 3, 3, 3, 3, 3, 3, 3, 3, 3, 3, 3, 3, 3, 3, 3, 3, 3, 3, 3, 3, 3, 3, 3, 3, 3, 3, 3, 3, 3, 3, 3, 3, 3, 3, 3, 3, 3, 3, 3, 3, 3, 3, 3, 3, 3, 3, 3, 3, 3, 3, 3, 3, 3, 3, 3, 3, 3, 3, 3, 3, 3, 3, 3, 3, 3, 3, 3, 3, 3, 3, 3, 3, 3, 3, 3, 3, 3, 3, 3, 3, 3, 3, 3, 3, 3, 3, 3, 3, 3, 3, 3, 3, 3, 3, 3, 3, 3, 3, 3, 3, 3, 3, 3, 3, 3, 3, 3, 3, 3, 3, 3, 3, 3, 3, 3, 3, 3, 3, 3, 3, 3, 3, 3, 3, 3, 3, 3, 3, 3, 3, 3, 3, 3, 3, 3, 3, 3, 3, 3, 3, 3, 3, 3, 3, 3, 3, 3]
    int[] faceVertexIndices = [1, 0, 2, 4, 3, 5, 7, 6, 5, 5, 6, 8, 10, 9, 11, 13, 12, 14, 16, 15, 17, 19, 18, 20, 22, 21, 23, 25, 24, 26, 28, 27, 29, 31, 30, 32, 34, 33, 35, 37, 36, 38, 40, 39, 41, 43, 42, 44, 46, 45, 47, 49, 48, 50, 52, 51, 53, 55, 54, 53, 53, 54, 56, 58, 57, 59, 61, 60, 62, 64, 63, 65, 67, 66, 68, 70, 69, 71, 73, 72, 74, 76, 75, 77, 79, 78, 80, 82, 81, 83, 85, 84, 86, 88, 87, 89, 91, 90, 92, 94, 93, 95, 97, 96, 98, 100, 99, 101, 103, 102, 104, 106, 105, 107, 109, 108, 110, 112, 111, 113, 115, 114, 116, 118, 117, 119, 121, 120, 122, 124, 123, 125, 127, 126, 128, 130, 129, 131, 133, 132, 134, 136, 135, 137, 139, 138, 140, 142, 141, 143, 145, 144, 146, 148, 147, 149, 151, 150, 152, 154, 153, 155, 157, 156, 158, 160, 159, 161, 163, 162, 164, 166, 165, 167, 169, 168, 170, 172, 171, 173, 175, 174, 176, 178, 177, 179, 181, 180, 182, 184, 183, 185, 187, 186, 188, 190, 189, 191, 193, 192, 194, 196, 195, 197, 199, 198, 200, 202, 201, 203, 205, 204, 206, 208, 207, 209, 211, 210, 212, 214, 213, 215, 217, 216, 218, 220, 219, 221, 223, 222, 224, 226, 225, 227, 229, 228, 230, 232, 231, 233, 235, 234, 236, 238, 237, 239, 241, 240, 242, 244, 243, 245, 247, 246, 248, 250, 249, 251, 253, 252, 254, 256, 255, 257, 259, 258, 260, 262, 261, 263, 265, 264, 266, 268, 267, 269, 269, 267, 270, 270, 267, 271, 273, 272, 274, 274, 272, 275, 277, 276, 278, 278, 276, 279, 281, 280, 282, 282, 280, 283, 285, 284, 286, 286, 284, 287, 289, 288, 290, 290, 288, 291, 293, 292, 294, 295, 292, 293, 295, 296, 292, 297, 296, 295, 299, 298, 300, 300, 298, 301, 302, 300, 301, 304, 303, 305, 305, 303, 306, 308, 307, 309, 309, 307, 310, 312, 311, 313, 313, 311, 314, 316, 315, 317, 318, 316, 317, 319, 316, 318, 320, 319, 318, 321, 319, 320, 323, 322, 324, 325, 322, 323, 326, 325, 323, 327, 325, 326, 328, 327, 326, 329, 327, 328, 331, 330, 332, 332, 330, 333, 335, 334, 336, 336, 334, 337, 339, 338, 340, 341, 338, 339, 342, 341, 339, 343, 341, 342, 345, 344, 346, 346, 344, 347, 349, 348, 350, 350, 348, 351, 353, 352, 354, 354, 352, 355, 357, 356, 358, 358, 356, 359, 361, 360, 362, 362, 360, 363, 365, 364, 366, 366, 364, 367, 369, 368, 370, 370, 368, 371, 373, 372, 374, 374, 372, 375, 377, 376, 378, 378, 376, 379, 381, 380, 382, 382, 380, 383, 385, 384, 386, 386, 384, 387, 389, 388, 390, 390, 388, 391, 393, 392, 394, 394, 392, 395, 397, 396, 398, 399, 398, 396, 400, 398, 399, 401, 400, 399, 403, 402, 404, 404, 402, 405, 407, 406, 408, 408, 406, 409, 411, 410, 412, 412, 410, 413, 415, 414, 416, 417, 416, 414, 418, 416, 417, 419, 418, 417, 421, 420, 422, 422, 420, 423, 425, 424, 426, 426, 424, 427, 429, 428, 430, 430, 428, 431, 433, 432, 434, 435, 432, 433, 435, 433, 436, 433, 437, 436, 436, 437, 438, 439, 438, 437, 441, 440, 442, 442, 440, 443, 445, 444, 446, 447, 446, 444, 448, 446, 447, 449, 446, 448, 451, 450, 452, 452, 450, 453, 450, 454, 453, 455, 453, 454, 456, 455, 454, 457, 455, 456, 459, 458, 460, 460, 458, 461, 461, 458, 462, 463, 462, 458, 464, 463, 458, 465, 464, 458, 467, 466, 468, 468, 466, 469, 471, 470, 472, 472, 470, 473, 475, 474, 476, 476, 474, 477, 479, 478, 480, 480, 478, 481, 483, 482, 484, 484, 482, 485, 487, 486, 488, 488, 486, 489, 491, 490, 492, 492, 490, 493, 495, 494, 496, 496, 494, 497, 499, 498, 500, 501, 500, 498, 502, 500, 501, 503, 500, 502, 505, 504, 506, 506, 504, 507, 509, 508, 510, 510, 508, 511, 513, 512, 514, 514, 512, 515, 517, 516, 518, 519, 518, 516, 520, 518, 519, 521, 520, 519, 523, 522, 524, 524, 522, 525, 527, 526, 528, 528, 526, 529, 531, 530, 532, 532, 530, 533, 535, 534, 536, 536, 534, 537, 539, 538, 540, 540, 538, 541, 543, 542, 544, 544, 542, 545, 547, 546, 548, 548, 546, 549, 551, 550, 552, 552, 550, 553, 555, 554, 556, 556, 554, 557, 559, 558, 560, 560, 558, 561, 563, 562, 564, 564, 562, 565, 567, 566, 568, 568, 566, 569, 571, 570, 572, 572, 570, 573, 575, 574, 576, 576, 574, 577, 579, 578, 580, 580, 578, 581, 583, 582, 584, 584, 582, 585, 587, 586, 588, 588, 586, 589, 591, 590, 592, 592, 590, 593, 595, 594, 596, 597, 596, 594, 598, 596, 597, 599, 598, 597, 601, 600, 602, 602, 600, 603, 605, 604, 606, 606, 604, 607, 609, 608, 610, 610, 608, 611, 613, 612, 614, 615, 614, 612, 616, 614, 615, 617, 614, 616, 619, 618, 620, 620, 618, 621, 623, 622, 624, 624, 622, 625, 627, 626, 628, 628, 626, 629, 631, 630, 632, 633, 630, 631, 633, 631, 634, 635, 633, 634, 631, 636, 634, 637, 634, 636, 639, 638, 640, 640, 638, 641, 642, 640, 643, 640, 644, 643, 643, 644, 645, 646, 645, 644, 648, 647, 649, 649, 647, 650, 650, 647, 651, 652, 651, 647, 653, 652, 647, 654, 653, 647, 656, 655, 657, 657, 655, 658, 658, 655, 659, 660, 659, 655, 661, 660, 655, 662, 661, 655, 664, 663, 665, 665, 663, 666, 668, 667, 669, 669, 667, 670, 672, 671, 673, 673, 671, 674, 676, 675, 677, 677, 675, 678, 680, 679, 681, 681, 679, 682, 684, 683, 685, 685, 683, 686, 688, 687, 689, 689, 687, 690, 692, 691, 693, 693, 691, 694, 696, 695, 697, 698, 697, 695, 699, 697, 698, 700, 697, 699, 702, 701, 703, 703, 701, 704, 706, 705, 707, 707, 705, 708, 710, 709, 711, 711, 709, 712, 714, 713, 715, 716, 715, 713, 717, 716, 713, 718, 716, 717, 720, 719, 721, 721, 719, 722, 724, 723, 725, 725, 723, 726, 728, 727, 729, 729, 727, 730, 732, 731, 733, 733, 731, 734, 736, 735, 737, 737, 735, 738, 740, 739, 741, 741, 739, 742, 744, 743, 745, 745, 743, 746, 748, 747, 749, 749, 747, 750, 752, 751, 753, 753, 751, 754, 756, 755, 757, 757, 755, 758, 760, 759, 761, 761, 759, 762, 764, 763, 765, 765, 763, 766, 768, 767, 769, 769, 767, 770, 772, 771, 773, 773, 771, 774, 776, 775, 777, 777, 775, 778, 780, 779, 781, 781, 779, 782, 784, 783, 785, 785, 783, 786, 788, 787, 789, 790, 789, 787, 791, 789, 790, 792, 789, 791, 794, 793, 795, 795, 793, 796, 798, 797, 799, 799, 797, 800, 802, 801, 803, 803, 801, 804, 806, 805, 807, 808, 807, 805, 809, 808, 805, 810, 808, 809, 812, 811, 813, 813, 811, 814, 816, 815, 817, 817, 815, 818, 820, 819, 821, 821, 819, 822, 824, 823, 825, 826, 823, 824, 826, 824, 827, 828, 827, 824, 829, 828, 824, 830, 829, 824, 832, 831, 833, 833, 831, 834, 836, 835, 833, 835, 837, 833, 833, 837, 838, 839, 838, 837, 841, 840, 842, 842, 840, 843, 840, 844, 843, 844, 845, 843, 843, 845, 846, 847, 846, 845, 849, 848, 850, 850, 848, 851, 848, 852, 851, 851, 852, 853, 852, 854, 853, 855, 853, 854, 857, 856, 858, 858, 856, 859, 861, 860, 862, 862, 860, 863, 865, 864, 866, 866, 864, 867, 869, 868, 870, 870, 868, 871, 873, 872, 874, 874, 872, 875, 877, 876, 878, 878, 876, 879, 881, 880, 882, 882, 880, 883, 885, 884, 886, 886, 884, 887, 889, 888, 890, 891, 890, 888, 892, 890, 891, 893, 892, 891, 895, 894, 896, 896, 894, 897, 899, 898, 900, 900, 898, 901, 903, 902, 904, 904, 902, 905, 907, 906, 908, 909, 908, 906, 910, 908, 909, 911, 908, 910, 913, 912, 914, 914, 912, 915, 917, 916, 918, 918, 916, 919, 921, 920, 922, 922, 920, 923, 925, 924, 926, 926, 924, 927, 929, 928, 930, 930, 928, 931, 933, 932, 934, 934, 932, 935, 937, 936, 938, 938, 936, 939, 941, 940, 942, 942, 940, 943, 945, 944, 946, 946, 944, 947, 949, 948, 950, 950, 948, 951, 953, 952, 954, 954, 952, 955, 957, 956, 958, 958, 956, 959, 961, 960, 962, 962, 960, 963, 965, 964, 966, 966, 964, 967, 969, 968, 970, 970, 968, 971, 973, 972, 974, 974, 972, 975, 977, 976, 978, 978, 976, 979, 981, 980, 982, 982, 980, 983, 985, 984, 986, 987, 986, 984, 988, 986, 987, 989, 988, 987, 991, 990, 992, 992, 990, 993, 995, 994, 996, 996, 994, 997, 999, 998, 1000, 1000, 998, 1001, 1003, 1002, 1004, 1005, 1004, 1002, 1006, 1004, 1005, 1007, 1004, 1006, 1009, 1008, 1010, 1010, 1008, 1011, 1013, 1012, 1014, 1014, 1012, 1015, 1017, 1016, 1018, 1018, 1016, 1019, 1021, 1020, 1022, 1023, 1020, 1021, 1023, 1021, 1024, 1024, 1021, 1025, 1021, 1026, 1025, 1027, 1025, 1026, 1029, 1028, 1030, 1030, 1028, 1031, 1032, 1030, 1033, 1030, 1034, 1033, 1033, 1034, 1035, 1036, 1035, 1034, 1038, 1037, 1039, 1039, 1037, 1040, 1040, 1037, 1041, 1042, 1041, 1037, 1043, 1042, 1037, 1044, 1043, 1037, 1046, 1045, 1047, 1047, 1045, 1048, 1045, 1049, 1048, 1050, 1048, 1049, 1051, 1049, 1045, 1052, 1051, 1045, 1054, 1053, 1055, 1055, 1053, 1056, 1058, 1057, 1059, 1059, 1057, 1060, 1062, 1061, 1063, 1063, 1061, 1064, 1066, 1065, 1067, 1067, 1065, 1068, 1070, 1069, 1071, 1071, 1069, 1072, 1074, 1073, 1075, 1075, 1073, 1076, 1078, 1077, 1079, 1079, 1077, 1080, 1082, 1081, 1083, 1083, 1081, 1084, 1086, 1085, 1087, 1088, 1087, 1085, 1089, 1088, 1085, 1090, 1088, 1089, 1092, 1091, 1093, 1093, 1091, 1094, 1096, 1095, 1097, 1097, 1095, 1098, 1100, 1099, 1101, 1101, 1099, 1102, 1104, 1103, 1105, 1106, 1105, 1103, 1107, 1106, 1103, 1108, 1106, 1107, 1110, 1109, 1111, 1111, 1109, 1112, 1114, 1113, 1115, 1115, 1113, 1116, 1118, 1117, 1119, 1119, 1117, 1120, 1122, 1121, 1123, 1123, 1121, 1124, 1126, 1125, 1127, 1127, 1125, 1128, 1130, 1129, 1131, 1131, 1129, 1132, 1134, 1133, 1135, 1135, 1133, 1136, 1138, 1137, 1139, 1139, 1137, 1140, 1142, 1141, 1143, 1143, 1141, 1144, 1146, 1145, 1147, 1147, 1145, 1148, 1150, 1149, 1151, 1151, 1149, 1152, 1154, 1153, 1155, 1155, 1153, 1156, 1158, 1157, 1159, 1159, 1157, 1160, 1162, 1161, 1163, 1163, 1161, 1164, 1166, 1165, 1167, 1167, 1165, 1168, 1170, 1169, 1171, 1171, 1169, 1172, 1174, 1173, 1175, 1175, 1173, 1176, 1178, 1177, 1179, 1180, 1179, 1177, 1181, 1179, 1180, 1182, 1179, 1181, 1184, 1183, 1185, 1185, 1183, 1186, 1188, 1187, 1189, 1189, 1187, 1190, 1192, 1191, 1193, 1193, 1191, 1194, 1196, 1195, 1197, 1198, 1197, 1195, 1199, 1197, 1198, 1200, 1199, 1198, 1202, 1201, 1203, 1203, 1201, 1204, 1206, 1205, 1207, 1207, 1205, 1208, 1210, 1209, 1211, 1211, 1209, 1212, 1214, 1213, 1215, 1216, 1213, 1214, 1216, 1214, 1217, 1218, 1217, 1214, 1219, 1218, 1214, 1220, 1219, 1214, 1222, 1221, 1223, 1223, 1221, 1224, 1226, 1225, 1223, 1225, 1227, 1223, 1223, 1227, 1228, 1229, 1228, 1227, 1231, 1230, 1232, 1232, 1230, 1233, 1230, 1234, 1233, 1233, 1234, 1235, 1234, 1236, 1235, 1237, 1235, 1236, 1239, 1238, 1240, 1240, 1238, 1241, 1238, 1242, 1241, 1241, 1242, 1243, 1242, 1244, 1243, 1245, 1243, 1244, 1247, 1246, 1248, 1248, 1246, 1249, 1251, 1250, 1252, 1252, 1250, 1253, 1255, 1254, 1256, 1256, 1254, 1257, 1259, 1258, 1260, 1260, 1258, 1261, 1263, 1262, 1264, 1264, 1262, 1265, 1267, 1266, 1268, 1268, 1266, 1269, 1271, 1270, 1272, 1272, 1270, 1273, 1275, 1274, 1276, 1276, 1274, 1277, 1279, 1278, 1280, 1281, 1280, 1278, 1282, 1280, 1281, 1283, 1282, 1281, 1285, 1284, 1286, 1286, 1284, 1287, 1289, 1288, 1290, 1290, 1288, 1291, 1293, 1292, 1294, 1294, 1292, 1295, 1297, 1296, 1298, 1299, 1298, 1296, 1300, 1298, 1299, 1301, 1298, 1300, 1303, 1302, 1304, 1304, 1302, 1305, 1307, 1306, 1308, 1308, 1306, 1309, 1311, 1310, 1312, 1312, 1310, 1313, 1315, 1314, 1316, 1316, 1314, 1317, 1319, 1318, 1320, 1320, 1318, 1321, 1323, 1322, 1324, 1324, 1322, 1325, 1327, 1326, 1328, 1328, 1326, 1329, 1331, 1330, 1332, 1332, 1330, 1333, 1335, 1334, 1336, 1336, 1334, 1337, 1339, 1338, 1340, 1340, 1338, 1341, 1343, 1342, 1344, 1344, 1342, 1345, 1347, 1346, 1348, 1348, 1346, 1349, 1351, 1350, 1352, 1353, 1352, 1350, 1354, 1352, 1353, 1355, 1354, 1353, 1357, 1356, 1358, 1358, 1356, 1359, 1361, 1360, 1362, 1362, 1360, 1363, 1365, 1364, 1366, 1366, 1364, 1367, 1369, 1368, 1370, 1370, 1368, 1371, 1373, 1372, 1374, 1374, 1372, 1375, 1377, 1376, 1378, 1378, 1376, 1379, 1381, 1380, 1382, 1383, 1382, 1380, 1384, 1383, 1380, 1385, 1384, 1380, 1387, 1386, 1388, 1388, 1386, 1389, 1391, 1390, 1392, 1392, 1390, 1393, 1395, 1394, 1396, 1396, 1394, 1397, 1399, 1398, 1400, 1401, 1400, 1398, 1402, 1401, 1398, 1403, 1402, 1398, 1405, 1404, 1406, 1406, 1404, 1407, 1409, 1408, 1410, 1410, 1408, 1411, 1413, 1412, 1414, 1414, 1412, 1415, 1417, 1416, 1418, 1419, 1416, 1417, 1417, 1420, 1419, 1420, 1421, 1419, 1419, 1421, 1422, 1423, 1422, 1421, 1425, 1424, 1426, 1426, 1424, 1427, 1428, 1426, 1429, 1430, 1429, 1426, 1431, 1430, 1426, 1432, 1431, 1426, 1434, 1433, 1435, 1435, 1433, 1436, 1433, 1437, 1436, 1438, 1437, 1433, 1436, 1437, 1439, 1440, 1439, 1437, 1442, 1441, 1443, 1443, 1441, 1444, 1441, 1445, 1444, 1444, 1445, 1446, 1445, 1447, 1446, 1448, 1446, 1447, 1450, 1449, 1451, 1451, 1449, 1452, 1454, 1453, 1455, 1455, 1453, 1456, 1458, 1457, 1459, 1459, 1457, 1460, 1462, 1461, 1463, 1463, 1461, 1464, 1466, 1465, 1467, 1467, 1465, 1468, 1470, 1469, 1471, 1471, 1469, 1472, 1474, 1473, 1475, 1475, 1473, 1476, 1478, 1477, 1479, 1479, 1477, 1480, 1482, 1481, 1483, 1484, 1483, 1481, 1485, 1483, 1484, 1486, 1485, 1484, 1488, 1487, 1489, 1489, 1487, 1490, 1492, 1491, 1493, 1493, 1491, 1494, 1496, 1495, 1497, 1497, 1495, 1498, 1500, 1499, 1501, 1502, 1501, 1499, 1503, 1501, 1502, 1504, 1501, 1503, 1506, 1505, 1507, 1507, 1505, 1508, 1510, 1509, 1511, 1511, 1509, 1512, 1514, 1513, 1515, 1515, 1513, 1516, 1518, 1517, 1519, 1519, 1517, 1520, 1522, 1521, 1523, 1523, 1521, 1524, 1526, 1525, 1527, 1527, 1525, 1528, 1530, 1529, 1531, 1531, 1529, 1532, 1534, 1533, 1535, 1535, 1533, 1536, 1538, 1537, 1539, 1539, 1537, 1540, 1542, 1541, 1543, 1543, 1541, 1544, 1546, 1545, 1547, 1547, 1545, 1548, 1550, 1549, 1551, 1551, 1549, 1552, 1554, 1553, 1555, 1555, 1553, 1556, 1558, 1557, 1559, 1559, 1557, 1560, 1562, 1561, 1563, 1563, 1561, 1564, 1566, 1565, 1567, 1567, 1565, 1568, 1570, 1569, 1571, 1571, 1569, 1572, 1574, 1573, 1575, 1575, 1573, 1576, 1578, 1577, 1579, 1580, 1579, 1577, 1581, 1579, 1580, 1582, 1579, 1581, 1584, 1583, 1585, 1585, 1583, 1586, 1588, 1587, 1589, 1589, 1587, 1590, 1592, 1591, 1593, 1593, 1591, 1594, 1596, 1595, 1597, 1598, 1597, 1595, 1599, 1597, 1598, 1600, 1599, 1598, 1602, 1601, 1603, 1603, 1601, 1604, 1606, 1605, 1607, 1607, 1605, 1608, 1610, 1609, 1611, 1611, 1609, 1612, 1614, 1613, 1615, 1616, 1613, 1614, 1616, 1614, 1617, 1618, 1616, 1617, 1614, 1619, 1617, 1620, 1617, 1619, 1622, 1621, 1623, 1623, 1621, 1624, 1625, 1623, 1626, 1626, 1623, 1627, 1623, 1628, 1627, 1629, 1627, 1628, 1631, 1630, 1632, 1632, 1630, 1633, 1633, 1630, 1634, 1635, 1634, 1630, 1636, 1635, 1630, 1637, 1635, 1636, 1639, 1638, 1640, 1640, 1638, 1641, 1638, 1642, 1641, 1643, 1641, 1642, 1644, 1641, 1643, 1645, 1641, 1644, 1647, 1646, 1648, 1648, 1646, 1649, 1651, 1650, 1652, 1652, 1650, 1653, 1655, 1654, 1656, 1656, 1654, 1657, 1659, 1658, 1660, 1660, 1658, 1661, 1663, 1662, 1664, 1664, 1662, 1665, 1667, 1666, 1668, 1668, 1666, 1669, 1671, 1670, 1672, 1672, 1670, 1673, 1675, 1674, 1676, 1676, 1674, 1677, 1679, 1678, 1680, 1681, 1680, 1678, 1682, 1681, 1678, 1683, 1682, 1678, 1685, 1684, 1686, 1686, 1684, 1687, 1689, 1688, 1690, 1690, 1688, 1691, 1693, 1692, 1694, 1694, 1692, 1695, 1697, 1696, 1698, 1699, 1698, 1696, 1700, 1698, 1699, 1701, 1700, 1699, 1703, 1702, 1704, 1704, 1702, 1705, 1707, 1706, 1708, 1708, 1706, 1709, 1711, 1710, 1712, 1712, 1710, 1713, 1715, 1714, 1716, 1716, 1714, 1717, 1719, 1718, 1720, 1720, 1718, 1721, 1723, 1722, 1724, 1724, 1722, 1725, 1727, 1726, 1728, 1728, 1726, 1729, 1731, 1730, 1732, 1732, 1730, 1733, 1735, 1734, 1736, 1736, 1734, 1737, 1739, 1738, 1740, 1740, 1738, 1741, 1743, 1742, 1744, 1744, 1742, 1745, 1747, 1746, 1748, 1748, 1746, 1749, 1751, 1750, 1752, 1752, 1750, 1753, 1755, 1754, 1756, 1756, 1754, 1757, 1759, 1758, 1760, 1760, 1758, 1761, 1763, 1762, 1764, 1764, 1762, 1765, 1767, 1766, 1768, 1768, 1766, 1769, 1771, 1770, 1772, 1772, 1770, 1773, 1775, 1774, 1776, 1777, 1776, 1774, 1778, 1777, 1774, 1779, 1778, 1774, 1781, 1780, 1782, 1782, 1780, 1783, 1785, 1784, 1786, 1786, 1784, 1787, 1789, 1788, 1790, 1790, 1788, 1791, 1793, 1792, 1794, 1795, 1794, 1792, 1796, 1795, 1792, 1797, 1795, 1796, 1799, 1798, 1800, 1800, 1798, 1801, 1803, 1802, 1804, 1804, 1802, 1805, 1807, 1806, 1808, 1808, 1806, 1809, 1811, 1810, 1812, 1813, 1810, 1811, 1811, 1814, 1813, 1815, 1813, 1814, 1816, 1813, 1815, 1817, 1813, 1816, 1819, 1818, 1820, 1820, 1818, 1821, 1823, 1822, 1820, 1824, 1820, 1822, 1825, 1824, 1822, 1826, 1824, 1825, 1828, 1827, 1829, 1829, 1827, 1830, 1827, 1831, 1830, 1832, 1831, 1827, 1830, 1831, 1833, 1834, 1833, 1831, 1836, 1835, 1837, 1837, 1835, 1838, 1835, 1839, 1838, 1838, 1839, 1840, 1839, 1841, 1840, 1842, 1840, 1841, 1844, 1843, 1845, 1845, 1843, 1846, 1848, 1847, 1849, 1849, 1847, 1850, 1852, 1851, 1853, 1853, 1851, 1854, 1856, 1855, 1857, 1857, 1855, 1858, 1860, 1859, 1861, 1861, 1859, 1862, 1864, 1863, 1865, 1865, 1863, 1866, 1868, 1867, 1869, 1869, 1867, 1870, 1872, 1871, 1873, 1873, 1871, 1874, 1876, 1875, 1877, 1878, 1877, 1875, 1879, 1877, 1878, 1880, 1879, 1878, 1882, 1881, 1883, 1883, 1881, 1884, 1886, 1885, 1887, 1887, 1885, 1888, 1890, 1889, 1891, 1891, 1889, 1892, 1894, 1893, 1895, 1896, 1895, 1893, 1897, 1895, 1896, 1898, 1897, 1896, 1900, 1899, 1901, 1901, 1899, 1902, 1904, 1903, 1905, 1905, 1903, 1906, 1908, 1907, 1909, 1909, 1907, 1910, 1912, 1911, 1913, 1913, 1911, 1914, 1916, 1915, 1917, 1917, 1915, 1918, 1920, 1919, 1921, 1921, 1919, 1922, 1924, 1923, 1925, 1925, 1923, 1926, 1928, 1927, 1929, 1929, 1927, 1930, 1932, 1931, 1933, 1933, 1931, 1934, 1936, 1935, 1937, 1937, 1935, 1938, 1940, 1939, 1941, 1941, 1939, 1942, 1944, 1943, 1945, 1945, 1943, 1946, 1948, 1947, 1949, 1949, 1947, 1950, 1952, 1951, 1953, 1953, 1951, 1954, 1956, 1955, 1957, 1957, 1955, 1958, 1960, 1959, 1961, 1961, 1959, 1962, 1964, 1963, 1965, 1965, 1963, 1966, 1968, 1967, 1969, 1969, 1967, 1970, 1972, 1971, 1973, 1974, 1973, 1971, 1975, 1973, 1974, 1976, 1973, 1975, 1978, 1977, 1979, 1979, 1977, 1980, 1982, 1981, 1983, 1983, 1981, 1984, 1986, 1985, 1987, 1987, 1985, 1988, 1990, 1989, 1991, 1992, 1991, 1989, 1993, 1992, 1989, 1994, 1993, 1989, 1996, 1995, 1997, 1997, 1995, 1998, 2000, 1999, 2001, 2001, 1999, 2002, 2004, 2003, 2005, 2005, 2003, 2006, 2008, 2007, 2009, 2010, 2007, 2008, 2010, 2008, 2011, 2012, 2011, 2008, 2013, 2012, 2008, 2014, 2013, 2008, 2016, 2015, 2017, 2017, 2015, 2018, 2020, 2019, 2017, 2019, 2021, 2017, 2017, 2021, 2022, 2023, 2022, 2021, 2025, 2024, 2026, 2026, 2024, 2027, 2024, 2028, 2027, 2029, 2027, 2028, 2030, 2027, 2029, 2031, 2027, 2030, 2033, 2032, 2034, 2034, 2032, 2035, 2035, 2032, 2036, 2037, 2036, 2032, 2038, 2035, 2036, 2039, 2035, 2038, 2041, 2040, 2042, 2042, 2040, 2043, 2045, 2044, 2046, 2046, 2044, 2047, 2049, 2048, 2050, 2050, 2048, 2051, 2053, 2052, 2054, 2054, 2052, 2055, 2057, 2056, 2058, 2058, 2056, 2059, 2061, 2060, 2062, 2062, 2060, 2063, 2065, 2064, 2066, 2066, 2064, 2067, 2069, 2068, 2070, 2070, 2068, 2071, 2073, 2072, 2074, 2075, 2074, 2072, 2076, 2074, 2075, 2077, 2076, 2075, 2079, 2078, 2080, 2080, 2078, 2081, 2083, 2082, 2084, 2084, 2082, 2085, 2087, 2086, 2088, 2088, 2086, 2089, 2091, 2090, 2092, 2093, 2092, 2090, 2094, 2093, 2090, 2095, 2093, 2094, 2097, 2096, 2098, 2098, 2096, 2099, 2101, 2100, 2102, 2102, 2100, 2103, 2105, 2104, 2106, 2106, 2104, 2107, 2109, 2108, 2110, 2110, 2108, 2111, 2113, 2112, 2114, 2114, 2112, 2115, 2117, 2116, 2118, 2118, 2116, 2119, 2121, 2120, 2122, 2122, 2120, 2123, 2125, 2124, 2126, 2126, 2124, 2127, 2129, 2128, 2130, 2130, 2128, 2131, 2133, 2132, 2134, 2134, 2132, 2135, 2137, 2136, 2138, 2138, 2136, 2139, 2141, 2140, 2142, 2142, 2140, 2143, 2145, 2144, 2146, 2146, 2144, 2147, 2149, 2148, 2150, 2150, 2148, 2151, 2153, 2152, 2154, 2154, 2152, 2155, 2157, 2156, 2158, 2158, 2156, 2159, 2161, 2160, 2162, 2162, 2160, 2163, 2165, 2164, 2166, 2166, 2164, 2167, 2169, 2168, 2170, 2171, 2170, 2168, 2172, 2170, 2171, 2173, 2172, 2171, 2175, 2174, 2176, 2176, 2174, 2177, 2179, 2178, 2180, 2180, 2178, 2181, 2183, 2182, 2184, 2184, 2182, 2185, 2187, 2186, 2188, 2189, 2188, 2186, 2190, 2188, 2189, 2191, 2190, 2189, 2193, 2192, 2194, 2194, 2192, 2195, 2197, 2196, 2198, 2198, 2196, 2199, 2201, 2200, 2202, 2202, 2200, 2203, 2205, 2204, 2206, 2207, 2204, 2205, 2205, 2208, 2207, 2207, 2208, 2209, 2208, 2210, 2209, 2211, 2209, 2210, 2213, 2212, 2214, 2214, 2212, 2215, 2217, 2216, 2218, 2219, 2218, 2216, 2220, 2218, 2219, 2221, 2218, 2220, 2223, 2222, 2224, 2224, 2222, 2225, 2222, 2226, 2225, 2227, 2225, 2226, 2228, 2227, 2226, 2229, 2227, 2228, 2231, 2230, 2232, 2232, 2230, 2233, 2230, 2234, 2233, 2235, 2233, 2234, 2236, 2235, 2234, 2237, 2235, 2236, 2239, 2238, 2240, 2240, 2238, 2241, 2243, 2242, 2244, 2244, 2242, 2245, 2247, 2246, 2248, 2248, 2246, 2249, 2251, 2250, 2252, 2252, 2250, 2253, 2255, 2254, 2256, 2256, 2254, 2257, 2259, 2258, 2260, 2260, 2258, 2261, 2263, 2262, 2264, 2264, 2262, 2265, 2267, 2266, 2268, 2268, 2266, 2269, 2271, 2270, 2272, 2273, 2272, 2270, 2274, 2272, 2273, 2275, 2272, 2274, 2277, 2276, 2278, 2278, 2276, 2279, 2281, 2280, 2282, 2282, 2280, 2283, 2285, 2284, 2286, 2286, 2284, 2287, 2289, 2288, 2290, 2291, 2290, 2288, 2292, 2290, 2291, 2293, 2292, 2291, 2295, 2294, 2296, 2296, 2294, 2297, 2299, 2298, 2300, 2300, 2298, 2301, 2303, 2302, 2304, 2304, 2302, 2305, 2307, 2306, 2308, 2308, 2306, 2309, 2311, 2310, 2312, 2312, 2310, 2313, 2315, 2314, 2316, 2316, 2314, 2317, 2319, 2318, 2320, 2320, 2318, 2321, 2323, 2322, 2324, 2324, 2322, 2325, 2327, 2326, 2328, 2328, 2326, 2329, 2331, 2330, 2332, 2332, 2330, 2333, 2335, 2334, 2336, 2336, 2334, 2337, 2339, 2338, 2340, 2340, 2338, 2341, 2343, 2342, 2344, 2344, 2342, 2345, 2347, 2346, 2348, 2348, 2346, 2349, 2351, 2350, 2352, 2352, 2350, 2353, 2355, 2354, 2356, 2356, 2354, 2357, 2359, 2358, 2360, 2360, 2358, 2361, 2363, 2362, 2364, 2364, 2362, 2365, 2367, 2366, 2368, 2369, 2368, 2366, 2370, 2368, 2369, 2371, 2370, 2369, 2373, 2372, 2374, 2374, 2372, 2375, 2377, 2376, 2378, 2378, 2376, 2379, 2381, 2380, 2382, 2382, 2380, 2383, 2385, 2384, 2386, 2387, 2386, 2384, 2388, 2387, 2384, 2389, 2387, 2388, 2391, 2390, 2392, 2392, 2390, 2393, 2395, 2394, 2396, 2396, 2394, 2397, 2399, 2398, 2400, 2400, 2398, 2401, 2403, 2402, 2404, 2405, 2402, 2403, 2403, 2406, 2405, 2407, 2405, 2406, 2408, 2405, 2407, 2409, 2408, 2407, 2411, 2410, 2412, 2412, 2410, 2413, 2415, 2414, 2412, 2416, 2412, 2414, 2417, 2416, 2414, 2418, 2416, 2417, 2420, 2419, 2421, 2421, 2419, 2422, 2419, 2423, 2422, 2423, 2424, 2422, 2422, 2424, 2425, 2426, 2425, 2424, 2428, 2427, 2429, 2429, 2427, 2430, 2430, 2427, 2431, 2432, 2431, 2427, 2433, 2432, 2427, 2434, 2432, 2433, 2436, 2435, 2437, 2437, 2435, 2438, 2440, 2439, 2441, 2441, 2439, 2442, 2444, 2443, 2445, 2445, 2443, 2446, 2448, 2447, 2449, 2449, 2447, 2450, 2452, 2451, 2453, 2453, 2451, 2454, 2456, 2455, 2457, 2457, 2455, 2458, 2460, 2459, 2461, 2461, 2459, 2462, 2464, 2463, 2465, 2465, 2463, 2466, 2468, 2467, 2469, 2470, 2469, 2467, 2471, 2469, 2470, 2472, 2471, 2470, 2474, 2473, 2475, 2475, 2473, 2476, 2478, 2477, 2479, 2479, 2477, 2480, 2482, 2481, 2483, 2483, 2481, 2484, 2486, 2485, 2487, 2488, 2487, 2485, 2489, 2487, 2488, 2490, 2489, 2488, 2492, 2491, 2493, 2493, 2491, 2494, 2496, 2495, 2497, 2497, 2495, 2498, 2500, 2499, 2501, 2501, 2499, 2502, 2504, 2503, 2505, 2505, 2503, 2506, 2508, 2507, 2509, 2509, 2507, 2510, 2512, 2511, 2513, 2513, 2511, 2514, 2516, 2515, 2517, 2517, 2515, 2518, 2520, 2519, 2521, 2521, 2519, 2522, 2524, 2523, 2525, 2525, 2523, 2526, 2528, 2527, 2529, 2529, 2527, 2530, 2532, 2531, 2533, 2533, 2531, 2534, 2536, 2535, 2537, 2537, 2535, 2538, 2540, 2539, 2541, 2541, 2539, 2542, 2544, 2543, 2545, 2545, 2543, 2546, 2548, 2547, 2549, 2549, 2547, 2550, 2552, 2551, 2553, 2553, 2551, 2554, 2556, 2555, 2557, 2557, 2555, 2558, 2560, 2559, 2561, 2561, 2559, 2562, 2564, 2563, 2565, 2566, 2565, 2563, 2567, 2565, 2566, 2568, 2565, 2567, 2570, 2569, 2571, 2571, 2569, 2572, 2574, 2573, 2575, 2575, 2573, 2576, 2578, 2577, 2579, 2579, 2577, 2580, 2582, 2581, 2583, 2584, 2583, 2581, 2585, 2583, 2584, 2586, 2585, 2584, 2588, 2587, 2589, 2589, 2587, 2590, 2592, 2591, 2593, 2593, 2591, 2594, 2596, 2595, 2597, 2597, 2595, 2598, 2600, 2599, 2601, 2602, 2599, 2600, 2602, 2600, 2603, 2604, 2602, 2603, 2600, 2605, 2603, 2606, 2603, 2605, 2608, 2607, 2609, 2609, 2607, 2610, 2611, 2609, 2612, 2609, 2613, 2612, 2612, 2613, 2614, 2615, 2614, 2613, 2617, 2616, 2618, 2618, 2616, 2619, 2619, 2616, 2620, 2621, 2619, 2620, 2616, 2622, 2620, 2623, 2620, 2622, 2625, 2624, 2626, 2626, 2624, 2627, 2624, 2628, 2627, 2628, 2629, 2627, 2627, 2629, 2630, 2631, 2630, 2629, 2633, 2632, 2634, 2634, 2632, 2635, 2637, 2636, 2638, 2638, 2636, 2639, 2641, 2640, 2642, 2642, 2640, 2643, 2645, 2644, 2646, 2646, 2644, 2647, 2649, 2648, 2650, 2650, 2648, 2651, 2653, 2652, 2654, 2654, 2652, 2655, 2657, 2656, 2658, 2658, 2656, 2659, 2661, 2660, 2662, 2662, 2660, 2663, 2665, 2664, 2666, 2667, 2666, 2664, 2668, 2667, 2664, 2669, 2667, 2668, 2671, 2670, 2672, 2672, 2670, 2673, 2675, 2674, 2676, 2676, 2674, 2677, 2679, 2678, 2680, 2680, 2678, 2681, 2683, 2682, 2684, 2685, 2684, 2682, 2686, 2685, 2682, 2687, 2685, 2686, 2689, 2688, 2690, 2690, 2688, 2691, 2693, 2692, 2694, 2694, 2692, 2695, 2697, 2696, 2698, 2698, 2696, 2699, 2701, 2700, 2702, 2702, 2700, 2703, 2705, 2704, 2706, 2706, 2704, 2707, 2709, 2708, 2710, 2710, 2708, 2711, 2713, 2712, 2714, 2714, 2712, 2715, 2717, 2716, 2718, 2718, 2716, 2719, 2721, 2720, 2722, 2722, 2720, 2723, 2725, 2724, 2726, 2726, 2724, 2727, 2729, 2728, 2730, 2730, 2728, 2731, 2733, 2732, 2734, 2734, 2732, 2735, 2737, 2736, 2738, 2738, 2736, 2739, 2741, 2740, 2742, 2742, 2740, 2743, 2745, 2744, 2746, 2746, 2744, 2747, 2749, 2748, 2750, 2750, 2748, 2751, 2753, 2752, 2754, 2754, 2752, 2755, 2757, 2756, 2758, 2758, 2756, 2759, 2761, 2760, 2762, 2763, 2762, 2760, 2764, 2762, 2763, 2765, 2762, 2764, 2767, 2766, 2768, 2768, 2766, 2769, 2771, 2770, 2772, 2772, 2770, 2773, 2775, 2774, 2776, 2776, 2774, 2777, 2779, 2778, 2780, 2781, 2780, 2778, 2782, 2781, 2778, 2783, 2782, 2778, 2785, 2784, 2786, 2786, 2784, 2787, 2789, 2788, 2790, 2790, 2788, 2791, 2793, 2792, 2794, 2794, 2792, 2795, 2797, 2796, 2798, 2799, 2796, 2797, 2799, 2797, 2800, 2801, 2800, 2797, 2802, 2801, 2797, 2803, 2802, 2797, 2805, 2804, 2806, 2806, 2804, 2807, 2809, 2808, 2806, 2806, 2808, 2810, 2808, 2811, 2810, 2812, 2810, 2811, 2814, 2813, 2815, 2815, 2813, 2816, 2816, 2813, 2817, 2813, 2818, 2817, 2817, 2818, 2819, 2820, 2819, 2818, 2822, 2821, 2823, 2823, 2821, 2824, 2824, 2821, 2825, 2821, 2826, 2825, 2825, 2826, 2827, 2828, 2827, 2826, 2830, 2829, 2831, 2831, 2829, 2832, 2834, 2833, 2835, 2835, 2833, 2836, 2838, 2837, 2839, 2839, 2837, 2840, 2842, 2841, 2843, 2843, 2841, 2844, 2846, 2845, 2847, 2847, 2845, 2848, 2850, 2849, 2851, 2851, 2849, 2852, 2854, 2853, 2855, 2855, 2853, 2856, 2858, 2857, 2859, 2859, 2857, 2860, 2862, 2861, 2863, 2864, 2863, 2861, 2865, 2864, 2861, 2866, 2864, 2865, 2868, 2867, 2869, 2869, 2867, 2870, 2872, 2871, 2873, 2873, 2871, 2874, 2876, 2875, 2877, 2877, 2875, 2878, 2880, 2879, 2881, 2882, 2881, 2879, 2883, 2881, 2882, 2884, 2883, 2882, 2886, 2885, 2887, 2887, 2885, 2888, 2890, 2889, 2891, 2891, 2889, 2892, 2894, 2893, 2895, 2895, 2893, 2896, 2898, 2897, 2899, 2899, 2897, 2900, 2902, 2901, 2903, 2903, 2901, 2904, 2906, 2905, 2907, 2907, 2905, 2908, 2910, 2909, 2911, 2911, 2909, 2912, 2914, 2913, 2915, 2915, 2913, 2916, 2918, 2917, 2919, 2919, 2917, 2920, 2922, 2921, 2923, 2923, 2921, 2924, 2926, 2925, 2927, 2927, 2925, 2928, 2930, 2929, 2931, 2931, 2929, 2932, 2934, 2933, 2935, 2935, 2933, 2936, 2938, 2937, 2939, 2939, 2937, 2940, 2942, 2941, 2943, 2943, 2941, 2944, 2946, 2945, 2947, 2947, 2945, 2948, 2950, 2949, 2951, 2951, 2949, 2952, 2954, 2953, 2955, 2955, 2953, 2956, 2958, 2957, 2959, 2960, 2959, 2957, 2961, 2960, 2957, 2962, 2961, 2957, 2964, 2963, 2965, 2965, 2963, 2966, 2968, 2967, 2969, 2969, 2967, 2970, 2972, 2971, 2973, 2973, 2971, 2974, 2976, 2975, 2977, 2978, 2977, 2975, 2979, 2977, 2978, 2980, 2979, 2978, 2982, 2981, 2983, 2983, 2981, 2984, 2986, 2985, 2987, 2987, 2985, 2988, 2990, 2989, 2991, 2991, 2989, 2992, 2994, 2993, 2995, 2996, 2993, 2994, 2994, 2997, 2996, 2998, 2997, 2994, 2996, 2997, 2999, 3000, 2999, 2997, 3002, 3001, 3003, 3003, 3001, 3004, 3006, 3005, 3007, 3005, 3008, 3007, 3007, 3008, 3009, 3010, 3009, 3008, 3012, 3011, 3013, 3013, 3011, 3014, 3011, 3015, 3014, 3016, 3015, 3011, 3015, 3017, 3014, 3018, 3014, 3017, 3020, 3019, 3021, 3021, 3019, 3022, 3019, 3023, 3022, 3023, 3024, 3022, 3022, 3024, 3025, 3026, 3025, 3024, 3028, 3027, 3029, 3029, 3027, 3030, 3032, 3031, 3033, 3033, 3031, 3034, 3036, 3035, 3037, 3037, 3035, 3038, 3040, 3039, 3041, 3041, 3039, 3042, 3044, 3043, 3045, 3045, 3043, 3046, 3048, 3047, 3049, 3049, 3047, 3050, 3052, 3051, 3053, 3053, 3051, 3054, 3056, 3055, 3057, 3057, 3055, 3058, 3060, 3059, 3061, 3062, 3061, 3059, 3063, 3062, 3059, 3064, 3062, 3063, 3066, 3065, 3067, 3067, 3065, 3068, 3070, 3069, 3071, 3071, 3069, 3072, 3074, 3073, 3075, 3075, 3073, 3076, 3078, 3077, 3079, 3080, 3079, 3077, 3081, 3080, 3077, 3082, 3080, 3081, 3084, 3083, 3085, 3085, 3083, 3086, 3088, 3087, 3089, 3089, 3087, 3090, 3092, 3091, 3093, 3093, 3091, 3094, 3096, 3095, 3097, 3097, 3095, 3098, 3100, 3099, 3101, 3101, 3099, 3102, 3104, 3103, 3105, 3105, 3103, 3106, 3108, 3107, 3109, 3109, 3107, 3110, 3112, 3111, 3113, 3113, 3111, 3114, 3116, 3115, 3117, 3117, 3115, 3118, 3120, 3119, 3121, 3121, 3119, 3122, 3124, 3123, 3125, 3125, 3123, 3126, 3128, 3127, 3129, 3129, 3127, 3130, 3132, 3131, 3133, 3134, 3133, 3131, 3135, 3133, 3134, 3136, 3135, 3134, 3138, 3137, 3139, 3139, 3137, 3140, 3142, 3141, 3143, 3143, 3141, 3144, 3146, 3145, 3147, 3147, 3145, 3148, 3150, 3149, 3151, 3151, 3149, 3152, 3154, 3153, 3155, 3155, 3153, 3156]
    rel material:binding = </PP_Tree_02_1204/Materials/PP_Standard_Material_52838>
    normal3f[] normals = [(0.16552545, 0.7103446, 0.684114), (0.16594043, 0.7126779, 0.6815819), (0.1656735, 0.7122265, 0.6821186), (0.22300082, 0.69044113, -0.68815815), (0.22300082, 0.69044113, -0.68815815), (0.22300082, 0.69044113, -0.68815815), (0.22245301, 0.6775528, -0.7010254), (0.22246324, 0.6775296, -0.70104486), (0.22240032, 0.6776532, -0.7009452), (-0.17886287, -0.6649356, 0.725168), (-0.17886287, -0.6649356, 0.725168), (-0.17886287, -0.6649356, 0.725168), (-0.110982515, -0.64551497, -0.755641), (-0.110982515, -0.64551497, -0.755641), (-0.110982515, -0.64551497, -0.755641), (0.5742032, 0.78946406, -0.21688078), (0.57124245, 0.7916424, -0.2167589), (0.5719288, 0.7911918, -0.21659394), (-0.76094264, 0.64214396, -0.09283004), (-0.76094264, 0.64214396, -0.09283004), (-0.76094264, 0.64214396, -0.09283004), (0.78795356, -0.6141639, 0.043953463), (0.78795356, -0.6141639, 0.043953463), (0.78795356, -0.6141639, 0.043953463), (-0.6590237, -0.7317017, 0.17406985), (-0.6590237, -0.7317017, 0.17406985), (-0.6590237, -0.7317017, 0.17406985), (0.5964007, 0.7620024, 0.2523066), (0.5964007, 0.7620024, 0.2523066), (0.5964007, 0.7620024, 0.2523066), (-0.6413788, -0.7393204, -0.20503302), (-0.6413788, -0.7393204, -0.20503302), (-0.6413788, -0.7393204, -0.20503302), (0.789306, -0.6084141, -0.08263369), (0.789306, -0.6084141, -0.08263369), (0.789306, -0.6084141, -0.08263369), (0.55383074, 0.7578102, -0.34495676), (0.5525866, 0.75892293, -0.34450558), (0.55301404, 0.75855124, -0.3446382), (-0.7678017, 0.6222795, 0.15247539), (-0.7678017, 0.6222795, 0.15247539), (-0.7678017, 0.6222795, 0.15247539), (0.77461696, -0.5968822, -0.20904602), (0.77461696, -0.5968822, -0.20904602), (0.77461696, -0.5968822, -0.20904602), (-0.6409271, -0.6964384, 0.32277882), (-0.6409271, -0.6964384, 0.32277882), (-0.6409271, -0.6964384, 0.32277882), (-0.10843595, 0.7587977, -0.6422365), (-0.10853405, 0.76096976, -0.6396448), (-0.10833999, 0.760432, -0.6403169), (-0.12976739, 0.66810244, 0.7326661), (-0.12976739, 0.66810244, 0.7326661), (-0.12976739, 0.66810244, 0.7326661), (-0.13022597, 0.65443, 0.7448239), (-0.1302436, 0.654401, 0.7448462), (-0.13046801, 0.6540423, 0.745122), (0.087194994, -0.63625187, -0.7665381), (0.087194994, -0.63625187, -0.7665381), (0.087194994, -0.63625187, -0.7665381), (0.06282796, -0.6928473, 0.71834207), (0.06282796, -0.6928473, 0.71834207), (0.06282796, -0.6928473, 0.71834207), (-0.66805005, 0.7229618, -0.1761687), (-0.6666694, 0.7244296, -0.17536677), (-0.66703933, 0.72402936, -0.17561337), (0.57096654, 0.6672672, 0.47827998), (0.57096654, 0.6672672, 0.47827998), (0.57096654, 0.6672672, 0.47827998), (-0.6214569, -0.6445836, -0.4453127), (-0.6214569, -0.6445836, -0.4453127), (-0.6214569, -0.6445836, -0.4453127), (0.7042139, -0.6624261, 0.2554888), (0.7042139, -0.6624261, 0.2554888), (0.7042139, -0.6624261, 0.2554888), (-0.4922458, 0.73116183, 0.472331), (-0.4910027, 0.7324298, 0.47165978), (-0.4914357, 0.73200417, 0.4718696), (0.7000054, 0.67693806, -0.22748022), (0.7000054, 0.67693806, -0.22748022), (0.7000054, 0.67693806, -0.22748022), (-0.6987408, -0.65452, 0.2887299), (-0.6987408, -0.65452, 0.2887299), (-0.6987408, -0.65452, 0.2887299), (0.5794624, -0.6717261, -0.46152732), (0.5794624, -0.6717261, -0.46152732), (0.5794624, -0.6717261, -0.46152732), (0.7084698, 0.67566377, 0.20383567), (0.70740306, 0.67698014, 0.20317169), (0.7076406, 0.67667717, 0.2033541), (-0.6230869, 0.61260605, -0.48628852), (-0.6230869, 0.61260605, -0.48628852), (-0.6230869, 0.61260605, -0.48628852), (0.6680652, -0.5888102, 0.4549632), (0.6680652, -0.5888102, 0.4549632), (0.6680652, -0.5888102, 0.4549632), (-0.74227595, -0.6089743, -0.27960116), (-0.74227595, -0.6089743, -0.27960116), (-0.74227595, -0.6089743, -0.27960116), (-0.17325978, 0.6757346, -0.71649414), (-0.17330796, 0.6769823, -0.7153036), (-0.1732682, 0.67660815, -0.7156671), (-0.11445781, 0.6126073, 0.78205615), (-0.11445781, 0.6126073, 0.78205615), (-0.11445781, 0.6126073, 0.78205615), (0.064982295, -0.5888081, -0.8056564), (0.064982295, -0.5888081, -0.8056564), (0.064982295, -0.5888081, -0.8056564), (0.124134675, -0.608973, 0.7834171), (0.124134675, -0.608973, 0.7834171), (0.124134675, -0.608973, 0.7834171), (0.09546453, 0.7388848, 0.66703504), (0.09565313, 0.74017084, 0.6655806), (0.09557837, 0.73987824, 0.66591656), (0.2284597, 0.68646437, -0.6903426), (0.2284597, 0.68646437, -0.6903426), (0.2284597, 0.68646437, -0.6903426), (-0.1774675, -0.6644345, 0.7259697), (-0.1774675, -0.6644345, 0.7259697), (-0.1774675, -0.6644345, 0.7259697), (-0.035256397, -0.6807778, -0.73164105), (-0.035256397, -0.6807778, -0.73164105), (-0.035256397, -0.6807778, -0.73164105), (0.5921178, 0.76196116, 0.2623201), (0.5911406, 0.76288056, 0.26185098), (0.5913874, 0.76263547, 0.26200783), (-0.55716956, 0.70899993, -0.43229744), (-0.55716956, 0.70899993, -0.43229744), (-0.55716956, 0.70899993, -0.43229744), (0.6109517, -0.68689847, 0.39358416), (0.6109517, -0.68689847, 0.39358416), (0.6109517, -0.68689847, 0.39358416), (-0.6219805, -0.7034546, -0.343936), (-0.6219805, -0.7034546, -0.343936), (-0.6219805, -0.7034546, -0.343936), (0.22962508, 0.7733091, -0.5909868), (0.22778027, 0.7755687, -0.5887354), (0.22834478, 0.77511173, -0.5891183), (-0.57694787, 0.62065995, 0.5309542), (-0.57694787, 0.62065995, 0.5309542), (-0.57694787, 0.62065995, 0.5309542), (0.55795085, -0.5920656, -0.58150595), (0.55795085, -0.5920656, -0.58150595), (0.55795085, -0.5920656, -0.58150595), (-0.31672806, -0.7124477, 0.62618023), (-0.31672806, -0.7124477, 0.62618023), (-0.31672806, -0.7124477, 0.62618023), (-0.43828073, 0.73897535, -0.51168877), (-0.43764243, 0.7403014, -0.51031655), (-0.43775928, 0.740001, -0.5106519), (0.1775363, 0.68631595, 0.70530224), (0.1775363, 0.68631595, 0.70530224), (0.1775363, 0.68631595, 0.70530224), (-0.23958185, -0.66440856, -0.70792776), (-0.23958185, -0.66440856, -0.70792776), (-0.23958185, -0.66440856, -0.70792776), (0.42218444, -0.6806948, 0.5986776), (0.42218444, -0.6806948, 0.5986776), (0.42218444, -0.6806948, 0.5986776), (-0.61710155, 0.64495003, -0.450805), (-0.6167437, 0.6462954, -0.44936553), (-0.61675656, 0.6460701, -0.4496718), (0.018956024, 0.67352134, 0.7389247), (0.018956024, 0.67352134, 0.7389247), (0.018956024, 0.67352134, 0.7389247), (-0.08719909, -0.669174, -0.73797184), (-0.08719909, -0.669174, -0.73797184), (-0.08719909, -0.669174, -0.73797184), (0.5873887, -0.60240954, 0.54044175), (0.5873887, -0.60240954, 0.54044175), (0.5873887, -0.60240954, 0.54044175), (0.4988974, 0.046078105, -0.8654353), (0.4984435, 0.04574763, -0.8657142), (0.4985559, 0.046045665, -0.8656337), (-0.50250375, 0.048722614, -0.8632011), (-0.50101465, 0.046134, -0.8642083), (-0.5010099, 0.04611686, -0.8642119), (-0.5007767, 0.04611595, 0.8643471), (-0.5010337, 0.046140146, 0.8641969), (-0.5010125, 0.04613818, 0.86420935), (-0.5007767, 0.04611595, 0.8643471), (-0.5010125, 0.04613818, 0.86420935), (-0.50088876, 0.046126522, 0.86428165), (-0.19859594, -0.6645952, 0.72032833), (-0.19858901, -0.6645877, 0.7203371), (-0.19846232, -0.664469, 0.72048146), (-0.19859594, -0.6645952, 0.72032833), (-0.19846232, -0.664469, 0.72048146), (-0.19859767, -0.6645945, 0.72032845), (0.78653973, -0.61409956, 0.065092586), (0.7865507, -0.6140875, 0.06507297), (0.78654075, -0.61409855, 0.06508932), (0.78653973, -0.61409956, 0.065092586), (0.78654075, -0.61409855, 0.06508932), (0.7865376, -0.6141021, 0.06509385), (-0.6356898, -0.7378223, -0.22697291), (-0.6357073, -0.73781234, -0.22695637), (-0.6357193, -0.7378042, -0.22694916), (-0.6356898, -0.7378223, -0.22697291), (-0.6357193, -0.7378042, -0.22694916), (-0.635715, -0.7378076, -0.22695005), (0.786364, -0.58838683, -0.18823539), (0.7863622, -0.58839154, -0.18822849), (0.78635544, -0.5884053, -0.18821365), (0.786364, -0.58838683, -0.18823539), (0.78635544, -0.5884053, -0.18821365), (0.78635937, -0.58839595, -0.1882261), (0.10714825, -0.63808715, -0.7624723), (0.10714771, -0.63808376, -0.76247525), (0.10717991, -0.6381226, -0.7624382), (0.10714825, -0.63808715, -0.7624723), (0.10717991, -0.6381226, -0.7624382), (0.107137315, -0.63807356, -0.76248515), (-0.61393946, -0.6353458, -0.46841663), (-0.6139791, -0.6353182, -0.46840197), (-0.61384743, -0.63541406, -0.46844456), (-0.61393946, -0.6353458, -0.46841663), (-0.61384743, -0.63541406, -0.46844456), (-0.6139685, -0.63532645, -0.46840462), (-0.7147076, -0.64526325, 0.26986742), (-0.71470886, -0.64526147, 0.2698683), (-0.7146861, -0.6453197, 0.26978916), (-0.7147076, -0.64526325, 0.26986742), (-0.7146861, -0.6453197, 0.26978916), (-0.71470916, -0.64525783, 0.2698761), (0.66139317, -0.5798187, 0.47578293), (0.6613836, -0.57982737, 0.47578558), (0.66152966, -0.57970476, 0.47573212), (0.66139317, -0.5798187, 0.47578293), (0.66152966, -0.57970476, 0.47573212), (0.66141856, -0.5797981, 0.4757727), (0.08638051, -0.57981974, -0.8101527), (0.086383484, -0.5798266, -0.8101475), (0.08626662, -0.57970476, -0.8102472), (0.08638051, -0.57981974, -0.8101527), (0.08626662, -0.57970476, -0.8102472), (0.08636282, -0.5798007, -0.8101682), (-0.20254202, -0.6550913, 0.72789574), (-0.20254159, -0.6550952, 0.7278922), (-0.20259503, -0.6551495, 0.7278285), (-0.20254202, -0.6550913, 0.72789574), (-0.20259503, -0.6551495, 0.7278285), (-0.20254497, -0.6550964, 0.7278902), (0.6011064, -0.6777581, 0.42345616), (0.6011033, -0.67775935, 0.42345837), (0.60109514, -0.6777648, 0.42346144), (0.6011064, -0.6777581, 0.42345616), (0.60109514, -0.6777648, 0.42346144), (0.6011026, -0.67776084, 0.42345703), (0.57251245, -0.59209496, -0.56714463), (0.5725136, -0.59208924, -0.5671495), (0.57251114, -0.5920837, -0.56715775), (0.57251245, -0.59209496, -0.56714463), (0.57251114, -0.5920837, -0.56715775), (0.57251483, -0.59209734, -0.5671396), (-0.21943079, -0.6551167, -0.7229607), (-0.21943226, -0.6551218, -0.72295564), (-0.21937169, -0.65516126, -0.7229383), (-0.21943079, -0.6551167, -0.7229607), (-0.21937169, -0.65516126, -0.7229383), (-0.21941672, -0.6551277, -0.72295505), (-0.06876775, -0.6538078, -0.7535292), (-0.06879015, -0.6537977, -0.75353605), (-0.06874896, -0.65381324, -0.7535263), (-0.06876775, -0.6538078, -0.7535292), (-0.06874896, -0.65381324, -0.7535263), (-0.06874211, -0.65381813, -0.75352263), (-0.7310184, 0.6684029, 0.13729416), (-0.7288576, 0.67067295, 0.13771136), (-0.7292932, 0.67025524, 0.13743836), (-0.73107564, 0.66836816, 0.13715845), (-0.7309609, 0.66845876, 0.13732806), (0.49993727, -0.0320741, -0.8654674), (0.4999125, -0.032068193, -0.865482), (0.50017506, -0.032130934, -0.86532795), (0.5002057, -0.032138266, -0.86530995), (0.9984907, -0.05492062, -9.4728534e-7), (0.9984907, -0.054920617, -9.5180593e-7), (0.9984907, -0.05492064, -9.0154776e-7), (0.9984907, -0.05492064, -8.9598416e-7), (0.49998638, 0.005451815, 0.86601615), (0.49998564, 0.005451761, 0.86601657), (0.49999434, 0.0054523926, 0.8660115), (0.49999526, 0.0054524597, 0.866011), (-0.4985463, 0.088704094, 0.8623127), (-0.49849108, 0.0887094, 0.8623441), (-0.49912378, 0.08864891, 0.8619842), (-0.4991914, 0.08864244, 0.8619457), (0.9989422, 0.045983467, -0.0000014595591), (0.9989422, 0.045983486, 0), (0.9989422, 0.045983482, -1.0246613e-7), (0.9989422, 0.045983467, -0.0000015135477), (-0.9937855, 0.11131276, 0.0000013799581), (-0.9937856, 0.11131153, 0.0000010813269), (-0.9937856, 0.11131153, 0.0000010795161), (-0.9937821, 0.111342266, 7.4587297e-7), (-0.9912073, 0.13231808, 0.0000010856994), (-0.9912073, 0.13231808, 0.0000010614549), (-0.49965236, 0.05133129, -0.8647038), (-0.4996162, 0.051321708, -0.86472523), (-0.50250375, 0.048722614, -0.8632011), (-0.502148, 0.04768521, -0.86346596), (-0.5010099, 0.04611686, -0.8642119), (0.99836737, 0.057119444, -0.0000010993488), (0.99836737, 0.05711949, -0.0000010365139), (0.99836737, 0.05711948, -0.0000010457584), (0.99836737, 0.057119437, -0.0000011112874), (-0.99971634, -0.023815531, 0.000001042174), (-0.99971634, -0.02381558, 8.616769e-7), (-0.99971634, -0.023815578, 8.728525e-7), (-0.99971634, -0.02381553, 0.000001050475), (-0.99893147, 0.046216264, 0.0000010177415), (-0.99893147, 0.046216235, 0.0000011181484), (-0.99893147, 0.046216235, 0.0000011110641), (-0.99893147, 0.046216264, 0.0000010140085), (0.4988974, 0.046078105, -0.8654353), (0.49854103, 0.04547891, -0.86567223), (0.4984435, 0.04574763, -0.8657142), (0.498801, 0.045220073, -0.8655361), (0.49881256, 0.04519454, -0.8655307), (0.5015993, 0.034691043, -0.8644042), (0.5015117, 0.034691412, -0.86445504), (0.4983212, 0.04601628, 0.8657704), (0.49845257, 0.04575057, 0.86570895), (0.4982285, 0.046025027, 0.8658233), (0.49858782, 0.045489363, 0.8656448), (0.49880606, 0.04521371, 0.86553353), (0.4988075, 0.04518897, 0.86553395), (0.5005916, 0.000067924426, 0.86568356), (0.50061256, 0.00006603845, 0.8656714), (-0.49514452, 0.080212325, -0.86509997), (-0.49499938, 0.080214955, -0.8651827), (-0.494943, 0.08021626, -0.8652149), (-0.495016, 0.08021493, -0.8651732), (-0.50029314, -0.0009975856, -0.8658555), (-0.5001582, -0.0009785539, -0.86593354), (-0.5001671, -0.0009797998, -0.8659284), (-0.5002992, -0.0009984416, -0.865852), (-0.5002922, -0.0009869611, 0.8658561), (-0.50023717, -0.0009834863, 0.86588794), (-0.50029856, -0.0009866536, 0.86585236), (-0.500238, -0.0010104643, 0.8658874), (-0.4975902, 0.045690592, 0.866208), (-0.49762297, 0.04569431, 0.86618906), (0.99764687, 0.06856143, -4.8693136e-7), (0.99764687, 0.06856128, -0.0000017537137), (0.99764687, 0.06856129, -0.0000016738506), (0.99764687, 0.068561435, -4.275943e-7), (0.9999856, -0.005375556, -6.396357e-7), (0.9999856, -0.0053755934, -0.000003438444), (0.9999856, -0.005375592, -0.0000033131705), (0.9999856, -0.005375555, -5.94983e-7), (-0.9963102, 0.08582509, 0.0000011687687), (-0.9963102, 0.08582513, 0), (-0.9963102, 0.08582513, 0), (-0.9963102, 0.08582509, 0.0000011878171), (-0.49902353, -0.061843842, -0.8643789), (-0.4990583, -0.061829485, -0.86435974), (-0.49920183, -0.061770603, -0.86428124), (-0.49875787, -0.061953455, -0.86452436), (-0.4839326, 0.25254723, 0.8378718), (-0.48408264, 0.2525085, 0.8377967), (-0.48431575, 0.25244874, 0.8376801), (-0.48467848, 0.25235546, 0.83749837), (0.4908168, 0.1894168, 0.8504235), (0.4906152, 0.18940343, 0.8505427), (0.49016115, 0.18937334, 0.8508112), (0.4903312, 0.18938455, 0.85071075), (0.99999726, -0.0023759364, -0.000001224513), (0.99999726, -0.002375936, -0.0000012468821), (0.99999726, -0.0023759382, -0.0000010540136), (0.99999726, -0.0023759387, -0.000001023452), (0.4958779, -0.12863104, -0.85881275), (0.49620792, -0.12869819, -0.8586119), (0.49581605, -0.12861866, -0.8588502), (0.49648246, -0.12875383, -0.8584449), (0.10756082, -0.5248248, -0.8443872), (0.1075516, -0.5247744, -0.8444196), (0.10755304, -0.5247773, -0.84441763), (0.107553616, -0.52477634, -0.84441817), (-0.32583565, -0.54366434, -0.7734728), (-0.32582316, -0.5436515, -0.77348715), (-0.32582992, -0.5436596, -0.7734785), (-0.3258382, -0.54366744, -0.7734697), (-0.14903662, -0.5710841, -0.807249), (-0.14903212, -0.57107687, -0.8072551), (-0.14903282, -0.57108474, -0.80724925), (-0.14904511, -0.5710647, -0.8072611), (0.54684854, -0.3920573, -0.739762), (0.5468489, -0.39205962, -0.73976046), (0.5468522, -0.39206353, -0.7397559), (0.5468514, -0.39206433, -0.7397561), (0.16552545, 0.7103446, 0.684114), (0.1656735, 0.7122265, 0.6821186), (0.16541407, 0.7102975, 0.68418974), (0.16544436, 0.71031564, 0.68416363), (-0.49765754, -0.6652405, 0.55658966), (-0.4976595, -0.66523916, 0.55658954), (-0.49766162, -0.66524106, 0.5565854), (-0.49766782, -0.6652422, 0.55657846), (-0.49765587, -0.66524285, 0.5565884), (-0.49766973, -0.66523486, 0.55658543), (0.43254253, -0.40337074, 0.8063491), (0.4325306, -0.40338293, 0.8063495), (0.43253574, -0.4033748, 0.80635077), (0.43254653, -0.40336043, 0.8063522), (-0.9199307, 0.15728006, -0.35915247), (-0.9199303, 0.15728974, -0.35914937), (-0.9199304, 0.15727402, -0.35915586), (-0.9199321, 0.15730482, -0.35913816), (-0.93960106, 0.16599406, 0.29932547), (-0.93958926, 0.16600756, 0.29935515), (-0.9396002, 0.16599376, 0.2993282), (-0.9395932, 0.16599387, 0.29935062), (-0.4336275, -0.6261217, -0.6480269), (-0.43361267, -0.62611675, -0.6480416), (-0.43362135, -0.6261185, -0.6480341), (-0.43362173, -0.62612057, -0.6480319), (-0.43361738, -0.6261334, -0.64802235), (-0.43362337, -0.62612045, -0.6480309), (-0.2471376, -0.5901518, -0.7685336), (-0.24712059, -0.5901389, -0.76854897), (-0.2471142, -0.5901348, -0.76855415), (-0.24714012, -0.5901565, -0.76852924), (-0.39066464, -0.58071274, 0.7142505), (-0.39066786, -0.5807229, 0.71424055), (-0.39066812, -0.5807224, 0.71424085), (-0.39066523, -0.5807123, 0.7142505), (-0.3174151, -0.624678, 0.71346), (-0.31741408, -0.6246624, 0.7134741), (-0.3174118, -0.6246539, 0.7134825), (-0.31741333, -0.6246827, 0.7134566), (0.44657755, 0.63368684, -0.6316719), (0.44657534, 0.63369024, -0.6316701), (0.44657344, 0.6336826, -0.6316792), (0.4465774, 0.6336859, -0.63167304), (0.44657364, 0.63368565, -0.63167584), (0.4465717, 0.6336918, -0.6316711), (0.4465649, 0.6336859, -0.6316819), (0.4465621, 0.6336715, -0.63169837), (0.33242744, 0.67133576, -0.66242003), (0.3324184, 0.6713285, -0.6624319), (0.33243522, 0.6713439, -0.66240776), (0.33243522, 0.6713407, -0.6624112), (0.32781404, 0.6565235, -0.67934895), (0.33242738, 0.67132515, -0.66243076), (0.32779172, 0.6565205, -0.6793626), (0.32773232, 0.6566178, -0.67929703), (0.32777768, 0.6565243, -0.67936563), (0.3277539, 0.65652275, -0.6793785), (0.4125528, 0.63890827, 0.64930457), (0.41305274, 0.6394878, 0.6484156), (0.41300923, 0.63939077, 0.64853895), (0.4170637, 0.6459962, 0.6393331), (0.41733065, 0.6460305, 0.6391241), (0.4173247, 0.6460589, 0.63909936), (0.41732493, 0.64606076, 0.6390973), (0.41742128, 0.6461082, 0.6389864), (0.29134092, 0.6768512, 0.6760126), (0.29079422, 0.6804111, 0.6726659), (0.2907911, 0.6803894, 0.6726892), (0.29079184, 0.6803847, 0.67269367), (0.29162514, 0.67588997, 0.6768513), (0.29161984, 0.67588747, 0.67685586), (0.29205197, 0.676055, 0.6765022), (0.2920324, 0.6760557, 0.67651), (-0.9620707, 0.25802344, 0.08856573), (-0.962078, 0.2579983, 0.08855976), (-0.9620719, 0.25801957, 0.088564344), (-0.9620781, 0.2579972, 0.08856248), (0.83323747, -0.3512999, 0.42697042), (0.8332372, -0.35129833, 0.4269723), (0.8332407, -0.35129076, 0.4269716), (0.8332367, -0.35129815, 0.4269733), (0.97091293, -0.23523608, 0.044631712), (0.9710395, -0.23471254, 0.044634894), (0.9709691, -0.23500396, 0.044633124), (0.970812, -0.23565297, 0.04462917), (0.8855239, -0.383861, -0.26172137), (0.8855382, -0.3838249, -0.26172578), (0.8855231, -0.38386202, -0.26172292), (0.8855357, -0.3838318, -0.26172447), (0.97767925, -0.20840083, -0.02669311), (0.97768426, -0.20837708, -0.026695102), (0.97767913, -0.20840079, -0.026694365), (0.97768265, -0.20840892, -0.026500365), (0.18989852, -0.62429875, 0.757753), (0.18990286, -0.6242922, 0.7577572), (0.18989427, -0.6243037, 0.75775), (0.18987957, -0.6243251, 0.7577361), (-0.87706095, 0.07346799, -0.4747279), (-0.8770496, 0.07348662, -0.4747458), (-0.8770496, 0.07347974, -0.47474697), (-0.87704533, 0.07348419, -0.47475415), (-0.19960234, -0.47568795, -0.85666794), (-0.19950682, -0.4760715, -0.85647696), (-0.1994346, -0.47636482, -0.8563308), (-0.19952206, -0.47601515, -0.85650486), (-0.27657634, -0.6418244, -0.71523917), (-0.2765957, -0.6418294, -0.7152271), (-0.27659813, -0.6418311, -0.7152246), (-0.2766691, -0.64186656, -0.7151654), (-0.27662513, -0.64183646, -0.71520936), (-0.27661592, -0.6418379, -0.71521163), (-0.82230216, 0.041983213, 0.5675002), (-0.8222889, 0.041989207, 0.5675191), (-0.822305, 0.04197923, 0.56749654), (-0.8223032, 0.041987605, 0.56749845), (-0.9088072, 0.16939391, 0.38128096), (-0.90882033, 0.16936009, 0.3812646), (-0.9088212, 0.1693541, 0.3812653), (-0.90881157, 0.16939133, 0.38127184), (0.6517654, -0.5269159, -0.54549193), (0.651762, -0.52689546, -0.5455158), (0.6517578, -0.5268875, -0.5455286), (0.6517641, -0.52691495, -0.5454944), (-0.34404594, -0.6781252, 0.6494448), (-0.34406245, -0.67813605, 0.64942473), (-0.34404832, -0.678125, 0.6494438), (-0.34403232, -0.6781149, 0.6494629), (-0.34397027, -0.6780641, 0.6495487), (-0.3440536, -0.67813224, 0.64943343), (-0.82674044, -0.12402036, -0.5487433), (-0.8267484, -0.12409619, -0.5487143), (-0.8267498, -0.124114454, -0.5487078), (-0.82674664, -0.12408379, -0.5487196), (-0.94468296, 0.2599868, -0.19995272), (-0.94468606, 0.25998786, -0.19993663), (-0.9446887, 0.25998133, -0.1999322), (-0.94468457, 0.2599919, -0.19993827), (0.57616675, -0.54667234, -0.60760283), (0.5761903, -0.54672426, -0.60753375), (0.5761946, -0.5467321, -0.6075228), (0.576205, -0.54675287, -0.6074942), (-0.77361745, 0.028826678, -0.6329968), (-0.7736185, 0.028816922, -0.632996), (-0.77362204, 0.028800903, -0.6329925), (-0.7736242, 0.028793365, -0.6329903), (-0.79703057, -0.075324535, -0.5992232), (-0.79703087, -0.07532964, -0.5992221), (-0.7970311, -0.07533296, -0.59922147), (-0.7970363, -0.07534272, -0.59921336), (-0.30541834, -0.43203217, -0.84856814), (-0.30541828, -0.4320348, -0.8485668), (-0.3054223, -0.43205312, -0.848556), (-0.305415, -0.4320207, -0.8485751), (-0.8649634, -0.18327491, 0.4671708), (-0.8649559, -0.18326797, 0.46718735), (-0.864958, -0.1832701, 0.46718287), (-0.8649617, -0.18327442, 0.46717414), (0.58719295, -0.5733977, 0.5713314), (0.5871921, -0.5733993, 0.57133067), (0.5871996, -0.57338804, 0.5713343), (0.5871758, -0.57342154, 0.571325), (-0.29696006, -0.5678046, 0.7677321), (-0.29685876, -0.56777674, 0.7677919), (-0.29697165, -0.5678078, 0.7677253), (-0.29707247, -0.5678355, 0.7676658), (0.53217167, -0.58957696, 0.60761195), (0.5321038, -0.58964545, 0.6076049), (0.5322073, -0.5895397, 0.6076168), (0.5321102, -0.5896418, 0.6076028), (-0.8575329, -0.122000135, 0.49975336), (-0.85755396, -0.12201241, 0.49971408), (-0.85754377, -0.1220074, 0.49973288), (-0.8575527, -0.12200848, 0.49971715), (-0.41171107, -0.50823987, 0.7564299), (-0.41168594, -0.50822634, 0.7564527), (-0.41167808, -0.5082219, 0.75646), (-0.41170967, -0.5082392, 0.75643116), (-0.77251476, 0.6283727, -0.09148078), (-0.7725192, 0.62836635, -0.09148722), (-0.772428, 0.6284875, -0.091424145), (-0.77257377, 0.6282947, -0.09151892), (-0.7843277, -0.61934495, -0.035243064), (-0.78433686, -0.61933345, -0.0352393), (-0.7843201, -0.61935425, -0.035246152), (-0.78434664, -0.6193212, -0.035234947), (-0.66352504, -0.62431, 0.41227606), (-0.66350806, -0.6243211, 0.41228682), (-0.6635129, -0.6243174, 0.41228452), (-0.66352767, -0.6243076, 0.41227546), (-0.71557283, -0.6605466, 0.22723043), (-0.7155726, -0.66053826, 0.22725554), (-0.7155671, -0.66055554, 0.22722292), (-0.7155853, -0.66053045, 0.22723837), (-0.7329605, -0.47505, -0.48692548), (-0.7329579, -0.47504872, -0.48693064), (-0.7329553, -0.4750406, -0.4869424), (-0.7329563, -0.4750566, -0.48692524), (0.5742032, 0.78946406, -0.21688078), (0.5719288, 0.7911918, -0.21659394), (0.5742071, 0.78950083, -0.21673639), (0.5743057, 0.7894523, -0.2166519), (0.67265606, -0.62287396, 0.3994521), (0.6726329, -0.6228973, 0.39945456), (0.6726454, -0.6228844, 0.39945364), (0.6726528, -0.62287647, 0.3994535), (0.6726549, -0.62287676, 0.39944956), (0.6726315, -0.6228933, 0.39946324), (0.7435398, -0.352494, -0.5682398), (0.7435358, -0.3524749, -0.5682569), (0.7435356, -0.35248208, -0.56825274), (0.7435514, -0.35246083, -0.5682454), (-0.2308493, 0.15489224, 0.96058154), (-0.23084955, 0.15489416, 0.96058124), (-0.2308447, 0.15490222, 0.9605811), (-0.2308487, 0.1548928, 0.96058154), (0.3753662, 0.2171447, 0.90108174), (0.37535146, 0.21713795, 0.9010895), (0.37536293, 0.21714465, 0.90108323), (0.3753766, 0.21716651, 0.90107226), (-0.5156594, -0.6941805, 0.502204), (-0.5156283, -0.6941855, 0.5022291), (-0.51563656, -0.694174, 0.50223637), (-0.5156416, -0.69418293, 0.5022188), (-0.51566106, -0.6941793, 0.5022038), (-0.5156272, -0.69420135, 0.50220823), (-0.66328776, -0.6743276, 0.32454824), (-0.6632829, -0.674331, 0.32455125), (-0.66326356, -0.67434186, 0.32456797), (-0.6632653, -0.6743397, 0.3245692), (0.8047624, -0.52707356, 0.27304), (0.8047658, -0.5270691, 0.27303874), (0.80476135, -0.5270753, 0.27303994), (0.8047735, -0.5270599, 0.27303392), (0.796322, -0.57328135, 0.19292401), (0.7963268, -0.5732751, 0.19292295), (0.7963305, -0.57326996, 0.19292279), (0.7963141, -0.57329184, 0.19292562), (-0.736153, 0.58610564, -0.33846548), (-0.73615193, 0.58610713, -0.33846518), (-0.73615324, 0.58610564, -0.33846524), (-0.7361528, 0.58610576, -0.3384658), (-0.73615295, 0.58610594, -0.3384652), (-0.7361271, 0.5861116, -0.33851174), (-0.7361525, 0.5861075, -0.33846343), (-0.7361619, 0.58609754, -0.33846027), (-0.75210786, 0.6240639, -0.21184434), (-0.7521142, 0.62405854, -0.21183771), (-0.75212216, 0.62405115, -0.21183105), (-0.7521237, 0.62405026, -0.21182829), (-0.766883, 0.6078821, -0.20583946), (-0.7672071, 0.60743487, -0.20595175), (-0.7668364, 0.6079465, -0.20582242), (-0.7668401, 0.60794145, -0.2058238), (-0.7668537, 0.60792255, -0.20582889), (0.5073738, 0.71416193, -0.48222873), (0.51731247, 0.7088097, -0.47955877), (0.5173358, 0.70879525, -0.4795551), (0.5086499, 0.71554404, -0.47882366), (0.5067395, 0.7145814, -0.4822743), (0.50679874, 0.7145647, -0.48223683), (0.5067983, 0.7145653, -0.48223647), (0.5067412, 0.71457994, -0.48227465), (0.5558321, 0.75323385, -0.35169515), (0.55210423, 0.7565925, -0.35035527), (0.55212826, 0.7565748, -0.3503553), (0.5521, 0.7565966, -0.35035276), (0.5566664, 0.7523879, -0.35218602), (0.5566139, 0.75240433, -0.35223374), (0.5565127, 0.75243545, -0.35232717), (0.55668116, 0.7523824, -0.3521742), (0.17300977, 0.28687954, 0.94221425), (0.17300943, 0.28688124, 0.94221383), (0.17300935, 0.28691816, 0.9422026), (0.17301266, 0.28692302, 0.9422005), (0.31900308, -0.3323531, -0.8875688), (0.31900856, -0.33235112, -0.8875676), (0.3190044, -0.3323369, -0.88757443), (0.3190041, -0.3323763, -0.8875598), (-0.05549275, -0.25466654, -0.9654354), (-0.055554047, -0.25420472, -0.9655536), (-0.055519953, -0.2544616, -0.96548784), (-0.055486355, -0.2547165, -0.9654226), (-0.30871043, -0.41920996, -0.853792), (-0.30871347, -0.41919994, -0.8537958), (-0.30871308, -0.419191, -0.8538004), (-0.3088524, -0.41921437, -0.8537385), (-0.12375976, -0.2352413, -0.96402544), (-0.123759955, -0.23525724, -0.96402156), (-0.12376269, -0.23522277, -0.96402955), (-0.12432595, -0.23530485, -0.96393716), (0.7514034, -0.5703069, -0.33187795), (0.7514025, -0.570306, -0.33188167), (0.75140584, -0.5703, -0.33188432), (0.75140774, -0.5702979, -0.3318835), (-0.33814427, 0.0634348, 0.93895394), (-0.33810836, 0.063423276, 0.9389676), (-0.3381172, 0.06342453, 0.93896437), (-0.3381088, 0.06341733, 0.9389678), (-0.7700363, -0.5657529, 0.2949032), (-0.7700481, -0.5657344, 0.29490784), (-0.7698635, -0.56605047, 0.29478323), (-0.77001643, -0.56578594, 0.29489148), (-0.60057944, -0.7216221, 0.34433407), (-0.6005767, -0.7216224, 0.34433815), (-0.6005931, -0.7216193, 0.34431604), (-0.6005704, -0.7216254, 0.34434286), (-0.6005833, -0.7216213, 0.34432882), (-0.600568, -0.7216246, 0.3443487), (0.6358295, 0.11639129, 0.76300323), (0.6358526, 0.11640005, 0.7629827), (0.6358459, 0.11640151, 0.762988), (0.6358254, 0.11638586, 0.76300746), (0.44862473, 0.22700016, 0.86441123), (0.44863272, 0.22702321, 0.8644011), (0.44862747, 0.22699535, 0.86441106), (0.44862357, 0.2270147, 0.864408), (-0.53437245, -0.5831393, -0.61187804), (-0.53436404, -0.58314353, -0.61188114), (-0.53433603, -0.58315974, -0.6118902), (-0.53433704, -0.5831594, -0.61188966), (0.7417995, -0.63168687, 0.22517817), (0.7417802, -0.6317191, 0.22515096), (0.7417557, -0.6317377, 0.22517996), (0.74176043, -0.63173217, 0.22517982), (0.7417494, -0.63174444, 0.22518145), (0.7417476, -0.6317504, 0.22517063), (-0.40239266, -0.14194106, 0.9043964), (-0.40237638, -0.14196911, 0.9043993), (-0.40235648, -0.14201623, 0.9044007), (-0.40239227, -0.1419434, 0.90439624), (-0.09065355, 0.2651727, 0.9599298), (-0.090688035, 0.2651748, 0.959926), (-0.090684965, 0.26517713, 0.95992565), (-0.09066203, 0.2651702, 0.9599297), (-0.58490956, -0.6100185, -0.53456366), (-0.58507496, -0.609924, -0.53449035), (-0.58552355, -0.6096661, -0.5342934), (-0.585024, -0.60995233, -0.5345138), (-0.5006131, 0.0032620549, 0.865665), (-0.5006127, 0.003256809, 0.86566526), (-0.5006225, 0.003293529, 0.8656595), (-0.5006205, 0.0032807912, 0.8656606), (-0.45841348, -0.09793593, 0.8833265), (-0.4584315, -0.09789805, 0.8833213), (-0.45841742, -0.09792631, 0.88332546), (-0.4584335, -0.09790162, 0.88331985), (-0.7529655, -0.51531416, 0.40926054), (-0.7529308, -0.51536095, 0.40926558), (-0.7529388, -0.5153502, 0.40926436), (-0.75294125, -0.51534563, 0.40926564), (0.5732657, -0.117447056, 0.81090856), (0.57325786, -0.11745048, 0.8109136), (0.57323974, -0.117458194, 0.8109253), (0.5732542, -0.117453314, 0.81091565), (0.5030732, -0.52957135, -0.6829872), (0.5030714, -0.52959126, -0.682973), (0.50307137, -0.5295936, -0.68297136), (0.50307226, -0.5295854, -0.68297684), (0.84236425, -0.5118588, 0.1685911), (0.84240764, -0.511826, 0.16847405), (0.8423541, -0.5118665, 0.1686185), (0.84231097, -0.5118992, 0.1687349), (0.5467129, -0.54299736, -0.6373845), (0.54671174, -0.54299533, -0.63738716), (0.5467025, -0.54290277, -0.63747394), (0.5467116, -0.54297906, -0.6374011), (0.59588856, -0.052911315, 0.80132216), (0.59587556, -0.052915186, 0.8013316), (0.5959016, -0.052907094, 0.80131274), (0.59591097, -0.05290595, 0.80130583), (0.84345084, -0.44890955, 0.29507753), (0.84346724, -0.44889632, 0.29505113), (0.84351116, -0.4488594, 0.29498145), (0.84344774, -0.44891223, 0.29508272), (0.6122342, 0.7492509, 0.2525717), (0.6122082, 0.74927837, 0.25255305), (0.61209226, 0.7493984, 0.25247756), (0.61226046, 0.7492233, 0.25258985), (0.8524591, -0.50437343, 0.13755341), (0.8524499, -0.5043882, 0.13755654), (0.8524385, -0.5044065, 0.13755919), (0.85245603, -0.5043785, 0.13755427), (0.8119121, -0.49935496, -0.30239588), (0.81193346, -0.49933326, -0.30237448), (0.8119175, -0.49934915, -0.3023911), (0.8119165, -0.49934998, -0.3023925), (0.8358917, -0.5352171, -0.121769), (0.8358781, -0.535237, -0.121775344), (0.8358919, -0.5352169, -0.121769056), (0.83589077, -0.53521997, -0.12176286), (0.7129583, -0.40125462, 0.5750524), (0.71296394, -0.40124628, 0.5750512), (0.7129369, -0.40127873, 0.57506204), (0.7129546, -0.40125385, 0.57505745), (-0.44616437, -0.7060066, -0.5499926), (-0.44614103, -0.70602113, -0.54999304), (-0.44615868, -0.70600635, -0.5499977), (-0.4461662, -0.7060072, -0.5499906), (-0.44616294, -0.7060042, -0.5499969), (-0.44617018, -0.7060019, -0.549994), (-0.7591927, -0.47411564, 0.44591555), (-0.7591993, -0.47411552, 0.4459046), (-0.7591942, -0.4741339, 0.4458936), (-0.7591762, -0.47414574, 0.44591165), (0.3557883, 0.2202333, -0.9082467), (0.35578606, 0.22023584, -0.9082469), (0.35579538, 0.22022231, -0.9082466), (0.3557825, 0.22024198, -0.90824676), (-0.25015533, 0.21134776, -0.9448568), (-0.2501524, 0.21136013, -0.9448548), (-0.250178, 0.2113521, -0.9448498), (-0.2501551, 0.21135308, -0.94485575), (0.7068675, -0.57568955, -0.41099867), (0.70687973, -0.575673, -0.41100073), (0.70686185, -0.57569325, -0.41100326), (0.7068727, -0.5756835, -0.4109983), (0.70686823, -0.5756866, -0.41100153), (0.70686436, -0.5756906, -0.41100258), (0.8062844, -0.54863685, -0.22114035), (0.8062806, -0.5486408, -0.22114462), (0.8062851, -0.54863673, -0.22113818), (0.8062874, -0.54863495, -0.22113386), (-0.63280493, -0.63473827, -0.4434695), (-0.6327985, -0.63474345, -0.4434715), (-0.63283265, -0.634716, -0.44346198), (-0.6328202, -0.6347258, -0.44346556), (-0.62974644, -0.68791765, -0.36081687), (-0.6297322, -0.68793064, -0.36081672), (-0.62971234, -0.6879484, -0.36081788), (-0.62972337, -0.687938, -0.3608184), (0.5336327, 0.6823178, 0.49967843), (0.5336289, 0.68232137, 0.49967772), (0.5336392, 0.6823147, 0.49967584), (0.5336296, 0.68231946, 0.49967954), (0.5336229, 0.68232334, 0.49968144), (0.5336199, 0.68232644, 0.49968025), (0.53361595, 0.6823314, 0.49967772), (0.5336142, 0.68233335, 0.499677), (0.5673303, 0.7337055, 0.37391505), (0.5673137, 0.73371303, 0.37392548), (0.5673208, 0.7337096, 0.3739215), (0.5672917, 0.73372465, 0.37393615), (0.5879404, 0.71934104, 0.36996546), (0.5879275, 0.71935433, 0.36996028), (0.58792484, 0.71940404, 0.36986762), (0.58795387, 0.7193362, 0.36995375), (0.58792007, 0.71935046, 0.36997956), (-0.70800966, 0.5892725, 0.38920456), (-0.7074245, 0.58965826, 0.3896842), (-0.70744073, 0.5896438, 0.3896766), (-0.6997971, 0.59590167, 0.39393547), (-0.69961256, 0.5960252, 0.3940763), (-0.69961524, 0.59611636, 0.39393368), (-0.69956005, 0.5961248, 0.39401904), (-0.6995649, 0.59611046, 0.39403212), (-0.72617227, 0.6346556, 0.26435965), (-0.7262238, 0.6346156, 0.26431394), (-0.72624034, 0.6345978, 0.26431164), (-0.7279488, 0.63233197, 0.26504132), (-0.7297084, 0.63022906, 0.26521137), (-0.72991675, 0.62991047, 0.26539445), (-0.7295013, 0.6303048, 0.26560035), (-0.7296671, 0.6302267, 0.26533058), (-0.065722406, 0.30460697, -0.95020795), (-0.065721735, 0.30460423, -0.95020896), (-0.06573354, 0.304641, -0.95019627), (-0.06571887, 0.3046119, -0.9502067), (-0.39001545, -0.4076889, 0.8256378), (-0.39002138, -0.40766862, 0.82564497), (-0.3900159, -0.40768388, 0.82563996), (-0.3900126, -0.4076965, 0.8256354), (-0.05849324, -0.28718987, 0.95608604), (-0.058568817, -0.28669518, 0.95622987), (-0.05853359, -0.2869258, 0.95616287), (-0.05852496, -0.28698394, 0.95614594), (0.24146998, -0.4148476, 0.8772649), (0.24146867, -0.41485223, 0.87726307), (0.24146989, -0.41484728, 0.877265), (0.24147305, -0.41488108, 0.8772482), (0.0025514846, -0.2600027, 0.9656045), (0.002558209, -0.2600349, 0.96559584), (0.00254826, -0.25998572, 0.9656091), (0.002553892, -0.2600293, 0.9655974), (-0.68335384, -0.7026932, 0.19811511), (-0.683355, -0.7026914, 0.19811834), (-0.6833501, -0.7026977, 0.19811271), (-0.6833579, -0.70268846, 0.19811817), (0.47463837, 0.1401366, -0.86895347), (0.4746575, 0.14014742, -0.8689413), (0.4746436, 0.14013895, -0.8689503), (0.474651, 0.14014791, -0.8689448), (0.8807516, -0.44007742, -0.17495258), (0.88066334, -0.44027638, -0.17489655), (0.880536, -0.44056207, -0.17481801), (0.88068485, -0.44022715, -0.17491202), (0.7617948, -0.5974515, -0.25044024), (0.761785, -0.5975075, -0.25033674), (0.76177174, -0.5975299, -0.25032362), (0.7617261, -0.5975938, -0.25031015), (0.76180035, -0.5975005, -0.25030652), (0.7617615, -0.5975446, -0.2503196), (-0.50368273, 0.07741419, -0.86041313), (-0.5036793, 0.07741512, -0.86041504), (-0.5036595, 0.0774044, -0.8604276), (-0.5036631, 0.07740901, -0.86042506), (-0.32911524, 0.21139956, -0.9203224), (-0.3291132, 0.21139088, -0.9203251), (-0.32910722, 0.21140122, -0.9203249), (-0.32910922, 0.21137492, -0.9203303), (0.5293794, -0.53261316, 0.6603641), (0.5293551, -0.5326336, 0.66036695), (0.5293736, -0.5326182, 0.6603645), (0.5293623, -0.53262585, 0.6603675), (-0.5518304, -0.7392422, -0.38601056), (-0.55184084, -0.7392295, -0.38601995), (-0.5518462, -0.7392114, -0.386047), (-0.5517592, -0.7392262, -0.38614294), (-0.55182153, -0.7392545, -0.38599983), (-0.5518258, -0.73923945, -0.38602215), (0.57029474, -0.056221187, -0.819514), (0.5702911, -0.05623705, -0.81951535), (0.5702888, -0.056248546, -0.8195162), (0.5702939, -0.056222603, -0.81951445), (0.19556257, 0.31447062, -0.9289044), (0.19557346, 0.31446916, -0.9289027), (0.19558415, 0.31448075, -0.9288965), (0.19556205, 0.3144657, -0.92890626), (0.5935175, -0.5474053, 0.5899868), (0.59379524, -0.5471894, 0.5899075), (0.5940656, -0.5469782, 0.58983123), (0.59375614, -0.54722023, 0.5899183), (0.6299919, 0.095545925, -0.7707017), (0.6299881, 0.09554021, -0.7707055), (0.6299902, 0.09553557, -0.7707044), (0.62999034, 0.095520794, -0.7707062), (0.6113142, -0.008094154, -0.7913466), (0.6113222, -0.008065049, -0.79134065), (0.6113236, -0.008057922, -0.7913397), (0.6113132, -0.008094076, -0.7913474), (0.87531585, -0.39089227, -0.28464946), (0.87532556, -0.39087355, -0.2846453), (0.875329, -0.39086756, -0.284643), (0.8753263, -0.39087248, -0.2846448), (-0.38225254, -0.14750022, -0.91220975), (-0.3822308, -0.14750645, -0.9122179), (-0.38223842, -0.14750393, -0.912215), (-0.3822271, -0.14750624, -0.91221946), (-0.4954758, -0.63122, 0.59671193), (-0.49547568, -0.6312183, 0.59671366), (-0.49547023, -0.63123214, 0.59670365), (-0.49547523, -0.6312218, 0.5967103), (-0.69710076, -0.63041675, -0.34150445), (-0.69717383, -0.6303963, -0.34139305), (-0.69708997, -0.6304198, -0.34152076), (-0.6970174, -0.6304401, -0.34163153), (-0.5293336, -0.65063494, 0.5444998), (-0.52931273, -0.65071315, 0.5444267), (-0.5293024, -0.65075386, 0.5443882), (-0.5293117, -0.65071887, 0.5444209), (-0.42082685, -0.0855699, -0.90309614), (-0.42082322, -0.08557156, -0.90309757), (-0.4208159, -0.08557277, -0.9031009), (-0.4208244, -0.085576534, -0.9030965), (-0.68610406, -0.5554579, -0.4698168), (-0.6861519, -0.5554389, -0.4697693), (-0.6861774, -0.5554275, -0.46974558), (-0.68613625, -0.5554437, -0.46978647), (-0.77744, 0.6092855, 0.15607113), (-0.77739, 0.60934496, 0.15608796), (-0.7773443, 0.6093996, 0.15610276), (-0.7777193, 0.6089526, 0.15597886), (-0.7972404, -0.5774533, 0.17594175), (-0.7972431, -0.57744914, 0.1759428), (-0.7972367, -0.57746005, 0.17593613), (-0.79723924, -0.57745445, 0.1759429), (-0.5807128, -0.5981591, 0.5522485), (-0.5807363, -0.59814197, 0.55224234), (-0.58072174, -0.5981516, 0.55224717), (-0.58072543, -0.5981488, 0.5522462), (-0.681302, -0.61777514, 0.39265954), (-0.68128735, -0.6177776, 0.39268103), (-0.6813058, -0.61776704, 0.39266565), (-0.6812956, -0.61778325, 0.39265788), (-0.8564683, -0.4491517, -0.25441056), (-0.85647786, -0.44914126, -0.25439677), (-0.8564756, -0.44913504, -0.25441554), (-0.85646605, -0.44914842, -0.25442398), (0.55383074, 0.7578102, -0.34495676), (0.55301404, 0.75855124, -0.3446382), (0.55407053, 0.7576026, -0.34502783), (0.5541548, 0.7575594, -0.34498695), (0.76357937, -0.6229754, 0.16984786), (0.7635849, -0.622969, 0.1698461), (0.7635864, -0.6229677, 0.16984452), (0.76358896, -0.6229664, 0.16983746), (0.7635939, -0.62296194, 0.16983168), (0.76357764, -0.62297785, 0.1698468), (0.57638144, -0.33227825, -0.7465759), (0.5763733, -0.33227876, -0.7465819), (0.57637894, -0.33227038, -0.74658126), (0.57634556, -0.3322938, -0.7465967), (0.011769358, 0.13301246, 0.9910445), (0.011778442, 0.13303165, 0.99104184), (0.011782548, 0.13304025, 0.99104065), (0.011783778, 0.13304137, 0.9910404), (0.625511, 0.19517486, 0.75540894), (0.62549275, 0.19516712, 0.75542617), (0.62549585, 0.1951656, 0.755424), (0.62550694, 0.1951923, 0.7554078), (-0.4235716, -0.6774534, 0.6013685), (-0.42359093, -0.6774502, 0.6013585), (-0.4235752, -0.67744637, 0.6013739), (-0.42359158, -0.67745006, 0.6013581), (-0.42360136, -0.67744607, 0.6013558), (-0.4235874, -0.6774317, 0.60138166), (-0.60359734, -0.6433709, 0.4708972), (-0.60358846, -0.64337564, 0.47090203), (-0.60360295, -0.6433671, 0.47089532), (-0.60358435, -0.6433782, 0.47090393), (0.8562502, -0.51642156, 0.012012397), (0.8562594, -0.51640654, 0.012002896), (0.85626745, -0.51639354, 0.011997606), (0.85625046, -0.5164212, 0.01201386), (0.8263274, -0.55982375, -0.061485603), (0.8263245, -0.5598281, -0.06148392), (0.826304, -0.55985916, -0.06147676), (0.82630116, -0.55986327, -0.06147646), (-0.80713964, 0.58253855, -0.0957825), (-0.8071296, 0.58255, -0.09579765), (-0.80711955, 0.58256185, -0.09581152), (-0.80714214, 0.58253574, -0.09577948), (-0.80713594, 0.5825437, -0.09578321), (-0.80713123, 0.5825495, -0.0957871), (-0.8071453, 0.58253014, -0.09578643), (-0.8071543, 0.5825188, -0.095779754), (-0.78838855, 0.6139959, 0.038112193), (-0.78837776, 0.61401105, 0.038093366), (-0.788377, 0.61401165, 0.038098), (-0.7883806, 0.6140067, 0.03810283), (-0.80270445, 0.5951373, 0.0384364), (-0.80267906, 0.59517115, 0.038438335), (-0.8027259, 0.5951082, 0.038435023), (-0.8027017, 0.5951409, 0.03843664), (-0.80274403, 0.59508395, 0.038433757), (0.42125395, 0.69680417, -0.58052474), (0.43123955, 0.69090056, -0.580249), (0.4312296, 0.6909049, -0.58025116), (0.4228342, 0.69762456, -0.5783867), (0.42081147, 0.6972104, -0.58035797), (0.42096946, 0.69715834, -0.58030576), (0.4208926, 0.6971837, -0.58033115), (0.4208382, 0.69720757, -0.580342), (0.5005612, 0.7274482, -0.46931595), (0.4988502, 0.72981346, -0.46746215), (0.49889177, 0.72977525, -0.46747744), (0.4988578, 0.7298055, -0.4674664), (0.50106025, 0.7264323, -0.47035596), (0.5011025, 0.72632694, -0.47047362), (0.501418, 0.72634864, -0.47010377), (0.5009325, 0.72651875, -0.47035852), (0.43246496, 0.265528, 0.86166644), (0.43246412, 0.26553687, 0.86166406), (0.43246716, 0.2655348, 0.86166316), (0.43246862, 0.26551792, 0.8616677), (0.08912872, -0.3089553, -0.9468911), (0.089125134, -0.30895722, -0.94689083), (0.089122854, -0.3089173, -0.94690394), (0.08912728, -0.30894256, -0.9468953), (-0.31538522, -0.2333357, -0.9198296), (-0.31544966, -0.23292838, -0.91991085), (-0.31541306, -0.23315994, -0.9198647), (-0.31538522, -0.23333424, -0.91983), (-0.5533146, -0.3943617, -0.7337042), (-0.5533204, -0.3943415, -0.73371065), (-0.5533032, -0.39440107, -0.7336917), (-0.5534693, -0.39436188, -0.7335874), (-0.38555676, -0.21302412, -0.8977565), (-0.3855642, -0.2130004, -0.8977589), (-0.38556224, -0.21299446, -0.8977611), (-0.38550586, -0.21298283, -0.8977881), (0.64672625, -0.5422143, -0.5364222), (0.64672285, -0.54221845, -0.53642213), (0.64672166, -0.542231, -0.5364108), (0.6467283, -0.54220957, -0.5364246), (-0.10753442, 0.041402206, 0.9933389), (-0.10753224, 0.041398328, 0.99333936), (-0.10755706, 0.04141161, 0.9933361), (-0.107542925, 0.04140252, 0.993338), (-0.7035727, -0.53314596, 0.46983075), (-0.7034399, -0.53347325, 0.46965805), (-0.70352, -0.5332757, 0.46976224), (-0.7036529, -0.53294796, 0.46993515), (-0.54284304, -0.693363, 0.4738873), (-0.54300165, -0.69337606, 0.47368655), (-0.54303056, -0.69335926, 0.47367808), (-0.5428318, -0.69347525, 0.47373587), (-0.54299664, -0.69337577, 0.47369254), (-0.5430143, -0.6933702, 0.47368053), (0.8393607, 0.097053505, 0.5348402), (0.83936226, 0.09705536, 0.5348376), (0.8393581, 0.09704914, 0.53484523), (0.83935326, 0.09704603, 0.53485334), (0.68844616, 0.20539, 0.69559807), (0.68844223, 0.20539747, 0.6955999), (0.6884443, 0.20540458, 0.6955957), (0.6884452, 0.20543423, 0.6955861), (-0.71624804, -0.55057514, -0.42878416), (-0.7162441, -0.5505774, -0.42878762), (-0.7162651, -0.55056256, -0.42877176), (-0.71626246, -0.55056477, -0.4287733), (0.7827991, -0.62204975, -0.016721796), (0.78279704, -0.6220522, -0.016729843), (0.78278065, -0.6220736, -0.016699465), (0.78271985, -0.62214935, -0.01672758), (0.7828016, -0.6220464, -0.016725514), (0.78278023, -0.62207335, -0.016725417), (-0.18985184, -0.15856268, 0.9689242), (-0.18982816, -0.15861644, 0.9689201), (-0.18983026, -0.15861078, 0.9689205), (-0.18984276, -0.15858161, 0.9689229), (0.16427729, 0.24139377, 0.95642143), (0.16426708, 0.24139157, 0.95642376), (0.16427936, 0.2413898, 0.9564221), (0.16425669, 0.24138811, 0.95642644), (-0.7435683, -0.57530755, -0.340775), (-0.7438224, -0.5751174, -0.340541), (-0.74411565, -0.5748992, -0.34026873), (-0.7438011, -0.5751341, -0.34055945), (-0.29081354, -0.014765449, 0.95666575), (-0.29080933, -0.014783087, 0.9566669), (-0.29080334, -0.014804746, 0.95666826), (-0.29080218, -0.01480179, 0.95666873), (-0.24891864, -0.11385635, 0.9618088), (-0.24891862, -0.11385798, 0.96180874), (-0.24891225, -0.11386484, 0.96180946), (-0.24890147, -0.11388067, 0.96181047), (-0.6578712, -0.49071226, 0.5713205), (-0.65784365, -0.49075258, 0.57131743), (-0.6578463, -0.49074876, 0.57131773), (-0.6578395, -0.49075678, 0.5713187), (0.7877644, -0.13320501, 0.60140145), (0.78776157, -0.13320704, 0.6014048), (0.7877441, -0.1332164, 0.60142547), (0.78776866, -0.13320251, 0.6013965), (0.3181302, -0.5035184, -0.8032823), (0.3181288, -0.5035189, -0.8032826), (0.31813052, -0.50352556, -0.8032776), (0.31813124, -0.50351876, -0.8032816), (0.8629968, -0.49605924, -0.09571635), (0.86300635, -0.49601686, -0.09585047), (0.86299515, -0.49606696, -0.095691875), (0.86298573, -0.49610907, -0.095558465), (0.37245005, -0.5163366, -0.7711532), (0.3724223, -0.5162345, -0.77123505), (0.3723623, -0.51604605, -0.7713902), (0.37242717, -0.51627, -0.7712089), (0.80838114, -0.069106095, 0.58458906), (0.80835915, -0.06912741, 0.58461684), (0.8083648, -0.069115765, 0.5846103), (0.80836457, -0.0691155, 0.5846107), (0.8984901, -0.43839997, 0.02282753), (0.8985027, -0.43837646, 0.022783251), (0.89854175, -0.4383035, 0.022643002), (0.89848125, -0.43841633, 0.022857921), (-0.13965003, -0.55698806, 0.8186954), (-0.13964684, -0.5569808, 0.81870085), (-0.13964847, -0.55698246, 0.8186995), (-0.1396492, -0.5569821, 0.81869966), (0.28921595, -0.6132611, 0.7350272), (0.28921467, -0.6132587, 0.73502964), (0.28922778, -0.6132761, 0.73500997), (0.28922153, -0.6132693, 0.7350182), (0.110265955, -0.62548405, 0.77240604), (0.11026818, -0.6254807, 0.7724084), (0.110274084, -0.6254718, 0.7724148), (0.110269025, -0.62548596, 0.772404), (-0.56421137, -0.37864682, 0.733684), (-0.5642036, -0.3786728, 0.7336765), (-0.56421065, -0.37865216, 0.7336818), (-0.5642092, -0.37867123, 0.7336729), (-0.10843595, 0.7587977, -0.6422365), (-0.10833999, 0.760432, -0.6403169), (-0.108328775, 0.7586867, -0.6423856), (-0.10823033, 0.7586167, -0.642485), (0.41213945, -0.6767529, -0.6100382), (0.41214052, -0.6767601, -0.6100294), (0.4121422, -0.6767553, -0.6100337), (0.41213927, -0.67677164, -0.6100175), (0.41214046, -0.6767687, -0.6100198), (0.4121392, -0.676753, -0.6100382), (-0.4965686, -0.31415194, -0.8091528), (-0.4965827, -0.3141626, -0.80913997), (-0.49657947, -0.31413347, -0.8091532), (-0.49660167, -0.31416556, -0.80912715), (0.94126105, 0.051681314, 0.3337015), (0.9412609, 0.051679745, 0.3337023), (0.9412564, 0.051643744, 0.33372048), (0.94125813, 0.051656816, 0.3337136), (0.9423252, 0.09544882, -0.3208), (0.9423128, 0.0954634, -0.3208323), (0.9423127, 0.095462896, -0.3208328), (0.94231427, 0.095472276, -0.32082513), (0.38524878, -0.69893885, 0.60255104), (0.3852454, -0.6989331, 0.60256), (0.38524342, -0.69893533, 0.6025587), (0.38524625, -0.6989387, 0.60255283), (0.38524997, -0.698937, 0.6025526), (0.38522983, -0.69894034, 0.60256153), (0.20530689, -0.6517262, 0.7301384), (0.20529477, -0.65171415, 0.73015255), (0.2052963, -0.6517178, 0.73014885), (0.20531121, -0.6517305, 0.73013335), (0.30893782, -0.5729312, -0.759149), (0.30893606, -0.5729285, -0.7591518), (0.30893585, -0.5729244, -0.759155), (0.30893582, -0.5729234, -0.7591557), (0.23078318, -0.6099677, -0.7580755), (0.23078316, -0.60995764, -0.7580836), (0.23078074, -0.6099713, -0.7580734), (0.23078072, -0.60998034, -0.7580661), (-0.361911, 0.6359709, 0.68158746), (-0.3619094, 0.635967, 0.6815919), (-0.36191064, 0.6359701, 0.68158823), (-0.36191058, 0.6359699, 0.6815887), (-0.3619089, 0.63596475, 0.6815943), (-0.36190858, 0.63596153, 0.68159753), (-0.36190802, 0.63596374, 0.6815957), (-0.36190167, 0.6359674, 0.6815957), (-0.2423698, 0.6610068, 0.7101598), (-0.24237072, 0.6610098, 0.7101567), (-0.24236903, 0.661005, 0.7101616), (-0.2423843, 0.6610232, 0.7101395), (-0.23877054, 0.6447699, 0.7261269), (-0.23878188, 0.64474505, 0.72614527), (-0.23858772, 0.64484453, 0.7261208), (-0.23878968, 0.6448008, 0.72609335), (-0.238771, 0.6447645, 0.7261316), (-0.36276242, 0.70974374, -0.60387695), (-0.36317268, 0.7102839, -0.60299456), (-0.36316493, 0.71025944, -0.603028), (-0.36628497, 0.7167235, -0.5934161), (-0.3666301, 0.71654546, -0.5934179), (-0.36640808, 0.7171302, -0.5928486), (-0.36655524, 0.71681195, -0.59314233), (-0.3665859, 0.7168317, -0.59309965), (-0.23731549, 0.7384807, -0.63113207), (-0.2368063, 0.7406193, -0.628813), (-0.2368092, 0.7406056, -0.62882805), (-0.23681125, 0.7405911, -0.6288443), (-0.23821564, 0.7365151, -0.6330867), (-0.23846185, 0.7361941, -0.6333675), (-0.23815535, 0.73639387, -0.6332505), (-0.23821421, 0.7364242, -0.6331931), (0.97920716, 0.17204955, -0.10748202), (0.9792082, 0.17204462, -0.107481), (0.97921056, 0.17203139, -0.107479975), (0.97921145, 0.17202578, -0.10747998), (-0.87646675, -0.24677986, -0.41340742), (-0.87646884, -0.24677339, -0.4134068), (-0.87646145, -0.24680217, -0.4134055), (-0.87646127, -0.24680418, -0.4134047), (-0.98966926, -0.14149247, -0.023122935), (-0.98973924, -0.14100602, -0.023097085), (-0.9897003, -0.14127676, -0.023111474), (-0.98966134, -0.1415472, -0.02312583), (-0.9107829, -0.3122942, 0.27008682), (-0.91079307, -0.31226006, 0.2700919), (-0.9107889, -0.3122742, 0.27008972), (-0.91085577, -0.31225318, 0.2698886), (-0.9917434, -0.118426956, 0.04919513), (-0.9917418, -0.11843983, 0.049196206), (-0.9917446, -0.11841547, 0.049197763), (-0.9917567, -0.11842324, 0.048935123), (-0.2777179, -0.5583872, -0.7817138), (-0.27768993, -0.5584332, -0.78169096), (-0.27770737, -0.558404, -0.78170556), (-0.27770677, -0.5584074, -0.7817033), (0.8941427, -0.03369656, 0.44651246), (0.89415383, -0.033697084, 0.4464901), (0.8941454, -0.03369551, 0.44650698), (0.89414495, -0.033698924, 0.44650775), (0.17239268, -0.5382849, 0.8249425), (0.17221929, -0.5387289, 0.82468885), (0.1721489, -0.538909, 0.8245858), (0.17232549, -0.5384574, 0.8248439), (0.22788242, -0.7031207, 0.6735658), (0.22785215, -0.7031393, 0.6735566), (0.22786753, -0.70309615, 0.6735965), (0.22785668, -0.70314777, 0.67354614), (0.22785671, -0.703112, 0.67358357), (0.22785461, -0.7031497, 0.67354494), (0.80683976, -0.0010425841, -0.5907695), (0.80683035, -0.0010313392, -0.5907823), (0.8068434, -0.0010456857, -0.5907644), (0.8068495, -0.0010508671, -0.59075624), (0.90986216, 0.1062667, -0.4010712), (0.9098641, 0.10624069, -0.40107387), (0.9098672, 0.106226034, -0.4010706), (0.90987116, 0.10623632, -0.40105903), (-0.6869207, -0.4902889, 0.53642964), (-0.6869302, -0.4903005, 0.5364068), (-0.6869299, -0.49030292, 0.536405), (-0.686924, -0.4902974, 0.5364176), (0.25366998, -0.6696944, -0.69796914), (0.25368118, -0.6696862, -0.697973), (0.25373346, -0.6696381, -0.6980002), (0.25353354, -0.6696545, -0.69805706), (0.25369886, -0.66966397, -0.69798785), (0.25369924, -0.669664, -0.69798756), (0.8271118, -0.22907001, 0.5132379), (0.8271111, -0.22909461, 0.5132278), (0.827111, -0.22912344, 0.5132151), (0.82711154, -0.22909933, 0.51322526), (0.97074574, 0.15949583, 0.17948216), (0.97074944, 0.15949483, 0.17946309), (0.9707451, 0.15949386, 0.17948715), (0.9707456, 0.15950084, 0.17947799), (-0.6129676, -0.5206541, 0.59429806), (-0.61277884, -0.5203837, 0.5947293), (-0.61270034, -0.52026826, 0.59491104), (-0.61278415, -0.5203854, 0.5947223), (0.79169047, -0.077474914, 0.6059899), (0.7916873, -0.077463, 0.60599566), (0.7916862, -0.077444784, 0.6059993), (0.79168904, -0.07744862, 0.60599524), (0.8037246, -0.18082434, 0.56685925), (0.8037237, -0.18081522, 0.56686336), (0.80372524, -0.18082848, 0.56685704), (0.80373, -0.18084687, 0.56684446), (0.282675, -0.5044366, 0.8158668), (0.28267854, -0.50446194, 0.8158499), (0.28268182, -0.5044793, 0.81583804), (0.2826718, -0.5044217, 0.8158771), (0.8306419, -0.23383881, -0.50532496), (0.8306386, -0.23383428, -0.50533277), (0.8306334, -0.23382995, -0.5053432), (0.8306337, -0.2338303, -0.5053424), (-0.6606325, -0.48031533, -0.5769418), (-0.660627, -0.48031998, -0.57694423), (-0.6606151, -0.48034364, -0.5769382), (-0.66061854, -0.4803418, -0.5769359), (0.21474236, -0.5481004, -0.8083759), (0.21463016, -0.5480536, -0.80843747), (0.21475668, -0.54810643, -0.808368), (0.2148683, -0.548153, -0.8083068), (-0.6090002, -0.49960893, -0.6160435), (-0.60903263, -0.49956933, -0.61604357), (-0.60900825, -0.49959904, -0.6160437), (-0.60900533, -0.49960145, -0.6160444), (0.8281244, -0.1704335, -0.53400606), (0.82811606, -0.17042688, -0.534021), (0.8281099, -0.17041379, -0.53403467), (0.8281275, -0.17043479, -0.5340008), (0.33645594, -0.5000296, -0.7979772), (0.3364045, -0.49999315, -0.79802185), (0.33637735, -0.49997398, -0.7980453), (0.33640227, -0.49999243, -0.7980232), (0.09556454, 0.99542326, -0.000017315699), (0.09553026, 0.9954266, -0.00006891857), (0.095555656, 0.9954241, -0.00001739435), (0.09556992, 0.99542266, 0.000017079905), (0.09556104, 0.9954236, 0.000017001275), (0.09556959, 0.9954228, 0.00006907496), (0.5813087, 0.65462637, 0.48326442), (0.5812974, 0.65465206, 0.4832432), (0.5812601, 0.65473855, 0.48317096), (0.5812933, 0.6546627, 0.48323375), (0.6907137, -0.5482604, 0.47151372), (0.6907351, -0.5482318, 0.4715157), (0.69075143, -0.5482095, 0.4715174), (0.69074565, -0.54821634, 0.4715181), (0.8277525, -0.5579979, 0.05885825), (0.827757, -0.55798984, 0.058869462), (0.8277515, -0.55799997, 0.058849897), (0.8277667, -0.55797374, 0.058885287), (0.77736616, -0.5816827, 0.23947254), (0.7773575, -0.58169764, 0.23946421), (0.7773785, -0.5816672, 0.23947024), (0.7773531, -0.5816963, 0.23948199), (0.39970163, -0.4354257, 0.8066245), (0.3996972, -0.4354339, 0.8066222), (0.3997131, -0.43542257, 0.8066205), (0.39971408, -0.43540505, 0.8066294), (-0.66805005, 0.7229618, -0.1761687), (-0.66703933, 0.72402936, -0.17561337), (-0.66798204, 0.7230265, -0.17616059), (-0.66800654, 0.72297966, -0.17626044), (-0.31988063, -0.64990616, -0.6894189), (-0.31991258, -0.6498959, -0.6894137), (-0.3198937, -0.6498941, -0.6894241), (-0.31991434, -0.64989066, -0.6894179), (-0.31988424, -0.6499027, -0.6894205), (-0.31989267, -0.6499, -0.6894191), (-0.9195278, -0.38608417, 0.07353543), (-0.91952443, -0.38608873, 0.07355433), (-0.9195319, -0.38607094, 0.07355551), (-0.9195204, -0.38610432, 0.07352309), (0.7204568, 0.16985194, -0.6723781), (0.7204437, 0.16987969, -0.6723852), (0.720453, 0.16985995, -0.67238003), (0.7204477, 0.16987096, -0.67238307), (0.14406444, 0.20460427, -0.9681852), (0.14403796, 0.20460749, -0.9681884), (0.14405856, 0.20460767, -0.9681853), (0.14402889, 0.20460813, -0.96818966), (0.7659273, -0.63671917, -0.08912954), (0.7659191, -0.6367276, -0.089139976), (0.76592004, -0.6367269, -0.089137405), (0.76592505, -0.63672066, -0.08913882), (0.76593715, -0.63670903, -0.089116424), (0.76593393, -0.6367091, -0.08914468), (0.7854984, -0.60512334, 0.12968473), (0.78549206, -0.6051375, 0.12965673), (0.785488, -0.6051427, 0.12965682), (0.78549284, -0.60513186, 0.1296783), (-0.5117748, -0.5543205, -0.6563653), (-0.51176995, -0.55432683, -0.6563636), (-0.5117642, -0.554323, -0.65637136), (-0.5117389, -0.55434924, -0.65636903), (-0.54497343, -0.60129154, -0.5843393), (-0.5449669, -0.6012989, -0.5843379), (-0.54496956, -0.6012988, -0.58433545), (-0.5449708, -0.601298, -0.5843351), (0.4088384, 0.61511445, 0.67415535), (0.40888467, 0.6150863, 0.67415303), (0.4088749, 0.61509573, 0.6741502), (0.40885362, 0.61510533, 0.6741544), (0.40887663, 0.61508346, 0.6741604), (0.40887493, 0.61508614, 0.674159), (0.4089425, 0.61506724, 0.67413527), (0.40897527, 0.61505365, 0.67412776), (0.49701738, 0.65362054, 0.57074857), (0.4970251, 0.6536173, 0.5707456), (0.4970052, 0.653628, 0.5707507), (0.49699768, 0.65363234, 0.5707523), (0.50841063, 0.6350554, 0.5815697), (0.50844073, 0.63500434, 0.581599), (0.5084246, 0.63503575, 0.5815789), (0.5084257, 0.63503057, 0.58158356), (0.5084183, 0.63504267, 0.5815769), (-0.7505375, 0.6563551, 0.07675511), (-0.7562251, 0.650598, 0.06961102), (-0.7562596, 0.6505614, 0.06958001), (-0.75041425, 0.6564959, 0.07675567), (-0.75007, 0.6568505, 0.07708733), (-0.7499743, 0.6569445, 0.077217534), (-0.7499785, 0.65694493, 0.077173844), (-0.75005955, 0.65686053, 0.077103116), (-0.7215045, 0.69024885, -0.054660868), (-0.7200033, 0.69182855, -0.054483365), (-0.7200212, 0.691809, -0.054495748), (-0.7200131, 0.69181794, -0.054490276), (-0.72330177, 0.68839544, -0.054278467), (-0.7234564, 0.6882356, -0.05424575), (-0.72340465, 0.68826324, -0.05458498), (-0.72328234, 0.6884339, -0.054051008), (0.34156686, 0.28479245, -0.8956703), (0.34155902, 0.2848139, -0.8956665), (0.34156275, 0.284823, -0.8956622), (0.34155908, 0.2848352, -0.8956598), (-0.74284095, -0.34980804, 0.5708079), (-0.7428394, -0.34983972, 0.5707906), (-0.7428396, -0.34981757, 0.5708038), (-0.74283576, -0.34981814, 0.5708085), (-0.4628172, -0.25831085, 0.8479833), (-0.46286488, -0.25788605, 0.84808654), (-0.46283937, -0.25811422, 0.84803116), (-0.46278092, -0.25863382, 0.84790474), (-0.15843406, -0.40584585, 0.90010434), (-0.15843649, -0.40581468, 0.900118), (-0.15843731, -0.40581015, 0.9001198), (-0.1584363, -0.40580988, 0.9001201), (-0.4025163, -0.23476626, 0.8847969), (-0.4025141, -0.23478164, 0.8847938), (-0.40251693, -0.234775, 0.8847942), (-0.4025178, -0.23477139, 0.88479483), (-0.7921022, -0.5976264, -0.1241645), (-0.79212344, -0.59760034, -0.12415372), (-0.7921084, -0.59761894, -0.124160655), (-0.79210186, -0.5976269, -0.12416378), (0.8064565, 0.08164892, -0.58562917), (0.80646014, 0.08165492, -0.5856232), (0.8064666, 0.081651725, -0.5856147), (0.80645883, 0.08164297, -0.5856267), (0.84432733, -0.49501514, 0.20511308), (0.84435505, -0.49496853, 0.20511161), (0.8442235, -0.49518856, 0.20512187), (0.8444912, -0.49474123, 0.20509909), (0.7510412, -0.6550323, 0.08288379), (0.75101, -0.65505975, 0.08295056), (0.7510164, -0.65505034, 0.08296686), (0.7509125, -0.6551723, 0.0829438), (0.75098646, -0.65508634, 0.082953356), (0.75097775, -0.65509605, 0.08295459), (-0.15098938, 0.09208087, -0.9842374), (-0.1510261, 0.0921011, -0.98422986), (-0.15100577, 0.09208843, -0.98423415), (-0.15102652, 0.09209318, -0.9842306), (0.058040082, 0.21109584, -0.97574073), (0.05803377, 0.21109359, -0.9757415), (0.0580366, 0.21109088, -0.975742), (0.05805228, 0.21107991, -0.9757435), (0.18614477, -0.5463827, 0.81658804), (0.1861455, -0.5463825, 0.81658804), (0.18618684, -0.5463548, 0.81659716), (0.18615858, -0.5463736, 0.8165911), (-0.47604808, -0.660427, -0.58070165), (-0.47605693, -0.6603787, -0.58074945), (-0.47605354, -0.660408, -0.5807189), (-0.47610676, -0.6604001, -0.58068407), (-0.4760529, -0.6603976, -0.5807311), (-0.47605708, -0.66040695, -0.580717), (0.8541907, -0.116966054, -0.50663316), (0.85417217, -0.117029704, -0.5066497), (0.8541522, -0.1171023, -0.50666666), (0.85417664, -0.11701596, -0.5066454), (0.5876317, 0.27272767, -0.76177996), (0.58765423, 0.27274168, -0.76175743), (0.58764464, 0.27273828, -0.76176614), (0.58765465, 0.27274102, -0.7617574), (0.27135384, -0.5670116, 0.77773064), (0.27163997, -0.56683177, 0.7777619), (0.27199483, -0.56660956, 0.7777998), (0.2716237, -0.5668424, 0.77775973), (0.9040584, 0.029417338, -0.42639536), (0.9040611, 0.029444557, -0.42638788), (0.90406, 0.029438475, -0.42639056), (0.90405756, 0.029413968, -0.4263974), (0.8853171, -0.071108624, -0.45951834), (0.8853098, -0.07113848, -0.4595279), (0.88531095, -0.07113261, -0.4595265), (0.8853203, -0.07109834, -0.459514), (0.88692665, -0.45014688, 0.103580266), (0.88690406, -0.45019683, 0.10355673), (0.8869074, -0.45018938, 0.10356083), (0.8869064, -0.4501916, 0.10355933), (-0.04920278, -0.13565439, -0.9895337), (-0.049186718, -0.13566025, -0.9895337), (-0.049167287, -0.13566585, -0.98953384), (-0.049212802, -0.13565028, -0.9895337), (-0.7751385, -0.5529083, 0.3057002), (-0.775143, -0.55290073, 0.30570263), (-0.77513874, -0.5529086, 0.30569923), (-0.77513915, -0.5529068, 0.30570126), (-0.60132766, -0.539371, -0.5894777), (-0.6014125, -0.53934336, -0.58941644), (-0.60131377, -0.5393755, -0.58948773), (-0.60122937, -0.53940296, -0.58954865), (-0.7867184, -0.5672721, 0.24346735), (-0.7867097, -0.56729335, 0.24344608), (-0.78677535, -0.5671547, 0.24355716), (-0.78671134, -0.5672848, 0.24346054), (-0.08023642, -0.072463565, -0.99413836), (-0.08024107, -0.07246633, -0.99413776), (-0.08026012, -0.072454385, -0.99413717), (-0.080236755, -0.072468065, -0.994138), (-0.5378499, -0.47575998, -0.6959669), (-0.5379204, -0.4757267, -0.69593513), (-0.537966, -0.47570547, -0.6959143), (-0.53789496, -0.47573856, -0.6959467), (0.7099058, 0.6643853, -0.23372197), (0.7098721, 0.6644199, -0.23372598), (0.70979995, 0.66449547, -0.23373014), (0.71021754, 0.66406053, -0.23369786), (0.75888866, -0.5585727, -0.33479026), (0.75890285, -0.5585406, -0.33481154), (0.7589057, -0.5585365, -0.3348122), (0.75890136, -0.5585485, -0.3348018), (0.47598624, -0.566211, -0.6729355), (0.47601235, -0.5661925, -0.67293257), (0.47600752, -0.56619495, -0.672934), (0.47599828, -0.56620103, -0.67293537), (0.60466135, -0.5913644, -0.5335474), (0.60467935, -0.5913343, -0.5335605), (0.6046662, -0.59134763, -0.53356045), (0.60465825, -0.5913624, -0.533553), (0.89172894, -0.44242424, 0.095291235), (0.89172614, -0.442428, 0.09529926), (0.8917258, -0.44243175, 0.095285125), (0.8917216, -0.44243455, 0.09531129), (-0.4922458, 0.73116183, 0.472331), (-0.4914357, 0.73200417, 0.4718696), (-0.49233395, 0.73108715, 0.47235465), (-0.4924222, 0.7310461, 0.4723262), (-0.74741447, -0.65670323, -0.100560546), (-0.7474245, -0.6566944, -0.10054446), (-0.74741715, -0.65670216, -0.100548), (-0.7474079, -0.65670985, -0.10056654), (-0.7474074, -0.65671074, -0.10056491), (-0.7474148, -0.65670216, -0.10056536), (-0.4101883, -0.39135283, 0.8237648), (-0.41016454, -0.39136842, 0.8237693), (-0.41016123, -0.39138478, 0.82376313), (-0.41015306, -0.39135444, 0.82378155), (-0.19885373, 0.16991577, -0.96518695), (-0.19885126, 0.16991064, -0.9651883), (-0.19884513, 0.16989729, -0.96519196), (-0.19885014, 0.16990767, -0.9651891), (-0.7411996, 0.20576458, -0.6389711), (-0.74119115, 0.20575167, -0.638985), (-0.74119115, 0.20576212, -0.63898176), (-0.7412065, 0.20577176, -0.63896084), (0.31735313, -0.6424767, -0.6975032), (0.3173167, -0.64285845, -0.697168), (0.3173088, -0.6428529, -0.6971765), (0.31730735, -0.6428595, -0.6971712), (0.31732607, -0.6428642, -0.69715834), (0.31732753, -0.64285153, -0.69716936), (0.5144283, -0.6138854, -0.5987555), (0.51442826, -0.6138856, -0.5987554), (0.5144396, -0.61387926, -0.59875214), (0.51443017, -0.61388546, -0.59875387), (-0.8225197, -0.5629708, 0.08077882), (-0.82251877, -0.56297255, 0.08077655), (-0.8225148, -0.5629777, 0.08078107), (-0.822501, -0.5630004, 0.08076358), (-0.77796394, -0.6105859, 0.14817859), (-0.7779358, -0.6106263, 0.14815965), (-0.7779378, -0.610623, 0.14816271), (-0.77794665, -0.61061025, 0.1481695), (0.7821042, 0.62292403, 0.016694514), (0.7820915, 0.6229392, 0.016721062), (0.7820807, 0.6229522, 0.016740693), (0.7821028, 0.62292564, 0.01669991), (0.7820969, 0.6229327, 0.01671446), (0.7820826, 0.6229457, 0.016896721), (0.7821062, 0.62292117, 0.01670438), (0.78210765, 0.6229196, 0.016701106), (0.74018437, 0.66262543, -0.114256985), (0.740184, 0.66262674, -0.1142515), (0.74016845, 0.6626478, -0.11423078), (0.7401703, 0.6626447, -0.11423689), (0.7557238, 0.64413464, -0.118203655), (0.755614, 0.64426684, -0.1181853), (0.75575703, 0.6440946, -0.11820944), (0.75570923, 0.6441521, -0.118201785), (0.755719, 0.6441401, -0.11820411), (-0.31954283, 0.6625004, 0.6774848), (-0.32894495, 0.65681726, 0.6785177), (-0.32894218, 0.656821, 0.67851543), (-0.32158646, 0.6636165, 0.6754224), (-0.31916085, 0.66304743, 0.67712957), (-0.31920543, 0.6630332, 0.67712253), (-0.3191609, 0.6630476, 0.6771293), (-0.31916735, 0.66304505, 0.6771289), (-0.41667756, 0.6975868, 0.582883), (-0.41570562, 0.6991796, 0.5816672), (-0.41571513, 0.69917095, 0.5816709), (-0.41663897, 0.6967456, 0.5839156), (-0.4173087, 0.6958419, 0.5845147), (-0.41732174, 0.6957077, 0.5846652), (-0.41727906, 0.6955784, 0.5848494), (-0.4172588, 0.69568574, 0.5847363), (-0.57820123, 0.28513995, -0.7644466), (-0.5782006, 0.28510702, -0.7644593), (-0.5782005, 0.28514668, -0.76444465), (-0.5781974, 0.2851207, -0.7644566), (0.10269075, -0.35059345, 0.93088067), (0.102683865, -0.3506037, 0.93087757), (0.10268317, -0.35062507, 0.9308695), (0.10268751, -0.35060143, 0.930878), (0.47649714, -0.25799835, 0.8404685), (0.476513, -0.25789902, 0.84049), (0.47648066, -0.25812164, 0.84044), (0.47647014, -0.2581782, 0.8404286), (0.6762109, -0.4071891, 0.6139511), (0.6762127, -0.407184, 0.61395234), (0.6762179, -0.40716532, 0.613959), (0.6762181, -0.4071649, 0.6139591), (0.53786856, -0.23494455, 0.80962867), (0.5378693, -0.23493978, 0.80962944), (0.53786135, -0.234989, 0.80962044), (0.5378629, -0.23497324, 0.8096241), (-0.5126145, -0.606266, 0.6080032), (-0.51261544, -0.6062607, 0.6080077), (-0.5126117, -0.6062892, 0.6079825), (-0.5126159, -0.6062537, 0.6080143), (-0.08240667, 0.081513695, -0.9932596), (-0.08237009, 0.08152102, -0.9932621), (-0.082411826, 0.081506945, -0.9932597), (-0.08237854, 0.0815248, -0.99326104), (0.6109574, -0.5043282, -0.6102329), (0.610851, -0.50470924, -0.6100242), (0.6109169, -0.5044732, -0.6101535), (0.61102337, -0.5040915, -0.6103624), (0.4562433, -0.6629827, -0.59354526), (0.4561984, -0.6631172, -0.59342957), (0.45620528, -0.66311204, -0.59343), (0.45623335, -0.6630436, -0.5934849), (0.45621812, -0.6630717, -0.5934652), (0.45622152, -0.66307074, -0.59346366), (-0.9108769, 0.093775794, -0.4018823), (-0.9108792, 0.09377285, -0.40187794), (-0.91088176, 0.09378309, -0.40186942), (-0.9108869, 0.093783356, -0.40185785), (-0.7925381, 0.21261832, -0.5715564), (-0.7925398, 0.21262284, -0.57155246), (-0.7925378, 0.2126053, -0.57156163), (-0.79253364, 0.21261266, -0.57156485), (0.7856426, -0.55132854, 0.2807178), (0.78567785, -0.55129766, 0.2806797), (0.785724, -0.55125505, 0.2806343), (0.78569615, -0.55127925, 0.28066486), (-0.7375134, -0.6691796, 0.09095429), (-0.73749155, -0.66920346, 0.0909561), (-0.7376074, -0.66911423, 0.090672046), (-0.73755145, -0.66913754, 0.09095446), (-0.7374282, -0.6692687, 0.09098902), (-0.73747766, -0.66921747, 0.09096454), (0.008554765, -0.118205816, -0.9929523), (0.008548131, -0.11823255, -0.9929491), (0.008547846, -0.11822994, -0.9929495), (0.0085626375, -0.118176766, -0.9929557), (-0.3410755, 0.27268732, -0.899616), (-0.34106994, 0.2726906, -0.89961714), (-0.34107783, 0.27268615, -0.89961565), (-0.3410796, 0.27269113, -0.8996134), (0.79785246, -0.572861, 0.18778123), (0.7978558, -0.572858, 0.1877758), (0.79790443, -0.57280993, 0.1877159), (0.7978225, -0.57289016, 0.1878195), (0.101775914, 0.029134797, -0.99438065), (0.10177768, 0.029140344, -0.9943803), (0.10177677, 0.029137919, -0.9943804), (0.10178084, 0.029157115, -0.99437946), (0.06434847, -0.07210206, -0.9953193), (0.064358786, -0.072081245, -0.99532014), (0.0643649, -0.072076224, -0.99532014), (0.06435552, -0.0720887, -0.9953198), (0.5459949, -0.45842585, -0.70123845), (0.54600245, -0.45842072, -0.7012359), (0.54599273, -0.4584345, -0.7012344), (0.54600745, -0.4584045, -0.70124257), (-0.86091244, -0.13611096, -0.49020767), (-0.86092114, -0.13610709, -0.49019358), (-0.8609075, -0.13611454, -0.49021536), (-0.8609133, -0.1361111, -0.49020618), (-0.13688722, -0.55648714, 0.8195022), (-0.13688444, -0.55646175, 0.81951994), (-0.13688537, -0.5564726, 0.8195124), (-0.13688736, -0.5564876, 0.8195019), (-0.8132321, -0.5486688, 0.19394891), (-0.8132241, -0.54864055, 0.19406207), (-0.81323344, -0.5486737, 0.1939292), (-0.813207, -0.5485885, 0.19428115), (-0.19561154, -0.57176656, 0.7967554), (-0.19554938, -0.5716243, 0.7968727), (-0.19555931, -0.57164073, 0.7968585), (-0.19556798, -0.5716514, 0.7968487), (-0.8814435, -0.072460346, -0.4666977), (-0.8814403, -0.072462626, -0.4667035), (-0.8814424, -0.072458275, -0.46670023), (-0.8814396, -0.07245704, -0.46670562), (-0.871341, -0.48379472, 0.08189918), (-0.8713459, -0.48378202, 0.08192287), (-0.8713505, -0.48376703, 0.08196144), (-0.871346, -0.48377934, 0.08193764), (-0.6323641, 0.59975415, -0.49031687), (-0.6323049, 0.59990907, -0.49020386), (-0.6323099, 0.59989357, -0.4902161), (-0.6324828, 0.5994485, -0.49053755), (-0.72906137, -0.4912273, -0.47661853), (-0.7290395, -0.49126014, -0.47661835), (-0.7290389, -0.49125993, -0.4766193), (-0.72903854, -0.49126372, -0.47661608), (-0.85405564, -0.5110829, -0.09686714), (-0.8540589, -0.5110757, -0.09687617), (-0.8540575, -0.5110792, -0.09687038), (-0.854064, -0.5110648, -0.09688856), (-0.8073305, -0.5272155, -0.2650685), (-0.8073171, -0.52723235, -0.26507586), (-0.8073261, -0.52722156, -0.26506975), (-0.80734015, -0.5271971, -0.26507568), (-0.46799904, -0.39566115, -0.7902083), (-0.46801224, -0.39564005, -0.7902111), (-0.4680255, -0.39562595, -0.79021025), (-0.4679975, -0.39565927, -0.7902102), (0.7084698, 0.67566377, 0.20383567), (0.7076406, 0.67667717, 0.2033541), (0.7086194, 0.6754736, 0.20394622), (0.70864236, 0.6754212, 0.20403989), (0.39198565, -0.60973823, 0.68888783), (0.39196506, -0.6097423, 0.688896), (0.39197206, -0.6097402, 0.688894), (0.39198887, -0.60973626, 0.68888766), (0.39198092, -0.60973364, 0.6888946), (0.39199919, -0.60971105, 0.6889042), (0.9340364, -0.35658407, -0.020587862), (0.9340333, -0.3565928, -0.020577632), (0.934034, -0.35659108, -0.020571897), (0.93403673, -0.35658303, -0.020591656), (-0.7411618, 0.1695112, 0.6495731), (-0.7411736, 0.16948973, 0.64956516), (-0.74117947, 0.16947678, 0.6495617), (-0.7411654, 0.16950502, 0.64957047), (-0.080944926, 0.1978156, 0.97689146), (-0.080942445, 0.19781654, 0.97689146), (-0.080933884, 0.19781926, 0.9768916), (-0.08096893, 0.19779791, 0.97689307), (-0.7985406, -0.59983367, 0.050324455), (-0.7985417, -0.5998325, 0.050320994), (-0.7985473, -0.59982485, 0.050321292), (-0.7985326, -0.5998435, 0.0503339), (-0.7985387, -0.5998361, 0.050325733), (-0.79852283, -0.59985673, 0.05033072), (-0.81586593, -0.55491346, -0.16258445), (-0.81585985, -0.5549287, -0.1625632), (-0.81586105, -0.5549285, -0.1625581), (-0.81586593, -0.55491674, -0.1625737), (0.57083964, -0.5060423, 0.64657813), (0.5708463, -0.5060358, 0.64657736), (0.57085085, -0.5060245, 0.6465822), (0.57084537, -0.50602996, 0.64658266), (0.60022396, -0.5492099, 0.5814632), (0.60023516, -0.5491946, 0.5814663), (0.60022444, -0.5492048, 0.58146757), (0.6002154, -0.5492181, 0.58146435), (-0.4766498, 0.56986547, -0.6693715), (-0.4766281, 0.5698775, -0.6693768), (-0.4766081, 0.5698899, -0.6693805), (-0.4766457, 0.5698659, -0.6693741), (-0.47663286, 0.5698726, -0.66937757), (-0.47662118, 0.5698781, -0.6693812), (-0.47662425, 0.5698761, -0.6693808), (-0.47620177, 0.5699249, -0.6696399), (-0.5566616, 0.6022577, -0.5722006), (-0.5566615, 0.6022579, -0.5722006), (-0.5566697, 0.6022511, -0.5721997), (-0.5566614, 0.602259, -0.57219934), (-0.5677211, 0.5834512, -0.5807559), (-0.5671745, 0.5835611, -0.58117944), (-0.56707466, 0.58359057, -0.58124727), (-0.5671826, 0.583563, -0.58116955), (-0.56717, 0.5835669, -0.5811779), (0.7841927, 0.61928314, -0.039118484), (0.78955, 0.6128692, -0.031657055), (0.78959125, 0.61281824, -0.031613573), (0.7839745, 0.61955434, -0.039196182), (0.7836887, 0.61989653, -0.03949999), (0.78366584, 0.6199259, -0.039495055), (0.78360456, 0.6199978, -0.039581243), (0.783608, 0.61998975, -0.039637364), (0.7577137, 0.6465811, 0.08833369), (0.7563634, 0.6481883, 0.08812706), (0.75635266, 0.64820206, 0.08811825), (0.7563492, 0.64820594, 0.088118516), (0.7594108, 0.64462215, 0.088077225), (0.7595457, 0.6444662, 0.088054694), (0.7594071, 0.6446521, 0.08788904), (0.7594178, 0.64463925, 0.08789084), (-0.30915424, 0.28270206, 0.9080216), (-0.30915686, 0.28269634, 0.9080225), (-0.30916122, 0.28267646, 0.9080271), (-0.30916482, 0.2826752, 0.90802634), (0.7690593, -0.344589, -0.5383366), (0.7690608, -0.34458628, -0.5383361), (0.7690597, -0.34459305, -0.5383333), (0.76906466, -0.3445668, -0.53834325), (0.44945386, -0.2581126, -0.85520124), (0.4494951, -0.2576914, -0.85530657), (0.4494702, -0.2579455, -0.85524297), (0.44942057, -0.2584525, -0.85511607), (0.104827136, -0.39761254, -0.91154563), (0.10482582, -0.39762986, -0.9115383), (0.104826525, -0.3976231, -0.91154116), (0.104824394, -0.39762902, -0.9115388), (0.3783397, -0.23376644, -0.89566314), (0.37834305, -0.23380074, -0.8956527), (0.378341, -0.23372921, -0.8956722), (0.3783845, -0.23376386, -0.8956448), (0.82025397, -0.54877853, 0.16132389), (0.82026696, -0.5487608, 0.1613184), (0.8202633, -0.5487661, 0.16131938), (0.82024837, -0.5487867, 0.16132522), (-0.831654, 0.08213078, 0.5491869), (-0.83164626, 0.08213478, 0.54919785), (-0.8316517, 0.08213045, 0.5491903), (-0.8316559, 0.08213378, 0.54918355), (-0.8653125, -0.44325346, -0.23400974), (-0.8651195, -0.44362286, -0.23402329), (-0.8652303, -0.44341093, -0.23401551), (-0.8654235, -0.44304094, -0.23400189), (-0.7850619, -0.60828817, -0.116889656), (-0.78505707, -0.6082936, -0.116894744), (-0.78506655, -0.6082808, -0.11689765), (-0.78502893, -0.60833126, -0.11688702), (-0.7850616, -0.60828704, -0.116897464), (-0.78505415, -0.6082977, -0.1168927), (0.23388024, 0.08244409, 0.96876365), (0.23388444, 0.082445495, 0.96876246), (0.23387627, 0.08244478, 0.96876454), (0.2338751, 0.08244543, 0.9687648), (0.013360753, 0.20151478, 0.9793944), (0.013363066, 0.2015103, 0.9793952), (0.013367501, 0.20151575, 0.9793941), (0.013367937, 0.20150727, 0.97939575), (-0.2574457, -0.51675016, -0.8165115), (-0.2574725, -0.5167338, -0.8165134), (-0.25746337, -0.5167386, -0.81651324), (-0.25743344, -0.5167573, -0.8165108), (0.5375148, -0.6099996, 0.5822185), (0.5374998, -0.6100379, 0.58219206), (0.5374767, -0.60998106, 0.5822731), (0.5374469, -0.61015517, 0.5821181), (0.5375042, -0.6100337, 0.5821924), (0.5374481, -0.6100679, 0.5822085), (-0.879455, -0.10990685, 0.46311927), (-0.87945884, -0.109903164, 0.4631128), (-0.8794517, -0.10992362, 0.4631215), (-0.8794633, -0.109874666, 0.46311107), (-0.59460974, 0.27282065, 0.7563122), (-0.59461564, 0.27282202, 0.75630707), (-0.5946262, 0.27282926, 0.7562962), (-0.594638, 0.27282268, 0.7562893), (-0.3419434, -0.5309707, -0.7753353), (-0.34197557, -0.5309467, -0.77533764), (-0.34193337, -0.53097695, -0.7753355), (-0.3419435, -0.53097194, -0.7753343), (-0.92718416, 0.031631213, 0.37326783), (-0.9271804, 0.031610016, 0.37327906), (-0.92718357, 0.03163983, 0.37326866), (-0.927184, 0.031620122, 0.37326944), (-0.9097023, -0.064604126, 0.41020492), (-0.9097051, -0.06459297, 0.41020054), (-0.9096988, -0.0646147, 0.41021097), (-0.90969896, -0.064614035, 0.41021085), (-0.9038469, -0.40391234, -0.14112191), (-0.9038397, -0.40393022, -0.14111726), (-0.9038409, -0.40392762, -0.14111772), (-0.90384364, -0.40392166, -0.14111674), (0.13130347, -0.1324871, 0.9824493), (0.13128372, -0.13249318, 0.982451), (0.13129127, -0.13248989, 0.98245054), (0.13129574, -0.13248767, 0.98245025), (0.80699885, -0.53079396, -0.2588641), (0.8070162, -0.53076214, -0.2588752), (0.8070222, -0.5307488, -0.25888363), (0.80700064, -0.53078926, -0.2588681), (0.64996696, -0.4880419, 0.58254445), (0.6500483, -0.48801094, 0.5824796), (0.64995784, -0.48804536, 0.5825518), (0.6498769, -0.48807618, 0.5826162), (0.8181539, -0.54103345, -0.1946972), (0.8182972, -0.54072934, -0.1949398), (0.8182976, -0.54072905, -0.19493854), (0.8182796, -0.54076844, -0.19490504), (0.16335298, -0.07227163, 0.98391706), (0.16334416, -0.07227476, 0.9839182), (0.163341, -0.07227597, 0.98391867), (0.1633396, -0.072284825, 0.9839182), (0.5943069, -0.43139714, 0.67874575), (0.59432584, -0.4313855, 0.67873657), (0.5942999, -0.43140024, 0.67875), (0.5943021, -0.4314003, 0.67874795), (-0.11336894, 0.5997532, 0.79211336), (-0.11331906, 0.5998728, 0.7920299), (-0.113308445, 0.59989285, 0.79201627), (-0.11338869, 0.59970677, 0.79214567), (-0.05363573, -0.491226, 0.8693792), (-0.053632822, -0.49121827, 0.8693838), (-0.053622827, -0.4911783, 0.8694069), (-0.053645737, -0.4912625, 0.86935806), (0.3382363, -0.51108146, 0.7901848), (0.33822918, -0.5110748, 0.79019207), (0.33823448, -0.5110787, 0.7901873), (0.33822253, -0.5110641, 0.7902019), (0.16893777, -0.52721715, 0.8327678), (0.16892724, -0.527233, 0.83275986), (0.16893493, -0.5272235, 0.8327643), (0.16893595, -0.52719843, 0.83277994), (-0.45530248, -0.3956591, 0.79759234), (-0.45530125, -0.39563668, 0.79760414), (-0.45530576, -0.3956606, 0.7975898), (-0.45530468, -0.3956573, 0.79759204), (-0.17325978, 0.6757346, -0.71649414), (-0.1732682, 0.67660815, -0.7156671), (-0.17323698, 0.67547375, -0.7167455), (-0.17316692, 0.6754207, -0.7168125), (0.4048517, -0.6097486, -0.68139684), (0.40483436, -0.60973114, -0.6814229), (0.40484658, -0.60974073, -0.681407), (0.4048462, -0.6097178, -0.68142784), (0.40484706, -0.6097373, -0.68140984), (0.40484503, -0.60974, -0.6814086), (-0.479879, -0.35658616, -0.80159986), (-0.4798675, -0.3565951, -0.80160284), (-0.479863, -0.3565932, -0.80160636), (-0.4798825, -0.3565852, -0.8015982), (0.93113923, 0.16951245, 0.3228704), (0.93113726, 0.16949272, 0.32288635), (0.93114007, 0.16951896, 0.3228645), (0.93114084, 0.16950297, 0.3228706), (0.88906807, 0.19781584, -0.41282797), (0.8890682, 0.19781592, -0.41282767), (0.8890627, 0.19781958, -0.41283762), (0.88907987, 0.19779897, -0.41281062), (0.4387065, -0.5998442, 0.66912144), (0.43870032, -0.5998568, 0.66911423), (0.43870413, -0.5998363, 0.66913015), (0.43871003, -0.5998446, 0.6691188), (0.43870595, -0.5998356, 0.6691296), (0.43870968, -0.5998536, 0.6691109), (0.2622334, -0.5549118, 0.7894976), (0.2622476, -0.5549273, 0.7894821), (0.26225242, -0.55493045, 0.7894781), (0.26223952, -0.554921, 0.78948915), (0.279609, -0.5060429, -0.8159286), (0.27960625, -0.5060364, -0.81593347), (0.27960002, -0.5060218, -0.8159447), (0.27960202, -0.5060271, -0.8159407), (0.2084847, -0.54920787, -0.80926186), (0.20848316, -0.5491925, -0.8092728), (0.20848274, -0.54920304, -0.8092656), (0.20848414, -0.54921615, -0.80925643), (-0.34601176, 0.5698678, 0.7453366), (-0.34602484, 0.56987685, 0.74532354), (-0.34603024, 0.569887, 0.74531335), (-0.34601304, 0.5698706, 0.7453338), (-0.3460214, 0.5698772, 0.7453249), (-0.34601888, 0.569865, 0.7453353), (-0.34601977, 0.5698667, 0.74533373), (-0.3460368, 0.56984854, 0.74533963), (-0.22197202, 0.6022562, 0.7668219), (-0.22197081, 0.60225606, 0.76682246), (-0.22197218, 0.6022512, 0.76682585), (-0.22197704, 0.60225934, 0.7668179), (-0.22458987, 0.58350265, 0.78043836), (-0.22459042, 0.58352077, 0.7804247), (-0.22482558, 0.58344513, 0.7804135), (-0.22462097, 0.5836247, 0.7803381), (-0.22458136, 0.58356637, 0.7803932), (-0.41790327, 0.6123062, -0.6711468), (-0.41803312, 0.6128706, -0.6705504), (-0.41800135, 0.6127894, -0.6706446), (-0.42189845, 0.61968493, -0.6618099), (-0.42204803, 0.6198798, -0.661532), (-0.42215097, 0.6198553, -0.6614892), (-0.42197832, 0.619999, -0.6614646), (-0.42198652, 0.61996967, -0.6614869), (-0.29829526, 0.6459508, -0.702686), (-0.29751295, 0.648185, -0.700958), (-0.29751357, 0.6482026, -0.70094156), (-0.2987387, 0.6458361, -0.702603), (-0.29907256, 0.64457023, -0.70362264), (-0.2992361, 0.64465857, -0.70347214), (-0.29924625, 0.6443963, -0.70370805), (-0.29922655, 0.64446217, -0.70365614), (0.94208497, 0.28270274, -0.18043046), (0.9420874, 0.2826943, -0.18043101), (0.94209224, 0.28268012, -0.18042795), (0.94209266, 0.28268048, -0.18042496), (-0.8482615, -0.34458885, -0.40213296), (-0.84826124, -0.34458828, -0.40213397), (-0.84825855, -0.34459418, -0.4021345), (-0.8482703, -0.34456506, -0.4021347), (-0.96557295, -0.2581109, 0.032368604), (-0.96568465, -0.25769043, 0.03238352), (-0.9656173, -0.2579442, 0.03237452), (-0.96556896, -0.2581261, 0.032366727), (-0.8440865, -0.397613, 0.35975227), (-0.84407914, -0.39763114, 0.35974982), (-0.84408313, -0.39762273, 0.35974973), (-0.84408057, -0.39762804, 0.35974964), (-0.9655534, -0.23381647, 0.114178024), (-0.96555614, -0.23380429, 0.11417873), (-0.96556216, -0.23377913, 0.11417987), (-0.96557117, -0.23376553, 0.114132054), (-0.26552078, -0.5487434, -0.79270387), (-0.2655075, -0.5487601, -0.79269665), (-0.26550433, -0.5487663, -0.79269356), (-0.26551592, -0.548752, -0.7926995), (0.8886516, 0.08212961, 0.45116854), (0.88865817, 0.08213206, 0.4511552), (0.88865256, 0.0821317, 0.45116645), (0.8886479, 0.082136616, 0.4511744), (0.22461241, -0.44325283, 0.8677996), (0.22450022, -0.4436247, 0.86763865), (0.22456464, -0.44341135, 0.867731), (0.22467697, -0.44303894, 0.86789215), (0.2867026, -0.6083404, 0.7400836), (0.286707, -0.60829186, 0.74012166), (0.28676882, -0.60819954, 0.74017364), (0.28671274, -0.60820496, 0.7401909), (0.28670186, -0.608288, 0.74012685), (0.28671116, -0.6082957, 0.7401169), (0.72628886, 0.08244827, -0.68242717), (0.72628367, 0.08244555, -0.68243307), (0.72629, 0.082444906, -0.68242633), (0.7262918, 0.08244537, -0.68242437), (0.8445973, 0.20151387, -0.49603188), (0.8445968, 0.20150983, -0.49603438), (0.8445938, 0.2015154, -0.49603721), (0.8445952, 0.20150682, -0.49603835), (-0.5823078, -0.5167486, 0.6276053), (-0.58230036, -0.51673335, 0.6276249), (-0.5823019, -0.51673824, 0.6276194), (-0.58231086, -0.51675564, 0.6275967), (0.24003343, -0.6101139, -0.7550794), (0.24016869, -0.6100651, -0.75507593), (0.2401291, -0.6100593, -0.7550931), (0.24015515, -0.610022, -0.7551151), (0.24014494, -0.6100279, -0.7551134), (0.24014483, -0.6100361, -0.7551069), (0.83749133, -0.109908916, 0.5352835), (0.83748865, -0.10990582, 0.5352883), (0.83749235, -0.10992606, 0.5352784), (0.8374939, -0.10992038, 0.53527707), (0.95142287, 0.27281874, 0.14270405), (0.9514219, 0.27281898, 0.14270996), (0.9514166, 0.2728282, 0.14272743), (0.95141566, 0.2728234, 0.14274356), (-0.50466585, -0.53089076, 0.6807844), (-0.5047276, -0.53097546, 0.68067265), (-0.5045401, -0.53070796, 0.68102), (-0.5047198, -0.5309733, 0.6806801), (0.7830081, 0.031631913, 0.6212066), (0.7830161, 0.031609803, 0.6211977), (0.78300965, 0.031640522, 0.62120426), (0.78301, 0.031621475, 0.62120473), (0.8064644, -0.06460465, 0.5877426), (0.80646306, -0.064591765, 0.58774596), (0.8064687, -0.0646139, 0.5877358), (0.8064675, -0.06461496, 0.5877372), (0.32439938, -0.40391448, 0.85534686), (0.32440382, -0.40392977, 0.85533786), (0.32440317, -0.40392762, 0.85533917), (0.32440192, -0.40392414, 0.85534126), (0.78891677, -0.1324874, -0.6000479), (0.78892916, -0.1324932, -0.60003036), (0.78892416, -0.13249107, -0.6000373), (0.788921, -0.13248815, -0.60004216), (-0.624134, -0.53079313, -0.57333714), (-0.62414527, -0.5307675, -0.5733484), (-0.6241332, -0.5307906, -0.57334024), (-0.62414163, -0.53078514, -0.5733361), (0.18482155, -0.48804364, -0.85302657), (0.18514767, -0.48814836, -0.852896), (0.18483284, -0.48804712, -0.85302216), (0.18493316, -0.4880784, -0.8529825), (-0.574145, -0.5407477, -0.61477584), (-0.5741664, -0.54072446, -0.6147764), (-0.57423073, -0.54065484, -0.6147776), (-0.5741603, -0.5407317, -0.6147757), (0.7743409, -0.07227204, -0.6286277), (0.7743463, -0.07227491, -0.6286208), (0.7743485, -0.07227638, -0.62861794), (0.7743488, -0.07228554, -0.6286165), (0.29603243, -0.43143898, -0.8521884), (0.29593924, -0.43138757, -0.8522469), (0.29589197, -0.43136013, -0.8522773), (0.29596472, -0.4314, -0.8522318), (0.22930151, 0.6740395, -0.7022048), (0.22929034, 0.6740556, -0.70219296), (0.22923383, 0.67414516, -0.70212543), (0.22951226, 0.67371017, -0.70245194), (0.17556596, -0.568801, -0.80351853), (0.17555937, -0.5687655, -0.80354506), (0.1755629, -0.56878245, -0.80353236), (0.17556466, -0.5687997, -0.80351985), (-0.27008978, -0.57440746, -0.7727273), (-0.2700885, -0.5744077, -0.77272767), (-0.27010104, -0.57441795, -0.77271557), (-0.27011162, -0.5744295, -0.77270335), (-0.07961072, -0.6009862, -0.79528475), (-0.07962063, -0.6009495, -0.7953114), (-0.0796162, -0.6009739, -0.79529333), (-0.07961592, -0.60096866, -0.79529744), (0.60681033, -0.44926032, -0.65570295), (0.6068112, -0.4492525, -0.6557075), (0.60681015, -0.44925156, -0.65570915), (0.6068113, -0.44923395, -0.65572006), (0.09546453, 0.7388848, 0.66703504), (0.09557837, 0.73987824, 0.66591656), (0.09543676, 0.73884344, 0.6670849), (0.09536125, 0.738803, 0.66714036), (-0.5244303, -0.66319734, 0.53398705), (-0.52443385, -0.66316974, 0.53401774), (-0.5244266, -0.66317624, 0.5340168), (-0.5244275, -0.6631739, 0.53401893), (-0.524442, -0.6631817, 0.53399503), (-0.5244351, -0.6631768, 0.53400785), (0.4348306, -0.39646477, 0.8085407), (0.43482012, -0.39644894, 0.8085541), (0.43482202, -0.39646253, 0.80854636), (0.43478858, -0.3964726, 0.8085595), (-0.900727, 0.1698699, -0.399794), (-0.9007281, 0.16987239, -0.39979032), (-0.9007261, 0.16985658, -0.39980158), (-0.9007261, 0.16986623, -0.39979753), (-0.95421356, 0.20688872, 0.21604025), (-0.9542179, 0.20689103, 0.21601932), (-0.9542191, 0.2068809, 0.21602353), (-0.95421654, 0.20687786, 0.21603817), (-0.3819658, -0.6494478, -0.6575103), (-0.3822817, -0.6489534, -0.65781474), (-0.38228995, -0.6489508, -0.65781254), (-0.3822653, -0.648953, -0.6578247), (-0.38227725, -0.64894986, -0.65782064), (-0.38227087, -0.6489507, -0.6578237), (-0.18640557, -0.62256956, -0.7600396), (-0.18638597, -0.62255627, -0.7600553), (-0.18638287, -0.62255687, -0.7600555), (-0.18638085, -0.6225546, -0.76005787), (-0.4226319, -0.5713798, 0.7034966), (-0.42263126, -0.5713769, 0.70349926), (-0.42263132, -0.57137924, 0.70349735), (-0.42262813, -0.5713659, 0.7035101), (-0.34048358, -0.6197609, 0.70708376), (-0.34048337, -0.6197507, 0.70709276), (-0.34048417, -0.619734, 0.70710695), (-0.34048343, -0.6197526, 0.70709103), (0.47741127, 0.6304652, -0.6120393), (0.47742748, 0.6304882, -0.612003), (0.4774435, 0.6305052, -0.611973), (0.47741434, 0.6304676, -0.6120344), (0.4774225, 0.63047755, -0.61201775), (0.47744077, 0.63049, -0.61199075), (0.47742906, 0.6304776, -0.6120127), (0.47743392, 0.6304803, -0.6120061), (0.34529483, 0.6714485, -0.65568924), (0.34528622, 0.6714392, -0.6557033), (0.3452992, 0.6714525, -0.65568286), (0.3452845, 0.6714356, -0.6557079), (0.35147512, 0.65303886, -0.67082447), (0.34529504, 0.6714459, -0.6556918), (0.3515066, 0.65303785, -0.6708089), (0.35144705, 0.65314883, -0.6707321), (0.35148, 0.6530388, -0.67082185), (0.3514813, 0.653037, -0.670823), (0.35999262, 0.6627198, 0.656664), (0.36017448, 0.6630496, 0.65623146), (0.36016902, 0.6630405, 0.6562435), (0.364267, 0.66890335, 0.64797986), (0.36471453, 0.66884494, 0.64778835), (0.36455527, 0.6694185, 0.64728534), (0.3646111, 0.6690715, 0.6476127), (0.36464375, 0.6690839, 0.6475813), (0.23046629, 0.7048135, 0.67091227), (0.23002794, 0.70633036, 0.6694658), (0.23003085, 0.70634615, 0.6694482), (0.23002791, 0.7063505, 0.6694446), (0.23154798, 0.70299464, 0.67244625), (0.23162836, 0.7028589, 0.67256045), (0.23172101, 0.70301646, 0.672364), (0.231725, 0.70299983, 0.67238), (-0.95827883, 0.28543103, 0.015194537), (-0.95827836, 0.28543225, 0.01519758), (-0.9582786, 0.2854319, 0.015194615), (-0.9582842, 0.28541282, 0.015196256), (0.8177293, -0.3513387, 0.45593858), (0.81773967, -0.35131598, 0.45593747), (0.8177475, -0.35129017, 0.45594326), (0.81772834, -0.35133675, 0.45594174), (0.9599471, -0.2582997, 0.10854853), (0.96005803, -0.2578831, 0.1085577), (0.9600011, -0.25809702, 0.10855299), (0.9599878, -0.25814646, 0.10855257), (0.8949908, -0.4083487, -0.17956322), (0.89499384, -0.4083425, -0.17956194), (0.89501655, -0.40828884, -0.17957048), (0.8949826, -0.4083648, -0.17956728), (0.97104305, -0.23506863, 0.04263811), (0.9710416, -0.23507525, 0.042637274), (0.97103935, -0.23508433, 0.042635925), (0.97104275, -0.23507053, 0.042634923), (0.1963192, -0.6149656, 0.76372504), (0.1963152, -0.61497134, 0.7637215), (0.19631314, -0.6149755, 0.76371866), (0.1963092, -0.61498064, 0.7637156), (-0.8569303, 0.08123751, -0.50899005), (-0.8569291, 0.08124212, -0.50899124), (-0.8569261, 0.08124203, -0.5089965), (-0.8569344, 0.08123985, -0.5089829), (-0.13924682, -0.5138006, -0.8465336), (-0.13924643, -0.51378524, -0.846543), (-0.13920301, -0.51394576, -0.8464527), (-0.139239, -0.5138389, -0.8465117), (-0.21606588, -0.67093647, -0.70933765), (-0.21607323, -0.67093796, -0.7093339), (-0.21621165, -0.6709631, -0.709268), (-0.21611468, -0.6709495, -0.70931035), (-0.21609132, -0.670937, -0.7093293), (-0.21607888, -0.6709425, -0.70932794), (-0.8667221, 0.09562769, 0.48953873), (-0.86671245, 0.09563254, 0.48955485), (-0.8667137, 0.09563207, 0.48955277), (-0.8667119, 0.09562888, 0.48955652), (-0.9309243, 0.21414404, 0.2958418), (-0.9309284, 0.2141383, 0.29583284), (-0.93092936, 0.21412887, 0.29583678), (-0.9309291, 0.214142, 0.29582798), (0.691982, -0.5558888, -0.46059614), (0.6919697, -0.5558528, -0.46065784), (0.6919759, -0.5558715, -0.460626), (0.69197565, -0.5558542, -0.46064705), (-0.36266488, -0.67778665, 0.6395931), (-0.36268175, -0.67779946, 0.63957), (-0.36268225, -0.67779946, 0.6395697), (-0.3626819, -0.6778001, 0.6395692), (-0.36271352, -0.6778274, 0.6395223), (-0.36267397, -0.677791, 0.6395834), (-0.8043416, -0.11961445, -0.58200246), (-0.8043446, -0.1196138, -0.5819986), (-0.80434716, -0.119651414, -0.5819873), (-0.80434114, -0.11962305, -0.58200145), (-0.9292937, 0.27261725, -0.24918485), (-0.9293038, 0.27260906, -0.24915618), (-0.92930466, 0.27260777, -0.24915427), (-0.92929745, 0.2726169, -0.2491712), (0.6243681, -0.57867664, -0.52468836), (0.62428755, -0.57847345, -0.52500814), (0.62420404, -0.57828426, -0.5253158), (0.62430763, -0.5785394, -0.5249115), (-0.75264, 0.028509883, -0.6578148), (-0.7526257, 0.028504213, -0.65783125), (-0.75263727, 0.028474264, -0.65781945), (-0.7526414, 0.02850078, -0.65781367), (-0.7745362, -0.073414266, -0.6282547), (-0.7745369, -0.0734278, -0.6282523), (-0.77453756, -0.07342485, -0.62825185), (-0.77454406, -0.07344562, -0.6282414), (-0.25273705, -0.46691716, -0.84741503), (-0.2527502, -0.4669642, -0.84738535), (-0.25274885, -0.46695894, -0.84738857), (-0.25274485, -0.4669496, -0.8473948), (-0.90758485, -0.13629435, 0.39713177), (-0.9075874, -0.13629971, 0.39712414), (-0.9075876, -0.13629857, 0.39712405), (-0.9075928, -0.13630238, 0.3971106), (0.58900696, -0.560109, 0.5825364), (0.589041, -0.560059, 0.58255), (0.5890418, -0.5600568, 0.58255136), (0.5890417, -0.56005454, 0.58255374), (-0.32444817, -0.55786985, 0.7638813), (-0.32435462, -0.5578421, 0.7639413), (-0.32446545, -0.5578749, 0.76387024), (-0.32455847, -0.5579025, 0.7638106), (0.53663105, -0.5759837, 0.61666024), (0.5365967, -0.57602346, 0.616653), (0.5366524, -0.5759603, 0.6166635), (0.5366146, -0.5760013, 0.61665815), (-0.9011196, -0.07215265, 0.42752475), (-0.9011143, -0.07214801, 0.42753676), (-0.9011284, -0.07215778, 0.42750525), (-0.9011275, -0.072161555, 0.42750654), (-0.45151308, -0.4915392, 0.7446645), (-0.451515, -0.49154216, 0.7446613), (-0.45158052, -0.4915793, 0.7445971), (-0.45154482, -0.49155647, 0.7446338), (-0.5667642, 0.6967041, -0.43975183), (-0.5667724, 0.69670045, -0.43974715), (-0.56676275, 0.69670874, -0.43974644), (-0.566796, 0.69660836, -0.4398626), (-0.5715405, -0.5915432, -0.5686986), (-0.5715671, -0.59152424, -0.56869173), (-0.5716028, -0.5914841, -0.56869745), (-0.5715688, -0.5915091, -0.5687057), (-0.808221, -0.5799269, -0.10229186), (-0.808229, -0.5799124, -0.102310956), (-0.8082279, -0.5799141, -0.10230981), (-0.8082199, -0.579929, -0.10228912), (-0.71728843, -0.6208496, -0.3162959), (-0.7172968, -0.62084574, -0.31628466), (-0.71729875, -0.6208406, -0.31629023), (-0.717312, -0.6208313, -0.3162783), (-0.20545416, -0.4660999, -0.86054605), (-0.2054469, -0.46611062, -0.860542), (-0.20543785, -0.466108, -0.8605456), (-0.20545478, -0.46610907, -0.8605409), (0.5921178, 0.76196116, 0.2623201), (0.5913874, 0.76263547, 0.26200783), (0.5924559, 0.76163346, 0.26250786), (0.5924619, 0.7615956, 0.2626042), (0.2612383, -0.66874033, 0.69608986), (0.26126188, -0.6687777, 0.696045), (0.26124957, -0.66873795, 0.6960878), (0.26123378, -0.6687462, 0.69608575), (0.2612636, -0.66873527, 0.6960851), (0.26124972, -0.6687155, 0.6961093), (0.8934593, -0.4192505, -0.1611192), (0.89346254, -0.41924238, -0.16112319), (0.8934627, -0.41924554, -0.16111346), (0.8934491, -0.41926688, -0.1611332), (-0.71077657, 0.22045287, 0.6679799), (-0.71080023, 0.22040963, 0.667969), (-0.7107969, 0.2204125, 0.6679717), (-0.7107849, 0.22043125, 0.6679782), (-0.27724636, 0.25080627, 0.9274862), (-0.2772108, 0.25081906, 0.9274934), (-0.27724114, 0.25080705, 0.9274875), (-0.2772276, 0.2508103, 0.92749083), (-0.7573106, -0.65070254, 0.05537852), (-0.7572791, -0.6507372, 0.055402223), (-0.757306, -0.65070724, 0.055386998), (-0.7572863, -0.65072924, 0.05539793), (-0.7572948, -0.65071917, 0.05540003), (-0.75729626, -0.6507172, 0.0554023), (-0.74538773, -0.6382702, -0.19237518), (-0.74538934, -0.6382675, -0.192378), (-0.74538094, -0.63828266, -0.19236025), (-0.7453867, -0.6382654, -0.1923955), (0.4641696, -0.5816289, 0.6680228), (0.46417835, -0.58161795, 0.66802627), (0.46418488, -0.58162147, 0.6680186), (0.46419072, -0.5816153, 0.6680199), (0.51414484, -0.63816136, 0.57306653), (0.51412594, -0.6381829, 0.5730594), (0.514138, -0.6381842, 0.57304716), (0.5141467, -0.6381777, 0.5730466), (-0.355677, 0.6390364, -0.68200177), (-0.35571, 0.6390176, -0.6820021), (-0.35571697, 0.63901556, -0.68200046), (-0.35568708, 0.63903224, -0.68200034), (-0.3556926, 0.63902205, -0.68200696), (-0.3556713, 0.63903254, -0.6820083), (-0.35573792, 0.6390199, -0.6819853), (-0.35559055, 0.63906795, -0.6820172), (-0.46851447, 0.69137704, -0.5499928), (-0.46850193, 0.69138443, -0.54999405), (-0.46851957, 0.6913729, -0.54999363), (-0.46850073, 0.6913815, -0.5499988), (-0.47777084, 0.67228717, -0.5654777), (-0.47779807, 0.6721086, -0.5656669), (-0.4772395, 0.67240536, -0.5657856), (-0.47775164, 0.67214465, -0.5656632), (-0.4777864, 0.6721335, -0.5656472), (0.74324167, 0.66832864, -0.030474847), (0.7430715, 0.66850376, -0.030779457), (0.7431311, 0.6684401, -0.030725127), (0.7374529, 0.674335, -0.037888955), (0.7373078, 0.67446685, -0.03836288), (0.7371303, 0.674676, -0.03809708), (0.73720896, 0.67457795, -0.038308218), (0.73718673, 0.6746069, -0.038224123), (0.68168676, 0.72191614, 0.11891285), (0.6786999, 0.7246747, 0.119219), (0.67871445, 0.7246604, 0.11922239), (0.67871726, 0.72465783, 0.119222), (0.68272215, 0.7210255, 0.11837526), (0.68270546, 0.7210654, 0.11822835), (0.6827026, 0.72106534, 0.118245125), (0.6827007, 0.7210633, 0.118269086), (-0.42416215, 0.3138077, 0.849477), (-0.42414728, 0.3138389, 0.8494728), (-0.42415547, 0.31384188, 0.8494677), (-0.42415667, 0.313838, 0.8494685), (0.7196663, -0.3685157, -0.58845276), (0.7196582, -0.3685428, -0.58844566), (0.7196639, -0.36852363, -0.58845055), (0.7196719, -0.3685048, -0.58845264), (0.5133238, -0.2918626, -0.80704087), (0.513394, -0.29144573, -0.8071468), (0.51335806, -0.29165912, -0.8070926), (0.5132714, -0.29217315, -0.8069618), (0.28574783, -0.41342124, -0.86454105), (0.2857493, -0.41341993, -0.86454105), (0.28574947, -0.41338107, -0.8645596), (0.28574806, -0.41338018, -0.8645605), (0.4701138, -0.27340925, -0.83919024), (0.47011688, -0.27337, -0.83920145), (0.47012144, -0.27333948, -0.8392087), (0.47011682, -0.27338523, -0.8391965), (0.7814902, -0.6234752, 0.023488602), (0.7814921, -0.62347287, 0.023488795), (0.78150606, -0.6234555, 0.023483315), (0.7814993, -0.623464, 0.023485301), (-0.78718805, 0.14481106, 0.5994705), (-0.7871798, 0.1447985, 0.59948415), (-0.78717756, 0.14480275, 0.5994862), (-0.78717184, 0.14479388, 0.59949577), (-0.80864024, -0.52545434, -0.2645728), (-0.80841976, -0.5257656, -0.26462796), (-0.80860794, -0.5254998, -0.26458085), (-0.8088288, -0.52518797, -0.2645256), (-0.71097666, -0.6878729, -0.14609262), (-0.71097964, -0.6878702, -0.14609069), (-0.7109979, -0.6878503, -0.14609614), (-0.71084255, -0.6880125, -0.14608815), (-0.71100557, -0.68783176, -0.14614545), (-0.7109781, -0.68787134, -0.14609288), (-0.026986517, 0.15257548, 0.9879233), (-0.026981145, 0.1525756, 0.98792344), (-0.026973564, 0.1525815, 0.9879227), (-0.02697713, 0.15258025, 0.98792285), (-0.20951344, 0.2569107, 0.94345164), (-0.20951723, 0.2569039, 0.9434527), (-0.20951568, 0.25689384, 0.9434557), (-0.20951936, 0.25687596, 0.9434598), (0.0014868301, -0.54676783, -0.83728296), (0.0014071076, -0.5467305, -0.8373075), (0.0013871894, -0.5467159, -0.83731705), (0.0014725591, -0.54675716, -0.83729), (0.4453966, -0.6971785, 0.56175077), (0.44540548, -0.69716483, 0.5617607), (0.4453516, -0.69713956, 0.56183475), (0.44541517, -0.69722, 0.56168455), (0.44539464, -0.6971673, 0.56176645), (0.44542003, -0.6971455, 0.56177306), (-0.84590244, -0.04025377, 0.5318164), (-0.84589714, -0.04029925, 0.53182137), (-0.845888, -0.040342294, 0.5318326), (-0.8458971, -0.04027412, 0.5318234), (-0.60395646, 0.30352387, 0.7369599), (-0.60396266, 0.30353126, 0.7369517), (-0.6039688, 0.30352706, 0.73694843), (-0.6039702, 0.30352733, 0.7369471), (-0.07866186, -0.5718373, -0.81658703), (-0.07886458, -0.5717387, -0.8166365), (-0.07903246, -0.57165825, -0.8166767), (-0.078823015, -0.5717617, -0.81662446), (-0.8800964, 0.094385415, 0.46531892), (-0.88010055, 0.094348274, 0.4653186), (-0.8800988, 0.094331376, 0.46532536), (-0.8800952, 0.0943473, 0.46532902), (-0.87090313, 0.0013421319, 0.49145272), (-0.87090856, 0.0013589561, 0.49144316), (-0.8709103, 0.0013634227, 0.4914402), (-0.8709037, 0.0013473481, 0.49145192), (-0.8748274, -0.4644239, -0.13779446), (-0.87481064, -0.46445975, -0.13778077), (-0.8748027, -0.4644767, -0.13777366), (-0.87482685, -0.46442524, -0.13779368), (-0.10533506, -0.059708837, 0.9926426), (-0.105302945, -0.059700176, 0.9926466), (-0.10527945, -0.059692595, 0.9926495), (-0.10529205, -0.05969595, 0.992648), (0.746023, -0.5462563, -0.3808591), (0.7460101, -0.5462812, -0.38084877), (0.74601215, -0.5462772, -0.38085037), (0.7460287, -0.5462459, -0.380863), (0.5696564, -0.5747774, 0.58747125), (0.5696897, -0.57477134, 0.5874451), (0.569637, -0.57478106, 0.5874865), (0.5696039, -0.5747872, 0.58751255), (0.75813323, -0.5633971, -0.32835606), (0.75822777, -0.563187, -0.32849818), (0.758368, -0.5628648, -0.32872656), (0.7582111, -0.5632159, -0.32848707), (-0.0815484, 0.00049864507, 0.99666923), (-0.08157329, 0.00049091503, 0.9966672), (-0.08155157, 0.000497168, 0.996669), (-0.08158404, 0.000490848, 0.9966664), (0.4792184, -0.4938172, 0.7255992), (0.47922096, -0.49381733, 0.7255975), (0.47925332, -0.49380508, 0.7255844), (0.47923785, -0.4938094, 0.7255917), (-0.58314174, 0.6066819, 0.5402618), (-0.5831446, 0.60667664, 0.54026467), (-0.58303326, 0.60681385, 0.54023063), (-0.583197, 0.60661507, 0.5402772), (-0.5492252, -0.5972682, 0.58448476), (-0.5492228, -0.5972776, 0.58447725), (-0.5492232, -0.59728247, 0.584472), (-0.5492175, -0.59729755, 0.58446187), (-0.14457947, -0.607617, 0.7809599), (-0.14456825, -0.6076242, 0.7809564), (-0.14458416, -0.6076138, 0.7809616), (-0.14457497, -0.6076198, 0.78095853), (-0.3142305, -0.6403229, 0.7008893), (-0.31421998, -0.6403294, 0.70088804), (-0.31423333, -0.64033514, 0.70087683), (-0.31422994, -0.6403225, 0.7008899), (-0.84821105, -0.46092343, 0.26093602), (-0.8482112, -0.46091917, 0.26094308), (-0.84820765, -0.46092704, 0.26094058), (-0.8482067, -0.4609281, 0.2609419), (0.22962508, 0.7733091, -0.5909868), (0.22834478, 0.77511173, -0.5891183), (0.22974017, 0.7733321, -0.5909119), (0.2297074, 0.7733452, -0.5909075), (0.747643, -0.60674, -0.26999378), (0.7476386, -0.6067449, -0.2699948), (0.7476351, -0.6067524, -0.26998746), (0.7476358, -0.6067515, -0.2699876), (0.74764067, -0.6067548, -0.26996714), (0.74765176, -0.6067363, -0.26997766), (0.08240168, -0.34012094, -0.9367645), (0.08240251, -0.34015968, -0.93675035), (0.08241122, -0.340153, -0.936752), (0.08239202, -0.3401275, -0.9367629), (0.5636352, 0.15399277, 0.81154275), (0.5636351, 0.15399107, 0.8115431), (0.56362987, 0.1539722, 0.8115503), (0.56363696, 0.15399925, 0.81154025), (0.9332825, 0.21583657, 0.28705126), (0.9332854, 0.215831, 0.2870462), (0.9332863, 0.21583559, 0.28703952), (0.9332808, 0.21581319, 0.28707433), (0.021141246, -0.6824645, 0.73061305), (0.02110721, -0.68246657, 0.730612), (0.02111863, -0.68249404, 0.73058593), (0.021102898, -0.68245286, 0.73062485), (0.021112077, -0.68245447, 0.7306231), (0.021118736, -0.6824463, 0.7306305), (-0.20888887, -0.6563073, 0.72500086), (-0.20888512, -0.6563075, 0.7250017), (-0.20886707, -0.6563188, 0.72499675), (-0.20886423, -0.65632033, 0.72499603), (0.73542786, -0.5073529, -0.4491535), (0.7354277, -0.50735974, -0.44914615), (0.73542917, -0.50735533, -0.44914865), (0.73543316, -0.50733835, -0.44916135), (0.6718591, -0.5522991, -0.49352923), (0.67185926, -0.55230254, -0.49352512), (0.67185843, -0.5522953, -0.49353424), (0.6718561, -0.5522997, -0.49353254), (-0.74175936, 0.56785554, 0.35683775), (-0.7417603, 0.56785816, 0.3568317), (-0.7417598, 0.5678642, 0.3568232), (-0.74175996, 0.56785464, 0.3568379), (-0.74176097, 0.56785464, 0.35683575), (-0.7418295, 0.5678679, 0.35667238), (-0.7417615, 0.56785303, 0.3568372), (-0.7417605, 0.5678574, 0.35683218), (-0.6586687, 0.6037552, 0.4490382), (-0.65866584, 0.6037342, 0.4490706), (-0.6586644, 0.6037344, 0.44907233), (-0.6586667, 0.6037463, 0.4490532), (-0.6633404, 0.587284, 0.46376398), (-0.66335714, 0.5872568, 0.4637744), (-0.66336733, 0.5872392, 0.46378222), (-0.6632961, 0.58735394, 0.46373874), (-0.66333544, 0.58729154, 0.4637615), (-0.0116671445, 0.7021571, -0.7119266), (-0.0031538939, 0.6967593, -0.71729815), (-0.0030919649, 0.696707, -0.7173491), (-0.011902956, 0.7026131, -0.7114725), (-0.0120600145, 0.7032551, -0.71083516), (-0.012300523, 0.7028562, -0.7112257), (-0.012354451, 0.7028832, -0.7111979), (-0.01228623, 0.7028634, -0.7112187), (0.11726913, 0.7398885, -0.6624296), (0.11614476, 0.74209625, -0.6601541), (0.11614249, 0.742102, -0.6601481), (0.11683291, 0.7395098, -0.66292936), (0.117751494, 0.7376482, -0.66483814), (0.117714345, 0.73765695, -0.66483504), (0.11778522, 0.73766434, -0.6648143), (0.11776489, 0.73778063, -0.6646887), (0.8304123, 0.2866473, 0.47775373), (0.8304108, 0.2866505, 0.4777544), (0.83041537, 0.2866279, 0.47776023), (0.8304173, 0.28662878, 0.47775626), (-0.44681573, -0.32976675, -0.8316307), (-0.4468098, -0.3297686, -0.8316331), (-0.44680825, -0.32977632, -0.83163095), (-0.44681582, -0.3297562, -0.8316348), (-0.7677498, -0.2546834, -0.58795977), (-0.7678788, -0.25422907, -0.5879879), (-0.76780355, -0.25449422, -0.5879714), (-0.7677736, -0.25459784, -0.5879657), (-0.8543422, -0.4172861, -0.30979294), (-0.85434824, -0.41727197, -0.3097953), (-0.8543628, -0.41724208, -0.30979544), (-0.8543648, -0.4172387, -0.30979443), (-0.8134336, -0.23519734, -0.53198504), (-0.8134303, -0.2352101, -0.5319844), (-0.81343794, -0.23518445, -0.5319839), (-0.8134331, -0.23519361, -0.53198725), (0.2601749, -0.55099565, -0.7929142), (0.26017386, -0.5509866, -0.7929209), (0.26017627, -0.550997, -0.7929128), (0.26016602, -0.5509702, -0.79293483), (0.47138926, 0.06252553, 0.87970597), (0.47135916, 0.06253298, 0.8797217), (0.47135994, 0.062538445, 0.87972087), (0.47138634, 0.06252106, 0.87970793), (-0.29975575, -0.5457545, 0.782495), (-0.29972786, -0.54607856, 0.7822796), (-0.2997096, -0.5463536, 0.7820946), (-0.29973105, -0.54610074, 0.7822629), (-0.15293398, -0.7054593, 0.6920537), (-0.15292391, -0.7055202, 0.6919939), (-0.15291966, -0.70550483, 0.6920105), (-0.15292303, -0.70553875, 0.69197524), (-0.15292218, -0.7055473, 0.69196665), (-0.1529201, -0.7055224, 0.69199246), (0.9933843, 0.114417404, -0.009814538), (0.9933837, 0.11442272, -0.009811483), (0.99338347, 0.11442345, -0.009825657), (0.9933856, 0.11440832, -0.009787843), (0.9527573, 0.2249205, 0.20411856), (0.952757, 0.2249142, 0.20412673), (0.9527533, 0.22494102, 0.20411453), (0.9527532, 0.22494368, 0.20411162), (-0.81852424, -0.57379586, 0.027862547), (-0.8185207, -0.5738013, 0.02785602), (-0.8185175, -0.5738062, 0.027847536), (-0.81852245, -0.5737988, 0.027856588), (0.6620872, -0.61171913, -0.4329436), (0.6620751, -0.61175346, -0.4329137), (0.6620735, -0.6117545, -0.43291464), (0.6620087, -0.61184376, -0.43288773), (0.6620659, -0.6117655, -0.43291056), (0.66206837, -0.6117558, -0.4329207), (0.39980444, -0.1408667, 0.90571123), (0.39979476, -0.14084567, 0.90571886), (0.39979464, -0.14084193, 0.90571946), (0.3998048, -0.14086516, 0.9057115), (0.6619966, 0.26487842, 0.7011419), (0.6619818, 0.26488152, 0.7011546), (0.6619963, 0.26487672, 0.70114285), (0.66198605, 0.26487726, 0.7011523), (-0.7927672, -0.5981579, 0.117163055), (-0.79281145, -0.5980655, 0.117335506), (-0.7928117, -0.5980672, 0.1173255), (-0.79280674, -0.59808, 0.11729383), (0.30217525, 0.0026490132, 0.95324874), (0.3021708, 0.0026616158, 0.95325017), (0.30217507, 0.0026486039, 0.95324874), (0.30217755, 0.0026398473, 0.95324796), (0.34472728, -0.097088926, 0.9336685), (0.34471545, -0.09706976, 0.9336748), (0.34472516, -0.09708756, 0.93366945), (0.34470868, -0.09705476, 0.933679), (-0.20533122, -0.4981368, 0.84243625), (-0.20531526, -0.4981658, 0.8424229), (-0.2053326, -0.49813738, 0.8424355), (-0.20533511, -0.49813002, 0.84243923), (0.9908826, -0.11474137, 0.07061179), (0.99088144, -0.11474458, 0.07062291), (0.99087733, -0.11475831, 0.07065918), (0.99088, -0.114750475, 0.07063276), (-0.16553035, -0.52088904, -0.8374213), (-0.16553807, -0.5208721, -0.8374301), (-0.16553707, -0.5208751, -0.83742857), (-0.16553922, -0.5208712, -0.83743054), (0.68194646, -0.4908358, -0.5422447), (0.68189013, -0.49080357, -0.54234457), (0.68195814, -0.49084252, -0.5422239), (0.6820141, -0.49087453, -0.5421245), (-0.10116549, -0.5332238, -0.83990353), (-0.10165927, -0.5325926, -0.84024435), (-0.1017249, -0.5325122, -0.8402873), (-0.101634994, -0.53262925, -0.8402241), (0.9976083, -0.051223412, 0.04641063), (0.99760854, -0.051218163, 0.0464108), (0.9976069, -0.051228862, 0.046434127), (0.99760735, -0.051227104, 0.046426117), (0.7745484, -0.43038836, -0.46350905), (0.774542, -0.43037927, -0.46352825), (0.7745587, -0.43040437, -0.46347693), (0.7745542, -0.4303966, -0.46349174), (0.18309014, 0.6740421, 0.71564335), (0.18309149, 0.6740569, 0.7156289), (0.18310225, 0.6741307, 0.7155566), (0.18305232, 0.67376596, 0.715913), (0.28279307, -0.568825, 0.7723123), (0.28281346, -0.5687898, 0.77233076), (0.28280392, -0.56880504, 0.77232295), (0.28279144, -0.5688264, 0.77231187), (0.6423886, -0.5744451, 0.50729656), (0.6423929, -0.5744598, 0.5072744), (0.6423965, -0.5744634, 0.5072658), (0.64239216, -0.5744469, 0.5072899), (0.49370626, -0.60101926, 0.6285142), (0.49371728, -0.601003, 0.6285211), (0.493716, -0.60100526, 0.62851983), (0.49370894, -0.6010092, 0.6285217), (-0.16050556, -0.449321, 0.87883365), (-0.16049892, -0.44933924, 0.87882555), (-0.1605201, -0.44933867, 0.8788219), (-0.1605097, -0.4493394, 0.8788235), (-0.43828073, 0.73897535, -0.51168877), (-0.43775928, 0.740001, -0.5106519), (-0.43832842, 0.738837, -0.5118478), (-0.43827775, 0.7387822, -0.51197004), (0.1562293, -0.66319144, -0.73196274), (0.15623556, -0.6631771, -0.73197454), (0.1562225, -0.6631768, -0.7319775), (0.15622987, -0.6631914, -0.7319627), (0.15623479, -0.6631862, -0.7319663), (0.15621784, -0.6631787, -0.73197675), (-0.8006482, -0.39644685, -0.449213), (-0.8006451, -0.39645448, -0.4492117), (-0.8006367, -0.39647025, -0.44921282), (-0.8006473, -0.39644852, -0.4492131), (0.9746265, 0.16989264, -0.1457384), (0.9746255, 0.16989759, -0.14573908), (0.9746338, 0.16986224, -0.14572522), (0.9746309, 0.16987352, -0.14573117), (0.68942904, 0.20695092, -0.69416064), (0.6894556, 0.20692769, -0.6941412), (0.6894408, 0.20694558, -0.69415057), (0.6894509, 0.20693167, -0.69414455), (0.6754138, -0.6489577, 0.35024306), (0.6754064, -0.64896756, 0.35023898), (0.6754204, -0.64895326, 0.35023835), (0.6754188, -0.64894605, 0.35025495), (0.67541844, -0.6489477, 0.3502524), (0.67539924, -0.6489657, 0.35025612), (0.56497896, -0.6225647, 0.54149055), (0.56498146, -0.62257475, 0.54147637), (0.5649794, -0.6225639, 0.54149103), (0.56498396, -0.6225678, 0.54148173), (-0.020634124, -0.5713611, -0.82043934), (-0.020635515, -0.5713601, -0.82044005), (-0.020647667, -0.57134247, -0.820452), (-0.020632397, -0.57136005, -0.8204401), (-0.09190033, -0.61973137, -0.7794148), (-0.09190415, -0.6197212, -0.77942246), (-0.09191227, -0.61970013, -0.7794382), (-0.09190481, -0.61971813, -0.77942467), (-0.07470459, 0.63046986, 0.77261055), (-0.074723035, 0.63046086, 0.77261615), (-0.07471063, 0.6304752, 0.7726055), (-0.07471182, 0.6304756, 0.7726051), (-0.074718975, 0.6304689, 0.77260983), (-0.074696206, 0.6304532, 0.77262485), (-0.0747361, 0.63046324, 0.77261287), (-0.074767984, 0.6304084, 0.7726546), (0.060300503, 0.671393, 0.7386443), (0.06029612, 0.67139727, 0.7386407), (0.06030133, 0.6713924, 0.73864466), (0.06031404, 0.671382, 0.73865306), (0.06366407, 0.6530438, 0.7546395), (0.063127145, 0.65305644, 0.7546737), (0.06306834, 0.65308523, 0.7546537), (0.06312204, 0.6530771, 0.75465614), (0.063109115, 0.6530767, 0.7546576), (-0.65601575, 0.668029, -0.35125574), (-0.65594983, 0.6629811, -0.36081272), (-0.6559448, 0.6629801, -0.360824), (-0.6531739, 0.6696999, -0.3533637), (-0.6550819, 0.6691027, -0.35095465), (-0.6550552, 0.6690731, -0.35106075), (-0.65506804, 0.6690887, -0.3510073), (-0.6550551, 0.6690691, -0.35106862), (-0.55492854, 0.70419896, -0.4428975), (-0.5532459, 0.7063518, -0.4415724), (-0.5532262, 0.7063828, -0.4415474), (-0.5532333, 0.7063687, -0.441561), (-0.55614763, 0.7029242, -0.44339305), (-0.5562444, 0.7030021, -0.44314805), (-0.55626994, 0.70291066, -0.44326106), (-0.55630344, 0.70293677, -0.44317764), (0.8006464, 0.285449, -0.52676773), (0.8006487, 0.28544563, -0.526766), (0.8006496, 0.28544235, -0.5267666), (0.8006482, 0.285444, -0.52676773), (-0.93471885, -0.35130587, 0.053710483), (-0.93472725, -0.35128382, 0.05370768), (-0.9347206, -0.3513018, 0.053706024), (-0.93472123, -0.35130024, 0.053705566), (-0.8683981, -0.25814068, 0.42337716), (-0.86843103, -0.2580088, 0.42338973), (-0.86841416, -0.25807652, 0.4233833), (-0.86837345, -0.25823873, 0.42336777), (-0.65909505, -0.4083883, 0.63151616), (-0.659092, -0.40839088, 0.6315177), (-0.65908676, -0.4084154, 0.6315073), (-0.6590865, -0.4084209, 0.6315041), (-0.8424804, -0.23507023, 0.4847357), (-0.84247875, -0.23507202, 0.48473772), (-0.84248364, -0.2350584, 0.48473582), (-0.84248763, -0.23504351, 0.48473606), (-0.5753522, -0.61493105, -0.5392863), (-0.5753292, -0.6149523, -0.53928655), (-0.5753531, -0.6149281, -0.5392886), (-0.57536477, -0.6149183, -0.53928745), (0.9962431, 0.081209384, -0.030078527), (0.9962431, 0.08121293, -0.030071113), (0.99624336, 0.08120594, -0.030082406), (0.99624276, 0.081215054, -0.030076), (0.5713795, -0.51398003, 0.6398047), (0.5712764, -0.5141579, 0.63975376), (0.57134116, -0.5140462, 0.63978577), (0.57144433, -0.51386803, 0.6398368), (0.56281734, -0.6709509, 0.48276448), (0.5628288, -0.67096317, 0.48273417), (0.56285, -0.6709491, 0.48272896), (0.5628113, -0.6709411, 0.4827852), (0.56280863, -0.6710064, 0.4826973), (0.5628284, -0.6709616, 0.48273653), (0.46904203, 0.095614865, -0.8779849), (0.46901333, 0.09562468, -0.8779991), (0.46901235, 0.09563126, -0.87799895), (0.46901354, 0.09562509, -0.87799895), (0.6269901, 0.21415804, -0.7490125), (0.62700117, 0.21414146, -0.74900794), (0.62699133, 0.21414968, -0.7490139), (0.6269991, 0.21414311, -0.7490092), (-0.3369632, -0.555785, 0.75997293), (-0.3369502, -0.555772, 0.7599882), (-0.33691922, -0.55574244, 0.76002353), (-0.33695474, -0.555777, 0.7599825), (-0.03690395, -0.6777952, -0.73432404), (-0.036908723, -0.67780024, -0.7343191), (-0.036924016, -0.6777897, -0.7343281), (-0.0369213, -0.67778856, -0.7343292), (-0.036924094, -0.6777579, -0.73435736), (-0.03692733, -0.67779297, -0.7343248), (0.99104214, -0.11954243, 0.05953965), (0.9910383, -0.11958052, 0.05952695), (0.99103254, -0.11963856, 0.059507094), (0.9910392, -0.119572386, 0.059529074), (0.91805047, 0.2726122, -0.28786448), (0.91804385, 0.27259913, -0.28789797), (0.91804886, 0.2726106, -0.28787094), (0.91805017, 0.2726096, -0.28786793), (-0.24572055, -0.5786041, 0.7777138), (-0.24546897, -0.57839704, 0.7779471), (-0.2452364, -0.57820535, 0.7781631), (-0.24555069, -0.57846427, 0.77787143), (0.9880453, 0.028508117, 0.15150553), (0.9880476, 0.028475897, 0.15149586), (0.98804575, 0.028501743, 0.15150301), (0.98804384, 0.028521355, 0.15151227), (0.99067265, -0.07337227, 0.11482252), (0.9906725, -0.07334243, 0.114842705), (0.99067265, -0.07336928, 0.1148243), (0.9906729, -0.07334106, 0.11484022), (0.6678051, -0.46692413, 0.57967085), (0.6678071, -0.46691036, 0.5796796), (0.6678048, -0.4669281, 0.5796681), (0.6678078, -0.46690208, 0.57968533), (0.553034, -0.13635585, -0.82192487), (0.5530532, -0.13636243, -0.82191086), (0.553053, -0.13636333, -0.82191086), (0.5530512, -0.1363624, -0.8219122), (-0.809697, -0.55988044, -0.17585464), (-0.8097129, -0.5598575, -0.17585371), (-0.80969894, -0.5598772, -0.17585541), (-0.80969197, -0.55988765, -0.17585403), (-0.13583766, -0.55779916, -0.81878453), (-0.13580418, -0.5578068, -0.81878495), (-0.13584384, -0.5577978, -0.81878453), (-0.13587713, -0.5577902, -0.8187841), (-0.7836115, -0.57600987, -0.23273519), (-0.7835935, -0.57603157, -0.23274192), (-0.7836137, -0.5760073, -0.23273411), (-0.78359497, -0.5760294, -0.2327425), (0.5312939, -0.072123215, -0.8441119), (0.5312961, -0.0721246, -0.8441104), (0.5312877, -0.0721194, -0.8441162), (0.53128207, -0.07210903, -0.8441207), (-0.018334204, -0.49158913, -0.87063414), (-0.018321767, -0.4915897, -0.87063414), (-0.018322788, -0.49159187, -0.870633), (-0.018294591, -0.4916076, -0.87062466), (0.027426425, 0.6624844, 0.7485734), (0.027429095, 0.6624428, 0.7486101), (0.027421767, 0.66254854, 0.74851686), (0.027427517, 0.662473, 0.74858344), (0.4169656, -0.5577857, 0.71764535), (0.41697243, -0.5577709, 0.71765274), (0.4169677, -0.5577827, 0.7176464), (0.41696227, -0.5577884, 0.71764517), (0.78724015, -0.40641472, 0.46376726), (0.7872369, -0.40641, 0.46377662), (0.787245, -0.4064255, 0.4637495), (0.7872405, -0.40642056, 0.46376136), (0.64371085, -0.5005368, 0.5788777), (0.6437151, -0.50052565, 0.5788825), (0.64370936, -0.5005363, 0.5788796), (0.6437161, -0.5005239, 0.578883), (-0.072204076, -0.5911097, 0.80335283), (-0.07221555, -0.59111005, 0.8033515), (-0.07220579, -0.5911059, 0.8033555), (-0.072212584, -0.591142, 0.8033283), (-0.61710155, 0.64495003, -0.450805), (-0.61675656, 0.6460701, -0.4496718), (-0.6170643, 0.64494413, -0.45086434), (-0.61699265, 0.64491487, -0.45100433), (0.32609454, -0.54645854, -0.77139187), (0.3261086, -0.54646474, -0.77138156), (0.32610333, -0.54646873, -0.77138096), (0.32607794, -0.5464696, -0.77139103), (0.32609186, -0.5464582, -0.7713932), (0.32610962, -0.5464532, -0.7713893), (-0.67589235, -0.58056116, -0.45400244), (-0.6759154, -0.5805324, -0.45400497), (-0.67590284, -0.58055484, -0.45399478), (-0.67589605, -0.5805578, -0.4540014), (0.87700564, 0.47214955, -0.08908401), (0.87700653, 0.4721478, -0.08908413), (0.8770148, 0.4721337, -0.089077406), (0.8769941, 0.47216964, -0.08909121), (0.634775, 0.48763695, -0.59939206), (0.6347715, 0.48763844, -0.5993946), (0.63477147, 0.48763546, -0.599397), (0.63476276, 0.4876319, -0.59940916), (0.8376901, -0.45248154, 0.3058362), (0.8376947, -0.4524632, 0.30585054), (0.83769107, -0.4524926, 0.30581704), (0.83769983, -0.45249048, 0.30579612), (0.8376917, -0.45249125, 0.3058175), (0.83771026, -0.4524589, 0.30581427), (0.7211047, -0.48710984, 0.4926783), (0.72110814, -0.48711127, 0.49267188), (0.7210981, -0.48710343, 0.49269444), (0.72109115, -0.48709765, 0.49271026), (0.119643845, -0.5045427, -0.85505676), (0.119668104, -0.5045624, -0.8550418), (0.11962836, -0.5045316, -0.85506546), (0.119626924, -0.5045314, -0.85506576), (0.05517098, -0.5782694, -0.8139783), (0.05516502, -0.57826364, -0.8139828), (0.055173296, -0.57826763, -0.8139793), (0.055187825, -0.57828534, -0.81396574), (-0.23308603, 0.5369984, 0.8107426), (-0.23316641, 0.5370385, 0.810693), (-0.23318776, 0.53703153, 0.8106915), (-0.23308437, 0.53700835, 0.8107364), (-0.23312677, 0.53705317, 0.8106946), (-0.23312455, 0.53711116, 0.81065685), (-0.23302795, 0.5370474, 0.8107269), (-0.23303975, 0.53704536, 0.81072485), (-0.09939177, 0.6227836, 0.77605534), (-0.099421464, 0.6227913, 0.77604544), (-0.09940742, 0.62279224, 0.7760463), (-0.099401765, 0.6227925, 0.77604693), (-0.09258761, 0.60436183, 0.7913117), (-0.099392205, 0.62277925, 0.7760588), (-0.09264132, 0.60436946, 0.79129964), (-0.09265233, 0.60432583, 0.79133165), (-0.09257244, 0.6043667, 0.7913097), (-0.09254429, 0.6042977, 0.7913658), (-0.8222436, 0.4802406, -0.30542493), (-0.82178575, 0.47492552, -0.31482384), (-0.82178676, 0.4748285, -0.31496736), (-0.8223959, 0.48004442, -0.30532318), (-0.82251555, 0.48022, -0.30472454), (-0.822448, 0.48031244, -0.30476102), (-0.82237345, 0.48044333, -0.30475602), (-0.822411, 0.48035732, -0.30479002), (-0.72924817, 0.56261384, -0.389439), (-0.7283921, 0.56462497, -0.38812837), (-0.72840667, 0.5646045, -0.3881308), (-0.7300069, 0.56176084, -0.38924903), (-0.7306915, 0.56018037, -0.39024076), (-0.73071694, 0.5601547, -0.39023), (-0.7307823, 0.56005025, -0.3902575), (-0.730862, 0.56003904, -0.39012426), (0.705029, 0.56691194, -0.42608094), (0.7050262, 0.566917, -0.4260788), (0.7050245, 0.56691694, -0.42608196), (0.7050347, 0.5669044, -0.42608154), (-0.7927968, -0.6094748, -0.0037198928), (-0.7927677, -0.6095125, -0.0037233103), (-0.7927911, -0.60948193, -0.0037158176), (-0.79279035, -0.6094832, -0.0037181638), (-0.76766026, -0.5487507, 0.33101442), (-0.76782495, -0.5484763, 0.33108696), (-0.76774126, -0.5486157, 0.33105007), (-0.767706, -0.54867375, 0.3310357), (-0.55203867, -0.6521554, 0.5195638), (-0.5520277, -0.6521723, 0.51955444), (-0.5520133, -0.6521871, 0.51955104), (-0.5520226, -0.6521727, 0.5195592), (-0.7536061, -0.5287111, 0.3905667), (-0.7535996, -0.5287194, 0.39056808), (-0.7536103, -0.52870625, 0.39056537), (-0.7536119, -0.52870536, 0.39056322), (-0.4220179, -0.71655214, -0.55538625), (-0.42200005, -0.7165575, -0.55539304), (-0.42199224, -0.7165647, -0.55538964), (-0.4220187, -0.7165537, -0.55538356), (0.92067796, 0.39026606, 0.0066717924), (0.92068595, 0.3902478, 0.006643944), (0.9206831, 0.39025435, 0.006643692), (0.9206816, 0.3902576, 0.006663039), (0.70273167, -0.38568017, 0.5978452), (0.7025965, -0.3861865, 0.5976772), (0.7026938, -0.38582194, 0.59779817), (0.7028292, -0.38531458, 0.5979664), (0.73002726, -0.52998745, 0.43147823), (0.7299919, -0.53006285, 0.43144542), (0.72999555, -0.5300669, 0.4314343), (0.7300528, -0.5299584, 0.4314707), (0.7300063, -0.53003955, 0.43144983), (0.7299995, -0.5300558, 0.43144125), (0.46478057, 0.34238142, -0.81655014), (0.46475872, 0.34237996, -0.81656307), (0.46475124, 0.3423885, -0.8165638), (0.46478248, 0.34237814, -0.81655025), (0.57807755, 0.48390123, -0.6570128), (0.5780679, 0.483909, -0.6570157), (0.5780532, 0.48392794, -0.6570147), (0.5780535, 0.48394096, -0.6570047), (-0.22049609, -0.7229259, 0.6547973), (-0.22049646, -0.7229308, 0.6547918), (-0.22047648, -0.7229007, 0.6548319), (-0.2204942, -0.72292024, 0.6548044), (0.12525812, -0.62234396, -0.77265674), (0.12524574, -0.62233293, -0.77266765), (0.12523672, -0.6223454, -0.77265906), (0.1256537, -0.6224321, -0.7725215), (0.12520067, -0.6223328, -0.7726749), (0.12522916, -0.6223392, -0.77266526), (0.9769638, 0.20066482, 0.07263044), (0.97696894, 0.20064333, 0.07262226), (0.9769676, 0.20064914, 0.07262419), (0.9769663, 0.20065506, 0.07262516), (0.8024094, 0.55957234, -0.20740737), (0.80241007, 0.55957067, -0.20740958), (0.80240864, 0.5595774, -0.207397), (0.80241144, 0.55957156, -0.20740211), (-0.12624335, -0.72320443, 0.6789978), (-0.12612224, -0.7230536, 0.6791809), (-0.12599014, -0.722914, 0.67935395), (-0.12614352, -0.7230838, 0.6791448), (0.9311171, 0.32552648, 0.16447909), (0.93111634, 0.3255271, 0.16448201), (0.9311051, 0.32555568, 0.16448943), (0.931111, 0.32554126, 0.16448444), (0.96318084, 0.2378177, 0.12540121), (0.9631747, 0.23783591, 0.12541363), (0.96317554, 0.23783277, 0.12541316), (0.9631816, 0.23781437, 0.12540123), (0.7862847, -0.29652455, 0.54206043), (0.7862924, -0.2965147, 0.5420548), (0.786294, -0.29654303, 0.54203683), (0.7862788, -0.29649547, 0.5420849), (0.60541236, 0.1368752, -0.7840542), (0.6054051, 0.13687724, -0.7840595), (0.6054632, 0.13686892, -0.7840161), (0.6054187, 0.13687448, -0.78404945), (-0.6356639, -0.7411917, -0.21579248), (-0.6356919, -0.7411692, -0.21578722), (-0.6357292, -0.7411389, -0.21578126), (-0.6356831, -0.7411759, -0.21578982), (-0.0042024865, -0.52755016, -0.84951353), (-0.0042739618, -0.5275551, -0.84951), (-0.004178664, -0.52754843, -0.84951466), (-0.0041075763, -0.5275434, -0.8495182), (-0.6101702, -0.7459027, -0.26706082), (-0.61047345, -0.7456972, -0.26694167), (-0.6104658, -0.7457018, -0.26694643), (-0.610444, -0.7457156, -0.26695752), (0.56803995, 0.19531427, -0.79948914), (0.5680543, 0.195313, -0.79947925), (0.568055, 0.19531295, -0.7994789), (0.56803495, 0.19530943, -0.79949397), (0.10501557, -0.41907477, -0.9018581), (0.10467554, -0.41903922, -0.9019142), (0.10462627, -0.41903624, -0.9019212), (0.104696885, -0.41904497, -0.901909), (0, -1, 0), (0, -1, 0), (0, -1, 0), (0, -1, 0), (0, -1, 0), (0, -1, 0), (-0.998367, 0.05712616, 9.660749e-7), (-0.998367, 0.05712621, 9.328668e-7), (-0.998367, 0.057126194, 9.377523e-7), (-0.998367, 0.05712616, 9.723844e-7), (0.49914068, 0.057117596, -0.8646365), (0.49914095, 0.05711771, -0.8646363), (0.4991409, 0.0571177, -0.8646363), (0.49914056, 0.057117574, -0.86463654), (0.49913853, 0.057119098, 0.86463755), (0.49913788, 0.057119213, 0.864638), (0.49913797, 0.0571192, 0.8646379), (0.4991386, 0.057119068, 0.86463743), (-0.4991987, 0.057123225, -0.8646026), (-0.49919808, 0.057123404, -0.864603), (-0.4991981, 0.057123374, -0.86460286), (-0.4991988, 0.057123177, -0.8646025), (-0.49918684, 0.057124503, 0.8646093), (-0.4991878, 0.0571248, 0.86460865), (-0.4991877, 0.057124756, 0.86460876), (-0.4991867, 0.05712446, 0.8646095)]
    uniform token orientation
    point3f[] points = [(1.4935366, 3.5008502, -0.14557102), (1.5166302, 3.5801654, -0.23412727), (2.4508777, 3.321396, -0.19100724), (1.5166302, 3.5801654, -0.23412727), (1.4991485, 3.4871106, -0.3331557), (2.4508777, 3.321396, -0.19100724), (1.6005946, 3.186431, -0.59126925), (1.9068129, 3.1511636, -0.52851784), (1.4991485, 3.4871106, -0.3331557), (1.4701083, 3.3137043, -0.33050624), (1.4796435, 3.4291697, -0.22227952), (2.424734, 3.2191913, -0.18171068), (1.4796435, 3.4291697, -0.22227952), (1.4408928, 3.291856, -0.0992864), (2.424734, 3.2191913, -0.18171068), (0.118854046, 2.5686219, -1.3568571), (0.026425395, 2.632226, -1.3681495), (-0.029512137, 2.4466503, -2.193323), (0.026425395, 2.632226, -1.3681495), (-0.056823276, 2.5378017, -1.3389156), (-0.029512137, 2.4466503, -2.193323), (-0.036693618, 2.3806775, -1.3101283), (0.054381117, 2.4958212, -1.3339081), (-0.009252481, 2.3543952, -2.1693075), (0.054381117, 2.4958212, -1.3339081), (0.18578516, 2.3827357, -1.3117691), (-0.009252481, 2.3543952, -2.1693075), (0.09105938, 3.023825, 0.9442111), (0.18939796, 2.9518676, 0.9290807), (0.03596671, 2.7958171, 1.7630547), (0.19267161, 2.7942407, 0.8936174), (0.08500567, 2.8852224, 0.90234864), (0.030666854, 2.7018228, 1.7336442), (0.08500567, 2.8852224, 0.90234864), (-0.02821829, 2.7449777, 0.85344136), (0.030666854, 2.7018228, 1.7336442), (-0.11595944, 4.2869897, -1.2585723), (-0.19318801, 4.348177, -1.2476542), (-0.4429672, 4.2117767, -1.9487754), (-0.19318801, 4.348177, -1.2476542), (-0.25222608, 4.265199, -1.2063005), (-0.4429672, 4.2117767, -1.9487754), (-0.22952154, 4.1227508, -1.1890037), (-0.16206068, 4.223464, -1.2265908), (-0.422211, 4.1342106, -1.9357357), (-0.16206068, 4.223464, -1.2265908), (-0.05234138, 4.1174526, -1.2374595), (-0.422211, 4.1342106, -1.9357357), (-0.95799476, 3.7837684, -0.41748214), (-0.9696204, 3.8525722, -0.33365527), (-1.8232994, 3.7116995, -0.35639727), (-0.9696204, 3.8525722, -0.33365527), (-0.9592014, 3.76287, -0.25001228), (-1.8232994, 3.7116995, -0.35639727), (-1.0676504, 3.4909866, -0.030351505), (-1.3446274, 3.491495, -0.078940794), (-0.9592014, 3.76287, -0.25001228), (-0.94784683, 3.6051652, -0.26164615), (-0.94957703, 3.7146075, -0.3526834), (-1.8087815, 3.6182683, -0.37045473), (-0.94957703, 3.7146075, -0.3526834), (-0.92973655, 3.594126, -0.47062418), (-1.8087815, 3.6182683, -0.37045473), (-0.37392214, 4.2035995, 0.60118127), (-0.31741422, 4.267812, 0.65162027), (-0.660728, 4.105801, 1.2874928), (-0.31741422, 4.267812, 0.65162027), (-0.24380918, 4.192519, 0.66879463), (-0.660728, 4.105801, 1.2874928), (-0.23944981, 4.0536647, 0.64063287), (-0.31672746, 4.146021, 0.61479366), (-0.6612724, 4.029977, 1.2635964), (-0.31672746, 4.146021, 0.61479366), (-0.3926664, 4.0364985, 0.5401391), (-0.6612724, 4.029977, 1.2635964), (0.52109504, 4.9431753, 0.54356694), (0.5858397, 4.9991183, 0.5240936), (0.89898634, 4.8583198, 1.0687234), (0.5858397, 4.9991183, 0.5240936), (0.6336727, 4.933775, 0.4768353), (0.89898634, 4.8583198, 1.0687234), (0.61451894, 4.81304, 0.4608922), (0.5584647, 4.8932066, 0.50696796), (0.88074905, 4.7923803, 1.058348), (0.5584647, 4.8932066, 0.50696796), (0.46626818, 4.7978168, 0.53004825), (0.88074905, 4.7923803, 1.058348), (0.65983087, 5.1574726, -1.0784302), (0.61258, 5.2199736, -1.1221715), (0.94595915, 5.0602136, -1.7505926), (0.61258, 5.2199736, -1.1221715), (0.54791766, 5.145195, -1.1335225), (0.94595915, 5.0602136, -1.7505926), (0.5420217, 5.008634, -1.1068763), (0.60960335, 5.1002784, -1.0875076), (0.9449175, 4.9857073, -1.7281594), (0.60960335, 5.1002784, -1.0875076), (0.6726726, 4.993447, -1.0222632), (0.9449175, 4.9857073, -1.7281594), (-0.8118794, 4.7866573, -0.29271263), (-0.82652485, 4.8491583, -0.23001121), (-1.5375881, 4.689398, -0.20893264), (-0.82652485, 4.8491583, -0.23001121), (-0.80440795, 4.7743797, -0.16819784), (-1.5375881, 4.689398, -0.20893264), (-0.77833265, 4.6378183, -0.17625327), (-0.79492575, 4.7294626, -0.24456923), (-1.5175759, 4.6148915, -0.21912295), (-0.79492575, 4.7294626, -0.24456923), (-0.76941556, 4.6226315, -0.3316543), (-1.5175759, 4.6148915, -0.21912295), (0.8190843, 6.0405545, -0.08028188), (0.83693874, 6.084961, -0.13223079), (1.3310835, 5.973614, -0.079422325), (0.83693874, 6.084961, -0.13223079), (0.82911634, 6.0334024, -0.18608788), (1.3310835, 5.973614, -0.079422325), (0.80995977, 5.937861, -0.18090473), (0.81318533, 6.0011315, -0.122209124), (1.3159261, 5.9214206, -0.07226544), (0.81318533, 6.0011315, -0.122209124), (0.784793, 5.92546, -0.050430458), (1.3159261, 5.9214206, -0.07226544), (0.46369994, 6.5567174, -0.6250851), (0.42919758, 6.595852, -0.66120636), (0.62256503, 6.554713, -0.97790587), (0.42919758, 6.595852, -0.66120636), (0.38153204, 6.5500364, -0.6749115), (0.62256503, 6.554713, -0.97790587), (0.376121, 6.4662614, -0.6541704), (0.42668083, 6.521682, -0.63592744), (0.62162995, 6.5085087, -0.961522), (0.42668083, 6.521682, -0.63592744), (0.47267854, 6.4549546, -0.5826296), (0.62162995, 6.5085087, -0.961522), (-0.7388263, 3.106569, -1.0105203), (-0.804598, 3.1703298, -0.9519731), (-1.4637495, 2.9848218, -1.4513774), (-0.804598, 3.1703298, -0.9519731), (-0.8339069, 3.0760522, -0.873615), (-1.4637495, 2.9848218, -1.4513774), (-0.7995578, 2.9189012, -0.86928177), (-0.76129055, 3.0338836, -0.9496349), (-1.4329754, 2.8925366, -1.4502004), (-0.76129055, 3.0338836, -0.9496349), (-0.6631634, 2.9205794, -1.0289148), (-1.4329754, 2.8925366, -1.4502004), (-0.5039969, 5.5845456, 0.01692149), (-0.49067295, 5.6307034, 0.07245535), (-0.9536634, 5.5149655, 0.30162105), (-0.49067295, 5.6307034, 0.07245535), (-0.45381832, 5.5771036, 0.11533582), (-0.9536634, 5.5149655, 0.30162105), (-0.43988013, 5.4777946, 0.100111514), (-0.4754466, 5.543569, 0.05041656), (-0.94434476, 5.4607096, 0.28686848), (-0.4754466, 5.543569, 0.05041656), (-0.4905388, 5.464905, -0.028382227), (-0.94434476, 5.4607096, 0.28686848), (-0.16307628, 6.6847124, -0.056528807), (-0.16477492, 6.7131824, -0.013250738), (-0.43303084, 6.5594244, 0.13378015), (-0.16477492, 6.7131824, -0.013250738), (-0.12981826, 6.68132, 0.014894515), (-0.43303084, 6.5594244, 0.13378015), (-0.09938193, 6.620051, -0.0022850633), (-0.13612294, 6.6603575, -0.034492463), (-0.41530377, 6.526568, 0.11981108), (-0.13612294, 6.6603575, -0.034492463), (-0.12846595, 6.6120024, -0.0967142), (-0.41530377, 6.526568, 0.11981108), (0.31351995, 3.8908544, -0.3227034), (0.17499784, 5.360295, -0.3243203), (0.17499334, 3.8885777, -0.40269628), (0.17499334, 3.8885777, -0.40269628), (0.17499784, 5.360295, -0.3243203), (0.10438907, 5.3543897, -0.28351492), (0.03646709, 3.8863015, -0.16271706), (0.10438916, 5.3543897, -0.20190425), (0.17499797, 5.360295, -0.16109905), (0.03646709, 3.8863015, -0.16271706), (0.17499797, 5.360295, -0.16109905), (0.17499366, 3.8885777, -0.0827242), (1.4701083, 3.3137043, -0.33050624), (2.424734, 3.2191913, -0.18171068), (1.8781582, 3.0436406, -0.46717376), (1.4701083, 3.3137043, -0.33050624), (1.8781582, 3.0436406, -0.46717376), (1.5746236, 3.0915892, -0.5338055), (-0.036693618, 2.3806775, -1.3101283), (-0.009252481, 2.3543952, -2.1693075), (-0.19441497, 2.1427863, -1.6486568), (-0.036693618, 2.3806775, -1.3101283), (-0.19441497, 2.1427863, -1.6486568), (-0.22272228, 2.165321, -1.3734949), (0.19267161, 2.7942407, 0.8936174), (0.030666854, 2.7018228, 1.7336442), (0.32271963, 2.5721173, 1.2514497), (0.19267161, 2.7942407, 0.8936174), (0.32271963, 2.5721173, 1.2514497), (0.3922648, 2.6201317, 0.98639035), (-0.22952154, 4.1227508, -1.1890037), (-0.422211, 4.1342106, -1.9357357), (-0.44033527, 3.924851, -1.4510922), (-0.22952154, 4.1227508, -1.1890037), (-0.44033527, 3.924851, -1.4510922), (-0.39484563, 3.937998, -1.2081025), (-0.94784683, 3.6051652, -0.26164615), (-1.8087815, 3.6182683, -0.37045473), (-1.3296884, 3.3956118, -0.13993767), (-0.94784683, 3.6051652, -0.26164615), (-1.3296884, 3.3956118, -0.13993767), (-1.0539457, 3.4065084, -0.087176986), (-0.23944981, 4.0536647, 0.64063287), (-0.6612724, 4.029977, 1.2635964), (-0.28273794, 3.8560708, 0.96538055), (-0.23944981, 4.0536647, 0.64063287), (-0.28273794, 3.8560708, 0.96538055), (-0.13481164, 3.8810992, 0.7754773), (0.61451894, 4.81304, 0.4608922), (0.88074905, 4.7923803, 1.058348), (0.8371752, 4.6414614, 0.6403154), (0.61451894, 4.81304, 0.4608922), (0.8371752, 4.6414614, 0.6403154), (0.76523006, 4.6632657, 0.44372085), (0.5420217, 5.008634, -1.1068763), (0.9449175, 4.9857073, -1.7281594), (0.594905, 4.8129425, -1.4188735), (0.5420217, 5.008634, -1.1068763), (0.594905, 4.8129425, -1.4188735), (0.45507696, 4.8373003, -1.2280685), (-0.77833265, 4.6378183, -0.17625327), (-1.5175759, 4.6148915, -0.21912295), (-1.0756513, 4.4421268, -0.06789775), (-0.77833265, 4.6378183, -0.17625327), (-1.0756513, 4.4421268, -0.06789775), (-0.8406591, 4.4664845, -0.040745363), (0.80995977, 5.937861, -0.18090473), (1.3159261, 5.9214206, -0.07226544), (1.0286026, 5.8023624, -0.24201271), (0.80995977, 5.937861, -0.18090473), (1.0286026, 5.8023624, -0.24201271), (0.8694383, 5.8196735, -0.288085), (0.376121, 6.4662614, -0.6541704), (0.62162995, 6.5085087, -0.961522), (0.39056998, 6.372932, -0.824057), (0.376121, 6.4662614, -0.6541704), (0.39056998, 6.372932, -0.824057), (0.3042249, 6.3698497, -0.7328995), (-0.7995578, 2.9189012, -0.86928177), (-1.4329754, 2.8925366, -1.4502004), (-1.153248, 2.6812737, -0.97823906), (-0.7995578, 2.9189012, -0.86928177), (-1.153248, 2.6812737, -0.97823906), (-0.9624688, 2.7038667, -0.7782719), (-0.43988013, 5.4777946, 0.100111514), (-0.94434476, 5.4607096, 0.28686848), (-0.59763986, 5.3369455, 0.27562675), (-0.43988013, 5.4777946, 0.100111514), (-0.59763986, 5.3369455, 0.27562675), (-0.4323291, 5.3549438, 0.22729877), (-0.09938193, 6.620051, -0.0022850633), (-0.41530377, 6.526568, 0.11981108), (-0.16885419, 6.496521, 0.111237526), (-0.09938193, 6.620051, -0.0022850633), (-0.16885419, 6.496521, 0.111237526), (-0.06802636, 6.5344114, 0.08131345), (0.008842722, 2.9406044, 0.914364), (0.09105938, 3.023825, 0.9442111), (0.03596671, 2.7958171, 1.7630547), (-0.21637821, 2.628452, 1.2350106), (-0.2927819, 2.6099024, 0.9170233), (0.071107715, 2.6441605, -0.4165305), (0.24500985, 2.6452985, -0.31612474), (0.31351995, 3.8908544, -0.3227034), (0.17499334, 3.8885777, -0.40269628), (0.24500985, 2.6452985, -0.31612474), (0.24501006, 2.6452985, -0.11532073), (0.31352013, 3.8908544, -0.16271737), (0.31351995, 3.8908544, -0.3227034), (0.24501006, 2.6452985, -0.11532073), (0.07110823, 2.6441605, -0.014913142), (0.17499366, 3.8885777, -0.0827242), (0.31352013, 3.8908544, -0.16271737), (0.07110823, 2.6441605, -0.014913142), (-0.10278983, 2.6430206, -0.11532025), (0.03646709, 3.8863015, -0.16271706), (0.17499366, 3.8885777, -0.0827242), (0.31352013, 3.8908544, -0.16271737), (0.24560674, 5.366199, -0.2019044), (0.24560669, 5.366199, -0.28351504), (0.31351995, 3.8908544, -0.3227034), (-0.10278983, 2.6430206, -0.11532025), (0.036466923, 3.8863015, -0.32270312), (0.03646709, 3.8863015, -0.16271706), (-0.10279005, 2.6430206, -0.31612447), (-0.25735065, 1.4851884, 0.1444522), (-0.25735098, 1.4851884, -0.14398335), (-0.10279005, 2.6430206, -0.31612447), (0.071107715, 2.6441605, -0.4165305), (0.17499334, 3.8885777, -0.40269628), (0.036466923, 3.8863015, -0.32270312), (0.10438907, 5.3543897, -0.28351492), (0.24225368, 1.4851884, -0.14398633), (0.32722557, 0, -0.19304448), (0.32722595, 0, 0.19351275), (0.24225402, 1.4851884, 0.14445162), (0.10438907, 5.3543897, -0.28351492), (0.0836916, 6.2232175, -0.27255747), (0.08369165, 6.2232175, -0.21286216), (0.10438916, 5.3543897, -0.20190425), (0.036466923, 3.8863015, -0.32270312), (0.10438907, 5.3543897, -0.28351492), (0.10438916, 5.3543897, -0.20190425), (0.03646709, 3.8863015, -0.16271706), (0.31351995, 3.8908544, -0.3227034), (0.24560669, 5.366199, -0.28351504), (0.17499784, 5.360295, -0.3243203), (0.13537246, 6.220717, -0.30240524), (0.18705337, 6.218217, -0.2725576), (0.17370012, 7.0590024, -0.24656305), (0.19156396, 7.057288, -0.23623271), (0.17499366, 3.8885777, -0.0827242), (0.24560674, 5.366199, -0.2019044), (0.31352013, 3.8908544, -0.16271737), (0.17499797, 5.360295, -0.16109905), (0.18705344, 6.218217, -0.21286224), (0.13537258, 6.220717, -0.18301454), (0.19156402, 7.057288, -0.21557353), (0.1737002, 7.0590024, -0.20524314), (0.13537246, 6.220717, -0.30240524), (0.17370012, 7.0590024, -0.24656305), (0.15583636, 7.0607176, -0.23623271), (0.0836916, 6.2232175, -0.27255747), (0.17499784, 5.360295, -0.3243203), (0.13537246, 6.220717, -0.30240524), (0.0836916, 6.2232175, -0.27255747), (0.10438907, 5.3543897, -0.28351492), (0.10438916, 5.3543897, -0.20190425), (0.13537258, 6.220717, -0.18301454), (0.17499797, 5.360295, -0.16109905), (0.08369165, 6.2232175, -0.21286216), (0.1737002, 7.0590024, -0.20524314), (0.15583637, 7.0607176, -0.21557342), (0.24560674, 5.366199, -0.2019044), (0.18705344, 6.218217, -0.21286224), (0.18705337, 6.218217, -0.2725576), (0.24560669, 5.366199, -0.28351504), (0.18705344, 6.218217, -0.21286224), (0.19156402, 7.057288, -0.21557353), (0.19156396, 7.057288, -0.23623271), (0.18705337, 6.218217, -0.2725576), (0.0836916, 6.2232175, -0.27255747), (0.15583636, 7.0607176, -0.23623271), (0.15583637, 7.0607176, -0.21557342), (0.08369165, 6.2232175, -0.21286216), (-0.25735098, 1.4851884, -0.14398335), (-0.007565558, 1.4851884, -0.28820288), (0.071107715, 2.6441605, -0.4165305), (-0.10279005, 2.6430206, -0.31612447), (-0.0075649023, 1.4851884, 0.2886673), (-0.25735065, 1.4851884, 0.1444522), (-0.10278983, 2.6430206, -0.11532025), (0.07110823, 2.6441605, -0.014913142), (0.24225402, 1.4851884, 0.14445162), (-0.0075649023, 1.4851884, 0.2886673), (0.07110823, 2.6441605, -0.014913142), (0.24501006, 2.6452985, -0.11532073), (0.24225368, 1.4851884, -0.14398633), (0.24225402, 1.4851884, 0.14445162), (0.24501006, 2.6452985, -0.11532073), (0.24500985, 2.6452985, -0.31612474), (-0.007565558, 1.4851884, -0.28820288), (0.24225368, 1.4851884, -0.14398633), (0.24500985, 2.6452985, -0.31612474), (0.071107715, 2.6441605, -0.4165305), (1.5746236, 3.0915892, -0.5338055), (1.8781582, 3.0436406, -0.46717376), (1.9068129, 3.1511636, -0.52851784), (1.6005946, 3.186431, -0.59126925), (0.19817416, 4.1747203, -0.26037437), (0.21947898, 4.0412335, -0.17286184), (1.0069464, 3.5332012, -0.15016401), (1.0488821, 3.634923, -0.23666637), (1.5127968, 3.0717516, 0.09095642), (1.8598645, 3.0534878, -0.008006811), (2.424734, 3.2191913, -0.18171068), (1.4408928, 3.291856, -0.0992864), (1.8781582, 3.0436406, -0.46717376), (2.424734, 3.2191913, -0.18171068), (2.4508777, 3.321396, -0.19100724), (1.9068129, 3.1511636, -0.52851784), (1.4935366, 3.5008502, -0.14557102), (2.4508777, 3.321396, -0.19100724), (1.8860012, 3.1832335, 0.089280486), (1.5360038, 3.179784, 0.17720872), (0.7759796, 3.43884, -0.6083267), (0.46231148, 3.6771483, -0.6184572), (0.34348097, 3.902318, -0.49923027), (0.9026185, 3.451422, -0.49885103), (0.22136742, 4.053206, -0.34920233), (1.0005637, 3.5531256, -0.32688758), (2.424734, 3.2191913, -0.18171068), (1.8598645, 3.0534878, -0.008006811), (1.8860012, 3.1832335, 0.089280486), (2.4508777, 3.321396, -0.19100724), (0.25291902, 4.2370167, -0.37331668), (0.24144405, 4.345471, -0.27262887), (0.19817416, 4.1747203, -0.26037437), (0.22136742, 4.053206, -0.34920233), (0.24144405, 4.345471, -0.27262887), (0.23829101, 4.250298, -0.17636266), (0.21947898, 4.0412335, -0.17286184), (0.19817416, 4.1747203, -0.26037437), (0.8708134, 3.4437225, -0.0022633672), (1.0069464, 3.5332012, -0.15016401), (0.21947898, 4.0412335, -0.17286184), (0.7132864, 3.4210405, 0.11230879), (0.3113826, 3.903214, -0.04477687), (0.4503263, 3.6204772, 0.10373955), (1.0488821, 3.634923, -0.23666637), (1.0069464, 3.5332012, -0.15016401), (1.4408928, 3.291856, -0.0992864), (1.4796435, 3.4291697, -0.22227952), (0.22136742, 4.053206, -0.34920233), (0.19817416, 4.1747203, -0.26037437), (1.0488821, 3.634923, -0.23666637), (1.0005637, 3.5531256, -0.32688758), (1.0005637, 3.5531256, -0.32688758), (1.0488821, 3.634923, -0.23666637), (1.4796435, 3.4291697, -0.22227952), (1.4701083, 3.3137043, -0.33050624), (0.24144405, 4.345471, -0.27262887), (1.0582911, 3.702415, -0.34024334), (1.0818261, 3.7779324, -0.24784832), (0.25291902, 4.2370167, -0.37331668), (0.37883955, 3.97701, -0.5451263), (0.93219656, 3.5616107, -0.5706513), (0.487235, 3.7720895, -0.67406845), (0.8061661, 3.545972, -0.67543226), (1.0818261, 3.7779324, -0.24784832), (1.0582911, 3.702415, -0.34024334), (1.4991485, 3.4871106, -0.3331557), (1.5166302, 3.5801654, -0.23412727), (1.4647001, 3.3125665, -0.5197133), (1.4991485, 3.4871106, -0.3331557), (1.0582911, 3.702415, -0.34024334), (1.3067316, 3.2556627, -0.65138465), (1.1444782, 3.3317206, -0.65569615), (1.033252, 3.5148156, -0.53115594), (0.23829101, 4.250298, -0.17636266), (0.24144405, 4.345471, -0.27262887), (1.0818261, 3.7779324, -0.24784832), (1.0625156, 3.703544, -0.16261247), (0.34892318, 3.985414, 0.018827945), (0.8968112, 3.5625267, 0.08889299), (0.47335547, 3.7336776, 0.19177705), (0.7397122, 3.5439663, 0.20982881), (1.0625156, 3.703544, -0.16261247), (1.0818261, 3.7779324, -0.24784832), (1.5166302, 3.5801654, -0.23412727), (1.4935366, 3.5008502, -0.14557102), (1.4326048, 3.293136, 0.08775743), (1.2522314, 3.2379274, 0.22079325), (1.1320733, 3.294495, 0.21613689), (1.015586, 3.4892187, 0.07182798), (1.015586, 3.4892187, 0.07182798), (0.9911181, 3.3847334, -0.009432197), (1.0069464, 3.5332012, -0.15016401), (1.0625156, 3.703544, -0.16261247), (0.8968112, 3.5625267, 0.08889299), (1.0625156, 3.703544, -0.16261247), (1.0069464, 3.5332012, -0.15016401), (0.8708134, 3.4437225, -0.0022633672), (1.4326048, 3.293136, 0.08775743), (1.4935366, 3.5008502, -0.14557102), (1.4408928, 3.291856, -0.0992864), (1.4103602, 3.1860518, 0.006211102), (0.93219656, 3.5616107, -0.5706513), (0.9026185, 3.451422, -0.49885103), (1.0005637, 3.5531256, -0.32688758), (1.0582911, 3.702415, -0.34024334), (1.4647001, 3.3125665, -0.5197133), (1.4370718, 3.2111826, -0.45269), (1.4701083, 3.3137043, -0.33050624), (1.4991485, 3.4871106, -0.3331557), (1.8598645, 3.0534878, -0.008006811), (1.5127968, 3.0717516, 0.09095642), (1.5360038, 3.179784, 0.17720872), (1.8860012, 3.1832335, 0.089280486), (1.5746236, 3.0915892, -0.5338055), (1.6005946, 3.186431, -0.59126925), (1.4991485, 3.4871106, -0.3331557), (1.4701083, 3.3137043, -0.33050624), (1.1186446, 3.2363591, -0.5968417), (1.2805631, 3.1590307, -0.5914177), (1.3067316, 3.2556627, -0.65138465), (1.1444782, 3.3317206, -0.65569615), (1.4103602, 3.1860518, 0.006211102), (1.4408928, 3.291856, -0.0992864), (1.0069464, 3.5332012, -0.15016401), (1.2292635, 3.1264324, 0.12943324), (1.1092541, 3.183742, 0.12541294), (0.9911181, 3.3847334, -0.009432197), (0.3113826, 3.903214, -0.04477687), (0.21947898, 4.0412335, -0.17286184), (0.23829101, 4.250298, -0.17636266), (0.34892318, 3.985414, 0.018827945), (1.5360038, 3.179784, 0.17720872), (1.5127968, 3.0717516, 0.09095642), (1.4408928, 3.291856, -0.0992864), (1.4935366, 3.5008502, -0.14557102), (1.4647001, 3.3125665, -0.5197133), (1.3067316, 3.2556627, -0.65138465), (1.2805631, 3.1590307, -0.5914177), (1.4370718, 3.2111826, -0.45269), (1.2805631, 3.1590307, -0.5914177), (1.1186446, 3.2363591, -0.5968417), (1.0065358, 3.416798, -0.46709883), (1.4370718, 3.2111826, -0.45269), (1.0005637, 3.5531256, -0.32688758), (1.4701083, 3.3137043, -0.33050624), (1.1444782, 3.3317206, -0.65569615), (1.033252, 3.5148156, -0.53115594), (1.0065358, 3.416798, -0.46709883), (1.1186446, 3.2363591, -0.5968417), (1.0065358, 3.416798, -0.46709883), (1.033252, 3.5148156, -0.53115594), (1.0582911, 3.702415, -0.34024334), (1.0005637, 3.5531256, -0.32688758), (0.93219656, 3.5616107, -0.5706513), (0.8061661, 3.545972, -0.67543226), (0.7759796, 3.43884, -0.6083267), (0.9026185, 3.451422, -0.49885103), (0.22136742, 4.053206, -0.34920233), (0.34348097, 3.902318, -0.49923027), (0.37883955, 3.97701, -0.5451263), (0.25291902, 4.2370167, -0.37331668), (0.487235, 3.7720895, -0.67406845), (0.37883955, 3.97701, -0.5451263), (0.34348097, 3.902318, -0.49923027), (0.46231148, 3.6771483, -0.6184572), (0.46231148, 3.6771483, -0.6184572), (0.7759796, 3.43884, -0.6083267), (0.8061661, 3.545972, -0.67543226), (0.487235, 3.7720895, -0.67406845), (1.015586, 3.4892187, 0.07182798), (1.1320733, 3.294495, 0.21613689), (1.1092541, 3.183742, 0.12541294), (0.9911181, 3.3847334, -0.009432197), (1.2522314, 3.2379274, 0.22079325), (1.4326048, 3.293136, 0.08775743), (1.4103602, 3.1860518, 0.006211102), (1.2292635, 3.1264324, 0.12943324), (1.2292635, 3.1264324, 0.12943324), (1.1092541, 3.183742, 0.12541294), (1.1320733, 3.294495, 0.21613689), (1.2522314, 3.2379274, 0.22079325), (0.7397122, 3.5439663, 0.20982881), (0.8968112, 3.5625267, 0.08889299), (0.8708134, 3.4437225, -0.0022633672), (0.7132864, 3.4210405, 0.11230879), (0.34892318, 3.985414, 0.018827945), (0.47335547, 3.7336776, 0.19177705), (0.4503263, 3.6204772, 0.10373955), (0.3113826, 3.903214, -0.04477687), (0.7132864, 3.4210405, 0.11230879), (0.4503263, 3.6204772, 0.10373955), (0.47335547, 3.7336776, 0.19177705), (0.7397122, 3.5439663, 0.20982881), (-0.28758064, 2.2461329, -1.3913857), (-0.2642784, 2.2347457, -1.6687062), (-0.029512137, 2.4466503, -2.193323), (-0.056823276, 2.5378017, -1.3389156), (-0.22272228, 2.165321, -1.3734949), (-0.19441497, 2.1427863, -1.6486568), (-0.2642784, 2.2347457, -1.6687062), (-0.28758064, 2.2461329, -1.3913857), (0.11933845, 3.103982, -0.21237226), (0.20958689, 2.993565, -0.23907971), (0.17302966, 2.5748787, -0.92717975), (0.07835665, 2.6597228, -0.9558183), (0.37310758, 2.2069461, -1.3938333), (0.2381056, 2.1966083, -1.6880616), (-0.009252481, 2.3543952, -2.1693075), (0.18578516, 2.3827357, -1.3117691), (-0.19441497, 2.1427863, -1.6486568), (-0.009252481, 2.3543952, -2.1693075), (-0.029512137, 2.4466503, -2.193323), (-0.2642784, 2.2347457, -1.6687062), (0.118854046, 2.5686219, -1.3568571), (-0.029512137, 2.4466503, -2.193323), (0.31567279, 2.32428, -1.7254771), (0.44243923, 2.3138378, -1.4268805), (-0.13458186, 2.4617016, -0.79135877), (-0.22042662, 2.4336295, -0.6660569), (-0.20979023, 2.6326408, -0.39254835), (0.006331876, 2.5748873, -0.9006303), (-0.1011305, 2.8417027, -0.30647272), (0.042853802, 2.986836, -0.21972011), (-0.009252481, 2.3543952, -2.1693075), (0.2381056, 2.1966083, -1.6880616), (0.31567279, 2.32428, -1.7254771), (-0.029512137, 2.4466503, -2.193323), (0.001417458, 3.1512969, -0.24834077), (0.08861717, 3.2584124, -0.25251043), (0.11933845, 3.103982, -0.21237226), (0.042853802, 2.986836, -0.21972011), (0.08861717, 3.2584124, -0.25251043), (0.18706127, 3.182224, -0.25943822), (0.20958689, 2.993565, -0.23907971), (0.11933845, 3.103982, -0.21237226), (0.33618113, 2.5028453, -0.82299614), (0.17302966, 2.5748787, -0.92717975), (0.20958689, 2.993565, -0.23907971), (0.4653413, 2.486612, -0.69723386), (0.4742146, 2.6531327, -0.46793365), (0.32942492, 2.8863637, -0.33294234), (0.07835665, 2.6597228, -0.9558183), (0.17302966, 2.5748787, -0.92717975), (0.18578516, 2.3827357, -1.3117691), (0.054381117, 2.4958212, -1.3339081), (0.042853802, 2.986836, -0.21972011), (0.11933845, 3.103982, -0.21237226), (0.07835665, 2.6597228, -0.9558183), (0.006331876, 2.5748873, -0.9006303), (0.006331876, 2.5748873, -0.9006303), (0.07835665, 2.6597228, -0.9558183), (0.054381117, 2.4958212, -1.3339081), (-0.036693618, 2.3806775, -1.3101283), (0.08861717, 3.2584124, -0.25251043), (-0.025507621, 2.7105613, -0.95298237), (0.052171826, 2.7888198, -0.986416), (0.001417458, 3.1512969, -0.24834077), (-0.2727886, 2.7136812, -0.40975073), (-0.15468353, 2.9059687, -0.33365104), (-0.21458752, 2.5550601, -0.8110167), (-0.29585725, 2.5247366, -0.6867636), (0.052171826, 2.7888198, -0.986416), (-0.025507621, 2.7105613, -0.95298237), (-0.056823276, 2.5378017, -1.3389156), (0.026425395, 2.632226, -1.3681495), (-0.025507621, 2.7105613, -0.95298237), (-0.18642299, 2.52154, -0.9041014), (-0.21353295, 2.3605294, -1.2825096), (-0.30251274, 2.3494632, -0.98367095), (-0.31270477, 2.288917, -1.1259873), (0.18706127, 3.182224, -0.25943822), (0.08861717, 3.2584124, -0.25251043), (0.052171826, 2.7888198, -0.986416), (0.14061612, 2.7294915, -0.97815526), (0.40889624, 2.6200485, -0.8593198), (0.54364383, 2.6081789, -0.7347825), (0.5448259, 2.7648473, -0.50114566), (0.37778234, 2.9684098, -0.3754059), (0.14061612, 2.7294915, -0.97815526), (0.052171826, 2.7888198, -0.986416), (0.026425395, 2.632226, -1.3681495), (0.118854046, 2.5686219, -1.3568571), (0.36229876, 2.402166, -1.3270404), (0.5142883, 2.357452, -1.1826665), (0.5204354, 2.4023612, -1.0771091), (0.38387778, 2.5578418, -0.9607082), (0.38387778, 2.5578418, -0.9607082), (0.3191029, 2.4545825, -0.92721957), (0.17302966, 2.5748787, -0.92717975), (0.14061612, 2.7294915, -0.97815526), (0.40889624, 2.6200485, -0.8593198), (0.14061612, 2.7294915, -0.97815526), (0.17302966, 2.5748787, -0.92717975), (0.33618113, 2.5028453, -0.82299614), (0.36229876, 2.402166, -1.3270404), (0.118854046, 2.5686219, -1.3568571), (0.18578516, 2.3827357, -1.3117691), (0.29719356, 2.2966406, -1.2954221), (-0.21458752, 2.5550601, -0.8110167), (-0.13458186, 2.4617016, -0.79135877), (0.006331876, 2.5748873, -0.9006303), (-0.025507621, 2.7105613, -0.95298237), (-0.21353295, 2.3605294, -1.2825096), (-0.13896146, 2.2747056, -1.2641698), (-0.036693618, 2.3806775, -1.3101283), (-0.056823276, 2.5378017, -1.3389156), (0.2381056, 2.1966083, -1.6880616), (0.37310758, 2.2069461, -1.3938333), (0.44243923, 2.3138378, -1.4268805), (0.31567279, 2.32428, -1.7254771), (-0.22272228, 2.165321, -1.3734949), (-0.28758064, 2.2461329, -1.3913857), (-0.056823276, 2.5378017, -1.3389156), (-0.036693618, 2.3806775, -1.3101283), (-0.23632616, 2.268328, -0.9660501), (-0.24532472, 2.206734, -1.1081734), (-0.31270477, 2.288917, -1.1259873), (-0.30251274, 2.3494632, -0.98367095), (0.29719356, 2.2966406, -1.2954221), (0.18578516, 2.3827357, -1.3117691), (0.17302966, 2.5748787, -0.92717975), (0.4404127, 2.2469428, -1.1491413), (0.44708267, 2.2925928, -1.0438076), (0.3191029, 2.4545825, -0.92721957), (0.32942492, 2.8863637, -0.33294234), (0.20958689, 2.993565, -0.23907971), (0.18706127, 3.182224, -0.25943822), (0.37778234, 2.9684098, -0.3754059), (0.44243923, 2.3138378, -1.4268805), (0.37310758, 2.2069461, -1.3938333), (0.18578516, 2.3827357, -1.3117691), (0.118854046, 2.5686219, -1.3568571), (-0.21353295, 2.3605294, -1.2825096), (-0.31270477, 2.288917, -1.1259873), (-0.24532472, 2.206734, -1.1081734), (-0.13896146, 2.2747056, -1.2641698), (-0.13896146, 2.2747056, -1.2641698), (-0.24532472, 2.206734, -1.1081734), (-0.23632616, 2.268328, -0.9660501), (-0.11502537, 2.4384918, -0.8862799), (-0.036693618, 2.3806775, -1.3101283), (0.006331876, 2.5748873, -0.9006303), (-0.30251274, 2.3494632, -0.98367095), (-0.18642299, 2.52154, -0.9041014), (-0.11502537, 2.4384918, -0.8862799), (-0.23632616, 2.268328, -0.9660501), (-0.11502537, 2.4384918, -0.8862799), (-0.18642299, 2.52154, -0.9041014), (-0.025507621, 2.7105613, -0.95298237), (0.006331876, 2.5748873, -0.9006303), (-0.21458752, 2.5550601, -0.8110167), (-0.29585725, 2.5247366, -0.6867636), (-0.22042662, 2.4336295, -0.6660569), (-0.13458186, 2.4617016, -0.79135877), (0.042853802, 2.986836, -0.21972011), (-0.1011305, 2.8417027, -0.30647272), (-0.15468353, 2.9059687, -0.33365104), (0.001417458, 3.1512969, -0.24834077), (-0.2727886, 2.7136812, -0.40975073), (-0.15468353, 2.9059687, -0.33365104), (-0.1011305, 2.8417027, -0.30647272), (-0.20979023, 2.6326408, -0.39254835), (-0.20979023, 2.6326408, -0.39254835), (-0.22042662, 2.4336295, -0.6660569), (-0.29585725, 2.5247366, -0.6867636), (-0.2727886, 2.7136812, -0.40975073), (0.38387778, 2.5578418, -0.9607082), (0.5204354, 2.4023612, -1.0771091), (0.44708267, 2.2925928, -1.0438076), (0.3191029, 2.4545825, -0.92721957), (0.5142883, 2.357452, -1.1826665), (0.36229876, 2.402166, -1.3270404), (0.29719356, 2.2966406, -1.2954221), (0.4404127, 2.2469428, -1.1491413), (0.4404127, 2.2469428, -1.1491413), (0.44708267, 2.2925928, -1.0438076), (0.5204354, 2.4023612, -1.0771091), (0.5142883, 2.357452, -1.1826665), (0.54364383, 2.6081789, -0.7347825), (0.40889624, 2.6200485, -0.8593198), (0.33618113, 2.5028453, -0.82299614), (0.4653413, 2.486612, -0.69723386), (0.37778234, 2.9684098, -0.3754059), (0.5448259, 2.7648473, -0.50114566), (0.4742146, 2.6531327, -0.46793365), (0.32942492, 2.8863637, -0.33294234), (0.4653413, 2.486612, -0.69723386), (0.4742146, 2.6531327, -0.46793365), (0.5448259, 2.7648473, -0.50114566), (0.54364383, 2.6081789, -0.7347825), (0.44407287, 2.7135262, 1.0179216), (0.3778225, 2.677509, 1.2862811), (0.03596671, 2.7958171, 1.7630547), (0.18939796, 2.9518676, 0.9290807), (0.3922648, 2.6201317, 0.98639035), (0.32271963, 2.5721173, 1.2514497), (0.3778225, 2.677509, 1.2862811), (0.44407287, 2.7135262, 1.0179216), (0.1287364, 3.5488207, -0.20092446), (0.048122022, 3.4172559, -0.1939543), (0.023417834, 2.964411, 0.48135075), (0.10256306, 3.0678864, 0.5291532), (-0.2061483, 2.5227098, 0.8952558), (-0.118424855, 2.5229602, 1.2100536), (0.030666854, 2.7018228, 1.7336442), (-0.02821829, 2.7449777, 0.85344136), (0.32271963, 2.5721173, 1.2514497), (0.030666854, 2.7018228, 1.7336442), (0.03596671, 2.7958171, 1.7630547), (0.3778225, 2.677509, 1.2862811), (0.36306086, 3.3341897, -0.072417706), (0.21718799, 3.4503284, -0.18180029), (0.1928021, 3.0046234, 0.4865636), (0.4816229, 3.1469035, 0.028293937), (0.47181022, 2.9338567, 0.29529205), (0.36333492, 2.9330275, 0.40309116), (0.030666854, 2.7018228, 1.7336442), (-0.118424855, 2.5229602, 1.2100536), (-0.21637821, 2.628452, 1.2350106), (0.03596671, 2.7958171, 1.7630547), (0.2341734, 3.6201077, -0.14233576), (0.13445377, 3.7054317, -0.152351), (0.1287364, 3.5488207, -0.20092446), (0.21718799, 3.4503284, -0.18180029), (0.13445377, 3.7054317, -0.152351), (0.044834517, 3.6071355, -0.165665), (0.048122022, 3.4172559, -0.1939543), (0.1287364, 3.5488207, -0.20092446), (-0.2104686, 3.0044925, -0.025688857), (-0.21878177, 2.8261907, 0.19815692), (-0.11294684, 2.8631084, 0.34658417), (0.023417834, 2.964411, 0.48135075), (-0.072966866, 3.2773538, -0.12637544), (0.048122022, 3.4172559, -0.1939543), (0.10256306, 3.0678864, 0.5291532), (0.023417834, 2.964411, 0.48135075), (-0.02821829, 2.7449777, 0.85344136), (0.08500567, 2.8852224, 0.90234864), (0.21718799, 3.4503284, -0.18180029), (0.1287364, 3.5488207, -0.20092446), (0.10256306, 3.0678864, 0.5291532), (0.1928021, 3.0046234, 0.4865636), (0.1928021, 3.0046234, 0.4865636), (0.10256306, 3.0678864, 0.5291532), (0.08500567, 2.8852224, 0.90234864), (0.19267161, 2.7942407, 0.8936174), (0.13445377, 3.7054317, -0.152351), (0.19988082, 3.1421323, 0.5469689), (0.10830383, 3.1991298, 0.56693923), (0.2341734, 3.6201077, -0.14233576), (0.40414238, 3.408008, -0.034225434), (0.53167826, 3.240142, 0.05880034), (0.53242135, 3.0396411, 0.33179912), (0.42837653, 3.0421593, 0.43947157), (0.10830383, 3.1991298, 0.56693923), (0.19988082, 3.1421323, 0.5469689), (0.18939796, 2.9518676, 0.9290807), (0.09105938, 3.023825, 0.9442111), (0.50650465, 2.7801023, 0.76230526), (0.3746634, 2.8169777, 0.8992589), (0.5120949, 2.8474588, 0.6215869), (0.19988082, 3.1421323, 0.5469689), (0.38950586, 2.9960916, 0.52509046), (0.044834517, 3.6071355, -0.165665), (0.13445377, 3.7054317, -0.152351), (0.10830383, 3.1991298, 0.56693923), (0.02904647, 3.120831, 0.54091346), (-0.1374003, 3.3441994, -0.091924824), (-0.2989692, 3.0961368, -0.0038935542), (-0.20468494, 2.9594665, 0.37115878), (-0.31676286, 2.925483, 0.22297722), (0.02904647, 3.120831, 0.54091346), (0.10830383, 3.1991298, 0.56693923), (0.09105938, 3.023825, 0.9442111), (0.008842722, 2.9406044, 0.914364), (-0.1888158, 2.8967493, 0.4743398), (-0.20782739, 2.722471, 0.8356923), (-0.32436508, 2.7037926, 0.55993503), (-0.32991123, 2.653507, 0.6640464), (-0.1888158, 2.8967493, 0.4743398), (-0.107051454, 2.8121233, 0.45136225), (0.023417834, 2.964411, 0.48135075), (0.02904647, 3.120831, 0.54091346), (-0.20468494, 2.9594665, 0.37115878), (0.02904647, 3.120831, 0.54091346), (0.023417834, 2.964411, 0.48135075), (-0.11294684, 2.8631084, 0.34658417), (-0.20782739, 2.722471, 0.8356923), (0.008842722, 2.9406044, 0.914364), (-0.02821829, 2.7449777, 0.85344136), (-0.12576583, 2.6355557, 0.8145674), (0.42837653, 3.0421593, 0.43947157), (0.36333492, 2.9330275, 0.40309116), (0.1928021, 3.0046234, 0.4865636), (0.19988082, 3.1421323, 0.5469689), (0.3746634, 2.8169777, 0.8992589), (0.31389728, 2.7164376, 0.86535436), (0.19267161, 2.7942407, 0.8936174), (0.18939796, 2.9518676, 0.9290807), (-0.118424855, 2.5229602, 1.2100536), (-0.2061483, 2.5227098, 0.8952558), (-0.2927819, 2.6099024, 0.9170233), (-0.21637821, 2.628452, 1.2350106), (0.3922648, 2.6201317, 0.98639035), (0.44407287, 2.7135262, 1.0179216), (0.18939796, 2.9518676, 0.9290807), (0.19267161, 2.7942407, 0.8936174), (0.45896047, 2.7534223, 0.5900676), (0.45234972, 2.6847708, 0.7303509), (0.50650465, 2.7801023, 0.76230526), (0.5120949, 2.8474588, 0.6215869), (-0.23337108, 2.614705, 0.5386157), (-0.238275, 2.5638242, 0.64258385), (-0.12576583, 2.6355557, 0.8145674), (-0.107051454, 2.8121233, 0.45136225), (-0.02821829, 2.7449777, 0.85344136), (0.023417834, 2.964411, 0.48135075), (-0.072966866, 3.2773538, -0.12637544), (0.048122022, 3.4172559, -0.1939543), (0.044834517, 3.6071355, -0.165665), (-0.1374003, 3.3441994, -0.091924824), (-0.2927819, 2.6099024, 0.9170233), (-0.2061483, 2.5227098, 0.8952558), (-0.02821829, 2.7449777, 0.85344136), (0.008842722, 2.9406044, 0.914364), (0.3746634, 2.8169777, 0.8992589), (0.50650465, 2.7801023, 0.76230526), (0.45234972, 2.6847708, 0.7303509), (0.31389728, 2.7164376, 0.86535436), (0.33147055, 2.8989835, 0.4923573), (0.1928021, 3.0046234, 0.4865636), (0.19267161, 2.7942407, 0.8936174), (0.45896047, 2.7534223, 0.5900676), (0.45234972, 2.6847708, 0.7303509), (0.31389728, 2.7164376, 0.86535436), (0.5120949, 2.8474588, 0.6215869), (0.38950586, 2.9960916, 0.52509046), (0.33147055, 2.8989835, 0.4923573), (0.45896047, 2.7534223, 0.5900676), (0.33147055, 2.8989835, 0.4923573), (0.38950586, 2.9960916, 0.52509046), (0.19988082, 3.1421323, 0.5469689), (0.1928021, 3.0046234, 0.4865636), (0.42837653, 3.0421593, 0.43947157), (0.53242135, 3.0396411, 0.33179912), (0.47181022, 2.9338567, 0.29529205), (0.36333492, 2.9330275, 0.40309116), (0.21718799, 3.4503284, -0.18180029), (0.36306086, 3.3341897, -0.072417706), (0.40414238, 3.408008, -0.034225434), (0.2341734, 3.6201077, -0.14233576), (0.53167826, 3.240142, 0.05880034), (0.40414238, 3.408008, -0.034225434), (0.36306086, 3.3341897, -0.072417706), (0.4816229, 3.1469035, 0.028293937), (0.4816229, 3.1469035, 0.028293937), (0.47181022, 2.9338567, 0.29529205), (0.53242135, 3.0396411, 0.33179912), (0.53167826, 3.240142, 0.05880034), (-0.1888158, 2.8967493, 0.4743398), (-0.32436508, 2.7037926, 0.55993503), (-0.23337108, 2.614705, 0.5386157), (-0.107051454, 2.8121233, 0.45136225), (-0.32991123, 2.653507, 0.6640464), (-0.20782739, 2.722471, 0.8356923), (-0.12576583, 2.6355557, 0.8145674), (-0.238275, 2.5638242, 0.64258385), (-0.238275, 2.5638242, 0.64258385), (-0.23337108, 2.614705, 0.5386157), (-0.32436508, 2.7037926, 0.55993503), (-0.32991123, 2.653507, 0.6640464), (-0.31676286, 2.925483, 0.22297722), (-0.20468494, 2.9594665, 0.37115878), (-0.11294684, 2.8631084, 0.34658417), (-0.21878177, 2.8261907, 0.19815692), (-0.1374003, 3.3441994, -0.091924824), (-0.2989692, 3.0961368, -0.0038935542), (-0.2104686, 3.0044925, -0.025688857), (-0.072966866, 3.2773538, -0.12637544), (-0.21878177, 2.8261907, 0.19815692), (-0.2104686, 3.0044925, -0.025688857), (-0.2989692, 3.0961368, -0.0038935542), (-0.31676286, 2.925483, 0.22297722), (-0.45036379, 4.012669, -1.2083242), (-0.50111556, 4.0104947, -1.4517027), (-0.4429672, 4.2117767, -1.9487754), (-0.25222608, 4.265199, -1.2063005), (-0.39484563, 3.937998, -1.2081025), (-0.44033527, 3.924851, -1.4510922), (-0.50111556, 4.0104947, -1.4517027), (-0.45036379, 4.012669, -1.2083242), (0.17013821, 4.732939, -0.26479247), (0.23496318, 4.6320505, -0.30890048), (0.033521544, 4.278623, -0.900533), (-0.04864616, 4.3583765, -0.9035566), (0.07593029, 3.956563, -1.3509128), (-0.1045425, 3.9601479, -1.5755106), (-0.422211, 4.1342106, -1.9357357), (-0.05234138, 4.1174526, -1.2374595), (-0.44033527, 3.924851, -1.4510922), (-0.422211, 4.1342106, -1.9357357), (-0.4429672, 4.2117767, -1.9487754), (-0.50111556, 4.0104947, -1.4517027), (-0.11595944, 4.2869897, -1.2585723), (-0.4429672, 4.2117767, -1.9487754), (-0.050667603, 4.073734, -1.6219822), (0.12370952, 4.050889, -1.3920445), (-0.17908378, 4.183438, -0.7207536), (-0.21681404, 4.1575003, -0.59537303), (-0.13967714, 4.3272524, -0.3587803), (-0.09297133, 4.2832503, -0.84243184), (-0.030528499, 4.5082226, -0.3038959), (0.106626004, 4.6308618, -0.25709665), (-0.422211, 4.1342106, -1.9357357), (-0.1045425, 3.9601479, -1.5755106), (-0.050667603, 4.073734, -1.6219822), (-0.4429672, 4.2117767, -1.9487754), (0.0675302, 4.7799807, -0.26988763), (0.13692977, 4.872842, -0.28993824), (0.17013821, 4.732939, -0.26479247), (0.106626004, 4.6308618, -0.25709665), (0.13692977, 4.872842, -0.28993824), (0.21300496, 4.8020735, -0.31814867), (0.23496318, 4.6320505, -0.30890048), (0.17013821, 4.732939, -0.26479247), (0.18907882, 4.205936, -0.8468193), (0.033521544, 4.278623, -0.900533), (0.23496318, 4.6320505, -0.30890048), (0.32313418, 4.1836295, -0.7663273), (0.38777044, 4.3256564, -0.56797194), (0.30683604, 4.5350175, -0.41694367), (-0.04864616, 4.3583765, -0.9035566), (0.033521544, 4.278623, -0.900533), (-0.05234138, 4.1174526, -1.2374595), (-0.16206068, 4.223464, -1.2265908), (0.106626004, 4.6308618, -0.25709665), (0.17013821, 4.732939, -0.26479247), (-0.04864616, 4.3583765, -0.9035566), (-0.09297133, 4.2832503, -0.84243184), (-0.09297133, 4.2832503, -0.84243184), (-0.04864616, 4.3583765, -0.9035566), (-0.16206068, 4.223464, -1.2265908), (-0.22952154, 4.1227508, -1.1890037), (0.13692977, 4.872842, -0.28993824), (-0.1298784, 4.4065123, -0.87776333), (-0.07544645, 4.4745717, -0.9224773), (0.0675302, 4.7799807, -0.26988763), (-0.07985266, 4.568397, -0.31474793), (-0.19422793, 4.402695, -0.35875383), (-0.24722257, 4.270031, -0.71899945), (-0.28190312, 4.242276, -0.5955387), (-0.07544645, 4.4745717, -0.9224773), (-0.1298784, 4.4065123, -0.87776333), (-0.25222608, 4.265199, -1.2063005), (-0.19318801, 4.348177, -1.2476542), (-0.1298784, 4.4065123, -0.87776333), (-0.24934313, 4.2432013, -0.8054646), (-0.36333376, 4.109018, -1.1282773), (-0.36123717, 4.0940433, -0.8526393), (-0.40410072, 4.0435843, -0.9740452), (0.21300496, 4.8020735, -0.31814867), (0.13692977, 4.872842, -0.28993824), (-0.07544645, 4.4745717, -0.9224773), (-0.0040772036, 4.4194016, -0.9346467), (0.23879232, 4.3094444, -0.89126813), (0.37703267, 4.290895, -0.81292677), (0.43654463, 4.4242325, -0.60939884), (0.33540198, 4.608048, -0.46217242), (-0.0040772036, 4.4194016, -0.9346467), (-0.07544645, 4.4745717, -0.9224773), (-0.19318801, 4.348177, -1.2476542), (-0.11595944, 4.2869897, -1.2585723), (0.24160099, 4.080517, -1.196445), (0.08488315, 4.129567, -1.2875831), (0.27282462, 4.11744, -1.106159), (0.19344217, 4.257541, -0.97430015), (0.19344217, 4.257541, -0.97430015), (0.14943705, 4.166329, -0.9337115), (0.033521544, 4.278623, -0.900533), (-0.0040772036, 4.4194016, -0.9346467), (0.23879232, 4.3094444, -0.89126813), (-0.0040772036, 4.4194016, -0.9346467), (0.033521544, 4.278623, -0.900533), (0.18907882, 4.205936, -0.8468193), (0.08488315, 4.129567, -1.2875831), (-0.11595944, 4.2869897, -1.2585723), (-0.05234138, 4.1174526, -1.2374595), (0.04013977, 4.036393, -1.2485731), (-0.24722257, 4.270031, -0.71899945), (-0.17908378, 4.183438, -0.7207536), (-0.09297133, 4.2832503, -0.84243184), (-0.1298784, 4.4065123, -0.87776333), (-0.36333376, 4.109018, -1.1282773), (-0.3003868, 4.0299654, -1.1298035), (-0.22952154, 4.1227508, -1.1890037), (-0.25222608, 4.265199, -1.2063005), (-0.1045425, 3.9601479, -1.5755106), (0.07593029, 3.956563, -1.3509128), (0.12370952, 4.050889, -1.3920445), (-0.050667603, 4.073734, -1.6219822), (-0.39484563, 3.937998, -1.2081025), (-0.45036379, 4.012669, -1.2083242), (-0.25222608, 4.265199, -1.2063005), (-0.22952154, 4.1227508, -1.1890037), (-0.30450833, 4.0188265, -0.8529998), (-0.34713194, 3.9681258, -0.9744302), (-0.40410072, 4.0435843, -0.9740452), (-0.36123717, 4.0940433, -0.8526393), (0.19030327, 3.9831135, -1.1540297), (0.04013977, 4.036393, -1.2485731), (-0.05234138, 4.1174526, -1.2374595), (0.033521544, 4.278623, -0.900533), (0.22189626, 4.0206904, -1.0640318), (0.14943705, 4.166329, -0.9337115), (0.30683604, 4.5350175, -0.41694367), (0.23496318, 4.6320505, -0.30890048), (0.21300496, 4.8020735, -0.31814867), (0.33540198, 4.608048, -0.46217242), (0.12370952, 4.050889, -1.3920445), (0.07593029, 3.956563, -1.3509128), (-0.05234138, 4.1174526, -1.2374595), (-0.11595944, 4.2869897, -1.2585723), (-0.36333376, 4.109018, -1.1282773), (-0.40410072, 4.0435843, -0.9740452), (-0.34713194, 3.9681258, -0.9744302), (-0.3003868, 4.0299654, -1.1298035), (-0.3003868, 4.0299654, -1.1298035), (-0.34713194, 3.9681258, -0.9744302), (-0.30450833, 4.0188265, -0.8529998), (-0.18705098, 4.164783, -0.8069328), (-0.22952154, 4.1227508, -1.1890037), (-0.09297133, 4.2832503, -0.84243184), (-0.36123717, 4.0940433, -0.8526393), (-0.24934313, 4.2432013, -0.8054646), (-0.18705098, 4.164783, -0.8069328), (-0.30450833, 4.0188265, -0.8529998), (-0.18705098, 4.164783, -0.8069328), (-0.24934313, 4.2432013, -0.8054646), (-0.1298784, 4.4065123, -0.87776333), (-0.09297133, 4.2832503, -0.84243184), (-0.24722257, 4.270031, -0.71899945), (-0.28190312, 4.242276, -0.5955387), (-0.21681404, 4.1575003, -0.59537303), (-0.17908378, 4.183438, -0.7207536), (0.106626004, 4.6308618, -0.25709665), (-0.030528499, 4.5082226, -0.3038959), (-0.07985266, 4.568397, -0.31474793), (0.0675302, 4.7799807, -0.26988763), (-0.19422793, 4.402695, -0.35875383), (-0.07985266, 4.568397, -0.31474793), (-0.030528499, 4.5082226, -0.3038959), (-0.13967714, 4.3272524, -0.3587803), (-0.13967714, 4.3272524, -0.3587803), (-0.21681404, 4.1575003, -0.59537303), (-0.28190312, 4.242276, -0.5955387), (-0.19422793, 4.402695, -0.35875383), (0.19344217, 4.257541, -0.97430015), (0.27282462, 4.11744, -1.106159), (0.22189626, 4.0206904, -1.0640318), (0.14943705, 4.166329, -0.9337115), (0.24160099, 4.080517, -1.196445), (0.08488315, 4.129567, -1.2875831), (0.04013977, 4.036393, -1.2485731), (0.19030327, 3.9831135, -1.1540297), (0.19030327, 3.9831135, -1.1540297), (0.22189626, 4.0206904, -1.0640318), (0.27282462, 4.11744, -1.106159), (0.24160099, 4.080517, -1.196445), (0.37703267, 4.290895, -0.81292677), (0.23879232, 4.3094444, -0.89126813), (0.18907882, 4.205936, -0.8468193), (0.32313418, 4.1836295, -0.7663273), (0.33540198, 4.608048, -0.46217242), (0.43654463, 4.4242325, -0.60939884), (0.38777044, 4.3256564, -0.56797194), (0.30683604, 4.5350175, -0.41694367), (0.32313418, 4.1836295, -0.7663273), (0.38777044, 4.3256564, -0.56797194), (0.43654463, 4.4242325, -0.60939884), (0.37703267, 4.290895, -0.81292677), (-1.0539457, 3.4065084, -0.087176986), (-1.3296884, 3.3956118, -0.13993767), (-1.3446274, 3.491495, -0.078940794), (-1.0676504, 3.4909866, -0.030351505), (0.25329372, 4.258196, -0.32145607), (0.22095989, 4.145096, -0.4056183), (-0.5223391, 3.7664053, -0.42658228), (-0.54892474, 3.8571336, -0.3429414), (-1.0169808, 3.4133568, -0.64942336), (-1.324632, 3.425059, -0.5511503), (-1.8087815, 3.6182683, -0.37045473), (-0.92973655, 3.594126, -0.47062418), (-1.3296884, 3.3956118, -0.13993767), (-1.8087815, 3.6182683, -0.37045473), (-1.8232994, 3.7116995, -0.35639727), (-1.3446274, 3.491495, -0.078940794), (-0.95799476, 3.7837684, -0.41748214), (-1.8232994, 3.7116995, -0.35639727), (-1.3396647, 3.5483153, -0.6312004), (-1.030905, 3.5163736, -0.7207294), (0.10767419, 4.016695, -0.116339765), (0.22489531, 4.147388, -0.24708925), (-0.5103718, 3.7750082, -0.26757586), (-0.01360882, 3.8207555, -0.016857356), (-0.31271103, 3.637822, -0.027920306), (-0.42718345, 3.6663988, -0.12149002), (-1.8087815, 3.6182683, -0.37045473), (-1.324632, 3.425059, -0.5511503), (-1.3396647, 3.5483153, -0.6312004), (-1.8232994, 3.7116995, -0.35639727), (0.21274334, 4.3135867, -0.2156555), (0.22932532, 4.414401, -0.30091754), (0.25329372, 4.258196, -0.32145607), (0.22489531, 4.147388, -0.24708925), (0.22932532, 4.414401, -0.30091754), (0.22169532, 4.3336782, -0.39180914), (0.22095989, 4.145096, -0.4056183), (0.25329372, 4.258196, -0.32145607), (-0.026606858, 3.804131, -0.66661453), (-0.27731535, 3.6510818, -0.67593986), (-0.412552, 3.6806993, -0.5674734), (0.12438451, 4.0366006, -0.52418697), (-0.5223391, 3.7664053, -0.42658228), (0.22095989, 4.145096, -0.4056183), (-0.54892474, 3.8571336, -0.3429414), (-0.5223391, 3.7664053, -0.42658228), (-0.92973655, 3.594126, -0.47062418), (-0.94957703, 3.7146075, -0.3526834), (0.22489531, 4.147388, -0.24708925), (0.25329372, 4.258196, -0.32145607), (-0.54892474, 3.8571336, -0.3429414), (-0.5103718, 3.7750082, -0.26757586), (-0.5103718, 3.7750082, -0.26757586), (-0.54892474, 3.8571336, -0.3429414), (-0.94957703, 3.7146075, -0.3526834), (-0.94784683, 3.6051652, -0.26164615), (0.22932532, 4.414401, -0.30091754), (-0.54896474, 3.9133382, -0.24664772), (-0.5660459, 3.987606, -0.32501444), (0.21274334, 4.3135867, -0.2156555), (0.08362924, 4.0846066, -0.07055929), (-0.026437998, 3.9053164, 0.038283587), (-0.32889587, 3.733222, 0.03826013), (-0.44245106, 3.7642446, -0.05097952), (-0.5660459, 3.987606, -0.32501444), (-0.54896474, 3.9133382, -0.24664772), (-0.9592014, 3.76287, -0.25001228), (-0.9696204, 3.8525722, -0.33365527), (-0.79893064, 3.5221531, 0.017897725), (-0.93817014, 3.594416, -0.092451364), (-0.64816695, 3.5746017, 0.020503938), (-0.54896474, 3.9133382, -0.24664772), (-0.53727114, 3.7338881, -0.08553602), (0.22169532, 4.3336782, -0.39180914), (0.22932532, 4.414401, -0.30091754), (-0.5660459, 3.987606, -0.32501444), (-0.55727994, 3.9234023, -0.40551654), (0.09615053, 4.11677, -0.5760257), (-0.42819586, 3.7938542, -0.6425635), (-0.039990038, 3.9118397, -0.7392712), (-0.29316482, 3.7682714, -0.75651586), (-0.55727994, 3.9234023, -0.40551654), (-0.5660459, 3.987606, -0.32501444), (-0.9696204, 3.8525722, -0.33365527), (-0.95799476, 3.7837684, -0.41748214), (-0.5394947, 3.7387042, -0.62721837), (-0.92717415, 3.6036043, -0.6382926), (-0.6630824, 3.582618, -0.76230466), (-0.77478844, 3.5436313, -0.7655605), (-0.5394947, 3.7387042, -0.62721837), (-0.52429175, 3.6389854, -0.5602477), (-0.5223391, 3.7664053, -0.42658228), (-0.55727994, 3.9234023, -0.40551654), (-0.42819586, 3.7938542, -0.6425635), (-0.55727994, 3.9234023, -0.40551654), (-0.5223391, 3.7664053, -0.42658228), (-0.412552, 3.6806993, -0.5674734), (-0.92717415, 3.6036043, -0.6382926), (-0.95799476, 3.7837684, -0.41748214), (-0.92973655, 3.594126, -0.47062418), (-0.91414297, 3.5017548, -0.57112885), (-0.44245106, 3.7642446, -0.05097952), (-0.42718345, 3.6663988, -0.12149002), (-0.5103718, 3.7750082, -0.26757586), (-0.54896474, 3.9133382, -0.24664772), (-0.93817014, 3.594416, -0.092451364), (-0.9237775, 3.504395, -0.15820418), (-0.94784683, 3.6051652, -0.26164615), (-0.9592014, 3.76287, -0.25001228), (-1.324632, 3.425059, -0.5511503), (-1.0169808, 3.4133568, -0.64942336), (-1.030905, 3.5163736, -0.7207294), (-1.3396647, 3.5483153, -0.6312004), (-1.0539457, 3.4065084, -0.087176986), (-1.0676504, 3.4909866, -0.030351505), (-0.9592014, 3.76287, -0.25001228), (-0.94784683, 3.6051652, -0.26164615), (-0.6346534, 3.4897377, -0.03758359), (-0.78525066, 3.4361758, -0.04126072), (-0.79893064, 3.5221531, 0.017897725), (-0.64816695, 3.5746017, 0.020503938), (-0.64961374, 3.476987, -0.68712), (-0.76123357, 3.4372911, -0.6898426), (-0.91414297, 3.5017548, -0.57112885), (-0.52429175, 3.6389854, -0.5602477), (-0.92973655, 3.594126, -0.47062418), (-0.5223391, 3.7664053, -0.42658228), (0.12438451, 4.0366006, -0.52418697), (0.22095989, 4.145096, -0.4056183), (0.22169532, 4.3336782, -0.39180914), (0.09615053, 4.11677, -0.5760257), (-1.030905, 3.5163736, -0.7207294), (-1.0169808, 3.4133568, -0.64942336), (-0.92973655, 3.594126, -0.47062418), (-0.95799476, 3.7837684, -0.41748214), (-0.93817014, 3.594416, -0.092451364), (-0.79893064, 3.5221531, 0.017897725), (-0.78525066, 3.4361758, -0.04126072), (-0.9237775, 3.504395, -0.15820418), (-0.5233335, 3.646819, -0.1484397), (-0.5103718, 3.7750082, -0.26757586), (-0.94784683, 3.6051652, -0.26164615), (-0.6346534, 3.4897377, -0.03758359), (-0.78525066, 3.4361758, -0.04126072), (-0.9237775, 3.504395, -0.15820418), (-0.64816695, 3.5746017, 0.020503938), (-0.53727114, 3.7338881, -0.08553602), (-0.5233335, 3.646819, -0.1484397), (-0.6346534, 3.4897377, -0.03758359), (-0.5233335, 3.646819, -0.1484397), (-0.53727114, 3.7338881, -0.08553602), (-0.54896474, 3.9133382, -0.24664772), (-0.5103718, 3.7750082, -0.26757586), (-0.44245106, 3.7642446, -0.05097952), (-0.32889587, 3.733222, 0.03826013), (-0.31271103, 3.637822, -0.027920306), (-0.42718345, 3.6663988, -0.12149002), (0.22489531, 4.147388, -0.24708925), (0.10767419, 4.016695, -0.116339765), (0.08362924, 4.0846066, -0.07055929), (0.21274334, 4.3135867, -0.2156555), (-0.026437998, 3.9053164, 0.038283587), (0.08362924, 4.0846066, -0.07055929), (0.10767419, 4.016695, -0.116339765), (-0.01360882, 3.8207555, -0.016857356), (-0.01360882, 3.8207555, -0.016857356), (-0.31271103, 3.637822, -0.027920306), (-0.32889587, 3.733222, 0.03826013), (-0.026437998, 3.9053164, 0.038283587), (-0.5394947, 3.7387042, -0.62721837), (-0.6630824, 3.582618, -0.76230466), (-0.64961374, 3.476987, -0.68712), (-0.52429175, 3.6389854, -0.5602477), (-0.77478844, 3.5436313, -0.7655605), (-0.92717415, 3.6036043, -0.6382926), (-0.91414297, 3.5017548, -0.57112885), (-0.76123357, 3.4372911, -0.6898426), (-0.76123357, 3.4372911, -0.6898426), (-0.64961374, 3.476987, -0.68712), (-0.6630824, 3.582618, -0.76230466), (-0.77478844, 3.5436313, -0.7655605), (-0.29316482, 3.7682714, -0.75651586), (-0.42819586, 3.7938542, -0.6425635), (-0.412552, 3.6806993, -0.5674734), (-0.27731535, 3.6510818, -0.67593986), (0.09615053, 4.11677, -0.5760257), (-0.039990038, 3.9118397, -0.7392712), (-0.026606858, 3.804131, -0.66661453), (0.12438451, 4.0366006, -0.52418697), (-0.27731535, 3.6510818, -0.67593986), (-0.026606858, 3.804131, -0.66661453), (-0.039990038, 3.9118397, -0.7392712), (-0.29316482, 3.7682714, -0.75651586), (0.15583636, 7.0607176, -0.23623271), (0.17370012, 7.0590024, -0.24656305), (0.19156396, 7.057288, -0.23623271), (0.15583637, 7.0607176, -0.21557342), (0.19156402, 7.057288, -0.21557353), (0.1737002, 7.0590024, -0.20524314), (-0.101590306, 3.9566512, 0.8169551), (-0.24683194, 3.942561, 1.0110404), (-0.660728, 4.105801, 1.2874928), (-0.24380918, 4.192519, 0.66879463), (-0.13481164, 3.8810992, 0.7754773), (-0.28273794, 3.8560708, 0.96538055), (-0.24683194, 3.942561, 1.0110404), (-0.101590306, 3.9566512, 0.8169551), (0.14593871, 4.682733, -0.24932255), (0.07515684, 4.578512, -0.26926866), (-0.20947704, 4.2092276, 0.26006725), (-0.16082786, 4.2909374, 0.3231471), (-0.5538258, 3.8664262, 0.51753783), (-0.5992483, 3.8657284, 0.7959296), (-0.6612724, 4.029977, 1.2635964), (-0.3926664, 4.0364985, 0.5401391), (-0.28273794, 3.8560708, 0.96538055), (-0.6612724, 4.029977, 1.2635964), (-0.660728, 4.105801, 1.2874928), (-0.24683194, 3.942561, 1.0110404), (-0.37392214, 4.2035995, 0.60118127), (-0.660728, 4.105801, 1.2874928), (-0.67463225, 3.9707928, 0.78591573), (-0.6203283, 3.9533615, 0.50861144), (0.18723974, 4.1224246, 0.24979666), (0.30198425, 4.2979517, 0.04070127), (0.26122776, 4.4718657, -0.075417355), (0.19866641, 4.587052, -0.20722638), (-0.08283473, 4.223716, 0.3167093), (0.068676814, 4.138232, 0.30237588), (-0.6612724, 4.029977, 1.2635964), (-0.5992483, 3.8657284, 0.7959296), (-0.67463225, 3.9707928, 0.78591573), (-0.660728, 4.105801, 1.2874928), (0.208211, 4.733512, -0.16977), (0.1429095, 4.8191743, -0.20832792), (0.14593871, 4.682733, -0.24932255), (0.19866641, 4.587052, -0.20722638), (0.1429095, 4.8191743, -0.20832792), (0.07491674, 4.744661, -0.24680223), (0.07515684, 4.578512, -0.26926866), (0.14593871, 4.682733, -0.24932255), (-0.20258075, 4.2567563, -0.21670273), (-0.29882425, 4.10988, -0.04142038), (-0.26997417, 4.1336703, 0.10990723), (-0.20947704, 4.2092276, 0.26006725), (0.07515684, 4.578512, -0.26926866), (-0.04755537, 4.4738493, -0.25334963), (-0.16082786, 4.2909374, 0.3231471), (-0.20947704, 4.2092276, 0.26006725), (-0.3926664, 4.0364985, 0.5401391), (-0.31672746, 4.146021, 0.61479366), (0.19866641, 4.587052, -0.20722638), (0.14593871, 4.682733, -0.24932255), (-0.16082786, 4.2909374, 0.3231471), (-0.08283473, 4.223716, 0.3167093), (-0.08283473, 4.223716, 0.3167093), (-0.16082786, 4.2909374, 0.3231471), (-0.31672746, 4.146021, 0.61479366), (-0.23944981, 4.0536647, 0.64063287), (0.1429095, 4.8191743, -0.20832792), (-0.09012653, 4.3435326, 0.3669844), (-0.16244115, 4.4043355, 0.35536644), (0.208211, 4.733512, -0.16977), (0.111186266, 4.2261643, 0.35196438), (0.22640207, 4.2083225, 0.29836854), (0.28321722, 4.53235, -0.031732544), (0.33472294, 4.374223, 0.081290565), (-0.16244115, 4.4043355, 0.35536644), (-0.09012653, 4.3435326, 0.3669844), (-0.24380918, 4.192519, 0.66879463), (-0.31741422, 4.267812, 0.65162027), (-0.09012653, 4.3435326, 0.3669844), (0.050233033, 4.1949697, 0.40906838), (0.09698045, 4.0526304, 0.52230966), (0.038557395, 3.9984214, 0.6321025), (-0.10512261, 4.050809, 0.7009841), (0.07491674, 4.744661, -0.24680223), (0.1429095, 4.8191743, -0.20832792), (-0.16244115, 4.4043355, 0.35536644), (-0.216239, 4.34621, 0.3100951), (-0.2701531, 4.347761, -0.22619228), (-0.10327724, 4.5407867, -0.24542102), (-0.3406208, 4.2292514, 0.10166963), (-0.3740395, 4.2087727, -0.051375296), (-0.216239, 4.34621, 0.3100951), (-0.16244115, 4.4043355, 0.35536644), (-0.31741422, 4.267812, 0.65162027), (-0.37392214, 4.2035995, 0.60118127), (-0.36911377, 4.176058, 0.18864226), (-0.5213547, 4.0382366, 0.47043276), (-0.512292, 4.0276423, 0.21422362), (-0.55620444, 3.9878795, 0.29538712), (-0.36911377, 4.176058, 0.18864226), (-0.3056537, 4.091927, 0.19513711), (-0.20947704, 4.2092276, 0.26006725), (-0.216239, 4.34621, 0.3100951), (-0.3406208, 4.2292514, 0.10166963), (-0.216239, 4.34621, 0.3100951), (-0.20947704, 4.2092276, 0.26006725), (-0.26997417, 4.1336703, 0.10990723), (-0.5213547, 4.0382366, 0.47043276), (-0.37392214, 4.2035995, 0.60118127), (-0.3926664, 4.0364985, 0.5401391), (-0.45850417, 3.9521382, 0.47847357), (0.111186266, 4.2261643, 0.35196438), (0.068676814, 4.138232, 0.30237588), (-0.08283473, 4.223716, 0.3167093), (-0.09012653, 4.3435326, 0.3669844), (-0.10512261, 4.050809, 0.7009841), (-0.14436862, 3.9704964, 0.6551204), (-0.23944981, 4.0536647, 0.64063287), (-0.24380918, 4.192519, 0.66879463), (-0.5992483, 3.8657284, 0.7959296), (-0.5538258, 3.8664262, 0.51753783), (-0.6203283, 3.9533615, 0.50861144), (-0.67463225, 3.9707928, 0.78591573), (-0.13481164, 3.8810992, 0.7754773), (-0.101590306, 3.9566512, 0.8169551), (-0.24380918, 4.192519, 0.66879463), (-0.23944981, 4.0536647, 0.64063287), (0.06255169, 3.9764507, 0.48030856), (0.003941685, 3.9219894, 0.5899285), (0.038557395, 3.9984214, 0.6321025), (0.09698045, 4.0526304, 0.52230966), (-0.44283697, 3.9385643, 0.22486581), (-0.4862746, 3.8982046, 0.3061184), (-0.45850417, 3.9521382, 0.47847357), (-0.3056537, 4.091927, 0.19513711), (-0.3926664, 4.0364985, 0.5401391), (-0.20947704, 4.2092276, 0.26006725), (-0.04755537, 4.4738493, -0.25334963), (0.07515684, 4.578512, -0.26926866), (0.07491674, 4.744661, -0.24680223), (-0.10327724, 4.5407867, -0.24542102), (-0.6203283, 3.9533615, 0.50861144), (-0.5538258, 3.8664262, 0.51753783), (-0.3926664, 4.0364985, 0.5401391), (-0.37392214, 4.2035995, 0.60118127), (-0.10512261, 4.050809, 0.7009841), (0.038557395, 3.9984214, 0.6321025), (0.003941685, 3.9219894, 0.5899285), (-0.14436862, 3.9704964, 0.6551204), (0.01145041, 4.1153126, 0.36363384), (-0.08283473, 4.223716, 0.3167093), (-0.23944981, 4.0536647, 0.64063287), (0.06255169, 3.9764507, 0.48030856), (0.003941685, 3.9219894, 0.5899285), (-0.14436862, 3.9704964, 0.6551204), (0.09698045, 4.0526304, 0.52230966), (0.050233033, 4.1949697, 0.40906838), (0.01145041, 4.1153126, 0.36363384), (0.06255169, 3.9764507, 0.48030856), (0.01145041, 4.1153126, 0.36363384), (0.050233033, 4.1949697, 0.40906838), (-0.09012653, 4.3435326, 0.3669844), (-0.08283473, 4.223716, 0.3167093), (0.111186266, 4.2261643, 0.35196438), (0.22640207, 4.2083225, 0.29836854), (0.18723974, 4.1224246, 0.24979666), (0.068676814, 4.138232, 0.30237588), (0.19866641, 4.587052, -0.20722638), (0.26122776, 4.4718657, -0.075417355), (0.28321722, 4.53235, -0.031732544), (0.208211, 4.733512, -0.16977), (0.33472294, 4.374223, 0.081290565), (0.28321722, 4.53235, -0.031732544), (0.26122776, 4.4718657, -0.075417355), (0.30198425, 4.2979517, 0.04070127), (0.30198425, 4.2979517, 0.04070127), (0.18723974, 4.1224246, 0.24979666), (0.22640207, 4.2083225, 0.29836854), (0.33472294, 4.374223, 0.081290565), (-0.36911377, 4.176058, 0.18864226), (-0.512292, 4.0276423, 0.21422362), (-0.44283697, 3.9385643, 0.22486581), (-0.3056537, 4.091927, 0.19513711), (-0.55620444, 3.9878795, 0.29538712), (-0.5213547, 4.0382366, 0.47043276), (-0.45850417, 3.9521382, 0.47847357), (-0.4862746, 3.8982046, 0.3061184), (-0.4862746, 3.8982046, 0.3061184), (-0.44283697, 3.9385643, 0.22486581), (-0.512292, 4.0276423, 0.21422362), (-0.55620444, 3.9878795, 0.29538712), (-0.3740395, 4.2087727, -0.051375296), (-0.3406208, 4.2292514, 0.10166963), (-0.26997417, 4.1336703, 0.10990723), (-0.29882425, 4.10988, -0.04142038), (-0.10327724, 4.5407867, -0.24542102), (-0.2701531, 4.347761, -0.22619228), (-0.20258075, 4.2567563, -0.21670273), (-0.04755537, 4.4738493, -0.25334963), (-0.29882425, 4.10988, -0.04142038), (-0.20258075, 4.2567563, -0.21670273), (-0.2701531, 4.347761, -0.22619228), (-0.3740395, 4.2087727, -0.051375296), (0.8121966, 4.729035, 0.43759975), (0.8885638, 4.716742, 0.6340686), (0.89898634, 4.8583198, 1.0687234), (0.6336727, 4.933775, 0.4768353), (0.76523006, 4.6632657, 0.44372085), (0.8371752, 4.6414614, 0.6403154), (0.8885638, 4.716742, 0.6340686), (0.8121966, 4.729035, 0.43759975), (0.13133895, 5.3597484, -0.23039174), (0.08260994, 5.269022, -0.18641573), (0.3436408, 4.94801, 0.26621136), (0.41414604, 5.019168, 0.25832203), (0.3724913, 4.649716, 0.64046645), (0.5595623, 4.6492796, 0.8004042), (0.88074905, 4.7923803, 1.058348), (0.46626818, 4.7978168, 0.53004825), (0.8371752, 4.6414614, 0.6403154), (0.88074905, 4.7923803, 1.058348), (0.89898634, 4.8583198, 1.0687234), (0.8885638, 4.716742, 0.6340686), (0.52109504, 4.9431753, 0.54356694), (0.89898634, 4.8583198, 1.0687234), (0.5162761, 4.7405066, 0.8522254), (0.3342287, 4.7251987, 0.68612516), (0.5076428, 4.8867087, 0.07730025), (0.5246414, 4.873087, -0.03518063), (0.42265278, 5.025674, -0.21572068), (0.44636828, 4.960829, 0.19708759), (0.18790254, 5.27667, -0.25074017), (0.3163677, 5.1767216, -0.23785302), (0.88074905, 4.7923803, 1.058348), (0.5595623, 4.6492796, 0.8004042), (0.5162761, 4.7405066, 0.8522254), (0.89898634, 4.8583198, 1.0687234), (0.22063749, 5.404047, -0.24099101), (0.16074939, 5.4783998, -0.20963202), (0.13133895, 5.3597484, -0.23039174), (0.18790254, 5.27667, -0.25074017), (0.16074939, 5.4783998, -0.20963202), (0.099489465, 5.413488, -0.17614095), (0.08260994, 5.269022, -0.18641573), (0.13133895, 5.3597484, -0.23039174), (0.20224121, 4.8821125, 0.24354203), (0.3436408, 4.94801, 0.26621136), (0.08260994, 5.269022, -0.18641573), (0.07504142, 4.8612638, 0.1966692), (0.036067564, 5.1778703, -0.08737341), (-0.010424465, 4.988945, 0.045288265), (0.41414604, 5.019168, 0.25832203), (0.3436408, 4.94801, 0.26621136), (0.46626818, 4.7978168, 0.53004825), (0.5584647, 4.8932066, 0.50696796), (0.18790254, 5.27667, -0.25074017), (0.13133895, 5.3597484, -0.23039174), (0.41414604, 5.019168, 0.25832203), (0.44636828, 4.960829, 0.19708759), (0.44636828, 4.960829, 0.19708759), (0.41414604, 5.019168, 0.25832203), (0.5584647, 4.8932066, 0.50696796), (0.61451894, 4.81304, 0.4608922), (0.16074939, 5.4783998, -0.20963202), (0.48070517, 5.065029, 0.22523454), (0.4376408, 5.1177816, 0.2740437), (0.22063749, 5.404047, -0.24099101), (0.46872294, 5.092064, -0.22187056), (0.35963073, 5.229375, -0.23454928), (0.5651235, 4.9632583, 0.06790054), (0.57974786, 4.9478574, -0.04253235), (0.4376408, 5.1177816, 0.2740437), (0.48070517, 5.065029, 0.22523454), (0.6336727, 4.933775, 0.4768353), (0.5858397, 4.9991183, 0.5240936), (0.48070517, 5.065029, 0.22523454), (0.57890314, 4.936097, 0.13934337), (0.6859099, 4.81251, 0.1556746), (0.7236659, 4.810791, 0.38772926), (0.7403496, 4.7653875, 0.24909063), (0.099489465, 5.413488, -0.17614095), (0.16074939, 5.4783998, -0.20963202), (0.4376408, 5.1177816, 0.2740437), (0.37805182, 5.067136, 0.2938353), (0.16252527, 4.9651046, 0.29262945), (0.031885117, 4.9471292, 0.2483752), (0.01555268, 5.235997, -0.042131886), (-0.049609873, 5.067966, 0.0915099), (0.37805182, 5.067136, 0.2938353), (0.4376408, 5.1177816, 0.2740437), (0.5858397, 4.9991183, 0.5240936), (0.52109504, 4.9431753, 0.54356694), (0.21412307, 4.918894, 0.35331348), (0.16503575, 4.7896843, 0.4720631), (0.20494382, 4.7551193, 0.5416603), (0.35277382, 4.799094, 0.59478545), (0.21412307, 4.918894, 0.35331348), (0.24910253, 4.8458424, 0.30882925), (0.3436408, 4.94801, 0.26621136), (0.37805182, 5.067136, 0.2938353), (0.16252527, 4.9651046, 0.29262945), (0.37805182, 5.067136, 0.2938353), (0.3436408, 4.94801, 0.26621136), (0.20224121, 4.8821125, 0.24354203), (0.35277382, 4.799094, 0.59478545), (0.52109504, 4.9431753, 0.54356694), (0.46626818, 4.7978168, 0.53004825), (0.38864222, 4.724335, 0.55144024), (0.5651235, 4.9632583, 0.06790054), (0.5076428, 4.8867087, 0.07730025), (0.44636828, 4.960829, 0.19708759), (0.48070517, 5.065029, 0.22523454), (0.7236659, 4.810791, 0.38772926), (0.6705356, 4.7408757, 0.39636734), (0.61451894, 4.81304, 0.4608922), (0.6336727, 4.933775, 0.4768353), (0.5595623, 4.6492796, 0.8004042), (0.3724913, 4.649716, 0.64046645), (0.3342287, 4.7251987, 0.68612516), (0.5162761, 4.7405066, 0.8522254), (0.76523006, 4.6632657, 0.44372085), (0.8121966, 4.729035, 0.43759975), (0.6336727, 4.933775, 0.4768353), (0.61451894, 4.81304, 0.4608922), (0.63797575, 4.746192, 0.16245946), (0.6922066, 4.698854, 0.25592992), (0.7403496, 4.7653875, 0.24909063), (0.6859099, 4.81251, 0.1556746), (0.46626818, 4.7978168, 0.53004825), (0.3436408, 4.94801, 0.26621136), (0.24910253, 4.8458424, 0.30882925), (0.20597522, 4.7123446, 0.4249731), (0.24617702, 4.677261, 0.49425235), (0.38864222, 4.724335, 0.55144024), (0.036067564, 5.1778703, -0.08737341), (0.08260994, 5.269022, -0.18641573), (0.099489465, 5.413488, -0.17614095), (0.01555268, 5.235997, -0.042131886), (0.3342287, 4.7251987, 0.68612516), (0.3724913, 4.649716, 0.64046645), (0.46626818, 4.7978168, 0.53004825), (0.52109504, 4.9431753, 0.54356694), (0.7236659, 4.810791, 0.38772926), (0.7403496, 4.7653875, 0.24909063), (0.6922066, 4.698854, 0.25592992), (0.6705356, 4.7408757, 0.39636734), (0.6705356, 4.7408757, 0.39636734), (0.6922066, 4.698854, 0.25592992), (0.63797575, 4.746192, 0.16245946), (0.61451894, 4.81304, 0.4608922), (0.52631325, 4.8667517, 0.14784232), (0.44636828, 4.960829, 0.19708759), (0.6859099, 4.81251, 0.1556746), (0.57890314, 4.936097, 0.13934337), (0.52631325, 4.8667517, 0.14784232), (0.63797575, 4.746192, 0.16245946), (0.52631325, 4.8667517, 0.14784232), (0.57890314, 4.936097, 0.13934337), (0.48070517, 5.065029, 0.22523454), (0.44636828, 4.960829, 0.19708759), (0.5651235, 4.9632583, 0.06790054), (0.57974786, 4.9478574, -0.04253235), (0.5246414, 4.873087, -0.03518063), (0.5076428, 4.8867087, 0.07730025), (0.18790254, 5.27667, -0.25074017), (0.3163677, 5.1767216, -0.23785302), (0.35963073, 5.229375, -0.23454928), (0.22063749, 5.404047, -0.24099101), (0.46872294, 5.092064, -0.22187056), (0.35963073, 5.229375, -0.23454928), (0.3163677, 5.1767216, -0.23785302), (0.42265278, 5.025674, -0.21572068), (0.42265278, 5.025674, -0.21572068), (0.5246414, 4.873087, -0.03518063), (0.57974786, 4.9478574, -0.04253235), (0.46872294, 5.092064, -0.22187056), (0.21412307, 4.918894, 0.35331348), (0.16503575, 4.7896843, 0.4720631), (0.20597522, 4.7123446, 0.4249731), (0.24910253, 4.8458424, 0.30882925), (0.20494382, 4.7551193, 0.5416603), (0.35277382, 4.799094, 0.59478545), (0.38864222, 4.724335, 0.55144024), (0.24617702, 4.677261, 0.49425235), (0.24617702, 4.677261, 0.49425235), (0.20597522, 4.7123446, 0.4249731), (0.16503575, 4.7896843, 0.4720631), (0.20494382, 4.7551193, 0.5416603), (0.031885117, 4.9471292, 0.2483752), (0.16252527, 4.9651046, 0.29262945), (0.20224121, 4.8821125, 0.24354203), (0.07504142, 4.8612638, 0.1966692), (0.01555268, 5.235997, -0.042131886), (-0.049609873, 5.067966, 0.0915099), (-0.010424465, 4.988945, 0.045288265), (0.036067564, 5.1778703, -0.08737341), (0.07504142, 4.8612638, 0.1966692), (-0.010424465, 4.988945, 0.045288265), (-0.049609873, 5.067966, 0.0915099), (0.031885117, 4.9471292, 0.2483752), (0.42804316, 4.9111996, -1.2649082), (0.56574523, 4.897558, -1.4594564), (0.94595915, 5.0602136, -1.7505926), (0.54791766, 5.145195, -1.1335225), (0.45507696, 4.8373003, -1.2280685), (0.594905, 4.8129425, -1.4188735), (0.56574523, 4.897558, -1.4594564), (0.42804316, 4.9111996, -1.2649082), (0.16155979, 5.628972, -0.23287453), (0.22271293, 5.527056, -0.21920681), (0.49805894, 5.163331, -0.7429399), (0.45844468, 5.243059, -0.7991871), (0.8133264, 4.8274593, -1.0126207), (0.86683035, 4.825801, -1.2801732), (0.9449175, 4.9857073, -1.7281594), (0.6726726, 4.993447, -1.0222632), (0.594905, 4.8129425, -1.4188735), (0.9449175, 4.9857073, -1.7281594), (0.94595915, 5.0602136, -1.7505926), (0.56574523, 4.897558, -1.4594564), (0.65983087, 5.1574726, -1.0784302), (0.94595915, 5.0602136, -1.7505926), (0.9335638, 4.9298573, -1.2756592), (0.8721513, 4.913601, -1.0085571), (0.11646027, 5.534174, -0.2694243), (0.38880444, 5.1763034, -0.7877776), (0.25366223, 5.0910244, -0.76376355), (0.14617434, 5.0747695, -0.7055553), (0.035507813, 5.247612, -0.49841976), (0.06685779, 5.4196677, -0.39051783), (0.9449175, 4.9857073, -1.7281594), (0.86683035, 4.825801, -1.2801732), (0.9335638, 4.9298573, -1.2756592), (0.94595915, 5.0602136, -1.7505926), (0.110543534, 5.6780686, -0.30389628), (0.16687743, 5.7630887, -0.27162972), (0.16155979, 5.628972, -0.23287453), (0.11646027, 5.534174, -0.2694243), (0.16687743, 5.7630887, -0.27162972), (0.22481993, 5.6904774, -0.24008664), (0.22271293, 5.527056, -0.21920681), (0.16155979, 5.628972, -0.23287453), (0.46934822, 5.212348, -0.28956753), (0.5621655, 5.067717, -0.46320224), (0.54399645, 5.090173, -0.60481435), (0.49805894, 5.163331, -0.7429399), (0.33150867, 5.4249496, -0.243246), (0.22271293, 5.527056, -0.21920681), (0.45844468, 5.243059, -0.7991871), (0.49805894, 5.163331, -0.7429399), (0.6726726, 4.993447, -1.0222632), (0.60960335, 5.1002784, -1.0875076), (0.11646027, 5.534174, -0.2694243), (0.16155979, 5.628972, -0.23287453), (0.45844468, 5.243059, -0.7991871), (0.38880444, 5.1763034, -0.7877776), (0.38880444, 5.1763034, -0.7877776), (0.45844468, 5.243059, -0.7991871), (0.60960335, 5.1002784, -1.0875076), (0.5420217, 5.008634, -1.1068763), (0.16687743, 5.7630887, -0.27162972), (0.39824587, 5.294048, -0.8356951), (0.46195802, 5.354528, -0.8295684), (0.110543534, 5.6780686, -0.30389628), (0.21886809, 5.176992, -0.8076203), (0.11428769, 5.158761, -0.7486756), (0.008874528, 5.322223, -0.53445226), (0.04980941, 5.478813, -0.4302907), (0.46195802, 5.354528, -0.8295684), (0.39824587, 5.294048, -0.8356951), (0.54791766, 5.145195, -1.1335225), (0.61258, 5.2199736, -1.1221715), (0.29541102, 4.9520736, -1.0793935), (0.42608267, 5.0044537, -1.1547592), (0.39824587, 5.294048, -0.8356951), (0.23872459, 5.00549, -0.9708788), (0.27535832, 5.146498, -0.86622), (0.22481993, 5.6904774, -0.24008664), (0.16687743, 5.7630887, -0.27162972), (0.46195802, 5.354528, -0.8295684), (0.5070993, 5.297968, -0.79052734), (0.529127, 5.3025074, -0.28504613), (0.3815142, 5.491244, -0.25449824), (0.60658216, 5.1848516, -0.6016804), (0.6287022, 5.165702, -0.4587475), (0.5070993, 5.297968, -0.79052734), (0.46195802, 5.354528, -0.8295684), (0.61258, 5.2199736, -1.1221715), (0.65983087, 5.1574726, -1.0784302), (0.63568103, 5.13231, -0.6864263), (0.7831986, 4.9965277, -0.9651063), (0.7628385, 4.98726, -0.7212012), (0.80538213, 4.9480844, -0.80147445), (0.63568103, 5.13231, -0.6864263), (0.57945484, 5.0489645, -0.68837315), (0.49805894, 5.163331, -0.7429399), (0.5070993, 5.297968, -0.79052734), (0.60658216, 5.1848516, -0.6016804), (0.5070993, 5.297968, -0.79052734), (0.49805894, 5.163331, -0.7429399), (0.54399645, 5.090173, -0.60481435), (0.7831986, 4.9965277, -0.9651063), (0.65983087, 5.1574726, -1.0784302), (0.6726726, 4.993447, -1.0222632), (0.72754985, 4.9112453, -0.968577), (0.21886809, 5.176992, -0.8076203), (0.25366223, 5.0910244, -0.76376355), (0.38880444, 5.1763034, -0.7877776), (0.39824587, 5.294048, -0.8356951), (0.42608267, 5.0044537, -1.1547592), (0.45820627, 4.925945, -1.1141882), (0.5420217, 5.008634, -1.1068763), (0.54791766, 5.145195, -1.1335225), (0.86683035, 4.825801, -1.2801732), (0.8133264, 4.8274593, -1.0126207), (0.8721513, 4.913601, -1.0085571), (0.9335638, 4.9298573, -1.2756592), (0.45507696, 4.8373003, -1.2280685), (0.42804316, 4.9111996, -1.2649082), (0.54791766, 5.145195, -1.1335225), (0.5420217, 5.008634, -1.1068763), (0.26679403, 4.9309845, -0.9336282), (0.32362533, 4.877326, -1.0419991), (0.29541102, 4.9520736, -1.0793935), (0.23872459, 5.00549, -0.9708788), (0.7014783, 4.8989797, -0.7266854), (0.7435982, 4.8592105, -0.8070109), (0.72754985, 4.9112453, -0.968577), (0.57945484, 5.0489645, -0.68837315), (0.6726726, 4.993447, -1.0222632), (0.49805894, 5.163331, -0.7429399), (0.33150867, 5.4249496, -0.243246), (0.22271293, 5.527056, -0.21920681), (0.22481993, 5.6904774, -0.24008664), (0.3815142, 5.491244, -0.25449824), (0.8721513, 4.913601, -1.0085571), (0.8133264, 4.8274593, -1.0126207), (0.6726726, 4.993447, -1.0222632), (0.65983087, 5.1574726, -1.0784302), (0.42608267, 5.0044537, -1.1547592), (0.29541102, 4.9520736, -1.0793935), (0.32362533, 4.877326, -1.0419991), (0.45820627, 4.925945, -1.1141882), (0.5420217, 5.008634, -1.1068763), (0.45820627, 4.925945, -1.1141882), (0.32362533, 4.877326, -1.0419991), (0.38880444, 5.1763034, -0.7877776), (0.26679403, 4.9309845, -0.9336282), (0.30711117, 5.0686283, -0.82603), (0.23872459, 5.00549, -0.9708788), (0.27535832, 5.146498, -0.86622), (0.30711117, 5.0686283, -0.82603), (0.26679403, 4.9309845, -0.9336282), (0.30711117, 5.0686283, -0.82603), (0.27535832, 5.146498, -0.86622), (0.39824587, 5.294048, -0.8356951), (0.38880444, 5.1763034, -0.7877776), (0.21886809, 5.176992, -0.8076203), (0.11428769, 5.158761, -0.7486756), (0.14617434, 5.0747695, -0.7055553), (0.25366223, 5.0910244, -0.76376355), (0.11646027, 5.534174, -0.2694243), (0.06685779, 5.4196677, -0.39051783), (0.04980941, 5.478813, -0.4302907), (0.110543534, 5.6780686, -0.30389628), (0.008874528, 5.322223, -0.53445226), (0.04980941, 5.478813, -0.4302907), (0.06685779, 5.4196677, -0.39051783), (0.035507813, 5.247612, -0.49841976), (0.035507813, 5.247612, -0.49841976), (0.14617434, 5.0747695, -0.7055553), (0.11428769, 5.158761, -0.7486756), (0.008874528, 5.322223, -0.53445226), (0.63568103, 5.13231, -0.6864263), (0.7628385, 4.98726, -0.7212012), (0.7014783, 4.8989797, -0.7266854), (0.57945484, 5.0489645, -0.68837315), (0.80538213, 4.9480844, -0.80147445), (0.7831986, 4.9965277, -0.9651063), (0.72754985, 4.9112453, -0.968577), (0.7435982, 4.8592105, -0.8070109), (0.7435982, 4.8592105, -0.8070109), (0.7014783, 4.8989797, -0.7266854), (0.7628385, 4.98726, -0.7212012), (0.80538213, 4.9480844, -0.80147445), (0.6287022, 5.165702, -0.4587475), (0.60658216, 5.1848516, -0.6016804), (0.54399645, 5.090173, -0.60481435), (0.5621655, 5.067717, -0.46320224), (0.3815142, 5.491244, -0.25449824), (0.529127, 5.3025074, -0.28504613), (0.46934822, 5.212348, -0.28956753), (0.33150867, 5.4249496, -0.243246), (0.5621655, 5.067717, -0.46320224), (0.46934822, 5.212348, -0.28956753), (0.529127, 5.3025074, -0.28504613), (0.6287022, 5.165702, -0.4587475), (-0.8593056, 4.540384, 0.0009714067), (-1.0964996, 4.5267425, -0.022482038), (-1.5375881, 4.689398, -0.20893264), (-0.80440795, 4.7743797, -0.16819784), (-0.8406591, 4.4664845, -0.040745363), (-1.0756513, 4.4421268, -0.06789775), (-1.0964996, 4.5267425, -0.022482038), (-0.8593056, 4.540384, 0.0009714067), (0.16945553, 5.258157, -0.27787802), (0.15108739, 5.156241, -0.33778736), (-0.4402858, 4.7925158, -0.31805098), (-0.46957767, 4.872244, -0.25580117), (-0.830604, 4.4566436, -0.45866796), (-1.0896016, 4.4549856, -0.37283483), (-1.5175759, 4.6148915, -0.21912295), (-0.76941556, 4.6226315, -0.3316543), (-1.0756513, 4.4421268, -0.06789775), (-1.5175759, 4.6148915, -0.21912295), (-1.5375881, 4.689398, -0.20893264), (-1.0964996, 4.5267425, -0.022482038), (-0.8118794, 4.7866573, -0.29271263), (-1.5375881, 4.689398, -0.20893264), (-1.1186857, 4.5590415, -0.43306667), (-0.85616773, 4.542785, -0.5118034), (0.07928591, 5.048852, -0.11759916), (0.15999618, 5.163358, -0.22060348), (-0.42521656, 4.8054876, -0.2009191), (0.0010126904, 4.8767962, -0.036982983), (-0.23374864, 4.703954, -0.030713705), (-0.3375028, 4.7202086, -0.09534261), (-1.5175759, 4.6148915, -0.21912295), (-1.0896016, 4.4549856, -0.37283483), (-1.1186857, 4.5590415, -0.43306667), (-1.5375881, 4.689398, -0.20893264), (0.13296258, 5.3072534, -0.19841102), (0.13314265, 5.392273, -0.263331), (0.16945553, 5.258157, -0.27787802), (0.15999618, 5.163358, -0.22060348), (0.13314265, 5.392273, -0.263331), (0.1318983, 5.3196616, -0.32929125), (0.15108739, 5.156241, -0.33778736), (0.16945553, 5.258157, -0.27787802), (-0.4402858, 4.7925158, -0.31805098), (0.15108739, 5.156241, -0.33778736), (0.07638308, 5.054135, -0.42045334), (-0.032052487, 4.8415327, -0.5173406), (-0.22886933, 4.6969013, -0.512128), (-0.34295997, 4.719357, -0.42629427), (-0.46957767, 4.872244, -0.25580117), (-0.4402858, 4.7925158, -0.31805098), (-0.76941556, 4.6226315, -0.3316543), (-0.79492575, 4.7294626, -0.24456923), (0.15999618, 5.163358, -0.22060348), (0.16945553, 5.258157, -0.27787802), (-0.46957767, 4.872244, -0.25580117), (-0.42521656, 4.8054876, -0.2009191), (-0.42521656, 4.8054876, -0.2009191), (-0.46957767, 4.872244, -0.25580117), (-0.79492575, 4.7294626, -0.24456923), (-0.77833265, 4.6378183, -0.17625327), (0.13314265, 5.392273, -0.263331), (-0.47153217, 4.923232, -0.18542443), (-0.4977201, 4.9837127, -0.24382797), (0.13296258, 5.3072534, -0.19841102), (0.053150933, 5.107998, -0.083110146), (-0.017130502, 4.9514074, 0.0039863586), (-0.2554536, 4.7879453, 0.018327177), (-0.35840994, 4.806176, -0.04341051), (-0.4977201, 4.9837127, -0.24382797), (-0.47153217, 4.923232, -0.18542443), (-0.80440795, 4.7743797, -0.16819784), (-0.82652485, 4.8491583, -0.23001121), (-0.63247097, 4.581258, 0.024486631), (-0.7626041, 4.6336384, -0.051805347), (-0.5101215, 4.634674, 0.02008119), (-0.47153217, 4.923232, -0.18542443), (-0.4372803, 4.775683, -0.063523084), (0.1318983, 5.3196616, -0.32929125), (0.13314265, 5.392273, -0.263331), (-0.4977201, 4.9837127, -0.24382797), (-0.4861163, 4.9271526, -0.30237088), (0.041870363, 5.1204276, -0.45834845), (-0.057689983, 4.9316916, -0.5715316), (-0.25790742, 4.794886, -0.57215947), (-0.37119177, 4.8140364, -0.48223856), (-0.4861163, 4.9271526, -0.30237088), (-0.4977201, 4.9837127, -0.24382797), (-0.82652485, 4.8491583, -0.23001121), (-0.8118794, 4.7866573, -0.29271263), (-0.55235505, 4.616444, -0.5589271), (-0.45923826, 4.761494, -0.46561262), (-0.6431643, 4.5772686, -0.5561985), (-0.774407, 4.6257124, -0.45598444), (-0.45923826, 4.761494, -0.46561262), (-0.4331203, 4.678149, -0.41578272), (-0.4402858, 4.7925158, -0.31805098), (-0.4861163, 4.9271526, -0.30237088), (-0.37119177, 4.8140364, -0.48223856), (-0.4861163, 4.9271526, -0.30237088), (-0.4402858, 4.7925158, -0.31805098), (-0.34295997, 4.719357, -0.42629427), (-0.774407, 4.6257124, -0.45598444), (-0.8118794, 4.7866573, -0.29271263), (-0.76941556, 4.6226315, -0.3316543), (-0.7498988, 4.5404296, -0.40590265), (-0.35840994, 4.806176, -0.04341051), (-0.3375028, 4.7202086, -0.09534261), (-0.42521656, 4.8054876, -0.2009191), (-0.47153217, 4.923232, -0.18542443), (-0.7626041, 4.6336384, -0.051805347), (-0.7432318, 4.555129, -0.09979132), (-0.77833265, 4.6378183, -0.17625327), (-0.80440795, 4.7743797, -0.16819784), (-1.0896016, 4.4549856, -0.37283483), (-0.830604, 4.4566436, -0.45866796), (-0.85616773, 4.542785, -0.5118034), (-1.1186857, 4.5590415, -0.43306667), (-0.8406591, 4.4664845, -0.040745363), (-0.8593056, 4.540384, 0.0009714067), (-0.80440795, 4.7743797, -0.16819784), (-0.77833265, 4.6378183, -0.17625327), (-0.4916302, 4.5601687, -0.022738785), (-0.6139261, 4.5065103, -0.018530399), (-0.63247097, 4.581258, 0.024486631), (-0.5101215, 4.634674, 0.02008119), (-0.4402858, 4.7925158, -0.31805098), (-0.4331203, 4.678149, -0.41578272), (-0.5267721, 4.5281644, -0.5028854), (-0.76941556, 4.6226315, -0.3316543), (-0.617417, 4.4883947, -0.4997626), (-0.7498988, 4.5404296, -0.40590265), (0.07638308, 5.054135, -0.42045334), (0.15108739, 5.156241, -0.33778736), (0.1318983, 5.3196616, -0.32929125), (0.041870363, 5.1204276, -0.45834845), (-0.85616773, 4.542785, -0.5118034), (-0.830604, 4.4566436, -0.45866796), (-0.76941556, 4.6226315, -0.3316543), (-0.8118794, 4.7866573, -0.29271263), (-0.7626041, 4.6336384, -0.051805347), (-0.63247097, 4.581258, 0.024486631), (-0.6139261, 4.5065103, -0.018530399), (-0.7432318, 4.555129, -0.09979132), (-0.4916302, 4.5601687, -0.022738785), (-0.418056, 4.6978126, -0.1109983), (-0.42521656, 4.8054876, -0.2009191), (-0.77833265, 4.6378183, -0.17625327), (-0.6139261, 4.5065103, -0.018530399), (-0.7432318, 4.555129, -0.09979132), (-0.5101215, 4.634674, 0.02008119), (-0.4372803, 4.775683, -0.063523084), (-0.418056, 4.6978126, -0.1109983), (-0.4916302, 4.5601687, -0.022738785), (-0.418056, 4.6978126, -0.1109983), (-0.4372803, 4.775683, -0.063523084), (-0.47153217, 4.923232, -0.18542443), (-0.42521656, 4.8054876, -0.2009191), (-0.35840994, 4.806176, -0.04341051), (-0.2554536, 4.7879453, 0.018327177), (-0.23374864, 4.703954, -0.030713705), (-0.3375028, 4.7202086, -0.09534261), (0.15999618, 5.163358, -0.22060348), (0.07928591, 5.048852, -0.11759916), (0.053150933, 5.107998, -0.083110146), (0.13296258, 5.3072534, -0.19841102), (-0.017130502, 4.9514074, 0.0039863586), (0.053150933, 5.107998, -0.083110146), (0.07928591, 5.048852, -0.11759916), (0.0010126904, 4.8767962, -0.036982983), (0.0010126904, 4.8767962, -0.036982983), (-0.23374864, 4.703954, -0.030713705), (-0.2554536, 4.7879453, 0.018327177), (-0.017130502, 4.9514074, 0.0039863586), (-0.45923826, 4.761494, -0.46561262), (-0.55235505, 4.616444, -0.5589271), (-0.5267721, 4.5281644, -0.5028854), (-0.4331203, 4.678149, -0.41578272), (-0.6431643, 4.5772686, -0.5561985), (-0.774407, 4.6257124, -0.45598444), (-0.7498988, 4.5404296, -0.40590265), (-0.617417, 4.4883947, -0.4997626), (-0.617417, 4.4883947, -0.4997626), (-0.5267721, 4.5281644, -0.5028854), (-0.55235505, 4.616444, -0.5589271), (-0.6431643, 4.5772686, -0.5561985), (-0.25790742, 4.794886, -0.57215947), (-0.37119177, 4.8140364, -0.48223856), (-0.34295997, 4.719357, -0.42629427), (-0.22886933, 4.6969013, -0.512128), (0.041870363, 5.1204276, -0.45834845), (-0.057689983, 4.9316916, -0.5715316), (-0.032052487, 4.8415327, -0.5173406), (0.07638308, 5.054135, -0.42045334), (-0.22886933, 4.6969013, -0.512128), (-0.032052487, 4.8415327, -0.5173406), (-0.057689983, 4.9316916, -0.5715316), (-0.25790742, 4.794886, -0.57215947), (0.8875033, 5.871805, -0.32199687), (1.0486556, 5.8620257, -0.27890745), (1.3310835, 5.973614, -0.079422325), (0.82911634, 6.0334024, -0.18608788), (0.8694383, 5.8196735, -0.288085), (1.0286026, 5.8023624, -0.24201271), (1.0486556, 5.8620257, -0.27890745), (0.8875033, 5.871805, -0.32199687), (0.14273775, 6.370168, -0.19197044), (0.14801942, 6.29825, -0.13888225), (0.5590226, 6.04432, -0.095253915), (0.58696127, 6.1007624, -0.14550623), (0.81142384, 5.8079953, 0.06395158), (1.001015, 5.8078485, 0.016796678), (1.3159261, 5.9214206, -0.07226544), (0.784793, 5.92546, -0.050430458), (1.0286026, 5.8023624, -0.24201271), (1.3159261, 5.9214206, -0.07226544), (1.3310835, 5.973614, -0.079422325), (1.0486556, 5.8620257, -0.27890745), (0.8190843, 6.0405545, -0.08028188), (1.3310835, 5.973614, -0.079422325), (1.0138787, 5.879886, 0.069800615), (0.8227003, 5.867594, 0.11074129), (0.4511985, 5.9857006, -0.35751465), (0.28826043, 6.106409, -0.37634963), (0.22445825, 6.2257295, -0.31708997), (0.51507175, 5.99633, -0.29289913), (0.15618001, 6.30457, -0.23876943), (0.562921, 6.054731, -0.19573975), (1.3159261, 5.9214206, -0.07226544), (1.001015, 5.8078485, 0.016796678), (1.0138787, 5.879886, 0.069800615), (1.3310835, 5.973614, -0.079422325), (0.17773448, 6.4054, -0.2558483), (0.16976929, 6.464077, -0.20161884), (0.14273775, 6.370168, -0.19197044), (0.15618001, 6.30457, -0.23876943), (0.16976929, 6.464077, -0.20161884), (0.16249795, 6.4125695, -0.14529552), (0.14801942, 6.29825, -0.13888225), (0.14273775, 6.370168, -0.19197044), (0.47841653, 5.9919333, -0.012854487), (0.5590226, 6.04432, -0.095253915), (0.14801942, 6.29825, -0.13888225), (0.389007, 5.975241, 0.04863295), (0.18948066, 6.225944, -0.061068013), (0.25241283, 6.0762486, 0.032807767), (0.58696127, 6.1007624, -0.14550623), (0.5590226, 6.04432, -0.095253915), (0.784793, 5.92546, -0.050430458), (0.81318533, 6.0011315, -0.122209124), (0.15618001, 6.30457, -0.23876943), (0.14273775, 6.370168, -0.19197044), (0.58696127, 6.1007624, -0.14550623), (0.562921, 6.054731, -0.19573975), (0.562921, 6.054731, -0.19573975), (0.58696127, 6.1007624, -0.14550623), (0.81318533, 6.0011315, -0.122209124), (0.80995977, 5.937861, -0.18090473), (0.16976929, 6.464077, -0.20161884), (0.596967, 6.137208, -0.20509928), (0.6080035, 6.1788116, -0.15362594), (0.17773448, 6.4054, -0.2558483), (0.5359628, 6.057014, -0.33529788), (0.24680641, 6.267467, -0.34406585), (0.4722838, 6.04497, -0.39738095), (0.3058882, 6.15903, -0.40968558), (0.6080035, 6.1788116, -0.15362594), (0.596967, 6.137208, -0.20509928), (0.82911634, 6.0334024, -0.18608788), (0.83693874, 6.084961, -0.13223079), (0.8142793, 5.9363675, -0.28751597), (0.82911634, 6.0334024, -0.18608788), (0.596967, 6.137208, -0.20509928), (0.73355085, 5.9006195, -0.36431435), (0.6484539, 5.937891, -0.3729195), (0.588015, 6.0354776, -0.31039345), (0.16249795, 6.4125695, -0.14529552), (0.16976929, 6.464077, -0.20161884), (0.6080035, 6.1788116, -0.15362594), (0.5927699, 6.1386065, -0.10493353), (0.20878342, 6.2718463, -0.026142506), (0.49120528, 6.0574675, 0.036508467), (0.26361838, 6.1386437, 0.08046511), (0.40185717, 6.0430393, 0.101503044), (0.5927699, 6.1386065, -0.10493353), (0.6080035, 6.1788116, -0.15362594), (0.83693874, 6.084961, -0.13223079), (0.8190843, 6.0405545, -0.08028188), (0.5540692, 6.020945, 0.031432416), (0.7730619, 5.9261866, 0.055040654), (0.6069155, 5.9185038, 0.120333694), (0.67000973, 5.891164, 0.127174), (0.5540692, 6.020945, 0.031432416), (0.5420097, 5.963262, -0.012637883), (0.5590226, 6.04432, -0.095253915), (0.5927699, 6.1386065, -0.10493353), (0.49120528, 6.0574675, 0.036508467), (0.5927699, 6.1386065, -0.10493353), (0.5590226, 6.04432, -0.095253915), (0.47841653, 5.9919333, -0.012854487), (0.7730619, 5.9261866, 0.055040654), (0.8190843, 6.0405545, -0.08028188), (0.784793, 5.92546, -0.050430458), (0.76214516, 5.8671527, 0.0109273195), (0.5359628, 6.057014, -0.33529788), (0.51507175, 5.99633, -0.29289913), (0.562921, 6.054731, -0.19573975), (0.596967, 6.137208, -0.20509928), (0.8142793, 5.9363675, -0.28751597), (0.79494184, 5.8809423, -0.24834876), (0.80995977, 5.937861, -0.18090473), (0.82911634, 6.0334024, -0.18608788), (1.001015, 5.8078485, 0.016796678), (0.81142384, 5.8079953, 0.06395158), (0.8227003, 5.867594, 0.11074129), (1.0138787, 5.879886, 0.069800615), (0.8694383, 5.8196735, -0.288085), (0.8875033, 5.871805, -0.32199687), (0.82911634, 6.0334024, -0.18608788), (0.80995977, 5.937861, -0.18090473), (0.6303617, 5.8853235, -0.33805695), (0.71539205, 5.847881, -0.32928696), (0.73355085, 5.9006195, -0.36431435), (0.6484539, 5.937891, -0.3729195), (0.76214516, 5.8671527, 0.0109273195), (0.784793, 5.92546, -0.050430458), (0.5590226, 6.04432, -0.095253915), (0.659007, 5.8296924, 0.0775989), (0.5959822, 5.8574433, 0.07110432), (0.5420097, 5.963262, -0.012637883), (0.18948066, 6.225944, -0.061068013), (0.14801942, 6.29825, -0.13888225), (0.16249795, 6.4125695, -0.14529552), (0.20878342, 6.2718463, -0.026142506), (0.8227003, 5.867594, 0.11074129), (0.81142384, 5.8079953, 0.06395158), (0.784793, 5.92546, -0.050430458), (0.8190843, 6.0405545, -0.08028188), (0.8142793, 5.9363675, -0.28751597), (0.73355085, 5.9006195, -0.36431435), (0.71539205, 5.847881, -0.32928696), (0.79494184, 5.8809423, -0.24834876), (0.71539205, 5.847881, -0.32928696), (0.6303617, 5.8853235, -0.33805695), (0.56884116, 5.9805045, -0.2716492), (0.79494184, 5.8809423, -0.24834876), (0.562921, 6.054731, -0.19573975), (0.80995977, 5.937861, -0.18090473), (0.6484539, 5.937891, -0.3729195), (0.588015, 6.0354776, -0.31039345), (0.56884116, 5.9805045, -0.2716492), (0.6303617, 5.8853235, -0.33805695), (0.56884116, 5.9805045, -0.2716492), (0.588015, 6.0354776, -0.31039345), (0.596967, 6.137208, -0.20509928), (0.562921, 6.054731, -0.19573975), (0.5359628, 6.057014, -0.33529788), (0.4722838, 6.04497, -0.39738095), (0.4511985, 5.9857006, -0.35751465), (0.51507175, 5.99633, -0.29289913), (0.15618001, 6.30457, -0.23876943), (0.22445825, 6.2257295, -0.31708997), (0.24680641, 6.267467, -0.34406585), (0.17773448, 6.4054, -0.2558483), (0.3058882, 6.15903, -0.40968558), (0.24680641, 6.267467, -0.34406585), (0.22445825, 6.2257295, -0.31708997), (0.28826043, 6.106409, -0.37634963), (0.28826043, 6.106409, -0.37634963), (0.4511985, 5.9857006, -0.35751465), (0.4722838, 6.04497, -0.39738095), (0.3058882, 6.15903, -0.40968558), (0.5540692, 6.020945, 0.031432416), (0.6069155, 5.9185038, 0.120333694), (0.5959822, 5.8574433, 0.07110432), (0.5420097, 5.963262, -0.012637883), (0.67000973, 5.891164, 0.127174), (0.7730619, 5.9261866, 0.055040654), (0.76214516, 5.8671527, 0.0109273195), (0.659007, 5.8296924, 0.0775989), (0.659007, 5.8296924, 0.0775989), (0.5959822, 5.8574433, 0.07110432), (0.6069155, 5.9185038, 0.120333694), (0.67000973, 5.891164, 0.127174), (0.40185717, 6.0430393, 0.101503044), (0.49120528, 6.0574675, 0.036508467), (0.47841653, 5.9919333, -0.012854487), (0.389007, 5.975241, 0.04863295), (0.20878342, 6.2718463, -0.026142506), (0.26361838, 6.1386437, 0.08046511), (0.25241283, 6.0762486, 0.032807767), (0.18948066, 6.225944, -0.061068013), (0.389007, 5.975241, 0.04863295), (0.25241283, 6.0762486, 0.032807767), (0.26361838, 6.1386437, 0.08046511), (0.40185717, 6.0430393, 0.101503044), (0.28457314, 6.4159, -0.762218), (0.36941028, 6.425597, -0.85639846), (0.62256503, 6.554713, -0.97790587), (0.38153204, 6.5500364, -0.6749115), (0.3042249, 6.3698497, -0.7328995), (0.39056998, 6.372932, -0.824057), (0.36941028, 6.425597, -0.85639846), (0.28457314, 6.4159, -0.762218), (0.17396131, 6.764104, -0.21750037), (0.215621, 6.7039413, -0.19552465), (0.370214, 6.5316277, -0.45014286), (0.34067374, 6.5821805, -0.49327293), (0.56862974, 6.3590527, -0.5479607), (0.5901846, 6.378665, -0.69936967), (0.62162995, 6.5085087, -0.961522), (0.47267854, 6.4549546, -0.5826296), (0.39056998, 6.372932, -0.824057), (0.62162995, 6.5085087, -0.961522), (0.62256503, 6.554713, -0.97790587), (0.36941028, 6.425597, -0.85639846), (0.46369994, 6.5567174, -0.6250851), (0.62256503, 6.554713, -0.97790587), (0.639525, 6.4425454, -0.69065), (0.6119993, 6.412012, -0.53999686), (0.29103687, 6.5394, -0.49449652), (0.19574033, 6.482733, -0.49761972), (0.12335397, 6.465732, -0.4789123), (0.13810359, 6.708682, -0.24237357), (0.061566897, 6.5511765, -0.37971488), (0.0936387, 6.6473475, -0.31761152), (0.62162995, 6.5085087, -0.961522), (0.5901846, 6.378665, -0.69936967), (0.639525, 6.4425454, -0.69065), (0.62256503, 6.554713, -0.97790587), (0.13488436, 6.7970514, -0.26995403), (0.17816289, 6.8472614, -0.24547762), (0.17396131, 6.764104, -0.21750037), (0.13810359, 6.708682, -0.24237357), (0.17816289, 6.8472614, -0.24547762), (0.2192646, 6.803259, -0.21454678), (0.215621, 6.7039413, -0.19552465), (0.17396131, 6.764104, -0.21750037), (0.37815043, 6.5278387, -0.18586366), (0.42998305, 6.4563684, -0.2690317), (0.40921894, 6.479359, -0.35739195), (0.370214, 6.5316277, -0.45014286), (0.2884954, 6.647719, -0.18863398), (0.215621, 6.7039413, -0.19552465), (0.34067374, 6.5821805, -0.49327293), (0.370214, 6.5316277, -0.45014286), (0.47267854, 6.4549546, -0.5826296), (0.42668083, 6.521682, -0.63592744), (0.13810359, 6.708682, -0.24237357), (0.17396131, 6.764104, -0.21750037), (0.34067374, 6.5821805, -0.49327293), (0.29103687, 6.5394, -0.49449652), (0.29103687, 6.5394, -0.49449652), (0.34067374, 6.5821805, -0.49327293), (0.42668083, 6.521682, -0.63592744), (0.376121, 6.4662614, -0.6541704), (0.17816289, 6.8472614, -0.24547762), (0.29726967, 6.6135273, -0.5266041), (0.3436583, 6.6511297, -0.5155672), (0.13488436, 6.7970514, -0.26995403), (0.17047197, 6.536278, -0.5328521), (0.10013294, 6.5181284, -0.5131744), (0.08050813, 6.6850653, -0.3465183), (0.042257145, 6.5976024, -0.40852904), (0.3436583, 6.6511297, -0.5155672), (0.29726967, 6.6135273, -0.5266041), (0.38153204, 6.5500364, -0.6749115), (0.42919758, 6.595852, -0.66120636), (0.20331992, 6.423286, -0.673795), (0.2917101, 6.4637966, -0.70065427), (0.29726967, 6.6135273, -0.5266041), (0.17108355, 6.445869, -0.6200621), (0.20601207, 6.5238504, -0.5577737), (0.2192646, 6.803259, -0.21454678), (0.17816289, 6.8472614, -0.24547762), (0.3436583, 6.6511297, -0.5155672), (0.37653765, 6.6158257, -0.48282516), (0.32434252, 6.689649, -0.1903474), (0.42231485, 6.5831995, -0.17765068), (0.4553523, 6.5376062, -0.34976515), (0.47903076, 6.5166154, -0.2601297), (0.37653765, 6.6158257, -0.48282516), (0.3436583, 6.6511297, -0.5155672), (0.42919758, 6.595852, -0.66120636), (0.46369994, 6.5567174, -0.6250851), (0.5538062, 6.4559464, -0.531386), (0.5781707, 6.4159565, -0.42815155), (0.46964255, 6.513049, -0.3936328), (0.5538865, 6.432441, -0.38847944), (0.46964255, 6.513049, -0.3936328), (0.4282775, 6.461686, -0.40004557), (0.370214, 6.5316277, -0.45014286), (0.37653765, 6.6158257, -0.48282516), (0.4553523, 6.5376062, -0.34976515), (0.37653765, 6.6158257, -0.48282516), (0.370214, 6.5316277, -0.45014286), (0.40921894, 6.479359, -0.35739195), (0.5538062, 6.4559464, -0.531386), (0.46369994, 6.5567174, -0.6250851), (0.47267854, 6.4549546, -0.5826296), (0.51272726, 6.403548, -0.5385434), (0.17047197, 6.536278, -0.5328521), (0.19574033, 6.482733, -0.49761972), (0.29103687, 6.5394, -0.49449652), (0.29726967, 6.6135273, -0.5266041), (0.2917101, 6.4637966, -0.70065427), (0.3150754, 6.4148717, -0.6681082), (0.376121, 6.4662614, -0.6541704), (0.38153204, 6.5500364, -0.6749115), (0.5901846, 6.378665, -0.69936967), (0.56862974, 6.3590527, -0.5479607), (0.6119993, 6.412012, -0.53999686), (0.639525, 6.4425454, -0.69065), (0.3042249, 6.3698497, -0.7328995), (0.28457314, 6.4159, -0.762218), (0.38153204, 6.5500364, -0.6749115), (0.376121, 6.4662614, -0.6541704), (0.1914871, 6.3994575, -0.5903038), (0.22382222, 6.3767223, -0.64391255), (0.20331992, 6.423286, -0.673795), (0.17108355, 6.445869, -0.6200621), (0.50860393, 6.378229, -0.3976081), (0.5325727, 6.361379, -0.43733847), (0.51272726, 6.403548, -0.5385434), (0.4282775, 6.461686, -0.40004557), (0.47267854, 6.4549546, -0.5826296), (0.370214, 6.5316277, -0.45014286), (0.2884954, 6.647719, -0.18863398), (0.215621, 6.7039413, -0.19552465), (0.2192646, 6.803259, -0.21454678), (0.32434252, 6.689649, -0.1903474), (0.6119993, 6.412012, -0.53999686), (0.56862974, 6.3590527, -0.5479607), (0.47267854, 6.4549546, -0.5826296), (0.46369994, 6.5567174, -0.6250851), (0.2917101, 6.4637966, -0.70065427), (0.20331992, 6.423286, -0.673795), (0.22382222, 6.3767223, -0.64391255), (0.3150754, 6.4148717, -0.6681082), (0.376121, 6.4662614, -0.6541704), (0.3150754, 6.4148717, -0.6681082), (0.22382222, 6.3767223, -0.64391255), (0.29103687, 6.5394, -0.49449652), (0.1914871, 6.3994575, -0.5903038), (0.22910357, 6.4753213, -0.52554655), (0.17108355, 6.445869, -0.6200621), (0.20601207, 6.5238504, -0.5577737), (0.22910357, 6.4753213, -0.52554655), (0.1914871, 6.3994575, -0.5903038), (0.22910357, 6.4753213, -0.52554655), (0.20601207, 6.5238504, -0.5577737), (0.29726967, 6.6135273, -0.5266041), (0.29103687, 6.5394, -0.49449652), (0.17047197, 6.536278, -0.5328521), (0.10013294, 6.5181284, -0.5131744), (0.12335397, 6.465732, -0.4789123), (0.19574033, 6.482733, -0.49761972), (0.13810359, 6.708682, -0.24237357), (0.0936387, 6.6473475, -0.31761152), (0.08050813, 6.6850653, -0.3465183), (0.13488436, 6.7970514, -0.26995403), (0.042257145, 6.5976024, -0.40852904), (0.08050813, 6.6850653, -0.3465183), (0.0936387, 6.6473475, -0.31761152), (0.061566897, 6.5511765, -0.37971488), (0.061566897, 6.5511765, -0.37971488), (0.12335397, 6.465732, -0.4789123), (0.10013294, 6.5181284, -0.5131744), (0.042257145, 6.5976024, -0.40852904), (0.46964255, 6.513049, -0.3936328), (0.5538865, 6.432441, -0.38847944), (0.50860393, 6.378229, -0.3976081), (0.4282775, 6.461686, -0.40004557), (0.5781707, 6.4159565, -0.42815155), (0.5538062, 6.4559464, -0.531386), (0.51272726, 6.403548, -0.5385434), (0.5325727, 6.361379, -0.43733847), (0.5325727, 6.361379, -0.43733847), (0.50860393, 6.378229, -0.3976081), (0.5538865, 6.432441, -0.38847944), (0.5781707, 6.4159565, -0.42815155), (0.47903076, 6.5166154, -0.2601297), (0.4553523, 6.5376062, -0.34976515), (0.40921894, 6.479359, -0.35739195), (0.42998305, 6.4563684, -0.2690317), (0.32434252, 6.689649, -0.1903474), (0.42231485, 6.5831995, -0.17765068), (0.37815043, 6.5278387, -0.18586366), (0.2884954, 6.647719, -0.18863398), (0.42998305, 6.4563684, -0.2690317), (0.37815043, 6.5278387, -0.18586366), (0.42231485, 6.5831995, -0.17765068), (0.47903076, 6.5166154, -0.2601297), (-1.016193, 2.784786, -0.7436704), (-1.2117058, 2.773349, -0.9414712), (-1.4637495, 2.9848218, -1.4513774), (-0.8339069, 3.0760522, -0.873615), (-0.9624688, 2.7038667, -0.7782719), (-1.153248, 2.6812737, -0.97823906), (-1.2117058, 2.773349, -0.9414712), (-1.016193, 2.784786, -0.7436704), (0.12751062, 3.6419606, -0.2626917), (0.16319843, 3.5313919, -0.34455067), (-0.38004196, 3.1127522, -0.7683992), (-0.4603471, 3.1977544, -0.71956664), (-0.6092814, 2.7444704, -1.21618), (-0.91553235, 2.7343516, -1.3122027), (-1.4329754, 2.8925366, -1.4502004), (-0.6631634, 2.9205794, -1.0289148), (-1.153248, 2.6812737, -0.97823906), (-1.4329754, 2.8925366, -1.4502004), (-1.4637495, 2.9848218, -1.4513774), (-1.2117058, 2.773349, -0.9414712), (-0.7388263, 3.106569, -1.0105203), (-1.4637495, 2.9848218, -1.4513774), (-0.8959515, 2.8618855, -1.391829), (-0.59148, 2.8512392, -1.2870977), (-0.46745512, 3.000111, -0.4605151), (-0.42568725, 2.9721923, -0.31749025), (-0.21218629, 3.17119, -0.14621468), (-0.46307012, 3.1130474, -0.6322479), (0.074708246, 3.524949, -0.21307477), (-0.079941995, 3.380063, -0.16725257), (-1.4329754, 2.8925366, -1.4502004), (-0.91553235, 2.7343516, -1.3122027), (-0.8959515, 2.8618855, -1.391829), (-1.4637495, 2.9848218, -1.4513774), (0.02730098, 3.689474, -0.20210944), (0.07801922, 3.7964363, -0.26689562), (0.12751062, 3.6419606, -0.2626917), (0.074708246, 3.524949, -0.21307477), (0.07801922, 3.7964363, -0.26689562), (0.13372916, 3.720082, -0.3416459), (0.16319843, 3.5313919, -0.34455067), (0.12751062, 3.6419606, -0.2626917), (0.16319843, 3.5313919, -0.34455067), (0.16635446, 3.4239855, -0.49137062), (0.15389273, 3.1905081, -0.68294907), (-0.38004196, 3.1127522, -0.7683992), (-0.025069198, 3.0239992, -0.8265711), (-0.2001905, 3.0404465, -0.8166693), (-0.4603471, 3.1977544, -0.71956664), (-0.38004196, 3.1127522, -0.7683992), (-0.6631634, 2.9205794, -1.0289148), (-0.76129055, 3.0338836, -0.9496349), (0.074708246, 3.524949, -0.21307477), (0.12751062, 3.6419606, -0.2626917), (-0.4603471, 3.1977544, -0.71956664), (-0.46307012, 3.1130474, -0.6322479), (-0.46307012, 3.1130474, -0.6322479), (-0.4603471, 3.1977544, -0.71956664), (-0.76129055, 3.0338836, -0.9496349), (-0.7995578, 2.9189012, -0.86928177), (0.07801922, 3.7964363, -0.26689562), (-0.5224922, 3.2487698, -0.6436498), (-0.49979502, 3.3268912, -0.7207931), (0.02730098, 3.689474, -0.20210944), (-0.26423776, 3.252335, -0.11248933), (-0.13369094, 3.4444172, -0.14678945), (-0.53189087, 3.0936022, -0.41626295), (-0.48808914, 3.0634236, -0.27718526), (-0.49979502, 3.3268912, -0.7207931), (-0.5224922, 3.2487698, -0.6436498), (-0.8339069, 3.0760522, -0.873615), (-0.804598, 3.1703298, -0.9519731), (-0.5224922, 3.2487698, -0.6436498), (-0.584913, 3.0600307, -0.49717978), (-0.88803756, 2.899057, -0.72521824), (-0.7168527, 2.8881567, -0.46656543), (-0.8308545, 2.8276231, -0.55233276), (0.13372916, 3.720082, -0.3416459), (0.07801922, 3.7964363, -0.26689562), (-0.49979502, 3.3268912, -0.7207931), (-0.4387853, 3.2674139, -0.77847713), (-0.005135402, 3.1454253, -0.9068106), (-0.18278196, 3.15752, -0.89213324), (0.164067, 3.5059443, -0.55351233), (0.1723595, 3.3020968, -0.75488365), (-0.4387853, 3.2674139, -0.77847713), (-0.49979502, 3.3268912, -0.7207931), (-0.804598, 3.1703298, -0.9519731), (-0.7388263, 3.106569, -1.0105203), (-0.274969, 3.0953536, -0.9405929), (-0.27850172, 2.939641, -1.1140935), (-0.5655358, 2.9397054, -1.1646802), (-0.3621849, 2.894739, -1.1787136), (-0.274969, 3.0953536, -0.9405929), (-0.28962478, 2.9922097, -0.87263197), (-0.38004196, 3.1127522, -0.7683992), (-0.4387853, 3.2674139, -0.77847713), (-0.18278196, 3.15752, -0.89213324), (-0.4387853, 3.2674139, -0.77847713), (-0.38004196, 3.1127522, -0.7683992), (-0.2001905, 3.0404465, -0.8166693), (-0.5655358, 2.9397054, -1.1646802), (-0.7388263, 3.106569, -1.0105203), (-0.6631634, 2.9205794, -1.0289148), (-0.58180827, 2.8342967, -1.0977056), (-0.53189087, 3.0936022, -0.41626295), (-0.46745512, 3.000111, -0.4605151), (-0.46307012, 3.1130474, -0.6322479), (-0.5224922, 3.2487698, -0.6436498), (-0.88803756, 2.899057, -0.72521824), (-0.82796586, 2.8131096, -0.76645315), (-0.7995578, 2.9189012, -0.86928177), (-0.8339069, 3.0760522, -0.873615), (-0.91553235, 2.7343516, -1.3122027), (-0.6092814, 2.7444704, -1.21618), (-0.59148, 2.8512392, -1.2870977), (-0.8959515, 2.8618855, -1.391829), (-0.9624688, 2.7038667, -0.7782719), (-1.016193, 2.784786, -0.7436704), (-0.8339069, 3.0760522, -0.873615), (-0.7995578, 2.9189012, -0.86928177), (-0.6625135, 2.806911, -0.50229084), (-0.7756281, 2.7453291, -0.58878237), (-0.8308545, 2.8276231, -0.55233276), (-0.7168527, 2.8881567, -0.46656543), (-0.29860157, 2.8300028, -1.0401461), (-0.3824368, 2.784361, -1.1042479), (-0.58180827, 2.8342967, -1.0977056), (-0.6631634, 2.9205794, -1.0289148), (-0.28962478, 2.9922097, -0.87263197), (-0.38004196, 3.1127522, -0.7683992), (0.16635446, 3.4239855, -0.49137062), (0.16319843, 3.5313919, -0.34455067), (0.13372916, 3.720082, -0.3416459), (0.164067, 3.5059443, -0.55351233), (-0.59148, 2.8512392, -1.2870977), (-0.6092814, 2.7444704, -1.21618), (-0.6631634, 2.9205794, -1.0289148), (-0.7388263, 3.106569, -1.0105203), (-0.88803756, 2.899057, -0.72521824), (-0.8308545, 2.8276231, -0.55233276), (-0.7756281, 2.7453291, -0.58878237), (-0.82796586, 2.8131096, -0.76645315), (-0.82796586, 2.8131096, -0.76645315), (-0.7756281, 2.7453291, -0.58878237), (-0.6625135, 2.806911, -0.50229084), (-0.5271959, 2.976865, -0.53648794), (-0.7995578, 2.9189012, -0.86928177), (-0.46307012, 3.1130474, -0.6322479), (-0.7168527, 2.8881567, -0.46656543), (-0.584913, 3.0600307, -0.49717978), (-0.5271959, 2.976865, -0.53648794), (-0.6625135, 2.806911, -0.50229084), (-0.5271959, 2.976865, -0.53648794), (-0.584913, 3.0600307, -0.49717978), (-0.5224922, 3.2487698, -0.6436498), (-0.46307012, 3.1130474, -0.6322479), (-0.53189087, 3.0936022, -0.41626295), (-0.48808914, 3.0634236, -0.27718526), (-0.42568725, 2.9721923, -0.31749025), (-0.46745512, 3.000111, -0.4605151), (0.074708246, 3.524949, -0.21307477), (-0.079941995, 3.380063, -0.16725257), (-0.13369094, 3.4444172, -0.14678945), (0.02730098, 3.689474, -0.20210944), (-0.26423776, 3.252335, -0.11248933), (-0.13369094, 3.4444172, -0.14678945), (-0.079941995, 3.380063, -0.16725257), (-0.21218629, 3.17119, -0.14621468), (-0.21218629, 3.17119, -0.14621468), (-0.42568725, 2.9721923, -0.31749025), (-0.48808914, 3.0634236, -0.27718526), (-0.26423776, 3.252335, -0.11248933), (-0.274969, 3.0953536, -0.9405929), (-0.27850172, 2.939641, -1.1140935), (-0.29860157, 2.8300028, -1.0401461), (-0.28962478, 2.9922097, -0.87263197), (-0.3621849, 2.894739, -1.1787136), (-0.5655358, 2.9397054, -1.1646802), (-0.58180827, 2.8342967, -1.0977056), (-0.3824368, 2.784361, -1.1042479), (-0.3824368, 2.784361, -1.1042479), (-0.29860157, 2.8300028, -1.0401461), (-0.27850172, 2.939641, -1.1140935), (-0.3621849, 2.894739, -1.1787136), (-0.005135402, 3.1454253, -0.9068106), (-0.18278196, 3.15752, -0.89213324), (-0.2001905, 3.0404465, -0.8166693), (-0.025069198, 3.0239992, -0.8265711), (0.164067, 3.5059443, -0.55351233), (0.1723595, 3.3020968, -0.75488365), (0.15389273, 3.1905081, -0.68294907), (0.16635446, 3.4239855, -0.49137062), (-0.025069198, 3.0239992, -0.8265711), (0.15389273, 3.1905081, -0.68294907), (0.1723595, 3.3020968, -0.75488365), (-0.005135402, 3.1454253, -0.9068106), (-0.4292407, 5.409136, 0.26713082), (-0.5946699, 5.3989615, 0.31916216), (-0.9536634, 5.5149655, 0.30162105), (-0.45381832, 5.5771036, 0.11533582), (-0.4323291, 5.3549438, 0.22729877), (-0.59763986, 5.3369455, 0.27562675), (-0.5946699, 5.3989615, 0.31916216), (-0.4292407, 5.409136, 0.26713082), (0.15164009, 5.9271665, -0.26216242), (0.11741487, 5.852404, -0.3057779), (-0.26750955, 5.588458, -0.11493385), (-0.26397562, 5.647128, -0.05526662), (-0.5776955, 5.3428006, -0.11388606), (-0.71772206, 5.342654, 0.033174932), (-0.94434476, 5.4607096, 0.28686848), (-0.4905388, 5.464905, -0.028382227), (-0.59763986, 5.3369455, 0.27562675), (-0.94434476, 5.4607096, 0.28686848), (-0.9536634, 5.5149655, 0.30162105), (-0.5946699, 5.3989615, 0.31916216), (-0.5039969, 5.5845456, 0.01692149), (-0.9536634, 5.5149655, 0.30162105), (-0.75856924, 5.4175396, -0.0061408877), (-0.6136618, 5.404749, -0.14864816), (0.14971086, 5.777022, -0.106837764), (0.16593072, 5.8589725, -0.21360824), (-0.2148677, 5.59928, -0.024604201), (0.12677221, 5.6529984, -0.019272506), (-0.026674211, 5.527523, 0.05505106), (-0.118755795, 5.5385776, 0.033946633), (-0.94434476, 5.4607096, 0.28686848), (-0.71772206, 5.342654, 0.033174932), (-0.75856924, 5.4175396, -0.0061408877), (-0.9536634, 5.5149655, 0.30162105), (0.15655518, 5.9637895, -0.18660106), (0.1332879, 6.024781, -0.23862153), (0.15164009, 5.9271665, -0.26216242), (0.16593072, 5.8589725, -0.21360824), (0.1332879, 6.024781, -0.23862153), (0.10828946, 5.971242, -0.29207933), (0.11741487, 5.852404, -0.3057779), (0.15164009, 5.9271665, -0.26216242), (-0.06987972, 5.6216464, -0.39821923), (-0.19854617, 5.51665, -0.33593816), (-0.24272755, 5.5340085, -0.2321561), (-0.26750955, 5.588458, -0.11493385), (0.11741487, 5.852404, -0.3057779), (0.03766466, 5.777244, -0.3509357), (-0.26397562, 5.647128, -0.05526662), (-0.26750955, 5.588458, -0.11493385), (-0.4905388, 5.464905, -0.028382227), (-0.4754466, 5.543569, 0.05041656), (0.16593072, 5.8589725, -0.21360824), (0.15164009, 5.9271665, -0.26216242), (-0.26397562, 5.647128, -0.05526662), (-0.2148677, 5.59928, -0.024604201), (-0.2148677, 5.59928, -0.024604201), (-0.26397562, 5.647128, -0.05526662), (-0.4754466, 5.543569, 0.05041656), (-0.43988013, 5.4777946, 0.100111514), (0.1332879, 6.024781, -0.23862153), (-0.23954089, 5.685012, 0.0025885701), (-0.2779362, 5.728258, -0.03641461), (0.15655518, 5.9637895, -0.18660106), (0.14512968, 5.820411, -0.070699185), (0.1298987, 5.707695, 0.019797146), (-0.022950456, 5.589138, 0.10177522), (-0.113437586, 5.601656, 0.08279124), (-0.2779362, 5.728258, -0.03641461), (-0.23954089, 5.685012, 0.0025885701), (-0.45381832, 5.5771036, 0.11533582), (-0.49067295, 5.6307034, 0.07245535), (-0.27061248, 5.4390903, 0.21841937), (-0.38424373, 5.4762464, 0.19605759), (-0.23954089, 5.685012, 0.0025885701), (-0.1911293, 5.47783, 0.1785461), (-0.1729953, 5.5792613, 0.08996856), (0.10828946, 5.971242, -0.29207933), (0.1332879, 6.024781, -0.23862153), (-0.2779362, 5.728258, -0.03641461), (-0.29171616, 5.68646, -0.08762739), (-0.28146008, 5.6021256, -0.268331), (0.0012483075, 5.8249655, -0.37082207), (-0.23930009, 5.5871277, -0.37516466), (-0.106286936, 5.686504, -0.43378574), (-0.29171616, 5.68646, -0.08762739), (-0.2779362, 5.728258, -0.03641461), (-0.49067295, 5.6307034, 0.07245535), (-0.5039969, 5.5845456, 0.01692149), (-0.5390646, 5.4656663, -0.12744987), (-0.3337939, 5.564166, -0.22884539), (-0.48885906, 5.4292517, -0.24819088), (-0.42969775, 5.4576745, -0.27737135), (-0.3337939, 5.564166, -0.22884539), (-0.2986316, 5.5042005, -0.19689989), (-0.26750955, 5.588458, -0.11493385), (-0.29171616, 5.68646, -0.08762739), (-0.28146008, 5.6021256, -0.268331), (-0.29171616, 5.68646, -0.08762739), (-0.26750955, 5.588458, -0.11493385), (-0.24272755, 5.5340085, -0.2321561), (-0.5390646, 5.4656663, -0.12744987), (-0.5039969, 5.5845456, 0.01692149), (-0.4905388, 5.464905, -0.028382227), (-0.50491303, 5.4042997, -0.09483234), (-0.113437586, 5.601656, 0.08279124), (-0.118755795, 5.5385776, 0.033946633), (-0.2148677, 5.59928, -0.024604201), (-0.23954089, 5.685012, 0.0025885701), (-0.38424373, 5.4762464, 0.19605759), (-0.38913345, 5.418627, 0.1509071), (-0.43988013, 5.4777946, 0.100111514), (-0.45381832, 5.5771036, 0.11533582), (-0.71772206, 5.342654, 0.033174932), (-0.5776955, 5.3428006, -0.11388606), (-0.6136618, 5.404749, -0.14864816), (-0.75856924, 5.4175396, -0.0061408877), (-0.4323291, 5.3549438, 0.22729877), (-0.4292407, 5.409136, 0.26713082), (-0.45381832, 5.5771036, 0.11533582), (-0.43988013, 5.4777946, 0.100111514), (-0.19470283, 5.4231896, 0.13785468), (-0.27421665, 5.3842583, 0.17756997), (-0.27061248, 5.4390903, 0.21841937), (-0.1911293, 5.47783, 0.1785461), (-0.2986316, 5.5042005, -0.19689989), (-0.392679, 5.394201, -0.24026935), (-0.45159128, 5.3653545, -0.2108459), (-0.50491303, 5.4042997, -0.09483234), (-0.26750955, 5.588458, -0.11493385), (-0.4905388, 5.464905, -0.028382227), (0.03766466, 5.777244, -0.3509357), (0.11741487, 5.852404, -0.3057779), (0.10828946, 5.971242, -0.29207933), (0.0012483075, 5.8249655, -0.37082207), (-0.6136618, 5.404749, -0.14864816), (-0.5776955, 5.3428006, -0.11388606), (-0.4905388, 5.464905, -0.028382227), (-0.5039969, 5.5845456, 0.01692149), (-0.38424373, 5.4762464, 0.19605759), (-0.27061248, 5.4390903, 0.21841937), (-0.27421665, 5.3842583, 0.17756997), (-0.38913345, 5.418627, 0.1509071), (-0.19470283, 5.4231896, 0.13785468), (-0.17778078, 5.5221257, 0.045294818), (-0.2148677, 5.59928, -0.024604201), (-0.27421665, 5.3842583, 0.17756997), (-0.43988013, 5.4777946, 0.100111514), (-0.38913345, 5.418627, 0.1509071), (-0.1911293, 5.47783, 0.1785461), (-0.1729953, 5.5792613, 0.08996856), (-0.17778078, 5.5221257, 0.045294818), (-0.19470283, 5.4231896, 0.13785468), (-0.17778078, 5.5221257, 0.045294818), (-0.1729953, 5.5792613, 0.08996856), (-0.23954089, 5.685012, 0.0025885701), (-0.2148677, 5.59928, -0.024604201), (-0.113437586, 5.601656, 0.08279124), (-0.022950456, 5.589138, 0.10177522), (-0.026674211, 5.527523, 0.05505106), (-0.118755795, 5.5385776, 0.033946633), (0.16593072, 5.8589725, -0.21360824), (0.14971086, 5.777022, -0.106837764), (0.14512968, 5.820411, -0.070699185), (0.15655518, 5.9637895, -0.18660106), (0.1298987, 5.707695, 0.019797146), (0.14512968, 5.820411, -0.070699185), (0.14971086, 5.777022, -0.106837764), (0.12677221, 5.6529984, -0.019272506), (0.12677221, 5.6529984, -0.019272506), (-0.026674211, 5.527523, 0.05505106), (-0.022950456, 5.589138, 0.10177522), (0.1298987, 5.707695, 0.019797146), (-0.3337939, 5.564166, -0.22884539), (-0.42969775, 5.4576745, -0.27737135), (-0.392679, 5.394201, -0.24026935), (-0.2986316, 5.5042005, -0.19689989), (-0.48885906, 5.4292517, -0.24819088), (-0.5390646, 5.4656663, -0.12744987), (-0.50491303, 5.4042997, -0.09483234), (-0.45159128, 5.3653545, -0.2108459), (-0.45159128, 5.3653545, -0.2108459), (-0.392679, 5.394201, -0.24026935), (-0.42969775, 5.4576745, -0.27737135), (-0.48885906, 5.4292517, -0.24819088), (-0.23930009, 5.5871277, -0.37516466), (-0.28146008, 5.6021256, -0.268331), (-0.24272755, 5.5340085, -0.2321561), (-0.19854617, 5.51665, -0.33593816), (0.0012483075, 5.8249655, -0.37082207), (-0.106286936, 5.686504, -0.43378574), (-0.06987972, 5.6216464, -0.39821923), (0.03766466, 5.777244, -0.3509357), (-0.19854617, 5.51665, -0.33593816), (-0.06987972, 5.6216464, -0.39821923), (-0.106286936, 5.686504, -0.43378574), (-0.23930009, 5.5871277, -0.37516466), (-0.077952966, 6.56752, 0.11360552), (-0.18053207, 6.5344577, 0.14671788), (-0.43303084, 6.5594244, 0.13378015), (-0.12981826, 6.68132, 0.014894515), (-0.06802636, 6.5344114, 0.08131345), (-0.16885419, 6.496521, 0.111237526), (-0.18053207, 6.5344577, 0.14671788), (-0.077952966, 6.56752, 0.11360552), (0.17785928, 7.015209, -0.22028473), (0.17252877, 6.9646134, -0.25735185), (-0.013983107, 6.7284684, -0.14591591), (-0.024616688, 6.763383, -0.099043526), (-0.15692943, 6.5257635, -0.1681934), (-0.24577586, 6.497244, -0.06548968), (-0.41530377, 6.526568, 0.11981108), (-0.12846595, 6.6120024, -0.0967142), (-0.16885419, 6.496521, 0.111237526), (-0.41530377, 6.526568, 0.11981108), (-0.43303084, 6.5594244, 0.13378015), (-0.18053207, 6.5344577, 0.14671788), (-0.16307628, 6.6847124, -0.056528807), (-0.43303084, 6.5594244, 0.13378015), (-0.28786287, 6.5420866, -0.08976297), (-0.19311982, 6.562681, -0.18992662), (0.15147887, 6.7134213, -0.022288322), (0.22143613, 6.8205395, -0.06410849), (0.20907718, 6.9089603, -0.11843734), (0.20168933, 6.9703856, -0.18952386), (0.016826015, 6.737672, -0.07905027), (0.09081879, 6.708715, -0.038772166), (-0.41530377, 6.526568, 0.11981108), (-0.24577586, 6.497244, -0.06548968), (-0.28786287, 6.5420866, -0.08976297), (-0.43303084, 6.5594244, 0.13378015), (0.17289585, 7.0351615, -0.16339673), (0.14496803, 7.07427, -0.1973283), (0.17785928, 7.015209, -0.22028473), (0.20168933, 6.9703856, -0.18952386), (0.14496803, 7.07427, -0.1973283), (0.14088273, 7.039253, -0.2398817), (0.17252877, 6.9646134, -0.25735185), (0.17785928, 7.015209, -0.22028473), (0.045599237, 6.7047276, -0.3081457), (0.013717294, 6.7036304, -0.23329867), (-0.013983107, 6.7284684, -0.14591591), (0.10430143, 6.7943954, -0.34319797), (0.17252877, 6.9646134, -0.25735185), (0.1384457, 6.9073877, -0.29656035), (-0.024616688, 6.763383, -0.099043526), (-0.013983107, 6.7284684, -0.14591591), (-0.12846595, 6.6120024, -0.0967142), (-0.13612294, 6.6603575, -0.034492463), (0.20168933, 6.9703856, -0.18952386), (0.17785928, 7.015209, -0.22028473), (-0.024616688, 6.763383, -0.099043526), (0.016826015, 6.737672, -0.07905027), (0.016826015, 6.737672, -0.07905027), (-0.024616688, 6.763383, -0.099043526), (-0.13612294, 6.6603575, -0.034492463), (-0.09938193, 6.620051, -0.0022850633), (0.14496803, 7.07427, -0.1973283), (-0.017477788, 6.7879467, -0.054382827), (-0.051127303, 6.8126907, -0.08045334), (0.17289585, 7.0351615, -0.16339673), (0.14035872, 6.7510233, 0.015472233), (0.08038563, 6.7473655, 0.0006482601), (0.19669521, 6.9342303, -0.08969612), (0.21142942, 6.854031, -0.032334983), (-0.051127303, 6.8126907, -0.08045334), (-0.017477788, 6.7879467, -0.054382827), (-0.12981826, 6.68132, 0.014894515), (-0.16477492, 6.7131824, -0.013250738), (-0.063941695, 6.6213713, 0.0678851), (-0.12981826, 6.68132, 0.014894515), (-0.017477788, 6.7879467, -0.054382827), (0.016056702, 6.6122117, 0.084043264), (0.04754303, 6.724043, 0.0030131638), (0.05797552, 6.6508207, 0.05965206), (0.14088273, 7.039253, -0.2398817), (0.14496803, 7.07427, -0.1973283), (-0.051127303, 6.8126907, -0.08045334), (-0.050696738, 6.7867255, -0.12035569), (0.06718634, 6.8331776, -0.36531985), (0.10503736, 6.9341836, -0.30852538), (0.0045145974, 6.7467227, -0.33263186), (-0.025578698, 6.7442217, -0.25570452), (-0.050696738, 6.7867255, -0.12035569), (-0.051127303, 6.8126907, -0.08045334), (-0.16477492, 6.7131824, -0.013250738), (-0.16307628, 6.6847124, -0.056528807), (-0.050506853, 6.7099857, -0.23094329), (-0.088002585, 6.630433, -0.27499092), (-0.1591849, 6.611357, -0.16902393), (-0.11930583, 6.6019907, -0.2571777), (-0.050506853, 6.7099857, -0.23094329), (-0.015240266, 6.6744065, -0.21113004), (-0.013983107, 6.7284684, -0.14591591), (-0.050696738, 6.7867255, -0.12035569), (-0.025578698, 6.7442217, -0.25570452), (-0.050696738, 6.7867255, -0.12035569), (-0.013983107, 6.7284684, -0.14591591), (0.013717294, 6.7036304, -0.23329867), (-0.1591849, 6.611357, -0.16902393), (-0.16307628, 6.6847124, -0.056528807), (-0.12846595, 6.6120024, -0.0967142), (-0.124256276, 6.5746937, -0.14883447), (0.08038563, 6.7473655, 0.0006482601), (0.09081879, 6.708715, -0.038772166), (0.016826015, 6.737672, -0.07905027), (-0.017477788, 6.7879467, -0.054382827), (-0.063941695, 6.6213713, 0.0678851), (-0.05441708, 6.586102, 0.031485822), (-0.09938193, 6.620051, -0.0022850633), (-0.12981826, 6.68132, 0.014894515), (-0.24577586, 6.497244, -0.06548968), (-0.15692943, 6.5257635, -0.1681934), (-0.19311982, 6.562681, -0.18992662), (-0.28786287, 6.5420866, -0.08976297), (-0.06802636, 6.5344114, 0.08131345), (-0.077952966, 6.56752, 0.11360552), (-0.12981826, 6.68132, 0.014894515), (-0.09938193, 6.620051, -0.0022850633), (0.06768318, 6.6173973, 0.02670449), (0.025769286, 6.5786777, 0.050957825), (0.016056702, 6.6122117, 0.084043264), (0.05797552, 6.6508207, 0.05965206), (-0.050782878, 6.592556, -0.25165662), (-0.08185326, 6.563856, -0.23367691), (-0.124256276, 6.5746937, -0.14883447), (-0.12846595, 6.6120024, -0.0967142), (-0.015240266, 6.6744065, -0.21113004), (-0.013983107, 6.7284684, -0.14591591), (0.1384457, 6.9073877, -0.29656035), (0.17252877, 6.9646134, -0.25735185), (0.14088273, 7.039253, -0.2398817), (0.10503736, 6.9341836, -0.30852538), (-0.19311982, 6.562681, -0.18992662), (-0.15692943, 6.5257635, -0.1681934), (-0.12846595, 6.6120024, -0.0967142), (-0.16307628, 6.6847124, -0.056528807), (-0.063941695, 6.6213713, 0.0678851), (0.016056702, 6.6122117, 0.084043264), (0.025769286, 6.5786777, 0.050957825), (-0.05441708, 6.586102, 0.031485822), (0.025769286, 6.5786777, 0.050957825), (0.06768318, 6.6173973, 0.02670449), (0.0570102, 6.6890583, -0.033004954), (0.016826015, 6.737672, -0.07905027), (-0.05441708, 6.586102, 0.031485822), (-0.09938193, 6.620051, -0.0022850633), (0.05797552, 6.6508207, 0.05965206), (0.04754303, 6.724043, 0.0030131638), (0.0570102, 6.6890583, -0.033004954), (0.06768318, 6.6173973, 0.02670449), (0.0570102, 6.6890583, -0.033004954), (0.04754303, 6.724043, 0.0030131638), (-0.017477788, 6.7879467, -0.054382827), (0.016826015, 6.737672, -0.07905027), (0.08038563, 6.7473655, 0.0006482601), (0.14035872, 6.7510233, 0.015472233), (0.15147887, 6.7134213, -0.022288322), (0.09081879, 6.708715, -0.038772166), (0.20168933, 6.9703856, -0.18952386), (0.20907718, 6.9089603, -0.11843734), (0.19669521, 6.9342303, -0.08969612), (0.17289585, 7.0351615, -0.16339673), (0.21142942, 6.854031, -0.032334983), (0.19669521, 6.9342303, -0.08969612), (0.20907718, 6.9089603, -0.11843734), (0.22143613, 6.8205395, -0.06410849), (0.22143613, 6.8205395, -0.06410849), (0.15147887, 6.7134213, -0.022288322), (0.14035872, 6.7510233, 0.015472233), (0.21142942, 6.854031, -0.032334983), (-0.050506853, 6.7099857, -0.23094329), (-0.088002585, 6.630433, -0.27499092), (-0.050782878, 6.592556, -0.25165662), (-0.015240266, 6.6744065, -0.21113004), (-0.11930583, 6.6019907, -0.2571777), (-0.1591849, 6.611357, -0.16902393), (-0.124256276, 6.5746937, -0.14883447), (-0.08185326, 6.563856, -0.23367691), (-0.08185326, 6.563856, -0.23367691), (-0.050782878, 6.592556, -0.25165662), (-0.088002585, 6.630433, -0.27499092), (-0.11930583, 6.6019907, -0.2571777), (0.0045145974, 6.7467227, -0.33263186), (-0.025578698, 6.7442217, -0.25570452), (0.013717294, 6.7036304, -0.23329867), (0.045599237, 6.7047276, -0.3081457), (0.10503736, 6.9341836, -0.30852538), (0.06718634, 6.8331776, -0.36531985), (0.10430143, 6.7943954, -0.34319797), (0.1384457, 6.9073877, -0.29656035), (0.045599237, 6.7047276, -0.3081457), (0.10430143, 6.7943954, -0.34319797), (0.06718634, 6.8331776, -0.36531985), (0.0045145974, 6.7467227, -0.33263186), (0.32722557, 0, -0.19304448), (-0.007577009, 0, -0.38632074), (-0.3423329, 0, -0.19304189), (0.32722595, 0, 0.19351275), (-0.34233257, 0, 0.1935134), (-0.007576272, 0, 0.38678727), (-0.25735065, 1.4851884, 0.1444522), (-0.34233257, 0, 0.1935134), (-0.3423329, 0, -0.19304189), (-0.25735098, 1.4851884, -0.14398335), (-0.007565558, 1.4851884, -0.28820288), (-0.007577009, 0, -0.38632074), (0.32722557, 0, -0.19304448), (0.24225368, 1.4851884, -0.14398633), (0.24225402, 1.4851884, 0.14445162), (0.32722595, 0, 0.19351275), (-0.007576272, 0, 0.38678727), (-0.0075649023, 1.4851884, 0.2886673), (-0.25735098, 1.4851884, -0.14398335), (-0.3423329, 0, -0.19304189), (-0.007577009, 0, -0.38632074), (-0.007565558, 1.4851884, -0.28820288), (-0.0075649023, 1.4851884, 0.2886673), (-0.007576272, 0, 0.38678727), (-0.34233257, 0, 0.1935134), (-0.25735065, 1.4851884, 0.1444522)]
    color4f[] primvars:colors (
        elementSize = 1
        interpolation = "constant"
    )
    color3f[] primvars:displayColor = [(1, 1, 1)] (
        interpolation = "constant"
    )
    float[] primvars:displayOpacity = [1] (
        interpolation = "constant"
    )
    float2[] primvars:st = [(0.95197177, 0.8332808), (0.951206, 0.8333659), (0.951206, 0.83545566), (0.951206, 0.8333659), (0.9509506, 0.83328086), (0.95095074, 0.8352004), (0.9501611, 0.83301765), (0.9501612, 0.83441085), (0.9509506, 0.83328086), (0.9451922, 0.83328086), (0.944937, 0.833366), (0.94695437, 0.8357233), (0.944937, 0.833366), (0.9441712, 0.83328074), (0.94695437, 0.8357233), (0.95197177, 0.8332808), (0.951206, 0.8333659), (0.951206, 0.83545566), (0.951206, 0.8333659), (0.9509506, 0.83328086), (0.95095074, 0.8352004), (0.9451922, 0.83328086), (0.944937, 0.833366), (0.94695437, 0.8357233), (0.944937, 0.833366), (0.9441712, 0.83328074), (0.94695437, 0.8357233), (0.951206, 0.8333659), (0.9509506, 0.83328086), (0.95110995, 0.83552045), (0.9451923, 0.83328086), (0.94493705, 0.8333659), (0.9469544, 0.8357234), (0.94493705, 0.8333659), (0.9441712, 0.8332807), (0.9469544, 0.8357234), (0.95197177, 0.8332808), (0.951206, 0.8333659), (0.951206, 0.83545566), (0.951206, 0.8333659), (0.9509506, 0.83328086), (0.95095074, 0.8352004), (0.9451922, 0.83328086), (0.944937, 0.833366), (0.9472618, 0.83580065), (0.944937, 0.833366), (0.9441712, 0.83328074), (0.9472618, 0.83580065), (0.95197177, 0.8332808), (0.951206, 0.8333659), (0.951206, 0.83545566), (0.951206, 0.8333659), (0.9509506, 0.83328086), (0.95095074, 0.8352004), (0.9501611, 0.83301765), (0.9501612, 0.83441085), (0.9509506, 0.83328086), (0.9451922, 0.83328086), (0.944937, 0.833366), (0.94695437, 0.8357233), (0.944937, 0.833366), (0.9441712, 0.83328074), (0.94695437, 0.8357233), (0.95197177, 0.8332808), (0.951206, 0.8333659), (0.951206, 0.83545566), (0.951206, 0.8333659), (0.9509506, 0.83328086), (0.95095074, 0.8352004), (0.9451922, 0.83328086), (0.944937, 0.833366), (0.9472618, 0.83580065), (0.944937, 0.833366), (0.9441712, 0.83328074), (0.9472618, 0.83580065), (0.95197177, 0.8332808), (0.951206, 0.8333659), (0.951206, 0.83545566), (0.951206, 0.8333659), (0.9509506, 0.83328086), (0.95095074, 0.8352004), (0.9451922, 0.83328086), (0.944937, 0.833366), (0.9472618, 0.83580065), (0.944937, 0.833366), (0.9441712, 0.83328074), (0.9472618, 0.83580065), (0.95197177, 0.8332808), (0.951206, 0.8333659), (0.951206, 0.83545566), (0.951206, 0.8333659), (0.9509506, 0.83328086), (0.95095074, 0.8352004), (0.9451922, 0.83328086), (0.944937, 0.833366), (0.9472618, 0.83580065), (0.944937, 0.833366), (0.9441712, 0.83328074), (0.9472618, 0.83580065), (0.95197177, 0.8332808), (0.951206, 0.8333659), (0.951206, 0.83545566), (0.951206, 0.8333659), (0.9509506, 0.83328086), (0.95095074, 0.8352004), (0.9451922, 0.83328086), (0.944937, 0.833366), (0.9472618, 0.83580065), (0.944937, 0.833366), (0.9441712, 0.83328074), (0.9472618, 0.83580065), (0.95197177, 0.8332808), (0.951206, 0.8333659), (0.951206, 0.83545566), (0.951206, 0.8333659), (0.9509506, 0.83328086), (0.95095074, 0.8352004), (0.9451922, 0.83328086), (0.944937, 0.833366), (0.9472618, 0.83580065), (0.944937, 0.833366), (0.9441712, 0.83328074), (0.9472618, 0.83580065), (0.95197177, 0.8332808), (0.951206, 0.8333659), (0.951206, 0.83545566), (0.951206, 0.8333659), (0.9509506, 0.83328086), (0.95095074, 0.8352004), (0.9451922, 0.83328086), (0.944937, 0.833366), (0.9472618, 0.83580065), (0.944937, 0.833366), (0.9441712, 0.83328074), (0.9472618, 0.83580065), (0.95197177, 0.8332808), (0.951206, 0.8333659), (0.951206, 0.83545566), (0.951206, 0.8333659), (0.9509506, 0.83328086), (0.95095074, 0.8352004), (0.9451922, 0.83328086), (0.944937, 0.833366), (0.94695437, 0.8357233), (0.944937, 0.833366), (0.9441712, 0.83328074), (0.94695437, 0.8357233), (0.95197177, 0.8332808), (0.951206, 0.8333659), (0.951206, 0.83545566), (0.951206, 0.8333659), (0.9509506, 0.83328086), (0.95095074, 0.8352004), (0.9451922, 0.83328086), (0.944937, 0.833366), (0.9472618, 0.83580065), (0.944937, 0.833366), (0.9441712, 0.83328074), (0.9472618, 0.83580065), (0.95197177, 0.8332808), (0.951206, 0.8333659), (0.951206, 0.83545566), (0.951206, 0.8333659), (0.9509506, 0.83328086), (0.95095074, 0.8352004), (0.9451922, 0.83328086), (0.944937, 0.833366), (0.9472618, 0.83580065), (0.944937, 0.833366), (0.9441712, 0.83328074), (0.9472618, 0.83580065), (0.6647474, 0.47507495), (0.6668012, 0.47507492), (0.66680115, 0.4750749), (0.6544784, 0.47507495), (0.6544784, 0.47507492), (0.65653217, 0.47507492), (0.658586, 0.4750749), (0.658586, 0.47507492), (0.66063976, 0.47507492), (0.658586, 0.4750749), (0.66063976, 0.47507492), (0.66063976, 0.47507495), (0.9451922, 0.83328086), (0.94695437, 0.8357233), (0.9459818, 0.83441085), (0.9451922, 0.83328086), (0.9459818, 0.83441085), (0.9459818, 0.8330176), (0.9451922, 0.83328086), (0.94695437, 0.8357233), (0.9459818, 0.83441085), (0.9451922, 0.83328086), (0.9459818, 0.83441085), (0.9459818, 0.8330176), (0.9451923, 0.83328086), (0.9469544, 0.8357234), (0.94598186, 0.83441085), (0.9451923, 0.83328086), (0.94598186, 0.83441085), (0.94598186, 0.8330176), (0.9451922, 0.83328086), (0.9472618, 0.83580065), (0.9459818, 0.83441085), (0.9451922, 0.83328086), (0.9459818, 0.83441085), (0.9459818, 0.8330176), (0.9451922, 0.83328086), (0.94695437, 0.8357233), (0.9459818, 0.83441085), (0.9451922, 0.83328086), (0.9459818, 0.83441085), (0.9459818, 0.8330176), (0.9451922, 0.83328086), (0.9472618, 0.83580065), (0.9459818, 0.83441085), (0.9451922, 0.83328086), (0.9459818, 0.83441085), (0.9459818, 0.8330176), (0.9451922, 0.83328086), (0.9472618, 0.83580065), (0.9459818, 0.83441085), (0.9451922, 0.83328086), (0.9459818, 0.83441085), (0.9459818, 0.8330176), (0.9451922, 0.83328086), (0.9472618, 0.83580065), (0.9459818, 0.83441085), (0.9451922, 0.83328086), (0.9459818, 0.83441085), (0.9459818, 0.8330176), (0.9451922, 0.83328086), (0.9472618, 0.83580065), (0.9459818, 0.83441085), (0.9451922, 0.83328086), (0.9459818, 0.83441085), (0.9459818, 0.8330176), (0.9451922, 0.83328086), (0.9472618, 0.83580065), (0.9459818, 0.83441085), (0.9451922, 0.83328086), (0.9459818, 0.83441085), (0.9459818, 0.8330176), (0.9451922, 0.83328086), (0.9472618, 0.83580065), (0.9459818, 0.83441085), (0.9451922, 0.83328086), (0.9459818, 0.83441085), (0.9459818, 0.8330176), (0.9451922, 0.83328086), (0.94695437, 0.8357233), (0.9459818, 0.83441085), (0.9451922, 0.83328086), (0.9459818, 0.83441085), (0.9459818, 0.8330176), (0.9451922, 0.83328086), (0.9472618, 0.83580065), (0.9459818, 0.83441085), (0.9451922, 0.83328086), (0.9459818, 0.83441085), (0.9459818, 0.8330176), (0.9451922, 0.83328086), (0.9472618, 0.83580065), (0.9459818, 0.83441085), (0.9451922, 0.83328086), (0.9459818, 0.83441085), (0.9459818, 0.8330176), (0.95197165, 0.8332808), (0.951206, 0.8333659), (0.95110995, 0.83552045), (0.9543407, 0.83441085), (0.95434064, 0.83301765), (0.6668012, 0.47199416), (0.6647474, 0.4719942), (0.6647474, 0.47507495), (0.66680115, 0.4750749), (0.6647474, 0.4719942), (0.6626936, 0.47199422), (0.6626936, 0.47507495), (0.6647474, 0.47507495), (0.6626936, 0.47199422), (0.6606397, 0.47199422), (0.66063976, 0.47507495), (0.6626936, 0.47507495), (0.6606397, 0.47199422), (0.658586, 0.47199416), (0.658586, 0.4750749), (0.66063976, 0.47507495), (0.6626936, 0.47507495), (0.6626936, 0.47507492), (0.6647474, 0.47507492), (0.6647474, 0.47507495), (0.658586, 0.47199416), (0.6565321, 0.4750749), (0.658586, 0.4750749), (0.65653217, 0.47199413), (0.658586, 0.46891347), (0.65653217, 0.46891347), (0.65653217, 0.47199413), (0.6544784, 0.47199422), (0.6544784, 0.47507495), (0.6565321, 0.4750749), (0.65653217, 0.47507492), (0.6647474, 0.46891347), (0.6647474, 0.46891347), (0.6626936, 0.46891347), (0.6626936, 0.46891347), (0.65653217, 0.47507492), (0.65653217, 0.47507492), (0.658586, 0.47507492), (0.658586, 0.47507492), (0.6565321, 0.4750749), (0.65653217, 0.47507492), (0.658586, 0.47507492), (0.658586, 0.4750749), (0.6647474, 0.47507495), (0.6647474, 0.47507492), (0.6668012, 0.47507492), (0.6668012, 0.47507492), (0.6647474, 0.47507492), (0.6668012, 0.47507492), (0.6647474, 0.47507492), (0.66063976, 0.47507495), (0.6626936, 0.47507492), (0.6626936, 0.47507495), (0.66063976, 0.47507492), (0.6626936, 0.47507492), (0.66063976, 0.47507492), (0.6626936, 0.47507492), (0.66063976, 0.47507492), (0.6544784, 0.47507492), (0.6544784, 0.47507492), (0.65653217, 0.47507492), (0.65653217, 0.47507492), (0.6544784, 0.47507492), (0.6544784, 0.47507492), (0.65653217, 0.47507492), (0.65653217, 0.47507492), (0.658586, 0.47507492), (0.66063976, 0.47507492), (0.66063976, 0.47507492), (0.658586, 0.47507492), (0.66063976, 0.47507492), (0.658586, 0.47507492), (0.6626936, 0.47507492), (0.6626936, 0.47507492), (0.6647474, 0.47507492), (0.6647474, 0.47507492), (0.6626936, 0.47507492), (0.6626936, 0.47507492), (0.6647474, 0.47507492), (0.6647474, 0.47507492), (0.65653217, 0.47507492), (0.65653217, 0.47507492), (0.658586, 0.47507492), (0.658586, 0.47507492), (0.65653217, 0.46891347), (0.6544784, 0.46891347), (0.6544784, 0.47199422), (0.65653217, 0.47199413), (0.66063976, 0.46891347), (0.658586, 0.46891347), (0.658586, 0.47199416), (0.6606397, 0.47199422), (0.6626936, 0.46891347), (0.66063976, 0.46891347), (0.6606397, 0.47199422), (0.6626936, 0.47199422), (0.6647474, 0.46891347), (0.6626936, 0.46891347), (0.6626936, 0.47199422), (0.6647474, 0.4719942), (0.6668012, 0.46891347), (0.6647474, 0.46891347), (0.6647474, 0.4719942), (0.6668012, 0.47199416), (0.9459818, 0.8330176), (0.9459818, 0.83441085), (0.9501612, 0.83441085), (0.9501611, 0.83301765), (0.94493705, 0.8291866), (0.94417125, 0.82944185), (0.94417113, 0.8313613), (0.944937, 0.8312763), (0.9418023, 0.8330176), (0.9418024, 0.83441085), (0.94695437, 0.8357233), (0.9441712, 0.83328074), (0.9459818, 0.83441085), (0.94695437, 0.8357233), (0.95095074, 0.83520037), (0.9501612, 0.83441085), (0.95197177, 0.8332808), (0.9519718, 0.83520037), (0.9543407, 0.83441085), (0.95434064, 0.83301765), (0.9459818, 0.8314147), (0.9459818, 0.8304729), (0.9456296, 0.8298791), (0.94567823, 0.83152336), (0.94519234, 0.8294419), (0.9451923, 0.8313613), (0.94695437, 0.8357233), (0.9459818, 0.8385902), (0.9501612, 0.8385902), (0.95095074, 0.8362214), (0.95095074, 0.8294417), (0.951206, 0.8291865), (0.94493705, 0.8291866), (0.94519234, 0.82944185), (0.951206, 0.8291865), (0.95095074, 0.8284207), (0.94519234, 0.8284208), (0.94493705, 0.8291866), (0.94284457, 0.8315087), (0.94417113, 0.8313613), (0.94417125, 0.82944185), (0.9418024, 0.831374), (0.94306433, 0.8298108), (0.9418024, 0.830602), (0.944937, 0.8312763), (0.94417113, 0.8313613), (0.9441712, 0.83328074), (0.944937, 0.833366), (0.94519234, 0.8294419), (0.94493705, 0.8291866), (0.944937, 0.8312763), (0.9451923, 0.8313613), (0.9451923, 0.8313613), (0.944937, 0.8312763), (0.944937, 0.833366), (0.9451922, 0.83328086), (0.951206, 0.8291865), (0.95095086, 0.83136135), (0.95120597, 0.83127624), (0.95095074, 0.8294417), (0.9504497, 0.82994276), (0.9504103, 0.8315415), (0.9501612, 0.8304729), (0.9501612, 0.83141476), (0.95120597, 0.83127624), (0.95095086, 0.83136135), (0.9509506, 0.83328086), (0.951206, 0.8333659), (0.9504763, 0.8331227), (0.9509506, 0.83328086), (0.95095086, 0.83136135), (0.9501611, 0.8325831), (0.95016116, 0.8320592), (0.9504764, 0.8315195), (0.95197177, 0.8294417), (0.951206, 0.8291865), (0.95120597, 0.83127624), (0.9519719, 0.83136135), (0.95336634, 0.8299066), (0.95353603, 0.8315351), (0.95434064, 0.8306019), (0.9543407, 0.8313739), (0.9519719, 0.83136135), (0.95120597, 0.83127624), (0.951206, 0.8333659), (0.95197177, 0.8332808), (0.9534583, 0.83311564), (0.9543407, 0.8325259), (0.95434064, 0.8321162), (0.9534601, 0.83152664), (0.9508344, 0.8271505), (0.945111, 0.82788247), (0.94417113, 0.8313613), (0.9519719, 0.83136135), (0.95077634, 0.8269356), (0.9519719, 0.83136135), (0.94417113, 0.8313613), (0.9451852, 0.8276077), (0.9508356, 0.8269959), (0.95197177, 0.8332808), (0.9441712, 0.83328074), (0.9449891, 0.82875663), (0.95041037, 0.8315416), (0.94567835, 0.83152336), (0.9451923, 0.8313613), (0.95095086, 0.83136135), (0.9504762, 0.8331227), (0.94559705, 0.8331459), (0.9451922, 0.83328086), (0.9509506, 0.83328086), (0.9459818, 0.82187253), (0.94598174, 0.8232656), (0.9501612, 0.8232657), (0.9501612, 0.82187253), (0.9459818, 0.8330176), (0.9501611, 0.83301765), (0.9509506, 0.83328086), (0.9451922, 0.83328086), (0.94598174, 0.8320591), (0.9459818, 0.832583), (0.9501611, 0.8325831), (0.95016116, 0.8320592), (0.94310105, 0.8331619), (0.9441712, 0.83328074), (0.94417113, 0.8313613), (0.9418024, 0.8325259), (0.9418024, 0.8321163), (0.94294167, 0.83149797), (0.9455613, 0.82731396), (0.94519234, 0.8284208), (0.95095074, 0.8284207), (0.95048594, 0.8270262), (0.9501612, 0.8232657), (0.94598174, 0.8232656), (0.9441712, 0.83328074), (0.95197177, 0.8332808), (0.9504762, 0.8331227), (0.9501611, 0.8325831), (0.9459818, 0.832583), (0.94559705, 0.8331459), (0.94598186, 0.832583), (0.94598186, 0.8320591), (0.94559705, 0.8314962), (0.94559705, 0.8331459), (0.9451923, 0.8313613), (0.9451922, 0.83328086), (0.95016116, 0.8320592), (0.95047647, 0.83151954), (0.94559693, 0.8314962), (0.94598174, 0.8320591), (0.94559693, 0.8314962), (0.95047647, 0.83151954), (0.95095086, 0.83136135), (0.9451923, 0.8313613), (0.95041037, 0.8315416), (0.9501612, 0.83141476), (0.94598186, 0.83141476), (0.94567835, 0.83152336), (0.94519234, 0.82944185), (0.94562954, 0.8298791), (0.95044976, 0.8299428), (0.95095074, 0.8294417), (0.9501612, 0.8304729), (0.95044976, 0.8299428), (0.94562954, 0.8298791), (0.9459818, 0.8304729), (0.9459818, 0.8304729), (0.94598186, 0.83141476), (0.9501612, 0.83141476), (0.9501612, 0.8304729), (0.9508344, 0.8271505), (0.9501612, 0.8241671), (0.94598186, 0.8241671), (0.945111, 0.82788247), (0.9501612, 0.82375747), (0.9508356, 0.8269959), (0.9449891, 0.82875663), (0.94598174, 0.82375735), (0.94598174, 0.82375735), (0.94598186, 0.8241671), (0.9501612, 0.8241671), (0.9501612, 0.82375747), (0.9501613, 0.8249094), (0.95077634, 0.8269356), (0.9451852, 0.8276077), (0.94598186, 0.8249094), (0.95048594, 0.8270262), (0.9501612, 0.8256814), (0.9459818, 0.8256814), (0.9455613, 0.82731396), (0.94598186, 0.8249094), (0.9459818, 0.8256814), (0.9501612, 0.8256814), (0.9501613, 0.8249094), (0.9501611, 0.83301765), (0.9501612, 0.83441085), (0.95095074, 0.8352004), (0.9509506, 0.83328086), (0.9459818, 0.8330176), (0.9459818, 0.83441085), (0.9501612, 0.83441085), (0.9501611, 0.83301765), (0.94493705, 0.8291866), (0.94417125, 0.82944185), (0.94417113, 0.8313613), (0.944937, 0.8312763), (0.9418023, 0.8330176), (0.9418024, 0.83441085), (0.94695437, 0.8357233), (0.9441712, 0.83328074), (0.9459818, 0.83441085), (0.94695437, 0.8357233), (0.95095074, 0.83520037), (0.9501612, 0.83441085), (0.95197177, 0.8332808), (0.9519718, 0.83520037), (0.9543407, 0.83441085), (0.95434064, 0.83301765), (0.94567823, 0.83152336), (0.9459818, 0.8314147), (0.9459818, 0.8304729), (0.9451923, 0.8313613), (0.9456296, 0.8298791), (0.94519234, 0.8294419), (0.94695437, 0.8357233), (0.9459818, 0.8385902), (0.9501612, 0.8385902), (0.95095074, 0.8362214), (0.95095074, 0.8294417), (0.951206, 0.8291865), (0.94493705, 0.8291866), (0.94519234, 0.82944185), (0.951206, 0.8291865), (0.95095074, 0.8284207), (0.94519234, 0.8284208), (0.94493705, 0.8291866), (0.94284457, 0.8315087), (0.94417113, 0.8313613), (0.94417125, 0.82944185), (0.9418024, 0.831374), (0.9418024, 0.830602), (0.94306433, 0.8298108), (0.944937, 0.8312763), (0.94417113, 0.8313613), (0.9441712, 0.83328074), (0.944937, 0.833366), (0.94519234, 0.8294419), (0.94493705, 0.8291866), (0.944937, 0.8312763), (0.9451923, 0.8313613), (0.9451923, 0.8313613), (0.944937, 0.8312763), (0.944937, 0.833366), (0.9451922, 0.83328086), (0.951206, 0.8291865), (0.95095086, 0.83136135), (0.95120597, 0.83127624), (0.95095074, 0.8294417), (0.9501612, 0.8304729), (0.9504497, 0.82994276), (0.9504103, 0.8315415), (0.9501612, 0.83141476), (0.95120597, 0.83127624), (0.95095086, 0.83136135), (0.9509506, 0.83328086), (0.951206, 0.8333659), (0.95095086, 0.83136135), (0.9504764, 0.8315195), (0.9504763, 0.8331227), (0.95016116, 0.8320592), (0.9501611, 0.8325831), (0.95197177, 0.8294417), (0.951206, 0.8291865), (0.95120597, 0.83127624), (0.9519719, 0.83136135), (0.95353603, 0.8315351), (0.9543407, 0.8313739), (0.95434064, 0.8306019), (0.95336634, 0.8299066), (0.9519719, 0.83136135), (0.95120597, 0.83127624), (0.951206, 0.8333659), (0.95197177, 0.8332808), (0.9534583, 0.83311564), (0.9543407, 0.8325259), (0.95434064, 0.8321162), (0.9534601, 0.83152664), (0.9508344, 0.8271505), (0.945111, 0.82788247), (0.94417113, 0.8313613), (0.9519719, 0.83136135), (0.95077634, 0.8269356), (0.9519719, 0.83136135), (0.94417113, 0.8313613), (0.9451852, 0.8276077), (0.9508356, 0.8269959), (0.95197177, 0.8332808), (0.9441712, 0.83328074), (0.9449891, 0.82875663), (0.95041037, 0.8315416), (0.94567835, 0.83152336), (0.9451923, 0.8313613), (0.95095086, 0.83136135), (0.9504762, 0.8331227), (0.94559705, 0.8331459), (0.9451922, 0.83328086), (0.9509506, 0.83328086), (0.9459818, 0.82187253), (0.94598174, 0.8232656), (0.9501612, 0.8232657), (0.9501612, 0.82187253), (0.9459818, 0.8330176), (0.9501611, 0.83301765), (0.9509506, 0.83328086), (0.9451922, 0.83328086), (0.94598174, 0.8320591), (0.9459818, 0.832583), (0.9501611, 0.8325831), (0.95016116, 0.8320592), (0.94310105, 0.8331619), (0.9441712, 0.83328074), (0.94417113, 0.8313613), (0.9418024, 0.8325259), (0.9418024, 0.8321163), (0.94294167, 0.83149797), (0.9455613, 0.82731396), (0.94519234, 0.8284208), (0.95095074, 0.8284207), (0.95048594, 0.8270262), (0.9501612, 0.8232657), (0.94598174, 0.8232656), (0.9441712, 0.83328074), (0.95197177, 0.8332808), (0.9504762, 0.8331227), (0.9501611, 0.8325831), (0.9459818, 0.832583), (0.94559705, 0.8331459), (0.94559705, 0.8331459), (0.94598186, 0.832583), (0.94598186, 0.8320591), (0.94559705, 0.8314962), (0.9451922, 0.83328086), (0.9451923, 0.8313613), (0.95016116, 0.8320592), (0.95047647, 0.83151954), (0.94559693, 0.8314962), (0.94598174, 0.8320591), (0.94559693, 0.8314962), (0.95047647, 0.83151954), (0.95095086, 0.83136135), (0.9451923, 0.8313613), (0.95041037, 0.8315416), (0.9501612, 0.83141476), (0.94598186, 0.83141476), (0.94567835, 0.83152336), (0.94519234, 0.82944185), (0.94562954, 0.8298791), (0.95044976, 0.8299428), (0.95095074, 0.8294417), (0.9501612, 0.8304729), (0.95044976, 0.8299428), (0.94562954, 0.8298791), (0.9459818, 0.8304729), (0.9459818, 0.8304729), (0.94598186, 0.83141476), (0.9501612, 0.83141476), (0.9501612, 0.8304729), (0.9508344, 0.8271505), (0.9501612, 0.8241671), (0.94598186, 0.8241671), (0.945111, 0.82788247), (0.9501612, 0.82375747), (0.9508356, 0.8269959), (0.9449891, 0.82875663), (0.94598174, 0.82375735), (0.94598174, 0.82375735), (0.94598186, 0.8241671), (0.9501612, 0.8241671), (0.9501612, 0.82375747), (0.9501613, 0.8249094), (0.95077634, 0.8269356), (0.9451852, 0.8276077), (0.94598186, 0.8249094), (0.95048594, 0.8270262), (0.9501612, 0.8256814), (0.9459818, 0.8256814), (0.9455613, 0.82731396), (0.94598186, 0.8249094), (0.9459818, 0.8256814), (0.9501612, 0.8256814), (0.9501613, 0.8249094), (0.9501611, 0.83301765), (0.9501612, 0.8344108), (0.95110995, 0.83552045), (0.9509506, 0.83328086), (0.94598186, 0.8330176), (0.94598186, 0.83441085), (0.9501612, 0.8344108), (0.9501611, 0.83301765), (0.94493705, 0.8291866), (0.9446782, 0.8289349), (0.9441712, 0.8313613), (0.94493705, 0.83127636), (0.9418023, 0.8330176), (0.9418024, 0.83441085), (0.9469544, 0.8357234), (0.9441712, 0.8332807), (0.94598186, 0.83441085), (0.9469544, 0.8357234), (0.95110995, 0.83552045), (0.9501612, 0.8344108), (0.9456295, 0.82987905), (0.94519234, 0.82944185), (0.9451923, 0.83136123), (0.94598186, 0.8304729), (0.94598186, 0.8314147), (0.94567835, 0.83152336), (0.9469544, 0.8357234), (0.9459818, 0.8385902), (0.9501612, 0.8385902), (0.95110995, 0.83552045), (0.95095074, 0.8294417), (0.9512061, 0.82918656), (0.94493705, 0.8291866), (0.94519234, 0.82944185), (0.9512061, 0.82918656), (0.95142025, 0.8288902), (0.9446782, 0.8289349), (0.94493705, 0.8291866), (0.9418024, 0.830602), (0.9418024, 0.831374), (0.94284457, 0.8315087), (0.9441712, 0.8313613), (0.94306433, 0.8298108), (0.9446782, 0.8289349), (0.94493705, 0.83127636), (0.9441712, 0.8313613), (0.9441712, 0.8332807), (0.94493705, 0.8333659), (0.94519234, 0.82944185), (0.94493705, 0.8291866), (0.94493705, 0.83127636), (0.9451923, 0.83136123), (0.9451923, 0.83136123), (0.94493705, 0.83127636), (0.94493705, 0.8333659), (0.9451923, 0.83328086), (0.9512061, 0.82918656), (0.9509509, 0.8313614), (0.95120585, 0.8312762), (0.95095074, 0.8294417), (0.95044976, 0.8299428), (0.9501612, 0.8304729), (0.9501611, 0.8314147), (0.9504105, 0.83154166), (0.95120585, 0.8312762), (0.9509509, 0.8313614), (0.9509506, 0.83328086), (0.951206, 0.8333659), (0.9501611, 0.8325831), (0.9504763, 0.83312273), (0.9501612, 0.8320592), (0.9509509, 0.8313614), (0.9504764, 0.8315195), (0.95142025, 0.8288902), (0.9512061, 0.82918656), (0.95120585, 0.8312762), (0.95197195, 0.8313614), (0.95336634, 0.8299066), (0.9543406, 0.8306018), (0.95353603, 0.8315351), (0.9543407, 0.8313739), (0.95197195, 0.8313614), (0.95120585, 0.8312762), (0.951206, 0.8333659), (0.95197165, 0.8332808), (0.9534601, 0.83152664), (0.9534583, 0.83311564), (0.95434064, 0.8321162), (0.9543407, 0.8325259), (0.9508343, 0.82715046), (0.9451109, 0.82788247), (0.9441712, 0.8313613), (0.95197195, 0.8313614), (0.95077634, 0.8269356), (0.95197195, 0.8313614), (0.9441712, 0.8313613), (0.9451851, 0.82760763), (0.9508356, 0.8269959), (0.95197165, 0.8332808), (0.9441712, 0.8332807), (0.94498897, 0.8287566), (0.9504105, 0.83154166), (0.94567835, 0.83152336), (0.9451923, 0.83136123), (0.9509509, 0.8313614), (0.9504763, 0.83312273), (0.9455971, 0.833146), (0.9451923, 0.83328086), (0.9509506, 0.83328086), (0.9459818, 0.82187253), (0.94598174, 0.8232656), (0.9501612, 0.8232657), (0.9501612, 0.82187253), (0.94598186, 0.8330176), (0.9501611, 0.83301765), (0.9509506, 0.83328086), (0.9451923, 0.83328086), (0.9459818, 0.832059), (0.94598186, 0.832583), (0.9501611, 0.8325831), (0.9501612, 0.8320592), (0.9418024, 0.8321163), (0.9418024, 0.8325259), (0.94310105, 0.8331619), (0.94294167, 0.83149797), (0.9441712, 0.8332807), (0.9441712, 0.8313613), (0.9455613, 0.827314), (0.9446782, 0.8289349), (0.95142025, 0.8288902), (0.95048606, 0.82702625), (0.9501612, 0.8232657), (0.94598174, 0.8232656), (0.9441712, 0.8332807), (0.95197165, 0.8332808), (0.9504763, 0.83312273), (0.9501611, 0.8325831), (0.94598186, 0.832583), (0.9455971, 0.833146), (0.94559705, 0.83149624), (0.9451923, 0.83136123), (0.9451923, 0.83328086), (0.9459818, 0.832059), (0.94598186, 0.832583), (0.9455971, 0.833146), (0.9501612, 0.8320592), (0.9504764, 0.8315195), (0.94559705, 0.83149624), (0.9459818, 0.832059), (0.94559705, 0.83149624), (0.9504764, 0.8315195), (0.9509509, 0.8313614), (0.9451923, 0.83136123), (0.9504105, 0.83154166), (0.9501611, 0.8314147), (0.94598186, 0.8314147), (0.94567835, 0.83152336), (0.94519234, 0.82944185), (0.9456295, 0.82987905), (0.95044976, 0.8299428), (0.95095074, 0.8294417), (0.9501612, 0.8304729), (0.95044976, 0.8299428), (0.9456295, 0.82987905), (0.94598186, 0.8304729), (0.94598186, 0.8304729), (0.94598186, 0.8314147), (0.9501611, 0.8314147), (0.9501612, 0.8304729), (0.9508343, 0.82715046), (0.9501612, 0.82416713), (0.94598186, 0.824167), (0.9451109, 0.82788247), (0.9501613, 0.8237575), (0.9508356, 0.8269959), (0.94498897, 0.8287566), (0.94598174, 0.8237573), (0.94598174, 0.8237573), (0.94598186, 0.824167), (0.9501612, 0.82416713), (0.9501613, 0.8237575), (0.95016134, 0.82490945), (0.95077634, 0.8269356), (0.9451851, 0.82760763), (0.94598186, 0.8249093), (0.95048606, 0.82702625), (0.9501612, 0.8256814), (0.9459818, 0.8256814), (0.9455613, 0.827314), (0.94598186, 0.8249093), (0.9459818, 0.8256814), (0.9501612, 0.8256814), (0.95016134, 0.82490945), (0.9501611, 0.83301765), (0.9501612, 0.83441085), (0.95095074, 0.8352004), (0.9509506, 0.83328086), (0.9459818, 0.8330176), (0.9459818, 0.83441085), (0.9501612, 0.83441085), (0.9501611, 0.83301765), (0.94493705, 0.8291866), (0.94417125, 0.82944185), (0.94417113, 0.8313613), (0.944937, 0.8312763), (0.9418023, 0.8330176), (0.9418024, 0.83441085), (0.9472618, 0.83580065), (0.9441712, 0.83328074), (0.9459818, 0.83441085), (0.9472618, 0.83580065), (0.95095074, 0.83520037), (0.9501612, 0.83441085), (0.95197177, 0.8332808), (0.9519718, 0.83520037), (0.9543407, 0.83441085), (0.95434064, 0.83301765), (0.94567823, 0.83152336), (0.9459818, 0.8314147), (0.9459818, 0.8304729), (0.9451923, 0.8313613), (0.9456296, 0.8298791), (0.94519234, 0.8294419), (0.9472618, 0.83580065), (0.9459818, 0.8385902), (0.9501612, 0.8385902), (0.95095074, 0.8362214), (0.95095074, 0.8294417), (0.951206, 0.8291865), (0.94493705, 0.8291866), (0.94519234, 0.82944185), (0.951206, 0.8291865), (0.95095074, 0.8284207), (0.94519234, 0.8284208), (0.94493705, 0.8291866), (0.94284457, 0.8315087), (0.94417113, 0.8313613), (0.94417125, 0.82944185), (0.9418024, 0.831374), (0.9418024, 0.830602), (0.94306433, 0.8298108), (0.944937, 0.8312763), (0.94417113, 0.8313613), (0.9441712, 0.83328074), (0.944937, 0.833366), (0.94519234, 0.8294419), (0.94493705, 0.8291866), (0.944937, 0.8312763), (0.9451923, 0.8313613), (0.9451923, 0.8313613), (0.944937, 0.8312763), (0.944937, 0.833366), (0.9451922, 0.83328086), (0.951206, 0.8291865), (0.95095086, 0.83136135), (0.95120597, 0.83127624), (0.95095074, 0.8294417), (0.9504497, 0.82994276), (0.9501612, 0.8304729), (0.9504103, 0.8315415), (0.9501612, 0.83141476), (0.95120597, 0.83127624), (0.95095086, 0.83136135), (0.9509506, 0.83328086), (0.951206, 0.8333659), (0.95095086, 0.83136135), (0.9504764, 0.8315195), (0.9504763, 0.8331227), (0.95016116, 0.8320592), (0.9501611, 0.8325831), (0.95197177, 0.8294417), (0.951206, 0.8291865), (0.95120597, 0.83127624), (0.9519719, 0.83136135), (0.95353603, 0.8315351), (0.9543407, 0.8313739), (0.95434064, 0.8306019), (0.95336634, 0.8299066), (0.9519719, 0.83136135), (0.95120597, 0.83127624), (0.951206, 0.8333659), (0.95197177, 0.8332808), (0.9543407, 0.8325259), (0.9534583, 0.83311564), (0.95434064, 0.8321162), (0.9534601, 0.83152664), (0.9508344, 0.8271505), (0.945111, 0.82788247), (0.94417113, 0.8313613), (0.9519719, 0.83136135), (0.95077634, 0.8269356), (0.9519719, 0.83136135), (0.94417113, 0.8313613), (0.9451852, 0.8276077), (0.9508356, 0.8269959), (0.95197177, 0.8332808), (0.9441712, 0.83328074), (0.9449891, 0.82875663), (0.95041037, 0.8315416), (0.94567835, 0.83152336), (0.9451923, 0.8313613), (0.95095086, 0.83136135), (0.9504762, 0.8331227), (0.94559705, 0.8331459), (0.9451922, 0.83328086), (0.9509506, 0.83328086), (0.9459818, 0.82187253), (0.94598174, 0.8232656), (0.9501612, 0.8232657), (0.9501612, 0.82187253), (0.9459818, 0.8330176), (0.9501611, 0.83301765), (0.9509506, 0.83328086), (0.9451922, 0.83328086), (0.94598174, 0.8320591), (0.9459818, 0.832583), (0.9501611, 0.8325831), (0.95016116, 0.8320592), (0.9418024, 0.8325259), (0.94310105, 0.8331619), (0.9441712, 0.83328074), (0.94417113, 0.8313613), (0.9418024, 0.8321163), (0.94294167, 0.83149797), (0.9455613, 0.82731396), (0.94519234, 0.8284208), (0.95095074, 0.8284207), (0.95048594, 0.8270262), (0.9501612, 0.8232657), (0.94598174, 0.8232656), (0.9441712, 0.83328074), (0.95197177, 0.8332808), (0.9504762, 0.8331227), (0.9501611, 0.8325831), (0.9459818, 0.832583), (0.94559705, 0.8331459), (0.94559705, 0.8331459), (0.94598186, 0.832583), (0.94598186, 0.8320591), (0.94559705, 0.8314962), (0.9451922, 0.83328086), (0.9451923, 0.8313613), (0.95016116, 0.8320592), (0.95047647, 0.83151954), (0.94559693, 0.8314962), (0.94598174, 0.8320591), (0.94559693, 0.8314962), (0.95047647, 0.83151954), (0.95095086, 0.83136135), (0.9451923, 0.8313613), (0.95041037, 0.8315416), (0.9501612, 0.83141476), (0.94598186, 0.83141476), (0.94567835, 0.83152336), (0.94519234, 0.82944185), (0.94562954, 0.8298791), (0.95044976, 0.8299428), (0.95095074, 0.8294417), (0.9501612, 0.8304729), (0.95044976, 0.8299428), (0.94562954, 0.8298791), (0.9459818, 0.8304729), (0.9459818, 0.8304729), (0.94598186, 0.83141476), (0.9501612, 0.83141476), (0.9501612, 0.8304729), (0.9508344, 0.8271505), (0.9501612, 0.8241671), (0.94598186, 0.8241671), (0.945111, 0.82788247), (0.9501612, 0.82375747), (0.9508356, 0.8269959), (0.9449891, 0.82875663), (0.94598174, 0.82375735), (0.94598174, 0.82375735), (0.94598186, 0.8241671), (0.9501612, 0.8241671), (0.9501612, 0.82375747), (0.9501613, 0.8249094), (0.95077634, 0.8269356), (0.9451852, 0.8276077), (0.94598186, 0.8249094), (0.95048594, 0.8270262), (0.9501612, 0.8256814), (0.9459818, 0.8256814), (0.9455613, 0.82731396), (0.94598186, 0.8249094), (0.9459818, 0.8256814), (0.9501612, 0.8256814), (0.9501613, 0.8249094), (0.9459818, 0.8330176), (0.9459818, 0.83441085), (0.9501612, 0.83441085), (0.9501611, 0.83301765), (0.94493705, 0.8291866), (0.94417125, 0.82944185), (0.94417113, 0.8313613), (0.944937, 0.8312763), (0.9418023, 0.8330176), (0.9418024, 0.83441085), (0.94695437, 0.8357233), (0.9441712, 0.83328074), (0.9459818, 0.83441085), (0.94695437, 0.8357233), (0.95095074, 0.83520037), (0.9501612, 0.83441085), (0.95197177, 0.8332808), (0.9519718, 0.83520037), (0.9543407, 0.83441085), (0.95434064, 0.83301765), (0.9456296, 0.8298791), (0.94519234, 0.8294419), (0.9451923, 0.8313613), (0.9459818, 0.8304729), (0.9459818, 0.8314147), (0.94567823, 0.83152336), (0.94695437, 0.8357233), (0.9459818, 0.8385902), (0.9501612, 0.8385902), (0.95095074, 0.8362214), (0.95095074, 0.8294417), (0.951206, 0.8291865), (0.94493705, 0.8291866), (0.94519234, 0.82944185), (0.951206, 0.8291865), (0.95095074, 0.8284207), (0.94519234, 0.8284208), (0.94493705, 0.8291866), (0.9418024, 0.830602), (0.9418024, 0.831374), (0.94284457, 0.8315087), (0.94306433, 0.8298108), (0.94417113, 0.8313613), (0.94417125, 0.82944185), (0.944937, 0.8312763), (0.94417113, 0.8313613), (0.9441712, 0.83328074), (0.944937, 0.833366), (0.94519234, 0.8294419), (0.94493705, 0.8291866), (0.944937, 0.8312763), (0.9451923, 0.8313613), (0.9451923, 0.8313613), (0.944937, 0.8312763), (0.944937, 0.833366), (0.9451922, 0.83328086), (0.951206, 0.8291865), (0.95095086, 0.83136135), (0.95120597, 0.83127624), (0.95095074, 0.8294417), (0.9504497, 0.82994276), (0.9501612, 0.8304729), (0.9501612, 0.83141476), (0.9504103, 0.8315415), (0.95120597, 0.83127624), (0.95095086, 0.83136135), (0.9509506, 0.83328086), (0.951206, 0.8333659), (0.9501611, 0.8325831), (0.9504763, 0.8331227), (0.95016116, 0.8320592), (0.95095086, 0.83136135), (0.9504764, 0.8315195), (0.95197177, 0.8294417), (0.951206, 0.8291865), (0.95120597, 0.83127624), (0.9519719, 0.83136135), (0.95336634, 0.8299066), (0.95353603, 0.8315351), (0.95434064, 0.8306019), (0.9543407, 0.8313739), (0.9519719, 0.83136135), (0.95120597, 0.83127624), (0.951206, 0.8333659), (0.95197177, 0.8332808), (0.9534601, 0.83152664), (0.9534583, 0.83311564), (0.95434064, 0.8321162), (0.9543407, 0.8325259), (0.9508344, 0.8271505), (0.945111, 0.82788247), (0.94417113, 0.8313613), (0.9519719, 0.83136135), (0.95077634, 0.8269356), (0.9519719, 0.83136135), (0.94417113, 0.8313613), (0.9451852, 0.8276077), (0.9508356, 0.8269959), (0.95197177, 0.8332808), (0.9441712, 0.83328074), (0.9449891, 0.82875663), (0.95041037, 0.8315416), (0.94567835, 0.83152336), (0.9451923, 0.8313613), (0.95095086, 0.83136135), (0.9504762, 0.8331227), (0.94559705, 0.8331459), (0.9451922, 0.83328086), (0.9509506, 0.83328086), (0.9459818, 0.82187253), (0.94598174, 0.8232656), (0.9501612, 0.8232657), (0.9501612, 0.82187253), (0.9459818, 0.8330176), (0.9501611, 0.83301765), (0.9509506, 0.83328086), (0.9451922, 0.83328086), (0.94598174, 0.8320591), (0.9459818, 0.832583), (0.9501611, 0.8325831), (0.95016116, 0.8320592), (0.9418024, 0.8321163), (0.9418024, 0.8325259), (0.94310105, 0.8331619), (0.94294167, 0.83149797), (0.9441712, 0.83328074), (0.94417113, 0.8313613), (0.9455613, 0.82731396), (0.94519234, 0.8284208), (0.95095074, 0.8284207), (0.95048594, 0.8270262), (0.9501612, 0.8232657), (0.94598174, 0.8232656), (0.9441712, 0.83328074), (0.95197177, 0.8332808), (0.9504762, 0.8331227), (0.9501611, 0.8325831), (0.9459818, 0.832583), (0.94559705, 0.8331459), (0.94559705, 0.8314962), (0.9451923, 0.8313613), (0.9451922, 0.83328086), (0.94598186, 0.8320591), (0.94598186, 0.832583), (0.94559705, 0.8331459), (0.95016116, 0.8320592), (0.95047647, 0.83151954), (0.94559693, 0.8314962), (0.94598174, 0.8320591), (0.94559693, 0.8314962), (0.95047647, 0.83151954), (0.95095086, 0.83136135), (0.9451923, 0.8313613), (0.95041037, 0.8315416), (0.9501612, 0.83141476), (0.94598186, 0.83141476), (0.94567835, 0.83152336), (0.94519234, 0.82944185), (0.94562954, 0.8298791), (0.95044976, 0.8299428), (0.95095074, 0.8294417), (0.9501612, 0.8304729), (0.95044976, 0.8299428), (0.94562954, 0.8298791), (0.9459818, 0.8304729), (0.9459818, 0.8304729), (0.94598186, 0.83141476), (0.9501612, 0.83141476), (0.9501612, 0.8304729), (0.9508344, 0.8271505), (0.9501612, 0.8241671), (0.94598186, 0.8241671), (0.945111, 0.82788247), (0.9501612, 0.82375747), (0.9508356, 0.8269959), (0.9449891, 0.82875663), (0.94598174, 0.82375735), (0.94598174, 0.82375735), (0.94598186, 0.8241671), (0.9501612, 0.8241671), (0.9501612, 0.82375747), (0.9501613, 0.8249094), (0.95077634, 0.8269356), (0.9451852, 0.8276077), (0.94598186, 0.8249094), (0.95048594, 0.8270262), (0.9501612, 0.8256814), (0.9459818, 0.8256814), (0.9455613, 0.82731396), (0.94598186, 0.8249094), (0.9459818, 0.8256814), (0.9501612, 0.8256814), (0.9501613, 0.8249094), (0.65653217, 0.47507492), (0.6544784, 0.47507492), (0.6647474, 0.47507492), (0.658586, 0.47507492), (0.6626936, 0.47507492), (0.66063976, 0.47507492), (0.9501611, 0.83301765), (0.9501612, 0.83441085), (0.95095074, 0.8352004), (0.9509506, 0.83328086), (0.9459818, 0.8330176), (0.9459818, 0.83441085), (0.9501612, 0.83441085), (0.9501611, 0.83301765), (0.94493705, 0.8291866), (0.94417125, 0.82944185), (0.94417113, 0.8313613), (0.944937, 0.8312763), (0.9418023, 0.8330176), (0.9418024, 0.83441085), (0.9472618, 0.83580065), (0.9441712, 0.83328074), (0.9459818, 0.83441085), (0.9472618, 0.83580065), (0.95095074, 0.83520037), (0.9501612, 0.83441085), (0.95197177, 0.8332808), (0.9519718, 0.83520037), (0.9543407, 0.83441085), (0.95434064, 0.83301765), (0.9459818, 0.8314147), (0.9459818, 0.8304729), (0.9456296, 0.8298791), (0.94519234, 0.8294419), (0.9451923, 0.8313613), (0.94567823, 0.83152336), (0.9472618, 0.83580065), (0.9459818, 0.8385902), (0.9501612, 0.8385902), (0.95095074, 0.8362214), (0.95095074, 0.8294417), (0.951206, 0.8291865), (0.94493705, 0.8291866), (0.94519234, 0.82944185), (0.951206, 0.8291865), (0.95095074, 0.8284207), (0.94519234, 0.8284208), (0.94493705, 0.8291866), (0.9418024, 0.830602), (0.9418024, 0.831374), (0.94284457, 0.8315087), (0.94417113, 0.8313613), (0.94417125, 0.82944185), (0.94306433, 0.8298108), (0.944937, 0.8312763), (0.94417113, 0.8313613), (0.9441712, 0.83328074), (0.944937, 0.833366), (0.94519234, 0.8294419), (0.94493705, 0.8291866), (0.944937, 0.8312763), (0.9451923, 0.8313613), (0.9451923, 0.8313613), (0.944937, 0.8312763), (0.944937, 0.833366), (0.9451922, 0.83328086), (0.951206, 0.8291865), (0.95095086, 0.83136135), (0.95120597, 0.83127624), (0.95095074, 0.8294417), (0.9504103, 0.8315415), (0.9501612, 0.83141476), (0.9504497, 0.82994276), (0.9501612, 0.8304729), (0.95120597, 0.83127624), (0.95095086, 0.83136135), (0.9509506, 0.83328086), (0.951206, 0.8333659), (0.95095086, 0.83136135), (0.9504764, 0.8315195), (0.95016116, 0.8320592), (0.9501611, 0.8325831), (0.9504763, 0.8331227), (0.95197177, 0.8294417), (0.951206, 0.8291865), (0.95120597, 0.83127624), (0.9519719, 0.83136135), (0.95434064, 0.8306019), (0.95336634, 0.8299066), (0.95353603, 0.8315351), (0.9543407, 0.8313739), (0.9519719, 0.83136135), (0.95120597, 0.83127624), (0.951206, 0.8333659), (0.95197177, 0.8332808), (0.9534601, 0.83152664), (0.9534583, 0.83311564), (0.95434064, 0.8321162), (0.9543407, 0.8325259), (0.9508344, 0.8271505), (0.945111, 0.82788247), (0.94417113, 0.8313613), (0.9519719, 0.83136135), (0.95077634, 0.8269356), (0.9519719, 0.83136135), (0.94417113, 0.8313613), (0.9451852, 0.8276077), (0.9508356, 0.8269959), (0.95197177, 0.8332808), (0.9441712, 0.83328074), (0.9449891, 0.82875663), (0.95041037, 0.8315416), (0.94567835, 0.83152336), (0.9451923, 0.8313613), (0.95095086, 0.83136135), (0.9504762, 0.8331227), (0.94559705, 0.8331459), (0.9451922, 0.83328086), (0.9509506, 0.83328086), (0.9459818, 0.82187253), (0.94598174, 0.8232656), (0.9501612, 0.8232657), (0.9501612, 0.82187253), (0.9459818, 0.8330176), (0.9501611, 0.83301765), (0.9509506, 0.83328086), (0.9451922, 0.83328086), (0.94598174, 0.8320591), (0.9459818, 0.832583), (0.9501611, 0.8325831), (0.95016116, 0.8320592), (0.9418024, 0.8321163), (0.9418024, 0.8325259), (0.94310105, 0.8331619), (0.94294167, 0.83149797), (0.9441712, 0.83328074), (0.94417113, 0.8313613), (0.9455613, 0.82731396), (0.94519234, 0.8284208), (0.95095074, 0.8284207), (0.95048594, 0.8270262), (0.9501612, 0.8232657), (0.94598174, 0.8232656), (0.9441712, 0.83328074), (0.95197177, 0.8332808), (0.9504762, 0.8331227), (0.9501611, 0.8325831), (0.9459818, 0.832583), (0.94559705, 0.8331459), (0.94559705, 0.8314962), (0.9451923, 0.8313613), (0.9451922, 0.83328086), (0.94598186, 0.8320591), (0.94598186, 0.832583), (0.94559705, 0.8331459), (0.95016116, 0.8320592), (0.95047647, 0.83151954), (0.94559693, 0.8314962), (0.94598174, 0.8320591), (0.94559693, 0.8314962), (0.95047647, 0.83151954), (0.95095086, 0.83136135), (0.9451923, 0.8313613), (0.95041037, 0.8315416), (0.9501612, 0.83141476), (0.94598186, 0.83141476), (0.94567835, 0.83152336), (0.94519234, 0.82944185), (0.94562954, 0.8298791), (0.95044976, 0.8299428), (0.95095074, 0.8294417), (0.9501612, 0.8304729), (0.95044976, 0.8299428), (0.94562954, 0.8298791), (0.9459818, 0.8304729), (0.9459818, 0.8304729), (0.94598186, 0.83141476), (0.9501612, 0.83141476), (0.9501612, 0.8304729), (0.9508344, 0.8271505), (0.9501612, 0.8241671), (0.94598186, 0.8241671), (0.945111, 0.82788247), (0.9501612, 0.82375747), (0.9508356, 0.8269959), (0.9449891, 0.82875663), (0.94598174, 0.82375735), (0.94598174, 0.82375735), (0.94598186, 0.8241671), (0.9501612, 0.8241671), (0.9501612, 0.82375747), (0.9501613, 0.8249094), (0.95077634, 0.8269356), (0.9451852, 0.8276077), (0.94598186, 0.8249094), (0.95048594, 0.8270262), (0.9501612, 0.8256814), (0.9459818, 0.8256814), (0.9455613, 0.82731396), (0.94598186, 0.8249094), (0.9459818, 0.8256814), (0.9501612, 0.8256814), (0.9501613, 0.8249094), (0.9501611, 0.83301765), (0.9501612, 0.83441085), (0.95095074, 0.8352004), (0.9509506, 0.83328086), (0.9459818, 0.8330176), (0.9459818, 0.83441085), (0.9501612, 0.83441085), (0.9501611, 0.83301765), (0.94493705, 0.8291866), (0.94417125, 0.82944185), (0.94417113, 0.8313613), (0.944937, 0.8312763), (0.9418023, 0.8330176), (0.9418024, 0.83441085), (0.9472618, 0.83580065), (0.9441712, 0.83328074), (0.9459818, 0.83441085), (0.9472618, 0.83580065), (0.95095074, 0.83520037), (0.9501612, 0.83441085), (0.95197177, 0.8332808), (0.9519718, 0.83520037), (0.9543407, 0.83441085), (0.95434064, 0.83301765), (0.94567823, 0.83152336), (0.9459818, 0.8314147), (0.9459818, 0.8304729), (0.9451923, 0.8313613), (0.94519234, 0.8294419), (0.9456296, 0.8298791), (0.9472618, 0.83580065), (0.9459818, 0.8385902), (0.9501612, 0.8385902), (0.95095074, 0.8362214), (0.95095074, 0.8294417), (0.951206, 0.8291865), (0.94493705, 0.8291866), (0.94519234, 0.82944185), (0.951206, 0.8291865), (0.95095074, 0.8284207), (0.94519234, 0.8284208), (0.94493705, 0.8291866), (0.94284457, 0.8315087), (0.94417113, 0.8313613), (0.94417125, 0.82944185), (0.9418024, 0.831374), (0.94306433, 0.8298108), (0.9418024, 0.830602), (0.944937, 0.8312763), (0.94417113, 0.8313613), (0.9441712, 0.83328074), (0.944937, 0.833366), (0.94519234, 0.8294419), (0.94493705, 0.8291866), (0.944937, 0.8312763), (0.9451923, 0.8313613), (0.9451923, 0.8313613), (0.944937, 0.8312763), (0.944937, 0.833366), (0.9451922, 0.83328086), (0.951206, 0.8291865), (0.95095086, 0.83136135), (0.95120597, 0.83127624), (0.95095074, 0.8294417), (0.9501612, 0.8304729), (0.9504497, 0.82994276), (0.9504103, 0.8315415), (0.9501612, 0.83141476), (0.95120597, 0.83127624), (0.95095086, 0.83136135), (0.9509506, 0.83328086), (0.951206, 0.8333659), (0.95095086, 0.83136135), (0.9504764, 0.8315195), (0.95016116, 0.8320592), (0.9504763, 0.8331227), (0.9501611, 0.8325831), (0.95197177, 0.8294417), (0.951206, 0.8291865), (0.95120597, 0.83127624), (0.9519719, 0.83136135), (0.95353603, 0.8315351), (0.9543407, 0.8313739), (0.95336634, 0.8299066), (0.95434064, 0.8306019), (0.9519719, 0.83136135), (0.95120597, 0.83127624), (0.951206, 0.8333659), (0.95197177, 0.8332808), (0.9534601, 0.83152664), (0.95434064, 0.8321162), (0.9543407, 0.8325259), (0.9534583, 0.83311564), (0.9508344, 0.8271505), (0.945111, 0.82788247), (0.94417113, 0.8313613), (0.9519719, 0.83136135), (0.95077634, 0.8269356), (0.9519719, 0.83136135), (0.94417113, 0.8313613), (0.9451852, 0.8276077), (0.9508356, 0.8269959), (0.95197177, 0.8332808), (0.9441712, 0.83328074), (0.9449891, 0.82875663), (0.95041037, 0.8315416), (0.94567835, 0.83152336), (0.9451923, 0.8313613), (0.95095086, 0.83136135), (0.9504762, 0.8331227), (0.94559705, 0.8331459), (0.9451922, 0.83328086), (0.9509506, 0.83328086), (0.9459818, 0.82187253), (0.94598174, 0.8232656), (0.9501612, 0.8232657), (0.9501612, 0.82187253), (0.9459818, 0.8330176), (0.9501611, 0.83301765), (0.9509506, 0.83328086), (0.9451922, 0.83328086), (0.94598174, 0.8320591), (0.9459818, 0.832583), (0.9501611, 0.8325831), (0.95016116, 0.8320592), (0.9441712, 0.83328074), (0.94417113, 0.8313613), (0.94294167, 0.83149797), (0.9418024, 0.8321163), (0.9418024, 0.8325259), (0.94310105, 0.8331619), (0.9455613, 0.82731396), (0.94519234, 0.8284208), (0.95095074, 0.8284207), (0.95048594, 0.8270262), (0.9501612, 0.8232657), (0.94598174, 0.8232656), (0.9441712, 0.83328074), (0.95197177, 0.8332808), (0.9504762, 0.8331227), (0.9501611, 0.8325831), (0.9459818, 0.832583), (0.94559705, 0.8331459), (0.94559705, 0.8331459), (0.94598186, 0.832583), (0.94598186, 0.8320591), (0.9451922, 0.83328086), (0.94559705, 0.8314962), (0.9451923, 0.8313613), (0.95016116, 0.8320592), (0.95047647, 0.83151954), (0.94559693, 0.8314962), (0.94598174, 0.8320591), (0.94559693, 0.8314962), (0.95047647, 0.83151954), (0.95095086, 0.83136135), (0.9451923, 0.8313613), (0.95041037, 0.8315416), (0.9501612, 0.83141476), (0.94598186, 0.83141476), (0.94567835, 0.83152336), (0.94519234, 0.82944185), (0.94562954, 0.8298791), (0.95044976, 0.8299428), (0.95095074, 0.8294417), (0.9501612, 0.8304729), (0.95044976, 0.8299428), (0.94562954, 0.8298791), (0.9459818, 0.8304729), (0.9459818, 0.8304729), (0.94598186, 0.83141476), (0.9501612, 0.83141476), (0.9501612, 0.8304729), (0.9508344, 0.8271505), (0.9501612, 0.8241671), (0.94598186, 0.8241671), (0.945111, 0.82788247), (0.9501612, 0.82375747), (0.9508356, 0.8269959), (0.9449891, 0.82875663), (0.94598174, 0.82375735), (0.94598174, 0.82375735), (0.94598186, 0.8241671), (0.9501612, 0.8241671), (0.9501612, 0.82375747), (0.9501613, 0.8249094), (0.95077634, 0.8269356), (0.9451852, 0.8276077), (0.94598186, 0.8249094), (0.95048594, 0.8270262), (0.9501612, 0.8256814), (0.9459818, 0.8256814), (0.9455613, 0.82731396), (0.94598186, 0.8249094), (0.9459818, 0.8256814), (0.9501612, 0.8256814), (0.9501613, 0.8249094), (0.9501611, 0.83301765), (0.9501612, 0.83441085), (0.95095074, 0.8352004), (0.9509506, 0.83328086), (0.9459818, 0.8330176), (0.9459818, 0.83441085), (0.9501612, 0.83441085), (0.9501611, 0.83301765), (0.94493705, 0.8291866), (0.94417125, 0.82944185), (0.94417113, 0.8313613), (0.944937, 0.8312763), (0.9418023, 0.8330176), (0.9418024, 0.83441085), (0.9472618, 0.83580065), (0.9441712, 0.83328074), (0.9459818, 0.83441085), (0.9472618, 0.83580065), (0.95095074, 0.83520037), (0.9501612, 0.83441085), (0.95197177, 0.8332808), (0.9519718, 0.83520037), (0.9543407, 0.83441085), (0.95434064, 0.83301765), (0.94519234, 0.8294419), (0.9451923, 0.8313613), (0.94567823, 0.83152336), (0.9459818, 0.8314147), (0.9459818, 0.8304729), (0.9456296, 0.8298791), (0.9472618, 0.83580065), (0.9459818, 0.8385902), (0.9501612, 0.8385902), (0.95095074, 0.8362214), (0.95095074, 0.8294417), (0.951206, 0.8291865), (0.94493705, 0.8291866), (0.94519234, 0.82944185), (0.951206, 0.8291865), (0.95095074, 0.8284207), (0.94519234, 0.8284208), (0.94493705, 0.8291866), (0.9418024, 0.830602), (0.9418024, 0.831374), (0.94284457, 0.8315087), (0.94417113, 0.8313613), (0.94306433, 0.8298108), (0.94417125, 0.82944185), (0.944937, 0.8312763), (0.94417113, 0.8313613), (0.9441712, 0.83328074), (0.944937, 0.833366), (0.94519234, 0.8294419), (0.94493705, 0.8291866), (0.944937, 0.8312763), (0.9451923, 0.8313613), (0.9451923, 0.8313613), (0.944937, 0.8312763), (0.944937, 0.833366), (0.9451922, 0.83328086), (0.951206, 0.8291865), (0.95095086, 0.83136135), (0.95120597, 0.83127624), (0.95095074, 0.8294417), (0.9504103, 0.8315415), (0.9501612, 0.83141476), (0.9501612, 0.8304729), (0.9504497, 0.82994276), (0.95120597, 0.83127624), (0.95095086, 0.83136135), (0.9509506, 0.83328086), (0.951206, 0.8333659), (0.9501611, 0.8325831), (0.9504763, 0.8331227), (0.95095086, 0.83136135), (0.95016116, 0.8320592), (0.9504764, 0.8315195), (0.95197177, 0.8294417), (0.951206, 0.8291865), (0.95120597, 0.83127624), (0.9519719, 0.83136135), (0.95434064, 0.8306019), (0.95336634, 0.8299066), (0.95353603, 0.8315351), (0.9543407, 0.8313739), (0.9519719, 0.83136135), (0.95120597, 0.83127624), (0.951206, 0.8333659), (0.95197177, 0.8332808), (0.9534601, 0.83152664), (0.9534583, 0.83311564), (0.95434064, 0.8321162), (0.9543407, 0.8325259), (0.9508344, 0.8271505), (0.945111, 0.82788247), (0.94417113, 0.8313613), (0.9519719, 0.83136135), (0.95077634, 0.8269356), (0.9519719, 0.83136135), (0.94417113, 0.8313613), (0.9451852, 0.8276077), (0.9508356, 0.8269959), (0.95197177, 0.8332808), (0.9441712, 0.83328074), (0.9449891, 0.82875663), (0.95041037, 0.8315416), (0.94567835, 0.83152336), (0.9451923, 0.8313613), (0.95095086, 0.83136135), (0.9504762, 0.8331227), (0.94559705, 0.8331459), (0.9451922, 0.83328086), (0.9509506, 0.83328086), (0.9459818, 0.82187253), (0.94598174, 0.8232656), (0.9501612, 0.8232657), (0.9501612, 0.82187253), (0.9459818, 0.8330176), (0.9501611, 0.83301765), (0.9509506, 0.83328086), (0.9451922, 0.83328086), (0.94598174, 0.8320591), (0.9459818, 0.832583), (0.9501611, 0.8325831), (0.95016116, 0.8320592), (0.9418024, 0.8321163), (0.9418024, 0.8325259), (0.94310105, 0.8331619), (0.94294167, 0.83149797), (0.9441712, 0.83328074), (0.94417113, 0.8313613), (0.9455613, 0.82731396), (0.94519234, 0.8284208), (0.95095074, 0.8284207), (0.95048594, 0.8270262), (0.9501612, 0.8232657), (0.94598174, 0.8232656), (0.9441712, 0.83328074), (0.95197177, 0.8332808), (0.9504762, 0.8331227), (0.9501611, 0.8325831), (0.9459818, 0.832583), (0.94559705, 0.8331459), (0.9451922, 0.83328086), (0.94559705, 0.8331459), (0.94598186, 0.832583), (0.9451923, 0.8313613), (0.94598186, 0.8320591), (0.94559705, 0.8314962), (0.95016116, 0.8320592), (0.95047647, 0.83151954), (0.94559693, 0.8314962), (0.94598174, 0.8320591), (0.94559693, 0.8314962), (0.95047647, 0.83151954), (0.95095086, 0.83136135), (0.9451923, 0.8313613), (0.95041037, 0.8315416), (0.9501612, 0.83141476), (0.94598186, 0.83141476), (0.94567835, 0.83152336), (0.94519234, 0.82944185), (0.94562954, 0.8298791), (0.95044976, 0.8299428), (0.95095074, 0.8294417), (0.9501612, 0.8304729), (0.95044976, 0.8299428), (0.94562954, 0.8298791), (0.9459818, 0.8304729), (0.9459818, 0.8304729), (0.94598186, 0.83141476), (0.9501612, 0.83141476), (0.9501612, 0.8304729), (0.9508344, 0.8271505), (0.9501612, 0.8241671), (0.94598186, 0.8241671), (0.945111, 0.82788247), (0.9501612, 0.82375747), (0.9508356, 0.8269959), (0.9449891, 0.82875663), (0.94598174, 0.82375735), (0.94598174, 0.82375735), (0.94598186, 0.8241671), (0.9501612, 0.8241671), (0.9501612, 0.82375747), (0.9501613, 0.8249094), (0.95077634, 0.8269356), (0.9451852, 0.8276077), (0.94598186, 0.8249094), (0.95048594, 0.8270262), (0.9501612, 0.8256814), (0.9459818, 0.8256814), (0.9455613, 0.82731396), (0.94598186, 0.8249094), (0.9459818, 0.8256814), (0.9501612, 0.8256814), (0.9501613, 0.8249094), (0.9501611, 0.83301765), (0.9501612, 0.83441085), (0.95095074, 0.8352004), (0.9509506, 0.83328086), (0.9459818, 0.8330176), (0.9459818, 0.83441085), (0.9501612, 0.83441085), (0.9501611, 0.83301765), (0.94493705, 0.8291866), (0.94417125, 0.82944185), (0.94417113, 0.8313613), (0.944937, 0.8312763), (0.9418023, 0.8330176), (0.9418024, 0.83441085), (0.9472618, 0.83580065), (0.9441712, 0.83328074), (0.9459818, 0.83441085), (0.9472618, 0.83580065), (0.95095074, 0.83520037), (0.9501612, 0.83441085), (0.95197177, 0.8332808), (0.9519718, 0.83520037), (0.9543407, 0.83441085), (0.95434064, 0.83301765), (0.9456296, 0.8298791), (0.94519234, 0.8294419), (0.9451923, 0.8313613), (0.9459818, 0.8304729), (0.9459818, 0.8314147), (0.94567823, 0.83152336), (0.9472618, 0.83580065), (0.9459818, 0.8385902), (0.9501612, 0.8385902), (0.95095074, 0.8362214), (0.95095074, 0.8294417), (0.951206, 0.8291865), (0.94493705, 0.8291866), (0.94519234, 0.82944185), (0.951206, 0.8291865), (0.95095074, 0.8284207), (0.94519234, 0.8284208), (0.94493705, 0.8291866), (0.94417113, 0.8313613), (0.94417125, 0.82944185), (0.94306433, 0.8298108), (0.9418024, 0.830602), (0.9418024, 0.831374), (0.94284457, 0.8315087), (0.944937, 0.8312763), (0.94417113, 0.8313613), (0.9441712, 0.83328074), (0.944937, 0.833366), (0.94519234, 0.8294419), (0.94493705, 0.8291866), (0.944937, 0.8312763), (0.9451923, 0.8313613), (0.9451923, 0.8313613), (0.944937, 0.8312763), (0.944937, 0.833366), (0.9451922, 0.83328086), (0.951206, 0.8291865), (0.95095086, 0.83136135), (0.95120597, 0.83127624), (0.95095074, 0.8294417), (0.9504497, 0.82994276), (0.9501612, 0.8304729), (0.9501612, 0.83141476), (0.9504103, 0.8315415), (0.95120597, 0.83127624), (0.95095086, 0.83136135), (0.9509506, 0.83328086), (0.951206, 0.8333659), (0.9501611, 0.8325831), (0.9504763, 0.8331227), (0.95016116, 0.8320592), (0.95095086, 0.83136135), (0.9504764, 0.8315195), (0.95197177, 0.8294417), (0.951206, 0.8291865), (0.95120597, 0.83127624), (0.9519719, 0.83136135), (0.95336634, 0.8299066), (0.95434064, 0.8306019), (0.9543407, 0.8313739), (0.95353603, 0.8315351), (0.9519719, 0.83136135), (0.95120597, 0.83127624), (0.951206, 0.8333659), (0.95197177, 0.8332808), (0.95434064, 0.8321162), (0.9534601, 0.83152664), (0.9543407, 0.8325259), (0.9534583, 0.83311564), (0.9508344, 0.8271505), (0.945111, 0.82788247), (0.94417113, 0.8313613), (0.9519719, 0.83136135), (0.95077634, 0.8269356), (0.9519719, 0.83136135), (0.94417113, 0.8313613), (0.9451852, 0.8276077), (0.9508356, 0.8269959), (0.95197177, 0.8332808), (0.9441712, 0.83328074), (0.9449891, 0.82875663), (0.95041037, 0.8315416), (0.94567835, 0.83152336), (0.9451923, 0.8313613), (0.95095086, 0.83136135), (0.9504762, 0.8331227), (0.94559705, 0.8331459), (0.9451922, 0.83328086), (0.9509506, 0.83328086), (0.9459818, 0.82187253), (0.94598174, 0.8232656), (0.9501612, 0.8232657), (0.9501612, 0.82187253), (0.9459818, 0.8330176), (0.9501611, 0.83301765), (0.9509506, 0.83328086), (0.9451922, 0.83328086), (0.94598174, 0.8320591), (0.9459818, 0.832583), (0.9501611, 0.8325831), (0.95016116, 0.8320592), (0.94417113, 0.8313613), (0.94294167, 0.83149797), (0.9418024, 0.8321163), (0.9441712, 0.83328074), (0.9418024, 0.8325259), (0.94310105, 0.8331619), (0.9455613, 0.82731396), (0.94519234, 0.8284208), (0.95095074, 0.8284207), (0.95048594, 0.8270262), (0.9501612, 0.8232657), (0.94598174, 0.8232656), (0.9441712, 0.83328074), (0.95197177, 0.8332808), (0.9504762, 0.8331227), (0.9501611, 0.8325831), (0.9459818, 0.832583), (0.94559705, 0.8331459), (0.94598186, 0.8320591), (0.94559705, 0.8314962), (0.9451923, 0.8313613), (0.9451922, 0.83328086), (0.94598186, 0.832583), (0.94559705, 0.8331459), (0.95016116, 0.8320592), (0.95047647, 0.83151954), (0.94559693, 0.8314962), (0.94598174, 0.8320591), (0.94559693, 0.8314962), (0.95047647, 0.83151954), (0.95095086, 0.83136135), (0.9451923, 0.8313613), (0.95041037, 0.8315416), (0.9501612, 0.83141476), (0.94598186, 0.83141476), (0.94567835, 0.83152336), (0.94519234, 0.82944185), (0.94562954, 0.8298791), (0.95044976, 0.8299428), (0.95095074, 0.8294417), (0.9501612, 0.8304729), (0.95044976, 0.8299428), (0.94562954, 0.8298791), (0.9459818, 0.8304729), (0.9459818, 0.8304729), (0.94598186, 0.83141476), (0.9501612, 0.83141476), (0.9501612, 0.8304729), (0.9508344, 0.8271505), (0.9501612, 0.8241671), (0.94598186, 0.8241671), (0.945111, 0.82788247), (0.9501612, 0.82375747), (0.9508356, 0.8269959), (0.9449891, 0.82875663), (0.94598174, 0.82375735), (0.94598174, 0.82375735), (0.94598186, 0.8241671), (0.9501612, 0.8241671), (0.9501612, 0.82375747), (0.9501613, 0.8249094), (0.95077634, 0.8269356), (0.9451852, 0.8276077), (0.94598186, 0.8249094), (0.95048594, 0.8270262), (0.9501612, 0.8256814), (0.9459818, 0.8256814), (0.9455613, 0.82731396), (0.94598186, 0.8249094), (0.9459818, 0.8256814), (0.9501612, 0.8256814), (0.9501613, 0.8249094), (0.9501611, 0.83301765), (0.9501612, 0.83441085), (0.95095074, 0.8352004), (0.9509506, 0.83328086), (0.9459818, 0.8330176), (0.9459818, 0.83441085), (0.9501612, 0.83441085), (0.9501611, 0.83301765), (0.94493705, 0.8291866), (0.94417125, 0.82944185), (0.94417113, 0.8313613), (0.944937, 0.8312763), (0.9418023, 0.8330176), (0.9418024, 0.83441085), (0.9472618, 0.83580065), (0.9441712, 0.83328074), (0.9459818, 0.83441085), (0.9472618, 0.83580065), (0.95095074, 0.83520037), (0.9501612, 0.83441085), (0.95197177, 0.8332808), (0.9519718, 0.83520037), (0.9543407, 0.83441085), (0.95434064, 0.83301765), (0.9459818, 0.8314147), (0.9459818, 0.8304729), (0.9456296, 0.8298791), (0.94567823, 0.83152336), (0.94519234, 0.8294419), (0.9451923, 0.8313613), (0.9472618, 0.83580065), (0.9459818, 0.8385902), (0.9501612, 0.8385902), (0.95095074, 0.8362214), (0.95095074, 0.8294417), (0.951206, 0.8291865), (0.94493705, 0.8291866), (0.94519234, 0.82944185), (0.951206, 0.8291865), (0.95095074, 0.8284207), (0.94519234, 0.8284208), (0.94493705, 0.8291866), (0.94284457, 0.8315087), (0.94417113, 0.8313613), (0.94417125, 0.82944185), (0.9418024, 0.831374), (0.94306433, 0.8298108), (0.9418024, 0.830602), (0.944937, 0.8312763), (0.94417113, 0.8313613), (0.9441712, 0.83328074), (0.944937, 0.833366), (0.94519234, 0.8294419), (0.94493705, 0.8291866), (0.944937, 0.8312763), (0.9451923, 0.8313613), (0.9451923, 0.8313613), (0.944937, 0.8312763), (0.944937, 0.833366), (0.9451922, 0.83328086), (0.951206, 0.8291865), (0.95095086, 0.83136135), (0.95120597, 0.83127624), (0.95095074, 0.8294417), (0.9504103, 0.8315415), (0.9504497, 0.82994276), (0.9501612, 0.83141476), (0.9501612, 0.8304729), (0.95120597, 0.83127624), (0.95095086, 0.83136135), (0.9509506, 0.83328086), (0.951206, 0.8333659), (0.9504763, 0.8331227), (0.9509506, 0.83328086), (0.95095086, 0.83136135), (0.9501611, 0.8325831), (0.95016116, 0.8320592), (0.9504764, 0.8315195), (0.95197177, 0.8294417), (0.951206, 0.8291865), (0.95120597, 0.83127624), (0.9519719, 0.83136135), (0.95336634, 0.8299066), (0.95353603, 0.8315351), (0.95434064, 0.8306019), (0.9543407, 0.8313739), (0.9519719, 0.83136135), (0.95120597, 0.83127624), (0.951206, 0.8333659), (0.95197177, 0.8332808), (0.9534601, 0.83152664), (0.9534583, 0.83311564), (0.95434064, 0.8321162), (0.9543407, 0.8325259), (0.9508344, 0.8271505), (0.945111, 0.82788247), (0.94417113, 0.8313613), (0.9519719, 0.83136135), (0.95077634, 0.8269356), (0.9519719, 0.83136135), (0.94417113, 0.8313613), (0.9451852, 0.8276077), (0.9508356, 0.8269959), (0.95197177, 0.8332808), (0.9441712, 0.83328074), (0.9449891, 0.82875663), (0.95041037, 0.8315416), (0.94567835, 0.83152336), (0.9451923, 0.8313613), (0.95095086, 0.83136135), (0.9504762, 0.8331227), (0.94559705, 0.8331459), (0.9451922, 0.83328086), (0.9509506, 0.83328086), (0.9459818, 0.82187253), (0.94598174, 0.8232656), (0.9501612, 0.8232657), (0.9501612, 0.82187253), (0.9459818, 0.8330176), (0.9501611, 0.83301765), (0.9509506, 0.83328086), (0.9451922, 0.83328086), (0.94598174, 0.8320591), (0.9459818, 0.832583), (0.9501611, 0.8325831), (0.95016116, 0.8320592), (0.94310105, 0.8331619), (0.9441712, 0.83328074), (0.94417113, 0.8313613), (0.9418024, 0.8325259), (0.9418024, 0.8321163), (0.94294167, 0.83149797), (0.9455613, 0.82731396), (0.94519234, 0.8284208), (0.95095074, 0.8284207), (0.95048594, 0.8270262), (0.9501612, 0.8232657), (0.94598174, 0.8232656), (0.9441712, 0.83328074), (0.95197177, 0.8332808), (0.9504762, 0.8331227), (0.9501611, 0.8325831), (0.9459818, 0.832583), (0.94559705, 0.8331459), (0.94598186, 0.832583), (0.94598186, 0.8320591), (0.94559705, 0.8314962), (0.94559705, 0.8331459), (0.9451923, 0.8313613), (0.9451922, 0.83328086), (0.95016116, 0.8320592), (0.95047647, 0.83151954), (0.94559693, 0.8314962), (0.94598174, 0.8320591), (0.94559693, 0.8314962), (0.95047647, 0.83151954), (0.95095086, 0.83136135), (0.9451923, 0.8313613), (0.95041037, 0.8315416), (0.9501612, 0.83141476), (0.94598186, 0.83141476), (0.94567835, 0.83152336), (0.94519234, 0.82944185), (0.94562954, 0.8298791), (0.95044976, 0.8299428), (0.95095074, 0.8294417), (0.9501612, 0.8304729), (0.95044976, 0.8299428), (0.94562954, 0.8298791), (0.9459818, 0.8304729), (0.9459818, 0.8304729), (0.94598186, 0.83141476), (0.9501612, 0.83141476), (0.9501612, 0.8304729), (0.9508344, 0.8271505), (0.9501612, 0.8241671), (0.94598186, 0.8241671), (0.945111, 0.82788247), (0.9501612, 0.82375747), (0.9508356, 0.8269959), (0.9449891, 0.82875663), (0.94598174, 0.82375735), (0.94598174, 0.82375735), (0.94598186, 0.8241671), (0.9501612, 0.8241671), (0.9501612, 0.82375747), (0.9501613, 0.8249094), (0.95077634, 0.8269356), (0.9451852, 0.8276077), (0.94598186, 0.8249094), (0.95048594, 0.8270262), (0.9501612, 0.8256814), (0.9459818, 0.8256814), (0.9455613, 0.82731396), (0.94598186, 0.8249094), (0.9459818, 0.8256814), (0.9501612, 0.8256814), (0.9501613, 0.8249094), (0.9501611, 0.83301765), (0.9501612, 0.83441085), (0.95095074, 0.8352004), (0.9509506, 0.83328086), (0.9459818, 0.8330176), (0.9459818, 0.83441085), (0.9501612, 0.83441085), (0.9501611, 0.83301765), (0.94493705, 0.8291866), (0.94417125, 0.82944185), (0.94417113, 0.8313613), (0.944937, 0.8312763), (0.9418023, 0.8330176), (0.9418024, 0.83441085), (0.9472618, 0.83580065), (0.9441712, 0.83328074), (0.9459818, 0.83441085), (0.9472618, 0.83580065), (0.95095074, 0.83520037), (0.9501612, 0.83441085), (0.95197177, 0.8332808), (0.9519718, 0.83520037), (0.9543407, 0.83441085), (0.95434064, 0.83301765), (0.9451923, 0.8313613), (0.94567823, 0.83152336), (0.9459818, 0.8314147), (0.94519234, 0.8294419), (0.9459818, 0.8304729), (0.9456296, 0.8298791), (0.9472618, 0.83580065), (0.9459818, 0.8385902), (0.9501612, 0.8385902), (0.95095074, 0.8362214), (0.95095074, 0.8294417), (0.951206, 0.8291865), (0.94493705, 0.8291866), (0.94519234, 0.82944185), (0.951206, 0.8291865), (0.95095074, 0.8284207), (0.94519234, 0.8284208), (0.94493705, 0.8291866), (0.9418024, 0.830602), (0.9418024, 0.831374), (0.94284457, 0.8315087), (0.94417113, 0.8313613), (0.94306433, 0.8298108), (0.94417125, 0.82944185), (0.944937, 0.8312763), (0.94417113, 0.8313613), (0.9441712, 0.83328074), (0.944937, 0.833366), (0.94519234, 0.8294419), (0.94493705, 0.8291866), (0.944937, 0.8312763), (0.9451923, 0.8313613), (0.9451923, 0.8313613), (0.944937, 0.8312763), (0.944937, 0.833366), (0.9451922, 0.83328086), (0.951206, 0.8291865), (0.95095086, 0.83136135), (0.95120597, 0.83127624), (0.95095074, 0.8294417), (0.9504103, 0.8315415), (0.9501612, 0.83141476), (0.9504497, 0.82994276), (0.9501612, 0.8304729), (0.95120597, 0.83127624), (0.95095086, 0.83136135), (0.9509506, 0.83328086), (0.951206, 0.8333659), (0.9501611, 0.8325831), (0.9504763, 0.8331227), (0.95095086, 0.83136135), (0.95016116, 0.8320592), (0.9504764, 0.8315195), (0.95197177, 0.8294417), (0.951206, 0.8291865), (0.95120597, 0.83127624), (0.9519719, 0.83136135), (0.95336634, 0.8299066), (0.95434064, 0.8306019), (0.95353603, 0.8315351), (0.9543407, 0.8313739), (0.9519719, 0.83136135), (0.95120597, 0.83127624), (0.951206, 0.8333659), (0.95197177, 0.8332808), (0.9534583, 0.83311564), (0.9543407, 0.8325259), (0.9534601, 0.83152664), (0.95434064, 0.8321162), (0.9508344, 0.8271505), (0.945111, 0.82788247), (0.94417113, 0.8313613), (0.9519719, 0.83136135), (0.95077634, 0.8269356), (0.9519719, 0.83136135), (0.94417113, 0.8313613), (0.9451852, 0.8276077), (0.9508356, 0.8269959), (0.95197177, 0.8332808), (0.9441712, 0.83328074), (0.9449891, 0.82875663), (0.95041037, 0.8315416), (0.94567835, 0.83152336), (0.9451923, 0.8313613), (0.95095086, 0.83136135), (0.9504762, 0.8331227), (0.94559705, 0.8331459), (0.9451922, 0.83328086), (0.9509506, 0.83328086), (0.9459818, 0.82187253), (0.94598174, 0.8232656), (0.9501612, 0.8232657), (0.9501612, 0.82187253), (0.9459818, 0.8330176), (0.9501611, 0.83301765), (0.9509506, 0.83328086), (0.9451922, 0.83328086), (0.94598174, 0.8320591), (0.9459818, 0.832583), (0.9501611, 0.8325831), (0.95016116, 0.8320592), (0.9418024, 0.8321163), (0.9418024, 0.8325259), (0.94310105, 0.8331619), (0.94294167, 0.83149797), (0.9441712, 0.83328074), (0.94417113, 0.8313613), (0.9455613, 0.82731396), (0.94519234, 0.8284208), (0.95095074, 0.8284207), (0.95048594, 0.8270262), (0.9501612, 0.8232657), (0.94598174, 0.8232656), (0.9441712, 0.83328074), (0.95197177, 0.8332808), (0.9504762, 0.8331227), (0.9501611, 0.8325831), (0.9459818, 0.832583), (0.94559705, 0.8331459), (0.9451922, 0.83328086), (0.94559705, 0.8331459), (0.94598186, 0.832583), (0.9451923, 0.8313613), (0.94598186, 0.8320591), (0.94559705, 0.8314962), (0.95016116, 0.8320592), (0.95047647, 0.83151954), (0.94559693, 0.8314962), (0.94598174, 0.8320591), (0.94559693, 0.8314962), (0.95047647, 0.83151954), (0.95095086, 0.83136135), (0.9451923, 0.8313613), (0.95041037, 0.8315416), (0.9501612, 0.83141476), (0.94598186, 0.83141476), (0.94567835, 0.83152336), (0.94519234, 0.82944185), (0.94562954, 0.8298791), (0.95044976, 0.8299428), (0.95095074, 0.8294417), (0.9501612, 0.8304729), (0.95044976, 0.8299428), (0.94562954, 0.8298791), (0.9459818, 0.8304729), (0.9459818, 0.8304729), (0.94598186, 0.83141476), (0.9501612, 0.83141476), (0.9501612, 0.8304729), (0.9508344, 0.8271505), (0.9501612, 0.8241671), (0.94598186, 0.8241671), (0.945111, 0.82788247), (0.9501612, 0.82375747), (0.9508356, 0.8269959), (0.9449891, 0.82875663), (0.94598174, 0.82375735), (0.94598174, 0.82375735), (0.94598186, 0.8241671), (0.9501612, 0.8241671), (0.9501612, 0.82375747), (0.9501613, 0.8249094), (0.95077634, 0.8269356), (0.9451852, 0.8276077), (0.94598186, 0.8249094), (0.95048594, 0.8270262), (0.9501612, 0.8256814), (0.9459818, 0.8256814), (0.9455613, 0.82731396), (0.94598186, 0.8249094), (0.9459818, 0.8256814), (0.9501612, 0.8256814), (0.9501613, 0.8249094), (0.9501611, 0.83301765), (0.9501612, 0.83441085), (0.95095074, 0.8352004), (0.9509506, 0.83328086), (0.9459818, 0.8330176), (0.9459818, 0.83441085), (0.9501612, 0.83441085), (0.9501611, 0.83301765), (0.94493705, 0.8291866), (0.94417125, 0.82944185), (0.94417113, 0.8313613), (0.944937, 0.8312763), (0.9418023, 0.8330176), (0.9418024, 0.83441085), (0.94695437, 0.8357233), (0.9441712, 0.83328074), (0.9459818, 0.83441085), (0.94695437, 0.8357233), (0.95095074, 0.83520037), (0.9501612, 0.83441085), (0.95197177, 0.8332808), (0.9519718, 0.83520037), (0.9543407, 0.83441085), (0.95434064, 0.83301765), (0.94567823, 0.83152336), (0.9459818, 0.8314147), (0.9459818, 0.8304729), (0.9451923, 0.8313613), (0.94519234, 0.8294419), (0.9456296, 0.8298791), (0.94695437, 0.8357233), (0.9459818, 0.8385902), (0.9501612, 0.8385902), (0.95095074, 0.8362214), (0.95095074, 0.8294417), (0.951206, 0.8291865), (0.94493705, 0.8291866), (0.94519234, 0.82944185), (0.951206, 0.8291865), (0.95095074, 0.8284207), (0.94519234, 0.8284208), (0.94493705, 0.8291866), (0.94417125, 0.82944185), (0.94306433, 0.8298108), (0.9418024, 0.830602), (0.94417113, 0.8313613), (0.9418024, 0.831374), (0.94284457, 0.8315087), (0.944937, 0.8312763), (0.94417113, 0.8313613), (0.9441712, 0.83328074), (0.944937, 0.833366), (0.94519234, 0.8294419), (0.94493705, 0.8291866), (0.944937, 0.8312763), (0.9451923, 0.8313613), (0.9451923, 0.8313613), (0.944937, 0.8312763), (0.944937, 0.833366), (0.9451922, 0.83328086), (0.951206, 0.8291865), (0.95095086, 0.83136135), (0.95120597, 0.83127624), (0.95095074, 0.8294417), (0.9501612, 0.8304729), (0.9504497, 0.82994276), (0.9504103, 0.8315415), (0.9501612, 0.83141476), (0.95120597, 0.83127624), (0.95095086, 0.83136135), (0.9509506, 0.83328086), (0.951206, 0.8333659), (0.95095086, 0.83136135), (0.9504764, 0.8315195), (0.9504763, 0.8331227), (0.95016116, 0.8320592), (0.9501611, 0.8325831), (0.95197177, 0.8294417), (0.951206, 0.8291865), (0.95120597, 0.83127624), (0.9519719, 0.83136135), (0.9543407, 0.8313739), (0.95353603, 0.8315351), (0.95336634, 0.8299066), (0.95434064, 0.8306019), (0.9519719, 0.83136135), (0.95120597, 0.83127624), (0.951206, 0.8333659), (0.95197177, 0.8332808), (0.9534601, 0.83152664), (0.95434064, 0.8321162), (0.9534583, 0.83311564), (0.9543407, 0.8325259), (0.9508344, 0.8271505), (0.945111, 0.82788247), (0.94417113, 0.8313613), (0.9519719, 0.83136135), (0.95077634, 0.8269356), (0.9519719, 0.83136135), (0.94417113, 0.8313613), (0.9451852, 0.8276077), (0.9508356, 0.8269959), (0.95197177, 0.8332808), (0.9441712, 0.83328074), (0.9449891, 0.82875663), (0.95041037, 0.8315416), (0.94567835, 0.83152336), (0.9451923, 0.8313613), (0.95095086, 0.83136135), (0.9504762, 0.8331227), (0.94559705, 0.8331459), (0.9451922, 0.83328086), (0.9509506, 0.83328086), (0.9459818, 0.82187253), (0.94598174, 0.8232656), (0.9501612, 0.8232657), (0.9501612, 0.82187253), (0.9459818, 0.8330176), (0.9501611, 0.83301765), (0.9509506, 0.83328086), (0.9451922, 0.83328086), (0.94598174, 0.8320591), (0.9459818, 0.832583), (0.9501611, 0.8325831), (0.95016116, 0.8320592), (0.9418024, 0.8321163), (0.9418024, 0.8325259), (0.94310105, 0.8331619), (0.9441712, 0.83328074), (0.94294167, 0.83149797), (0.94417113, 0.8313613), (0.9455613, 0.82731396), (0.94519234, 0.8284208), (0.95095074, 0.8284207), (0.95048594, 0.8270262), (0.9501612, 0.8232657), (0.94598174, 0.8232656), (0.9441712, 0.83328074), (0.95197177, 0.8332808), (0.9504762, 0.8331227), (0.9501611, 0.8325831), (0.9459818, 0.832583), (0.94559705, 0.8331459), (0.94559705, 0.8331459), (0.94598186, 0.832583), (0.94598186, 0.8320591), (0.94559705, 0.8314962), (0.9451922, 0.83328086), (0.9451923, 0.8313613), (0.95016116, 0.8320592), (0.95047647, 0.83151954), (0.94559693, 0.8314962), (0.94598174, 0.8320591), (0.94559693, 0.8314962), (0.95047647, 0.83151954), (0.95095086, 0.83136135), (0.9451923, 0.8313613), (0.95041037, 0.8315416), (0.9501612, 0.83141476), (0.94598186, 0.83141476), (0.94567835, 0.83152336), (0.94519234, 0.82944185), (0.94562954, 0.8298791), (0.95044976, 0.8299428), (0.95095074, 0.8294417), (0.9501612, 0.8304729), (0.95044976, 0.8299428), (0.94562954, 0.8298791), (0.9459818, 0.8304729), (0.9459818, 0.8304729), (0.94598186, 0.83141476), (0.9501612, 0.83141476), (0.9501612, 0.8304729), (0.9508344, 0.8271505), (0.9501612, 0.8241671), (0.94598186, 0.8241671), (0.945111, 0.82788247), (0.9501612, 0.82375747), (0.9508356, 0.8269959), (0.9449891, 0.82875663), (0.94598174, 0.82375735), (0.94598174, 0.82375735), (0.94598186, 0.8241671), (0.9501612, 0.8241671), (0.9501612, 0.82375747), (0.9501613, 0.8249094), (0.95077634, 0.8269356), (0.9451852, 0.8276077), (0.94598186, 0.8249094), (0.95048594, 0.8270262), (0.9501612, 0.8256814), (0.9459818, 0.8256814), (0.9455613, 0.82731396), (0.94598186, 0.8249094), (0.9459818, 0.8256814), (0.9501612, 0.8256814), (0.9501613, 0.8249094), (0.9501611, 0.83301765), (0.9501612, 0.83441085), (0.95095074, 0.8352004), (0.9509506, 0.83328086), (0.9459818, 0.8330176), (0.9459818, 0.83441085), (0.9501612, 0.83441085), (0.9501611, 0.83301765), (0.94493705, 0.8291866), (0.94417125, 0.82944185), (0.94417113, 0.8313613), (0.944937, 0.8312763), (0.9418023, 0.8330176), (0.9418024, 0.83441085), (0.9472618, 0.83580065), (0.9441712, 0.83328074), (0.9459818, 0.83441085), (0.9472618, 0.83580065), (0.95095074, 0.83520037), (0.9501612, 0.83441085), (0.95197177, 0.8332808), (0.9519718, 0.83520037), (0.9543407, 0.83441085), (0.95434064, 0.83301765), (0.9456296, 0.8298791), (0.94519234, 0.8294419), (0.9451923, 0.8313613), (0.9459818, 0.8304729), (0.9459818, 0.8314147), (0.94567823, 0.83152336), (0.9472618, 0.83580065), (0.9459818, 0.8385902), (0.9501612, 0.8385902), (0.95095074, 0.8362214), (0.95095074, 0.8294417), (0.951206, 0.8291865), (0.94493705, 0.8291866), (0.94519234, 0.82944185), (0.951206, 0.8291865), (0.95095074, 0.8284207), (0.94519234, 0.8284208), (0.94493705, 0.8291866), (0.9418024, 0.830602), (0.9418024, 0.831374), (0.94284457, 0.8315087), (0.94417113, 0.8313613), (0.94417125, 0.82944185), (0.94306433, 0.8298108), (0.944937, 0.8312763), (0.94417113, 0.8313613), (0.9441712, 0.83328074), (0.944937, 0.833366), (0.94519234, 0.8294419), (0.94493705, 0.8291866), (0.944937, 0.8312763), (0.9451923, 0.8313613), (0.9451923, 0.8313613), (0.944937, 0.8312763), (0.944937, 0.833366), (0.9451922, 0.83328086), (0.951206, 0.8291865), (0.95095086, 0.83136135), (0.95120597, 0.83127624), (0.95095074, 0.8294417), (0.9504497, 0.82994276), (0.9501612, 0.8304729), (0.9501612, 0.83141476), (0.9504103, 0.8315415), (0.95120597, 0.83127624), (0.95095086, 0.83136135), (0.9509506, 0.83328086), (0.951206, 0.8333659), (0.9501611, 0.8325831), (0.9504763, 0.8331227), (0.95095086, 0.83136135), (0.95016116, 0.8320592), (0.9504764, 0.8315195), (0.95197177, 0.8294417), (0.951206, 0.8291865), (0.95120597, 0.83127624), (0.9519719, 0.83136135), (0.95353603, 0.8315351), (0.95336634, 0.8299066), (0.9543407, 0.8313739), (0.95434064, 0.8306019), (0.9519719, 0.83136135), (0.95120597, 0.83127624), (0.951206, 0.8333659), (0.95197177, 0.8332808), (0.9534583, 0.83311564), (0.9534601, 0.83152664), (0.9543407, 0.8325259), (0.95434064, 0.8321162), (0.9508344, 0.8271505), (0.945111, 0.82788247), (0.94417113, 0.8313613), (0.9519719, 0.83136135), (0.95077634, 0.8269356), (0.9519719, 0.83136135), (0.94417113, 0.8313613), (0.9451852, 0.8276077), (0.9508356, 0.8269959), (0.95197177, 0.8332808), (0.9441712, 0.83328074), (0.9449891, 0.82875663), (0.95041037, 0.8315416), (0.94567835, 0.83152336), (0.9451923, 0.8313613), (0.95095086, 0.83136135), (0.9504762, 0.8331227), (0.94559705, 0.8331459), (0.9451922, 0.83328086), (0.9509506, 0.83328086), (0.9459818, 0.82187253), (0.94598174, 0.8232656), (0.9501612, 0.8232657), (0.9501612, 0.82187253), (0.9459818, 0.8330176), (0.9501611, 0.83301765), (0.9509506, 0.83328086), (0.9451922, 0.83328086), (0.94598174, 0.8320591), (0.9459818, 0.832583), (0.9501611, 0.8325831), (0.95016116, 0.8320592), (0.94294167, 0.83149797), (0.9418024, 0.8321163), (0.9418024, 0.8325259), (0.94310105, 0.8331619), (0.94417113, 0.8313613), (0.9441712, 0.83328074), (0.9455613, 0.82731396), (0.94519234, 0.8284208), (0.95095074, 0.8284207), (0.95048594, 0.8270262), (0.9501612, 0.8232657), (0.94598174, 0.8232656), (0.9441712, 0.83328074), (0.95197177, 0.8332808), (0.9504762, 0.8331227), (0.9501611, 0.8325831), (0.9459818, 0.832583), (0.94559705, 0.8331459), (0.94598186, 0.8320591), (0.94559705, 0.8314962), (0.9451923, 0.8313613), (0.94598186, 0.832583), (0.9451922, 0.83328086), (0.94559705, 0.8331459), (0.95016116, 0.8320592), (0.95047647, 0.83151954), (0.94559693, 0.8314962), (0.94598174, 0.8320591), (0.94559693, 0.8314962), (0.95047647, 0.83151954), (0.95095086, 0.83136135), (0.9451923, 0.8313613), (0.95041037, 0.8315416), (0.9501612, 0.83141476), (0.94598186, 0.83141476), (0.94567835, 0.83152336), (0.94519234, 0.82944185), (0.94562954, 0.8298791), (0.95044976, 0.8299428), (0.95095074, 0.8294417), (0.9501612, 0.8304729), (0.95044976, 0.8299428), (0.94562954, 0.8298791), (0.9459818, 0.8304729), (0.9459818, 0.8304729), (0.94598186, 0.83141476), (0.9501612, 0.83141476), (0.9501612, 0.8304729), (0.9508344, 0.8271505), (0.9501612, 0.8241671), (0.94598186, 0.8241671), (0.945111, 0.82788247), (0.9501612, 0.82375747), (0.9508356, 0.8269959), (0.9449891, 0.82875663), (0.94598174, 0.82375735), (0.94598174, 0.82375735), (0.94598186, 0.8241671), (0.9501612, 0.8241671), (0.9501612, 0.82375747), (0.9501613, 0.8249094), (0.95077634, 0.8269356), (0.9451852, 0.8276077), (0.94598186, 0.8249094), (0.95048594, 0.8270262), (0.9501612, 0.8256814), (0.9459818, 0.8256814), (0.9455613, 0.82731396), (0.94598186, 0.8249094), (0.9459818, 0.8256814), (0.9501612, 0.8256814), (0.9501613, 0.8249094), (0.9501611, 0.83301765), (0.9501612, 0.83441085), (0.95095074, 0.8352004), (0.9509506, 0.83328086), (0.9459818, 0.8330176), (0.9459818, 0.83441085), (0.9501612, 0.83441085), (0.9501611, 0.83301765), (0.94493705, 0.8291866), (0.94417125, 0.82944185), (0.94417113, 0.8313613), (0.944937, 0.8312763), (0.9418023, 0.8330176), (0.9418024, 0.83441085), (0.9472618, 0.83580065), (0.9441712, 0.83328074), (0.9459818, 0.83441085), (0.9472618, 0.83580065), (0.95095074, 0.83520037), (0.9501612, 0.83441085), (0.95197177, 0.8332808), (0.9519718, 0.83520037), (0.9543407, 0.83441085), (0.95434064, 0.83301765), (0.9459818, 0.8314147), (0.9459818, 0.8304729), (0.9456296, 0.8298791), (0.94519234, 0.8294419), (0.9451923, 0.8313613), (0.94567823, 0.83152336), (0.9472618, 0.83580065), (0.9459818, 0.8385902), (0.9501612, 0.8385902), (0.95095074, 0.8362214), (0.95095074, 0.8294417), (0.951206, 0.8291865), (0.94493705, 0.8291866), (0.94519234, 0.82944185), (0.951206, 0.8291865), (0.95095074, 0.8284207), (0.94519234, 0.8284208), (0.94493705, 0.8291866), (0.9418024, 0.831374), (0.94284457, 0.8315087), (0.94417113, 0.8313613), (0.9418024, 0.830602), (0.94417125, 0.82944185), (0.94306433, 0.8298108), (0.944937, 0.8312763), (0.94417113, 0.8313613), (0.9441712, 0.83328074), (0.944937, 0.833366), (0.94519234, 0.8294419), (0.94493705, 0.8291866), (0.944937, 0.8312763), (0.9451923, 0.8313613), (0.9451923, 0.8313613), (0.944937, 0.8312763), (0.944937, 0.833366), (0.9451922, 0.83328086), (0.951206, 0.8291865), (0.95095086, 0.83136135), (0.95120597, 0.83127624), (0.95095074, 0.8294417), (0.9501612, 0.83141476), (0.9504103, 0.8315415), (0.9504497, 0.82994276), (0.9501612, 0.8304729), (0.95120597, 0.83127624), (0.95095086, 0.83136135), (0.9509506, 0.83328086), (0.951206, 0.8333659), (0.9504763, 0.8331227), (0.9509506, 0.83328086), (0.95095086, 0.83136135), (0.9501611, 0.8325831), (0.9504764, 0.8315195), (0.95016116, 0.8320592), (0.95197177, 0.8294417), (0.951206, 0.8291865), (0.95120597, 0.83127624), (0.9519719, 0.83136135), (0.95434064, 0.8306019), (0.95336634, 0.8299066), (0.9543407, 0.8313739), (0.95353603, 0.8315351), (0.9519719, 0.83136135), (0.95120597, 0.83127624), (0.951206, 0.8333659), (0.95197177, 0.8332808), (0.9534601, 0.83152664), (0.95434064, 0.8321162), (0.9534583, 0.83311564), (0.9543407, 0.8325259), (0.9508344, 0.8271505), (0.945111, 0.82788247), (0.94417113, 0.8313613), (0.9519719, 0.83136135), (0.95077634, 0.8269356), (0.9519719, 0.83136135), (0.94417113, 0.8313613), (0.9451852, 0.8276077), (0.9508356, 0.8269959), (0.95197177, 0.8332808), (0.9441712, 0.83328074), (0.9449891, 0.82875663), (0.95041037, 0.8315416), (0.94567835, 0.83152336), (0.9451923, 0.8313613), (0.95095086, 0.83136135), (0.9504762, 0.8331227), (0.94559705, 0.8331459), (0.9451922, 0.83328086), (0.9509506, 0.83328086), (0.9459818, 0.82187253), (0.94598174, 0.8232656), (0.9501612, 0.8232657), (0.9501612, 0.82187253), (0.9459818, 0.8330176), (0.9501611, 0.83301765), (0.9509506, 0.83328086), (0.9451922, 0.83328086), (0.94598174, 0.8320591), (0.9459818, 0.832583), (0.9501611, 0.8325831), (0.95016116, 0.8320592), (0.9418024, 0.8321163), (0.9418024, 0.8325259), (0.94310105, 0.8331619), (0.9441712, 0.83328074), (0.94294167, 0.83149797), (0.94417113, 0.8313613), (0.9455613, 0.82731396), (0.94519234, 0.8284208), (0.95095074, 0.8284207), (0.95048594, 0.8270262), (0.9501612, 0.8232657), (0.94598174, 0.8232656), (0.9441712, 0.83328074), (0.95197177, 0.8332808), (0.9504762, 0.8331227), (0.9501611, 0.8325831), (0.9459818, 0.832583), (0.94559705, 0.8331459), (0.94598186, 0.832583), (0.94598186, 0.8320591), (0.94559705, 0.8314962), (0.9451923, 0.8313613), (0.94559705, 0.8331459), (0.9451922, 0.83328086), (0.95016116, 0.8320592), (0.95047647, 0.83151954), (0.94559693, 0.8314962), (0.94598174, 0.8320591), (0.94559693, 0.8314962), (0.95047647, 0.83151954), (0.95095086, 0.83136135), (0.9451923, 0.8313613), (0.95041037, 0.8315416), (0.9501612, 0.83141476), (0.94598186, 0.83141476), (0.94567835, 0.83152336), (0.94519234, 0.82944185), (0.94562954, 0.8298791), (0.95044976, 0.8299428), (0.95095074, 0.8294417), (0.9501612, 0.8304729), (0.95044976, 0.8299428), (0.94562954, 0.8298791), (0.9459818, 0.8304729), (0.9459818, 0.8304729), (0.94598186, 0.83141476), (0.9501612, 0.83141476), (0.9501612, 0.8304729), (0.9508344, 0.8271505), (0.9501612, 0.8241671), (0.94598186, 0.8241671), (0.945111, 0.82788247), (0.9501612, 0.82375747), (0.9508356, 0.8269959), (0.9449891, 0.82875663), (0.94598174, 0.82375735), (0.94598174, 0.82375735), (0.94598186, 0.8241671), (0.9501612, 0.8241671), (0.9501612, 0.82375747), (0.9501613, 0.8249094), (0.95077634, 0.8269356), (0.9451852, 0.8276077), (0.94598186, 0.8249094), (0.95048594, 0.8270262), (0.9501612, 0.8256814), (0.9459818, 0.8256814), (0.9455613, 0.82731396), (0.94598186, 0.8249094), (0.9459818, 0.8256814), (0.9501612, 0.8256814), (0.9501613, 0.8249094), (0.66628176, 0.46731153), (0.6637205, 0.46879026), (0.6611593, 0.46731153), (0.66628176, 0.464354), (0.6611593, 0.464354), (0.6637205, 0.46287528), (0.658586, 0.46891347), (0.658586, 0.46891347), (0.65653217, 0.46891347), (0.65653217, 0.46891347), (0.6668012, 0.46891347), (0.6668012, 0.46891347), (0.6647474, 0.46891347), (0.6647474, 0.46891347), (0.6626936, 0.46891347), (0.6626936, 0.46891347), (0.66063976, 0.46891347), (0.66063976, 0.46891347), (0.65653217, 0.46891347), (0.65653217, 0.46891347), (0.6544784, 0.46891347), (0.6544784, 0.46891347), (0.66063976, 0.46891347), (0.66063976, 0.46891347), (0.658586, 0.46891347), (0.658586, 0.46891347)] (
        customData = {
            string sourceMember = "ArbitraryPrimvars"
        }
        elementSize = 1
        interpolation = "varying"
    )
    float4[] primvars:tangents = [(0.11605738, -0.7028933, 0.7017632, -1), (0.116614334, -0.7004964, 0.7040639, -1), (0.11650456, -0.7009686, 0.7036119, -1), (-0.17777273, 0.72290087, 0.667691, -1), (-0.17777273, 0.72290087, 0.6676909, -1), (-0.17777273, 0.72290087, 0.667691, -1), (-0.30068302, 0.73167074, 0.61175776, -1), (0.7204098, 0.3702574, 0.5864462, -1), (-0.49999797, 0.6964833, 0.514697, -1), (0.14924993, -0.7468612, -0.64801455, -1), (0.14924993, -0.7468612, -0.64801455, -1), (0.14924993, -0.74686116, -0.6480145, -1), (0.023961937, 0.75837904, -0.65137327, -1), (0.023961935, 0.75837904, -0.6513732, -1), (0.023961933, 0.758379, -0.65137327, -1), (0.76843065, -0.61108977, -0.18995681, -1), (0.7705097, -0.60822034, -0.19074272, -1), (0.7700687, -0.6088309, -0.19057566, -1), (0.6386766, 0.7665402, 0.06714397, -1), (0.6386766, 0.7665402, 0.06714397, -1), (0.6386766, 0.7665402, 0.06714397, -1), (-0.6127634, -0.7891551, -0.041896176, -1), (-0.61276335, -0.7891551, -0.041896176, -1), (-0.6127633, -0.7891551, -0.041896176, -1), (-0.7367866, 0.6745561, 0.046038877, -1), (-0.7367866, 0.6745561, 0.046038877, -1), (-0.7367866, 0.6745561, 0.046038877, -1), (-0.7579362, 0.638094, -0.13553168, -1), (-0.7579362, 0.63809407, -0.13553168, -1), (-0.7579362, 0.638094, -0.13553168, -1), (0.7268263, -0.67108244, 0.14619096, -1), (0.7268263, -0.6710825, 0.14619094, -1), (0.7268263, -0.6710824, 0.14619094, -1), (0.61398983, 0.7828915, 0.10048587, -1), (0.61398983, 0.7828915, 0.10048587, -1), (0.61398983, 0.7828915, 0.10048587, -1), (0.65315276, -0.65235764, -0.3844749, -1), (0.65409994, -0.6510593, -0.38506493, -1), (0.6537834, -0.65149385, -0.3848676, -1), (0.6184188, 0.7820206, -0.07747119, -1), (0.6184189, 0.78202057, -0.07747119, -1), (0.6184189, 0.78202075, -0.077471204, -1), (-0.5905374, -0.80095154, 0.09870274, -1), (-0.59053737, -0.80095154, 0.09870273, -1), (-0.59053737, -0.80095154, 0.09870273, -1), (-0.6590234, 0.71485776, 0.23380856, -1), (-0.65902346, 0.71485776, 0.23380855, -1), (-0.6590234, 0.71485776, 0.23380855, -1), (-0.20052235, -0.64946187, -0.7334781, -1), (-0.20087825, -0.6469605, -0.73558825, -1), (-0.20079131, -0.64757156, -0.73507416, -1), (0.22410376, 0.73955584, -0.63469255, -1), (0.22410375, 0.7395559, -0.6346925, -1), (0.22410375, 0.7395559, -0.63469255, -1), (0.34955433, 0.7332897, -0.58317906, -1), (-0.69499946, 0.47552305, -0.53930855, -1), (0.54824305, 0.67378163, -0.49542695, -1), (-0.19848734, -0.7651366, 0.61251026, -1), (-0.19848733, -0.76513654, 0.6125103, -1), (-0.19848728, -0.76513654, 0.61251026, -1), (0.06530124, 0.7210755, 0.6897723, -1), (0.06530124, 0.7210755, 0.6897723, -1), (0.06530124, 0.7210755, 0.6897723, -1), (-0.6837084, -0.68980664, -0.2381378, -1), (-0.6851414, -0.68825257, -0.23851556, -1), (-0.6847495, -0.68867815, -0.23841241, -1), (-0.51886314, 0.7447693, -0.41964263, -1), (-0.51886314, 0.7447693, -0.4196426, -1), (-0.5188631, 0.7447693, -0.4196426, -1), (0.51724494, -0.76448375, 0.3847369, -1), (0.5172449, -0.76448363, 0.38473687, -1), (0.51724494, -0.76448375, 0.3847369, -1), (0.5759746, 0.7434258, 0.33995774, -1), (0.5759746, 0.7434258, 0.33995777, -1), (0.5759746, 0.7434258, 0.33995777, -1), (-0.5717316, -0.6807429, 0.45794323, -1), (-0.5726567, -0.6793662, 0.4588309, -1), (-0.57234555, -0.67983, 0.45853215, -1), (-0.6384537, 0.7359338, 0.22534066, -1), (-0.6384537, 0.7359337, 0.22534062, -1), (-0.6384537, 0.7359337, 0.22534062, -1), (0.60813624, -0.7560174, -0.24209107, -1), (0.6081361, -0.7560174, -0.24209104, -1), (0.6081361, -0.7560174, -0.24209104, -1), (0.6009519, 0.7346894, -0.31478307, -1), (0.6009519, 0.7346894, -0.31478307, -1), (0.6009519, 0.7346894, -0.31478307, -1), (0.6474831, -0.7371939, 0.19316031, -1), (0.64874977, -0.7359836, 0.19352475, -1), (0.64845794, -0.73626274, 0.1934409, -1), (0.47315198, 0.79028976, 0.38931915, -1), (0.47315198, 0.79028976, 0.38931915, -1), (0.47315198, 0.7902897, 0.38931915, -1), (-0.47186986, -0.807998, -0.3528145, -1), (-0.47186986, -0.807998, -0.3528145, -1), (-0.47186986, -0.807998, -0.3528145, -1), (-0.53277874, 0.78940666, -0.3049326, -1), (-0.5327788, 0.7894068, -0.3049326, -1), (-0.5327788, 0.7894068, -0.3049326, -1), (-0.15239054, -0.7371289, -0.65834504, -1), (-0.15268418, -0.73598176, -0.6595593, -1), (-0.152596, -0.7363262, -0.6591951, -1), (0.10434166, 0.7902888, -0.6037851, -1), (0.10434167, 0.7902888, -0.6037851, -1), (0.10434166, 0.7902888, -0.6037851, -1), (-0.07324439, -0.80799943, 0.58461285, -1), (-0.07324439, -0.80799943, 0.58461285, -1), (-0.07324439, -0.80799943, 0.58461285, -1), (-0.0015037878, 0.78940743, 0.6138677, -1), (-0.0015037878, 0.7894075, 0.6138677, -1), (-0.0015037878, 0.78940743, 0.6138677, -1), (0.030945588, -0.67197454, 0.7399274, -1), (0.031130219, -0.6705438, 0.7412165, -1), (0.031087885, -0.67087156, 0.7409216, -1), (-0.19337991, 0.7269641, 0.6588836, -1), (-0.19337988, 0.726964, 0.6588835, -1), (-0.1933799, 0.726964, 0.6588835, -1), (0.16235135, -0.7473382, -0.64430404, -1), (0.16235131, -0.7473382, -0.6443039, -1), (0.16235134, -0.7473382, -0.6443039, -1), (0.0998621, 0.7260322, -0.6803711, -1), (0.09986211, 0.7260322, -0.68037105, -1), (0.09986209, 0.7260322, -0.680371, -1), (0.6691745, -0.64628303, 0.36677498, -1), (0.6700146, -0.64520025, 0.36714706, -1), (0.66978943, -0.64549094, 0.36704728, -1), (0.57178414, 0.70507956, 0.419435, -1), (0.57178414, 0.70507956, 0.419435, -1), (0.5717841, 0.70507956, 0.41943502, -1), (-0.5688217, -0.72666276, -0.3852313, -1), (-0.56882167, -0.72666276, -0.38523126, -1), (-0.5688217, -0.72666276, -0.3852313, -1), (-0.55494267, 0.7058864, -0.44018507, -1), (-0.55494267, 0.7058864, -0.4401851, -1), (-0.5549427, 0.7058864, -0.44018507, -1), (0.34288827, -0.6325576, -0.69447714, -1), (0.34371853, -0.62974983, -0.69661516, -1), (0.34354767, -0.6303303, -0.6961744, -1), (0.45629516, 0.7840797, -0.42073005, -1), (0.4562951, 0.78407973, -0.42073, -1), (0.4562951, 0.78407973, -0.42073, -1), (-0.4195295, -0.80581766, 0.4179149, -1), (-0.41952956, -0.8058176, 0.41791496, -1), (-0.41952956, -0.8058176, 0.41791493, -1), (-0.4339272, 0.6958691, 0.57225287, -1), (-0.4339272, 0.6958691, 0.57225287, -1), (-0.4339272, 0.6958691, 0.57225287, -1), (-0.42322856, -0.67188686, -0.6078204, -1), (-0.4241022, -0.67041117, -0.60884005, -1), (-0.423903, -0.67074794, -0.60860777, -1), (-0.18975364, 0.7271117, -0.6597742, -1), (-0.18975364, 0.7271117, -0.6597742, -1), (-0.18975364, 0.7271117, -0.6597742, -1), (0.20867188, -0.74736184, 0.6307982, -1), (0.20867188, -0.74736184, 0.6307983, -1), (0.20867185, -0.74736184, 0.63079816, -1), (0.28048247, 0.7261007, 0.6277798, -1), (0.28048247, 0.7261007, 0.6277797, -1), (0.28048247, 0.7261007, 0.62777966, -1), (-0.17694034, -0.67196125, -0.7191385, -1), (-0.17817576, -0.6706683, -0.7200399, -1), (-0.17794517, -0.67090994, -0.71987176, -1), (-0.39502627, 0.6839725, -0.6132992, -1), (-0.39502627, 0.6839725, -0.61329925, -1), (-0.39502627, 0.6839725, -0.61329925, -1), (0.4180506, -0.696989, 0.58261484, -1), (0.4180506, -0.69698906, 0.58261484, -1), (0.4180506, -0.696989, 0.58261484, -1), (0.027222944, 0.6821142, 0.7307387, -1), (0.027222944, 0.68211424, 0.7307387, -1), (0.02722294, 0.68211424, 0.73073864, -1), (-0.047025938, 0.9985537, 0.026056647, -1), (-0.04686848, 0.9985683, 0.025783159, -1), (-0.047015227, 0.99855477, 0.026038036, -1), (-0.8637385, -0.07220311, 0.49874115, 1), (-0.86454195, -0.072130285, 0.49735752, 1), (-0.8645443, -0.07213011, 0.4973535, 1), (0.8646788, 0.07211788, 0.49712119, -1), (0.86453104, 0.0721314, 0.4973763, -1), (0.86454326, 0.0721303, 0.49735516, -1), (0.046982773, 0.99855584, -0.026056053, 1), (0.04699015, 0.9985551, -0.026068758, 1), (0.046986274, 0.9985555, -0.02606209, 1), (0.10346477, 0.71664435, 0.6897216, 1), (0.10346737, 0.7166524, 0.689713, 1), (0.10350974, 0.7167831, 0.68957067, 1), (0.4664905, -0.7104737, -0.52689064, -1), (0.46647766, -0.71054316, -0.5268083, -1), (0.46649018, -0.71047455, -0.52688974, -1), (0.6130273, 0.7637237, -0.20229581, 1), (0.61301166, 0.7637358, -0.20229758, 1), (0.61302567, 0.7637249, -0.20229608, 1), (-0.55155647, -0.7459927, -0.37320295, -1), (-0.5515563, -0.7459927, -0.37320313, -1), (-0.5515585, -0.7459911, -0.37320304, -1), (-0.7691449, 0.6304061, 0.10490164, 1), (-0.7691312, 0.6304219, 0.10490697, 1), (-0.76912165, 0.63043296, 0.10491062, 1), (0.5930691, -0.6550104, 0.46822044, -1), (0.59305644, -0.6550236, 0.46821797, -1), (0.59305936, -0.6550203, 0.46821886, -1), (0.52496547, 0.797082, -0.29844874, 1), (0.5249708, 0.79707795, -0.29844984, 1), (0.52498585, 0.7970669, -0.29845312, 1), (-0.6176576, -0.7432047, -0.25718826, -1), (-0.61766833, -0.7431972, -0.25718436, -1), (-0.6176634, -0.7432006, -0.2571863, -1), (-0.05645919, 0.76174486, -0.64541245, 1), (-0.05645968, 0.7617477, -0.64540905, 1), (-0.056452893, 0.7617125, -0.6454511, 1), (-0.5160512, -0.6911892, 0.5059136, -1), (-0.5160518, -0.69117385, 0.50593394, -1), (-0.5160508, -0.69119555, 0.5059053, -1), (-0.6247859, 0.75379914, -0.20354193, 1), (-0.62476027, 0.75382614, -0.20352122, 1), (-0.62484837, 0.75373393, -0.20359191, 1), (0.26355556, -0.7243565, 0.63706046, -1), (0.2635942, -0.72432256, 0.637083, -1), (0.2635455, -0.724365, 0.6370549, -1), (-0.511721, 0.7454407, 0.42715287, 1), (-0.51171935, 0.74544233, 0.42715225, 1), (-0.5117836, 0.7453853, 0.42717487, 1), (0.6878104, -0.7184351, 0.10376795, -1), (0.68784356, -0.7184059, 0.1037505, -1), (0.68780756, -0.7184376, 0.10376955, -1), (0.58227396, 0.7967756, 0.1615723, 1), (0.5822818, 0.7967686, 0.16157812, 1), (0.5821681, 0.79686904, 0.16149278, 1), (-0.21389891, -0.7538131, -0.6212994, -1), (-0.21383741, -0.7538589, -0.6212652, -1), (-0.21388811, -0.753821, -0.6212935, -1), (-0.14757219, 0.79677486, -0.5859798, 1), (-0.14757136, 0.79676974, -0.585987, 1), (-0.1475891, 0.7968694, -0.5858471, 1), (-0.43418452, -0.7538128, 0.49320388, -1), (-0.43418524, -0.7538587, 0.49313313, -1), (-0.43418458, -0.75382066, 0.49319187, -1), (0.042093124, 0.73679066, 0.6748093, 1), (0.04209208, 0.73678726, 0.67481315, 1), (0.042073138, 0.7367317, 0.6748749, 1), (0.48625812, -0.7124704, -0.50590414, -1), (0.48626372, -0.7124392, -0.5059427, -1), (0.48625877, -0.71246725, -0.5059079, -1), (0.6540768, 0.7216866, 0.22660969, 1), (0.6540782, 0.72168505, 0.2266108, 1), (0.65408313, 0.7216793, 0.2266146, 1), (-0.34259826, -0.69725317, -0.6296542, -1), (-0.34260193, -0.69724977, -0.62965596, -1), (-0.3426, -0.69725144, -0.6296552, -1), (0.23089005, 0.7801625, -0.5814088, 1), (0.23088565, 0.7801671, -0.58140445, 1), (0.23088066, 0.78017205, -0.58139974, 1), (-0.6349291, -0.7578243, 0.15022466, -1), (-0.63492393, -0.7578298, 0.15021862, -1), (-0.63492954, -0.7578237, 0.15022548, -1), (-0.39739516, 0.7367792, -0.54702234, 1), (-0.39739662, 0.7367753, -0.5470266, 1), (-0.3974092, 0.73673445, -0.54707247, 1), (-0.13915595, -0.71242845, 0.68780905, -1), (-0.13914376, -0.71240395, 0.68783695, -1), (-0.13915299, -0.7124224, 0.687816, -1), (-0.5858064, 0.63785094, -0.49997708, 1), (-0.5858051, 0.63786584, -0.49995962, 1), (-0.58580714, 0.6378407, -0.4999893, 1), (0.09132097, -0.7562717, 0.6478532, -1), (0.091322556, -0.75626653, 0.647859, -1), (0.091323346, -0.75626206, 0.6478639, -1), (-0.6781025, -0.7340383, -0.03694245, -1), (-0.6749393, -0.73760206, 0.02000654, -1), (-0.68073505, -0.6906146, -0.24423608, -1), (-0.6822726, -0.7178095, -0.13875762, -1), (-0.6532224, -0.74360645, 0.14265333, -1), (-0.8659972, -0.0063215387, -0.50000906, -1), (-0.8660037, -0.005607071, -0.5000061, -1), (-0.8659118, -0.013193947, -0.5000226, -1), (-0.86589783, -0.01408033, -0.50002253, -1), (0, 0, -1, -1), (0, 0, -1, -1), (0, 0, -1, -1), (0, 0, -1, -1), (0.8659944, 0.0063360957, -0.50001365, -1), (0.86600006, 0.005667039, -0.5000118, -1), (0.86590993, 0.013412056, -0.5000201, -1), (0.8658974, 0.014230709, -0.5000192, -1), (0.8659861, 0.0062291925, 0.5000294, -1), (0.86599153, 0.0055565373, 0.5000279, -1), (0.8659058, 0.013255222, 0.50003135, -1), (0.86589366, 0.01407846, 0.50003, -1), (0, 0, -1, 1), (0, 0, -1, 1), (0, 0, -1, 1), (0, 0, -1, 1), (0, 0, 1, -1), (0, 0, 1, -1), (0, 0, 1, -1), (0, 0, 1, -1), (0, 0, 1, -1), (0, 0, 1, -1), (-0.8659885, -0.0062259203, 0.5000251, -1), (-0.8659945, -0.0054965112, 0.50002337, -1), (-0.6039809, 0.6946052, 0.3908076, -1), (-0.6358327, 0.65640384, 0.40601817, -1), (0, 0.99854976, 0.053836357, -1), (1, 0, 0, -1), (1, 0, 0, -1), (1, 0, 0, -1), (1, 0, 0, -1), (1, 0, 0, -1), (1, 0, 0, -1), (1, 0, 0, -1), (1, 0, 0, -1), (0, 0, 1, -1), (0, 0, 1, -1), (0, 0, 1, -1), (0, 0, 1, -1), (-0.862434, -0.07210971, -0.50100666, 1), (-0.86266804, -0.072132334, -0.50060046, 1), (-0.8627108, -0.07213576, -0.50052613, 1), (1, 0, 0, -1), (1, 0, 0, -1), (1, 0, 0, -1), (1, 0, 0, -1), (0.86619705, 0.016341139, -0.4994354, 1), (0.8630486, 0.06804451, -0.5005168, 1), (0.8663255, 0.0142701, -0.49927607, 1), (0.8626407, 0.07212992, -0.5006479, 1), (1, 0, 0, -1), (1, 0, 0, -1), (1, 0, 0, -1), (1, 0, 0, -1), (1, 0, 0, -1), (1, 0, 0, -1), (1, 0, 0, -1), (1, 0, 0, -1), (1, 0, 0, -1), (1, 0, 0, -1), (1, 0, 0, -1), (1, 0, 0, -1), (1, 0, 0, -1), (1, 0, 0, -1), (1, 0, 0, -1), (1, 0, 0, -1), (1, 0, 0, -1), (1, 0, 0, -1), (1, 0, 0, -1), (1, 0, 0, -1), (1, 0, 0, -1), (1, 0, 0, -1), (1, 0, 0, -1), (1, 0, 0, -1), (1, 0, 0, -1), (1, 0, 0, -1), (1, 0, 0, -1), (1, 0, 0, -1), (1, 0, 0, -1), (1, 0, 0, -1), (-0.86601686, 0, 0.5000148, -1), (-0.86601675, 0, 0.500015, -1), (-0.8657834, -0.0045926296, 0.5003978, -1), (-0.8660042, -0.0055090627, 0.5000064, -1), (0.8660208, 0, 0.50000805, -1), (0.8658659, 0, 0.5002764, -1), (0.8663071, 0.0045656445, 0.49949098, -1), (0.86620873, 0.005446698, 0.49965262, -1), (0.8660477, 0, -0.49996138, -1), (0.8662159, 0, -0.49966997, -1), (0.866009, 0.0048875483, -0.5000047, -1), (0.865836, 0.0056037274, -0.50029653, -1), (0, 0, -1, -1), (0, 0, -1, -1), (0, 0, -1, -1), (0, 0, -1, -1), (-0.8660464, 0, -0.49996355, -1), (-0.8658162, 0, -0.5003623, -1), (-0.86633766, -0.004687027, -0.49943674, -1), (-0.86600095, -0.0056109037, -0.5000109, -1), (0.22657071, 0.8399055, -0.4931779, -1), (0.22683567, 0.8398962, -0.49307185, -1), (0.22675619, 0.83990604, -0.49309167, -1), (0.22647779, 0.8399465, -0.4931508, -1), (0.6095458, 0.5045754, -0.611439, -1), (0.61984193, 0.49492955, -0.6089669, -1), (0.5498453, 0.5565653, -0.6228204, -1), (0.54263926, 0.5623961, -0.62390167, -1), (-0.40864077, 0.77896595, -0.47563094, -1), (0.7520162, 0.46463543, -0.4675314, -1), (-0.22962977, 0.81403667, -0.5334927, -1), (-0.50654453, 0.74522245, -0.43365437, -1), (0.21993421, 0.91981894, -0.32490322, -1), (0.7913495, 0.5305318, 0.30381244, -1), (0.74269176, 0.6350352, 0.21245992, -1), (0.14582075, 0.9146732, -0.37697357, -1), (-0.109221175, -0.6762118, 0.72856605, -1), (-0.45268565, -0.5595776, 0.69422525, -1), (-0.23386091, -0.64570993, 0.72688913, -1), (0.23801635, -0.7019755, 0.6712515, -1), (-0.55261576, -0.25142366, -0.79460806, -1), (-0.42020047, -0.3764592, -0.8256573, -1), (-0.37370762, -0.41462743, -0.82971483, -1), (-0.5859856, -0.21523148, -0.78121465, -1), (-0.44364294, -0.3561823, -0.82238376, -1), (-0.6191977, -0.17687392, -0.76505536, -1), (0.76583064, 0.6363584, -0.09247365, -1), (0.062231317, 0.90555865, 0.41963184, -1), (0.13454175, 0.9132018, 0.384657, -1), (0.8140726, 0.5591424, -0.15698898, -1), (0.2045969, 0.9739754, -0.097529836, -1), (0.20086215, 0.9757337, -0.08716786, -1), (0.20624526, 0.9731563, -0.102125846, -1), (0.20991331, 0.9712517, -0.11227828, -1), (0.16121985, 0.9860765, -0.04075993, -1), (0.1615872, 0.98606175, -0.039645553, -1), (0.16109194, 0.98608065, -0.041162837, -1), (0.1606495, 0.9860935, -0.04255983, -1), (0.6997669, 0.21909942, -0.6799425, -1), (0.7506071, 0.14693502, -0.6442043, -1), (0.5466969, 0.38888478, -0.74154645, -1), (0.60394025, 0.33178812, -0.72468805, -1), (0.29052424, 0.5836022, -0.75829023, -1), (0.60164386, 0.33420357, -0.7254879, -1), (0.36413354, 0.6784401, -0.6380641, -1), (0.43508044, 0.64112407, -0.6321907, -1), (0.17924066, 0.7516263, -0.63476825, -1), (0.11503078, 0.769655, -0.62801206, -1), (-0.6060101, -0.4218102, -0.67440933, -1), (-0.6064362, -0.42136917, -0.67430204, -1), (-0.6004079, -0.42739388, -0.67590284, -1), (-0.59983534, -0.42797437, -0.67604405, -1), (-0.38788924, -0.60101813, -0.6987984, -1), (-0.48648313, -0.53856516, -0.68795484, -1), (-0.015979165, -0.7487602, -0.66264826, -1), (0.06362576, -0.76469725, -0.6412409, -1), (0.63422805, 0.27378768, 0.7230457, -1), (0.527123, 0.38412517, 0.7580166, -1), (0.47470525, 0.4306347, 0.7675993, -1), (0.58099914, 0.33151862, 0.7433272, -1), (0.42037332, 0.4746193, 0.77331936, -1), (0.58756465, 0.324731, 0.74115956, -1), (0.4907327, 0.41687056, 0.76511455, -1), (0.58704937, 0.32530242, 0.7413172, -1), (0.30035746, 0.5904359, 0.74911344, -1), (0.36186364, 0.5578319, 0.7469124, -1), (0.05572108, 0.6871457, 0.7243798, -1), (-0.007600203, 0.70424104, 0.70992017, -1), (0.07502089, 0.69872326, 0.7114476, -1), (-0.013588685, 0.70571214, 0.70836836, -1), (0.14809883, 0.67449427, 0.7232733, -1), (0.19265123, 0.657454, 0.7284502, -1), (0.2916449, 0.6136565, 0.7337362, -1), (0.26836857, 0.6247804, 0.73323107, -1), (-0.6382676, -0.30581892, 0.70646244, -1), (-0.7385576, -0.18136108, 0.64933884, -1), (-0.51267314, -0.42533812, 0.74582416, -1), (-0.5415767, -0.3882732, 0.74561286, -1), (-0.4454033, -0.46762028, 0.7635097, -1), (-0.6243284, -0.3071979, 0.71822256, -1), (-0.5689035, -0.36267537, 0.7381161, -1), (-0.59283924, -0.33929804, 0.7303551, -1), (-0.24061531, -0.63210016, 0.73658234, -1), (-0.3281584, -0.58947575, 0.7381263, -1), (-0.07214983, -0.68547595, 0.72451156, -1), (-0.051859424, -0.6908345, 0.7211507, -1), (-0.14594, -0.6678852, 0.72981566, -1), (-0.2368661, -0.6345479, 0.7356925, -1), (-0.30183426, -0.60603935, 0.7359432, -1), (-0.30194053, -0.6059993, 0.7359326, -1), (0.27119055, 0.93980485, 0.2079004, -1), (0.2726304, 0.8989274, 0.3429319, -1), (0.26232493, 0.96411604, 0.040814117, -1), (0.25296625, 0.9653447, -0.06416872, -1), (0.28153983, 0.9341794, 0.21918993, 1), (0.39905265, 0.9165977, -0.024606524, 1), (0.3531344, 0.9323221, 0.07792123, 1), (0.20392115, 0.91303086, 0.35325736, 1), (0.23292142, 0.97113085, 0.051501714, 1), (0.23881744, 0.94809425, -0.20996045, 1), (0.23761225, 0.9690615, -0.06678611, 1), (0.21677294, 0.94173783, 0.25717562, 1), (0.31221727, 0.9088484, -0.2766134, 1), (0.2739831, 0.8864584, -0.3729944, 1), (0.3510749, 0.9218384, -0.16419601, 1), (0.37441704, 0.9231661, -0.0870415, 1), (0.19835772, 0.95742714, -0.20973225, -1), (0.18636738, 0.9189446, -0.3475744, -1), (0.20379332, 0.97153497, -0.12078106, -1), (0.20803358, 0.9779869, -0.01623976, -1), (0.1619862, 0.7811422, 0.60297376, -1), (0.16254173, 0.7811426, 0.6028238, -1), (0.16234648, 0.78113514, 0.6028859, -1), (0.16181765, 0.7811225, 0.60304445, -1), (0.27743953, 0.88422567, -0.37572902, 1), (0.31827906, 0.8291065, -0.4596529, 1), (0.17510249, 0.96914524, -0.17348403, 1), (0.10817593, 0.9930609, -0.046131093, 1), (0.22416466, 0.82890886, -0.5125039, -1), (0.2241421, 0.8287039, -0.5128453, -1), (0.22405082, 0.8285697, -0.5131018, -1), (0.22406615, 0.82875824, -0.5127905, -1), (0.092097655, 0.7231432, -0.68453044, -1), (0.021173231, 0.7400126, -0.6722596, -1), (0.18082744, 0.6962049, -0.69469434, -1), (0.20853473, 0.686379, -0.69670445, -1), (0.3089111, 0.6453591, -0.69863117, -1), (0.26753014, 0.6633962, -0.6988084, -1), (0.12100116, 0.9873685, 0.10228472, -1), (0.05562049, 0.99842936, 0.0067184595, -1), (0.09182314, 0.9939948, 0.059523687, -1), (0.14610903, 0.9794194, 0.13924699, -1), (0.32267308, 0.8646945, 0.38494864, -1), (0.36925757, 0.7518609, 0.5462179, -1), (0.16932423, 0.98497725, -0.033899006, -1), (0.11585526, 0.98039055, -0.15941145, -1), (0.25535068, 0.82971275, -0.4963595, -1), (0.23036197, 0.8228252, -0.51951146, -1), (0.24279536, 0.8263852, -0.5080728, -1), (0.2668859, 0.8325892, -0.48535252, -1), (-0.11791364, -0.6549903, -0.74638075, -1), (-0.34894267, -0.54976857, -0.7589424, -1), (-0.16355513, -0.6378128, -0.7526251, -1), (-0.041187726, -0.6801203, -0.73194265, -1), (-0.11961067, -0.6544833, -0.74655545, -1), (0.0027179767, -0.6923756, -0.7215321, -1), (0.20910397, 0.8377792, -0.50438225, -1), (0.18425445, 0.8618394, -0.47252834, -1), (0.19311929, 0.85347617, -0.4840283, -1), (0.21797384, 0.82853043, -0.5157759, -1), (0.2999454, 0.9314507, -0.20599109, -1), (0.30592814, 0.91825193, -0.2514383, -1), (0.29378384, 0.94178605, -0.16349299, -1), (0.28352022, 0.95381105, -0.099300705, -1), (0.13171817, 0.7957853, -0.5910804, -1), (0.23407854, 0.8225771, -0.5182413, -1), (0.15835342, 0.8039108, -0.5732814, -1), (0.05694711, 0.7683405, -0.63750285, -1), (0.16234942, 0.974637, -0.1540305, -1), (0.20756492, 0.9553741, -0.21018322, -1), (0.18950373, 0.9637617, -0.18775432, -1), (0.15216886, 0.9781756, -0.14148171, -1), (0.24604377, 0.8656212, -0.4360761, -1), (0.15751363, 0.9319226, -0.32666448, -1), (0.18229908, 0.9159, -0.35762322, -1), (0.26587978, 0.84708625, -0.460166, -1), (0.22029956, 0.8349124, -0.5043702, -1), (0.2356578, 0.82913136, -0.5069581, -1), (0.23272856, 0.8302414, -0.50649446, -1), (0.21704496, 0.83611226, -0.5037934, -1), (0.05451247, 0.8911024, 0.45051622, -1), (0.17144369, 0.7670169, 0.6182978, -1), (0.12013705, 0.82824516, 0.5473362, -1), (-0.002841883, 0.93270046, 0.3606407, -1), (0.35396257, 0.8166605, 0.4558246, 1), (0.6675083, 0.7422679, 0.058915667, 1), (0.51799953, 0.80856913, 0.27909198, 1), (0.15030019, 0.7707713, 0.61912954, 1), (0.15749528, 0.76386493, 0.6258639, -1), (0.1574007, 0.7639453, 0.62578964, -1), (0.15750602, 0.7638557, 0.62587243, -1), (0.15760009, 0.7637757, 0.62594634, -1), (0.3152401, 0.8040603, 0.50409406, 1), (0.5046384, 0.79710364, 0.3316111, 1), (0.36560386, 0.80737287, 0.463123, 1), (0.16329202, 0.77563053, 0.6096991, 1), (0.089003816, 0.92163503, 0.37771294, -1), (0.22072671, 0.79019654, 0.57172465, -1), (0.18284954, 0.8357269, 0.51780933, -1), (0.041254696, 0.9520217, 0.30323714, -1), (0.1644123, 0.77499795, 0.61020225, -1), (0.15737878, 0.7779384, 0.60831225, -1), (0.16036738, 0.77670974, 0.6091012, -1), (0.16714041, 0.773852, 0.6109151, -1), (0.60669124, 0.772913, 0.18582572, -1), (0.45966467, 0.45398498, -0.7632863, -1), (0.6188254, 0.77717406, 0.1142606, -1), (0.5464354, 0.73135775, 0.40807384, -1), (-0.6059851, 0.777086, -0.17005666, -1), (-0.60577965, 0.77693, -0.17149581, -1), (-0.6058612, 0.77696675, -0.17104033, -1), (-0.6060298, 0.77716017, -0.16955787, -1), (-0.736696, 0.44913647, -0.5055249, -1), (-0.7348943, 0.4405038, -0.5156421, -1), (-0.7441828, 0.493952, -0.4496703, -1), (-0.7448358, 0.4994125, -0.44250065, -1), (-0.51768064, 0.71986705, 0.4623831, -1), (-0.6080094, 0.4287807, -0.6681853, -1), (-0.5892413, 0.745479, 0.31153783, -1), (-0.4617431, 0.691393, 0.55566984, -1), (-0.450321, 0.875325, -0.17611663, -1), (0.15514481, 0.5801916, -0.79956734, -1), (0.05362697, 0.67322505, -0.73749053, -1), (-0.49334487, 0.86402637, -0.10034651, -1), (0.8116915, -0.58356017, 0.02478819, -1), (0.80232894, -0.48457366, 0.34850624, -1), (0.8182992, -0.5618299, 0.1213824, -1), (0.72756755, -0.6135282, -0.306967, -1), (-0.6810696, -0.31012568, 0.6632995, -1), (-0.6862693, -0.32320973, 0.65159035, -1), (-0.6988472, -0.35730976, 0.6196308, -1), (-0.6957075, -0.34847778, 0.6281357, -1), (-0.72067803, -0.4290514, 0.54455304, -1), (-0.7265095, -0.45337257, 0.51636916, -1), (-0.26250604, 0.6276951, -0.7328639, -1), (0.34840077, 0.92954135, -0.12070517, -1), (0.30279756, 0.93515056, -0.1838673, -1), (-0.32914296, 0.5468073, -0.7698485, -1), (-0.21324494, 0.9551914, -0.20527063, -1), (-0.20029147, 0.95853853, -0.20269936, -1), (-0.2185545, 0.953763, -0.20632526, -1), (-0.23127475, 0.95021766, -0.20880203, -1), (-0.15028653, 0.97356445, -0.17200646, -1), (-0.14617404, 0.9738743, -0.17378786, -1), (-0.15181012, 0.973445, -0.17134319, -1), (-0.15701813, 0.9730123, -0.1690927, -1), (-0.79722184, 0.17399994, -0.57806695, -1), (-0.76533425, 0.10962476, -0.63422865, -1), (-0.8325425, 0.26741782, -0.48513985, -1), (-0.83438426, 0.27362844, -0.47846678, -1), (-0.8503009, 0.34260938, -0.3995086, -1), (-0.7043115, 0.6771963, 0.21295625, -1), (-0.7482515, 0.6051105, -0.2719576, -1), (-0.74692166, 0.56955075, -0.3431034, -1), (-0.73409873, 0.6705699, -0.10693477, -1), (-0.7228423, 0.6895827, -0.044437956, -1), (-0.55459744, -0.50365037, 0.66238797, -1), (-0.55447006, -0.503254, 0.6627959, -1), (-0.55597436, -0.5081274, 0.65779877, -1), (-0.5561178, -0.5086561, 0.65726864, -1), (-0.59064674, -0.66821367, 0.4523571, -1), (-0.57093, -0.6070575, 0.5527386, -1), (-0.5993045, -0.7909406, 0.12347948, -1), (-0.59000313, -0.8064679, 0.038804557, -1), (0.615437, 0.3715871, -0.6950974, -1), (0.6515321, 0.4782649, -0.5888706, -1), (0.660386, 0.51250094, -0.54884696, -1), (0.62760824, 0.40394577, -0.66553414, -1), (0.65337175, 0.48493057, -0.5813326, -1), (0.564796, 0.807533, 0.16998793, -1), (0.62977016, 0.40999097, -0.65977037, -1), (0.63253695, 0.4179102, -0.6521105, -1), (0.65156674, 0.65584534, -0.3812187, -1), (0.64320666, 0.6250771, -0.44222593, -1), (0.65683347, 0.73602617, -0.16381456, -1), (0.65185344, 0.7517445, -0.09983587, -1), (0.63964385, 0.69775486, -0.3224808, -1), (0.6413414, 0.72219676, -0.25906172, -1), (0.63655275, 0.76143885, -0.122521736, -1), (0.64178306, 0.7304834, -0.23347041, -1), (0.62971485, 0.77464455, -0.058180906, -1), (0.81007385, -0.20445365, 0.5495262, -1), (0.7707745, -0.1423924, 0.62099195, -1), (0.8482767, -0.3506666, 0.39681172, -1), (0.8385481, -0.28561768, 0.46396074, -1), (0.8307442, -0.2552521, 0.49468216, -1), (0.85398966, -0.3397647, 0.3940326, -1), (0.8615202, -0.4396985, 0.2538666, -1), (0.6856637, -0.6731655, -0.27697197, -1), (0.8267679, -0.5449863, 0.13944481, -1), (0.83375984, -0.5035258, 0.22650866, -1), (0.8061284, -0.591695, -0.007350212, -1), (0.800725, -0.59827185, -0.030170068, -1), (0.81552464, -0.5756917, 0.059149493, -1), (0.8267381, -0.5433883, 0.14571624, -1), (0.83028954, -0.5190839, 0.20290671, -1), (0.83018214, -0.5191918, 0.2030701, -1), (0.0896979, 0.9480756, -0.3051345, -1), (0.23482881, 0.9170364, -0.32233468, -1), (-0.07855823, 0.9576005, -0.277182, -1), (-0.18587452, 0.9489488, -0.2548466, -1), (0.1048435, 0.94312453, -0.31547406, 1), (-0.16438754, 0.9028997, -0.39717627, 1), (-0.05423118, 0.9285685, -0.36717772, 1), (0.25462112, 0.9321148, -0.2575462, 1), (-0.0667729, 0.96570724, -0.2509002, 1), (-0.33027443, 0.9172867, -0.22249465, 1), (-0.18733108, 0.9524621, -0.2402561, 1), (0.14921454, 0.9539384, -0.2602624, 1), (-0.40554193, 0.86996853, -0.28051847, 1), (-0.4948269, 0.83738744, -0.23222536, 1), (-0.29208532, 0.89605397, -0.33432546, 1), (-0.2182826, 0.9049064, -0.36537257, 1), (-0.32865623, 0.9263799, -0.18386279, -1), (-0.46165952, 0.8736006, -0.15392384, -1), (-0.23340058, 0.9511435, -0.20211448, -1), (-0.13032974, 0.9669303, -0.21922596, -1), (0.51420385, 0.82129407, -0.24712448, -1), (0.5147591, 0.8213142, -0.24589817, -1), (0.5145478, 0.82131135, -0.24634957, -1), (0.5140133, 0.8212936, -0.2475219, -1), (-0.5012134, 0.832312, -0.2367315, 1), (-0.5872047, 0.76546973, -0.263148, 1), (-0.28518036, 0.94391006, -0.16645089, 1), (-0.14687103, 0.9819464, -0.11920623, 1), (-0.6242727, 0.76351446, -0.16531566, -1), (-0.62426627, 0.7635037, -0.16538996, -1), (-0.6245191, 0.7633272, -0.16524917, -1), (-0.6242943, 0.76350814, -0.16526315, -1), (-0.771948, 0.635519, -0.014554307, -1), (-0.7552996, 0.65332836, 0.05181273, -1), (-0.7865577, 0.61057043, -0.09236199, -1), (-0.7913075, 0.59818035, -0.12654164, -1), (-0.7986441, 0.5620479, -0.21510427, -1), (-0.7963699, 0.5783623, -0.17689574, -1), (0.0010372839, 0.9884347, -0.15164383, -1), (-0.09174956, 0.99295205, -0.075022, -1), (-0.038986146, 0.99214387, -0.11887195, -1), (0.039282877, 0.98240465, -0.18258677, -1), (0.26394334, 0.89041096, -0.37081307, -1), (0.44470537, 0.7822526, -0.43625453, -1), (-0.14713691, 0.9727686, -0.17908646, -1), (-0.27334163, 0.95570666, -0.109128974, -1), (-0.61112905, 0.76664484, -0.19691862, -1), (-0.630609, 0.7570737, -0.17079765, -1), (-0.6210732, 0.76190245, -0.18377326, -1), (-0.6018863, 0.77075696, -0.2089659, -1), (-0.6650339, -0.73616546, 0.1256591, -1), (-0.6516408, -0.75828123, 0.0193356, -1), (-0.6704947, -0.70619303, 0.22743855, -1), (-0.67063856, -0.7016515, 0.24068461, -1), (-0.66554654, -0.73479635, 0.13085093, -1), (-0.6706752, -0.6998143, 0.24587503, -1), (-0.61454415, 0.7741132, -0.15193516, -1), (-0.5835767, 0.8009409, -0.13391055, -1), (-0.5954334, 0.7909896, -0.14069329, -1), (-0.6261791, 0.763336, -0.15880112, -1), (-0.33378944, 0.90005434, -0.28015485, -1), (-0.38025454, 0.8816464, -0.27947462, -1), (-0.2879071, 0.91575754, -0.28017464, -1), (-0.22102968, 0.9345014, -0.27902138, -1), (-0.69054645, 0.720241, -0.06632162, -1), (-0.6299706, 0.75685704, -0.17408215, -1), (-0.67603743, 0.7309488, -0.09320518, -1), (-0.7270849, 0.68643415, 0.012478665, -1), (-0.2664029, 0.9508828, -0.15764368, -1), (-0.33056265, 0.92349577, -0.1946382, -1), (-0.30381277, 0.9357157, -0.17925908, -1), (-0.25140446, 0.9563423, -0.14901428, -1), (-0.5534015, 0.80916494, -0.19748123, -1), (-0.43480724, 0.8915447, -0.12684949, -1), (-0.47077066, 0.8697719, -0.14789101, -1), (-0.58085346, 0.78525907, -0.2144235, -1), (-0.6160913, 0.7705739, -0.1632401, -1), (-0.6196452, 0.76463836, -0.17711051, -1), (-0.6188947, 0.76592743, -0.17413922, -1), (-0.61526376, 0.77193224, -0.15990978, -1), (0.37439516, 0.9178634, -0.13173805, -1), (0.52973795, 0.8081485, -0.25743684, -1), (0.458712, 0.866057, -0.19881788, -1), (0.28715402, 0.9557055, -0.06457078, -1), (0.3359773, 0.84794784, -0.41000444, 1), (-0.095462315, 0.75136757, -0.6529423, 1), (0.14141357, 0.8300431, -0.53947264, 1), (0.5332971, 0.81208575, -0.23687738, 1), (0.538803, 0.8061189, -0.24467047, -1), (0.5387357, 0.8061908, -0.24458176, -1), (0.53881866, 0.8061021, -0.24469128, -1), (0.5388855, 0.80603063, -0.24477956, -1), (0.39081633, 0.83869624, -0.37927735, 1), (0.19479518, 0.82281613, -0.5338805, 1), (0.34583786, 0.8397538, -0.4185805, 1), (0.5214406, 0.8163911, -0.24820413, 1), (0.29280308, 0.9434535, -0.15544137, -1), (0.4775893, 0.82555044, -0.3006241, -1), (0.42210025, 0.86950874, -0.25648788, -1), (0.21775879, 0.9710877, -0.09782597, -1), (0.52152693, 0.8159857, -0.24935327, -1), (0.5205883, 0.8185329, -0.24288246, -1), (0.5209579, 0.8173922, -0.24591249, -1), (0.5219139, 0.81489134, -0.25210714, -1), (-0.69325423, 0.6622853, -0.2842124, -1), (-0.6917127, 0.3527756, 0.63014513, -1), (-0.724469, 0.65939736, -0.20084763, -1), (-0.597963, 0.64778876, -0.4720276, -1), (0.45451277, 0.8450177, 0.2817149, -1), (0.4542506, 0.84481984, 0.2827293, -1), (0.45436004, 0.8448735, 0.28239286, -1), (0.45461783, 0.84508383, 0.2813465, -1), (0.44229144, 0.8642594, -0.23965414, -1), (0.38687846, 0.8481809, -0.36182067, -1), (0.58214235, 0.6538825, 0.4832679, -1), (0.575793, 0.5996465, 0.5557755, -1), (0.47886583, 0.8195047, -0.31480095, -1), (0.4263844, 0.4933967, 0.75812674, -1), (0.51305956, 0.84069484, -0.17321107, -1), (0.44477102, 0.79044455, -0.42116043, -1), (0.30386406, 0.91588396, 0.2623418, -1), (-0.18645313, 0.6820873, 0.7071011, -1), (-0.10091757, 0.75282675, 0.6504364, -1), (0.34985536, 0.91427773, 0.20419957, -1), (0.87759024, -0.22468199, -0.42350122, -1), (0.88331985, -0.24857026, -0.3974403, -1), (0.85150295, -0.14571142, -0.5036971, -1), (0.85445344, -0.15327132, -0.49640417, -1), (0.8346852, -0.10655933, -0.5403199, -1), (0.835444, -0.108222775, -0.5388145, -1), (-0.47710735, 0.8713933, 0.114202745, -1), (-0.50107515, 0.8629993, 0.064465515, -1), (-0.49894074, 0.86387867, 0.06907767, -1), (-0.47407654, 0.87222344, 0.120322965, -1), (0.06355024, 0.9638865, 0.25861952, -1), (0.051507223, 0.96573865, 0.25435352, -1), (0.070107125, 0.9628123, 0.2609165, -1), (0.081901275, 0.96074843, 0.26505595, -1), (0.044012252, 0.97735786, 0.20696522, -1), (0.06407497, 0.9773561, 0.20166652, -1), (0.03845004, 0.97728205, 0.20842601, -1), (0.013327793, 0.9765425, 0.21491238, -1), (0.66242594, 0.33500484, 0.67004746, -1), (0.6757361, 0.3778751, 0.63292265, -1), (0.6465968, 0.29028726, 0.70544016, -1), (0.6285457, 0.24470371, 0.7382753, -1), (0.54008585, 0.064044505, 0.8391695, -1), (0.46712074, -0.05640962, 0.8823923, -1), (0.5885656, 0.70670813, 0.39262462, -1), (0.5819792, 0.6688187, 0.46258146, -1), (0.590446, 0.7690491, 0.24482039, -1), (0.5867729, 0.78910595, 0.18168461, -1), (0.74256325, -0.33515242, -0.5798902, -1), (0.74242914, -0.3347071, -0.580319, -1), (0.74420553, -0.34050837, -0.574641, -1), (0.74439484, -0.34108418, -0.57405394, -1), (0.7737062, -0.5140484, -0.37031466, -1), (0.7598694, -0.44903514, -0.47007015, -1), (0.7432115, -0.6686905, -0.02212987, -1), (0.72109467, -0.690417, 0.057851627, -1), (-0.78522986, 0.18031189, 0.5923696, -1), (-0.8266937, 0.29622793, 0.47835818, -1), (-0.83414245, 0.32725006, 0.44397485, -1), (-0.8084593, 0.23812209, 0.53822994, -1), (-0.8411408, 0.3667738, 0.39744067, -1), (-0.81580305, 0.25952214, 0.51683044, -1), (-0.8016737, 0.21989605, 0.5558461, -1), (-0.80200154, 0.22074279, 0.5550371, -1), (-0.82312495, 0.49172592, 0.2840263, -1), (-0.8195022, 0.4583055, 0.3440526, -1), (-0.80269635, 0.5941072, 0.05210758, -1), (-0.788755, 0.6146357, -0.009411201, -1), (-0.76059836, 0.6473053, -0.049860667, -1), (-0.7599311, 0.6479087, -0.052144844, -1), (-0.79235965, 0.6042002, 0.0843108, -1), (-0.80517364, 0.5642698, 0.18246941, -1), (-0.8088608, 0.5282724, 0.25821027, -1), (-0.6359187, -0.7716699, 0.011529438, -1), (-0.43652752, -0.7981319, 0.415246, -1), (-0.7067717, -0.5892635, -0.3914617, -1), (-0.695871, -0.44408023, -0.56440794, -1), (-0.6454843, -0.29068342, -0.7062954, -1), (-0.6830271, -0.39607972, -0.6136732, -1), (-0.6770658, -0.37666795, -0.63222086, -1), (-0.6878072, -0.41223952, -0.59747785, -1), (-0.6869088, -0.6536406, -0.3176635, -1), (-0.6843112, -0.6305858, -0.36616904, -1), (-0.68082035, -0.7171906, -0.14873217, -1), (-0.6798074, -0.715935, -0.15905643, -1), (-0.683147, -0.68837935, -0.24381147, -1), (-0.677711, -0.71750104, -0.16093475, -1), (-0.6821894, -0.6985703, -0.21591017, -1), (-0.6726593, -0.73130333, -0.1128047, -1), (-0.27566516, 0.90966415, 0.31067666, -1), (-0.40737888, 0.86110103, 0.30421585, -1), (-0.070921294, 0.9484212, 0.3089781, -1), (0.029963387, 0.9524383, 0.3032549, -1), (-0.29186124, 0.90514493, 0.30907878, 1), (-0.0055457884, 0.8976786, 0.440616, 1), (-0.108184986, 0.91072494, 0.39859265, 1), (-0.42551908, 0.87495786, 0.23104563, 1), (-0.11538286, 0.9532522, 0.2792795, 1), (0.17797552, 0.93952984, 0.29258922, 1), (0.04388326, 0.9561396, 0.28960526, 1), (-0.31156513, 0.9151963, 0.25562236, 1), (0.23291619, 0.90236694, 0.36260706, 1), (0.3373129, 0.88352495, 0.32496727, 1), (0.13179699, 0.9096598, 0.39388895, 1), (0.049315114, 0.90807813, 0.41588715, 1), (0.16498166, 0.9524849, 0.25603414, -1), (0.31492564, 0.916675, 0.2460261, -1), (0.09208166, 0.9615708, 0.2586554, -1), (-0.020168718, 0.9653907, 0.2600269, -1), (-0.6812152, 0.71129924, 0.17320287, -1), (-0.68182325, 0.71126044, 0.17095466, -1), (-0.68161964, 0.7112687, 0.1717309, -1), (-0.6810247, 0.7113155, 0.17388405, -1), (0.33309162, 0.8852227, 0.32470113, 1), (0.42377892, 0.8288895, 0.36517614, 1), (0.14046034, 0.9625321, 0.23195432, 1), (0.009952196, 0.98632425, 0.16451575, 1), (0.47301382, 0.8355057, 0.27962142, -1), (0.47318637, 0.8353758, 0.27971753, -1), (0.47342816, 0.8352833, 0.27958468, -1), (0.47313967, 0.8354714, 0.2795108, -1), (0.64461553, 0.7374877, 0.20145161, -1), (0.62703705, 0.7771758, 0.05312467, -1), (0.63754773, 0.76005936, 0.12586774, -1), (0.64722764, 0.7194417, 0.25199232, -1), (0.6388799, 0.75689024, 0.13765767, -1), (0.6478533, 0.7039993, 0.290983, -1), (-0.21629286, 0.9529542, 0.21235748, -1), (-0.01975111, 0.9946845, 0.10105802, -1), (-0.12457598, 0.97906095, 0.16099843, -1), (-0.28475302, 0.9254427, 0.24994299, -1), (-0.4792263, 0.8023901, 0.3556858, -1), (-0.6380924, 0.6686487, 0.3817682, -1), (0.010755602, 0.97539437, 0.22020467, -1), (0.1365804, 0.9750317, 0.17509732, -1), (0.457185, 0.8347831, 0.30678844, -1), (0.47915918, 0.8300367, 0.2853869, -1), (0.4673466, 0.8327024, 0.29697466, -1), (0.44588354, 0.83686715, 0.3175552, -1), (0.82694584, -0.5449366, -0.1385809, -1), (0.8268369, -0.5453164, -0.13773485, -1), (0.81276435, -0.58040327, -0.050460882, -1), (0.8148433, -0.576495, -0.060695305, -1), (0.7814336, -0.6200153, 0.070303686, -1), (0.7899503, -0.6117169, 0.042200435, -1), (0.46423724, 0.84511244, 0.26508254, -1), (0.43692657, 0.8655864, 0.24465352, -1), (0.44871685, 0.85698533, 0.25343493, -1), (0.4759836, 0.8357145, 0.27389938, -1), (0.17077433, 0.92180187, 0.3480193, -1), (0.22204779, 0.90839547, 0.35427713, -1), (0.13082354, 0.9303573, 0.34252086, -1), (0.06090544, 0.94147235, 0.33154216, -1), (0.548707, 0.8115057, 0.2009456, -1), (0.47792372, 0.82966775, 0.288514, -1), (0.53579134, 0.815975, 0.21705417, -1), (0.5992258, 0.790004, 0.12969959, -1), (0.12444127, 0.96715957, 0.22162291, -1), (0.18102892, 0.946999, 0.26537052, -1), (0.15495166, 0.95698684, 0.24528773, -1), (0.10984231, 0.9714703, 0.21019061, -1), (0.39607218, 0.8688332, 0.2970785, -1), (0.2936636, 0.9308657, 0.2173724, -1), (0.3281184, 0.9125305, 0.2441852, -1), (0.42340246, 0.84814537, 0.3184019, -1), (0.46544895, 0.8406577, 0.27686077, -1), (0.4672362, 0.83528435, 0.28981078, -1), (0.46683076, 0.8365155, 0.28689894, -1), (0.46496233, 0.84198767, 0.27361804, -1), (-0.51657665, 0.8526256, 0.07860067, -1), (-0.6984035, 0.69252837, 0.1806574, -1), (-0.6279071, 0.7657223, 0.1392908, -1), (-0.4228546, 0.90567636, 0.03073116, -1), (-0.5426934, 0.7613401, 0.3547468, 1), (-0.09960485, 0.72372234, 0.6828652, 1), (-0.32518834, 0.7717921, 0.54643345, 1), (-0.69886976, 0.69764835, 0.15769483, 1), (-0.7048559, 0.68978447, 0.16545582, -1), (-0.7047792, 0.68988645, 0.16535693, -1), (-0.70486706, 0.68976945, 0.16547029, -1), (-0.70494336, 0.68966794, 0.16556866, -1), (-0.5831816, 0.7451612, 0.3234717, 1), (-0.389673, 0.75645924, 0.525285, 1), (-0.527342, 0.75497997, 0.38976374, 1), (-0.6887154, 0.7042865, 0.17219667, 1), (-0.4367662, 0.89166415, 0.119038634, -1), (-0.6549283, 0.7175003, 0.23719633, -1), (-0.59980685, 0.7731098, 0.20623513, -1), (-0.3552148, 0.9315876, 0.07724651, -1), (-0.6888698, 0.7036794, 0.17405102, -1), (-0.68692964, 0.7072489, 0.16711283, -1), (-0.68773615, 0.7057432, 0.17013432, -1), (-0.68958443, 0.7022877, 0.17681994, -1), (0.6238487, 0.7785697, 0.068133354, -1), (0.20585555, 0.4809353, -0.8522469, -1), (0.6138161, 0.78908855, -0.023855278, -1), (0.6254176, 0.72458637, 0.28952974, -1), (-0.5872144, 0.80942035, -0.0042548357, -1), (-0.58716846, 0.8094551, -0.003961231, -1), (-0.5871919, 0.8094376, -0.0040526604, -1), (-0.5872304, 0.80940807, -0.0043579354, -1), (-0.8088584, 0.5008371, -0.30807534, -1), (-0.81001776, 0.49233222, -0.31855965, -1), (-0.7999147, 0.5453327, -0.25049707, -1), (-0.79851085, 0.5506233, -0.24329896, -1), (-0.33306232, 0.7392952, 0.5852454, -1), (-0.72877264, 0.5219752, -0.4432069, -1), (-0.44463807, 0.77538806, 0.44840863, -1), (-0.2520946, 0.70161533, 0.6664714, -1), (-0.45137694, 0.8907556, -0.053041164, -1), (-0.07034446, 0.5898031, -0.80447745, -1), (-0.14591248, 0.6834269, -0.71528816, -1), (-0.4707, 0.8818577, 0.027723651, -1), (0.7482018, -0.6347327, -0.19315396, -1), (0.8290739, -0.5419845, 0.13743825, -1), (0.78463894, -0.61373407, -0.08759073, -1), (0.5783813, -0.6484739, -0.494931, -1), (-0.44980425, -0.32445833, 0.8321076, -1), (-0.45847657, -0.3378591, 0.82197964, -1), (-0.48127833, -0.37374017, 0.7928994, -1), (-0.47358695, -0.36153713, 0.8031228, -1), (-0.524738, -0.445431, 0.7254249, -1), (-0.53806865, -0.46845928, 0.70073396, -1), (-0.40741476, 0.675112, -0.6150096, -1), (0.28788757, 0.9375932, -0.19503768, -1), (0.2377021, 0.94226974, -0.23585084, -1), (-0.47552013, 0.60663396, -0.6370838, -1), (-0.2377885, 0.9630533, -0.12643173, -1), (-0.22747515, 0.9654804, -0.12689693, -1), (-0.24362531, 0.96162444, -0.12619485, -1), (-0.2537425, 0.95906526, -0.12573181, -1), (-0.17418413, 0.9787024, -0.108635254, -1), (-0.17380863, 0.9787346, -0.10894614, -1), (-0.17433111, 0.9786912, -0.10849995, -1), (-0.17480381, 0.9786476, -0.10813164, -1), (-0.8984614, 0.22949299, -0.37429956, -1), (-0.8842039, 0.16494483, -0.43700862, -1), (-0.90585834, 0.3183377, -0.27943084, -1), (-0.90567285, 0.3299746, -0.2662209, -1), (-0.8985098, 0.3985597, -0.18392995, -1), (-0.53247297, 0.72328323, 0.4396975, -1), (-0.7538497, 0.65282655, -0.07435171, -1), (-0.77210003, 0.61897886, -0.14396785, -1), (-0.69364667, 0.7149578, 0.0876909, -1), (-0.6659672, 0.73157203, 0.14591119, -1), (-0.32697263, -0.5238393, 0.78656304, -1), (-0.32670736, -0.52342594, 0.78694826, -1), (-0.32989103, -0.5288468, 0.7819801, -1), (-0.33024624, -0.52938384, 0.7814666, -1), (-0.42309326, -0.6891204, 0.5883071, -1), (-0.3755772, -0.62910795, 0.68056226, -1), (-0.5300379, -0.809884, 0.2512919, -1), (-0.5444945, -0.82196134, 0.16704835, -1), (0.37752527, 0.38457897, -0.842362, -1), (0.44688672, 0.49682832, -0.74394476, -1), (0.46364543, 0.5249784, -0.7137441, -1), (0.413371, 0.4418473, -0.79617554, -1), (0.48795998, 0.5669661, -0.6636599, -1), (0.4274897, 0.4647998, -0.7753797, -1), (0.4031075, 0.42529672, -0.81032526, -1), (0.407854, 0.43295935, -0.80386657, -1), (0.4993995, 0.67495906, -0.543167, -1), (0.4733289, 0.6449676, -0.5999804, -1), (0.5736013, 0.7560503, -0.31522927, -1), (0.58716726, 0.7695066, -0.25118583, -1), (0.5114137, 0.72007, -0.46899378, -1), (0.531426, 0.74298716, -0.40688628, -1), (0.56649476, 0.7810924, -0.2626374, -1), (0.5384971, 0.75098425, -0.38215637, -1), (0.5776334, 0.79197687, -0.19776814, -1), (0.90223193, -0.25681356, 0.34644523, -1), (0.8835918, -0.19333132, 0.42648408, -1), (0.89605904, -0.403121, 0.18593492, -1), (0.9060049, -0.33891824, 0.25355375, -1), (0.9069788, -0.31100547, 0.28401583, -1), (0.900825, -0.39628893, 0.17739567, -1), (0.8673579, -0.49662665, 0.032437503, -1), (0.54434633, -0.7058595, -0.45326522, -1), (0.80174595, -0.5940472, -0.065660745, -1), (0.8304487, -0.55683994, 0.016857551, -1), (0.7371905, -0.64095014, -0.21385275, -1), (0.737492, -0.6407707, -0.21335079, -1), (0.7828162, -0.61217403, -0.11154301, -1), (0.7146262, -0.6539213, -0.24838743, -1), (0.81910986, -0.5735018, -0.012435305, -1), (0.8193913, -0.573097, -0.012556323, -1), (0.004831765, 0.954958, -0.2967014, -1), (0.1264811, 0.92833614, -0.3495632, -1), (-0.13712932, 0.9639048, -0.22821712, -1), (-0.22765854, 0.9568491, -0.18058635, -1), (0.013503208, 0.9509621, -0.30901253, 1), (-0.24371387, 0.9150108, -0.32149452, 1), (-0.13751267, 0.9377667, -0.3188791, 1), (0.15740618, 0.943101, -0.29288864, 1), (-0.1199264, 0.9713279, -0.2052798, 1), (-0.3489544, 0.92995626, -0.11581086, 1), (-0.22186191, 0.9605993, -0.16741061, 1), (0.06754823, 0.96132076, -0.26701975, 1), (-0.42873555, 0.8900243, -0.1550568, 1), (-0.49803537, 0.8626733, -0.08806569, 1), (-0.34584963, 0.9100678, -0.22839569, 1), (-0.28564858, 0.9172526, -0.27758348, 1), (-0.33302748, 0.9395249, -0.079910815, -1), (-0.4450736, 0.8952417, -0.021255596, -1), (-0.26204437, 0.9582041, -0.11479416, -1), (-0.17250496, 0.972476, -0.15662831, -1), (0.4107632, 0.84019595, -0.35404006, -1), (0.4107453, 0.84019303, -0.35406783, -1), (0.41076237, 0.8401849, -0.3540671, -1), (0.41076612, 0.84019905, -0.3540292, -1), (-0.49866036, 0.8621213, -0.08991582, 1), (-0.5897097, 0.80173844, -0.09725119, 1), (-0.2998202, 0.9512656, -0.07212183, 1), (-0.16312931, 0.9848563, -0.058710057, 1), (-0.60216266, 0.79836226, 0.004210931, -1), (-0.60240626, 0.79817766, 0.004364376, -1), (-0.6022593, 0.79828906, 0.004271795, -1), (-0.6020153, 0.7984739, 0.004118158, -1), (-0.7412325, 0.6608312, 0.11779812, -1), (-0.64684695, 0.7050849, 0.29059312, -1), (-0.70067376, 0.6850309, 0.19947146, -1), (-0.7471416, 0.6563662, 0.10470293, -1), (-0.78936887, 0.61388713, -0.006270426, -1), (-0.77643466, 0.62942195, 0.031260192, -1), (-0.03611332, 0.99171406, -0.12328395, -1), (-0.09440288, 0.99500644, -0.032407038, -1), (-0.06070363, 0.99451363, -0.08519214, -1), (-0.011141798, 0.9867994, -0.16156402, -1), (0.14380291, 0.90137136, -0.4084732, -1), (0.28382996, 0.806282, -0.5189892, -1), (-0.16675107, 0.97819394, -0.12381714, -1), (-0.2618432, 0.964766, -0.025778653, -1), (-0.5978552, 0.80104595, -0.029906401, -1), (-0.6095661, 0.7927353, 0, -1), (-0.6036668, 0.79709417, -0.015077313, -1), (-0.5920352, 0.80469495, -0.04427534, -1), (-0.5943968, -0.75541306, 0.27576008, -1), (-0.6114223, -0.77386385, 0.16522005, -1), (-0.56877273, -0.7260826, 0.38639566, -1), (-0.5659098, -0.7226371, 0.3969152, -1), (-0.593331, -0.75422734, 0.28124613, -1), (-0.5645188, -0.72115374, 0.40156668, -1), (-0.59089106, 0.8065883, 0.016217003, -1), (-0.5586473, 0.8289895, 0.026260555, -1), (-0.5711666, 0.820528, 0.022416577, -1), (-0.6034692, 0.79729223, 0.012252404, -1), (-0.3668687, 0.9149915, -0.16792291, -1), (-0.41168046, 0.89789236, -0.15591215, -1), (-0.32948655, 0.92733413, -0.17745423, -1), (-0.26453683, 0.9448582, -0.19303685, -1), (-0.6402926, 0.75948507, 0.11492575, -1), (-0.6109713, 0.791649, -0.0024579416, -1), (-0.6341661, 0.76803476, 0.08919523, -1), (-0.65535176, 0.7277059, 0.2023814, -1), (-0.2748341, 0.95903105, -0.068743914, -1), (-0.339498, 0.9364123, -0.088731125, -1), (-0.31173244, 0.94678706, -0.08010708, -1), (-0.25886053, 0.9638071, -0.063774556, -1), (-0.54415387, 0.8379518, -0.041633952, -1), (-0.42189533, 0.90664256, -0.0018601539, -1), (-0.45898947, 0.88833725, -0.013617788, -1), (-0.5733771, 0.8176671, -0.051567256, -1), (-0.5954808, 0.8033579, 0.0043197037, -1), (-0.60212636, 0.79836524, -0.007535576, -1), (-0.6007116, 0.7994502, -0.00498256, -1), (-0.59392506, 0.8044883, 0.0071777827, -1), (0.3109958, 0.92877215, -0.20165278, -1), (0.42195848, 0.8279828, -0.36931795, -1), (0.37189886, 0.88117427, -0.29193023, -1), (0.2485756, 0.96205425, -0.112524815, -1), (0.20913447, 0.8637015, -0.45856565, 1), (-0.25779644, 0.76943004, -0.5843958, 1), (-0.016265888, 0.8442736, -0.53566545, 1), (0.43125018, 0.83142424, -0.3503671, 1), (0.43470165, 0.8256468, -0.35964122, -1), (0.43465286, 0.82571775, -0.3595372, -1), (0.43471053, 0.8256338, -0.35966024, -1), (0.4347591, 0.82556313, -0.3597637, -1), (0.25974205, 0.85572535, -0.44751334, 1), (0.032025233, 0.83766913, -0.54523826, 1), (0.2030682, 0.8563235, -0.47484055, 1), (0.4167283, 0.8355311, -0.35808545, 1), (0.22906472, 0.951742, -0.20424677, -1), (0.35818827, 0.8458573, -0.39525515, -1), (0.31942415, 0.8856739, -0.33697185, -1), (0.17728429, 0.9755622, -0.12980239, -1), (0.41660795, 0.83512604, -0.35916898, -1), (0.41755936, 0.8375193, -0.35242826, -1), (0.4170051, 0.836516, -0.3554541, -1), (0.4162212, 0.83412474, -0.3619335, -1), (-0.13157146, 0.82990366, 0.54217046, -1), (-0.13202828, 0.8298934, 0.54207516, -1), (-0.13189155, 0.8298969, 0.5421031, -1), (-0.13142087, 0.82991254, 0.54219353, -1), (-0.53713477, 0.53160673, 0.6548897, -1), (-0.5483656, 0.52323514, 0.6523191, -1), (-0.47309628, 0.5759236, 0.6667022, -1), (-0.46532097, 0.5809458, 0.66781616, -1), (0.49326906, 0.7091206, 0.5038189, -1), (-0.68623215, 0.51426625, 0.51440805, -1), (0.32299587, 0.75752413, 0.56730133, -1), (0.58718723, 0.6680167, 0.4571268, -1), (-0.12224399, 0.9171523, 0.37932593, -1), (-0.74040645, 0.6252656, -0.24666038, -1), (-0.6785494, 0.7189124, -0.15078346, -1), (-0.047803577, 0.90211195, 0.4288459, -1), (0.024760555, -0.6437839, -0.76480657, -1), (0.37493733, -0.5652841, -0.7347625, -1), (0.14718975, -0.62682545, -0.76513076, -1), (-0.32065493, -0.63837874, -0.699752, -1), (0.45289832, -0.4288019, 0.78167254, -1), (0.4244098, -0.4498653, 0.7858101, -1), (0.548419, -0.35040498, 0.7592449, -1), (0.5375823, -0.35993922, 0.76252806, -1), (0.58851933, -0.313375, 0.7452792, -1), (0.5868142, -0.3150263, 0.7459272, -1), (-0.6933344, 0.70440084, 0.1520098, -1), (0.011188843, 0.92980593, -0.36788, -1), (-0.057963297, 0.94213396, -0.33018768, -1), (-0.74666834, 0.62994415, 0.21367471, -1), (-0.109114535, 0.98175484, 0.15572864, -1), (-0.105528705, 0.9837421, 0.14531067, -1), (-0.11073626, 0.980796, 0.16055128, -1), (-0.11425138, 0.97866607, 0.170761, -1), (-0.06695046, 0.9928578, 0.09874685, -1), (-0.06737069, 0.99294513, 0.09757645, -1), (-0.0668124, 0.9928241, 0.09917844, -1), (-0.06631148, 0.9927099, 0.100646846, -1), (-0.5590694, 0.3427084, 0.7549783, -1), (-0.57486326, 0.32902262, 0.7491839, -1), (-0.6540112, 0.25386986, 0.7126146, -1), (-0.4936111, 0.39561445, 0.7744917, -1), (-0.67102313, 0.2360641, 0.7028525, -1), (-0.44801226, 0.42919537, 0.78426796, -1), (-0.27731457, 0.67671686, 0.6820197, -1), (-0.35174343, 0.64706385, 0.6764502, -1), (-0.089678906, 0.7303745, 0.6771342, -1), (-0.024216156, 0.74241483, 0.6695026, -1), (0.5796759, -0.51937485, 0.62787396, -1), (0.58015126, -0.5189784, 0.6277626, -1), (0.5736286, -0.5244347, 0.6292205, -1), (0.5729956, -0.5249607, 0.62935865, -1), (0.34660947, -0.6764607, 0.6498175, -1), (0.4509783, -0.62332124, 0.63881856, -1), (-0.03338816, -0.78361034, 0.6203549, -1), (-0.11524897, -0.7907492, 0.6011933, -1), (-0.62339395, 0.378508, -0.6841869, -1), (-0.49357867, 0.48953405, -0.7188439, -1), (-0.45203656, 0.5197155, -0.7249543, -1), (-0.5651977, 0.43174437, -0.7029568, -1), (-0.39690676, 0.5564532, -0.7299485, -1), (-0.53592426, 0.45631632, -0.7103242, -1), (-0.58124566, 0.4176873, -0.6983486, -1), (-0.58036196, 0.4184755, -0.6986117, -1), (-0.26373726, 0.65952957, -0.70389163, -1), (-0.3279691, 0.63306594, -0.70118743, -1), (-0.013077741, 0.72969407, -0.6836487, -1), (0.051897228, 0.7397526, -0.67087466, -1), (0.09855543, 0.7599841, -0.6424259, -1), (0.1010101, 0.76021075, -0.64177614, -1), (-0.042718556, 0.7400213, -0.6712255, -1), (-0.14794838, 0.7148375, -0.6834608, -1), (-0.2291329, 0.6892378, -0.6873496, -1), (0.5819935, -0.33354807, -0.7416395, -1), (0.69607747, -0.2233614, -0.6823384, -1), (0.4459086, -0.43579087, -0.7818259, -1), (0.47749165, -0.40258986, -0.78097576, -1), (0.37561303, -0.46954015, -0.79902875, -1), (0.5679756, -0.33229035, -0.7529853, -1), (0.5074712, -0.38030034, -0.7732041, -1), (0.53361124, -0.36021665, -0.7651818, -1), (0.19475809, -0.60033226, -0.7756742, -1), (0.24811782, -0.5796594, -0.77616525, -1), (-0.012567961, -0.6495189, -0.76024157, -1), (0, -0.64715713, -0.76235664, -1), (0.108611934, -0.62756073, -0.7709545, -1), (0.0045666993, -0.65132433, -0.75878567, -1), (0.07624675, -0.6358224, -0.76806, -1), (-0.047637865, -0.66003627, -0.7497218, -1), (-0.18682306, 0.9712938, -0.14725982, -1), (-0.19604816, 0.9387211, -0.28349218, -1), (-0.17090379, 0.9850911, 0.019685667, -1), (-0.15850177, 0.9795686, 0.12378446, -1), (-0.19747433, 0.96736187, -0.1587919, 1), (-0.30797616, 0.94736785, 0.08743526, 1), (-0.26423538, 0.9643336, -0.0154993255, 1), (-0.12713821, 0.94678617, -0.29568854, 1), (-0.14171597, 0.98987234, 0.008323704, 1), (-0.14202602, 0.95314956, 0.26708537, 1), (-0.14307071, 0.981673, 0.12589176, 1), (-0.13426523, 0.971037, -0.19763584, 1), (-0.21584566, 0.91777223, 0.33332393, 1), (-0.1775352, 0.88683665, 0.42661703, 1), (-0.25595123, 0.9403525, 0.22411193, 1), (-0.28113484, 0.948159, 0.1481811, 1), (-0.101298876, 0.95870364, 0.26575512, -1), (-0.08907026, 0.9120687, 0.40024632, -1), (-0.107872136, 0.97788507, 0.17917721, -1), (-0.114549406, 0.99053943, 0.07556454, -1), (-0.105738826, 0.8265471, -0.5528465, -1), (-0.10599978, 0.8265354, -0.552814, -1), (-0.10590249, 0.8265478, -0.552814, -1), (-0.10566802, 0.8265281, -0.55288845, -1), (-0.18084402, 0.8850496, 0.42893204, 1), (-0.22423132, 0.8294186, 0.51164925, 1), (-0.07860661, 0.9698676, 0.23060317, 1), (-0.013712854, 0.99463564, 0.10252774, 1), (-0.12983328, 0.81775737, 0.56072843, -1), (-0.12981924, 0.8174829, 0.5611316, -1), (-0.12974656, 0.8173855, 0.5612904, -1), (-0.1297615, 0.8176645, 0.56088036, -1), (-0.058375336, 0.680657, 0.7302728, -1), (0.11662385, 0.7064805, 0.6980574, -1), (0.038685247, 0.6977873, 0.71525973, -1), (-0.11326917, 0.66790485, 0.73557675, -1), (0.029229527, 0.6964086, 0.71704996, -1), (-0.15460712, 0.6568382, 0.738011, -1), (-0.031262666, 0.998522, -0.044458978, -1), (0.037078146, 0.9981154, 0.04889514, -1), (0, 0.9999958, -0.0028834622, -1), (-0.05809942, 0.9950094, -0.08112163, -1), (-0.2500025, 0.91187775, -0.3255422, -1), (-0.31159794, 0.8132492, -0.49145964, -1), (-0.07560404, 0.99293375, 0.09146968, -1), (-0.019294696, 0.97645026, 0.214878, -1), (-0.16085021, 0.8224045, 0.5456904, -1), (-0.13637449, 0.81197405, 0.5675386, -1), (-0.14864154, 0.8173031, 0.55670583, -1), (-0.1722802, 0.8269499, 0.5352321, -1), (0.10812642, -0.6974169, 0.70846194, -1), (0.10714966, -0.6976811, 0.7083502, -1), (0.012627732, -0.71926093, 0.69462526, -1), (0.026028225, -0.71665144, 0.69694567, -1), (-0.113214135, -0.73719394, 0.66612893, -1), (-0.08401701, -0.73412454, 0.6737968, -1), (-0.11423628, 0.825594, 0.55258, -1), (-0.08862762, 0.84856594, 0.5216139, -1), (-0.09786782, 0.84046733, 0.5329507, -1), (-0.123606764, 0.8166455, 0.5637477, -1), (-0.20372774, 0.9427239, 0.2641338, -1), (-0.20956689, 0.9276282, 0.30917233, -1), (-0.19799837, 0.95459116, 0.22260384, -1), (-0.18857956, 0.96915096, 0.15869568, -1), (-0.040004198, 0.7716595, 0.6347764, -1), (-0.13998163, 0.81215537, 0.56639993, -1), (-0.06490511, 0.7833336, 0.61820376, -1), (0.03328353, 0.7349113, 0.6773459, -1), (-0.06591027, 0.9753049, 0.21079922, -1), (-0.11068487, 0.9573263, 0.26697412, -1), (-0.09254597, 0.96528274, 0.2442635, -1), (-0.055792812, 0.97862077, 0.19796096, -1), (-0.15011199, 0.8602611, 0.48725474, -1), (-0.059839506, 0.92331344, 0.37935695, -1), (-0.08514692, 0.9079394, 0.41036096, -1), (-0.17097802, 0.84230703, 0.5111609, -1), (-0.12580599, 0.823712, 0.55287546, -1), (-0.14118521, 0.8193941, 0.55557173, -1), (-0.13819352, 0.82023585, 0.5550817, -1), (-0.122489035, 0.82462066, 0.55226547, -1), (0.01511652, 0.91667676, -0.39934334, -1), (-0.116756, 0.81422573, -0.56868654, -1), (-0.057976168, 0.86630124, -0.4961461, -1), (0.07862588, 0.94771343, -0.309285, -1), (-0.2862644, 0.8716391, -0.39786693, 1), (-0.5902693, 0.80719703, 0.0038740232, 1), (-0.4433812, 0.86979777, -0.21648332, 1), (-0.09540911, 0.81599617, -0.5701292, 1), (-0.10342176, 0.8102704, -0.57685864, -1), (-0.10332393, 0.8103417, -0.57677585, -1), (-0.10343418, 0.8102613, -0.5768692, -1), (-0.10353148, 0.81019026, -0.5769515, -1), (-0.25162753, 0.8582602, -0.4472951, 1), (-0.43334523, 0.86011934, -0.26908463, 1), (-0.299267, 0.86402094, -0.4048545, 1), (-0.1075999, 0.82154936, -0.55989194, 1), (-0.014073108, 0.94603425, -0.3237608, -1), (-0.16223413, 0.8390239, -0.5193446, -1), (-0.11866963, 0.87778515, -0.4641238, -1), (0.038504906, 0.9677008, -0.24914363, -1), (-0.108770065, 0.82107353, -0.5603636, -1), (-0.10150259, 0.8232229, -0.5585708, -1), (-0.10463203, 0.82233816, -0.559296, -1), (-0.11164312, 0.82026124, -0.5609879, -1), (1, 0, 0, -1), (1, 0, 0, -1), (1, 0, 0, -1), (1, 0, 0, -1), (1, 0, 0, -1), (1, 0, 0, -1), (-0.41172236, 0.74892163, -0.5192313, -1), (-0.8111557, 0.4193765, 0.40761462, -1), (-0.4780668, 0.755275, -0.44834334, -1), (-0.24287662, 0.70640093, -0.6648373, -1), (0.35171843, 0.8244347, 0.4433978, -1), (0.351853, 0.8244871, 0.4431936, -1), (0.35178542, 0.8244895, 0.4432428, -1), (0.35162845, 0.8244494, 0.44344175, -1), (0.29016736, 0.5154902, 0.8062709, -1), (0.28358418, 0.50658864, 0.8142162, -1), (0.32411277, 0.5611239, 0.761637, -1), (0.32824853, 0.5667165, 0.7557018, -1), (0.6185149, 0.7761708, -0.12246681, -1), (0.13363385, 0.5246862, 0.84074163, -1), (0.58982664, 0.8063382, 0.043854877, -1), (0.62784666, 0.7411047, -0.2378497, -1), (0.22041468, 0.8998107, 0.37650803, -1), (-0.5933979, 0.5477897, 0.5897503, -1), (-0.4797767, 0.6504307, 0.58885837, -1), (0.29524598, 0.89424276, 0.3363922, -1), (-0.60484827, -0.6654837, -0.43736714, -1), (-0.42605415, -0.5640777, -0.7073147, -1), (-0.5584465, -0.64348245, -0.52351487, -1), (-0.71607214, -0.6889612, -0.11213034, -1), (0.94364893, -0.28372037, -0.1703802, -1), (0.9117188, -0.4091075, -0.037412904, -1), (0.8510001, -0.51696295, 0.092456326, -1), (0.92383933, -0.3753969, -0.07482038, -1), (0.9468434, -0.2454583, -0.20793736, -1), (0.9465331, -0.25128725, -0.20231143, -1), (-0.21915565, 0.65899867, 0.7195078, -1), (-0.39184797, 0.91507584, -0.09534936, -1), (-0.3889797, 0.9207605, -0.029912796, -1), (-0.18575107, 0.59174615, 0.7844316, -1), (0.019941635, 0.9640684, 0.26490444, -1), (0.01216291, 0.96629024, 0.2571677, -1), (0.024352008, 0.96274656, 0.26930684, -1), (0.03197436, 0.96037006, 0.27688807, -1), (-0.010730889, 0.97865695, 0.20522049, -1), (-0.011886678, 0.9786781, 0.2050559, -1), (-0.010300824, 0.9786478, 0.20528606, -1), (-0.008873001, 0.9786186, 0.20549214, -1), (0.35790598, 0.3070967, 0.8818134, -1), (0.37102836, 0.3245013, 0.8700786, -1), (0.3048529, 0.23759428, 0.9222872, -1), (0.3233878, 0.26170304, 0.90935796, -1), (0.38296795, 0.34050685, 0.8587145, -1), (0.6427976, 0.75569415, 0.12544975, -1), (0.41787493, 0.6731833, 0.61008584, -1), (0.3802086, 0.6371687, 0.6704159, -1), (0.49220836, 0.737852, 0.46185008, -1), (0.51607245, 0.7561267, 0.40241972, -1), (0.84569, -0.4596031, -0.27124438, -1), (0.8457901, -0.4591549, -0.27169096, -1), (0.8445006, -0.4649483, -0.26578504, -1), (0.8443834, -0.46551538, -0.2651644, -1), (0.77119213, -0.6329705, -0.06790476, -1), (0.8049739, -0.57019687, -0.16398971, -1), (0.59257776, -0.76926035, 0.23893549, -1), (0.5394627, -0.78496957, 0.3046354, -1), (-0.9114662, 0.31214285, 0.26794833, -1), (-0.9022188, 0.383493, 0.19731747, -1), (-0.88171685, 0.4567855, 0.117993146, -1), (-0.9075019, 0.35200754, 0.2291964, -1), (-0.90661836, 0.3581489, 0.2230976, -1), (-0.8885982, 0.43661392, 0.14057568, -1), (-0.7335771, 0.6609713, -0.15805572, -1), (-0.86449265, 0.497693, 0.07038454, -1), (-0.78691214, 0.6167076, -0.02099667, -1), (-0.81039184, 0.5847795, 0.036028497, -1), (-0.66762125, 0.7081914, -0.22966678, -1), (-0.62894374, 0.7244928, -0.28202835, -1), (-0.7411643, 0.66654944, -0.0799217, -1), (-0.7135263, 0.688788, -0.12826283, -1), (-0.6434393, 0.7290107, -0.23351517, -1), (-0.580748, 0.75154287, -0.3129137, -1), (-0.5787895, 0.7520813, -0.3152404, -1), (-0.3388303, -0.28250298, -0.8974331, -1), (-0.26743123, -0.21023524, -0.9403625, -1), (-0.44114763, -0.428485, -0.78853625, -1), (-0.4323618, -0.39971548, -0.808264, -1), (-0.42039457, -0.3835538, -0.82228637, -1), (-0.6612365, -0.7415054, -0.11373653, -1), (-0.37118086, -0.32140714, -0.87116146, -1), (-0.400017, -0.35772598, -0.8438119, -1), (-0.5390917, -0.60953194, -0.58124954, -1), (-0.51358503, -0.58400655, -0.62862295, -1), (-0.6153748, -0.67281777, -0.410646, -1), (-0.6124465, -0.67040056, -0.4188943, -1), (-0.5740149, -0.64308894, -0.5068961, -1), (-0.6091052, -0.6733093, -0.41910067, -1), (-0.5856441, -0.65356994, -0.47944483, -1), (-0.62542415, -0.6862408, -0.3713734, -1), (-0.27961844, 0.94062495, 0.19245307, -1), (-0.3984485, 0.9069818, 0.13646522, -1), (-0.12259782, 0.95833486, 0.25800014, -1), (-0.027424995, 0.9555858, 0.29343423, -1), (-0.2935264, 0.9364882, 0.1919169, 1), (-0.11989507, 0.90833586, 0.4006884, 1), (-0.19095276, 0.92791617, 0.3201698, 1), (-0.3790073, 0.92257535, 0.07216681, 1), (-0.1263235, 0.9660578, 0.22533286, 1), (0.10477629, 0.9341214, 0.34123185, 1), (-0.01799244, 0.9592067, 0.28213263, 1), (-0.29630598, 0.946609, 0.1270194, 1), (0.1280002, 0.8954834, 0.42629263, 1), (0.22865063, 0.8717719, 0.43328142, 1), (0.02007527, 0.91012216, 0.41385323, 1), (-0.059227116, 0.91389936, 0.40159714, 1), (0.1169087, 0.9454567, 0.304046, -1), (0.2412968, 0.9051555, 0.34995636, -1), (0.046338983, 0.9600875, 0.27583453, -1), (-0.047626376, 0.9706153, 0.23587641, -1), (-0.59248275, 0.80169946, -0.07900674, -1), (-0.5924407, 0.8017202, -0.07911258, -1), (-0.5924648, 0.8017059, -0.079076886, -1), (-0.59248835, 0.8016987, -0.078973085, -1), (0.22672229, 0.8720215, 0.43379205, 1), (0.28560144, 0.81342924, 0.50671947, 1), (0.102515765, 0.95611054, 0.274487, 1), (0.018615555, 0.9864249, 0.163154, 1), (0.3683607, 0.81422657, 0.44871548, -1), (0.36831808, 0.81424797, 0.4487117, -1), (0.36850783, 0.8141388, 0.44875368, -1), (0.36812836, 0.81436497, 0.448655, -1), (0.5581551, 0.69693846, 0.4502661, -1), (0.60964614, 0.73616457, 0.29392734, -1), (0.58799446, 0.7206586, 0.3673061, -1), (0.5380257, 0.67975193, 0.49846333, -1), (0.58429945, 0.71778554, 0.378653, -1), (0.5210732, 0.66507757, 0.5349341, -1), (-0.11891202, 0.9867307, 0.110556126, -1), (-0.0074595064, 0.99551576, 0.0943018, -1), (-0.07045347, 0.992117, 0.10363527, -1), (-0.16373014, 0.9795687, 0.116780765, -1), (-0.46373692, 0.87123954, 0.16090308, -1), (-0.63211036, 0.7642753, 0.12774886, -1), (-0.021868743, 0.9774237, 0.21015394, -1), (0.113261975, 0.9696885, 0.21650867, -1), (0.3406439, 0.8154531, 0.467972, -1), (0.3707265, 0.8087389, 0.45662153, -1), (0.35517457, 0.8123511, 0.46253294, -1), (0.32592353, 0.81839937, 0.4732826, -1), (0.72606313, -0.66773605, 0.16419779, -1), (0.7255245, -0.66812366, 0.16499998, -1), (0.6750578, -0.6976415, 0.23998591, -1), (0.6813814, -0.69447327, 0.23114118, -1), (0.59578055, -0.72791696, 0.33938533, -1), (0.61551553, -0.72185594, 0.31632996, -1), (0.3690751, 0.8227272, 0.43232343, -1), (0.3542944, 0.8441639, 0.40232167, -1), (0.36030394, 0.8358181, 0.41423327, -1), (0.37503752, 0.8135483, 0.44439393, -1), (0.078108214, 0.9179646, 0.388896, -1), (0.11892018, 0.90213424, 0.41474298, -1), (0.045482956, 0.9288524, 0.36764747, -1), (-0.011680736, 0.9442352, 0.32906473, -1), (0.47465163, 0.78179044, 0.40436336, -1), (0.36957887, 0.80762374, 0.4595164, -1), (0.45305872, 0.7884881, 0.41596204, -1), (0.5503359, 0.754459, 0.35766187, -1), (0.08875605, 0.9629597, 0.254619, -1), (0.11866814, 0.9411075, 0.31659847, -1), (0.105562985, 0.9513383, 0.28950274, -1), (0.081271425, 0.96759754, 0.23906083, -1), (0.29442564, 0.85061854, 0.43561623, -1), (0.23953557, 0.91679215, 0.31955403, -1), (0.2567754, 0.8986801, 0.35558477, -1), (0.3077236, 0.830455, 0.46438196, -1), (0.36386618, 0.81901157, 0.4436457, -1), (0.35977063, 0.81375974, 0.45646483, -1), (0.36066735, 0.8149099, 0.45369694, -1), (0.36489624, 0.8202144, 0.4405669, -1), (-0.4096706, 0.90630025, -0.103873864, -1), (-0.6114546, 0.7874688, -0.077564575, -1), (-0.52344644, 0.8472757, -0.09015349, -1), (-0.30263886, 0.9461838, -0.11465643, -1), (-0.53714657, 0.8314745, 0.14185846, 1), (-0.30413756, 0.75067216, 0.58650815, 1), (-0.4365899, 0.8185148, 0.37339365, 1), (-0.6031566, 0.79163045, -0.09758689, 1), (-0.61225957, 0.785076, -0.09377566, -1), (-0.6121781, 0.7851368, -0.0937991, -1), (-0.61227286, 0.7850661, -0.09377182, -1), (-0.61235386, 0.7850058, -0.0937485, -1), (-0.56220317, 0.8212971, 0.096947044, 1), (-0.47871664, 0.80961967, 0.33962682, 1), (-0.54300874, 0.82360417, 0.16376078, 1), (-0.5993527, 0.7963626, -0.0811351, 1), (-0.35612, 0.9336131, -0.039309554, -1), (-0.58979744, 0.8074728, -0.0112545965, -1), (-0.5225702, 0.85236317, -0.019932766, -1), (-0.26609212, 0.9627166, -0.048701335, -1), (-0.60020167, 0.79582006, -0.0801776, -1), (-0.595682, 0.7986553, -0.08551381, -1), (-0.59763825, 0.7974463, -0.08311438, -1), (-0.6019791, 0.79469573, -0.07797413, -1), (-0.6655709, 0.74137884, 0.08586544, -1), (-0.09157211, 0.41608754, 0.90470195, -1), (-0.64153206, 0.7468509, 0.17507197, -1), (-0.70018077, 0.7007769, -0.13659683, -1), (0.5705311, 0.8181364, -0.07174368, -1), (0.57045287, 0.81817865, -0.07188428, -1), (0.57046556, 0.8181742, -0.07183301, -1), (0.57052815, 0.818144, -0.0716797, -1), (0.8435909, 0.51023227, 0.1673838, -1), (0.8468598, 0.5014505, 0.17713255, -1), (0.82379144, 0.5549394, 0.11580186, -1), (0.8209526, 0.5604722, 0.10912207, -1), (0.23369148, 0.77211887, -0.59094906, -1), (0.79176116, 0.51901734, 0.32207954, -1), (0.35609, 0.7999308, -0.4830224, -1), (0.1405241, 0.73858243, -0.6593549, -1), (0.44417447, 0.8959348, 0.003148947, -1), (0.18380472, 0.54646015, 0.8170662, -1), (0.24555172, 0.6498302, 0.7193226, -1), (0.4499565, 0.88932294, -0.08150901, -1), (-0.6989458, -0.6554238, 0.2861718, -1), (-0.83062345, -0.5568331, -0.0012586906, -1), (-0.7435939, -0.6353512, 0.20831937, -1), (-0.48275414, -0.6809627, 0.55067074, -1), (0.3360444, -0.24312638, -0.90992516, -1), (0.34676853, -0.2565481, -0.90218335, -1), (0.39367294, -0.3158773, -0.86327463, -1), (0.3632401, -0.27719086, -0.88950646, -1), (0.42217004, -0.3525867, -0.8351378, -1), (0.6514958, -0.6948577, -0.30450925, -1), (0.50402516, 0.6554977, 0.5623889, -1), (-0.29917434, 0.91100174, 0.28384954, -1), (-0.2412043, 0.9176267, 0.31588256, -1), (0.5779126, 0.58723843, 0.5667169, -1), (0.23999849, 0.9633105, 0.12013944, -1), (0.22854139, 0.9657426, 0.1229234, -1), (0.2461364, 0.96194935, 0.118618436, -1), (0.25735298, 0.9593467, 0.11585881, -1), (0.17187221, 0.9783051, 0.11566862, -1), (0.17038691, 0.97835994, 0.117389165, -1), (0.17239404, 0.9782857, 0.11505366, -1), (0.17423376, 0.9782096, 0.11290938, -1), (0.9473834, 0.2472594, 0.20329171, -1), (0.94717926, 0.17880602, 0.26623267, -1), (0.91815656, 0.39220622, 0.05623864, -1), (0.9319114, 0.3475546, 0.10366683, -1), (0.80217785, 0.5740572, -0.16422215, -1), (0.93174154, 0.34820035, 0.10302533, -1), (0.7449216, 0.6657901, -0.042605106, -1), (0.7763721, 0.62991834, 0.021193827, -1), (0.66006243, 0.7292013, -0.18050759, -1), (0.6222506, 0.7476671, -0.23194408, -1), (0.226681, -0.45477068, -0.8612777, -1), (0.22636023, -0.45434132, -0.86158866, -1), (0.23052841, -0.45985276, -0.8575501, -1), (0.2309778, -0.46039906, -0.8571359, -1), (0.35989174, -0.6263592, -0.6914854, -1), (0.29585022, -0.56397784, -0.7709744, -1), (0.5243237, -0.76079345, -0.38246304, -1), (0.55214185, -0.7768895, -0.3026252, -1), (-0.2647031, 0.3078526, 0.9138704, -1), (-0.35020098, 0.41716117, 0.8386511, -1), (-0.37583828, 0.45007482, 0.81004834, -1), (-0.291301, 0.34178412, 0.8934916, -1), (-0.3587725, 0.4281868, 0.8294205, -1), (-0.62142664, 0.77757245, 0.0959689, -1), (-0.29671752, 0.34870225, 0.88902503, -1), (-0.30276242, 0.35643533, 0.88390553, -1), (-0.4435693, 0.60888714, 0.6576494, -1), (-0.40744528, 0.577162, 0.7077233, -1), (-0.5561166, 0.6987458, 0.44998738, -1), (-0.5802202, 0.7152592, 0.38954931, -1), (-0.4687073, 0.6580485, 0.5893095, -1), (-0.49526054, 0.68002874, 0.5406273, -1), (-0.54703146, 0.7201826, 0.42672414, -1), (-0.58133036, 0.7429074, 0.33187887, -1), (-0.57969916, 0.7419339, 0.33687234, -1), (-0.9434503, -0.28905064, -0.16233076, -1), (-0.9439838, -0.20871788, -0.25560004, -1), (-0.9059924, -0.42219165, -0.030529473, -1), (-0.92940706, -0.35762528, -0.091141015, -1), (-0.93621194, -0.33150607, -0.11666581, -1), (-0.9121083, -0.40887848, -0.029610539, -1), (-0.7189577, -0.634908, 0.28282788, -1), (-0.91882557, -0.39151996, -0.049715377, -1), (-0.78322834, -0.6009701, 0.15933739, -1), (-0.8098461, -0.57562864, 0.11314073, -1), (-0.68092865, -0.6632396, 0.31056306, -1), (-0.69188404, -0.6596764, 0.29346827, -1), (-0.7428448, -0.6317002, 0.22166742, -1), (-0.6860114, -0.66312903, 0.29941323, -1), (-0.65261734, -0.67721754, 0.33980435, -1), (-0.65258884, -0.67716146, 0.33997068, -1), (0.013287385, 0.9401099, 0.34061253, -1), (-0.09981304, 0.90520316, 0.41309163, -1), (0.1577054, 0.95833015, 0.2381851, -1), (0.23915042, 0.9550244, 0.17531542, -1), (0.0039834017, 0.93596554, 0.35206905, 1), (0.28234965, 0.9076059, 0.3106931, 1), (0.17498232, 0.9275901, 0.33008778, 1), (-0.1464976, 0.9202898, 0.36277413, 1), (0.12462636, 0.966141, 0.22592002, 1), (0.35157818, 0.9321357, 0.08669388, 1), (0.23607661, 0.9583872, 0.16050465, 1), (-0.051996905, 0.94596344, 0.3200773, 1), (0.43665412, 0.8927364, 0.11115259, 1), (0.4969015, 0.8673566, 0.027954202, 1), (0.36755937, 0.9087191, 0.19781229, 1), (0.31436065, 0.9131847, 0.25936642, 1), (0.32592833, 0.9436557, 0.05731047, -1), (0.43276593, 0.9011309, -0.026011843, -1), (0.2629158, 0.9592247, 0.103746206, -1), (0.1780343, 0.9703711, 0.16335133, -1), (-0.38884267, 0.7952593, 0.46514946, -1), (-0.38928723, 0.7952644, 0.46476868, -1), (-0.38914746, 0.79524237, 0.4649235, -1), (-0.38869575, 0.7952684, 0.46525675, -1), (0.49719444, 0.86712337, 0.029911907, 1), (0.59036314, 0.8069529, 0.017271705, 1), (0.29127404, 0.9551025, 0.05420844, 1), (0.15059315, 0.9862228, 0.06845728, 1), (0.5837734, 0.8076604, -0.08302603, -1), (0.5840209, 0.8074588, -0.08324613, -1), (0.5838676, 0.80758363, -0.083109826, -1), (0.58361965, 0.80778545, -0.082889356, -1), (0.6626276, 0.69832593, -0.2706761, -1), (0.735706, 0.6562117, -0.16769871, -1), (0.7171256, 0.6688044, -0.1960396, -1), (0.64904684, 0.70420873, -0.28779888, -1), (0.5799012, 0.72738695, -0.3669099, -1), (0.5799828, 0.7273667, -0.366821, -1), (0.030786386, 0.9865672, 0.16042885, -1), (0.07864586, 0.99543816, 0.054016877, -1), (0.051959667, 0.9921483, 0.11376238, -1), (0.011554334, 0.9792469, 0.20234114, -1), (-0.11538459, 0.86803764, 0.4829049, -1), (-0.23610039, 0.75716716, 0.6090603, -1), (0.17229755, 0.97713816, 0.12455774, -1), (0.25067198, 0.9679914, 0.012494167, -1), (0.5855086, 0.8091546, -0.04948174, -1), (0.59167737, 0.8021225, -0.080731004, -1), (0.5884916, 0.80591965, -0.06458481, -1), (0.582221, 0.81230444, -0.03435446, -1), (0.6067714, -0.71572965, -0.34577373, -1), (0.6176086, -0.7227776, -0.31008422, -1), (0.5653724, -0.6854255, -0.4588528, -1), (0.56703246, -0.6868146, -0.45470858, -1), (0.53187937, -0.65844214, -0.532502, -1), (0.532287, -0.6588393, -0.5316026, -1), (0.5701702, 0.81632876, -0.09226742, -1), (0.5373307, 0.83798647, -0.09515504, -1), (0.5505998, 0.8294574, -0.09402316, -1), (0.5835469, 0.8069637, -0.09100877, -1), (0.37843576, 0.9158575, 0.13413228, -1), (0.42258218, 0.899329, 0.112390585, -1), (0.34172058, 0.92749715, 0.1515784, -1), (0.2776245, 0.9435336, 0.18074562, -1), (0.6019409, 0.7741393, -0.19589694, -1), (0.59354746, 0.8009705, -0.07840698, -1), (0.6008469, 0.78073704, -0.17155956, -1), (0.602467, 0.7458829, -0.28406382, -1), (0.26830992, 0.9617246, 0.055639792, -1), (0.33889794, 0.9387649, 0.06219772, -1), (0.30789223, 0.9495689, 0.059338193, -1), (0.25062826, 0.9665764, 0.053995207, -1), (0.53364015, 0.845289, -0.026733277, -1), (0.4044417, 0.9136878, -0.04001766, -1), (0.44529077, 0.89466244, -0.03599121, -1), (0.5658502, 0.82418424, -0.02310694, -1), (0.5771525, 0.8125291, -0.08180107, -1), (0.58579963, 0.8072844, -0.07162773, -1), (0.58391976, 0.8084432, -0.07387294, -1), (0.5750188, 0.8137905, -0.0842514, -1), (-0.31138185, 0.90296376, 0.29613823, -1), (-0.39786008, 0.7806247, 0.48200873, -1), (-0.36138466, 0.84182495, 0.40091386, -1), (-0.26284575, 0.9439853, 0.199509, -1), (-0.16925971, 0.8282634, 0.5341637, 1), (0.3401519, 0.75059855, 0.566479, 1), (0.085306175, 0.8176044, 0.5694259, 1), (-0.41059777, 0.78474945, 0.4643036, 1), (-0.4120042, 0.77821034, 0.47396332, -1), (-0.41198158, 0.77827686, 0.47387376, -1), (-0.41200817, 0.7781987, 0.47397888, -1), (-0.4117916, 0.77829397, 0.47401088, -1), (-0.22230801, 0.81715375, 0.5318259, 1), (0.03171475, 0.80844903, 0.5877111, 1), (-0.1535297, 0.8203738, 0.5508317, 1), (-0.3944735, 0.7897614, 0.46975264, 1), (-0.22687256, 0.93164533, 0.28384113, -1), (-0.3302793, 0.8009301, 0.49942622, -1), (-0.3013937, 0.84709287, 0.43771628, -1), (-0.18578239, 0.9616933, 0.2015714, -1), (-0.39397824, 0.7893, 0.47094232, -1), (-0.39611706, 0.7920941, 0.4644115, -1), (-0.3951343, 0.7908802, 0.46730864, -1), (-0.39306587, 0.78817123, 0.47358775, -1), (0.3536491, 0.7866328, 0.5061038, -1), (0.7720827, 0.43579993, -0.46256542, -1), (0.43446308, 0.79848295, 0.41673353, -1), (0.19575062, 0.7364443, 0.64755803, -1), (-0.30331928, 0.8561231, -0.41839048, -1), (-0.30391967, 0.856256, -0.41768223, -1), (-0.30374262, 0.8562102, -0.417905, -1), (-0.303152, 0.85605264, -0.4186558, -1), (-0.23327939, 0.5427506, -0.8068472, -1), (-0.22665118, 0.53324884, -0.8150307, -1), (-0.2691417, 0.5935223, -0.75848144, -1), (-0.27321804, 0.5992473, -0.7524989, -1), (-0.5787567, 0.7950819, 0.18134348, -1), (-0.09025696, 0.5542251, -0.8274589, -1), (-0.5433897, 0.839356, -0.01446344, -1), (-0.5885345, 0.75195724, 0.29696357, -1), (-0.16739865, 0.91767645, -0.36034372, -1), (0.5642319, 0.5544274, -0.611762, -1), (0.46172807, 0.65295535, -0.6003803, -1), (-0.2403248, 0.91745776, -0.3170413, -1), (0.57149255, -0.7187168, 0.39603338, -1), (0.37445855, -0.60322016, 0.70420617, -1), (0.5046551, -0.6871992, 0.5225711, -1), (0.67978764, -0.7310352, 0.058960624, -1), (-0.9072356, -0.38037014, 0.17956059, -1), (-0.91978586, -0.24434507, 0.3070658, -1), (-0.9198144, -0.27382645, 0.28099903, -1), (-0.9139099, -0.34389785, 0.21564548, -1), (-0.8662718, -0.4967256, 0.053261723, -1), (-0.4030853, -0.7869616, -0.4671335, -1), (0.24291712, 0.67644036, -0.6952838, -1), (0.35715905, 0.9331194, 0.041539334, -1), (0.35621855, 0.9341949, -0.019700548, -1), (0.2179854, 0.6147645, -0.7579887, -1), (0, 0.96748257, -0.25293773, -1), (0.004027768, 0.96870875, -0.24816741, -1), (-0.0038097308, 0.9665304, -0.25652397, -1), (-0.008169183, 0.96524954, -0.26120237, -1), (0.023386152, 0.9802147, -0.1965508, -1), (0.018555373, 0.9802366, -0.19695647, -1), (0.025593953, 0.9801962, -0.19636801, -1), (0.031286824, 0.9801325, -0.19586062, -1), (-0.28358734, 0.30114847, -0.9104328, -1), (-0.31637642, 0.34712058, -0.8828439, -1), (-0.24842127, 0.25226423, -0.93522704, -1), (-0.2706287, 0.2830607, -0.9201287, -1), (-0.36835647, 0.4208276, -0.8289858, -1), (-0.39604983, 0.460566, -0.7943699, -1), (-0.3646105, 0.71192133, -0.6001893, -1), (-0.3276124, 0.6752475, -0.6608411, -1), (-0.44652936, 0.7832248, -0.43263197, -1), (-0.4702187, 0.8003217, -0.3719939, -1), (-0.80836034, -0.48435912, 0.33458903, -1), (-0.80845624, -0.48386198, 0.33507636, -1), (-0.8070178, -0.49079725, 0.32839048, -1), (-0.80687994, -0.4914583, 0.3277401, -1), (-0.7341458, -0.666817, 0.1280036, -1), (-0.7668106, -0.6018472, 0.22311783, -1), (-0.54652965, -0.81241775, -0.20318128, -1), (-0.49478307, -0.82614267, -0.26958853, -1), (0.8785834, 0.33473456, -0.34065226, -1), (0.87030137, 0.4133684, -0.2677725, -1), (0.85028934, 0.49221793, -0.1863585, -1), (0.87661964, 0.36521763, -0.31329554, -1), (0.8746431, 0.38400424, -0.29587203, -1), (0.8568114, 0.47153497, -0.20863593, -1), (0.7726215, 0.6347928, -0.00970582, -1), (0.3532578, 0.82136667, 0.44784567, -1), (0.75241536, 0.6574752, -0.039970655, -1), (0.7750705, 0.62441504, -0.096806884, -1), (0.62519956, 0.7572796, 0.18882005, -1), (0.5872264, 0.77247113, 0.24177125, -1), (0.6520653, 0.74933195, 0.11537958, -1), (0.53501344, 0.7975511, 0.27869847, -1), (0.6666229, 0.7396615, 0.09227491, -1), (0.73047, 0.682383, -0.027696583, -1), (0.7204059, 0.69352055, -0.0066709346, -1), (0.27860957, -0.29506874, 0.9139536, -1), (0.20783322, -0.21849906, 0.95344824, -1), (0.39138013, -0.46325943, 0.7951178, -1), (0.37948304, -0.42830902, 0.82008785, -1), (0.36864895, -0.41298962, 0.8327891, -1), (0.6211174, -0.7810759, 0.06429418, -1), (0.31520057, -0.34185722, 0.88531476, -1), (0.34593534, -0.38245395, 0.8567717, -1), (0.49357688, -0.6563631, 0.57058674, -1), (0.46743333, -0.62978894, 0.62038046, -1), (0.576928, -0.7244679, 0.37722704, -1), (0.57343763, -0.7217901, 0.38754156, -1), (0.53035736, -0.69176155, 0.49008867, -1), (0.5695871, -0.7243655, 0.3884136, -1), (0.5431179, -0.7025006, 0.45990857, -1), (0.58605593, -0.73646855, 0.33786476, -1), (0.26183, 0.94319737, -0.2045083, -1), (0.3681134, 0.9159406, -0.15982892, -1), (0.13444626, 0.95820516, -0.2525216, -1), (0.046094865, 0.95813555, -0.28258023, -1), (0.2729827, 0.93863076, -0.21083835, 1), (0.13813664, 0.91193485, -0.38638458, 1), (0.19897355, 0.9294493, -0.3106983, 1), (0.34413937, 0.93297046, -0.10551851, 1), (0.12317187, 0.9661089, -0.22685285, 1), (-0.07386009, 0.9434868, -0.323075, 1), (0.044362396, 0.96266645, -0.2670305, 1), (0.27783924, 0.95019853, -0.14116743, 1), (-0.093272604, 0.90862453, -0.4070647, 1), (-0.18354796, 0.8931058, -0.41069704, 1), (0.0032829102, 0.91672444, -0.3995065, 1), (0.07628618, 0.9171029, -0.39128348, 1), (-0.08847547, 0.95402473, -0.28637192, -1), (-0.19862853, 0.9245337, -0.32524475, -1), (-0.02800204, 0.9642647, -0.26345706, -1), (0.058219716, 0.9716807, -0.22901309, -1), (0.55047154, 0.83398414, 0.038097803, -1), (0.5507367, 0.83388954, 0.03629304, -1), (0.55064684, 0.8339222, 0.03690021, -1), (0.55039555, 0.8340097, 0.038632143, -1), (-0.17952943, 0.89611864, -0.40588242, 1), (-0.23293635, 0.846184, -0.47928408, 1), (-0.07918104, 0.96135634, -0.26367486, 1), (-0.0073668035, 0.98728174, -0.15880996, 1), (-0.31965065, 0.8476129, -0.42352775, -1), (-0.3199721, 0.8474509, -0.4236094, -1), (-0.31978768, 0.8475438, -0.42356262, -1), (-0.31946573, 0.8477061, -0.42348087, -1), (-0.5125526, 0.74390835, -0.42882413, -1), (-0.5681236, 0.7822992, -0.25542796, -1), (-0.54624665, 0.7688718, -0.33234152, -1), (-0.4920144, 0.726964, -0.47900426, -1), (-0.54311335, 0.76672626, -0.34228447, -1), (-0.47520575, 0.7124961, -0.51626426, -1), (0.111869544, 0.9874988, -0.11104619, -1), (0.021618491, 0.99571085, -0.089958176, -1), (0.07474914, 0.99192446, -0.10246148, -1), (0.15137774, 0.98115957, -0.120045274, -1), (0.42064, 0.88746315, -0.18833785, -1), (0.5737221, 0.8006649, -0.17256455, -1), (0.052092273, 0.97801113, -0.20194216, -1), (-0.07275041, 0.97708344, -0.20003855, -1), (-0.29173255, 0.8471292, -0.44414428, -1), (-0.32262596, 0.84248257, -0.43143436, -1), (-0.30659574, 0.84502244, -0.43810508, -1), (-0.2765797, 0.8490426, -0.45014477, -1), (-0.619522, -0.7540723, -0.21809962, -1), (-0.57321143, -0.7706856, -0.2783385, -1), (-0.6685718, -0.7290524, -0.14660875, -1), (-0.67533225, -0.72482336, -0.13622573, -1), (-0.7436875, -0.668386, -0.013746016, -1), (-0.68713146, -0.7170424, -0.11704923, -1), (-0.32131335, 0.85491514, -0.4072808, -1), (-0.30674532, 0.8748466, -0.37490103, -1), (-0.3122179, 0.86763215, -0.38695526, -1), (-0.3267192, 0.8469116, -0.41951793, -1), (-0.045675058, 0.9276888, -0.37055, -1), (-0.08149358, 0.91537297, -0.39427274, -1), (-0.02046279, 0.93522394, -0.35346487, -1), (0.029054662, 0.94734335, -0.31889874, -1), (-0.42812532, 0.8224932, -0.37445116, -1), (-0.32086316, 0.84147036, -0.43471193, -1), (-0.40602037, 0.8275577, -0.38768002, -1), (-0.5056041, 0.79942197, -0.32448274, -1), (-0.06338464, 0.96881425, -0.23954383, -1), (-0.08566992, 0.95213646, -0.29342252, -1), (-0.07613412, 0.9597151, -0.27046347, -1), (-0.057802457, 0.97242165, -0.22595364, -1), (-0.24762745, 0.87736934, -0.41097882, -1), (-0.20214084, 0.93177074, -0.30156645, -1), (-0.21524908, 0.91812986, -0.33272427, -1), (-0.2580256, 0.8619419, -0.43643907, -1), (-0.3152793, 0.85173243, -0.4185102, -1), (-0.31111526, 0.84684885, -0.43133998, -1), (-0.3119643, 0.847851, -0.42875054, -1), (-0.31621575, 0.85279435, -0.41563138, -1), (0.3771783, 0.9231728, 0.07408389, -1), (0.5679414, 0.8223243, 0.03500518, -1), (0.48180774, 0.8746383, 0.053563587, -1), (0.27487695, 0.9570363, 0.09232563, -1), (0.5026335, 0.847466, -0.1707663, 1), (0.30674598, 0.75136817, -0.5842539, 1), (0.41844052, 0.82331043, -0.38349384, 1), (0.5607749, 0.8261979, 0.054115403, 1), (0.5700899, 0.8200035, 0.050908443, -1), (0.5699977, 0.8200653, 0.050945625, -1), (0.57010025, 0.81999654, 0.050904278, -1), (0.57019204, 0.8199351, 0.050867278, -1), (0.5243527, 0.8409709, -0.13349979, 1), (0.45307148, 0.81548375, -0.3601563, 1), (0.5089791, 0.8392381, -0.19136283, 1), (0.55730784, 0.8294103, 0.03855602, 1), (0.33135596, 0.94339776, 0.014282615, -1), (0.54187995, 0.83998066, -0.028257942, -1), (0.47802347, 0.87822163, -0.014845249, -1), (0.250501, 0.9676666, 0.029505378, -1), (0.55817944, 0.82884693, 0.038058884, -1), (0.5537506, 0.83153933, 0.043618828, -1), (0.55564713, 0.8303934, 0.04126832, -1), (0.5598943, 0.8277863, 0.03589081, -1), (0.26494288, 0.78663373, -0.5576851, -1), (-0.78390384, 0.43580636, -0.44223025, -1), (0.1472997, 0.7984835, -0.5837181, -1), (0.46601853, 0.7362465, -0.49068096, -1), (-0.21360211, 0.8561243, 0.47055852, -1), (-0.21268757, 0.8562783, 0.47069263, -1), (-0.2129663, 0.8562534, 0.47061193, -1), (-0.21391529, 0.8560539, 0.47054437, -1), (-0.5858611, 0.54275113, 0.6018205, -1), (-0.59625185, 0.5332494, 0.6001073, -1), (-0.5260872, 0.59352237, 0.60906756, -1), (-0.51887167, 0.5992472, 0.6096515, -1), (0.44386837, 0.7950805, 0.4133133, -1), (-0.67451626, 0.55422276, 0.487714, -1), (0.25619683, 0.8393546, 0.47942364, -1), (0.5491908, 0.7519564, 0.36462477, -1), (-0.23038185, 0.91767734, 0.32371664, -1), (-0.8107653, 0.5544281, -0.18780039, -1), (-0.75017947, 0.6529515, -0.10433162, -1), (-0.15667652, 0.91745865, 0.36568022, -1), (0.061514743, -0.7186514, -0.6926443, -1), (0.42683843, -0.6032787, -0.6736942, -1), (0.20456551, -0.6871995, -0.6970724, -1), (-0.28498685, -0.7310355, -0.6199755, -1), (0.57839173, -0.4064011, 0.7073197, -1), (0.5547703, -0.42861134, 0.71310747, -1), (0.6636724, -0.3166789, 0.6776825, -1), (0.6511524, -0.33095464, 0.6829858, -1), (0.6965548, -0.27712816, 0.6618242, -1), (0.69509405, -0.27895552, 0.6625918, -1), (-0.7244314, 0.6764396, 0.13277245, -1), (-0.14055406, 0.9331186, -0.33095974, -1), (-0.19331302, 0.9341942, -0.2998523, -1), (-0.7665972, 0.6147642, 0.1854555, -1), (-0.21963152, 0.96748227, 0.12545972, -1), (-0.21768178, 0.9687081, 0.11924511, -1), (-0.22109894, 0.9665241, 0.13017829, -1), (-0.22297144, 0.9652502, 0.13629307, -1), (-0.18239257, 0.9802146, 0.07689056, -1), (-0.18035525, 0.9802367, 0.081289, -1), (-0.18332575, 0.9801962, 0.07488147, -1), (-0.18570128, 0.9801323, 0.06968304, -1), (-0.64673954, 0.30621377, 0.69854206, -1), (-0.49450967, 0.46056518, 0.73711586, -1), (-0.5382918, 0.42082688, 0.73016894, -1), (-0.6561299, 0.29496002, 0.69461644, -1), (-0.6780744, 0.26766938, 0.6845205, -1), (-0.67588216, 0.27044132, 0.68559813, -1), (-0.3412938, 0.7119216, 0.6137478, -1), (-0.41230673, 0.67524797, 0.6115908, -1), (-0.15514864, 0.78322315, 0.60207176, -1), (-0.0907296, 0.8003189, 0.59267, -1), (0.6906157, -0.48436174, 0.5370693, -1), (0.6910864, -0.48386416, 0.53691256, -1), (0.6845681, -0.49080303, 0.53896093, -1), (0.68393505, -0.49146459, 0.5391618, -1), (0.47436455, -0.66681796, 0.57474524, -1), (0.5731853, -0.60184777, 0.55609155, -1), (0.093732126, -0.81241924, 0.5754904, -1), (0.010422085, -0.8261442, 0.5633623, -1), (-0.7306216, 0.33472678, -0.5951052, -1), (-0.6168477, 0.46038622, -0.6383914, -1), (-0.582529, 0.4922227, -0.6468205, -1), (-0.67883927, 0.39630926, -0.6181556, -1), (-0.5225141, 0.5427527, -0.6575702, -1), (-0.65192115, 0.4252743, -0.627806, -1), (-0.6928121, 0.38050157, -0.6125602, -1), (-0.69207954, 0.3813428, -0.6128651, -1), (-0.40689093, 0.657479, -0.63416183, -1), (-0.46749455, 0.62441957, -0.62573874, -1), (-0.14512016, 0.7572805, -0.63676226, -1), (-0.08031661, 0.7724718, -0.6299497, -1), (-0.02562766, 0.7970847, -0.60332346, -1), (-0.022413144, 0.79757947, -0.6027973, -1), (-0.17692773, 0.7631603, -0.62151664, -1), (-0.28101093, 0.727984, -0.62535757, -1), (-0.36211964, 0.69352055, -0.62281513, -1), (0.62257284, -0.34499848, -0.7024095, -1), (0.7258613, -0.21849526, -0.65221554, -1), (0.4974874, -0.46328807, -0.7333965, -1), (0.5106212, -0.440771, -0.7382322, -1), (0.42141208, -0.51193386, -0.7485557, -1), (0.59456825, -0.36150414, -0.7181945, -1), (0.61154246, -0.3439651, -0.7125334, -1), (0.6107515, -0.3448201, -0.7127985, -1), (0.23028097, -0.66574943, -0.7097524, -1), (0.30798513, -0.6297918, -0.71309716, -1), (0.04249827, -0.72446793, -0.68799716, -1), (0.060183432, -0.7220078, -0.68926245, -1), (0.10641117, -0.7102444, -0.695866, -1), (0.27462855, -0.6478698, -0.71052366, -1), (0.0036536756, -0.7367243, -0.6761834, -1), (0.0034938592, -0.7366994, -0.6762114, -1), (-0.30724654, 0.94319683, -0.12640876, -1), (-0.32098228, 0.91594076, -0.24087946, -1), (-0.2859726, 0.958204, 0.008051077, -1), (-0.26839876, 0.9581341, 0.099705294, -1), (-0.31826255, 0.93863076, -0.13297051, 1), (-0.40413788, 0.91193426, 0.07105247, 1), (-0.36844766, 0.9294491, -0.019256867, 1), (-0.26192114, 0.93297106, -0.24690552, 1), (-0.25808156, 0.9661094, 0.005152621, 1), (-0.24425586, 0.9434873, 0.22398831, 1), (-0.25402063, 0.962667, 0.0935196, 1), (-0.25979418, 0.95028377, -0.17166193, 1), (-0.3076529, 0.90862435, 0.28240323, 1), (-0.26615942, 0.89310527, 0.3626599, 1), (-0.34884086, 0.9167246, 0.1947462, 1), (-0.37780154, 0.9171033, 0.12723038, 1), (-0.20517884, 0.9540128, 0.21854307, -1), (-0.18443392, 0.9245334, 0.3334996, -1), (-0.21517405, 0.9642525, 0.15465207, -1), (-0.22783639, 0.9716803, 0.06267384, -1), (-0.23914772, 0.8340078, -0.4972318, -1), (-0.24085839, 0.8338899, -0.49660334, -1), (-0.24028665, 0.83392197, -0.49682638, -1), (-0.23864605, 0.834033, -0.49743053, -1), (-0.26395968, 0.8961191, 0.35678524, 1), (-0.30133656, 0.84618497, 0.43950793, 1), (-0.19000162, 0.9613559, 0.19923387, 1), (-0.13438427, 0.98728114, 0.084952444, 1), (-0.20999007, 0.8476135, 0.487294, -1), (-0.20990238, 0.8474509, 0.48761466, -1), (-0.20995273, 0.84754425, 0.48743072, -1), (-0.21004051, 0.84770715, 0.48710954, -1), (-0.18097365, 0.7242143, 0.6654037, -1), (-0.24126193, 0.7018107, 0.6702645, -1), (-0.084496014, 0.7535551, 0.6519317, -1), (-0.065543085, 0.75836504, 0.6485265, -1), (0.058901355, 0.78228974, 0.62012374, -1), (0.058775757, 0.7822644, 0.6201675, -1), (-0.15184735, 0.98749834, -0.04230121, -1), (-0.08887697, 0.99571085, 0.02570514, -1), (-0.12602296, 0.99192446, -0.014287373, -1), (-0.17920683, 0.9811593, -0.07219029, -1), (-0.3717403, 0.8874628, -0.27243158, -1), (-0.43374795, 0.80066437, -0.41327867, -1), (-0.20127608, 0.97801113, 0.054608393, -1), (-0.13787316, 0.9770835, 0.16216886, -1), (-0.24171832, 0.8471303, 0.47322568, -1), (-0.21539217, 0.84248227, 0.49379125, -1), (-0.22911865, 0.84502256, 0.48315796, -1), (-0.2544283, 0.84904397, 0.4630233, -1), (0.1584687, -0.7427595, 0.65053517, -1), (0.2381348, -0.7170474, 0.65508384, -1), (0.2401249, -0.7163499, 0.6551204, -1), (0.139408, -0.74814355, 0.648727, -1), (0.009804864, -0.7763125, 0.63027203, -1), (0.041607544, -0.77068645, 0.6358548, -1), (-0.19504671, 0.8549157, 0.4807037, -1), (-0.17410848, 0.8748473, 0.45202693, -1), (-0.18187886, 0.86763287, 0.46274543, -1), (-0.20296949, 0.8469066, 0.49147996, -1), (-0.29945716, 0.9276896, 0.22297397, -1), (-0.30235717, 0.9153744, 0.26583827, -1), (-0.2970796, 0.93522435, 0.19261116, -1), (-0.2915316, 0.9473432, 0.132478, -1), (-0.11362583, 0.82255626, 0.5572167, -1), (-0.21913078, 0.8414504, 0.49390587, -1), (-0.13592078, 0.8277636, 0.5443647, -1), (-0.03193577, 0.79942256, 0.59991974, -1), (-0.1768398, 0.9688147, 0.1735679, -1), (-0.21264291, 0.95213723, 0.21958542, -1), (-0.19740577, 0.95971566, 0.19994181, -1), (-0.16778974, 0.9724219, 0.16199431, -1), (-0.23470609, 0.8773706, 0.4184899, -1), (-0.16211319, 0.93177176, 0.32483947, -1), (-0.1827092, 0.91813093, 0.35164317, -1), (-0.25169083, 0.8619432, 0.44012007, -1), (-0.20779093, 0.85173225, 0.48101452, -1), (-0.22100359, 0.8468484, 0.4837407, -1), (-0.21833253, 0.84785074, 0.48319784, -1), (-0.20482518, 0.85279435, 0.48040453, -1), (-0.1221696, 0.92317235, -0.3644548, -1), (-0.25048697, 0.8223229, -0.51092196, -1), (-0.19175452, 0.8746373, -0.44524133, -1), (-0.055715755, 0.9570362, -0.28456545, -1), (-0.39702266, 0.84746647, -0.3523826, 1), (-0.6595084, 0.751364, 0.022376403, 1), (-0.5402971, 0.8232834, -0.17402196, 1), (-0.23033005, 0.82619995, -0.5141418, 1), (-0.23772755, 0.8200015, -0.5206564, -1), (-0.2375941, 0.8199171, -0.5208503, -1), (-0.23773625, 0.8199945, -0.52066344, -1), (-0.23781347, 0.819932, -0.52072656, -1), (-0.37518093, 0.8411554, -0.38948292, 1), (-0.5371071, 0.8154871, -0.2156312, 1), (-0.41800982, 0.8392875, -0.34765548, 1), (-0.24211816, 0.829431, -0.5034113, 1), (-0.15147936, 0.9433972, -0.29505208, -1), (-0.29257944, 0.8399799, -0.4569803, -1), (-0.24933827, 0.87822056, -0.40811643, -1), (-0.0982575, 0.96766603, -0.2323099, -1), (-0.24298118, 0.82881385, -0.5040117, -1), (-0.2359808, 0.83153844, -0.5028488, -1), (-0.238984, 0.8304251, -0.50327015, -1), (-0.24573603, 0.8277859, -0.50436515, -1), (-0.318581, 0.7336626, 0.6002044, -1), (0.6720494, 0.4122277, 0.6151568, -1), (-0.2366597, 0.7382894, 0.6316019, -1), (-0.5205601, 0.69478625, 0.49627545, -1), (0.2767644, 0.8117956, -0.514188, -1), (0.2767144, 0.8118246, -0.51416916, -1), (0.2767319, 0.81181175, -0.51418006, -1), (0.27677962, 0.8117941, -0.51418215, -1), (0.62536967, 0.50557023, -0.5944001, -1), (0.6351433, 0.49688122, -0.59135616, -1), (0.5727631, 0.549243, -0.6085019, -1), (0.5656788, 0.5547414, -0.6101388, -1), (-0.33391312, 0.76780224, -0.5467922, -1), (0.72389674, 0.513645, -0.46058914, -1), (-0.18042178, 0.7933367, -0.5814335, -1), (-0.44382963, 0.73575604, -0.5115449, -1), (0.26187244, 0.89188385, -0.36873573, -1), (0.76773083, 0.54490805, 0.33714175, -1), (0.72602904, 0.6490474, 0.2271987, -1), (0.19705327, 0.8842359, -0.42343473, -1), (-0.18227395, -0.6457904, 0.74143845, -1), (-0.48427305, -0.5499123, 0.68049693, -1), (-0.26311237, -0.627587, 0.7327391, -1), (0.15667793, -0.67298084, 0.7228753, -1), (-0.4888491, -0.27896196, -0.8265633, -1), (-0.3629964, -0.39319277, -0.844768, -1), (-0.3188486, -0.42858675, -0.8453691, -1), (-0.5217579, -0.24533392, -0.81705564, -1), (-0.38481468, -0.37483963, -0.843453, -1), (-0.5561268, -0.20811917, -0.8046176, -1), (0.7532488, 0.65218097, -0.085300416, -1), (0.04782149, 0.90677595, 0.41889182, -1), (0.10821875, 0.9143682, 0.39015305, -1), (0.79960483, 0.582978, -0.14411342, -1), (0.23873468, 0.9624908, -0.12890774, -1), (0.23401241, 0.9651518, -0.11713365, -1), (0.24111113, 0.96107733, -0.13489139, -1), (0.24570528, 0.95822024, -0.14643385, -1), (0.19507375, 0.97792506, -0.074891835, -1), (0.1958314, 0.97801673, -0.07164673, -1), (0.19481216, 0.9778932, -0.07598209, -1), (0.1938609, 0.9777585, -0.080038235, -1), (0.7131503, 0.24538174, -0.6566615, -1), (0.76466477, 0.17751238, -0.61949754, -1), (0.5789435, 0.38662773, -0.7178742, -1), (0.62376726, 0.34400287, -0.7018378, -1), (0.33705452, 0.5649159, -0.7531695, -1), (0.6236211, 0.34414503, -0.70189816, -1), (0.39944467, 0.6587502, -0.6375674, -1), (0.46958685, 0.6230753, -0.6255121, -1), (0.24203892, 0.7206728, -0.6496522, -1), (0.17839225, 0.7393097, -0.64930534, -1), (-0.55629927, -0.4492447, -0.6990782, -1), (-0.55673665, -0.44882807, -0.6989977, -1), (-0.55115825, -0.45415547, -0.6999767, -1), (-0.55058604, -0.4547151, -0.70006365, -1), (-0.34137243, -0.6192195, -0.7071295, -1), (-0.4435622, -0.55721426, -0.7019721, -1), (0, -0.7520684, -0.65908504, -1), (0.08109611, -0.7685783, -0.63459504, -1), (0.574743, 0.30281174, 0.76024705, -1), (0.5067042, 0.37147787, 0.77798134, -1), (0.42645335, 0.44267175, 0.7887834, -1), (0.528589, 0.35033762, 0.7732123, -1), (0.5177823, 0.36087722, 0.7756734, -1), (0.23724695, 0.57812965, 0.780692, -1), (0.49778616, 0.3798911, 0.77967405, -1), (0.37687528, 0.48225588, 0.7908187, -1), (0.2649235, 0.6005101, 0.7544555, -1), (0.32671344, 0.5689728, 0.754671, -1), (0.034817107, 0.68900913, 0.72391593, -1), (-0.02818367, 0.7057812, 0.70786893, -1), (0.047925398, 0.7030517, 0.7095219, -1), (-0.03890234, 0.7083035, 0.70483524, -1), (0.113226965, 0.68161935, 0.72289324, -1), (0.1631528, 0.66274315, 0.73085743, -1), (0.2538194, 0.62323236, 0.73970073, -1), (0.23206107, 0.633407, 0.73820263, -1), (-0.6522291, -0.3244991, 0.68505293, -1), (-0.7536422, -0.20778136, 0.6235788, -1), (-0.5508629, -0.4165597, 0.7232068, -1), (-0.568561, -0.39133903, 0.72359663, -1), (-0.48882657, -0.4545868, 0.7445801, -1), (-0.6427015, -0.32211903, 0.6951072, -1), (-0.59345734, -0.3689659, 0.71531296, -1), (-0.61498874, -0.34914312, 0.7070276, -1), (-0.32816267, -0.59278667, 0.735468, -1), (-0.38071617, -0.56777513, 0.72985387, -1), (-0.15015666, -0.65389687, 0.7415335, -1), (-0.1580842, -0.6516342, 0.7418776, -1), (-0.24853078, -0.6255468, 0.73954284, -1), (-0.15920068, -0.6546542, 0.73897433, -1), (-0.21962564, -0.6355224, 0.7401863, -1), (-0.10989433, -0.6678507, 0.7361377, -1), (0.28291056, 0.939548, 0.19290183, -1), (0.27429175, 0.9033151, 0.32982704, -1), (0.28557867, 0.95831734, 0.008527121, -1), (0.28274998, 0.95442814, -0.095495835, -1), (0.28575918, 0.93539214, 0.20828639, 1), (0.41826266, 0.906871, -0.051392358, 1), (0.3711588, 0.9272881, 0.04876265, 1), (0.20485333, 0.9178823, 0.33989298, 1), (0.25630328, 0.96605986, 0.032201104, 1), (0.27710313, 0.93006855, -0.24121849, 1), (0.26915732, 0.95748734, -0.10378981, 1), (0.22771971, 0.9452085, 0.23393323, 1), (0.3466389, 0.8899969, -0.29622138, 1), (0.31432483, 0.86292297, -0.3956816, 1), (0.3763511, 0.90735817, -0.18724573, 1), (0.39490432, 0.9124832, -0.10688768, 1), (0.23839834, 0.94181955, -0.23694305, -1), (0.23363072, 0.89702433, -0.37518546, -1), (0.23888518, 0.9583338, -0.1566215, -1), (0.23710419, 0.97012454, -0.051379535, -1), (0.144912, 0.78852576, 0.5976853, -1), (0.14400509, 0.7885148, 0.59791905, -1), (0.14432912, 0.7885139, 0.59784186, -1), (0.14519933, 0.7885159, 0.5976284, -1), (0.31662652, 0.86218256, -0.39546022, 1), (0.36038005, 0.80044776, -0.4789672, 1), (0.21468583, 0.95402354, -0.20916268, 1), (0.14375706, 0.9859853, -0.084657244, 1), (0.27540138, 0.8010436, -0.5314916, -1), (0.2754561, 0.80103576, -0.5314752, -1), (0.2754003, 0.8009617, -0.53161556, -1), (0.2753629, 0.8010336, -0.53152657, -1), (0.16051741, 0.6922042, -0.7036246, -1), (0.09298832, 0.7090527, -0.69899756, -1), (0.23513457, 0.66928566, -0.704818, -1), (0.27131253, 0.65659857, -0.70375276, -1), (0.35663503, 0.6220569, -0.6970342, -1), (0.3194624, 0.6379202, -0.7007151, -1), (0.14848912, 0.98641866, 0.0702087, -1), (0.089772984, 0.9953294, -0.03549858, -1), (0.12254867, 0.9921927, 0.02314186, -1), (0.17095083, 0.9789589, 0.111424096, -1), (0.32159743, 0.8645524, 0.38616624, -1), (0.3507759, 0.74971807, 0.56114095, -1), (0.20124984, 0.97676325, -0.07370206, -1), (0.15727526, 0.966159, -0.20445348, -1), (0.3033337, 0.8028538, -0.51323915, -1), (0.28190526, 0.7954831, -0.53641033, -1), (0.2930287, 0.79940057, -0.52449304, -1), (0.31353527, 0.80616254, -0.50179434, -1), (-0.0898693, -0.65768296, -0.7479148, -1), (-0.30515742, -0.56208324, -0.76872706, -1), (-0.12931146, -0.64305586, -0.7548229, -1), (-0.014005724, -0.6822552, -0.7309799, -1), (-0.086566955, -0.6587813, -0.7473375, -1), (0.02846838, -0.6940477, -0.71936595, -1), (0.25998408, 0.8099273, -0.5257624, -1), (0.23886354, 0.8317891, -0.50106996, -1), (0.24745943, 0.8230548, -0.51121897, -1), (0.26874858, 0.8003526, -0.53591985, -1), (0.33118227, 0.9137192, -0.23544775, -1), (0.33936593, 0.8964665, -0.28491843, -1), (0.3236253, 0.92613477, -0.19375515, -1), (0.3096259, 0.94284236, -0.12320764, -1), (0.19574252, 0.7661808, -0.6120881, -1), (0.28472638, 0.7943204, -0.53664327, -1), (0.21421312, 0.7733093, -0.59674567, -1), (0.12523742, 0.7373819, -0.6637646, -1), (0.20314904, 0.9603759, -0.19081035, -1), (0.25051996, 0.9363224, -0.24604887, -1), (0.22959353, 0.94770855, -0.22166473, -1), (0.19125713, 0.9654493, -0.17699842, -1), (0.2916364, 0.8399221, -0.45768896, -1), (0.20506199, 0.9104457, -0.3592189, -1), (0.23273207, 0.8904823, -0.39099488, -1), (0.31370953, 0.8178615, -0.48237857, -1), (0.27255514, 0.8060216, -0.52539796, -1), (0.28576246, 0.8007212, -0.52648383, -1), (0.28282502, 0.8019126, -0.52625674, -1), (0.26927778, 0.80727804, -0.52515864, -1), (0.054529954, 0.89957404, 0.43335098, -1), (0.1530324, 0.7733909, 0.6151811, -1), (0.10967621, 0.8360401, 0.53759474, -1), (0.005700196, 0.9417486, 0.33626914, -1), (0.33102974, 0.82481956, 0.45835778, 1), (0.658501, 0.7505156, 0.055701602, 1), (0.51104295, 0.816599, 0.26833028, 1), (0.13107279, 0.77755976, 0.61499655, 1), (0.13813557, 0.7709662, 0.62171507, -1), (0.13805825, 0.7710391, 0.62164193, -1), (0.13814986, 0.77095276, 0.6217287, -1), (0.13822672, 0.7708801, 0.62180156, -1), (0.29688227, 0.81294996, 0.5009723, 1), (0.49300262, 0.80708337, 0.32490766, 1), (0.35395637, 0.81706536, 0.45510343, 1), (0.14506698, 0.7828789, 0.60502595, 1), (0.09442901, 0.92972493, 0.35594186, -1), (0.20746909, 0.79409623, 0.57128614, -1), (0.17504212, 0.8415618, 0.51101273, -1), (0.052377596, 0.9607094, 0.27256933, -1), (0.14642212, 0.7824465, 0.60525864, -1), (0.1399201, 0.7852446, 0.6031694, -1), (0.14279014, 0.7839608, 0.604166, -1), (0.14906588, 0.78126895, 0.6061338, -1), (0.5027961, 0.71532804, 0.4852855, -1), (0.82340896, 0.4969548, -0.2739227, -1), (0.5048914, 0.71549267, 0.48286104, -1), (0.32593906, 0.67994916, 0.6568354, -1), (-0.33147424, 0.80042386, -0.49944618, -1), (-0.32976207, 0.80021447, -0.50091296, -1), (-0.33044127, 0.8003345, -0.50027305, -1), (-0.33222532, 0.80054724, -0.49874884, -1), (-0.2928829, 0.546561, -0.7845321, -1), (-0.28658217, 0.53913397, -0.7919629, -1), (-0.3190736, 0.5772952, -0.75161326, -1), (-0.32353264, 0.5824251, -0.7457262, -1), (-0.6456071, 0.7629365, -0.03345681, -1), (-0.1258474, 0.5619042, -0.8175733, -1), (-0.61625, 0.77710986, -0.12781319, -1), (-0.6731116, 0.7347058, 0.08442754, -1), (-0.22405696, 0.8783522, -0.42225096, -1), (0.6094044, 0.6270968, -0.4851555, -1), (0.4700679, 0.724237, -0.50449675, -1), (-0.30198258, 0.866586, -0.39728487, -1), (0.5667945, -0.6251763, 0.5365617, -1), (0.4135937, -0.56578726, 0.71331966, -1), (0.5651025, -0.62514114, 0.53838426, -1), (0.7151272, -0.64728755, 0.26384082, -1), (-0.94875747, -0.3107205, 0.05755074, -1), (-0.9474942, -0.31542033, 0.052579995, -1), (-0.9367912, -0.34953263, 0.015789054, -1), (-0.92334694, -0.383349, -0.02176999, -1), (-0.8764613, -0.4664855, -0.119192116, -1), (-0.66267365, -0.648613, -0.37438607, -1), (0.19950943, 0.6918512, -0.6939294, -1), (0.44133344, 0.88608533, 0.14169568, -1), (0.43525293, 0.8967208, 0.080291435, -1), (0.15822305, 0.6295236, -0.7607007, -1), (0.008866769, 0.9523529, -0.30486935, -1), (0.020561043, 0.955742, -0.29348665, -1), (0.0023123696, 0.9503634, -0.31113344, -1), (-0.009292197, 0.9466039, -0.32226476, -1), (0.043795522, 0.96762365, -0.24856862, -1), (0.053183656, 0.96785104, -0.24583717, -1), (0.040285267, 0.9675136, -0.24958877, -1), (0.028083839, 0.9670302, -0.25310817, -1), (-0.35697314, 0.3414612, -0.8694679, -1), (-0.3823751, 0.37300634, -0.84537303, -1), (-0.32890004, 0.30675665, -0.8931546, -1), (-0.35498548, 0.33894175, -0.8712656, -1), (-0.41317415, 0.4116896, -0.81228, -1), (-0.44131812, 0.4473714, -0.7778799, -1), (-0.4081487, 0.66511947, -0.6253244, -1), (-0.3661786, 0.6331692, -0.6819164, -1), (-0.46398145, 0.70391136, -0.537801, -1), (-0.49388245, 0.7225755, -0.48369908, -1), (-0.84693635, -0.51224625, 0.14248736, -1), (-0.8470949, -0.51185226, 0.14295948, -1), (-0.8455501, -0.515579, 0.13864845, -1), (-0.84533614, -0.5160843, 0.13807172, -1), (-0.7605851, -0.64804906, -0.03927824, -1), (-0.80281764, -0.5932381, 0.059601087, -1), (-0.6380355, -0.73107857, -0.24173313, -1), (-0.5835202, -0.74993056, -0.31162202, -1), (0.91615677, 0.38267806, -0.11922361, -1), (0.90001106, 0.43088925, -0.06568474, -1), (0.873475, 0.48686898, 0, -1), (0.9073665, 0.41100043, -0.08811727, -1), (0.9047983, 0.41826043, -0.07998807, -1), (0.8773286, 0.47982424, -0.007943132, -1), (0.7446335, 0.63477147, 0.20636404, -1), (0.85562927, 0.5162213, 0.037604354, -1), (0.7789603, 0.6169849, 0.11202875, -1), (0.8052926, 0.5902281, 0.055988513, -1), (0.69668925, 0.67195433, 0.2512001, -1), (0.66020983, 0.6876661, 0.30205682, -1), (0.7190061, 0.66909605, 0.18799086, -1), (0.6185236, 0.7146423, 0.3266724, -1), (0.71141046, 0.67358506, 0.20044518, -1), (0.7690863, 0.6312006, 0.100458935, -1), (0.76074046, 0.63856864, 0.116206855, -1), (0.38401246, -0.38887006, 0.83744526, -1), (0.29607916, -0.2871617, 0.91097486, -1), (0.4325691, -0.44485748, 0.7842104, -1), (0.44141373, -0.43875128, 0.7827204, -1), (0.46500438, -0.46549684, 0.7530496, -1), (0.3947315, -0.38414183, 0.83463883, -1), (0.38214877, -0.36952946, 0.8470007, -1), (0.40524963, -0.39615858, 0.82391214, -1), (0.53893894, -0.6053833, 0.58570963, -1), (0.49328834, -0.5700818, 0.6570185, -1), (0.58560944, -0.63198984, 0.5075928, -1), (0.5995188, -0.64047635, 0.47996596, -1), (0.56233716, -0.6219326, 0.5449558, -1), (0.5256089, -0.59701824, 0.6060564, -1), (0.50469655, -0.5823533, 0.637296, -1), (0.5047561, -0.5824142, 0.637193, -1), (0.31038794, 0.9315994, -0.1891614, -1), (0.43246347, 0.8943533, -0.11448823, -1), (0.14778472, 0.9494411, -0.27698606, -1), (0.05107621, 0.9448265, -0.32356477, -1), (0.32934242, 0.9272934, -0.1779336, 1), (0.1278781, 0.90335804, -0.40937942, 1), (0.20678206, 0.92281836, -0.32503465, 1), (0.42213115, 0.90512425, -0.050550755, 1), (0.15865943, 0.95645756, -0.2449821, 1), (-0.08115275, 0.9198592, -0.38376212, 1), (0.040235598, 0.9476218, -0.31684998, 1), (0.32931754, 0.9353394, -0.12919047, 1), (-0.108977996, 0.8822854, -0.457926, 1), (-0.21027088, 0.8531231, -0.47745895, 1), (0.002396215, 0.9024819, -0.43072125, 1), (0.08131685, 0.9093825, -0.40793508, 1), (-0.09148883, 0.93059224, -0.3544401, -1), (-0.21824929, 0.88528943, -0.4106455, -1), (-0.015278552, 0.9481724, -0.31738907, -1), (0.078674994, 0.96001387, -0.2686703, -1), (0.6178704, 0.77859604, 0.109655574, -1), (0.617382, 0.7781946, 0.1151201, -1), (0.61756235, 0.7783725, 0.11292834, -1), (0.61802703, 0.7787419, 0.10771936, -1), (-0.21049058, 0.85058266, -0.48187426, 1), (-0.27807307, 0.78429747, -0.5545745, 1), (-0.07407264, 0.9428106, -0.32499474, 1), (0.02106185, 0.977794, -0.20850736, 1), (-0.3473776, 0.78942174, -0.5061047, -1), (-0.34758633, 0.78924745, -0.50623333, -1), (-0.34740815, 0.7893963, -0.5061236, -1), (-0.347199, 0.78957087, -0.50599474, -1), (-0.5400268, 0.6671428, -0.5131195, -1), (-0.5906823, 0.6969054, -0.40671524, -1), (-0.56395674, 0.6818754, -0.4658313, -1), (-0.5174593, 0.6522433, -0.55390847, -1), (-0.555793, 0.67702097, -0.4824279, -1), (-0.49767786, 0.6389687, -0.5865456, -1), (0.15843885, 0.97644377, -0.1464746, -1), (0.034955975, 0.9878228, -0.15160538, -1), (0.10948723, 0.9827876, -0.14879903, -1), (0.21207638, 0.9666591, -0.14350504, -1), (0.49300176, 0.86100507, -0.124978274, -1), (0.6763128, 0.7349205, -0.04992808, -1), (0.04256244, 0.9663522, -0.2536764, -1), (-0.10456322, 0.9534569, -0.2828188, -1), (-0.32126552, 0.7926374, -0.5181837, -1), (-0.3478225, 0.7847594, -0.51300305, -1), (-0.33327717, 0.78919464, -0.515847, -1), (-0.30758744, 0.79645115, -0.52062994, -1), (-0.6874535, -0.66826415, -0.28430736, -1), (-0.64999014, -0.683284, -0.3326193, -1), (-0.73186976, -0.64492035, -0.22010061, -1), (-0.7215249, -0.65096986, -0.23588158, -1), (-0.77964383, -0.61048883, -0.13949503, -1), (-0.7356751, -0.642594, -0.21413824, -1), (-0.34689808, 0.79892725, -0.4913013, -1), (-0.33376434, 0.817757, -0.46890804, -1), (-0.34005567, 0.80897665, -0.47949874, -1), (-0.35320798, 0.7894458, -0.50201523, -1), (-0.058927786, 0.90511125, -0.42107132, -1), (-0.10373177, 0.8868416, -0.45027947, -1), (-0.022095837, 0.91791165, -0.39616916, -1), (0.04062165, 0.9351649, -0.35187575, -1), (-0.44875908, 0.75175023, -0.4832047, -1), (-0.34794027, 0.7834581, -0.5149087, -1), (-0.4355214, 0.75671893, -0.4875422, -1), (-0.5290889, 0.7182716, -0.45183057, -1), (-0.061249785, 0.9492829, -0.30839965, -1), (-0.098696016, 0.92229277, -0.37367764, -1), (-0.08009881, 0.9365179, -0.34134808, -1), (-0.05071289, 0.9557725, -0.2897019, -1), (-0.27376282, 0.82915366, -0.4873993, -1), (-0.20952237, 0.90353316, -0.37380248, -1), (-0.23322625, 0.8790649, -0.41575286, -1), (-0.29266614, 0.8019223, -0.52083313, -1), (-0.3424615, 0.7940783, -0.50215507, -1), (-0.33863133, 0.78960955, -0.51170844, -1), (-0.33984336, 0.7909808, -0.50877875, -1), (-0.34376526, 0.79556495, -0.4989007, -1), (0.45837393, 0.88291585, 0.10174934, -1), (0.63741356, 0.76212335, 0.113454714, -1), (0.5487592, 0.8289682, 0.108050555, -1), (0.3501214, 0.9320572, 0.093190186, -1), (0.5531415, 0.82677776, -0.102337696, 1), (0.30765498, 0.7899341, -0.53042686, 1), (0.45025292, 0.8351396, -0.31593394, 1), (0.6285665, 0.76648915, 0.13190344, 1), (0.6358566, 0.7611049, 0.12808491, -1), (0.6357807, 0.76115423, 0.12816854, -1), (0.6359009, 0.76107603, 0.12803604, -1), (0.6359764, 0.761027, 0.12795296, -1), (0.579387, 0.813037, -0.057285786, 1), (0.49013528, 0.82461876, -0.28243813, 1), (0.5612, 0.8203436, -0.10995886, 1), (0.624024, 0.77286106, 0.115238115, 1), (0.40037808, 0.9157805, 0.032301113, -1), (0.6260589, 0.7781156, 0.05085718, -1), (0.5539021, 0.8313698, 0.044907838, -1), (0.29855695, 0.9540907, 0.023969064, -1), (0.62419456, 0.77293813, 0.11378819, -1), (0.62091655, 0.7750383, 0.11738064, -1), (0.62280315, 0.773839, 0.11527971, -1), (0.6259292, 0.7718168, 0.111855604, -1), (0.5312728, 0.7879172, -0.3113449, -1), (-0.29769865, 0.45919514, -0.836968, -1), (0.47836977, 0.7938599, -0.3754316, -1), (0.65762883, 0.74300593, -0.12436478, -1), (-0.513823, 0.7929419, 0.32745847, -1), (-0.5146156, 0.79279095, 0.32657826, -1), (-0.5143741, 0.79283273, 0.32685727, -1), (-0.51357436, 0.79297006, 0.3277802, -1), (-0.8632442, 0.46322027, 0.20059048, -1), (-0.86977583, 0.45435068, 0.1924979, -1), (-0.82472306, 0.51010126, 0.2441895, -1), (-0.81972504, 0.5156023, 0.24940948, -1), (0.034102924, 0.73019576, 0.68238634, -1), (-0.8967119, 0.44260854, 0.002354792, -1), (-0.138572, 0.7613039, 0.6334147, -1), (0.14151442, 0.69844437, 0.70153344, -1), (-0.41878632, 0.88524395, 0.20238873, -1), (-0.5109512, 0.58228296, -0.63235706, -1), (-0.5258818, 0.67409414, -0.51869583, -1), (-0.3886825, 0.8763382, 0.28453007, -1), (0.5353958, -0.6074468, -0.5868217, -1), (0.78725123, -0.5030094, -0.356675, -1), (0.627448, -0.5818201, -0.5174885, -1), (0.22462493, -0.63287705, -0.7409523, -1), (0.08212384, -0.31896567, 0.9442016, -1), (0.0698278, -0.33247918, 0.940522, -1), (0.015032157, -0.39097503, 0.9202785, -1), (0.050223187, -0.35372025, 0.93400186, -1), (-0.0195001, -0.42639554, 0.9043266, -1), (-0.4557895, -0.7644912, 0.4558609, -1), (-0.7130849, 0.63652927, -0.2938372, -1), (0.114009716, 0.9369938, -0.33021903, -1), (0.038492505, 0.9403343, -0.33806738, -1), (-0.7838918, 0.55831254, -0.271663, -1), (-0.28840443, 0.95732707, 0.018647742, -1), (-0.279416, 0.9600966, 0.011881495, -1), (-0.2926813, 0.9559592, 0.021899799, -1), (-0.30150187, 0.953038, 0.02855122, -1), (-0.22414117, 0.97454834, -0.0040275357, -1), (-0.2235958, 0.9746643, -0.0058668535, -1), (-0.22436012, 0.9745008, -0.003273742, -1), (-0.22501452, 0.97435534, 0, -1), (-0.91885704, 0.27474427, 0.2832265, -1), (-0.25040004, 0.703875, 0.6647254, -1), (-0.9407143, 0.23387943, 0.24567668, -1), (-0.94991434, 0.2142217, 0.22753422, -1), (-0.96205294, 0.18498345, 0.20058729, -1), (-0.9610789, 0.18749595, 0.20291063, -1), (-0.69083023, 0.62376124, 0.36561653, -1), (-0.7437573, 0.5879762, 0.31797642, -1), (-0.5497325, 0.69192725, 0.46800736, -1), (-0.49466026, 0.7104182, 0.5006168, -1), (0.1618629, -0.5121301, 0.84351826, -1), (0.16225973, -0.5116996, 0.8437033, -1), (0.15717618, -0.5170422, 0.8414054, -1), (0.15665875, -0.5176073, 0.8411544, -1), (-0.0215939, -0.6806426, 0.7322974, -1), (0.066763364, -0.61844426, 0.7829874, -1), (-0.28429335, -0.80757815, 0.51671547, -1), (-0.34225652, -0.8224127, 0.45442024, -1), (-0.14937949, 0.37881136, -0.91333884, -1), (-0.044297468, 0.4894115, -0.8709272, -1), (-0.0074519343, 0.525032, -0.8510499, -1), (-0.119155616, 0.41201624, -0.9033519, -1), (-0.036329184, 0.49726105, -0.86684006, -1), (0.4866215, 0.82181853, -0.296334, -1), (-0.1128263, 0.41882488, -0.9010305, -1), (-0.105117574, 0.42704242, -0.8981008, -1), (0.11561276, 0.67090267, -0.7324776, -1), (0.064136095, 0.6396985, -0.7659455, -1), (0.2902936, 0.7545136, -0.58859056, -1), (0.33548796, 0.7698399, -0.5429497, -1), (0.15492946, 0.7140961, -0.68268853, -1), (0.20468213, 0.7385296, -0.6424011, -1), (0.30841747, 0.7792614, -0.5455551, -1), (0.22419557, 0.74717534, -0.6256719, -1), (0.3532857, 0.792097, -0.4977665, -1), (0.94390637, -0.22723912, -0.23958963, -1), (0.9777485, -0.14831106, -0.14836347, -1), (0.8576274, -0.36706167, -0.36019588, -1), (0.8909325, -0.31558776, -0.32656333, -1), (0.90448606, -0.295424, -0.30761924, -1), (0.9287978, -0.25543442, -0.26849192, -1), (0.56153345, -0.583631, -0.58656216, -1), (0.88161147, -0.32800066, -0.33937708, -1), (0.6733856, -0.54951197, -0.49455866, -1), (0.7140874, -0.5243615, -0.46381474, -1), (0.50999755, -0.6148943, -0.60150427, -1), (0.52958506, -0.61107165, -0.588329, -1), (0.61184263, -0.58121645, -0.5365034, -1), (0.5256371, -0.61429495, -0.5885129, -1), (0.47552767, -0.62962335, -0.6143679, -1), (0.47589353, -0.6294082, -0.6143051, -1), (-0.17713459, 0.94883674, -0.26140407, -1), (-0.10053281, 0.9205111, -0.37756106, -1), (-0.25720602, 0.9578928, -0.1276183, -1), (-0.30846426, 0.9506222, -0.034163013, -1), (-0.17765655, 0.94377786, -0.27878577, 1), (-0.40049657, 0.90496445, -0.14367278, 1), (-0.307463, 0.92956257, -0.20342042, 1), (-0.04234902, 0.93634343, -0.34852174, 1), (-0.23371841, 0.96570146, -0.11312146, 1), (-0.3752478, 0.92242485, 0.09122229, 1), (-0.29587793, 0.9548464, -0.026917545, 1), (-0.105415605, 0.9553513, -0.27602816, 1), (-0.46768463, 0.8772576, 0.10812169, 1), (-0.4882748, 0.8486279, 0.20351514, 1), (-0.43648046, 0.89967835, -0.007976238, 1), (-0.41316065, 0.90695226, -0.08207274, 1), (-0.34528092, 0.93127495, 0.11622446, -1), (-0.4066563, 0.8838961, 0.23099414, -1), (-0.29996872, 0.953221, 0.0372628, -1), (-0.24761456, 0.9676101, -0.04917006, -1), (0.13283382, 0.8338118, -0.5358293, -1), (0.13338539, 0.8338375, -0.5356522, -1), (0.1331871, 0.83382344, -0.53572357, -1), (0.13264728, 0.8338226, -0.5358587, -1), (-0.49370682, 0.8452475, 0.20447579, 1), (-0.5708764, 0.7819543, 0.250295, 1), (-0.30789664, 0.94639075, 0.09769502, 1), (-0.18400791, 0.9825036, 0.028772788, 1), (-0.5222018, 0.7802888, 0.34417236, -1), (-0.52236253, 0.7800801, 0.34440163, -1), (-0.522414, 0.77993613, 0.34464929, -1), (-0.52227557, 0.78010404, 0.344479, -1), (-0.49771655, 0.65997505, 0.5627711, -1), (-0.39648503, 0.6852042, 0.61097854, -1), (-0.39656663, 0.68520075, 0.6109294, -1), (-0.51245934, 0.6553247, 0.5549189, -1), (-0.59884584, 0.62315935, 0.5030468, -1), (-0.62746215, 0.610292, 0.48356467, -1), (-0.11482951, 0.9886684, -0.09669031, -1), (-0.11427022, 0.99333787, 0.014906169, -1), (-0.1147733, 0.99214023, -0.049847692, -1), (-0.114622414, 0.9829365, -0.14386645, -1), (-0.119723395, 0.8957266, -0.42818227, -1), (-0.05877224, 0.79587334, -0.6026039, -1), (-0.22576933, 0.97398496, -0.01953133, -1), (-0.25223798, 0.9603108, 0.11907551, -1), (-0.53791666, 0.7825622, 0.31343588, -1), (-0.53068423, 0.7738037, 0.34583533, -1), (-0.5343653, 0.7782614, 0.3297922, -1), (-0.5410695, 0.7863137, 0.29825237, -1), (-0.324823, -0.75485307, 0.56981295, -1), (-0.39795434, -0.77646047, 0.48861182, -1), (-0.24728405, -0.72362334, 0.6443755, -1), (-0.23841636, -0.7194806, 0.6523077, -1), (-0.3211619, -0.7535095, 0.5736537, -1), (-0.23457658, -0.7177868, 0.65555775, -1), (-0.5058221, 0.79013157, 0.34617338, -1), (-0.47089824, 0.81619513, 0.334784, -1), (-0.48388773, 0.80678225, 0.33905032, -1), (-0.5187203, 0.7798958, 0.35027385, -1), (-0.4207389, 0.9055029, 0.055166494, -1), (-0.44990638, 0.88862324, 0.08906734, -1), (-0.39304155, 0.9192117, 0.023838565, -1), (-0.34992892, 0.93648404, -0.023397593, -1), (-0.48995057, 0.7397077, 0.46128172, -1), (-0.5328302, 0.77361625, 0.342943, -1), (-0.5014073, 0.7494803, 0.43228447, -1), (-0.45353115, 0.70749074, 0.54200226, -1), (-0.28617406, 0.95412207, 0.088064365, -1), (-0.35242736, 0.9294556, 0.10912078, -1), (-0.32504645, 0.9403508, 0.10042533, -1), (-0.27060792, 0.9590941, 0.08312609, -1), (-0.50005513, 0.82276624, 0.27018604, -1), (-0.37149897, 0.89932525, 0.23065707, -1), (-0.4089453, 0.87975675, 0.24247038, -1), (-0.52959645, 0.80112314, 0.27879953, -1), (-0.51531833, 0.78681976, 0.33964935, -1), (-0.5281342, 0.7810715, 0.3331689, -1), (-0.5254699, 0.78229797, 0.33450133, -1), (-0.5123402, 0.7881209, 0.34113473, -1), (0.1325089, 0.92471933, -0.35684118, -1), (0.13462217, 0.82155627, -0.55400544, -1), (0.13447209, 0.8765902, -0.46206805, -1), (0.12886865, 0.96015847, -0.24796867, -1), (-0.101321176, 0.85362434, -0.51093984, 1), (-0.55338335, 0.7519235, -0.3582986, 1), (-0.3185307, 0.8318714, -0.45445362, 1), (0.15227774, 0.8254623, -0.5435287, 1), (0.15023242, 0.819571, -0.5529318, -1), (0.15026353, 0.8196404, -0.55282044, -1), (0.15022594, 0.81955653, -0.552955, -1), (0.15019503, 0.8194875, -0.5530656, -1), (-0.046101633, 0.8458404, -0.53144, 1), (-0.2846823, 0.82487285, -0.48840624, 1), (-0.10161059, 0.84581316, -0.5237131, 1), (0.13619348, 0.8291957, -0.54211235, 1), (0.06323763, 0.94744104, -0.31361827, -1), (0.06820801, 0.8381111, -0.5412185, -1), (0.06709533, 0.8794508, -0.47123718, -1), (0.06030932, 0.9731453, -0.22215097, -1), (0.13557763, 0.82873964, -0.5429634, -1), (0.1399546, 0.8312698, -0.537962, -1), (0.13798903, 0.8301046, -0.5402642, -1), (0.13375112, 0.82766515, -0.54505146, -1), (-0.053120844, 0.73366797, -0.6774285, -1), (-0.897142, 0.41223037, -0.15875223, -1), (-0.13909881, 0.7383046, -0.659968, -1), (0.17305969, 0.6947615, -0.6981094, -1), (0.04247686, 0.81181574, 0.5823667, -1), (0.04219118, 0.8118009, 0.58240813, -1), (0.04228591, 0.8118034, 0.58239776, -1), (0.042576313, 0.81182855, 0.5823416, -1), (-0.20894958, 0.505581, 0.83709484, -1), (-0.21883944, 0.49685392, 0.83978903, -1), (-0.1568427, 0.54934657, 0.82074285, -1), (-0.14999938, 0.5548864, 0.8182917, -1), (0.5751611, 0.7677588, 0.2823758, -1), (-0.36400583, 0.5135645, 0.77701426, -1), (0.46422917, 0.7933007, 0.39391032, -1), (0.64901644, 0.73570436, 0.19369233, -1), (-0.02337202, 0.8918579, 0.45171142, -1), (-0.82878083, 0.5449123, 0.12725167, -1), (-0.734626, 0.6490389, 0.19766921, -1), (0.060678937, 0.88419163, 0.46316662, -1), (-0.2438959, -0.6456939, -0.72359806, -1), (0.0436715, -0.54979265, -0.8341587, -1), (-0.17092545, -0.6275973, -0.7595434, -1), (-0.5199296, -0.6730018, -0.52606237, -1), (0.7934417, -0.35708722, 0.49288848, -1), (0.77145094, -0.38085377, 0.5097193, -1), (0.856217, -0.27853855, 0.43509626, -1), (0.8513878, -0.28526622, 0.440184, -1), (0.88267374, -0.23882344, 0.40478465, -1), (0.8816297, -0.24050856, 0.40605998, -1), (-0.59000987, 0.65207666, 0.47611392, -1), (-0.26514, 0.90680206, -0.32773575, -1), (-0.30069327, 0.91438067, -0.27109334, -1), (-0.59755087, 0.5828889, 0.55061185, -1), (-0.1323536, 0.9624804, 0.2368836, -1), (-0.13469006, 0.9651449, 0.22439688, -1), (-0.13113308, 0.9610677, 0.24321382, -1), (-0.12881677, 0.95820594, 0.2554362, -1), (-0.1245334, 0.97791296, 0.16786182, -1), (-0.12687112, 0.978009, 0.1655357, -1), (-0.123737566, 0.97788084, 0.16863549, -1), (-0.12078281, 0.9777501, 0.1715113, -1), (-0.19494836, 0.30092067, 0.93351054, -1), (-0.17848007, 0.3169629, 0.93149316, -1), (-0.26186407, 0.23292336, 0.9365756, -1), (-0.23832493, 0.25738636, 0.936458, -1), (-0.15930621, 0.33534455, 0.9285287, -1), (0.43864894, 0.73533195, 0.5165986, -1), (0.0049927994, 0.65883595, 0.75227016, -1), (-0.0605845, 0.6231791, 0.77972895, -1), (0.14416316, 0.72065663, 0.6781379, -1), (0.19763708, 0.73926777, 0.64375675, -1), (0.8443965, -0.4493448, 0.29169104, -1), (0.8447136, -0.44893876, 0.29139802, -1), (0.8406439, -0.4541347, 0.29509237, -1), (0.84022045, -0.45465592, 0.29549557, -1), (0.66745985, -0.6191946, 0.41363677, -1), (0.7509474, -0.55716825, 0.35445964, -1), (0.35351253, -0.7520704, 0.55625445, -1), (0.27202564, -0.76858914, 0.5790274, -1), (-0.8928768, 0.30272207, -0.33336216, -1), (-0.8084662, 0.4152695, -0.41705352, -1), (-0.7830778, 0.44260716, -0.43690747, -1), (-0.8535499, 0.3601806, -0.37646052, -1), (-0.73942494, 0.48481157, -0.46712795, -1), (-0.8369722, 0.38157216, -0.39227584, -1), (-0.86610824, 0.3429606, -0.36364082, -1), (-0.86556774, 0.3437259, -0.3642047, -1), (-0.6283207, 0.60052407, -0.4945542, -1), (-0.680638, 0.5689295, -0.46157476, -1), (-0.41741866, 0.689143, -0.5923206, -1), (-0.35552213, 0.7059208, -0.61260086, -1), (-0.47937977, 0.68323207, -0.5508076, -1), (-0.2972117, 0.734173, -0.610455, -1), (-0.49361792, 0.6776052, -0.54515374, -1), (-0.6110138, 0.6231698, -0.48818195, -1), (-0.5917044, 0.63341373, -0.498671, -1), (0.19461846, -0.29993305, -0.93389714, -1), (0.30185467, -0.20772278, -0.9304488, -1), (0.07713063, -0.4166576, -0.9057855, -1), (0.13787489, -0.35367793, -0.9251499, -1), (0.14875893, -0.341187, -0.9281498, -1), (-0.12640578, -0.55511683, -0.8221112, -1), (0.12783548, -0.3597163, -0.92426306, -1), (0.096312016, -0.38690594, -0.9170757, -1), (-0.1425574, -0.60501605, -0.78334725, -1), (-0.07019024, -0.5677304, -0.8202167, -1), (-0.27117905, -0.65389097, -0.70632046, -1), (-0.29187903, -0.6608364, -0.69144905, -1), (-0.2166697, -0.637695, -0.73918825, -1), (-0.13517477, -0.6026981, -0.7864367, -1), (-0.1939086, -0.6284749, -0.75327206, -1), (-0.09596105, -0.5840946, -0.8059932, -1), (-0.3422799, 0.9395322, -0.011118024, -1), (-0.40845352, 0.90327895, -0.13135016, -1), (-0.24562046, 0.95831406, 0.14596114, -1), (-0.18743534, 0.95441586, 0.2322893, -1), (-0.35285833, 0.9354055, -0.022526233, 1), (-0.32543373, 0.9068742, 0.2677166, 1), (-0.33943087, 0.9272787, 0.15792733, 1), (-0.35514817, 0.91790116, -0.17699505, 1), (-0.2334309, 0.96610236, 0.110254884, 1), (-0.10462364, 0.93006814, 0.3521751, 1), (-0.17148675, 0.95750177, 0.23191082, 1), (-0.3177322, 0.94519633, -0.07516839, 1), (-0.13371696, 0.889972, 0.4359698, 1), (-0.053014003, 0.86285496, 0.5026637, 1), (-0.21736343, 0.90730673, 0.35992724, 1), (-0.2761278, 0.9124614, 0.30193973, 1), (-0.07412288, 0.9418018, 0.32789513, -1), (0.0041294335, 0.8969351, 0.4421429, -1), (-0.11761613, 0.95833784, 0.26029786, -1), (-0.1726107, 0.9701377, 0.17040655, -1), (-0.4429255, 0.78855336, -0.42661527, -1), (-0.4421437, 0.7885286, -0.42747107, -1), (-0.4424096, 0.78855044, -0.4271556, -1), (-0.4431652, 0.78856564, -0.42634356, -1), (-0.055070467, 0.86213493, 0.5036771, 1), (-0.047206808, 0.80037737, 0.59763503, 1), (-0.06895577, 0.9540188, 0.29170763, 1), (-0.0758958, 0.985993, 0.14851768, 1), (0.052743215, 0.8009834, 0.5963587, -1), (0.052899025, 0.80091196, 0.5964408, -1), (0.052801207, 0.8009569, 0.59638935, -1), (0.052645124, 0.8010284, 0.59630686, -1), (0.13383134, 0.6503117, 0.747786, -1), (0.04297794, 0.60698354, 0.7935514, -1), (0.18196236, 0.6702756, 0.71945834, -1), (0.24065426, 0.6917737, 0.6808337, -1), (0.16057041, 0.6615916, 0.732471, -1), (0.29668096, 0.70908844, 0.6396671, -1), (-0.16303968, 0.9864102, 0.020322684, -1), (-0.05671195, 0.99533045, 0.07810887, -1), (-0.11588329, 0.9921894, 0.046165917, -1), (-0.20413509, 0.9789397, -0.0024270227, -1), (-0.47854936, 0.8645582, -0.15339345, -1), (-0.59700346, 0.7497551, -0.2854018, -1), (-0.13040179, 0.9767596, 0.1701063, -1), (-0.023177544, 0.9661786, 0.2568302, -1), (0.019471884, 0.802892, 0.5958064, -1), (0.049841084, 0.7955299, 0.60386103, -1), (0.03415174, 0.7994741, 0.5997289, -1), (0.0047732345, 0.80616724, 0.5916685, -1), (0.5961331, -0.6046899, 0.5281813, -1), (0.49780953, -0.6496265, 0.5746051, -1), (0.47617516, -0.6579764, 0.5833732, -1), (0.47343868, -0.6589944, 0.58445024, -1), (0.39472333, -0.68499464, 0.6123527, -1), (0.32530126, -0.7029562, 0.6324807, -1), (0.06264023, 0.80983096, 0.5833096, -1), (0.067270644, 0.8317957, 0.5509906, -1), (0.06547574, 0.8230157, 0.5642323, -1), (0.060708556, 0.8002046, 0.5966465, -1), (-0.15331763, 0.9137081, 0.37633905, -1), (-0.13369201, 0.8964496, 0.42249787, -1), (-0.16930756, 0.9261237, 0.3370903, -1), (-0.19530442, 0.9428409, 0.2700134, -1), (0.16315481, 0.76617855, 0.6215713, -1), (0.047456104, 0.79436815, 0.60558, -1), (0.13928765, 0.7733318, 0.6185118, -1), (0.25044596, 0.7373397, 0.627381, -1), (-0.06912126, 0.96035665, 0.27006918, -1), (-0.07946023, 0.9362413, 0.3422548, -1), (-0.07492734, 0.94765896, 0.3103681, -1), (-0.06651006, 0.96544224, 0.25198713, -1), (0, 0.8399262, 0.5427006, -1), (0.019479884, 0.9103643, 0.41334915, -1), (0.013212766, 0.8904171, 0.4549536, -1), (-0.0061429166, 0.81789774, 0.57533073, -1), (0.051823203, 0.8060521, 0.5895715, -1), (0.041174315, 0.8007694, 0.5975559, -1), (0.043557785, 0.8019515, 0.5957989, -1), (0.05442597, 0.807343, 0.5875671, -1), (-0.27842364, 0.899555, -0.33657253, -1), (-0.45895764, 0.7734699, -0.43715233, -1), (-0.3807827, 0.8360794, -0.39493772, -1), (-0.18522273, 0.9417031, -0.28087008, -1), (-0.52498627, 0.82497376, -0.20930274, 1), (-0.585501, 0.75062805, 0.30617988, 1), (-0.57508296, 0.81670254, 0.04771454, 1), (-0.4403099, 0.77769107, -0.44869128, 1), (-0.44983348, 0.7710707, -0.45066595, -1), (-0.44971827, 0.7711002, -0.45073047, -1), (-0.44985476, 0.7710653, -0.450654, -1), (-0.44996932, 0.7710359, -0.45058975, -1), (-0.51926804, 0.81293523, -0.26362297, 1), (-0.59037876, 0.807067, -0.009792486, 1), (-0.5428691, 0.817034, -0.19429015, 1), (-0.4469241, 0.7828677, -0.43287054, 1), (-0.27070448, 0.9296825, -0.24981913, -1), (-0.48155448, 0.7940438, -0.37094456, -1), (-0.4218793, 0.8415221, -0.33742908, -1), (-0.19052601, 0.9606786, -0.20198138, -1), (-0.44823402, 0.7824132, -0.43233752, -1), (-0.4416602, 0.7851963, -0.43405423, -1), (-0.44460025, 0.783956, -0.43329397, -1), (-0.45092085, 0.7812419, -0.4316614, -1), (-0.2986748, 0.7200781, -0.62632334, -1), (-0.96349925, 0.2170269, -0.15674382, -1), (-0.3448121, 0.70910954, -0.6150352, -1), (-0.0590518, 0.7486312, -0.66035163, -1), (-0.21482356, 0.7067089, 0.6741018, -1), (-0.21491791, 0.7066731, 0.67410946, -1), (-0.21488018, 0.70668274, 0.67411125, -1), (-0.21478665, 0.7067261, 0.67409575, -1), (-0.33821067, 0.34429628, 0.8758275, -1), (-0.3445618, 0.3338215, 0.87740546, -1), (-0.3059437, 0.39553082, 0.8659988, -1), (-0.30125406, 0.40273413, 0.8643213, -1), (0.3047477, 0.86153483, 0.40606236, -1), (-0.47663277, 0.32958093, 0.81498325, -1), (0.20664153, 0.84202707, 0.49828675, -1), (0.38720286, 0.8655011, 0.31777632, -1), (-0.2927739, 0.7825336, 0.54947674, -1), (-0.9324083, 0.3259835, 0.15604351, -1), (-0.86199707, 0.44217557, 0.2478745, -1), (-0.21175675, 0.79615587, 0.56682885, -1), (-0.020176267, -0.5856798, -0.8102913, -1), (0.20685591, -0.41815707, -0.8845085, -1), (0.019434534, -0.56028837, -0.82806957, -1), (-0.2711433, -0.7122079, -0.6474883, -1), (0.8823218, -0.11699994, 0.45587197, -1), (0.81639016, -0.2486025, 0.52125216, -1), (0.7165483, -0.38935894, 0.57875574, -1), (0.83818394, -0.21022712, 0.50324154, -1), (0.90046984, -0.06885457, 0.4294334, -1), (0.89809847, -0.07561805, 0.43324465, -1), (-0.72695124, 0.42378533, 0.540322, -1), (-0.50985074, 0.8131676, -0.2807328, -1), (-0.54415107, 0.80857277, -0.2238518, -1), (-0.7108178, 0.35078683, 0.609661, -1), (-0.4209698, 0.84443593, 0.33122855, -1), (-0.4240904, 0.84781134, 0.31837603, -1), (-0.41943938, 0.84277755, 0.33733758, -1), (-0.41627774, 0.8392069, 0.3499209, -1), (-0.42092368, 0.8687382, 0.26099288, -1), (-0.4272846, 0.86784214, 0.25353083, -1), (-0.4185671, 0.8690476, 0.26373836, -1), (-0.41011798, 0.8700572, 0.27350268, -1), (-0.2935789, 0.09913131, 0.9507809, -1), (-0.29218104, 0.10184752, 0.9509245, -1), (-0.27568474, 0.13303725, 0.9519974, -1), (-0.26648366, 0.15008031, 0.9520831, -1), (-0.2403948, 0.19729875, 0.95041233, -1), (0.15048677, 0.72955245, 0.6671633, -1), (-0.19343136, 0.5412888, 0.81828517, -1), (-0.24405703, 0.4869288, 0.83865154, -1), (-0.09705894, 0.6330953, 0.7679648, -1), (-0.052869968, 0.6703865, 0.7401262, -1), (0.9176194, -0.2725974, 0.2892492, -1), (0.91780114, -0.27218005, 0.28906578, -1), (0.915682, -0.2767708, 0.2914177, -1), (0.91544133, -0.2772847, 0.2916855, -1), (0.78946394, -0.47385055, 0.39014405, -1), (0.85617465, -0.3920512, 0.33654258, -1), (0.5548807, -0.6599885, 0.50648046, -1), (0.480406, -0.6992687, 0.5293705, -1), (-0.92628425, 0.13124165, -0.3532323, -1), (-0.88991743, 0.2182386, -0.4005233, -1), (-0.8523462, 0.2884406, -0.4362429, -1), (-0.9115685, 0.16971347, -0.37448657, -1), (-0.8848605, 0.22861505, -0.4059027, -1), (-0.9090682, 0.17565693, -0.37780893, -1), (-0.6532879, 0.5310945, -0.5395864, -1), (-0.82355946, 0.3343519, -0.45821244, -1), (-0.74477184, 0.47064856, -0.47308016, -1), (-0.7884727, 0.42643884, -0.44323885, -1), (-0.5912609, 0.59032184, -0.5494822, -1), (-0.53695005, 0.62303877, -0.56877697, -1), (-0.59569716, 0.60318977, -0.53038394, -1), (-0.528348, 0.6278631, -0.5715209, -1), (-0.63435864, 0.5767292, -0.5147549, -1), (-0.6830489, 0.5396852, -0.49212202, -1), (-0.73343307, 0.4961083, -0.46470687, -1), (-0.7589551, 0.47165683, -0.44891766, -1), (0.27156314, -0.14056334, -0.9521005, -1), (0.331034, -0.051770777, -0.94219756, -1), (0.19725338, -0.28152007, -0.9390621, -1), (0.19712046, -0.2629963, -0.944445, -1), (0.21500885, -0.2334764, -0.94829315, -1), (-0.21268955, -0.7565549, -0.6183751, -1), (0.25180107, -0.1729899, -0.95219254, -1), (0.25134054, -0.17383651, -0.95216006, -1), (0.07556285, -0.49945045, -0.86304086, -1), (0.112395145, -0.46033767, -0.8806001, -1), (-0.03738434, -0.5984029, -0.8003227, -1), (-0.027349774, -0.5930999, -0.8046642, -1), (0.027881622, -0.54664487, -0.8369003, -1), (-0.03167253, -0.5988155, -0.8002605, -1), (-0.06454288, -0.6258433, -0.7772738, -1), (-0.064387046, -0.6256142, -0.777471, -1), (-0.6017536, 0.79614687, 0.06358287, -1), (-0.65072256, 0.7560035, -0.07084423, -1), (-0.51967174, 0.8218181, 0.23357303, -1), (-0.46446598, 0.8231461, 0.32665232, -1), (-0.6088768, 0.7917167, 0.04953512, 1), (-0.5722195, 0.7421302, 0.34900942, 1), (-0.5921608, 0.7687881, 0.24147558, 1), (-0.6056884, 0.7885057, -0.106773034, 1), (-0.5125302, 0.8357819, 0.19693014, 1), (-0.384577, 0.8079152, 0.44651267, 1), (-0.45319352, 0.83015907, 0.32473317, 1), (-0.58105683, 0.8138617, 0.001400764, 1), (-0.39587927, 0.7533993, 0.525042, 1), (-0.3143763, 0.7399014, 0.5947381, 1), (-0.47622007, 0.75805664, 0.44560573, 1), (-0.53145045, 0.7553265, 0.38346097, 1), (-0.36096334, 0.8294323, 0.42631868, -1), (-0.27499288, 0.7932578, 0.54325044, -1), (-0.40760204, 0.8420212, 0.35335642, -1), (-0.46118924, 0.8486723, 0.25895888, -1), (-0.64144033, 0.66892284, -0.37562832, -1), (-0.6387897, 0.6697262, -0.3787012, -1), (-0.63977396, 0.6694203, -0.37757888, -1), (-0.6422968, 0.66865677, -0.37463698, -1), (-0.31696987, 0.73757136, 0.59625375, 1), (-0.28846216, 0.66888577, 0.68511426, 1), (-0.3623194, 0.84820205, 0.38636497, 1), (-0.37993684, 0.89216185, 0.24432614, 1), (-0.20209393, 0.69748676, 0.6875102, -1), (-0.2017298, 0.6973642, 0.68774134, -1), (-0.20199198, 0.6974525, 0.68757486, -1), (-0.20235668, 0.69757515, 0.6873432, -1), (0.012500673, 0.641603, 0.76693493, -1), (0.07828411, 0.6919639, 0.71767503, -1), (0.07820749, 0.6918975, 0.71774745, -1), (-0.009491165, 0.62344384, 0.7818105, -1), (-0.061654076, 0.5776435, 0.81395745, -1), (-0.08633905, 0.55469215, 0.82756406, -1), (-0.45758706, 0.8823929, 0.109530725, -1), (-0.36267722, 0.9149137, 0.17719474, -1), (-0.41925454, 0.8973727, 0.13765125, -1), (-0.49591106, 0.864655, 0.08027446, -1), (-0.70081675, 0.7068506, -0.09601115, -1), (-0.7767383, 0.57304144, -0.26134464, -1), (-0.42209315, 0.86640626, 0.2667914, -1), (-0.31496045, 0.8750835, 0.36746275, -1), (-0.23127033, 0.6909254, 0.6849351, -1), (-0.20358494, 0.69063926, 0.6939529, -1), (-0.21880244, 0.690898, 0.6890468, -1), (-0.2453735, 0.6908484, 0.68008846, -1), (0.6549146, -0.533134, 0.5355885, -1), (0.777616, -0.4220805, 0.46600583, -1), (0.67798376, -0.51489335, 0.5246169, -1), (0.609064, -0.5662701, 0.555319, -1), (0.57152987, -0.59135723, 0.56890273, -1), (0.53730845, -0.61215615, 0.58014184, -1), (-0.19618878, 0.71060985, 0.6756801, -1), (-0.19917443, 0.73537153, 0.64773315, -1), (-0.19792566, 0.72488725, 0.6598211, -1), (-0.19475609, 0.6993118, 0.687774, -1), (-0.4220871, 0.7778435, 0.46561992, -1), (-0.39914435, 0.76159877, 0.5105401, -1), (-0.4404918, 0.78982466, 0.4267833, -1), (-0.46852273, 0.80595833, 0.36182535, -1), (-0.095424235, 0.6901532, 0.71734434, -1), (-0.2045985, 0.68888783, 0.69539416, -1), (-0.111138985, 0.69078565, 0.7144673, -1), (-0.0038914871, 0.68496895, 0.72856194, -1), (-0.36412296, 0.85549533, 0.3681607, -1), (-0.36461952, 0.82012415, 0.44096366, -1), (-0.3647161, 0.83721316, 0.40750015, -1), (-0.3636339, 0.863572, 0.34930453, -1), (-0.26215565, 0.72729117, 0.6342886, -1), (-0.2682178, 0.8172677, 0.5100321, -1), (-0.266898, 0.78928363, 0.55298907, -1), (-0.2592697, 0.69820905, 0.6672956, -1), (-0.20459338, 0.70286685, 0.68126345, -1), (-0.21259281, 0.69390893, 0.68796414, -1), (-0.21047129, 0.696264, 0.6862348, -1), (-0.20229338, 0.7054549, 0.6792722, -1), (-0.5353944, 0.7989452, -0.27393338, -1), (-0.65164447, 0.6508608, -0.3895378, -1), (-0.59780544, 0.7285278, -0.3344784, -1), (-0.46266475, 0.8620862, -0.2067577, -1), (-0.7265231, 0.6688887, -0.15732807, 1), (-0.7566805, 0.5429704, 0.36416736, 1), (-0.7700195, 0.6284523, 0.1100807, 1), (-0.6347614, 0.6609527, -0.40027416, 1), (-0.6416458, 0.653002, -0.4023418, -1), (-0.64167356, 0.653004, -0.4022945, -1), (-0.64163655, 0.6530014, -0.40235764, -1), (-0.64160895, 0.65299946, -0.40240476, -1), (-0.71807, 0.66308945, -0.21139511, 1), (-0.7811566, 0.62253284, 0.047404956, 1), (-0.74173754, 0.6564438, -0.13750285, 1), (-0.6426221, 0.66332406, -0.38345543, 1), (-0.537238, 0.8239054, -0.18043037, -1), (-0.6818937, 0.6556099, -0.32434046, -1), (-0.63966274, 0.7160076, -0.27957976, -1), (-0.46953148, 0.8747355, -0.11990862, -1), (-0.6436076, 0.6626973, -0.38288566, -1), (-0.6389285, 0.6666378, -0.38388085, -1), (-0.64130443, 0.66472846, -0.38322926, -1), (-0.64580053, 0.66102093, -0.38209045, -1), (1, 0, 0, 1), (1, 0, 0, 1), (1, 0, 0, 1), (1, 0, 0, 1), (1, 0, 0, 1), (1, 0, 0, 1), (1, 0, 0, -1), (1, 0, 0, -1), (1, 0, 0, -1), (1, 0, 0, -1), (1, 0, 0, -1), (1, 0, 0, -1), (1, 0, 0, -1), (1, 0, 0, -1), (1, 0, 0, -1), (1, 0, 0, -1), (1, 0, 0, -1), (1, 0, 0, -1), (1, 0, 0, -1), (1, 0, 0, -1), (1, 0, 0, -1), (1, 0, 0, -1), (1, 0, 0, -1), (1, 0, 0, -1), (1, 0, 0, -1), (1, 0, 0, -1)] (
        elementSize = 1
        interpolation = "varying"
    )
    uniform token purpose
    token visibility
    matrix4d xformOp:transform = ( (-0.67148357629776, 3.685942220524709e-16, 0.48786312341690063, 0), (9.087157692988512e-10, 0.8299998044967651, 1.2507349600454631e-9, 0), (-0.48786312341690063, 1.5459965529984743e-9, -0.67148357629776, 0), (-14.00871753692627, 0.7566046714782715, -29.288774490356445, 1) )
    uniform token[] xformOpOrder = ["xformOp:transform"]

    def Scope "Materials"
    {
        def Material "PP_Standard_Material_52838"
        {
            token outputs:displacement
            token outputs:surface.connect = </PP_Tree_02_1204/Materials/PP_Standard_Material_52838/PreviewSurface.outputs:surface>
            token[] requiredKeywords

            def Shader "PreviewSurface"
            {
                uniform token info:id = "UsdPreviewSurface"
                float inputs:clearcoat = 0
                float inputs:clearcoatRoughness = 0.01
                float3 inputs:diffuseColor = (0.18, 0.18, 0.18)
                float3 inputs:diffuseColor.connect = </PP_Tree_02_1204/Materials/PP_Standard_Material_52838/PreviewSurface/_MainTex.outputs:rgb>
                float inputs:displacement = 0
                float3 inputs:emissiveColor = (0, 0, 0)
                float inputs:ior = 1.5
                float inputs:metallic = 0
                float3 inputs:normal = (0, 0, 1)
                float inputs:occlusion = 1
                float inputs:opacity = 1
                float inputs:opacityThreshold = 0
                float inputs:roughness = 0.8
                float3 inputs:specularColor = (0.033104748, 0.033104748, 0.033104748)
                int inputs:useSpecularWorkflow = 0
                token outputs:displacement
                token outputs:surface
                color4f unity:colors:_BaseColor = (1, 1, 1, 1) (
                    customData = {
                        string sourceMember = "colorArgs"
                    }
                )
                color4f unity:colors:_Color = (1, 1, 1, 1) (
                    customData = {
                        string sourceMember = "colorArgs"
                    }
                )
                color4f unity:colors:_EmissionColor = (0, 0, 0, 1) (
                    customData = {
                        string sourceMember = "colorArgs"
                    }
                )
                color4f unity:colors:_SpecColor = (0.033104748, 0.033104748, 0.033104748, 1) (
                    customData = {
                        string sourceMember = "colorArgs"
                    }
                )
                float unity:floats:_AddPrecomputedVelocity = 0 (
                    customData = {
                        string sourceMember = "floatArgs"
                    }
                )
                float unity:floats:_AlphaClip = 0 (
                    customData = {
                        string sourceMember = "floatArgs"
                    }
                )
                float unity:floats:_AlphaToMask = 0 (
                    customData = {
                        string sourceMember = "floatArgs"
                    }
                )
                float unity:floats:_Blend = 0 (
                    customData = {
                        string sourceMember = "floatArgs"
                    }
                )
                float unity:floats:_BlendModePreserveSpecular = 1 (
                    customData = {
                        string sourceMember = "floatArgs"
                    }
                )
                float unity:floats:_BumpScale = 1 (
                    customData = {
                        string sourceMember = "floatArgs"
                    }
                )
                float unity:floats:_ClearCoatMask = 0 (
                    customData = {
                        string sourceMember = "floatArgs"
                    }
                )
                float unity:floats:_ClearCoatSmoothness = 0 (
                    customData = {
                        string sourceMember = "floatArgs"
                    }
                )
                float unity:floats:_Cull = 2 (
                    customData = {
                        string sourceMember = "floatArgs"
                    }
                )
                float unity:floats:_Cutoff = 0.5 (
                    customData = {
                        string sourceMember = "floatArgs"
                    }
                )
                float unity:floats:_DetailAlbedoMapScale = 1 (
                    customData = {
                        string sourceMember = "floatArgs"
                    }
                )
                float unity:floats:_DetailNormalMapScale = 1 (
                    customData = {
                        string sourceMember = "floatArgs"
                    }
                )
                float unity:floats:_DstBlend = 0 (
                    customData = {
                        string sourceMember = "floatArgs"
                    }
                )
                float unity:floats:_DstBlendAlpha = 0 (
                    customData = {
                        string sourceMember = "floatArgs"
                    }
                )
                float unity:floats:_EnvironmentReflections = 1 (
                    customData = {
                        string sourceMember = "floatArgs"
                    }
                )
                float unity:floats:_Glossiness = 0.2 (
                    customData = {
                        string sourceMember = "floatArgs"
                    }
                )
                float unity:floats:_GlossMapScale = 1 (
                    customData = {
                        string sourceMember = "floatArgs"
                    }
                )
                float unity:floats:_GlossyReflections = 1 (
                    customData = {
                        string sourceMember = "floatArgs"
                    }
                )
                float unity:floats:_Metallic = 0 (
                    customData = {
                        string sourceMember = "floatArgs"
                    }
                )
                float unity:floats:_OcclusionStrength = 1 (
                    customData = {
                        string sourceMember = "floatArgs"
                    }
                )
                float unity:floats:_Parallax = 0.02 (
                    customData = {
                        string sourceMember = "floatArgs"
                    }
                )
                float unity:floats:_QueueOffset = 0 (
                    customData = {
                        string sourceMember = "floatArgs"
                    }
                )
                float unity:floats:_ReceiveShadows = 1 (
                    customData = {
                        string sourceMember = "floatArgs"
                    }
                )
                float unity:floats:_Smoothness = 0.2 (
                    customData = {
                        string sourceMember = "floatArgs"
                    }
                )
                float unity:floats:_SmoothnessTextureChannel = 0 (
                    customData = {
                        string sourceMember = "floatArgs"
                    }
                )
                float unity:floats:_SpecularHighlights = 1 (
                    customData = {
                        string sourceMember = "floatArgs"
                    }
                )
                float unity:floats:_SrcBlend = 1 (
                    customData = {
                        string sourceMember = "floatArgs"
                    }
                )
                float unity:floats:_SrcBlendAlpha = 1 (
                    customData = {
                        string sourceMember = "floatArgs"
                    }
                )
                float unity:floats:_Surface = 0 (
                    customData = {
                        string sourceMember = "floatArgs"
                    }
                )
                float unity:floats:_WorkflowMode = 1 (
                    customData = {
                        string sourceMember = "floatArgs"
                    }
                )
                float unity:floats:_ZWrite = 1 (
                    customData = {
                        string sourceMember = "floatArgs"
                    }
                )
                token[] unity:shaderKeywords = []
                string unity:shaderName = "Universal Render Pipeline/Lit"

                def Shader "uvReader"
                {
                    uniform token info:id = "UsdPrimvarReader_float2"
                    float2 inputs:fallback = (0, 0)
                    string inputs:varname = "st"
                    float2 outputs:result
                }

                def Shader "_MainTex"
                {
                    uniform token info:id = "UsdUVTexture"
                    float4 inputs:bias = (0, 0, 0, 0)
                    float4 inputs:fallback = (0, 0, 0, 1)
                    asset inputs:file = @PP_Color_Palette.png@
                    token inputs:isSRGB = "auto"
                    float4 inputs:scale = (1, 1, 1, 1)
                    token inputs:sourceColorSpace = "auto"
                    float2 inputs:st = (0, 0)
                    float2 inputs:st.connect = </PP_Tree_02_1204/Materials/PP_Standard_Material_52838/PreviewSurface/uvReader.outputs:result>
                    token inputs:wrapS = "repeat"
                    token inputs:wrapT = "repeat"
                    float outputs:a
                    float outputs:b
                    float outputs:g
                    float outputs:r
                    float3 outputs:rgb
                    float4 outputs:rgba
                }
            }
        }
    }
}

