#usda 1.0
(
    endTimeCode = 0
    metersPerUnit = 1
    startTimeCode = 0
    upAxis = "Y"
)

def Mesh "PP_Rock_Pile_Forest_Moss_10_1121" (
    prepend apiSchemas = ["MaterialBindingAPI"]
)
{
    uniform bool doubleSided
    float3[] extent = [(-2.4628758, -0.17840314, -2.4469674), (2.5967822, 3.70968, 2.7556746)]
    int[] faceVertexCounts = [3, 3, 3, 3, 3, 3, 3, 3, 3, 3, 3, 3, 3, 3, 3, 3, 3, 3, 3, 3, 3, 3, 3, 3, 3, 3, 3, 3, 3, 3, 3, 3, 3, 3, 3, 3, 3, 3, 3, 3, 3, 3, 3, 3, 3, 3, 3, 3, 3, 3, 3, 3, 3, 3, 3, 3, 3, 3, 3, 3, 3, 3, 3, 3, 3, 3, 3, 3, 3, 3, 3, 3, 3, 3, 3, 3, 3, 3, 3, 3, 3, 3, 3, 3, 3, 3, 3, 3, 3, 3, 3, 3, 3, 3, 3, 3, 3, 3, 3, 3, 3, 3, 3, 3, 3, 3, 3, 3, 3, 3, 3, 3, 3, 3, 3, 3, 3, 3, 3, 3, 3, 3, 3, 3, 3, 3, 3, 3, 3, 3, 3, 3, 3, 3, 3, 3, 3, 3, 3, 3, 3, 3, 3, 3, 3, 3, 3, 3, 3, 3, 3, 3, 3, 3, 3, 3, 3, 3, 3, 3, 3, 3, 3, 3, 3, 3, 3, 3, 3, 3, 3, 3, 3, 3, 3, 3, 3, 3, 3, 3, 3, 3, 3, 3, 3, 3, 3, 3, 3, 3, 3, 3, 3, 3, 3, 3, 3, 3, 3, 3, 3, 3, 3, 3, 3, 3, 3, 3, 3, 3, 3, 3, 3, 3, 3, 3, 3, 3, 3, 3, 3, 3, 3, 3, 3, 3, 3, 3, 3, 3, 3, 3, 3, 3, 3, 3, 3, 3, 3, 3, 3, 3, 3, 3, 3, 3, 3, 3, 3, 3, 3, 3, 3, 3, 3, 3, 3, 3, 3, 3, 3, 3, 3, 3, 3, 3, 3, 3, 3, 3, 3, 3, 3, 3, 3, 3, 3, 3, 3, 3, 3, 3, 3, 3, 3, 3, 3, 3, 3, 3, 3, 3, 3, 3, 3, 3, 3, 3, 3, 3, 3, 3, 3, 3, 3, 3, 3, 3, 3, 3, 3, 3, 3, 3, 3, 3, 3, 3, 3, 3, 3, 3, 3, 3, 3, 3, 3, 3, 3, 3, 3, 3, 3, 3, 3, 3, 3, 3, 3, 3, 3, 3, 3, 3, 3, 3, 3, 3, 3, 3, 3, 3, 3, 3, 3, 3, 3, 3, 3, 3, 3, 3, 3, 3, 3, 3, 3, 3, 3, 3, 3, 3, 3, 3, 3, 3, 3, 3, 3, 3, 3, 3, 3, 3, 3, 3, 3, 3, 3, 3, 3, 3, 3, 3, 3, 3, 3, 3, 3, 3, 3, 3, 3, 3, 3, 3, 3, 3, 3, 3, 3, 3, 3, 3, 3, 3, 3, 3, 3, 3, 3, 3, 3, 3, 3, 3, 3, 3, 3, 3, 3, 3, 3, 3, 3, 3, 3, 3, 3, 3, 3, 3, 3, 3, 3, 3, 3, 3, 3, 3, 3, 3, 3, 3, 3, 3, 3, 3, 3, 3, 3, 3, 3, 3, 3, 3, 3, 3, 3, 3, 3, 3, 3, 3, 3, 3, 3, 3, 3, 3, 3, 3, 3, 3, 3, 3, 3, 3, 3, 3, 3, 3, 3, 3, 3, 3, 3, 3, 3, 3, 3, 3, 3, 3, 3, 3, 3, 3, 3, 3, 3, 3, 3, 3, 3, 3, 3, 3, 3, 3, 3, 3, 3, 3, 3, 3, 3, 3]
    int[] faceVertexIndices = [1, 0, 2, 4, 3, 5, 7, 6, 8, 10, 9, 11, 13, 12, 14, 16, 15, 17, 19, 18, 20, 22, 21, 23, 25, 24, 26, 26, 27, 28, 28, 27, 29, 31, 30, 32, 34, 33, 35, 37, 36, 38, 40, 39, 41, 43, 42, 44, 46, 45, 47, 49, 48, 50, 52, 51, 53, 55, 54, 56, 58, 57, 59, 61, 60, 62, 62, 63, 64, 64, 63, 65, 66, 63, 67, 69, 68, 70, 72, 71, 73, 74, 73, 75, 76, 73, 74, 78, 77, 79, 81, 80, 82, 84, 83, 85, 87, 86, 88, 90, 89, 91, 93, 92, 94, 96, 95, 97, 99, 98, 100, 102, 101, 103, 105, 104, 106, 108, 107, 109, 111, 110, 112, 114, 113, 115, 117, 116, 118, 120, 119, 121, 123, 122, 124, 126, 125, 127, 129, 128, 130, 132, 131, 133, 135, 134, 136, 138, 137, 139, 141, 140, 142, 144, 143, 145, 147, 146, 148, 150, 149, 151, 153, 152, 154, 156, 155, 157, 159, 158, 160, 162, 161, 163, 165, 164, 166, 168, 167, 169, 171, 170, 172, 174, 173, 175, 177, 176, 178, 180, 179, 181, 183, 182, 184, 186, 185, 187, 189, 188, 190, 192, 191, 193, 195, 194, 196, 198, 197, 199, 201, 200, 202, 204, 203, 205, 207, 206, 208, 210, 209, 211, 213, 212, 214, 216, 215, 217, 219, 218, 220, 222, 221, 223, 225, 224, 226, 228, 227, 229, 231, 230, 232, 234, 233, 235, 237, 236, 238, 240, 239, 241, 243, 242, 244, 246, 245, 247, 249, 248, 250, 252, 251, 253, 255, 254, 256, 258, 257, 259, 261, 260, 262, 264, 263, 265, 267, 266, 268, 270, 269, 271, 273, 272, 274, 276, 275, 277, 279, 278, 280, 282, 281, 283, 285, 284, 286, 288, 287, 289, 291, 290, 292, 294, 293, 295, 297, 296, 298, 300, 299, 301, 303, 302, 304, 306, 305, 307, 309, 308, 310, 312, 311, 313, 315, 314, 316, 318, 317, 319, 321, 320, 322, 324, 323, 325, 327, 326, 328, 330, 329, 331, 333, 332, 334, 336, 335, 337, 339, 338, 340, 342, 341, 343, 345, 344, 346, 348, 347, 349, 351, 350, 352, 354, 353, 355, 357, 356, 358, 360, 359, 361, 363, 362, 364, 366, 365, 367, 369, 368, 370, 372, 371, 373, 375, 374, 376, 378, 377, 379, 381, 380, 382, 384, 383, 385, 387, 386, 388, 390, 389, 391, 393, 392, 394, 396, 395, 397, 399, 398, 400, 402, 401, 403, 405, 404, 406, 408, 407, 409, 411, 410, 412, 414, 413, 415, 417, 416, 418, 418, 416, 419, 419, 416, 420, 422, 421, 423, 424, 423, 421, 425, 423, 424, 426, 425, 424, 428, 427, 429, 429, 427, 430, 432, 431, 433, 433, 431, 434, 436, 435, 437, 437, 435, 438, 440, 439, 441, 441, 439, 442, 444, 443, 445, 445, 443, 446, 448, 447, 449, 449, 447, 450, 452, 451, 453, 453, 451, 454, 456, 455, 457, 457, 455, 458, 460, 459, 461, 461, 459, 462, 464, 463, 465, 465, 463, 466, 468, 467, 469, 470, 467, 468, 470, 471, 467, 472, 471, 470, 474, 473, 475, 475, 473, 476, 478, 477, 479, 479, 477, 480, 482, 481, 483, 483, 481, 484, 486, 485, 487, 487, 485, 488, 490, 489, 491, 491, 489, 492, 494, 493, 495, 495, 493, 496, 498, 497, 499, 499, 497, 500, 502, 501, 503, 503, 501, 504, 506, 505, 507, 507, 505, 508, 510, 509, 511, 511, 509, 512, 514, 513, 515, 515, 513, 516, 518, 517, 519, 520, 519, 517, 521, 519, 520, 523, 522, 524, 524, 522, 525, 527, 526, 528, 528, 526, 529, 531, 530, 532, 532, 530, 533, 535, 534, 536, 536, 534, 537, 539, 538, 540, 540, 538, 541, 543, 542, 544, 544, 542, 545, 547, 546, 548, 548, 546, 549, 551, 550, 552, 552, 550, 553, 555, 554, 556, 556, 554, 557, 559, 558, 560, 560, 558, 561, 563, 562, 564, 564, 562, 565, 567, 566, 568, 568, 566, 569, 571, 570, 572, 572, 570, 573, 575, 574, 576, 576, 574, 577, 579, 578, 580, 580, 578, 581, 583, 582, 584, 584, 582, 585, 587, 586, 588, 588, 586, 589, 591, 590, 592, 592, 590, 593, 595, 594, 596, 596, 594, 597, 599, 598, 600, 600, 598, 601, 603, 602, 604, 604, 602, 605, 607, 606, 608, 608, 606, 609, 611, 610, 612, 612, 610, 613, 615, 614, 616, 616, 614, 617, 619, 618, 620, 620, 618, 621, 623, 622, 624, 625, 624, 622, 627, 626, 628, 629, 627, 628, 631, 630, 632, 632, 630, 633, 635, 634, 636, 636, 634, 637, 639, 638, 640, 640, 638, 641, 643, 642, 644, 644, 642, 645, 647, 646, 648, 649, 648, 646, 650, 648, 649, 651, 650, 649, 652, 651, 649, 654, 653, 655, 655, 653, 656, 658, 657, 659, 659, 657, 660, 662, 661, 663, 664, 663, 661, 665, 664, 661, 666, 664, 665, 667, 664, 666, 668, 664, 667, 670, 669, 671, 671, 669, 672, 674, 673, 675, 675, 673, 676, 678, 677, 679, 679, 677, 680, 682, 681, 683, 683, 681, 684, 686, 685, 687, 687, 685, 688, 690, 689, 691, 691, 689, 692, 694, 693, 695, 695, 693, 696, 698, 697, 699, 700, 699, 697, 701, 700, 697, 703, 702, 704, 705, 704, 702, 706, 704, 705, 708, 707, 709, 710, 709, 707, 711, 709, 710, 713, 712, 714, 714, 712, 715, 717, 716, 718, 718, 716, 719, 721, 720, 722, 722, 720, 723, 725, 724, 726, 726, 724, 727, 729, 728, 730, 730, 728, 731, 733, 732, 734, 734, 732, 735, 737, 736, 738, 738, 736, 739, 741, 740, 742, 743, 742, 740, 744, 742, 743, 746, 745, 747, 747, 745, 748, 750, 749, 751, 751, 749, 752, 754, 753, 755, 755, 753, 756, 758, 757, 759, 759, 757, 760, 762, 761, 763, 764, 763, 761, 765, 763, 764, 766, 763, 765, 768, 767, 769, 770, 769, 767, 771, 769, 770, 772, 769, 771, 774, 773, 775, 775, 773, 776, 778, 777, 779, 780, 779, 777, 781, 779, 780, 783, 782, 784, 784, 782, 785, 787, 786, 788, 788, 786, 789, 791, 790, 792, 792, 790, 793, 795, 794, 796, 796, 794, 797, 799, 798, 800, 800, 798, 801, 803, 802, 804, 804, 802, 805, 807, 806, 808, 808, 806, 809, 811, 810, 812, 813, 812, 810, 814, 812, 813, 815, 814, 813, 817, 816, 818, 818, 816, 819, 821, 820, 822, 822, 820, 823, 825, 824, 826, 826, 824, 827, 829, 828, 830, 830, 828, 831, 833, 832, 834, 834, 832, 835, 837, 836, 838, 838, 836, 839, 841, 840, 842, 842, 840, 843, 845, 844, 846, 846, 844, 847, 849, 848, 850, 850, 848, 851, 850, 851, 852, 852, 851, 853, 855, 854, 856, 857, 856, 854, 858, 857, 854, 859, 858, 854, 861, 860, 862, 862, 860, 863, 865, 864, 866, 867, 866, 864, 868, 866, 867, 869, 866, 868, 870, 869, 868, 872, 871, 873, 873, 871, 874, 876, 875, 877, 877, 875, 878, 880, 879, 881, 881, 879, 882, 884, 883, 885, 885, 883, 886, 888, 887, 889, 890, 889, 887, 891, 890, 887, 892, 890, 891, 893, 892, 891, 895, 894, 896, 896, 894, 897, 899, 898, 900, 900, 898, 901, 903, 902, 904, 904, 902, 905, 907, 906, 908, 908, 906, 909, 911, 910, 912, 912, 910, 913, 915, 914, 916, 916, 914, 917, 919, 918, 920, 921, 920, 918, 922, 921, 918, 924, 923, 925, 925, 923, 926, 928, 927, 929, 930, 928, 929, 932, 931, 933, 933, 931, 934, 936, 935, 937, 937, 935, 938, 940, 939, 941, 941, 939, 942, 944, 943, 945, 945, 943, 946, 948, 947, 949, 949, 947, 950, 952, 951, 953, 953, 951, 954, 956, 955, 957, 957, 955, 958, 960, 959, 961, 961, 959, 962, 964, 963, 965, 965, 963, 966, 968, 967, 969, 969, 967, 970, 972, 971, 973, 973, 971, 974, 976, 975, 977, 977, 975, 978, 980, 979, 981, 981, 979, 982, 984, 983, 985, 986, 985, 983, 987, 985, 986, 988, 985, 987, 990, 989, 991, 991, 989, 992, 994, 993, 995, 995, 993, 996, 998, 997, 999, 999, 997, 1000, 1002, 1001, 1003, 1003, 1001, 1004, 1006, 1005, 1007, 1007, 1005, 1008, 1010, 1009, 1011, 1011, 1009, 1012, 1014, 1013, 1015, 1015, 1013, 1016, 1018, 1017, 1019, 1019, 1017, 1020, 1022, 1021, 1023, 1023, 1021, 1024, 1026, 1025, 1027, 1027, 1025, 1028, 1030, 1029, 1031, 1031, 1029, 1032, 1034, 1033, 1035, 1035, 1033, 1036, 1038, 1037, 1039, 1039, 1037, 1040, 1042, 1041, 1043, 1043, 1041, 1044, 1046, 1045, 1047, 1047, 1045, 1048, 1050, 1049, 1051, 1052, 1049, 1050, 1054, 1053, 1055, 1055, 1053, 1056, 1058, 1057, 1059, 1059, 1057, 1060, 1062, 1061, 1063, 1064, 1063, 1061, 1065, 1064, 1061, 1066, 1064, 1065, 1067, 1064, 1066, 1069, 1068, 1070, 1070, 1068, 1071, 1073, 1072, 1074, 1074, 1072, 1075, 1077, 1076, 1078, 1078, 1076, 1079, 1081, 1080, 1082, 1082, 1080, 1083, 1085, 1084, 1086, 1086, 1084, 1087, 1089, 1088, 1090, 1090, 1088, 1091, 1093, 1092, 1094, 1094, 1092, 1095, 1097, 1096, 1098, 1098, 1096, 1099, 1101, 1100, 1102, 1102, 1100, 1103, 1105, 1104, 1106, 1106, 1104, 1107, 1109, 1108, 1110, 1110, 1108, 1111, 1113, 1112, 1114, 1114, 1112, 1115, 1117, 1116, 1118, 1118, 1116, 1119, 1121, 1120, 1122, 1122, 1120, 1123, 1125, 1124, 1126, 1126, 1124, 1127, 1129, 1128, 1130, 1130, 1128, 1131, 1133, 1132, 1134, 1134, 1132, 1135, 1137, 1136, 1138, 1139, 1136, 1137, 1139, 1140, 1136, 1141, 1140, 1139, 1143, 1142, 1144, 1144, 1142, 1145]
    rel material:binding = </PP_Rock_Pile_Forest_Moss_10_1121/Materials/PP_Standard_Material_52838>
    normal3f[] normals = [(0.40981564, 0.870101, 0.27381623), (0.40981564, 0.870101, 0.27381623), (0.40981564, 0.870101, 0.27381623), (0.5444493, 0.12385084, -0.8295998), (0.5420381, 0.118038766, -0.83202267), (0.544665, 0.1268375, -0.8290068), (0.5426753, 0.116715744, -0.8317938), (0.5420381, 0.118038766, -0.83202267), (0.5444493, 0.12385084, -0.8295998), (0.52544516, 0.021936249, -0.85054463), (0.52544516, 0.021936249, -0.85054463), (0.52544516, 0.021936249, -0.85054463), (-0.3647874, 0.27212924, 0.89043576), (-0.3647874, 0.27212924, 0.89043576), (-0.3647874, 0.27212924, 0.89043576), (0.47120956, -0.2558286, 0.84410495), (0.47120956, -0.2558286, 0.84410495), (0.47120956, -0.2558286, 0.84410495), (-0.7700648, -0.5034885, 0.3917903), (-0.7700648, -0.5034885, 0.3917903), (-0.7700648, -0.5034885, 0.3917903), (-0.9501318, 0.003101587, 0.31183314), (-0.9501318, 0.003101587, 0.31183314), (-0.9501318, 0.003101587, 0.31183314), (0.08600563, -0.026024606, 0.99595475), (0.08600563, -0.026024606, 0.99595475), (0.08600563, -0.026024606, 0.99595475), (0.079606004, -0.0021400724, 0.99682415), (0.07965202, -0.0020707387, 0.99682057), (0.07963733, -0.0020941384, 0.99682176), (-0.94289124, 0.13979392, 0.30234733), (-0.94289124, 0.13979392, 0.30234733), (-0.94289124, 0.13979392, 0.30234733), (-0.86446774, -0.25368536, 0.4339807), (-0.86446774, -0.25368536, 0.4339807), (-0.86446774, -0.25368536, 0.4339807), (0.29789248, 0.11234172, 0.9479659), (0.29789248, 0.11234172, 0.9479659), (0.29789248, 0.11234172, 0.9479659), (-0.24734928, -0.07417564, -0.966083), (-0.24734928, -0.07417564, -0.966083), (-0.24734928, -0.07417564, -0.966083), (0.68384725, 0.62673515, -0.37357196), (0.68384725, 0.62673515, -0.37357196), (0.68384725, 0.62673515, -0.37357196), (0.06352567, 0.19970046, 0.9777956), (0.06352567, 0.19970046, 0.9777956), (0.06352567, 0.19970046, 0.9777956), (0.62974435, 0.7133028, -0.3076056), (0.62974435, 0.7133028, -0.3076056), (0.62974435, 0.7133028, -0.3076056), (-0.05903165, 0.22505233, -0.9725568), (-0.05903165, 0.22505233, -0.9725568), (-0.05903165, 0.22505233, -0.9725568), (-0.7203283, -0.35499042, 0.5959102), (-0.7203283, -0.35499042, 0.5959102), (-0.7203283, -0.35499042, 0.5959102), (0.4331989, 0.09136396, 0.8966556), (0.4331989, 0.09136396, 0.8966556), (0.4331989, 0.09136396, 0.8966556), (-0.958747, -0.20294423, 0.19904181), (-0.958747, -0.20294423, 0.19904181), (-0.958747, -0.20294423, 0.19904181), (-0.9557819, -0.18531154, 0.22834314), (-0.9557828, -0.18531658, 0.22833532), (-0.9557816, -0.18531348, 0.22834297), (-0.95338404, -0.17230204, 0.24773133), (-0.95338404, -0.17230204, 0.24773133), (-0.26508427, -0.2456994, -0.932396), (-0.26508427, -0.2456994, -0.932396), (-0.26508427, -0.2456994, -0.932396), (-0.7393899, 0.19759461, -0.64362967), (-0.7393899, 0.19759461, -0.64362967), (-0.7393899, 0.19759461, -0.64362967), (-0.7432476, 0.22624442, -0.6296002), (-0.7478635, 0.23404112, -0.6212287), (-0.7427245, 0.22536696, -0.63053167), (-0.5185048, 0.21665359, -0.8271723), (-0.5185048, 0.21665359, -0.8271723), (-0.5185048, 0.21665359, -0.8271723), (-0.060621478, 0.07231846, -0.99553764), (-0.060621478, 0.07231846, -0.99553764), (-0.060621478, 0.07231846, -0.99553764), (-0.5314729, 0.18581447, -0.8264439), (-0.5314729, 0.18581447, -0.8264439), (-0.5314729, 0.18581447, -0.8264439), (0.10043183, -0.17125413, 0.9800946), (0.10043183, -0.17125413, 0.9800946), (0.10043183, -0.17125413, 0.9800946), (-0.737767, -0.5837105, 0.33909002), (-0.737767, -0.5837105, 0.33909002), (-0.737767, -0.5837105, 0.33909002), (-0.7550615, 0.21349289, -0.6199217), (-0.74273074, 0.2253614, -0.63052624), (-0.7550615, 0.21349289, -0.6199217), (0.70967174, 0.43133777, -0.55705816), (0.70967174, 0.43133777, -0.55705816), (0.70967174, 0.43133777, -0.55705816), (0.5132895, 0.27110854, 0.81426907), (0.5132895, 0.27110854, 0.81426907), (0.5132895, 0.27110854, 0.81426907), (-0.31758013, 0.50567514, -0.80214435), (-0.31758013, 0.50567514, -0.80214435), (-0.31758013, 0.50567514, -0.80214435), (0.10441527, -0.96724665, 0.23136863), (0.10441527, -0.96724665, 0.23136863), (0.10441527, -0.96724665, 0.23136863), (0.6703778, -0.175733, 0.72091025), (0.6703778, -0.175733, 0.72091025), (0.6703778, -0.175733, 0.72091025), (0.321571, 0.641446, -0.6965192), (0.321571, 0.641446, -0.6965192), (0.321571, 0.641446, -0.6965192), (0.44800535, 0.75974286, -0.47125566), (0.44800535, 0.75974286, -0.47125566), (0.44800535, 0.75974286, -0.47125566), (-0.2724407, -0.45788118, 0.84623927), (-0.2724407, -0.45788118, 0.84623927), (-0.2724407, -0.45788118, 0.84623927), (0.75204766, 0.16834576, -0.6372472), (0.75204766, 0.16834576, -0.6372472), (0.75204766, 0.16834576, -0.6372472), (0.15475073, 0.8064857, -0.57064265), (0.15475073, 0.8064857, -0.57064265), (0.15475073, 0.8064857, -0.57064265), (0.2884936, -0.73505473, -0.61356825), (0.2884936, -0.73505473, -0.61356825), (0.2884936, -0.73505473, -0.61356825), (-0.7248316, 0.09199071, -0.6827568), (-0.7248316, 0.09199071, -0.6827568), (-0.7248316, 0.09199071, -0.6827568), (-0.8285605, 0.1426141, -0.5414321), (-0.8285605, 0.1426141, -0.5414321), (-0.8285605, 0.1426141, -0.5414321), (-0.32092884, -0.023299037, -0.9468166), (-0.32092884, -0.023299037, -0.9468166), (-0.32092884, -0.023299037, -0.9468166), (-0.84759235, -0.012967103, -0.53048944), (-0.84759235, -0.012967103, -0.53048944), (-0.84759235, -0.012967103, -0.53048944), (-0.6418441, -0.7087074, -0.2928653), (-0.6418441, -0.7087074, -0.2928653), (-0.6418441, -0.7087074, -0.2928653), (-0.76848483, 0.16057543, -0.6193922), (-0.76848483, 0.16057543, -0.6193922), (-0.76848483, 0.16057543, -0.6193922), (-0.9120234, 0.08954911, -0.40024275), (-0.9120234, 0.08954911, -0.40024275), (-0.9120234, 0.08954911, -0.40024275), (-0.9534015, 0.046866428, -0.29804206), (-0.9534015, 0.046866428, -0.29804206), (-0.9534015, 0.046866428, -0.29804206), (-0.98163927, 0.13147491, -0.13819787), (-0.98163927, 0.13147491, -0.13819787), (-0.98163927, 0.13147491, -0.13819787), (-0.962027, -0.015811877, -0.27249578), (-0.962027, -0.015811877, -0.27249578), (-0.962027, -0.015811877, -0.27249578), (-0.9933409, 0.10801365, -0.040084545), (-0.9933409, 0.10801365, -0.040084545), (-0.9933409, 0.10801365, -0.040084545), (-0.829124, 0.4250955, -0.36310774), (-0.829124, 0.4250955, -0.36310774), (-0.829124, 0.4250955, -0.36310774), (-0.9672028, 0.20711139, -0.14704986), (-0.9672028, 0.20711139, -0.14704986), (-0.9672028, 0.20711139, -0.14704986), (-0.802912, 0.16623881, -0.5724482), (-0.802912, 0.16623881, -0.5724482), (-0.802912, 0.16623881, -0.5724482), (0.18344837, 0.8377274, -0.51435333), (0.18344837, 0.8377274, -0.51435333), (0.18344837, 0.8377274, -0.51435333), (0.20425513, 0.54713607, -0.81174), (0.20425513, 0.54713607, -0.81174), (0.20425513, 0.54713607, -0.81174), (-0.0045525813, 0.9944008, -0.10557599), (-0.0045525813, 0.9944008, -0.10557599), (-0.0045525813, 0.9944008, -0.10557599), (0.17863801, 0.8508163, -0.49416608), (0.17863801, 0.8508163, -0.49416608), (0.17863801, 0.8508163, -0.49416608), (0.6182198, 0.6854229, -0.3847072), (0.6182198, 0.6854229, -0.3847072), (0.6182198, 0.6854229, -0.3847072), (0.7065533, 0.6188884, -0.34316134), (0.7065533, 0.6188884, -0.34316134), (0.7065533, 0.6188884, -0.34316134), (-0.7954897, -0.47125643, -0.38093764), (-0.7954897, -0.47125643, -0.38093764), (-0.7954897, -0.47125643, -0.38093764), (0.06862497, 0.055987906, -0.99607027), (0.06862497, 0.055987906, -0.99607027), (0.06862497, 0.055987906, -0.99607027), (0.9994449, 0.03025599, 0.01394076), (0.9994449, 0.03025599, 0.01394076), (0.9994449, 0.03025599, 0.01394076), (-0.42214116, 0.39596382, -0.8154811), (-0.42214116, 0.39596382, -0.8154811), (-0.42214116, 0.39596382, -0.8154811), (0.22510996, 0.31008324, -0.9236741), (0.22510996, 0.31008324, -0.9236741), (0.22510996, 0.31008324, -0.9236741), (-0.8204243, 0.46633574, -0.33080938), (-0.8204243, 0.46633574, -0.33080938), (-0.8204243, 0.46633574, -0.33080938), (-0.9420294, 0.18979944, 0.27668896), (-0.9420294, 0.18979944, 0.27668896), (-0.9420294, 0.18979944, 0.27668896), (0.23770548, 0.18648602, 0.9532676), (0.23770548, 0.18648602, 0.9532676), (0.23770548, 0.18648602, 0.9532676), (-0.9503894, 0.10997829, 0.290972), (-0.9503894, 0.10997829, 0.290972), (-0.9503894, 0.10997829, 0.290972), (-0.77891785, -0.5094253, 0.36574972), (-0.77891785, -0.5094253, 0.36574972), (-0.77891785, -0.5094253, 0.36574972), (0.19680963, -0.19177066, 0.961504), (0.19680963, -0.19177066, 0.961504), (0.19680963, -0.19177066, 0.961504), (0.13101564, 0.22629328, -0.9652079), (0.13101564, 0.22629328, -0.9652079), (0.13101564, 0.22629328, -0.9652079), (-0.33718595, -0.11958561, -0.933812), (-0.33718595, -0.11958561, -0.933812), (-0.33718595, -0.11958561, -0.933812), (0.61830735, 0.28689507, -0.73170155), (0.61830735, 0.28689507, -0.73170155), (0.61830735, 0.28689507, -0.73170155), (-0.7966696, 0.3069312, 0.52068305), (-0.7966696, 0.3069312, 0.52068305), (-0.7966696, 0.3069312, 0.52068305), (0, -1, 0), (4.8388574e-7, -1, 2.1251779e-7), (3.9618988e-7, -1, 1.7400264e-7), (0.13345033, 0.022023743, 0.99081075), (0.13345033, 0.022023743, 0.99081075), (0.13345033, 0.022023743, 0.99081075), (-0.8290713, 0.3460268, 0.43921104), (-0.8290713, 0.3460268, 0.43921104), (-0.8290713, 0.3460268, 0.43921104), (0.16288017, 0.3307159, 0.9295682), (0.16288017, 0.3307159, 0.9295682), (0.16288017, 0.3307159, 0.9295682), (-0.94404, 0.119434774, 0.30744728), (-0.94404, 0.119434774, 0.30744728), (-0.94404, 0.119434774, 0.30744728), (8.8843626e-7, -1, 3.9019235e-7), (3.9618988e-7, -1, 1.7400264e-7), (4.8388574e-7, -1, 2.1251779e-7), (-0.8234583, 0.1390226, 0.55008096), (-0.8234583, 0.1390226, 0.55008096), (-0.8234583, 0.1390226, 0.55008096), (0.65569973, 0.5492325, -0.5180748), (0.65569973, 0.5492325, -0.5180748), (0.65569973, 0.5492325, -0.5180748), (-0.715817, 0.43077794, 0.54957855), (-0.715817, 0.43077794, 0.54957855), (-0.715817, 0.43077794, 0.54957855), (0.9210922, -0.21764265, -0.32283252), (0.9210922, -0.21764265, -0.32283252), (0.9210922, -0.21764265, -0.32283252), (-0.70706266, 0.1065406, 0.6990789), (-0.70706266, 0.1065406, 0.6990789), (-0.70706266, 0.1065406, 0.6990789), (-0.7107659, 0.031106144, 0.70274055), (-0.7107659, 0.031106144, 0.70274055), (-0.7107659, 0.031106144, 0.70274055), (0.68827283, 0.43328434, -0.5818463), (0.68827283, 0.43328434, -0.5818463), (0.68827283, 0.43328434, -0.5818463), (-0.9816774, -0.12719753, 0.14188159), (-0.9816774, -0.12719753, 0.14188159), (-0.9816774, -0.12719753, 0.14188159), (0.59051937, 0.33375502, -0.7347751), (0.59051937, 0.33375502, -0.7347751), (0.59051937, 0.33375502, -0.7347751), (0.92946875, -0.18213296, -0.32080418), (0.92946875, -0.18213296, -0.32080418), (0.92946875, -0.18213296, -0.32080418), (0.6264961, 0.35815394, -0.69226336), (0.6264961, 0.35815394, -0.69226336), (0.6264961, 0.35815394, -0.69226336), (0.8960442, 0.37696928, -0.23451842), (0.8960442, 0.37696928, -0.23451842), (0.8960442, 0.37696928, -0.23451842), (0.05271821, 0.14187077, 0.9884803), (0.05271821, 0.14187077, 0.9884803), (0.05271821, 0.14187077, 0.9884803), (0.4363781, 0.13034774, 0.89027166), (0.4363781, 0.13034774, 0.89027166), (0.4363781, 0.13034774, 0.89027166), (-0.247031, 0.56844014, 0.78476214), (-0.247031, 0.56844014, 0.78476214), (-0.247031, 0.56844014, 0.78476214), (0.31688133, 0.8620348, 0.39557838), (0.31688133, 0.8620348, 0.39557838), (0.31688133, 0.8620348, 0.39557838), (0.012230621, 0.99303174, 0.11721079), (0.012230621, 0.99303174, 0.11721079), (0.012230621, 0.99303174, 0.11721079), (0.30375496, 0.9391549, 0.16037782), (0.30375496, 0.9391549, 0.16037782), (0.30375496, 0.9391549, 0.16037782), (-0.08415739, 0.8683577, -0.48874587), (-0.08415739, 0.8683577, -0.48874587), (-0.08415739, 0.8683577, -0.48874587), (-0.54218966, 0.83718234, 0.07180607), (-0.54218966, 0.83718234, 0.07180607), (-0.54218966, 0.83718234, 0.07180607), (-0.45127836, 0.77907336, 0.43519253), (-0.45127836, 0.77907336, 0.43519253), (-0.45127836, 0.77907336, 0.43519253), (-0.30600673, 0.52433175, 0.7946295), (-0.30600673, 0.52433175, 0.7946295), (-0.30600673, 0.52433175, 0.7946295), (-0.18668093, 0.87889004, 0.43897885), (-0.18668093, 0.87889004, 0.43897885), (-0.18668093, 0.87889004, 0.43897885), (-0.16062625, 0.8501215, 0.5014904), (-0.16062625, 0.8501215, 0.5014904), (-0.16062625, 0.8501215, 0.5014904), (-0.15156797, 0.9875618, -0.041818596), (-0.15156797, 0.9875618, -0.041818596), (-0.15156797, 0.9875618, -0.041818596), (0.06779023, 0.9920995, 0.10556097), (0.067793116, 0.9921004, 0.10554974), (0.067789994, 0.9920995, 0.10556071), (0.41836914, 0.79427886, -0.4405546), (0.41836914, 0.79427886, -0.4405546), (0.41836914, 0.79427886, -0.4405546), (0.17538758, 0.9840168, 0.030825235), (0.17538951, 0.98401654, 0.030820869), (0.17538686, 0.9840168, 0.030830866), (0.17538758, 0.9840168, 0.030825235), (0.17538963, 0.9840164, 0.030826585), (0.17538951, 0.98401654, 0.030820869), (0.5383707, 0.8151162, -0.21387501), (0.5383707, 0.8151162, -0.21387501), (0.5383707, 0.8151162, -0.21387501), (0.6191868, 0.6885774, -0.37745062), (0.6191868, 0.6885774, -0.37745062), (0.6191868, 0.6885774, -0.37745062), (0.77683914, 0.62789357, -0.04765201), (0.77683914, 0.62789357, -0.04765201), (0.77683914, 0.62789357, -0.04765201), (0.7163207, 0.6366015, -0.28569776), (0.7163207, 0.6366015, -0.28569776), (0.7163207, 0.6366015, -0.28569776), (-0.3833867, 0.9185398, 0.09643261), (-0.3833867, 0.9185398, 0.09643261), (-0.3833867, 0.9185398, 0.09643261), (-0.000001201152, 1, 0), (0, 1, 0), (5.0529366e-7, 1, 0), (5.0529366e-7, 1, 0), (-0.0000010765474, 1, 0), (-0.000001201152, 1, 0), (5.0529366e-7, 1, 0), (0.0000011121973, 1, 0), (-0.0000010765474, 1, 0), (-0.17536277, 0.6020024, -0.77900004), (-0.17536277, 0.6020024, -0.77900004), (-0.17536277, 0.6020024, -0.77900004), (0.20754962, 0.7906556, -0.57600933), (0.20754962, 0.7906556, -0.57600933), (0.20754962, 0.7906556, -0.57600933), (-0.24016677, 0.95317876, -0.18376666), (-0.24016677, 0.95317876, -0.18376666), (-0.24016677, 0.95317876, -0.18376666), (-0.04506308, 0.9634398, -0.26410776), (-0.040780522, 0.96487415, -0.25952822), (-0.04200104, 0.96405154, -0.26237458), (0.036183853, 0.9773342, -0.2085869), (0.036183853, 0.9773342, -0.2085869), (0.036183853, 0.9773342, -0.2085869), (-0.39778775, 0.91570175, 0.057055507), (-0.39778775, 0.91570175, 0.057055507), (-0.39778775, 0.91570175, 0.057055507), (-0.27374047, 0.8516614, -0.44692186), (-0.27374047, 0.8516614, -0.44692186), (-0.27374047, 0.8516614, -0.44692186), (-0.5081446, 0.6849893, -0.5220908), (-0.5081446, 0.6849893, -0.5220908), (-0.5081446, 0.6849893, -0.5220908), (0.5265266, -0.27021763, 0.8060721), (0.5265053, -0.27022398, 0.8060839), (0.52652895, -0.27021977, 0.8060698), (0.5265266, -0.27021763, 0.8060721), (0.52652895, -0.27021977, 0.8060698), (0.52653927, -0.27021357, 0.80606514), (0.93491083, 0.09050587, -0.34314767), (0.9349082, 0.09051491, -0.34315243), (0.93489695, 0.09053517, -0.34317783), (0.93491083, 0.09050587, -0.34314767), (0.93489695, 0.09053517, -0.34317783), (0.9348979, 0.09053426, -0.3431757), (0.16142946, 0.98288995, -0.08870099), (0.16142914, 0.98289007, -0.088700734), (0.1614294, 0.98288995, -0.08870093), (0.16142946, 0.98288995, -0.08870099), (0.1614294, 0.98288995, -0.08870093), (0.16142973, 0.98288995, -0.088701166), (-0.13415797, 0.6889843, -0.71225154), (-0.13414988, 0.6889896, -0.71224797), (-0.13415799, 0.6890027, -0.71223384), (-0.13415797, 0.6889843, -0.71225154), (-0.13415799, 0.6890027, -0.71223384), (-0.1341328, 0.6889952, -0.71224576), (0.6406504, 0.7593848, 0.1135862), (0.64085877, 0.75919193, 0.11369904), (0.6410924, 0.7589755, 0.11382754), (0.6406504, 0.7593848, 0.1135862), (0.6410924, 0.7589755, 0.11382754), (0.64086866, 0.7591827, 0.11370617), (-0.8985749, 0.3610482, 0.24941407), (-0.90197235, 0.35952264, 0.23914298), (-0.8991014, 0.36113608, 0.24738112), (-0.8979419, 0.3611581, 0.25152552), (-0.8979288, 0.36116803, 0.25155827), (-0.11464996, -0.9814342, -0.15376042), (-0.1146356, -0.98143953, -0.15373768), (-0.11464865, -0.9814352, -0.15375552), (-0.11465008, -0.98143446, -0.15375875), (-0.1146496, -0.981434, -0.15376203), (-0.11463731, -0.981437, -0.15375173), (0.48138583, 0.13948874, -0.8653383), (0.48140416, 0.13946764, -0.86533165), (0.48139998, 0.1394759, -0.8653326), (0.481399, 0.13948014, -0.8653324), (0.82512534, -0.21304649, 0.5232393), (0.82511634, -0.213056, 0.52324957), (0.8251159, -0.21305643, 0.5232501), (0.8251206, -0.2130529, 0.523244), (0.40298083, 0.83333606, -0.37836164), (0.4029808, 0.8333381, -0.37835708), (0.40298086, 0.8333324, -0.37836963), (0.40298086, 0.8333308, -0.3783731), (0.16371374, 0.5641773, 0.80926), (0.16371363, 0.56417704, 0.8092602), (0.16371398, 0.56417817, 0.8092593), (0.16371405, 0.56417847, 0.80925924), (0.16617721, 0.53273106, 0.82980883), (0.16617693, 0.53273267, 0.8298078), (0.16617815, 0.5327249, 0.8298126), (0.16617835, 0.53272367, 0.8298134), (-0.5292791, 0.68987864, 0.49389377), (-0.52928025, 0.68987584, 0.49389654), (-0.5292767, 0.6898848, 0.49388778), (-0.5292758, 0.68988705, 0.49388546), (0.49935165, 0.83028024, -0.24755341), (0.49935135, 0.83027935, -0.24755697), (0.4993519, 0.8302811, -0.24755007), (0.49935207, 0.83028185, -0.24754722), (-0.6944582, 0.51407707, 0.5034406), (-0.6944582, 0.51407737, 0.5034404), (-0.69445807, 0.5140757, 0.50344235), (-0.69445807, 0.51407546, 0.5034425), (0.6250923, 0.57557726, 0.52722913), (0.6250935, 0.57557565, 0.5272293), (0.6250795, 0.57559365, 0.52722627), (0.6250787, 0.5755949, 0.5272261), (0.6272697, 0.59405667, 0.5036163), (0.62726176, 0.59406614, 0.5036151), (0.6250865, 0.57559484, 0.5272167), (0.62721354, 0.59412295, 0.5036081), (-0.6027475, 0.4588965, -0.6527705), (-0.6003651, 0.4598903, -0.654265), (-0.604206, 0.4583882, -0.6517786), (-0.60026735, 0.45993575, -0.65432256), (-0.6000663, 0.45966604, -0.6546966), (-0.597137, 0.4611005, -0.656364), (-0.5725931, 0.2607145, -0.7772805), (-0.5725686, 0.2607306, -0.7772932), (-0.5725529, 0.2607414, -0.77730113), (-0.572603, 0.26070765, -0.7772756), (-0.09642623, 0.42646393, -0.8993501), (-0.09642571, 0.4264664, -0.8993489), (-0.096429035, 0.42645064, -0.89935607), (-0.09642942, 0.42644876, -0.89935684), (-0.62412935, -0.5772927, -0.5264938), (-0.6241489, -0.5772338, -0.52653515), (-0.62413037, -0.577291, -0.5264944), (-0.6241541, -0.57722044, -0.52654356), (0.7294372, 0.4847212, 0.48266622), (0.72943646, 0.48472255, 0.48266602), (0.72943944, 0.4847171, 0.48266703), (0.7294399, 0.48471612, 0.48266718), (-0.8944502, 0.28340125, 0.34589404), (-0.89446217, 0.28338444, 0.34587678), (-0.8944556, 0.28339314, 0.34588638), (-0.89445186, 0.283403, 0.34588823), (0.21406142, 0.7301297, 0.6489131), (0.21406107, 0.7301308, 0.648912), (0.21406406, 0.73012155, 0.64892155), (0.21406429, 0.7301209, 0.64892215), (0.25284964, 0.6101618, 0.750846), (0.2528676, 0.610141, 0.75085676), (0.25286403, 0.6101456, 0.75085425), (0.25284323, 0.6101658, 0.7508449), (-0.011433599, -0.99993455, 0.0004117763), (-0.011405731, -0.9999349, 0.00031073403), (-0.011374492, -0.99993527, 0.00020030899), (-0.011397961, -0.99993503, 0.00028417204), (-0.41044784, 0.3302039, -0.84999883), (-0.41044503, 0.3302109, -0.84999746), (-0.41044265, 0.33023903, -0.84998775), (-0.41043407, 0.3302238, -0.8499977), (-0.869693, -0.12850495, 0.47657162), (-0.86969566, -0.12849385, 0.47656968), (-0.86969316, -0.12851074, 0.47656974), (-0.8696963, -0.12853174, 0.47655842), (-0.91976243, -0.27356037, 0.28142822), (-0.9197557, -0.2735759, 0.28143492), (-0.91975653, -0.27357426, 0.281434), (-0.9197615, -0.27355623, 0.28143528), (-0.8054555, -0.08272757, -0.58685404), (-0.8054526, -0.0827337, -0.5868572), (-0.80545145, -0.082744695, -0.586857), (-0.8054522, -0.08273251, -0.5868577), (-0.80545205, -0.08272734, -0.5868588), (0.69121045, 0.49173674, -0.52955), (0.6912109, 0.4917368, -0.5295492), (0.6912087, 0.4917364, -0.5295524), (0.69120836, 0.49173635, -0.52955294), (-0.23736674, 0.3737821, -0.8966293), (-0.23735094, 0.3737698, -0.89663845), (-0.23738343, 0.37379664, -0.8966187), (-0.2373571, 0.3737757, -0.89663446), (0.47257712, 0.39317298, -0.7887242), (0.47257543, 0.39317113, -0.78872615), (0.47258335, 0.39317966, -0.78871715), (0.47258425, 0.39318058, -0.78871614), (-0.5397979, 0.74924755, 0.38372687), (-0.5397979, 0.74924815, 0.38372573), (-0.53979784, 0.74924695, 0.38372803), (-0.5397979, 0.7492465, 0.38372904), (-0.25883776, 0.4651128, -0.8465655), (-0.2588379, 0.46511242, -0.84656554), (-0.25883713, 0.46511382, -0.8465651), (-0.25883698, 0.46511403, -0.84656507), (0.7798348, 0.50162864, 0.37446818), (0.77982837, 0.50163656, 0.37447107), (0.7798392, 0.5016233, 0.37446618), (0.7798445, 0.5016168, 0.3744638), (-0.80646074, 0.49499905, 0.32341453), (-0.8064686, 0.49500355, 0.32338807), (-0.806461, 0.49499848, 0.32341477), (-0.80646354, 0.49499685, 0.32341117), (-0.22978196, 0.3913221, 0.8911046), (-0.229617, 0.39133763, 0.8911403), (-0.22962147, 0.39133677, 0.8911395), (-0.22961457, 0.39133736, 0.891141), (0.19411364, 0.8318055, -0.5200187), (0.19411287, 0.8318058, -0.52001846), (0.19413327, 0.83178365, -0.5200464), (0.1941273, 0.8317909, -0.52003694), (-0.411711, 0.44298905, -0.79640114), (-0.41171518, 0.44298777, -0.7963997), (-0.4117114, 0.4429889, -0.796401), (-0.41170752, 0.44299003, -0.79640234), (-0.7046777, 0.5022832, 0.5011396), (-0.70467746, 0.50228375, 0.50113946), (-0.70467883, 0.50228095, 0.5011403), (-0.70467895, 0.5022808, 0.5011403), (-0.6945513, 0.65052426, -0.30727273), (-0.6945523, 0.65052354, -0.30727217), (-0.6945517, 0.65052396, -0.3072726), (-0.6945508, 0.6505248, -0.30727315), (0.909177, 0.33251992, -0.2506545), (0.9091582, 0.3325489, -0.25068432), (0.90915436, 0.33255655, -0.25068802), (0.9091686, 0.332533, -0.25066766), (-0.80798924, -0.16457148, 0.565747), (-0.80798256, -0.16456214, 0.56575924), (-0.8079915, -0.16458431, 0.5657399), (-0.80799216, -0.16459256, 0.56573653), (0.79882914, 0.26795363, -0.53858405), (0.7988451, 0.26793012, -0.5385721), (0.7988255, 0.26796067, -0.5385861), (0.7988415, 0.2679357, -0.5385747), (0.25948358, 0.34326276, 0.9026843), (0.2594887, 0.34325317, 0.9026864), (0.2594778, 0.34327236, 0.90268236), (0.2594811, 0.34326738, 0.9026833), (-0.32454756, 0.36130133, -0.8741454), (-0.32452348, 0.36129156, -0.87415844), (-0.32453758, 0.36129627, -0.87415123), (-0.3245086, 0.36129022, -0.87416446), (-0.66734725, 0.49555227, -0.5559456), (-0.66734684, 0.49554688, -0.55595094), (-0.6673433, 0.49556547, -0.55593866), (-0.6673482, 0.49554884, -0.55594766), (0.88355106, 0.06320433, -0.46405035), (0.88355315, 0.063191615, -0.46404806), (0.8835524, 0.06319629, -0.46404904), (0.8835459, 0.063216604, -0.46405852), (0.4765781, 0.08519687, 0.8749942), (0.4765694, 0.08518363, 0.87500024), (0.4765791, 0.085202836, 0.874993), (0.47656634, 0.08518086, 0.87500215), (0.29435953, -0.25249568, 0.92173666), (0.29434875, -0.2525041, 0.92173773), (0.29434106, -0.25251776, 0.9217364), (0.29434985, -0.25250658, 0.9217367), (0.85277736, 0.46093932, -0.2455722), (0.8527796, 0.4609285, -0.24558489), (0.85277754, 0.46093953, -0.2455714), (0.8527781, 0.46094275, -0.24556337), (0.59398633, 0.7258306, -0.34691522), (0.59398454, 0.725832, -0.3469155), (0.5939921, 0.7258267, -0.34691367), (0.5939967, 0.7258224, -0.34691465), (-0.06778871, -0.9920994, -0.10556218), (-0.06778877, -0.9920994, -0.10556218), (-0.067788735, -0.9920994, -0.10556218), (-0.067788675, -0.9920994, -0.10556217), (0.4296605, -0.38508105, -0.8167646), (0.4296672, -0.3850849, -0.8167593), (0.42965364, -0.38511258, -0.8167533), (0.42967117, -0.3851011, -0.8167495), (-0.60479105, 0.45797494, -0.6515265), (-0.60473245, 0.45801333, -0.6515539), (-0.6000663, 0.45966604, -0.6546966), (-0.6027475, 0.4588965, -0.6527705), (-0.6027475, 0.4588965, -0.6527705), (-0.604206, 0.4583882, -0.6517786), (-0.60479105, 0.45797494, -0.6515265), (-0.60470325, 0.45796403, -0.6516157), (0.3953286, 0.11132176, 0.911769), (0.39526096, 0.11141626, 0.9117868), (0.3952581, 0.11142003, 0.91178757), (0.39527667, 0.111393824, 0.91178274), (-0.076209605, 0.35128903, 0.9331603), (-0.07621715, 0.35129127, 0.9331588), (-0.07619104, 0.35127452, 0.9331672), (-0.076217085, 0.35126573, 0.9331685), (0.671931, 0.6502874, -0.3544503), (0.6719313, 0.6502873, -0.35444993), (0.67192984, 0.6502878, -0.35445163), (0.6719296, 0.6502879, -0.3544518), (0.2278134, 0.39972916, -0.8878725), (0.22781089, 0.3997241, -0.88787544), (0.22781727, 0.3997371, -0.8878679), (0.22781926, 0.39974108, -0.88786566), (0.751304, 0.12929288, -0.6471674), (0.75130147, 0.12929116, -0.6471706), (0.75128716, 0.12930422, -0.6471846), (0.7512992, 0.12930147, -0.64717126), (0.7512967, 0.1293082, -0.6471727), (0.7512868, 0.12933034, -0.64717984), (0.7512866, 0.12931608, -0.64718294), (-0.2971865, 0.5525398, 0.77870405), (-0.29718718, 0.5525431, 0.7787014), (-0.29718506, 0.55253303, 0.7787093), (-0.29718453, 0.5525303, 0.7787115), (0.81254697, 0.53189456, 0.23844437), (0.812419, 0.5320212, 0.23859742), (0.81254333, 0.5318975, 0.23844984), (0.81243086, 0.5320095, 0.23858301), (-0.74695414, 0.07872506, 0.6601984), (-0.7469549, 0.07872841, 0.660197), (-0.74695086, 0.0787384, 0.6602004), (-0.7469622, 0.07871525, 0.6601905), (-0.74696034, 0.07872324, 0.66019154), (-0.7469588, 0.0787244, 0.66019315), (-0.7469656, 0.07872663, 0.6601853), (-0.7469423, 0.07871589, 0.6602128), (0.041432407, -0.5347756, 0.84397775), (0.041395575, -0.53479344, 0.8439683), (0.04141513, -0.5347828, 0.843974), (0.041420467, -0.5347811, 0.8439749), (0.6213491, -0.1710187, 0.7646423), (0.6213239, -0.17100476, 0.76466596), (0.6213491, -0.17101897, 0.7646423), (0.621359, -0.1709987, 0.7646388), (0.7270091, 0.36822045, -0.5795441), (0.7270106, 0.36822304, -0.57954067), (0.72700727, 0.36821717, -0.57954866), (0.7270061, 0.36821523, -0.57955134), (0.6755993, -0.39008227, 0.6256209), (0.6755966, -0.3900838, 0.62562275), (0.6755995, -0.3900821, 0.62562054), (0.67559975, -0.390082, 0.62562054), (0.841783, 0.36383504, 0.39878002), (0.8417765, 0.36382976, 0.3987985), (0.84178346, 0.3638372, 0.39877698), (0.84178644, 0.3638371, 0.3987709), (0.88827217, 0.1757828, 0.4243498), (0.88827443, 0.17575322, 0.4243576), (0.88827425, 0.1757535, 0.4243577), (0.88826936, 0.17582908, 0.42433667), (0, -1, 0), (0, -1, 0), (0, -1, 0), (0, -1, 0), (0.44451043, -0.18794736, -0.8758346), (0.44450065, -0.18793948, -0.87584126), (0.44450453, -0.18794113, -0.875839), (0.4445021, -0.187941, -0.87584025), (0.44449967, -0.18793422, -0.8758429), (0.70600677, 0.40290388, -0.58242846), (0.7059948, 0.40290317, -0.58244354), (0.7060035, 0.4029018, -0.5824338), (0.70600444, 0.4029108, -0.5824265), (0.706001, 0.40290904, -0.58243185), (0.51610297, 0.27025455, -0.8127732), (0.51610106, 0.27025595, -0.81277394), (0.51610535, 0.27025244, -0.81277233), (0.51608825, 0.27025074, -0.8127838), (0.5160817, 0.2702633, -0.8127838), (0.14234999, 0.7928045, -0.5926191), (0.14234895, 0.79280245, -0.5926221), (0.14236851, 0.7928239, -0.59258884), (0.14234991, 0.79280424, -0.59261954), (-0.08355336, -0.70619196, -0.70307314), (-0.08356457, -0.7062028, -0.70306087), (-0.08356322, -0.7062045, -0.70305943), (-0.0835546, -0.70618254, -0.7030824), (-0.54298913, 0.60234314, -0.5851031), (-0.5429617, 0.6023714, -0.58509934), (-0.54295343, 0.602368, -0.58511066), (-0.5429858, 0.6023406, -0.58510876), (-0.53259337, -0.74341613, -0.40456977), (-0.5326143, -0.74337643, -0.40461537), (-0.5327297, -0.74315745, -0.40486565), (-0.53270096, -0.74321175, -0.40480363), (0.136134, 0.30836937, -0.9414754), (0.13615333, 0.3083537, -0.9414777), (0.13609003, 0.3084188, -0.9414655), (0.13615298, 0.30834588, -0.9414803), (0.31405002, 0.49823686, -0.80816627), (0.31404972, 0.49824655, -0.8081603), (0.31405157, 0.49824688, -0.8081594), (0.3140524, 0.4982452, -0.80816007), (-0.24334161, 0.54512185, -0.8022637), (-0.24345192, 0.54511803, -0.80223286), (-0.24344851, 0.5451188, -0.80223334), (-0.24339867, 0.54512095, -0.802247), (-0.85872024, 0.16402143, -0.48548594), (-0.8587215, 0.16402298, -0.4854831), (-0.8587312, 0.16403623, -0.48546153), (-0.8587158, 0.16402113, -0.48549384), (-0.85871947, 0.16401796, -0.48548836), (-0.8469135, 0.09560341, -0.52306545), (-0.84690934, 0.09560359, -0.52307224), (-0.84692657, 0.09561365, -0.5230425), (-0.8469104, 0.095602475, -0.5230707), (-0.80070204, -0.065137714, -0.5955108), (-0.80070764, -0.065073594, -0.5955104), (-0.8007062, -0.06508977, -0.5955107), (-0.8007092, -0.06504613, -0.5955115), (-0.9755991, -0.060736768, -0.21099128), (-0.97559386, -0.060745966, -0.21101288), (-0.975609, -0.060718376, -0.21095125), (-0.9755957, -0.060744334, -0.21100526), (-0.451293, 0.11331779, 0.88515174), (-0.45124736, 0.11343228, 0.8851603), (-0.45125562, 0.11341138, 0.88515884), (-0.45126107, 0.11339739, 0.88515794), (-0.40752324, 0.27847156, 0.8697002), (-0.40753627, 0.27848566, 0.8696896), (-0.4075558, 0.27849382, 0.86967784), (-0.4075186, 0.2784642, 0.8697047), (-0.40752903, 0.27848014, 0.8696947), (-0.40751094, 0.27846754, 0.8697072), (0.8277113, 0.39896333, 0.39461654), (0.82771283, 0.3989508, 0.39462596), (0.82771146, 0.3989814, 0.39459792), (0.8277122, 0.39897954, 0.3945984), (0.82770884, 0.3989745, 0.39461058), (0.827716, 0.39896572, 0.39460415), (-0.77485955, 0.5377162, 0.33234602), (-0.7748597, 0.5377163, 0.33234552), (-0.7748593, 0.53771585, 0.33234724), (-0.7748592, 0.53771573, 0.3323476), (-0.5097685, 0.85871935, 0.05231768), (-0.50975966, 0.8587237, 0.052332897), (-0.50977445, 0.85871464, 0.05233803), (-0.5097823, 0.85870916, 0.052350145), (-0.50975496, 0.8587259, 0.052342493), (-0.23340014, 0.9699581, -0.068597645), (-0.23340356, 0.96995723, -0.06859838), (-0.23340023, 0.96995825, -0.06859685), (-0.23338994, 0.96996015, -0.06860297), (-0.151643, 0.9745535, -0.16507515), (-0.15164922, 0.9745501, -0.16508932), (-0.15163638, 0.9745557, -0.1650688), (-0.15165445, 0.9745487, -0.16509311), (-0.6420972, 0.67240745, -0.36821103), (-0.6420892, 0.67241645, -0.36820874), (-0.64209604, 0.67240894, -0.36821046), (-0.6420945, 0.67241186, -0.3682079), (-0.6739892, 0.6919981, -0.25860623), (-0.67399484, 0.69199175, -0.25860867), (-0.67399764, 0.6919899, -0.2586063), (-0.67398095, 0.69200826, -0.25860053), (-0.81729436, 0.35009968, -0.45766827), (-0.8172808, 0.35009176, -0.4576984), (-0.81729674, 0.3500923, -0.45766953), (-0.81729287, 0.35010424, -0.45766735), (-0.93834275, 0.241617, -0.2472529), (-0.9383409, 0.24162246, -0.24725476), (-0.93830234, 0.2417314, -0.24729468), (-0.93833953, 0.24162698, -0.2472558), (-0.764663, 0.49877936, 0.40805596), (-0.76463443, 0.49878207, 0.40810603), (-0.7646363, 0.4987827, 0.408102), (-0.7646203, 0.4987851, 0.40812895), (-0.26260146, 0.8519341, -0.45304406), (-0.26259193, 0.85192764, -0.4530614), (-0.26261204, 0.8519257, -0.45305368), (-0.26260543, 0.8519326, -0.45304427), (-0.26259878, 0.8519366, -0.45304075), (-0.26260114, 0.8519258, -0.4530598), (-0.36711115, -0.08540025, -0.92624843), (-0.36709818, -0.08541028, -0.92625266), (-0.36713678, -0.085380316, -0.92624015), (-0.36713663, -0.08537966, -0.92624027), (-0.18261123, 0.22552334, -0.95697045), (-0.18260786, 0.22553407, -0.9569685), (-0.18261215, 0.22552657, -0.9569694), (-0.18261221, 0.22552425, -0.95697004), (-0.29010013, 0.95464545, -0.067037694), (-0.29008093, 0.95465326, -0.06700817), (-0.29007563, 0.95465565, -0.066998444), (-0.29009032, 0.95464957, -0.06702094), (0.37904534, 0.5298417, -0.758678), (0.37905455, 0.5298581, -0.758662), (0.37904423, 0.5298373, -0.7586817), (0.37904993, 0.5298589, -0.75866383), (-0.12172327, 0.4281188, -0.8954875), (-0.121723086, 0.4281205, -0.89548665), (-0.12172352, 0.42811558, -0.8954889), (-0.12172365, 0.42811412, -0.8954897), (-0.4393454, 0.8223648, -0.36151317), (-0.43934023, 0.82236755, -0.3615131), (-0.43935412, 0.82236016, -0.36151326), (-0.43935847, 0.82235783, -0.3615133), (0.20150712, 0.490167, -0.8480161), (0.20150685, 0.49016663, -0.8480163), (0.2015075, 0.49016765, -0.84801555), (0.20150767, 0.49016792, -0.84801537), (-0.4988145, 0.8590808, -0.1147358), (-0.49881643, 0.85907966, -0.114735276), (-0.49881136, 0.85908246, -0.11473656), (-0.49880973, 0.85908335, -0.11473701), (-0.3041732, 0.81711, 0.48970404), (-0.30417067, 0.81711453, 0.48969793), (-0.30418703, 0.8171153, 0.4896863), (-0.30416766, 0.81710696, 0.4897124), (-0.31680933, 0.8229302, 0.47161186), (-0.3168092, 0.8229321, 0.47160858), (-0.9833718, 0.18160084, 0.0010314684), (-0.98338044, 0.18155466, 0.00093727), (-0.9833919, 0.18149246, 0.0010024547), (-0.9833724, 0.1815974, 0.0010316592), (-0.98336834, 0.18161947, 0.001029332), (-0.9833704, 0.18160836, 0.0010295627), (0, -1, 0), (0, -1, 0), (0, -1, 0), (0, -1, 0), (-0.023915201, 0.073458925, 0.9970114), (-0.02393088, 0.073444776, 0.99701214), (-0.023920422, 0.07345977, 0.9970113), (-0.02394061, 0.073458225, 0.9970108), (-0.023950078, 0.073461406, 0.99701047), (-0.02393304, 0.073457606, 0.99701107), (-0.023939366, 0.07345725, 0.99701095), (0.71174747, 0.5099925, -0.48303542), (0.7117451, 0.50999707, -0.48303416), (0.71175236, 0.5099831, -0.48303795), (0.71175474, 0.5099788, -0.48303917), (0.14772895, 0.526426, -0.8372884), (0.14772873, 0.5264255, -0.8372887), (0.1477299, 0.52642834, -0.8372867), (0.14773008, 0.5264288, -0.8372865), (0.21654764, 0.66423976, 0.71546674), (0.21654774, 0.6642394, 0.71546704), (0.21654674, 0.664243, 0.715464), (0.21654667, 0.6642432, 0.71546376), (-0.3424608, 0.79566073, -0.49964452), (-0.3424692, 0.79565877, -0.4996419), (-0.34246287, 0.7956602, -0.49964395), (-0.34245494, 0.7956621, -0.4996463), (0.013042602, 0.06331951, -0.9979081), (0.013045314, 0.063328415, -0.9979075), (0.013065591, 0.06332304, -0.9979075), (0.013065951, 0.06332322, -0.9979075), (0.013035101, 0.063318536, -0.99790823), (0.013051427, 0.06332001, -0.9979079), (0.013046765, 0.06332448, -0.99790776), (0.7249783, 0.46816403, -0.5052018), (0.72497827, 0.46817008, -0.50519633), (0.7249978, 0.46821287, -0.5051287), (0.72497994, 0.46816245, -0.50520104), (0.9122475, 0.3555415, -0.20345692), (0.91222304, 0.3555954, -0.20347242), (0.9122284, 0.35558522, -0.2034663), (0.91222584, 0.3555912, -0.20346734), (0.9910767, 0.12452167, -0.047554024), (0.99107856, 0.12451002, -0.047543466), (0.9910759, 0.12452662, -0.047557868), (0.99108094, 0.12449896, -0.047525078), (0.82624054, 0.5130578, 0.2325902), (0.8262458, 0.51305187, 0.23258467), (0.8262303, 0.51306945, 0.23260102), (0.8262264, 0.51307386, 0.23260516), (0.91524243, 0.18746886, 0.35663238), (0.915279, 0.18741366, 0.3565675), (0.91528606, 0.18740469, 0.3565542), (0.9152757, 0.18742098, 0.35657212), (0.96150476, 0.045790892, 0.27094612), (0.96150684, 0.045799226, 0.27093703), (0.9615068, 0.04579379, 0.27093855), (0.96151096, 0.045795247, 0.27092353), (0.98868155, -0.14869274, -0.019984283), (0.9886818, -0.14868936, -0.019996181), (0.9886796, -0.14869623, -0.020050243), (0.98867923, -0.14870293, -0.020020949), (0.98868096, -0.14869209, -0.020018023), (0.8530839, 0.35282168, -0.38440162), (0.85312295, 0.35280704, -0.38432834), (0.8531256, 0.3528078, -0.38432196), (0.85311437, 0.3528153, -0.38433996), (0.21194816, 0.11285676, 0.9707426), (0.21194649, 0.1128556, 0.9707431), (0.2119332, 0.11284391, 0.9707474), (0.19949211, 0.10168618, 0.974609), (-0.4743693, 0.8769972, 0.07648278), (-0.47436923, 0.8769972, 0.07648319), (-0.4743695, 0.8769972, 0.07648244), (-0.47436956, 0.8769972, 0.07648205), (0.9653547, 0.096755624, -0.24233975), (0.965353, 0.0967513, -0.24234824), (0.9653588, 0.09674277, -0.2423285), (0.9653067, 0.0959258, -0.24286023), (-0.9290895, 0.35262445, -0.111573815), (-0.92909145, 0.35262161, -0.11156613), (-0.929089, 0.35262516, -0.111575685), (-0.9290872, 0.35262764, -0.11158225), (-0.3274432, 0.7152076, 0.6174619), (-0.3274434, 0.71520746, 0.61746186), (-0.32744235, 0.7152078, 0.61746204), (-0.3274422, 0.7152078, 0.61746204), (-0.07867583, 0.25647104, -0.9633446), (-0.078685515, 0.25649497, -0.96333736), (-0.07868086, 0.2564803, -0.9633417), (-0.078666404, 0.25646195, -0.9633477), (-0.085263535, -0.27177212, -0.9585771), (-0.085236385, -0.27174574, -0.958587), (-0.08523973, -0.2717496, -0.95858556), (-0.08525282, -0.27176172, -0.958581), (-0.031203244, 0.24375004, -0.96933603), (-0.031210985, 0.24376328, -0.96933234), (-0.03117195, 0.24370314, -0.96934885), (-0.031209556, 0.24375637, -0.96933424), (0.6367949, 0.14341345, -0.75757825), (0.6367826, 0.14342415, -0.75758654), (0.63678557, 0.14343357, -0.75758237), (0.6367948, 0.14341463, -0.7575782), (-0.477886, 0.7533709, -0.45172697), (-0.47788656, 0.7533704, -0.4517271), (-0.4778826, 0.75337356, -0.45172614), (-0.47788218, 0.75337386, -0.451726), (0.8505487, -0.2744198, -0.44862086), (0.85061795, -0.27468625, -0.44832626), (0.85062134, -0.27470043, -0.44831127), (0.8506221, -0.2746994, -0.4483104), (-0.9448731, 0.3271639, 0.013362126), (-0.944873, 0.32716432, 0.013362132), (-0.94487417, 0.32716078, 0.013362089), (-0.9448743, 0.3271605, 0.0133620845), (0.6285015, -0.06777333, 0.77485013), (0.6285014, -0.06777849, 0.7748496), (0.62849575, -0.06782086, 0.77485055), (0.62850034, -0.06777705, 0.7748508), (0.7827912, 0.34791127, 0.5159416), (0.78284335, 0.34767017, 0.516025), (0.78286237, 0.34758314, 0.5160547), (0.7828433, 0.34766802, 0.51602644), (0.6211381, -0.424818, 0.65857196), (0.62113714, -0.4248169, 0.65857357), (0.62116975, -0.42483047, 0.65853417), (0.6211424, -0.42482233, 0.65856516), (0.6211502, -0.4248232, 0.6585572), (0.6211545, -0.4248272, 0.65855056), (0.79466444, 0.5159126, -0.31991056), (0.794662, 0.51590794, -0.31992382), (0.79467165, 0.5159072, -0.31990117), (0.79467815, 0.5158979, -0.31989998), (-0.0840448, -0.48739108, 0.8691297), (-0.08405332, -0.48738787, 0.86913073), (-0.08404403, -0.48739257, 0.869129), (-0.084042095, -0.48738414, 0.8691339), (0.7287077, 0.054064337, 0.6826874), (0.7286903, 0.054012135, 0.6827102), (0.7286922, 0.05402412, 0.68270713), (0.7287017, 0.054026365, 0.68269676), (-0.14460921, 0.7953778, 0.5886105), (-0.14460881, 0.7953794, 0.5886085), (-0.14461043, 0.79537326, 0.58861625), (-0.14461078, 0.7953721, 0.5886178), (0.58370596, 0.4247988, -0.6919779), (0.5837055, 0.4248005, -0.6919771), (0.58370733, 0.4247925, -0.6919806), (0.58370763, 0.42479107, -0.69198114), (0.59177256, 0.6369476, 0.4940678), (0.591778, 0.636937, 0.49407488), (0.5917801, 0.6369348, 0.4940752), (0.5917721, 0.63695025, 0.49406496), (0.05258417, 0.9928799, 0.10688489), (0.052571997, 0.99288046, 0.10688615), (0.05256553, 0.99288046, 0.10688856), (0.052579723, 0.9928799, 0.10688673), (-0.6295824, 0.62626487, 0.4598026), (-0.6296007, 0.62624484, 0.4598047), (-0.62958175, 0.6262622, 0.45980686), (-0.6295942, 0.6262548, 0.45979998), (-0.32286048, 0.6426426, -0.69481754), (-0.32283792, 0.6426504, -0.6948208), (-0.3228247, 0.6426546, -0.6948232), (-0.32283035, 0.6426526, -0.6948224), (0.1414621, 0.85611755, 0.49704248), (0.14146174, 0.8561539, 0.49697995), (0.14145797, 0.8561509, 0.49698606), (0.14145522, 0.8561548, 0.49698043), (-0.11179053, 0.9863347, 0.12102423), (-0.11177494, 0.98633647, 0.12102331), (-0.1117683, 0.9863375, 0.12102162), (-0.11175946, 0.9863381, 0.121025406), (-0.75073874, 0.6436662, -0.1486108), (-0.75073934, 0.6436721, -0.14858188), (-0.7507395, 0.6436476, -0.14868763), (-0.7507385, 0.64367604, -0.14856938), (0.10005649, 0.91548824, -0.3897048), (0.10005296, 0.91548514, -0.38971308), (0.10005111, 0.9154848, -0.3897146), (0.10005624, 0.9154882, -0.3897051), (0.28005156, 0.9192913, -0.2765404), (0.2799896, 0.9193243, -0.27649328), (0.2800143, 0.9193115, -0.2765111), (0.28002074, 0.91930777, -0.276517), (0.041066647, 0.9270607, 0.3726554), (0.041094266, 0.9270573, 0.37266064), (0.041076172, 0.9270595, 0.37265736), (0.041143063, 0.9270524, 0.3726675), (0.067789994, 0.9920995, 0.10556071), (0.06778878, 0.9920994, 0.105562665), (0.06779023, 0.9920995, 0.10556097), (0.06778829, 0.9920995, 0.10556206), (0.11351456, 0.8973622, -0.42644522), (0.11350179, 0.8973559, -0.42646188), (0.113499574, 0.8973512, -0.4264724), (0.11352555, 0.8973541, -0.42645922), (0.32853293, 0.8911204, 0.31300238), (0.32852903, 0.8911218, 0.31300244), (0.32853645, 0.89111793, 0.3130057), (0.3285478, 0.89111185, 0.3130113), (0.17539157, 0.9840163, 0.03081802), (0.17539625, 0.9840152, 0.030824073), (0.17539276, 0.9840163, 0.030812029), (0.17538747, 0.9840169, 0.030823072), (0.17538802, 0.98401654, 0.0308294), (0.17538686, 0.9840168, 0.030830866), (0.17538758, 0.9840168, 0.030825235), (-0.2325051, 0.90212005, 0.36348403), (-0.23249285, 0.90212697, 0.36347494), (-0.23249023, 0.9021318, 0.36346462), (-0.23248489, 0.9021389, 0.36345047), (-0.4673077, 0.7105316, -0.5260877), (-0.46728587, 0.7105409, -0.5260946), (-0.46729398, 0.71054286, -0.52608484), (-0.46728227, 0.7105413, -0.52609736), (0.7219754, 0.65086216, -0.23479773), (0.7219855, 0.6508466, -0.23480989), (0.7219807, 0.65085644, -0.23479702), (0.72196966, 0.65086883, -0.23479685), (0.2712028, 0.9160182, 0.29556665), (0.2711903, 0.9160221, 0.29556614), (0.2714238, 0.9159581, 0.29555023), (0.27118915, 0.9160218, 0.2955681), (-0.045897104, 0.96285707, -0.26608205), (-0.04506308, 0.9634398, -0.26410776), (-0.04200104, 0.96405154, -0.26237458), (-0.045851655, 0.9628682, -0.2660498), (0.0432393, 0.97598684, 0.21349512), (0.043234345, 0.9759888, 0.21348688), (0.04325071, 0.9759877, 0.21348852), (0.04320529, 0.97598946, 0.21348935), (0.7754088, 0.32457313, 0.5416582), (0.77540857, 0.32457262, 0.54165864), (0.7754123, 0.32458463, 0.5416462), (0.77541244, 0.32458508, 0.54164577), (-0.80016714, 0.59352934, -0.08634542), (-0.80016506, 0.59353137, -0.08635087), (-0.8001714, 0.5935252, -0.08633434), (-0.80017287, 0.5935238, -0.08633064), (-0.48453757, 0.48287466, -0.7294212), (-0.48453838, 0.48287454, -0.7294209), (-0.4845361, 0.48287496, -0.72942203), (-0.48453557, 0.48287505, -0.72942233), (0.92039376, 0.3366741, -0.1988111), (0.92039573, 0.33666825, -0.19881219), (0.9203863, 0.3366969, -0.19880694), (0.920385, 0.336701, -0.19880621), (0.0015261301, 0.81160706, -0.5842019), (0.0015262507, 0.81160665, -0.5842022), (0.0015252057, 0.8116092, -0.5841988), (0.0015251137, 0.8116094, -0.5841984), (-0.79093885, 0.5818889, -0.18926458), (-0.7909395, 0.58188796, -0.1892647), (-0.7909376, 0.5818907, -0.18926437), (-0.7909369, 0.5818916, -0.18926422), (0.32099828, 0.58345485, 0.74601644), (0.3209983, 0.58345455, 0.7460166), (0.32099825, 0.5834553, 0.746016), (0.32099825, 0.58345556, 0.7460159), (0.5381032, 0.40058962, -0.7416016), (0.5381088, 0.40059283, -0.7415957), (0.53809196, 0.40058315, -0.7416132), (0.53808844, 0.4005812, -0.7416169), (-0.056766637, 0.6816868, 0.72943866), (-0.056766804, 0.6816901, 0.7294355), (-0.056766275, 0.6816798, 0.7294453), (-0.056766126, 0.6816769, 0.72944784), (0.57222503, 0.59919214, -0.559935), (0.5722256, 0.59918994, -0.5599368), (0.57222354, 0.59919804, -0.5599302), (0.5722232, 0.5991998, -0.55992883), (0.324936, 0.622714, -0.7117892), (0.32494012, 0.6227173, -0.7117844), (0.3249343, 0.6227127, -0.7117912), (0.3249307, 0.62270975, -0.71179545), (0.84899354, 0.33890074, 0.4054087), (0.8489869, 0.33890766, 0.4054168), (0.8489871, 0.33890718, 0.40541697), (0.8489964, 0.33889875, 0.40540454), (0.86432475, 0.32040364, 0.38766503), (0.8643233, 0.32040784, 0.38766482), (-0.21209502, 0.58514875, 0.7826983), (-0.2120982, 0.5851511, 0.7826957), (-0.21209306, 0.5851474, 0.7826999), (-0.21209043, 0.5851455, 0.782702)]
    uniform token orientation
    point3f[] points = [(1.809691, 3.271657, 0.13729951), (1.0750141, 3.3814812, 0.8872112), (1.8085105, 3.2724202, 0.13663995), (1.4348685, 3.4310956, -0.0848682), (1.809691, 3.271657, 0.13729951), (1.8085105, 3.2724202, 0.13663995), (0.9847517, 3.5211635, -0.3658929), (1.809691, 3.271657, 0.13729951), (1.4348685, 3.4310956, -0.0848682), (0.08863716, 3.1168609, -0.92991805), (1.809691, 3.271657, 0.13729951), (0.9847517, 3.5211635, -0.3658929), (0.033480506, 3.018593, 1.4634051), (0.5131344, 2.9853003, 1.6700811), (-1.3735272, -0.014773264, 1.8140304), (0.5131344, 2.9853003, 1.6700811), (0.10147504, -0.03003372, 0.98600644), (-1.3735272, -0.014773264, 1.8140304), (-1.3735272, -0.014773264, 1.8140304), (-2.10613, 0.3382126, 0.8277186), (-2.0009964, 0.67397964, 1.4658521), (-2.1564999, 1.2185656, 1.3294947), (-2.3452406, 1.5685607, 0.7509343), (-2.1437466, 1.6004668, 1.3645544), (-0.538396, 0.8339409, 1.8767506), (-1.6087376, 0.71785605, 1.9661465), (-1.743591, 1.2146882, 1.9907746), (-0.538396, 0.8339409, 1.8767506), (-1.8752258, 1.7476496, 1.9854705), (-1.0686817, 1.7238859, 1.9379241), (-2.3452406, 1.5685607, 0.7509343), (-2.2838645, 1.7735791, 0.84754705), (-2.1437466, 1.6004668, 1.3645544), (-1.8752258, 1.7476496, 1.9854705), (-2.1437466, 1.6004668, 1.3645544), (-2.1468723, 2.1974778, 1.7073137), (-0.538396, 0.8339409, 1.8767506), (-1.0686817, 1.7238859, 1.9379241), (-0.19677913, 1.8293862, 1.6514314), (-1.8872035, 1.6781738, 0.29882035), (-1.0845019, 1.9808177, 0.070065334), (-1.883525, 1.9173788, 0.27951252), (0.17310947, 1.2701652, 0.21382987), (0.028357407, 1.8471321, 0.9168195), (-0.4232802, 1.6376224, -0.26142192), (-1.0686817, 1.7238859, 1.9379241), (-1.8752258, 1.7476496, 1.9854705), (-1.4713953, 2.2571282, 1.8551811), (0.028357407, 1.8471321, 0.9168195), (0.14619884, 1.9494201, 1.3952641), (-0.1293865, 2.2276847, 1.4763371), (-1.1818305, 0.74585927, -0.43236387), (-0.1295245, 0.7445609, -0.49653646), (-0.34972003, 1.4372112, -0.32289004), (-1.3735272, -0.014773264, 1.8140304), (-2.0009964, 0.67397964, 1.4658521), (-1.6087376, 0.71785605, 1.9661465), (0.7387167, 0.535223, 1.2901798), (-0.538396, 0.8339409, 1.8767506), (0.4351858, 1.3284427, 1.3559997), (-2.10613, 0.3382126, 0.8277186), (-2.195746, 0.000958547, 0.052188452), (-2.3081293, 0.941778, 0.47012433), (-2.0009964, 0.67397964, 1.4658521), (-2.3452406, 1.5685607, 0.7509343), (-2.1564999, 1.2185656, 1.3294947), (-2.10613, 0.3382126, 0.8277186), (-2.3081293, 0.941778, 0.47012433), (-0.012900397, -0.031016959, -0.55997807), (-1.1818305, 0.74585927, -0.43236387), (-2.195746, 0.000958547, 0.052188452), (-2.195746, 0.000958547, 0.052188452), (-2.0153885, 1.111008, 0.18578278), (-2.3081293, 0.941778, 0.47012433), (-1.9649146, 1.4022647, 0.23042981), (-2.3452406, 1.5685607, 0.7509343), (-2.0153885, 1.111008, 0.18578278), (-2.0153885, 1.111008, 0.18578278), (-1.1818305, 0.74585927, -0.43236387), (-1.9649146, 1.4022647, 0.23042981), (-0.012900397, -0.031016959, -0.55997807), (-0.1295245, 0.7445609, -0.49653646), (-1.1818305, 0.74585927, -0.43236387), (-2.195746, 0.000958547, 0.052188452), (-1.1818305, 0.74585927, -0.43236387), (-2.0153885, 1.111008, 0.18578278), (-1.3735272, -0.014773264, 1.8140304), (-1.6087376, 0.71785605, 1.9661465), (-0.538396, 0.8339409, 1.8767506), (-1.3735272, -0.014773264, 1.8140304), (-2.195746, 0.000958547, 0.052188452), (-2.10613, 0.3382126, 0.8277186), (-2.3452406, 1.5685607, 0.7509343), (-1.9649146, 1.4022647, 0.23042981), (-1.9351455, 1.5781435, 0.25474164), (-0.34972003, 1.4372112, -0.32289004), (0.17310947, 1.2701652, 0.21382987), (-0.4232802, 1.6376224, -0.26142192), (0.14619884, 1.9494201, 1.3952641), (-0.19677913, 1.8293862, 1.6514314), (-0.1293865, 2.2276847, 1.4763371), (-1.3324295, 1.4840027, -0.043228243), (-1.8872035, 1.6781738, 0.29882035), (-1.9351455, 1.5781435, 0.25474164), (0.811333, 0.083831176, 1.2402364), (0.62915343, -0.031016959, 0.8423253), (-1.3735272, -0.014773264, 1.8140304), (1.327088, 2.3136022, 2.6689517), (1.6542746, 2.08921, 2.3100002), (1.395355, 1.9963377, 2.528132), (1.6611989, 2.6545691, 0.4948092), (1.8644949, 2.8723028, 0.78918517), (1.637503, 2.8978329, 0.7078987), (1.6392496, 2.7513885, 2.4703019), (1.2090547, 2.863898, 2.2427156), (1.5712047, 2.656802, 2.253125), (2.1445692, 1.9396043, 1.9063842), (2.1060421, 1.2844497, 1.5394913), (1.9026921, 1.9516755, 1.8350451), (0.5675153, 0.5643779, -1.3441879), (0.22377281, 0.6362239, -1.7308756), (0.69243515, -0.0300156, -1.3537884), (-0.9596792, 0.559574, -2.3131597), (-0.059633125, 0.6808279, -1.8977103), (-0.75173265, 0.6280844, -2.1599417), (-0.75173265, 0.6280844, -2.1599417), (-0.059633125, 0.6808279, -1.8977103), (-0.73885685, 0.7336375, -2.2803407), (-1.5817567, 1.9999155, -1.9874913), (-1.977646, 0.9211892, -1.7125468), (-1.4309683, 0.8503386, -2.3024597), (-1.5817567, 1.9999155, -1.9874913), (-1.7007735, 2.3480241, -1.7136663), (-1.8334688, 1.9470686, -1.6162133), (-1.928296, 1.9792237, -1.4882257), (-2.053181, 1.2709682, -1.428467), (-1.8237497, 1.9087348, -1.5219276), (-2.210454, 0.92980874, -1.223183), (-2.203943, 0.5551063, -1.224427), (-2.100996, 0.792042, -1.3947035), (-1.977646, 0.9211892, -1.7125468), (-2.210454, 0.92980874, -1.223183), (-1.9122072, 0.82395387, -1.6206616), (-1.9122072, 0.82395387, -1.6206616), (-2.210454, 0.92980874, -1.223183), (-2.100996, 0.792042, -1.3947035), (-2.1103406, 2.2248604, -1.1615582), (-2.277377, 1.8560351, -0.8634571), (-2.210454, 0.92980874, -1.223183), (-2.210454, 0.92980874, -1.223183), (-2.277377, 1.8560351, -0.8634571), (-2.4048672, 1.2292215, -0.5541953), (-2.4048672, 1.2292215, -0.5541953), (-2.277377, 1.8560351, -0.8634571), (-2.3363636, 1.9238905, -0.37991065), (-2.203943, 0.5551063, -1.224427), (-2.210454, 0.92980874, -1.223183), (-2.4048672, 1.2292215, -0.5541953), (-2.462876, 0.85888684, -0.1145987), (-2.4048672, 1.2292215, -0.5541953), (-2.3363636, 1.9238905, -0.37991065), (-2.1103406, 2.2248604, -1.1615582), (-1.9522378, 2.51147, -1.1870337), (-2.124964, 2.4664345, -0.84535164), (-2.3363636, 1.9238905, -0.37991065), (-2.277377, 1.8560351, -0.8634571), (-2.1811733, 2.4196887, -0.70235044), (-1.928296, 1.9792237, -1.4882257), (-1.7581493, 2.429945, -1.5959829), (-2.1103406, 2.2248604, -1.1615582), (-1.5651346, 2.5210872, -1.5531542), (-1.5767914, 2.4856415, -1.6150422), (-1.0419916, 2.4268038, -1.5201304), (-1.0419916, 2.4268038, -1.5201304), (-1.5767914, 2.4856415, -1.6150422), (-1.5083978, 2.4110844, -1.6480862), (-1.5083978, 2.4110844, -1.6480862), (-1.515897, 2.4018931, -1.7343316), (-1.0419916, 2.4268038, -1.5201304), (-1.0419916, 2.4268038, -1.5201304), (-1.515897, 2.4018931, -1.7343316), (-1.4512233, 2.3617563, -1.7800573), (-0.36600924, 1.7265289, -1.6814964), (-0.37450686, 1.9025576, -1.3815261), (-1.0419916, 2.4268038, -1.5201304), (0.20907798, 1.2866191, -1.2907932), (-0.37450686, 1.9025576, -1.3815261), (-0.36600924, 1.7265289, -1.6814964), (-1.3085666, -0.0300156, -2.370337), (-2.203943, 0.5551063, -1.224427), (-2.448529, -0.0300156, 0.010179411), (-1.3085666, -0.0300156, -2.370337), (-0.9596792, 0.559574, -2.3131597), (-1.3788829, 0.60655475, -2.3394003), (2.5653565, 2.6999, 0.38690275), (2.5897622, 2.4006054, -0.7132248), (2.5840774, 2.0918977, 0.36432457), (1.6524894, 2.8306334, -0.70921415), (1.8472521, 3.0901537, -0.6840222), (1.7097037, 3.0915082, -0.6121615), (0.4524239, 2.8816183, -1.8997772), (0.9464696, 1.9315237, -2.0983253), (0.86169314, 2.835589, -1.815486), (-0.4141977, 2.873001, -1.6852685), (-0.64885724, 2.2140625, -2.0321925), (-0.36701125, 2.8583465, -1.8229519), (-0.64885724, 2.2140625, -2.0321925), (-0.4141977, 2.873001, -1.6852685), (-0.38950628, 2.5053046, -1.3489753), (0.5749956, 3.2621472, -0.51236457), (1.6068177, 3.1727643, -0.75217205), (0.3143245, 2.5744274, -0.31282663), (-0.7976744, 1.2242929, -2.1441655), (-0.64885724, 2.2140625, -2.0321925), (-0.5590132, 0.540272, -1.1060982), (-0.61939967, -0.042441264, -2.0463176), (-0.5590132, 0.540272, -1.1060982), (0.24621116, -0.042441264, -0.20287153), (0.24621116, -0.042441264, -0.20287153), (0.4148043, 0.540272, -0.121159464), (2.0915148, 0.540272, -0.46436426), (0.9464696, 1.9315237, -2.0983253), (0.15496251, 0.9027177, -2.4469674), (1.143176, 0.5973553, -2.3844213), (-0.7976744, 1.2242929, -2.1441655), (-0.61939967, -0.042441264, -2.0463176), (0.15496251, 0.9027177, -2.4469674), (1.7011018, 2.4337611, -1.2637172), (0.86169314, 2.835589, -1.815486), (0.9464696, 1.9315237, -2.0983253), (-0.089122444, 3.0468135, -1.2085813), (0.3143245, 2.5744274, -0.31282663), (-0.38950628, 2.5053046, -1.3489753), (-0.61939967, -0.042441264, -2.0463176), (0.24621116, -0.042441264, -0.20287153), (1.1566157, -0.042441264, -2.268094), (2.0915148, 0.540272, -0.46436426), (1.964369, -0.042439833, -0.4342868), (0.24621116, -0.042441264, -0.20287153), (-0.38950628, 2.5053046, -1.3489753), (-0.4141977, 2.873001, -1.6852685), (-0.089122444, 3.0468135, -1.2085813), (0.3143245, 2.5744274, -0.31282663), (1.6068177, 3.1727643, -0.75217205), (1.9121543, 2.8620467, -0.6951287), (-0.5590132, 0.540272, -1.1060982), (-0.64885724, 2.2140625, -2.0321925), (-0.38950628, 2.5053046, -1.3489753), (1.964369, -0.042439833, -0.4342868), (1.1566157, -0.042441264, -2.268094), (0.24621116, -0.042441264, -0.20287153), (-0.5590132, 0.540272, -1.1060982), (-0.38950628, 2.5053046, -1.3489753), (0.3143245, 2.5744274, -0.31282663), (1.1975278, 3.0494606, -1.4009069), (1.9121543, 2.8620467, -0.6951287), (1.6068177, 3.1727643, -0.75217205), (0.3143245, 2.5744274, -0.31282663), (-0.089122444, 3.0468135, -1.2085813), (0.5749956, 3.2621472, -0.51236457), (2.0915148, 0.540272, -0.46436426), (1.6971917, 0.7038691, -1.699721), (1.964369, -0.042439833, -0.4342868), (-0.5590132, 0.540272, -1.1060982), (0.4148043, 0.540272, -0.121159464), (0.24621116, -0.042441264, -0.20287153), (0.3143245, 2.5744274, -0.31282663), (0.4148043, 0.540272, -0.121159464), (-0.5590132, 0.540272, -1.1060982), (1.9121543, 2.8620467, -0.6951287), (1.1975278, 3.0494606, -1.4009069), (1.7011018, 2.4337611, -1.2637172), (-0.5590132, 0.540272, -1.1060982), (-0.61939967, -0.042441264, -2.0463176), (-0.7976744, 1.2242929, -2.1441655), (1.7011018, 2.4337611, -1.2637172), (0.9464696, 1.9315237, -2.0983253), (1.8208947, 1.3026091, -1.6812431), (1.6971917, 0.7038691, -1.699721), (2.0915148, 0.540272, -0.46436426), (1.8208947, 1.3026091, -1.6812431), (1.1975278, 3.0494606, -1.4009069), (0.86169314, 2.835589, -1.815486), (1.7011018, 2.4337611, -1.2637172), (1.9026921, 1.9516755, 1.8350451), (2.1060421, 1.2844497, 1.5394913), (1.980574, 1.8970181, 2.0447576), (1.5712047, 2.656802, 2.253125), (1.2090547, 2.863898, 2.2427156), (1.8484988, 2.6754122, 2.235665), (0.644628, 3.3604534, 1.4412395), (0.925226, 3.1963131, 1.3277333), (0.49787664, 3.156058, 1.5430979), (0.31209597, 3.358565, 1.3379318), (0.644628, 3.3604534, 1.4412395), (0.49787664, 3.156058, 1.5430979), (0.98619926, 3.5003722, 0.8627176), (0.644628, 3.3604534, 1.4412395), (0.60256886, 3.4579005, 1.2625766), (0.60256886, 3.4579005, 1.2625766), (0.26819402, 3.4852715, 1.0655801), (0.98619926, 3.5003722, 0.8627176), (1.6236653, 3.4055867, 0.21041021), (0.98619926, 3.5003722, 0.8627176), (1.2989372, 3.543489, 0.017903231), (0.90775305, 3.6217663, -0.22633146), (0.25756472, 3.70968, 0.041823428), (0.1289536, 3.2703927, -0.71651566), (-0.99836165, 3.002241, 0.028867569), (-0.24471939, 3.4975073, -0.05484747), (-0.17220908, 3.4879482, 0.6041088), (0.26819402, 3.4852715, 1.0655801), (0.31209597, 3.358565, 1.3379318), (-0.17220908, 3.4879482, 0.6041088), (0.08102074, 3.1849895, 1.3634785), (0.31209597, 3.358565, 1.3379318), (0.49787664, 3.156058, 1.5430979), (0.31209597, 3.358565, 1.3379318), (0.26819402, 3.4852715, 1.0655801), (0.60256886, 3.4579005, 1.2625766), (0.31209597, 3.358565, 1.3379318), (0.60256886, 3.4579005, 1.2625766), (0.644628, 3.3604534, 1.4412395), (0.7376351, 3.0386562, 2.100398), (0.47725695, 2.9874196, 1.8341589), (1.474094, 3.1051846, 1.002229), (1.474094, 3.1051846, 1.002229), (1.7597778, 3.088259, 0.9778247), (2.1256425, 3.0362663, 1.2315267), (2.1256425, 3.0362663, 1.2315267), (1.7597778, 3.088259, 0.9778247), (1.8183438, 3.0059438, 0.885035), (-0.85473615, 2.463403, -0.26374528), (-1.3966414, 2.5601146, -0.26769435), (-1.7982556, 2.6487153, -0.8110428), (-0.85473615, 2.463403, -0.26374528), (-0.9573049, 2.474816, -0.044495538), (-1.3966414, 2.5601146, -0.26769435), (-1.0107017, 2.5283816, -1.4507449), (-0.5477083, 2.3240726, -1.063948), (-0.72897136, 2.463681, -0.9881542), (-1.0107017, 2.5283816, -1.4507449), (-0.43059763, 2.072768, -1.3302859), (-0.5477083, 2.3240726, -1.063948), (0.07657989, 1.5374669, -1.2514321), (-0.45037964, 2.2158291, -0.90355176), (-0.5477083, 2.3240726, -1.063948), (-0.5477083, 2.3240726, -1.063948), (-0.43059763, 2.072768, -1.3302859), (0.07657989, 1.5374669, -1.2514321), (1.9775119, 3.3179967, 0.40942648), (1.749854, 3.2219107, 0.41956934), (1.771392, 3.3179967, -0.41004127), (1.8836329, 3.3179967, -0.5550587), (2.1637444, 3.3179967, -0.6181153), (2.4041646, 3.3179967, 0.025639279), (2.4041646, 3.3179967, 0.025639279), (1.771392, 3.3179967, -0.41004127), (1.8836329, 3.3179967, -0.5550587), (2.4041646, 3.3179967, 0.025639279), (1.9775119, 3.3179967, 0.40942648), (1.771392, 3.3179967, -0.41004127), (2.1637444, 3.3179967, -0.6181153), (1.8836329, 3.3179967, -0.5550587), (1.8761343, 3.23096, -0.62063175), (1.1098988, 3.1780365, -1.3958927), (0.46234107, 3.0321648, -1.8294526), (0.8180325, 2.9921618, -1.7561985), (-0.24981478, 3.0119405, -1.7626878), (-0.008307624, 3.1757333, -1.228747), (-0.29082355, 3.024677, -1.6430274), (1.1098988, 3.1780365, -1.3958927), (0.56886446, 3.3628764, -0.6236788), (-0.008307624, 3.1757333, -1.228747), (0.56886446, 3.3628764, -0.6236788), (1.1098988, 3.1780365, -1.3958927), (1.4656053, 3.285196, -0.83208966), (-0.24471939, 3.4975073, -0.05484747), (0.25756472, 3.70968, 0.041823428), (-0.17220908, 3.4879482, 0.6041088), (0.1289536, 3.2703927, -0.71651566), (0.25756472, 3.70968, 0.041823428), (-0.24471939, 3.4975073, -0.05484747), (0.1289536, 3.2703927, -0.71651566), (-0.24471939, 3.4975073, -0.05484747), (-0.99836165, 3.002241, 0.028867569), (0.5131344, 2.9853003, 1.6700811), (1.0048596, 3.0316207, 1.4222734), (0.7061089, -0.03003372, 0.5331997), (0.5131344, 2.9853003, 1.6700811), (0.7061089, -0.03003372, 0.5331997), (0.10147504, -0.03003372, 0.98600644), (0.62915343, -0.031016959, 0.8423253), (0.811333, 0.083831176, 1.2402364), (0.7387167, 0.535223, 1.2901798), (0.62915343, -0.031016959, 0.8423253), (0.7387167, 0.535223, 1.2901798), (0.48018947, 0.5260085, 0.45472217), (-1.9157039, 2.5809457, 0.85002065), (-1.0598592, 2.431005, 0.74611336), (-0.30292588, 2.3657572, 1.4006732), (-1.9157039, 2.5809457, 0.85002065), (-0.30292588, 2.3657572, 1.4006732), (-1.5261422, 2.5700514, 1.4382756), (-1.8274113, 2.0960763, 0.36053446), (-1.1329939, 2.1512086, 0.17850654), (-1.078448, 2.308493, 0.42494345), (-1.8274113, 2.0960763, 0.36053446), (-1.078448, 2.308493, 0.42494345), (-1.5048251, 2.349466, 0.44033247), (-0.85473615, 2.463403, -0.26374528), (-0.72897136, 2.463681, -0.9881542), (-0.5477083, 2.3240726, -1.063948), (-0.85473615, 2.463403, -0.26374528), (-0.5477083, 2.3240726, -1.063948), (-0.45037964, 2.2158291, -0.90355176), (-1.8237497, 1.9087348, -1.5219276), (-2.053181, 1.2709682, -1.428467), (-1.8334688, 1.9470686, -1.6162133), (-1.7007735, 2.3480241, -1.7136663), (-1.6690412, 2.3629375, -1.6263577), (1.5283988, 0.025895461, -0.6271678), (-0.3373136, 0.41055954, -1.5182699), (-1.5909132, 0.41055965, -0.6004475), (0.7061089, -0.03003372, 0.5331997), (-1.3735272, -0.014773264, 1.8140304), (0.10147504, -0.03003372, 0.98600644), (-0.3373136, 0.41055954, -1.5182699), (1.5283988, 0.025895461, -0.6271678), (1.809691, 3.271657, 0.13729951), (0.08863716, 3.1168609, -0.92991805), (1.5283988, 0.025895461, -0.6271678), (0.7061089, -0.03003372, 0.5331997), (1.0048596, 3.0316207, 1.4222734), (1.809691, 3.271657, 0.13729951), (1.4348685, 3.4310956, -0.0848682), (1.2989372, 3.543489, 0.017903231), (0.90775305, 3.6217663, -0.22633146), (0.9847517, 3.5211635, -0.3658929), (1.9639018, 3.1903014, 0.50120276), (1.9775119, 3.3179967, 0.40942648), (2.3993373, 3.1955914, 0.409426), (2.4492686, 3.0494585, 0.50120217), (1.2090547, 2.863898, 2.2427156), (1.2487108, 2.9986415, 2.14827), (1.8044455, 2.8348312, 2.1421432), (1.8484988, 2.6754122, 2.235665), (-2.1514015, 2.4116983, 1.3681346), (-2.0602212, 2.52568, 1.306637), (-1.8189842, 2.4997084, 1.601434), (-1.8738258, 2.3818164, 1.7073411), (1.8085105, 3.2724202, 0.13663995), (1.6236653, 3.4055867, 0.21041021), (1.2989372, 3.543489, 0.017903231), (1.4348685, 3.4310956, -0.0848682), (-0.089122444, 3.0468135, -1.2085813), (-0.008307624, 3.1757333, -1.228747), (0.56886446, 3.3628764, -0.6236788), (0.5749956, 3.2621472, -0.51236457), (1.0750141, 3.3814812, 0.8872112), (0.98619926, 3.5003722, 0.8627176), (1.6236653, 3.4055867, 0.21041021), (1.8085105, 3.2724202, 0.13663995), (1.0048596, 3.0316207, 1.4222734), (0.925226, 3.1963131, 1.3277333), (1.6236653, 3.4055867, 0.21041021), (1.809691, 3.271657, 0.13729951), (1.468384, 2.9864898, 0.92403316), (0.47725695, 2.9874196, 1.8341589), (0.32138538, 2.850985, 1.8812872), (1.474094, 3.1051846, 1.002229), (1.637503, 2.8978329, 0.7078987), (1.6210673, 3.0281327, 0.8143878), (-1.2084987, 2.8083153, -0.07224913), (-1.5909132, 0.41055965, -0.6004475), (-0.3373136, 0.41055954, -1.5182699), (0.08863716, 3.1168609, -0.92991805), (0.4524239, 2.8816183, -1.8997772), (0.46234107, 3.0321648, -1.8294526), (-0.24981478, 3.0119405, -1.7626878), (-0.36701125, 2.8583465, -1.8229519), (1.809691, 3.271657, 0.13729951), (1.6236653, 3.4055867, 0.21041021), (0.98619926, 3.5003722, 0.8627176), (1.0750141, 3.3814812, 0.8872112), (1.8484988, 2.6754122, 2.235665), (1.8044455, 2.8348312, 2.1421432), (2.1233833, 2.8545952, 1.6402961), (2.2154806, 2.6981523, 1.6582191), (-1.2084987, 2.8083153, -0.07224913), (0.033480506, 3.018593, 1.4634051), (-1.3735272, -0.014773264, 1.8140304), (-1.5909132, 0.41055965, -0.6004475), (0.5749956, 3.2621472, -0.51236457), (0.56886446, 3.3628764, -0.6236788), (1.4656053, 3.285196, -0.83208966), (1.6068177, 3.1727643, -0.75217205), (1.1122499, 2.677275, 2.7176476), (1.164582, 2.8364503, 2.5610263), (1.5401068, 2.8786697, 2.409906), (1.6392496, 2.7513885, 2.4703019), (0.62915343, -0.031016959, 0.8423253), (-0.012900397, -0.031016959, -0.55997807), (-2.195746, 0.000958547, 0.052188452), (-1.3735272, -0.014773264, 1.8140304), (-1.9649146, 1.4022647, 0.23042981), (-1.1818305, 0.74585927, -0.43236387), (-1.3324295, 1.4840027, -0.043228243), (-1.9351455, 1.5781435, 0.25474164), (-1.743591, 1.2146882, 1.9907746), (-2.1564999, 1.2185656, 1.3294947), (-2.1437466, 1.6004668, 1.3645544), (-1.8752258, 1.7476496, 1.9854705), (-2.1468723, 2.1974778, 1.7073137), (-2.1437466, 1.6004668, 1.3645544), (-2.2838645, 1.7735791, 0.84754705), (-2.3945775, 2.023977, 0.95647633), (-2.2838645, 1.7735791, 0.84754705), (-1.8872035, 1.6781738, 0.29882035), (-1.883525, 1.9173788, 0.27951252), (-2.3945775, 2.023977, 0.95647633), (-2.2084134, 2.184558, 0.67219937), (1.6068177, 3.1727643, -0.75217205), (1.4656053, 3.285196, -0.83208966), (1.1098988, 3.1780365, -1.3958927), (1.1975278, 3.0494606, -1.4009069), (-1.1818305, 0.74585927, -0.43236387), (-0.34972003, 1.4372112, -0.32289004), (-0.4232802, 1.6376224, -0.26142192), (-1.3324295, 1.4840027, -0.043228243), (-0.37450686, 1.9025576, -1.3815261), (-0.43059763, 2.072768, -1.3302859), (-1.0107017, 2.5283816, -1.4507449), (-1.0419916, 2.4268038, -1.5201304), (0.32138538, 2.850985, 1.8812872), (0.47725695, 2.9874196, 1.8341589), (0.7376351, 3.0386562, 2.100398), (0.62098897, 2.909941, 2.1876314), (-1.0845019, 1.9808177, 0.070065334), (-1.1329939, 2.1512086, 0.17850654), (-1.8274113, 2.0960763, 0.36053446), (-1.883525, 1.9173788, 0.27951252), (2.4492686, 3.0494585, 0.50120217), (2.3993373, 3.1955914, 0.409426), (2.483145, 3.246715, 0.16641408), (2.5456986, 3.108282, 0.22158216), (-2.3945775, 2.023977, 0.95647633), (-2.1514015, 2.4116983, 1.3681346), (-1.8738258, 2.3818164, 1.7073411), (-2.1468723, 2.1974778, 1.7073137), (-1.8752258, 1.7476496, 1.9854705), (-2.1468723, 2.1974778, 1.7073137), (-1.8738258, 2.3818164, 1.7073411), (-1.4713953, 2.2571282, 1.8551811), (-1.0845019, 1.9808177, 0.070065334), (-0.4232802, 1.6376224, -0.26142192), (-0.53494555, 2.0684159, 0.4153231), (-1.0217322, 2.1617942, 0.35362598), (1.8472521, 3.0901537, -0.6840222), (1.8761343, 3.23096, -0.62063175), (1.7565941, 3.2321355, -0.55817944), (1.7097037, 3.0915082, -0.6121615), (-1.2084987, 2.8083153, -0.07224913), (-0.99836165, 3.002241, 0.028867569), (0.08102074, 3.1849895, 1.3634785), (0.033480506, 3.018593, 1.4634051), (-0.36701125, 2.8583465, -1.8229519), (-0.24981478, 3.0119405, -1.7626878), (-0.29082355, 3.024677, -1.6430274), (-0.4141977, 2.873001, -1.6852685), (0.48018947, 0.5260085, 0.45472217), (0.7387167, 0.535223, 1.2901798), (0.4351858, 1.3284427, 1.3559997), (0.17310947, 1.2701652, 0.21382987), (-1.6087376, 0.71785605, 1.9661465), (-2.0009964, 0.67397964, 1.4658521), (-2.1564999, 1.2185656, 1.3294947), (-1.743591, 1.2146882, 1.9907746), (-0.1295245, 0.7445609, -0.49653646), (0.48018947, 0.5260085, 0.45472217), (0.17310947, 1.2701652, 0.21382987), (-0.34972003, 1.4372112, -0.32289004), (-0.1293865, 2.2276847, 1.4763371), (-0.19677913, 1.8293862, 1.6514314), (-1.0686817, 1.7238859, 1.9379241), (-1.4713953, 2.2571282, 1.8551811), (-1.3324295, 1.4840027, -0.043228243), (-0.4232802, 1.6376224, -0.26142192), (-1.0845019, 1.9808177, 0.070065334), (-1.8872035, 1.6781738, 0.29882035), (-2.3452406, 1.5685607, 0.7509343), (-1.9351455, 1.5781435, 0.25474164), (-1.8872035, 1.6781738, 0.29882035), (-2.2838645, 1.7735791, 0.84754705), (-0.012900397, -0.031016959, -0.55997807), (0.62915343, -0.031016959, 0.8423253), (0.48018947, 0.5260085, 0.45472217), (-0.1295245, 0.7445609, -0.49653646), (0.4351858, 1.3284427, 1.3559997), (-0.538396, 0.8339409, 1.8767506), (-0.19677913, 1.8293862, 1.6514314), (0.14619884, 1.9494201, 1.3952641), (0.811333, 0.083831176, 1.2402364), (-1.3735272, -0.014773264, 1.8140304), (-0.538396, 0.8339409, 1.8767506), (0.7387167, 0.535223, 1.2901798), (0.4351858, 1.3284427, 1.3559997), (0.14619884, 1.9494201, 1.3952641), (0.028357407, 1.8471321, 0.9168195), (0.17310947, 1.2701652, 0.21382987), (-0.4232802, 1.6376224, -0.26142192), (0.028357407, 1.8471321, 0.9168195), (-0.1293865, 2.2276847, 1.4763371), (-0.53494555, 2.0684159, 0.4153231), (1.0335009, 0.08866416, -0.7137552), (-0.81389004, 0.03673564, 0.9606193), (0.35081893, -0.17840303, 2.2346048), (2.1982195, -0.12647404, 0.56022114), (1.6392496, 2.7513885, 2.4703019), (1.5401068, 2.8786697, 2.409906), (1.2487108, 2.9986415, 2.14827), (1.2090547, 2.863898, 2.2427156), (1.0335009, 0.08866416, -0.7137552), (1.6611989, 2.6545691, 0.4948092), (1.637503, 2.8978329, 0.7078987), (1.468384, 2.9864898, 0.92403316), (1.468384, 2.9864898, 0.92403316), (0.32138538, 2.850985, 1.8812872), (1.0335009, 0.08866416, -0.7137552), (-0.81389004, 0.03673564, 0.9606193), (1.6392496, 2.7513885, 2.4703019), (1.327088, 2.3136022, 2.6689517), (1.1086107, 2.3276174, 2.7521186), (1.1122499, 2.677275, 2.7176476), (0.8364384, 1.2706422, 2.7556746), (0.6831891, 1.899927, 2.4384177), (1.395355, 1.9963377, 2.528132), (1.304705, 1.7106457, 2.560422), (-0.1293865, 2.2276847, 1.4763371), (-0.30292588, 2.3657572, 1.4006732), (-0.65539014, 2.2273393, 0.47856304), (-0.53494555, 2.0684159, 0.4153231), (0.86169314, 2.835589, -1.815486), (0.8180325, 2.9921618, -1.7561985), (0.46234107, 3.0321648, -1.8294526), (0.4524239, 2.8816183, -1.8997772), (1.0335009, 0.08866416, -0.7137552), (2.1982195, -0.12647404, 0.56022114), (2.5967822, 2.0494153, 1.486513), (1.6611989, 2.6545691, 0.4948092), (2.4169095, 2.5152278, 1.3802077), (2.218086, 2.9071906, 1.1878747), (1.8644949, 2.8723028, 0.78918517), (0.033480506, 3.018593, 1.4634051), (0.08102074, 3.1849895, 1.3634785), (0.49787664, 3.156058, 1.5430979), (0.5131344, 2.9853003, 1.6700811), (2.218086, 2.9071906, 1.1878747), (2.4169095, 2.5152278, 1.3802077), (2.3338447, 2.5540612, 1.5811241), (2.2154806, 2.6981523, 1.6582191), (0.8364384, 1.2706422, 2.7556746), (0.35081893, -0.17840303, 2.2346048), (-0.81389004, 0.03673564, 0.9606193), (0.32138538, 2.850985, 1.8812872), (0.6831891, 1.899927, 2.4384177), (1.1086107, 2.3276174, 2.7521186), (1.1122499, 2.677275, 2.7176476), (0.62098897, 2.909941, 2.1876314), (1.1086107, 2.3276174, 2.7521186), (1.327088, 2.3136022, 2.6689517), (1.395355, 1.9963377, 2.528132), (0.6831891, 1.899927, 2.4384177), (1.980574, 1.8970181, 2.0447576), (1.6542746, 2.08921, 2.3100002), (1.327088, 2.3136022, 2.6689517), (1.6392496, 2.7513885, 2.4703019), (2.4229302, 3.0332117, -0.47392204), (2.3764448, 3.18147, -0.43803725), (2.1637444, 3.3179967, -0.6181153), (2.1781876, 3.1903014, -0.6811279), (2.1982195, -0.12647404, 0.56022114), (2.1060421, 1.2844497, 1.5394913), (2.1445692, 1.9396043, 1.9063842), (2.5967822, 2.0494153, 1.486513), (2.5967822, 2.0494153, 1.486513), (2.276966, 2.4625301, 1.7236847), (2.3338447, 2.5540612, 1.5811241), (2.4169095, 2.5152278, 1.3802077), (0.69243515, -0.0300156, -1.3537884), (-0.44751325, -0.0300156, 1.0267279), (-0.5082051, 0.5295125, 0.9276824), (0.5675153, 0.5643779, -1.3441879), (-0.44751325, -0.0300156, 1.0267279), (0.69243515, -0.0300156, -1.3537884), (-1.3085666, -0.0300156, -2.370337), (-2.448529, -0.0300156, 0.010179411), (-1.3085666, -0.0300156, -2.370337), (0.69243515, -0.0300156, -1.3537884), (0.22377281, 0.6362239, -1.7308756), (-0.059633125, 0.6808279, -1.8977103), (-0.9596792, 0.559574, -2.3131597), (0.22377281, 0.6362239, -1.7308756), (0.5675153, 0.5643779, -1.3441879), (0.20907798, 1.2866191, -1.2907932), (-0.37142485, 1.5856053, -1.772582), (-0.36600924, 1.7265289, -1.6814964), (-0.059633125, 0.6808279, -1.8977103), (0.22377281, 0.6362239, -1.7308756), (-0.37142485, 1.5856053, -1.772582), (-0.73885685, 0.7336375, -2.2803407), (-0.5905631, 1.5302464, -1.9582446), (-1.3261557, 0.71561307, -2.1924407), (-1.3788829, 0.60655475, -2.3394003), (-0.9596792, 0.559574, -2.3131597), (-0.75173265, 0.6280844, -2.1599417), (-1.4309683, 0.8503386, -2.3024597), (-1.3261557, 0.71561307, -2.1924407), (-0.75173265, 0.6280844, -2.1599417), (-0.73885685, 0.7336375, -2.2803407), (-1.3788829, 0.60655475, -2.3394003), (-1.3261557, 0.71561307, -2.1924407), (-1.9122072, 0.82395387, -1.6206616), (-2.100996, 0.792042, -1.3947035), (-1.3261557, 0.71561307, -2.1924407), (-1.4309683, 0.8503386, -2.3024597), (-1.977646, 0.9211892, -1.7125468), (-1.9122072, 0.82395387, -1.6206616), (-1.4309683, 0.8503386, -2.3024597), (-0.73885685, 0.7336375, -2.2803407), (-0.5905631, 1.5302464, -1.9582446), (-1.5817567, 1.9999155, -1.9874913), (-0.37142485, 1.5856053, -1.772582), (-1.4512233, 2.3617563, -1.7800573), (-1.5817567, 1.9999155, -1.9874913), (-0.5905631, 1.5302464, -1.9582446), (-1.5817567, 1.9999155, -1.9874913), (-1.4512233, 2.3617563, -1.7800573), (-1.515897, 2.4018931, -1.7343316), (-1.7007735, 2.3480241, -1.7136663), (-2.210454, 0.92980874, -1.223183), (-1.977646, 0.9211892, -1.7125468), (-1.5817567, 1.9999155, -1.9874913), (-2.053181, 1.2709682, -1.428467), (-1.8334688, 1.9470686, -1.6162133), (-2.210454, 0.92980874, -1.223183), (-2.053181, 1.2709682, -1.428467), (-1.928296, 1.9792237, -1.4882257), (-2.1103406, 2.2248604, -1.1615582), (-1.3788829, 0.60655475, -2.3394003), (-2.100996, 0.792042, -1.3947035), (-2.203943, 0.5551063, -1.224427), (-1.3085666, -0.0300156, -2.370337), (-2.448529, -0.0300156, 0.010179411), (-2.203943, 0.5551063, -1.224427), (-2.4048672, 1.2292215, -0.5541953), (-2.462876, 0.85888684, -0.1145987), (-0.44751325, -0.0300156, 1.0267279), (-2.448529, -0.0300156, 0.010179411), (-2.462876, 0.85888684, -0.1145987), (-0.5082051, 0.5295125, 0.9276824), (-0.98054993, 2.365169, 0.09795431), (-0.5082051, 0.5295125, 0.9276824), (-2.462876, 0.85888684, -0.1145987), (-1.486073, 2.463317, -0.15886435), (-2.038385, 2.3834774, -0.39057058), (-2.3363636, 1.9238905, -0.37991065), (0.5675153, 0.5643779, -1.3441879), (-0.5082051, 0.5295125, 0.9276824), (-0.98054993, 2.365169, 0.09795431), (0.20907798, 1.2866191, -1.2907932), (-0.39726543, 2.0671706, -0.89050823), (-0.8625333, 2.3520384, -0.15432024), (-0.4141977, 2.873001, -1.6852685), (-0.29082355, 3.024677, -1.6430274), (-0.008307624, 3.1757333, -1.228747), (-0.089122444, 3.0468135, -1.2085813), (-2.124964, 2.4664345, -0.84535164), (-2.0025656, 2.5429778, -0.9715519), (-1.9481841, 2.5652654, -0.7840637), (-2.1811733, 2.4196887, -0.70235044), (-2.0774121, 2.4767334, -0.57041466), (-1.9481841, 2.5652654, -0.7840637), (-2.0025656, 2.5429778, -0.9715519), (-1.9187202, 2.5448444, -1.1730567), (-1.8683306, 2.562548, -1.1515664), (-1.6620114, 2.5355525, -1.4637207), (-1.8683306, 2.562548, -1.1515664), (-1.9187202, 2.5448444, -1.1730567), (-1.8248826, 2.5320468, -1.371537), (-1.7986819, 2.4591377, -1.5388943), (-1.8248826, 2.5320468, -1.371537), (-1.9187202, 2.5448444, -1.1730567), (-1.9522378, 2.51147, -1.1870337), (-2.124964, 2.4664345, -0.84535164), (-1.9522378, 2.51147, -1.1870337), (-1.9187202, 2.5448444, -1.1730567), (-2.0025656, 2.5429778, -0.9715519), (-2.1103406, 2.2248604, -1.1615582), (-1.7581493, 2.429945, -1.5959829), (-1.7986819, 2.4591377, -1.5388943), (-1.9522378, 2.51147, -1.1870337), (-2.1811733, 2.4196887, -0.70235044), (-2.277377, 1.8560351, -0.8634571), (-2.1103406, 2.2248604, -1.1615582), (-2.124964, 2.4664345, -0.84535164), (-2.3363636, 1.9238905, -0.37991065), (-2.1811733, 2.4196887, -0.70235044), (-2.0774121, 2.4767334, -0.57041466), (-2.038385, 2.3834774, -0.39057058), (-1.7581493, 2.429945, -1.5959829), (-1.5767914, 2.4856415, -1.6150422), (-1.5651346, 2.5210872, -1.5531542), (-1.7986819, 2.4591377, -1.5388943), (-1.6620114, 2.5355525, -1.4637207), (-1.8248826, 2.5320468, -1.371537), (-1.928296, 1.9792237, -1.4882257), (-1.8237497, 1.9087348, -1.5219276), (-1.6690412, 2.3629375, -1.6263577), (-1.7581493, 2.429945, -1.5959829), (-1.7581493, 2.429945, -1.5959829), (-1.6690412, 2.3629375, -1.6263577), (-1.5083978, 2.4110844, -1.6480862), (-1.5767914, 2.4856415, -1.6150422), (-1.6690412, 2.3629375, -1.6263577), (-1.7007735, 2.3480241, -1.7136663), (-1.515897, 2.4018931, -1.7343316), (-1.5083978, 2.4110844, -1.6480862), (-0.36600924, 1.7265289, -1.6814964), (-1.0419916, 2.4268038, -1.5201304), (-1.4512233, 2.3617563, -1.7800573), (-0.37142485, 1.5856053, -1.772582), (2.1781876, 3.1903014, -0.6811279), (2.1637444, 3.3179967, -0.6181153), (1.8761343, 3.23096, -0.62063175), (1.8472521, 3.0901537, -0.6840222), (-1.6620114, 2.5355525, -1.4637207), (-1.549547, 2.6228914, -1.4017199), (-1.728856, 2.646355, -1.1304332), (-1.8683306, 2.562548, -1.1515664), (-0.53494555, 2.0684159, 0.4153231), (-0.65539014, 2.2273393, 0.47856304), (-1.078448, 2.308493, 0.42494345), (-1.0217322, 2.1617942, 0.35362598), (-1.8683306, 2.562548, -1.1515664), (-1.728856, 2.646355, -1.1304332), (-1.7982556, 2.6487153, -0.8110428), (-1.9481841, 2.5652654, -0.7840637), (-2.0774121, 2.4767334, -0.57041466), (-1.9105647, 2.5717735, -0.6253643), (-1.8766502, 2.4907274, -0.46906382), (-2.038385, 2.3834774, -0.39057058), (-1.3966414, 2.5601146, -0.26769435), (-1.486073, 2.463317, -0.15886435), (1.7019482, 3.079743, 0.51287365), (1.1589373, 0.12892412, 0.717091), (1.1589353, 0.128924, -0.8734848), (1.6524894, 2.8306334, -0.70921415), (1.7097037, 3.0915082, -0.6121615), (1.7267294, 3.1903014, -0.44170892), (1.1589353, 0.128924, -0.8734848), (1.1589373, 0.12892412, 0.717091), (2.2738504, 0.12892412, 0.7170898), (2.2738483, 0.128924, -0.8734859), (2.5093591, 2.7077377, 0.5253932), (2.5332735, 1.646556, 0.67880726), (2.2738504, 0.12892412, 0.7170898), (2.4492686, 3.0494585, 0.50120217), (1.9639018, 3.1903014, 0.50120276), (1.1589373, 0.12892412, 0.717091), (1.7019482, 3.079743, 0.51287365), (-1.0217322, 2.1617942, 0.35362598), (-1.078448, 2.308493, 0.42494345), (-1.1329939, 2.1512086, 0.17850654), (-1.0845019, 1.9808177, 0.070065334), (-1.0419916, 2.4268038, -1.5201304), (-1.0107017, 2.5283816, -1.4507449), (-1.4653568, 2.6103199, -1.479446), (-1.5651346, 2.5210872, -1.5531542), (-1.4713953, 2.2571282, 1.8551811), (-1.469239, 2.3913467, 1.7299203), (-0.30292588, 2.3657572, 1.4006732), (-0.1293865, 2.2276847, 1.4763371), (-1.5651346, 2.5210872, -1.5531542), (-1.4653568, 2.6103199, -1.479446), (-1.549547, 2.6228914, -1.4017199), (-1.6620114, 2.5355525, -1.4637207), (2.2738483, 0.128924, -0.8734859), (2.5897622, 2.4006054, -0.7132248), (2.4031754, 2.8370583, -0.6840512), (2.1781876, 3.1903014, -0.6811279), (1.1589353, 0.128924, -0.8734848), (1.8472521, 3.0901537, -0.6840222), (1.6524894, 2.8306334, -0.70921415), (2.1781876, 3.1903014, -0.6811279), (2.4031754, 2.8370583, -0.6840512), (2.4561896, 2.8908782, -0.5596595), (2.4229302, 3.0332117, -0.47392204), (2.5456986, 3.108282, 0.22158216), (2.4229302, 3.0332117, -0.47392204), (2.4561896, 2.8908782, -0.5596595), (2.5102181, 2.8116806, -0.46973476), (2.5897622, 2.4006054, -0.7132248), (2.5653565, 2.6999, 0.38690275), (2.5456986, 3.108282, 0.22158216), (2.5102181, 2.8116806, -0.46973476), (2.2154806, 2.6981523, 1.6582191), (2.1233833, 2.8545952, 1.6402961), (2.1256425, 3.0362663, 1.2315267), (2.218086, 2.9071906, 1.1878747), (2.5456986, 3.108282, 0.22158216), (2.5653565, 2.6999, 0.38690275), (2.5093591, 2.7077377, 0.5253932), (2.4492686, 3.0494585, 0.50120217), (2.5093591, 2.7077377, 0.5253932), (2.5653565, 2.6999, 0.38690275), (2.5840774, 2.0918977, 0.36432457), (2.5332735, 1.646556, 0.67880726), (2.5897622, 2.4006054, -0.7132248), (2.2738483, 0.128924, -0.8734859), (2.2738504, 0.12892412, 0.7170898), (2.5332735, 1.646556, 0.67880726), (2.5840774, 2.0918977, 0.36432457), (2.5897622, 2.4006054, -0.7132248), (2.5102181, 2.8116806, -0.46973476), (2.4561896, 2.8908782, -0.5596595), (2.4031754, 2.8370583, -0.6840512), (1.9121543, 2.8620467, -0.6951287), (2.0915148, 0.540272, -0.46436426), (0.3143245, 2.5744274, -0.31282663), (0.4148043, 0.540272, -0.121159464), (-1.9481841, 2.5652654, -0.7840637), (-1.7982556, 2.6487153, -0.8110428), (-1.9105647, 2.5717735, -0.6253643), (-2.0774121, 2.4767334, -0.57041466), (1.9121543, 2.8620467, -0.6951287), (1.7011018, 2.4337611, -1.2637172), (1.8208947, 1.3026091, -1.6812431), (2.0915148, 0.540272, -0.46436426), (1.7097037, 3.0915082, -0.6121615), (1.7565941, 3.2321355, -0.55817944), (1.771392, 3.3179967, -0.41004127), (1.7267294, 3.1903014, -0.44170892), (0.62098897, 2.909941, 2.1876314), (0.7376351, 3.0386562, 2.100398), (1.164582, 2.8364503, 2.5610263), (1.1122499, 2.677275, 2.7176476), (0.9464696, 1.9315237, -2.0983253), (-0.64885724, 2.2140625, -2.0321925), (-0.7976744, 1.2242929, -2.1441655), (0.15496251, 0.9027177, -2.4469674), (0.15496251, 0.9027177, -2.4469674), (-0.61939967, -0.042441264, -2.0463176), (1.1566157, -0.042441264, -2.268094), (1.143176, 0.5973553, -2.3844213), (-0.64885724, 2.2140625, -2.0321925), (0.9464696, 1.9315237, -2.0983253), (0.4524239, 2.8816183, -1.8997772), (-0.36701125, 2.8583465, -1.8229519), (1.143176, 0.5973553, -2.3844213), (1.6971917, 0.7038691, -1.699721), (1.8208947, 1.3026091, -1.6812431), (0.9464696, 1.9315237, -2.0983253), (0.08863716, 3.1168609, -0.92991805), (0.1289536, 3.2703927, -0.71651566), (-0.99836165, 3.002241, 0.028867569), (-1.2084987, 2.8083153, -0.07224913), (1.6971917, 0.7038691, -1.699721), (1.143176, 0.5973553, -2.3844213), (1.1566157, -0.042441264, -2.268094), (1.964369, -0.042439833, -0.4342868), (1.7267294, 3.1903014, -0.44170892), (1.771392, 3.3179967, -0.41004127), (1.749854, 3.2219107, 0.41956934), (1.7019482, 3.079743, 0.51287365), (1.980574, 1.8970181, 2.0447576), (1.304705, 1.7106457, 2.560422), (1.395355, 1.9963377, 2.528132), (1.6542746, 2.08921, 2.3100002), (1.8484988, 2.6754122, 2.235665), (2.2154806, 2.6981523, 1.6582191), (2.3338447, 2.5540612, 1.5811241), (2.276966, 2.4625301, 1.7236847), (2.1060421, 1.2844497, 1.5394913), (2.1982195, -0.12647404, 0.56022114), (0.35081893, -0.17840303, 2.2346048), (1.980574, 1.8970181, 2.0447576), (1.304705, 1.7106457, 2.560422), (0.8364384, 1.2706422, 2.7556746), (1.6392496, 2.7513885, 2.4703019), (1.5712047, 2.656802, 2.253125), (1.9026921, 1.9516755, 1.8350451), (1.980574, 1.8970181, 2.0447576), (1.5712047, 2.656802, 2.253125), (1.8484988, 2.6754122, 2.235665), (2.1445692, 1.9396043, 1.9063842), (1.9026921, 1.9516755, 1.8350451), (2.5967822, 2.0494153, 1.486513), (2.1445692, 1.9396043, 1.9063842), (1.8484988, 2.6754122, 2.235665), (2.276966, 2.4625301, 1.7236847), (-1.486073, 2.463317, -0.15886435), (-1.3966414, 2.5601146, -0.26769435), (-0.9573049, 2.474816, -0.044495538), (-0.98054993, 2.365169, 0.09795431), (1.1975278, 3.0494606, -1.4009069), (1.1098988, 3.1780365, -1.3958927), (0.8180325, 2.9921618, -1.7561985), (0.86169314, 2.835589, -1.815486), (1.6236653, 3.4055867, 0.21041021), (0.925226, 3.1963131, 1.3277333), (0.644628, 3.3604534, 1.4412395), (0.98619926, 3.5003722, 0.8627176), (0.90775305, 3.6217663, -0.22633146), (1.2989372, 3.543489, 0.017903231), (0.98619926, 3.5003722, 0.8627176), (0.26819402, 3.4852715, 1.0655801), (-0.17220908, 3.4879482, 0.6041088), (0.31209597, 3.358565, 1.3379318), (0.08102074, 3.1849895, 1.3634785), (-0.99836165, 3.002241, 0.028867569), (-1.9157039, 2.5809457, 0.85002065), (-2.1097665, 2.328277, 0.70181257), (-1.8274113, 2.0960763, 0.36053446), (-1.5048251, 2.349466, 0.44033247), (-0.30292588, 2.3657572, 1.4006732), (-1.469239, 2.3913467, 1.7299203), (-1.8189842, 2.4997084, 1.601434), (-1.5261422, 2.5700514, 1.4382756), (-1.9157039, 2.5809457, 0.85002065), (-1.5261422, 2.5700514, 1.4382756), (-1.8189842, 2.4997084, 1.601434), (-2.0602212, 2.52568, 1.306637), (-2.2715583, 2.1887178, 0.94887173), (-2.1097665, 2.328277, 0.70181257), (-1.9157039, 2.5809457, 0.85002065), (-2.0602212, 2.52568, 1.306637), (-1.9157039, 2.5809457, 0.85002065), (-1.5048251, 2.349466, 0.44033247), (-1.078448, 2.308493, 0.42494345), (-1.0598592, 2.431005, 0.74611336), (-0.30292588, 2.3657572, 1.4006732), (-1.0598592, 2.431005, 0.74611336), (-1.078448, 2.308493, 0.42494345), (-0.65539014, 2.2273393, 0.47856304), (1.2487108, 2.9986415, 2.14827), (1.5401068, 2.8786697, 2.409906), (1.164582, 2.8364503, 2.5610263), (0.7376351, 3.0386562, 2.100398), (2.1256425, 3.0362663, 1.2315267), (0.7376351, 3.0386562, 2.100398), (1.474094, 3.1051846, 1.002229), (1.2487108, 2.9986415, 2.14827), (1.474094, 3.1051846, 1.002229), (1.6210673, 3.0281327, 0.8143878), (1.8183438, 3.0059438, 0.885035), (1.7597778, 3.088259, 0.9778247), (2.1256425, 3.0362663, 1.2315267), (2.1233833, 2.8545952, 1.6402961), (1.8044455, 2.8348312, 2.1421432), (1.2487108, 2.9986415, 2.14827), (-1.549547, 2.6228914, -1.4017199), (-1.4653568, 2.6103199, -1.479446), (-1.0107017, 2.5283816, -1.4507449), (-0.72897136, 2.463681, -0.9881542), (-1.728856, 2.646355, -1.1304332), (-1.7982556, 2.6487153, -0.8110428), (-0.85473615, 2.463403, -0.26374528), (-1.3966414, 2.5601146, -0.26769435), (-1.8766502, 2.4907274, -0.46906382), (-1.9105647, 2.5717735, -0.6253643), (-1.7982556, 2.6487153, -0.8110428), (1.771392, 3.3179967, -0.41004127), (1.7565941, 3.2321355, -0.55817944), (1.8761343, 3.23096, -0.62063175), (1.8836329, 3.3179967, -0.5550587), (2.1637444, 3.3179967, -0.6181153), (2.3764448, 3.18147, -0.43803725), (2.483145, 3.246715, 0.16641408), (2.4041646, 3.3179967, 0.025639279), (2.4041646, 3.3179967, 0.025639279), (2.483145, 3.246715, 0.16641408), (2.3993373, 3.1955914, 0.409426), (1.9775119, 3.3179967, 0.40942648), (0.46234107, 3.0321648, -1.8294526), (1.1098988, 3.1780365, -1.3958927), (-0.008307624, 3.1757333, -1.228747), (-0.24981478, 3.0119405, -1.7626878), (0.26819402, 3.4852715, 1.0655801), (-0.17220908, 3.4879482, 0.6041088), (0.25756472, 3.70968, 0.041823428), (0.90775305, 3.6217663, -0.22633146), (-0.39726543, 2.0671706, -0.89050823), (-0.45037964, 2.2158291, -0.90355176), (0.07657989, 1.5374669, -1.2514321), (0.20907798, 1.2866191, -1.2907932), (-2.3945775, 2.023977, 0.95647633), (-2.2715583, 2.1887178, 0.94887173), (-2.0602212, 2.52568, 1.306637), (-2.1514015, 2.4116983, 1.3681346), (-1.883525, 1.9173788, 0.27951252), (-1.8274113, 2.0960763, 0.36053446), (-2.1097665, 2.328277, 0.70181257), (-2.2084134, 2.184558, 0.67219937), (2.5456986, 3.108282, 0.22158216), (2.483145, 3.246715, 0.16641408), (2.3764448, 3.18147, -0.43803725), (2.4229302, 3.0332117, -0.47392204), (0.9847517, 3.5211635, -0.3658929), (0.90775305, 3.6217663, -0.22633146), (0.1289536, 3.2703927, -0.71651566), (0.08863716, 3.1168609, -0.92991805), (-2.2084134, 2.184558, 0.67219937), (-2.1097665, 2.328277, 0.70181257), (-2.2715583, 2.1887178, 0.94887173), (-2.3945775, 2.023977, 0.95647633), (0.5131344, 2.9853003, 1.6700811), (0.49787664, 3.156058, 1.5430979), (0.925226, 3.1963131, 1.3277333), (1.0048596, 3.0316207, 1.4222734), (0.20907798, 1.2866191, -1.2907932), (0.07657989, 1.5374669, -1.2514321), (-0.43059763, 2.072768, -1.3302859), (-0.37450686, 1.9025576, -1.3815261), (-1.8738258, 2.3818164, 1.7073411), (-1.8189842, 2.4997084, 1.601434), (-1.469239, 2.3913467, 1.7299203), (-1.4713953, 2.2571282, 1.8551811), (2.218086, 2.9071906, 1.1878747), (2.1256425, 3.0362663, 1.2315267), (1.8183438, 3.0059438, 0.885035), (1.8644949, 2.8723028, 0.78918517), (1.8644949, 2.8723028, 0.78918517), (1.8183438, 3.0059438, 0.885035), (1.6210673, 3.0281327, 0.8143878), (1.637503, 2.8978329, 0.7078987), (-0.8625333, 2.3520384, -0.15432024), (-0.45037964, 2.2158291, -0.90355176), (-0.39726543, 2.0671706, -0.89050823), (-0.85473615, 2.463403, -0.26374528), (-0.98054993, 2.365169, 0.09795431), (-0.9573049, 2.474816, -0.044495538), (1.7019482, 3.079743, 0.51287365), (1.749854, 3.2219107, 0.41956934), (1.9775119, 3.3179967, 0.40942648), (1.9639018, 3.1903014, 0.50120276)]
    color4f[] primvars:colors (
        elementSize = 1
        interpolation = "constant"
    )
    color3f[] primvars:displayColor = [(1, 1, 1)] (
        interpolation = "constant"
    )
    float[] primvars:displayOpacity = [1] (
        interpolation = "constant"
    )
    float2[] primvars:st = [(0.7067385, 0.46658322), (0.70762277, 0.46876973), (0.70673865, 0.46658322), (0.7071364, 0.47112602), (0.70673823, 0.47183192), (0.70673865, 0.47183114), (0.7071371, 0.4706952), (0.70673823, 0.47183192), (0.7071364, 0.47112602), (0.7068443, 0.47052005), (0.70673823, 0.47183192), (0.7071371, 0.4706952), (0.7066922, 0.4683425), (0.70669186, 0.4680979), (0.7051698, 0.46849006), (0.70669186, 0.4680979), (0.705114, 0.46827108), (0.7051698, 0.46849006), (0.7055317, 0.46920773), (0.7057095, 0.46996516), (0.70587826, 0.4694781), (0.70610416, 0.4696545), (0.70620453, 0.47022355), (0.70625174, 0.46976954), (0.7059892, 0.46872592), (0.70585537, 0.46920788), (0.7060627, 0.46920785), (0.7059892, 0.46872592), (0.7063119, 0.46920782), (0.70641136, 0.46881324), (0.70620453, 0.47022355), (0.70633054, 0.47016814), (0.70625174, 0.46976954), (0.7063119, 0.46920782), (0.70625174, 0.46976954), (0.70657927, 0.46948245), (0.7059892, 0.46872592), (0.70641136, 0.46881324), (0.7065617, 0.4682161), (0.70632434, 0.47090378), (0.7069206, 0.4711778), (0.7064767, 0.47097743), (0.70629174, 0.46690607), (0.7065829, 0.46749467), (0.7064457, 0.46658322), (0.70641136, 0.46881324), (0.7063119, 0.46920782), (0.7069497, 0.4690174), (0.7065829, 0.46749467), (0.70664257, 0.46789554), (0.70719314, 0.4683597), (0.7059277, 0.47148687), (0.7059145, 0.47183192), (0.70631695, 0.47183245), (0.7055317, 0.46920773), (0.70587826, 0.4694781), (0.70585537, 0.46920788), (0.7057636, 0.4678954), (0.7059892, 0.46872592), (0.7062146, 0.4678955), (0.7057095, 0.46996516), (0.7055317, 0.47052002), (0.7059149, 0.47035134), (0.70587826, 0.4694781), (0.70620453, 0.47022355), (0.70610416, 0.4696545), (0.7057095, 0.46996516), (0.7059149, 0.47035134), (0.7048247, 0.47112507), (0.7059277, 0.47148687), (0.7055317, 0.47052002), (0.7055317, 0.47052002), (0.70600706, 0.47075006), (0.7059149, 0.47035134), (0.70615524, 0.4708218), (0.70620453, 0.47022355), (0.70600706, 0.47075006), (0.70600706, 0.47075006), (0.7059277, 0.47148687), (0.70615524, 0.4708218), (0.7048247, 0.47112507), (0.7059145, 0.47183192), (0.7059277, 0.47148687), (0.7055317, 0.47052002), (0.7059277, 0.47148687), (0.70600706, 0.47075006), (0.7055317, 0.46920773), (0.70585537, 0.46920788), (0.7059892, 0.46872592), (0.7055317, 0.46920773), (0.7055317, 0.47052002), (0.7057095, 0.46996516), (0.70620453, 0.47022355), (0.70615524, 0.4708218), (0.7062552, 0.47087026), (0.7063168, 0.46658322), (0.70629174, 0.46690607), (0.7064457, 0.46658322), (0.70664257, 0.46789554), (0.7065617, 0.4682161), (0.70719314, 0.4683597), (0.7062925, 0.47116834), (0.70632434, 0.47090378), (0.7062552, 0.47087026), (0.70517373, 0.46825373), (0.704819, 0.46863356), (0.7055317, 0.46920773), (0.70656127, 0.47037417), (0.70641947, 0.47023815), (0.70638686, 0.47038057), (0.7066396, 0.4678955), (0.7067852, 0.4681093), (0.7071321, 0.46818173), (0.70681, 0.4701246), (0.70694053, 0.47050917), (0.706787, 0.47000632), (0.70638233, 0.46963292), (0.7061159, 0.46955273), (0.70638937, 0.46971542), (0.70574737, 0.4718324), (0.7058061, 0.4715311), (0.7048588, 0.4711591), (0.7057571, 0.47075167), (0.7058393, 0.47134295), (0.7059095, 0.47090703), (0.7059095, 0.47090703), (0.7058393, 0.47134295), (0.70593977, 0.4709382), (0.706468, 0.47052014), (0.7061984, 0.4701422), (0.70593077, 0.4705201), (0.706468, 0.47052014), (0.7066925, 0.470369), (0.70644784, 0.47018346), (0.7064719, 0.47004214), (0.7062422, 0.470016), (0.7064537, 0.47012055), (0.7061595, 0.46985945), (0.7060354, 0.46991384), (0.70610917, 0.47001716), (0.7061984, 0.4701422), (0.7061595, 0.46985945), (0.7061734, 0.47010726), (0.7061734, 0.47010726), (0.7061595, 0.46985945), (0.70610917, 0.47001716), (0.7066159, 0.46966347), (0.70641387, 0.46961558), (0.7061595, 0.46985945), (0.7061595, 0.46985945), (0.70641387, 0.46961558), (0.706153, 0.46940738), (0.706153, 0.46940738), (0.70641387, 0.46961558), (0.70638955, 0.46920782), (0.7060354, 0.46991384), (0.7061595, 0.46985945), (0.706153, 0.46940738), (0.7058629, 0.46920785), (0.706153, 0.46940738), (0.70638955, 0.46920782), (0.7066159, 0.46966347), (0.70679426, 0.469863), (0.70674896, 0.46952567), (0.70638955, 0.46920782), (0.70641387, 0.46961558), (0.70671064, 0.46938995), (0.7064719, 0.47004214), (0.70674866, 0.47026283), (0.7066159, 0.46966347), (0.70699006, 0.4704237), (0.7068931, 0.4705134), (0.7071325, 0.4708646), (0.7071325, 0.4708646), (0.7068931, 0.4705134), (0.70681876, 0.470551), (0.70681876, 0.470551), (0.7067718, 0.4706253), (0.7071325, 0.4708646), (0.7071325, 0.4708646), (0.7067718, 0.4706253), (0.7067308, 0.47070166), (0.7061517, 0.47149265), (0.7064855, 0.47150645), (0.7071325, 0.4708646), (0.706155, 0.47183242), (0.7064855, 0.47150645), (0.7061517, 0.47149265), (0.705532, 0.47052008), (0.7060354, 0.46991384), (0.705532, 0.46920785), (0.705532, 0.47052008), (0.7057571, 0.47075167), (0.7057442, 0.47052014), (0.7065615, 0.47037363), (0.70640075, 0.469208), (0.70628977, 0.4702822), (0.70663965, 0.46789557), (0.70678496, 0.4681092), (0.7070437, 0.46808806), (0.7068828, 0.47031087), (0.7063414, 0.47058728), (0.7068349, 0.47065222), (0.7069019, 0.46924996), (0.7065281, 0.46920782), (0.7068019, 0.46950185), (0.7065281, 0.46920782), (0.7069019, 0.46924996), (0.70670074, 0.46888912), (0.7068447, 0.46782327), (0.7069049, 0.4685546), (0.7065288, 0.46789554), (0.70612395, 0.46917114), (0.7065281, 0.46920782), (0.706272, 0.46867236), (0.7055252, 0.46920782), (0.706272, 0.46867236), (0.7055331, 0.46789554), (0.7055331, 0.46789554), (0.7061226, 0.4678955), (0.70602226, 0.46658325), (0.7063414, 0.47058728), (0.70589626, 0.47000366), (0.705827, 0.47066194), (0.70612395, 0.46917114), (0.7055252, 0.46920782), (0.70589626, 0.47000366), (0.70651543, 0.47133875), (0.7068349, 0.47065222), (0.7063414, 0.47058728), (0.7072397, 0.46898198), (0.7065288, 0.46789554), (0.70670074, 0.46888912), (0.7055252, 0.46920782), (0.7055331, 0.46789554), (0.70551956, 0.47052088), (0.70602226, 0.46658325), (0.70553094, 0.4665827), (0.7055331, 0.46789554), (0.70670074, 0.46888912), (0.7069019, 0.46924996), (0.7072397, 0.46898198), (0.7065288, 0.46789554), (0.7069049, 0.4685546), (0.7066313, 0.4665832), (0.706272, 0.46867236), (0.7065281, 0.46920782), (0.70670074, 0.46888912), (0.7049448, 0.47124523), (0.70551956, 0.47052088), (0.7055331, 0.46789554), (0.706272, 0.46867236), (0.70670074, 0.46888912), (0.7065288, 0.46789554), (0.7075639, 0.47037348), (0.70662653, 0.47181973), (0.7069049, 0.4685546), (0.7065288, 0.46789554), (0.7072397, 0.46898198), (0.7068447, 0.46782327), (0.70602155, 0.47183162), (0.7058995, 0.4710964), (0.7049448, 0.47124523), (0.706272, 0.46867236), (0.7061226, 0.4678955), (0.7055331, 0.46789554), (0.7065288, 0.46789554), (0.7061226, 0.4678955), (0.706272, 0.46867236), (0.70662653, 0.47181973), (0.7075639, 0.47037348), (0.70651543, 0.47133875), (0.706272, 0.46867236), (0.7055252, 0.46920782), (0.70612395, 0.46917114), (0.70651543, 0.47133875), (0.7063414, 0.47058728), (0.7062292, 0.4710251), (0.7058995, 0.4710964), (0.70602155, 0.47183162), (0.7062292, 0.4710251), (0.7075639, 0.47037348), (0.7068349, 0.47065222), (0.70651543, 0.47133875), (0.70638937, 0.46971542), (0.7061159, 0.46955273), (0.7063695, 0.46977174), (0.706787, 0.47000632), (0.70694053, 0.47050917), (0.70676047, 0.46990502), (0.82310426, 0.84207827), (0.82266796, 0.8414101), (0.82265556, 0.8420218), (0.82274735, 0.8420498), (0.82310426, 0.84207827), (0.82265556, 0.8420218), (0.82358646, 0.8426936), (0.82310426, 0.84207827), (0.82391155, 0.84312266), (0.82391155, 0.84312266), (0.8234372, 0.8428163), (0.82358646, 0.8426936), (0.8227024, 0.84575504), (0.82358646, 0.8426936), (0.8231001, 0.8450499), (0.8231008, 0.8446191), (0.8231503, 0.84364027), (0.822808, 0.844444), (0.8226793, 0.8431321), (0.82295537, 0.84351236), (0.8230541, 0.8428884), (0.8234372, 0.8428163), (0.82274735, 0.8420498), (0.8230541, 0.8428884), (0.8226559, 0.84226644), (0.82274735, 0.8420498), (0.82265556, 0.8420218), (0.82274735, 0.8420498), (0.8234372, 0.8428163), (0.82391155, 0.84312266), (0.82274735, 0.8420498), (0.82391155, 0.84312266), (0.82310426, 0.84207827), (0.8229655, 0.84522325), (0.82274294, 0.84575635), (0.82351995, 0.84255403), (0.82351995, 0.84255403), (0.8235401, 0.8428097), (0.82300234, 0.8427283), (0.82300234, 0.8427283), (0.8235401, 0.8428097), (0.8227489, 0.8420332), (0.8234141, 0.84240586), (0.82327056, 0.84280175), (0.8229737, 0.8434541), (0.8234141, 0.84240586), (0.82319844, 0.84220964), (0.82327056, 0.84280175), (0.8230963, 0.8447885), (0.82298946, 0.8443534), (0.8239167, 0.84414035), (0.8230963, 0.8447885), (0.8224492, 0.8454304), (0.82298946, 0.8443534), (0.82211876, 0.84575635), (0.8226471, 0.8457816), (0.82298946, 0.8443534), (0.82298946, 0.8443534), (0.8224492, 0.8454304), (0.82211876, 0.84575635), (0.822981, 0.84520775), (0.82274294, 0.84575635), (0.82357264, 0.84262854), (0.8235488, 0.8428186), (0.8230078, 0.84273404), (0.8228611, 0.8438476), (0.8228611, 0.8438476), (0.82357264, 0.84262854), (0.8235488, 0.8428186), (0.8228611, 0.8438476), (0.822981, 0.84520775), (0.82357264, 0.84262854), (0.8230078, 0.84273404), (0.8235488, 0.8428186), (0.8232344, 0.84230816), (0.8235276, 0.8442974), (0.82284653, 0.84423476), (0.8227986, 0.8445762), (0.8227656, 0.8434258), (0.82320344, 0.84290594), (0.8228656, 0.8431739), (0.8235276, 0.8442974), (0.8228084, 0.8417472), (0.82320344, 0.84290594), (0.8228084, 0.8417472), (0.8235276, 0.8442974), (0.8228686, 0.8424785), (0.82295537, 0.84351236), (0.8231503, 0.84364027), (0.8230541, 0.8428884), (0.822808, 0.844444), (0.8231503, 0.84364027), (0.82295537, 0.84351236), (0.822808, 0.844444), (0.82295537, 0.84351236), (0.8226793, 0.8431321), (0.70669186, 0.4680979), (0.70670426, 0.46748614), (0.70469344, 0.4689093), (0.70669186, 0.4680979), (0.70469344, 0.4689093), (0.705114, 0.46827108), (0.704819, 0.46863356), (0.70517373, 0.46825373), (0.7057636, 0.4678954), (0.704819, 0.46863356), (0.7057636, 0.4678954), (0.7058295, 0.46732342), (0.823115, 0.8442053), (0.8233099, 0.8431118), (0.82315683, 0.84228367), (0.823115, 0.8442053), (0.82315683, 0.84228367), (0.82325673, 0.8434259), (0.8224404, 0.8449014), (0.8228843, 0.8451017), (0.8232622, 0.843864), (0.8224404, 0.8449014), (0.8232622, 0.843864), (0.82300436, 0.8448368), (0.8234141, 0.84240586), (0.82286763, 0.8408044), (0.82298946, 0.8443534), (0.8234141, 0.84240586), (0.82298946, 0.8443534), (0.8226098, 0.84079117), (0.7064537, 0.47012055), (0.7062422, 0.470016), (0.70644784, 0.47018346), (0.7066925, 0.470369), (0.7067314, 0.47033674), (0.70483947, 0.47113913), (0.70553195, 0.47052008), (0.70553195, 0.46920785), (0.70469344, 0.4689093), (0.7051698, 0.46849006), (0.705114, 0.46827108), (0.70553195, 0.47052008), (0.70483947, 0.47113913), (0.70673823, 0.47183192), (0.7068443, 0.47052005), (0.705532, 0.46658322), (0.70469344, 0.4689093), (0.70670426, 0.46748614), (0.7067385, 0.46658322), (0.8231001, 0.8450499), (0.8231001, 0.8450499), (0.8231008, 0.8446191), (0.8231008, 0.8446191), (0.822981, 0.84520775), (0.822981, 0.84520775), (0.8227248, 0.8445856), (0.8227248, 0.8445856), (0.8229042, 0.8444331), (0.8229042, 0.8444331), (0.8227242, 0.843829), (0.8227242, 0.843829), (0.82283175, 0.84369785), (0.82283175, 0.84369785), (0.82284784, 0.8433048), (0.82284784, 0.8433048), (0.8227024, 0.84575504), (0.8227024, 0.84575504), (0.8231001, 0.8450499), (0.8231001, 0.8450499), (0.82320344, 0.84290594), (0.82320344, 0.84290594), (0.8228084, 0.8417472), (0.8228084, 0.8417472), (0.82358646, 0.8426936), (0.82358646, 0.8426936), (0.8227024, 0.84050715), (0.8227024, 0.84050715), (0.82266796, 0.8414101), (0.82266796, 0.8414101), (0.8227024, 0.84050715), (0.82270217, 0.84050715), (0.82351995, 0.84255403), (0.82274294, 0.84050715), (0.82274294, 0.84050715), (0.82351995, 0.84255403), (0.8230958, 0.8421057), (0.8230958, 0.8421057), (0.7067156, 0.46920812), (0.70553195, 0.46920785), (0.70553195, 0.47052008), (0.7068443, 0.47052005), (0.82284653, 0.84423476), (0.82284653, 0.84423476), (0.8227656, 0.8434258), (0.8227656, 0.8434258), (0.82270217, 0.84050715), (0.82270217, 0.84050715), (0.82358646, 0.8426936), (0.82358646, 0.8426936), (0.8227242, 0.843829), (0.8227242, 0.843829), (0.8227153, 0.84318155), (0.8227153, 0.84318155), (0.7067156, 0.46920812), (0.7066922, 0.4683425), (0.7051698, 0.46849006), (0.70553195, 0.46920785), (0.8228084, 0.8417472), (0.8228084, 0.8417472), (0.8228686, 0.8424785), (0.8228686, 0.8424785), (0.8227248, 0.8445856), (0.8227248, 0.8445856), (0.8227595, 0.8441337), (0.8227737, 0.84404856), (0.704819, 0.46863356), (0.7048247, 0.47112507), (0.7055317, 0.47052002), (0.7055317, 0.46920773), (0.70615524, 0.4708218), (0.7059277, 0.47148687), (0.7062925, 0.47116834), (0.7062552, 0.47087026), (0.7060627, 0.46920785), (0.70610416, 0.4696545), (0.70625174, 0.46976954), (0.7063119, 0.46920782), (0.70657927, 0.46948245), (0.70625174, 0.46976954), (0.70633054, 0.47016814), (0.7064699, 0.47010675), (0.70633054, 0.47016814), (0.70632434, 0.47090378), (0.7064767, 0.47097743), (0.7064699, 0.47010675), (0.70675087, 0.47060138), (0.8228686, 0.8424785), (0.8228686, 0.8424785), (0.8235276, 0.8442974), (0.8235276, 0.8442974), (0.7059277, 0.47148687), (0.70631695, 0.47183245), (0.7064457, 0.47183248), (0.7062925, 0.47116834), (0.8224492, 0.8454304), (0.8224492, 0.8454304), (0.8230963, 0.8447885), (0.8230963, 0.8447885), (0.82274294, 0.84575635), (0.82274294, 0.84575635), (0.8229655, 0.84522325), (0.8229655, 0.84522325), (0.8228843, 0.8451017), (0.8228843, 0.8451017), (0.8224404, 0.8449014), (0.8224404, 0.8449014), (0.8227248, 0.8445856), (0.8227248, 0.8445856), (0.8227596, 0.8441337), (0.8227596, 0.8441337), (0.7064699, 0.47010675), (0.706868, 0.4697739), (0.70688415, 0.46938092), (0.70657927, 0.46948245), (0.7063119, 0.46920782), (0.70657927, 0.46948245), (0.70688415, 0.46938092), (0.7069497, 0.4690174), (0.7069206, 0.4711778), (0.7064457, 0.47183248), (0.70720476, 0.47126788), (0.7072985, 0.4699401), (0.82274866, 0.8420331), (0.8232344, 0.84230816), (0.82300746, 0.842012), (0.82300746, 0.842012), (0.8226793, 0.8431321), (0.8226793, 0.8431321), (0.8226559, 0.84226644), (0.8226559, 0.84226644), (0.8227656, 0.8434258), (0.8227656, 0.8434258), (0.8228656, 0.8431739), (0.8228656, 0.8431739), (0.7058295, 0.46732342), (0.7057636, 0.4678954), (0.7062146, 0.4678955), (0.70629174, 0.46690607), (0.70585537, 0.46920788), (0.70587826, 0.4694781), (0.70610416, 0.4696545), (0.7060627, 0.46920785), (0.7059144, 0.46658313), (0.7058295, 0.46732342), (0.70629174, 0.46690607), (0.7063168, 0.46658322), (0.70719314, 0.4683597), (0.7065617, 0.4682161), (0.70641136, 0.46881324), (0.7069497, 0.4690174), (0.7062925, 0.47116834), (0.7064457, 0.47183248), (0.7069206, 0.4711778), (0.70632434, 0.47090378), (0.70620453, 0.47022355), (0.7062552, 0.47087026), (0.70632434, 0.47090378), (0.70633054, 0.47016814), (0.705532, 0.46658322), (0.704819, 0.46863356), (0.7058295, 0.46732342), (0.7059144, 0.46658313), (0.7062146, 0.4678955), (0.7059892, 0.46872592), (0.7065617, 0.4682161), (0.70664257, 0.46789554), (0.70517373, 0.46825373), (0.7055317, 0.46920773), (0.7059892, 0.46872592), (0.7057636, 0.4678954), (0.7062146, 0.4678955), (0.70664257, 0.46789554), (0.7065829, 0.46749467), (0.70629174, 0.46690607), (0.7064457, 0.46658322), (0.7065829, 0.46749467), (0.70719314, 0.4683597), (0.70687723, 0.46713322), (0.7050957, 0.46833193), (0.704878, 0.47117835), (0.705532, 0.47052014), (0.705532, 0.46920782), (0.8227737, 0.84404856), (0.8227595, 0.8441337), (0.8229042, 0.8444331), (0.8229042, 0.8444331), (0.7050957, 0.46833193), (0.7066396, 0.4678955), (0.7071321, 0.46818173), (0.70755625, 0.46863008), (0.70755625, 0.46863008), (0.70677924, 0.46658322), (0.7050957, 0.46833193), (0.705532, 0.46658322), (0.70680994, 0.47012457), (0.70656127, 0.47037417), (0.7065679, 0.47059593), (0.70676106, 0.4706617), (0.7061228, 0.4705202), (0.70634556, 0.47057283), (0.70638686, 0.47038057), (0.70629, 0.47028235), (0.82315683, 0.84228367), (0.82315683, 0.84228367), (0.8228409, 0.8410571), (0.8228409, 0.8410571), (0.8227986, 0.8445762), (0.8227986, 0.8445762), (0.82284653, 0.84423476), (0.82284653, 0.84423476), (0.7050957, 0.46833193), (0.705532, 0.46920782), (0.7064006, 0.469208), (0.7066396, 0.4678955), (0.7066364, 0.46903273), (0.7070386, 0.46880442), (0.7067852, 0.4681093), (0.8226559, 0.84226644), (0.8226559, 0.84226644), (0.82265556, 0.8420218), (0.82265556, 0.8420218), (0.7070386, 0.46880442), (0.7066364, 0.46903273), (0.706668, 0.46922845), (0.7067516, 0.46925765), (0.7061228, 0.4705202), (0.705532, 0.47052014), (0.704878, 0.47117835), (0.70677924, 0.47183242), (0.70634556, 0.47057283), (0.7065679, 0.47059593), (0.70676106, 0.4706617), (0.7070018, 0.47129935), (0.7065679, 0.47059593), (0.70656127, 0.47037417), (0.70638686, 0.47038057), (0.70634556, 0.47057283), (0.7063695, 0.46977174), (0.70641947, 0.47023815), (0.70656127, 0.47037417), (0.70680994, 0.47012457), (0.82271564, 0.84318155), (0.82271564, 0.84318155), (0.8230078, 0.84273404), (0.8230078, 0.84273404), (0.705532, 0.46920782), (0.7061159, 0.46955273), (0.70638233, 0.46963292), (0.7064006, 0.469208), (0.7064006, 0.469208), (0.7066207, 0.46944267), (0.706668, 0.46922845), (0.7066364, 0.46903273), (0.705532, 0.46658322), (0.7050858, 0.46834165), (0.7057088, 0.4678955), (0.70574737, 0.46658322), (0.7050858, 0.46834165), (0.7048588, 0.4711591), (0.705532, 0.47052008), (0.705532, 0.46920785), (0.705532, 0.47052008), (0.7048588, 0.4711591), (0.7058061, 0.4715311), (0.7058393, 0.47134295), (0.7057571, 0.47075167), (0.7058061, 0.4715311), (0.70574737, 0.4718324), (0.706155, 0.47183242), (0.70597965, 0.47134), (0.7061517, 0.47149265), (0.7058393, 0.47134295), (0.7058061, 0.4715311), (0.70597965, 0.47134), (0.70593977, 0.4709382), (0.7059654, 0.47096628), (0.70590043, 0.47052017), (0.7057442, 0.47052014), (0.7057571, 0.47075167), (0.7059095, 0.47090703), (0.70593077, 0.4705201), (0.70590043, 0.47052017), (0.7059095, 0.47090703), (0.70593977, 0.4709382), (0.7057442, 0.47052014), (0.70590043, 0.47052017), (0.7061734, 0.47010726), (0.70610917, 0.47001716), (0.70590043, 0.47052017), (0.70593077, 0.4705201), (0.7061984, 0.4701422), (0.7061734, 0.47010726), (0.70593077, 0.4705201), (0.70593977, 0.4709382), (0.7059654, 0.47096628), (0.706468, 0.47052014), (0.70597965, 0.47134), (0.7067308, 0.47070166), (0.706468, 0.47052014), (0.7059654, 0.47096628), (0.706468, 0.47052014), (0.7067308, 0.47070166), (0.7067718, 0.4706253), (0.7066925, 0.470369), (0.7061595, 0.46985945), (0.7061984, 0.4701422), (0.706468, 0.47052014), (0.7062422, 0.470016), (0.70644784, 0.47018346), (0.7061595, 0.46985945), (0.7062422, 0.470016), (0.7064719, 0.47004214), (0.7066159, 0.46966347), (0.7057442, 0.47052014), (0.70610917, 0.47001716), (0.7060354, 0.46991384), (0.705532, 0.47052008), (0.705532, 0.46920785), (0.7060354, 0.46991384), (0.706153, 0.46940738), (0.7058629, 0.46920785), (0.7050858, 0.46834165), (0.705532, 0.46920785), (0.7058629, 0.46920785), (0.7057088, 0.4678955), (0.70723474, 0.46828568), (0.7057088, 0.4678955), (0.7058629, 0.46920785), (0.70730686, 0.4688778), (0.70683324, 0.46904266), (0.70638955, 0.46920782), (0.70574737, 0.46658322), (0.7057088, 0.4678955), (0.70723474, 0.46828568), (0.706155, 0.46658322), (0.7066461, 0.4668672), (0.70745033, 0.4684819), (0.8228656, 0.8431739), (0.8228656, 0.8431739), (0.82320344, 0.84290594), (0.82320344, 0.84290594), (0.70674896, 0.46952567), (0.7068645, 0.4696656), (0.70701003, 0.4695301), (0.70671064, 0.46938995), (0.7068696, 0.46924183), (0.70701003, 0.4695301), (0.7068645, 0.4696656), (0.7068463, 0.46986413), (0.70693374, 0.46986806), (0.70698404, 0.4702136), (0.70693374, 0.46986806), (0.7068463, 0.46986413), (0.70686185, 0.47006562), (0.70676726, 0.47020027), (0.70686185, 0.47006562), (0.7068463, 0.46986413), (0.70679426, 0.469863), (0.70674896, 0.46952567), (0.70679426, 0.469863), (0.7068463, 0.46986413), (0.7068645, 0.4696656), (0.7066159, 0.46966347), (0.70674866, 0.47026283), (0.70676726, 0.47020027), (0.70679426, 0.469863), (0.70671064, 0.46938995), (0.70641387, 0.46961558), (0.7066159, 0.46966347), (0.70674896, 0.46952567), (0.70638955, 0.46920782), (0.70671064, 0.46938995), (0.7068696, 0.46924183), (0.70683324, 0.46904266), (0.70674866, 0.47026283), (0.7068931, 0.4705134), (0.70699006, 0.4704237), (0.70676726, 0.47020027), (0.70698404, 0.4702136), (0.70686185, 0.47006562), (0.7064719, 0.47004214), (0.7064537, 0.47012055), (0.7067314, 0.47033674), (0.70674866, 0.47026283), (0.70674866, 0.47026283), (0.7067314, 0.47033674), (0.70681876, 0.470551), (0.7068931, 0.4705134), (0.7067314, 0.47033674), (0.7066925, 0.470369), (0.7067718, 0.4706253), (0.70681876, 0.470551), (0.7061517, 0.47149265), (0.7071325, 0.4708646), (0.7067308, 0.47070166), (0.70597965, 0.47134), (0.8230078, 0.84273404), (0.8230078, 0.84273404), (0.82274866, 0.8420331), (0.82274866, 0.8420331), (0.82294774, 0.8441375), (0.82294774, 0.8441375), (0.82289743, 0.843792), (0.82289743, 0.843792), (0.8231685, 0.8451918), (0.8231685, 0.8451918), (0.8232622, 0.843864), (0.8232622, 0.843864), (0.82289743, 0.843792), (0.82289743, 0.843792), (0.8229737, 0.84345406), (0.8229737, 0.84345406), (0.8228333, 0.84316576), (0.8228333, 0.84316576), (0.82279694, 0.8429666), (0.82279694, 0.8429666), (0.82327056, 0.84280175), (0.82327056, 0.84280175), (0.70677924, 0.46658322), (0.70553094, 0.4665827), (0.7050836, 0.46834397), (0.70663965, 0.46789557), (0.7070437, 0.46808806), (0.70760894, 0.4687046), (0.7050836, 0.46834397), (0.7048571, 0.47115755), (0.705532, 0.47052008), (0.7055331, 0.46920866), (0.7065678, 0.47059587), (0.70612264, 0.47052), (0.705532, 0.47052008), (0.70676106, 0.4706617), (0.70701724, 0.47128385), (0.7048571, 0.47115755), (0.70677924, 0.47183242), (0.8232622, 0.843864), (0.8232622, 0.843864), (0.8228843, 0.8451017), (0.8228843, 0.8451017), (0.8230963, 0.8447885), (0.8230963, 0.8447885), (0.8229538, 0.84434766), (0.8229538, 0.84434766), (0.8229134, 0.84294134), (0.8229134, 0.84294134), (0.82315683, 0.84228367), (0.82315683, 0.84228367), (0.8229538, 0.84434766), (0.8229538, 0.84434766), (0.82294774, 0.8441375), (0.82294774, 0.8441375), (0.7055331, 0.46920866), (0.70640075, 0.469208), (0.7066363, 0.4690324), (0.70704406, 0.46881014), (0.7050836, 0.46834397), (0.70678496, 0.4681092), (0.70663965, 0.46789557), (0.70704406, 0.46881014), (0.7066363, 0.4690324), (0.7066682, 0.4692285), (0.70675194, 0.46925765), (0.70679593, 0.47020975), (0.70675194, 0.46925765), (0.7066682, 0.4692285), (0.70662016, 0.4694423), (0.70640075, 0.469208), (0.7065615, 0.47037363), (0.70679593, 0.47020975), (0.70662016, 0.4694423), (0.8227153, 0.84318155), (0.8227153, 0.84318155), (0.82300234, 0.8427283), (0.82300234, 0.8427283), (0.70679593, 0.47020975), (0.7065615, 0.47037363), (0.7065678, 0.47059587), (0.70676106, 0.4706617), (0.7065678, 0.47059587), (0.7065615, 0.47037363), (0.70628977, 0.4702822), (0.70612264, 0.47052), (0.70640075, 0.469208), (0.7055331, 0.46920866), (0.705532, 0.47052008), (0.70612264, 0.47052), (0.70628977, 0.4702822), (0.70640075, 0.469208), (0.70662016, 0.4694423), (0.7066682, 0.4692285), (0.7066363, 0.4690324), (0.7066313, 0.4665832), (0.70602226, 0.46658325), (0.7065288, 0.46789554), (0.7061226, 0.4678955), (0.8229737, 0.84345406), (0.8229737, 0.8434541), (0.8228333, 0.84316576), (0.8228333, 0.84316576), (0.70662653, 0.47181973), (0.70651543, 0.47133875), (0.7062292, 0.4710251), (0.70602155, 0.47183162), (0.82300746, 0.842012), (0.82300746, 0.842012), (0.82357264, 0.84262854), (0.82357264, 0.84262854), (0.8229655, 0.84522325), (0.8229655, 0.84522325), (0.8227248, 0.8445856), (0.8227248, 0.8445856), (0.7063414, 0.47058728), (0.7065281, 0.46920782), (0.70612395, 0.46917114), (0.70589626, 0.47000366), (0.70589626, 0.47000366), (0.7055252, 0.46920782), (0.70551956, 0.47052088), (0.705827, 0.47066194), (0.7065281, 0.46920782), (0.7063414, 0.47058728), (0.7068828, 0.47031087), (0.7068019, 0.46950185), (0.705827, 0.47066194), (0.7058995, 0.4710964), (0.7062292, 0.4710251), (0.7063414, 0.47058728), (0.822808, 0.844444), (0.822808, 0.844444), (0.8226793, 0.8431321), (0.8226793, 0.8431321), (0.7058995, 0.4710964), (0.705827, 0.47066194), (0.70551956, 0.47052088), (0.7049448, 0.47124523), (0.82357264, 0.84262854), (0.82357264, 0.84262854), (0.82274294, 0.84050715), (0.82274294, 0.84050715), (0.7063695, 0.46977174), (0.70629, 0.47028235), (0.70638686, 0.47038057), (0.70641947, 0.47023815), (0.70676047, 0.46990502), (0.7067516, 0.46925765), (0.706668, 0.46922845), (0.7066207, 0.46944267), (0.7061159, 0.46955273), (0.705532, 0.46920782), (0.705532, 0.47052014), (0.7063695, 0.46977174), (0.70629, 0.47028235), (0.7061228, 0.4705202), (0.70681, 0.4701246), (0.706787, 0.47000632), (0.70638937, 0.46971542), (0.7063695, 0.46977174), (0.706787, 0.47000632), (0.70676047, 0.46990502), (0.70638233, 0.46963292), (0.70638937, 0.46971542), (0.7064006, 0.469208), (0.70638233, 0.46963292), (0.70676047, 0.46990502), (0.7066207, 0.46944267), (0.82327056, 0.84280175), (0.82327056, 0.84280175), (0.82319844, 0.84220964), (0.82319844, 0.84220964), (0.8235276, 0.8442974), (0.8235276, 0.8442974), (0.8227986, 0.8445762), (0.8227986, 0.8445762), (0.82270217, 0.84050715), (0.82266796, 0.8414101), (0.82310426, 0.84207827), (0.82358646, 0.8426936), (0.8231008, 0.8446191), (0.8231001, 0.8450499), (0.82358646, 0.8426936), (0.8234372, 0.8428163), (0.8230541, 0.8428884), (0.82274735, 0.8420498), (0.8226559, 0.84226644), (0.8226793, 0.8431321), (0.823115, 0.8442053), (0.82271457, 0.8445253), (0.8224404, 0.8449014), (0.82300436, 0.8448368), (0.82315683, 0.84228367), (0.8229134, 0.84294134), (0.82284784, 0.8433048), (0.82325673, 0.8434259), (0.823115, 0.8442053), (0.82325673, 0.8434259), (0.82284784, 0.8433048), (0.82283175, 0.84369785), (0.8224336, 0.8440307), (0.82271457, 0.8445253), (0.823115, 0.8442053), (0.82283175, 0.84369785), (0.823115, 0.8442053), (0.82300436, 0.8448368), (0.8232622, 0.843864), (0.8233099, 0.8431118), (0.82315683, 0.84228367), (0.8233099, 0.8431118), (0.8232622, 0.843864), (0.8228409, 0.8410571), (0.8229042, 0.8444331), (0.8227595, 0.8441337), (0.8227248, 0.8445856), (0.8229655, 0.84522325), (0.82300234, 0.8427283), (0.8229655, 0.84522325), (0.82351995, 0.84255403), (0.8229042, 0.8444331), (0.82351995, 0.84255403), (0.8230958, 0.8421057), (0.8227489, 0.8420332), (0.8235401, 0.8428097), (0.82300234, 0.8427283), (0.8227153, 0.84318155), (0.8227242, 0.843829), (0.8229042, 0.8444331), (0.82294774, 0.8441375), (0.8229538, 0.84434766), (0.8230963, 0.8447885), (0.8239167, 0.84414035), (0.82289743, 0.843792), (0.8229737, 0.8434541), (0.8234141, 0.84240586), (0.82327056, 0.84280175), (0.82279694, 0.8429666), (0.8228333, 0.84316576), (0.8229737, 0.8434541), (0.82357264, 0.84262854), (0.82300746, 0.842012), (0.8232344, 0.84230816), (0.8235488, 0.8428186), (0.8230078, 0.84273404), (0.82271564, 0.84318155), (0.8227596, 0.8441337), (0.8228611, 0.8438476), (0.8228611, 0.8438476), (0.8227596, 0.8441337), (0.8227248, 0.8445856), (0.822981, 0.84520775), (0.82284653, 0.84423476), (0.8235276, 0.8442974), (0.82320344, 0.84290594), (0.8227656, 0.8434258), (0.8234372, 0.8428163), (0.8230541, 0.8428884), (0.8231503, 0.84364027), (0.8231008, 0.8446191), (0.8226098, 0.84079117), (0.8226098, 0.84079117), (0.82211876, 0.84050715), (0.82211876, 0.84050715), (0.8224336, 0.8440307), (0.8224336, 0.8440307), (0.82283175, 0.84369785), (0.82283175, 0.84369785), (0.8224404, 0.8449014), (0.8224404, 0.8449014), (0.82271457, 0.8445253), (0.82271457, 0.8445253), (0.8227596, 0.8441337), (0.8227596, 0.8441337), (0.82271564, 0.84318155), (0.82271564, 0.84318155), (0.8231008, 0.8446191), (0.8231008, 0.8446191), (0.822808, 0.844444), (0.822808, 0.844444), (0.82271457, 0.8445253), (0.82271457, 0.8445253), (0.8224336, 0.8440307), (0.8224336, 0.8440307), (0.82265556, 0.8420218), (0.82265556, 0.8420218), (0.82266796, 0.8414101), (0.82266796, 0.8414101), (0.82211876, 0.84575635), (0.82211876, 0.84575635), (0.8224492, 0.8454304), (0.8224492, 0.8454304), (0.82284784, 0.8433048), (0.82284784, 0.8433048), (0.8229134, 0.84294134), (0.8229134, 0.84294134), (0.82300234, 0.8427283), (0.82300234, 0.8427283), (0.8227489, 0.8420332), (0.8227489, 0.8420332), (0.82274884, 0.84203315), (0.8227489, 0.8420332), (0.8230958, 0.8421057), (0.8230958, 0.8421057), (0.8234141, 0.84240586), (0.8226098, 0.84079117), (0.8226098, 0.84079117), (0.8234141, 0.84240586), (0.82319844, 0.84220964), (0.82319844, 0.84220964), (0.82274294, 0.84575635), (0.82274294, 0.84575635), (0.822981, 0.84520775), (0.822981, 0.84520775)] (
        customData = {
            string sourceMember = "ArbitraryPrimvars"
        }
        elementSize = 1
        interpolation = "varying"
    )
    float4[] primvars:tangents = [(-0.7601606, 0.4916935, -0.42472744, -1), (-0.7601606, 0.49169344, -0.42472744, -1), (-0.7601606, 0.49169344, -0.4247274, -1), (0.7293352, -0.55840987, 0.39528272, 1), (0.72905105, -0.5584674, 0.3957255, 1), (0.73002976, -0.5582506, 0.39422423, 1), (0.8354462, 0.027326033, 0.5488925, -1), (0.83578336, 0.027399438, 0.54837525, -1), (0.83388084, 0.02696928, 0.5512851, -1), (0.7599152, 0.43751296, 0.48074037, -1), (0.7599152, 0.437513, 0.48074037, -1), (0.7599152, 0.43751296, 0.48074037, -1), (0.34012148, 0.9291921, -0.14463519, -1), (0.3401215, 0.9291921, -0.1446352, -1), (0.34012148, 0.9291921, -0.1446352, -1), (-0.222316, 0.89166456, 0.39434752, -1), (-0.22231601, 0.89166456, 0.39434752, -1), (-0.22231598, 0.89166445, 0.39434752, -1), (-0.54516125, 0.8383112, 0.0057951864, -1), (-0.54516125, 0.83831114, 0.0057951864, -1), (-0.54516125, 0.8383112, 0.0057951864, -1), (0.14544488, 0.8889397, 0.4343179, -1), (0.14544491, 0.88893974, 0.43431786, -1), (0.14544491, 0.88893974, 0.43431786, -1), (-0.2617725, 0.96394545, 0.047793545, -1), (-0.26177248, 0.96394557, 0.04779355, -1), (-0.26177248, 0.96394557, 0.04779355, -1), (-0.3177309, 0.94778466, 0.027408663, -1), (-0.29652476, 0.95468, 0.025677325, -1), (-0.37079743, 0.92817694, 0.031573392, -1), (0.17891753, 0.97817004, 0.105698116, -1), (0.17891756, 0.97817004, 0.10569813, -1), (0.17891753, 0.97817004, 0.10569812, -1), (-0.2594835, 0.96460384, 0.046985444, -1), (-0.2594835, 0.96460384, 0.046985444, -1), (-0.25948352, 0.96460384, 0.04698545, -1), (-0.40639883, 0.91348875, 0.019452477, -1), (-0.40639883, 0.9134886, 0.019452477, -1), (-0.40639886, 0.91348875, 0.019452479, -1), (0.792117, -0.5896899, -0.15753196, 1), (0.792117, -0.5896899, -0.15753195, 1), (0.792117, -0.5896899, -0.15753195, 1), (-0.69982475, 0.7082549, -0.09284681, -1), (-0.6998247, 0.7082549, -0.09284681, -1), (-0.6998247, 0.7082549, -0.09284681, -1), (0.02738143, 0.97905695, -0.20173697, -1), (0.02738143, 0.97905695, -0.201737, -1), (0.027381428, 0.97905695, -0.20173697, -1), (-0.6365637, 0.24691743, -0.7306288, -1), (-0.63656366, 0.24691743, -0.7306287, -1), (-0.6365637, 0.24691743, -0.7306288, -1), (-0.29665643, 0.926287, 0.2323516, -1), (-0.29665643, 0.926287, 0.2323516, -1), (-0.29665643, 0.926287, 0.23235163, -1), (-0.2995985, 0.93407345, 0.1942875, -1), (-0.29959852, 0.93407345, 0.19428746, -1), (-0.2995985, 0.93407345, 0.1942875, -1), (-0.35614824, 0.93123686, 0.07717743, -1), (-0.3561483, 0.9312368, 0.07717743, -1), (-0.35614824, 0.9312368, 0.07717742, -1), (-0.16064876, 0.9645006, 0.20959584, -1), (-0.16064876, 0.9645006, 0.20959584, -1), (-0.16064876, 0.9645007, 0.20959586, -1), (-0.15222755, 0.97611815, 0.1549843, -1), (-0.1470094, 0.97357, 0.17478503, -1), (-0.1700823, 0.9817706, 0.08484506, -1), (-0.13326134, 0.9769693, 0.16665056, -1), (-0.13326132, 0.9769693, 0.16665055, -1), (-0.9352277, 0.3008794, 0.18660338, -1), (-0.9352277, 0.30087936, 0.18660338, -1), (-0.9352277, 0.3008794, 0.1866034, -1), (0.010860213, 0.95934063, 0.282042, -1), (0.010860212, 0.9593405, 0.282042, -1), (0.010860213, 0.95934063, 0.282042, -1), (0.036823556, 0.9534912, 0.29916298, -1), (0.071559206, 0.9587613, 0.2750566, -1), (-0.00789118, 0.93864673, 0.34478986, -1), (-0.089037195, 0.9484299, 0.30422556, -1), (-0.089037195, 0.9484299, 0.30422556, -1), (-0.08903719, 0.9484299, 0.3042255, -1), (-0.94295406, 0.32294914, 0.08087936, -1), (-0.94295406, 0.3229491, 0.08087936, -1), (-0.94295406, 0.32294917, 0.080879375, -1), (-0.062939905, 0.96428454, 0.2572817, -1), (-0.06293991, 0.96428454, 0.2572817, -1), (-0.06293991, 0.96428454, 0.25728172, -1), (-0.2994836, 0.9341864, 0.19392104, -1), (-0.2994836, 0.9341864, 0.19392104, -1), (-0.2994836, 0.9341864, 0.19392104, -1), (-0.5986422, 0.7978665, 0.07096817, -1), (-0.5986423, 0.7978665, 0.07096818, -1), (-0.5986423, 0.7978665, 0.07096817, -1), (-0.005169828, 0.94353336, 0.33123732, -1), (0, 0.94184315, 0.33605295, -1), (-0.005169828, 0.94353336, 0.3312373, -1), (-0.33111683, 0.902112, 0.27668682, -1), (-0.33111686, 0.902112, 0.27668682, -1), (-0.33111686, 0.902112, 0.27668682, -1), (0.38064513, 0.7784473, -0.49912837, -1), (0.3806451, 0.7784473, -0.49912843, -1), (0.38064507, 0.7784473, -0.49912837, -1), (-0.14534639, 0.8099807, 0.5681598, -1), (-0.14534639, 0.8099807, 0.5681598, -1), (-0.14534642, 0.8099807, 0.5681599, -1), (-0.7368833, 0.08099415, 0.67115045, -1), (-0.7368832, 0.080994144, 0.6711505, -1), (-0.7368833, 0.080994144, 0.6711505, -1), (-0.2241598, 0.87819606, 0.42252108, -1), (-0.2241598, 0.87819606, 0.42252108, -1), (-0.22415979, 0.878196, 0.4225211, -1), (-0.84489846, -0.1377104, -0.5168969, -1), (-0.84489846, -0.13771038, -0.5168969, -1), (-0.84489846, -0.1377104, -0.5168969, -1), (-0.5639814, -0.16883348, -0.8083441, -1), (-0.5639815, -0.16883346, -0.8083441, -1), (-0.5639815, -0.16883346, -0.8083441, -1), (0.33207592, 0.7807206, 0.52933997, -1), (0.33207592, 0.7807206, 0.52933997, -1), (0.33207592, 0.7807206, 0.5293401, -1), (-0.61661035, 0.5212511, -0.58999074, -1), (-0.6166103, 0.521251, -0.5899907, -1), (-0.6166103, 0.521251, -0.5899907, -1), (-0.44580996, 0.5724548, 0.6881491, -1), (-0.44580996, 0.5724548, 0.6881491, -1), (-0.44580996, 0.57245475, 0.688149, -1), (-0.20776068, 0.5774896, -0.7895196, -1), (-0.2077607, 0.5774897, -0.7895196, -1), (-0.2077607, 0.5774896, -0.7895196, -1), (-0.12553954, 0.95681524, 0.26219165, -1), (-0.12553954, 0.95681524, 0.26219165, -1), (-0.12553956, 0.95681524, 0.26219165, -1), (-0.015575943, 0.96077114, 0.27690473, -1), (-0.015575943, 0.96077114, 0.2769047, -1), (-0.015575944, 0.96077114, 0.27690476, -1), (0.12185717, 0.9903724, -0.065675005, -1), (0.121857174, 0.9903724, -0.06567501, -1), (0.121857174, 0.9903724, -0.06567501, -1), (0.093595825, 0.980375, -0.17350718, -1), (0.093595825, 0.980375, -0.17350717, -1), (0.093595825, 0.980375, -0.17350717, -1), (-0.67415464, 0.7035044, -0.2249381, -1), (-0.67415464, 0.7035044, -0.22493811, -1), (-0.67415464, 0.7035044, -0.22493811, -1), (0.59816813, 0.5240154, -0.60630256, -1), (0.59816813, 0.5240154, -0.60630256, -1), (0.59816813, 0.52401537, -0.60630256, -1), (0.25007233, 0.8949031, -0.3696108, -1), (0.25007236, 0.8949031, -0.36961085, -1), (0.25007233, 0.8949031, -0.3696108, -1), (0.049571484, 0.99876934, -0.0015191854, -1), (0.049571484, 0.99876934, -0.0015191854, -1), (0.04957149, 0.99876934, -0.0015191855, -1), (0.1450084, 0.98506194, -0.09287395, -1), (0.14500839, 0.98506194, -0.092873946, -1), (0.14500839, 0.98506194, -0.09287396, -1), (0.048470344, 0.9725582, -0.2275549, -1), (0.048470348, 0.9725582, -0.2275549, -1), (0.048470344, 0.9725582, -0.2275549, -1), (0.11450994, 0.9639497, -0.2401845, -1), (0.11450994, 0.9639497, -0.2401845, -1), (0.114509955, 0.9639497, -0.24018453, -1), (0.17522548, 0.8143616, 0.55327326, -1), (0.17522547, 0.8143616, 0.55327326, -1), (0.17522547, 0.81436163, 0.5532732, -1), (0.2334058, 0.95306027, -0.19286741, -1), (0.23340583, 0.95306027, -0.19286741, -1), (0.23340583, 0.95306027, -0.19286743, -1), (0.10622054, 0.98485696, 0.13701798, -1), (0.10622053, 0.98485696, 0.13701798, -1), (0.10622055, 0.98485696, 0.13701798, -1), (0.85861117, 0.118238084, 0.49880522, -1), (0.85861117, 0.11823809, 0.49880522, -1), (0.85861117, 0.118238084, 0.49880522, -1), (-0.13636161, 0.83704007, 0.5298769, -1), (-0.13636161, 0.83704, 0.52987695, -1), (-0.1363616, 0.83704, 0.52987695, -1), (0.7092981, 0.077632554, 0.7006208, -1), (0.7092981, 0.077632554, 0.7006208, -1), (0.709298, 0.07763255, 0.7006208, -1), (0.57296795, 0.31834444, 0.75522476, -1), (0.572968, 0.31834447, 0.7552249, -1), (0.57296795, 0.31834447, 0.7552249, -1), (-0.06493228, 0.53230923, 0.8440561, -1), (-0.06493227, 0.5323091, 0.8440561, -1), (-0.06493229, 0.53230923, 0.8440561, -1), (-0.09220916, 0.5613058, 0.8224556, -1), (-0.09220915, 0.5613058, 0.8224556, -1), (-0.09220916, 0.5613058, 0.8224556, -1), (-0.53195447, 0.8441537, 0.06655009, -1), (-0.53195447, 0.8441537, 0.0665501, -1), (-0.53195447, 0.8441537, 0.066550106, -1), (-0.10982975, 0.9927793, 0.048236124, -1), (-0.10982975, 0.9927793, 0.04823612, -1), (-0.109829746, 0.9927793, 0.048236124, -1), (-0.028571323, 0.99370533, -0.10832087, -1), (-0.028571323, 0.99370533, -0.10832087, -1), (-0.028571326, 0.99370533, -0.108320884, -1), (-0.8312217, 0.18990618, 0.5225, -1), (-0.8312217, 0.18990615, 0.5225, -1), (-0.8312217, 0.18990617, 0.5225, -1), (-0.16856566, 0.9461054, 0.2765322, -1), (-0.16856565, 0.9461054, 0.2765322, -1), (-0.16856565, 0.9461054, 0.2765322, -1), (0.28667146, 0.8361123, 0.46769184, -1), (0.28667146, 0.8361123, 0.4676918, -1), (0.28667146, 0.8361123, 0.46769184, -1), (0.31056592, 0.80536145, 0.5049175, -1), (0.31056592, 0.80536145, 0.5049175, -1), (0.31056592, 0.80536145, 0.5049175, -1), (0.45251065, 0.8471351, -0.27856097, 1), (0.4525107, 0.8471351, -0.27856097, 1), (0.45251077, 0.8471351, -0.27856097, 1), (0.17107889, 0.96603805, 0.19365554, -1), (0.17107888, 0.96603805, 0.19365554, -1), (0.17107888, 0.96603805, 0.19365552, -1), (-0.43142483, 0.8585583, 0.27703848, -1), (-0.43142483, 0.8585583, 0.27703848, -1), (-0.43142483, 0.8585583, 0.27703848, -1), (0.27538016, 0.95201916, 0.13351151, -1), (0.27538016, 0.95201916, 0.13351151, -1), (0.2753802, 0.95201916, 0.13351153, -1), (-0.06340091, 0.97351956, 0.21963608, -1), (-0.0634009, 0.97351956, 0.21963605, -1), (-0.06340092, 0.97351956, 0.21963607, -1), (-0.10775572, 0.99028325, -0.08790839, -1), (-0.10775572, 0.99028325, -0.08790839, -1), (-0.10775571, 0.99028325, -0.08790837, -1), (-0.1668983, 0.95768934, 0.2344698, -1), (-0.1668983, 0.95768934, 0.2344698, -1), (-0.1668983, 0.95768934, 0.2344698, -1), (0.52275956, 0.78231084, 0.33869183, -1), (0.5227596, 0.78231084, 0.33869183, -1), (0.5227596, 0.78231084, 0.33869183, -1), (0.8521147, 0, 0.52335507, 1), (0.85211474, 0, 0.52335507, 1), (0.8521147, 0, 0.52335507, 1), (0.21409284, 0.97550607, -0.050519288, -1), (0.21409287, 0.97550607, -0.050519288, -1), (0.21409287, 0.97550607, -0.050519288, -1), (0.5220033, 0.7604996, 0.3862031, -1), (0.5220033, 0.7604996, 0.38620317, -1), (0.5220033, 0.7604996, 0.3862031, -1), (0.9066456, 0.32146275, -0.27323166, -1), (0.90664554, 0.32146278, -0.27323166, -1), (0.90664554, 0.3214628, -0.27323166, -1), (0.15709606, 0.9824332, 0.100727096, -1), (0.15709606, 0.9824332, 0.10072711, -1), (0.15709606, 0.9824332, 0.10072711, -1), (-0.22558622, 0, -0.97422314, -1), (-0.22558624, 0, -0.97422314, -1), (-0.22558622, 0, -0.97422314, -1), (0.16101263, 0.98691666, -0.008392473, -1), (0.16101263, 0.98691666, -0.008392473, -1), (0.16101262, 0.98691666, -0.008392472, -1), (-0.64725965, 0.055619225, -0.76023775, 1), (-0.6472596, 0.055619225, -0.76023775, 1), (-0.6472596, 0.055619225, -0.76023775, 1), (0.2925229, 0.89963895, -0.32416067, -1), (0.2925229, 0.89963895, -0.32416064, -1), (0.2925229, 0.89963895, -0.32416067, -1), (-0.14930123, 0.56833947, -0.809135, -1), (-0.14930123, 0.56833947, -0.809135, -1), (-0.14930123, 0.56833947, -0.809135, -1), (0.2753839, 0.95202833, 0.13343838, -1), (0.27538386, 0.95202833, 0.13343838, -1), (0.27538386, 0.95202833, 0.13343838, -1), (-0.04910097, 0.994391, -0.09367749, -1), (-0.049100976, 0.994391, -0.09367749, -1), (-0.049100976, 0.994391, -0.093677506, -1), (-0.044797864, 0.82590085, 0.56203294, -1), (-0.044797868, 0.8259008, 0.56203294, -1), (-0.044797864, 0.82590085, 0.56203294, -1), (-0.14582859, 0.980768, -0.12972328, -1), (-0.1458286, 0.980768, -0.12972327, -1), (-0.14582859, 0.980768, -0.12972328, -1), (-0.42569384, 0.90232795, 0.06774319, -1), (-0.42569384, 0.90232795, 0.06774318, -1), (-0.42569387, 0.90232795, 0.06774319, -1), (0.2609556, 0.9392886, 0.22279827, -1), (0.26095557, 0.9392886, 0.22279827, -1), (0.26095557, 0.9392886, 0.22279824, -1), (0.7261762, 0.054435484, 0.6853501, -1), (0.7261762, 0.054435484, 0.6853502, -1), (0.72617626, 0.054435484, 0.6853502, -1), (-0.4370348, 0.8419211, -0.31649572, -1), (-0.4370348, 0.84192103, -0.3164957, -1), (-0.4370348, 0.8419211, -0.31649572, -1), (0.95505947, 0.2819691, -0.09140515, -1), (0.95505947, 0.2819691, -0.09140515, -1), (0.95505947, 0.28196913, -0.09140516, -1), (0.61120385, 0.6831813, -0.39961636, -1), (0.61120385, 0.6831812, -0.39961636, -1), (0.61120385, 0.6831812, -0.39961636, -1), (0.81327343, -0.3186914, 0.4868491, -1), (0.81327343, -0.31869146, 0.48684916, -1), (0.81327343, -0.31869146, 0.4868491, -1), (0.60639894, 0.13655894, -0.7833467, -1), (0.60639894, 0.13655894, -0.78334665, -1), (0.60639894, 0.13655894, -0.7833467, -1), (0.98956233, 0.0048118816, -0.14402524, 1), (0.98956233, 0.004811882, -0.14402527, 1), (0.98956233, 0.004811882, -0.14402527, 1), (-0.441188, 0.287848, -0.84999806, 1), (-0.441188, 0.287848, -0.84999806, 1), (-0.441188, 0.287848, -0.84999806, 1), (0.7130193, 0.39510885, 0.5792171, -1), (0.7130193, 0.39510885, 0.5792171, -1), (0.7130193, 0.3951088, 0.5792171, -1), (0.8071076, 0.4951284, 0.32159784, -1), (0.80710757, 0.4951284, 0.32159787, -1), (0.80710757, 0.49512845, 0.32159787, -1), (0.70737255, 0.014991199, 0.7066819, -1), (0.70737255, 0.014991199, 0.70668197, -1), (0.70737255, 0.014991197, 0.7066819, -1), (-0.45333934, 0.65371084, -0.6059254, -1), (-0.45333937, 0.65371084, -0.60592544, -1), (-0.45333934, 0.6537108, -0.6059254, -1), (0.74443376, -0.16502583, 0.64698136, -1), (0.74443376, -0.16502582, 0.6469813, -1), (0.7444337, -0.16502582, 0.64698136, -1), (0.95125294, -0.00219445, 0.30840418, -1), (0.95125294, -0.00219445, 0.3084042, -1), (0.95125294, -0.0021944502, 0.3084042, -1), (0.2265571, 0.075890124, 0.9710369, 1), (0.2265571, 0.075890124, 0.9710369, 1), (0.2265571, 0.075890124, 0.9710369, 1), (-0.8751553, 0.10993453, -0.47118744, 1), (-0.8751555, 0.10993167, -0.47118774, 1), (-0.8751553, 0.10993419, -0.47118738, 1), (-0.80301684, 0.096809134, -0.58804077, -1), (-0.80301684, 0.09680913, -0.58804077, -1), (-0.80301684, 0.09680913, -0.58804077, -1), (-0.67200226, 0.09677579, 0.7341985, 1), (-0.6720014, 0.09678025, 0.7341986, 1), (-0.67200303, 0.09677124, 0.73419833, 1), (0.85488284, -0.13669291, -0.50049, -1), (0.8548828, -0.13669403, -0.50049007, -1), (0.85488224, -0.13669674, -0.5004902, -1), (-0.83841676, 0.49251145, -0.23343034, 1), (-0.83841676, 0.49251145, -0.23343037, 1), (-0.83841676, 0.49251145, -0.23343034, 1), (-0.7764974, 0.46537173, -0.4248305, 1), (-0.7764974, 0.46537164, -0.42483044, 1), (-0.7764974, 0.46537173, -0.4248305, 1), (-0.56964934, 0.73299354, 0.3717797, -1), (-0.56964934, 0.73299354, 0.3717797, -1), (-0.56964934, 0.73299354, 0.37177965, -1), (-0.6963936, 0.6779501, -0.23541352, 1), (-0.6963936, 0.6779501, -0.23541352, 1), (-0.6963936, 0.6779501, -0.23541352, 1), (0.81900173, 0.2898524, 0.4951988, 1), (0.81900173, 0.2898524, 0.49519882, 1), (0.81900173, 0.2898524, 0.4951988, 1), (-0.9988758, 0, 0.047403943, -1), (-0.9988758, 0, 0.04740393, -1), (-0.9988758, 0, 0.04740393, -1), (0.06361875, 0, -0.9979742, 1), (0.06361874, 0, -0.9979742, 1), (0.06361874, 0, -0.9979742, 1), (-0.99594337, 0, -0.08998289, -1), (-0.99594337, 0, -0.08998289, -1), (-0.99594337, 0, -0.08998289, -1), (-0.98197997, -0.050333645, 0.18215886, -1), (-0.98197997, -0.050333634, 0.18215884, -1), (-0.98197997, -0.050333634, 0.18215886, -1), (0.7931071, 0.2086801, 0.57221836, -1), (0.79310703, 0.2086801, 0.5722184, -1), (0.79310703, 0.2086801, 0.5722184, -1), (0.71575266, 0.30176356, 0.62979114, -1), (0.7157527, 0.3017636, 0.62979114, -1), (0.71575266, 0.30176356, 0.62979114, -1), (-0.948446, -0.12428534, -0.29155344, 1), (-0.9486825, -0.118911974, -0.29302135, 1), (-0.9485968, -0.120926864, -0.29247373, 1), (-0.99929285, 0.033249944, -0.017556015, 1), (-0.99929285, 0.033249944, -0.017556015, 1), (-0.99929285, 0.03324995, -0.017556017, 1), (0.85558623, 0.3477823, 0.38343146, -1), (0.85558623, 0.34778228, 0.38343138, -1), (0.85558623, 0.34778228, 0.38343146, -1), (0.82645243, 0.44596824, 0.34364054, -1), (0.8264524, 0.44596824, 0.34364054, -1), (0.82645243, 0.44596824, 0.34364054, -1), (0.69793963, 0.68268234, 0.21639122, -1), (0.69793963, 0.6826824, 0.21639122, -1), (0.69793963, 0.6826824, 0.21639122, -1), (-0.23875567, 0.8629868, 0.4452523, -1), (-0.23875856, 0.8629879, 0.44524848, -1), (-0.2387538, 0.86298585, 0.445255, -1), (0.19452634, 0.9612819, 0.19518358, 1), (0.19452748, 0.9612813, 0.1951852, 1), (0.1945239, 0.9612832, 0.1951794, 1), (-0.31260115, 0.6677511, -0.6755657, 1), (-0.31261054, 0.66775054, -0.675562, 1), (-0.31264248, 0.667747, -0.6755506, 1), (0.2937662, 0.345125, 0.89139783, -1), (0.29378545, 0.3451281, 0.89139026, -1), (0.29378375, 0.34512788, 0.891391, -1), (-0.14642982, -0.06502966, -0.9870812, -1), (-0.14642979, -0.06502946, -0.98708135, -1), (-0.14642978, -0.065029606, -0.9870812, -1), (-0.57869834, 0.1670827, 0.79824287, 1), (-0.57869834, 0.16708261, 0.79824287, 1), (-0.5786982, 0.16708297, 0.79824287, 1), (0.98935646, 0.052253634, -0.13580614, -1), (0.98935753, 0.052247833, -0.13580099, -1), (0.9893561, 0.052253023, -0.13580869, -1), (0.78104824, 0.5158741, 0.35190558, 1), (0.7810529, 0.5158611, 0.3519143, 1), (0.78105116, 0.5158559, 0.35192588, 1), (-0.26373786, 0.07870111, 0.9613785, -1), (-0.26376265, 0.0786722, 0.961374, -1), (-0.26379165, 0.07863838, 0.9613688, -1), (-0.43856168, 0.24046665, 0.8659327, 1), (-0.4385087, 0.24053027, 0.8659418, 1), (-0.43853593, 0.24049756, 0.8659371, 1), (0.4184485, 0.87616557, 0.23923786, -1), (0.39131513, 0.9147264, 0.10073743, -1), (0.43170738, 0.8250386, 0.36460942, -1), (0.43872136, 0.68909407, 0.57677805, -1), (0.43817154, 0.6795162, 0.5884415, -1), (-0.8546725, 0.1763435, -0.488301, -1), (-0.6805014, 0.19032659, -0.7075971, -1), (-0.92668617, 0.16142525, -0.33940315, -1), (-0.96044177, 0.14905132, -0.23523457, -1), (-0.99183965, 0.1217776, -0.037737813, -1), (-0.86182606, 0.021277595, 0.5067574, -1), (-0.24602658, 0.96906996, 0.019345766, -1), (-0.42239115, 0.90197295, -0.08961284, -1), (-0.10885977, 0.9891282, 0.09886883, -1), (0.1394622, 0.9624909, 0.23272598, -1), (-0.017350473, 0.91617656, 0.400399, -1), (-0.06512806, 0.88412136, 0.4626961, -1), (0.0572616, 0.9529347, 0.29771885, -1), (0.09872338, 0.9662911, 0.23777129, -1), (1, 0, 0, -1), (1, 0, 0, -1), (1, 0, 0, -1), (1, 0, 0, -1), (1, 0, 0, -1), (1, 0, 0, -1), (1, 0, 0, -1), (1, 0, 0, -1), (1, 0, 0, -1), (1, 0, 0, -1), (1, 0, 0, -1), (1, 0, 0, -1), (1, 0, 0, -1), (1, 0, 0, -1), (1, 0, 0, -1), (1, 0, 0, -1), (1, 0, 0, -1), (1, 0, 0, -1), (1, 0, 0, -1), (1, 0, 0, -1), (1, 0, 0, -1), (1, 0, 0, -1), (1, 0, 0, -1), (1, 0, 0, -1), (1, 0, 0, -1), (1, 0, 0, -1), (1, 0, 0, -1), (1, 0, 0, -1), (-0.7723782, 0.55740875, 0.30451185, -1), (1, 0, 0, -1), (-0.7714972, 0.55820256, 0.30528992, -1), (-0.7724271, 0.55736244, 0.30447254, -1), (1, 0, 0, -1), (1, 0, 0, -1), (1, 0, 0, -1), (1, 0, 0, -1), (1, 0, 0, -1), (1, 0, 0, -1), (0.15287249, 0.9654137, 0.21120253, -1), (0.15279233, 0.96540904, 0.21128143, -1), (0.15284535, 0.96540624, 0.21125577, -1), (0.15290976, 0.9654156, 0.21116659, -1), (1, 0, 0, -1), (1, 0, 0, -1), (1, 0, 0, -1), (1, 0, 0, -1), (1, 0, 0, -1), (1, 0, 0, -1), (1, 0, 0, -1), (1, 0, 0, -1), (1, 0, 0, -1), (1, 0, 0, -1), (1, 0, 0, -1), (1, 0, 0, -1), (0.29069087, 0.956288, -0.031815235, -1), (0.2485517, 0.95811856, -0.14223488, -1), (0.31026745, 0.9503539, 0.023697488, -1), (0.34897637, 0.9260518, 0.14367847, -1), (1, 0, 0, -1), (1, 0, 0, -1), (1, 0, 0, -1), (1, 0, 0, -1), (0.099985674, -0.78838766, 0.60699886, 1), (1, 0, 0, -1), (0.09998127, -0.78839946, 0.6069843, 1), (0.09998659, -0.7883849, 0.60700226, 1), (-0.9079809, 0.010554666, 0.41887856, -1), (-0.99325925, 0.011365432, 0.115355544, -1), (-0.8541887, 0.009820731, 0.5198703, -1), (-0.6859517, 0.008025737, 0.72760284, -1), (-0.010822706, 0.93030506, 0.36662704, -1), (0.451958, 0.8832534, 0.12488975, -1), (0.37549138, 0.91063464, 0.17248413, -1), (-0.26302645, 0.8496384, 0.45709047, -1), (-0.06579678, 0.987081, 0.14608882, -1), (0.16065966, 0.8392496, 0.51946944, -1), (0.038491108, 0.9449145, 0.32504606, -1), (-0.17150545, 0.98403317, -0.047587372, -1), (-0.27957174, 0.9599289, 0.019397179, -1), (-0.28456235, 0.95865566, 0.0019087248, -1), (-0.27608165, 0.960617, 0.031524885, -1), (-0.26816154, 0.96160793, 0.058305528, -1), (-0.25954238, 0.9394445, 0.22378963, -1), (-0.18169536, 0.97699714, 0.11163945, -1), (-0.2342261, 0.9540365, 0.18695574, -1), (-0.31368437, 0.8996498, 0.30369803, -1), (-0.37380365, 0.83932453, 0.39472154, -1), (1, 0, 0, -1), (1, 0, 0, -1), (1, 0, 0, -1), (1, 0, 0, -1), (0.21915726, 0.9198178, 0.3254308, -1), (-0.29587045, 0.85134596, 0.43320975, -1), (-0.03480848, 0.9191359, 0.39239967, -1), (0.30992094, 0.90391415, 0.29476807, -1), (1, 0, 0, -1), (1, 0, 0, -1), (1, 0, 0, -1), (1, 0, 0, -1), (1, 0, 0, -1), (1, 0, 0, -1), (1, 0, 0, -1), (1, 0, 0, -1), (1, 0, 0, -1), (1, 0, 0, -1), (1, 0, 0, -1), (1, 0, 0, -1), (1, 0, 0, -1), (1, 0, 0, -1), (1, 0, 0, -1), (1, 0, 0, -1), (0.49439397, 0.86452645, -0.09038053, -1), (0.55634725, 0.82047147, 0.13154554, -1), (0.47000372, 0.86853033, -0.15732628, -1), (0.41984472, 0.8645265, -0.2762686, -1), (0.35612467, 0.8859124, -0.29721093, -1), (0.43055743, 0.8619827, -0.26759303, -1), (0.3617554, 0.88432527, -0.29513016, -1), (0.299539, 0.89957774, -0.31786203, -1), (0.7797198, 0.19085006, 0.59633315, -1), (0.74334335, 0.22118813, 0.6312816, -1), (0.77070296, 0.19865288, 0.605437, -1), (0.82472134, 0.1486637, 0.5456498, -1), (-0.4026428, 0.6955558, 0.595047, -1), (-0.40264216, 0.69555503, 0.5950483, -1), (-0.40264282, 0.69555575, 0.5950471, -1), (1, 0, 0, -1), (1, 0, 0, -1), (1, 0, 0, -1), (1, 0, 0, -1), (1, 0, 0, -1), (1, 0, 0, -1), (1, 0, 0, -1), (1, 0, 0, -1), (1, 0, 0, -1), (-0.2854799, 0.9359519, 0.20614387, -1), (-0.32595485, 0.9428888, 0.06866076, -1), (-0.29475123, 0.939076, 0.17679913, -1), (-0.2552251, 0.92060006, 0.2955599, -1), (-0.09153738, 0.9836029, 0.15539058, -1), (0.075031236, 0.92365146, 0.37581703, -1), (-0.049107905, 0.97566366, 0.2137027, -1), (-0.19787377, 0.98022413, 0.002575649, -1), (-0.10703439, 0.94434065, 0.3110699, -1), (0.010835937, 0.8887722, 0.45822108, -1), (-0.074247606, 0.93238384, 0.3537621, -1), (-0.20650448, 0.963063, 0.17281656, -1), (0.3272004, 0.8481706, -0.41658917, -1), (0.49442476, 0.75570035, -0.42948937, -1), (0.10930475, 0.91825175, -0.38061294, -1), (0.023449942, 0.93218327, -0.36122626, -1), (0.4087556, 0.8869937, 0.21485142, -1), (0.42015103, 0.88306, 0.2089933, -1), (0.4131695, 0.88549215, 0.21259025, -1), (0.40128782, 0.88947195, 0.21865015, -1), (0.40096527, 0.86813617, 0.29251745, -1), (0.17558835, 0.8301442, 0.5291781, -1), (0.22790669, 0.84655464, 0.48104447, -1), (0.4251567, 0.8663948, 0.2619193, -1), (0.050224237, 0.9723503, 0.2280624, -1), (0.2942339, 0.6959885, 0.65500104, -1), (0.21219546, 0.82929325, 0.51695824, -1), (-0.054734517, 0.9979963, 0.031740557, -1), (-0.367261, 0.92357785, 0.11010657, -1), (-0.35695326, 0.92831016, 0.10404136, -1), (-0.36929116, 0.9226247, 0.11129941, -1), (-0.387175, 0.91391176, 0.12190459, -1), (-0.55061555, 0.7435008, 0.3795115, -1), (-0.30832955, 0.8878032, 0.34167022, -1), (-0.35669842, 0.8657408, 0.3510829, -1), (-0.6742919, 0.6286072, 0.38753498, -1), (-0.46418384, 0.88442945, 0.04814402, -1), (-0.45915458, 0.8857473, 0.06803547, -1), (-0.4643889, 0.8843666, 0.04731438, -1), (-0.4678471, 0.88318914, 0.033107113, -1), (-0.7800694, 0.625074, -0.027824348, -1), (-0.6905088, 0.23873383, -0.68279123, -1), (-0.7998247, 0.48654908, -0.3514973, -1), (-0.60052973, 0.68700695, 0.4091275, -1), (0.8851026, -0.108629376, 0.45254046, -1), (0.4026452, -0.124010704, 0.90691686, -1), (0.7312024, -0.12138743, 0.67127347, -1), (0.99507576, -0.07489953, 0.06491826, -1), (-0.089118846, -0.91817826, 0.38601354, -1), (-0.08912594, -0.9181768, 0.38601542, -1), (-0.08913077, -0.9181649, 0.38604254, -1), (1, 0, 0, -1), (0.1695404, 0.8733935, 0.45655215, 1), (0.17365964, 0.87424046, 0.45337182, 1), (0.1688076, 0.8727542, 0.45804387, 1), (0.16773452, 0.8726675, 0.4586029, 1), (0.07878546, 0.84830713, 0.5236104, -1), (0.1945292, 0.8780711, 0.43720645, -1), (0.28067333, 0.8881885, 0.3637908, -1), (0.3584535, 0.88709515, 0.29081494, -1), (0.16911303, 0.9668393, -0.19137026, -1), (0.15704699, 0.96980506, -0.18658596, -1), (0.1675505, 0.96721876, -0.1908265, -1), (0.17548779, 0.9651788, -0.19399488, -1), (0.11666074, 0.9325956, -0.341549, -1), (0.053227916, 0.9359801, -0.3480059, -1), (0.17886885, 0.92552084, -0.333792, -1), (0.5148011, 0.8153655, -0.26487538, -1), (1, 0, 0, -1), (1, 0, 0, -1), (1, 0, 0, -1), (1, 0, 0, -1), (1, 0, 0, -1), (1, 0, 0, -1), (1, 0, 0, -1), (1, 0, 0, -1), (0.22624944, 0.87073517, 0.43661344, -1), (0.17196693, 0.9083935, 0.38111475, -1), (0.14575368, 0.9238989, 0.3537891, -1), (0.20407534, 0.88704216, 0.41413692, -1), (-0.1383352, 0.98968834, 0.037152417, -1), (-0.12068958, 0.9909984, 0.05793396, -1), (0.36719358, 0.73292255, 0.5727071, -1), (1, 0, 0, -1), (1, 0, 0, -1), (1, 0, 0, -1), (1, 0, 0, -1), (-0.57219034, 0.80587417, 0.15220079, -1), (-0.56215847, 0.823312, 0.07832782, -1), (-0.57322943, 0.8033533, 0.16134281, -1), (-0.5796724, 0.7810265, 0.23233077, -1), (0.4430316, 0.7993381, 0.40593302, -1), (0.34552705, 0.89431083, 0.28428704, -1), (0.4301399, 0.81439847, 0.38953158, -1), (0.3949413, 0.8513272, 0.34534544, -1), (0.01288318, 0.9944929, -0.10400987, -1), (0.37866133, 0.86656195, 0.3250941, -1), (0.1010444, 0.9948725, -0.004311342, -1), (-0.32955778, 0.8185783, -0.47044787, -1), (0.41376233, 0.77805185, 0.47269017, -1), (-0.2054405, 0.8220875, 0.531005, -1), (0.47885954, 0.75198835, 0.45299786, -1), (0.6821004, 0.632367, 0.3672206, -1), (0.08204969, 0.98472565, 0.15356857, -1), (-0.6465444, 0.43941638, 0.6236132, -1), (0.09354115, 0.9851007, 0.14431481, -1), (0.10065648, 0.9852291, 0.13853487, -1), (1, 0, 0, -1), (1, 0, 0, -1), (1, 0, 0, -1), (1, 0, 0, -1), (0.16627988, 0.9073202, 0.38616192, -1), (0.1663318, 0.907331, 0.3861144, -1), (0.16627535, 0.9073193, 0.38616607, -1), (0.1662712, 0.9073184, 0.38616994, -1), (-0.4461706, 0.8847711, 0.13458055, -1), (-0.44733447, 0.88364637, 0.13806175, -1), (-0.44642714, 0.8845253, 0.13534321, -1), (-0.4452382, 0.8856581, 0.1318056, -1), (-0.24239045, 0.9641493, 0.1079954, -1), (-0.42301938, 0.6729886, 0.6067462, -1), (-0.40472782, 0.736337, 0.5422206, -1), (-0.20217061, 0.9791946, 0.017465068, -1), (-0.97715205, 0, -0.21254148, -1), (-0.74578696, 0, -0.66618454, -1), (-0.9504663, 0, -0.31082773, -1), (-0.9802964, 0, 0.1975318, -1), (-0.34837908, 0.86449516, -0.36232612, -1), (-0.8110003, 0.33076504, -0.48256916, -1), (-0.7083093, 0.52480835, -0.47209555, -1), (-0.015290953, 0.9760082, -0.21719581, -1), (0.002297652, 0.9779804, -0.20868431, -1), (-0.4281765, 0.8979072, 0.10211517, -1), (-0.44960147, 0.8904061, 0.0709616, -1), (-0.42881265, 0.8977068, 0.101203695, -1), (-0.53999877, 0.8383515, -0.07462007, -1), (-0.59848744, 0.77912456, -0.18648773, -1), (-0.30918425, 0.9437197, 0.11746653, -1), (-0.30937302, 0.9436743, 0.11733381, -1), (-0.12829807, 0.9626046, 0.2386042, -1), (-0.23383807, 0.95732784, 0.16983292, -1), (0.13426831, 0.91165847, 0.3883951, -1), (0.17971167, 0.56806445, 0.80312294, -1), (0.27163193, 0.5444443, 0.79359716, -1), (-0.05285865, 0.60392267, 0.7952882, -1), (-0.12601098, 0.60836023, 0.7835938, -1), (-0.44954014, 0.6563811, -0.60586935, -1), (-0.52006376, 0.63273185, -0.57374567, -1), (-0.26610613, 0.69572014, -0.66720384, -1), (-0.2218681, 0.701023, -0.6777473, -1), (0.20471188, 0.77069473, 0.60342574, -1), (0.14191516, 0.7525462, 0.64306647, -1), (0.8347316, 0.46328726, -0.29763767, -1), (0.8387601, 0.42270705, -0.34322038, -1), (-0.5416182, 0.6666788, -0.51204395, -1), (-0.5152047, 0.6640559, -0.5418432, -1), (-0.68429524, 0.65974754, -0.31060144, -1), (-0.70791894, 0.6534311, -0.26810178, -1), (-0.010352901, 0.9507134, 0.30989814, -1), (0.123138614, 0.93769026, 0.32492113, -1), (-0.036657173, 0.9512236, 0.30631667, -1), (-0.12985855, 0.94768506, 0.29159847, -1), (-0.63712704, 0.7416923, 0.20967062, -1), (-0.31026825, 0.85834944, 0.40861937, -1), (-0.36241683, 0.8496807, 0.3830101, -1), (-0.7546019, 0.6475654, 0.10599608, -1), (-0.027521405, 0.82291305, 0.56750035, -1), (-0.041174054, 0.8205643, 0.5700692, -1), (-0.030371306, 0.8224281, 0.5680578, -1), (-0.02188845, 0.82382387, 0.5664232, -1), (0.040420223, 0.96611995, 0.25490895, -1), (0.015327807, 0.9551878, 0.29560336, -1), (0.12960158, 0.98610234, 0.10394974, -1), (0.26511678, 0.9529486, -0.14697656, -1), (0.17927773, 0.9836806, 0.015225959, -1), (0.15340978, 0.9858057, -0.068210304, -1), (0.13943425, 0.98921025, -0.044957653, -1), (0.16345409, 0.9828827, -0.084996186, -1), (0.1657958, 0.98214173, -0.08893447, -1), (-0.11805373, 0.99173486, 0.05025353, -1), (-0.15001555, 0.98418957, 0.09416093, -1), (-0.13813575, 0.98735166, 0.07781499, -1), (-0.1141962, 0.9924319, 0.045144532, -1), (-0.02270165, 0.98373044, -0.17821068, -1), (-0.019459948, 0.9811101, -0.19246921, -1), (-0.022532884, 0.98360866, -0.1789031, -1), (-0.030840691, 0.98935425, -0.14222212, -1), (-0.5286805, 0.7651406, -0.3675007, -1), (-0.017562017, 0.99056786, -0.13589312, -1), (-0.1295848, 0.97305083, -0.19073518, -1), (-0.6660606, 0.6173298, -0.41864938, -1), (0.21675836, 0.95465046, -0.20410357, -1), (0.05706933, 0.9582707, -0.2801078, -1), (0.08943365, 0.959956, -0.26549217, -1), (0.23737648, 0.9519373, -0.19356583, -1), (-0.050039865, 0.9441268, -0.32576165, -1), (0.11974395, 0.9604442, -0.2514128, -1), (-0.24440621, 0.88932586, -0.38647792, -1), (-0.06953277, 0.77074, -0.6333445, -1), (-0.14982192, 0.83478826, -0.52979416, -1), (-0.46483964, 0.8814156, 0.083848834, -1), (-0.5072429, 0.83270735, 0.22204314, -1), (0.47170267, -0.11379476, -0.87438405, -1), (1, 0, 0, -1), (1, 0, 0, -1), (1, 0, 0, -1), (1, 0, 0, -1), (0.8247811, 0.4705146, 0.31361148, -1), (0.82475543, 0.47047526, 0.31373802, -1), (0.8382076, 0.48205814, 0.25500596, -1), (0.8483427, 0.49165174, 0.19645137, -1), (0.857599, 0.50236696, 0.110233374, -1), (0.8788162, 0.2406102, 0.41205445, -1), (0.8849868, 0.24112706, 0.39831665, -1), (0.8674087, 0.23956761, 0.43613014, -1), (0.8625796, 0.23908705, 0.44586313, -1), (0.8552806, 0.21308836, 0.47232255, -1), (0.86273926, 0.21201445, 0.45905438, -1), (0.8608132, 0.21228181, 0.46253344, -1), (0.8519396, 0.21356839, 0.47810808, -1), (0.5445101, 0.7381127, 0.3983696, -1), (0.5039026, 0.7321425, 0.45831144, -1), (0.60225564, 0.73961717, 0.30042398, -1), (0.6150189, 0.7385474, 0.27622363, -1), (0.66042656, 0.7212734, 0.20880958, -1), (0.62839806, 0.72109735, 0.2917782, -1), (0.63622135, 0.7216473, 0.27285075, -1), (0.6725584, 0.7195969, 0.17275877, -1), (0.1267411, 0.88403016, 0.44991934, -1), (0.17749776, 0.90861136, 0.37804756, -1), (0.16538343, 0.9033699, 0.3956906, -1), (0.1207871, 0.88070023, 0.45801482, -1), (0.2592806, 0.96492904, -0.041054346, -1), (0.33173764, 0.83059645, -0.44728032, -1), (0.31174996, 0.90077466, -0.3023526, -1), (0.09143525, 0.8631862, 0.49653733, -1), (0.43077692, 0.86656415, -0.25198781, -1), (0.43408138, 0.86665905, -0.24591753, -1), (0.43139222, 0.8665837, -0.25086564, -1), (0.42780453, 0.86644065, -0.25741774, -1), (0.42583287, 0.52364856, 0.73787445, -1), (0.7053689, 0.48987567, 0.5123246, -1), (0.681818, 0.49607867, 0.5376152, -1), (0.60549843, 0.51106703, 0.6100673, -1), (0.74251467, 0.47826144, 0.4689753, -1), (0.7261975, 0.48367056, 0.48856923, -1), (-0.1923531, 0.98122257, -0.014231253, -1), (-0.19926906, 0.9798788, -0.011379635, -1), (-0.15588287, 0.9873431, -0.029224962, -1), (-0.14830387, 0.9884134, -0.03232706, -1), (-0.38590387, 0.8787861, 0.2807371, -1), (-0.35640094, 0.8919489, 0.2782187, -1), (-0.40433106, 0.8699931, 0.28218496, -1), (-0.42799655, 0.85803866, 0.28388134, -1), (0.5511741, 0.22393565, 0.8037785, -1), (0.52995974, 0.21854661, 0.8193779, -1), (0.58533067, 0.23237012, 0.77678317, -1), (0.6095653, 0.23830882, 0.75606817, -1), (-0.47793493, 0.81413585, 0.32978958, -1), (0.52258664, 0.55402666, 0.6480414, -1), (0.41379112, 0.6362831, 0.65109205, -1), (-0.6069736, 0.7612029, 0.2283709, -1), (1, 0, 0, -1), (1, 0, 0, -1), (1, 0, 0, -1), (1, 0, 0, -1), (1, 0, 0, -1), (1, 0, 0, -1), (1, 0, 0, -1), (1, 0, 0, -1), (1, 0, 0, -1), (1, 0, 0, -1), (1, 0, 0, -1), (1, 0, 0, -1), (1, 0, 0, -1), (1, 0, 0, -1), (1, 0, 0, -1), (1, 0, 0, -1), (1, 0, 0, -1), (1, 0, 0, -1), (1, 0, 0, -1), (1, 0, 0, -1), (1, 0, 0, -1), (1, 0, 0, -1), (0.18110266, 0.9802208, 0.07980669, -1), (0.18107516, 0.98113304, -0.0677472, -1), (0.18091568, 0.9806778, -0.0744344, -1), (0.17834818, 0.96467596, 0.1938873, -1), (0.11597136, 0.6235385, 0.7731432, -1), (0.028001407, 0.14601551, 0.988886, -1), (0.9389254, 0, -0.34412077, -1), (0.9515275, 0, 0.30756366, -1), (0.9958721, 0, -0.09076837, -1), (0.7283899, 0, -0.6851629, -1), (0.13882093, 0.98787874, -0.06945616, -1), (0.16949078, 0.98315835, -0.06835602, -1), (0.28759775, 0.9556432, -0.063511685, -1), (0.10269766, 0.9922013, -0.07063785, -1), (0.19432788, 0.97861576, -0.06743795, -1), (0.3143656, 0.94725907, -0.062245715, -1), (0.2691967, 0.96093404, -0.06433548, -1), (1, 0, 0, -1), (1, 0, 0, -1), (1, 0, 0, -1), (1, 0, 0, -1), (1, 0, 0, -1), (1, 0, 0, -1), (1, 0, 0, -1), (1, 0, 0, -1), (1, 0, 0, -1), (1, 0, 0, -1), (1, 0, 0, -1), (1, 0, 0, -1), (1, 0, 0, -1), (1, 0, 0, -1), (1, 0, 0, -1), (1, 0, 0, -1), (0.1347602, 0.9887766, 0.064501405, -1), (0.13786942, 0.9883464, 0.06452398, -1), (0.12740427, 0.9897531, 0.064473696, -1), (0.19604877, 0.97846025, 0.06465611, -1), (0.1478504, 0.98690087, 0.0645514, -1), (0.25894868, 0.9637325, 0.06453822, -1), (0.26724616, 0.96146685, 0.06450605, -1), (-0.3135077, 0.8773918, 0.3631757, -1), (-0.35457417, 0.8824977, 0.30898982, -1), (-0.32288948, 0.8788635, 0.35119978, -1), (-0.27676597, 0.8696717, 0.408744, -1), (-0.23120794, 0.85688984, 0.4607415, -1), (-0.2503109, 0.8769172, 0.41031778, -1), (-0.22726238, 0.8524425, 0.4708434, -1), (-0.20772901, 0.82952666, 0.51839584, -1), (-0.122850195, 0.9917502, 0.03659897, -1), (-0.12557507, 0.9918805, -0.020101674, -1), (-0.12477055, 0.99218315, -0.0021844336, -1), (-0.11984294, 0.98864067, 0.09070439, -1), (1, 0, 0, -1), (1, 0, 0, -1), (1, 0, 0, -1), (1, 0, 0, -1), (-0.13289131, 0.9760838, -0.17204699, -1), (-0.14245382, 0.97857165, -0.14867516, -1), (-0.1373084, 0.97732246, -0.16120507, -1), (-0.12909418, 0.97495747, -0.1810874, -1), (-0.019019032, 0.9947429, -0.10062251, -1), (-0.028652119, 0.9973475, -0.06691052, -1), (0.0065592434, 0.98190916, -0.18923886, -1), (0.010197273, 0.97938615, -0.20173964, -1), (0.14854361, 0.9888671, -0.008757368, -1), (0.14973676, 0.9862586, 0.06980532, -1), (0.14936316, 0.9880763, 0.037359253, -1), (0.14740156, 0.98751265, -0.055600703, -1), (0.14194693, 0.97024125, -0.19617079, -1), (-0.26203775, 0.9267769, 0.26911122, -1), (-0.26099268, 0.9264785, 0.27114654, -1), (-0.2619669, 0.92675805, 0.26924515, -1), (-0.26297954, 0.9270425, 0.2672716, -1), (-0.076677874, 0.992168, -0.098606095, -1), (-0.06239393, 0.9928461, -0.1018025, -1), (-0.06660659, 0.99266946, -0.100850694, -1), (-0.049100604, 0.994389, -0.09369956, -1), (-0.86320066, -0.48043582, 0.1551326, 1), (-0.86320066, -0.48043582, 0.15513262, 1), (-0.86320066, -0.48043585, 0.1551326, 1), (1, 0, 0, -1), (-0.11171561, 0.9925444, -0.04873714, -1), (-0.09865222, 0.9951127, 0.0043087495, -1), (-0.11664923, 0.9907623, -0.06915932, -1), (-0.11864411, 0.9896534, -0.080682784, -1), (1, 0, 0, -1), (1, 0, 0, -1), (1, 0, 0, -1), (1, 0, 0, -1), (1, 0, 0, -1), (1, 0, 0, -1), (1, 0, 0, -1), (1, 0, 0, -1), (0.09735458, 0.9636976, 0.24861413, -1), (0.1172479, 0.9620078, 0.24656412, -1), (0.10048559, 0.9634562, 0.24830362, -1), (0.077709205, 0.9649796, 0.2505507, -1), (-0.29534647, 0.9257347, -0.23619027, -1), (-0.29211175, 0.92662746, -0.23671144, -1), (-0.29885173, 0.9247631, -0.23558663, -1), (-0.30570447, 0.9228141, -0.23443337, -1), (-0.11346482, 0.9626753, 0.2457276, -1), (-0.18643986, 0.9513641, 0.24524781, -1), (-0.14391848, 0.9586196, 0.24563378, -1), (-0.02711276, 0.9692433, 0.24460651, -1), (0.088266544, 0.96253055, 0.2564059, -1), (0.20569731, 0.91533804, 0.34618628, -1), (0.094039135, 0.96076196, 0.26094627, -1), (0.02512592, 0.9781675, 0.20629363, -1), (1, 0, 0, -1), (1, 0, 0, -1), (1, 0, 0, -1), (1, 0, 0, -1), (-0.13878258, 0.7056943, -0.69479126, -1), (-0.05903155, 0.7973969, -0.60056096, -1), (-0.10926325, 0.7416911, -0.6617823, -1), (-0.16593271, 0.6688294, -0.72466105, -1), (1, 0, 0, -1), (1, 0, 0, -1), (1, 0, 0, -1), (1, 0, 0, -1), (0.584941, 0.6977979, -0.41342735, -1), (0.5136061, 0.78428805, -0.34799567, -1), (0.54318255, 0.75130457, -0.3748256, -1), (0.6558318, 0.58176726, -0.4810733, -1), (-0.5533794, 0.76840657, 0.32143804, -1), (-0.5396231, 0.79224795, 0.28486875, -1), (-0.55421853, 0.76652396, 0.32447338, -1), (-0.5673434, 0.7393806, 0.36254346, -1), (0.25832683, 0.904355, 0.33971933, -1), (0.25230953, 0.9039937, 0.34515965, -1), (0.2728864, 0.9049794, 0.32641283, -1), (0.28693947, 0.90525913, 0.31332368, -1), (0.31283382, 0.904882, 0.28865835, -1), (0.28962687, 0.90527153, 0.31080517, -1), (-0.60005134, 0.74736243, -0.2852854, -1), (-0.5923315, 0.77432775, -0.22262023, -1), (-0.60661125, 0.6551025, -0.45040366, -1), (-0.6053867, 0.6347816, -0.4801659, -1), (0.47516853, 0.74705887, 0.46488482, -1), (0.46589866, 0.7517874, 0.46664137, -1), (0.5022454, 0.73260105, 0.45939672, -1), (0.51143146, 0.72747684, 0.45740065, -1), (-0.10195629, 0.99433386, 0.030084524, -1), (-0.080594696, 0.9967212, 0.0071677994, -1), (-0.104362674, 0.99400043, 0.032734785, -1), (-0.15515347, 0.9839864, 0.08773937, -1), (1, 0, 0, -1), (1, 0, 0, -1), (1, 0, 0, -1), (1, 0, 0, -1), (1, 0, 0, -1), (1, 0, 0, -1), (1, 0, 0, -1), (1, 0, 0, -1), (0.43339953, 0.26538637, -0.8612404, -1), (0.29625812, 0.3981757, -0.8681516, -1), (0.36308438, 0.33661246, -0.8688278, -1), (0.55766714, 0.11908557, -0.8214779, -1), (0.8983343, -0.09377942, 0.42918643, -1), (0.63680583, -0.11577979, 0.76228166, -1), (0.9863382, -0.034887083, -0.1609965, -1), (0.93243194, -0.01049496, -0.36119336, -1), (0.7501501, 0.64404684, 0.14992832, -1), (0.26464006, 0.7293061, -0.6309344, -1), (0.45735487, 0.77715486, -0.43226936, -1), (0.7697097, 0.5832493, 0.25955224, -1), (0.93633693, 0.32389805, -0.1355111, -1), (0.93941396, 0.12820253, -0.31790787, -1), (0.90860987, 0.4159664, -0.037418183, -1), (0.845561, 0.5256589, 0.09332357, -1), (0.80743533, 0.1907078, -0.55828184, -1), (0.68464816, 0.27799097, -0.6737789, -1), (0.816213, 0.1832097, -0.5479329, -1), (0.91965365, 0.072145656, -0.38604674, -1), (0.9748252, 0.13249095, -0.17933767, -1), (0.97003615, 0.13473502, -0.2021786, -1), (0.9732881, 0.13323107, -0.1869752, -1), (0.979395, 0.12994216, -0.1545976, -1), (0.6430498, 0.76357174, 0.058696434, -1), (0.6536489, 0.7563472, -0.026115814, -1), (0.6416686, 0.7640111, 0.06744229, -1), (0.63232136, 0.7652899, 0.120420754, -1), (0.797195, -0.30812797, -0.51916987, -1), (0.81336766, -0.30085108, -0.4979173, -1), (0.79195577, -0.31038135, -0.52580357, -1), (0.78256524, -0.314294, -0.5374112, -1), (-0.18661433, 0.33470443, 0.9236601, 1), (-0.9210858, 0.17608231, -0.34726942, 1), (-0.40431362, 0.37417573, 0.83457947, 1), (0.4961189, 0.10801434, 0.8615096, 1), (-0.062112566, 0.3746173, -0.92509663, -1), (-0.10832402, 0.37491095, -0.9207104, -1), (-0.07211214, 0.3747502, -0.9243172, -1), (-0.03181169, 0.37400964, -0.9268791, -1), (-0.8987527, 0.10666244, -0.42528433, -1), (-0.59923524, 0.12508237, -0.790741, -1), (-0.97162646, 0.08967839, -0.21886024, -1), (-0.21462558, 0.11782907, -0.9695628, -1), (-0.97020704, 0.007651475, -0.24215652, -1), (-0.8928138, -0.09619568, -0.4400341, -1), (-0.9873258, 0.0539439, -0.14925809, -1), (-0.9693397, 0.19418909, 0.15056911, -1), (-0.71526873, 0.45116317, -0.53370637, -1), (-0.86720574, 0.41589507, -0.27383468, -1), (-0.59447557, 0.452622, -0.6646292, -1), (-0.5415738, 0.44925836, -0.7105383, -1), (0.86518025, -0.16899651, 0.4721263, -1), (0.81233346, -0.1623411, 0.5601425, -1), (0.8751615, -0.17017226, 0.45291674, -1), (0.94499, -0.17704685, 0.27504262, -1), (0.8785569, -0.17056896, 0.44614354, -1), (0.92836535, -0.17572893, 0.32750145, -1), (0.9784604, -0.17768891, 0.10508028, -1), (0.9691162, 0.18330427, 0.1649646, -1), (0.97206455, 0.20315202, 0.11755743, -1), (0.9684388, 0.18019657, 0.1722079, -1), (0.96525586, 0.16817755, 0.19999397, -1), (-0.5849915, 0.19765733, 0.7865853, -1), (-0.5948597, 0.18753459, 0.78164744, -1), (-0.5832142, 0.19946942, 0.7874472, -1), (-0.57150006, 0.21126454, 0.79294074, -1), (-0.54482526, 0.7439395, 0.38693592, -1), (-0.54798007, 0.7450641, 0.3802596, -1), (-0.53389716, 0.7398909, 0.40928647, -1), (-0.5214135, 0.7348431, 0.4337436, -1), (-0.8636716, 0.36714223, -0.34536645, -1), (-0.96251976, 0.25699982, 0.086642124, -1), (-0.7983611, 0.38577297, -0.4623838, -1), (-0.7260618, 0.3962762, -0.5619604, -1), (0.79345894, 0.19696249, 0.57587224, -1), (0.789152, 0.19643763, 0.5819376, -1), (0.7966994, 0.19078533, 0.5734728, -1), (0.8017923, 0.1943304, 0.5651236, -1), (0.6940249, -0.18305935, 0.69628924, -1), (0.7699147, -0.16872583, 0.61543715, -1), (0.6125711, -0.19471401, 0.7660568, -1), (0.5544709, -0.20118333, 0.8075192, -1), (1, 0, 0, -1), (1, 0, 0, -1), (1, 0, 0, -1), (1, 0, 0, -1), (1, 0, 0, -1), (1, 0, 0, -1), (1, 0, 0, -1), (1, 0, 0, -1), (1, 0, 0, -1), (1, 0, 0, -1), (1, 0, 0, -1), (1, 0, 0, -1), (1, 0, 0, -1), (1, 0, 0, -1), (1, 0, 0, -1), (1, 0, 0, -1), (1, 0, 0, -1), (1, 0, 0, -1), (1, 0, 0, -1), (1, 0, 0, -1), (1, 0, 0, -1), (1, 0, 0, -1), (1, 0, 0, -1), (1, 0, 0, -1), (1, 0, 0, -1), (1, 0, 0, -1), (1, 0, 0, -1), (1, 0, 0, -1), (1, 0, 0, -1), (1, 0, 0, -1), (1, 0, 0, -1), (1, 0, 0, -1), (1, 0, 0, -1), (1, 0, 0, -1), (1, 0, 0, -1), (1, 0, 0, -1), (1, 0, 0, -1), (1, 0, 0, -1), (1, 0, 0, -1), (1, 0, 0, -1), (0.26927382, -0.7823955, -0.56155926, -1), (0.26927516, -0.7823929, -0.56156224, -1), (0.26927322, -0.7823965, -0.5615581, -1), (1, 0, 0, -1), (1, 0, 0, -1), (1, 0, 0, -1), (1, 0, 0, -1), (1, 0, 0, -1), (1, 0, 0, -1), (1, 0, 0, -1), (1, 0, 0, -1), (1, 0, 0, -1), (1, 0, 0, -1), (1, 0, 0, -1)] (
        elementSize = 1
        interpolation = "varying"
    )
    uniform token purpose
    token visibility
    matrix4d xformOp:transform = ( (0.13910582661628723, 3.2130633709215317e-9, -0.5579206943511963, 0), (1.1693185975047982e-8, 0.5749998688697815, 6.226874571524377e-9, 0), (0.5579206943511963, -1.2852289010822915e-8, 0.13910582661628723, 0), (-26.623899459838867, 0.7174999713897705, -13.032962799072266, 1) )
    uniform token[] xformOpOrder = ["xformOp:transform"]

    def Scope "Materials"
    {
        def Material "PP_Standard_Material_52838"
        {
            token outputs:displacement
            token outputs:surface.connect = </PP_Rock_Pile_Forest_Moss_10_1121/Materials/PP_Standard_Material_52838/PreviewSurface.outputs:surface>
            token[] requiredKeywords

            def Shader "PreviewSurface"
            {
                uniform token info:id = "UsdPreviewSurface"
                float inputs:clearcoat = 0
                float inputs:clearcoatRoughness = 0.01
                float3 inputs:diffuseColor = (0.18, 0.18, 0.18)
                float3 inputs:diffuseColor.connect = </PP_Rock_Pile_Forest_Moss_10_1121/Materials/PP_Standard_Material_52838/PreviewSurface/_MainTex.outputs:rgb>
                float inputs:displacement = 0
                float3 inputs:emissiveColor = (0, 0, 0)
                float inputs:ior = 1.5
                float inputs:metallic = 0
                float3 inputs:normal = (0, 0, 1)
                float inputs:occlusion = 1
                float inputs:opacity = 1
                float inputs:opacityThreshold = 0
                float inputs:roughness = 0.8
                float3 inputs:specularColor = (0.033104748, 0.033104748, 0.033104748)
                int inputs:useSpecularWorkflow = 0
                token outputs:displacement
                token outputs:surface
                color4f unity:colors:_BaseColor = (1, 1, 1, 1) (
                    customData = {
                        string sourceMember = "colorArgs"
                    }
                )
                color4f unity:colors:_Color = (1, 1, 1, 1) (
                    customData = {
                        string sourceMember = "colorArgs"
                    }
                )
                color4f unity:colors:_EmissionColor = (0, 0, 0, 1) (
                    customData = {
                        string sourceMember = "colorArgs"
                    }
                )
                color4f unity:colors:_SpecColor = (0.033104748, 0.033104748, 0.033104748, 1) (
                    customData = {
                        string sourceMember = "colorArgs"
                    }
                )
                float unity:floats:_AddPrecomputedVelocity = 0 (
                    customData = {
                        string sourceMember = "floatArgs"
                    }
                )
                float unity:floats:_AlphaClip = 0 (
                    customData = {
                        string sourceMember = "floatArgs"
                    }
                )
                float unity:floats:_AlphaToMask = 0 (
                    customData = {
                        string sourceMember = "floatArgs"
                    }
                )
                float unity:floats:_Blend = 0 (
                    customData = {
                        string sourceMember = "floatArgs"
                    }
                )
                float unity:floats:_BlendModePreserveSpecular = 1 (
                    customData = {
                        string sourceMember = "floatArgs"
                    }
                )
                float unity:floats:_BumpScale = 1 (
                    customData = {
                        string sourceMember = "floatArgs"
                    }
                )
                float unity:floats:_ClearCoatMask = 0 (
                    customData = {
                        string sourceMember = "floatArgs"
                    }
                )
                float unity:floats:_ClearCoatSmoothness = 0 (
                    customData = {
                        string sourceMember = "floatArgs"
                    }
                )
                float unity:floats:_Cull = 2 (
                    customData = {
                        string sourceMember = "floatArgs"
                    }
                )
                float unity:floats:_Cutoff = 0.5 (
                    customData = {
                        string sourceMember = "floatArgs"
                    }
                )
                float unity:floats:_DetailAlbedoMapScale = 1 (
                    customData = {
                        string sourceMember = "floatArgs"
                    }
                )
                float unity:floats:_DetailNormalMapScale = 1 (
                    customData = {
                        string sourceMember = "floatArgs"
                    }
                )
                float unity:floats:_DstBlend = 0 (
                    customData = {
                        string sourceMember = "floatArgs"
                    }
                )
                float unity:floats:_DstBlendAlpha = 0 (
                    customData = {
                        string sourceMember = "floatArgs"
                    }
                )
                float unity:floats:_EnvironmentReflections = 1 (
                    customData = {
                        string sourceMember = "floatArgs"
                    }
                )
                float unity:floats:_Glossiness = 0.2 (
                    customData = {
                        string sourceMember = "floatArgs"
                    }
                )
                float unity:floats:_GlossMapScale = 1 (
                    customData = {
                        string sourceMember = "floatArgs"
                    }
                )
                float unity:floats:_GlossyReflections = 1 (
                    customData = {
                        string sourceMember = "floatArgs"
                    }
                )
                float unity:floats:_Metallic = 0 (
                    customData = {
                        string sourceMember = "floatArgs"
                    }
                )
                float unity:floats:_OcclusionStrength = 1 (
                    customData = {
                        string sourceMember = "floatArgs"
                    }
                )
                float unity:floats:_Parallax = 0.02 (
                    customData = {
                        string sourceMember = "floatArgs"
                    }
                )
                float unity:floats:_QueueOffset = 0 (
                    customData = {
                        string sourceMember = "floatArgs"
                    }
                )
                float unity:floats:_ReceiveShadows = 1 (
                    customData = {
                        string sourceMember = "floatArgs"
                    }
                )
                float unity:floats:_Smoothness = 0.2 (
                    customData = {
                        string sourceMember = "floatArgs"
                    }
                )
                float unity:floats:_SmoothnessTextureChannel = 0 (
                    customData = {
                        string sourceMember = "floatArgs"
                    }
                )
                float unity:floats:_SpecularHighlights = 1 (
                    customData = {
                        string sourceMember = "floatArgs"
                    }
                )
                float unity:floats:_SrcBlend = 1 (
                    customData = {
                        string sourceMember = "floatArgs"
                    }
                )
                float unity:floats:_SrcBlendAlpha = 1 (
                    customData = {
                        string sourceMember = "floatArgs"
                    }
                )
                float unity:floats:_Surface = 0 (
                    customData = {
                        string sourceMember = "floatArgs"
                    }
                )
                float unity:floats:_WorkflowMode = 1 (
                    customData = {
                        string sourceMember = "floatArgs"
                    }
                )
                float unity:floats:_ZWrite = 1 (
                    customData = {
                        string sourceMember = "floatArgs"
                    }
                )
                token[] unity:shaderKeywords = []
                string unity:shaderName = "Universal Render Pipeline/Lit"

                def Shader "uvReader"
                {
                    uniform token info:id = "UsdPrimvarReader_float2"
                    float2 inputs:fallback = (0, 0)
                    string inputs:varname = "st"
                    float2 outputs:result
                }

                def Shader "_MainTex"
                {
                    uniform token info:id = "UsdUVTexture"
                    float4 inputs:bias = (0, 0, 0, 0)
                    float4 inputs:fallback = (0, 0, 0, 1)
                    asset inputs:file = @PP_Color_Palette.png@
                    token inputs:isSRGB = "auto"
                    float4 inputs:scale = (1, 1, 1, 1)
                    token inputs:sourceColorSpace = "auto"
                    float2 inputs:st = (0, 0)
                    float2 inputs:st.connect = </PP_Rock_Pile_Forest_Moss_10_1121/Materials/PP_Standard_Material_52838/PreviewSurface/uvReader.outputs:result>
                    token inputs:wrapS = "repeat"
                    token inputs:wrapT = "repeat"
                    float outputs:a
                    float outputs:b
                    float outputs:g
                    float outputs:r
                    float3 outputs:rgb
                    float4 outputs:rgba
                }
            }
        }
    }
}

