#usda 1.0
(
    endTimeCode = 0
    metersPerUnit = 1
    startTimeCode = 0
    upAxis = "Y"
)

def Mesh "PP_Rock_Moss_Grown_11_1046" (
    prepend apiSchemas = ["MaterialBindingAPI"]
)
{
    uniform bool doubleSided
    float3[] extent = [(-2.2258794, 0, -2.6171427), (1.8542635, 2.430519, 1.9837273)]
    int[] faceVertexCounts = [3, 3, 3, 3, 3, 3, 3, 3, 3, 3, 3, 3, 3, 3, 3, 3, 3, 3, 3, 3, 3, 3, 3, 3, 3, 3, 3, 3, 3, 3, 3, 3, 3, 3, 3, 3, 3, 3, 3, 3, 3, 3, 3, 3, 3, 3, 3, 3, 3, 3, 3, 3, 3, 3, 3, 3, 3, 3, 3, 3, 3, 3, 3, 3, 3, 3, 3, 3, 3, 3, 3, 3, 3, 3, 3, 3, 3, 3, 3, 3, 3, 3, 3, 3, 3, 3, 3, 3, 3, 3, 3, 3, 3, 3, 3, 3, 3, 3, 3, 3, 3, 3, 3, 3, 3, 3, 3, 3, 3, 3, 3, 3, 3, 3, 3, 3, 3, 3, 3, 3, 3, 3, 3, 3, 3, 3, 3, 3, 3, 3, 3, 3, 3, 3, 3, 3, 3, 3, 3, 3, 3, 3, 3, 3, 3, 3, 3, 3, 3, 3, 3, 3, 3, 3, 3, 3, 3, 3, 3, 3, 3, 3, 3, 3, 3, 3, 3, 3, 3, 3, 3, 3, 3, 3, 3, 3, 3, 3, 3, 3, 3, 3, 3, 3, 3, 3, 3, 3, 3, 3, 3, 3, 3, 3, 3, 3, 3, 3, 3, 3, 3, 3, 3, 3, 3, 3, 3, 3, 3, 3, 3, 3, 3, 3, 3, 3, 3, 3, 3, 3, 3, 3, 3, 3, 3, 3, 3, 3, 3, 3, 3, 3, 3, 3, 3, 3, 3, 3, 3, 3, 3, 3, 3, 3, 3, 3, 3, 3, 3, 3, 3, 3, 3, 3, 3, 3, 3, 3, 3, 3, 3, 3, 3, 3, 3, 3, 3, 3, 3, 3, 3, 3, 3, 3, 3, 3, 3, 3, 3, 3, 3, 3, 3, 3, 3, 3, 3, 3, 3, 3, 3, 3, 3, 3, 3, 3, 3, 3, 3, 3, 3, 3, 3, 3, 3, 3, 3, 3, 3, 3, 3, 3, 3, 3, 3, 3, 3, 3, 3, 3, 3, 3, 3, 3, 3, 3, 3, 3, 3, 3, 3, 3, 3, 3, 3, 3, 3, 3, 3, 3, 3, 3, 3, 3, 3, 3, 3, 3, 3, 3, 3, 3, 3, 3, 3, 3, 3, 3, 3, 3, 3, 3, 3, 3, 3, 3, 3, 3, 3, 3, 3, 3, 3, 3, 3, 3]
    int[] faceVertexIndices = [1, 0, 2, 4, 3, 5, 7, 6, 8, 10, 9, 11, 13, 12, 14, 16, 15, 17, 19, 18, 20, 22, 21, 23, 25, 24, 26, 28, 27, 29, 31, 30, 32, 34, 33, 35, 37, 36, 38, 40, 39, 41, 43, 42, 44, 46, 45, 47, 49, 48, 50, 52, 51, 53, 55, 54, 56, 58, 57, 59, 61, 60, 62, 64, 63, 65, 67, 66, 68, 70, 69, 71, 73, 72, 74, 76, 75, 77, 79, 78, 80, 82, 81, 83, 85, 84, 86, 88, 87, 89, 91, 90, 92, 94, 93, 95, 97, 96, 98, 100, 99, 101, 103, 102, 104, 106, 105, 107, 109, 108, 110, 112, 111, 113, 115, 114, 116, 118, 117, 119, 121, 120, 122, 124, 123, 125, 127, 126, 128, 130, 129, 131, 133, 132, 134, 136, 135, 137, 139, 138, 140, 142, 141, 143, 145, 144, 146, 148, 147, 149, 151, 150, 152, 154, 153, 155, 157, 156, 158, 160, 159, 161, 163, 162, 164, 166, 165, 167, 169, 168, 170, 172, 171, 173, 175, 174, 176, 178, 177, 179, 181, 180, 182, 184, 183, 185, 187, 186, 188, 190, 189, 191, 191, 192, 190, 194, 193, 195, 195, 193, 196, 198, 197, 199, 199, 197, 200, 202, 201, 203, 203, 201, 204, 206, 205, 207, 207, 205, 208, 210, 209, 211, 211, 209, 212, 214, 213, 215, 215, 213, 216, 218, 217, 219, 220, 219, 217, 221, 220, 217, 222, 221, 217, 224, 223, 225, 226, 225, 223, 227, 226, 223, 229, 228, 230, 230, 228, 231, 233, 232, 234, 235, 232, 233, 235, 236, 232, 237, 236, 235, 239, 238, 240, 240, 238, 241, 243, 242, 244, 244, 242, 245, 247, 246, 248, 249, 248, 246, 250, 248, 249, 251, 248, 250, 253, 252, 254, 255, 254, 252, 256, 255, 252, 258, 257, 259, 259, 257, 260, 262, 261, 263, 263, 261, 264, 266, 265, 267, 268, 267, 265, 269, 268, 265, 270, 268, 269, 272, 271, 273, 273, 271, 274, 276, 275, 277, 277, 275, 278, 280, 279, 281, 281, 279, 282, 284, 283, 285, 285, 283, 286, 288, 287, 289, 290, 289, 287, 291, 289, 290, 293, 292, 294, 295, 294, 292, 296, 294, 295, 297, 296, 295, 298, 296, 297, 300, 299, 301, 301, 299, 302, 304, 303, 305, 306, 305, 303, 307, 306, 303, 308, 307, 303, 309, 308, 303, 311, 310, 312, 313, 312, 310, 314, 312, 313, 316, 315, 317, 318, 317, 315, 319, 318, 315, 320, 318, 319, 322, 321, 323, 323, 321, 324, 323, 324, 325, 325, 324, 326, 328, 327, 329, 329, 327, 330, 332, 331, 333, 334, 333, 331, 335, 334, 331, 337, 336, 338, 338, 336, 339, 341, 340, 342, 343, 342, 340, 344, 343, 340, 346, 345, 347, 348, 346, 347, 349, 348, 347, 351, 350, 352, 353, 352, 350, 354, 353, 350, 356, 355, 357, 357, 355, 358, 360, 359, 361, 361, 359, 362, 364, 363, 365, 365, 363, 366, 368, 367, 369, 369, 367, 370, 372, 371, 373, 374, 373, 371, 375, 374, 371, 377, 376, 378, 378, 376, 379, 381, 380, 382, 382, 380, 383, 385, 384, 386, 387, 386, 384, 388, 387, 384, 390, 389, 391, 391, 389, 392, 394, 393, 395, 395, 393, 396, 398, 397, 399, 400, 399, 397, 401, 400, 397, 403, 402, 404, 404, 402, 405, 407, 406, 408, 408, 406, 409, 411, 410, 412, 412, 410, 413, 415, 414, 416, 416, 414, 417, 419, 418, 420, 421, 420, 418, 422, 420, 421, 423, 422, 421, 425, 424, 426, 426, 424, 427, 429, 428, 430, 430, 428, 431, 433, 432, 434, 435, 434, 432, 436, 434, 435, 438, 437, 439, 439, 437, 440, 442, 441, 443, 443, 441, 444, 446, 445, 447, 447, 445, 448, 450, 449, 451, 451, 449, 452, 454, 453, 455, 455, 453, 456, 458, 457, 459, 459, 457, 460, 462, 461, 463, 463, 461, 464, 466, 465, 467, 468, 467, 465, 469, 467, 468, 471, 470, 472, 472, 470, 473, 475, 474, 476, 476, 474, 477, 479, 478, 480, 480, 478, 481, 483, 482, 484, 484, 482, 485, 487, 486, 488, 488, 486, 489, 491, 490, 492, 492, 490, 493, 495, 494, 496, 496, 494, 497, 499, 498, 500, 500, 498, 501, 503, 502, 504, 504, 502, 505, 507, 506, 508, 508, 506, 509, 511, 510, 512, 513, 512, 510, 514, 512, 513, 516, 515, 517, 517, 515, 518, 520, 519, 521, 522, 521, 519, 523, 522, 519, 524, 523, 519, 525, 523, 524, 527, 526, 528, 529, 528, 526, 530, 528, 529, 531, 530, 529, 532, 530, 531, 534, 533, 535, 535, 533, 536, 538, 537, 539, 539, 537, 540, 542, 541, 543, 544, 543, 541, 545, 544, 541, 546, 545, 541, 547, 546, 541, 549, 548, 550, 551, 550, 548, 552, 550, 551, 553, 552, 551, 554, 552, 553, 555, 554, 553, 557, 556, 558, 559, 558, 556, 560, 559, 556, 562, 561, 563, 564, 563, 561, 565, 563, 564, 566, 563, 565, 568, 567, 569, 570, 569, 567, 572, 571, 573, 573, 571, 574, 576, 575, 577, 578, 577, 575, 579, 577, 578, 581, 580, 582, 582, 580, 583, 585, 584, 586, 587, 586, 584, 588, 586, 587, 590, 589, 591, 591, 589, 592, 594, 593, 595, 596, 595, 593, 597, 596, 593, 598, 597, 593, 599, 598, 593, 601, 600, 602, 602, 600, 603, 605, 604, 606, 607, 605, 606, 609, 608, 610, 610, 608, 611, 613, 612, 614, 615, 614, 612, 616, 614, 615, 617, 616, 615, 619, 618, 620, 620, 618, 621, 623, 622, 624, 624, 622, 625, 627, 626, 628, 628, 626, 629, 631, 630, 632, 632, 630, 633, 635, 634, 636, 636, 634, 637, 639, 638, 640, 640, 638, 641, 643, 642, 644, 644, 642, 645, 647, 646, 648, 648, 646, 649, 651, 650, 652, 652, 650, 653, 655, 654, 656, 656, 654, 657, 659, 658, 660, 660, 658, 661, 663, 662, 664, 664, 662, 665, 667, 666, 668, 668, 666, 669, 671, 670, 672, 672, 670, 673, 675, 674, 676, 676, 674, 677, 679, 678, 680, 680, 678, 681, 683, 682, 684, 684, 682, 685, 687, 686, 688, 688, 686, 689, 691, 690, 692, 692, 690, 693, 695, 694, 696, 696, 694, 697, 699, 698, 700, 700, 698, 701, 703, 702, 704, 704, 702, 705, 707, 706, 708, 708, 706, 709, 711, 710, 712, 712, 710, 713, 715, 714, 716, 716, 714, 717, 719, 718, 720, 720, 718, 721, 723, 722, 724, 724, 722, 725, 727, 726, 728, 728, 726, 729, 731, 730, 732, 732, 730, 733, 735, 734, 736, 736, 734, 737, 739, 738, 740, 740, 738, 741, 743, 742, 744, 744, 742, 745, 747, 746, 748, 748, 746, 749, 751, 750, 752, 752, 750, 753, 755, 754, 756, 756, 754, 757]
    rel material:binding = </PP_Rock_Moss_Grown_11_1046/Materials/PP_Standard_Material_52838>
    normal3f[] normals = [(-0.66929483, -0.6410478, 0.37563583), (-0.66929483, -0.6410478, 0.37563583), (-0.66929483, -0.6410478, 0.37563583), (0.6558152, 0.37391287, -0.65581673), (0.6558152, 0.37391287, -0.65581673), (0.6558152, 0.37391287, -0.65581673), (0.0000011774397, -0.35604373, 0.93446934), (0.0000011774397, -0.35604373, 0.93446934), (0.0000011774397, -0.35604373, 0.93446934), (0.41025192, 0.16532068, -0.8968626), (0.41025192, 0.16532068, -0.8968626), (0.41025192, 0.16532068, -0.8968626), (0.322437, 0.23363051, -0.9173065), (0.322437, 0.23363051, -0.9173065), (0.322437, 0.23363051, -0.9173065), (-0.03605551, 0.44955996, -0.89252216), (-0.03605551, 0.44955996, -0.89252216), (-0.03605551, 0.44955996, -0.89252216), (-0.20893489, 0.63291335, 0.7454977), (-0.20893489, 0.63291335, 0.7454977), (-0.20893489, 0.63291335, 0.7454977), (-0.05799473, 0.9063015, 0.41863367), (-0.057994716, 0.9063015, 0.41863364), (-0.057994638, 0.9063013, 0.41863415), (0.6502292, 0.45053634, 0.6117344), (0.6502292, 0.45053634, 0.6117344), (0.6502292, 0.45053634, 0.6117344), (0.33198237, -0.0958885, 0.93839926), (0.33198237, -0.0958885, 0.93839926), (0.33198237, -0.0958885, 0.93839926), (0.41331565, 0.23236392, 0.8804414), (0.41331565, 0.23236392, 0.8804414), (0.41331565, 0.23236392, 0.8804414), (0.03535901, 0.43853876, 0.8980164), (0.03535901, 0.43853876, 0.8980164), (0.03535901, 0.43853876, 0.8980164), (0.16459005, -0.19219315, 0.96745646), (0.16459005, -0.19219315, 0.96745646), (0.16459005, -0.19219315, 0.96745646), (0.91392195, 0.34673533, 0.21100086), (0.91392195, 0.34673533, 0.21100086), (0.91392195, 0.34673533, 0.21100086), (0.55832285, 0.5076372, -0.656186), (0.55832285, 0.5076372, -0.656186), (0.55832285, 0.5076372, -0.656186), (0.79852086, 0.4862174, 0.35490423), (0.79852086, 0.4862174, 0.35490423), (0.79852086, 0.4862174, 0.35490423), (0.9676196, 0.11044414, 0.22696777), (0.9676196, 0.11044414, 0.22696777), (0.9676196, 0.11044414, 0.22696777), (0.94435316, 0.3271959, 0.033761665), (0.94435316, 0.3271959, 0.033761665), (0.94435316, 0.3271959, 0.033761665), (0.9497984, -0.013674104, 0.3125635), (0.9497984, -0.013674104, 0.3125635), (0.9497984, -0.013674104, 0.3125635), (0.9493557, -0.013918988, -0.31389496), (0.9493557, -0.013918988, -0.31389496), (0.9493557, -0.013918988, -0.31389496), (0.99610424, -0.05363349, 0.06999931), (0.99610424, -0.05363349, 0.06999931), (0.99610424, -0.05363349, 0.06999931), (0.8635948, 0.18988656, -0.4670622), (0.8635948, 0.18988656, -0.4670622), (0.8635948, 0.18988656, -0.4670622), (0.86844784, -0.4957805, -0.0000010037928), (0.86844784, -0.4957805, -0.0000010037928), (0.86844784, -0.4957805, -0.0000010037928), (-0.0000010370355, -0.59095407, -0.80670524), (-0.0000010370355, -0.59095407, -0.80670524), (-0.0000010370355, -0.59095407, -0.80670524), (0.2992108, -0.17676865, -0.93767035), (0.2992108, -0.17676865, -0.93767035), (0.2992108, -0.17676865, -0.93767035), (0.34534216, 0.10834068, -0.93220234), (0.34534216, 0.10834068, -0.93220234), (0.34534216, 0.10834068, -0.93220234), (-0.17808944, -0.21578291, -0.9600635), (-0.17808944, -0.21578291, -0.9600635), (-0.17808944, -0.21578291, -0.9600635), (0.15564418, -0.30984405, -0.9379614), (0.15564418, -0.30984405, -0.9379614), (0.15564418, -0.30984405, -0.9379614), (0.30791065, -0.097913995, -0.9463635), (0.30791065, -0.097913995, -0.9463635), (0.30791065, -0.097913995, -0.9463635), (-0.20320956, 0.16582233, -0.9649917), (-0.20320956, 0.16582233, -0.9649917), (-0.20320956, 0.16582233, -0.9649917), (-0.22611524, -0.16120572, -0.9606688), (-0.22611524, -0.16120572, -0.9606688), (-0.22611524, -0.16120572, -0.9606688), (-8.684006e-7, 0.27825004, -0.96050864), (-8.684006e-7, 0.27825004, -0.96050864), (-8.684006e-7, 0.27825004, -0.96050864), (-0.0000012603449, -0.27458057, -0.96156406), (-0.0000012603449, -0.27458057, -0.96156406), (-0.0000012603449, -0.27458057, -0.96156406), (-0.71826494, 0.63957036, 0.27394396), (-0.71826494, 0.63957036, 0.27394396), (-0.71826494, 0.63957036, 0.27394396), (-0.30426958, 0.06352449, 0.9504655), (-0.30426958, 0.06352449, 0.9504655), (-0.30426958, 0.06352449, 0.9504655), (0.81356746, 0.46151793, -0.35370776), (0.81356746, 0.46151793, -0.35370776), (0.81356746, 0.46151793, -0.35370776), (-0.059825998, 0.9291087, 0.36493564), (-0.05982606, 0.9291072, 0.36493918), (-0.059822947, 0.92910504, 0.3649453), (-0.05982606, 0.9291072, 0.36493918), (-0.05982303, 0.9291028, 0.36495104), (-0.059822947, 0.92910504, 0.3649453), (-0.05982303, 0.9291028, 0.36495104), (-0.05981996, 0.9291087, 0.3649365), (-0.059822947, 0.92910504, 0.3649453), (0.0000040418254, 0.99999166, -0.0040967064), (0.000003490521, 0.99999166, -0.004087043), (0.0000014279983, 0.99999166, -0.004106811), (-0.0005211311, 0.99997723, -0.0067274496), (-0.00042456182, 0.9999778, -0.0066518234), (-0.00023348315, 0.9999795, -0.006399583), (-0.0006955131, 0.9999763, -0.0068558236), (-0.00071276026, 0.9999765, -0.0068212133), (-0.0005211311, 0.99997723, -0.0067274496), (-0.119921856, 0.94810635, 0.29447067), (-0.119921856, 0.94810635, 0.29447067), (-0.119921856, 0.94810635, 0.29447067), (-0.4534878, 0.8902135, -0.04322812), (-0.4534878, 0.8902135, -0.04322812), (-0.4534878, 0.8902135, -0.04322812), (-0.64552134, 0.5318426, 0.5481293), (-0.645597, 0.53176427, 0.54811627), (-0.64565635, 0.5317029, 0.5481058), (-0.64552134, 0.5318426, 0.5481293), (-0.64565635, 0.5317029, 0.5481058), (-0.64561164, 0.53174967, 0.5481129), (-0.62221617, 0.10513663, 0.77575344), (-0.6223488, 0.10510424, 0.77565134), (-0.62240964, 0.10508927, 0.7756046), (-0.62221617, 0.10513663, 0.77575344), (-0.62240964, 0.10508927, 0.7756046), (-0.6223283, 0.10511017, 0.7756671), (-0.705956, 0.06260723, -0.7054831), (-0.7059139, 0.0625958, -0.70552623), (-0.7059123, 0.06259559, -0.7055278), (-0.705956, 0.06260723, -0.7054831), (-0.7059123, 0.06259559, -0.7055278), (-0.7059193, 0.062596485, -0.7055208), (-0.8955212, -0.26254037, 0.3593248), (-0.8954854, -0.26252088, 0.35942823), (-0.8955027, -0.26253003, 0.35937852), (-0.8955212, -0.26254037, 0.3593248), (-0.8955027, -0.26253003, 0.35937852), (-0.89548594, -0.26252142, 0.35942665), (-0.75929457, 0.32842943, 0.5617881), (-0.7587461, 0.3292421, 0.5620534), (-0.75874525, 0.32923642, 0.56205785), (-0.75929457, 0.32842943, 0.5617881), (-0.75874525, 0.32923642, 0.56205785), (-0.76158196, 0.32261994, 0.5620581), (-0.9876436, 0.035329882, 0.1526826), (-0.9876216, 0.035707057, 0.15273711), (-0.98761755, 0.035775073, 0.15274747), (-0.9876436, 0.035329882, 0.1526826), (-0.98761755, 0.035775073, 0.15274747), (-0.98762184, 0.035703067, 0.15273657), (0.29087737, 0.7701084, 0.5677354), (0.29087943, 0.7701149, 0.5677255), (0.29086968, 0.77011573, 0.56772935), (0.29087737, 0.7701084, 0.5677354), (0.29086968, 0.77011573, 0.56772935), (0.2908588, 0.7701187, 0.5677309), (-0.705544, 0.2481431, 0.66380155), (-0.7054505, 0.2481224, 0.66390884), (-0.7054497, 0.24812546, 0.66390854), (-0.41660026, 0.76686543, 0.488223), (-0.4166012, 0.76685774, 0.48823413), (-0.4165978, 0.76686335, 0.48822832), (-0.41660026, 0.76686543, 0.488223), (-0.4165978, 0.76686335, 0.48822832), (-0.4165901, 0.76687753, 0.48821262), (-0.08874185, 0.90163577, -0.42329404), (-0.088746496, 0.9016302, -0.4233049), (-0.08873898, 0.9016389, -0.42328784), (-0.08874185, 0.90163577, -0.42329404), (-0.08873898, 0.9016389, -0.42328784), (-0.088740356, 0.9016386, -0.4232881), (-0.7078706, 0.27360335, 0.65119916), (-0.70787424, 0.27360138, 0.65119606), (-0.7078632, 0.27360857, 0.65120506), (-0.7055351, 0.24813798, 0.66381305), (-0.0000012618253, 1.502177e-7, -1), (-0.0000012727335, 1.4511208e-7, -1), (-0.0000012673243, 1.4764392e-7, -1), (-0.0000012564162, 1.5274954e-7, -1), (0, -1, 0), (0, -1, 0), (0, -1, 0), (0, -1, 0), (0.043589626, -0.15170129, -0.9874648), (0.043597728, -0.15170279, -0.9874642), (0.04359334, -0.1517026, -0.9874644), (0.043574527, -0.15169922, -0.9874657), (0.0000012309383, 0.15725502, 0.987558), (0.0000012291356, 0.15725496, 0.987558), (0.000001254091, 0.15725583, 0.9875579), (0.0000012555932, 0.15725589, 0.9875579), (0, -1, 0), (0, -1, 0), (0, -1, 0), (0, -1, 0), (0, -1, 0), (0, -1, 0), (0, -1, 0), (0, -1, 0), (-0.9993717, -0.03544471, 0.0000012495727), (-0.9993717, -0.03544471, 0.0000012385248), (-0.9993717, -0.03544471, 0.0000012465646), (-0.9993717, -0.035444733, 0.0000012595677), (-0.9993717, -0.035444744, 0.0000012712208), (-0.9993717, -0.035444513, 0.0000012543993), (-0.3824639, 0.02246381, 0.9236973), (-0.38246238, 0.022462917, 0.92369795), (-0.3824771, 0.022458995, 0.9236919), (-0.3824662, 0.022464612, 0.9236963), (-0.38245836, 0.022444256, 0.9237001), (-0.9028399, 0.3536997, 0.24449249), (-0.9028362, 0.35371694, 0.24448131), (-0.902842, 0.35369015, 0.24449867), (-0.9028457, 0.3536732, 0.24450968), (-0.81490797, 0.2642823, 0.51582944), (-0.81491345, 0.26425695, 0.5158336), (-0.8149102, 0.2642397, 0.5158477), (-0.81490695, 0.26428235, 0.515831), (-0.7956993, 0.26607838, 0.5441185), (-0.7956931, 0.26606023, 0.5441364), (0.25380182, 0.34249717, 0.9045886), (0.25380045, 0.3425002, 0.9045877), (0.2538081, 0.3424832, 0.904592), (0.25380942, 0.3424803, 0.90459275), (-0.99352646, 0.11345416, -0.0057866136), (-0.99352646, 0.11345363, -0.0057865577), (-0.9935255, 0.11346223, -0.0057874443), (-0.9935254, 0.11346264, -0.0057874857), (-0.9547315, -0.2974691, 0.0000012416222), (-0.9547314, -0.2974693, 0.0000013332325), (-0.9547314, -0.29746917, 0.0000012941207), (-0.9547315, -0.297469, 0.0000011866857), (-0.9547314, -0.29746923, 0.0000012067879), (-0.9547315, -0.29746908, 0.0000012883667), (0, -1, 0), (0, -1, 0), (0, -1, 0), (0, -1, 0), (0, -1, 0), (-0.039259195, 0.48996034, -0.8708603), (-0.039259166, 0.4899606, -0.8708601), (-0.039259475, 0.48995697, -0.8708621), (-0.039259493, 0.48995674, -0.8708623), (-0.18194912, -0.013092384, 0.9832208), (-0.18194894, -0.013092602, 0.9832208), (-0.18194912, -0.013092404, 0.9832208), (-0.18194924, -0.013092238, 0.9832208), (0.99919456, 0.039671037, 0.006030306), (0.9991953, 0.03965164, 0.006051263), (0.99920136, 0.039497368, 0.0060535306), (0.99922013, 0.039034326, 0.0059483354), (0.9991966, 0.039626814, 0.0059960396), (0.99919516, 0.039666813, 0.005969601), (0.38040894, 0.4366496, -0.81524605), (0.3804087, 0.4366501, -0.8152459), (0.38041016, 0.43664744, -0.8152467), (0.3804104, 0.43664694, -0.81524676), (-0.6692899, 0.31239474, -0.674137), (-0.6693959, 0.3121146, -0.67416143), (-0.6693313, 0.3122852, -0.67414653), (-0.66928315, 0.31241238, -0.6741354), (0.81267434, 0.46121714, 0.35614482), (0.8126726, 0.46122, 0.35614526), (0.812681, 0.4612066, 0.35614344), (0.8126827, 0.4612039, 0.35614306), (-0.23135139, 0.36331436, 0.902485), (-0.23135133, 0.36331427, 0.9024851), (-0.23135185, 0.3633152, 0.9024846), (-0.23135188, 0.36331522, 0.9024846), (0.000001228977, -0.19594496, 0.98061496), (0.000001231479, -0.19594496, 0.98061496), (0.0000012579632, -0.19594496, 0.98061496), (0.0000012700417, -0.19594495, 0.98061496), (0.0000014314736, -0.19594486, 0.98061496), (4.930909e-7, -0.15896304, 0.98728454), (-6.711894e-7, -0.15896289, 0.98728454), (0.0000010669706, -0.1589629, 0.98728454), (0.0000012545352, -0.1589632, 0.98728454), (0.0000013909037, -0.15896346, 0.98728454), (0.0000014148966, -0.15896387, 0.9872844), (-0.0000010640783, -0.15896472, 0.9872843), (0.56984144, 0.31675985, 0.75825065), (0.5698384, 0.31676605, 0.75825024), (0.56984925, 0.31674373, 0.7582515), (0.569852, 0.31673798, 0.7582517), (0.9872846, -0.15896273, -0.0000012347564), (0.98728454, -0.15896283, -0.0000012175503), (0.98728454, -0.15896285, -0.0000012291008), (0.9872846, -0.1589628, -0.0000012283577), (0.9872846, -0.15896273, -0.0000012178317), (0.98728454, -0.15896316, -0.0000012297883), (0.9872846, -0.15896218, -0.0000012823606), (-0.0000012246926, -0.1589628, -0.9872846), (-0.0000012731463, -0.15896289, -0.98728454), (-3.2988123e-7, -0.1589628, -0.9872846), (-0.0000010780508, -0.15896268, -0.9872846), (7.9391964e-7, -0.15896282, -0.9872846), (-0.98728406, -0.15896587, 0), (-0.9872846, -0.15896235, 8.1801676e-7), (-0.9872846, -0.15896253, 0.0000012025197), (-0.9872846, -0.15896264, 8.4896993e-7), (-0.9872844, -0.15896416, -3.3327788e-7), (-0.9872857, -0.15895583, 4.845213e-7), (0.99611485, 0.08792337, 0.0049696355), (0.99611473, 0.087923884, 0.0049696774), (0.996114, 0.08793454, 0.0049264585), (0.9961153, 0.087918036, 0.0049709864), (0.9954454, 0.09441116, -0.013228827), (0.99544525, 0.0944133, -0.013229141), (-0.000001207982, -0.22824165, -0.97360444), (-0.0000011507561, -0.22824161, -0.97360456), (-0.0000011863704, -0.22824167, -0.97360456), (-0.000001243452, -0.22824176, -0.97360444), (0.000005456756, -1, 0.0000317396), (0, -1, 0), (0, -1, 0), (0.0000018706886, -1, 0.000010880992), (0.000017181923, -1, 0.00009993986), (0.67082614, 0.16933472, -0.72202367), (0.67082596, 0.16933472, -0.7220238), (0.6708262, 0.16933474, -0.7220236), (0.67082626, 0.16933474, -0.7220235), (0.835479, -0.03282825, 0.5485408), (0.8354304, -0.032777686, 0.5486181), (0.8354122, -0.03277969, 0.54864556), (0.83543557, -0.032783274, 0.54860973), (0.83544534, -0.03277676, 0.54859525), (-0.057994638, 0.9063013, 0.41863415), (-0.057994615, 0.9063014, 0.41863397), (-0.05799473, 0.9063015, 0.41863367), (-0.05799463, 0.9063015, 0.41863364), (-0.05799525, 0.9063018, 0.41863307), (-0.8896928, -0.456538, -0.00445281), (-0.88963586, -0.45664912, -0.004418144), (-0.8895375, -0.45684126, -0.0043771244), (-0.8896172, -0.45668578, -0.004395827), (-0.88964355, -0.45663467, -0.0043817135), (-0.2454843, 0.5450813, 0.8016382), (-0.24548425, 0.5450975, 0.8016272), (-0.24548627, 0.5451459, 0.80159366), (-0.24548644, 0.5451145, 0.8016149), (0.41773117, 0.6076553, 0.675467), (0.41773129, 0.6076553, 0.6754669), (0.41773123, 0.60765535, 0.675467), (0.41773102, 0.6076554, 0.67546713), (0.9901541, 0.13998187, -0.0000012655122), (0.9901541, 0.13998187, -0.0000012642638), (0.9901541, 0.13998201, -0.000001279324), (0.9901541, 0.13998203, -0.0000012803474), (0.06269713, 0.3923593, 0.91767275), (0.06266944, 0.3923507, 0.91767824), (0.062698096, 0.39235342, 0.91767514), (0.06269176, 0.39234728, 0.91767824), (-0.97181576, -0.23568024, -0.005367258), (-0.97186667, -0.23546857, -0.0054419157), (-0.97179025, -0.23578069, -0.005590145), (-0.97186285, -0.23548482, -0.005426943), (-0.9718703, -0.2354554, -0.0053841486), (-0.7254888, 0.40658683, 0.5552955), (-0.7254888, 0.40658683, 0.5552955), (-0.72548854, 0.4065868, 0.5552958), (-0.7254885, 0.4065867, 0.55529594), (-0.32914713, -0.18132739, 0.92670524), (-0.3291467, -0.18132745, 0.9267053), (-0.32914716, -0.1813274, 0.92670524), (-0.32914755, -0.18132734, 0.9267051), (-0.0000086086275, -1, 0.000005416072), (0, -1, 0), (-0.000006166381, -1, 0.0000064929836), (-0.00001254835, -1, 0.000010366306), (-0.000015492886, -1, -3.2538708e-7), (-0.3106655, 0.56101066, -0.76730305), (-0.31066683, 0.5611703, -0.7671858), (-0.31066677, 0.56121784, -0.76715106), (-0.3106664, 0.56115675, -0.7671958), (-0.7159126, 0.63531184, -0.28956538), (-0.7159089, 0.6353159, -0.28956562), (-0.7159066, 0.63531846, -0.28956553), (-0.7158949, 0.6353318, -0.2895652), (-0.9148899, -0.40366748, -0.0053862343), (-0.91489506, -0.40365562, -0.005399683), (-0.9148629, -0.40372923, -0.005346006), (-0.91486466, -0.40372545, -0.0053447983), (-0.91484916, -0.4037616, -0.0052419845), (0.9386671, 0.29589486, -0.17706001), (0.9386448, 0.2959449, -0.17709418), (0.9386474, 0.29593873, -0.17709124), (0.93865705, 0.29591647, -0.17707767), (0.7334715, 0.6114667, 0.29686356), (0.73354185, 0.61138266, 0.2968628), (0.7336924, 0.6112015, 0.296864), (0.73351747, 0.6114111, 0.29686457), (0.28032675, 0.6645853, 0.69263506), (0.28032646, 0.6645548, 0.69266444), (0.2803269, 0.66459984, 0.69262093), (0.28032646, 0.66454375, 0.692675), (0.69723284, 0.1662229, 0.6973065), (0.69727844, 0.16621256, 0.6972634), (0.6972221, 0.16622491, 0.69731677), (0.6972835, 0.16621411, 0.69725776), (0.0000012011021, 0.018841067, 0.99982256), (0.0000015064165, 0.01884104, 0.99982256), (0.0000012416018, 0.018841093, 0.99982256), (0.0000012120271, 0.018841095, 0.99982256), (0.0000012371825, 0.018841106, 0.99982256), (0.0000012466937, 0.018841112, 0.99982256), (0.2265713, -0.05879855, 0.9722181), (0.22642404, -0.058854863, 0.9722491), (0.22624096, -0.058923263, 0.97228754), (0.22643252, -0.05885072, 0.9722474), (0.073396, 0.13533084, 0.9880782), (0.07340491, 0.13558148, 0.9880432), (0.07340778, 0.13566427, 0.9880316), (0.07340547, 0.13561448, 0.9880386), (0.0000012379978, -0.22646335, 0.97401965), (0.0000012264211, -0.22646345, 0.97401965), (0.0000012020571, -0.2264633, 0.97401965), (0.0000011521411, -0.22646327, 0.97401965), (0.0000010484956, -0.22646335, 0.97401965), (0.66638935, 0.7013092, 0.2531613), (0.666386, 0.70131326, 0.2531588), (0.6663759, 0.7013223, 0.25316048), (0.6664048, 0.70129406, 0.25316253), (0.16793016, 0.94983757, 0.2638337), (0.16792585, 0.9498373, 0.26383677), (0.16792655, 0.9498355, 0.2638433), (0.16793084, 0.9498364, 0.26383734), (0.6844637, 0.44051996, 0.580906), (0.68450093, 0.44049504, 0.5808809), (0.68447506, 0.4405119, 0.5808986), (0.68446636, 0.44052026, 0.58090246), (0.31064737, 0.35461164, 0.8819007), (0.3106307, 0.35457757, 0.8819203), (0.31067172, 0.3546629, 0.8818715), (0.31063357, 0.35458422, 0.8819166), (0.99015385, -0.1399411, 0.0034433417), (0.990139, -0.14004959, 0.0032991862), (0.9901338, -0.14008681, 0.0032507696), (0.99014205, -0.14002712, 0.0033303117), (0.9311846, 0.2902436, 0.2205764), (0.93118674, 0.290249, 0.2205599), (0.93118316, 0.29023507, 0.22059363), (0.93118656, 0.2902496, 0.22056016), (0.92092425, -0.33639082, -0.19682394), (0.9209264, -0.33639726, -0.19680282), (0.92092186, -0.336379, -0.19685581), (0.92092687, -0.33639327, -0.19680749), (0.9289255, -0.097451255, 0.35721225), (0.92892635, -0.09744976, 0.35721064), (0.9289293, -0.09743955, 0.3572055), (0.92892283, -0.09746321, 0.35721594), (0.92893046, -0.09742932, 0.35720545), (0.95376074, 0.3001594, -0.015642349), (0.9537556, 0.30017614, -0.015634686), (0.9537638, 0.30014956, -0.01564639), (0.9537627, 0.30015337, -0.015644431), (-0.3079253, -0.19095948, -0.93204963), (-0.30790427, -0.19096647, -0.9320551), (-0.30789605, -0.1909597, -0.9320593), (-0.30788732, -0.19096804, -0.9320604), (0.36959085, 0.25935128, 0.8922665), (0.36959106, 0.25935084, 0.89226663), (0.36958978, 0.25935385, 0.8922662), (0.36958966, 0.2593543, 0.89226615), (-0.04835293, -0.3900226, -0.9195348), (-0.048357584, -0.39002237, -0.9195347), (-0.04838341, -0.389999, -0.91954327), (-0.048377696, -0.39000094, -0.9195427), (0.51066566, 0.51494944, 0.68851125), (0.51068246, 0.51546246, 0.68811476), (0.51068616, 0.5156, 0.6880089), (0.51068103, 0.5154567, 0.68812007), (0.8702532, -0.018544504, 0.49225554), (0.87038636, -0.018562058, 0.49201933), (0.8703628, -0.0185589, 0.49206117), (0.87038827, -0.01856188, 0.49201605), (0.91595876, 0.344992, 0.20493923), (0.9158568, 0.34524146, 0.20497483), (0.9158303, 0.34530616, 0.2049844), (0.9158585, 0.345237, 0.20497502), (-8.9674165e-7, 0.3899341, -0.92084277), (-8.854903e-7, 0.38993433, -0.9208427), (-9.5104895e-7, 0.3899329, -0.9208433), (-9.611957e-7, 0.3899327, -0.9208433), (0.9592271, 0.17455025, 0.22229606), (0.959227, 0.17455107, 0.22229606), (0.95922774, 0.17454636, 0.22229604), (0.959228, 0.17454568, 0.2222961), (-0.78168553, 0.56201845, 0.27037582), (-0.7815544, 0.562276, 0.27021903), (-0.7813929, 0.5625933, 0.2700259), (-0.781528, 0.56232804, 0.2701874), (-0.93936884, 0.1277888, 0.318208), (-0.93936884, 0.1277888, 0.31820798), (-0.9393687, 0.12778923, 0.318208), (-0.9393687, 0.12778892, 0.31820804), (-0.93936867, 0.12779045, 0.3182079), (0.9904981, 0.11576017, -0.07424863), (0.9904971, 0.11578071, -0.074231386), (0.9904987, 0.11574979, -0.0742573), (0.9904998, 0.115730174, -0.074273795), (0.9992711, 0.038103934, -0.0023282887), (0.9992692, 0.038152955, -0.0023166225), (0.9992679, 0.03819063, -0.0023021987), (0.99926895, 0.038161613, -0.002308275), (0.99926764, 0.038196083, -0.0022809755), (0.9992681, 0.038181584, -0.0023241132), (0.9992681, 0.038184334, -0.002290586), (0.0000014063663, 0, 1), (6.449692e-7, 0, 1), (0.0000011601118, 0, 1), (0.0000012155278, 0, 1), (0.0000011256295, 0, 1), (0.0000010689906, -3.0463045e-7, 1), (0.0000012228, 0, 1), (0.54919404, -0.6298912, 0.549202), (0.5491938, -0.62989163, 0.549202), (0.54919386, -0.6298914, 0.5492021), (0.54919446, -0.6298908, 0.5492022), (0.6662958, 0.053942937, 0.7437338), (0.6663097, 0.053935334, 0.743722), (0.666262, 0.053965963, 0.7437625), (0.6663051, 0.053934485, 0.743726), (0.9547314, 0.29746935, -0.00000117276), (0.9547314, 0.29746932, -0.0000011670448), (0.9547314, 0.29746953, -0.0000012382106), (0.9547314, 0.29746932, -0.0000012181132), (0.9547314, 0.29746935, -0.0000011697582), (0.9547314, 0.2974695, -0.0000011324503), (0.9547315, 0.29746872, -0.0000011434173), (0, 1, 0), (0, 1, 0), (0, 1, 0), (0, 1, 0), (0, 1, 0), (0, 1, 0), (0, 1, -2.3235647e-7), (0, 1, 0), (0.24930061, 0.94584656, 0.20790291), (0.24930178, 0.9458448, 0.20790881), (0.24930263, 0.9458444, 0.2079098), (0.24930234, 0.94584495, 0.2079076), (0.24929817, 0.945849, 0.20789473), (-0.5906512, 0.79241186, -0.15236373), (-0.59063417, 0.7924228, -0.15237279), (-0.5906416, 0.7924194, -0.15236157), (-0.5906626, 0.79240376, -0.15236108), (-0.59066373, 0.79240054, -0.15237406), (-0.59066266, 0.79240143, -0.15237367), (-0.059822153, 0.92911017, 0.3649321), (-0.059821792, 0.9291134, 0.3649243), (-0.059825998, 0.9291087, 0.36493564), (-0.059822947, 0.92910504, 0.3649453), (0, 1, 0), (1.1071422e-7, 1, 0), (0, 1, 0), (0, 1, 0), (-0.48970574, 0.8674876, -0.08748464), (-0.48970953, 0.8674863, -0.08747723), (-0.4897034, 0.8674883, -0.08749031), (-0.48970735, 0.8674858, -0.08749287), (-0.48971033, 0.86748403, -0.08749415), (0.02755078, 0.9992397, 0.027585255), (0.02757232, 0.9992384, 0.027611038), (0.027558448, 0.9992392, 0.027594004), (0.027578492, 0.999238, 0.027619883), (-0.44462326, 0.8925934, 0.074747786), (-0.44454387, 0.8926329, 0.074748024), (-0.44452435, 0.892642, 0.074755125), (-0.44454515, 0.89263284, 0.07474168), (-0.44453803, 0.89263606, 0.074744724), (-0.01954556, 0.8686336, -0.4950693), (-0.019545523, 0.86863375, -0.4950692), (-0.019545786, 0.8686334, -0.49506983), (-0.01954581, 0.8686333, -0.4950698), (0.0000014279983, 0.99999166, -0.004106811), (0, 0.99999154, -0.0041105505), (7.9568235e-7, 0.99999154, -0.0041096197), (0.0000020106932, 0.99999154, -0.0041077253), (0.0000026103023, 0.99999154, -0.004107478), (0.000003009957, 0.99999166, -0.0041049384), (0.0000040418254, 0.99999166, -0.0040967064), (0.35657454, 0.9209576, -0.157136), (0.35657337, 0.92095816, -0.15713528), (0.3565748, 0.9209575, -0.15713616), (0.35657564, 0.920957, -0.15713668), (-0.00023348315, 0.9999795, -0.006399583), (-0.0005778873, 0.9999769, -0.006789367), (-0.0005211311, 0.99997723, -0.0067274496), (-0.0006955131, 0.9999763, -0.0068558236), (0.069977894, 0.96272266, -0.26128173), (0.06998672, 0.9627291, -0.26125568), (0.06997845, 0.96272326, -0.26127952), (0.0699744, 0.9627228, -0.26128227), (0, 1, 0), (0, 1, 0), (-1.198286e-7, 1, 0), (-1.1756307e-7, 1, 0), (-1.4624267e-7, 1, 0), (0, 1, 0), (-0.9212028, 0.077166684, -0.3813539), (-0.921203, 0.07716485, -0.38135365), (-0.92120105, 0.07717921, -0.3813555), (-0.92120075, 0.07718076, -0.38135576), (-0.95517427, 0.29604405, 0.000001215509), (-0.95517427, 0.29604402, 0.000001206352), (-0.95517415, 0.2960443, 0.0000013250694), (-0.95517415, 0.29604432, 0.0000013327607), (0.8867458, 0.46225753, -0.000001057472), (0.8867457, 0.46225762, -0.0000010418091), (0.88674617, 0.4622568, -0.0000011744314), (0.88674617, 0.46225667, -0.0000011884009), (-0.99995923, 0.009031093, 0.000001260114), (-0.99995923, 0.009031075, 0.0000012631152), (-0.99995923, 0.009031313, 0.0000012234447), (-0.99995923, 0.009031327, 0.0000012210278), (0.6750374, 0.36974114, 0.638448), (0.6750378, 0.36974, 0.6384484), (0.6750336, 0.36975268, 0.6384454), (0.6750333, 0.36975375, 0.6384452), (-0.5345819, 0.55062145, -0.6411226), (-0.534584, 0.55061936, -0.6411227), (-0.5345733, 0.55063075, -0.64112186), (-0.5345716, 0.55063254, -0.64112175), (0.8362447, 0.41073495, -0.3633064), (0.836245, 0.41073403, -0.36330688), (0.83624303, 0.41074038, -0.36330417), (0.8362428, 0.41074124, -0.36330378), (-0.13241403, 0.23338072, 0.9633275), (-0.13241395, 0.23337908, 0.963328), (-0.13241573, 0.23340888, 0.96332043), (-0.13241582, 0.23341018, 0.96332014), (0.916421, 0.3907875, 0.08635796), (0.9164184, 0.39079303, 0.08636008), (0.91643363, 0.39076033, 0.0863475), (0.9164359, 0.39075541, 0.08634562), (-0.47880724, 0.30616364, 0.8228046), (-0.47880805, 0.3061679, 0.8228026), (-0.47880518, 0.30615205, 0.82281005), (-0.47880453, 0.30614808, 0.822812), (0.96979576, 0.16224578, -0.18213294), (0.9697963, 0.162243, -0.18213259), (0.9697934, 0.16225824, -0.18213451), (0.9697929, 0.16226095, -0.18213482), (0.61707515, 0.48828653, -0.61708546), (0.6170767, 0.4882816, -0.6170879), (0.61706024, 0.48833385, -0.6170629), (0.617059, 0.488338, -0.61706096), (-0.0000012669248, 0.016055312, -0.99987113), (-0.0000012675179, 0.016055336, -0.99987113), (-0.0000012566562, 0.016054858, -0.99987113), (-0.0000012562041, 0.016054837, -0.99987113), (0.88965285, 0.4566284, 0.0028832718), (0.88965786, 0.4566187, 0.0028772268), (0.88964653, 0.45664057, 0.0028907089), (0.8896417, 0.4566499, 0.002896495), (-0.36270547, 0.32020605, -0.87516445), (-0.36270568, 0.32020482, -0.8751648), (-0.362704, 0.3202139, -0.8751622), (-0.36270383, 0.32021505, -0.8751618), (-0.007546738, 0.20864125, -0.97796315), (-0.0075467452, 0.20864122, -0.97796315), (-0.0075465795, 0.20864248, -0.9779628), (-0.0075465743, 0.20864254, -0.9779628), (0.63371426, 0.3633739, -0.6829097), (0.6337145, 0.3633771, -0.6829079), (0.63371396, 0.3633678, -0.6829132), (0.63371384, 0.36336485, -0.6829149), (-0.34494397, 0.3670964, -0.8638599), (-0.3449438, 0.36709592, -0.86386013), (-0.34494787, 0.36710623, -0.8638541), (-0.34494808, 0.36710668, -0.86385393), (-0.76158196, 0.32261994, 0.5620581), (-0.7629756, 0.32080647, 0.5612054), (-0.76297385, 0.32082352, 0.56119806), (-0.75929457, 0.32842943, 0.5617881), (-0.25030252, 0.30251333, -0.9196926), (-0.2503088, 0.30251253, -0.9196911), (-0.2503065, 0.30251282, -0.91969156), (-0.25030023, 0.30251366, -0.919693), (0.9896367, 0.14359358, -0.0000012627725), (0.9896367, 0.14359353, -0.0000012657457), (0.9896366, 0.14359419, -0.0000012258529), (0.9896366, 0.14359425, -0.0000012235785), (-0.8962762, 0.42182046, 0.13695447), (-0.8962749, 0.4218233, 0.13695379), (-0.8962869, 0.4217959, 0.13696021), (-0.89628786, 0.42179364, 0.13696074), (-0.9300751, 0.27344856, 0.2453285), (-0.93007493, 0.27345073, 0.24532704), (-0.93007535, 0.2734468, 0.24532968), (-0.93007565, 0.27344477, 0.24533105), (0.5683214, 0.39867458, -0.71977025), (0.5683212, 0.3986683, -0.7197739), (0.5683229, 0.39873344, -0.7197365), (0.568323, 0.39873847, -0.71973366), (-0.90573466, 0.4205977, -0.05236838), (-0.90573335, 0.42060012, -0.052368805), (-0.9057527, 0.42055944, -0.052361786), (-0.9057536, 0.4205576, -0.052361462), (-3.4472453e-7, 0.051399864, 0.99867815), (-3.5974887e-7, 0.05140007, 0.99867815), (-1.1624879e-7, 0.05139666, 0.99867827), (-1.0532534e-7, 0.0513965, 0.99867827), (-0.0000011596301, 0.18824296, -0.98212254), (-0.0000011544491, 0.18824294, -0.98212254), (-0.0000012399215, 0.18824378, -0.9821223), (-0.0000012436963, 0.18824384, -0.9821223), (-0.6397983, 0.5567538, -0.52979565), (-0.63981766, 0.5567368, -0.5297901), (-0.63980407, 0.5567488, -0.5297939), (-0.6397849, 0.55676556, -0.5297994), (0.9163176, 0.3958624, -0.060456384), (0.9163154, 0.39586753, -0.06045623), (0.9163338, 0.39582455, -0.060457576), (0.9163359, 0.3958199, -0.06045773), (-0.95951533, 0.26733184, -0.08867919), (-0.95951545, 0.2673313, -0.08867899), (-0.9595136, 0.26733747, -0.08868128), (-0.9595135, 0.26733786, -0.08868142), (-0.0022128196, 0.32382768, 0.94611347), (-0.002212807, 0.32382762, 0.9461136), (-0.0022129873, 0.32382867, 0.9461131), (-0.0022129982, 0.3238288, 0.9461131), (0.8378919, 0.42127895, 0.34707528), (0.8378886, 0.42128497, 0.3470758), (0.8379078, 0.4212496, 0.3470727), (0.8379107, 0.42124397, 0.34707224), (0.5716892, 0.38808885, 0.7228821), (0.5716987, 0.3880763, 0.7228813), (0.57165563, 0.38813296, 0.7228849), (0.57164735, 0.3881441, 0.7228856), (-0.27744308, 0.44569322, 0.8511069), (-0.27744302, 0.44569162, 0.8511077), (-0.2774433, 0.44570062, 0.8511029), (-0.27744335, 0.44570214, 0.8511021), (-0.028968409, 0.4499369, 0.89259034), (-0.02896769, 0.44993567, 0.8925911), (-0.028970178, 0.44994006, 0.89258873), (-0.028970858, 0.44994128, 0.8925881)]
    uniform token orientation
    point3f[] points = [(-1.7620666, 0.59906536, 1.0666606), (-1.2424196, 0, 0.97020423), (-1.6656123, 0, 0.21617374), (1.608524, 1.6389424, -1.1191268), (0.8489574, 1.6389424, -1.8786916), (1.4706036, 0.9231827, -1.6651362), (-0.6225716, 0, 0.59813195), (-0.06112588, 1.0759242, 1.008071), (1.0921334, 0, 0.5981298), (-0.39132956, 1.2085828, -2.3597703), (0.18667127, 0.4705339, -2.2314215), (0.15645015, 1.1942532, -2.1118407), (0.19859467, 1.6177423, -1.5620751), (1.0699394, 1.5541418, -1.2719926), (0.269003, 2.324872, -1.3572265), (-0.9126519, 0.655805, -2.6171427), (-0.39132956, 1.2085828, -2.3597703), (-1.6803465, 1.1060975, -2.359319), (-1.8462341, 1.121793, 1.1508262), (-1.9074262, 1.5018607, 0.81100625), (-0.13430347, 1.5968395, 1.2273103), (-0.47286624, 0.8830403, 1.4079303), (-0.6348355, 1.2050304, 0.6884146), (1.0773472, 1.2059885, 0.923535), (1.0497571, 2.088512, 0.237101), (1.0622046, 1.3751733, 0.7492372), (0.47793198, 2.1089387, 0.8298656), (1.0921334, 0, 0.5981298), (0.23191622, 1.637496, 1.0697775), (1.0622046, 1.3751733, 0.7492372), (1.0622046, 1.3751733, 0.7492372), (0.23191622, 1.637496, 1.0697775), (0.47793198, 2.1089387, 0.8298656), (0.47793198, 2.1089387, 0.8298656), (0.23191622, 1.637496, 1.0697775), (-0.32811946, 2.3391237, 0.74919444), (-0.06112588, 1.0759242, 1.008071), (0.23191622, 1.637496, 1.0697775), (1.0921334, 0, 0.5981298), (1.608525, 1.6389424, -0.34376803), (1.726669, 1.3058016, -0.30804604), (1.5695918, 1.4368882, 0.15689975), (0.269003, 2.324872, -1.3572265), (1.0699394, 1.5541418, -1.2719926), (1.0553129, 2.1056411, -0.85778767), (1.809694, 0.9939104, 0.7843218), (1.7554986, 0.8703983, 1.0754712), (1.6648959, 1.0849174, 0.98543316), (1.8320265, 0.4839207, 0.93727726), (1.7554986, 0.8703983, 1.0754712), (1.809694, 0.9939104, 0.7843218), (1.3039169, 1.4399296, 0.017569037), (1.050051, 2.204444, -0.29067144), (1.3067911, 1.4904906, -0.55282694), (1.0622046, 1.3751733, 0.7492372), (1.3039169, 1.4399296, 0.017569037), (1.0921334, 0, 0.5981298), (1.1039813, 1.1920929e-7, -1.10012), (1.3067911, 1.4904906, -0.55282694), (1.0699394, 1.5541418, -1.2719926), (1.6897672, 0.69550276, -0.25053883), (1.726669, 1.3058016, -0.30804604), (1.7672988, 1.0978757, -1.0455267), (1.4706036, 0.9231827, -1.6651362), (1.7672988, 1.0978757, -1.0455267), (1.608524, 1.6389424, -1.1191268), (1.2927186, 0, 0.38978362), (1.6897672, 0.69550276, -0.25053883), (1.2927164, 1.1920929e-7, -1.3896923), (0.20542623, 0, -2.1367323), (-0.9126519, 0.655805, -2.6171427), (-1.6681546, 0, -2.13673), (0.18667127, 0.4705339, -2.2314215), (-0.9126519, 0.655805, -2.6171427), (0.20542623, 0, -2.1367323), (-0.39132956, 1.2085828, -2.3597703), (-0.9126519, 0.655805, -2.6171427), (0.18667127, 0.4705339, -2.2314215), (-0.18166484, 0.61660653, -1.573663), (0.61501396, 0.7644295, -1.7546694), (0.10518131, 1.3395149, -1.7893525), (1.2927164, 1.1920929e-7, -1.3896923), (1.4706036, 0.9231827, -1.6651362), (0.61501396, 0.7644295, -1.7546694), (1.1039813, 1.1920929e-7, -1.10012), (1.0699394, 1.5541418, -1.2719926), (0.19859467, 1.6177423, -1.5620751), (-1.0256974, 1.7071049, -1.2889057), (0.19859467, 1.6177423, -1.5620751), (-0.19715394, 2.324872, -1.3572261), (-0.6107238, 1.1920929e-7, -1.1001176), (0.19859467, 1.6177423, -1.5620751), (-1.0256974, 1.7071049, -1.2889057), (-0.19715394, 2.324872, -1.3572261), (0.19859467, 1.6177423, -1.5620751), (0.269003, 2.324872, -1.3572265), (1.1039813, 1.1920929e-7, -1.10012), (0.19859467, 1.6177423, -1.5620751), (-0.6107238, 1.1920929e-7, -1.1001176), (-0.7503867, 2.2356954, 0.37854686), (-0.57232034, 2.3375254, 0.6076859), (-0.67657447, 2.180407, 0.7011584), (-0.28404653, 1.8005111, 0.976467), (-0.62795424, 1.9342469, 0.8574347), (-0.504847, 2.201459, 0.8789854), (1.8187388, 0.7971488, -0.48854178), (1.8042736, 1.2022256, 0.0067314366), (1.50474, 1.1993824, -0.6859404), (0.37618372, 1.2019564, 1.2728809), (0.39994022, 1.1256973, 1.4709289), (-1.0668653, 0.94504464, 1.6903973), (0.39994022, 1.1256973, 1.4709289), (-0.021091044, 0.9255982, 1.9113286), (-1.0668653, 0.94504464, 1.6903973), (-0.021091044, 0.9255982, 1.9113286), (-0.466415, 0.89692605, 1.9113292), (-1.0668653, 0.94504464, 1.6903973), (1.5295073, 1.3345625, 0.7479904), (1.0352312, 1.3351301, 0.8864551), (-0.6199129, 1.3342072, 0.6591709), (-0.51145893, 2.42497, -0.0050423336), (-0.19680932, 2.4167438, -1.3183228), (0.25381297, 2.4167438, -1.3183231), (-0.32341948, 2.430519, 0.71792346), (-0.559477, 2.428973, 0.5811319), (-0.51145893, 2.42497, -0.0050423336), (-0.1360533, 1.7129617, 1.1801142), (-1.8501114, 1.62115, 0.7776764), (-1.6492735, 1.7129617, 0.56386125), (-0.51145893, 2.42497, -0.0050423336), (-0.559477, 2.428973, 0.5811319), (-0.73159987, 2.330535, 0.3596269), (-1.4093187, 0.99908817, 1.2034146), (-1.0971909, 0.8024578, 1.7551789), (-1.1535106, 0.640713, 1.852402), (-1.4093187, 0.99908817, 1.2034146), (-1.1535106, 0.640713, 1.852402), (-1.2790767, 0.5810773, 1.7557205), (-1.0980369, 0.000028133392, 1.9837272), (-1.2790767, 0.5810773, 1.7557205), (-1.1535106, 0.640713, 1.852402), (-1.0980369, 0.000028133392, 1.9837272), (-1.1535106, 0.640713, 1.852402), (-1.0074488, 0.5067801, 1.9837272), (-0.18166484, 0.61660653, -1.573663), (0.10518131, 1.3395149, -1.7893525), (-0.03227222, 1.4668849, -1.6476986), (-0.18166484, 0.61660653, -1.573663), (-0.03227222, 1.4668849, -1.6476986), (-0.20730388, 1.3395071, -1.4766903), (-1.6811061, 0, -0.2811179), (-2.055851, 0.857652, -0.6059801), (-2.0191786, 1.0424984, -0.361973), (-1.6811061, 0, -0.2811179), (-2.0191786, 1.0424984, -0.361973), (-1.8704704, 0.9224021, -0.096804634), (-1.5934727, 1.4059367, -0.00018585722), (-1.8704704, 0.9224021, -0.096804634), (-2.0191786, 1.0424984, -0.361973), (-1.5934727, 1.4059367, -0.00018585722), (-2.0191786, 1.0424984, -0.361973), (-2.0268028, 1.2787753, -0.5166238), (-2.2258794, 1.2557106, -1.7483773), (-2.0268028, 1.2787753, -0.5166238), (-2.0191786, 1.0424984, -0.361973), (-2.2258794, 1.2557106, -1.7483773), (-2.0191786, 1.0424984, -0.361973), (-2.055851, 0.857652, -0.6059801), (1.1702116, 1.0349747, 1.3066278), (1.4030043, 1.1556054, 1.0777237), (1.6648959, 1.0849174, 0.98543316), (1.1702116, 1.0349747, 1.3066278), (1.6648959, 1.0849174, 0.98543316), (1.5772662, 1.0205872, 1.1715955), (-0.8644876, 1.4947981, 0.75772125), (-0.85050666, 1.9900794, 0.60009426), (-0.67657447, 2.180407, 0.7011584), (-0.32811946, 2.3391237, 0.74919444), (-0.504847, 2.201459, 0.8789854), (-0.67657447, 2.180407, 0.7011584), (-0.32811946, 2.3391237, 0.74919444), (-0.67657447, 2.180407, 0.7011584), (-0.57232034, 2.3375254, 0.6076859), (-0.38451657, 1.3376404, -2.2874672), (-1.7179579, 1.6193789, -1.4576092), (-2.070165, 1.4152491, -1.768768), (-0.38451657, 1.3376404, -2.2874672), (-2.070165, 1.4152491, -1.768768), (-1.6305932, 1.2385715, -2.287031), (-0.504847, 2.201459, 0.8789854), (-0.62795424, 1.9342469, 0.8574347), (-0.67657447, 2.180407, 0.7011584), (-0.8644876, 1.4947981, 0.75772125), (-1.0980309, 0, -0.2538631), (0.728417, 0, -0.25386542), (0.39558586, 1.0682254, -0.25386485), (-1.430862, 1.0682254, -0.25386256), (-0.6107238, 1.1920929e-7, -1.1001176), (-0.6225716, 0, 0.59813195), (1.0921334, 0, 0.5981298), (1.1039813, 1.1920929e-7, -1.10012), (0.61501396, 0.7644295, -1.7546694), (1.4706036, 0.9231827, -1.6651362), (0.8489574, 1.6389424, -1.8786916), (0.10518131, 1.3395149, -1.7893525), (-0.21792163, 1.6389424, 0.35890052), (-0.21688552, 1.7536638, 0.34063262), (0.8694593, 1.7536638, 0.34063128), (0.9058598, 1.6389424, 0.35889912), (-0.15979545, 1.1920929e-7, -1.3896904), (-0.15979324, 0, 0.3897854), (1.2927186, 0, 0.38978362), (1.2927164, 1.1920929e-7, -1.3896923), (-1.6681546, 0, -2.13673), (-1.6811061, 0, -0.2811179), (0.19248971, 0, -0.28112024), (0.20542623, 0, -2.1367323), (-0.21792163, 1.6389424, 0.35890052), (-0.15979324, 0, 0.3897854), (-0.15979545, 1.1920929e-7, -1.3896904), (-0.18166484, 0.61660653, -1.573663), (-0.20730388, 1.3395071, -1.4766903), (-0.21792309, 1.6389424, -0.81120366), (-0.62795424, 1.9342469, 0.8574347), (-0.28404653, 1.8005111, 0.976467), (-0.4749379, 1.4619882, 0.9366341), (-0.9133261, 1.2038014, 0.7304081), (-0.8644876, 1.4947981, 0.75772125), (-1.4308603, 1.0682254, 1.0238681), (-1.3894122, 1.2019564, 0.9834481), (-1.3685948, 1.1351265, 1.1570127), (-1.4093187, 0.99908817, 1.2034146), (-0.7503867, 2.2356954, 0.37854686), (-0.559477, 2.428973, 0.5811319), (-0.57232034, 2.3375254, 0.6076859), (-0.73159987, 2.330535, 0.3596269), (-1.017034, 1.9924549, 0.107541285), (-0.98937863, 2.095396, 0.097648054), (1.0773472, 1.2059885, 0.923535), (1.0352312, 1.3351301, 0.8864551), (1.5295073, 1.3345625, 0.7479904), (1.588654, 1.2053992, 0.7802966), (-0.62614655, 1.1983633, -0.933923), (-0.61151475, 1.3277606, -0.9091215), (-0.6199129, 1.3342072, 0.6591709), (-0.6348355, 1.2050304, 0.6884146), (-1.0980369, 0.000028133392, 1.9837272), (-1.0980309, 0, -0.2538631), (-1.430862, 1.0682254, -0.25386256), (-1.2790767, 0.5810773, 1.7557205), (-1.4093187, 0.99908817, 1.2034146), (-1.4308603, 1.0682254, 1.0238681), (0.04909376, 0, 0.9702026), (0.049091626, 0, -0.74450207), (-1.6656135, 0, -0.7445001), (-1.6656123, 0, 0.21617374), (-1.2424196, 0, 0.97020423), (-0.39132956, 1.2085828, -2.3597703), (-0.38451657, 1.3376404, -2.2874672), (-1.6305932, 1.2385715, -2.287031), (-1.6803465, 1.1060975, -2.359319), (-0.06112588, 1.0759242, 1.008071), (-0.4749379, 1.4619882, 0.9366341), (-0.28404653, 1.8005111, 0.976467), (0.23191622, 1.637496, 1.0697775), (0.18667127, 0.4705339, -2.2314215), (0.20542623, 0, -2.1367323), (0.19248971, 0, -0.28112024), (0.13684708, 1.4059461, -0.0001861541), (0.15645015, 1.1942532, -2.1118407), (0.14493565, 1.399734, -1.5117947), (0.15645015, 1.1942532, -2.1118407), (0.14501545, 1.3237884, -2.0477967), (-0.38451657, 1.3376404, -2.2874672), (-0.39132956, 1.2085828, -2.3597703), (-1.6803465, 1.1060975, -2.359319), (-2.13507, 1.2888658, -1.823195), (-2.2258794, 1.2557106, -1.7483773), (-1.9676214, 0.67699856, -2.2729676), (1.588654, 1.2053992, 0.7802966), (1.5295073, 1.3345625, 0.7479904), (1.7364557, 1.3326366, 0.27825654), (1.8027316, 1.2034054, 0.2943759), (-1.9074262, 1.5018607, 0.81100625), (-1.8501114, 1.62115, 0.7776764), (-0.1360533, 1.7129617, 1.1801142), (-0.13430347, 1.5968395, 1.2273103), (0.13684708, 1.4059461, -0.0001861541), (0.19248971, 0, -0.28112024), (-1.6811061, 0, -0.2811179), (-1.5934727, 1.4059367, -0.00018585722), (-1.8704704, 0.9224021, -0.096804634), (0.13513485, 1.3739482, 1.1914223), (0.17963041, 0.8107345, 1.1007392), (0.04909376, 0, 0.9702026), (-0.13430347, 1.5968395, 1.2273103), (-1.2424196, 0, 0.97020423), (-1.8462341, 1.121793, 1.1508262), (-1.7620666, 0.59906536, 1.0666606), (-0.13430347, 1.5968395, 1.2273103), (-0.1360533, 1.7129617, 1.1801142), (0.16088288, 1.7129617, 0.9569613), (0.17285827, 1.5968395, 0.9964679), (0.27827877, 1.4234347, -0.97368985), (0.049091626, 0, -0.74450207), (0.04909376, 0, 0.9702026), (0.17963041, 0.8107345, 1.1007392), (0.2691293, 1.3665947, 0.9540998), (0.30620044, 1.5968395, 0.42108303), (0.306199, 1.5968395, -0.67054325), (0.049091626, 0, -0.74450207), (0.27827877, 1.4234347, -0.97368985), (-1.8048005, 1.3805029, -0.96677464), (-1.6656135, 0, -0.7445001), (-1.8810672, 1.3381374, -0.9599534), (-1.7620666, 0.59906536, 1.0666606), (-1.6656123, 0, 0.21617374), (-1.6656135, 0, -0.7445001), (-1.8810672, 1.3381374, -0.9599534), (-1.8462341, 1.121793, 1.1508262), (-1.9074262, 1.5018607, 0.81100625), (0.13684708, 1.4059461, -0.0001861541), (0.1260673, 1.5284295, -0.00648971), (0.13388754, 1.5224252, -1.467741), (0.14493565, 1.399734, -1.5117947), (0.14501545, 1.3237884, -2.0477967), (0.15645015, 1.1942532, -2.1118407), (-0.008627437, 0, -0.65299207), (1.8429573, 0, -0.6529943), (1.2380861, 1.1983633, -0.9339254), (-0.62614655, 1.1983633, -0.933923), (1.8542635, 0, 0.8801202), (1.8429573, 0, -0.6529943), (-0.008627437, 0, -0.65299207), (-0.021575708, 0, 1.2026193), (1.636595, 0.00002849102, 1.202624), (1.8429573, 0, -0.6529943), (1.8187388, 0.7971488, -0.48854178), (1.50474, 1.1993824, -0.6859404), (1.2380861, 1.1983633, -0.9339254), (1.8320265, 0.4839207, 0.93727726), (1.8542635, 0, 0.8801202), (1.636595, 0.00002849102, 1.202624), (1.6455148, 0.7737375, 1.2442472), (1.7554986, 0.8703983, 1.0754712), (1.0773472, 1.2059885, 0.923535), (1.4030043, 1.1556054, 1.0777237), (-0.47286624, 0.8830403, 1.4079303), (1.1702116, 1.0349747, 1.3066278), (0.0020110032, 0.91048115, 1.4143099), (-0.47286624, 0.8830403, 1.4079303), (-0.021575708, 0, 1.2026193), (-0.008627437, 0, -0.65299207), (-0.62614655, 1.1983633, -0.933923), (-0.6348355, 1.2050304, 0.6884146), (-0.4760472, 0.75268155, 1.9837267), (-1.0074488, 0.5067801, 1.9837272), (-1.1535106, 0.640713, 1.852402), (-1.0971909, 0.8024578, 1.7551789), (0.43560183, 0.47231025, 1.9837255), (-0.015390853, 0.78234327, 1.9837261), (0.42016828, 0.9893347, 1.528151), (0.5655011, 0.52288884, 1.8578906), (0.30620044, 1.5968395, 0.42108303), (0.28978378, 1.7129617, 0.40074408), (0.28978246, 1.7129617, -0.65451497), (0.306199, 1.5968395, -0.67054325), (-0.32811946, 2.3391237, 0.74919444), (0.23191622, 1.637496, 1.0697775), (-0.28404653, 1.8005111, 0.976467), (-0.504847, 2.201459, 0.8789854), (-0.9133261, 1.2038014, 0.7304081), (-0.6225716, 0, 0.59813195), (-0.6107238, 1.1920929e-7, -1.1001176), (-1.0256974, 1.7071049, -1.2889057), (-1.0816333, 1.9164376, -0.052631576), (-1.4093187, 0.99908817, 1.2034146), (-1.3685948, 1.1351265, 1.1570127), (-1.0668653, 0.94504464, 1.6903973), (-1.0971909, 0.8024578, 1.7551789), (-0.4749379, 1.4619882, 0.9366341), (-0.06112588, 1.0759242, 1.008071), (-0.6225716, 0, 0.59813195), (-0.9133261, 1.2038014, 0.7304081), (0.7284191, 0, 1.4807148), (0.728417, 0, -0.25386542), (-1.0980309, 0, -0.2538631), (-1.0980369, 0.000028133392, 1.9837272), (0.22540954, 0.0000076293945, 1.9837259), (0.8489574, 1.6389424, -1.8786916), (0.09456088, 1.6389424, -1.5660381), (-0.03227222, 1.4668849, -1.6476986), (0.10518131, 1.3395149, -1.7893525), (-0.21792309, 1.6389424, -0.81120366), (-0.20730388, 1.3395071, -1.4766903), (-0.03227222, 1.4668849, -1.6476986), (0.09456088, 1.6389424, -1.5660381), (-2.055851, 0.857652, -0.6059801), (-1.6811061, 0, -0.2811179), (-1.6681546, 0, -2.13673), (-1.9676214, 0.67699856, -2.2729676), (-2.2258794, 1.2557106, -1.7483773), (1.0699394, 1.5541418, -1.2719926), (1.3067911, 1.4904906, -0.55282694), (1.050051, 2.204444, -0.29067144), (1.0553129, 2.1056411, -0.85778767), (1.608525, 1.6389424, -0.34376803), (1.5695918, 1.4368882, 0.15689975), (1.4678966, 1.5228407, 0.24282873), (1.4027194, 1.6389424, 0.15309235), (0.9058598, 1.6389424, 0.35889912), (1.4027194, 1.6389424, 0.15309235), (1.4678966, 1.5228407, 0.24282873), (1.363786, 1.4368882, 0.36270618), (1.4755981, 0.9490867, 0.37189832), (1.363786, 1.4368882, 0.36270618), (1.4678966, 1.5228407, 0.24282873), (1.5695918, 1.4368882, 0.15689975), (1.363786, 1.4368882, 0.36270618), (1.4755981, 0.9490867, 0.37189832), (1.2927186, 0, 0.38978362), (0.9058598, 1.6389424, 0.35889912), (-0.15979324, 0, 0.3897854), (-0.21792163, 1.6389424, 0.35890052), (1.636595, 0.00002849102, 1.202624), (1.1250983, 0.6745329, 1.3594494), (1.3409562, 0.85105497, 1.3229901), (1.6455148, 0.7737375, 1.2442472), (0.0020110032, 0.91048115, 1.4143099), (1.1702116, 1.0349747, 1.3066278), (1.3409562, 0.85105497, 1.3229901), (1.1250983, 0.6745329, 1.3594494), (1.1250983, 0.6745329, 1.3594494), (1.636595, 0.00002849102, 1.202624), (-0.021575708, 0, 1.2026193), (0.0020110032, 0.91048115, 1.4143099), (-0.47286624, 0.8830403, 1.4079303), (1.8027316, 1.2034054, 0.2943759), (1.809694, 0.9939104, 0.7843218), (1.6648959, 1.0849174, 0.98543316), (1.588654, 1.2053992, 0.7802966), (1.0773472, 1.2059885, 0.923535), (1.588654, 1.2053992, 0.7802966), (1.6648959, 1.0849174, 0.98543316), (1.4030043, 1.1556054, 1.0777237), (1.6455148, 0.7737375, 1.2442472), (1.5772662, 1.0205872, 1.1715955), (1.6648959, 1.0849174, 0.98543316), (1.7554986, 0.8703983, 1.0754712), (1.6455148, 0.7737375, 1.2442472), (1.3409562, 0.85105497, 1.3229901), (1.1702116, 1.0349747, 1.3066278), (1.5772662, 1.0205872, 1.1715955), (1.0921334, 0, 0.5981298), (1.3039169, 1.4399296, 0.017569037), (1.3067911, 1.4904906, -0.55282694), (1.1039813, 1.1920929e-7, -1.10012), (1.0497571, 2.088512, 0.237101), (1.050051, 2.204444, -0.29067144), (1.3039169, 1.4399296, 0.017569037), (1.0622046, 1.3751733, 0.7492372), (1.2927164, 1.1920929e-7, -1.3896923), (1.6897672, 0.69550276, -0.25053883), (1.7672988, 1.0978757, -1.0455267), (1.4706036, 0.9231827, -1.6651362), (1.6897672, 0.69550276, -0.25053883), (1.2927186, 0, 0.38978362), (1.4755981, 0.9490867, 0.37189832), (1.726669, 1.3058016, -0.30804604), (1.5695918, 1.4368882, 0.15689975), (1.608524, 1.6389424, -1.1191268), (1.7672988, 1.0978757, -1.0455267), (1.726669, 1.3058016, -0.30804604), (1.608525, 1.6389424, -0.34376803), (-1.6681546, 0, -2.13673), (-0.9126519, 0.655805, -2.6171427), (-1.6803465, 1.1060975, -2.359319), (-1.9676214, 0.67699856, -2.2729676), (0.9058598, 1.6389424, 0.35889912), (0.8694593, 1.7536638, 0.34063128), (1.3497652, 1.7536638, 0.14168085), (1.4027194, 1.6389424, 0.15309235), (-0.15979545, 1.1920929e-7, -1.3896904), (1.2927164, 1.1920929e-7, -1.3896923), (0.61501396, 0.7644295, -1.7546694), (-0.18166484, 0.61660653, -1.573663), (-0.13430347, 1.5968395, 1.2273103), (0.17285827, 1.5968395, 0.9964679), (0.21076828, 1.4645393, 1.0703216), (0.13513485, 1.3739482, 1.1914223), (0.17963041, 0.8107345, 1.1007392), (0.13513485, 1.3739482, 1.1914223), (0.21076828, 1.4645393, 1.0703216), (0.2691293, 1.3665947, 0.9540998), (0.30620044, 1.5968395, 0.42108303), (0.2691293, 1.3665947, 0.9540998), (0.21076828, 1.4645393, 1.0703216), (0.17285827, 1.5968395, 0.9964679), (0.269003, 2.324872, -1.3572265), (0.25381297, 2.4167438, -1.3183231), (-0.19680932, 2.4167438, -1.3183228), (-0.19715394, 2.324872, -1.3572261), (0.17285827, 1.5968395, 0.9964679), (0.16088288, 1.7129617, 0.9569613), (0.28978378, 1.7129617, 0.40074408), (0.30620044, 1.5968395, 0.42108303), (-1.017034, 1.9924549, 0.107541285), (-0.7503867, 2.2356954, 0.37854686), (-0.67657447, 2.180407, 0.7011584), (-0.85050666, 1.9900794, 0.60009426), (-0.8644876, 1.4947981, 0.75772125), (-0.9133261, 1.2038014, 0.7304081), (-1.0816333, 1.9164376, -0.052631576), (-0.85050666, 1.9900794, 0.60009426), (-1.017034, 1.9924549, 0.107541285), (0.42016828, 0.9893347, 1.528151), (0.39994022, 1.1256973, 1.4709289), (0.37618372, 1.2019564, 1.2728809), (0.3955878, 1.0682254, 1.3232751), (1.8187388, 0.7971488, -0.48854178), (1.8429573, 0, -0.6529943), (1.8542635, 0, 0.8801202), (1.8320265, 0.4839207, 0.93727726), (1.809694, 0.9939104, 0.7843218), (1.8042736, 1.2022256, 0.0067314366), (1.8027316, 1.2034054, 0.2943759), (0.43560183, 0.47231025, 1.9837255), (0.45142016, 0.19706321, 1.9837257), (0.22540954, 0.0000076293945, 1.9837259), (-0.015390853, 0.78234327, 1.9837261), (-1.0980369, 0.000028133392, 1.9837272), (-0.4760472, 0.75268155, 1.9837267), (-1.0074488, 0.5067801, 1.9837272), (0.7284191, 0, 1.4807148), (0.22540954, 0.0000076293945, 1.9837259), (0.45142016, 0.19706321, 1.9837257), (0.6599928, 0.21961623, 1.8010224), (0.5655011, 0.52288884, 1.8578906), (0.6599928, 0.21961623, 1.8010224), (0.45142016, 0.19706321, 1.9837257), (0.43560183, 0.47231025, 1.9837255), (0.39558586, 1.0682254, -0.25386485), (0.728417, 0, -0.25386542), (0.7284191, 0, 1.4807148), (0.6599928, 0.21961623, 1.8010224), (0.5655011, 0.52288884, 1.8578906), (0.42016828, 0.9893347, 1.528151), (0.3955878, 1.0682254, 1.3232751), (0.085185096, 1.7536638, -1.5201766), (0.81444526, 1.7536638, -1.822414), (1.5487204, 1.7536638, -1.088154), (-0.21688695, 1.7536638, -0.7904888), (1.5487213, 1.7536635, -0.3386265), (-0.21688552, 1.7536638, 0.34063262), (1.3497652, 1.7536638, 0.14168085), (0.8694593, 1.7536638, 0.34063128), (-0.32341948, 2.430519, 0.71792346), (0.64085317, 2.4229286, -0.40379733), (1.0088506, 2.3003252, -0.28729877), (1.0085628, 2.1882539, 0.22289075), (0.45578936, 2.2080016, 0.79590744), (-0.9977529, 1.8195544, -1.2522776), (-0.19680932, 2.4167438, -1.3183228), (-0.51145893, 2.42497, -0.0050423336), (-1.0518241, 2.0219154, -0.057189237), (-0.98937863, 2.095396, 0.097648054), (-0.73159987, 2.330535, 0.3596269), (-1.3685948, 1.1351265, 1.1570127), (-1.3894122, 1.2019564, 0.9834481), (0.37618372, 1.2019564, 1.2728809), (-1.0668653, 0.94504464, 1.6903973), (0.37618178, 1.2019564, -0.2517175), (0.37618372, 1.2019564, 1.2728809), (-1.3894122, 1.2019564, 0.9834481), (-1.3894137, 1.2019564, -0.25171527), (-1.8246255, 1.4628766, -0.9342841), (-1.7508967, 1.5038329, -0.94087887), (-1.4438212, 1.7129617, -0.58607185), (-1.8501114, 1.62115, 0.7776764), (-1.6492735, 1.7129617, 0.56386125), (0.13388754, 1.5224252, -1.467741), (0.1260673, 1.5284295, -0.00648971), (-1.546606, 1.5284203, -0.006489845), (-1.7179579, 1.6193789, -1.4576092), (-2.1579432, 1.3831972, -1.6964422), (-2.070165, 1.4152491, -1.768768), (-1.7179579, 1.6193789, -1.4576092), (-1.9655033, 1.4054934, -0.50572246), (-1.546606, 1.5284203, -0.006489845), (0.26278976, 1.5453341, -0.94756407), (0.28978246, 1.7129617, -0.65451497), (-1.4438212, 1.7129617, -0.58607185), (-1.7508967, 1.5038329, -0.94087887), (-0.6199129, 1.3342072, 0.6591709), (-0.61151475, 1.3277606, -0.9091215), (1.1906183, 1.3277606, -0.90912366), (1.4483857, 1.3287454, -0.66940075), (1.7379417, 1.3314941, 0.00019489133), (1.7364557, 1.3326366, 0.27825654), (1.5295073, 1.3345625, 0.7479904), (1.0088506, 2.3003252, -0.28729877), (0.64085317, 2.4229286, -0.40379733), (0.25381297, 2.4167438, -1.3183231), (1.0139431, 2.204814, -0.83552265), (0.25381297, 2.4167438, -1.3183231), (0.64085317, 2.4229286, -0.40379733), (-0.51145893, 2.42497, -0.0050423336), (-0.32341948, 2.430519, 0.71792346), (0.14501545, 1.3237884, -2.0477967), (0.13388754, 1.5224252, -1.467741), (-1.7179579, 1.6193789, -1.4576092), (-0.38451657, 1.3376404, -2.2874672), (-1.4438212, 1.7129617, -0.58607185), (0.28978246, 1.7129617, -0.65451497), (0.28978378, 1.7129617, 0.40074408), (-1.6492735, 1.7129617, 0.56386125), (0.16088288, 1.7129617, 0.9569613), (-0.1360533, 1.7129617, 1.1801142), (0.09456088, 1.6389424, -1.5660381), (0.085185096, 1.7536638, -1.5201766), (-0.21688695, 1.7536638, -0.7904888), (-0.21792309, 1.6389424, -0.81120366), (-1.430862, 1.0682254, -0.25386256), (-1.3894137, 1.2019564, -0.25171527), (-1.3894122, 1.2019564, 0.9834481), (-1.4308603, 1.0682254, 1.0238681), (1.608525, 1.6389424, -0.34376803), (1.5487213, 1.7536635, -0.3386265), (1.5487204, 1.7536638, -1.088154), (1.608524, 1.6389424, -1.1191268), (-0.21792309, 1.6389424, -0.81120366), (-0.21688695, 1.7536638, -0.7904888), (-0.21688552, 1.7536638, 0.34063262), (-0.21792163, 1.6389424, 0.35890052), (0.47793198, 2.1089387, 0.8298656), (0.45578936, 2.2080016, 0.79590744), (1.0085628, 2.1882539, 0.22289075), (1.0497571, 2.088512, 0.237101), (-1.6803465, 1.1060975, -2.359319), (-1.6305932, 1.2385715, -2.287031), (-2.070165, 1.4152491, -1.768768), (-2.13507, 1.2888658, -1.823195), (1.8042736, 1.2022256, 0.0067314366), (1.7379417, 1.3314941, 0.00019489133), (1.4483857, 1.3287454, -0.66940075), (1.50474, 1.1993824, -0.6859404), (-0.6348355, 1.2050304, 0.6884146), (-0.6199129, 1.3342072, 0.6591709), (1.0352312, 1.3351301, 0.8864551), (1.0773472, 1.2059885, 0.923535), (1.0497571, 2.088512, 0.237101), (1.0085628, 2.1882539, 0.22289075), (1.0088506, 2.3003252, -0.28729877), (1.050051, 2.204444, -0.29067144), (-0.57232034, 2.3375254, 0.6076859), (-0.559477, 2.428973, 0.5811319), (-0.32341948, 2.430519, 0.71792346), (-0.32811946, 2.3391237, 0.74919444), (0.306199, 1.5968395, -0.67054325), (0.28978246, 1.7129617, -0.65451497), (0.26278976, 1.5453341, -0.94756407), (0.27827877, 1.4234347, -0.97368985), (1.608524, 1.6389424, -1.1191268), (1.5487204, 1.7536638, -1.088154), (0.81444526, 1.7536638, -1.822414), (0.8489574, 1.6389424, -1.8786916), (0.39558586, 1.0682254, -0.25386485), (0.37618178, 1.2019564, -0.2517175), (-1.3894137, 1.2019564, -0.25171527), (-1.430862, 1.0682254, -0.25386256), (1.8027316, 1.2034054, 0.2943759), (1.7364557, 1.3326366, 0.27825654), (1.7379417, 1.3314941, 0.00019489133), (1.8042736, 1.2022256, 0.0067314366), (0.8489574, 1.6389424, -1.8786916), (0.81444526, 1.7536638, -1.822414), (0.085185096, 1.7536638, -1.5201766), (0.09456088, 1.6389424, -1.5660381), (0.27827877, 1.4234347, -0.97368985), (0.26278976, 1.5453341, -0.94756407), (-1.7508967, 1.5038329, -0.94087887), (-1.8048005, 1.3805029, -0.96677464), (1.50474, 1.1993824, -0.6859404), (1.4483857, 1.3287454, -0.66940075), (1.1906183, 1.3277606, -0.90912366), (1.2380861, 1.1983633, -0.9339254), (-0.19715394, 2.324872, -1.3572261), (-0.19680932, 2.4167438, -1.3183228), (-0.9977529, 1.8195544, -1.2522776), (-1.0256974, 1.7071049, -1.2889057), (-2.0268028, 1.2787753, -0.5166238), (-1.9655033, 1.4054934, -0.50572246), (-1.546606, 1.5284203, -0.006489845), (-1.5934727, 1.4059367, -0.00018585722), (-1.8048005, 1.3805029, -0.96677464), (-1.7508967, 1.5038329, -0.94087887), (-1.8246255, 1.4628766, -0.9342841), (-1.8810672, 1.3381374, -0.9599534), (0.3955878, 1.0682254, 1.3232751), (0.37618372, 1.2019564, 1.2728809), (0.37618178, 1.2019564, -0.2517175), (0.39558586, 1.0682254, -0.25386485), (-2.2258794, 1.2557106, -1.7483773), (-2.1579432, 1.3831972, -1.6964422), (-1.9655033, 1.4054934, -0.50572246), (-2.0268028, 1.2787753, -0.5166238), (-1.0816333, 1.9164376, -0.052631576), (-1.0518241, 2.0219154, -0.057189237), (-0.98937863, 2.095396, 0.097648054), (-1.017034, 1.9924549, 0.107541285), (1.0553129, 2.1056411, -0.85778767), (1.0139431, 2.204814, -0.83552265), (0.25381297, 2.4167438, -1.3183231), (0.269003, 2.324872, -1.3572265), (-1.8810672, 1.3381374, -0.9599534), (-1.8246255, 1.4628766, -0.9342841), (-1.8501114, 1.62115, 0.7776764), (-1.9074262, 1.5018607, 0.81100625), (-1.5934727, 1.4059367, -0.00018585722), (-1.546606, 1.5284203, -0.006489845), (0.1260673, 1.5284295, -0.00648971), (0.13684708, 1.4059461, -0.0001861541), (1.2380861, 1.1983633, -0.9339254), (1.1906183, 1.3277606, -0.90912366), (-0.61151475, 1.3277606, -0.9091215), (-0.62614655, 1.1983633, -0.933923), (-2.13507, 1.2888658, -1.823195), (-2.070165, 1.4152491, -1.768768), (-2.1579432, 1.3831972, -1.6964422), (-2.2258794, 1.2557106, -1.7483773), (1.050051, 2.204444, -0.29067144), (1.0088506, 2.3003252, -0.28729877), (1.0139431, 2.204814, -0.83552265), (1.0553129, 2.1056411, -0.85778767), (-1.0256974, 1.7071049, -1.2889057), (-0.9977529, 1.8195544, -1.2522776), (-1.0518241, 2.0219154, -0.057189237), (-1.0816333, 1.9164376, -0.052631576), (-0.32811946, 2.3391237, 0.74919444), (-0.32341948, 2.430519, 0.71792346), (0.45578936, 2.2080016, 0.79590744), (0.47793198, 2.1089387, 0.8298656), (1.4027194, 1.6389424, 0.15309235), (1.3497652, 1.7536638, 0.14168085), (1.5487213, 1.7536635, -0.3386265), (1.608525, 1.6389424, -0.34376803), (-0.015390853, 0.78234327, 1.9837261), (-0.021091044, 0.9255982, 1.9113286), (0.39994022, 1.1256973, 1.4709289), (0.42016828, 0.9893347, 1.528151), (-1.0971909, 0.8024578, 1.7551789), (-1.0668653, 0.94504464, 1.6903973), (-0.466415, 0.89692605, 1.9113292), (-0.4760472, 0.75268155, 1.9837267), (-0.4760472, 0.75268155, 1.9837267), (-0.466415, 0.89692605, 1.9113292), (-0.021091044, 0.9255982, 1.9113286), (-0.015390853, 0.78234327, 1.9837261)]
    color4f[] primvars:colors (
        elementSize = 1
        interpolation = "constant"
    )
    color3f[] primvars:displayColor = [(1, 1, 1)] (
        interpolation = "constant"
    )
    float[] primvars:displayOpacity = [1] (
        interpolation = "constant"
    )
    float2[] primvars:st = [(0.33750013, 0.9411527), (0.33601713, 0.93996304), (0.3343601, 0.93786544), (0.33892697, 0.93736124), (0.3394518, 0.9361613), (0.3381384, 0.9366315), (0.33664352, 0.94115293), (0.33769348, 0.9400592), (0.33664352, 0.9388696), (0.3384564, 0.9360682), (0.33741322, 0.93658656), (0.33859515, 0.93683636), (0.33823243, 0.93563664), (0.33817, 0.9365861), (0.33940092, 0.93625677), (0.33771622, 0.93534726), (0.3384564, 0.9360682), (0.3397702, 0.9358545), (0.3382476, 0.9411528), (0.33879107, 0.9339713), (0.33914953, 0.93909794), (0.33831227, 0.94115293), (0.33892697, 0.9327704), (0.33922213, 0.9374466), (0.33868557, 0.93825954), (0.33798552, 0.9388696), (0.33870155, 0.9394518), (0.33664352, 0.9388696), (0.3382412, 0.93973684), (0.33798552, 0.9388696), (0.33798552, 0.9388696), (0.3382412, 0.93973684), (0.33870155, 0.9394518), (0.33870155, 0.9394518), (0.3382412, 0.93973684), (0.33945394, 0.93963647), (0.33769348, 0.9400592), (0.3382412, 0.93973684), (0.33664352, 0.9388696), (0.33892694, 0.9381525), (0.3384628, 0.9381209), (0.33864546, 0.938647), (0.33940092, 0.93625677), (0.33817, 0.9365861), (0.33870876, 0.9370892), (0.33849823, 0.9382582), (0.33826718, 0.9386285), (0.33881545, 0.938419), (0.3375438, 0.9384753), (0.33826718, 0.9386285), (0.33849823, 0.9382582), (0.3380536, 0.93810654), (0.33880228, 0.9377014), (0.33810312, 0.9373402), (0.33798552, 0.9388696), (0.3380536, 0.93810654), (0.33664352, 0.9388696), (0.33664352, 0.93658614), (0.33810312, 0.9373402), (0.33817, 0.9365861), (0.3376125, 0.9381692), (0.3384628, 0.9381209), (0.33817315, 0.937287), (0.3381384, 0.9366315), (0.33817315, 0.937287), (0.33892697, 0.93736124), (0.33664355, 0.93886966), (0.3376125, 0.9381692), (0.3366433, 0.9365854), (0.33664352, 0.9365861), (0.33771622, 0.93534726), (0.33664352, 0.9343027), (0.33741322, 0.93658656), (0.33771622, 0.93534726), (0.33664352, 0.9365861), (0.3384564, 0.9360682), (0.33771622, 0.93534726), (0.33741322, 0.93658656), (0.3375026, 0.9343027), (0.33770853, 0.9355192), (0.3385098, 0.9347165), (0.3366433, 0.9365854), (0.3381384, 0.9366315), (0.33770853, 0.9355192), (0.33664352, 0.93658614), (0.33817, 0.9365861), (0.33823243, 0.93563664), (0.3383202, 0.9343026), (0.33823243, 0.93563664), (0.33934194, 0.9357203), (0.3366437, 0.9343027), (0.33823243, 0.93563664), (0.3383202, 0.9343026), (0.33934194, 0.9357203), (0.33823243, 0.93563664), (0.33940092, 0.93625677), (0.33664352, 0.93658614), (0.33823243, 0.93563664), (0.3366437, 0.9343027), (0.3391219, 0.9392743), (0.33934498, 0.93950754), (0.33921728, 0.93994766), (0.338319, 0.9403586), (0.3387027, 0.9403282), (0.3391217, 0.9400006), (0.33815968, 0.9369197), (0.33892182, 0.93748045), (0.33910668, 0.9367157), (0.8157066, 0.8446757), (0.81567967, 0.8447091), (0.8156159, 0.84482986), (0.81567967, 0.8447091), (0.815609, 0.8448832), (0.8156159, 0.84482986), (0.815609, 0.8448832), (0.81559885, 0.8449771), (0.8156159, 0.84482986), (0.81573635, 0.8446175), (0.81575376, 0.84455603), (0.8160714, 0.8446634), (0.81577015, 0.84470236), (0.8157729, 0.8442803), (0.8157823, 0.844366), (0.81579083, 0.84490585), (0.81577337, 0.8448853), (0.81577015, 0.84470236), (0.8157422, 0.84481984), (0.8156849, 0.8440009), (0.8157956, 0.8440032), (0.81577015, 0.84470236), (0.81577337, 0.8448853), (0.8157378, 0.84484804), (0.33877915, 0.9335977), (0.3382066, 0.93225247), (0.3380948, 0.9380675), (0.33877915, 0.9335977), (0.3380948, 0.9380675), (0.33788583, 0.9322525), (0.33664352, 0.94115293), (0.3378856, 0.94115293), (0.3380948, 0.9380675), (0.33664352, 0.94115293), (0.3380948, 0.9380675), (0.33772677, 0.9408423), (0.3375026, 0.9343027), (0.3385098, 0.9347165), (0.33958262, 0.93521976), (0.3375026, 0.9343027), (0.33958262, 0.93521976), (0.33850974, 0.93396926), (0.33664352, 0.94115293), (0.33788157, 0.9411936), (0.33857492, 0.93808275), (0.33664352, 0.94115293), (0.33857492, 0.93808275), (0.33814162, 0.9409373), (0.33991545, 0.939503), (0.33814162, 0.9409373), (0.33857492, 0.93808275), (0.33991545, 0.939503), (0.33857492, 0.93808275), (0.33928928, 0.9388721), (0.3386932, 0.93369794), (0.3385948, 0.9324863), (0.33857492, 0.93808275), (0.3386932, 0.93369794), (0.33857492, 0.93808275), (0.3380388, 0.93253815), (0.33860052, 0.93887514), (0.33883044, 0.9381124), (0.33881545, 0.938419), (0.33860052, 0.93887514), (0.33881545, 0.938419), (0.33858818, 0.9387295), (0.33820188, 0.9408543), (0.33879066, 0.9400417), (0.33921728, 0.93994766), (0.33945394, 0.93963647), (0.3391217, 0.9400006), (0.33921728, 0.93994766), (0.33945394, 0.93963647), (0.33921728, 0.93994766), (0.33934498, 0.93950754), (0.81563145, 0.84433585), (0.81599355, 0.84455687), (0.8157552, 0.8440479), (0.81563145, 0.84433585), (0.8157552, 0.8440479), (0.8158413, 0.84430176), (0.3391217, 0.9400006), (0.3387027, 0.9403282), (0.33921728, 0.93994766), (0.33820188, 0.9408543), (0.33664352, 0.9343027), (0.33664352, 0.936586), (0.33892697, 0.93658614), (0.33892697, 0.93430305), (0.3343601, 0.9365861), (0.3343601, 0.93886954), (0.33664352, 0.9388696), (0.33664352, 0.93658614), (0.33770853, 0.9355192), (0.3381384, 0.9366315), (0.3394518, 0.9361613), (0.3385098, 0.9347165), (0.8157066, 0.84514815), (0.8157066, 0.84514815), (0.8157705, 0.8448599), (0.8157705, 0.8448599), (0.3343601, 0.9365861), (0.3343601, 0.93886954), (0.33664355, 0.93886966), (0.3366433, 0.9365854), (0.3343601, 0.9365861), (0.3343601, 0.93886954), (0.33664352, 0.9388696), (0.33664352, 0.9365861), (0.33892676, 0.93201894), (0.33664352, 0.9320193), (0.3366437, 0.9343034), (0.3375026, 0.9343027), (0.33850974, 0.93396926), (0.33892694, 0.93321335), (0.3387027, 0.9403282), (0.338319, 0.9403586), (0.33807024, 0.94048595), (0.33781832, 0.9411532), (0.33820188, 0.9408543), (0.8157066, 0.84384555), (0.8157066, 0.84384555), (0.815683, 0.8439412), (0.815683, 0.8439412), (0.8157378, 0.84484804), (0.81577337, 0.8448853), (0.81577337, 0.8448853), (0.8157378, 0.84484804), (0.81566066, 0.84485304), (0.81566066, 0.84485304), (0.81575376, 0.84455603), (0.81575376, 0.84455603), (0.81573635, 0.8446175), (0.81573635, 0.8446175), (0.8157066, 0.84405386), (0.8157066, 0.84405386), (0.8157066, 0.84380907), (0.8157066, 0.84380907), (0.33664358, 0.9320193), (0.33664352, 0.9343027), (0.33892697, 0.93430305), (0.33788583, 0.9322525), (0.33877915, 0.9335977), (0.33892697, 0.9329988), (0.33664355, 0.9388696), (0.33664352, 0.9365861), (0.3343601, 0.9365861), (0.3343601, 0.93786544), (0.33601713, 0.93996304), (0.81563145, 0.84433585), (0.81563145, 0.84433585), (0.8158413, 0.84430176), (0.8158413, 0.84430176), (0.33769348, 0.9400592), (0.33807024, 0.94048595), (0.338319, 0.9403586), (0.3382412, 0.93973684), (0.33741322, 0.93658656), (0.33664352, 0.9365861), (0.33664352, 0.9388696), (0.33892694, 0.9388695), (0.33859515, 0.93683636), (0.3389272, 0.9374424), (0.8156536, 0.8444586), (0.8156536, 0.8444586), (0.81563145, 0.84433585), (0.81563145, 0.84433585), (0.3397702, 0.9358545), (0.34106627, 0.93712676), (0.34115106, 0.9371911), (0.34091213, 0.9365861), (0.81573635, 0.8446175), (0.81573635, 0.8446175), (0.81570524, 0.8446055), (0.81570524, 0.8446055), (0.8156849, 0.8440009), (0.8156849, 0.8440009), (0.8157422, 0.84481984), (0.8157422, 0.84481984), (0.33892694, 0.9388695), (0.33664352, 0.9388696), (0.33664352, 0.94115293), (0.33991545, 0.939503), (0.33814162, 0.9409373), (0.3386373, 0.9389711), (0.33780283, 0.9388694), (0.33664355, 0.9388696), (0.33914953, 0.93909794), (0.33601713, 0.93996304), (0.3382476, 0.9411528), (0.33750013, 0.9411527), (0.8157422, 0.84481984), (0.8157422, 0.84481984), (0.8157232, 0.8447508), (0.8157232, 0.8447508), (0.338679, 0.93658614), (0.33664352, 0.9365861), (0.33664355, 0.9388696), (0.33780283, 0.9388694), (0.33859769, 0.9386139), (0.33892685, 0.9380436), (0.33892697, 0.9369253), (0.33664352, 0.9365861), (0.338679, 0.93658614), (0.3386175, 0.9343896), (0.33664352, 0.9343027), (0.338557, 0.9343027), (0.33750015, 0.93201935), (0.33664352, 0.93302345), (0.33664352, 0.9343027), (0.338557, 0.9343027), (0.3382476, 0.9320193), (0.33879107, 0.9339713), (0.8157066, 0.84478337), (0.8157066, 0.84478337), (0.8157067, 0.8445554), (0.8157067, 0.8445554), (0.8156536, 0.8444586), (0.8156536, 0.8444586), (0.33664352, 0.9343027), (0.33664352, 0.9365921), (0.33926556, 0.9363891), (0.33892694, 0.9343027), (0.3366438, 0.93847346), (0.33664352, 0.9365921), (0.3343601, 0.9365861), (0.3343601, 0.93886954), (0.33653805, 0.9390265), (0.33664352, 0.9365921), (0.33815968, 0.9369197), (0.33910668, 0.9367157), (0.33926556, 0.9363891), (0.3375438, 0.9384753), (0.3366438, 0.93847346), (0.33653805, 0.9390265), (0.3380975, 0.9389155), (0.33826718, 0.9386285), (0.33922213, 0.9374466), (0.33883044, 0.9381124), (0.33831227, 0.94115293), (0.33860052, 0.93887514), (0.33836412, 0.9406755), (0.33831227, 0.93201935), (0.3366433, 0.9320189), (0.33664352, 0.9343027), (0.33892694, 0.9343027), (0.33892697, 0.9327704), (0.33825243, 0.9400822), (0.33772677, 0.9408423), (0.3380948, 0.9380675), (0.33835882, 0.9391608), (0.33765316, 0.9390514), (0.33831584, 0.9394947), (0.33875835, 0.9384048), (0.33776128, 0.9387409), (0.8157066, 0.8446514), (0.8157066, 0.8446514), (0.8157066, 0.84447277), (0.8157066, 0.84447277), (0.33945394, 0.93963647), (0.3382412, 0.93973684), (0.338319, 0.9403586), (0.3391217, 0.9400006), (0.3378183, 0.93201935), (0.33664352, 0.9320193), (0.3366437, 0.9343027), (0.3383202, 0.9343026), (0.3385182, 0.9329673), (0.815683, 0.8439412), (0.815683, 0.8439412), (0.8155916, 0.84372634), (0.8155916, 0.84372634), (0.33807024, 0.94048595), (0.33769348, 0.9400592), (0.33664352, 0.94115293), (0.33781832, 0.9411532), (0.33664352, 0.9383562), (0.33664352, 0.936586), (0.33435988, 0.93658566), (0.3343601, 0.93886954), (0.3360147, 0.9388696), (0.3394518, 0.9361613), (0.34016395, 0.9361857), (0.33958262, 0.93521976), (0.3385098, 0.9347165), (0.34121025, 0.9376751), (0.34119704, 0.93699634), (0.33958262, 0.93521976), (0.34016395, 0.9361857), (0.3380388, 0.93253815), (0.33664358, 0.93201923), (0.33664352, 0.9343027), (0.33775103, 0.93430305), (0.3386932, 0.93369794), (0.33817, 0.9365861), (0.33810312, 0.9373402), (0.33880228, 0.9377014), (0.33870876, 0.9370892), (0.33892694, 0.9381525), (0.33864546, 0.938647), (0.33886385, 0.9388887), (0.33911186, 0.938794), (0.33932665, 0.9393486), (0.33911186, 0.938794), (0.33886385, 0.9388887), (0.3386453, 0.93913704), (0.3379658, 0.93886954), (0.3386453, 0.93913704), (0.33886385, 0.9388887), (0.33864546, 0.938647), (0.3386453, 0.93913704), (0.3379658, 0.93886954), (0.33664355, 0.93886966), (0.33932665, 0.9393486), (0.33664334, 0.9411526), (0.33892694, 0.94115293), (0.33653805, 0.9390265), (0.33791816, 0.9396099), (0.3384326, 0.93919945), (0.3380975, 0.9389155), (0.33836412, 0.9406755), (0.33860052, 0.93887514), (0.3384326, 0.93919945), (0.33791816, 0.9396099), (0.33791816, 0.9396099), (0.33653805, 0.9390265), (0.33664352, 0.94115293), (0.33836412, 0.9406755), (0.33831227, 0.94115293), (0.33891827, 0.9377563), (0.33849823, 0.9382582), (0.33881545, 0.938419), (0.3391132, 0.9378313), (0.33922213, 0.9374466), (0.3391132, 0.9378313), (0.33881545, 0.938419), (0.33883044, 0.9381124), (0.3380975, 0.9389155), (0.33858818, 0.9387295), (0.33881545, 0.938419), (0.33826718, 0.9386285), (0.3380975, 0.9389155), (0.3384326, 0.93919945), (0.33860052, 0.93887514), (0.33858818, 0.9387295), (0.33664352, 0.9388696), (0.3380536, 0.93810654), (0.33810312, 0.9373402), (0.33664352, 0.93658614), (0.33868557, 0.93825954), (0.33880228, 0.9377014), (0.3380536, 0.93810654), (0.33798552, 0.9388696), (0.3366433, 0.9365854), (0.3376125, 0.9381692), (0.33817315, 0.937287), (0.3381384, 0.9366315), (0.3376125, 0.9381692), (0.33664355, 0.93886966), (0.3379658, 0.93886954), (0.3384628, 0.9381209), (0.33864546, 0.938647), (0.33892697, 0.93736124), (0.33817315, 0.937287), (0.3384628, 0.9381209), (0.33892694, 0.9381525), (0.33664352, 0.9343027), (0.33771622, 0.93534726), (0.3397702, 0.9358545), (0.33775103, 0.93430305), (0.8157705, 0.8448599), (0.8157705, 0.8448599), (0.8157362, 0.8447713), (0.8157362, 0.8447713), (0.3366437, 0.9343034), (0.3366433, 0.9365854), (0.33770853, 0.9355192), (0.3375026, 0.9343027), (0.33914953, 0.93909794), (0.33903056, 0.938666), (0.33886462, 0.93883246), (0.3386373, 0.9389711), (0.33780283, 0.9388694), (0.3386373, 0.9389711), (0.33886462, 0.93883246), (0.33859769, 0.9386139), (0.33892685, 0.9380436), (0.33859769, 0.9386139), (0.33886462, 0.93883246), (0.33903056, 0.938666), (0.8157823, 0.844366), (0.8157823, 0.844366), (0.8157729, 0.8442803), (0.8157729, 0.8442803), (0.8157232, 0.8447508), (0.8157232, 0.8447508), (0.8157066, 0.8446514), (0.8157066, 0.8446514), (0.33863914, 0.9393059), (0.3391219, 0.9392743), (0.33921728, 0.93994766), (0.33879066, 0.9400417), (0.33820188, 0.9408543), (0.33781832, 0.9411532), (0.33849096, 0.9391563), (0.33879066, 0.9400417), (0.33863914, 0.9393059), (0.81567967, 0.8447091), (0.81567967, 0.8447091), (0.8157066, 0.8446757), (0.8157066, 0.8446757), (0.33815968, 0.9369197), (0.33664352, 0.9365921), (0.3366438, 0.93847346), (0.3375438, 0.9384753), (0.33849823, 0.9382582), (0.33892182, 0.93748045), (0.33891827, 0.9377563), (0.33765316, 0.93905133), (0.33706477, 0.9391388), (0.33664352, 0.9394984), (0.33831584, 0.9394947), (0.33664352, 0.94115293), (0.33825243, 0.9400822), (0.33772677, 0.9408423), (0.33664352, 0.9383562), (0.33601463, 0.93886954), (0.33629718, 0.93886954), (0.33655798, 0.93868315), (0.33776122, 0.93874085), (0.33655798, 0.93868315), (0.33706477, 0.9391388), (0.33765316, 0.9390514), (0.33892697, 0.93658614), (0.33664352, 0.936586), (0.33664352, 0.9383562), (0.33711293, 0.9386828), (0.33776122, 0.93874085), (0.33875835, 0.9384048), (0.33892694, 0.9381956), (0.8159042, 0.8443546), (0.8157905, 0.84435076), (0.8157066, 0.84454244), (0.8160714, 0.8445926), (0.8157066, 0.8446688), (0.8160714, 0.84478337), (0.8157362, 0.8447713), (0.8157705, 0.8448599), (0.81579083, 0.84490585), (0.8157269, 0.8446163), (0.8156867, 0.84459674), (0.81566805, 0.8446859), (0.8156706, 0.8448764), (0.8156097, 0.84405386), (0.8157729, 0.8442803), (0.81577015, 0.84470236), (0.815637, 0.84482914), (0.81566066, 0.84485304), (0.8157378, 0.84484804), (0.815683, 0.8439412), (0.8157066, 0.84384555), (0.8157066, 0.8446757), (0.8156159, 0.84482986), (0.8157066, 0.8444186), (0.8157066, 0.8446757), (0.8160714, 0.8446269), (0.8160714, 0.8444186), (0.81564754, 0.84405386), (0.8156572, 0.8440677), (0.8160001, 0.8444843), (0.8156849, 0.8440009), (0.8157956, 0.8440032), (0.8157067, 0.8445554), (0.8157066, 0.84478337), (0.81586456, 0.8448846), (0.81599355, 0.84455687), (0.8156693, 0.84395725), (0.8157552, 0.8440479), (0.81599355, 0.84455687), (0.8157645, 0.8447838), (0.81586456, 0.8448846), (0.815667, 0.8444186), (0.8157066, 0.84447277), (0.8160001, 0.8444843), (0.8156572, 0.8440677), (0.8160714, 0.8446634), (0.8160714, 0.8444186), (0.81576073, 0.8443871), (0.81573534, 0.8444393), (0.8157058, 0.84456146), (0.81570524, 0.8446055), (0.81573635, 0.8446175), (0.8156867, 0.84459674), (0.8157269, 0.8446163), (0.8157823, 0.844366), (0.81567174, 0.844499), (0.8157823, 0.844366), (0.8157269, 0.8446163), (0.81577015, 0.84470236), (0.81579083, 0.84490585), (0.8156536, 0.8444586), (0.8157067, 0.8445554), (0.81599355, 0.84455687), (0.81563145, 0.84433585), (0.8160001, 0.8444843), (0.8157066, 0.84447277), (0.8157066, 0.8446514), (0.81603485, 0.84467906), (0.8157232, 0.8447508), (0.8157422, 0.84481984), (0.8159042, 0.8443546), (0.8159042, 0.8443546), (0.8160714, 0.8445926), (0.8160714, 0.8445926), (0.8157066, 0.8440539), (0.8157066, 0.8440539), (0.8157066, 0.84384555), (0.8157066, 0.84384555), (0.8157066, 0.8446688), (0.8157066, 0.8446688), (0.8157066, 0.84454244), (0.8157066, 0.84454244), (0.8157066, 0.8438798), (0.8157066, 0.8438798), (0.8157066, 0.843689), (0.8157066, 0.843689), (0.8156706, 0.8448764), (0.8156706, 0.8448764), (0.81566805, 0.8446859), (0.81566805, 0.8446859), (0.8158413, 0.84430176), (0.8158413, 0.84430176), (0.8160484, 0.84450495), (0.8160484, 0.84450495), (0.8157058, 0.84456146), (0.8157058, 0.84456146), (0.81573534, 0.8444393), (0.81573534, 0.8444393), (0.8157066, 0.84380907), (0.8157066, 0.84380907), (0.81575376, 0.84455603), (0.81575376, 0.84455603), (0.81566805, 0.8446859), (0.81566805, 0.8446859), (0.8156867, 0.84459674), (0.8156867, 0.84459674), (0.81577337, 0.8448853), (0.81577337, 0.8448853), (0.81579083, 0.84490585), (0.81579083, 0.84490585), (0.8157066, 0.84447277), (0.8157066, 0.84447277), (0.815667, 0.8444186), (0.815667, 0.8444186), (0.8157066, 0.84454244), (0.8157066, 0.84454244), (0.8157905, 0.84435076), (0.8157905, 0.84435076), (0.8157066, 0.8444186), (0.8157066, 0.8444186), (0.8157066, 0.8440539), (0.8157066, 0.8440539), (0.81570524, 0.8446055), (0.81570524, 0.8446055), (0.8157058, 0.84456146), (0.8157058, 0.84456146), (0.8157905, 0.84435076), (0.8157905, 0.84435076), (0.8159042, 0.8443546), (0.8159042, 0.8443546), (0.815667, 0.8444186), (0.815667, 0.8444186), (0.8156572, 0.8440677), (0.8156572, 0.8440677), (0.81573534, 0.8444393), (0.81573534, 0.8444393), (0.81576073, 0.8443871), (0.81576073, 0.8443871), (0.8157729, 0.8442803), (0.8157729, 0.8442803), (0.8156097, 0.84405386), (0.8156097, 0.84405386), (0.8157645, 0.8447838), (0.8157645, 0.8447838), (0.81586456, 0.8448846), (0.81586456, 0.8448846), (0.8156572, 0.8440677), (0.8156572, 0.8440677), (0.81564754, 0.84405386), (0.81564754, 0.84405386), (0.8157066, 0.8446757), (0.8157066, 0.8446757), (0.8157066, 0.8444186), (0.8157066, 0.8444186), (0.8156693, 0.84395725), (0.8156693, 0.84395725), (0.81565356, 0.84376365), (0.81565356, 0.84376365), (0.815637, 0.84482914), (0.815637, 0.84482914), (0.81566066, 0.84485304), (0.81566066, 0.84485304), (0.81567174, 0.844499), (0.81567174, 0.844499), (0.8157823, 0.844366), (0.8157823, 0.844366), (0.81564754, 0.84405386), (0.81564754, 0.84405386), (0.8156849, 0.8440009), (0.8156849, 0.8440009), (0.81586456, 0.8448846), (0.81586456, 0.8448846), (0.8157066, 0.84478337), (0.8157066, 0.84478337), (0.81576073, 0.8443871), (0.81576073, 0.8443871), (0.8157066, 0.84405386), (0.8157066, 0.84405386), (0.8160484, 0.84450495), (0.8160484, 0.84450495), (0.8160619, 0.84451526), (0.8160619, 0.84451526), (0.8156867, 0.84459674), (0.8156867, 0.84459674), (0.81567174, 0.844499), (0.81567174, 0.844499), (0.8156097, 0.84405386), (0.8156097, 0.84405386), (0.81564134, 0.84384054), (0.81564134, 0.84384054), (0.81579083, 0.84490585), (0.81579083, 0.84490585), (0.8156706, 0.8448764), (0.8156706, 0.8448764), (0.8157362, 0.8447713), (0.8157362, 0.8447713), (0.8157066, 0.8446688), (0.8157066, 0.8446688), (0.815609, 0.8448832), (0.815609, 0.8448832), (0.81567967, 0.8447091), (0.81567967, 0.8447091), (0.8156159, 0.84482986), (0.8156159, 0.84482986), (0.81559885, 0.8449771), (0.81559885, 0.8449771), (0.81559885, 0.8449771), (0.81559885, 0.8449771), (0.815609, 0.8448832), (0.815609, 0.8448832)] (
        customData = {
            string sourceMember = "ArbitraryPrimvars"
        }
        elementSize = 1
        interpolation = "varying"
    )
    float4[] primvars:tangents = [(-0.74289286, 0.5858433, -0.32387936, 1), (-0.7428928, 0.5858434, -0.3238793, 1), (-0.7428928, 0.58584344, -0.32387933, 1), (-0.41004103, 0.9058371, 0.10642159, -1), (-0.41004103, 0.9058371, 0.10642158, -1), (-0.41004097, 0.9058371, 0.10642158, -1), (-0.22020534, 0.91153127, 0.34730437, -1), (-0.22020534, 0.91153127, 0.34730437, -1), (-0.22020534, 0.91153127, 0.34730437, -1), (-0.27465495, 0.96017045, 0.05135489, -1), (-0.27465498, 0.96017045, 0.051354885, -1), (-0.274655, 0.96017045, 0.05135489, -1), (-0.55430794, 0.832136, 0.01709675, -1), (-0.55430794, 0.832136, 0.01709675, -1), (-0.55430794, 0.832136, 0.017096749, -1), (-0.9962708, 0.05388403, 0.06738785, -1), (-0.9962708, 0.053884033, 0.06738785, -1), (-0.9962708, 0.05388404, 0.06738785, -1), (0.9736082, 0.20621099, 0.09779648, 1), (0.9736082, 0.20621097, 0.09779646, 1), (0.9736082, 0.20621099, 0.09779648, 1), (0.98873967, 0.11009017, -0.10136114, 1), (0.98873967, 0.11009017, -0.10136116, 1), (0.98873967, 0.110090144, -0.10136116, 1), (-0.37532133, 0.89056647, -0.25695407, -1), (-0.37532127, 0.89056647, -0.25695407, -1), (-0.37532133, 0.89056647, -0.25695407, -1), (-0.021628378, 0.99378455, 0.10919954, -1), (-0.021628378, 0.99378455, 0.10919954, -1), (-0.021628378, 0.99378455, 0.10919954, -1), (-0.046782225, 0.9710352, -0.2343117, -1), (-0.04678223, 0.9710352, -0.23431171, -1), (-0.046782225, 0.9710352, -0.23431171, -1), (-0.74139225, 0.6140604, -0.2706793, -1), (-0.7413922, 0.61406046, -0.2706793, -1), (-0.74139225, 0.61406046, -0.2706793, -1), (-0.022345787, 0.97985464, 0.19845773, -1), (-0.02234579, 0.97985464, 0.19845776, -1), (-0.022345787, 0.97985464, 0.19845773, -1), (-0.31166372, 0.93251073, -0.18245442, -1), (-0.31166375, 0.93251073, -0.18245445, -1), (-0.31166372, 0.93251073, -0.18245445, -1), (-0.57713526, 0.80585104, 0.13235907, -1), (-0.5771353, 0.80585104, 0.13235909, -1), (-0.57713526, 0.80585104, 0.13235907, -1), (-0.5973998, 0.7125726, 0.36790475, -1), (-0.5973997, 0.7125726, 0.36790475, -1), (-0.5973998, 0.7125726, 0.36790475, -1), (-0.122626394, 0.99163634, 0.0402492, -1), (-0.122626394, 0.99163634, 0.040249195, -1), (-0.122626394, 0.99163634, 0.040249206, -1), (-0.32709682, 0.9449519, -0.008573835, -1), (-0.32709682, 0.9449519, -0.008573834, -1), (-0.32709682, 0.9449519, -0.008573835, -1), (-0.021628438, 0.99378455, 0.10919946, -1), (-0.021628436, 0.99378455, 0.10919945, -1), (-0.021628438, 0.99378455, 0.10919946, -1), (-0.021754302, 0.9937092, -0.10985839, -1), (-0.021754298, 0.9937092, -0.10985838, -1), (-0.0217543, 0.9937092, -0.10985839, -1), (0.055414714, 0.99818075, -0.023756096, -1), (0.055414703, 0.99818075, -0.02375609, -1), (0.055414706, 0.99818075, -0.02375609, -1), (-0.3352053, 0.9082189, -0.25055116, -1), (-0.3352053, 0.9082189, -0.25055116, -1), (-0.3352053, 0.90821886, -0.25055116, -1), (0.49235493, 0.86244744, -0.11734989, -1), (0.49235487, 0.86244744, -0.11734988, -1), (0.49235487, 0.86244756, -0.11734989, -1), (-0.124005735, 0.8004787, -0.58639276, -1), (-0.12400574, 0.8004787, -0.5863927, -1), (-0.124005735, 0.8004787, -0.58639276, -1), (-0.03991664, 0.97951126, -0.19739386, -1), (-0.03991664, 0.97951126, -0.19739386, -1), (-0.039916642, 0.97951126, -0.19739386, -1), (-0.17588663, 0.98318475, 0.049107186, -1), (-0.17588666, 0.98318475, 0.04910719, -1), (-0.17588663, 0.98318475, 0.049107186, -1), (0.02294127, 0.9744845, -0.22327971, -1), (0.022941273, 0.9744845, -0.22327976, -1), (0.022941273, 0.9744845, -0.22327973, -1), (0.14704815, 0.94622093, -0.28817144, -1), (0.14704815, 0.94622093, -0.28817144, -1), (0.14704815, 0.94622093, -0.28817147, -1), (-0.021731205, 0.993707, -0.10988284, -1), (-0.021731205, 0.993707, -0.109882824, -1), (-0.021731205, 0.993707, -0.10988282, -1), (-0.53486156, 0.8067175, 0.25125682, -1), (-0.53486156, 0.8067175, 0.25125682, -1), (-0.53486156, 0.8067175, 0.2512568, -1), (-0.23482648, 0.9661464, -0.10685314, -1), (-0.23482645, 0.9661464, -0.10685314, -1), (-0.23482648, 0.9661464, -0.10685314, -1), (-0.53685594, 0.810356, 0.23475274, -1), (-0.53685594, 0.81035596, 0.23475276, -1), (-0.53685594, 0.810356, 0.23475274, -1), (-0.11360822, 0.95533866, -0.27280265, -1), (-0.11360822, 0.95533866, -0.2728027, -1), (-0.11360822, 0.95533866, -0.27280265, -1), (0.6708618, 0.5322063, 0.5164309, 1), (0.6708618, 0.53220636, 0.516431, 1), (0.6708618, 0.53220636, 0.5164309, 1), (-0.909085, 0.27871352, -0.30965045, -1), (-0.909085, 0.27871352, -0.30965045, -1), (-0.90908486, 0.2787135, -0.30965042, -1), (-0.50213104, 0.8643658, -0.027132843, -1), (-0.5021309, 0.8643658, -0.027132843, -1), (-0.50213104, 0.8643658, -0.027132843, -1), (-0.9507748, 0.058319777, -0.30434534, -1), (-0.9507749, 0.05832081, -0.30434495, -1), (-0.9507752, 0.058325395, -0.30434313, -1), (0.99670213, 0.035521656, 0.07295829, 1), (0.9967024, 0.035518184, 0.07295693, 1), (0.9967024, 0.035518434, 0.07295703, 1), (-0.98583674, 0.0023928548, -0.16769081, -1), (-0.98583674, 0.002393377, -0.16769062, -1), (-0.98583674, 0.0023920205, -0.16769114, -1), (-0.9999832, 0, 0.0057938932, 1), (-0.9999832, 0, 0.0057938956, 1), (-0.9999832, 0, 0.0057939044, 1), (0.8878135, -0.0026333379, -0.46019596, 1), (0.8878135, -0.0026842682, -0.4601956, 1), (0.8878135, -0.002737824, -0.46019527, 1), (0.95948714, 0.002598961, 0.2817405, 1), (0.95948714, 0.0026057563, 0.28174034, 1), (0.9594874, 0.0023954771, 0.28174174, 1), (0.6426418, 0.3002179, -0.70489776, 1), (0.6426417, 0.30021787, -0.7048978, 1), (0.6426418, 0.30021787, -0.7048978, 1), (0.7897642, 0.4238498, 0.44342268, 1), (0.7897643, 0.42384973, 0.4434227, 1), (0.7897642, 0.4238498, 0.44342273, 1), (-0.4318248, 0.33779845, -0.83631307, -1), (-0.4318135, 0.3377897, -0.8363225, -1), (-0.43180442, 0.33778268, -0.83633, -1), (-0.21858875, 0.55901086, -0.7998286, 1), (-0.21860744, 0.55902714, -0.79981214, 1), (-0.21860074, 0.55902135, -0.799818, 1), (-0.2815732, 0.89456683, -0.34708336, -1), (-0.2815465, 0.8945618, -0.3471177, -1), (-0.28153428, 0.89455956, -0.3471334, -1), (0.208172, 0.97748387, 0.034493692, 1), (0.20811372, 0.97749376, 0.034563836, 1), (0.20813876, 0.9774894, 0.03453361, 1), (0.48703226, 0.76611197, -0.41937107, 1), (0.4870536, 0.76610965, -0.41935033, 1), (0.4870546, 0.7661096, -0.41934952, 1), (0.024264509, 0.9976386, 0.06425344, -1), (0.024255257, 0.9976394, 0.064243756, -1), (0.024256041, 0.9976393, 0.0642446, -1), (-0.38306653, 0.8657247, -0.32215017, -1), (-0.38309342, 0.86571705, -0.3221388, -1), (-0.38308033, 0.8657208, -0.3221443, -1), (-0.19340616, 0.9568034, 0.21707423, 1), (-0.19339, 0.9568081, 0.21706815, 1), (-0.193376, 0.9568121, 0.2170629, 1), (0.5911382, 0.70905817, 0.38443753, 1), (0.59189916, 0.7087283, 0.3838745, 1), (0.5918978, 0.7087289, 0.3838755, 1), (0.56974816, -0.08160079, 0.81775814, -1), (0.5701011, -0.08176093, 0.8174962, -1), (0.5692989, -0.08136192, 0.8180947, -1), (-0.15198176, 0.021754794, -0.98814386, -1), (-0.1520302, 0.021754753, -0.9881364, -1), (-0.15203944, 0.02175477, -0.988135, -1), (-0.1364527, 0.2852991, -0.9486755, 1), (-0.1363917, 0.2852948, -0.94868547, 1), (-0.1364012, 0.28529552, -0.948684, 1), (0.9006463, -0.020169202, -0.43408462, 1), (0.90064436, -0.020173497, -0.4340883, 1), (0.90064746, -0.02016542, -0.43408236, 1), (-0.9562552, 0.21472743, 0.19866589, -1), (-0.95625746, 0.21472214, 0.19866054, -1), (-0.95626086, 0.21471345, 0.19865403, -1), (0.66801536, 0.54556274, 0.50607985, 1), (0.6680906, 0.5455337, 0.50601184, 1), (0.668092, 0.54553324, 0.5060105, 1), (-0.8169134, -0.08015954, -0.57116264, -1), (-0.816916, -0.08015656, -0.5711594, -1), (-0.8169157, -0.08015605, -0.57116014, -1), (0.8835676, 0.21519771, 0.41593057, 1), (0.88356924, 0.21519448, 0.41592887, 1), (0.8835709, 0.21519284, 0.41592595, 1), (-0.8991009, 0.11037545, 0.4235975, -1), (-0.8991009, 0.110376395, 0.42359716, -1), (-0.89910084, 0.110375054, 0.42359763, -1), (-0.99144906, -0.120778166, -0.049409803, 1), (-0.9914494, -0.12077503, -0.049411424, 1), (-0.9914492, -0.12077628, -0.049410805, 1), (-0.7057602, -0.23655412, -0.66779095, -1), (-0.70503145, -0.21762963, -0.67495775, -1), (-0.7054347, -0.22693254, -0.67146367, -1), (-0.70812005, -0.20978534, -0.6742077, -1), (-0.29765087, 0.9546748, 0, -1), (-0.2975471, 0.95470715, 0, -1), (-0.29759854, 0.9546911, 0, -1), (-0.29770234, 0.9546587, 0, -1), (1, 0, 0, -1), (1, 0, 0, -1), (1, 0, 0, -1), (1, 0, 0, -1), (-0.22679672, 0.96109617, -0.15766184, -1), (-0.3108619, 0.937278, -0.15771769, -1), (-0.22191352, 0.96224165, -0.15762445, -1), (-0.12656525, 0.9796027, -0.1560763, -1), (1, 0, 0, -1), (1, 0, 0, -1), (1, 0, 0, -1), (1, 0, 0, -1), (1, 0, 0, -1), (1, 0, 0, -1), (1, 0, 0, -1), (1, 0, 0, -1), (1, 0, 0, -1), (1, 0, 0, -1), (1, 0, 0, -1), (1, 0, 0, -1), (-0.035060123, 0.9885232, -0.14694408, -1), (-0.035438333, 0.9991912, -0.018999025, -1), (-0.034866445, 0.983061, -0.17993166, -1), (-0.03388023, 0.95524967, -0.29385412, -1), (-0.033821065, 0.95358086, -0.29923156, -1), (-0.034383114, 0.9694365, -0.24292085, -1), (-0.8038407, 0.48484224, -0.34462744, -1), (-0.91539294, 0.1266948, -0.38210472, -1), (-0.70670265, 0.6368968, -0.30811316, -1), (-0.61257064, 0.74225336, -0.27169323, -1), (-0.8369842, 0.41504985, -0.35663858, -1), (1, 0, 0, -1), (1, 0, 0, -1), (1, 0, 0, -1), (1, 0, 0, -1), (1, 0, 0, -1), (1, 0, 0, -1), (1, 0, 0, -1), (1, 0, 0, -1), (1, 0, 0, -1), (1, 0, 0, -1), (1, 0, 0, -1), (1, 0, 0, -1), (1, 0, 0, -1), (1, 0, 0, -1), (1, 0, 0, -1), (1, 0, 0, -1), (1, 0, 0, -1), (1, 0, 0, -1), (-0.2974691, 0.9547315, 0, -1), (-0.29746932, 0.9547314, 0, -1), (-0.29569766, 0.9490461, 0.10896993, -1), (-0.29234472, 0.93828577, 0.1848092, -1), (-0.049779564, 0.15977217, 0.985898, -1), (-0.02798864, 0.08982567, -0.9955642, -1), (0.9977683, 0, 0.06677136, -1), (1, 0, 0, -1), (1, 0, 0, -1), (0.9980716, 0, 0.06207343, -1), (0.9678363, 0, 0.25158083, -1), (1, 0, 0, -1), (1, 0, 0, -1), (1, 0, 0, -1), (1, 0, 0, -1), (0.0824809, 0.9961843, 0.028528443, -1), (0.1467735, 0.98834795, 0.0403219, -1), (0.088926576, 0.9955949, 0.029713413, -1), (0.039489232, 0.9990074, 0.020610102, -1), (-0.038778372, 0.9932829, -0.109019235, -1), (-0.037671484, 0.9794982, -0.19789945, -1), (-0.039957576, 0.9887122, 0.144401, -1), (-0.03939685, 0.9956703, 0.084192574, -1), (-0.037669852, 0.97966844, -0.19705553, -1), (-0.037641406, 0.9786119, -0.20224212, -1), (1, 0, 0, -1), (1, 0, 0, -1), (1, 0, 0, -1), (1, 0, 0, -1), (-0.025751522, -0.9165238, -0.39915025, -1), (-0.7281866, -0.45540473, 0.51220185, -1), (-0.38855925, -0.9205274, -0.04063243, -1), (0.019916011, -0.89943725, -0.436596, -1), (1, 0, 0, -1), (1, 0, 0, -1), (1, 0, 0, -1), (1, 0, 0, -1), (1, 0, 0, -1), (1, 0, 0, -1), (1, 0, 0, -1), (1, 0, 0, -1), (-0.505316, 0.8462061, 0.16908824, -1), (-0.038848333, 0.9798747, 0.1957971, -1), (-0.60438293, 0.7812497, 0.15610889, -1), (-0.87140244, 0.48105896, 0.09612559, -1), (-0.25760683, 0.9475188, 0.18933202, -1), (0.23671663, 0.9592247, 0.15444498, -1), (0.15671334, 0.97508574, 0.15699886, -1), (0.07820974, 0.9842605, 0.1584759, -1), (0.18778962, 0.96972007, 0.1561349, -1), (0.1350696, 0.9782371, 0.15750654, -1), (0.1841348, 0.9704029, 0.1562455, -1), (-0.15692003, 0.9750532, 0.1569952, -1), (1, 0, 0, -1), (1, 0, 0, -1), (1, 0, 0, -1), (1, 0, 0, -1), (0.15882845, 0.986451, -0.041082475, -1), (0.15699074, 0.97503746, -0.1570218, -1), (0.15882489, 0.98642737, 0.041661665, -1), (0.15685603, 0.9741987, 0.16227466, -1), (0.15719034, 0.9762755, 0.14892067, -1), (0.15887612, 0.9867438, 0.033090387, -1), (0.15699174, 0.97504777, -0.15695693, -1), (0.044662487, 0.98629934, -0.15880421, -1), (0.15695384, 0.9750481, -0.15699288, -1), (-0.074800946, 0.98451865, -0.15851744, -1), (-0.1450913, 0.9768374, -0.15728046, -1), (-0.15699168, 0.9750422, -0.15699181, -1), (-0.15860792, 0.985061, 0.06707049, -1), (-0.15699203, 0.975048, 0.15695529, -1), (-0.15818146, 0.9824326, -0.09901866, -1), (-0.15875188, 0.9859759, 0.05147287, -1), (-0.13566898, 0.8426032, 0.5211657, -1), (-0.021256464, 0.13202837, 0.99101806, -1), (1, 0, 0, -1), (1, 0, 0, -1), (1, 0, 0, -1), (1, 0, 0, -1), (1, 0, 0, -1), (1, 0, 0, -1), (-0.40652555, 0.8895236, -0.20853014, -1), (-0.3370772, 0.9166264, -0.21488385, -1), (-0.38052, 0.90036297, -0.2110712, -1), (-0.4484292, 0.87022567, -0.20400617, -1), (0.99983966, 0, -0.01790793, -1), (0.99999654, 0, -0.0026507257, -1), (0.99999917, 0, -0.0013484859, -1), (0.9999815, 0, -0.0060888994, -1), (0.99858737, 0, -0.05313512, -1), (-0.34221712, 0.9344116, -0.098805405, -1), (-0.34220734, 0.9344162, -0.0987952, -1), (-0.3422246, 0.93440807, -0.09881324, -1), (-0.3422295, 0.9344056, -0.0988184, -1), (-0.044587024, 0.9908731, 0.1272105, -1), (-0.038859397, 0.99219877, 0.11845453, -1), (-0.043298777, 0.9911925, 0.12515058, -1), (-0.041499585, 0.9916065, 0.12245195, -1), (-0.035001222, 0.9930201, 0.11263239, -1), (-0.99379647, -0.012550358, -0.11050332, -1), (-0.94613063, 0.083908424, -0.3127238, -1), (-0.9560354, 0.070326924, -0.28469384, -1), (-0.84021515, 0.18215385, -0.51074314, -1), (-0.9778, 0.033010527, -0.20692404, -1), (-0.45566934, 0.8873067, 0.07107968, -1), (-0.44793507, 0.8706943, 0.20309038, -1), (-0.4540226, 0.88503444, -0.1028469, -1), (-0.45022357, 0.8785637, -0.15945092, -1), (-0.4479474, 0.87077314, 0.20272447, -1), (0.28487977, 0.8309922, -0.4778027, 1), (0.938459, 0.34088826, 0.055586375, 1), (-0.23259433, 0.7696186, -0.5946319, 1), (-0.84815925, 0.27965394, -0.44991055, 1), (-0.53219044, 0.76619965, -0.3601548, -1), (-0.53219, 0.7661997, -0.36015514, -1), (-0.5321902, 0.7661997, -0.36015505, -1), (-0.532191, 0.7661994, -0.36015448, -1), (1, 0, 0, -1), (1, 0, 0, -1), (1, 0, 0, -1), (1, 0, 0, -1), (-0.7834952, 0.5889187, -0.19826768, -1), (-0.62324965, 0.7335431, -0.27106172, -1), (-0.6726164, 0.69591165, -0.25158307, -1), (-0.8640873, 0.4814554, -0.1468124, -1), (-0.23574033, 0.9714939, 0.025020609, -1), (-0.2347014, 0.96624506, 0.10623485, -1), (-0.23549633, 0.97136486, -0.03148963, -1), (-0.23489547, 0.9706289, -0.051996272, -1), (-0.23468377, 0.96625775, 0.106157996, -1), (1, 0, 0, -1), (1, 0, 0, -1), (1, 0, 0, -1), (1, 0, 0, -1), (-0.2334267, 0.9665558, 0.10621642, -1), (-0.23356205, 0.96652895, 0.10616322, -1), (-0.23342586, 0.966556, 0.10621678, -1), (-0.23327994, 0.96658486, 0.10627409, -1), (1, 0, 0, -1), (1, 0, 0, -1), (1, 0, 0, -1), (1, 0, 0, -1), (1, 0, 0, -1), (-0.92050385, 0.023690341, 0.39001453, -1), (-0.9273048, -0.0016440242, 0.37430337, -1), (-0.9206648, 0.02302044, 0.38967484, -1), (-0.9129163, 0.048624724, 0.40524012, -1), (-0.6033175, -0.7716526, -0.20139633, -1), (-0.088123605, -0.4936405, -0.86518973, -1), (-0.6841068, -0.7211852, 0.109040484, -1), (-0.5861626, -0.32155776, 0.7436492, -1), (-0.40370187, 0.9148416, 0.00946584, -1), (-0.4020318, 0.90984, 0.10277017, -1), (-0.4015491, 0.91114837, -0.092557795, -1), (-0.39856187, 0.90512305, -0.1479886, -1), (-0.4019824, 0.91189325, -0.082830936, -1), (-0.31684452, 0.9427279, -0.10427646, -1), (-0.31951588, 0.9394974, -0.12350759, -1), (-0.31638518, 0.9432778, -0.100635745, -1), (-0.31045857, 0.94866896, -0.06035416, -1), (-0.4975703, 0.7805486, -0.378375, -1), (-0.33604127, 0.7059277, -0.62349194, -1), (-0.49544403, 0.7802057, -0.3818564, -1), (-0.6127072, 0.7838888, -0.10054042, -1), (-0.7713935, 0.5854081, -0.24949844, -1), (-0.75624204, 0.5973233, -0.26702604, -1), (-0.7694995, 0.58693564, -0.251748, -1), (-0.7849695, 0.5740333, -0.23304212, -1), (0, 0.9726079, -0.23245162, -1), (0, 0.97268045, -0.23214798, -1), (0, 0.97259706, -0.23249722, -1), (0, 0.97252876, -0.23278305, -1), (0.44789588, 0.893927, -0.016846064, -1), (0.18908551, 0.9817863, -0.018501442, -1), (0.05515294, 0.99830073, -0.018812481, -1), (0.14014956, 0.9899546, -0.018655306, -1), (-0.04443184, 0.99883515, -0.018822445, -1), (-0.03530282, 0.99919933, -0.01882932, -1), (-0.17262521, 0.97994953, 0.09949571, -1), (-0.21493594, 0.970548, 0.108807646, -1), (-0.1798193, 0.9784864, 0.10114097, -1), (-0.13465339, 0.9866975, 0.09108563, -1), (-0.7935115, 0.6080683, -0.024340019, -1), (-0.9202251, 0.3911135, 0.0146970255, -1), (-0.80508107, 0.59277225, -0.02157705, -1), (-0.6301944, 0.7741589, -0.05943842, -1), (-0.1889162, 0.9564807, 0.22238569, -1), (-0.081409425, 0.97078663, 0.22571187, -1), (-0.33879036, 0.9164179, 0.21307108, -1), (-0.43220368, 0.8783475, 0.20421964, -1), (-0.44562787, 0.87196016, 0.2027346, -1), (-0.67765105, 0.42805457, 0.5979618, -1), (-0.7444509, 0.64472634, 0.1735534, -1), (-0.6736602, 0.42077816, 0.6075588, -1), (-0.41097337, 0.06219558, 0.9095233, -1), (0.7603144, 0.0455581, -0.64795554, 1), (0.8325002, 0.006699132, -0.55398417, 1), (0.7876991, 0.031640448, -0.61524713, 1), (0.6456488, 0.096272774, -0.7575416, 1), (-0.6297989, 0.7586449, 0.16676752, -1), (-0.5889221, 0.80376405, 0.08446425, -1), (-0.6232859, 0.76691043, 0.1528502, -1), (-0.66028035, 0.71238905, 0.23776403, -1), (-0.89562595, 0.41994816, 0.14662124, -1), (-0.878685, 0.4609752, 0.124155276, -1), (-0.8917778, 0.42984834, 0.14128914, -1), (-0.90057415, 0.40661532, 0.15372108, -1), (0.13996693, 0.9901155, -0.008978656, -1), (0.14007406, 0.9901001, -0.008998809, -1), (0.14011082, 0.990095, -0.008984014, -1), (0.14005187, 0.9901036, -0.008972183, -1), (-0.3185786, 0.94202304, 0.10535745, -1), (-0.31931812, 0.9413111, 0.10940416, -1), (-0.31811285, 0.94245803, 0.10284502, -1), (-0.31747365, 0.94305086, 0.09932488, -1), (0.2822838, 0.92391187, -0.25826865, -1), (0.30397508, 0.9360012, -0.17748514, -1), (0.2858767, 0.9262994, -0.24544661, -1), (0.25516564, 0.9021214, -0.34794757, -1), (0.11162114, 0.993565, -0.01921431, -1), (0.121233486, 0.99161494, -0.044747684, -1), (0.112901405, 0.9933483, -0.022636859, -1), (0.10552174, 0.99441224, -0.0030875788, -1), (0.10863885, 0.99401593, -0.011398613, -1), (-0.295583, 0.9272376, -0.22991554, -1), (-0.2945743, 0.9230763, -0.24729776, -1), (-0.29661357, 0.93156815, -0.21024087, -1), (-0.29772747, 0.9363612, -0.18597326, -1), (-0.8909922, 0.40142146, 0.21211731, -1), (-0.9511261, 0.08601984, 0.29658002, -1), (-0.87945366, 0.4308834, 0.20223923, -1), (-0.3637978, 0.92883384, -0.07013372, -1), (1, 0, 0, -1), (1, 0, 0, -1), (1, 0, 0, -1), (1, 0, 0, -1), (-0.01713041, 0.92080003, -0.38965848, -1), (0.0032499162, 0.9205454, -0.39062196, -1), (-0.008899889, 0.92075324, -0.39004388, -1), (-0.03874013, 0.92066056, -0.38843697, -1), (-0.6581801, 0.74938035, -0.07230533, -1), (-0.7581651, 0.6474174, 0.0776939, -1), (-0.67266047, 0.7379952, -0.053766627, -1), (-0.5419414, 0.814322, -0.20779587, -1), (0.024836957, 0.99967194, -0.0062488285, -1), (0.019113349, 0.9998097, 0.003907423, -1), (0.025052674, 0.9996643, -0.006609431, -1), (0.030707149, 0.99939024, -0.016618514, -1), (-0.35669056, 0.93396413, 0.021975763, -1), (-0.23488264, 0.8747448, -0.42385355, -1), (-0.36029118, 0.93199384, 0.039722145, -1), (-0.40148994, 0.7836476, 0.47402772, -1), (1, 0, 0, -1), (1, 0, 0, -1), (1, 0, 0, -1), (1, 0, 0, -1), (1, 0, 0, -1), (1, 0, 0, -1), (1, 0, 0, -1), (1, 0, 0, -1), (0.5997896, 0.55861366, 0.5728901, 1), (0.5881979, 0.5198767, 0.61947674, 1), (0.6020525, 0.56578463, 0.5634009, 1), (0.6104725, 0.6000347, 0.51699305, 1), (0.30137748, 0.750339, 0.58835626, 1), (0.3013737, 0.7503538, 0.5883392, 1), (0.30139545, 0.75026876, 0.58843654, 1), (0.3013889, 0.7502939, 0.58840775, 1), (0.30143106, 0.7501307, 0.58859426, 1), (1, 0, 0, -1), (1, 0, 0, -1), (1, 0, 0, -1), (1, 0, 0, -1), (-0.038174994, 0.99740535, -0.061033793, -1), (-0.038136955, 0.99111134, -0.12745118, -1), (-0.038073707, 0.9985316, 0.03853798, -1), (-0.037691668, 0.99347454, 0.10764618, -1), (-0.037978437, 0.9973138, 0.06263167, -1), (-0.038238235, 0.9954112, -0.0877181, -1), (-0.037362922, 0.9871082, 0.15563263, -1), (-0.29746252, 0.95473343, 0, -1), (-0.29744276, 0.95473963, 0, -1), (-0.2974648, 0.95473284, 0, -1), (-0.2974586, 0.95473474, 0, -1), (-0.2974852, 0.9547264, 0, -1), (-0.29743946, 0.95474076, 0, -1), (-0.29753476, 0.95471096, 0, -1), (0.7538232, 0.6570774, 0, -1), (0.7537388, 0.65717417, 0, -1), (0.75378263, 0.65712386, 0, -1), (0.7539218, 0.6569642, 0, -1), (-0.20837809, 0.97111547, 0.11624676, -1), (-0.2079132, 0.9712643, 0.1158351, -1), (-0.20825356, 0.97116125, 0.11608782, -1), (-0.20882867, 0.9709672, 0.11667601, -1), (-0.29746935, 0.9547314, 0, -1), (-0.29746932, 0.9547314, 0, -1), (-0.29746953, 0.9547314, 0, -1), (-0.29746932, 0.9547314, 0, -1), (-0.29746932, 0.9547314, 0, -1), (-0.2974695, 0.9547314, 0, -1), (-0.29746833, 0.95473033, 0.0016588512, -1), (-0.98624474, 0, 0.16529198, -1), (-0.9328389, 0, 0.36029387, -1), (-0.99561524, 0, 0.09354269, -1), (-0.99951684, 0, 0.031079238, -1), (-0.99962854, 0, 0.027253728, -1), (-0.99972814, 0, 0.02331622, -1), (-0.9955308, 0, 0.094437554, -1), (-0.9935086, 0, 0.11375781, -1), (-0.8758241, 0.31181636, -0.36837846, -1), (-0.7992912, 0.3221805, -0.50728035, -1), (-0.8107657, 0.32126188, -0.4893362, -1), (-0.8483145, 0.31684625, -0.42422992, -1), (-0.92939687, 0.2940034, -0.22312216, -1), (0.7882329, 0.526181, -0.31909636, 1), (0.7124261, 0.42339942, -0.5596267, 1), (0.7545317, 0.6092842, 0.24383312, 1), (0.6806035, 0.5906704, 0.43345976, 1), (0.57963735, 0.54803264, 0.6030594, 1), (0.56355584, 0.540249, 0.62492865, 1), (0.8588207, 0.2342398, -0.45558625, 1), (0.761778, 0.27873987, -0.5848063, 1), (0.93825096, 0.17713585, -0.29716653, 1), (0.9668897, 0.14479683, -0.21013907, 1), (-1, 0, 0, -1), (-1, 0, 0, -1), (-1, 0, 0, -1), (-1, 0, 0, -1), (-0.49348786, -0.19305392, 0.84805655, -1), (-0.8542924, -0.45735323, 0.24700737, -1), (0.007855718, 0.10473158, 0.9944695, -1), (0.8707316, 0.48142585, -0.10027809, -1), (0.6598061, 0.30312285, -0.6875845, -1), (-0.97934765, 0.032511227, -0.19955283, -1), (-0.9317081, 0.03569652, -0.3614493, -1), (-0.98741734, 0.031511754, -0.15496458, -1), (-0.9996195, 0.027555414, 0.001215724, -1), (0.2618433, 0.20932734, -0.94213593, 1), (0.1105232, 0.13746803, -0.98432064, 1), (0.53113747, 0.3298583, -0.78044, 1), (0.8923585, 0.4485753, -0.049764216, 1), (0.8912122, 0.4323411, 0.1371931, 1), (-0.9996032, -0.006932811, 0.02730069, -1), (-0.99978286, -0.02056363, 0.0033914729, -1), (-0.98544335, 0.06690043, 0.15628745, -1), (-0.9823844, 0.07535672, 0.17100386, -1), (-0.9884263, 0, -0.1517021, -1), (-0.9937925, 0, -0.11125016, -1), (-0.9994572, 0, 0.032943953, -1), (-0.99785846, 0, 0.06540999, -1), (-0.99972636, 0, 0.023390083, -1), (-0.94562435, -0.0013323292, -0.3252581, -1), (-0.583468, -0.0033247254, -0.8121293, -1), (-0.93421876, 0.35318306, -0.049969453, -1), (-0.87146103, 0.26723853, -0.41126546, -1), (-0.9309019, 0.36449125, 0.023831563, -1), (-0.87165266, 0.3884759, 0.29884472, -1), (-0.9978587, 0, 0.065407045, -1), (-0.9976876, 0, 0.06796683, -1), (-0.99738353, 0, 0.07229169, -1), (-0.9971643, 0, 0.07525454, -1), (-0.99402964, 0.0892774, 0.06272645, -1), (-0.9974516, 0.07117578, -0.004920043, -1), (-0.9929934, 0.09222888, 0.07387773, -1), (-0.9777078, 0.11816808, 0.17356165, -1), (-1, 0, 0, -1), (-1, 0, 0, -1), (-0.9999982, 0, 0.0019110424, -1), (-0.9999776, 0, -0.0067029, -1), (-0.99971694, 0, -0.023790564, -1), (-0.9971227, 0, -0.075803556, -1), (1, 0, 0, -1), (1, 0, 0, -1), (1, 0, 0, -1), (1, 0, 0, -1), (1, 0, 0, -1), (1, 0, 0, -1), (1, 0, 0, -1), (1, 0, 0, -1), (1, 0, 0, -1), (1, 0, 0, -1), (1, 0, 0, -1), (1, 0, 0, -1), (1, 0, 0, -1), (1, 0, 0, -1), (1, 0, 0, -1), (1, 0, 0, -1), (1, 0, 0, -1), (1, 0, 0, -1), (1, 0, 0, -1), (1, 0, 0, -1), (1, 0, 0, -1), (1, 0, 0, -1), (1, 0, 0, -1), (1, 0, 0, -1), (1, 0, 0, -1), (1, 0, 0, -1), (1, 0, 0, -1), (1, 0, 0, -1), (1, 0, 0, -1), (1, 0, 0, -1), (1, 0, 0, -1), (1, 0, 0, -1), (1, 0, 0, -1), (1, 0, 0, -1), (1, 0, 0, -1), (1, 0, 0, -1), (1, 0, 0, -1), (1, 0, 0, -1), (1, 0, 0, -1), (1, 0, 0, -1), (1, 0, 0, -1), (1, 0, 0, -1), (1, 0, 0, -1), (1, 0, 0, -1), (1, 0, 0, -1), (1, 0, 0, -1), (1, 0, 0, -1), (1, 0, 0, -1), (1, 0, 0, -1), (1, 0, 0, -1), (1, 0, 0, -1), (1, 0, 0, -1), (1, 0, 0, -1), (1, 0, 0, -1), (1, 0, 0, -1), (1, 0, 0, -1), (1, 0, 0, -1), (1, 0, 0, -1), (1, 0, 0, -1), (1, 0, 0, -1), (1, 0, 0, -1), (1, 0, 0, -1), (1, 0, 0, -1), (1, 0, 0, -1), (1, 0, 0, -1), (1, 0, 0, -1), (1, 0, 0, -1), (1, 0, 0, -1), (1, 0, 0, -1), (1, 0, 0, -1), (1, 0, 0, -1), (1, 0, 0, -1), (1, 0, 0, -1), (1, 0, 0, -1), (1, 0, 0, -1), (1, 0, 0, -1), (1, 0, 0, -1), (1, 0, 0, -1), (1, 0, 0, -1), (1, 0, 0, -1), (1, 0, 0, -1), (1, 0, 0, -1), (1, 0, 0, -1), (1, 0, 0, -1), (1, 0, 0, -1), (1, 0, 0, -1), (1, 0, 0, -1), (1, 0, 0, -1), (1, 0, 0, -1), (1, 0, 0, -1), (1, 0, 0, -1), (1, 0, 0, -1), (1, 0, 0, -1), (1, 0, 0, -1), (1, 0, 0, -1), (1, 0, 0, -1), (1, 0, 0, -1), (1, 0, 0, -1), (1, 0, 0, -1), (1, 0, 0, -1), (1, 0, 0, -1), (1, 0, 0, -1), (1, 0, 0, -1), (1, 0, 0, -1), (1, 0, 0, -1), (1, 0, 0, -1), (1, 0, 0, -1), (1, 0, 0, -1), (1, 0, 0, -1), (1, 0, 0, -1), (1, 0, 0, -1), (1, 0, 0, -1), (1, 0, 0, -1), (1, 0, 0, -1), (1, 0, 0, -1), (1, 0, 0, -1), (1, 0, 0, -1), (1, 0, 0, -1), (1, 0, 0, -1), (1, 0, 0, -1), (1, 0, 0, -1), (1, 0, 0, -1), (1, 0, 0, -1), (1, 0, 0, -1), (1, 0, 0, -1), (1, 0, 0, -1), (1, 0, 0, -1), (1, 0, 0, -1), (1, 0, 0, -1), (1, 0, 0, -1), (1, 0, 0, -1), (1, 0, 0, -1), (1, 0, 0, -1), (1, 0, 0, -1), (1, 0, 0, -1), (1, 0, 0, -1), (1, 0, 0, -1), (1, 0, 0, -1), (1, 0, 0, -1), (1, 0, 0, -1)] (
        elementSize = 1
        interpolation = "varying"
    )
    uniform token purpose
    token visibility
    matrix4d xformOp:transform = ( (-0.23941536247730255, -1.1175870229251927e-9, 0.01674150675535202, 0), (-9.66743018970817e-10, 0.23999997973442078, 2.196201220883154e-9, 0), (-0.01674150675535202, 2.1234149993887286e-9, -0.23941536247730255, 0), (-6.530742645263672, 0.7183341979980469, -12.452006340026855, 1) )
    uniform token[] xformOpOrder = ["xformOp:transform"]

    def Scope "Materials"
    {
        def Material "PP_Standard_Material_52838"
        {
            token outputs:displacement
            token outputs:surface.connect = </PP_Rock_Moss_Grown_11_1046/Materials/PP_Standard_Material_52838/PreviewSurface.outputs:surface>
            token[] requiredKeywords

            def Shader "PreviewSurface"
            {
                uniform token info:id = "UsdPreviewSurface"
                float inputs:clearcoat = 0
                float inputs:clearcoatRoughness = 0.01
                float3 inputs:diffuseColor = (0.18, 0.18, 0.18)
                float3 inputs:diffuseColor.connect = </PP_Rock_Moss_Grown_11_1046/Materials/PP_Standard_Material_52838/PreviewSurface/_MainTex.outputs:rgb>
                float inputs:displacement = 0
                float3 inputs:emissiveColor = (0, 0, 0)
                float inputs:ior = 1.5
                float inputs:metallic = 0
                float3 inputs:normal = (0, 0, 1)
                float inputs:occlusion = 1
                float inputs:opacity = 1
                float inputs:opacityThreshold = 0
                float inputs:roughness = 0.8
                float3 inputs:specularColor = (0.033104748, 0.033104748, 0.033104748)
                int inputs:useSpecularWorkflow = 0
                token outputs:displacement
                token outputs:surface
                color4f unity:colors:_BaseColor = (1, 1, 1, 1) (
                    customData = {
                        string sourceMember = "colorArgs"
                    }
                )
                color4f unity:colors:_Color = (1, 1, 1, 1) (
                    customData = {
                        string sourceMember = "colorArgs"
                    }
                )
                color4f unity:colors:_EmissionColor = (0, 0, 0, 1) (
                    customData = {
                        string sourceMember = "colorArgs"
                    }
                )
                color4f unity:colors:_SpecColor = (0.033104748, 0.033104748, 0.033104748, 1) (
                    customData = {
                        string sourceMember = "colorArgs"
                    }
                )
                float unity:floats:_AddPrecomputedVelocity = 0 (
                    customData = {
                        string sourceMember = "floatArgs"
                    }
                )
                float unity:floats:_AlphaClip = 0 (
                    customData = {
                        string sourceMember = "floatArgs"
                    }
                )
                float unity:floats:_AlphaToMask = 0 (
                    customData = {
                        string sourceMember = "floatArgs"
                    }
                )
                float unity:floats:_Blend = 0 (
                    customData = {
                        string sourceMember = "floatArgs"
                    }
                )
                float unity:floats:_BlendModePreserveSpecular = 1 (
                    customData = {
                        string sourceMember = "floatArgs"
                    }
                )
                float unity:floats:_BumpScale = 1 (
                    customData = {
                        string sourceMember = "floatArgs"
                    }
                )
                float unity:floats:_ClearCoatMask = 0 (
                    customData = {
                        string sourceMember = "floatArgs"
                    }
                )
                float unity:floats:_ClearCoatSmoothness = 0 (
                    customData = {
                        string sourceMember = "floatArgs"
                    }
                )
                float unity:floats:_Cull = 2 (
                    customData = {
                        string sourceMember = "floatArgs"
                    }
                )
                float unity:floats:_Cutoff = 0.5 (
                    customData = {
                        string sourceMember = "floatArgs"
                    }
                )
                float unity:floats:_DetailAlbedoMapScale = 1 (
                    customData = {
                        string sourceMember = "floatArgs"
                    }
                )
                float unity:floats:_DetailNormalMapScale = 1 (
                    customData = {
                        string sourceMember = "floatArgs"
                    }
                )
                float unity:floats:_DstBlend = 0 (
                    customData = {
                        string sourceMember = "floatArgs"
                    }
                )
                float unity:floats:_DstBlendAlpha = 0 (
                    customData = {
                        string sourceMember = "floatArgs"
                    }
                )
                float unity:floats:_EnvironmentReflections = 1 (
                    customData = {
                        string sourceMember = "floatArgs"
                    }
                )
                float unity:floats:_Glossiness = 0.2 (
                    customData = {
                        string sourceMember = "floatArgs"
                    }
                )
                float unity:floats:_GlossMapScale = 1 (
                    customData = {
                        string sourceMember = "floatArgs"
                    }
                )
                float unity:floats:_GlossyReflections = 1 (
                    customData = {
                        string sourceMember = "floatArgs"
                    }
                )
                float unity:floats:_Metallic = 0 (
                    customData = {
                        string sourceMember = "floatArgs"
                    }
                )
                float unity:floats:_OcclusionStrength = 1 (
                    customData = {
                        string sourceMember = "floatArgs"
                    }
                )
                float unity:floats:_Parallax = 0.02 (
                    customData = {
                        string sourceMember = "floatArgs"
                    }
                )
                float unity:floats:_QueueOffset = 0 (
                    customData = {
                        string sourceMember = "floatArgs"
                    }
                )
                float unity:floats:_ReceiveShadows = 1 (
                    customData = {
                        string sourceMember = "floatArgs"
                    }
                )
                float unity:floats:_Smoothness = 0.2 (
                    customData = {
                        string sourceMember = "floatArgs"
                    }
                )
                float unity:floats:_SmoothnessTextureChannel = 0 (
                    customData = {
                        string sourceMember = "floatArgs"
                    }
                )
                float unity:floats:_SpecularHighlights = 1 (
                    customData = {
                        string sourceMember = "floatArgs"
                    }
                )
                float unity:floats:_SrcBlend = 1 (
                    customData = {
                        string sourceMember = "floatArgs"
                    }
                )
                float unity:floats:_SrcBlendAlpha = 1 (
                    customData = {
                        string sourceMember = "floatArgs"
                    }
                )
                float unity:floats:_Surface = 0 (
                    customData = {
                        string sourceMember = "floatArgs"
                    }
                )
                float unity:floats:_WorkflowMode = 1 (
                    customData = {
                        string sourceMember = "floatArgs"
                    }
                )
                float unity:floats:_ZWrite = 1 (
                    customData = {
                        string sourceMember = "floatArgs"
                    }
                )
                token[] unity:shaderKeywords = []
                string unity:shaderName = "Universal Render Pipeline/Lit"

                def Shader "uvReader"
                {
                    uniform token info:id = "UsdPrimvarReader_float2"
                    float2 inputs:fallback = (0, 0)
                    string inputs:varname = "st"
                    float2 outputs:result
                }

                def Shader "_MainTex"
                {
                    uniform token info:id = "UsdUVTexture"
                    float4 inputs:bias = (0, 0, 0, 0)
                    float4 inputs:fallback = (0, 0, 0, 1)
                    asset inputs:file = @PP_Color_Palette.png@
                    token inputs:isSRGB = "auto"
                    float4 inputs:scale = (1, 1, 1, 1)
                    token inputs:sourceColorSpace = "auto"
                    float2 inputs:st = (0, 0)
                    float2 inputs:st.connect = </PP_Rock_Moss_Grown_11_1046/Materials/PP_Standard_Material_52838/PreviewSurface/uvReader.outputs:result>
                    token inputs:wrapS = "repeat"
                    token inputs:wrapT = "repeat"
                    float outputs:a
                    float outputs:b
                    float outputs:g
                    float outputs:r
                    float3 outputs:rgb
                    float4 outputs:rgba
                }
            }
        }
    }
}

