#usda 1.0
(
    endTimeCode = 0
    metersPerUnit = 1
    startTimeCode = 0
    upAxis = "Y"
)

def Mesh "PP_Meadow_08_828" (
    prepend apiSchemas = ["MaterialBindingAPI"]
)
{
    uniform bool doubleSided
    float3[] extent = [(-12.154245, 0, -11.92475), (11.450678, 2.9172597, 11.559339)]
    int[] faceVertexCounts = [3, 3, 3, 3, 3, 3, 3, 3, 3, 3, 3, 3, 3, 3, 3, 3, 3, 3, 3, 3, 3, 3, 3, 3, 3, 3, 3, 3, 3, 3, 3, 3, 3, 3, 3, 3, 3, 3, 3, 3, 3, 3, 3, 3, 3, 3, 3, 3, 3, 3, 3, 3, 3, 3, 3, 3, 3, 3, 3, 3, 3, 3, 3, 3, 3, 3, 3, 3, 3, 3, 3, 3, 3, 3, 3, 3, 3, 3, 3, 3, 3, 3, 3, 3, 3, 3, 3, 3, 3, 3, 3, 3, 3, 3, 3, 3, 3, 3, 3, 3, 3, 3, 3, 3, 3, 3, 3, 3, 3, 3, 3, 3, 3, 3, 3, 3, 3, 3, 3, 3, 3, 3, 3, 3, 3, 3, 3, 3, 3, 3, 3, 3, 3, 3, 3, 3, 3, 3, 3, 3, 3, 3, 3, 3, 3, 3, 3, 3, 3, 3, 3, 3, 3, 3, 3, 3, 3, 3, 3, 3, 3, 3, 3, 3, 3, 3, 3, 3, 3, 3, 3, 3, 3, 3, 3, 3, 3, 3, 3, 3, 3, 3, 3, 3, 3, 3, 3, 3, 3, 3, 3, 3, 3, 3, 3, 3, 3, 3, 3, 3, 3, 3, 3, 3, 3, 3, 3, 3, 3, 3, 3, 3, 3, 3, 3, 3, 3, 3, 3, 3, 3, 3, 3, 3, 3, 3, 3, 3, 3, 3, 3, 3, 3, 3, 3, 3, 3, 3, 3, 3, 3, 3, 3, 3, 3, 3, 3, 3, 3, 3, 3, 3, 3, 3, 3, 3, 3, 3, 3, 3, 3, 3, 3, 3, 3, 3, 3, 3, 3, 3, 3, 3, 3, 3, 3, 3, 3, 3, 3, 3, 3, 3, 3, 3, 3, 3, 3, 3, 3, 3, 3, 3, 3, 3, 3, 3, 3, 3, 3, 3, 3, 3, 3, 3, 3, 3, 3, 3, 3, 3, 3, 3, 3, 3, 3, 3, 3, 3, 3, 3, 3, 3, 3, 3, 3, 3, 3, 3, 3, 3, 3, 3, 3, 3, 3, 3, 3, 3, 3, 3, 3, 3, 3, 3, 3, 3, 3, 3, 3, 3, 3, 3, 3, 3, 3, 3, 3, 3, 3, 3, 3, 3, 3, 3, 3, 3, 3, 3, 3, 3, 3, 3, 3, 3, 3, 3, 3, 3, 3, 3, 3, 3, 3, 3, 3, 3, 3, 3, 3, 3, 3, 3, 3, 3, 3, 3, 3, 3, 3, 3, 3, 3, 3, 3, 3, 3, 3, 3, 3, 3, 3, 3, 3, 3, 3, 3, 3, 3, 3, 3, 3, 3, 3, 3, 3, 3, 3, 3, 3, 3, 3, 3, 3, 3, 3, 3, 3, 3, 3, 3, 3, 3, 3, 3, 3, 3, 3, 3, 3, 3, 3, 3, 3, 3, 3, 3, 3, 3, 3, 3, 3, 3, 3, 3, 3, 3, 3, 3, 3, 3, 3, 3, 3, 3, 3, 3, 3, 3, 3, 3, 3, 3, 3, 3, 3, 3, 3, 3, 3, 3, 3, 3, 3, 3, 3, 3, 3, 3, 3, 3, 3, 3, 3, 3, 3, 3, 3, 3, 3, 3, 3, 3, 3, 3, 3, 3, 3, 3, 3, 3, 3, 3, 3, 3, 3, 3, 3, 3, 3, 3, 3, 3, 3, 3, 3, 3, 3, 3, 3, 3, 3, 3, 3, 3, 3, 3, 3, 3, 3, 3, 3, 3, 3, 3, 3, 3, 3, 3, 3, 3, 3, 3, 3, 3, 3, 3, 3, 3, 3, 3, 3, 3, 3, 3, 3, 3, 3, 3, 3, 3, 3, 3, 3, 3, 3, 3, 3, 3, 3, 3, 3, 3, 3, 3, 3, 3, 3, 3, 3, 3, 3, 3, 3, 3, 3, 3, 3, 3, 3, 3, 3, 3, 3, 3, 3, 3, 3, 3, 3, 3, 3, 3, 3, 3, 3, 3, 3, 3, 3, 3, 3, 3, 3, 3, 3, 3, 3, 3, 3, 3, 3, 3, 3, 3, 3, 3, 3, 3, 3, 3, 3, 3, 3, 3, 3, 3, 3, 3, 3, 3, 3, 3, 3, 3, 3, 3, 3, 3, 3, 3, 3, 3, 3, 3, 3, 3, 3, 3, 3, 3, 3, 3, 3, 3, 3, 3, 3, 3, 3, 3, 3, 3, 3, 3, 3, 3, 3, 3, 3, 3, 3, 3, 3, 3, 3, 3, 3, 3, 3, 3, 3, 3, 3, 3, 3, 3, 3, 3, 3, 3, 3, 3, 3, 3, 3, 3, 3, 3, 3, 3, 3, 3, 3, 3, 3, 3, 3, 3, 3, 3, 3, 3, 3, 3, 3, 3, 3, 3, 3, 3, 3, 3, 3, 3, 3, 3, 3, 3, 3, 3, 3, 3, 3, 3, 3, 3, 3, 3, 3, 3, 3, 3, 3, 3, 3, 3, 3, 3, 3, 3, 3, 3, 3, 3, 3, 3, 3, 3, 3, 3, 3, 3, 3, 3, 3, 3, 3, 3, 3, 3, 3, 3, 3, 3, 3, 3, 3, 3, 3, 3, 3, 3, 3, 3, 3, 3, 3, 3, 3, 3, 3, 3, 3, 3, 3, 3, 3, 3, 3, 3, 3, 3, 3, 3, 3, 3, 3, 3, 3, 3, 3, 3, 3, 3, 3, 3, 3, 3, 3, 3, 3, 3, 3, 3, 3, 3, 3, 3, 3, 3, 3, 3, 3, 3, 3, 3, 3, 3, 3, 3, 3, 3, 3, 3, 3, 3, 3, 3, 3, 3, 3, 3, 3, 3, 3, 3, 3, 3, 3, 3, 3, 3, 3, 3, 3, 3, 3, 3, 3, 3, 3, 3, 3, 3, 3, 3, 3, 3, 3, 3, 3, 3, 3, 3, 3, 3, 3, 3, 3, 3, 3, 3, 3, 3, 3, 3, 3, 3, 3, 3, 3, 3, 3, 3, 3, 3, 3, 3, 3, 3, 3, 3, 3, 3, 3, 3, 3, 3, 3, 3, 3, 3, 3, 3, 3, 3, 3, 3, 3, 3, 3, 3, 3, 3, 3, 3, 3, 3, 3, 3, 3, 3, 3, 3, 3, 3, 3, 3, 3, 3, 3, 3, 3, 3, 3, 3, 3, 3, 3, 3, 3, 3, 3, 3, 3, 3, 3, 3, 3, 3, 3, 3, 3, 3, 3, 3, 3, 3, 3, 3, 3, 3, 3, 3, 3, 3, 3, 3, 3, 3, 3, 3, 3, 3, 3, 3, 3, 3, 3, 3, 3, 3, 3, 3, 3, 3, 3, 3, 3, 3, 3, 3, 3, 3, 3, 3, 3, 3, 3, 3, 3, 3, 3, 3, 3, 3, 3, 3, 3, 3, 3, 3, 3, 3, 3, 3, 3, 3, 3, 3, 3, 3, 3, 3, 3, 3, 3, 3, 3, 3, 3, 3, 3, 3, 3, 3, 3, 3, 3, 3, 3, 3, 3, 3, 3, 3, 3, 3, 3, 3, 3, 3, 3, 3, 3, 3, 3, 3, 3, 3, 3, 3, 3, 3, 3, 3, 3, 3, 3, 3, 3, 3, 3, 3, 3, 3, 3, 3, 3, 3, 3, 3, 3, 3, 3, 3, 3, 3, 3, 3, 3, 3, 3, 3, 3, 3, 3, 3, 3, 3, 3, 3, 3, 3, 3, 3, 3, 3, 3, 3, 3, 3, 3, 3, 3, 3, 3, 3, 3, 3, 3, 3, 3, 3, 3, 3, 3, 3, 3, 3, 3, 3, 3, 3, 3, 3, 3, 3, 3, 3, 3, 3, 3, 3, 3, 3, 3, 3, 3, 3, 3, 3, 3, 3, 3, 3, 3, 3, 3, 3, 3, 3, 3, 3, 3, 3, 3, 3, 3, 3, 3, 3, 3, 3, 3, 3, 3, 3, 3, 3, 3, 3, 3, 3, 3, 3, 3, 3, 3, 3, 3, 3, 3, 3, 3, 3, 3, 3, 3, 3, 3, 3, 3, 3, 3, 3, 3, 3, 3, 3, 3, 3, 3, 3, 3, 3, 3, 3, 3, 3, 3, 3, 3, 3, 3, 3, 3, 3, 3, 3, 3, 3, 3, 3, 3, 3, 3, 3, 3, 3, 3, 3, 3, 3, 3, 3, 3, 3, 3, 3, 3, 3, 3, 3, 3, 3, 3, 3, 3, 3, 3, 3, 3, 3, 3, 3, 3, 3, 3, 3, 3, 3, 3, 3, 3, 3, 3, 3, 3, 3, 3, 3, 3, 3, 3, 3, 3, 3, 3, 3, 3, 3, 3, 3, 3, 3, 3, 3, 3, 3, 3, 3, 3, 3, 3, 3, 3, 3, 3, 3, 3, 3, 3, 3, 3, 3, 3, 3, 3, 3, 3, 3, 3, 3, 3, 3, 3, 3, 3, 3, 3, 3, 3, 3, 3, 3, 3, 3, 3, 3, 3, 3, 3, 3, 3, 3, 3, 3, 3, 3, 3, 3, 3, 3, 3, 3, 3, 3, 3, 3, 3, 3, 3, 3, 3, 3, 3, 3, 3, 3, 3, 3, 3, 3, 3, 3, 3, 3, 3, 3, 3, 3, 3, 3, 3, 3, 3, 3, 3, 3, 3, 3, 3, 3, 3, 3, 3, 3, 3, 3, 3, 3, 3, 3, 3, 3, 3, 3, 3, 3, 3, 3, 3, 3, 3, 3, 3, 3, 3, 3, 3, 3, 3, 3, 3, 3, 3, 3, 3, 3, 3, 3, 3, 3, 3, 3, 3, 3, 3, 3, 3, 3, 3, 3, 3, 3, 3, 3, 3, 3, 3, 3, 3, 3, 3, 3, 3, 3, 3, 3, 3, 3, 3, 3, 3, 3, 3, 3, 3, 3, 3, 3, 3, 3, 3, 3, 3, 3, 3, 3, 3, 3, 3, 3, 3, 3, 3, 3, 3, 3, 3, 3, 3, 3, 3, 3, 3, 3, 3, 3, 3, 3, 3, 3, 3, 3, 3, 3, 3, 3, 3, 3, 3, 3, 3, 3, 3, 3, 3, 3, 3, 3, 3, 3, 3, 3, 3, 3, 3, 3, 3, 3, 3, 3, 3, 3, 3, 3, 3, 3, 3, 3, 3, 3, 3, 3, 3, 3, 3, 3, 3, 3, 3, 3, 3, 3, 3, 3, 3, 3, 3, 3, 3, 3, 3, 3, 3, 3, 3, 3, 3, 3, 3, 3, 3, 3, 3, 3, 3, 3, 3, 3, 3, 3, 3, 3, 3, 3, 3, 3, 3, 3, 3, 3, 3, 3, 3, 3, 3, 3, 3, 3, 3, 3, 3, 3, 3, 3, 3, 3, 3, 3, 3, 3, 3, 3, 3, 3, 3, 3, 3, 3, 3, 3, 3, 3, 3, 3, 3, 3, 3, 3, 3, 3, 3, 3, 3, 3, 3, 3, 3, 3, 3, 3, 3, 3, 3, 3, 3, 3, 3, 3, 3, 3, 3, 3, 3, 3, 3, 3, 3, 3, 3, 3, 3, 3, 3, 3, 3, 3, 3, 3, 3, 3, 3, 3, 3, 3, 3, 3, 3, 3, 3, 3, 3, 3, 3, 3, 3, 3, 3, 3, 3, 3, 3, 3, 3, 3, 3, 3, 3, 3, 3, 3, 3, 3, 3, 3, 3, 3, 3, 3, 3, 3, 3, 3, 3, 3, 3, 3, 3, 3, 3, 3, 3, 3, 3, 3, 3, 3, 3, 3, 3, 3, 3]
    int[] faceVertexIndices = [1, 0, 2, 4, 3, 5, 7, 6, 8, 9, 6, 10, 12, 11, 10, 13, 11, 12, 15, 14, 16, 18, 17, 19, 21, 20, 18, 22, 20, 21, 22, 23, 20, 25, 24, 23, 27, 26, 28, 30, 29, 31, 33, 32, 34, 36, 35, 37, 39, 38, 40, 42, 41, 43, 45, 44, 46, 48, 47, 49, 51, 50, 52, 54, 53, 55, 57, 56, 58, 60, 59, 61, 63, 62, 64, 66, 65, 67, 69, 68, 70, 68, 71, 72, 74, 73, 75, 77, 76, 78, 80, 79, 81, 83, 82, 84, 86, 85, 87, 89, 88, 90, 90, 91, 92, 94, 93, 95, 97, 96, 98, 99, 96, 100, 99, 100, 101, 103, 102, 104, 106, 105, 107, 109, 108, 110, 112, 111, 113, 115, 114, 116, 118, 117, 119, 121, 120, 122, 124, 123, 125, 127, 126, 128, 130, 129, 131, 133, 132, 134, 136, 135, 137, 139, 138, 140, 142, 141, 143, 145, 144, 146, 148, 147, 149, 151, 150, 152, 154, 153, 155, 157, 156, 158, 160, 159, 161, 163, 162, 164, 166, 165, 167, 169, 168, 170, 172, 171, 173, 175, 174, 176, 178, 177, 179, 181, 180, 182, 184, 183, 185, 187, 186, 188, 190, 189, 191, 193, 192, 194, 196, 195, 197, 199, 198, 200, 202, 201, 203, 205, 204, 206, 208, 207, 209, 211, 210, 212, 214, 213, 210, 213, 214, 215, 217, 216, 218, 220, 219, 217, 219, 220, 221, 223, 222, 224, 226, 225, 227, 229, 228, 230, 232, 231, 233, 235, 234, 236, 238, 237, 239, 241, 240, 242, 244, 243, 245, 247, 246, 248, 250, 249, 251, 253, 252, 254, 256, 255, 257, 259, 258, 260, 262, 261, 263, 265, 264, 266, 268, 267, 269, 271, 270, 272, 274, 273, 275, 277, 276, 278, 280, 279, 281, 283, 282, 284, 286, 285, 287, 289, 288, 290, 292, 291, 293, 295, 294, 296, 298, 297, 299, 301, 300, 302, 304, 303, 305, 307, 306, 308, 310, 309, 311, 313, 312, 314, 316, 315, 317, 319, 318, 320, 322, 321, 323, 325, 324, 326, 328, 327, 329, 331, 330, 332, 334, 333, 335, 337, 336, 338, 340, 339, 341, 343, 342, 344, 346, 345, 347, 349, 348, 350, 351, 350, 352, 354, 353, 355, 357, 356, 358, 360, 359, 361, 363, 362, 364, 366, 365, 367, 369, 368, 370, 372, 371, 373, 375, 374, 376, 378, 377, 379, 381, 380, 382, 384, 383, 385, 387, 386, 388, 390, 389, 391, 393, 392, 394, 396, 395, 397, 398, 395, 399, 400, 398, 399, 402, 401, 403, 405, 404, 406, 408, 407, 409, 411, 410, 412, 414, 413, 415, 417, 416, 418, 420, 419, 421, 423, 422, 424, 426, 425, 427, 429, 428, 430, 432, 431, 433, 435, 434, 436, 438, 437, 439, 441, 440, 442, 444, 443, 445, 447, 446, 448, 450, 449, 446, 446, 451, 452, 453, 451, 446, 453, 454, 451, 456, 455, 457, 459, 458, 460, 462, 461, 463, 465, 464, 466, 468, 467, 469, 471, 470, 472, 474, 473, 475, 477, 476, 478, 479, 477, 480, 482, 481, 483, 485, 484, 486, 488, 487, 489, 491, 490, 492, 494, 493, 495, 497, 496, 498, 500, 499, 501, 503, 502, 504, 506, 505, 507, 509, 508, 510, 512, 511, 513, 515, 514, 516, 518, 517, 519, 521, 520, 522, 524, 523, 525, 527, 526, 528, 530, 529, 531, 532, 530, 533, 535, 534, 536, 538, 537, 539, 541, 540, 542, 544, 543, 545, 547, 546, 548, 550, 549, 551, 553, 552, 549, 549, 552, 554, 556, 555, 557, 559, 558, 560, 562, 561, 563, 565, 564, 566, 568, 567, 569, 571, 570, 572, 574, 573, 575, 577, 576, 578, 580, 579, 581, 583, 582, 584, 586, 585, 587, 589, 588, 590, 592, 591, 593, 595, 594, 596, 597, 594, 598, 600, 599, 601, 603, 602, 604, 606, 605, 607, 609, 608, 610, 612, 611, 613, 615, 614, 616, 618, 617, 619, 621, 620, 622, 624, 623, 625, 627, 626, 628, 630, 629, 631, 633, 632, 634, 636, 635, 637, 639, 638, 640, 642, 641, 643, 645, 644, 646, 648, 647, 649, 651, 650, 652, 654, 653, 655, 657, 656, 658, 660, 659, 661, 663, 662, 664, 666, 665, 667, 669, 668, 670, 672, 671, 673, 675, 674, 676, 678, 677, 679, 681, 680, 682, 684, 683, 685, 687, 686, 688, 690, 689, 691, 693, 692, 694, 696, 695, 697, 699, 698, 700, 702, 701, 703, 702, 704, 705, 707, 706, 708, 710, 709, 711, 713, 712, 714, 716, 715, 717, 719, 718, 720, 722, 721, 723, 725, 724, 726, 728, 727, 729, 731, 730, 732, 734, 733, 735, 737, 736, 738, 740, 739, 741, 743, 742, 744, 746, 745, 747, 749, 748, 750, 752, 751, 753, 755, 754, 756, 758, 757, 759, 761, 760, 762, 764, 763, 765, 767, 766, 768, 770, 769, 771, 773, 772, 774, 776, 775, 777, 779, 778, 780, 782, 781, 783, 785, 784, 786, 788, 787, 789, 791, 790, 792, 794, 793, 795, 797, 796, 798, 800, 799, 801, 803, 802, 804, 804, 805, 806, 805, 807, 808, 810, 809, 811, 813, 812, 814, 816, 815, 817, 819, 818, 820, 822, 821, 823, 825, 824, 826, 828, 827, 829, 831, 830, 832, 834, 833, 835, 837, 836, 838, 840, 839, 841, 843, 842, 844, 846, 845, 847, 849, 848, 850, 852, 851, 853, 855, 854, 856, 858, 857, 859, 861, 860, 862, 863, 862, 864, 866, 865, 867, 869, 868, 870, 872, 871, 873, 875, 874, 876, 878, 877, 879, 881, 880, 882, 884, 883, 885, 887, 886, 888, 890, 889, 891, 893, 892, 894, 896, 895, 897, 899, 898, 900, 902, 901, 903, 905, 904, 906, 908, 907, 909, 911, 910, 912, 914, 913, 915, 916, 914, 917, 919, 918, 920, 922, 921, 923, 924, 922, 925, 926, 922, 924, 926, 927, 922, 926, 928, 927, 930, 929, 931, 933, 932, 934, 936, 935, 937, 939, 938, 940, 942, 941, 943, 945, 944, 946, 948, 947, 949, 951, 950, 952, 954, 953, 955, 957, 956, 958, 960, 959, 961, 963, 962, 964, 966, 965, 967, 969, 968, 970, 972, 971, 973, 975, 974, 976, 978, 977, 979, 981, 980, 982, 984, 983, 985, 987, 986, 988, 990, 989, 991, 993, 992, 990, 995, 994, 996, 998, 997, 999, 1001, 1000, 1002, 1004, 1003, 1005, 1007, 1006, 1008, 1010, 1009, 1011, 1013, 1012, 1014, 1016, 1015, 1017, 1019, 1018, 1020, 1022, 1021, 1023, 1024, 1023, 1025, 1025, 1023, 1026, 1028, 1027, 1029, 1031, 1030, 1032, 1034, 1033, 1035, 1037, 1036, 1038, 1040, 1039, 1041, 1043, 1042, 1044, 1044, 1045, 1046, 1047, 1044, 1046, 1049, 1048, 1050, 1049, 1051, 1052, 1054, 1053, 1055, 1056, 1054, 1057, 1059, 1058, 1060, 1059, 1061, 1062, 1061, 1063, 1062, 1065, 1064, 1066, 1068, 1067, 1069, 1071, 1070, 1072, 1074, 1073, 1075, 1077, 1076, 1078, 1080, 1079, 1081, 1083, 1082, 1084, 1086, 1085, 1087, 1089, 1088, 1090, 1092, 1091, 1093, 1095, 1094, 1096, 1098, 1097, 1099, 1101, 1100, 1102, 1104, 1103, 1105, 1107, 1106, 1108, 1110, 1109, 1111, 1113, 1112, 1114, 1116, 1115, 1117, 1119, 1118, 1120, 1122, 1121, 1123, 1125, 1124, 1126, 1128, 1127, 1129, 1131, 1130, 1132, 1134, 1133, 1135, 1137, 1136, 1138, 1140, 1139, 1141, 1143, 1142, 1144, 1146, 1145, 1147, 1145, 1148, 1149, 1148, 1150, 1149, 1152, 1151, 1153, 1155, 1154, 1156, 1158, 1157, 1159, 1161, 1160, 1162, 1164, 1163, 1165, 1167, 1166, 1168, 1170, 1169, 1171, 1173, 1172, 1174, 1174, 1175, 1176, 1178, 1177, 1175, 1179, 1177, 1178, 1181, 1180, 1182, 1184, 1183, 1185, 1187, 1186, 1188, 1190, 1189, 1191, 1193, 1192, 1194, 1196, 1195, 1197, 1199, 1198, 1200, 1202, 1201, 1203, 1205, 1204, 1206, 1208, 1207, 1209, 1211, 1210, 1212, 1214, 1213, 1215, 1217, 1216, 1218, 1220, 1219, 1221, 1223, 1222, 1224, 1226, 1225, 1227, 1229, 1228, 1230, 1232, 1231, 1233, 1235, 1234, 1236, 1238, 1237, 1239, 1241, 1240, 1242, 1244, 1243, 1245, 1247, 1246, 1248, 1250, 1249, 1251, 1249, 1252, 1253, 1254, 1249, 1253, 1256, 1255, 1257, 1259, 1258, 1260, 1262, 1261, 1263, 1265, 1264, 1266, 1268, 1267, 1269, 1271, 1270, 1272, 1274, 1273, 1275, 1277, 1276, 1278, 1280, 1279, 1281, 1283, 1282, 1284, 1286, 1285, 1287, 1289, 1288, 1290, 1292, 1291, 1293, 1295, 1294, 1296, 1298, 1297, 1299, 1301, 1300, 1302, 1304, 1303, 1305, 1307, 1306, 1308, 1310, 1309, 1311, 1313, 1312, 1314, 1316, 1315, 1317, 1319, 1318, 1320, 1322, 1321, 1323, 1325, 1324, 1326, 1328, 1327, 1329, 1331, 1330, 1332, 1334, 1333, 1335, 1337, 1336, 1338, 1340, 1339, 1341, 1343, 1342, 1344, 1346, 1345, 1347, 1349, 1348, 1350, 1352, 1351, 1353, 1355, 1354, 1356, 1358, 1357, 1359, 1361, 1360, 1362, 1364, 1363, 1365, 1367, 1366, 1368, 1370, 1369, 1371, 1373, 1372, 1374, 1376, 1375, 1377, 1379, 1378, 1380, 1382, 1381, 1383, 1385, 1384, 1386, 1388, 1387, 1389, 1391, 1390, 1392, 1394, 1393, 1395, 1397, 1396, 1398, 1400, 1399, 1401, 1403, 1402, 1404, 1406, 1405, 1407, 1409, 1408, 1410, 1412, 1411, 1413, 1415, 1414, 1416, 1418, 1417, 1419, 1421, 1420, 1422, 1424, 1423, 1425, 1427, 1426, 1428, 1430, 1429, 1431, 1433, 1432, 1434, 1436, 1435, 1437, 1439, 1438, 1440, 1442, 1441, 1443, 1445, 1444, 1446, 1448, 1447, 1449, 1451, 1450, 1452, 1454, 1453, 1455, 1457, 1456, 1458, 1460, 1459, 1461, 1463, 1462, 1464, 1466, 1465, 1467, 1469, 1468, 1470, 1472, 1471, 1473, 1475, 1474, 1476, 1478, 1477, 1479, 1481, 1480, 1482, 1484, 1483, 1485, 1487, 1486, 1488, 1490, 1489, 1491, 1493, 1492, 1494, 1496, 1495, 1497, 1499, 1498, 1500, 1502, 1501, 1503, 1505, 1504, 1506, 1508, 1507, 1509, 1511, 1510, 1508, 1512, 1510, 1511, 1514, 1513, 1515, 1517, 1516, 1518, 1520, 1519, 1521, 1523, 1522, 1524, 1526, 1525, 1527, 1529, 1528, 1530, 1532, 1531, 1533, 1535, 1534, 1536, 1538, 1537, 1539, 1541, 1540, 1542, 1544, 1543, 1545, 1547, 1546, 1548, 1550, 1549, 1551, 1553, 1552, 1554, 1556, 1555, 1557, 1559, 1558, 1560, 1562, 1561, 1563, 1565, 1564, 1566, 1568, 1567, 1569, 1571, 1570, 1572, 1574, 1573, 1575, 1577, 1576, 1578, 1580, 1579, 1581, 1582, 1581, 1583, 1585, 1584, 1586, 1588, 1587, 1589, 1591, 1590, 1592, 1594, 1593, 1595, 1597, 1596, 1598, 1600, 1599, 1601, 1603, 1602, 1604, 1606, 1605, 1607, 1609, 1608, 1610, 1612, 1611, 1613, 1615, 1614, 1616, 1618, 1617, 1619, 1621, 1620, 1622, 1624, 1623, 1625, 1627, 1626, 1628, 1630, 1629, 1631, 1633, 1632, 1634, 1636, 1635, 1637, 1639, 1638, 1640, 1642, 1641, 1643, 1645, 1644, 1646, 1648, 1647, 1649, 1651, 1650, 1652, 1654, 1653, 1655, 1657, 1656, 1658, 1660, 1659, 1661, 1663, 1662, 1664, 1666, 1665, 1667, 1669, 1668, 1670, 1672, 1671, 1673, 1675, 1674, 1676, 1678, 1677, 1679, 1681, 1680, 1682, 1684, 1683, 1685, 1687, 1686, 1688, 1690, 1689, 1691, 1693, 1692, 1694, 1696, 1695, 1693, 1697, 1696, 1693, 1699, 1698, 1696, 1700, 1698, 1699, 1702, 1701, 1703, 1705, 1704, 1706, 1708, 1707, 1709, 1711, 1710, 1712, 1714, 1713, 1715, 1717, 1716, 1718, 1720, 1719, 1721, 1723, 1722, 1724, 1726, 1725, 1727, 1729, 1728, 1730, 1732, 1731, 1733, 1735, 1734, 1736, 1738, 1737, 1739, 1741, 1740, 1742, 1744, 1743, 1745, 1747, 1746, 1748, 1750, 1749, 1751, 1753, 1752, 1754, 1754, 1755, 1756, 1758, 1757, 1759, 1761, 1760, 1762, 1764, 1763, 1765, 1767, 1766, 1768, 1766, 1769, 1770, 1772, 1771, 1773, 1775, 1774, 1776, 1778, 1777, 1779, 1781, 1780, 1782, 1784, 1783, 1785, 1786, 1783, 1787, 1788, 1783, 1786, 1788, 1786, 1789, 1790, 1788, 1789, 1792, 1791, 1793, 1795, 1794, 1796, 1798, 1797, 1799, 1801, 1800, 1802, 1804, 1803, 1805, 1807, 1806, 1808, 1810, 1809, 1811, 1813, 1812, 1814, 1816, 1815, 1817, 1819, 1818, 1820, 1822, 1821, 1823, 1825, 1824, 1826, 1828, 1827, 1829, 1831, 1830, 1832, 1834, 1833, 1835, 1837, 1836, 1838, 1840, 1839, 1841, 1843, 1842, 1844, 1846, 1845, 1847, 1849, 1848, 1850, 1852, 1851, 1853, 1853, 1854, 1855, 1857, 1856, 1858, 1860, 1859, 1861, 1863, 1862, 1864, 1866, 1865, 1867, 1869, 1868, 1870, 1872, 1871, 1873, 1875, 1874, 1876, 1878, 1877, 1879, 1881, 1880, 1882, 1884, 1883, 1885, 1887, 1886, 1884, 1888, 1887, 1884, 1889, 1887, 1888, 1891, 1890, 1892, 1894, 1893, 1895, 1897, 1896, 1898, 1900, 1899, 1901, 1902, 1900, 1903, 1905, 1904, 1906, 1908, 1907, 1909, 1911, 1910, 1912, 1914, 1913, 1915, 1917, 1916, 1918, 1920, 1919, 1921, 1923, 1922, 1924, 1926, 1925, 1927, 1928, 1927, 1929, 1931, 1930, 1932, 1934, 1933, 1935, 1937, 1936, 1938, 1940, 1939, 1941, 1943, 1942, 1944, 1946, 1945, 1947, 1949, 1948, 1950, 1952, 1951, 1953, 1955, 1954, 1956, 1958, 1957, 1959, 1961, 1960, 1962, 1964, 1963, 1965, 1967, 1966, 1968, 1966, 1969, 1970, 1970, 1969, 1971, 1973, 1972, 1974, 1976, 1975, 1977, 1979, 1978, 1980, 1982, 1981, 1983, 1985, 1984, 1986, 1988, 1987, 1989, 1991, 1990, 1992, 1994, 1993, 1995, 1997, 1996, 1998, 2000, 1999, 2001, 2003, 2002, 2004, 2006, 2005, 2007, 2009, 2008, 2010, 2012, 2011, 2013, 2015, 2014, 2013, 2015, 2013, 2016, 2018, 2017, 2019, 2021, 2020, 2022, 2024, 2023, 2025, 2027, 2026, 2028, 2030, 2029, 2031, 2033, 2032, 2034, 2036, 2035, 2037, 2039, 2038, 2040, 2042, 2041, 2043, 2045, 2044, 2046, 2048, 2047, 2049, 2051, 2050, 2052, 2054, 2053, 2055, 2057, 2056, 2058, 2060, 2059, 2061, 2063, 2062, 2064, 2066, 2065, 2067, 2069, 2068, 2070, 2072, 2071, 2073, 2075, 2074, 2076, 2078, 2077, 2079, 2081, 2080, 2082, 2084, 2083, 2085, 2087, 2086, 2088, 2090, 2089, 2091, 2093, 2092, 2094, 2096, 2095, 2097, 2099, 2098, 2100, 2102, 2101, 2103, 2105, 2104, 2106, 2108, 2107, 2109, 2111, 2110, 2112, 2114, 2113, 2115, 2117, 2116, 2118, 2120, 2119, 2121, 2123, 2122, 2124, 2126, 2125, 2127, 2129, 2128, 2130, 2132, 2131, 2133, 2135, 2134, 2136, 2138, 2137, 2139, 2141, 2140, 2142, 2144, 2143, 2145, 2147, 2146, 2148, 2150, 2149, 2151, 2153, 2152, 2154, 2156, 2155, 2157, 2159, 2158, 2160, 2162, 2161, 2163, 2165, 2164, 2166, 2168, 2167, 2169, 2171, 2170, 2172, 2174, 2173, 2175, 2177, 2176, 2178, 2180, 2179, 2181, 2183, 2182, 2184, 2186, 2185, 2187, 2189, 2188, 2186, 2190, 2189, 2186, 2192, 2191, 2193, 2195, 2194, 2196, 2198, 2197, 2199, 2201, 2200, 2202, 2204, 2203, 2205, 2207, 2206, 2208, 2210, 2209, 2211, 2213, 2212, 2214, 2216, 2215, 2217, 2215, 2218, 2219, 2219, 2220, 2221, 2219, 2221, 2222, 2224, 2223, 2225, 2227, 2226, 2228, 2230, 2229, 2231, 2233, 2232, 2234, 2236, 2235, 2237, 2239, 2238, 2240, 2242, 2241, 2243, 2245, 2244, 2246, 2248, 2247, 2249, 2251, 2250, 2252, 2254, 2253, 2255, 2257, 2256, 2258, 2260, 2259, 2261, 2263, 2262, 2264, 2266, 2265, 2267, 2269, 2268, 2270, 2268, 2271, 2272, 2274, 2273, 2275, 2277, 2276, 2278, 2280, 2279, 2281, 2283, 2282, 2284, 2286, 2285, 2287, 2289, 2288, 2290, 2292, 2291, 2293, 2295, 2294, 2296, 2298, 2297, 2299, 2301, 2300, 2302, 2304, 2303, 2305, 2307, 2306, 2308, 2310, 2309, 2311, 2313, 2312, 2314, 2316, 2315, 2313, 2318, 2317, 2319, 2321, 2320, 2322, 2324, 2323, 2325, 2327, 2326, 2328, 2330, 2329, 2331, 2333, 2332, 2329, 2334, 2332, 2333, 2336, 2335, 2337, 2339, 2338, 2340, 2342, 2341, 2343, 2345, 2344, 2346, 2348, 2347, 2349, 2351, 2350, 2352, 2354, 2353, 2355, 2357, 2356, 2358, 2360, 2359, 2361, 2363, 2362, 2364, 2366, 2365, 2367, 2369, 2368, 2370, 2372, 2371, 2373, 2375, 2374, 2376, 2378, 2377, 2379, 2381, 2380, 2382, 2384, 2383, 2385, 2387, 2386, 2388, 2390, 2389, 2391, 2393, 2392, 2394, 2396, 2395, 2397, 2399, 2398, 2400, 2402, 2401, 2403, 2405, 2404, 2406, 2408, 2407, 2409, 2411, 2410, 2412, 2414, 2413, 2415, 2417, 2416, 2418, 2420, 2419, 2421, 2423, 2422, 2424, 2426, 2425, 2427, 2429, 2428, 2430, 2432, 2431, 2433, 2435, 2434, 2436, 2438, 2437, 2439, 2441, 2440, 2442, 2444, 2443, 2445, 2447, 2446, 2448, 2450, 2449, 2451, 2453, 2452, 2454, 2456, 2455, 2457, 2459, 2458, 2460, 2462, 2461, 2463, 2465, 2464, 2466, 2468, 2467, 2469, 2471, 2470, 2472, 2474, 2473, 2475, 2477, 2476, 2478, 2480, 2479, 2481, 2483, 2482, 2484, 2486, 2485, 2487, 2489, 2488, 2490, 2492, 2491, 2493, 2495, 2494, 2496, 2498, 2497, 2499, 2501, 2500, 2502, 2504, 2503, 2505, 2507, 2506, 2508, 2510, 2509, 2511, 2513, 2512, 2514, 2516, 2515, 2517, 2519, 2518, 2520, 2522, 2521, 2523, 2525, 2524, 2526, 2528, 2527, 2529, 2531, 2530, 2532, 2534, 2533, 2535, 2537, 2536, 2538, 2540, 2539, 2541, 2543, 2542, 2540, 2543, 2544, 2542, 2546, 2545, 2547, 2549, 2548, 2550, 2552, 2551, 2553, 2555, 2554, 2556, 2558, 2557, 2559, 2561, 2560, 2562, 2564, 2563, 2565, 2567, 2566, 2568, 2570, 2569, 2571, 2573, 2572, 2574, 2576, 2575, 2577, 2579, 2578, 2580, 2582, 2581, 2583, 2585, 2584, 2586, 2588, 2587, 2589, 2591, 2590, 2592, 2594, 2593, 2595, 2597, 2596, 2598, 2600, 2599, 2601, 2603, 2602, 2604, 2606, 2605, 2607, 2609, 2608, 2610, 2612, 2611, 2613, 2615, 2614, 2616, 2618, 2617, 2619, 2621, 2620, 2622, 2624, 2623, 2625, 2627, 2626, 2628, 2630, 2629, 2631, 2633, 2632, 2634, 2636, 2635, 2637, 2639, 2638, 2640, 2642, 2641, 2643, 2645, 2644, 2646, 2648, 2647, 2649, 2649, 2650, 2651, 2652, 2651, 2653, 2652, 2653, 2654, 2655, 2654, 2653, 2657, 2656, 2658, 2660, 2659, 2661, 2663, 2662, 2664, 2666, 2665, 2667, 2669, 2668, 2670, 2672, 2671, 2673, 2675, 2674, 2676, 2678, 2677, 2679, 2681, 2680, 2682, 2684, 2683, 2685, 2687, 2686, 2688, 2690, 2689, 2691, 2693, 2692, 2694, 2696, 2695, 2697, 2699, 2698, 2700, 2702, 2701, 2703, 2705, 2704, 2706, 2708, 2707, 2709, 2711, 2710, 2712, 2714, 2713, 2715, 2717, 2716, 2718, 2720, 2719, 2721, 2723, 2722, 2724, 2726, 2725, 2727, 2729, 2728, 2730, 2732, 2731, 2733, 2735, 2734, 2736, 2738, 2737, 2739, 2741, 2740, 2742, 2744, 2743, 2745, 2747, 2746, 2748, 2750, 2749, 2751, 2753, 2752, 2754, 2756, 2755, 2757, 2759, 2758, 2760, 2762, 2761, 2763, 2765, 2764, 2766, 2768, 2767, 2769, 2771, 2770, 2772, 2774, 2773, 2775, 2777, 2776, 2778, 2780, 2779, 2781, 2783, 2782, 2784, 2786, 2785, 2787, 2789, 2788, 2790, 2792, 2791, 2793, 2795, 2794, 2796, 2798, 2797, 2799, 2801, 2800, 2802, 2804, 2803, 2805, 2807, 2806, 2808, 2810, 2809, 2811, 2813, 2812, 2814, 2816, 2815, 2817, 2819, 2818, 2820, 2822, 2821, 2823, 2825, 2824, 2826, 2828, 2827, 2829, 2831, 2830, 2832, 2834, 2833, 2835, 2837, 2836, 2838, 2840, 2839, 2841, 2843, 2842, 2844, 2846, 2845, 2847, 2849, 2848, 2850, 2852, 2851, 2853, 2855, 2854, 2856, 2858, 2857, 2859, 2861, 2860, 2862, 2864, 2863, 2865, 2867, 2866, 2868, 2870, 2869, 2871, 2873, 2872, 2874, 2876, 2875, 2877, 2879, 2878, 2880, 2882, 2881, 2883, 2885, 2884, 2886, 2888, 2887, 2889, 2891, 2890, 2892, 2894, 2893, 2895, 2897, 2896, 2898, 2900, 2899, 2901, 2903, 2902, 2904, 2906, 2905, 2907, 2909, 2908, 2910, 2912, 2911, 2913, 2915, 2914, 2916, 2918, 2917, 2919, 2921, 2920, 2922, 2924, 2923, 2925, 2927, 2926, 2928, 2930, 2929, 2931, 2933, 2932, 2934, 2936, 2935, 2937, 2939, 2938, 2940, 2942, 2941, 2943, 2945, 2944, 2946, 2948, 2947, 2949, 2951, 2950, 2952, 2954, 2953, 2955, 2957, 2956, 2958, 2960, 2959, 2961, 2963, 2962, 2964, 2966, 2965, 2967, 2969, 2968, 2970, 2972, 2971, 2973, 2975, 2974, 2976, 2978, 2977, 2979, 2981, 2980, 2982, 2984, 2983, 2985, 2987, 2986, 2988, 2990, 2989, 2991, 2993, 2992, 2994, 2996, 2995, 2997, 2999, 2998, 3000, 3002, 3001, 3003, 3005, 3004, 3006, 3008, 3007, 3009, 3011, 3010, 3012, 3014, 3013, 3015, 3017, 3016, 3018, 3020, 3019, 3021, 3023, 3022, 3024, 3026, 3025, 3027, 3029, 3028, 3030, 3032, 3031, 3033, 3035, 3034, 3036, 3038, 3037, 3039, 3041, 3040, 3042, 3044, 3043, 3045, 3047, 3046, 3048, 3050, 3049, 3051, 3053, 3052, 3054, 3056, 3055, 3057, 3059, 3058, 3060, 3062, 3061, 3063, 3065, 3064, 3066, 3068, 3067, 3069, 3071, 3070, 3072, 3074, 3073, 3075, 3077, 3076, 3078, 3080, 3079, 3081, 3083, 3082, 3084, 3086, 3085, 3087, 3089, 3088, 3090, 3092, 3091, 3093, 3095, 3094, 3096, 3098, 3097, 3099, 3101, 3100, 3102, 3104, 3103, 3105, 3107, 3106, 3108, 3110, 3109, 3111, 3113, 3112, 3114, 3116, 3115, 3117, 3119, 3118, 3120, 3122, 3121, 3123, 3125, 3124, 3126, 3128, 3127, 3129, 3131, 3130, 3132, 3134, 3133, 3135, 3137, 3136, 3138, 3140, 3139, 3141, 3143, 3142, 3144, 3146, 3145, 3147, 3149, 3148, 3150, 3152, 3151, 3153, 3155, 3154, 3156, 3158, 3157, 3159, 3161, 3160, 3162, 3164, 3163, 3165, 3167, 3166, 3168, 3170, 3169, 3171, 3173, 3172, 3174, 3176, 3175, 3177, 3179, 3178, 3180, 3182, 3181, 3183, 3185, 3184, 3186, 3188, 3187, 3189, 3191, 3190, 3192, 3194, 3193, 3195, 3197, 3196, 3198, 3200, 3199, 3201, 3203, 3202, 3204, 3206, 3205, 3207, 3209, 3208, 3210, 3212, 3211, 3213, 3215, 3214, 3216, 3218, 3217, 3219, 3221, 3220, 3222, 3224, 3223, 3225, 3227, 3226, 3228, 3230, 3229, 3231, 3232, 3229, 3233, 3235, 3234, 3236, 3238, 3237, 3239, 3241, 3240, 3242, 3244, 3243, 3245, 3247, 3246, 3248, 3250, 3249, 3251, 3253, 3252, 3254, 3256, 3255, 3257, 3259, 3258, 3260, 3262, 3261, 3263, 3265, 3264, 3266, 3268, 3267, 3269, 3271, 3270, 3272, 3274, 3273, 3275, 3277, 3276, 3278, 3280, 3279, 3281, 3283, 3282, 3284, 3286, 3285, 3287, 3289, 3288, 3290, 3292, 3291, 3293, 3295, 3294, 3296, 3298, 3297, 3299, 3301, 3300, 3302, 3304, 3303, 3305, 3307, 3306, 3308, 3310, 3309, 3311, 3312, 3310, 3313, 3315, 3314, 3316, 3317, 3314, 3318, 3317, 3318, 3319, 3321, 3320, 3322, 3324, 3323, 3325, 3327, 3326, 3328, 3329, 3327, 3330, 3332, 3331, 3333, 3335, 3334, 3336, 3338, 3337, 3339, 3341, 3340, 3342, 3344, 3343, 3345, 3347, 3346, 3348, 3350, 3349, 3351, 3353, 3352, 3354, 3356, 3355, 3357, 3359, 3358, 3360, 3362, 3361, 3363, 3365, 3364, 3366, 3368, 3367, 3369, 3371, 3370, 3372, 3374, 3373, 3375, 3377, 3376, 3378, 3380, 3379, 3381, 3383, 3382, 3384, 3386, 3385, 3387, 3389, 3388, 3390, 3392, 3391, 3393, 3395, 3394, 3396, 3398, 3397, 3399, 3401, 3400, 3402, 3404, 3403, 3405, 3407, 3406, 3408, 3410, 3409, 3411, 3413, 3412, 3414, 3416, 3415, 3417, 3419, 3418, 3420, 3422, 3421, 3423, 3425, 3424, 3426, 3428, 3427, 3429, 3431, 3430, 3432, 3434, 3433, 3435, 3437, 3436, 3438, 3440, 3439, 3441, 3443, 3442, 3444, 3446, 3445, 3447, 3449, 3448, 3450, 3452, 3451, 3453, 3455, 3454, 3456, 3458, 3457, 3459, 3461, 3460, 3462, 3464, 3463, 3465, 3467, 3466, 3468, 3470, 3469, 3471, 3473, 3472, 3474, 3476, 3475, 3477, 3479, 3478, 3480, 3482, 3481, 3483, 3485, 3484, 3486, 3488, 3487, 3489, 3491, 3490, 3492, 3494, 3493, 3495, 3497, 3496, 3498, 3500, 3499, 3501, 3503, 3502, 3504, 3506, 3505, 3507, 3509, 3508, 3510, 3512, 3511, 3513, 3515, 3514, 3516, 3518, 3517, 3519, 3521, 3520, 3522, 3524, 3523, 3525, 3527, 3526, 3528, 3530, 3529, 3531, 3533, 3532, 3534, 3536, 3535, 3537, 3539, 3538, 3540, 3542, 3541, 3543, 3545, 3544, 3546, 3548, 3547, 3549, 3551, 3550, 3552, 3554, 3553, 3555, 3557, 3556, 3558, 3560, 3559, 3561, 3563, 3562, 3564, 3566, 3565, 3567, 3569, 3568, 3570, 3572, 3571, 3573, 3575, 3574, 3576, 3578, 3577, 3579, 3581, 3580, 3582, 3584, 3583, 3585, 3587, 3586, 3588, 3590, 3589, 3591, 3593, 3592, 3594, 3596, 3595, 3597, 3599, 3598, 3600, 3602, 3601, 3603, 3605, 3604, 3606, 3608, 3607, 3609, 3611, 3610, 3612, 3614, 3613, 3615, 3617, 3616, 3618, 3620, 3619, 3621, 3623, 3622, 3624, 3626, 3625, 3627, 3629, 3628, 3630, 3632, 3631, 3633, 3635, 3634, 3636, 3638, 3637, 3639, 3641, 3640, 3642, 3644, 3643, 3642, 3642, 3643, 3645, 3647, 3646, 3648, 3649, 3648, 3650, 3650, 3648, 3651, 3653, 3652, 3648, 3653, 3654, 3652, 3655, 3652, 3656, 3658, 3657, 3659, 3661, 3660, 3659, 3663, 3662, 3664, 3666, 3665, 3667, 3669, 3668, 3670, 3672, 3671, 3673, 3675, 3674, 3676, 3678, 3677, 3679, 3681, 3680, 3682, 3684, 3683, 3685, 3687, 3686, 3688, 3690, 3689, 3691, 3693, 3692, 3694, 3696, 3695, 3697, 3699, 3698, 3700, 3702, 3701, 3703, 3705, 3704, 3706, 3708, 3707, 3709, 3711, 3710, 3712, 3714, 3713, 3715, 3717, 3716, 3718, 3720, 3719, 3721, 3723, 3722, 3724, 3726, 3725, 3727, 3729, 3728, 3730, 3732, 3731, 3733, 3735, 3734, 3736, 3738, 3737, 3739, 3741, 3740, 3742, 3744, 3743, 3745, 3747, 3746, 3748, 3750, 3749, 3751, 3753, 3752, 3754, 3756, 3755, 3757, 3759, 3758, 3760, 3762, 3761, 3763, 3765, 3764, 3766, 3768, 3767, 3769, 3771, 3770, 3772, 3774, 3773, 3775, 3777, 3776, 3778, 3780, 3779, 3781, 3783, 3782, 3784, 3786, 3785, 3787, 3789, 3788, 3790, 3792, 3791, 3793, 3795, 3794, 3796, 3798, 3797, 3799, 3801, 3800, 3802, 3802, 3800, 3803, 3805, 3804, 3806, 3805, 3807, 3804, 3805, 3808, 3807, 3810, 3809, 3811, 3811, 3812, 3810, 3814, 3813, 3815, 3816, 3813, 3814, 3818, 3817, 3819, 3817, 3820, 3819, 3817, 3821, 3820, 3822, 3821, 3817, 3817, 3823, 3822, 3825, 3824, 3826, 3825, 3827, 3824, 3829, 3828, 3830, 3831, 3828, 3829, 3833, 3832, 3834, 3834, 3832, 3835, 3837, 3836, 3838, 3839, 3836, 3837, 3841, 3840, 3842, 3842, 3840, 3843, 3845, 3844, 3846, 3844, 3845, 3847, 3848, 3847, 3845, 3845, 3849, 3848, 3848, 3849, 3850, 3852, 3851, 3853, 3852, 3854, 3851, 3856, 3855, 3857, 3856, 3857, 3858, 3856, 3858, 3859, 3861, 3860, 3862, 3863, 3861, 3862, 3865, 3864, 3866, 3866, 3864, 3867, 3869, 3868, 3870, 3869, 3871, 3868, 3873, 3872, 3874, 3873, 3875, 3872, 3877, 3876, 3878, 3879, 3877, 3878, 3881, 3880, 3882, 3881, 3883, 3880, 3885, 3884, 3886, 3887, 3885, 3886, 3889, 3888, 3890, 3889, 3891, 3888, 3893, 3892, 3894, 3893, 3895, 3892, 3897, 3896, 3898, 3898, 3896, 3899, 3901, 3900, 3902, 3901, 3902, 3903, 3903, 3902, 3904, 3906, 3905, 3907, 3908, 3905, 3906, 3909, 3905, 3908, 3911, 3910, 3912, 3913, 3910, 3911, 3914, 3913, 3911, 3916, 3915, 3917, 3918, 3916, 3917, 3918, 3917, 3919, 3921, 3920, 3922, 3922, 3920, 3923, 3925, 3924, 3926, 3925, 3926, 3927, 3929, 3928, 3930, 3930, 3928, 3931, 3933, 3932, 3934, 3934, 3932, 3935, 3937, 3936, 3938, 3939, 3937, 3938, 3941, 3940, 3942, 3942, 3940, 3943, 3945, 3944, 3946, 3945, 3947, 3944, 3947, 3945, 3948, 3950, 3949, 3951, 3952, 3950, 3951, 3954, 3953, 3955, 3954, 3956, 3953, 3958, 3957, 3959, 3959, 3957, 3960, 3962, 3961, 3963, 3961, 3962, 3964, 3964, 3965, 3961, 3967, 3966, 3968, 3969, 3968, 3966, 3971, 3970, 3972, 3970, 3973, 3972, 3970, 3974, 3973, 3976, 3975, 3977, 3977, 3978, 3976, 3980, 3979, 3981, 3980, 3981, 3982, 3983, 3980, 3982, 3984, 3980, 3983, 3985, 3984, 3983, 3986, 3984, 3985, 3985, 3987, 3986, 3989, 3988, 3990, 3991, 3988, 3989, 3991, 3992, 3988, 3994, 3993, 3995, 3996, 3993, 3994, 3996, 3997, 3993, 3999, 3998, 4000, 4001, 3999, 4000, 4003, 4002, 4004, 4002, 4005, 4004, 4004, 4005, 4006, 4008, 4007, 4009, 4009, 4007, 4010, 4009, 4010, 4011, 4013, 4012, 4014, 4015, 4012, 4013, 4017, 4016, 4018, 4017, 4018, 4019, 4021, 4020, 4022, 4022, 4020, 4023, 4025, 4024, 4026, 4027, 4025, 4026, 4029, 4028, 4030, 4031, 4029, 4030, 4033, 4032, 4034, 4032, 4033, 4035, 4035, 4036, 4032, 4038, 4037, 4039, 4040, 4038, 4039, 4042, 4041, 4043, 4043, 4041, 4044, 4043, 4044, 4045, 4045, 4044, 4046, 4045, 4046, 4047, 4049, 4048, 4050, 4051, 4048, 4049, 4053, 4052, 4054, 4055, 4052, 4053, 4057, 4056, 4058, 4057, 4058, 4059, 4061, 4060, 4062, 4061, 4062, 4063, 4065, 4064, 4066, 4066, 4064, 4067, 4066, 4067, 4068, 4064, 4069, 4067, 4069, 4064, 4070, 4072, 4071, 4073, 4072, 4073, 4074, 4072, 4074, 4075, 4072, 4075, 4076, 4078, 4077, 4079, 4078, 4079, 4080, 4080, 4079, 4081, 4083, 4082, 4084, 4084, 4082, 4085, 4087, 4086, 4088, 4089, 4087, 4088, 4089, 4090, 4087, 4092, 4091, 4093, 4092, 4093, 4094, 4096, 4095, 4097, 4098, 4095, 4096, 4100, 4099, 4101, 4102, 4100, 4101, 4103, 4102, 4101, 4105, 4104, 4106, 4106, 4104, 4107, 4109, 4108, 4110, 4111, 4108, 4109, 4113, 4112, 4114, 4115, 4113, 4114, 4114, 4116, 4115, 4118, 4117, 4119, 4118, 4119, 4120, 4122, 4121, 4123, 4123, 4124, 4122, 4126, 4125, 4127, 4128, 4126, 4127, 4130, 4129, 4131, 4132, 4130, 4131, 4134, 4133, 4135, 4135, 4136, 4134, 4138, 4137, 4139, 4138, 4139, 4140, 4142, 4141, 4143, 4143, 4141, 4144, 4146, 4145, 4147, 4148, 4146, 4147, 4150, 4149, 4151, 4150, 4151, 4152, 4153, 4150, 4154, 4154, 4155, 4153, 4157, 4156, 4158, 4157, 4159, 4156, 4161, 4160, 4162, 4161, 4163, 4160, 4165, 4164, 4166, 4167, 4165, 4166, 4168, 4165, 4167, 4170, 4169, 4171, 4172, 4170, 4171, 4174, 4173, 4175, 4174, 4175, 4176, 4178, 4177, 4179, 4179, 4177, 4180, 4182, 4181, 4183, 4182, 4184, 4181, 4186, 4185, 4187, 4185, 4186, 4188, 4190, 4189, 4191, 4192, 4190, 4191, 4194, 4193, 4195, 4195, 4193, 4196, 4198, 4197, 4199, 4198, 4200, 4197, 4202, 4201, 4203, 4202, 4203, 4204, 4206, 4205, 4207, 4208, 4205, 4206, 4210, 4209, 4211, 4210, 4212, 4209, 4214, 4213, 4215, 4213, 4216, 4215, 4218, 4217, 4219, 4218, 4220, 4217, 4222, 4221, 4223, 4222, 4224, 4221, 4225, 4224, 4222, 4227, 4226, 4228, 4228, 4226, 4229, 4231, 4230, 4232, 4231, 4233, 4230, 4235, 4234, 4236, 4237, 4235, 4236, 4239, 4238, 4240, 4241, 4239, 4240, 4243, 4242, 4244, 4242, 4245, 4244, 4247, 4246, 4248, 4249, 4247, 4248, 4251, 4250, 4252, 4252, 4250, 4253, 4255, 4254, 4256, 4256, 4257, 4255, 4259, 4258, 4260, 4259, 4261, 4258, 4263, 4262, 4264, 4263, 4265, 4262, 4267, 4266, 4268, 4267, 4269, 4266, 4271, 4270, 4272, 4272, 4270, 4273, 4275, 4274, 4276, 4277, 4275, 4276, 4279, 4278, 4280, 4279, 4280, 4281, 4283, 4282, 4284, 4285, 4283, 4284, 4287, 4286, 4288, 4287, 4289, 4286, 4291, 4290, 4292, 4293, 4291, 4292, 4295, 4294, 4296, 4296, 4294, 4297, 4299, 4298, 4300, 4301, 4298, 4299, 4303, 4302, 4304, 4303, 4305, 4302, 4307, 4306, 4308, 4307, 4308, 4309, 4311, 4310, 4312, 4312, 4310, 4313, 4315, 4314, 4316, 4317, 4315, 4316, 4319, 4318, 4320, 4321, 4318, 4319, 4323, 4322, 4324, 4323, 4325, 4322, 4327, 4326, 4328, 4326, 4329, 4328, 4331, 4330, 4332, 4332, 4330, 4333, 4335, 4334, 4336, 4334, 4337, 4336, 4339, 4338, 4340, 4341, 4339, 4340, 4343, 4342, 4344, 4345, 4343, 4344, 4345, 4344, 4346, 4348, 4347, 4349, 4350, 4349, 4347, 4352, 4351, 4353, 4351, 4354, 4353, 4356, 4355, 4357, 4356, 4358, 4355, 4360, 4359, 4361, 4360, 4362, 4359, 4364, 4363, 4365, 4366, 4364, 4365, 4368, 4367, 4369, 4368, 4370, 4367, 4372, 4371, 4373, 4374, 4372, 4373, 4376, 4375, 4377, 4377, 4378, 4376, 4380, 4379, 4381, 4379, 4380, 4382, 4380, 4383, 4382, 4385, 4384, 4386, 4386, 4384, 4387, 4389, 4388, 4390, 4388, 4391, 4390, 4393, 4392, 4394, 4394, 4392, 4395, 4394, 4395, 4396, 4398, 4397, 4399, 4400, 4398, 4399, 4402, 4401, 4403, 4402, 4404, 4401, 4406, 4405, 4407, 4407, 4408, 4406, 4410, 4409, 4411, 4411, 4409, 4412, 4414, 4413, 4415, 4416, 4414, 4415, 4418, 4417, 4419, 4420, 4418, 4419, 4422, 4421, 4423, 4421, 4422, 4424, 4425, 4421, 4424, 4427, 4426, 4428, 4429, 4427, 4428, 4431, 4430, 4432, 4431, 4432, 4433, 4435, 4434, 4436, 4437, 4434, 4435, 4439, 4438, 4440, 4441, 4438, 4439, 4443, 4442, 4444, 4443, 4445, 4442, 4447, 4446, 4448, 4446, 4449, 4448, 4451, 4450, 4452, 4453, 4450, 4451, 4455, 4454, 4456, 4456, 4454, 4457, 4459, 4458, 4460, 4459, 4461, 4458, 4463, 4462, 4464, 4463, 4465, 4462, 4467, 4466, 4468, 4467, 4468, 4469, 4471, 4470, 4472, 4471, 4473, 4470, 4473, 4474, 4470, 4473, 4475, 4474, 4477, 4476, 4478, 4477, 4478, 4479, 4481, 4480, 4482, 4483, 4481, 4482, 4485, 4484, 4486, 4485, 4487, 4484, 4489, 4488, 4490, 4489, 4491, 4488, 4493, 4492, 4494, 4493, 4494, 4495, 4497, 4496, 4498, 4497, 4499, 4496, 4501, 4500, 4502, 4503, 4502, 4500, 4505, 4504, 4506, 4505, 4506, 4507, 4509, 4508, 4510, 4510, 4508, 4511, 4513, 4512, 4514, 4512, 4515, 4514, 4517, 4516, 4518, 4516, 4519, 4518, 4521, 4520, 4522, 4522, 4520, 4523, 4525, 4524, 4526, 4526, 4524, 4527, 4529, 4528, 4530, 4530, 4528, 4531, 4533, 4532, 4534, 4534, 4532, 4535, 4537, 4536, 4538, 4538, 4536, 4539, 4541, 4540, 4542, 4542, 4540, 4543, 4545, 4544, 4546, 4546, 4544, 4547, 4549, 4548, 4550, 4550, 4548, 4551, 4553, 4552, 4554, 4554, 4552, 4555, 4557, 4556, 4558, 4558, 4556, 4559, 4561, 4560, 4562, 4562, 4560, 4563, 4565, 4564, 4566, 4566, 4564, 4567, 4569, 4568, 4570, 4570, 4568, 4571, 4573, 4572, 4574, 4574, 4572, 4575, 4577, 4576, 4578, 4578, 4576, 4579, 4581, 4580, 4582, 4582, 4580, 4583, 4585, 4584, 4586, 4586, 4584, 4587, 4589, 4588, 4590, 4590, 4588, 4591, 4593, 4592, 4594, 4594, 4592, 4595, 4597, 4596, 4598, 4598, 4596, 4599, 4598, 4599, 4600, 4600, 4599, 4601, 4603, 4602, 4604, 4605, 4602, 4603, 4605, 4606, 4602, 4607, 4606, 4605, 4609, 4608, 4610, 4610, 4608, 4611, 4613, 4612, 4614, 4614, 4612, 4615, 4617, 4616, 4618, 4618, 4616, 4619, 4621, 4620, 4622, 4622, 4620, 4623, 4625, 4624, 4626, 4626, 4624, 4627, 4629, 4628, 4630, 4630, 4628, 4631, 4633, 4632, 4634, 4634, 4632, 4635, 4637, 4636, 4638, 4639, 4636, 4637, 4639, 4640, 4636, 4641, 4640, 4639, 4643, 4642, 4644, 4645, 4642, 4643, 4645, 4646, 4642, 4647, 4646, 4645, 4647, 4648, 4646, 4649, 4648, 4647, 4651, 4650, 4652, 4652, 4650, 4653, 4655, 4654, 4656, 4656, 4654, 4657, 4659, 4658, 4660, 4660, 4658, 4661, 4663, 4662, 4664, 4664, 4662, 4665, 4667, 4666, 4668, 4668, 4666, 4669, 4671, 4670, 4672, 4672, 4670, 4673, 4675, 4674, 4676, 4676, 4674, 4677, 4679, 4678, 4680, 4679, 4681, 4678, 4678, 4682, 4680, 4678, 4681, 4682]
    rel material:binding = </PP_Meadow_08_828/Materials/PP_Standard_Material_52838>
    normal3f[] normals = [(-0.15789612, 0.9874341, 0.0065301666), (-0.15789612, 0.9874341, 0.0065301666), (-0.15789612, 0.9874341, 0.0065301666), (-0.11610651, 0.9931772, 0.010872592), (-0.11610651, 0.9931772, 0.010872592), (-0.11610651, 0.9931772, 0.010872592), (-0.101975046, 0.993979, 0.040084265), (-0.101975046, 0.993979, 0.040084265), (-0.101975046, 0.993979, 0.040084265), (-0.112136275, 0.993687, -0.0034242002), (-0.112136275, 0.993687, -0.0034242002), (-0.12155486, 0.9922396, 0.026171999), (-0.12155292, 0.99223936, 0.02618952), (-0.12155146, 0.99223936, 0.026197841), (-0.06444953, 0.99684685, 0.046287708), (-0.06444953, 0.99684685, 0.046287708), (-0.06444953, 0.99684685, 0.046287708), (-0.07760432, 0.9969241, 0.0109458845), (-0.07760432, 0.9969241, 0.0109458845), (-0.07760432, 0.9969241, 0.0109458845), (-0.059532262, 0.9967146, 0.054917544), (-0.059532907, 0.99671423, 0.05492439), (-0.059526905, 0.9967152, 0.054913368), (-0.1111465, 0.9938007, -0.0025890407), (-0.11113829, 0.99380165, -0.0025778685), (-0.11113829, 0.99380165, -0.0025778685), (-0.15951079, 0.98548, -0.058185335), (-0.15951079, 0.98548, -0.058185335), (-0.15951079, 0.98548, -0.058185335), (-0.13647428, 0.99062294, 0.0063941176), (-0.13647428, 0.99062294, 0.0063941176), (-0.13647428, 0.99062294, 0.0063941176), (-0.12266605, 0.99137783, 0.04607736), (-0.12266605, 0.99137783, 0.04607736), (-0.12266605, 0.99137783, 0.04607736), (-0.093592, 0.9935237, 0.06442902), (-0.093592, 0.9935237, 0.06442902), (-0.093592, 0.9935237, 0.06442902), (-0.18883495, 0.981974, -0.008267406), (-0.18883495, 0.981974, -0.008267406), (-0.18883495, 0.981974, -0.008267406), (-0.14679569, 0.98880476, -0.026761198), (-0.14679569, 0.98880476, -0.026761198), (-0.14679569, 0.98880476, -0.026761198), (-0.15975678, 0.98474574, -0.06894524), (-0.15975678, 0.98474574, -0.06894524), (-0.15975678, 0.98474574, -0.06894524), (-0.14649013, 0.981423, -0.12389373), (-0.14649013, 0.981423, -0.12389373), (-0.14649013, 0.981423, -0.12389373), (-0.1718564, 0.9804067, 0.0962707), (-0.1718564, 0.9804067, 0.0962707), (-0.1718564, 0.9804067, 0.0962707), (-0.18254064, 0.9831957, 0.0022750562), (-0.18254064, 0.9831957, 0.0022750562), (-0.18254064, 0.9831957, 0.0022750562), (0.04135654, 0.9971251, -0.06349188), (0.04135654, 0.9971251, -0.06349188), (0.04135654, 0.9971251, -0.06349188), (-0.022813978, 0.9997099, 0.007715758), (-0.022813978, 0.9997099, 0.007715758), (-0.022813978, 0.9997099, 0.007715758), (-0.02437305, 0.9697035, 0.24306628), (-0.02437305, 0.9697035, 0.24306628), (-0.02437305, 0.9697035, 0.24306628), (-0.13183638, 0.9903662, -0.04235487), (-0.13183638, 0.9903662, -0.04235487), (-0.13183638, 0.9903662, -0.04235487), (-0.07051039, 0.99383956, 0.085505664), (-0.07051039, 0.99383956, 0.085505664), (-0.07051039, 0.99383956, 0.085505664), (-0.073818654, 0.99527764, 0.063033134), (-0.073818654, 0.99527764, 0.063033134), (0.037321176, 0.9990984, -0.020234482), (0.037321176, 0.9990984, -0.020234482), (0.037321176, 0.9990984, -0.020234482), (-0.122368455, 0.98441386, 0.12631409), (-0.122368455, 0.98441386, 0.12631409), (-0.122368455, 0.98441386, 0.12631409), (-0.1294336, 0.9915662, -0.0065961815), (-0.1294336, 0.9915662, -0.0065961815), (-0.1294336, 0.9915662, -0.0065961815), (-0.20095997, 0.96767163, 0.15240265), (-0.20095997, 0.96767163, 0.15240265), (-0.20095997, 0.96767163, 0.15240265), (0.015109107, 0.99574393, -0.09091646), (0.015109107, 0.99574393, -0.09091646), (0.015109107, 0.99574393, -0.09091646), (0.057882365, 0.99821645, -0.014611556), (0.057882365, 0.99821645, -0.014611556), (0.057882365, 0.99821645, -0.014611556), (0.046123438, 0.99888295, -0.010270542), (0.046123438, 0.99888295, -0.010270542), (-0.08706477, 0.9910787, -0.10090934), (-0.08706477, 0.9910787, -0.10090934), (-0.08706477, 0.9910787, -0.10090934), (-0.07651653, 0.9895503, -0.12221045), (-0.07651653, 0.9895503, -0.12221045), (-0.07651653, 0.9895503, -0.12221045), (-0.12714797, 0.983539, -0.12839153), (-0.12717238, 0.9835321, -0.1284209), (-0.12717897, 0.9835302, -0.12842858), (-0.07323299, 0.99689543, 0.02891896), (-0.07323299, 0.99689543, 0.02891896), (-0.07323299, 0.99689543, 0.02891896), (0.027965942, 0.99788254, -0.05872245), (0.027965942, 0.99788254, -0.05872245), (0.027965942, 0.99788254, -0.05872245), (-0.094028465, 0.9952336, -0.025861489), (-0.094028465, 0.9952336, -0.025861489), (-0.094028465, 0.9952336, -0.025861489), (-0.008372847, 0.998372, -0.056420896), (-0.008372847, 0.998372, -0.056420896), (-0.008372847, 0.998372, -0.056420896), (0.04357445, 0.99834824, 0.037442524), (0.04357445, 0.99834824, 0.037442524), (0.04357445, 0.99834824, 0.037442524), (-0.07114835, 0.99735886, -0.014603133), (-0.07114835, 0.99735886, -0.014603133), (-0.07114835, 0.99735886, -0.014603133), (-0.13300748, 0.99068475, -0.02920229), (-0.13300748, 0.99068475, -0.02920229), (-0.13300748, 0.99068475, -0.02920229), (-0.01808022, 0.99896526, -0.041730054), (-0.01808022, 0.99896526, -0.041730054), (-0.01808022, 0.99896526, -0.041730054), (0.11086369, 0.98716766, 0.11493181), (0.11086369, 0.98716766, 0.11493181), (0.11086369, 0.98716766, 0.11493181), (0.0895096, 0.9943553, -0.05697072), (0.0895096, 0.9943553, -0.05697072), (0.0895096, 0.9943553, -0.05697072), (-0.03426867, 0.9981324, 0.050570186), (-0.03426867, 0.9981324, 0.050570186), (-0.03426867, 0.9981324, 0.050570186), (-0.026029197, 0.9851665, 0.16961579), (-0.026029197, 0.9851665, 0.16961579), (-0.026029197, 0.9851665, 0.16961579), (-0.13878529, 0.9599745, 0.24328475), (-0.13878529, 0.9599745, 0.24328475), (-0.13878529, 0.9599745, 0.24328475), (-0.13245669, 0.97128063, -0.19765928), (-0.13245669, 0.97128063, -0.19765928), (-0.13245669, 0.97128063, -0.19765928), (0.035238724, 0.99813443, 0.04985972), (0.035238724, 0.99813443, 0.04985972), (0.035238724, 0.99813443, 0.04985972), (0.04551098, 0.9966785, 0.06753376), (0.04551098, 0.9966785, 0.06753376), (0.04551098, 0.9966785, 0.06753376), (-0.05101094, 0.9795918, 0.1944162), (-0.05101094, 0.9795918, 0.1944162), (-0.05101094, 0.9795918, 0.1944162), (-0.10456858, 0.9777019, 0.18211135), (-0.10456858, 0.9777019, 0.18211135), (-0.10456858, 0.9777019, 0.18211135), (-0.015023483, 0.99835205, -0.055385113), (-0.015023483, 0.99835205, -0.055385113), (-0.015023483, 0.99835205, -0.055385113), (-0.09293297, 0.960477, -0.2623879), (-0.09293297, 0.960477, -0.2623879), (-0.09293297, 0.960477, -0.2623879), (0.052519873, 0.99814725, -0.030719904), (0.052519873, 0.99814725, -0.030719904), (0.052519873, 0.99814725, -0.030719904), (-0.08437873, 0.9940361, -0.06908215), (-0.08437873, 0.9940361, -0.06908215), (-0.08437873, 0.9940361, -0.06908215), (0.0006873402, 0.99931777, 0.036926184), (0.0006873402, 0.99931777, 0.036926184), (0.0006873402, 0.99931777, 0.036926184), (-0.03382021, 0.9987494, 0.03682297), (-0.03382021, 0.9987494, 0.03682297), (-0.03382021, 0.9987494, 0.03682297), (0.025615433, 0.97361034, 0.22677474), (0.025615433, 0.97361034, 0.22677474), (0.025615433, 0.97361034, 0.22677474), (-0.055191413, 0.99474156, 0.08627406), (-0.055191413, 0.99474156, 0.08627406), (-0.055191413, 0.99474156, 0.08627406), (0.13212058, 0.9912286, -0.0031442419), (0.13212058, 0.9912286, -0.0031442419), (0.13212058, 0.9912286, -0.0031442419), (-0.05470122, 0.99284995, 0.10609781), (-0.05470122, 0.99284995, 0.10609781), (-0.05470122, 0.99284995, 0.10609781), (-0.04818965, 0.99841666, -0.029015318), (-0.04818965, 0.99841666, -0.029015318), (-0.04818965, 0.99841666, -0.029015318), (-0.04794798, 0.99848914, -0.026840324), (-0.04794798, 0.99848914, -0.026840324), (-0.04794798, 0.99848914, -0.026840324), (-0.011453526, 0.9965796, -0.08184132), (-0.011453526, 0.9965796, -0.08184132), (-0.011453526, 0.9965796, -0.08184132), (-0.003923623, 0.9995695, -0.02907465), (-0.003923623, 0.9995695, -0.02907465), (-0.003923623, 0.9995695, -0.02907465), (0.07993984, 0.99634355, -0.03014914), (0.07993984, 0.99634355, -0.03014914), (0.07993984, 0.99634355, -0.03014914), (-0.06690927, 0.99513274, 0.07234518), (-0.06690927, 0.99513274, 0.07234518), (-0.06690927, 0.99513274, 0.07234518), (-0.1146132, 0.9912855, 0.064937584), (-0.1146132, 0.9912855, 0.064937584), (-0.1146132, 0.9912855, 0.064937584), (-0.031918183, 0.99458957, -0.09885804), (-0.031918183, 0.99458957, -0.09885804), (-0.031918183, 0.99458957, -0.09885804), (-0.033947483, 0.9990068, -0.028862976), (-0.06960622, 0.99705875, -0.032074075), (-0.06960622, 0.99705875, -0.032074075), (-0.032875057, 0.9989649, -0.031440265), (-0.033879176, 0.99900335, -0.029063301), (-0.032614823, 0.9989538, -0.032056887), (-0.06670275, 0.99706715, -0.03752095), (-0.03483559, 0.99927884, -0.015113326), (-0.06670275, 0.99706715, -0.03752095), (-0.034842953, 0.999278, -0.015145097), (-0.03485043, 0.9992781, -0.015123596), (-0.04422503, 0.9989569, 0.011365221), (-0.06545228, 0.9973489, -0.03180059), (-0.06545228, 0.9973489, -0.03180059), (-0.06545228, 0.9973489, -0.03180059), (0.02343469, 0.9962831, 0.08289009), (0.02343469, 0.9962831, 0.08289009), (0.02343469, 0.9962831, 0.08289009), (0.07183184, 0.976355, 0.20388977), (0.07183184, 0.976355, 0.20388977), (0.07183184, 0.976355, 0.20388977), (-0.024625458, 0.9862309, 0.16353013), (-0.024625458, 0.9862309, 0.16353013), (-0.024625458, 0.9862309, 0.16353013), (0.008947253, 0.9964725, 0.0834431), (0.008947253, 0.9964725, 0.0834431), (0.008947253, 0.9964725, 0.0834431), (0.02951518, 0.9994481, -0.015242234), (0.02951518, 0.9994481, -0.015242234), (0.02951518, 0.9994481, -0.015242234), (-0.001488715, 0.9973935, 0.072138056), (-0.001488715, 0.9973935, 0.072138056), (-0.001488715, 0.9973935, 0.072138056), (-0.034967355, 0.9992459, 0.016880225), (-0.034967355, 0.9992459, 0.016880225), (-0.034967355, 0.9992459, 0.016880225), (-0.05163739, 0.9967415, 0.061968796), (-0.05163739, 0.9967415, 0.061968796), (-0.05163739, 0.9967415, 0.061968796), (0.15005104, 0.98862785, -0.009985527), (0.15005104, 0.98862785, -0.009985527), (0.15005104, 0.98862785, -0.009985527), (0.05640558, 0.9980641, 0.026198424), (0.05640558, 0.9980641, 0.026198424), (0.05640558, 0.9980641, 0.026198424), (-0.06322379, 0.96818966, 0.24209851), (-0.06322379, 0.96818966, 0.24209851), (-0.06322379, 0.96818966, 0.24209851), (0.038747985, 0.99923587, -0.0051170606), (0.038747985, 0.99923587, -0.0051170606), (0.038747985, 0.99923587, -0.0051170606), (-0.004178453, 0.99853957, 0.05386302), (-0.004178453, 0.99853957, 0.05386302), (-0.004178453, 0.99853957, 0.05386302), (0.035852984, 0.9678936, 0.24879022), (0.035852984, 0.9678936, 0.24879022), (0.035852984, 0.9678936, 0.24879022), (0.09213479, 0.9864244, -0.13593416), (0.09213479, 0.9864244, -0.13593416), (0.09213479, 0.9864244, -0.13593416), (0.0057153385, 0.9998591, 0.01578208), (0.0057153385, 0.9998591, 0.01578208), (0.0057153385, 0.9998591, 0.01578208), (-0.16420178, 0.98160064, -0.09745759), (-0.16420178, 0.98160064, -0.09745759), (-0.16420178, 0.98160064, -0.09745759), (-0.02781556, 0.9987301, 0.04200554), (-0.02781556, 0.9987301, 0.04200554), (-0.02781556, 0.9987301, 0.04200554), (0.14811671, 0.98795855, 0.044714037), (0.14811671, 0.98795855, 0.044714037), (0.14811671, 0.98795855, 0.044714037), (0.034288857, 0.9992582, 0.01752535), (0.034288857, 0.9992582, 0.01752535), (0.034288857, 0.9992582, 0.01752535), (0.018581962, 0.9759327, -0.21727866), (0.018581962, 0.9759327, -0.21727866), (0.018581962, 0.9759327, -0.21727866), (-0.13519305, 0.98974764, -0.04607039), (-0.13519305, 0.98974764, -0.04607039), (-0.13519305, 0.98974764, -0.04607039), (0.02344268, 0.9941636, 0.10530556), (0.02344268, 0.9941636, 0.10530556), (0.02344268, 0.9941636, 0.10530556), (-0.03454466, 0.99743026, -0.06276535), (-0.03454466, 0.99743026, -0.06276535), (-0.03454466, 0.99743026, -0.06276535), (-0.09306948, 0.9693003, 0.22758505), (-0.09306948, 0.9693003, 0.22758505), (-0.09306948, 0.9693003, 0.22758505), (0.1291981, 0.99088913, -0.0380352), (0.1291981, 0.99088913, -0.0380352), (0.1291981, 0.99088913, -0.0380352), (-0.011536453, 0.99253935, 0.12137789), (-0.011536453, 0.99253935, 0.12137789), (-0.011536453, 0.99253935, 0.12137789), (-0.16043194, 0.98565453, -0.05240984), (-0.16043194, 0.98565453, -0.05240984), (-0.16043194, 0.98565453, -0.05240984), (-0.09810249, 0.9920819, 0.07841902), (-0.09810249, 0.9920819, 0.07841902), (-0.09810249, 0.9920819, 0.07841902), (-0.13252915, 0.9824041, 0.13159926), (-0.13252915, 0.9824041, 0.13159926), (-0.13252915, 0.9824041, 0.13159926), (-0.018060762, 0.99499786, -0.098250754), (-0.018060762, 0.99499786, -0.098250754), (-0.018060762, 0.99499786, -0.098250754), (0.13121083, 0.97808814, -0.1616395), (0.13121083, 0.97808814, -0.1616395), (0.13121083, 0.97808814, -0.1616395), (-0.09115651, 0.9929235, 0.07611539), (-0.09115651, 0.9929235, 0.07611539), (-0.09115651, 0.9929235, 0.07611539), (-0.0702232, 0.9971734, 0.026716407), (-0.0702232, 0.9971734, 0.026716407), (-0.0702232, 0.9971734, 0.026716407), (0.02278199, 0.99863666, 0.046966214), (0.02278199, 0.99863666, 0.046966214), (0.02278199, 0.99863666, 0.046966214), (-0.06020169, 0.983113, 0.17281401), (-0.06020169, 0.983113, 0.17281401), (-0.06020169, 0.983113, 0.17281401), (-0.06430287, 0.9971994, -0.038191877), (-0.06430287, 0.9971994, -0.038191877), (-0.06430287, 0.9971994, -0.038191877), (-0.22953495, 0.9730512, 0.022027206), (-0.22953495, 0.9730512, 0.022027206), (-0.22953495, 0.9730512, 0.022027206), (0.03072665, 0.995559, 0.08898437), (0.03072665, 0.995559, 0.08898437), (0.03072665, 0.995559, 0.08898437), (-0.12450843, 0.9917779, 0.02957026), (-0.12450843, 0.9917779, 0.02957026), (-0.12450843, 0.9917779, 0.02957026), (-0.13034102, 0.98159546, -0.13957667), (-0.13034102, 0.98159546, -0.13957667), (-0.13034102, 0.98159546, -0.13957667), (0.091711, 0.99032813, 0.10411219), (0.091711, 0.99032813, 0.10411219), (0.091711, 0.99032813, 0.10411219), (0.11389192, 0.98626673, 0.119610354), (0.11389192, 0.98626673, 0.119610354), (0.0002429126, 0.99861586, 0.052594766), (0.0002429126, 0.99861586, 0.052594766), (0.0002429126, 0.99861586, 0.052594766), (0.031490024, 0.9971923, -0.06793992), (0.031490024, 0.9971923, -0.06793992), (0.031490024, 0.9971923, -0.06793992), (-0.19429862, 0.9791884, 0.0586351), (-0.19429862, 0.9791884, 0.0586351), (-0.19429862, 0.9791884, 0.0586351), (-0.07927624, 0.98995894, 0.117033206), (-0.07927624, 0.98995894, 0.117033206), (-0.07927624, 0.98995894, 0.117033206), (-0.11214729, 0.99368405, 0.003885581), (-0.11214729, 0.99368405, 0.003885581), (-0.11214729, 0.99368405, 0.003885581), (0.013282989, 0.9992524, 0.03630515), (0.013282989, 0.9992524, 0.03630515), (0.013282989, 0.9992524, 0.03630515), (0.05483676, 0.99846435, -0.007865789), (0.05483676, 0.99846435, -0.007865789), (0.05483676, 0.99846435, -0.007865789), (-0.036235992, 0.9992449, -0.014018685), (-0.036235992, 0.9992449, -0.014018685), (-0.036235992, 0.9992449, -0.014018685), (-0.065483384, 0.99070096, 0.119262405), (-0.065483384, 0.99070096, 0.119262405), (-0.065483384, 0.99070096, 0.119262405), (-0.07790766, 0.989437, 0.122249074), (-0.07790766, 0.989437, 0.122249074), (-0.07790766, 0.989437, 0.122249074), (0.018555786, 0.99543613, 0.093608506), (0.018555786, 0.99543613, 0.093608506), (0.018555786, 0.99543613, 0.093608506), (-0.02458661, 0.99652606, -0.0795689), (-0.02458661, 0.99652606, -0.0795689), (-0.02458661, 0.99652606, -0.0795689), (-0.06932373, 0.99610955, -0.054405224), (-0.06932373, 0.99610955, -0.054405224), (-0.06932373, 0.99610955, -0.054405224), (-0.10319958, 0.98566353, -0.1334806), (-0.10319958, 0.98566353, -0.1334806), (-0.10319958, 0.98566353, -0.1334806), (-0.018446969, 0.9955954, -0.0919216), (0.018120183, 0.9925413, -0.1205547), (0.018120183, 0.9925413, -0.1205547), (-0.020394659, 0.9956191, -0.09125078), (-0.021882072, 0.99563366, -0.09074607), (-0.022233676, 0.99563664, -0.09062778), (-0.24719504, 0.9654638, 0.08230591), (-0.24719504, 0.9654638, 0.08230591), (-0.24719504, 0.9654638, 0.08230591), (-0.009981497, 0.99985397, 0.013871232), (-0.009981497, 0.99985397, 0.013871232), (-0.009981497, 0.99985397, 0.013871232), (-0.03882955, 0.96418864, 0.26235974), (-0.03882955, 0.96418864, 0.26235974), (-0.03882955, 0.96418864, 0.26235974), (-0.28144264, 0.9594778, -0.0138674015), (-0.28144264, 0.9594778, -0.0138674015), (-0.28144264, 0.9594778, -0.0138674015), (0.06227399, 0.99000204, -0.1265618), (0.06227399, 0.99000204, -0.1265618), (0.06227399, 0.99000204, -0.1265618), (0.05269814, 0.9951965, 0.08250314), (0.05269814, 0.9951965, 0.08250314), (0.05269814, 0.9951965, 0.08250314), (-0.03488352, 0.99599314, 0.082345285), (-0.03488352, 0.99599314, 0.082345285), (-0.03488352, 0.99599314, 0.082345285), (-0.0439354, 0.9862701, 0.15918833), (-0.0439354, 0.9862701, 0.15918833), (-0.0439354, 0.9862701, 0.15918833), (-0.17014152, 0.95819455, -0.23003268), (-0.17014152, 0.95819455, -0.23003268), (-0.17014152, 0.95819455, -0.23003268), (-0.17997783, 0.98309755, -0.03357538), (-0.17997783, 0.98309755, -0.03357538), (-0.17997783, 0.98309755, -0.03357538), (0.014191596, 0.9992943, -0.034777448), (0.014191596, 0.9992943, -0.034777448), (0.014191596, 0.9992943, -0.034777448), (0.11170511, 0.9925155, 0.049346905), (0.11170511, 0.9925155, 0.049346905), (0.11170511, 0.9925155, 0.049346905), (0.1338501, 0.98841524, -0.07155018), (0.1338501, 0.98841524, -0.07155018), (0.1338501, 0.98841524, -0.07155018), (-0.011989928, 0.9854827, 0.16935222), (-0.011989928, 0.9854827, 0.16935222), (-0.011989928, 0.9854827, 0.16935222), (-0.09172337, 0.9864173, -0.13626342), (-0.09172337, 0.9864173, -0.13626342), (-0.09172337, 0.9864173, -0.13626342), (-0.12299451, 0.98988754, -0.07067516), (-0.08398471, 0.9918761, -0.095542245), (-0.08398471, 0.9918761, -0.095542245), (-0.122033276, 0.9895251, -0.077123486), (-0.122033276, 0.9895251, -0.077123486), (-0.0904261, 0.992226, -0.085502125), (-0.13072895, 0.9883989, -0.07731478), (-0.09043009, 0.9922259, -0.08549923), (-0.0904131, 0.99222684, -0.08550676), (0.0042290622, 0.9994211, -0.033757735), (0.0042290622, 0.9994211, -0.033757735), (0.0042290622, 0.9994211, -0.033757735), (-0.19631019, 0.97396314, 0.11339326), (-0.19631019, 0.97396314, 0.11339326), (-0.19631019, 0.97396314, 0.11339326), (-0.014046559, 0.9911006, -0.13237156), (-0.014046559, 0.9911006, -0.13237156), (-0.014046559, 0.9911006, -0.13237156), (0.0700219, 0.9964174, 0.047427233), (0.0700219, 0.9964174, 0.047427233), (0.0700219, 0.9964174, 0.047427233), (0.07744824, 0.9905992, -0.112760566), (0.07744824, 0.9905992, -0.112760566), (0.07744824, 0.9905992, -0.112760566), (-0.05292942, 0.99715614, -0.053647403), (-0.05292942, 0.99715614, -0.053647403), (-0.05292942, 0.99715614, -0.053647403), (0.005526589, 0.99801886, 0.062672555), (0.005526589, 0.99801886, 0.062672555), (0.005526589, 0.99801886, 0.062672555), (0.06250227, 0.99796367, -0.012724721), (0.06250227, 0.99796367, -0.012724721), (0.06250227, 0.99796367, -0.012724721), (0.04148833, 0.9979843, -0.04802236), (0.04148833, 0.9979843, -0.04802236), (-0.16711144, 0.97964096, 0.11125384), (-0.16711144, 0.97964096, 0.11125384), (-0.16711144, 0.97964096, 0.11125384), (0.1188569, 0.9902125, -0.07315945), (0.1188569, 0.9902125, -0.07315945), (0.1188569, 0.9902125, -0.07315945), (-0.21284463, 0.96824193, 0.13116643), (-0.21284463, 0.96824193, 0.13116643), (-0.21284463, 0.96824193, 0.13116643), (-0.20930247, 0.97763914, -0.02035245), (-0.20930247, 0.97763914, -0.02035245), (-0.20930247, 0.97763914, -0.02035245), (-0.10527082, 0.98674935, -0.12346562), (-0.10527082, 0.98674935, -0.12346562), (-0.10527082, 0.98674935, -0.12346562), (-0.17279772, 0.9666322, 0.1891116), (-0.17279772, 0.9666322, 0.1891116), (-0.17279772, 0.9666322, 0.1891116), (-0.1707791, 0.98464566, -0.03615783), (-0.1707791, 0.98464566, -0.03615783), (-0.1707791, 0.98464566, -0.03615783), (-0.061376583, 0.9934457, -0.09642878), (-0.061376583, 0.9934457, -0.09642878), (-0.061376583, 0.9934457, -0.09642878), (-0.028037911, 0.9723837, -0.23169775), (-0.028037911, 0.9723837, -0.23169775), (-0.028037911, 0.9723837, -0.23169775), (-0.113747045, 0.9875465, -0.10869054), (-0.113747045, 0.9875465, -0.10869054), (-0.113747045, 0.9875465, -0.10869054), (-0.16453014, 0.9626953, 0.21482007), (-0.16453014, 0.9626953, 0.21482007), (-0.16453014, 0.9626953, 0.21482007), (-0.20017146, 0.9719562, 0.12342021), (-0.20017146, 0.9719562, 0.12342021), (-0.20017146, 0.9719562, 0.12342021), (-0.06260013, 0.99019194, -0.12490496), (-0.06260013, 0.99019194, -0.12490496), (-0.06260013, 0.99019194, -0.12490496), (-0.026901545, 0.9995598, 0.012503766), (-0.026901545, 0.9995598, 0.012503766), (-0.026901545, 0.9995598, 0.012503766), (-0.12654649, 0.96946824, 0.21004136), (-0.12654649, 0.96946824, 0.21004136), (-0.12654649, 0.96946824, 0.21004136), (-0.13109243, 0.99120003, -0.01836635), (-0.13109243, 0.99120003, -0.01836635), (-0.13109243, 0.99120003, -0.01836635), (-0.012460023, 0.9999136, -0.004191963), (-0.012460023, 0.9999136, -0.004191963), (-0.012460023, 0.9999136, -0.004191963), (-0.0047422857, 0.99915016, -0.040946275), (-0.0047422857, 0.99915016, -0.040946275), (0.040391874, 0.9975311, 0.057448354), (0.040391874, 0.9975311, 0.057448354), (0.040391874, 0.9975311, 0.057448354), (0.20362908, 0.97260195, 0.11216364), (0.20362908, 0.97260195, 0.11216364), (0.20362908, 0.97260195, 0.11216364), (-0.09284818, 0.96350414, 0.2510759), (-0.09284818, 0.96350414, 0.2510759), (-0.09284818, 0.96350414, 0.2510759), (0.10639093, 0.9781456, 0.17863971), (0.10639093, 0.9781456, 0.17863971), (0.10639093, 0.9781456, 0.17863971), (-0.07436187, 0.979455, -0.18745153), (-0.07436187, 0.979455, -0.18745153), (-0.07436187, 0.979455, -0.18745153), (-0.06457392, 0.9952975, -0.07220258), (-0.06457392, 0.9952975, -0.07220258), (-0.06457392, 0.9952975, -0.07220258), (-0.040094618, 0.99572384, -0.08322512), (-0.03981326, 0.9957722, -0.0827805), (-0.039762467, 0.9957808, -0.08270064), (-0.08243425, 0.99390924, -0.073137544), (-0.08243425, 0.99390924, -0.073137544), (-0.08243425, 0.99390924, -0.073137544), (-0.07299207, 0.96312016, 0.25898215), (-0.07299207, 0.96312016, 0.25898215), (-0.07299207, 0.96312016, 0.25898215), (0.002080661, 0.9830908, -0.18310674), (0.002080661, 0.9830908, -0.18310674), (0.002080661, 0.9830908, -0.18310674), (0.08541151, 0.9947358, 0.056617342), (0.08541151, 0.9947358, 0.056617342), (0.08541151, 0.9947358, 0.056617342), (-0.061798066, 0.996416, -0.05775873), (-0.061798066, 0.996416, -0.05775873), (-0.061798066, 0.996416, -0.05775873), (0.08822269, 0.9941949, 0.061588597), (0.08822269, 0.9941949, 0.061588597), (0.08822269, 0.9941949, 0.061588597), (0.025489274, 0.9920521, -0.12321952), (0.025489274, 0.9920521, -0.12321952), (0.025489274, 0.9920521, -0.12321952), (0.08232097, 0.9965145, 0.013496683), (0.08232097, 0.9965145, 0.013496683), (0.08232097, 0.9965145, 0.013496683), (0.00073640066, 0.9975352, 0.07016409), (0.00073640066, 0.9975352, 0.07016409), (0.00073640066, 0.9975352, 0.07016409), (0.052894898, 0.9940778, -0.094928555), (0.052894898, 0.9940778, -0.094928555), (0.052894898, 0.9940778, -0.094928555), (0.108873464, 0.9922082, 0.06057715), (0.108873464, 0.9922082, 0.06057715), (0.108873464, 0.9922082, 0.06057715), (-0.07043561, 0.9939493, -0.08428248), (-0.07043561, 0.9939493, -0.08428248), (-0.07043561, 0.9939493, -0.08428248), (-0.010020144, 0.9710074, -0.238839), (-0.010020144, 0.9710074, -0.238839), (-0.010020144, 0.9710074, -0.238839), (-0.0058522485, 0.99880385, 0.04854533), (-0.0058522485, 0.99880385, 0.04854533), (-0.0058522485, 0.99880385, 0.04854533), (-0.03796316, 0.9977811, 0.054697335), (-0.03796316, 0.9977811, 0.054697335), (-0.031038623, 0.9911123, -0.12935589), (-0.031038623, 0.9911123, -0.12935589), (-0.031038623, 0.9911123, -0.12935589), (0.011664097, 0.9990221, -0.04264721), (0.011664097, 0.9990221, -0.04264721), (0.011664097, 0.9990221, -0.04264721), (0.114633374, 0.9915024, -0.061500154), (0.114633374, 0.9915024, -0.061500154), (0.114633374, 0.9915024, -0.061500154), (0.003762973, 0.9741566, -0.22584209), (0.003762973, 0.9741566, -0.22584209), (0.003762973, 0.9741566, -0.22584209), (-0.09100818, 0.9601064, 0.26441076), (-0.09100818, 0.9601064, 0.26441076), (-0.09100818, 0.9601064, 0.26441076), (-0.031900983, 0.9994498, 0.009083), (-0.031900983, 0.9994498, 0.009083), (-0.031900983, 0.9994498, 0.009083), (0.14354225, 0.96437895, 0.22219113), (0.14354225, 0.96437895, 0.22219113), (0.14354225, 0.96437895, 0.22219113), (0.028312858, 0.9622217, 0.27079117), (0.028312858, 0.9622217, 0.27079117), (0.028312858, 0.9622217, 0.27079117), (0.02577099, 0.9976459, 0.06354923), (0.02577099, 0.9976459, 0.06354923), (0.02577099, 0.9976459, 0.06354923), (0.05074563, 0.98222107, -0.18073899), (0.05074563, 0.98222107, -0.18073899), (0.05074563, 0.98222107, -0.18073899), (0.016910996, 0.9883702, -0.15112352), (0.016910996, 0.9883702, -0.15112352), (0.016910996, 0.9883702, -0.15112352), (-0.082854934, 0.9923894, 0.091095366), (-0.082854934, 0.9923894, 0.091095366), (-0.082854934, 0.9923894, 0.091095366), (-0.0009892168, 0.9985575, -0.053682696), (-0.0009892168, 0.9985575, -0.053682696), (-0.0009892168, 0.9985575, -0.053682696), (-0.0492488, 0.99865806, 0.01602161), (-0.0492488, 0.99865806, 0.01602161), (-0.0492488, 0.99865806, 0.01602161), (-0.016580494, 0.99069643, -0.13507648), (-0.016580494, 0.99069643, -0.13507648), (-0.016580494, 0.99069643, -0.13507648), (-0.07581532, 0.9839332, 0.16163993), (-0.07581532, 0.9839332, 0.16163993), (-0.07581532, 0.9839332, 0.16163993), (-0.03047011, 0.9987808, 0.038841136), (-0.03047011, 0.9987808, 0.038841136), (-0.03047011, 0.9987808, 0.038841136), (0.020775467, 0.9925316, -0.12020531), (0.020775467, 0.9925316, -0.12020531), (0.020775467, 0.9925316, -0.12020531), (-0.009451282, 0.9712614, -0.23782781), (-0.009451282, 0.9712614, -0.23782781), (-0.009451282, 0.9712614, -0.23782781), (-0.11528725, 0.9728712, -0.20057525), (-0.11528725, 0.9728712, -0.20057525), (-0.11528725, 0.9728712, -0.20057525), (0.021601884, 0.9952856, 0.094552435), (0.021601884, 0.9952856, 0.094552435), (0.021601884, 0.9952856, 0.094552435), (0.07837515, 0.9833191, -0.16413677), (0.07837515, 0.9833191, -0.16413677), (0.07837515, 0.9833191, -0.16413677), (-0.19052038, 0.978542, 0.078470364), (-0.19052038, 0.978542, 0.078470364), (-0.19052038, 0.978542, 0.078470364), (-0.08036686, 0.9848969, 0.1533601), (-0.08036686, 0.9848969, 0.1533601), (-0.08036686, 0.9848969, 0.1533601), (0.07622853, 0.97512066, -0.20815605), (0.07622853, 0.97512066, -0.20815605), (0.07622853, 0.97512066, -0.20815605), (0.14486331, 0.98728347, -0.06546707), (0.14486331, 0.98728347, -0.06546707), (0.14486331, 0.98728347, -0.06546707), (0.15099525, 0.9804205, -0.12639667), (0.15099525, 0.9804205, -0.12639667), (0.15099525, 0.9804205, -0.12639667), (0.18449548, 0.98216724, -0.036178604), (0.18449548, 0.98216724, -0.036178604), (0.18449548, 0.98216724, -0.036178604), (0.19949228, 0.97434413, -0.10419366), (0.19949228, 0.97434413, -0.10419366), (0.19949228, 0.97434413, -0.10419366), (-0.23357533, 0.97128457, -0.045263518), (-0.23357533, 0.97128457, -0.045263518), (-0.23357533, 0.97128457, -0.045263518), (-0.13006142, 0.98582816, -0.1059571), (-0.13006142, 0.98582816, -0.1059571), (-0.13006142, 0.98582816, -0.1059571), (-0.0033873245, 0.999905, 0.013364711), (-0.0033873245, 0.999905, 0.013364711), (-0.0033873245, 0.999905, 0.013364711), (-0.19644864, 0.9801052, -0.028311823), (-0.19644864, 0.9801052, -0.028311823), (-0.19644864, 0.9801052, -0.028311823), (-0.101126604, 0.9865051, -0.1287671), (-0.101126604, 0.9865051, -0.1287671), (-0.101126604, 0.9865051, -0.1287671), (-0.009721217, 0.99507195, -0.098677315), (-0.009721217, 0.99507195, -0.098677315), (-0.009721217, 0.99507195, -0.098677315), (-0.015849167, 0.99263716, -0.12008451), (-0.015849167, 0.99263716, -0.12008451), (0.039643046, 0.9640559, 0.26272553), (0.039643046, 0.9640559, 0.26272553), (0.039643046, 0.9640559, 0.26272553), (0.097578414, 0.99119955, 0.08945371), (0.097578414, 0.99119955, 0.08945371), (0.097578414, 0.99119955, 0.08945371), (-0.08990195, 0.982916, 0.16060482), (-0.08990195, 0.982916, 0.16060482), (-0.08990195, 0.982916, 0.16060482), (0.25936234, 0.9607195, -0.0987378), (0.25936234, 0.9607195, -0.0987378), (0.25936234, 0.9607195, -0.0987378), (0.06570977, 0.987778, 0.14133945), (0.06570977, 0.987778, 0.14133945), (0.06570977, 0.987778, 0.14133945), (0.15078592, 0.98565346, -0.075834446), (0.15078592, 0.98565346, -0.075834446), (0.15078592, 0.98565346, -0.075834446), (0.24589673, 0.95662856, 0.15619399), (0.24589673, 0.95662856, 0.15619399), (0.24589673, 0.95662856, 0.15619399), (0.30624086, 0.9514856, 0.02986132), (0.30624086, 0.9514856, 0.02986132), (0.30624086, 0.9514856, 0.02986132), (0.1396075, 0.9515264, -0.27405694), (0.1396075, 0.9515264, -0.27405694), (0.1396075, 0.9515264, -0.27405694), (0.1470229, 0.9883533, 0.039269075), (0.1470229, 0.9883533, 0.039269075), (0.1470229, 0.9883533, 0.039269075), (-0.13823071, 0.9854425, 0.09897156), (-0.13823071, 0.9854425, 0.09897156), (-0.13823071, 0.9854425, 0.09897156), (0.092967086, 0.99561334, -0.010542651), (0.092967086, 0.99561334, -0.010542651), (0.092967086, 0.99561334, -0.010542651), (0.037936732, 0.9920995, 0.11957995), (0.037936732, 0.9920995, 0.11957995), (0.037936732, 0.9920995, 0.11957995), (0.051190935, 0.99841166, -0.023529828), (0.051190935, 0.99841166, -0.023529828), (0.051190935, 0.99841166, -0.023529828), (0.14507124, 0.9894114, -0.004396042), (0.14507124, 0.9894114, -0.004396042), (0.14507124, 0.9894114, -0.004396042), (0.035186876, 0.99257714, -0.11641511), (0.035186876, 0.99257714, -0.11641511), (0.035186876, 0.99257714, -0.11641511), (-0.20533884, 0.9783327, -0.026479809), (-0.20533884, 0.9783327, -0.026479809), (-0.20533884, 0.9783327, -0.026479809), (0.2691651, 0.96267295, 0.028476745), (0.2691651, 0.96267295, 0.028476745), (0.2691651, 0.96267295, 0.028476745), (-0.29243055, 0.9544571, -0.059127714), (-0.29243055, 0.9544571, -0.059127714), (-0.29243055, 0.9544571, -0.059127714), (-0.1849174, 0.9821701, 0.03387372), (-0.1849174, 0.9821701, 0.03387372), (-0.1849174, 0.9821701, 0.03387372), (-0.063342646, 0.9771036, -0.20311682), (-0.063342646, 0.9771036, -0.20311682), (-0.063342646, 0.9771036, -0.20311682), (-0.042733468, 0.99892706, 0.017847702), (-0.042733468, 0.99892706, 0.017847702), (-0.042733468, 0.99892706, 0.017847702), (0.16448258, 0.96929944, 0.18276794), (0.16448258, 0.96929944, 0.18276794), (0.16448258, 0.96929944, 0.18276794), (0.28652057, 0.95574266, -0.06679677), (0.28652057, 0.95574266, -0.06679677), (0.28652057, 0.95574266, -0.06679677), (0.20198202, 0.972822, -0.113228716), (0.20198202, 0.972822, -0.113228716), (0.20198202, 0.972822, -0.113228716), (0.08348023, 0.99353844, -0.076891564), (0.08348023, 0.99353844, -0.076891564), (0.08348023, 0.99353844, -0.076891564), (0.06942357, 0.9975389, -0.009830267), (0.06942357, 0.9975389, -0.009830267), (0.06942357, 0.9975389, -0.009830267), (-0.06216725, 0.9949169, 0.079219066), (-0.06216725, 0.9949169, 0.079219066), (-0.06216725, 0.9949169, 0.079219066), (-0.2056617, 0.9623, 0.17799433), (-0.2056617, 0.9623, 0.17799433), (-0.2056617, 0.9623, 0.17799433), (-0.27867538, 0.96025586, -0.015768407), (-0.27867538, 0.96025586, -0.015768407), (-0.27867538, 0.96025586, -0.015768407), (-0.1461515, 0.9755465, -0.16416079), (-0.1461515, 0.9755465, -0.16416079), (-0.1461515, 0.9755465, -0.16416079), (0.10397051, 0.99280024, 0.05948066), (0.10397051, 0.99280024, 0.05948066), (0.10397051, 0.99280024, 0.05948066), (0.10235993, 0.9939095, 0.040822007), (0.10235993, 0.9939095, 0.040822007), (0.10235993, 0.9939095, 0.040822007), (0.12775312, 0.99169356, 0.014929498), (0.12775312, 0.99169356, 0.014929498), (0.13545036, 0.99078345, 0.0011371163), (0.13545036, 0.99078345, 0.0011371163), (0.0065018, 0.98679405, -0.16184945), (0.0065018, 0.98679405, -0.16184945), (0.0065018, 0.98679405, -0.16184945), (0.056840867, 0.9978619, 0.03225859), (0.056840867, 0.9978619, 0.03225859), (0.056840867, 0.9978619, 0.03225859), (-0.011817969, 0.99773645, -0.06619902), (-0.011817969, 0.99773645, -0.06619902), (-0.011817969, 0.99773645, -0.06619902), (-0.020869259, 0.9857633, 0.1668388), (-0.020869259, 0.9857633, 0.1668388), (-0.020869259, 0.9857633, 0.1668388), (-0.0556596, 0.9916099, -0.116669595), (-0.0556596, 0.9916099, -0.116669595), (-0.0556596, 0.9916099, -0.116669595), (-0.3055388, 0.9245336, 0.22777975), (-0.3055388, 0.9245336, 0.22777975), (-0.3055388, 0.9245336, 0.22777975), (-0.14917128, 0.9689737, 0.19707309), (-0.14917128, 0.9689737, 0.19707309), (-0.14917128, 0.9689737, 0.19707309), (-0.06661064, 0.9904643, 0.12059573), (-0.06661064, 0.9904643, 0.12059573), (-0.06661064, 0.9904643, 0.12059573), (-0.18308584, 0.97982156, -0.08018315), (-0.18308584, 0.97982156, -0.08018315), (-0.18308584, 0.97982156, -0.08018315), (0.10836144, 0.9936806, -0.02926938), (0.10836144, 0.9936806, -0.02926938), (0.10836144, 0.9936806, -0.02926938), (0.12032905, 0.992351, 0.027576067), (0.12032905, 0.992351, 0.027576067), (0.12032905, 0.992351, 0.027576067), (0.2034478, 0.9787581, -0.025328582), (0.2034478, 0.9787581, -0.025328582), (0.2034478, 0.9787581, -0.025328582), (-0.07546314, 0.9913653, 0.10723926), (-0.07546314, 0.9913653, 0.10723926), (-0.07546314, 0.9913653, 0.10723926), (-0.2727765, 0.961016, 0.045178823), (-0.2727765, 0.961016, 0.045178823), (-0.2727765, 0.961016, 0.045178823), (-0.0053031584, 0.9979819, 0.06327758), (-0.0053031584, 0.9979819, 0.06327758), (-0.0053031584, 0.9979819, 0.06327758), (0.06410344, 0.9979248, 0.0060636736), (0.06410344, 0.9979248, 0.0060636736), (0.06410344, 0.9979248, 0.0060636736), (0.12986633, 0.98968923, 0.060413826), (0.12986633, 0.98968923, 0.060413826), (0.12986633, 0.98968923, 0.060413826), (0.25112522, 0.9623769, -0.103763536), (0.25112522, 0.9623769, -0.103763536), (0.25112522, 0.9623769, -0.103763536), (0.22236845, 0.9699308, -0.09892691), (0.22236845, 0.9699308, -0.09892691), (-0.24211343, 0.9701961, 0.010026501), (-0.24211343, 0.9701961, 0.010026501), (-0.24211343, 0.9701961, 0.010026501), (-0.06630616, 0.99390537, -0.08806635), (-0.06630616, 0.99390537, -0.08806635), (-0.06630616, 0.99390537, -0.08806635), (-0.19366452, 0.9740408, -0.11721152), (-0.19366452, 0.9740408, -0.11721152), (-0.19366452, 0.9740408, -0.11721152), (-0.14901488, 0.9872547, -0.055881754), (-0.14901488, 0.9872547, -0.055881754), (-0.14901488, 0.9872547, -0.055881754), (-0.1569914, 0.9791595, 0.1288424), (-0.1569914, 0.9791595, 0.1288424), (-0.1569914, 0.9791595, 0.1288424), (0.08762212, 0.992782, -0.081892096), (0.08762212, 0.992782, -0.081892096), (0.08762212, 0.992782, -0.081892096), (0.080710925, 0.9966737, 0.01128282), (0.080710925, 0.9966737, 0.01128282), (0.080710925, 0.9966737, 0.01128282), (-0.026261447, 0.9994481, -0.02034226), (-0.026261447, 0.9994481, -0.02034226), (-0.026261447, 0.9994481, -0.02034226), (0.065300465, 0.9796703, 0.18968925), (0.065300465, 0.9796703, 0.18968925), (0.065300465, 0.9796703, 0.18968925), (0.18409589, 0.97732395, 0.10462587), (0.18409589, 0.97732395, 0.10462587), (0.18409589, 0.97732395, 0.10462587), (-0.2011869, 0.97160983, -0.12449226), (-0.2011869, 0.97160983, -0.12449226), (-0.2011869, 0.97160983, -0.12449226), (-0.14317958, 0.9891066, -0.03417205), (-0.14317958, 0.9891066, -0.03417205), (-0.14317958, 0.9891066, -0.03417205), (-0.020057784, 0.999498, -0.024524625), (-0.020057784, 0.999498, -0.024524625), (-0.020057784, 0.999498, -0.024524625), (-0.05577544, 0.99017525, -0.12822686), (-0.05577544, 0.99017525, -0.12822686), (-0.05577544, 0.99017525, -0.12822686), (-0.14729545, 0.98879904, -0.024094142), (-0.14729545, 0.98879904, -0.024094142), (-0.14729545, 0.98879904, -0.024094142), (0.019709403, 0.98997027, 0.1398943), (0.019709403, 0.98997027, 0.1398943), (0.019709403, 0.98997027, 0.1398943), (-0.11851314, 0.9704871, 0.2100222), (-0.11851314, 0.9704871, 0.2100222), (-0.11851314, 0.9704871, 0.2100222), (-0.08392882, 0.97766113, 0.19270384), (-0.08392882, 0.97766113, 0.19270384), (-0.17613411, 0.9607554, 0.2143033), (-0.17613411, 0.9607554, 0.2143033), (-0.17613411, 0.9607554, 0.2143033), (-0.024688145, 0.9956618, -0.08971161), (-0.024688145, 0.9956618, -0.08971161), (-0.024688145, 0.9956618, -0.08971161), (-0.039702255, 0.99427927, -0.09915804), (-0.039754074, 0.99412125, -0.10070986), (-0.039686307, 0.9942865, -0.09909261), (-0.01204615, 0.9926622, -0.12031947), (-0.012046801, 0.9926621, -0.12031955), (-0.014656334, 0.9973694, -0.070988186), (-0.014656334, 0.9973694, -0.070988186), (-0.014656334, 0.9973694, -0.070988186), (0.103553325, 0.9922511, -0.06866246), (0.103553325, 0.9922511, -0.06866246), (0.103553325, 0.9922511, -0.06866246), (0.19486272, 0.9632099, 0.18508114), (0.19486272, 0.9632099, 0.18508114), (0.19486272, 0.9632099, 0.18508114), (0.2699142, 0.9522644, -0.1426143), (0.2699142, 0.9522644, -0.1426143), (0.2699142, 0.9522644, -0.1426143), (0.18645348, 0.9814076, -0.04554412), (0.18645348, 0.9814076, -0.04554412), (0.18645348, 0.9814076, -0.04554412), (-0.17427437, 0.9755677, -0.13377678), (-0.17427437, 0.9755677, -0.13377678), (-0.17427437, 0.9755677, -0.13377678), (-0.03895567, 0.99188423, -0.12102938), (-0.03895567, 0.99188423, -0.12102938), (-0.03895567, 0.99188423, -0.12102938), (0.10210308, 0.98785174, 0.11714878), (0.10210308, 0.98785174, 0.11714878), (0.10210308, 0.98785174, 0.11714878), (-0.076842345, 0.9967002, 0.02615138), (-0.076842345, 0.9967002, 0.02615138), (-0.076842345, 0.9967002, 0.02615138), (-0.10803949, 0.99167424, 0.07007011), (-0.10803949, 0.99167424, 0.07007011), (-0.10803949, 0.99167424, 0.07007011), (-0.04216248, 0.9990977, 0.005112485), (-0.04216248, 0.9990977, 0.005112485), (-0.04216248, 0.9990977, 0.005112485), (-0.041500833, 0.98998535, 0.13493249), (-0.041500833, 0.98998535, 0.13493249), (-0.041500833, 0.98998535, 0.13493249), (-0.15372686, 0.983977, 0.09031684), (-0.15372686, 0.983977, 0.09031684), (-0.15372686, 0.983977, 0.09031684), (0.033284005, 0.9973015, 0.06543646), (0.033284005, 0.9973015, 0.06543646), (0.033284005, 0.9973015, 0.06543646), (0.040259648, 0.9924051, 0.11623773), (0.040259648, 0.9924051, 0.11623773), (0.040259648, 0.9924051, 0.11623773), (-0.39008763, 0.91881627, -0.060069792), (-0.39008763, 0.91881627, -0.060069792), (-0.39008763, 0.91881627, -0.060069792), (-0.033513173, 0.9969657, -0.070257545), (-0.033513173, 0.9969657, -0.070257545), (-0.033513173, 0.9969657, -0.070257545), (-0.19268925, 0.98106396, -0.019606968), (-0.19268925, 0.98106396, -0.019606968), (-0.19268925, 0.98106396, -0.019606968), (-0.1789961, 0.96897787, -0.17041829), (-0.1789961, 0.96897787, -0.17041829), (-0.1789961, 0.96897787, -0.17041829), (-0.117007785, 0.98570836, -0.121194616), (-0.117007785, 0.98570836, -0.121194616), (-0.117007785, 0.98570836, -0.121194616), (-0.08844237, 0.9922449, 0.087338194), (-0.08844237, 0.9922449, 0.087338194), (-0.08844237, 0.9922449, 0.087338194), (-0.0974536, 0.9940749, 0.04814612), (-0.0974536, 0.9940749, 0.04814612), (0.03321747, 0.99516296, 0.092451416), (0.03321747, 0.99516296, 0.092451416), (0.03321747, 0.99516296, 0.092451416), (0.07395936, 0.9944818, -0.074403875), (0.07395936, 0.9944818, -0.074403875), (0.07395936, 0.9944818, -0.074403875), (0.19613566, 0.973081, 0.12101371), (0.19613566, 0.973081, 0.12101371), (0.19613566, 0.973081, 0.12101371), (-0.1716089, 0.9581164, 0.22926702), (-0.1716089, 0.9581164, 0.22926702), (-0.1716089, 0.9581164, 0.22926702), (-0.0915237, 0.99149805, 0.092492625), (-0.0915237, 0.99149805, 0.092492625), (-0.0915237, 0.99149805, 0.092492625), (-0.22373652, 0.97187626, 0.073474586), (-0.22373652, 0.97187626, 0.073474586), (-0.22373652, 0.97187626, 0.073474586), (-0.112215094, 0.9723231, 0.20492819), (-0.112215094, 0.9723231, 0.20492819), (-0.112215094, 0.9723231, 0.20492819), (-0.13417919, 0.9889053, -0.0637348), (-0.13417919, 0.9889053, -0.0637348), (-0.13417919, 0.9889053, -0.0637348), (-0.12068656, 0.99266124, 0.0076478818), (-0.12068656, 0.99266124, 0.0076478818), (-0.12068656, 0.99266124, 0.0076478818), (-0.16986762, 0.9807371, -0.096435934), (-0.16986762, 0.9807371, -0.096435934), (-0.16986762, 0.9807371, -0.096435934), (-0.16652414, 0.9794373, -0.113896675), (-0.16659918, 0.9794384, -0.11377583), (-0.16639306, 0.9794351, -0.11410648), (-0.14528105, 0.98489124, 0.09424889), (-0.14528105, 0.98489124, 0.09424889), (-0.14528105, 0.98489124, 0.09424889), (0.08239453, 0.9965996, 0.0006942231), (0.08239453, 0.9965996, 0.0006942231), (0.08239453, 0.9965996, 0.0006942231), (-0.01873221, 0.99935967, 0.030487413), (-0.01873221, 0.99935967, 0.030487413), (-0.01873221, 0.99935967, 0.030487413), (-0.18078144, 0.98213875, -0.052169204), (-0.18078144, 0.98213875, -0.052169204), (-0.18078144, 0.98213875, -0.052169204), (-0.18912283, 0.9721752, -0.13823122), (-0.18912283, 0.9721752, -0.13823122), (-0.18912283, 0.9721752, -0.13823122), (0.008812074, 0.9833175, -0.18168402), (0.008812074, 0.9833175, -0.18168402), (0.008812074, 0.9833175, -0.18168402), (-0.007700297, 0.98376596, -0.1792906), (-0.007681794, 0.9837556, -0.17934838), (-0.007002697, 0.98336214, -0.18152133), (-0.10741748, 0.9933461, -0.041533362), (-0.10741748, 0.9933461, -0.041533362), (-0.10741748, 0.9933461, -0.041533362), (-0.11196407, 0.993622, -0.013389859), (-0.11196407, 0.993622, -0.013389859), (-0.04963965, 0.9985354, 0.021516295), (-0.04963965, 0.9985354, 0.021516295), (-0.04963965, 0.9985354, 0.021516295), (-0.026114993, 0.99934393, 0.025095537), (-0.026114993, 0.99934393, 0.025095537), (-0.057380345, 0.9789175, 0.19603096), (-0.057380345, 0.9789175, 0.19603096), (-0.057380345, 0.9789175, 0.19603096), (-0.03896491, 0.9698805, 0.24044453), (-0.038973905, 0.96988815, 0.24041224), (-0.03896733, 0.96988255, 0.24043584), (0.013357322, 0.98469305, -0.17378527), (0.013357322, 0.98469305, -0.17378527), (0.013357322, 0.98469305, -0.17378527), (0.037091784, 0.9969914, -0.06806052), (0.037091784, 0.9969914, -0.06806052), (0.037091784, 0.9969914, -0.06806052), (-0.044018812, 0.98160547, 0.18577664), (-0.044018812, 0.98160547, 0.18577664), (-0.044018812, 0.98160547, 0.18577664), (-0.042567786, 0.9956632, 0.08272172), (-0.042567786, 0.9956632, 0.08272172), (-0.042567786, 0.9956632, 0.08272172), (0.024795214, 0.9996778, -0.0054349652), (0.024795214, 0.9996778, -0.0054349652), (0.024795214, 0.9996778, -0.0054349652), (0.06432148, 0.9977319, -0.019844206), (0.06432148, 0.9977319, -0.019844206), (0.06432148, 0.9977319, -0.019844206), (0.033978183, 0.98076963, -0.19218835), (0.033978183, 0.98076963, -0.19218835), (0.033978183, 0.98076963, -0.19218835), (0.11836825, 0.9879246, -0.09996934), (0.11836825, 0.9879246, -0.09996934), (0.11836825, 0.9879246, -0.09996934), (0.07839321, 0.9966718, -0.022357997), (0.07839321, 0.9966718, -0.022357997), (0.07839321, 0.9966718, -0.022357997), (0.0062286034, 0.9949773, 0.09990688), (0.0062286034, 0.9949773, 0.09990688), (0.0062286034, 0.9949773, 0.09990688), (-0.14796188, 0.9877336, -0.04989614), (-0.14796188, 0.9877336, -0.04989614), (-0.14796188, 0.9877336, -0.04989614), (0.08561231, 0.9934243, -0.076016925), (0.08561231, 0.9934243, -0.076016925), (0.08561231, 0.9934243, -0.076016925), (-0.14069034, 0.97340107, 0.18082172), (-0.14069034, 0.97340107, 0.18082172), (-0.14069034, 0.97340107, 0.18082172), (0.04370921, 0.99319565, 0.10794381), (0.04370921, 0.99319565, 0.10794381), (0.04370921, 0.99319565, 0.10794381), (0.08707776, 0.9799903, -0.17898726), (0.08707776, 0.9799903, -0.17898726), (0.08707776, 0.9799903, -0.17898726), (-0.053410415, 0.9932892, -0.10258581), (-0.053410415, 0.9932892, -0.10258581), (-0.053410415, 0.9932892, -0.10258581), (0.07476013, 0.9926109, 0.095574565), (0.07476013, 0.9926109, 0.095574565), (0.07476013, 0.9926109, 0.095574565), (-0.26245055, 0.96093994, -0.08783078), (-0.26245055, 0.96093994, -0.08783078), (-0.26245055, 0.96093994, -0.08783078), (0.09871187, 0.99242204, 0.07317494), (0.09871187, 0.99242204, 0.07317494), (0.09871187, 0.99242204, 0.07317494), (0.1222276, 0.98519135, -0.12024334), (0.1222276, 0.98519135, -0.12024334), (0.1222276, 0.98519135, -0.12024334), (0.001595689, 0.98108965, -0.19354725), (0.001595689, 0.98108965, -0.19354725), (0.001595689, 0.98108965, -0.19354725), (-0.022576384, 0.97306764, -0.22941168), (-0.022576384, 0.97306764, -0.22941168), (-0.022576384, 0.97306764, -0.22941168), (-0.10515926, 0.99372584, -0.038086507), (-0.10515926, 0.99372584, -0.038086507), (-0.10515926, 0.99372584, -0.038086507), (0.035016112, 0.996849, 0.071174584), (0.035016112, 0.996849, 0.071174584), (0.035016112, 0.996849, 0.071174584), (-0.21443303, 0.9767379, -0.001244475), (-0.21443303, 0.9767379, -0.001244475), (-0.21443303, 0.9767379, -0.001244475), (-0.22041638, 0.970778, -0.09490446), (-0.22041638, 0.970778, -0.09490446), (-0.22041638, 0.970778, -0.09490446), (0.070351586, 0.9916271, -0.10828794), (0.070351586, 0.9916271, -0.10828794), (0.070351586, 0.9916271, -0.10828794), (0.08427561, 0.9677664, 0.23733056), (0.08427561, 0.9677664, 0.23733056), (0.08427561, 0.9677664, 0.23733056), (0.091703385, 0.9623198, 0.25599042), (0.09178543, 0.96234, 0.255885), (0.0917904, 0.9623413, 0.25587818), (0.08535864, 0.9544435, 0.28592214), (0.08535864, 0.9544435, 0.28592214), (0.08535864, 0.9544435, 0.28592214), (0.11750549, 0.98354715, 0.1372133), (0.11750549, 0.98354715, 0.1372133), (0.11750549, 0.98354715, 0.1372133), (-0.10687234, 0.9937496, -0.032248303), (-0.10687234, 0.9937496, -0.032248303), (-0.10687234, 0.9937496, -0.032248303), (0.03018266, 0.99943334, 0.014900828), (0.03018266, 0.99943334, 0.014900828), (0.03018266, 0.99943334, 0.014900828), (-0.0007239873, 0.9764241, 0.21585962), (-0.0007239873, 0.9764241, 0.21585962), (-0.0007239873, 0.9764241, 0.21585962), (0.22769108, 0.9718767, 0.06010451), (0.22769108, 0.9718767, 0.06010451), (0.22769108, 0.9718767, 0.06010451), (0.015837241, 0.98410255, 0.17689417), (0.015837241, 0.98410255, 0.17689417), (0.015837241, 0.98410255, 0.17689417), (-0.046550177, 0.9976853, 0.049570024), (-0.046550177, 0.9976853, 0.049570024), (-0.027465582, 0.9956332, 0.089220084), (-0.027454002, 0.9956316, 0.08924226), (-0.027454002, 0.9956316, 0.08924226), (-0.048487414, 0.99749964, 0.051414654), (-0.048484538, 0.9974989, 0.051431052), (-0.048489917, 0.99749976, 0.05140939), (0.15824527, 0.9871071, -0.02404224), (0.15824527, 0.9871071, -0.02404224), (0.15824527, 0.9871071, -0.02404224), (-0.135444, 0.97471875, 0.17770316), (-0.135444, 0.97471875, 0.17770316), (-0.135444, 0.97471875, 0.17770316), (-0.16795349, 0.98552436, 0.023091493), (-0.16795349, 0.98552436, 0.023091493), (-0.16795349, 0.98552436, 0.023091493), (0.08443033, 0.9959657, 0.030394424), (0.08443033, 0.9959657, 0.030394424), (0.08443033, 0.9959657, 0.030394424), (-0.10073204, 0.98240906, 0.15724337), (-0.10073204, 0.98240906, 0.15724337), (-0.10073204, 0.98240906, 0.15724337), (0.24137303, 0.93764925, -0.25010577), (0.24137303, 0.93764925, -0.25010577), (0.24137303, 0.93764925, -0.25010577), (0.14656058, 0.9885767, -0.03515864), (0.14656058, 0.9885767, -0.03515864), (0.14656058, 0.9885767, -0.03515864), (0.15050952, 0.9870984, -0.05462326), (0.15050952, 0.9870984, -0.05462326), (0.15050952, 0.9870984, -0.05462326), (0.029741062, 0.999446, -0.014939098), (0.029741062, 0.999446, -0.014939098), (0.029741062, 0.999446, -0.014939098), (-0.16219331, 0.9861034, 0.035964843), (-0.16219331, 0.9861034, 0.035964843), (-0.16219331, 0.9861034, 0.035964843), (-0.036642294, 0.9666041, 0.25364104), (-0.036642294, 0.9666041, 0.25364104), (-0.036642294, 0.9666041, 0.25364104), (0.0096580405, 0.9942947, 0.10622931), (0.0096580405, 0.9942947, 0.10622931), (0.0096580405, 0.9942947, 0.10622931), (0.052886613, 0.9978946, 0.037541755), (0.052886613, 0.9978946, 0.037541755), (0.052886613, 0.9978946, 0.037541755), (0.030045267, 0.9701431, -0.24066493), (0.030045267, 0.9701431, -0.24066493), (0.030045267, 0.9701431, -0.24066493), (-0.033362094, 0.98912907, -0.14321573), (-0.033362094, 0.98912907, -0.14321573), (-0.033362094, 0.98912907, -0.14321573), (0.03655353, 0.99505264, 0.09238102), (0.03655353, 0.99505264, 0.09238102), (0.03655353, 0.99505264, 0.09238102), (0.113087766, 0.9935582, -0.00729984), (0.113087766, 0.9935582, -0.00729984), (0.113087766, 0.9935582, -0.00729984), (-0.10161481, 0.9931316, -0.058001265), (-0.10161481, 0.9931316, -0.058001265), (-0.10161481, 0.9931316, -0.058001265), (-0.07562713, 0.979552, 0.1864362), (-0.07562713, 0.979552, 0.1864362), (-0.07562713, 0.979552, 0.1864362), (0.08095276, 0.99668247, -0.008405771), (0.08095276, 0.99668247, -0.008405771), (0.08095276, 0.99668247, -0.008405771), (0.05776726, 0.9945368, 0.08694454), (0.05776726, 0.9945368, 0.08694454), (0.05776726, 0.9945368, 0.08694454), (-0.081054516, 0.9958365, 0.04171021), (-0.081054516, 0.9958365, 0.04171021), (-0.081054516, 0.9958365, 0.04171021), (-0.13928178, 0.9856409, 0.09546038), (-0.13928178, 0.9856409, 0.09546038), (-0.13928178, 0.9856409, 0.09546038), (-0.108927034, 0.9796934, -0.16833234), (-0.108927034, 0.9796934, -0.16833234), (-0.108927034, 0.9796934, -0.16833234), (-0.08127252, 0.9815624, -0.17300318), (-0.08064425, 0.98135525, -0.17446603), (-0.075980574, 0.97973895, -0.18530646), (-0.037733592, 0.998953, 0.025867691), (-0.037733592, 0.998953, 0.025867691), (-0.037733592, 0.998953, 0.025867691), (0.07961185, 0.9635859, 0.2552725), (0.07961185, 0.9635859, 0.2552725), (0.07961185, 0.9635859, 0.2552725), (0.15741153, 0.98554385, -0.062649354), (0.15741153, 0.98554385, -0.062649354), (0.15741153, 0.98554385, -0.062649354), (-0.0497563, 0.9935475, -0.10191987), (-0.0497563, 0.9935475, -0.10191987), (-0.0497563, 0.9935475, -0.10191987), (0.0053504375, 0.99865365, 0.05159625), (0.0053504375, 0.99865365, 0.05159625), (0.0053504375, 0.99865365, 0.05159625), (0.12083946, 0.9784653, 0.16734266), (0.12083946, 0.9784653, 0.16734266), (0.12083946, 0.9784653, 0.16734266), (-0.04604319, 0.9989053, -0.008267928), (-0.04604319, 0.9989053, -0.008267928), (-0.04604319, 0.9989053, -0.008267928), (-0.021110862, 0.97405154, 0.2253395), (-0.021110862, 0.97405154, 0.2253395), (-0.021110862, 0.97405154, 0.2253395), (0.09257313, 0.9926866, 0.07748256), (0.09257313, 0.9926866, 0.07748256), (0.09257313, 0.9926866, 0.07748256), (-0.02316691, 0.9958281, 0.08825892), (-0.02316691, 0.9958281, 0.08825892), (-0.02316691, 0.9958281, 0.08825892), (0.08935507, 0.97542727, -0.20138846), (0.08935507, 0.97542727, -0.20138846), (0.08935507, 0.97542727, -0.20138846), (0.08121289, 0.98305595, -0.16433361), (0.08121289, 0.98305595, -0.16433361), (0.08121289, 0.98305595, -0.16433361), (0.0017333429, 0.9914068, 0.13080366), (0.0017333429, 0.9914068, 0.13080366), (0.0017333429, 0.9914068, 0.13080366), (0.1908297, 0.9752422, 0.11174397), (0.1908297, 0.9752422, 0.11174397), (0.1908297, 0.9752422, 0.11174397), (0.14844702, 0.9878549, -0.045893576), (0.14844702, 0.9878549, -0.045893576), (0.14844702, 0.9878549, -0.045893576), (0.1441296, 0.98716843, -0.068740375), (0.1441296, 0.98716843, -0.068740375), (0.1441296, 0.98716843, -0.068740375), (0.04383506, 0.9938617, -0.101573996), (0.04383506, 0.9938617, -0.101573996), (0.04383506, 0.9938617, -0.101573996), (0.053792156, 0.9907602, 0.124501266), (0.053792156, 0.9907602, 0.124501266), (0.053792156, 0.9907602, 0.124501266), (0.0195564, 0.9986951, -0.047177017), (0.0195564, 0.9986951, -0.047177017), (0.0195564, 0.9986951, -0.047177017), (0.03532444, 0.9986975, 0.03681702), (0.03532444, 0.9986975, 0.03681702), (0.03532444, 0.9986975, 0.03681702), (0.11736917, 0.9909189, -0.06560674), (0.11736917, 0.9909189, -0.06560674), (0.11736917, 0.9909189, -0.06560674), (0.12348422, 0.9793728, 0.15993924), (0.12348422, 0.9793728, 0.15993924), (0.12348422, 0.9793728, 0.15993924), (0.23558241, 0.96619606, 0.10471959), (0.23558241, 0.96619606, 0.10471959), (0.23558241, 0.96619606, 0.10471959), (0.0130746905, 0.992424, -0.12216175), (0.0130746905, 0.992424, -0.12216175), (0.0130746905, 0.992424, -0.12216175), (0.14739867, 0.9879409, -0.047397442), (0.14739867, 0.9879409, -0.047397442), (0.14739867, 0.9879409, -0.047397442), (0.1392583, 0.971301, 0.19282494), (0.1392583, 0.971301, 0.19282494), (0.1392583, 0.971301, 0.19282494), (0.0040118266, 0.98519486, -0.17139164), (0.0040118266, 0.98519486, -0.17139164), (0.0040118266, 0.98519486, -0.17139164), (0.03852894, 0.97238964, -0.23016068), (0.03852894, 0.97238964, -0.23016068), (0.03852894, 0.97238964, -0.23016068), (0.002993241, 0.9896081, 0.14376001), (0.002993241, 0.9896081, 0.14376001), (0.002993241, 0.9896081, 0.14376001), (0.068947, 0.9874325, 0.14220876), (0.068947, 0.9874325, 0.14220876), (0.068947, 0.9874325, 0.14220876), (0.15663202, 0.98622733, 0.05312226), (0.15663202, 0.98622733, 0.05312226), (0.15663202, 0.98622733, 0.05312226), (0.12267606, 0.98266244, -0.13901521), (0.12267606, 0.98266244, -0.13901521), (0.12267606, 0.98266244, -0.13901521), (0.05148735, 0.9933314, 0.10315984), (0.05148735, 0.9933314, 0.10315984), (0.05148735, 0.9933314, 0.10315984), (-0.058665026, 0.9928757, -0.10371206), (-0.058665026, 0.9928757, -0.10371206), (-0.058665026, 0.9928757, -0.10371206), (0.06331185, 0.99686325, -0.047489684), (0.06331185, 0.99686325, -0.047489684), (0.06331185, 0.99686325, -0.047489684), (0.041168813, 0.99623114, 0.07634528), (0.041168813, 0.99623114, 0.07634528), (0.041168813, 0.99623114, 0.07634528), (0.051590513, 0.9728747, -0.22550686), (0.051590513, 0.9728747, -0.22550686), (0.051590513, 0.9728747, -0.22550686), (0.06872891, 0.9609536, -0.2680382), (0.06872891, 0.9609536, -0.2680382), (0.06872891, 0.9609536, -0.2680382), (0.07400237, 0.9957852, 0.054180562), (0.07400237, 0.9957852, 0.054180562), (0.07400237, 0.9957852, 0.054180562), (-0.018202882, 0.99133885, 0.13006184), (-0.018202882, 0.99133885, 0.13006184), (-0.018202882, 0.99133885, 0.13006184), (0.13982369, 0.9810852, -0.13386987), (0.13982369, 0.9810852, -0.13386987), (0.13982369, 0.9810852, -0.13386987), (-0.07694328, 0.9874607, 0.13784437), (-0.07694328, 0.9874607, 0.13784437), (-0.07694328, 0.9874607, 0.13784437), (0.06796989, 0.9976694, 0.005977639), (0.06796989, 0.9976694, 0.005977639), (0.06796989, 0.9976694, 0.005977639), (0.20917639, 0.9649684, 0.15837081), (0.20917639, 0.9649684, 0.15837081), (0.20917639, 0.9649684, 0.15837081), (-0.123918146, 0.977121, 0.17285551), (-0.123918146, 0.977121, 0.17285551), (-0.123918146, 0.977121, 0.17285551), (0.12124386, 0.98966265, 0.07660165), (0.12124386, 0.98966265, 0.07660165), (0.12124386, 0.98966265, 0.07660165), (-0.0068460708, 0.9795546, 0.20106205), (-0.0068460708, 0.9795546, 0.20106205), (-0.0068460708, 0.9795546, 0.20106205), (0.08217564, 0.9851184, -0.15096043), (0.08217564, 0.9851184, -0.15096043), (0.08217564, 0.9851184, -0.15096043), (-0.04010219, 0.996354, -0.07530388), (-0.04010219, 0.996354, -0.07530388), (-0.04010219, 0.996354, -0.07530388), (-0.4222296, 0.83053845, 0.36321914), (-0.4222296, 0.83053845, 0.36321914), (-0.4222296, 0.83053845, 0.36321914), (0.10400409, 0.9914858, -0.07835245), (0.10400409, 0.9914858, -0.07835245), (0.10400409, 0.9914858, -0.07835245), (0.1343852, 0.9865943, 0.09258626), (0.1343852, 0.9865943, 0.09258626), (0.1343852, 0.9865943, 0.09258626), (-0.03478271, 0.99931836, -0.012368558), (-0.03478271, 0.99931836, -0.012368558), (-0.03478271, 0.99931836, -0.012368558), (-0.03589437, 0.98228306, 0.18393342), (-0.03589437, 0.98228306, 0.18393342), (-0.03589437, 0.98228306, 0.18393342), (-0.06258054, 0.9956455, -0.06909195), (-0.06258054, 0.9956455, -0.06909195), (-0.06258054, 0.9956455, -0.06909195), (-0.030186042, 0.99894077, -0.034731213), (-0.030186042, 0.99894077, -0.034731213), (-0.030186042, 0.99894077, -0.034731213), (0.046644233, 0.9987435, -0.01832397), (0.046644233, 0.9987435, -0.01832397), (0.046644233, 0.9987435, -0.01832397), (0.146473, 0.98901284, 0.01998524), (0.146473, 0.98901284, 0.01998524), (0.146473, 0.98901284, 0.01998524), (0.008462669, 0.99991393, 0.01002578), (0.008462669, 0.99991393, 0.01002578), (0.008462669, 0.99991393, 0.01002578), (-0.028485699, 0.9983582, -0.049692206), (-0.028485699, 0.9983582, -0.049692206), (-0.028485699, 0.9983582, -0.049692206), (0.052578013, 0.98847455, 0.14196335), (0.052578013, 0.98847455, 0.14196335), (0.052578013, 0.98847455, 0.14196335), (0.08842714, 0.99421835, -0.060913187), (0.08842714, 0.99421835, -0.060913187), (0.08842714, 0.99421835, -0.060913187), (-0.18779501, 0.9767568, 0.10334092), (-0.18779501, 0.9767568, 0.10334092), (-0.18779501, 0.9767568, 0.10334092), (0.109738626, 0.98278517, 0.14862917), (0.109738626, 0.98278517, 0.14862917), (0.109738626, 0.98278517, 0.14862917), (0.12811439, 0.97911066, -0.15788935), (0.12811439, 0.97911066, -0.15788935), (0.12811439, 0.97911066, -0.15788935), (-0.018999178, 0.98497885, -0.17162655), (-0.018999178, 0.98497885, -0.17162655), (-0.018999178, 0.98497885, -0.17162655), (0.18804161, 0.9742983, 0.124028735), (0.18804161, 0.9742983, 0.124028735), (0.18804161, 0.9742983, 0.124028735), (0.1514053, 0.97478527, 0.16392092), (0.1514053, 0.97478527, 0.16392092), (0.1514053, 0.97478527, 0.16392092), (-0.03236281, 0.9973794, 0.06470719), (-0.03236281, 0.9973794, 0.06470719), (-0.03236281, 0.9973794, 0.06470719), (-0.1732702, 0.98274547, -0.06472073), (-0.1732702, 0.98274547, -0.06472073), (-0.1732702, 0.98274547, -0.06472073), (-0.22347012, 0.96851313, 0.10974232), (-0.22347012, 0.96851313, 0.10974232), (-0.22347012, 0.96851313, 0.10974232), (-0.03298706, 0.9932029, -0.11162296), (-0.03298706, 0.9932029, -0.11162296), (-0.03298706, 0.9932029, -0.11162296), (0.11565061, 0.991795, 0.05447614), (0.11565061, 0.991795, 0.05447614), (0.11565061, 0.991795, 0.05447614), (0.2080347, 0.97806245, -0.010744038), (0.2080347, 0.97806245, -0.010744038), (0.2080347, 0.97806245, -0.010744038), (-0.115205266, 0.9864759, -0.116589874), (-0.115205266, 0.9864759, -0.116589874), (-0.115205266, 0.9864759, -0.116589874), (-0.11698616, 0.9775733, 0.17511347), (-0.11698616, 0.9775733, 0.17511347), (-0.11698616, 0.9775733, 0.17511347), (-0.013029304, 0.99955505, -0.026829263), (-0.013029304, 0.99955505, -0.026829263), (-0.013029304, 0.99955505, -0.026829263), (0.03338531, 0.99491405, -0.09503346), (0.03338531, 0.99491405, -0.09503346), (0.03338531, 0.99491405, -0.09503346), (0.0038403985, 0.99996877, -0.006916314), (0.0038403985, 0.99996877, -0.006916314), (0.0038403985, 0.99996877, -0.006916314), (-0.011190479, 0.99986506, 0.012024238), (-0.011190479, 0.99986506, 0.012024238), (-0.011190479, 0.99986506, 0.012024238), (0.08253075, 0.9963313, 0.022644108), (0.08253075, 0.9963313, 0.022644108), (0.08253075, 0.9963313, 0.022644108), (0.1285315, 0.9818065, -0.13977008), (0.1285315, 0.9818065, -0.13977008), (0.1285315, 0.9818065, -0.13977008), (0.060442332, 0.99679273, -0.052448187), (0.060442332, 0.99679273, -0.052448187), (0.060442332, 0.99679273, -0.052448187), (0.18358181, 0.97560436, -0.12039101), (0.18358181, 0.97560436, -0.12039101), (0.18358181, 0.97560436, -0.12039101), (-0.0017260537, 0.9972187, -0.07451132), (-0.0017260537, 0.9972187, -0.07451132), (-0.0017260537, 0.9972187, -0.07451132), (0.008996561, 0.99263847, -0.12078065), (0.00899543, 0.99264014, -0.12076688), (0.008995785, 0.99264, -0.120768026), (0.02331384, 0.98868716, 0.14816971), (0.02331384, 0.98868716, 0.14816971), (0.02331384, 0.98868716, 0.14816971), (0.11782749, 0.9921428, 0.04206564), (0.11782749, 0.9921428, 0.04206564), (0.11782749, 0.9921428, 0.04206564), (0.016938398, 0.9962714, 0.08459515), (0.016938398, 0.9962714, 0.08459515), (0.016938398, 0.9962714, 0.08459515), (0.09621893, 0.9815087, 0.16547705), (0.09621893, 0.9815087, 0.16547705), (0.09621893, 0.9815087, 0.16547705), (-0.036567736, 0.9954033, -0.08851627), (-0.036567736, 0.9954033, -0.08851627), (-0.036567736, 0.9954033, -0.08851627), (-0.23632044, 0.9709508, 0.03751163), (-0.23632044, 0.9709508, 0.03751163), (-0.23632044, 0.9709508, 0.03751163), (0.13800804, 0.9903454, 0.013031822), (0.13800804, 0.9903454, 0.013031822), (0.13800804, 0.9903454, 0.013031822), (0.13918449, 0.9901624, 0.0143641345), (0.13918449, 0.9901624, 0.0143641345), (0.13918449, 0.9901624, 0.0143641345), (-0.0106564835, 0.9863821, 0.16412412), (-0.0106564835, 0.9863821, 0.16412412), (-0.0106564835, 0.9863821, 0.16412412), (-0.007505214, 0.9992913, -0.03688654), (-0.007505214, 0.9992913, -0.03688654), (-0.007505214, 0.9992913, -0.03688654), (0.11829904, 0.9924682, 0.0318167), (0.11829904, 0.9924682, 0.0318167), (0.11829904, 0.9924682, 0.0318167), (0.17746101, 0.9770955, 0.11743979), (0.17746101, 0.9770955, 0.11743979), (0.17746101, 0.9770955, 0.11743979), (0.2036512, 0.9787537, 0.023822399), (0.2036512, 0.9787537, 0.023822399), (0.2036512, 0.9787537, 0.023822399), (0.10843214, 0.9932152, 0.04202536), (0.10843214, 0.9932152, 0.04202536), (0.10843214, 0.9932152, 0.04202536), (-0.20781282, 0.9768763, -0.05026488), (-0.20781282, 0.9768763, -0.05026488), (-0.20781282, 0.9768763, -0.05026488), (0.046848886, 0.9935453, 0.10331055), (0.046848886, 0.9935453, 0.10331055), (0.046848886, 0.9935453, 0.10331055), (0.12759145, 0.9911362, 0.037005033), (0.12759145, 0.9911362, 0.037005033), (0.12759145, 0.9911362, 0.037005033), (0.010918131, 0.9999294, -0.0046782373), (0.010918131, 0.9999294, -0.0046782373), (0.010918131, 0.9999294, -0.0046782373), (0.16396275, 0.9821401, -0.09228794), (0.16396275, 0.9821401, -0.09228794), (0.16396275, 0.9821401, -0.09228794), (0.09923765, 0.99412125, -0.04329796), (0.09923765, 0.99412125, -0.04329796), (0.09923765, 0.99412125, -0.04329796), (-0.118689544, 0.97663695, -0.17914557), (-0.118689544, 0.97663695, -0.17914557), (-0.118689544, 0.97663695, -0.17914557), (-0.17651044, 0.98423773, 0.010966887), (-0.17651044, 0.98423773, 0.010966887), (-0.17651044, 0.98423773, 0.010966887), (0.10377691, 0.99422, 0.027512545), (0.10377691, 0.99422, 0.027512545), (0.10377691, 0.99422, 0.027512545), (0.09759319, 0.9928913, 0.06813546), (0.09759319, 0.9928913, 0.06813546), (0.17859979, 0.9832124, -0.037355952), (0.17859979, 0.9832124, -0.037355952), (0.17859979, 0.9832124, -0.037355952), (-0.0021134985, 0.9978114, -0.06609197), (-0.0021134985, 0.9978114, -0.06609197), (-0.0021134985, 0.9978114, -0.06609197), (0.064778924, 0.99768233, -0.020824665), (0.064778924, 0.99768233, -0.020824665), (0.064778924, 0.99768233, -0.020824665), (0.081435226, 0.98063445, 0.1781134), (0.081435226, 0.98063445, 0.1781134), (0.081435226, 0.98063445, 0.1781134), (-0.15616503, 0.96812224, 0.19583626), (-0.15616503, 0.96812224, 0.19583626), (-0.15616503, 0.96812224, 0.19583626), (-0.15271026, 0.9485737, 0.27728617), (-0.15271026, 0.9485737, 0.27728617), (-0.15271026, 0.9485737, 0.27728617), (-0.03625479, 0.9826166, -0.18207169), (-0.03625479, 0.9826166, -0.18207169), (-0.03625479, 0.9826166, -0.18207169), (-0.08426582, 0.9957768, 0.03643733), (-0.08426582, 0.9957768, 0.03643733), (-0.08426582, 0.9957768, 0.03643733), (-0.032750078, 0.988896, -0.14495562), (-0.032750078, 0.988896, -0.14495562), (-0.032750078, 0.988896, -0.14495562), (0.019093351, 0.9972277, 0.07191893), (0.019093351, 0.9972277, 0.07191893), (0.019093351, 0.9972277, 0.07191893), (-0.1757553, 0.98351234, -0.042586572), (-0.1757553, 0.98351234, -0.042586572), (-0.1757553, 0.98351234, -0.042586572), (-0.0041463412, 0.9956038, 0.09357345), (-0.0041463412, 0.9956038, 0.09357345), (-0.0041463412, 0.9956038, 0.09357345), (0.14899258, 0.9855672, -0.08036495), (0.14899258, 0.9855672, -0.08036495), (0.14899258, 0.9855672, -0.08036495), (0.15734811, 0.9863956, 0.047593832), (0.15734811, 0.9863956, 0.047593832), (0.15734811, 0.9863956, 0.047593832), (-0.07808691, 0.9925607, -0.093410894), (-0.07808691, 0.9925607, -0.093410894), (-0.07808691, 0.9925607, -0.093410894), (0.1697488, 0.98441917, 0.045872033), (0.1697488, 0.98441917, 0.045872033), (0.1697488, 0.98441917, 0.045872033), (0.2011246, 0.9785726, -0.04409826), (0.2011246, 0.9785726, -0.04409826), (0.2011246, 0.9785726, -0.04409826), (-0.027139269, 0.99628085, 0.08177982), (-0.027139269, 0.99628085, 0.08177982), (-0.027139269, 0.99628085, 0.08177982), (0.01487847, 0.9998677, -0.00658404), (0.01487847, 0.9998677, -0.00658404), (0.01487847, 0.9998677, -0.00658404), (-0.017951023, 0.9998093, 0.007692589), (-0.017951023, 0.9998093, 0.007692589), (-0.017951023, 0.9998093, 0.007692589), (-0.0014195401, 0.9747038, -0.2234961), (-0.0014195401, 0.9747038, -0.2234961), (-0.0014195401, 0.9747038, -0.2234961), (-0.11028146, 0.9906212, -0.080670156), (-0.11028146, 0.9906212, -0.080670156), (-0.11028146, 0.9906212, -0.080670156), (-0.0003355132, 0.99878925, 0.049194228), (-0.0003355132, 0.99878925, 0.049194228), (-0.0003355132, 0.99878925, 0.049194228), (0.18945135, 0.9700548, 0.1519933), (0.18945135, 0.9700548, 0.1519933), (0.18945135, 0.9700548, 0.1519933), (-0.011458085, 0.9999114, 0.0067824894), (-0.011458085, 0.9999114, 0.0067824894), (-0.011458085, 0.9999114, 0.0067824894), (0.09818229, 0.99152136, 0.085121684), (0.09818229, 0.99152136, 0.085121684), (0.09818229, 0.99152136, 0.085121684), (-0.09463554, 0.99551165, -0.0008767556), (-0.09463554, 0.99551165, -0.0008767556), (-0.09463554, 0.99551165, -0.0008767556), (-0.095314525, 0.9916214, -0.087191075), (-0.095314525, 0.9916214, -0.087191075), (-0.095314525, 0.9916214, -0.087191075), (-0.019376934, 0.9945998, -0.10195957), (-0.019376934, 0.9945998, -0.10195957), (-0.019376934, 0.9945998, -0.10195957), (0.00056194846, 0.9957343, 0.092264965), (0.00056194846, 0.9957343, 0.092264965), (0.00056194846, 0.9957343, 0.092264965), (0.21013802, 0.9771642, -0.03149926), (0.21013802, 0.9771642, -0.03149926), (0.21013802, 0.9771642, -0.03149926), (0.050291613, 0.9725002, 0.22740723), (0.050291613, 0.9725002, 0.22740723), (0.050291613, 0.9725002, 0.22740723), (-0.12147027, 0.99250025, -0.013721035), (-0.12147027, 0.99250025, -0.013721035), (-0.12147027, 0.99250025, -0.013721035), (0.062344022, 0.990871, -0.11953241), (0.062344022, 0.990871, -0.11953241), (0.062344022, 0.990871, -0.11953241), (-0.11362653, 0.9921812, -0.05162786), (-0.11362653, 0.9921812, -0.05162786), (-0.11362653, 0.9921812, -0.05162786), (-0.06819544, 0.9884488, 0.13534535), (-0.06819544, 0.9884488, 0.13534535), (-0.06819544, 0.9884488, 0.13534535), (-0.038580522, 0.9992473, -0.0040612887), (-0.038580522, 0.9992473, -0.0040612887), (-0.038580522, 0.9992473, -0.0040612887), (-0.05229564, 0.9983694, -0.022883663), (-0.052297954, 0.9983695, -0.02287641), (-0.046588503, 0.99803454, -0.04191115), (-0.064527296, 0.9976935, 0.021065954), (-0.06452367, 0.9976937, 0.021069024), (-0.06456383, 0.99769187, 0.021035923), (0.0504116, 0.99852955, -0.019937778), (0.0504116, 0.99852955, -0.019937778), (0.0504116, 0.99852955, -0.019937778), (0.002803947, 0.9998932, -0.014345133), (0.002803947, 0.9998932, -0.014345133), (0.002803947, 0.9998932, -0.014345133), (0.015100182, 0.9980934, -0.059845485), (0.015100182, 0.9980934, -0.059845485), (0.015100182, 0.9980934, -0.059845485), (-0.0747102, 0.9965797, 0.035315014), (-0.0747102, 0.9965797, 0.035315014), (-0.0747102, 0.9965797, 0.035315014), (-0.0836339, 0.97209543, 0.21917066), (-0.0836339, 0.97209543, 0.21917066), (-0.0836339, 0.97209543, 0.21917066), (0.01498104, 0.9960939, 0.08701936), (0.01498104, 0.9960939, 0.08701936), (0.01498104, 0.9960939, 0.08701936), (-0.057765473, 0.99529725, -0.07775899), (-0.057765473, 0.99529725, -0.07775899), (-0.057765473, 0.99529725, -0.07775899), (-0.06432253, 0.99620926, -0.058564436), (-0.06432253, 0.99620926, -0.058564436), (-0.06432253, 0.99620926, -0.058564436), (-0.07182125, 0.9706542, 0.229504), (-0.07182125, 0.9706542, 0.229504), (-0.07182125, 0.9706542, 0.229504), (-0.073282905, 0.99597317, -0.05164436), (-0.073282905, 0.99597317, -0.05164436), (-0.073282905, 0.99597317, -0.05164436), (0.09892728, 0.9918249, 0.08060202), (0.09892728, 0.9918249, 0.08060202), (0.09892728, 0.9918249, 0.08060202), (-0.026283396, 0.9669799, 0.2534935), (-0.026283396, 0.9669799, 0.2534935), (-0.026283396, 0.9669799, 0.2534935), (0.057806026, 0.99524397, 0.07840795), (0.057806026, 0.99524397, 0.07840795), (0.057806026, 0.99524397, 0.07840795), (-0.11122602, 0.99117017, 0.0721838), (-0.11122602, 0.99117017, 0.0721838), (-0.11122602, 0.99117017, 0.0721838), (0.05976922, 0.97878563, 0.19597507), (0.05976922, 0.97878563, 0.19597507), (0.05976922, 0.97878563, 0.19597507), (0.042016268, 0.95995134, -0.2769982), (0.042016268, 0.95995134, -0.2769982), (0.042016268, 0.95995134, -0.2769982), (-0.04031266, 0.99918276, -0.0029606041), (-0.04031266, 0.99918276, -0.0029606041), (-0.04031266, 0.99918276, -0.0029606041), (0.047077555, 0.99410385, 0.09767925), (0.047077555, 0.99410385, 0.09767925), (0.047077555, 0.99410385, 0.09767925), (0.093610875, 0.9905742, 0.099999264), (0.093610875, 0.9905742, 0.099999264), (0.11043511, 0.9754043, 0.19076279), (0.11043511, 0.9754043, 0.19076279), (0.11043511, 0.9754043, 0.19076279), (0.100217536, 0.9817779, -0.16145732), (0.100217536, 0.9817779, -0.16145732), (0.100217536, 0.9817779, -0.16145732), (0.025929749, 0.99714667, -0.07089491), (0.025929749, 0.99714667, -0.07089491), (0.025929749, 0.99714667, -0.07089491), (0.100831285, 0.988272, 0.11468023), (0.100831285, 0.988272, 0.11468023), (0.100831285, 0.988272, 0.11468023), (0.06325406, 0.99301803, 0.09956937), (0.06325406, 0.99301803, 0.09956937), (0.14261459, 0.9719705, -0.18690757), (0.14261459, 0.9719705, -0.18690757), (0.14261459, 0.9719705, -0.18690757), (0.14968224, 0.9621818, -0.22759943), (0.14968224, 0.9621818, -0.22759943), (0.14968224, 0.9621818, -0.22759943), (0.17033699, 0.9802377, -0.10059443), (0.17033699, 0.9802377, -0.10059443), (0.17033699, 0.9802377, -0.10059443), (0.00053855195, 0.9918853, -0.12713473), (0.00053855195, 0.9918853, -0.12713473), (0.00053855195, 0.9918853, -0.12713473), (0.015495605, 0.9998047, 0.012268768), (0.034088682, 0.9983998, 0.04511898), (0.034088682, 0.9983998, 0.04511898), (0.022826234, 0.99963486, 0.014463506), (0.015619467, 0.99980575, 0.01202402), (0.02367828, 0.9995963, 0.015701044), (0.023695145, 0.9995964, 0.015674435), (0.033376217, 0.9994425, 0.00084965164), (-0.017432008, 0.9998098, 0.0087548345), (-0.017432008, 0.9998098, 0.0087548345), (-0.017432008, 0.9998098, 0.0087548345), (-0.044851877, 0.9897509, 0.13557829), (-0.044851877, 0.9897509, 0.13557829), (-0.044851877, 0.9897509, 0.13557829), (-0.02374029, 0.99678147, 0.07657066), (-0.02374029, 0.99678147, 0.07657066), (-0.02374029, 0.99678147, 0.07657066), (-0.020427208, 0.99929106, -0.031625334), (-0.020427208, 0.99929106, -0.031625334), (-0.020427208, 0.99929106, -0.031625334), (0.07183566, 0.99739265, -0.006891811), (0.07183566, 0.99739265, -0.006891811), (0.07183566, 0.99739265, -0.006891811), (0.0064078444, 0.99843925, -0.05547947), (0.0064078444, 0.99843925, -0.05547947), (0.0064078444, 0.99843925, -0.05547947), (0.13684434, 0.9905866, -0.0034625093), (0.13684434, 0.9905866, -0.0034625093), (0.13684434, 0.9905866, -0.0034625093), (0.19346346, 0.9698324, 0.14831373), (0.19346346, 0.9698324, 0.14831373), (0.19346346, 0.9698324, 0.14831373), (0.29003793, 0.95634073, 0.035920333), (0.29003793, 0.95634073, 0.035920333), (0.29003793, 0.95634073, 0.035920333), (0.19970596, 0.9670734, -0.15775523), (0.19970596, 0.9670734, -0.15775523), (0.19970596, 0.9670734, -0.15775523), (-0.0067423144, 0.9931305, 0.11681769), (-0.0067423144, 0.9931305, 0.11681769), (-0.0067423144, 0.9931305, 0.11681769), (0.0016384022, 0.9996853, -0.025034124), (0.0016384022, 0.9996853, -0.025034124), (0.0016384022, 0.9996853, -0.025034124), (0.16038053, 0.98497945, -0.063980326), (0.16038053, 0.98497945, -0.063980326), (0.16038053, 0.98497945, -0.063980326), (0.0744447, 0.9924194, 0.097783975), (0.0744447, 0.9924194, 0.097783975), (0.0744447, 0.9924194, 0.097783975), (0.10665552, 0.9941803, -0.015173943), (0.10665552, 0.9941803, -0.015173943), (0.10665552, 0.9941803, -0.015173943), (0.105714, 0.9813417, 0.16060232), (0.105714, 0.9813417, 0.16060232), (0.105714, 0.9813417, 0.16060232), (0.078456, 0.99401903, 0.07596602), (0.078456, 0.99401903, 0.07596602), (0.078456, 0.99401903, 0.07596602), (0.13040975, 0.9913316, 0.015967257), (0.13040975, 0.9913316, 0.015967257), (0.13040975, 0.9913316, 0.015967257), (0.083886266, 0.99644655, 0.0075802444), (0.083886266, 0.99644655, 0.0075802444), (0.083886266, 0.99644655, 0.0075802444), (0.37916675, 0.92311186, -0.06400961), (0.37916675, 0.92311186, -0.06400961), (0.37916675, 0.92311186, -0.06400961), (0.07632079, 0.9970745, 0.004188996), (0.07632079, 0.9970745, 0.004188996), (0.07632079, 0.9970745, 0.004188996), (0.05935654, 0.998231, -0.0034214107), (0.05935654, 0.998231, -0.0034214107), (0.2419447, 0.97028995, 0.00014641209), (0.2419447, 0.97028995, 0.00014641209), (0.2419447, 0.97028995, 0.00014641209), (-0.16702512, 0.9859524, -0.0007249571), (-0.16702512, 0.9859524, -0.0007249571), (-0.16702512, 0.9859524, -0.0007249571), (-0.11634038, 0.9932011, 0.004086267), (-0.11634038, 0.9932011, 0.004086267), (-0.11634038, 0.9932011, 0.004086267), (-0.1760548, 0.9842802, -0.014035555), (-0.1760548, 0.9842802, -0.014035555), (-0.1760548, 0.9842802, -0.014035555), (-0.18712945, 0.98196214, 0.027070878), (-0.18712945, 0.98196214, 0.027070878), (-0.18712945, 0.98196214, 0.027070878), (-0.13601469, 0.99064684, -0.010901448), (-0.13601469, 0.99064684, -0.010901448), (-0.13601469, 0.99064684, -0.010901448), (-0.11155054, 0.99367416, -0.012969041), (-0.11155054, 0.99367416, -0.012969041), (-0.11155054, 0.99367416, -0.012969041), (-0.10696575, 0.9936429, 0.035099898), (-0.10696575, 0.9936429, 0.035099898), (-0.10696575, 0.9936429, 0.035099898), (-0.08278893, 0.9953969, -0.048279174), (-0.08278893, 0.9953969, -0.048279174), (-0.08278893, 0.9953969, -0.048279174), (-0.13323727, 0.98994046, -0.047598775), (-0.10476443, 0.9943393, -0.017712906), (-0.13323727, 0.98994046, -0.047598775), (-0.096438736, 0.99529785, -0.009050316), (-0.1041286, 0.99440175, -0.017954795), (-0.10529716, 0.9942894, -0.017349787), (-0.09794653, 0.994335, -0.041283056), (0.040767416, 0.9963182, -0.075419225), (0.040767416, 0.9963182, -0.075419225), (0.040767416, 0.9963182, -0.075419225), (-0.12837188, 0.99164176, -0.012929003), (-0.12837188, 0.99164176, -0.012929003), (-0.12837188, 0.99164176, -0.012929003), (-0.104873985, 0.99372584, -0.038864702), (-0.104873985, 0.99372584, -0.038864702), (-0.104873985, 0.99372584, -0.038864702), (-0.07168504, 0.9949508, -0.07024464), (-0.07168504, 0.9949508, -0.07024464), (-0.07168504, 0.9949508, -0.07024464), (-0.056032915, 0.99564373, -0.07452424), (-0.056032915, 0.99564373, -0.07452424), (-0.10173771, 0.99298894, 0.060186166), (-0.10173771, 0.99298894, 0.060186166), (-0.10173771, 0.99298894, 0.060186166), (-0.09712826, 0.9952614, -0.0045877853), (-0.09712826, 0.9952614, -0.0045877853), (-0.09712826, 0.9952614, -0.0045877853), (-0.108102046, 0.9936603, 0.030875193), (-0.108102046, 0.9936603, 0.030875193), (-0.108102046, 0.9936603, 0.030875193), (0.04381472, 0.997718, 0.05137183), (0.04381472, 0.997718, 0.05137183), (0.04381472, 0.997718, 0.05137183), (-0.19602492, 0.9782299, 0.068120465), (-0.19602492, 0.9782299, 0.068120465), (-0.19602492, 0.9782299, 0.068120465), (-0.010281302, 0.9998097, 0.016582347), (-0.010281302, 0.9998097, 0.016582347), (-0.010281302, 0.9998097, 0.016582347), (-0.028266897, 0.99448264, -0.101021424), (-0.028266897, 0.99448264, -0.101021424), (-0.028266897, 0.99448264, -0.101021424), (0.013949055, 0.9962464, 0.08543135), (0.013949055, 0.9962464, 0.08543135), (0.013949055, 0.9962464, 0.08543135), (0.021827558, 0.99792373, 0.06059555), (0.021827558, 0.99792373, 0.06059555), (-0.09725596, 0.99496645, -0.024147399), (-0.09725596, 0.99496645, -0.024147399), (-0.09725596, 0.99496645, -0.024147399), (-0.15165204, 0.987531, 0.04224019), (-0.15165204, 0.987531, 0.04224019), (-0.15165204, 0.987531, 0.04224019), (-0.10353261, 0.98090166, 0.16466007), (-0.10353261, 0.98090166, 0.16466007), (-0.10353261, 0.98090166, 0.16466007), (-0.21764275, 0.9739405, 0.06380913), (-0.21764275, 0.9739405, 0.06380913), (-0.21764275, 0.9739405, 0.06380913), (0.005170272, 0.99730104, -0.07323869), (0.005170272, 0.99730104, -0.07323869), (0.005170272, 0.99730104, -0.07323869), (-0.09699706, 0.99498665, -0.024355901), (-0.09699706, 0.99498665, -0.024355901), (-0.09699706, 0.99498665, -0.024355901), (-0.0021772604, 0.99407107, 0.10871027), (-0.0021772604, 0.99407107, 0.10871027), (-0.0021772604, 0.99407107, 0.10871027), (-0.061157018, 0.98831624, 0.1396093), (-0.061157018, 0.98831624, 0.1396093), (-0.061157018, 0.98831624, 0.1396093), (-0.17733347, 0.973278, 0.14588651), (-0.17733347, 0.973278, 0.14588651), (-0.17733347, 0.973278, 0.14588651), (0.11589946, 0.9930494, 0.020500338), (0.11589946, 0.9930494, 0.020500338), (0.11589946, 0.9930494, 0.020500338), (-0.041061483, 0.99526536, -0.08809468), (-0.041061483, 0.99526536, -0.08809468), (-0.041061483, 0.99526536, -0.08809468), (0.02824753, 0.9953099, 0.0925226), (0.02824753, 0.9953099, 0.0925226), (0.02824753, 0.9953099, 0.0925226), (-0.10393128, 0.9850995, -0.13703018), (-0.14384651, 0.9799136, -0.1381217), (-0.14384651, 0.9799136, -0.1381217), (-0.103905104, 0.9851039, -0.13701858), (-0.10390993, 0.9851011, -0.13703412), (-0.11055097, 0.9800205, -0.16534272), (-0.027588023, 0.9982034, 0.053188294), (-0.027588023, 0.9982034, 0.053188294), (-0.027588023, 0.9982034, 0.053188294), (0.018510478, 0.988219, 0.15192303), (0.018510478, 0.988219, 0.15192303), (0.018510478, 0.988219, 0.15192303), (-0.12854116, 0.98805726, -0.08497086), (-0.12854116, 0.98805726, -0.08497086), (-0.12854116, 0.98805726, -0.08497086), (-0.08099417, 0.99459285, -0.06499891), (-0.08099417, 0.99459285, -0.06499891), (-0.08099417, 0.99459285, -0.06499891), (-0.0034316771, 0.99974173, 0.022466218), (-0.0034316771, 0.99974173, 0.022466218), (-0.0034316771, 0.99974173, 0.022466218), (0.030631708, 0.99528486, 0.09203116), (0.030631708, 0.99528486, 0.09203116), (0.030631708, 0.99528486, 0.09203116), (-0.113361195, 0.99355304, -0.0012590652), (-0.113361195, 0.99355304, -0.0012590652), (-0.113361195, 0.99355304, -0.0012590652), (-0.06339257, 0.9975471, -0.029682845), (-0.06339257, 0.9975471, -0.029682845), (-0.06339257, 0.9975471, -0.029682845), (-0.1020491, 0.99397165, 0.040079094), (-0.1020491, 0.99397165, 0.040079094), (-0.1020491, 0.99397165, 0.040079094), (-0.079473294, 0.99337417, 0.08301678), (-0.079473294, 0.99337417, 0.08301678), (-0.079473294, 0.99337417, 0.08301678), (-0.10179245, 0.9939715, 0.040729612), (-0.10179245, 0.9939715, 0.040729612), (-0.10179245, 0.9939715, 0.040729612), (-0.084320664, 0.9948315, 0.056572333), (-0.084320664, 0.9948315, 0.056572333), (-0.084320664, 0.9948315, 0.056572333), (0.0337007, 0.9994281, 0.002785135), (0.0337007, 0.9994281, 0.002785135), (0.0337007, 0.9994281, 0.002785135), (-0.029674707, 0.9991486, -0.028663661), (-0.029674707, 0.9991486, -0.028663661), (-0.029674707, 0.9991486, -0.028663661), (-0.005459461, 0.99889696, -0.04663717), (-0.0054686754, 0.99889636, -0.046649802), (0.011719927, 0.9997651, -0.018232428), (-0.008867463, 0.9998074, -0.017507825), (-0.008867463, 0.9998074, -0.017507825), (-0.008867463, 0.9998074, -0.017507825), (-0.02356118, 0.99648464, -0.080393985), (-0.02356118, 0.99648464, -0.080393985), (-0.02356118, 0.99648464, -0.080393985), (-0.04513663, 0.99851114, 0.030630957), (-0.04513663, 0.99851114, 0.030630957), (-0.04513663, 0.99851114, 0.030630957), (-0.021320185, 0.97304285, 0.2296372), (-0.021320185, 0.97304285, 0.2296372), (-0.021320185, 0.97304285, 0.2296372), (0.101221114, 0.9922478, 0.07210205), (0.101221114, 0.9922478, 0.07210205), (0.101221114, 0.9922478, 0.07210205), (-0.035491534, 0.9663182, -0.2548912), (-0.035491534, 0.9663182, -0.2548912), (-0.035491534, 0.9663182, -0.2548912), (-0.03468869, 0.99494934, -0.0941938), (-0.03468869, 0.99494934, -0.0941938), (-0.03468869, 0.99494934, -0.0941938), (0.09151049, 0.9915257, 0.09220976), (0.09151049, 0.9915257, 0.09220976), (0.09151049, 0.9915257, 0.09220976), (0.016672565, 0.99848783, 0.052383114), (0.016672565, 0.99848783, 0.052383114), (0.016672565, 0.99848783, 0.052383114), (0.058717877, 0.99330986, 0.0994366), (0.058717877, 0.99330986, 0.0994366), (0.058717877, 0.99330986, 0.0994366), (-0.126753, 0.9897383, 0.06596881), (-0.126753, 0.9897383, 0.06596881), (-0.126753, 0.9897383, 0.06596881), (-0.07339785, 0.9926509, -0.096212395), (-0.07339785, 0.9926509, -0.096212395), (-0.07339785, 0.9926509, -0.096212395), (0.0523734, 0.99783283, 0.039832227), (0.0523734, 0.99783283, 0.039832227), (0.0523734, 0.99783283, 0.039832227), (0.090503186, 0.9561446, -0.27856177), (0.090503186, 0.9561446, -0.27856177), (0.090503186, 0.9561446, -0.27856177), (0.044903, 0.9978308, -0.048138395), (0.044903, 0.9978308, -0.048138395), (0.044903, 0.9978308, -0.048138395), (-0.06966433, 0.98226166, 0.1740943), (-0.06966433, 0.98226166, 0.1740943), (-0.06966433, 0.98226166, 0.1740943), (-0.06490132, 0.9871917, 0.1457414), (-0.06490132, 0.9871917, 0.1457414), (-0.06490132, 0.9871917, 0.1457414), (-0.061732866, 0.99295104, -0.101179205), (-0.061732866, 0.99295104, -0.101179205), (-0.061732866, 0.99295104, -0.101179205), (-0.06509858, 0.9936166, -0.092132516), (-0.06509858, 0.9936166, -0.092132516), (-0.06509858, 0.9936166, -0.092132516), (-0.059844114, 0.9867779, 0.15062578), (-0.059844114, 0.9867779, 0.15062578), (-0.059844114, 0.9867779, 0.15062578), (0.016077416, 0.99892944, -0.04337682), (0.016077416, 0.99892944, -0.04337682), (0.016077416, 0.99892944, -0.04337682), (0.086394615, 0.97585094, -0.20062627), (0.086394615, 0.97585094, -0.20062627), (0.086394615, 0.97585094, -0.20062627), (0.020546395, 0.99631655, -0.0832534), (0.020546395, 0.99631655, -0.0832534), (0.020546395, 0.99631655, -0.0832534), (0.15295005, 0.9855752, 0.07244161), (0.15295005, 0.9855752, 0.07244161), (0.15295005, 0.9855752, 0.07244161), (0.18658713, 0.96626264, -0.17754358), (0.18658713, 0.96626264, -0.17754358), (0.18658713, 0.96626264, -0.17754358), (0.038486194, 0.9958268, -0.08275119), (0.038486194, 0.9958268, -0.08275119), (0.038486194, 0.9958268, -0.08275119), (0.033271078, 0.9974542, -0.063071944), (0.033271078, 0.9974542, -0.063071944), (0.033271078, 0.9974542, -0.063071944), (-0.036116254, 0.98848385, -0.14695317), (-0.036116254, 0.98848385, -0.14695317), (-0.036116254, 0.98848385, -0.14695317), (-0.107882716, 0.9889683, 0.101503946), (-0.107882716, 0.9889683, 0.101503946), (-0.107882716, 0.9889683, 0.101503946), (0.0682457, 0.96980536, -0.23413664), (0.0682457, 0.96980536, -0.23413664), (0.0682457, 0.96980536, -0.23413664), (0.09255209, 0.99365425, 0.06391764), (0.09255209, 0.99365425, 0.06391764), (0.09255209, 0.99365425, 0.06391764), (-0.04316808, 0.9965681, -0.0706303), (-0.04316808, 0.9965681, -0.0706303), (-0.04316808, 0.9965681, -0.0706303), (-0.07932303, 0.98618394, -0.14542736), (-0.07932303, 0.98618394, -0.14542736), (-0.07932303, 0.98618394, -0.14542736), (0.046447385, 0.9977094, -0.049178872), (0.046447385, 0.9977094, -0.049178872), (0.046447385, 0.9977094, -0.049178872), (0.033187374, 0.9994454, 0.002757595), (0.033187374, 0.9994454, 0.002757595), (0.033187374, 0.9994454, 0.002757595), (0.06288944, 0.9972019, -0.040414758), (0.06288944, 0.9972019, -0.040414758), (0.06288944, 0.9972019, -0.040414758), (0.07160311, 0.9951781, -0.067034334), (0.07160311, 0.9951781, -0.067034334), (0.07160311, 0.9951781, -0.067034334), (-0.17551151, 0.980338, -0.09018388), (-0.17551151, 0.980338, -0.09018388), (-0.17551151, 0.980338, -0.09018388), (0.11658796, 0.9877652, 0.10357145), (0.11658796, 0.9877652, 0.10357145), (0.11658796, 0.9877652, 0.10357145), (0.0967182, 0.9952932, 0.0060901367), (0.0967182, 0.9952932, 0.0060901367), (0.0967182, 0.9952932, 0.0060901367), (-0.06783483, 0.97909194, -0.19177473), (-0.06783483, 0.97909194, -0.19177473), (-0.06783483, 0.97909194, -0.19177473), (-0.1969439, 0.9610265, 0.19401334), (-0.1969439, 0.9610265, 0.19401334), (-0.1969439, 0.9610265, 0.19401334), (0.058616083, 0.99613476, -0.065419346), (0.058616083, 0.99613476, -0.065419346), (0.058616083, 0.99613476, -0.065419346), (0.09876199, 0.9929662, -0.06530061), (0.09876199, 0.9929662, -0.06530061), (0.09876199, 0.9929662, -0.06530061), (0.16054504, 0.9799314, -0.11815112), (0.16054504, 0.9799314, -0.11815112), (0.16054504, 0.9799314, -0.11815112), (-0.1526847, 0.9760995, -0.15465166), (-0.1526847, 0.9760995, -0.15465166), (-0.1526847, 0.9760995, -0.15465166), (-0.1261902, 0.9731094, -0.19270204), (-0.1261902, 0.9731094, -0.19270204), (-0.1261902, 0.9731094, -0.19270204), (-0.0037412758, 0.9948827, -0.10096757), (-0.0037412758, 0.9948827, -0.10096757), (-0.0037412758, 0.9948827, -0.10096757), (-0.012854604, 0.9832602, -0.18175301), (-0.012854604, 0.9832602, -0.18175301), (-0.012854604, 0.9832602, -0.18175301), (-0.034708664, 0.99763525, -0.05932245), (-0.034708664, 0.99763525, -0.05932245), (-0.034708664, 0.99763525, -0.05932245), (-0.2073893, 0.97420144, 0.08900116), (-0.2073893, 0.97420144, 0.08900116), (-0.2073893, 0.97420144, 0.08900116), (-0.096717544, 0.9732476, -0.2084101), (-0.096717544, 0.9732476, -0.2084101), (-0.096717544, 0.9732476, -0.2084101), (-0.10380508, 0.9890064, 0.10531345), (-0.10380508, 0.9890064, 0.10531345), (-0.10380508, 0.9890064, 0.10531345), (-0.09719412, 0.99510103, 0.018089248), (-0.09719412, 0.99510103, 0.018089248), (-0.09719412, 0.99510103, 0.018089248), (0.11719454, 0.9930012, -0.014625938), (0.11719454, 0.9930012, -0.014625938), (0.11719454, 0.9930012, -0.014625938), (0.02915745, 0.99236906, -0.1198064), (0.02915745, 0.99236906, -0.1198064), (0.02915745, 0.99236906, -0.1198064), (-0.08685021, 0.99116874, 0.100206934), (-0.08685021, 0.99116874, 0.100206934), (-0.08685021, 0.99116874, 0.100206934), (-0.10617746, 0.987515, 0.11636354), (-0.106195696, 0.9875141, 0.116354845), (-0.09122068, 0.9881909, 0.123116404), (0.13929276, 0.9841038, -0.11016861), (0.13929276, 0.9841038, -0.11016861), (0.13929276, 0.9841038, -0.11016861), (-0.0017751113, 0.9992735, -0.03807156), (-0.0017751113, 0.9992735, -0.03807156), (-0.0017751113, 0.9992735, -0.03807156), (-0.14936084, 0.9718279, -0.18232307), (-0.14936084, 0.9718279, -0.18232307), (-0.14936084, 0.9718279, -0.18232307), (-0.060008984, 0.9966053, 0.056362823), (-0.060008984, 0.9966053, 0.056362823), (-0.060008984, 0.9966053, 0.056362823), (0.04688132, 0.9693219, -0.24128221), (0.04688132, 0.9693219, -0.24128221), (0.04688132, 0.9693219, -0.24128221), (0.013501076, 0.9996094, -0.024468774), (0.013501076, 0.9996094, -0.024468774), (0.013501076, 0.9996094, -0.024468774), (0.13267952, 0.9911471, 0.00486756), (0.13267952, 0.9911471, 0.00486756), (0.13267952, 0.9911471, 0.00486756), (0.06565806, 0.9941502, -0.085756876), (0.06565806, 0.9941502, -0.085756876), (0.06565806, 0.9941502, -0.085756876), (-0.15352981, 0.9881434, 0.0010778456), (-0.14737412, 0.98901016, 0.011825513), (-0.14737412, 0.98901016, 0.011825513), (-0.15354197, 0.98814166, 0.0010586058), (-0.17010793, 0.9844977, -0.04274742), (-0.1701173, 0.98449564, -0.04275887), (-0.17010553, 0.9844973, -0.042769603), (-0.13568212, 0.98816967, -0.0714923), (0.00066557614, 0.9904146, 0.13812421), (0.00066557614, 0.9904146, 0.13812421), (0.00066557614, 0.9904146, 0.13812421), (0.024995577, 0.9971769, -0.07080624), (0.024995577, 0.9971769, -0.07080624), (0.024995577, 0.9971769, -0.07080624), (-0.027630359, 0.967427, -0.2516376), (-0.027630359, 0.967427, -0.2516376), (-0.027630359, 0.967427, -0.2516376), (0.0011534094, 0.99487716, -0.10108511), (0.0011534094, 0.99487716, -0.10108511), (0.0011534094, 0.99487716, -0.10108511), (-0.090963446, 0.9934673, 0.068908796), (-0.090963446, 0.9934673, 0.068908796), (-0.090963446, 0.9934673, 0.068908796), (-0.021624275, 0.99973494, -0.007903971), (-0.021624275, 0.99973494, -0.007903971), (-0.021624275, 0.99973494, -0.007903971), (-0.06863456, 0.9918726, 0.10713576), (-0.06863456, 0.9918726, 0.10713576), (-0.06863456, 0.9918726, 0.10713576), (0.0021936407, 0.98858064, -0.150677), (0.0021936407, 0.98858064, -0.150677), (0.0021936407, 0.98858064, -0.150677), (-0.0997472, 0.9941707, 0.040927432), (-0.0997472, 0.9941707, 0.040927432), (-0.0997472, 0.9941707, 0.040927432), (0.07428171, 0.99722594, -0.004756927), (0.07428171, 0.99722594, -0.004756927), (0.07428171, 0.99722594, -0.004756927), (-0.14054695, 0.9898392, 0.021560246), (-0.14054695, 0.9898392, 0.021560246), (-0.14054695, 0.9898392, 0.021560246), (-0.0055004847, 0.99985695, -0.015997576), (-0.0055004847, 0.99985695, -0.015997576), (-0.0055004847, 0.99985695, -0.015997576), (0.051648557, 0.9985393, -0.015863344), (0.051648557, 0.9985393, -0.015863344), (0.051648557, 0.9985393, -0.015863344), (0.14056394, 0.9894622, -0.034733474), (0.14056394, 0.9894622, -0.034733474), (0.14056394, 0.9894622, -0.034733474), (0.00794468, 0.99968076, -0.023986274), (0.00794468, 0.99968076, -0.023986274), (0.00794468, 0.99968076, -0.023986274), (-0.08047491, 0.99096864, 0.10726083), (-0.08047491, 0.99096864, 0.10726083), (-0.08047491, 0.99096864, 0.10726083), (-0.09097871, 0.9896644, 0.11084736), (-0.09097871, 0.9896644, 0.11084736), (-0.09396109, 0.97071755, -0.22108564), (-0.09396109, 0.97071755, -0.22108564), (-0.09396109, 0.97071755, -0.22108564), (0.051686656, 0.996705, 0.06251191), (0.051686656, 0.996705, 0.06251191), (0.051686656, 0.996705, 0.06251191), (0.009672337, 0.97259855, 0.2322896), (0.009672337, 0.97259855, 0.2322896), (0.009672337, 0.97259855, 0.2322896), (-0.0697035, 0.99518836, 0.06885956), (-0.0697035, 0.99518836, 0.06885956), (-0.0697035, 0.99518836, 0.06885956), (-0.070394605, 0.96941245, -0.23512575), (-0.070394605, 0.96941245, -0.23512575), (-0.070394605, 0.96941245, -0.23512575), (-0.13871138, 0.98221385, -0.12655045), (-0.13871138, 0.98221385, -0.12655045), (-0.13871138, 0.98221385, -0.12655045), (-0.011941162, 0.9814596, -0.19129652), (-0.011941162, 0.9814596, -0.19129652), (-0.011941162, 0.9814596, -0.19129652), (0.098842114, 0.99240476, -0.07323315), (0.098842114, 0.99240476, -0.07323315), (0.098842114, 0.99240476, -0.07323315), (0.043393027, 0.999046, -0.004890894), (0.043393027, 0.999046, -0.004890894), (0.043393027, 0.999046, -0.004890894), (-0.121014684, 0.98070496, 0.15353622), (-0.121014684, 0.98070496, 0.15353622), (-0.121014684, 0.98070496, 0.15353622), (-0.14770083, 0.98874366, 0.023882166), (-0.14770083, 0.98874366, 0.023882166), (-0.14770083, 0.98874366, 0.023882166), (-0.045042243, 0.9986218, 0.026936457), (-0.045042243, 0.9986218, 0.026936457), (-0.045042243, 0.9986218, 0.026936457), (0.061450403, 0.9979578, 0.017435435), (0.061450403, 0.9979578, 0.017435435), (0.061450403, 0.9979578, 0.017435435), (-0.16101669, 0.95844984, -0.23547326), (-0.16101669, 0.95844984, -0.23547326), (-0.16101669, 0.95844984, -0.23547326), (-0.15914012, 0.94861233, -0.27351266), (-0.15914012, 0.94861233, -0.27351266), (0.050689112, 0.99708205, -0.05707895), (0.050689112, 0.99708205, -0.05707895), (0.050689112, 0.99708205, -0.05707895), (0.067473166, 0.98390144, -0.16548464), (0.067473166, 0.98390144, -0.16548464), (0.067473166, 0.98390144, -0.16548464), (-0.029088, 0.9907851, 0.13228294), (-0.029088, 0.9907851, 0.13228294), (-0.029088, 0.9907851, 0.13228294), (-0.051366426, 0.99856013, 0.015464427), (-0.051366426, 0.99856013, 0.015464427), (-0.051366426, 0.99856013, 0.015464427), (0.07365203, 0.9969048, -0.027497513), (0.07365203, 0.9969048, -0.027497513), (0.07365203, 0.9969048, -0.027497513), (0.08213088, 0.9965629, -0.01081385), (0.078899935, 0.99686337, -0.006196447), (0.0783486, 0.99691135, -0.0054095057), (-0.07505738, 0.9876123, 0.13779818), (-0.07505738, 0.9876123, 0.13779818), (-0.07505738, 0.9876123, 0.13779818), (0.03450023, 0.9902014, -0.13531803), (0.03450023, 0.9902014, -0.13531803), (0.03450023, 0.9902014, -0.13531803), (-0.10016761, 0.9659374, -0.23860303), (-0.10016761, 0.9659374, -0.23860303), (-0.10016761, 0.9659374, -0.23860303), (0.0365109, 0.9773093, -0.20864674), (0.0365109, 0.9773093, -0.20864674), (0.0365109, 0.9773093, -0.20864674), (0.040955663, 0.98432964, 0.1715162), (0.040955663, 0.98432964, 0.1715162), (0.040955663, 0.98432964, 0.1715162), (0.034953736, 0.99715924, -0.06672063), (0.034953736, 0.99715924, -0.06672063), (0.034953736, 0.99715924, -0.06672063), (-0.014092325, 0.999899, -0.0018630835), (-0.014092325, 0.999899, -0.0018630835), (-0.014092325, 0.999899, -0.0018630835), (-0.045782067, 0.9952057, 0.08642643), (-0.045782067, 0.9952057, 0.08642643), (-0.045782067, 0.9952057, 0.08642643), (-0.0679607, 0.9976065, -0.0127535155), (-0.0679607, 0.9976065, -0.0127535155), (-0.0679607, 0.9976065, -0.0127535155), (-0.061603513, 0.9970343, 0.046126835), (-0.061603513, 0.9970343, 0.046126835), (-0.061603513, 0.9970343, 0.046126835), (-0.20153287, 0.97900414, -0.030584449), (-0.20153287, 0.97900414, -0.030584449), (-0.20153287, 0.97900414, -0.030584449), (-0.09968116, 0.9854617, -0.13758188), (-0.09968116, 0.9854617, -0.13758188), (-0.09968116, 0.9854617, -0.13758188), (0.080256276, 0.99435836, -0.06935741), (0.080256276, 0.99435836, -0.06935741), (0.080256276, 0.99435836, -0.06935741), (-0.13719569, 0.9887523, 0.05955018), (-0.13719569, 0.9887523, 0.05955018), (-0.13719569, 0.9887523, 0.05955018), (-0.14458962, 0.94375616, 0.29735184), (-0.14458962, 0.94375616, 0.29735184), (-0.14458962, 0.94375616, 0.29735184), (-0.119106025, 0.98574615, 0.118819736), (-0.119106025, 0.98574615, 0.118819736), (-0.119106025, 0.98574615, 0.118819736), (-0.19867034, 0.9694063, -0.14415787), (-0.19867034, 0.9694063, -0.14415787), (-0.19867034, 0.9694063, -0.14415787), (-0.044433873, 0.9907573, -0.12816322), (-0.044433873, 0.9907573, -0.12816322), (-0.044433873, 0.9907573, -0.12816322), (0.015492027, 0.99859554, -0.050664853), (0.015492027, 0.99859554, -0.050664853), (0.015492027, 0.99859554, -0.050664853), (0.06199799, 0.9967662, 0.05112109), (0.06199799, 0.9967662, 0.05112109), (0.06199799, 0.9967662, 0.05112109), (0.08434323, 0.9964127, -0.0069255494), (0.08434323, 0.9964127, -0.0069255494), (0.08434323, 0.9964127, -0.0069255494), (-0.012032804, 0.99637944, -0.08416231), (-0.012032804, 0.99637944, -0.08416231), (-0.012032804, 0.99637944, -0.08416231), (-0.13782838, 0.9879873, 0.06988952), (-0.13782838, 0.9879873, 0.06988952), (-0.13782838, 0.9879873, 0.06988952), (-0.14618865, 0.9743783, -0.17092645), (-0.14618865, 0.9743783, -0.17092645), (-0.14618865, 0.9743783, -0.17092645), (-0.012015801, 0.99536586, -0.09540677), (-0.012015801, 0.99536586, -0.09540677), (-0.012015801, 0.99536586, -0.09540677), (0.033481948, 0.99453765, -0.098862916), (0.033481948, 0.99453765, -0.098862916), (0.033481948, 0.99453765, -0.098862916), (-0.027680714, 0.97064567, 0.2389158), (-0.027680714, 0.97064567, 0.2389158), (-0.027680714, 0.97064567, 0.2389158), (0.034149885, 0.987437, 0.15427908), (0.034149885, 0.987437, 0.15427908), (0.034149885, 0.987437, 0.15427908), (-0.054728966, 0.9984388, 0.011174394), (-0.054728966, 0.9984388, 0.011174394), (-0.054728966, 0.9984388, 0.011174394), (0.019595943, 0.998968, 0.040973704), (0.019595943, 0.998968, 0.040973704), (0.019595943, 0.998968, 0.040973704), (0.09847245, 0.9836639, -0.15069348), (0.09847245, 0.9836639, -0.15069348), (0.09847245, 0.9836639, -0.15069348), (-0.010300409, 0.9864612, -0.16367054), (-0.010300409, 0.9864612, -0.16367054), (-0.010300409, 0.9864612, -0.16367054), (-0.0053457906, 0.99771607, 0.06733531), (-0.0053457906, 0.99771607, 0.06733531), (-0.0053457906, 0.99771607, 0.06733531), (-0.107093826, 0.9930478, -0.048857983), (-0.107093826, 0.9930478, -0.048857983), (-0.107093826, 0.9930478, -0.048857983), (0.0471418, 0.9988686, -0.006265227), (0.0471418, 0.9988686, -0.006265227), (0.0471418, 0.9988686, -0.006265227), (-0.05875364, 0.9761485, -0.20900287), (-0.05875364, 0.9761485, -0.20900287), (-0.05875364, 0.9761485, -0.20900287), (-0.012310495, 0.99992406, -0.0005816092), (-0.012310495, 0.99992406, -0.0005816092), (-0.012310495, 0.99992406, -0.0005816092), (0.10301966, 0.9946056, -0.012107834), (0.10301966, 0.9946056, -0.012107834), (0.10301966, 0.9946056, -0.012107834), (0.14096875, 0.9885938, -0.053010702), (0.14096875, 0.9885938, -0.053010702), (0.14096875, 0.9885938, -0.053010702), (0.14706099, 0.98098284, 0.12667206), (0.14706099, 0.98098284, 0.12667206), (0.14706099, 0.98098284, 0.12667206), (-0.07407876, 0.98523223, -0.15436889), (-0.07407876, 0.98523223, -0.15436889), (-0.07407876, 0.98523223, -0.15436889), (0.018262222, 0.99838006, -0.053887554), (0.018262222, 0.99838006, -0.053887554), (0.018262222, 0.99838006, -0.053887554), (0.076738246, 0.9395582, -0.3336789), (0.076738246, 0.9395582, -0.3336789), (0.076738246, 0.9395582, -0.3336789), (0.00473656, 0.99188215, -0.12707238), (0.00473656, 0.99188215, -0.12707238), (0.00473656, 0.99188215, -0.12707238), (-0.13857578, 0.98962307, -0.037986733), (-0.13857578, 0.98962307, -0.037986733), (-0.13857578, 0.98962307, -0.037986733), (-0.08924433, 0.97540605, -0.2015406), (-0.08924433, 0.97540605, -0.2015406), (-0.08924433, 0.97540605, -0.2015406), (0.013251414, 0.9623216, 0.27159083), (0.013251414, 0.9623216, 0.27159083), (0.013251414, 0.9623216, 0.27159083), (0.15599674, 0.9841271, 0.08460962), (0.15599674, 0.9841271, 0.08460962), (0.15599674, 0.9841271, 0.08460962), (-0.06677703, 0.9841195, 0.16446772), (-0.06677703, 0.9841195, 0.16446772), (-0.06677703, 0.9841195, 0.16446772), (0.13187185, 0.9675148, -0.21569605), (0.13187185, 0.9675148, -0.21569605), (0.13187185, 0.9675148, -0.21569605), (-0.03302105, 0.9992723, 0.019092964), (-0.03302105, 0.9992723, 0.019092964), (-0.03302105, 0.9992723, 0.019092964), (-0.059403162, 0.9751584, -0.21339498), (-0.059403162, 0.9751584, -0.21339498), (-0.059403162, 0.9751584, -0.21339498), (-0.1191756, 0.98469967, 0.12713705), (-0.1191756, 0.98469967, 0.12713705), (-0.1191756, 0.98469967, 0.12713705), (0.06402305, 0.9703087, -0.23324256), (0.06402305, 0.9703087, -0.23324256), (0.06402305, 0.9703087, -0.23324256), (-0.047535826, 0.996136, 0.07384656), (-0.047535826, 0.996136, 0.07384656), (-0.047535826, 0.996136, 0.07384656), (-0.1439912, 0.9864031, 0.079216704), (-0.1439912, 0.9864031, 0.079216704), (-0.1439912, 0.9864031, 0.079216704), (-0.063573875, 0.996438, -0.05540496), (-0.063573875, 0.996438, -0.05540496), (-0.063573875, 0.996438, -0.05540496), (-0.03519299, 0.99180967, 0.12278058), (-0.03519299, 0.99180967, 0.12278058), (-0.03519299, 0.99180967, 0.12278058), (0.17827187, 0.9722477, 0.15150376), (0.17827187, 0.9722477, 0.15150376), (0.17827187, 0.9722477, 0.15150376), (0.0042670867, 0.97343093, -0.22894123), (0.0042670867, 0.97343093, -0.22894123), (0.0042670867, 0.97343093, -0.22894123), (-0.07102458, 0.9966217, -0.04123745), (-0.07102458, 0.9966217, -0.04123745), (-0.07102458, 0.9966217, -0.04123745), (-0.055354163, 0.9942853, -0.091283515), (-0.055354163, 0.9942853, -0.091283515), (-0.055354163, 0.9942853, -0.091283515), (0.08558627, 0.9611914, 0.26227078), (0.08558627, 0.9611914, 0.26227078), (0.08558627, 0.9611914, 0.26227078), (0.12449022, 0.99132603, 0.04213043), (0.12449022, 0.99132603, 0.04213043), (0.12449022, 0.99132603, 0.04213043), (-0.074487165, 0.9591973, -0.2727494), (-0.074487165, 0.9591973, -0.2727494), (-0.074487165, 0.9591973, -0.2727494), (0.17097801, 0.98418313, -0.046370454), (0.17097801, 0.98418313, -0.046370454), (0.17097801, 0.98418313, -0.046370454), (-0.22159213, 0.9691196, -0.10818641), (-0.22159213, 0.9691196, -0.10818641), (-0.22159213, 0.9691196, -0.10818641), (-0.09628738, 0.99126136, 0.09016343), (-0.09628738, 0.99126136, 0.09016343), (-0.09628738, 0.99126136, 0.09016343), (-0.021869663, 0.9936447, 0.11041744), (-0.021869663, 0.9936447, 0.11041744), (-0.021869663, 0.9936447, 0.11041744), (-0.03774298, 0.995544, 0.08641551), (-0.037640333, 0.9955635, 0.086235695), (-0.035624176, 0.9959372, 0.08270365), (0.00014746086, 0.998198, 0.06000712), (0.00014746086, 0.998198, 0.06000712), (0.00014746086, 0.998198, 0.06000712), (0.024841618, 0.9927505, -0.11759838), (0.024841618, 0.9927505, -0.11759838), (0.024841618, 0.9927505, -0.11759838), (-0.014057384, 0.9858943, 0.16677797), (-0.014057384, 0.9858943, 0.16677797), (-0.014057384, 0.9858943, 0.16677797), (0.03131517, 0.9892866, 0.1425879), (0.03131517, 0.9892866, 0.1425879), (0.03131517, 0.9892866, 0.1425879), (0.17228827, 0.9839027, 0.04745666), (0.17228827, 0.9839027, 0.04745666), (0.17228827, 0.9839027, 0.04745666), (0.10744192, 0.9882912, 0.10833564), (0.10744192, 0.9882912, 0.10833564), (0.10744192, 0.9882912, 0.10833564), (0.13206525, 0.97475195, -0.18004861), (0.13206525, 0.97475195, -0.18004861), (0.13206525, 0.97475195, -0.18004861), (0.08063965, 0.9894118, 0.12067176), (0.08063965, 0.9894118, 0.12067176), (0.08063965, 0.9894118, 0.12067176), (-0.08317657, 0.99316144, 0.081927136), (-0.08317657, 0.99316144, 0.081927136), (-0.08317657, 0.99316144, 0.081927136), (0.21194124, 0.97540617, 0.06053), (0.21194124, 0.97540617, 0.06053), (0.21194124, 0.97540617, 0.06053), (0.05593016, 0.94214916, -0.33049452), (0.05593016, 0.94214916, -0.33049452), (0.05593016, 0.94214916, -0.33049452), (-0.033751287, 0.9845204, -0.17198952), (-0.033751287, 0.9845204, -0.17198952), (-0.033751287, 0.9845204, -0.17198952), (0.07655583, 0.9969241, -0.016773948), (0.07655583, 0.9969241, -0.016773948), (0.07655583, 0.9969241, -0.016773948), (-0.07176995, 0.99617165, -0.049910657), (-0.07176995, 0.99617165, -0.049910657), (-0.07176995, 0.99617165, -0.049910657), (0.1617467, 0.9798305, 0.11734687), (0.1617467, 0.9798305, 0.11734687), (0.1617467, 0.9798305, 0.11734687), (0.19824733, 0.97997046, -0.018864539), (0.19824733, 0.97997046, -0.018864539), (0.19824733, 0.97997046, -0.018864539), (-0.003242077, 0.9984779, 0.055059258), (-0.003242077, 0.9984779, 0.055059258), (-0.003242077, 0.9984779, 0.055059258), (-0.16601095, 0.9826988, -0.08211786), (-0.16601095, 0.9826988, -0.08211786), (-0.16601095, 0.9826988, -0.08211786), (-0.0017991599, 0.99293137, 0.11867606), (-0.0017991599, 0.99293137, 0.11867606), (-0.0017991599, 0.99293137, 0.11867606), (0.21266322, 0.9759058, 0.048808243), (0.21266322, 0.9759058, 0.048808243), (0.21266322, 0.9759058, 0.048808243), (0.17147103, 0.9757288, -0.13620187), (0.17147103, 0.9757288, -0.13620187), (0.17147103, 0.9757288, -0.13620187), (0.026054677, 0.9970944, -0.07158132), (0.026054677, 0.9970944, -0.07158132), (0.026054677, 0.9970944, -0.07158132), (0.06457077, 0.9957761, 0.065271996), (0.06457077, 0.9957761, 0.065271996), (0.06457077, 0.9957761, 0.065271996), (0.15616244, 0.9512591, -0.2659311), (0.15616244, 0.9512591, -0.2659311), (0.15616244, 0.9512591, -0.2659311), (-0.32469273, 0.9429991, 0.07298911), (-0.32469273, 0.9429991, 0.07298911), (-0.32469273, 0.9429991, 0.07298911), (-0.13602558, 0.9889015, 0.059757635), (-0.13602558, 0.9889015, 0.059757635), (-0.13602558, 0.9889015, 0.059757635), (-0.045004163, 0.99188316, -0.11892174), (-0.045004163, 0.99188316, -0.11892174), (-0.045004163, 0.99188316, -0.11892174), (-0.10755787, 0.9887811, -0.103649184), (-0.10755787, 0.9887811, -0.103649184), (-0.10755787, 0.9887811, -0.103649184), (0.027551778, 0.97133315, 0.23612046), (0.027551778, 0.97133315, 0.23612046), (0.027551778, 0.97133315, 0.23612046), (0.25880238, 0.95709133, -0.13037422), (0.25880238, 0.95709133, -0.13037422), (0.25880238, 0.95709133, -0.13037422), (0.20624425, 0.9409639, -0.26842168), (0.20624425, 0.9409639, -0.26842168), (0.20624425, 0.9409639, -0.26842168), (-0.17131858, 0.98409724, 0.0469326), (-0.17131858, 0.98409724, 0.0469326), (-0.17131858, 0.98409724, 0.0469326), (-0.084156044, 0.9956866, -0.039061703), (-0.084156044, 0.9956866, -0.039061703), (-0.084156044, 0.9956866, -0.039061703), (0.022933478, 0.9987717, -0.04392175), (0.022933478, 0.9987717, -0.04392175), (0.022933478, 0.9987717, -0.04392175), (-0.013683816, 0.9796934, 0.20003405), (-0.013683816, 0.9796934, 0.20003405), (-0.013683816, 0.9796934, 0.20003405), (-0.010042231, 0.98374647, 0.17928186), (-0.010042231, 0.98374647, 0.17928186), (0.002516725, 0.98649395, 0.16377868), (0.002546858, 0.9864943, 0.16377573), (0.022468291, 0.98684794, 0.16008219), (0.028225595, 0.98546267, 0.1675312), (0.05151116, 0.988821, 0.13992664), (0.05151116, 0.988821, 0.13992664), (0.05151116, 0.988821, 0.13992664), (-0.03913013, 0.9992341, 0.00025994537), (-0.03913013, 0.9992341, 0.00025994537), (-0.03913013, 0.9992341, 0.00025994537), (-0.08435935, 0.9833872, -0.1607274), (-0.08435935, 0.9833872, -0.1607274), (-0.08435935, 0.9833872, -0.1607274), (0.13849829, 0.98029995, 0.14081988), (0.13849829, 0.98029995, 0.14081988), (0.13849829, 0.98029995, 0.14081988), (0.09737874, 0.98592526, -0.13589999), (0.09737874, 0.98592526, -0.13589999), (0.09737874, 0.98592526, -0.13589999), (-0.08411208, 0.9892547, -0.11958314), (-0.08411208, 0.9892547, -0.11958314), (-0.08411208, 0.9892547, -0.11958314), (-0.28530046, 0.9539986, 0.092143394), (-0.28530046, 0.9539986, 0.092143394), (-0.28530046, 0.9539986, 0.092143394), (-0.20496745, 0.96593314, 0.15799195), (-0.20496745, 0.96593314, 0.15799195), (-0.20496745, 0.96593314, 0.15799195), (-0.24912287, 0.9663046, -0.06475633), (-0.24912287, 0.9663046, -0.06475633), (-0.24912287, 0.9663046, -0.06475633), (-0.04087997, 0.9974164, -0.059070773), (-0.04087997, 0.9974164, -0.059070773), (-0.04087997, 0.9974164, -0.059070773), (0.04154869, 0.99607146, -0.07820122), (0.04154869, 0.99607146, -0.07820122), (0.04154869, 0.99607146, -0.07820122), (0.15340741, 0.9571134, -0.2457644), (0.15340741, 0.9571134, -0.2457644), (0.15340741, 0.9571134, -0.2457644), (0.005095814, 0.9883384, 0.15218827), (0.005095814, 0.9883384, 0.15218827), (0.005095814, 0.9883384, 0.15218827), (0.2795309, 0.9570753, -0.07661202), (0.2795309, 0.9570753, -0.07661202), (0.2795309, 0.9570753, -0.07661202), (0.16566661, 0.9858144, -0.026915707), (0.16566661, 0.9858144, -0.026915707), (0.16566661, 0.9858144, -0.026915707), (-0.032143127, 0.97743523, -0.20877568), (-0.032143127, 0.97743523, -0.20877568), (-0.032143127, 0.97743523, -0.20877568), (-0.11684926, 0.9909898, 0.065462805), (-0.11684926, 0.9909898, 0.065462805), (-0.11684926, 0.9909898, 0.065462805), (-0.2109339, 0.9756865, -0.05952129), (-0.2109339, 0.9756865, -0.05952129), (-0.2109339, 0.9756865, -0.05952129), (0.06614945, 0.99594814, -0.060923398), (0.06614945, 0.99594814, -0.060923398), (0.06614945, 0.99594814, -0.060923398), (0.07123927, 0.9929067, 0.09519122), (0.07123927, 0.9929067, 0.09519122), (0.07123927, 0.9929067, 0.09519122), (0.054211542, 0.9859212, -0.15817882), (0.054211542, 0.9859212, -0.15817882), (0.054211542, 0.9859212, -0.15817882), (0.18357824, 0.98080677, 0.06570383), (0.18357824, 0.98080677, 0.06570383), (0.18357824, 0.98080677, 0.06570383), (0.17324124, 0.9749792, -0.13929455), (0.17324124, 0.9749792, -0.13929455), (0.17324124, 0.9749792, -0.13929455), (0.15850146, 0.98538244, 0.062440973), (0.15850146, 0.98538244, 0.062440973), (0.15850146, 0.98538244, 0.062440973), (0.17291716, 0.98480576, 0.016038211), (0.17291716, 0.98480576, 0.016038211), (0.17291716, 0.98480576, 0.016038211), (0.15205508, 0.98836863, -0.0025935965), (0.15205508, 0.98836863, -0.0025935965), (0.15205508, 0.98836863, -0.0025935965), (0.094616495, 0.9842631, -0.14924394), (0.094616495, 0.9842631, -0.14924394), (0.094616495, 0.9842631, -0.14924394), (0.053730547, 0.99307793, 0.104447216), (0.053730547, 0.99307793, 0.104447216), (0.053730547, 0.99307793, 0.104447216), (-0.12683249, 0.99192095, -0.0025296668), (-0.12683249, 0.99192095, -0.0025296668), (-0.12683249, 0.99192095, -0.0025296668), (0.023193283, 0.9898977, -0.13987355), (0.023193283, 0.9898977, -0.13987355), (0.023193283, 0.9898977, -0.13987355), (-0.19009529, 0.98147476, 0.02389401), (-0.19009529, 0.98147476, 0.02389401), (-0.19009529, 0.98147476, 0.02389401), (0.07471401, 0.99501735, -0.06601752), (0.07471401, 0.99501735, -0.06601752), (0.07471401, 0.99501735, -0.06601752), (0.030481562, 0.9973724, -0.06572079), (0.030481562, 0.9973724, -0.06572079), (0.030481562, 0.9973724, -0.06572079), (0.029965496, 0.99428856, -0.10243121), (0.029965496, 0.99428856, -0.10243121), (0.029965496, 0.99428856, -0.10243121), (0.13901928, 0.9419724, -0.3055515), (0.13901928, 0.9419724, -0.3055515), (0.13901928, 0.9419724, -0.3055515), (0.089594156, 0.9709269, -0.22197723), (0.089594156, 0.9709269, -0.22197723), (0.089594156, 0.9709269, -0.22197723), (-0.015031866, 0.9724098, 0.23279452), (-0.015031866, 0.9724098, 0.23279452), (-0.015031866, 0.9724098, 0.23279452), (-0.062025703, 0.99702674, 0.04572182), (-0.062025703, 0.99702674, 0.04572182), (-0.062025703, 0.99702674, 0.04572182), (-0.3005389, 0.95343447, -0.025281562), (-0.3005389, 0.95343447, -0.025281562), (-0.3005389, 0.95343447, -0.025281562), (-0.14967306, 0.98840475, 0.02557198), (-0.14967306, 0.98840475, 0.02557198), (-0.14967306, 0.98840475, 0.02557198), (0.104379795, 0.99261135, -0.06186785), (0.104379795, 0.99261135, -0.06186785), (0.104379795, 0.99261135, -0.06186785), (0.101355135, 0.9947994, -0.010071613), (0.101355135, 0.9947994, -0.010071613), (0.101355135, 0.9947994, -0.010071613), (0.124745935, 0.9910958, -0.046557806), (0.124745935, 0.9910958, -0.046557806), (0.124745935, 0.9910958, -0.046557806), (-0.09956971, 0.98848313, -0.11396063), (-0.09956971, 0.98848313, -0.11396063), (-0.09956971, 0.98848313, -0.11396063), (-0.0131272925, 0.9999001, -0.0052340333), (-0.0131272925, 0.9999001, -0.0052340333), (-0.0131272925, 0.9999001, -0.0052340333), (-0.1302702, 0.9913601, 0.015326006), (-0.1302702, 0.9913601, 0.015326006), (-0.1302702, 0.9913601, 0.015326006), (-0.19129215, 0.97431856, 0.118788935), (-0.19129215, 0.97431856, 0.118788935), (-0.19129215, 0.97431856, 0.118788935), (0.04024215, 0.9973564, -0.060503736), (0.04024215, 0.9973564, -0.060503736), (0.04024215, 0.9973564, -0.060503736), (0.17654881, 0.9842905, 0.0016085779), (0.17654881, 0.9842905, 0.0016085779), (0.17654881, 0.9842905, 0.0016085779), (0.3654646, 0.9306613, 0.017469296), (0.3654646, 0.9306613, 0.017469296), (0.3654646, 0.9306613, 0.017469296), (-0.09214451, 0.9631363, 0.2527407), (-0.09214451, 0.9631363, 0.2527407), (-0.09214451, 0.9631363, 0.2527407), (-0.21252497, 0.9746168, -0.07039366), (-0.21252497, 0.9746168, -0.07039366), (-0.21252497, 0.9746168, -0.07039366), (-0.26570734, 0.96393704, 0.0150018735), (-0.26570734, 0.96393704, 0.0150018735), (-0.26570734, 0.96393704, 0.0150018735), (0.30842254, 0.9494141, -0.059062317), (0.30842254, 0.9494141, -0.059062317), (0.30842254, 0.9494141, -0.059062317), (0.055982623, 0.97857076, -0.19815435), (0.055982623, 0.97857076, -0.19815435), (0.055982623, 0.97857076, -0.19815435), (-0.17872795, 0.9784176, 0.10370822), (-0.17872795, 0.9784176, 0.10370822), (-0.17872795, 0.9784176, 0.10370822), (-0.109064445, 0.9716011, 0.20999102), (-0.109064445, 0.9716011, 0.20999102), (-0.109064445, 0.9716011, 0.20999102), (-0.057005227, 0.99222964, -0.110592544), (-0.057005227, 0.99222964, -0.110592544), (-0.057005227, 0.99222964, -0.110592544), (-0.13956483, 0.9886634, -0.055374067), (-0.13956483, 0.9886634, -0.055374067), (-0.13956483, 0.9886634, -0.055374067), (-0.058263477, 0.9981186, 0.01909649), (-0.058263477, 0.9981186, 0.01909649), (-0.058263477, 0.9981186, 0.01909649), (0.101234734, 0.9913333, -0.08372512), (0.101234734, 0.9913333, -0.08372512), (0.101234734, 0.9913333, -0.08372512), (0.0816974, 0.98393875, 0.15871395), (0.0816974, 0.98393875, 0.15871395), (0.0816974, 0.98393875, 0.15871395), (-0.13063654, 0.9839849, 0.12127601), (-0.13063654, 0.9839849, 0.12127601), (-0.13063654, 0.9839849, 0.12127601), (0.07765241, 0.98804873, 0.13315307), (0.07765241, 0.98804873, 0.13315307), (0.07765241, 0.98804873, 0.13315307), (0.10676133, 0.9931665, -0.047143206), (0.10676133, 0.9931665, -0.047143206), (0.10676133, 0.9931665, -0.047143206), (0.061898403, 0.99782276, 0.02276809), (0.061898403, 0.99782276, 0.02276809), (0.061898403, 0.99782276, 0.02276809), (0.017198646, 0.99649173, -0.08190427), (0.017198646, 0.99649173, -0.08190427), (0.017198646, 0.99649173, -0.08190427), (-0.047770057, 0.9924408, 0.11304558), (-0.047770057, 0.9924408, 0.11304558), (-0.047770057, 0.9924408, 0.11304558), (0.1998457, 0.9660939, -0.1634755), (0.1998457, 0.9660939, -0.1634755), (0.1998457, 0.9660939, -0.1634755), (0.11672881, 0.9924993, 0.036326937), (0.11672881, 0.9924993, 0.036326937), (0.11672881, 0.9924993, 0.036326937), (-0.08430536, 0.97709, 0.1954166), (-0.08430536, 0.97709, 0.1954166), (-0.08430536, 0.97709, 0.1954166), (-0.25760335, 0.9661944, -0.010435967), (-0.25760335, 0.9661944, -0.010435967), (-0.25760335, 0.9661944, -0.010435967), (-0.14284173, 0.985067, 0.096121036), (-0.14284173, 0.985067, 0.096121036), (-0.14284173, 0.985067, 0.096121036), (-0.14376605, 0.9825491, -0.11801973), (-0.14376605, 0.9825491, -0.11801973), (-0.14376605, 0.9825491, -0.11801973), (0.25495267, 0.95995015, -0.11616685), (0.25495267, 0.95995015, -0.11616685), (0.25495267, 0.95995015, -0.11616685), (-0.15898822, 0.9807289, 0.113549046), (-0.15898822, 0.9807289, 0.113549046), (-0.15898822, 0.9807289, 0.113549046), (-0.22908746, 0.9579927, 0.17253691), (-0.22908746, 0.9579927, 0.17253691), (-0.22908746, 0.9579927, 0.17253691), (-0.12590916, 0.9906784, -0.051992323), (-0.12590916, 0.9906784, -0.051992323), (-0.12590916, 0.9906784, -0.051992323), (-0.18496865, 0.97752154, 0.10118357), (-0.18496865, 0.97752154, 0.10118357), (-0.18496865, 0.97752154, 0.10118357), (-0.026160872, 0.9980253, 0.05710664), (-0.026160872, 0.9980253, 0.05710664), (-0.026160872, 0.9980253, 0.05710664), (0.021719726, 0.9915998, -0.12750669), (0.021719726, 0.9915998, -0.12750669), (0.021719726, 0.9915998, -0.12750669), (-0.15251413, 0.988, -0.024400136), (-0.15251413, 0.988, -0.024400136), (-0.15251413, 0.988, -0.024400136), (0.03259377, 0.9784449, 0.20391993), (0.03259377, 0.9784449, 0.20391993), (0.03259377, 0.9784449, 0.20391993), (0.117708154, 0.98205113, -0.14737819), (0.117708154, 0.98205113, -0.14737819), (0.117708154, 0.98205113, -0.14737819), (-0.20085342, 0.97183573, -0.123261355), (-0.20085342, 0.97183573, -0.123261355), (-0.20085342, 0.97183573, -0.123261355), (-0.093716584, 0.99512994, 0.030554324), (-0.093716584, 0.99512994, 0.030554324), (-0.093716584, 0.99512994, 0.030554324), (-0.11296276, 0.98687845, 0.11537025), (-0.11296276, 0.98687845, 0.11537025), (-0.11296276, 0.98687845, 0.11537025), (-0.05279593, 0.9785402, -0.19917755), (-0.05279593, 0.9785402, -0.19917755), (-0.05279593, 0.9785402, -0.19917755), (-0.028242745, 0.951507, 0.30632797), (-0.028242745, 0.951507, 0.30632797), (-0.028242745, 0.951507, 0.30632797), (0.042753533, 0.9770363, -0.20873958), (0.042753533, 0.9770363, -0.20873958), (0.042753533, 0.9770363, -0.20873958), (0.008853841, 0.95474803, 0.29728404), (0.008853841, 0.95474803, 0.29728404), (0.008853841, 0.95474803, 0.29728404), (-0.056050617, 0.978737, 0.19731267), (-0.056050617, 0.978737, 0.19731267), (-0.056050617, 0.978737, 0.19731267), (0.06584084, 0.99312276, -0.09680957), (0.06584084, 0.99312276, -0.09680957), (0.06584084, 0.99312276, -0.09680957), (-0.083654776, 0.987339, 0.13477224), (-0.083654776, 0.987339, 0.13477224), (-0.083654776, 0.987339, 0.13477224), (-0.15551886, 0.9832886, -0.09464336), (-0.15551886, 0.9832886, -0.09464336), (-0.15551886, 0.9832886, -0.09464336), (0.1091371, 0.98986113, 0.09090632), (0.1091371, 0.98986113, 0.09090632), (0.1091371, 0.98986113, 0.09090632), (-0.11548275, 0.99319977, -0.014766888), (-0.11548275, 0.99319977, -0.014766888), (-0.11548275, 0.99319977, -0.014766888), (0.035020612, 0.99766254, -0.058677025), (0.035020612, 0.99766254, -0.058677025), (0.035020612, 0.99766254, -0.058677025), (-0.04336143, 0.99211204, 0.11761603), (-0.04336143, 0.99211204, 0.11761603), (-0.04336143, 0.99211204, 0.11761603), (-0.18226616, 0.9832078, -0.009021509), (-0.18226616, 0.9832078, -0.009021509), (-0.18226616, 0.9832078, -0.009021509), (-0.04361069, 0.9977187, -0.0515329), (-0.04361069, 0.9977187, -0.0515329), (-0.04361069, 0.9977187, -0.0515329), (0.0021924062, 0.9999846, -0.0050959154), (0.0021924062, 0.9999846, -0.0050959154), (0.0021924062, 0.9999846, -0.0050959154), (0.07846494, 0.99059653, 0.112078905), (0.07846494, 0.99059653, 0.112078905), (0.07846494, 0.99059653, 0.112078905), (-0.093085855, 0.9955978, 0.0109653585), (-0.093085855, 0.9955978, 0.0109653585), (-0.093085855, 0.9955978, 0.0109653585), (-0.073566064, 0.96932787, 0.23450257), (-0.073566064, 0.96932787, 0.23450257), (-0.073566064, 0.96932787, 0.23450257), (-0.06581745, 0.9948356, 0.07726677), (-0.06581745, 0.9948356, 0.07726677), (-0.06581745, 0.9948356, 0.07726677), (-0.13045035, 0.98687965, -0.09513869), (-0.13045035, 0.98687965, -0.09513869), (-0.13045035, 0.98687965, -0.09513869), (0.10648855, 0.9886391, -0.10607932), (0.10648855, 0.9886391, -0.10607932), (0.10648855, 0.9886391, -0.10607932), (0.061098486, 0.97804207, 0.19925067), (0.061098486, 0.97804207, 0.19925067), (0.061098486, 0.97804207, 0.19925067), (-0.024106901, 0.999566, -0.01693261), (-0.024106901, 0.999566, -0.01693261), (-0.024106901, 0.999566, -0.01693261), (-0.10237355, 0.97862774, -0.17834619), (-0.10237355, 0.97862774, -0.17834619), (-0.10237355, 0.97862774, -0.17834619), (-0.050970614, 0.99867225, -0.007473379), (-0.050970614, 0.99867225, -0.007473379), (-0.050970614, 0.99867225, -0.007473379), (0.015798496, 0.9867339, -0.16157517), (0.015798496, 0.9867339, -0.16157517), (0.015798496, 0.9867339, -0.16157517), (-0.122283876, 0.974732, -0.18693358), (-0.122283876, 0.974732, -0.18693358), (-0.122283876, 0.974732, -0.18693358), (-0.09088831, 0.98896676, -0.11697919), (-0.09088831, 0.98896676, -0.11697919), (-0.09088831, 0.98896676, -0.11697919), (-0.07566756, 0.9844097, 0.15878303), (-0.07566756, 0.9844097, 0.15878303), (-0.07566756, 0.9844097, 0.15878303), (0.059082367, 0.99770087, 0.033199284), (0.059082367, 0.99770087, 0.033199284), (0.059082367, 0.99770087, 0.033199284), (0.08442045, 0.99510056, -0.051460795), (0.08442045, 0.99510056, -0.051460795), (0.08442045, 0.99510056, -0.051460795), (-0.08358354, 0.98927957, -0.1197483), (-0.08358354, 0.98927957, -0.1197483), (-0.08358354, 0.98927957, -0.1197483), (0.14326772, 0.98030406, 0.1359346), (0.14326772, 0.98030406, 0.1359346), (0.14326772, 0.98030406, 0.1359346), (-0.021992903, 0.9992248, 0.032653816), (-0.021992903, 0.9992248, 0.032653816), (-0.021992903, 0.9992248, 0.032653816), (-0.018111669, 0.9863892, -0.16342714), (-0.018111669, 0.9863892, -0.16342714), (-0.018111669, 0.9863892, -0.16342714), (-0.004016795, 0.98375803, 0.17945458), (-0.004016795, 0.98375803, 0.17945458), (-0.004016795, 0.98375803, 0.17945458), (0.12424698, 0.9853219, 0.11706122), (0.12424698, 0.9853219, 0.11706122), (0.12424698, 0.9853219, 0.11706122), (0.13819286, 0.9812533, -0.13433024), (0.13819286, 0.9812533, -0.13433024), (0.13819286, 0.9812533, -0.13433024), (-0.17560382, 0.98074317, 0.08547708), (-0.17560382, 0.98074317, 0.08547708), (-0.17560382, 0.98074317, 0.08547708), (0.022933187, 0.992979, -0.11604679), (0.022933187, 0.992979, -0.11604679), (0.022933187, 0.992979, -0.11604679), (0.13222, 0.96223736, -0.23794383), (0.13222, 0.96223736, -0.23794383), (0.13222, 0.96223736, -0.23794383), (-0.02414507, 0.9931258, 0.11453442), (-0.02414507, 0.9931258, 0.11453442), (-0.02414507, 0.9931258, 0.11453442), (-0.100267276, 0.96222264, -0.25312844), (-0.100267276, 0.96222264, -0.25312844), (-0.100267276, 0.96222264, -0.25312844), (0.17219871, 0.97764593, -0.12064843), (0.17219871, 0.97764593, -0.12064843), (0.17219871, 0.97764593, -0.12064843), (0.22653088, 0.9584423, -0.1734133), (0.22653088, 0.9584423, -0.1734133), (0.22653088, 0.9584423, -0.1734133), (-0.00049010594, 0.9138635, 0.40602133), (-0.00049010594, 0.9138635, 0.40602133), (-0.00049010594, 0.9138635, 0.40602133), (0.02712324, 0.9912826, -0.1289303), (0.02712324, 0.9912826, -0.1289303), (0.02712324, 0.9912826, -0.1289303), (-0.05838923, 0.9905752, 0.12390094), (-0.05838923, 0.9905752, 0.12390094), (-0.05838923, 0.9905752, 0.12390094), (-0.17004679, 0.96615434, -0.19398399), (-0.17004679, 0.96615434, -0.19398399), (-0.17004679, 0.96615434, -0.19398399), (-0.05871763, 0.9954862, 0.07456184), (-0.05871763, 0.9954862, 0.07456184), (-0.05871763, 0.9954862, 0.07456184), (-0.03251554, 0.9988348, 0.03566435), (-0.03251554, 0.9988348, 0.03566435), (-0.03251554, 0.9988348, 0.03566435), (0.27178884, 0.94712764, -0.17052887), (0.27178884, 0.94712764, -0.17052887), (0.27178884, 0.94712764, -0.17052887), (0.21520227, 0.97568625, -0.0415257), (0.21520227, 0.97568625, -0.0415257), (0.21520227, 0.97568625, -0.0415257), (0.032900967, 0.9993223, -0.016503602), (0.032900967, 0.9993223, -0.016503602), (0.032900967, 0.9993223, -0.016503602), (0.036787573, 0.99622667, 0.07860771), (0.036787573, 0.99622667, 0.07860771), (0.036787573, 0.99622667, 0.07860771), (0.00904606, 0.9964277, -0.08396396), (0.00904606, 0.9964277, -0.08396396), (0.00904606, 0.9964277, -0.08396396), (-0.014074391, 0.97694594, 0.21302237), (-0.014074391, 0.97694594, 0.21302237), (-0.014074391, 0.97694594, 0.21302237), (0.09416716, 0.9951916, 0.026951203), (0.09416716, 0.9951916, 0.026951203), (0.09416716, 0.9951916, 0.026951203), (0.14389928, 0.96976805, 0.19708607), (0.14389928, 0.96976805, 0.19708607), (0.14389928, 0.96976805, 0.19708607), (0.3428652, 0.9393621, -0.0065077464), (0.3428652, 0.9393621, -0.0065077464), (0.3428652, 0.9393621, -0.0065077464), (-0.12160221, 0.9848973, -0.123247966), (-0.12160221, 0.9848973, -0.123247966), (-0.12160221, 0.9848973, -0.123247966), (0.036387507, 0.9926351, 0.115548715), (0.036387507, 0.9926351, 0.115548715), (0.036387507, 0.9926351, 0.115548715), (-0.13755651, 0.9888207, 0.057547957), (-0.13755651, 0.9888207, 0.057547957), (-0.13755651, 0.9888207, 0.057547957), (-0.051814213, 0.9811612, -0.18611333), (-0.051814213, 0.9811612, -0.18611333), (-0.051814213, 0.9811612, -0.18611333), (0.024963763, 0.9972747, -0.06942669), (0.024963763, 0.9972747, -0.06942669), (0.024963763, 0.9972747, -0.06942669), (0.020851873, 0.9991466, 0.035655264), (0.020851873, 0.9991466, 0.035655264), (0.020851873, 0.9991466, 0.035655264), (-0.077361815, 0.97373474, -0.21413958), (-0.077361815, 0.97373474, -0.21413958), (-0.077361815, 0.97373474, -0.21413958), (0.15632342, 0.9872225, 0.0309008), (0.15632342, 0.9872225, 0.0309008), (0.15632342, 0.9872225, 0.0309008), (0.15154274, 0.9849861, -0.08268757), (0.15154274, 0.9849861, -0.08268757), (0.15154274, 0.9849861, -0.08268757), (-0.036168482, 0.9921894, -0.11938146), (-0.036168482, 0.9921894, -0.11938146), (-0.036168482, 0.9921894, -0.11938146), (0.060970105, 0.994942, 0.07983136), (0.060970105, 0.994942, 0.07983136), (0.060970105, 0.994942, 0.07983136), (0.044997644, 0.99785477, -0.047549445), (0.044997644, 0.99785477, -0.047549445), (0.044997644, 0.99785477, -0.047549445), (-0.069406174, 0.9974147, 0.018621191), (-0.069406174, 0.9974147, 0.018621191), (-0.069406174, 0.9974147, 0.018621191), (0.17515977, 0.97879523, -0.10620265), (0.17515977, 0.97879523, -0.10620265), (0.17515977, 0.97879523, -0.10620265), (-0.081194706, 0.9932367, -0.08299493), (-0.081194706, 0.9932367, -0.08299493), (-0.081194706, 0.9932367, -0.08299493), (-0.021761302, 0.97548825, 0.21897264), (-0.021761302, 0.97548825, 0.21897264), (-0.021761302, 0.97548825, 0.21897264), (0.17796323, 0.98006135, 0.088366725), (0.17796323, 0.98006135, 0.088366725), (0.17796323, 0.98006135, 0.088366725), (0.24625711, 0.9681952, 0.04422063), (0.24625711, 0.9681952, 0.04422063), (0.24625711, 0.9681952, 0.04422063), (-0.08604396, 0.9938212, -0.07011377), (-0.08604396, 0.9938212, -0.07011377), (-0.08604396, 0.9938212, -0.07011377), (-0.02322513, 0.99454725, -0.10166794), (-0.02322513, 0.99454725, -0.10166794), (-0.02322513, 0.99454725, -0.10166794), (-0.039697852, 0.98905295, -0.14212067), (-0.039697852, 0.98905295, -0.14212067), (-0.039697852, 0.98905295, -0.14212067), (0.104069576, 0.9859314, 0.13080126), (0.104069576, 0.9859314, 0.13080126), (0.104069576, 0.9859314, 0.13080126), (0.23353101, 0.9723416, -0.0038681352), (0.23353101, 0.9723416, -0.0038681352), (0.23353101, 0.9723416, -0.0038681352), (0.10513796, 0.9933036, 0.04789604), (0.10513796, 0.9933036, 0.04789604), (0.10513796, 0.9933036, 0.04789604), (0.112278804, 0.9935027, -0.018596858), (0.112278804, 0.9935027, -0.018596858), (0.112278804, 0.9935027, -0.018596858), (0.0132608265, 0.9998405, 0.011961799), (0.0132608265, 0.9998405, 0.011961799), (0.0132608265, 0.9998405, 0.011961799), (0.17541029, 0.9823132, 0.065513656), (0.17541029, 0.9823132, 0.065513656), (0.17541029, 0.9823132, 0.065513656), (0.032226603, 0.9988041, 0.036766656), (0.032226603, 0.9988041, 0.036766656), (0.032226603, 0.9988041, 0.036766656), (0.07207652, 0.99124277, 0.11064657), (0.07207652, 0.99124277, 0.11064657), (0.07207652, 0.99124277, 0.11064657), (0.14433335, 0.97450554, -0.17177574), (0.14433335, 0.97450554, -0.17177574), (0.14433335, 0.97450554, -0.17177574), (0.15551656, 0.9818802, -0.10828625), (0.15551656, 0.9818802, -0.10828625), (0.15551656, 0.9818802, -0.10828625), (-0.11891761, 0.9910539, 0.060586505), (-0.11891761, 0.9910539, 0.060586505), (-0.11891761, 0.9910539, 0.060586505), (0.03545248, 0.9851893, 0.16776532), (0.03545248, 0.9851893, 0.16776532), (0.03545248, 0.9851893, 0.16776532), (0.10660244, 0.99309725, 0.04892561), (0.10660244, 0.99309725, 0.04892561), (0.10660244, 0.99309725, 0.04892561), (0.04247515, 0.99284005, 0.11164471), (0.04247515, 0.99284005, 0.11164471), (0.04247515, 0.99284005, 0.11164471), (0.15825947, 0.9841255, -0.08031771), (0.15825947, 0.9841255, -0.08031771), (0.15825947, 0.9841255, -0.08031771), (0.15878996, 0.9785178, 0.13148618), (0.15878996, 0.9785178, 0.13148618), (0.15878996, 0.9785178, 0.13148618), (0.102527015, 0.99463886, -0.013477957), (0.102527015, 0.99463886, -0.013477957), (0.102527015, 0.99463886, -0.013477957), (-0.0052438066, 0.99915504, 0.040764924), (-0.0052438066, 0.99915504, 0.040764924), (-0.0052438066, 0.99915504, 0.040764924), (0.072006874, 0.99739754, -0.0036475472), (0.072006874, 0.99739754, -0.0036475472), (0.072006874, 0.99739754, -0.0036475472), (0.03353243, 0.98778254, -0.15218826), (0.03353243, 0.98778254, -0.15218826), (0.03353243, 0.98778254, -0.15218826), (0.09011129, 0.99589086, -0.009020361), (0.09011129, 0.99589086, -0.009020361), (0.09011129, 0.99589086, -0.009020361), (0.33257055, 0.941762, -0.049812447), (0.33257055, 0.941762, -0.049812447), (0.33257055, 0.941762, -0.049812447), (0.17315894, 0.9788411, -0.109022655), (0.17315894, 0.9788411, -0.109022655), (0.17315894, 0.9788411, -0.109022655), (-0.05272741, 0.9983753, -0.021598028), (-0.05272741, 0.9983753, -0.021598028), (-0.05272741, 0.9983753, -0.021598028), (-0.018461451, 0.99979585, 0.008221425), (-0.018461451, 0.99979585, 0.008221425), (-0.041703027, 0.996382, -0.07405241), (-0.041703027, 0.996382, -0.07405241), (-0.041703027, 0.996382, -0.07405241), (-0.08230737, 0.99658656, 0.0063834847), (-0.08230737, 0.99658656, 0.0063834847), (-0.08230737, 0.99658656, 0.0063834847), (-0.059728812, 0.9976513, -0.033533633), (-0.059728812, 0.9976513, -0.033533633), (-0.059728812, 0.9976513, -0.033533633), (-0.019066898, 0.9817091, -0.18943015), (-0.019066898, 0.9817091, -0.18943015), (-0.019066898, 0.9817091, -0.18943015), (-0.0015255965, 0.993232, 0.11613732), (-0.0015255965, 0.993232, 0.11613732), (-0.0015255965, 0.993232, 0.11613732), (0.13219622, 0.99066705, -0.033212397), (0.13219622, 0.99066705, -0.033212397), (0.13219622, 0.99066705, -0.033212397), (0.11530623, 0.9727658, -0.20107494), (0.11530623, 0.9727658, -0.20107494), (0.11530623, 0.9727658, -0.20107494), (0.09752158, 0.9858516, -0.13633099), (0.09752158, 0.9858516, -0.13633099), (0.09752158, 0.9858516, -0.13633099), (-0.10191369, 0.9915039, 0.08082964), (-0.10191369, 0.9915039, 0.08082964), (-0.10191369, 0.9915039, 0.08082964), (0.013331444, 0.9866087, 0.16255938), (0.013331444, 0.9866087, 0.16255938), (0.013331444, 0.9866087, 0.16255938), (0.18112214, 0.982501, -0.043435737), (0.18112214, 0.982501, -0.043435737), (0.18112214, 0.982501, -0.043435737), (0.019685226, 0.99897146, -0.04084629), (0.019685226, 0.99897146, -0.04084629), (0.019685226, 0.99897146, -0.04084629), (-0.011193146, 0.9992353, -0.037464604), (-0.011193146, 0.9992353, -0.037464604), (-0.011193146, 0.9992353, -0.037464604), (0.059940685, 0.9780346, -0.19963811), (0.059940685, 0.9780346, -0.19963811), (0.059940685, 0.9780346, -0.19963811), (-0.010977017, 0.99978036, -0.017854225), (-0.010977017, 0.99978036, -0.017854225), (-0.010977017, 0.99978036, -0.017854225), (-0.04218206, 0.9936039, 0.10474773), (-0.04218206, 0.9936039, 0.10474773), (-0.04218206, 0.9936039, 0.10474773), (-0.022937177, 0.99382, -0.10860847), (-0.022937177, 0.99382, -0.10860847), (-0.022937177, 0.99382, -0.10860847), (0.00324306, 0.98870414, 0.14984533), (0.00324306, 0.98870414, 0.14984533), (0.00324306, 0.98870414, 0.14984533), (0.18712187, 0.96318394, 0.1930339), (0.18712187, 0.96318394, 0.1930339), (0.18712187, 0.96318394, 0.1930339), (0.028451227, 0.9785387, 0.20409001), (0.028451227, 0.9785387, 0.20409001), (0.028451227, 0.9785387, 0.20409001), (0.1142593, 0.99010205, -0.081503406), (0.1142593, 0.99010205, -0.081503406), (0.1142593, 0.99010205, -0.081503406), (-0.062369075, 0.99000484, -0.12649347), (-0.062369075, 0.99000484, -0.12649347), (-0.062369075, 0.99000484, -0.12649347), (-0.109717585, 0.97725725, 0.18146738), (-0.109717585, 0.97725725, 0.18146738), (-0.109717585, 0.97725725, 0.18146738), (-0.0959004, 0.99367875, 0.058357857), (-0.0959004, 0.99367875, 0.058357857), (-0.0959004, 0.99367875, 0.058357857), (0.14656371, 0.97619027, -0.15991135), (0.14656371, 0.97619027, -0.15991135), (0.14656371, 0.97619027, -0.15991135), (0.053254563, 0.99851626, -0.011368642), (0.053254563, 0.99851626, -0.011368642), (0.053254563, 0.99851626, -0.011368642), (0.06261111, 0.9974796, 0.033379667), (0.06261111, 0.9974796, 0.033379667), (0.02222072, 0.99294007, -0.11651717), (-0.009832925, 0.9950163, -0.09922625), (-0.009832925, 0.9950163, -0.09922625), (0.020069504, 0.99402505, -0.10729194), (0.021799538, 0.9931539, -0.11476095), (0.01967341, 0.99421567, -0.10558432), (0.056990232, 0.997741, 0.035567276), (0.056990232, 0.997741, 0.035567276), (0.056990232, 0.997741, 0.035567276), (0.2000927, 0.9790325, 0.03818679), (0.2000927, 0.9790325, 0.03818679), (0.2000927, 0.9790325, 0.03818679), (0.18048832, 0.9805413, -0.077219516), (0.18048832, 0.9805413, -0.077219516), (0.18048832, 0.9805413, -0.077219516), (0.14318447, 0.9881378, -0.055515304), (0.14318447, 0.9881378, -0.055515304), (-0.21106157, 0.97644323, 0.044851597), (-0.21106157, 0.97644323, 0.044851597), (-0.21106157, 0.97644323, 0.044851597), (-0.0153723005, 0.99800605, 0.06121708), (-0.0153723005, 0.99800605, 0.06121708), (-0.0153723005, 0.99800605, 0.06121708), (0.111425586, 0.99176687, 0.06311022), (0.111425586, 0.99176687, 0.06311022), (0.111425586, 0.99176687, 0.06311022), (0.0084923925, 0.99079496, 0.13510458), (0.0084923925, 0.99079496, 0.13510458), (0.0084923925, 0.99079496, 0.13510458), (0.21522953, 0.97255623, 0.08837738), (0.21522953, 0.97255623, 0.08837738), (0.21522953, 0.97255623, 0.08837738), (-0.12540051, 0.9905013, 0.056408655), (-0.12540051, 0.9905013, 0.056408655), (-0.12540051, 0.9905013, 0.056408655), (-0.119495355, 0.9785718, -0.16768456), (-0.119495355, 0.9785718, -0.16768456), (-0.119495355, 0.9785718, -0.16768456), (0.05591934, 0.99694985, -0.05444267), (0.05591934, 0.99694985, -0.05444267), (0.05591934, 0.99694985, -0.05444267), (-0.009343171, 0.98254055, 0.18581359), (-0.009343171, 0.98254055, 0.18581359), (-0.009343171, 0.98254055, 0.18581359), (0.04067978, 0.9852933, 0.1659585), (0.04067978, 0.9852933, 0.1659585), (0.04067978, 0.9852933, 0.1659585), (0.059933204, 0.99745697, 0.038568947), (0.059933204, 0.99745697, 0.038568947), (0.059933204, 0.99745697, 0.038568947), (-0.18160251, 0.97938454, 0.08846717), (-0.18160251, 0.97938454, 0.08846717), (-0.18160251, 0.97938454, 0.08846717), (-0.10978331, 0.9861201, 0.124557935), (-0.10978331, 0.9861201, 0.124557935), (-0.10978331, 0.9861201, 0.124557935), (0.10198006, 0.98245066, 0.15617493), (0.10198006, 0.98245066, 0.15617493), (0.10198006, 0.98245066, 0.15617493), (0.2127145, 0.9768613, 0.022237936), (0.2127145, 0.9768613, 0.022237936), (0.2127145, 0.9768613, 0.022237936), (0.09230345, 0.9869604, -0.131868), (0.09230345, 0.9869604, -0.131868), (0.09230345, 0.9869604, -0.131868), (-0.006669381, 0.99866736, 0.05117552), (-0.006669381, 0.99866736, 0.05117552), (-0.006669381, 0.99866736, 0.05117552), (0.05140781, 0.9986777, -0.0001397452), (0.05140781, 0.9986777, -0.0001397452), (0.05140781, 0.9986777, -0.0001397452), (0.017006425, 0.99962914, 0.021268), (0.017006425, 0.99962914, 0.021268), (0.017006425, 0.99962914, 0.021268), (0.07098556, 0.995908, 0.05592979), (0.07098556, 0.995908, 0.05592979), (0.07098556, 0.995908, 0.05592979), (0.036605448, 0.9853263, -0.16670993), (0.036605448, 0.9853263, -0.16670993), (0.036605448, 0.9853263, -0.16670993), (0.039019912, 0.9969823, 0.06710892), (0.039019912, 0.9969823, 0.06710892), (0.039019912, 0.9969823, 0.06710892), (0.17258911, 0.9790121, -0.10839017), (0.17258911, 0.9790121, -0.10839017), (0.17258911, 0.9790121, -0.10839017), (-0.0049809185, 0.969396, 0.24545196), (-0.0049809185, 0.969396, 0.24545196), (-0.0049809185, 0.969396, 0.24545196), (0.057027165, 0.9977986, 0.03384805), (0.057027165, 0.9977986, 0.03384805), (0.057027165, 0.9977986, 0.03384805), (-0.22829805, 0.9664531, 0.11767938), (-0.22829805, 0.9664531, 0.11767938), (-0.22829805, 0.9664531, 0.11767938), (-0.22218934, 0.9729662, -0.06299768), (-0.22218934, 0.9729662, -0.06299768), (-0.22218934, 0.9729662, -0.06299768), (0.2056232, 0.9750147, 0.08405654), (0.2056232, 0.9750147, 0.08405654), (0.2056232, 0.9750147, 0.08405654), (0.094167694, 0.99207485, -0.08318575), (0.094167694, 0.99207485, -0.08318575), (0.094167694, 0.99207485, -0.08318575), (-0.22272703, 0.97345454, 0.052714814), (-0.22272703, 0.97345454, 0.052714814), (-0.22272703, 0.97345454, 0.052714814), (-0.02650791, 0.9968335, 0.07496832), (-0.02650791, 0.9968335, 0.07496832), (-0.02650791, 0.9968335, 0.07496832), (0.08740652, 0.9866306, 0.13755058), (0.08740652, 0.9866306, 0.13755058), (0.08740652, 0.9866306, 0.13755058), (-0.13071266, 0.9776638, 0.1645828), (-0.13071266, 0.9776638, 0.1645828), (-0.13071266, 0.9776638, 0.1645828), (-0.15142609, 0.9783548, 0.14103837), (-0.15142609, 0.9783548, 0.14103837), (-0.15142609, 0.9783548, 0.14103837), (-0.15266551, 0.98152965, -0.1152945), (-0.15266551, 0.98152965, -0.1152945), (-0.15266551, 0.98152965, -0.1152945), (0.010550245, 0.9967326, -0.080080256), (0.010550245, 0.9967326, -0.080080256), (0.010550245, 0.9967326, -0.080080256), (-0.0054453476, 0.99833196, 0.057477813), (-0.0054453476, 0.99833196, 0.057477813), (-0.0054453476, 0.99833196, 0.057477813), (0.07459604, 0.97613245, -0.20396294), (0.07459604, 0.97613245, -0.20396294), (0.07459604, 0.97613245, -0.20396294), (-0.16575211, 0.98292154, 0.079947226), (-0.16575211, 0.98292154, 0.079947226), (-0.16575211, 0.98292154, 0.079947226), (0.111176275, 0.99123377, -0.071383774), (0.111176275, 0.99123377, -0.071383774), (0.111176275, 0.99123377, -0.071383774), (0.050911456, 0.9980714, 0.035519227), (0.050911456, 0.9980714, 0.035519227), (0.050911456, 0.9980714, 0.035519227), (-0.09944886, 0.9933248, -0.058443613), (-0.09944886, 0.9933248, -0.058443613), (-0.09944886, 0.9933248, -0.058443613), (0.07232818, 0.99652314, 0.041357413), (0.07232818, 0.99652314, 0.041357413), (0.07232818, 0.99652314, 0.041357413), (0.060956724, 0.99705684, -0.046498027), (0.060956724, 0.99705684, -0.046498027), (0.060956724, 0.99705684, -0.046498027), (0.18758728, 0.97616106, 0.109181084), (0.18758728, 0.97616106, 0.109181084), (0.18758728, 0.97616106, 0.109181084), (0.14812863, 0.97355735, -0.1739084), (0.14812863, 0.97355735, -0.1739084), (0.14812863, 0.97355735, -0.1739084), (-0.07374281, 0.99349385, 0.08678731), (-0.07374281, 0.99349385, 0.08678731), (-0.07374281, 0.99349385, 0.08678731), (-0.12506345, 0.9918249, 0.025345808), (-0.12506345, 0.9918249, 0.025345808), (-0.12506345, 0.9918249, 0.025345808), (0.058341, 0.9938818, -0.09378233), (0.058341, 0.9938818, -0.09378233), (0.058341, 0.9938818, -0.09378233), (0.155223, 0.98770046, -0.018803617), (0.155223, 0.98770046, -0.018803617), (0.155223, 0.98770046, -0.018803617), (0.1367107, 0.98791516, 0.07303269), (0.1367107, 0.98791516, 0.07303269), (0.1367107, 0.98791516, 0.07303269), (-0.103192076, 0.99464214, -0.0061897673), (-0.103192076, 0.99464214, -0.0061897673), (-0.103192076, 0.99464214, -0.0061897673), (0.045384903, 0.99432737, -0.096194215), (0.045384903, 0.99432737, -0.096194215), (0.045384903, 0.99432737, -0.096194215), (0.11947926, 0.9787627, -0.16657819), (0.11947926, 0.9787627, -0.16657819), (0.11947926, 0.9787627, -0.16657819), (-0.020849125, 0.96558464, 0.25925225), (-0.020849125, 0.96558464, 0.25925225), (-0.020849125, 0.96558464, 0.25925225), (0.046365578, 0.97999305, 0.19355571), (0.046365578, 0.97999305, 0.19355571), (0.046365578, 0.97999305, 0.19355571), (-0.0019168042, 0.99536395, -0.09616104), (-0.0019168042, 0.99536395, -0.09616104), (-0.0019168042, 0.99536395, -0.09616104), (-0.013026625, 0.9989778, -0.043285374), (-0.013026625, 0.9989778, -0.043285374), (-0.013026625, 0.9989778, -0.043285374), (-0.05127683, 0.9863399, -0.15653834), (-0.05127683, 0.9863399, -0.15653834), (-0.05127683, 0.9863399, -0.15653834), (0.23586676, 0.97131056, 0.030376349), (0.23586676, 0.97131056, 0.030376349), (0.23586676, 0.97131056, 0.030376349), (0.0464528, 0.9988617, -0.01083361), (0.0464528, 0.9988617, -0.01083361), (0.0464528, 0.9988617, -0.01083361), (0.05217798, 0.9981128, -0.03237617), (0.05217798, 0.9981128, -0.03237617), (0.05217798, 0.9981128, -0.03237617), (0.02729923, 0.97810125, -0.20633148), (0.02729923, 0.97810125, -0.20633148), (0.02729923, 0.97810125, -0.20633148), (0.088756934, 0.9896096, -0.11311463), (0.088756934, 0.9896096, -0.11311463), (0.088756934, 0.9896096, -0.11311463), (0.068184875, 0.9972849, 0.027816154), (0.068184875, 0.9972849, 0.027816154), (0.068184875, 0.9972849, 0.027816154), (0.06953734, 0.9962997, 0.050511688), (0.06953734, 0.9962997, 0.050511688), (0.06953734, 0.9962997, 0.050511688), (-0.05646877, 0.9983662, 0.008733033), (-0.05646877, 0.9983662, 0.008733033), (-0.05646877, 0.9983662, 0.008733033), (-0.062822394, 0.99795014, 0.012201401), (-0.062822394, 0.99795014, 0.012201401), (-0.062822394, 0.99795014, 0.012201401), (0.079714365, 0.9932054, 0.08478599), (0.079714365, 0.9932054, 0.08478599), (0.079714365, 0.9932054, 0.08478599), (-0.11588053, 0.98057175, 0.15827473), (-0.11588053, 0.98057175, 0.15827473), (-0.11588053, 0.98057175, 0.15827473), (-0.00077813154, 0.9888488, 0.14892057), (-0.00077813154, 0.9888488, 0.14892057), (-0.00077813154, 0.9888488, 0.14892057), (-0.0802166, 0.983797, -0.16033967), (-0.0802166, 0.983797, -0.16033967), (-0.0802166, 0.983797, -0.16033967), (0.049348876, 0.99846256, -0.02524487), (0.049348876, 0.99846256, -0.02524487), (0.049348876, 0.99846256, -0.02524487), (-0.053867336, 0.9985032, -0.009465758), (-0.053867336, 0.9985032, -0.009465758), (-0.053867336, 0.9985032, -0.009465758), (-0.0476333, 0.99885845, 0.0035854299), (-0.0476333, 0.99885845, 0.0035854299), (-0.0476333, 0.99885845, 0.0035854299), (-0.09710384, 0.9951101, 0.018077573), (-0.09710384, 0.9951101, 0.018077573), (-0.09710384, 0.9951101, 0.018077573), (0.06834883, 0.98388284, -0.16523634), (0.06834883, 0.98388284, -0.16523634), (0.06834883, 0.98388284, -0.16523634), (-0.031377792, 0.9960717, -0.08280409), (-0.031377792, 0.9960717, -0.08280409), (-0.031377792, 0.9960717, -0.08280409), (-0.037155036, 0.99758697, -0.05864985), (-0.037155036, 0.99758697, -0.05864985), (-0.037155036, 0.99758697, -0.05864985), (0.061798785, 0.99322915, 0.098370075), (0.061798785, 0.99322915, 0.098370075), (0.061798785, 0.99322915, 0.098370075), (0.078542694, 0.9968839, 0.0073018437), (0.078542694, 0.9968839, 0.0073018437), (0.078542694, 0.9968839, 0.0073018437), (0.14643027, 0.98731357, 0.061402477), (0.14643027, 0.98731357, 0.061402477), (0.14643027, 0.98731357, 0.061402477), (0.059789754, 0.9919269, -0.111831345), (0.059789754, 0.9919269, -0.111831345), (0.059789754, 0.9919269, -0.111831345), (-0.031004306, 0.9961765, -0.0816767), (-0.031004306, 0.9961765, -0.0816767), (-0.031004306, 0.9961765, -0.0816767), (0.06643324, 0.9788223, 0.19363235), (0.06643324, 0.9788223, 0.19363235), (0.06643324, 0.9788223, 0.19363235), (0.06139105, 0.99806434, 0.009935085), (0.06139105, 0.99806434, 0.009935085), (0.06139105, 0.99806434, 0.009935085), (0.007326769, 0.9991629, -0.04024509), (0.007326769, 0.9991629, -0.04024509), (0.007326769, 0.9991629, -0.04024509), (-0.09765233, 0.992945, 0.06726312), (-0.09765233, 0.992945, 0.06726312), (-0.09765233, 0.992945, 0.06726312), (0.14333531, 0.98938376, -0.023974828), (0.14333531, 0.98938376, -0.023974828), (0.14333531, 0.98938376, -0.023974828), (-0.055201635, 0.99787843, 0.034515213), (-0.055201635, 0.99787843, 0.034515213), (-0.055201635, 0.99787843, 0.034515213), (0.013004363, 0.9922082, -0.12391107), (0.013004363, 0.9922082, -0.12391107), (0.013004363, 0.9922082, -0.12391107), (-0.035773516, 0.9946128, 0.097291656), (-0.035773516, 0.9946128, 0.097291656), (-0.035773516, 0.9946128, 0.097291656), (0.043130577, 0.9869451, 0.15517434), (0.043130577, 0.9869451, 0.15517434), (0.043130577, 0.9869451, 0.15517434), (0.00050819, 0.99975413, 0.022169502), (0.00050819, 0.99975413, 0.022169502), (0.00050819, 0.99975413, 0.022169502), (0.07304508, 0.98726326, -0.14133587), (0.07304508, 0.98726326, -0.14133587), (0.07304508, 0.98726326, -0.14133587), (0.08329008, 0.9935377, -0.077106655), (0.08329008, 0.9935377, -0.077106655), (0.08329008, 0.9935377, -0.077106655), (0.25370064, 0.96727085, -0.004807079), (0.25370064, 0.96727085, -0.004807079), (0.25370064, 0.96727085, -0.004807079), (0.11442958, 0.99331915, -0.014930968), (0.11442958, 0.99331915, -0.014930968), (0.11442958, 0.99331915, -0.014930968), (0.051568948, 0.9970921, -0.05610559), (0.051568948, 0.9970921, -0.05610559), (0.051568948, 0.9970921, -0.05610559), (0.0021817612, 0.99873716, -0.050192963), (0.0021817612, 0.99873716, -0.050192963), (0.0021817612, 0.99873716, -0.050192963), (0.01981527, 0.9973596, 0.06986599), (0.01981527, 0.9973596, 0.06986599), (0.01981527, 0.9973596, 0.06986599), (0.2737659, 0.9617132, 0.012644265), (0.2737659, 0.9617132, 0.012644265), (0.2737659, 0.9617132, 0.012644265), (0.14496887, 0.98632544, -0.07839832), (0.14496887, 0.98632544, -0.07839832), (0.14496887, 0.98632544, -0.07839832), (0.14341499, 0.98905116, 0.034783956), (0.14341499, 0.98905116, 0.034783956), (0.11614247, 0.99078816, 0.069639705), (0.116743624, 0.99069655, 0.069938205), (0.115223594, 0.9909313, 0.06912748), (0.11689935, 0.9906724, 0.070019126), (0.11615185, 0.9907891, 0.06961087), (0.10880113, 0.9938014, 0.022825979), (0.10880113, 0.9938014, 0.022825979), (0.11903064, 0.9927902, 0.014115869), (0.11901526, 0.992792, 0.014119024), (0.119018376, 0.9927918, 0.014113944), (0.10559056, 0.99440926, -0.00089561957), (0.10168347, 0.9947929, 0.0068900567), (0.10092312, 0.99485874, 0.008403884), (0.14564028, 0.98933583, 0.0018989157), (0.14564028, 0.98933583, 0.0018989157), (0.05488238, 0.9982851, 0.020363249), (0.05488238, 0.9982851, 0.020363249), (0.05488238, 0.9982851, 0.020363249), (0.09684685, 0.99529845, -0.0013429564), (0.09684685, 0.99529845, -0.0013429564), (0.20198745, 0.97905195, -0.025658501), (0.20198745, 0.97905195, -0.025658501), (0.20198745, 0.97905195, -0.025658501), (0.109966844, 0.99379236, 0.016854886), (0.109966844, 0.99379236, 0.016854886), (0.109966844, 0.99379236, 0.016854886), (0.24661365, 0.9690883, -0.0070407526), (0.24661365, 0.9690883, -0.0070407526), (0.24661365, 0.9690883, -0.0070407526), (-0.07453014, 0.9959806, -0.0496775), (-0.07453014, 0.9959806, -0.0496775), (-0.07453014, 0.9959806, -0.0496775), (-0.017506083, 0.9860588, -0.16547422), (-0.017506083, 0.9860588, -0.16547422), (-0.017506083, 0.9860588, -0.16547422), (0.12475588, 0.9839406, 0.12765922), (0.12475588, 0.9839406, 0.12765922), (0.12475588, 0.9839406, 0.12765922), (-0.0019477482, 0.9985598, 0.053614795), (-0.0019477482, 0.9985598, 0.053614795), (-0.0019477482, 0.9985598, 0.053614795), (-0.1420961, 0.9811076, -0.13128832), (-0.1420961, 0.9811076, -0.13128832), (-0.1420961, 0.9811076, -0.13128832), (-0.05262547, 0.9982475, -0.027064348), (-0.05262547, 0.9982475, -0.027064348), (-0.05262547, 0.9982475, -0.027064348), (0.07743996, 0.98933256, 0.12338679), (0.07743996, 0.98933256, 0.12338679), (0.07743996, 0.98933256, 0.12338679), (0.07985291, 0.9767298, 0.19905338), (0.07985291, 0.9767298, 0.19905338), (0.07985291, 0.9767298, 0.19905338), (-0.043613266, 0.9987627, 0.023892047), (-0.043613266, 0.9987627, 0.023892047), (-0.043613266, 0.9987627, 0.023892047), (0.011288487, 0.99537694, 0.09537885), (0.011288487, 0.99537694, 0.09537885), (0.011288487, 0.99537694, 0.09537885), (-0.06341745, 0.99613047, -0.060845893), (-0.06341745, 0.99613047, -0.060845893), (-0.06341745, 0.99613047, -0.060845893), (-0.10576548, 0.9940767, -0.025000121), (-0.10576548, 0.9940767, -0.025000121), (-0.10576548, 0.9940767, -0.025000121), (0.22738947, 0.9735947, -0.020182818), (0.22738947, 0.9735947, -0.020182818), (0.22738947, 0.9735947, -0.020182818), (0.13664547, 0.9668114, 0.21587878), (0.13664547, 0.9668114, 0.21587878), (0.13664547, 0.9668114, 0.21587878), (0.016730808, 0.99539787, 0.094356894), (0.016730808, 0.99539787, 0.094356894), (0.016730808, 0.99539787, 0.094356894), (0.009677133, 0.9987948, -0.048117884), (0.009677133, 0.9987948, -0.048117884), (0.009677133, 0.9987948, -0.048117884), (-0.13305724, 0.9859232, 0.10124888), (-0.13305724, 0.9859232, 0.10124888), (-0.13305724, 0.9859232, 0.10124888), (0.16199464, 0.969981, -0.18136904), (0.16199464, 0.969981, -0.18136904), (0.16199464, 0.969981, -0.18136904), (0.08353927, 0.9868881, -0.13810538), (0.08353927, 0.9868881, -0.13810538), (0.08353927, 0.9868881, -0.13810538), (-0.055027775, 0.98562324, 0.15974611), (-0.055027775, 0.98562324, 0.15974611), (-0.055027775, 0.98562324, 0.15974611), (-0.33252838, 0.9388381, 0.08948685), (-0.33252838, 0.9388381, 0.08948685), (-0.33252838, 0.9388381, 0.08948685), (0.03136102, 0.9844289, 0.17296296), (0.03136102, 0.9844289, 0.17296296), (0.03136102, 0.9844289, 0.17296296), (-0.2697909, 0.94586563, 0.1804194), (-0.2697909, 0.94586563, 0.1804194), (-0.2697909, 0.94586563, 0.1804194), (0.33322886, 0.94048196, -0.06672519), (0.33322886, 0.94048196, -0.06672519), (0.33322886, 0.94048196, -0.06672519), (-0.15617092, 0.98696727, 0.038808625), (-0.15617092, 0.98696727, 0.038808625), (-0.15617092, 0.98696727, 0.038808625), (0.09861944, 0.99487865, -0.022151858), (0.09861944, 0.99487865, -0.022151858), (0.09861944, 0.99487865, -0.022151858), (-0.0415168, 0.9944273, 0.09690566), (-0.0415168, 0.9944273, 0.09690566), (-0.0415168, 0.9944273, 0.09690566), (-0.07680752, 0.969244, -0.23380928), (-0.07680752, 0.969244, -0.23380928), (-0.07680752, 0.969244, -0.23380928), (-0.020475337, 0.99039125, -0.13676916), (-0.020475337, 0.99039125, -0.13676916), (-0.020475337, 0.99039125, -0.13676916), (0.007455078, 0.9922809, -0.12378593), (0.007455078, 0.9922809, -0.12378593), (0.007455078, 0.9922809, -0.12378593), (-0.2400762, 0.9705683, -0.018991077), (-0.2400762, 0.9705683, -0.018991077), (-0.2400762, 0.9705683, -0.018991077), (-0.008745803, 0.9947968, -0.101503484), (-0.008745803, 0.9947968, -0.101503484), (-0.008745803, 0.9947968, -0.101503484), (-0.164428, 0.98374027, 0.07223873), (-0.164428, 0.98374027, 0.07223873), (-0.164428, 0.98374027, 0.07223873), (-0.08207585, 0.9873548, 0.13562433), (-0.08207585, 0.9873548, 0.13562433), (-0.08207585, 0.9873548, 0.13562433), (0.0057678036, 0.9940645, -0.108640015), (0.0057678036, 0.9940645, -0.108640015), (0.0057678036, 0.9940645, -0.108640015), (0.053514615, 0.98650056, 0.15476671), (0.053514615, 0.98650056, 0.15476671), (0.053514615, 0.98650056, 0.15476671), (0.04925259, 0.9986658, -0.015515936), (0.04925259, 0.9986658, -0.015515936), (0.04925259, 0.9986658, -0.015515936), (-0.08588734, 0.9952952, 0.044841297), (-0.08588734, 0.9952952, 0.044841297), (-0.08588734, 0.9952952, 0.044841297), (0.0892621, 0.99600714, 0.0014057731), (0.0892621, 0.99600714, 0.0014057731), (0.0892621, 0.99600714, 0.0014057731), (0.05245076, 0.9983834, -0.021893688), (0.05245076, 0.9983834, -0.021893688), (0.05245076, 0.9983834, -0.021893688), (0.24401915, 0.96966165, 0.014519971), (0.24401915, 0.96966165, 0.014519971), (0.24401915, 0.96966165, 0.014519971), (0.13922575, 0.9901597, -0.0141398385), (0.13922575, 0.9901597, -0.0141398385), (0.13922575, 0.9901597, -0.0141398385), (0.06816092, 0.9975842, -0.013408113), (0.06816092, 0.9975842, -0.013408113), (0.06816092, 0.9975842, -0.013408113), (-0.00023837706, 0.999191, 0.04021625), (0.00093721494, 0.99916863, 0.040758226), (0.0005191142, 0.9991767, 0.040565487), (-0.0014764201, 0.99921274, 0.039645396), (-0.076713584, 0.9967771, -0.023459215), (-0.07438077, 0.9968265, -0.028362356), (-0.074103594, 0.99673575, -0.032038193), (-0.077038944, 0.9967907, -0.021750985), (-0.07327673, 0.9971058, -0.020264648), (0.040949445, 0.97929895, 0.19823427), (0.050027747, 0.9796957, 0.19414845), (0.05028646, 0.97970587, 0.19403026), (0.05052454, 0.9797146, 0.19392452), (-0.007386276, 0.9930692, 0.11729875), (-0.0077357874, 0.9931242, 0.116809934), (-0.007923317, 0.99315333, 0.116549194), (-0.005099154, 0.9927013, 0.120490886), (-0.020240251, 0.996071, 0.08621379), (-0.013093755, 0.9963792, 0.08400621), (-0.015073403, 0.9962907, 0.084722035), (-0.021718986, 0.99596137, 0.087115735), (-0.0061445655, 0.9928347, 0.1193378), (-0.0061402293, 0.99283713, 0.11931809), (0.001896177, 0.9947249, 0.10256018), (-0.028406765, 0.9988883, -0.037620973), (-0.023760648, 0.9989503, -0.03916477), (-0.022788383, 0.99896014, -0.03948804), (-0.029355736, 0.9988726, -0.037305515), (-0.12822616, 0.96223754, 0.24011874), (-0.12829618, 0.96221405, 0.24017547), (-0.128651, 0.96209496, 0.24046274), (-0.12783733, 0.96236783, 0.23980388), (-0.08190485, 0.9961282, -0.03193788), (-0.08169506, 0.99615556, -0.03162278), (-0.0818659, 0.99613345, -0.03187914), (-0.08224439, 0.99608386, -0.03244787), (-0.05548016, 0.9951343, 0.08142238), (-0.056098048, 0.9950133, 0.08247067), (-0.056348417, 0.99496377, 0.08289686), (-0.051038906, 0.9959604, 0.07387701), (-0.22514579, 0.9579601, 0.1778248), (-0.2248097, 0.95827913, 0.1765265), (-0.22758022, 0.9555844, 0.18725821), (-0.2275968, 0.9555606, 0.18735906), (-0.009398524, 0.99025625, -0.13894036), (0.005799227, 0.99207604, -0.12550537), (-0.011396558, 0.990475, -0.13722065), (-0.008911063, 0.99023414, -0.1391294), (0.0035284548, 0.99089617, -0.13458185), (0.0059360447, 0.99200636, -0.12604804), (0.0066155824, 0.9916505, -0.12878454), (0.100867935, 0.99011374, 0.09746977), (0.09829927, 0.990164, 0.099561386), (0.09560022, 0.99020505, 0.10175744), (0.10114406, 0.9901078, 0.09724439), (0.21688807, 0.9761922, 0.0028976), (0.21693148, 0.9761814, 0.003270748), (0.21695264, 0.9761771, 0.0031369461), (0.21808755, 0.9759068, 0.006612748), (0.2181973, 0.9758816, 0.006710877), (-0.025089392, 0.99318755, -0.113794), (-0.024689082, 0.9930443, -0.11512318), (-0.02209824, 0.99207324, -0.1237029), (-0.021962348, 0.9920197, -0.12415522), (0.044094007, 0.99214727, 0.11704533), (0.044704054, 0.99209595, 0.11724806), (0.043784395, 0.9921732, 0.116941914), (0.043402623, 0.9922047, 0.11681549), (-0.1255104, 0.99152, 0.03369267), (-0.12545219, 0.991523, 0.03382225), (-0.12594865, 0.9914971, 0.032717373), (-0.12502614, 0.991544, 0.034769986), (-0.23203409, 0.97264177, 0.011321986), (-0.23203327, 0.97264194, 0.011320167), (-0.23202015, 0.97264546, 0.011291052), (-0.23205054, 0.9726375, 0.011358461), (0.10569261, 0.9936699, 0.038066957), (0.10368283, 0.99350184, 0.046945408), (0.10550072, 0.9936574, 0.038917176), (0.10357306, 0.9934902, 0.047432326), (0.035258625, 0.9984505, 0.043051496), (0.042872977, 0.99846727, 0.034997504), (0.034212597, 0.99843854, 0.044157866), (0.043497033, 0.9984633, 0.034336757), (-0.10086653, 0.9846848, 0.14220318), (-0.10460781, 0.98441064, 0.14139624), (-0.10143315, 0.9846443, 0.14208098), (-0.104724176, 0.98440206, 0.14137003), (-0.06837617, 0.9894188, -0.12796548), (-0.07446235, 0.9891695, -0.12648809), (-0.06766018, 0.9894456, -0.12813845), (-0.081153855, 0.9888502, -0.12485764), (0.19272694, 0.96691394, 0.16713428), (0.19265482, 0.966924, 0.1671587), (0.19247659, 0.9669494, 0.16721758), (0.19589591, 0.96646154, 0.16606317), (0.06761536, 0.9976119, 0.0141014345), (0.06861986, 0.9975266, 0.01523282), (0.06686948, 0.9976736, 0.013262504), (0.06678253, 0.99768066, 0.013163518), (0.08534184, 0.994453, -0.06148121), (0.0938663, 0.9940123, -0.05593354), (0.09174495, 0.99417615, -0.056537975), (0.09478809, 0.99395835, -0.055333946), (0.08938849, 0.9917663, -0.09170268), (0.0135655, 0.99895215, 0.043708768), (0.012138005, 0.9988858, 0.04560498), (0.018754834, 0.9990656, 0.038940944), (0.010907995, 0.9988431, 0.046834078), (0.010132348, 0.9959341, 0.08951207), (-0.035770994, 0.9990338, -0.025534155), (-0.037032995, 0.99897456, -0.026043665), (-0.040870257, 0.99880767, -0.026697954), (-0.03494259, 0.9990677, -0.025351934), (-0.020315869, 0.9997483, 0.009520521), (-0.027000057, 0.9988894, -0.038614888), (-0.029062722, 0.9989278, -0.03603765), (-0.02849186, 0.9989272, -0.036506124), (-0.029434059, 0.99893373, -0.035565488), (-0.051897317, 0.9972536, -0.05283878), (0.08759944, 0.9928637, 0.08092052), (0.08896672, 0.9927557, 0.08075224), (0.08455201, 0.99309725, 0.081294276), (0.08005942, 0.9934244, 0.081844), (0.010110117, 0.99994016, -0.0041798404), (0.010083843, 0.9999403, -0.004218988), (0.010078753, 0.9999403, -0.004226575), (0.010049844, 0.9999404, -0.00426965), (0.19024669, 0.9777705, -0.08815309), (0.19029558, 0.9777474, -0.08830411), (0.18912907, 0.9782678, -0.08498442), (0.1889586, 0.97834253, -0.08450131), (0.03702524, 0.99805826, 0.0500865), (0.03691123, 0.9980732, 0.049874615), (0.0391663, 0.9977689, 0.054067913), (0.039375015, 0.99773955, 0.05445546), (0.044730484, 0.9877957, -0.149194), (0.044797003, 0.98779595, -0.14917219), (0.0458912, 0.9878231, -0.14865872), (0.04960069, 0.9878999, -0.14694741), (0.08018955, 0.99618894, 0.034309715), (0.068201415, 0.99725014, 0.028992947), (0.08013012, 0.9961947, 0.034283455), (0.08048236, 0.99616075, 0.034442108), (-0.0057337843, 0.99501204, 0.09959058), (-0.004877746, 0.99516934, 0.098052114), (-0.004504341, 0.9952466, 0.097283415), (-0.0131612895, 0.99400973, 0.10849636), (-0.014866394, 0.9937643, 0.110505395), (-0.056572672, 0.98216665, 0.17929879), (-0.056743678, 0.98217344, 0.17920774), (-0.05706578, 0.9821822, 0.17905757), (-0.0683297, 0.9824424, 0.17360294), (0.10157607, 0.9942603, -0.033597406), (0.10072216, 0.9943204, -0.034380056), (0.10037752, 0.99434435, -0.034694802), (0.10192455, 0.99423546, -0.033277437), (0.009621324, 0.99964297, 0.024929741), (0.006306604, 0.99950063, 0.030962339), (0.006478858, 0.9995092, 0.030649526), (0.012830965, 0.99973553, 0.01908645), (0.0022079542, 0.9966162, -0.08216644), (0.002207189, 0.9966164, -0.08216397), (0.0022065127, 0.9966169, -0.0821578), (-0.011610237, 0.9988882, -0.045689747), (-0.0116103925, 0.9988882, -0.045689717), (0.0510768, 0.99819356, 0.03163425), (0.038441624, 0.9988374, 0.02908805), (0.04006081, 0.99876416, 0.029414603), (0.051431127, 0.9981731, 0.031708017), (-0.05381399, 0.9931462, 0.10375377), (-0.048332375, 0.99351066, 0.102958106), (-0.048933044, 0.9934564, 0.103198506), (-0.05595781, 0.9927811, 0.106087096), (-0.04965773, 0.9916569, 0.11895706), (-0.0543576, 0.99823534, -0.023906764), (-0.053743996, 0.99843067, -0.015738184), (-0.053757787, 0.9984273, -0.015909204), (-0.053729117, 0.99843496, -0.015517025), (0.132254, 0.98983485, 0.052305408), (0.13084453, 0.9899929, 0.052856777), (0.13210297, 0.9898526, 0.052351665), (0.12947236, 0.9901574, 0.05315166), (0.13168944, 0.9905618, 0.0380165), (0.13077612, 0.9907486, 0.036260728), (0.1608137, 0.9863067, 0.036577325), (0.16081563, 0.9863064, 0.03657691), (0.1644359, 0.98632634, -0.011012565), (0.06915103, 0.997157, 0.02993355), (0.06951567, 0.9971873, 0.028017558), (0.06256831, 0.9977865, 0.022519523), (0.0692459, 0.9971757, 0.029080672), (0.06869232, 0.99719584, 0.029694665), (-0.059208505, 0.9981458, -0.014116035), (-0.059691273, 0.99812394, -0.013624439), (-0.057855085, 0.9982054, -0.01544978), (-0.059898645, 0.99811447, -0.013403954), (-0.06803043, 0.997537, 0.01708243), (-0.09644153, 0.9952975, -0.009053713), (-0.09644387, 0.9952974, -0.00904637), (-0.09643948, 0.9952976, -0.009061021), (-0.10753516, 0.9938677, 0.025754405), (0.026014404, 0.990176, 0.1373854), (0.025889242, 0.9901676, 0.13746943), (0.030038314, 0.9901854, 0.13649452), (0.03186621, 0.99053735, 0.13349287), (0.031261276, 0.9916107, 0.12542304), (-0.026773714, 0.99950373, -0.016595226), (-0.030835973, 0.9994832, -0.00907428), (-0.030809456, 0.9994723, -0.0102875065), (-0.02626236, 0.99951684, -0.016623221), (-0.023868455, 0.9995946, -0.0155207785), (0.073244646, 0.9956298, 0.057935003), (0.07430989, 0.99539775, 0.06051026), (0.07442842, 0.9953714, 0.06079681), (0.07203457, 0.9958839, 0.055010766), (-0.035685465, 0.9930998, -0.11171066), (-0.042583544, 0.9920771, -0.11819357), (-0.042227063, 0.992132, -0.11785963), (-0.042828914, 0.99203897, -0.1184244), (-0.13058671, 0.9832787, -0.12692583), (-0.1311092, 0.9831171, -0.12763612), (-0.13067733, 0.9832508, -0.12704901), (-0.13019626, 0.9833988, -0.12639506), (0.122981176, 0.98799753, 0.09346854), (0.124953896, 0.98782533, 0.09266945), (0.13262317, 0.9871127, 0.089551896), (0.13484354, 0.9868934, 0.088649005), (-0.21176973, 0.9742973, -0.0768005), (-0.21210824, 0.97424126, -0.07657688), (-0.21505132, 0.97374606, -0.0746439), (-0.2152849, 0.97370595, -0.07449344), (-0.12128172, 0.99222493, 0.027937619), (-0.12378696, 0.9917129, 0.03438531), (-0.12523198, 0.99152774, 0.03449192), (-0.114085145, 0.9930668, 0.028333036), (-0.114085734, 0.99307245, 0.02813772), (-0.20355532, 0.97625923, 0.07404763), (-0.21087353, 0.9748726, 0.07180329), (-0.20495065, 0.9759997, 0.07362027), (-0.2126227, 0.9745321, 0.07126543), (-0.002332757, 0.99372816, -0.111798584), (-0.003620753, 0.9938308, -0.11084779), (0.0031022676, 0.9942075, -0.10743225), (0.009588132, 0.9938048, -0.11072458), (0.010850571, 0.9935486, -0.11288674), (0.011922791, 0.99323213, -0.11553318), (0.00633152, 0.99175406, -0.12799856), (-0.08878631, 0.9889402, 0.11880332), (-0.081937246, 0.9899157, 0.115556), (-0.09009364, 0.9887473, 0.1194235), (-0.08151352, 0.9899741, 0.11535535), (0.1468746, 0.9891304, 0.0070036813), (0.14700581, 0.9891121, 0.006833608), (0.14386155, 0.9895376, 0.010913299), (0.14742763, 0.98905283, 0.0062879757), (0.047638785, 0.99519473, 0.08554537), (0.057196185, 0.9946626, 0.08587812), (0.04879607, 0.99513525, 0.08558558), (0.057792976, 0.9946261, 0.085899964), (0.034934703, 0.99263716, 0.11597832), (0.030362403, 0.99266315, 0.11703902), (0.034481425, 0.9926407, 0.11608415), (0.029253304, 0.99266607, 0.11729562), (0.04085525, 0.9981749, -0.04447297), (0.047796395, 0.99760026, -0.05009127), (0.04244086, 0.9979942, -0.046972763), (0.037897624, 0.9983298, -0.043604966), (0.052168015, 0.9984358, -0.020113325), (0.037883062, 0.99832946, -0.04362663), (0.014824289, 0.9968906, -0.07739141), (0.024033848, 0.9889764, -0.14610946), (0.0209526, 0.98968667, -0.14170818), (0.023563877, 0.9892021, -0.14465111), (0.022054337, 0.9898477, -0.14041077), (0.021913461, 0.989542, -0.14257072), (0.022319164, 0.98962724, -0.14191496), (-0.04424875, 0.9983559, 0.036432628), (-0.044225357, 0.99835676, 0.036439918), (-0.044244416, 0.99835604, 0.036436766), (-0.041354638, 0.99844766, 0.037310615), (-0.07447858, 0.9971289, 0.013668818), (-0.1653733, 0.9860555, 0.018603347), (-0.165389, 0.9860535, 0.01857236), (-0.16539238, 0.986053, 0.018569661), (-0.16090588, 0.9866062, 0.026784986), (-0.017622571, 0.99977666, -0.011667151), (-0.017620167, 0.99977666, -0.011667804), (-0.017627344, 0.99977654, -0.011664499), (-0.049057063, 0.99876785, 0.0075026285), (-0.043640826, 0.99867934, 0.027112659), (-0.029066065, 0.998565, -0.044979554), (-0.029066455, 0.99856526, -0.044974633), (-0.029067438, 0.9985655, -0.04496846), (-0.025587397, 0.99639267, -0.0809124), (-0.08981067, 0.9937017, 0.06701594), (-0.0898005, 0.9937017, 0.06702768), (-0.089800656, 0.9937017, 0.06702877), (-0.12172025, 0.9920683, 0.031379677), (-0.04485264, 0.9877614, -0.1493843), (-0.03447959, 0.9915005, -0.12545046), (-0.03446989, 0.9915046, -0.12542039), (-0.034467183, 0.9915031, -0.1254338), (-0.021527493, 0.98797053, -0.15313627), (-0.039564904, 0.9989612, 0.022609513), (-0.039565317, 0.9989613, 0.022605248), (-0.03956314, 0.9989612, 0.022613231), (-0.031566303, 0.9972134, 0.06759512), (-0.065662846, 0.9978131, 0.007573185), (-0.065662846, 0.9978132, 0.0075620683), (-0.06566247, 0.9978132, 0.007569586), (-0.06493467, 0.9977198, -0.018400844), (0.009966674, 0.99916697, -0.039573453), (0.009979114, 0.9991667, -0.039575692), (0.009976171, 0.9991666, -0.039581075), (0.021279804, 0.99890125, -0.041754697), (0.01432316, 0.9984143, -0.054440953), (0.002040186, 0.99152476, 0.12990126), (0.0020614127, 0.99152595, 0.1298926), (0.0020201714, 0.99152386, 0.12990978), (0.006472863, 0.9917448, 0.12806414), (0.05710812, 0.99836296, -0.0031828221), (0.05711073, 0.99836284, -0.0031740798), (0.057106227, 0.99836296, -0.0031888203), (0.049309164, 0.9979461, -0.040892627), (-0.14220881, 0.989279, 0.033223353), (-0.14221227, 0.9892786, 0.033219237), (-0.14220718, 0.98927885, 0.03323186), (-0.15368393, 0.98803407, -0.013032294), (0.05493152, 0.97252095, -0.22624224), (0.05493608, 0.97251964, -0.22624654), (0.054944627, 0.9725176, -0.22625332), (0.06597109, 0.9697167, -0.23515357), (-0.024722615, 0.98735386, -0.15659232), (-0.024724863, 0.9873498, -0.15661773), (-0.024724482, 0.9873505, -0.15661311), (-0.024028707, 0.9885135, -0.14920974), (0.061045464, 0.9974009, -0.03827576), (0.061041586, 0.997401, -0.038278304), (0.061069023, 0.99740005, -0.03825894), (0.06955121, 0.99705976, -0.032162618), (0.099257305, 0.98533, -0.13882631), (0.09925509, 0.9853313, -0.1388195), (0.099247456, 0.9853351, -0.13879706), (0.0940292, 0.98787653, -0.123525284), (0.01916106, 0.9965906, 0.08024958), (0.019191371, 0.9965913, 0.080233425), (0.019175658, 0.996591, 0.08024202), (0.027088372, 0.996736, 0.0760499), (0.07850014, 0.99557686, 0.051617753), (0.07850563, 0.9955778, 0.051591583), (0.078501575, 0.99557734, 0.051608067), (0.08150436, 0.9959359, 0.03832193), (0.11682533, 0.99306667, 0.013049648), (0.11682467, 0.99306655, 0.013065685), (0.11682638, 0.9930669, 0.0130266575), (-0.13309908, 0.9860913, -0.0995414), (-0.13308041, 0.98609483, -0.099532805), (-0.13308594, 0.98609376, -0.09953526), (-0.14882141, 0.98301345, -0.107409224), (-0.12635306, 0.9905048, 0.05417637), (-0.12636065, 0.99050444, 0.054166086), (-0.12636429, 0.9905042, 0.054161668), (-0.15782215, 0.9872415, 0.021128038), (-0.1933839, 0.979505, 0.056325484), (-0.19338799, 0.9795043, 0.056322973), (-0.19339214, 0.9795034, 0.056325264), (-0.23162165, 0.9710527, 0.0583771), (-0.22230436, 0.974038, 0.04278794), (-0.11013902, 0.99364245, -0.023324342), (-0.11012249, 0.9936324, -0.023827989), (-0.110131964, 0.99363834, -0.023531824), (-0.110086136, 0.9936093, -0.02493225), (0.074567005, 0.99281424, -0.09359324), (0.074564055, 0.9928141, -0.0935963), (0.074557975, 0.9928134, -0.09360864), (0.09291028, 0.9933909, -0.06739588), (-0.12850031, 0.96903574, -0.21084954), (-0.1284956, 0.96903753, -0.21084428), (-0.12851208, 0.96903247, -0.21085706), (-0.09349375, 0.9785609, -0.1835142), (-0.19750495, 0.9742063, 0.10915089), (-0.19751373, 0.97420585, 0.10913914), (-0.1975036, 0.974206, 0.109156355), (-0.17523396, 0.972828, 0.15132387), (0.18229869, 0.9830252, 0.02070576), (0.18232056, 0.9830215, 0.020689799), (0.18230173, 0.9830246, 0.020703062), (0.20806365, 0.9781131, 0.002073898), (-0.099843435, 0.99234927, -0.07262447), (-0.0998335, 0.992349, -0.07264074), (-0.09984264, 0.9923494, -0.07262361), (-0.10179766, 0.99121666, -0.084420145), (-0.20699073, 0.9732055, -0.1001295), (-0.20699763, 0.9732038, -0.10013129), (-0.20701244, 0.9732002, -0.10013681), (-0.23183441, 0.96653473, -0.10983354), (0.1262799, 0.99185574, 0.01660244), (0.12626678, 0.99185735, 0.016604085), (0.12629527, 0.9918538, 0.016601091), (0.117255986, 0.99294704, 0.017527388), (0.14222065, 0.9878501, -0.0626518), (0.14222027, 0.9878494, -0.062664494), (0.14221923, 0.987852, -0.06262742), (0.14360496, 0.9837325, -0.107925564), (0.2663517, 0.9587802, 0.09898104), (0.26640287, 0.958758, 0.099058606), (0.26640147, 0.95875865, 0.099056095), (0.26131806, 0.9609146, 0.09141119), (0.12486214, 0.9885267, -0.084997), (0.12486015, 0.98852557, -0.0850127), (0.12486153, 0.98852646, -0.08500091), (0.12817757, 0.9903133, -0.0533868), (0.08765515, 0.9843146, 0.15310572), (0.087654784, 0.9843146, 0.15310562), (0.087661445, 0.9843168, 0.15308753), (0.085008696, 0.9832765, 0.16106144), (0.19522884, 0.9774686, -0.08025578), (0.19523197, 0.97746575, -0.08028167), (0.1952294, 0.9774679, -0.08026224), (0.19120379, 0.9808153, -0.037980787), (0.064003095, 0.9978923, 0.010698819), (0.06403926, 0.99789053, 0.010658178), (0.053738702, 0.9985176, 0.00865024), (0.0640507, 0.99788934, 0.010690104), (0.07297337, 0.99731404, -0.006279997), (0.043001372, 0.9942464, -0.09810708), (0.042999063, 0.99424815, -0.09808968), (0.0429979, 0.9942503, -0.09806884), (0.039685577, 0.9972052, -0.063298136), (-0.061244484, 0.99748623, 0.035642758), (-0.06123395, 0.9974861, 0.035664), (-0.061242826, 0.9974861, 0.035647113), (-0.07883377, 0.99687225, 0.005577691), (0.3042074, 0.95060766, 0.06166737), (0.30419633, 0.95061296, 0.061641537), (0.30420467, 0.95060897, 0.061660748), (0.2945739, 0.9547791, 0.040288415), (-0.1829882, 0.983115, -0.0002582168), (-0.18298748, 0.98311526, -0.00025548798), (-0.18299055, 0.9831146, -0.0002718009), (-0.18613225, 0.9823685, -0.017520092), (-0.022431875, 0.9931243, 0.11489539), (-0.022448402, 0.99312156, 0.11491598), (-0.02243702, 0.9931236, 0.11490093), (0.000623867, 0.9964044, 0.084722295), (-0.1490925, 0.9793626, -0.13645646), (-0.14909066, 0.97936594, -0.13643454), (-0.14909181, 0.97936445, -0.13644373), (-0.14746591, 0.97235286, -0.18106252), (-0.1372886, 0.9898593, -0.03647487), (-0.13729063, 0.9898589, -0.036476243), (-0.13731022, 0.98985577, -0.036488794), (-0.1080607, 0.9939983, -0.017036332), (-0.12980622, 0.9911538, 0.0276514), (-0.12978858, 0.9911556, 0.027667342), (-0.12981877, 0.99115247, 0.027639354), (-0.11918579, 0.9921612, 0.037560627), (-0.0024227295, 0.9987118, -0.050682873), (-0.0024239284, 0.9987123, -0.05067298), (-0.0024242632, 0.9987117, -0.050686464), (0.0010282214, 0.9960156, -0.08917286), (-0.11998171, 0.99186206, 0.04259223), (-0.11996416, 0.99186385, 0.042599063), (-0.119952, 0.9918646, 0.042616226), (-0.12767546, 0.9912875, 0.032373097), (0.049552683, 0.99246913, -0.112025075), (0.04954782, 0.99246866, -0.11203164), (0.0495385, 0.9924677, -0.11204349), (0.05912953, 0.993236, -0.09993044), (0.008045577, 0.98663694, -0.16273525), (0.008048641, 0.9866398, -0.16271819), (0.008047785, 0.9866389, -0.16272363), (0.009870101, 0.98813653, -0.15326092), (0.054385733, 0.9822295, 0.17963128), (0.054392282, 0.9822296, 0.1796286), (0.05436953, 0.98222864, 0.17964059), (0.028953088, 0.98059434, 0.19389823), (-0.12171601, 0.9924165, -0.01716493), (-0.12172023, 0.9924164, -0.017141609), (-0.121720895, 0.9924164, -0.017138777), (-0.126784, 0.99188167, 0.009822807), (-0.04144329, 0.985015, -0.16741584), (-0.041439958, 0.9850181, -0.1673983), (-0.04143554, 0.98502314, -0.16736946), (-0.04050251, 0.98603255, -0.16155307), (0.11769739, 0.9858132, -0.119664535), (0.117698535, 0.9858124, -0.1196703), (0.117697164, 0.9858132, -0.11966526), (0.10541873, 0.9912838, -0.07901451), (0.08240494, 0.9950669, 0.055238985), (0.08240798, 0.995067, 0.055232927), (0.08240038, 0.99506664, 0.05525007), (0.07385154, 0.9945373, 0.073767446), (-0.01852566, 0.9997656, -0.01121219), (-0.018552767, 0.9997651, -0.011204094), (-0.018535892, 0.99976534, -0.011208326), (-0.050516315, 0.99872017, -0.0024852715), (0.1565943, 0.9859276, -0.05852313), (0.15660053, 0.9859287, -0.058486532), (0.15659834, 0.9859282, -0.058502767), (0.14811496, 0.98401535, -0.098871976), (0.06995417, 0.99430484, -0.080401585), (0.0699554, 0.9943053, -0.08039392), (0.069950536, 0.994304, -0.0804138), (0.08042336, 0.99606687, -0.03718818), (0.13091342, 0.991347, 0.009637618), (0.1308989, 0.9913489, 0.009629829), (0.13090393, 0.9913482, 0.009633232), (0.16990788, 0.98500764, 0.029852713), (0.06422721, 0.99159765, -0.112289734), (0.06421401, 0.9916225, -0.112077475), (0.06421781, 0.9916155, -0.112137094), (0.06439233, 0.9912787, -0.114979304), (0.1761218, 0.9839676, 0.028088415), (0.17611861, 0.98396826, 0.028081317), (0.17612457, 0.98396677, 0.028097915), (0.18393607, 0.98147154, 0.053675324), (-0.15745275, 0.9871414, 0.027577678), (-0.15745234, 0.9871415, 0.027577516), (-0.1574526, 0.9871416, 0.027571242), (-0.16298284, 0.98662865, 0.00069688447), (-0.13854793, 0.99022865, 0.015865602), (-0.1385418, 0.9902293, 0.015873186), (-0.1385493, 0.99022853, 0.015862757), (-0.12476935, 0.9913884, 0.039770763), (-0.03216564, 0.99924624, 0.021730833), (-0.032173354, 0.99924576, 0.021743575), (-0.032184493, 0.99924505, 0.021760747), (-0.013489837, 0.9998822, -0.007319811), (-0.046523664, 0.9988636, -0.010347211), (-0.04652821, 0.99886334, -0.010348938), (-0.046506792, 0.9988644, -0.01034043), (-0.015196777, 0.9998821, 0.0022184162), (-0.051633976, 0.9965628, -0.06478082), (-0.051753722, 0.9965538, -0.06482468), (-0.05185006, 0.99654645, -0.064859994), (-0.05204768, 0.9965314, -0.06493244), (0.039096802, 0.999215, 0.0063948547), (0.039078943, 0.9992157, 0.006393506), (0.03907458, 0.99921584, 0.0063915546), (-0.006753479, 0.99997723, -0.00029135394), (-0.03401433, 0.99941945, 0.0019298687), (-0.034025636, 0.9994191, 0.0019461616), (-0.034037758, 0.9994186, 0.0019393422), (-0.04672354, 0.9987197, 0.01938638), (-0.061048206, 0.99787617, -0.022720188), (-0.10874705, 0.99326694, -0.039936136), (-0.10873962, 0.99326843, -0.03991956), (-0.108730845, 0.99327046, -0.03989386), (-0.09664931, 0.99527574, -0.0092200935), (-0.08316238, 0.99567246, -0.041477524), (-0.08317054, 0.99567115, -0.04149142), (-0.08317294, 0.9956708, -0.041496594), (-0.09655245, 0.9931979, -0.06508146), (0.12555836, 0.9897556, -0.06796388), (0.12556033, 0.9897551, -0.06796572), (0.1255597, 0.98975533, -0.06796472), (0.12201182, 0.9917747, -0.03867729), (0.040695403, 0.9965945, 0.07171583), (0.040710937, 0.9965946, 0.071706645), (0.040716875, 0.9965945, 0.07170407), (0.004788652, 0.995924, 0.09006895), (0.041258596, 0.99116, 0.126094), (0.04125879, 0.99116, 0.12609358), (0.04125248, 0.99115753, 0.12611465), (0.047960624, 0.9934256, 0.10394911), (0.09785884, 0.9922856, -0.07611136), (0.09785946, 0.9922856, -0.07611108), (0.09785365, 0.9922856, -0.076118775), (0.08473117, 0.9915087, -0.09864625), (0.23450083, 0.971026, 0.046021387), (0.234512, 0.9710225, 0.046037856), (0.23449926, 0.97102654, 0.04601768), (0.25191316, 0.96493363, 0.07377558), (0.11542993, 0.99322647, -0.013308594), (0.11542825, 0.99322814, -0.013195401), (0.11543071, 0.99322635, -0.013312754), (0.11544125, 0.9932181, -0.0138248475), (0.2145311, 0.9762151, 0.031311594), (0.21455663, 0.9762089, 0.031331446), (0.2145619, 0.9762073, 0.03134463), (0.20656714, 0.9784322, -0.00071109855), (0.2065736, 0.9784308, -0.00073237467), (-0.05674627, 0.9982008, 0.019368349), (-0.05674743, 0.9982008, 0.01936381), (-0.05674071, 0.99820065, 0.019390587), (-0.05873316, 0.9982071, 0.011537681), (-0.007914489, 0.9985123, -0.053949725), (-0.007939887, 0.9985102, -0.053985488), (-0.007934257, 0.99851054, -0.053977776), (-0.004832893, 0.99875903, -0.04956856), (-0.0123071065, 0.99874085, -0.048634265), (-0.012725853, 0.9998456, -0.012118259), (-0.012304887, 0.9987419, -0.048612013), (-0.012300728, 0.9987419, -0.048615206), (-0.0022278114, 0.99940157, -0.03451817), (0.012590842, 0.9991215, -0.039971408), (0.012625505, 0.9991173, -0.04006324), (0.012596904, 0.9991208, -0.03998846), (0.015437557, 0.99875116, -0.04751533), (-0.0006927814, 0.99963415, 0.027038725), (-0.0006923089, 0.99963415, 0.027040815), (-0.0006839743, 0.9996333, 0.027068987), (-0.004793707, 0.9999069, 0.0127810985), (0.00969915, 0.9992524, -0.037422355), (0.00957305, 0.99925166, -0.037475016), (0.009675167, 0.99925226, -0.037432235), (0.007680869, 0.99923813, -0.038263995), (0.0081699835, 0.9996679, 0.024440432), (0.008200429, 0.9996674, 0.024449557), (0.00818572, 0.99966764, 0.024444882), (0.008193642, 0.9996675, 0.024446893), (-0.25549516, 0.96624523, 0.033049934), (-0.25550383, 0.9662424, 0.033069346), (-0.2555026, 0.9662425, 0.03307205), (-0.24296401, 0.97003514, 0.00051134155), (-0.06049058, 0.99800855, -0.0178859), (-0.060507543, 0.99800736, -0.017891556), (-0.06047951, 0.99800926, -0.017883634), (-0.032144494, 0.9994425, -0.009020699), (-0.01676296, 0.98886895, 0.14784148), (-0.016764123, 0.9888666, 0.14785723), (-0.016765188, 0.9888707, 0.14782979), (-0.01469782, 0.98346, 0.18052801), (-0.010775121, 0.9839355, 0.17819904), (0.036428463, 0.9930393, -0.112008706), (0.036434617, 0.9930397, -0.112002224), (0.03642289, 0.9930386, -0.112016834), (0.04720743, 0.9941081, -0.09757295), (-0.091440834, 0.9956007, -0.020437315), (-0.09143933, 0.99560094, -0.02043668), (-0.09145928, 0.99559903, -0.020436099), (-0.11455021, 0.99323905, -0.018824818), (-0.050140753, 0.99873465, 0.0038882962), (-0.050154846, 0.99873394, 0.0038841714), (-0.05016082, 0.9987336, 0.0038830244), (-0.027226457, 0.9995766, 0.010259344), (0.09784032, 0.9949929, -0.020404411), (0.09783268, 0.9949929, -0.020444747), (0.097833045, 0.9949929, -0.020439573), (0.09943021, 0.99497885, -0.011434973), (0.09010614, 0.9932375, -0.07321245), (0.09009466, 0.9932394, -0.07320071), (0.09010017, 0.99323857, -0.073206134), (0.06819169, 0.996278, -0.052725405), (-0.0011816449, 0.9974377, -0.07153083), (-0.001173066, 0.99743867, -0.071516596), (-0.0011774157, 0.9974383, -0.071521275), (-0.020820575, 0.99435306, -0.10406043), (-0.061944716, 0.99310535, -0.099521756), (-0.061943743, 0.9931055, -0.09952189), (-0.06195175, 0.9931039, -0.09953142), (-0.04771926, 0.99559814, -0.08066664), (-0.037146986, 0.9815895, -0.1873554), (-0.037131056, 0.9816528, -0.18702681), (-0.03714273, 0.9816065, -0.18726762), (-0.03715824, 0.98154485, -0.18758763), (0.08179909, 0.98783445, 0.13225785), (0.08190037, 0.9878, 0.13245158), (0.08187943, 0.9878071, 0.13241196), (0.0810889, 0.98807424, 0.13089693), (0.10109798, 0.98849887, -0.11246822), (0.101092406, 0.9885014, -0.112451375), (0.10109734, 0.98849946, -0.11246425), (0.1114787, 0.9818927, -0.1531637), (0.022209337, 0.9818507, -0.18835105), (0.022207972, 0.9818516, -0.18834642), (0.022207456, 0.9818523, -0.18834288), (0.017970968, 0.98533744, -0.16966811), (0.063769266, 0.99640733, -0.055730578), (0.058847632, 0.9978393, -0.029218605), (0.058841158, 0.99783915, -0.029238699), (0.06376595, 0.99640745, -0.055733304), (0.06377865, 0.9964083, -0.055702124), (0.07950896, 0.99658513, -0.022279965), (0.10637713, 0.9800245, -0.16803528), (0.106376395, 0.98002553, -0.16802958), (0.1063762, 0.9800254, -0.16803074), (0.10909734, 0.97260386, -0.20527898), (0.01224991, 0.9982469, -0.05790596), (0.012237426, 0.99824727, -0.057901166), (0.012254601, 0.99824667, -0.05790839), (0.0320902, 0.9973948, -0.06460465), (0.11308233, 0.9925741, -0.044822264), (0.1130803, 0.9925746, -0.044815976), (0.11308156, 0.99257433, -0.044818275), (0.116227575, 0.991325, -0.061366796), (0.12755565, 0.987889, -0.08834479), (0.12755924, 0.9878878, -0.088353075), (0.12755299, 0.98788995, -0.088338286), (0.12003734, 0.9901799, -0.07165737), (0.13196927, 0.99105775, 0.019714536), (0.13195747, 0.9910596, 0.019701706), (0.13197939, 0.9910562, 0.019727223), (0.10567358, 0.99434185, -0.010830817), (0.18573146, 0.98230803, -0.023976935), (0.18572572, 0.9823073, -0.024049422), (0.18572527, 0.982307, -0.024066845), (0.18591739, 0.9823331, -0.021365093), (-0.01894382, 0.9978339, -0.062998034), (-0.018940853, 0.9978351, -0.06297941), (-0.018939873, 0.9978356, -0.062972784), (-0.025209296, 0.99430954, -0.103503354), (0.0026828519, 0.98534966, -0.17052545), (0.0026845352, 0.98535, -0.17052297), (0.0026863785, 0.9853512, -0.17051643), (-0.0062017855, 0.9804099, -0.19687061), (-0.05868195, 0.99715936, 0.047220506), (-0.05868869, 0.9971591, 0.04721589), (-0.058679905, 0.99715936, 0.0472234), (-0.08132656, 0.99629176, 0.028085101), (0.04582535, 0.99624926, -0.07339868), (0.04582554, 0.99624926, -0.07339863), (0.04582648, 0.9962507, -0.07337837), (0.045183703, 0.99516016, -0.08726194), (0.16396578, 0.9803506, -0.10967129), (0.16396713, 0.9803491, -0.1096835), (0.16396752, 0.980349, -0.109683715), (0.16324472, 0.9836949, -0.075467855), (0.079054885, 0.977469, 0.19571532), (0.07904541, 0.9774663, 0.19573304), (0.079034366, 0.97746277, 0.1957553), (0.07904304, 0.97746503, 0.19574027), (-0.034201436, 0.98648363, -0.1602503), (-0.034234, 0.98647934, -0.16026998), (-0.03421312, 0.98648214, -0.16025746), (-0.03423783, 0.98647875, -0.16027255), (0.16048785, 0.9763623, 0.14477637), (0.16055332, 0.976344, 0.1448278), (0.16060804, 0.9763292, 0.14486602), (0.16053939, 0.97634786, 0.14481704), (-0.21300428, 0.9678668, 0.13365236), (-0.21307832, 0.9678188, 0.13388197), (-0.21320273, 0.96773785, 0.1342688), (-0.21307817, 0.9678188, 0.13388193), (0.18606511, 0.97893447, 0.08406536), (0.18598832, 0.97893983, 0.08417319), (0.18596788, 0.9789412, 0.084201895), (0.1859918, 0.97893953, 0.08416896), (-0.006070136, 0.9966545, -0.081504636), (-0.0060567767, 0.9966588, -0.081452996), (-0.0060550035, 0.9966595, -0.081445076), (-0.0060647037, 0.99665654, -0.08148029), (0.07540003, 0.9970374, -0.01520964), (0.07542708, 0.9970354, -0.015204171), (0.075422, 0.99703574, -0.015205722), (0.07542283, 0.99703574, -0.01520523), (-0.11280805, 0.9848124, 0.13198124), (-0.11276915, 0.9848262, 0.13191064), (-0.11277127, 0.9848258, 0.13191245), (-0.112780586, 0.9848223, 0.13193), (-0.08493908, 0.991438, 0.09917786), (-0.08493017, 0.99143887, 0.09917572), (-0.08496384, 0.99143535, 0.099182405), (-0.084933005, 0.9914386, 0.099175155), (-0.11878212, 0.9928606, -0.010891322), (-0.11887226, 0.99285066, -0.010817999), (-0.11884207, 0.99285394, -0.010842231), (-0.11885106, 0.992853, -0.010834211), (-0.15022108, 0.98626673, -0.06863983), (-0.15023665, 0.9862643, -0.068641804), (-0.15055038, 0.98621494, -0.06866278), (-0.15023288, 0.9862649, -0.068641864), (0.06811131, 0.997575, 0.014317108), (0.06809087, 0.9975763, 0.014325687), (0.0681179, 0.9975746, 0.0143142), (0.068111815, 0.997575, 0.014316716), (0.12225637, 0.9819695, 0.14418496), (0.122283764, 0.9819724, 0.1441419), (0.12239895, 0.9819847, 0.14396013), (0.12227319, 0.9819713, 0.14415814), (0.04648187, 0.99545693, -0.08309612), (0.046514843, 0.99545324, -0.083121926), (0.04651584, 0.995453, -0.08312459), (0.046527054, 0.9954515, -0.08313541), (0.17197613, 0.98370266, -0.052471183), (0.17198434, 0.9837015, -0.052465327), (0.1719995, 0.9836997, -0.052451678), (0.17198616, 0.9837015, -0.052461274), (0.03855544, 0.98790574, -0.15018548), (0.03854483, 0.9879066, -0.15018304), (0.03879611, 0.9878911, -0.15021974), (0.03855122, 0.987906, -0.15018508), (-0.09449177, 0.99524325, -0.02370729), (-0.09446659, 0.99524707, -0.023650303), (-0.094418086, 0.9952543, -0.023540922), (-0.094457746, 0.9952484, -0.023631481), (-0.084927164, 0.98492324, -0.15071006), (-0.08495156, 0.98491365, -0.1507594), (-0.08507934, 0.9848632, -0.15101613), (-0.08495055, 0.9849139, -0.15075807), (0.09219138, 0.97479886, 0.20314531), (0.09217285, 0.9748038, 0.20312972), (0.09200668, 0.97485036, 0.20298137), (0.09217844, 0.9748024, 0.2031345), (-0.07567396, 0.14765397, 0.9861398), (-0.075687006, 0.14768997, 0.9861334), (-0.07573699, 0.14771254, 0.98612624), (-0.07568009, 0.1476721, 0.9861367), (-0.08704391, 0.15119922, 0.9846635), (-0.08710458, 0.15132974, 0.98463804), (0.99937755, 0.035113864, -0.003403865), (0.9993767, 0.035140675, -0.0033795554), (0.9993773, 0.03512196, -0.0033914887), (0.9993766, 0.03514303, -0.0033750234), (0.9992536, 0.03862272, 0.0006759968), (0.99925476, 0.038594022, 0.00066459924), (0.03791322, 0.06468302, -0.9971854), (0.03790895, 0.06467775, -0.9971859), (0.037907917, 0.06467209, -0.99718624), (0.037913058, 0.064685866, -0.9971852), (-0.9830755, 0.16062252, -0.088107884), (-0.983076, 0.16061975, -0.08810738), (-0.9830719, 0.1606387, -0.08811755), (-0.9830709, 0.1606439, -0.08811948), (-0.048341144, 0.123618126, 0.99115163), (-0.04840836, 0.123744205, 0.9911327), (-0.048482504, 0.12388331, 0.9911117), (-0.048414435, 0.12375554, 0.99113095), (0.031262662, 0.13100971, 0.990888), (0.031248264, 0.13105233, 0.9908828), (0.031220127, 0.1311389, 0.9908723), (0.031217037, 0.13114798, 0.99087125), (-0.044491682, 0.08711799, -0.995204), (-0.0445041, 0.087101765, -0.9952048), (-0.044487603, 0.08712401, -0.9952036), (-0.044494003, 0.08711527, -0.9952041), (0.98447716, 0.042159993, -0.17037383), (0.98447764, 0.042168576, -0.1703693), (0.98447555, 0.042125653, -0.1703916), (0.9844769, 0.0421572, -0.17037565), (0.3088282, 0.106950335, 0.9450856), (0.308823, 0.10695772, 0.9450864), (0.3088301, 0.106947616, 0.9450853), (0.3088354, 0.10694012, 0.9450844), (-0.10029658, 0.028389977, -0.99455243), (-0.10028429, 0.02845637, -0.99455184), (-0.10031994, 0.028390393, -0.99455005), (-0.10033547, 0.028390788, -0.9945485), (-0.06025285, 0.03304348, -0.9976361), (-0.060281124, 0.03299587, -0.99763596), (-0.9894677, 0.14217679, 0.027194243), (-0.9890772, 0.14117515, 0.04237935), (-0.9890736, 0.14120293, 0.042369172), (-0.9894665, 0.14218189, 0.027209707), (-0.9894694, 0.14216606, 0.027185561), (-0.9894695, 0.14216721, 0.027177555), (-0.9886686, 0.1416403, 0.04972173), (-0.9886623, 0.14169894, 0.049681228), (-0.09827247, 0.054834984, -0.99364763), (-0.098488994, 0.05457621, -0.9936405), (-0.098563, 0.05448802, -0.99363786), (-0.0984867, 0.054579712, -0.9936405), (0.5087437, 0.04122113, -0.85993063), (0.5088879, 0.041415293, -0.859836), (0.50904685, 0.04163571, -0.8597312), (0.5089221, 0.041464247, -0.85981333), (0.99715245, 0.03620873, 0.06614971), (0.99715, 0.036247093, 0.06616693), (0.99714535, 0.03631673, 0.06619887), (0.9971486, 0.036268324, 0.06617703), (0.07302589, 0.037756134, -0.9966151), (0.07296072, 0.037664462, -0.9966234), (0.07289009, 0.037564613, -0.9966323), (0.072927855, 0.03761634, -0.9966276), (-0.98274016, 0.14731339, 0.111895375), (-0.9827639, 0.1470265, 0.112064004), (-0.9827109, 0.1476647, 0.111688815), (-0.9826865, 0.14795686, 0.11151701), (0.9908778, 0.026465867, 0.13213874), (0.9909112, 0.026229061, 0.13193615), (0.99091774, 0.02617883, 0.13189662), (0.99091095, 0.026225943, 0.13193819), (0.9982426, 0.03428473, 0.048333384), (0.9982735, 0.033816833, 0.048027094), (0.9983045, 0.033342637, 0.04771223), (0.99827623, 0.033779126, 0.047997024), (-0.0076720295, 0.9872612, 0.15892296), (0.005120909, 0.9934244, 0.11437553), (-0.0076627545, 0.9872617, 0.15892014), (0.005106391, 0.9934238, 0.11438054), (-0.0076754573, 0.98725677, 0.15895051)]
    uniform token orientation
    point3f[] points = [(-11.473763, 2.0187378, 3.6244376), (-11.610296, 2.03138, -1.5884435), (-10.99872, 2.110254, 1.2724028), (-10.99872, 2.110254, 1.2724028), (-9.334113, 2.2980268, 1.8959695), (-10.104806, 2.1908276, 3.4581933), (-11.610296, 2.03138, -1.5884435), (-10.911679, 2.142419, -2.564618), (-10.560888, 2.129789, -1.3590133), (-10.367402, 2.1744602, -0.7697957), (-10.99872, 2.110254, 1.2724028), (-10.104806, 2.1908276, 3.4581933), (-11.473763, 2.0187378, 3.6244376), (-9.91609, 2.198881, 4.0287724), (-10.599858, 2.1363723, 8.552586), (-9.750831, 2.1106384, 10.288945), (-10.893142, 2.02652, 10.509989), (-11.039762, 2.0937402, 5.638062), (-9.91609, 2.198881, 4.0287724), (-9.946692, 2.1854644, 5.033755), (-10.104806, 2.1908276, 3.4581933), (-9.180247, 2.2548957, 3.2976708), (-9.086259, 2.2999728, 2.5812533), (-9.334113, 2.2980268, 1.8959695), (-10.99872, 2.110254, 1.2724028), (-9.387381, 2.2899914, 1.094732), (-10.911679, 2.142419, -2.564618), (-9.818823, 2.2353833, -3.9860735), (-9.804514, 2.2747827, -3.3579946), (-11.039762, 2.0937402, 5.638062), (-10.298895, 2.1924238, 6.1620994), (-11.308452, 2.0490925, 6.820328), (-10.911679, 2.142419, -2.564618), (-10.048065, 2.2315574, -2.183384), (-10.560888, 2.129789, -1.3590133), (-10.560888, 2.129789, -1.3590133), (-10.048065, 2.2315574, -2.183384), (-9.947454, 2.211058, -1.7211245), (-9.884815, 2.2553473, 0.55955315), (-10.094675, 2.208867, -0.16787606), (-8.91994, 2.4395976, 0.4056025), (-10.367402, 2.1744602, -0.7697957), (-10.560888, 2.129789, -1.3590133), (-9.947454, 2.211058, -1.7211245), (-8.91994, 2.4395976, 0.4056025), (-10.094675, 2.208867, -0.16787606), (-9.276652, 2.3420825, -0.16064979), (-9.266913, 2.3564053, -0.62971973), (-10.367402, 2.1744602, -0.7697957), (-9.268317, 2.2795682, -1.2367241), (-9.884815, 2.2553473, 0.55955315), (-8.91994, 2.4395976, 0.4056025), (-9.387381, 2.2899914, 1.094732), (-9.334113, 2.2980268, 1.8959695), (-9.387381, 2.2899914, 1.094732), (-8.55337, 2.4425845, 2.0667574), (-9.804514, 2.2747827, -3.3579946), (-9.818823, 2.2353833, -3.9860735), (-8.602993, 2.19919, -3.7625332), (-9.951159, 2.237156, -4.6070366), (-8.992019, 2.2572622, -4.3762136), (-9.818823, 2.2353833, -3.9860735), (-10.893142, 2.02652, 10.509989), (-9.750831, 2.1106384, 10.288945), (-6.7666874, 2.0408397, 10.866636), (-8.55337, 2.4425845, 2.0667574), (-9.387381, 2.2899914, 1.094732), (-8.186309, 2.4689999, 1.5418769), (-9.72306, 2.2293863, -2.5458026), (-9.015754, 2.274019, -2.4813113), (-9.112614, 2.2168968, -1.8972456), (-9.804514, 2.2747827, -3.3579946), (-10.911679, 2.142419, -2.564618), (-9.10189, 2.2116916, -5.202925), (-9.706143, 2.2184381, -5.984331), (-9.050669, 2.1859224, -6.3808274), (-9.180247, 2.2548957, 3.2976708), (-8.2395, 2.4131286, 2.9758608), (-8.556704, 2.2828522, 3.683859), (-9.086259, 2.2999728, 2.5812533), (-8.307804, 2.4008465, 2.4698012), (-8.2395, 2.4131286, 2.9758608), (-9.387381, 2.2899914, 1.094732), (-8.371811, 2.5283616, 0.92035854), (-8.186309, 2.4689999, 1.5418769), (-9.268317, 2.2795682, -1.2367241), (-9.112614, 2.2168968, -1.8972456), (-8.657232, 2.2379174, -1.5913402), (-9.804514, 2.2747827, -3.3579946), (-8.602993, 2.19919, -3.7625332), (-8.932807, 2.2269511, -3.1725063), (-8.291305, 2.203481, -2.5742517), (-7.5833898, 2.1671457, -2.9289749), (-8.510795, 2.2550814, 6.9508853), (-10.089069, 2.147574, 7.2567472), (-7.8272862, 2.2056952, 5.876105), (-8.91994, 2.4395976, 0.4056025), (-9.276652, 2.3420825, -0.16064979), (-8.395759, 2.432348, 0.018709205), (-7.263394, 2.5939429, 0.05394481), (-7.913442, 2.5802448, 0.59276175), (-7.0277276, 2.6672878, 0.38226217), (-9.276652, 2.3420825, -0.16064979), (-9.266913, 2.3564053, -0.62971973), (-8.498585, 2.4093783, -0.5101395), (-8.992019, 2.2572622, -4.3762136), (-9.10189, 2.2116916, -5.202925), (-8.538544, 2.214781, -4.8821473), (-9.10189, 2.2116916, -5.202925), (-9.050669, 2.1859224, -6.3808274), (-8.342698, 2.2679393, -5.7986484), (-10.889564, 2.1263545, -9.539208), (-11.496212, 2.0257957, -11.228578), (-8.313464, 2.0459979, -11.343415), (-8.675147, 2.2505555, 4.682839), (-8.556704, 2.2828522, 3.683859), (-7.786896, 2.234231, 4.0843954), (-8.307804, 2.4008465, 2.4698012), (-7.667976, 2.4459217, 2.4309912), (-8.2395, 2.4131286, 2.9758608), (-8.371811, 2.5283616, 0.92035854), (-8.91994, 2.4395976, 0.4056025), (-7.913442, 2.5802448, 0.59276175), (-9.112614, 2.2168968, -1.8972456), (-8.291305, 2.203481, -2.5742517), (-8.657232, 2.2379174, -1.5913402), (-9.112614, 2.2168968, -1.8972456), (-9.015754, 2.274019, -2.4813113), (-8.291305, 2.203481, -2.5742517), (-9.015754, 2.274019, -2.4813113), (-8.932807, 2.2269511, -3.1725063), (-8.291305, 2.203481, -2.5742517), (-9.10189, 2.2116916, -5.202925), (-8.342698, 2.2679393, -5.7986484), (-8.538544, 2.214781, -4.8821473), (-8.556704, 2.2828522, 3.683859), (-8.2395, 2.4131286, 2.9758608), (-7.786896, 2.234231, 4.0843954), (-8.186309, 2.4689999, 1.5418769), (-7.5254483, 2.6254122, 1.3016883), (-7.4568114, 2.490385, 1.873646), (-8.91994, 2.4395976, 0.4056025), (-8.395759, 2.432348, 0.018709205), (-7.263394, 2.5939429, 0.05394481), (-7.5833898, 2.1671457, -2.9289749), (-8.932807, 2.2269511, -3.1725063), (-7.7980504, 2.2011943, -3.4588768), (-8.538544, 2.214781, -4.8821473), (-8.342698, 2.2679393, -5.7986484), (-7.645857, 2.2327867, -5.749465), (-7.786896, 2.234231, 4.0843954), (-6.550056, 2.3583083, 3.7837398), (-6.630361, 2.2194755, 4.4621964), (-7.667976, 2.4459217, 2.4309912), (-6.7246575, 2.5413184, 2.4604874), (-7.151187, 2.3598495, 3.1898263), (-7.5254483, 2.6254122, 1.3016883), (-7.913442, 2.5802448, 0.59276175), (-7.2202635, 2.6145382, 1.0228946), (-7.6462955, 2.44024, -1.2087889), (-8.657232, 2.2379174, -1.5913402), (-7.503412, 2.3065572, -1.7487439), (-8.342698, 2.2679393, -5.7986484), (-8.196909, 2.23033, -6.7714005), (-7.645857, 2.2327867, -5.749465), (-8.354986, 2.249536, -7.650211), (-7.915775, 2.214647, -8.688697), (-7.223901, 2.3582768, -7.467053), (-6.773992, 2.2101333, 4.717692), (-7.786896, 2.234231, 4.0843954), (-6.630361, 2.2194755, 4.4621964), (-7.151187, 2.3598495, 3.1898263), (-6.5277586, 2.38234, 3.1524084), (-6.550056, 2.3583083, 3.7837398), (-7.4568114, 2.490385, 1.873646), (-7.5254483, 2.6254122, 1.3016883), (-6.7454796, 2.519073, 1.6701303), (-7.7980504, 2.2011943, -3.4588768), (-7.0520434, 2.235231, -3.3740873), (-7.5833898, 2.1671457, -2.9289749), (-7.4499187, 2.178117, -3.8308434), (-7.9289093, 2.2393122, -4.666103), (-6.9362426, 2.1083422, -4.242929), (-7.223901, 2.3582768, -7.467053), (-6.813834, 2.320199, -6.8993063), (-8.196909, 2.23033, -6.7714005), (-7.8272862, 2.2056952, 5.876105), (-7.0608115, 2.228698, 5.3946447), (-6.4667325, 2.269337, 5.806365), (-7.4568114, 2.490385, 1.873646), (-6.7454796, 2.519073, 1.6701303), (-6.7246575, 2.5413184, 2.4604874), (-7.0608115, 2.228698, 5.3946447), (-5.996787, 2.2284591, 5.2428293), (-6.4667325, 2.269337, 5.806365), (-7.0608115, 2.228698, 5.3946447), (-6.773992, 2.2101333, 4.717692), (-5.996787, 2.2284591, 5.2428293), (-6.7454796, 2.519073, 1.6701303), (-6.2058897, 2.4883564, 2.0857384), (-6.7246575, 2.5413184, 2.4604874), (-7.5833898, 2.1671457, -2.9289749), (-7.0520434, 2.235231, -3.3740873), (-6.5845733, 2.2203646, -2.7372496), (-7.645857, 2.2327867, -5.749465), (-6.6995425, 2.312916, -5.302443), (-7.348993, 2.2208066, -5.042632), (-7.223901, 2.3582768, -7.467053), (-7.915775, 2.214647, -8.688697), (-6.872368, 2.3063216, -8.103264), (-7.915775, 2.214647, -8.688697), (-6.331928, 2.3308008, -8.515149), (-6.872368, 2.3063216, -8.103264), (-7.4752, 2.201522, -9.66136), (-6.4814672, 2.2474167, -9.242222), (-6.609403, 2.2221467, -9.899515), (-6.6995425, 2.312916, -5.302443), (-7.645857, 2.2327867, -5.749465), (-6.57857, 2.3039365, -5.756124), (-7.9289093, 2.2393122, -4.666103), (-8.538544, 2.214781, -4.8821473), (-8.602993, 2.19919, -3.7625332), (-6.628251, 2.2566433, 7.472), (-6.8175845, 2.2228954, 6.8032694), (-5.5453415, 2.3064613, 6.8055577), (-5.856156, 2.3291478, 3.6018682), (-6.5277586, 2.38234, 3.1524084), (-5.955454, 2.3878474, 2.9244084), (-6.5277586, 2.38234, 3.1524084), (-6.7246575, 2.5413184, 2.4604874), (-5.955454, 2.3878474, 2.9244084), (-7.2202635, 2.6145382, 1.0228946), (-6.075135, 2.5645921, 1.4965539), (-6.7454796, 2.519073, 1.6701303), (-7.2202635, 2.6145382, 1.0228946), (-6.188693, 2.600442, 1.0806172), (-6.075135, 2.5645921, 1.4965539), (-7.569674, 2.2907696, -2.1378038), (-6.6045732, 2.2603493, -2.2636771), (-6.4814744, 2.2664149, -1.6275806), (-6.628251, 2.2566433, 7.472), (-5.5453415, 2.3064613, 6.8055577), (-5.958992, 2.2302277, 7.8510404), (-6.773992, 2.2101333, 4.717692), (-6.630361, 2.2194755, 4.4621964), (-5.996787, 2.2284591, 5.2428293), (-6.7454796, 2.519073, 1.6701303), (-6.075135, 2.5645921, 1.4965539), (-5.8547306, 2.5598085, 1.7571551), (-6.5166306, 2.5940557, 0.8119981), (-7.0277276, 2.6672878, 0.38226217), (-6.073376, 2.5247333, 0.60939085), (-6.813834, 2.320199, -6.8993063), (-7.223901, 2.3582768, -7.467053), (-5.931004, 2.293992, -7.801667), (-5.856156, 2.3291478, 3.6018682), (-5.1394286, 2.429181, 3.3889918), (-5.569173, 2.184812, 4.254035), (-7.0520434, 2.235231, -3.3740873), (-6.250582, 2.2036703, -3.4681237), (-6.5845733, 2.2203646, -2.7372496), (-6.872368, 2.3063216, -8.103264), (-6.331928, 2.3308008, -8.515149), (-5.931004, 2.293992, -7.801667), (-6.2058897, 2.4883564, 2.0857384), (-5.8547306, 2.5598085, 1.7571551), (-5.30207, 2.4391825, 2.1467972), (-6.5166306, 2.5940557, 0.8119981), (-6.073376, 2.5247333, 0.60939085), (-6.188693, 2.600442, 1.0806172), (-6.073376, 2.5247333, 0.60939085), (-6.6668286, 2.5369225, 0.052045044), (-6.034234, 2.5345833, -0.028821131), (-6.5845733, 2.2203646, -2.7372496), (-6.250582, 2.2036703, -3.4681237), (-5.69327, 2.3179688, -3.255892), (-6.813834, 2.320199, -6.8993063), (-5.7379746, 2.3530858, -6.968825), (-6.2176523, 2.3234801, -6.582545), (-6.075135, 2.5645921, 1.4965539), (-6.188693, 2.600442, 1.0806172), (-5.320283, 2.4669516, 1.153465), (-6.073376, 2.5247333, 0.60939085), (-6.034234, 2.5345833, -0.028821131), (-5.684735, 2.5175142, 0.2605966), (-6.5671635, 2.4650984, -0.38649768), (-5.758507, 2.4061766, -0.5819953), (-6.034234, 2.5345833, -0.028821131), (-6.5845733, 2.2203646, -2.7372496), (-5.69327, 2.3179688, -3.255892), (-5.74772, 2.3277693, -2.8855634), (-6.2176523, 2.3234801, -6.582545), (-5.7379746, 2.3530858, -6.968825), (-5.7281046, 2.2620595, -6.1116667), (-6.813834, 2.320199, -6.8993063), (-5.931004, 2.293992, -7.801667), (-5.7379746, 2.3530858, -6.968825), (-5.1394286, 2.429181, 3.3889918), (-4.7107797, 2.3825204, 3.7630157), (-5.569173, 2.184812, 4.254035), (-5.8547306, 2.5598085, 1.7571551), (-5.320283, 2.4669516, 1.153465), (-5.155426, 2.469203, 1.7721031), (-6.073376, 2.5247333, 0.60939085), (-5.1563835, 2.549686, 0.4925016), (-5.320283, 2.4669516, 1.153465), (-6.0714946, 2.1280603, -3.9672153), (-6.228758, 2.085921, -4.2783136), (-5.49519, 2.186476, -4.6327415), (-6.228758, 2.085921, -4.2783136), (-5.881182, 2.1550586, -4.7181563), (-5.49519, 2.186476, -4.6327415), (-5.3874807, 2.250663, 8.159786), (-4.7335997, 2.3575845, 8.020109), (-4.599307, 2.2785726, 8.745184), (-4.9072156, 2.2975914, 6.694511), (-5.0450487, 2.223672, 5.9712543), (-4.4558096, 2.237799, 6.006006), (-6.034234, 2.5345833, -0.028821131), (-5.758507, 2.4061766, -0.5819953), (-5.060909, 2.3817084, -0.16377649), (-6.0682435, 2.404739, -0.93418664), (-5.410843, 2.4773388, -1.0939368), (-5.758507, 2.4061766, -0.5819953), (-6.0714946, 2.1280603, -3.9672153), (-5.49519, 2.186476, -4.6327415), (-5.1196322, 2.204504, -4.3184886), (-5.886708, 2.2349792, -5.4741416), (-5.1336484, 2.1946795, -4.9825463), (-5.49519, 2.186476, -4.6327415), (-5.886708, 2.2349792, -5.4741416), (-5.1592603, 2.3090882, -5.6423216), (-5.1336484, 2.1946795, -4.9825463), (-5.7791615, 2.2587543, -8.977391), (-5.153502, 2.32294, -8.354899), (-5.931004, 2.293992, -7.801667), (-4.4558096, 2.237799, 6.006006), (-4.948175, 2.1336234, 5.4772515), (-4.241066, 2.3057845, 5.240479), (-4.7107797, 2.3825204, 3.7630157), (-5.1394286, 2.429181, 3.3889918), (-4.6062155, 2.4325686, 3.1669703), (-5.320283, 2.4669516, 1.153465), (-4.6194806, 2.5447028, 1.4965051), (-5.155426, 2.469203, 1.7721031), (-5.291637, 2.2831063, -3.6050825), (-6.0714946, 2.1280603, -3.9672153), (-5.1196322, 2.204504, -4.3184886), (-5.7281046, 2.2620595, -6.1116667), (-5.7379746, 2.3530858, -6.968825), (-4.7291956, 2.2160063, -6.5535264), (-4.566907, 2.274005, -7.186293), (-3.9690807, 2.225229, -7.3533506), (-5.931004, 2.293992, -7.801667), (-5.153502, 2.32294, -8.354899), (-5.129004, 2.2737908, -7.421817), (-6.609403, 2.2221467, -9.899515), (-5.026247, 2.1286368, -10.538222), (-5.7791615, 2.2587543, -8.977391), (-5.0579534, 2.1661496, 4.86542), (-4.3882995, 2.312681, 4.637421), (-4.241066, 2.3057845, 5.240479), (-5.155426, 2.469203, 1.7721031), (-4.6194806, 2.5447028, 1.4965051), (-4.5605745, 2.494182, 1.9637473), (-4.6194806, 2.5447028, 1.4965051), (-5.320283, 2.4669516, 1.153465), (-4.5517764, 2.5549457, 0.83113784), (-5.758507, 2.4061766, -0.5819953), (-4.7194195, 2.3877435, -0.4548291), (-5.060909, 2.3817084, -0.16377649), (-5.661408, 2.414537, -2.423134), (-5.1639714, 2.385386, -2.6555862), (-5.0429053, 2.385069, -1.8518211), (-5.1196322, 2.204504, -4.3184886), (-5.49519, 2.186476, -4.6327415), (-5.1336484, 2.1946795, -4.9825463), (-4.8497934, 2.2075095, 9.439054), (-3.4788876, 2.380492, 8.75482), (-4.473122, 2.1658342, 9.992062), (-4.7335997, 2.3575845, 8.020109), (-4.1763716, 2.3715506, 8.262187), (-4.599307, 2.2785726, 8.745184), (-4.241066, 2.3057845, 5.240479), (-4.078735, 2.2865667, 5.4126654), (-4.4558096, 2.237799, 6.006006), (-5.6560917, 2.3782704, -1.7474874), (-5.0429053, 2.385069, -1.8518211), (-4.756597, 2.4270775, -1.4141722), (-5.2104096, 2.314384, -3.1359186), (-5.291637, 2.2831063, -3.6050825), (-4.798685, 2.305716, -3.819246), (-5.291637, 2.2831063, -3.6050825), (-5.1196322, 2.204504, -4.3184886), (-4.798685, 2.305716, -3.819246), (-5.7791615, 2.2587543, -8.977391), (-4.93038, 2.2541623, -8.887619), (-5.153502, 2.32294, -8.354899), (-5.026247, 2.1286368, -10.538222), (-4.645435, 2.2391942, -9.417065), (-4.0670114, 2.1900344, -10.099041), (-4.4645257, 2.3595855, 7.5371), (-3.864402, 2.5008996, 7.6818657), (-4.1763716, 2.3715506, 8.262187), (-4.241066, 2.3057845, 5.240479), (-4.3882995, 2.312681, 4.637421), (-3.8176222, 2.3174496, 4.7043576), (-4.3882995, 2.312681, 4.637421), (-4.2450914, 2.4757953, 4.0591617), (-3.8176222, 2.3174496, 4.7043576), (-4.5517764, 2.5549457, 0.83113784), (-3.9244323, 2.7438784, 1.1711745), (-4.6194806, 2.5447028, 1.4965051), (-5.1563835, 2.549686, 0.4925016), (-4.4993877, 2.45028, 0.038191874), (-4.5517764, 2.5549457, 0.83113784), (-4.7194195, 2.3877435, -0.4548291), (-5.410843, 2.4773388, -1.0939368), (-4.3696446, 2.4010017, -0.83817136), (-5.129004, 2.2737908, -7.421817), (-4.566907, 2.274005, -7.186293), (-4.7291956, 2.2160063, -6.5535264), (-4.473122, 2.1658342, 9.992062), (-3.4037817, 2.332488, 9.254671), (-3.0569952, 2.233381, 9.964413), (-3.864402, 2.5008996, 7.6818657), (-4.4645257, 2.3595855, 7.5371), (-3.5467935, 2.4620385, 7.285076), (-4.4558096, 2.237799, 6.006006), (-4.078735, 2.2865667, 5.4126654), (-3.710531, 2.3595319, 5.575392), (-5.129004, 2.2737908, -7.421817), (-4.441672, 2.2361965, -8.221573), (-4.566907, 2.274005, -7.186293), (-5.129004, 2.2737908, -7.421817), (-5.153502, 2.32294, -8.354899), (-4.441672, 2.2361965, -8.221573), (-4.93038, 2.2541623, -8.887619), (-4.441672, 2.2361965, -8.221573), (-5.153502, 2.32294, -8.354899), (-6.7666874, 2.0408397, 10.866636), (-4.426345, 2.1152496, 10.599327), (-1.548334, 2.0332775, 11.280096), (-4.5517764, 2.5549457, 0.83113784), (-4.4993877, 2.45028, 0.038191874), (-3.9403517, 2.552887, 0.4046649), (-4.1480746, 2.4646323, -0.37235445), (-4.3696446, 2.4010017, -0.83817136), (-3.9029644, 2.4335003, -0.91101253), (-4.7194195, 2.3877435, -0.4548291), (-4.3696446, 2.4010017, -0.83817136), (-4.4993877, 2.45028, 0.038191874), (-3.9403517, 2.552887, 0.4046649), (-4.7194195, 2.3877435, -0.4548291), (-5.060909, 2.3817084, -0.16377649), (-3.5467935, 2.4620385, 7.285076), (-3.9640117, 2.4441416, 6.702979), (-3.5523431, 2.4465377, 6.82547), (-3.8176222, 2.3174496, 4.7043576), (-3.6503246, 2.3848243, 4.4152923), (-3.5863287, 2.3169696, 5.108908), (-4.421155, 2.4472117, -2.120574), (-3.835871, 2.4190679, -2.393402), (-4.086948, 2.4917102, -1.822868), (-4.421155, 2.4472117, -2.120574), (-4.505346, 2.4791663, -2.6676183), (-3.835871, 2.4190679, -2.393402), (-4.798685, 2.305716, -3.819246), (-4.040039, 2.2311425, -3.9533055), (-4.311253, 2.315069, -3.4022932), (-4.040039, 2.2311425, -3.9533055), (-4.5683904, 2.172866, -4.5152164), (-3.7505646, 2.2389464, -4.093856), (-4.7291956, 2.2160063, -6.5535264), (-3.7982402, 2.2286005, -6.8361673), (-3.8877602, 2.199323, -6.362048), (-3.710531, 2.3595319, 5.575392), (-3.2472937, 2.332393, 5.7223377), (-3.6046453, 2.3606563, 6.183692), (-3.5863287, 2.3169696, 5.108908), (-2.9759607, 2.298591, 5.254291), (-3.6503246, 2.3848243, 4.4152923), (-3.1934574, 2.4317985, 4.687909), (-3.5863287, 2.3169696, 5.108908), (-4.505346, 2.4791663, -2.6676183), (-4.01143, 2.3982708, -2.9601054), (-3.835871, 2.4190679, -2.393402), (-3.4560416, 2.4952078, 7.945086), (-3.0763054, 2.5767956, 7.9590235), (-3.4788876, 2.380492, 8.75482), (-3.4560416, 2.4952078, 7.945086), (-3.5467935, 2.4620385, 7.285076), (-3.0763054, 2.5767956, 7.9590235), (-3.5523431, 2.4465377, 6.82547), (-3.6046453, 2.3606563, 6.183692), (-3.0523543, 2.4459622, 6.394564), (-3.962596, 2.4710531, 3.3349504), (-3.1709816, 2.645704, 3.1655614), (-3.5105147, 2.4325614, 3.9447827), (-3.5064101, 2.7579873, 2.400455), (-3.8022604, 2.6842089, 1.7886688), (-3.138002, 2.791258, 1.5664332), (-3.9403517, 2.552887, 0.4046649), (-4.1480746, 2.4646323, -0.37235445), (-3.3208523, 2.557841, 0.06139786), (-3.1900182, 2.5258193, -0.2315033), (-4.1480746, 2.4646323, -0.37235445), (-3.3290045, 2.4420986, -0.566041), (-4.01143, 2.3982708, -2.9601054), (-4.311253, 2.315069, -3.4022932), (-3.5784667, 2.4199176, -3.2165327), (-3.4037817, 2.332488, 9.254671), (-2.5693047, 2.5429602, 8.950582), (-3.0569952, 2.233381, 9.964413), (-3.4788876, 2.380492, 8.75482), (-2.5693047, 2.5429602, 8.950582), (-3.4037817, 2.332488, 9.254671), (-3.0763054, 2.5767956, 7.9590235), (-3.5467935, 2.4620385, 7.285076), (-3.0138497, 2.5217788, 7.491572), (-3.1934574, 2.4317985, 4.687909), (-3.5105147, 2.4325614, 3.9447827), (-2.9820163, 2.4449341, 4.0927405), (-3.1709816, 2.645704, 3.1655614), (-2.8523772, 2.6293674, 3.4329185), (-3.5105147, 2.4325614, 3.9447827), (-3.5064101, 2.7579873, 2.400455), (-3.138002, 2.791258, 1.5664332), (-2.881591, 2.8295717, 1.8039869), (-3.9029644, 2.4335003, -0.91101253), (-3.3662164, 2.4371605, -1.6333299), (-3.3290045, 2.4420986, -0.566041), (-2.4912033, 2.4417589, -1.622452), (-2.33227, 2.456797, -1.2739075), (-3.835871, 2.4190679, -2.393402), (-3.351805, 2.429872, -2.921355), (-3.4082937, 2.3961415, -2.295942), (-3.9311888, 2.159587, -5.4507475), (-4.0786843, 2.238894, -5.8706694), (-3.5352721, 2.1232662, -5.8545737), (-3.5105147, 2.4325614, 3.9447827), (-2.8523772, 2.6293674, 3.4329185), (-2.9820163, 2.4449341, 4.0927405), (-3.1709816, 2.645704, 3.1655614), (-3.3180327, 2.7148204, 2.8746898), (-2.7783165, 2.674075, 2.776358), (-3.5784667, 2.4199176, -3.2165327), (-3.7505646, 2.2389464, -4.093856), (-2.9867733, 2.3981292, -3.565103), (-3.9520485, 2.1651495, -4.9044743), (-3.5352721, 2.1232662, -5.8545737), (-3.2753203, 2.1731932, -5.398831), (-4.5683904, 2.172866, -4.5152164), (-4.5169983, 2.1240735, -5.1070547), (-3.7505646, 2.2389464, -4.093856), (-3.7743585, 2.2656887, -7.9678288), (-3.9182243, 2.1848223, -8.904618), (-3.3330147, 2.240587, -8.806392), (-3.0569952, 2.233381, 9.964413), (-2.5693047, 2.5429602, 8.950582), (-2.053459, 2.176476, 10.458876), (-3.2472937, 2.332393, 5.7223377), (-2.5228107, 2.2522118, 5.3000817), (-2.6895895, 2.395347, 6.0666733), (-3.3180327, 2.7148204, 2.8746898), (-3.5064101, 2.7579873, 2.400455), (-2.7783165, 2.674075, 2.776358), (-3.3662164, 2.4371605, -1.6333299), (-3.4082937, 2.3961415, -2.295942), (-2.6876101, 2.458518, -1.9909439), (-3.4082937, 2.3961415, -2.295942), (-3.351805, 2.429872, -2.921355), (-2.8930197, 2.3703284, -2.617357), (-3.5352721, 2.1232662, -5.8545737), (-3.1010976, 2.0528045, -6.3320494), (-3.2753203, 2.1731932, -5.398831), (-3.7743585, 2.2656887, -7.9678288), (-3.3330147, 2.240587, -8.806392), (-2.9952953, 2.202979, -8.089521), (-2.8542757, 2.5434842, 8.430287), (-3.0763054, 2.5767956, 7.9590235), (-2.4170294, 2.5634427, 8.141946), (-3.0523543, 2.4459622, 6.394564), (-2.6895895, 2.395347, 6.0666733), (-2.4473796, 2.460723, 6.886242), (-3.1934574, 2.4317985, 4.687909), (-2.9820163, 2.4449341, 4.0927405), (-2.5227542, 2.3823752, 4.2919955), (-2.881591, 2.8295717, 1.8039869), (-3.138002, 2.791258, 1.5664332), (-2.453543, 2.8362699, 1.5252541), (-3.1900182, 2.5258193, -0.2315033), (-3.3290045, 2.4420986, -0.566041), (-2.7080965, 2.4118602, -0.7150275), (-3.3662164, 2.4371605, -1.6333299), (-2.6876101, 2.458518, -1.9909439), (-2.4912033, 2.4417589, -1.622452), (-2.33227, 2.456797, -1.2739075), (-2.7080965, 2.4118602, -0.7150275), (-2.6876101, 2.458518, -1.9909439), (-3.4082937, 2.3961415, -2.295942), (-2.8930197, 2.3703284, -2.617357), (-3.351805, 2.429872, -2.921355), (-3.5784667, 2.4199176, -3.2165327), (-2.9867733, 2.3981292, -3.565103), (-3.1059952, 2.543819, 6.9982815), (-2.4473796, 2.460723, 6.886242), (-2.517383, 2.5097804, 7.5466638), (-3.1900182, 2.5258193, -0.2315033), (-2.7080965, 2.4118602, -0.7150275), (-2.5858855, 2.546474, -0.13234086), (-2.5693047, 2.5429602, 8.950582), (-2.0808218, 2.529938, 9.1659975), (-2.053459, 2.176476, 10.458876), (-2.4473796, 2.460723, 6.886242), (-2.1551933, 2.4760962, 6.220841), (-1.8719387, 2.478544, 6.9463177), (-2.5227542, 2.3823752, 4.2919955), (-2.8523772, 2.6293674, 3.4329185), (-2.200441, 2.4628038, 3.7346869), (-2.7783165, 2.674075, 2.776358), (-2.2781157, 2.7791612, 2.3506474), (-2.158136, 2.5405526, 3.1859682), (-2.2781157, 2.7791612, 2.3506474), (-2.881591, 2.8295717, 1.8039869), (-2.453543, 2.8362699, 1.5252541), (-2.55833, 2.7521782, 1.0388393), (-2.1177971, 2.769024, 1.2540752), (-2.453543, 2.8362699, 1.5252541), (-3.1920216, 2.174712, -4.550876), (-2.6878998, 2.1389954, -4.728053), (-2.4418344, 2.2259574, -4.131772), (-3.3330147, 2.240587, -8.806392), (-2.7139657, 2.308609, -8.984364), (-2.9952953, 2.202979, -8.089521), (-4.0670114, 2.1900344, -10.099041), (-2.9101877, 2.1852922, -10.208574), (-3.3816094, 2.221248, -9.531069), (-2.4170294, 2.5634427, 8.141946), (-1.7239407, 2.599871, 8.001807), (-2.5693047, 2.5429602, 8.950582), (-2.4473796, 2.460723, 6.886242), (-1.8719387, 2.478544, 6.9463177), (-2.097769, 2.5466454, 7.4735155), (-2.5228107, 2.2522118, 5.3000817), (-2.0755022, 2.3785696, 4.7407193), (-2.120337, 2.2804384, 5.3170342), (-2.5227542, 2.3823752, 4.2919955), (-1.775195, 2.4034777, 4.3358083), (-2.0755022, 2.3785696, 4.7407193), (-2.1177971, 2.769024, 1.2540752), (-2.55833, 2.7521782, 1.0388393), (-1.8166528, 2.7236233, 0.93125), (-2.55833, 2.7521782, 1.0388393), (-2.4487267, 2.5745058, 0.30889043), (-2.0512624, 2.5759826, 0.29912683), (-2.5858855, 2.546474, -0.13234086), (-2.7080965, 2.4118602, -0.7150275), (-1.9446352, 2.5845675, -0.31615317), (-2.7080965, 2.4118602, -0.7150275), (-2.33227, 2.456797, -1.2739075), (-2.2022758, 2.4134676, -0.8475122), (-2.8930197, 2.3703284, -2.617357), (-2.2868762, 2.2957773, -2.7745497), (-2.6876101, 2.458518, -1.9909439), (-3.0169277, 2.1453693, -5.606387), (-2.579722, 2.2386613, -5.7082586), (-2.6878998, 2.1389954, -4.728053), (-3.0852535, 2.1118221, -7.1179557), (-2.5705788, 2.2222414, -7.557371), (-2.5128734, 2.1215146, -6.8802514), (-2.120337, 2.2804384, 5.3170342), (-1.7469817, 2.2705047, 5.4072266), (-2.1551933, 2.4760962, 6.220841), (-2.453543, 2.8362699, 1.5252541), (-2.1177971, 2.769024, 1.2540752), (-2.0121737, 2.777197, 1.6110461), (-2.6876101, 2.458518, -1.9909439), (-2.2868762, 2.2957773, -2.7745497), (-2.2286475, 2.3735733, -2.1015499), (-2.9867733, 2.3981292, -3.565103), (-1.951184, 2.2127953, -3.3154418), (-2.2868762, 2.2957773, -2.7745497), (-2.9867733, 2.3981292, -3.565103), (-2.4418344, 2.2259574, -4.131772), (-1.951184, 2.2127953, -3.3154418), (-2.4418344, 2.2259574, -4.131772), (-2.6878998, 2.1389954, -4.728053), (-2.216031, 2.2564714, -4.6422186), (-2.579722, 2.2386613, -5.7082586), (-2.5128734, 2.1215146, -6.8802514), (-2.1221716, 2.2266681, -6.381488), (-2.0512624, 2.5759826, 0.29912683), (-2.4487267, 2.5745058, 0.30889043), (-1.9446352, 2.5845675, -0.31615317), (-2.216031, 2.2564714, -4.6422186), (-1.8267372, 2.3409786, -4.417932), (-2.4418344, 2.2259574, -4.131772), (-2.1221716, 2.2266681, -6.381488), (-2.5128734, 2.1215146, -6.8802514), (-2.1369302, 2.1402907, -7.031649), (-2.9101877, 2.1852922, -10.208574), (-2.2937505, 2.268907, -9.42612), (-2.7139657, 2.308609, -8.984364), (-1.8875659, 2.3217623, -9.042822), (-1.5514331, 2.2353582, -9.801416), (-2.053459, 2.176476, 10.458876), (-2.0808218, 2.529938, 9.1659975), (-1.0038968, 2.3638759, 9.612855), (-2.0808218, 2.529938, 9.1659975), (-1.7239407, 2.599871, 8.001807), (-1.4453366, 2.4977853, 8.829065), (-2.200441, 2.4628038, 3.7346869), (-1.4246244, 2.5216746, 3.808673), (-1.775195, 2.4034777, 4.3358083), (-2.1177971, 2.769024, 1.2540752), (-1.5546124, 2.635482, 1.4340763), (-2.0121737, 2.777197, 1.6110461), (-2.5128734, 2.1215146, -6.8802514), (-2.5705788, 2.2222414, -7.557371), (-2.1856294, 2.2355158, -7.829111), (-2.1551933, 2.4760962, 6.220841), (-1.5148823, 2.370144, 6.1168995), (-1.4827542, 2.4261317, 6.9084826), (-1.8289727, 2.5512834, 3.039227), (-2.2781157, 2.7791612, 2.3506474), (-1.5987761, 2.5660324, 2.5864956), (-2.0121737, 2.777197, 1.6110461), (-1.5546124, 2.635482, 1.4340763), (-1.6483932, 2.6511736, 1.8958591), (-2.0512624, 2.5759826, 0.29912683), (-1.5083604, 2.4953575, 0.29575947), (-1.8166528, 2.7236233, 0.93125), (-2.0512624, 2.5759826, 0.29912683), (-1.9446352, 2.5845675, -0.31615317), (-1.5083604, 2.4953575, 0.29575947), (-2.4418344, 2.2259574, -4.131772), (-1.8267372, 2.3409786, -4.417932), (-1.951184, 2.2127953, -3.3154418), (-1.8289727, 2.5512834, 3.039227), (-1.3468341, 2.5081763, 3.2199025), (-1.4246244, 2.5216746, 3.808673), (-1.6483932, 2.6511736, 1.8958591), (-1.2595819, 2.6320672, 1.9310248), (-1.5987761, 2.5660324, 2.5864956), (-1.6483932, 2.6511736, 1.8958591), (-1.5546124, 2.635482, 1.4340763), (-1.2595819, 2.6320672, 1.9310248), (-1.8193002, 2.3468752, -1.5932832), (-1.3208537, 2.2742867, -1.4818336), (-1.6625983, 2.3265169, -1.0040544), (-1.619191, 2.383241, -2.2409787), (-1.605494, 2.3222964, -2.7564635), (-1.3576167, 2.35898, -2.368768), (-1.9974248, 2.2673652, -5.845239), (-2.1221716, 2.2266681, -6.381488), (-1.6018988, 2.3466222, -5.9841185), (-1.8166528, 2.7236233, 0.93125), (-0.9085929, 2.4642768, 1.1155382), (-1.5546124, 2.635482, 1.4340763), (-1.3218408, 2.5041857, -4.2804823), (-1.8267372, 2.3409786, -4.417932), (-1.9507557, 2.2541254, -5.2065797), (-1.9974248, 2.2673652, -5.845239), (-1.6018988, 2.3466222, -5.9841185), (-1.9507557, 2.2541254, -5.2065797), (-2.2452557, 2.2347226, -10.1781435), (-2.9101877, 2.1852922, -10.208574), (-1.2720095, 2.0296137, -11.468337), (-1.4827542, 2.4261317, 6.9084826), (-0.77320874, 2.4567242, 6.895123), (-0.9209524, 2.4338222, 7.823181), (-0.8544642, 2.52852, 2.1155937), (-1.5987761, 2.5660324, 2.5864956), (-1.2595819, 2.6320672, 1.9310248), (-1.8166528, 2.7236233, 0.93125), (-1.1149093, 2.4815228, 0.47731528), (-0.9085929, 2.4642768, 1.1155382), (-1.5546124, 2.635482, 1.4340763), (-0.9085929, 2.4642768, 1.1155382), (-1.2595819, 2.6320672, 1.9310248), (-1.1867921, 2.4125805, -0.07435329), (-1.3298024, 2.3895307, -0.52745074), (-0.792611, 2.3532755, -0.4126932), (-1.3298024, 2.3895307, -0.52745074), (-1.0147758, 2.3647943, -0.8128059), (-0.792611, 2.3532755, -0.4126932), (-1.3208537, 2.2742867, -1.4818336), (-1.218981, 2.3230531, -2.014352), (-0.6980097, 2.2889373, -1.177057), (-1.3576167, 2.35898, -2.368768), (-1.0048193, 2.4973896, -2.7094252), (-1.218981, 2.3230531, -2.014352), (-1.605494, 2.3222964, -2.7564635), (-1.951184, 2.2127953, -3.3154418), (-1.0048193, 2.4973896, -2.7094252), (-1.3218408, 2.5041857, -4.2804823), (-1.9507557, 2.2541254, -5.2065797), (-0.9480562, 2.4766486, -4.7769046), (-1.7906262, 2.2763317, -8.453979), (-1.8875659, 2.3217623, -9.042822), (-1.1420621, 2.2207038, -8.65916), (-0.9209524, 2.4338222, 7.823181), (-0.77320874, 2.4567242, 6.895123), (-0.22095443, 2.379829, 7.3825607), (0.45438936, 2.2870631, 7.76554), (0.49750164, 2.2877905, 7.348304), (-0.22095443, 2.379829, 7.3825607), (-0.31036514, 2.3911767, 8.145693), (-1.164071, 2.3837988, 6.434797), (-0.70165586, 2.361294, 6.3161607), (-0.77320874, 2.4567242, 6.895123), (-1.164071, 2.3837988, 6.434797), (-0.92838925, 2.3932118, 5.728348), (-0.70165586, 2.361294, 6.3161607), (-1.225428, 2.2397375, 4.9452395), (-0.724728, 2.2579029, 5.129648), (-0.6026126, 2.284465, 5.5081906), (-1.225428, 2.2397375, 4.9452395), (-0.9122304, 2.4057689, 4.0034237), (-0.66019887, 2.3377736, 4.4366984), (-1.1149093, 2.4815228, 0.47731528), (-1.1867921, 2.4125805, -0.07435329), (-0.4797763, 2.4724197, 0.09694533), (-1.218981, 2.3230531, -2.014352), (-0.71392804, 2.4608543, -1.8962023), (-0.6980097, 2.2889373, -1.177057), (-1.0048193, 2.4973896, -2.7094252), (-0.8294567, 2.4488282, -2.3379188), (-1.218981, 2.3230531, -2.014352), (-1.3218408, 2.5041857, -4.2804823), (-0.736331, 2.4678895, -3.6589794), (-1.0924858, 2.4227927, -3.4853115), (-0.9480562, 2.4766486, -4.7769046), (-1.9507557, 2.2541254, -5.2065797), (-1.0326461, 2.3906543, -5.6345873), (-1.7095665, 2.3050604, -7.8963213), (-1.1420621, 2.2207038, -8.65916), (-1.1185182, 2.2363415, -8.041105), (-1.1420621, 2.2207038, -8.65916), (-1.8875659, 2.3217623, -9.042822), (-1.0723847, 2.2297332, -9.28813), (-0.92838925, 2.3932118, 5.728348), (-0.21481279, 2.256848, 6.190594), (-0.70165586, 2.361294, 6.3161607), (-1.225428, 2.2397375, 4.9452395), (-0.66019887, 2.3377736, 4.4366984), (-0.724728, 2.2579029, 5.129648), (-0.71392804, 2.4608543, -1.8962023), (-1.218981, 2.3230531, -2.014352), (-0.8294567, 2.4488282, -2.3379188), (-1.3218408, 2.5041857, -4.2804823), (-0.58475065, 2.5018184, -4.181383), (-0.736331, 2.4678895, -3.6589794), (-1.566156, 2.2617824, -7.495626), (-1.1185182, 2.2363415, -8.041105), (-1.4579396, 2.251065, -6.875877), (-1.566156, 2.2617824, -7.495626), (-1.7095665, 2.3050604, -7.8963213), (-1.1185182, 2.2363415, -8.041105), (-0.92838925, 2.3932118, 5.728348), (-0.6026126, 2.284465, 5.5081906), (-0.21481279, 2.256848, 6.190594), (-0.22095443, 2.379829, 7.3825607), (-0.77320874, 2.4567242, 6.895123), (-0.6026126, 2.284465, 5.5081906), (-0.724728, 2.2579029, 5.129648), (-0.40964702, 2.3405724, 4.738711), (-1.0048193, 2.4973896, -2.7094252), (-1.0924858, 2.4227927, -3.4853115), (-0.4699336, 2.503524, -3.0429125), (-0.68980527, 2.4308412, -6.651075), (-1.4579396, 2.251065, -6.875877), (-0.6743547, 2.3360133, -7.4646344), (-1.4579396, 2.251065, -6.875877), (-1.1185182, 2.2363415, -8.041105), (-0.6743547, 2.3360133, -7.4646344), (-0.6026126, 2.284465, 5.5081906), (-0.17073798, 2.371382, 5.3738775), (-0.21481279, 2.256848, 6.190594), (-0.66019887, 2.3377736, 4.4366984), (-0.22298379, 2.2812357, 4.219094), (-0.40964702, 2.3405724, 4.738711), (-0.23177263, 2.4786289, 2.068359), (-0.8544642, 2.52852, 2.1155937), (-0.17826915, 2.4787598, 1.67406), (-0.8294567, 2.4488282, -2.3379188), (-0.262312, 2.4699953, -2.030115), (-0.71392804, 2.4608543, -1.8962023), (-0.7831078, 2.3834167, 3.0555332), (-0.2922557, 2.498144, 2.2940383), (-0.2815492, 2.3068392, 3.2783654), (-0.55799836, 2.3998218, 0.91272706), (-0.4797763, 2.4724197, 0.09694533), (-0.02594748, 2.3416383, 0.52005064), (-0.24926676, 2.580152, -5.42162), (-1.0326461, 2.3906543, -5.6345873), (-0.22185314, 2.489371, -6.174431), (-1.0326461, 2.3906543, -5.6345873), (-1.1863412, 2.3460755, -6.280939), (-0.22185314, 2.489371, -6.174431), (-1.1185182, 2.2363415, -8.041105), (-1.1420621, 2.2207038, -8.65916), (-0.5347771, 2.2431083, -8.242764), (-0.6743547, 2.3360133, -7.4646344), (-1.1185182, 2.2363415, -8.041105), (-0.5347771, 2.2431083, -8.242764), (0.08165124, 2.3174603, 6.8656797), (-0.21481279, 2.256848, 6.190594), (0.44872886, 2.3642688, 6.5426006), (-0.21481279, 2.256848, 6.190594), (-0.17073798, 2.371382, 5.3738775), (0.66326183, 2.297703, 5.777773), (-0.3474142, 2.237546, -0.73920363), (0.20554708, 2.399064, -1.17353), (0.3888581, 2.334822, -0.77323467), (0.78623223, 2.5216203, -1.5423976), (0.7435587, 2.4293008, -1.0926111), (-0.262312, 2.4699953, -2.030115), (0.1568546, 2.5685744, -2.1275532), (-0.138827, 2.3674786, -1.4690257), (-1.0723847, 2.2297332, -9.28813), (0.00081704935, 2.2047412, -9.860842), (-0.5627682, 2.268417, -8.999045), (1.5808308, 2.2620292, -9.919033), (1.0872611, 2.3265882, -9.086932), (0.46738392, 2.1207056, -10.890963), (-0.7835561, 2.140339, -10.603734), (-1.2720095, 2.0296137, -11.468337), (-0.7835561, 2.140339, -10.603734), (0.00081704935, 2.2047412, -9.860842), (-1.0723847, 2.2297332, -9.28813), (-0.2815492, 2.3068392, 3.2783654), (0.37878016, 2.2208018, 3.0308983), (0.08163531, 2.3244843, 4.0810914), (-0.2815492, 2.3068392, 3.2783654), (-0.2922557, 2.498144, 2.2940383), (0.37878016, 2.2208018, 3.0308983), (-0.000525872, 2.345102, 1.118002), (0.41203105, 2.2696285, 1.3948606), (-0.17826915, 2.4787598, 1.67406), (-0.13155435, 2.3288848, -0.18711814), (0.61212575, 2.1952248, -0.02273422), (-0.02594748, 2.3416383, 0.52005064), (0.039262403, 2.7189496, -3.4108713), (-0.58475065, 2.5018184, -4.181383), (0.30565625, 2.7350435, -3.6405437), (-0.24926676, 2.580152, -5.42162), (-0.22185314, 2.489371, -6.174431), (0.23263086, 2.5926235, -5.474519), (0.41203105, 2.2696285, 1.3948606), (-0.000525872, 2.345102, 1.118002), (0.4534023, 2.3488262, 0.6909725), (-0.055357926, 2.5689669, -2.7660644), (0.52681464, 2.6110222, -2.6582837), (0.1568546, 2.5685744, -2.1275532), (-0.5347771, 2.2431083, -8.242764), (-0.20567127, 2.315536, -8.760363), (-0.07878798, 2.2741652, -7.9792185), (0.64810896, 2.2443788, 9.497617), (1.1125191, 2.2626317, 9.760533), (0.058984444, 2.217217, 9.947213), (0.478809, 2.3437605, 8.716393), (1.0074316, 2.3073378, 9.146212), (0.64810896, 2.2443788, 9.497617), (0.22706366, 2.319197, 4.801158), (0.8501079, 2.4107063, 4.864661), (0.66326183, 2.297703, 5.777773), (0.37878016, 2.2208018, 3.0308983), (0.3754919, 2.3042555, 1.7606742), (0.57007426, 2.291913, 1.8498139), (0.52681464, 2.6110222, -2.6582837), (0.039262403, 2.7189496, -3.4108713), (0.30565625, 2.7350435, -3.6405437), (0.30565625, 2.7350435, -3.6405437), (0.2604842, 2.6268334, -5.00236), (0.5139469, 2.7840664, -4.243323), (-0.24926676, 2.580152, -5.42162), (0.23263086, 2.5926235, -5.474519), (0.2604842, 2.6268334, -5.00236), (0.23263086, 2.5926235, -5.474519), (-0.22185314, 2.489371, -6.174431), (0.47237757, 2.6267633, -6.122409), (-0.22185314, 2.489371, -6.174431), (-0.034288127, 2.3893447, -6.940175), (0.47237757, 2.6267633, -6.122409), (-0.20567127, 2.315536, -8.760363), (0.00081704935, 2.2047412, -9.860842), (0.33407798, 2.3455386, -9.037447), (0.64810896, 2.2443788, 9.497617), (1.0074316, 2.3073378, 9.146212), (1.1125191, 2.2626317, 9.760533), (0.5760351, 2.309825, 8.221656), (1.506883, 2.4068358, 8.102824), (0.49750164, 2.2877905, 7.348304), (0.44872886, 2.3642688, 6.5426006), (1.1248811, 2.316017, 6.8190556), (0.41203105, 2.2696285, 1.3948606), (0.8846916, 2.2207527, 1.2114226), (0.57007426, 2.291913, 1.8498139), (0.41203105, 2.2696285, 1.3948606), (0.4534023, 2.3488262, 0.6909725), (0.99902207, 2.2211444, 0.8333451), (0.3888581, 2.334822, -0.77323467), (0.98207945, 2.4215379, -0.6915922), (0.61212575, 2.1952248, -0.02273422), (0.5760351, 2.309825, 8.221656), (1.1657292, 2.4194298, 7.630239), (1.506883, 2.4068358, 8.102824), (0.37878016, 2.2208018, 3.0308983), (1.23713, 2.467514, 2.3812938), (0.9991988, 2.3697686, 2.9496877), (0.52681464, 2.6110222, -2.6582837), (0.7874028, 2.8627355, -3.7098958), (1.0270464, 2.6174195, -2.4147182), (0.2604842, 2.6268334, -5.00236), (0.23263086, 2.5926235, -5.474519), (0.7672491, 2.658427, -5.5790315), (0.23263086, 2.5926235, -5.474519), (0.47237757, 2.6267633, -6.122409), (0.7672491, 2.658427, -5.5790315), (-0.034288127, 2.3893447, -6.940175), (-0.08346266, 2.31224, -7.637698), (0.58775014, 2.435571, -7.5657554), (-0.08346266, 2.31224, -7.637698), (-0.07878798, 2.2741652, -7.9792185), (0.5575799, 2.3439953, -8.301654), (0.9538319, 2.3378499, 6.3272386), (1.459031, 2.4151247, 6.2984643), (1.1248811, 2.316017, 6.8190556), (0.7023994, 2.2459786, 0.38756302), (1.1354743, 2.2100992, 0.49437228), (0.99902207, 2.2211444, 0.8333451), (0.7435587, 2.4293008, -1.0926111), (1.24209, 2.4430957, -1.238485), (0.98207945, 2.4215379, -0.6915922), (0.7874028, 2.8627355, -3.7098958), (0.5139469, 2.7840664, -4.243323), (1.1291435, 2.8934648, -4.315615), (0.5139469, 2.7840664, -4.243323), (0.2604842, 2.6268334, -5.00236), (1.1291435, 2.8934648, -4.315615), (0.46738392, 2.1207056, -10.890963), (-1.2720095, 2.0296137, -11.468337), (1.583053, 2.0415797, -11.265095), (2.2664506, 2.271899, -10.0306835), (3.3489068, 2.1523833, -10.732956), (5.0752206, 2.0249674, -11.489808), (1.459031, 2.4151247, 6.2984643), (1.1710033, 2.3514497, 5.5204825), (1.5909752, 2.412815, 5.901974), (0.66326183, 2.297703, 5.777773), (0.9538319, 2.3378499, 6.3272386), (0.61212575, 2.1952248, -0.02273422), (1.2623988, 2.2284858, -0.06609454), (1.1354743, 2.2100992, 0.49437228), (1.6065742, 2.2418416, -0.23978992), (1.9738963, 2.2446418, 0.03093874), (0.7874028, 2.8627355, -3.7098958), (1.2549278, 2.7728772, -3.1243236), (1.0270464, 2.6174195, -2.4147182), (1.0270464, 2.6174195, -2.4147182), (1.7708898, 2.693145, -2.5996313), (1.4982419, 2.5126393, -1.9156846), (0.33407798, 2.3455386, -9.037447), (0.00081704935, 2.2047412, -9.860842), (1.0872611, 2.3265882, -9.086932), (0.8501079, 2.4107063, 4.864661), (1.1290013, 2.3410006, 3.9955611), (1.6922953, 2.3461459, 4.377918), (0.7874028, 2.8627355, -3.7098958), (1.3324183, 2.8851454, -3.6991658), (1.2549278, 2.7728772, -3.1243236), (0.7874028, 2.8627355, -3.7098958), (1.306122, 2.9172597, -4.099235), (1.3324183, 2.8851454, -3.6991658), (0.5575799, 2.3439953, -8.301654), (0.33407798, 2.3455386, -9.037447), (1.0872611, 2.3265882, -9.086932), (1.1657292, 2.4194298, 7.630239), (2.0040002, 2.3657815, 7.649999), (1.506883, 2.4068358, 8.102824), (0.7672491, 2.658427, -5.5790315), (1.1937326, 2.5748801, -5.9299884), (1.1291435, 2.8934648, -4.315615), (0.58775014, 2.435571, -7.5657554), (1.1762096, 2.3961854, -7.258209), (0.9939955, 2.4690728, -6.7536664), (0.58775014, 2.435571, -7.5657554), (1.0997266, 2.3873165, -7.9217334), (1.1762096, 2.3961854, -7.258209), (1.459031, 2.4151247, 6.2984643), (1.9564272, 2.4139366, 6.279289), (1.5634332, 2.3377366, 7.062669), (1.0997266, 2.3873165, -7.9217334), (1.0872611, 2.3265882, -9.086932), (1.77977, 2.4939945, -7.826561), (1.23713, 2.467514, 2.3812938), (1.8699174, 2.378595, 1.931928), (1.6810114, 2.4565115, 2.7374206), (1.6065742, 2.2418416, -0.23978992), (1.7367845, 2.3322055, -0.62492543), (1.9738963, 2.2446418, 0.03093874), (1.7708898, 2.693145, -2.5996313), (1.2549278, 2.7728772, -3.1243236), (1.8498323, 2.759256, -3.2398837), (1.1291435, 2.8934648, -4.315615), (1.8811451, 2.7468343, -4.7526007), (1.306122, 2.9172597, -4.099235), (1.77977, 2.4939945, -7.826561), (1.0872611, 2.3265882, -9.086932), (1.7875988, 2.4191604, -8.555221), (2.2017043, 2.2891495, 9.938402), (1.6801367, 2.3916566, 9.281771), (2.321958, 2.3750186, 8.952521), (1.8137143, 2.3601916, 4.168773), (2.3576899, 2.473486, 3.7828383), (1.6922953, 2.3461459, 4.377918), (1.3324183, 2.8851454, -3.6991658), (1.306122, 2.9172597, -4.099235), (2.1213675, 2.8243651, -3.9391232), (1.8811451, 2.7468343, -4.7526007), (1.1291435, 2.8934648, -4.315615), (1.8614804, 2.6571329, -5.507542), (1.1291435, 2.8934648, -4.315615), (1.1937326, 2.5748801, -5.9299884), (1.8614804, 2.6571329, -5.507542), (1.645502, 2.575368, -6.5443745), (1.1762096, 2.3961854, -7.258209), (1.5979841, 2.418097, -7.206776), (2.2528691, 2.412023, 8.169361), (2.0040002, 2.3657815, 7.649999), (2.742238, 2.451201, 7.840391), (2.0040002, 2.3657815, 7.649999), (2.199387, 2.435487, 6.5776005), (2.692391, 2.3721507, 7.2221246), (1.8699174, 2.378595, 1.931928), (2.6023953, 2.53933, 1.8749), (2.334767, 2.481294, 2.4389904), (1.8699174, 2.378595, 1.931928), (2.1332788, 2.3987346, 1.5262743), (2.6023953, 2.53933, 1.8749), (1.6400578, 2.305086, 0.6520929), (2.4829755, 2.2230432, 0.44842285), (1.9391568, 2.3285449, 1.0612308), (1.7367845, 2.3322055, -0.62492543), (1.748645, 2.4742777, -1.2084671), (2.2896001, 2.3536448, -0.9086539), (0.98207945, 2.4215379, -0.6915922), (1.6065742, 2.2418416, -0.23978992), (1.2623988, 2.2284858, -0.06609454), (1.4982419, 2.5126393, -1.9156846), (1.7708898, 2.693145, -2.5996313), (2.2366922, 2.6231835, -2.5051503), (1.8498323, 2.759256, -3.2398837), (1.3324183, 2.8851454, -3.6991658), (2.1213675, 2.8243651, -3.9391232), (1.7875988, 2.4191604, -8.555221), (1.0872611, 2.3265882, -9.086932), (1.8251884, 2.412451, -8.886546), (2.4829755, 2.2230432, 0.44842285), (1.9738963, 2.2446418, 0.03093874), (2.5456424, 2.2260957, 0.11674973), (1.9738963, 2.2446418, 0.03093874), (2.3002083, 2.3367538, -0.38462788), (2.5456424, 2.2260957, 0.11674973), (2.2366922, 2.6231835, -2.5051503), (1.8498323, 2.759256, -3.2398837), (2.380711, 2.6254528, -3.0874166), (2.2017043, 2.2891495, 9.938402), (3.0775292, 2.351339, 9.514014), (3.1408794, 2.21016, 10.293754), (2.2528691, 2.412023, 8.169361), (2.742238, 2.451201, 7.840391), (2.859418, 2.4085743, 8.80837), (2.2017043, 2.2891495, 9.938402), (3.0775292, 2.351339, 9.514014), (2.321958, 2.3750186, 8.952521), (2.859418, 2.4085743, 8.80837), (2.2528691, 2.412023, 8.169361), (2.199387, 2.435487, 6.5776005), (3.0310216, 2.2970433, 6.367282), (2.692391, 2.3721507, 7.2221246), (1.7893002, 2.3027422, 5.0752068), (3.0180478, 2.5678744, 4.557474), (2.68849, 2.3126807, 5.706049), (1.6922953, 2.3461459, 4.377918), (2.3576899, 2.473486, 3.7828383), (3.0180478, 2.5678744, 4.557474), (2.3002083, 2.3367538, -0.38462788), (2.2896001, 2.3536448, -0.9086539), (2.8313582, 2.2989724, -0.6220351), (2.2296758, 2.4589949, -1.6052355), (2.8446517, 2.4666574, -1.2591476), (2.2896001, 2.3536448, -0.9086539), (1.8614804, 2.6571329, -5.507542), (1.714063, 2.58777, -5.9098535), (2.5472288, 2.5843413, -5.118635), (1.645502, 2.575368, -6.5443745), (2.0953012, 2.5183787, -6.271775), (1.714063, 2.58777, -5.9098535), (2.199387, 2.435487, 6.5776005), (2.68849, 2.3126807, 5.706049), (3.0310216, 2.2970433, 6.367282), (2.8361185, 2.537473, 3.4967318), (2.0518801, 2.5533843, 2.9999435), (2.7557244, 2.5317519, 2.953933), (2.7557244, 2.5317519, 2.953933), (2.334767, 2.481294, 2.4389904), (2.9726841, 2.5873482, 2.4080029), (2.2896001, 2.3536448, -0.9086539), (2.8446517, 2.4666574, -1.2591476), (2.8313582, 2.2989724, -0.6220351), (1.9764938, 2.4078307, -7.0379643), (1.77977, 2.4939945, -7.826561), (2.4802146, 2.4142852, -7.144174), (2.859418, 2.4085743, 8.80837), (2.742238, 2.451201, 7.840391), (3.2779207, 2.3955524, 8.564956), (2.7085695, 2.2986143, 0.9178059), (3.0357468, 2.4170527, 1.4360892), (2.6023953, 2.53933, 1.8749), (2.7085695, 2.2986143, 0.9178059), (2.4829755, 2.2230432, 0.44842285), (3.0096526, 2.1838593, 0.055104297), (2.380711, 2.6254528, -3.0874166), (2.5883675, 2.6568954, -3.5082607), (2.7443755, 2.5940971, -2.8935819), (3.2779207, 2.3955524, 8.564956), (2.742238, 2.451201, 7.840391), (3.2843544, 2.3866904, 7.4584446), (3.2843544, 2.3866904, 7.4584446), (3.0310216, 2.2970433, 6.367282), (3.7290688, 2.3981874, 6.876187), (2.8313582, 2.2989724, -0.6220351), (3.3530135, 2.315438, -0.49693644), (3.0096526, 2.1838593, 0.055104297), (2.6199355, 2.480024, -1.8383821), (3.2452996, 2.4275575, -2.036817), (2.8446517, 2.4666574, -1.2591476), (2.7443755, 2.5940971, -2.8935819), (2.5883675, 2.6568954, -3.5082607), (3.0402994, 2.6040506, -3.2040527), (2.0953012, 2.5183787, -6.271775), (2.5677276, 2.5618157, -6.39078), (2.4862509, 2.5249171, -5.6681523), (2.68849, 2.3126807, 5.706049), (3.7090578, 2.4512734, 5.764128), (3.0310216, 2.2970433, 6.367282), (2.7085695, 2.2986143, 0.9178059), (3.0096526, 2.1838593, 0.055104297), (3.7770116, 2.3561814, 0.56146514), (3.0357468, 2.4170527, 1.4360892), (3.5192418, 2.423916, 1.2478951), (3.5741997, 2.3722525, 0.95220894), (3.3530135, 2.315438, -0.49693644), (2.8313582, 2.2989724, -0.6220351), (3.433833, 2.3295884, -0.92549676), (2.8313582, 2.2989724, -0.6220351), (2.8446517, 2.4666574, -1.2591476), (3.433833, 2.3295884, -0.92549676), (2.5883675, 2.6568954, -3.5082607), (3.449218, 2.503643, -3.7561328), (3.0402994, 2.6040506, -3.2040527), (2.5472288, 2.5843413, -5.118635), (2.4862509, 2.5249171, -5.6681523), (3.1006088, 2.604093, -5.196245), (2.4862509, 2.5249171, -5.6681523), (2.5677276, 2.5618157, -6.39078), (3.0663626, 2.5290952, -5.8091826), (3.1408794, 2.21016, 10.293754), (3.0775292, 2.351339, 9.514014), (3.8244338, 2.3040888, 9.250946), (3.2779207, 2.3955524, 8.564956), (3.2843544, 2.3866904, 7.4584446), (4.0086336, 2.4253016, 8.089883), (3.0310216, 2.2970433, 6.367282), (3.7090578, 2.4512734, 5.764128), (3.821258, 2.3231707, 6.3283763), (3.4991896, 2.4776027, 3.1849828), (2.9726841, 2.5873482, 2.4080029), (3.819675, 2.4779925, 2.7970853), (2.5472288, 2.5843413, -5.118635), (3.1006088, 2.604093, -5.196245), (3.073065, 2.538092, -4.4587817), (2.4802146, 2.4142852, -7.144174), (2.944079, 2.3819227, -7.095108), (2.5677276, 2.5618157, -6.39078), (2.2664506, 2.271899, -10.0306835), (3.1476202, 2.286414, -9.508386), (2.2541275, 2.3647718, -9.481202), (3.2779207, 2.3955524, 8.564956), (4.0022454, 2.4359734, 8.248991), (3.8244338, 2.3040888, 9.250946), (3.3352406, 2.4320154, 5.2014976), (3.0180478, 2.5678744, 4.557474), (3.8413005, 2.452597, 4.1576567), (3.3756354, 2.5243373, 3.7912886), (3.4991896, 2.4776027, 3.1849828), (3.7615073, 2.4667635, 3.8001661), (3.0427542, 2.5455632, 2.1384656), (3.7177322, 2.4357703, 1.9769937), (3.819675, 2.4779925, 2.7970853), (2.2664506, 2.271899, -10.0306835), (3.3489068, 2.1523833, -10.732956), (3.1476202, 2.286414, -9.508386), (4.530746, 2.0336568, 11.097828), (3.1408794, 2.21016, 10.293754), (3.8244338, 2.3040888, 9.250946), (3.3352406, 2.4320154, 5.2014976), (3.9852922, 2.4135215, 5.079459), (3.7090578, 2.4512734, 5.764128), (3.3352406, 2.4320154, 5.2014976), (3.8413005, 2.452597, 4.1576567), (3.9852922, 2.4135215, 5.079459), (3.819675, 2.4779925, 2.7970853), (3.7177322, 2.4357703, 1.9769937), (3.8879046, 2.4489446, 2.4804049), (3.5518248, 2.211603, -0.014609521), (3.3530135, 2.315438, -0.49693644), (4.000915, 2.1762705, -0.14498547), (3.2452996, 2.4275575, -2.036817), (3.0402994, 2.6040506, -3.2040527), (3.7610385, 2.430855, -3.2274747), (3.1006088, 2.604093, -5.196245), (3.0663626, 2.5290952, -5.8091826), (3.5787256, 2.557896, -5.5203686), (2.738723, 2.423739, -8.09304), (3.1866672, 2.3283722, -8.687792), (3.1094985, 2.3904204, -7.6344585), (3.821258, 2.3231707, 6.3283763), (3.7090578, 2.4512734, 5.764128), (4.242306, 2.343628, 5.9212475), (3.5192418, 2.423916, 1.2478951), (3.5741997, 2.3722525, 0.95220894), (4.167539, 2.4572215, 1.4545208), (3.2452996, 2.4275575, -2.036817), (4.276886, 2.328859, -2.2811105), (3.855248, 2.389674, -2.0947611), (3.8244338, 2.3040888, 9.250946), (4.48644, 2.2293754, 9.7514715), (4.530746, 2.0336568, 11.097828), (3.8244338, 2.3040888, 9.250946), (4.0022454, 2.4359734, 8.248991), (4.516681, 2.293455, 8.989161), (4.0086336, 2.4253016, 8.089883), (4.0602117, 2.43514, 7.7551556), (4.859904, 2.3034189, 7.842661), (3.9270642, 2.3806314, 7.252352), (4.528094, 2.2622032, 6.9456034), (4.0602117, 2.43514, 7.7551556), (4.416997, 2.2615063, 6.6248136), (3.821258, 2.3231707, 6.3283763), (4.242306, 2.343628, 5.9212475), (3.819675, 2.4779925, 2.7970853), (3.8879046, 2.4489446, 2.4804049), (4.614112, 2.52585, 2.8058693), (3.8879046, 2.4489446, 2.4804049), (3.7177322, 2.4357703, 1.9769937), (4.519269, 2.3916812, 2.1200926), (3.7177322, 2.4357703, 1.9769937), (4.167539, 2.4572215, 1.4545208), (4.519269, 2.3916812, 2.1200926), (3.5741997, 2.3722525, 0.95220894), (4.3860617, 2.3133903, 0.88399976), (4.167539, 2.4572215, 1.4545208), (3.5518248, 2.211603, -0.014609521), (4.413001, 2.2222972, 0.24454859), (3.7770116, 2.3561814, 0.56146514), (3.5126123, 2.5329332, -4.4511347), (3.1006088, 2.604093, -5.196245), (3.9823897, 2.5263414, -4.971631), (3.7615073, 2.4667635, 3.8001661), (4.718718, 2.5489745, 3.3075132), (4.588348, 2.4662094, 3.9201078), (3.7770116, 2.3561814, 0.56146514), (4.413001, 2.2222972, 0.24454859), (4.3860617, 2.3133903, 0.88399976), (4.000915, 2.1762705, -0.14498547), (4.2171087, 2.3051195, -0.9473292), (4.8782916, 2.2231934, 0.008622291), (4.2171087, 2.3051195, -0.9473292), (3.6693773, 2.346254, -1.5847026), (4.37332, 2.2964718, -1.2802523), (3.6693773, 2.346254, -1.5847026), (3.855248, 2.389674, -2.0947611), (4.276886, 2.328859, -2.2811105), (3.7610385, 2.430855, -3.2274747), (4.214083, 2.4493496, -3.0072424), (4.276886, 2.328859, -2.2811105), (4.516681, 2.293455, 8.989161), (4.0086336, 2.4253016, 8.089883), (5.1894245, 2.2716365, 8.206243), (4.620944, 2.3523314, 5.3992143), (3.9852922, 2.4135215, 5.079459), (4.6016073, 2.517015, 4.5962334), (4.3860617, 2.3133903, 0.88399976), (4.726688, 2.230854, 0.5308166), (4.839995, 2.3212152, 1.1821636), (4.413001, 2.2222972, 0.24454859), (4.000915, 2.1762705, -0.14498547), (4.8782916, 2.2231934, 0.008622291), (4.2171087, 2.3051195, -0.9473292), (4.605223, 2.2641575, -0.4024863), (4.8782916, 2.2231934, 0.008622291), (4.37332, 2.2964718, -1.2802523), (3.6693773, 2.346254, -1.5847026), (4.4800215, 2.249616, -1.7315414), (3.6693773, 2.346254, -1.5847026), (4.276886, 2.328859, -2.2811105), (4.4800215, 2.249616, -1.7315414), (4.214083, 2.4493496, -3.0072424), (3.7610385, 2.430855, -3.2274747), (4.5287557, 2.4551315, -3.425009), (3.699355, 2.5021334, -3.8378732), (4.332069, 2.599486, -4.2343073), (4.5287557, 2.4551315, -3.425009), (3.5126123, 2.5329332, -4.4511347), (3.9823897, 2.5263414, -4.971631), (4.332069, 2.599486, -4.2343073), (4.859904, 2.3034189, 7.842661), (4.528094, 2.2622032, 6.9456034), (5.2872944, 2.2979038, 7.3125725), (4.528094, 2.2622032, 6.9456034), (4.416997, 2.2615063, 6.6248136), (5.11993, 2.2296789, 6.679425), (4.519269, 2.3916812, 2.1200926), (4.167539, 2.4572215, 1.4545208), (5.011694, 2.322603, 1.9295286), (4.1878753, 2.3167167, -8.370417), (3.1866672, 2.3283722, -8.687792), (4.3667517, 2.325705, -9.41785), (3.1866672, 2.3283722, -8.687792), (3.1476202, 2.286414, -9.508386), (4.3667517, 2.325705, -9.41785), (4.530746, 2.0336568, 11.097828), (4.48644, 2.2293754, 9.7514715), (5.529591, 2.1610289, 9.841013), (4.620944, 2.3523314, 5.3992143), (5.153532, 2.3182325, 5.6158037), (4.796445, 2.3751788, 6.026898), (4.4800215, 2.249616, -1.7315414), (4.9459386, 2.3885515, -2.198054), (5.1380644, 2.3213701, -1.213932), (4.5287557, 2.4551315, -3.425009), (4.332069, 2.599486, -4.2343073), (4.817624, 2.4846268, -3.833322), (3.9823897, 2.5263414, -4.971631), (4.723258, 2.4527762, -4.8266735), (4.332069, 2.599486, -4.2343073), (3.1476202, 2.286414, -9.508386), (4.725811, 2.1589348, -10.414704), (4.3667517, 2.325705, -9.41785), (5.11993, 2.2296789, 6.679425), (4.796445, 2.3751788, 6.026898), (5.557614, 2.2157867, 6.1249723), (4.588348, 2.4662094, 3.9201078), (4.718718, 2.5489745, 3.3075132), (5.576508, 2.3695397, 3.5822601), (4.839995, 2.3212152, 1.1821636), (5.3700833, 2.343869, 1.0981001), (5.511028, 2.3161592, 1.595702), (4.726688, 2.230854, 0.5308166), (4.8782916, 2.2231934, 0.008622291), (5.6159806, 2.4085197, 0.8477561), (4.9459386, 2.3885515, -2.198054), (5.233273, 2.4424264, -2.088414), (5.1380644, 2.3213701, -1.213932), (4.2756085, 2.4193165, -6.5656414), (4.5943913, 2.3121614, -7.613293), (5.18288, 2.4136283, -6.8843637), (5.5260253, 2.3308773, 4.3933215), (4.588348, 2.4662094, 3.9201078), (5.576508, 2.3695397, 3.5822601), (5.576508, 2.3695397, 3.5822601), (4.718718, 2.5489745, 3.3075132), (5.445113, 2.392399, 3.1190453), (5.6159806, 2.4085197, 0.8477561), (4.8782916, 2.2231934, 0.008622291), (6.020886, 2.4010844, 0.38475117), (4.605223, 2.2641575, -0.4024863), (5.5022125, 2.3806176, -0.4533866), (4.8782916, 2.2231934, 0.008622291), (4.723258, 2.4527762, -4.8266735), (4.3558135, 2.4251523, -5.6773705), (5.0782323, 2.447725, -5.1872625), (4.3558135, 2.4251523, -5.6773705), (5.208141, 2.3781118, -5.870412), (5.0782323, 2.447725, -5.1872625), (4.3558135, 2.4251523, -5.6773705), (4.2756085, 2.4193165, -6.5656414), (5.18288, 2.4136283, -6.8843637), (4.1878753, 2.3167167, -8.370417), (5.2935867, 2.3276417, -8.249816), (4.5943913, 2.3121614, -7.613293), (4.1878753, 2.3167167, -8.370417), (4.3667517, 2.325705, -9.41785), (5.3197746, 2.2452807, -9.3526945), (5.11993, 2.2296789, 6.679425), (5.692866, 2.1620238, 6.731054), (5.2872944, 2.2979038, 7.3125725), (5.210602, 2.368587, 4.746505), (5.5260253, 2.3308773, 4.3933215), (5.560194, 2.3713048, 5.201033), (4.332069, 2.599486, -4.2343073), (4.723258, 2.4527762, -4.8266735), (5.3246293, 2.3879259, -4.435178), (4.1878753, 2.3167167, -8.370417), (5.3197746, 2.2452807, -9.3526945), (5.2935867, 2.3276417, -8.249816), (4.725811, 2.1589348, -10.414704), (7.2617035, 2.1325758, -10.442467), (5.0752206, 2.0249674, -11.489808), (5.529591, 2.1610289, 9.841013), (5.45263, 2.301251, 8.917468), (6.1233897, 2.200303, 9.4855175), (5.1894245, 2.2716365, 8.206243), (5.2872944, 2.2979038, 7.3125725), (6.465493, 2.1189258, 8.233674), (5.557614, 2.2157867, 6.1249723), (5.9020615, 2.2382517, 5.791441), (5.692866, 2.1620238, 6.731054), (5.557614, 2.2157867, 6.1249723), (5.560194, 2.3713048, 5.201033), (5.9020615, 2.2382517, 5.791441), (5.445113, 2.392399, 3.1190453), (5.440232, 2.319903, 2.3058121), (6.1438813, 2.4047449, 2.9691997), (5.1380644, 2.3213701, -1.213932), (6.220521, 2.578751, -1.0565864), (5.5022125, 2.3806176, -0.4533866), (6.1233897, 2.200303, 9.4855175), (5.45263, 2.301251, 8.917468), (6.5009003, 2.1565473, 8.812849), (6.465493, 2.1189258, 8.233674), (5.2872944, 2.2979038, 7.3125725), (6.423512, 2.1334872, 7.636707), (6.0508366, 2.2883556, 1.4759344), (5.3700833, 2.343869, 1.0981001), (6.286685, 2.3637238, 1.0382867), (5.4711227, 2.4160204, -3.7038798), (5.3246293, 2.3879259, -4.435178), (5.864359, 2.4149423, -3.8131053), (5.208141, 2.3781118, -5.870412), (5.18288, 2.4136283, -6.8843637), (5.7418003, 2.3310328, -6.3860826), (5.9020615, 2.2382517, 5.791441), (5.560194, 2.3713048, 5.201033), (6.5417676, 2.1604755, 5.4718876), (5.560194, 2.3713048, 5.201033), (6.006616, 2.286941, 4.8508253), (6.5417676, 2.1604755, 5.4718876), (5.440232, 2.319903, 2.3058121), (6.0508366, 2.2883556, 1.4759344), (6.4628215, 2.213904, 2.1725152), (6.3494744, 2.5667694, -0.33849078), (5.5022125, 2.3806176, -0.4533866), (6.3645434, 2.5509171, -0.7088769), (5.5682297, 2.318404, -2.8091304), (5.4711227, 2.4160204, -3.7038798), (6.0041447, 2.3393376, -3.208126), (5.3246293, 2.3879259, -4.435178), (5.0782323, 2.447725, -5.1872625), (5.6908994, 2.3752372, -5.3582067), (5.6908994, 2.3752372, -5.3582067), (5.208141, 2.3781118, -5.870412), (6.0773673, 2.3686032, -5.8742447), (5.6103044, 2.2729752, -7.621833), (6.2398734, 2.211076, -7.162051), (5.18288, 2.4136283, -6.8843637), (5.9020615, 2.2382517, 5.791441), (6.5417676, 2.1604755, 5.4718876), (6.247758, 2.2197697, 6.1594214), (6.220521, 2.578751, -1.0565864), (5.678182, 2.423291, -1.5447842), (6.201986, 2.4219217, -1.8992833), (6.201986, 2.4219217, -1.8992833), (5.5682297, 2.318404, -2.8091304), (6.40629, 2.4669712, -2.6540482), (5.3246293, 2.3879259, -4.435178), (5.6908994, 2.3752372, -5.3582067), (5.98484, 2.325852, -4.682313), (6.8975163, 2.2769568, -5.277065), (6.785992, 2.2277439, -4.4001784), (5.18288, 2.4136283, -6.8843637), (6.2398734, 2.211076, -7.162051), (5.7418003, 2.3310328, -6.3860826), (6.1233897, 2.200303, 9.4855175), (6.5009003, 2.1565473, 8.812849), (7.4598246, 2.2095408, 9.582242), (5.692866, 2.1620238, 6.731054), (6.942404, 2.0785592, 6.619283), (6.423512, 2.1334872, 7.636707), (5.692866, 2.1620238, 6.731054), (6.247758, 2.2197697, 6.1594214), (6.942404, 2.0785592, 6.619283), (6.0508366, 2.2883556, 1.4759344), (6.8148413, 2.4209545, 1.4296649), (6.4628215, 2.213904, 2.1725152), (6.020886, 2.4010844, 0.38475117), (6.734232, 2.5752966, 0.18164815), (7.0189915, 2.4382613, 0.8072609), (6.220521, 2.578751, -1.0565864), (6.201986, 2.4219217, -1.8992833), (6.6473784, 2.5207741, -1.4544804), (7.4598246, 2.2095408, 9.582242), (6.5009003, 2.1565473, 8.812849), (7.0972104, 2.2105517, 8.716029), (7.0972104, 2.2105517, 8.716029), (6.465493, 2.1189258, 8.233674), (7.492189, 2.1854036, 8.455232), (6.3645434, 2.5509171, -0.7088769), (6.220521, 2.578751, -1.0565864), (7.1107, 2.5516334, -0.9168999), (6.6473784, 2.5207741, -1.4544804), (6.201986, 2.4219217, -1.8992833), (6.494089, 2.4644575, -2.1224563), (6.0041447, 2.3393376, -3.208126), (6.1828732, 2.3634508, -3.456767), (6.7485313, 2.3418512, -3.2018905), (5.98484, 2.325852, -4.682313), (6.785992, 2.2277439, -4.4001784), (5.864359, 2.4149423, -3.8131053), (5.98484, 2.325852, -4.682313), (6.0773673, 2.3686032, -5.8742447), (6.8367386, 2.2685645, -6.311442), (6.423512, 2.1334872, 7.636707), (6.942404, 2.0785592, 6.619283), (7.0699215, 2.1731367, 7.5176406), (6.942404, 2.0785592, 6.619283), (6.247758, 2.2197697, 6.1594214), (6.785603, 2.1328607, 6.034211), (6.54601, 2.2840965, 4.0176373), (7.095697, 2.181977, 4.258568), (6.540432, 2.3083282, 4.5299225), (6.566976, 2.5506585, -0.07004617), (6.3494744, 2.5667694, -0.33849078), (7.062333, 2.5583916, 0.00012091709), (6.3494744, 2.5667694, -0.33849078), (7.1107, 2.5516334, -0.9168999), (7.062333, 2.5583916, 0.00012091709), (6.494089, 2.4644575, -2.1224563), (6.40629, 2.4669712, -2.6540482), (7.064641, 2.4755998, -2.239145), (6.40629, 2.4669712, -2.6540482), (6.0041447, 2.3393376, -3.208126), (6.7485313, 2.3418512, -3.2018905), (6.2398734, 2.211076, -7.162051), (6.696419, 2.1472166, -8.570369), (7.2139115, 2.303497, -7.358705), (6.5417676, 2.1604755, 5.4718876), (7.3952484, 2.1336882, 6.021564), (6.785603, 2.1328607, 6.034211), (6.5417676, 2.1604755, 5.4718876), (6.540432, 2.3083282, 4.5299225), (7.371047, 2.0967805, 4.8447475), (6.4628215, 2.213904, 2.1725152), (7.17913, 2.2219245, 2.2002475), (7.066102, 2.2177298, 2.6277018), (7.3506866, 2.4897451, 0.46713534), (6.734232, 2.5752966, 0.18164815), (7.062333, 2.5583916, 0.00012091709), (6.2398734, 2.211076, -7.162051), (7.2139115, 2.303497, -7.358705), (6.8367386, 2.2685645, -6.311442), (7.2139115, 2.303497, -7.358705), (6.696419, 2.1472166, -8.570369), (7.60305, 2.2079616, -8.87062), (7.0699215, 2.1731367, 7.5176406), (6.942404, 2.0785592, 6.619283), (7.766765, 2.1286092, 6.9508505), (6.785603, 2.1328607, 6.034211), (7.3952484, 2.1336882, 6.021564), (6.942404, 2.0785592, 6.619283), (6.6661477, 2.3124287, 2.8972538), (7.066102, 2.2177298, 2.6277018), (7.545149, 2.1324105, 3.1767602), (7.17913, 2.2219245, 2.2002475), (6.8148413, 2.4209545, 1.4296649), (7.4796586, 2.371225, 1.4953052), (7.062333, 2.5583916, 0.00012091709), (7.1107, 2.5516334, -0.9168999), (7.7015142, 2.6312027, -0.3917417), (6.40629, 2.4669712, -2.6540482), (7.28626, 2.3704572, -2.9951415), (7.064641, 2.4755998, -2.239145), (6.7485313, 2.3418512, -3.2018905), (6.547702, 2.2845805, -3.8605187), (7.278772, 2.376265, -3.7075167), (7.4598246, 2.2095408, 9.582242), (8.135695, 2.2362282, 9.727884), (8.272744, 2.0318573, 11.289495), (7.4598246, 2.2095408, 9.582242), (8.564291, 2.2489064, 8.77568), (8.135695, 2.2362282, 9.727884), (7.4598246, 2.2095408, 9.582242), (7.492189, 2.1854036, 8.455232), (7.8919272, 2.1740181, 7.739756), (6.465493, 2.1189258, 8.233674), (7.0699215, 2.1731367, 7.5176406), (6.423512, 2.1334872, 7.636707), (7.4598246, 2.2095408, 9.582242), (7.0972104, 2.2105517, 8.716029), (7.492189, 2.1854036, 8.455232), (7.492189, 2.1854036, 8.455232), (7.0699215, 2.1731367, 7.5176406), (7.8919272, 2.1740181, 7.739756), (7.0699215, 2.1731367, 7.5176406), (7.766765, 2.1286092, 6.9508505), (7.8919272, 2.1740181, 7.739756), (6.942404, 2.0785592, 6.619283), (7.3952484, 2.1336882, 6.021564), (7.766765, 2.1286092, 6.9508505), (7.17913, 2.2219245, 2.2002475), (8.063903, 2.39815, 1.7562497), (7.587952, 2.1850617, 2.5197492), (7.4796586, 2.371225, 1.4953052), (7.0189915, 2.4382613, 0.8072609), (8.052955, 2.4001055, 1.0660195), (7.2139115, 2.303497, -7.358705), (7.60305, 2.2079616, -8.87062), (8.663266, 2.22533, -9.435914), (6.867285, 2.168164, -9.4038925), (7.2617035, 2.1325758, -10.442467), (7.982916, 2.2158377, -9.818269), (7.3506866, 2.4897451, 0.46713534), (8.002634, 2.5265253, 0.5155987), (8.052955, 2.4001055, 1.0660195), (7.6021957, 2.3495755, -4.87654), (6.8975163, 2.2769568, -5.277065), (7.3970084, 2.2787616, -5.951041), (7.973113, 2.0754793, 4.492146), (7.095697, 2.181977, 4.258568), (7.790861, 2.139318, 3.930286), (8.063903, 2.39815, 1.7562497), (8.278807, 2.2851863, 2.2094445), (7.587952, 2.1850617, 2.5197492), (7.638032, 2.6134822, -0.120010756), (7.7015142, 2.6312027, -0.3917417), (8.778735, 2.5707202, -0.4181998), (7.587952, 2.1850617, 2.5197492), (8.278807, 2.2851863, 2.2094445), (7.545149, 2.1324105, 3.1767602), (8.778735, 2.5707202, -0.4181998), (7.7015142, 2.6312027, -0.3917417), (8.106991, 2.6771877, -0.74507457), (7.28626, 2.3704572, -2.9951415), (8.228612, 2.297028, -3.1066754), (7.8944097, 2.51895, -2.3882859), (8.715856, 2.2509754, 7.410229), (9.070919, 2.267283, 8.079269), (8.564291, 2.2489064, 8.77568), (7.790861, 2.139318, 3.930286), (8.1552925, 2.1523156, 3.622366), (7.973113, 2.0754793, 4.492146), (7.095697, 2.181977, 4.258568), (7.371047, 2.0967805, 4.8447475), (8.278807, 2.2851863, 2.2094445), (8.063903, 2.39815, 1.7562497), (8.835843, 2.2710311, 1.959347), (7.783444, 2.6104424, -1.5100776), (7.927661, 2.524992, -1.9401612), (8.615102, 2.6361065, -0.8378014), (7.982916, 2.2158377, -9.818269), (8.508529, 2.1440065, -10.636336), (8.663266, 2.22533, -9.435914), (8.778735, 2.5707202, -0.4181998), (8.106991, 2.6771877, -0.74507457), (8.615102, 2.6361065, -0.8378014), (7.638032, 2.6134822, -0.120010756), (8.002634, 2.5265253, 0.5155987), (7.927661, 2.524992, -1.9401612), (9.146487, 2.348743, -1.9267123), (8.615102, 2.6361065, -0.8378014), (8.228612, 2.297028, -3.1066754), (8.658228, 2.3755653, -2.492118), (7.8944097, 2.51895, -2.3882859), (7.8944097, 2.51895, -2.3882859), (8.658228, 2.3755653, -2.492118), (9.146487, 2.348743, -1.9267123), (8.228612, 2.297028, -3.1066754), (8.440903, 2.2391527, -3.557307), (8.658228, 2.3755653, -2.492118), (8.231865, 2.3198488, -5.7810593), (8.205607, 2.37186, -6.9121366), (8.992754, 2.3191218, -6.339835), (9.067753, 2.3009782, -5.297806), (8.282945, 2.3054452, -4.649743), (8.992754, 2.3191218, -6.339835), (9.703005, 2.2950084, -5.875766), (9.844622, 2.2915618, -7.3846464), (8.660807, 2.0803604, 5.304017), (7.973113, 2.0754793, 4.492146), (9.047095, 2.0921597, 4.7256713), (7.973113, 2.0754793, 4.492146), (8.775986, 2.1960917, 3.8772583), (9.047095, 2.0921597, 4.7256713), (8.835843, 2.2710311, 1.959347), (8.761356, 2.3365946, 1.0827595), (9.492277, 2.3290076, 1.408147), (8.282945, 2.3054452, -4.649743), (9.067753, 2.3009782, -5.297806), (8.945617, 2.330034, -4.3008084), (8.205607, 2.37186, -6.9121366), (9.432275, 2.2756772, -8.045944), (8.992754, 2.3191218, -6.339835), (9.202392, 2.2633262, 2.7948418), (8.701545, 2.256914, 2.6215985), (9.860049, 2.2162294, 2.0232184), (9.368454, 2.2301574, 9.217125), (9.070919, 2.267283, 8.079269), (9.757815, 2.173356, 8.355108), (9.104789, 2.3393407, 0.9510499), (8.849124, 2.5049596, 0.20155594), (9.62776, 2.3022285, 0.5115556), (8.615102, 2.6361065, -0.8378014), (9.813581, 2.2943387, -1.4157318), (8.778735, 2.5707202, -0.4181998), (8.615102, 2.6361065, -0.8378014), (9.146487, 2.348743, -1.9267123), (9.813581, 2.2943387, -1.4157318), (8.440903, 2.2391527, -3.557307), (8.945617, 2.330034, -4.3008084), (9.343542, 2.2123942, -3.2777233), (9.432275, 2.2756772, -8.045944), (9.844622, 2.2915618, -7.3846464), (8.992754, 2.3191218, -6.339835), (9.070919, 2.267283, 8.079269), (9.249883, 2.1746466, 7.101733), (9.757815, 2.173356, 8.355108), (9.047095, 2.0921597, 4.7256713), (8.775986, 2.1960917, 3.8772583), (9.519487, 2.1468492, 3.8109832), (9.7614155, 2.220296, -9.360972), (10.649255, 2.1199517, -9.694894), (9.432275, 2.2756772, -8.045944), (8.994681, 2.1971462, 3.335949), (9.202392, 2.2633262, 2.7948418), (10.147005, 2.1254525, 3.0155258), (10.001301, 2.1989996, -4.927558), (9.067753, 2.3009782, -5.297806), (9.703005, 2.2950084, -5.875766), (10.721102, 2.0317233, 10.489434), (9.368454, 2.2301574, 9.217125), (10.973537, 2.0324428, 8.383063), (10.800072, 2.0790317, -1.8654262), (9.343542, 2.2123942, -3.2777233), (10.558355, 2.1150792, -3.9290361), (10.649255, 2.1199517, -9.694894), (10.675386, 2.0375638, -10.728258), (11.386489, 2.0204003, -6.763481), (10.325099, 2.0799272, 4.5378256), (11.087234, 2.0301497, 2.5003896), (11.104785, 2.0158844, 5.5760827), (9.372083, 2.117796, 5.2499046), (9.2299385, 2.1289525, 6.0389504), (11.087234, 2.0301497, 2.5003896), (10.613797, 2.148405, 1.1584394), (11.090753, 2.0300174, -2.435603), (-11.473763, 2.0187378, 3.6244376), (-11.039762, 2.0937402, 5.638062), (-11.308452, 2.0490925, 6.820328), (-11.873784, 2.025004, -7.5404453), (-10.802147, 2.1372147, -4.3035116), (-11.610296, 2.03138, -1.5884435), (-11.610296, 2.03138, -1.5884435), (-10.802147, 2.1372147, -4.3035116), (-10.911679, 2.142419, -2.564618), (-11.308452, 2.0490925, 6.820328), (-10.599858, 2.1363723, 8.552586), (-10.893142, 2.02652, 10.509989), (-10.99872, 2.110254, 1.2724028), (-10.367402, 2.1744602, -0.7697957), (-9.884815, 2.2553473, 0.55955315), (-11.473763, 2.0187378, 3.6244376), (-9.91609, 2.198881, 4.0287724), (-11.039762, 2.0937402, 5.638062), (-10.99872, 2.110254, 1.2724028), (-9.884815, 2.2553473, 0.55955315), (-9.387381, 2.2899914, 1.094732), (-11.610296, 2.03138, -1.5884435), (-10.560888, 2.129789, -1.3590133), (-10.367402, 2.1744602, -0.7697957), (-10.802147, 2.1372147, -4.3035116), (-9.959107, 2.2040458, -5.2734003), (-9.951159, 2.237156, -4.6070366), (-10.802147, 2.1372147, -4.3035116), (-10.606574, 2.1182513, -6.261089), (-9.706143, 2.2184381, -5.984331), (-10.0333605, 2.1420732, -7.047299), (-9.884815, 2.2553473, 0.55955315), (-10.367402, 2.1744602, -0.7697957), (-10.094675, 2.208867, -0.16787606), (-11.873784, 2.025004, -7.5404453), (-11.496212, 2.0257957, -11.228578), (-10.889564, 2.1263545, -9.539208), (-11.039762, 2.0937402, 5.638062), (-9.946692, 2.1854644, 5.033755), (-10.298895, 2.1924238, 6.1620994), (-10.911679, 2.142419, -2.564618), (-9.72306, 2.2293863, -2.5458026), (-10.048065, 2.2315574, -2.183384), (-8.932807, 2.2269511, -3.1725063), (-9.015754, 2.274019, -2.4813113), (-10.298895, 2.1924238, 6.1620994), (-10.089069, 2.147574, 7.2567472), (-11.308452, 2.0490925, 6.820328), (-10.367402, 2.1744602, -0.7697957), (-9.947454, 2.211058, -1.7211245), (-9.268317, 2.2795682, -1.2367241), (-10.889564, 2.1263545, -9.539208), (-10.100247, 2.1865504, -8.712901), (-10.0333605, 2.1420732, -7.047299), (-9.72306, 2.2293863, -2.5458026), (-9.804514, 2.2747827, -3.3579946), (-8.932807, 2.2269511, -3.1725063), (-9.334113, 2.2980268, 1.8959695), (-8.55337, 2.4425845, 2.0667574), (-9.086259, 2.2999728, 2.5812533), (-9.959107, 2.2040458, -5.2734003), (-9.706143, 2.2184381, -5.984331), (-9.10189, 2.2116916, -5.202925), (-9.947454, 2.211058, -1.7211245), (-9.112614, 2.2168968, -1.8972456), (-9.268317, 2.2795682, -1.2367241), (-9.818823, 2.2353833, -3.9860735), (-8.992019, 2.2572622, -4.3762136), (-8.602993, 2.19919, -3.7625332), (-7.9289093, 2.2393122, -4.666103), (-7.4499187, 2.178117, -3.8308434), (-9.443983, 2.2039623, 5.859571), (-8.675147, 2.2505555, 4.682839), (-8.281943, 2.2973819, 5.028596), (-9.086259, 2.2999728, 2.5812533), (-8.2395, 2.4131286, 2.9758608), (-9.180247, 2.2548957, 3.2976708), (-8.55337, 2.4425845, 2.0667574), (-8.307804, 2.4008465, 2.4698012), (-9.086259, 2.2999728, 2.5812533), (-8.91994, 2.4395976, 0.4056025), (-8.371811, 2.5283616, 0.92035854), (-9.387381, 2.2899914, 1.094732), (-10.0333605, 2.1420732, -7.047299), (-9.050669, 2.1859224, -6.3808274), (-9.706143, 2.2184381, -5.984331), (-9.276652, 2.3420825, -0.16064979), (-8.498585, 2.4093783, -0.5101395), (-8.395759, 2.432348, 0.018709205), (-8.281943, 2.2973819, 5.028596), (-7.8272862, 2.2056952, 5.876105), (-9.443983, 2.2039623, 5.859571), (-8.55337, 2.4425845, 2.0667574), (-7.667976, 2.4459217, 2.4309912), (-8.307804, 2.4008465, 2.4698012), (-8.371811, 2.5283616, 0.92035854), (-7.5254483, 2.6254122, 1.3016883), (-8.186309, 2.4689999, 1.5418769), (-8.992019, 2.2572622, -4.3762136), (-8.538544, 2.214781, -4.8821473), (-8.602993, 2.19919, -3.7625332), (-8.675147, 2.2505555, 4.682839), (-7.786896, 2.234231, 4.0843954), (-8.281943, 2.2973819, 5.028596), (-8.281943, 2.2973819, 5.028596), (-7.0608115, 2.228698, 5.3946447), (-7.8272862, 2.2056952, 5.876105), (-8.5822735, 2.3429358, -0.9243447), (-8.657232, 2.2379174, -1.5913402), (-7.6462955, 2.44024, -1.2087889), (-8.498585, 2.4093783, -0.5101395), (-7.9705515, 2.446905, -0.6407641), (-7.445808, 2.5769484, -0.22082217), (-9.342102, 2.246616, -7.6710453), (-8.196909, 2.23033, -6.7714005), (-9.050669, 2.1859224, -6.3808274), (-8.2395, 2.4131286, 2.9758608), (-7.151187, 2.3598495, 3.1898263), (-7.786896, 2.234231, 4.0843954), (-8.5822735, 2.3429358, -0.9243447), (-7.6462955, 2.44024, -1.2087889), (-7.9705515, 2.446905, -0.6407641), (-8.291305, 2.203481, -2.5742517), (-7.569674, 2.2907696, -2.1378038), (-8.657232, 2.2379174, -1.5913402), (-8.354986, 2.249536, -7.650211), (-8.196909, 2.23033, -6.7714005), (-9.342102, 2.246616, -7.6710453), (-8.2395, 2.4131286, 2.9758608), (-7.667976, 2.4459217, 2.4309912), (-7.151187, 2.3598495, 3.1898263), (-8.371811, 2.5283616, 0.92035854), (-7.913442, 2.5802448, 0.59276175), (-7.5254483, 2.6254122, 1.3016883), (-8.657232, 2.2379174, -1.5913402), (-7.569674, 2.2907696, -2.1378038), (-7.503412, 2.3065572, -1.7487439), (-8.354986, 2.249536, -7.650211), (-7.223901, 2.3582768, -7.467053), (-8.196909, 2.23033, -6.7714005), (-7.151187, 2.3598495, 3.1898263), (-6.550056, 2.3583083, 3.7837398), (-7.786896, 2.234231, 4.0843954), (-7.4568114, 2.490385, 1.873646), (-6.7246575, 2.5413184, 2.4604874), (-7.667976, 2.4459217, 2.4309912), (-7.913442, 2.5802448, 0.59276175), (-7.0277276, 2.6672878, 0.38226217), (-7.2202635, 2.6145382, 1.0228946), (-7.645857, 2.2327867, -5.749465), (-7.348993, 2.2208066, -5.042632), (-7.9289093, 2.2393122, -4.666103), (-7.9705515, 2.446905, -0.6407641), (-7.6462955, 2.44024, -1.2087889), (-7.240606, 2.4679587, -0.6625858), (-7.6462955, 2.44024, -1.2087889), (-6.802066, 2.4579856, -0.92753065), (-6.5671635, 2.4650984, -0.38649768), (-8.8315115, 2.195048, -9.344114), (-7.4752, 2.201522, -9.66136), (-7.915775, 2.214647, -8.688697), (-8.8315115, 2.195048, -9.344114), (-8.313464, 2.0459979, -11.343415), (-7.4752, 2.201522, -9.66136), (-6.4667325, 2.269337, 5.806365), (-6.8175845, 2.2228954, 6.8032694), (-7.8272862, 2.2056952, 5.876105), (-6.7246575, 2.5413184, 2.4604874), (-6.5277586, 2.38234, 3.1524084), (-7.151187, 2.3598495, 3.1898263), (-7.5254483, 2.6254122, 1.3016883), (-7.2202635, 2.6145382, 1.0228946), (-6.7454796, 2.519073, 1.6701303), (-7.9705515, 2.446905, -0.6407641), (-7.240606, 2.4679587, -0.6625858), (-7.445808, 2.5769484, -0.22082217), (-7.4499187, 2.178117, -3.8308434), (-7.0520434, 2.235231, -3.3740873), (-7.7980504, 2.2011943, -3.4588768), (-7.9289093, 2.2393122, -4.666103), (-7.348993, 2.2208066, -5.042632), (-6.9362426, 2.1083422, -4.242929), (-6.4667325, 2.269337, 5.806365), (-6.211863, 2.2307756, 6.460267), (-6.8175845, 2.2228954, 6.8032694), (-7.2202635, 2.6145382, 1.0228946), (-7.0277276, 2.6672878, 0.38226217), (-6.5166306, 2.5940557, 0.8119981), (-8.196909, 2.23033, -6.7714005), (-6.8829365, 2.3696272, -6.336626), (-7.645857, 2.2327867, -5.749465), (-8.196909, 2.23033, -6.7714005), (-6.813834, 2.320199, -6.8993063), (-6.8829365, 2.3696272, -6.336626), (-6.5277586, 2.38234, 3.1524084), (-5.856156, 2.3291478, 3.6018682), (-6.550056, 2.3583083, 3.7837398), (-7.263394, 2.5939429, 0.05394481), (-6.6668286, 2.5369225, 0.052045044), (-7.0277276, 2.6672878, 0.38226217), (-7.569674, 2.2907696, -2.1378038), (-6.4814744, 2.2664149, -1.6275806), (-7.503412, 2.3065572, -1.7487439), (-7.348993, 2.2208066, -5.042632), (-6.6995425, 2.312916, -5.302443), (-6.9362426, 2.1083422, -4.242929), (-6.8829365, 2.3696272, -6.336626), (-6.57857, 2.3039365, -5.756124), (-7.645857, 2.2327867, -5.749465), (-7.915775, 2.214647, -8.688697), (-6.4814672, 2.2474167, -9.242222), (-6.331928, 2.3308008, -8.515149), (-6.8175845, 2.2228954, 6.8032694), (-6.211863, 2.2307756, 6.460267), (-5.5453415, 2.3064613, 6.8055577), (-6.7454796, 2.519073, 1.6701303), (-5.8547306, 2.5598085, 1.7571551), (-6.2058897, 2.4883564, 2.0857384), (-6.5166306, 2.5940557, 0.8119981), (-6.188693, 2.600442, 1.0806172), (-7.2202635, 2.6145382, 1.0228946), (-7.240606, 2.4679587, -0.6625858), (-6.5671635, 2.4650984, -0.38649768), (-7.445808, 2.5769484, -0.22082217), (-7.569674, 2.2907696, -2.1378038), (-6.5845733, 2.2203646, -2.7372496), (-6.6045732, 2.2603493, -2.2636771), (-6.7246575, 2.5413184, 2.4604874), (-6.2058897, 2.4883564, 2.0857384), (-5.955454, 2.3878474, 2.9244084), (-6.6668286, 2.5369225, 0.052045044), (-6.073376, 2.5247333, 0.60939085), (-7.0277276, 2.6672878, 0.38226217), (-6.2176523, 2.3234801, -6.582545), (-6.8829365, 2.3696272, -6.336626), (-6.813834, 2.320199, -6.8993063), (-6.872368, 2.3063216, -8.103264), (-5.931004, 2.293992, -7.801667), (-7.223901, 2.3582768, -7.467053), (-6.211863, 2.2307756, 6.460267), (-5.571481, 2.1634452, 5.8499823), (-5.5453415, 2.3064613, 6.8055577), (-5.955454, 2.3878474, 2.9244084), (-5.1394286, 2.429181, 3.3889918), (-5.856156, 2.3291478, 3.6018682), (-6.4814744, 2.2664149, -1.6275806), (-6.0682435, 2.404739, -0.93418664), (-6.802066, 2.4579856, -0.92753065), (-6.8829365, 2.3696272, -6.336626), (-6.2176523, 2.3234801, -6.582545), (-6.57857, 2.3039365, -5.756124), (-7.4752, 2.201522, -9.66136), (-8.313464, 2.0459979, -11.343415), (-6.609403, 2.2221467, -9.899515), (-5.571481, 2.1634452, 5.8499823), (-5.0450487, 2.223672, 5.9712543), (-5.5453415, 2.3064613, 6.8055577), (-6.630361, 2.2194755, 4.4621964), (-5.0579534, 2.1661496, 4.86542), (-5.996787, 2.2284591, 5.2428293), (-5.569173, 2.184812, 4.254035), (-5.0579534, 2.1661496, 4.86542), (-6.630361, 2.2194755, 4.4621964), (-6.802066, 2.4579856, -0.92753065), (-5.758507, 2.4061766, -0.5819953), (-6.5671635, 2.4650984, -0.38649768), (-6.0682435, 2.404739, -0.93418664), (-5.758507, 2.4061766, -0.5819953), (-6.802066, 2.4579856, -0.92753065), (-6.6045732, 2.2603493, -2.2636771), (-6.5845733, 2.2203646, -2.7372496), (-5.661408, 2.414537, -2.423134), (-6.6995425, 2.312916, -5.302443), (-5.886708, 2.2349792, -5.4741416), (-5.881182, 2.1550586, -4.7181563), (-6.57857, 2.3039365, -5.756124), (-5.886708, 2.2349792, -5.4741416), (-6.6995425, 2.312916, -5.302443), (-5.571481, 2.1634452, 5.8499823), (-4.948175, 2.1336234, 5.4772515), (-5.0450487, 2.223672, 5.9712543), (-5.569173, 2.184812, 4.254035), (-4.6766644, 2.358354, 4.3004026), (-5.0579534, 2.1661496, 4.86542), (-6.2058897, 2.4883564, 2.0857384), (-5.30207, 2.4391825, 2.1467972), (-5.2369456, 2.4531062, 2.4171627), (-6.075135, 2.5645921, 1.4965539), (-5.320283, 2.4669516, 1.153465), (-5.8547306, 2.5598085, 1.7571551), (-6.073376, 2.5247333, 0.60939085), (-5.320283, 2.4669516, 1.153465), (-6.188693, 2.600442, 1.0806172), (-6.5845733, 2.2203646, -2.7372496), (-5.74772, 2.3277693, -2.8855634), (-5.661408, 2.414537, -2.423134), (-6.250582, 2.2036703, -3.4681237), (-6.0714946, 2.1280603, -3.9672153), (-5.69327, 2.3179688, -3.255892), (-5.5453415, 2.3064613, 6.8055577), (-5.0450487, 2.223672, 5.9712543), (-4.9072156, 2.2975914, 6.694511), (-5.0450487, 2.223672, 5.9712543), (-4.948175, 2.1336234, 5.4772515), (-4.4558096, 2.237799, 6.006006), (-6.073376, 2.5247333, 0.60939085), (-5.684735, 2.5175142, 0.2605966), (-5.1563835, 2.549686, 0.4925016), (-4.241066, 2.3057845, 5.240479), (-4.948175, 2.1336234, 5.4772515), (-5.0579534, 2.1661496, 4.86542), (-6.0714946, 2.1280603, -3.9672153), (-5.291637, 2.2831063, -3.6050825), (-5.69327, 2.3179688, -3.255892), (-5.886708, 2.2349792, -5.4741416), (-5.49519, 2.186476, -4.6327415), (-5.881182, 2.1550586, -4.7181563), (-5.886708, 2.2349792, -5.4741416), (-5.7281046, 2.2620595, -6.1116667), (-5.1592603, 2.3090882, -5.6423216), (-6.331928, 2.3308008, -8.515149), (-5.7791615, 2.2587543, -8.977391), (-5.931004, 2.293992, -7.801667), (-6.4814672, 2.2474167, -9.242222), (-5.7791615, 2.2587543, -8.977391), (-6.331928, 2.3308008, -8.515149), (-5.2369456, 2.4531062, 2.4171627), (-4.6062155, 2.4325686, 3.1669703), (-5.3225803, 2.4031758, 2.8368132), (-5.2369456, 2.4531062, 2.4171627), (-4.339395, 2.5320652, 2.5660584), (-3.962596, 2.4710531, 3.3349504), (-6.034234, 2.5345833, -0.028821131), (-5.060909, 2.3817084, -0.16377649), (-5.684735, 2.5175142, 0.2605966), (-6.609403, 2.2221467, -9.899515), (-5.7791615, 2.2587543, -8.977391), (-6.4814672, 2.2474167, -9.242222), (-4.9072156, 2.2975914, 6.694511), (-4.4558096, 2.237799, 6.006006), (-3.9640117, 2.4441416, 6.702979), (-5.155426, 2.469203, 1.7721031), (-4.5605745, 2.494182, 1.9637473), (-5.30207, 2.4391825, 2.1467972), (-5.060909, 2.3817084, -0.16377649), (-5.1563835, 2.549686, 0.4925016), (-5.684735, 2.5175142, 0.2605966), (-5.69327, 2.3179688, -3.255892), (-5.2104096, 2.314384, -3.1359186), (-5.74772, 2.3277693, -2.8855634), (-5.7379746, 2.3530858, -6.968825), (-5.129004, 2.2737908, -7.421817), (-4.7291956, 2.2160063, -6.5535264), (-5.931004, 2.293992, -7.801667), (-5.129004, 2.2737908, -7.421817), (-5.7379746, 2.3530858, -6.968825), (-3.9640117, 2.4441416, 6.702979), (-4.4645257, 2.3595855, 7.5371), (-5.211673, 2.249492, 7.4333673), (-4.9072156, 2.2975914, 6.694511), (-5.211673, 2.249492, 7.4333673), (-5.3874807, 2.250663, 8.159786), (-4.7335997, 2.3575845, 8.020109), (-4.4645257, 2.3595855, 7.5371), (-5.410843, 2.4773388, -1.0939368), (-4.7194195, 2.3877435, -0.4548291), (-5.758507, 2.4061766, -0.5819953), (-5.291637, 2.2831063, -3.6050825), (-5.2104096, 2.314384, -3.1359186), (-5.69327, 2.3179688, -3.255892), (-5.060909, 2.3817084, -0.16377649), (-4.4993877, 2.45028, 0.038191874), (-5.1563835, 2.549686, 0.4925016), (-4.7291956, 2.2160063, -6.5535264), (-5.1592603, 2.3090882, -5.6423216), (-5.7281046, 2.2620595, -6.1116667), (-4.599307, 2.2785726, 8.745184), (-3.4788876, 2.380492, 8.75482), (-4.8497934, 2.2075095, 9.439054), (-4.4645257, 2.3595855, 7.5371), (-4.1763716, 2.3715506, 8.262187), (-4.7335997, 2.3575845, 8.020109), (-5.1563835, 2.549686, 0.4925016), (-4.5517764, 2.5549457, 0.83113784), (-5.320283, 2.4669516, 1.153465), (-5.6560917, 2.3782704, -1.7474874), (-4.756597, 2.4270775, -1.4141722), (-5.410843, 2.4773388, -1.0939368), (-3.9640117, 2.4441416, 6.702979), (-3.5467935, 2.4620385, 7.285076), (-4.4645257, 2.3595855, 7.5371), (-4.756597, 2.4270775, -1.4141722), (-4.3696446, 2.4010017, -0.83817136), (-5.410843, 2.4773388, -1.0939368), (-5.1639714, 2.385386, -2.6555862), (-4.505346, 2.4791663, -2.6676183), (-5.0429053, 2.385069, -1.8518211), (-4.798685, 2.305716, -3.819246), (-4.311253, 2.315069, -3.4022932), (-5.2104096, 2.314384, -3.1359186), (-5.1336484, 2.1946795, -4.9825463), (-4.5683904, 2.172866, -4.5152164), (-5.1196322, 2.204504, -4.3184886), (-4.7291956, 2.2160063, -6.5535264), (-4.528656, 2.2144432, -5.786478), (-5.1592603, 2.3090882, -5.6423216), (-5.7791615, 2.2587543, -8.977391), (-4.645435, 2.2391942, -9.417065), (-4.93038, 2.2541623, -8.887619), (-3.4788876, 2.380492, 8.75482), (-3.4037817, 2.332488, 9.254671), (-4.473122, 2.1658342, 9.992062), (-4.1763716, 2.3715506, 8.262187), (-4.599307, 2.2785726, 8.745184), (-4.4558096, 2.237799, 6.006006), (-3.6046453, 2.3606563, 6.183692), (-3.9640117, 2.4441416, 6.702979), (-4.241066, 2.3057845, 5.240479), (-3.8176222, 2.3174496, 4.7043576), (-4.078735, 2.2865667, 5.4126654), (-3.8176222, 2.3174496, 4.7043576), (-4.2450914, 2.4757953, 4.0591617), (-3.6503246, 2.3848243, 4.4152923), (-4.505346, 2.4791663, -2.6676183), (-4.421155, 2.4472117, -2.120574), (-5.0429053, 2.385069, -1.8518211), (-5.2104096, 2.314384, -3.1359186), (-4.311253, 2.315069, -3.4022932), (-4.505346, 2.4791663, -2.6676183), (-4.078735, 2.2865667, 5.4126654), (-3.5863287, 2.3169696, 5.108908), (-3.710531, 2.3595319, 5.575392), (-4.5683904, 2.172866, -4.5152164), (-4.798685, 2.305716, -3.819246), (-5.1196322, 2.204504, -4.3184886), (-5.1336484, 2.1946795, -4.9825463), (-4.5169983, 2.1240735, -5.1070547), (-4.5683904, 2.172866, -4.5152164), (-4.93038, 2.2541623, -8.887619), (-4.645435, 2.2391942, -9.417065), (-4.441672, 2.2361965, -8.221573), (-3.864402, 2.5008996, 7.6818657), (-3.4788876, 2.380492, 8.75482), (-4.1763716, 2.3715506, 8.262187), (-3.710531, 2.3595319, 5.575392), (-3.6046453, 2.3606563, 6.183692), (-4.4558096, 2.237799, 6.006006), (-4.078735, 2.2865667, 5.4126654), (-3.8176222, 2.3174496, 4.7043576), (-3.5863287, 2.3169696, 5.108908), (-4.2450914, 2.4757953, 4.0591617), (-3.962596, 2.4710531, 3.3349504), (-3.5105147, 2.4325614, 3.9447827), (-4.5517764, 2.5549457, 0.83113784), (-3.9403517, 2.552887, 0.4046649), (-3.9244323, 2.7438784, 1.1711745), (-3.3208523, 2.557841, 0.06139786), (-3.1742601, 2.7402256, 0.6086609), (-3.5467935, 2.4620385, 7.285076), (-3.4560416, 2.4952078, 7.945086), (-3.864402, 2.5008996, 7.6818657), (-4.5683904, 2.172866, -4.5152164), (-4.040039, 2.2311425, -3.9533055), (-4.798685, 2.305716, -3.819246), (-4.528656, 2.2144432, -5.786478), (-4.0786843, 2.238894, -5.8706694), (-4.5169983, 2.1240735, -5.1070547), (-4.7291956, 2.2160063, -6.5535264), (-4.0786843, 2.238894, -5.8706694), (-4.528656, 2.2144432, -5.786478), (-4.441672, 2.2361965, -8.221573), (-3.9690807, 2.225229, -7.3533506), (-4.566907, 2.274005, -7.186293), (-4.645435, 2.2391942, -9.417065), (-3.9182243, 2.1848223, -8.904618), (-4.0670114, 2.1900344, -10.099041), (-3.864402, 2.5008996, 7.6818657), (-3.4560416, 2.4952078, 7.945086), (-3.4788876, 2.380492, 8.75482), (-3.6046453, 2.3606563, 6.183692), (-3.5523431, 2.4465377, 6.82547), (-3.9640117, 2.4441416, 6.702979), (-3.9244323, 2.7438784, 1.1711745), (-3.9403517, 2.552887, 0.4046649), (-3.465914, 2.7227743, 0.89324933), (-4.311253, 2.315069, -3.4022932), (-4.01143, 2.3982708, -2.9601054), (-4.505346, 2.4791663, -2.6676183), (-4.5169983, 2.1240735, -5.1070547), (-4.0786843, 2.238894, -5.8706694), (-3.9311888, 2.159587, -5.4507475), (-4.7291956, 2.2160063, -6.5535264), (-3.8877602, 2.199323, -6.362048), (-4.0786843, 2.238894, -5.8706694), (-4.7291956, 2.2160063, -6.5535264), (-3.9690807, 2.225229, -7.3533506), (-3.7982402, 2.2286005, -6.8361673), (-3.0569952, 2.233381, 9.964413), (-4.426345, 2.1152496, 10.599327), (-4.473122, 2.1658342, 9.992062), (-3.9311888, 2.159587, -5.4507475), (-3.9520485, 2.1651495, -4.9044743), (-4.5169983, 2.1240735, -5.1070547), (-4.441672, 2.2361965, -8.221573), (-3.7743585, 2.2656887, -7.9678288), (-3.9690807, 2.225229, -7.3533506), (-3.5523431, 2.4465377, 6.82547), (-3.1059952, 2.543819, 6.9982815), (-3.5467935, 2.4620385, 7.285076), (-3.6046453, 2.3606563, 6.183692), (-3.2472937, 2.332393, 5.7223377), (-3.0523543, 2.4459622, 6.394564), (-3.5863287, 2.3169696, 5.108908), (-3.2472937, 2.332393, 5.7223377), (-3.710531, 2.3595319, 5.575392), (-3.6503246, 2.3848243, 4.4152923), (-3.5105147, 2.4325614, 3.9447827), (-3.1934574, 2.4317985, 4.687909), (-3.3180327, 2.7148204, 2.8746898), (-3.1709816, 2.645704, 3.1655614), (-3.962596, 2.4710531, 3.3349504), (-3.9244323, 2.7438784, 1.1711745), (-3.138002, 2.791258, 1.5664332), (-3.8022604, 2.6842089, 1.7886688), (-3.465914, 2.7227743, 0.89324933), (-3.9403517, 2.552887, 0.4046649), (-3.1742601, 2.7402256, 0.6086609), (-4.1480746, 2.4646323, -0.37235445), (-3.1900182, 2.5258193, -0.2315033), (-3.3208523, 2.557841, 0.06139786), (-3.9029644, 2.4335003, -0.91101253), (-3.3290045, 2.4420986, -0.566041), (-4.1480746, 2.4646323, -0.37235445), (-3.9029644, 2.4335003, -0.91101253), (-4.086948, 2.4917102, -1.822868), (-3.3662164, 2.4371605, -1.6333299), (-3.9311888, 2.159587, -5.4507475), (-3.5352721, 2.1232662, -5.8545737), (-3.9520485, 2.1651495, -4.9044743), (-3.9182243, 2.1848223, -8.904618), (-3.7743585, 2.2656887, -7.9678288), (-4.441672, 2.2361965, -8.221573), (-3.1059952, 2.543819, 6.9982815), (-3.0138497, 2.5217788, 7.491572), (-3.5467935, 2.4620385, 7.285076), (-3.5523431, 2.4465377, 6.82547), (-3.0523543, 2.4459622, 6.394564), (-3.1059952, 2.543819, 6.9982815), (-3.9244323, 2.7438784, 1.1711745), (-3.465914, 2.7227743, 0.89324933), (-3.138002, 2.791258, 1.5664332), (-3.9520485, 2.1651495, -4.9044743), (-3.1920216, 2.174712, -4.550876), (-3.7505646, 2.2389464, -4.093856), (-3.5863287, 2.3169696, 5.108908), (-3.1934574, 2.4317985, 4.687909), (-2.9759607, 2.298591, 5.254291), (-3.5064101, 2.7579873, 2.400455), (-2.881591, 2.8295717, 1.8039869), (-2.7783165, 2.674075, 2.776358), (-4.0670114, 2.1900344, -10.099041), (-3.3816094, 2.221248, -9.531069), (-3.9182243, 2.1848223, -8.904618), (-3.0138497, 2.5217788, 7.491572), (-3.1059952, 2.543819, 6.9982815), (-2.517383, 2.5097804, 7.5466638), (-3.0523543, 2.4459622, 6.394564), (-2.4473796, 2.460723, 6.886242), (-3.1059952, 2.543819, 6.9982815), (-3.2472937, 2.332393, 5.7223377), (-2.6895895, 2.395347, 6.0666733), (-3.0523543, 2.4459622, 6.394564), (-3.1709816, 2.645704, 3.1655614), (-2.7783165, 2.674075, 2.776358), (-2.8523772, 2.6293674, 3.4329185), (-3.465914, 2.7227743, 0.89324933), (-3.1742601, 2.7402256, 0.6086609), (-3.138002, 2.791258, 1.5664332), (-3.3662164, 2.4371605, -1.6333299), (-2.7080965, 2.4118602, -0.7150275), (-3.3290045, 2.4420986, -0.566041), (-3.7505646, 2.2389464, -4.093856), (-3.1920216, 2.174712, -4.550876), (-2.9867733, 2.3981292, -3.565103), (-3.2753203, 2.1731932, -5.398831), (-3.1920216, 2.174712, -4.550876), (-3.9520485, 2.1651495, -4.9044743), (-2.5228107, 2.2522118, 5.3000817), (-3.2472937, 2.332393, 5.7223377), (-2.9759607, 2.298591, 5.254291), (-3.9690807, 2.225229, -7.3533506), (-3.0852535, 2.1118221, -7.1179557), (-3.7982402, 2.2286005, -6.8361673), (-3.1934574, 2.4317985, 4.687909), (-2.5227542, 2.3823752, 4.2919955), (-2.5228107, 2.2522118, 5.3000817), (-3.138002, 2.791258, 1.5664332), (-2.55833, 2.7521782, 1.0388393), (-2.453543, 2.8362699, 1.5252541), (-3.1742601, 2.7402256, 0.6086609), (-2.55833, 2.7521782, 1.0388393), (-3.138002, 2.791258, 1.5664332), (-3.3208523, 2.557841, 0.06139786), (-2.4487267, 2.5745058, 0.30889043), (-3.1742601, 2.7402256, 0.6086609), (-3.1010976, 2.0528045, -6.3320494), (-3.0169277, 2.1453693, -5.606387), (-3.2753203, 2.1731932, -5.398831), (-2.6895895, 2.395347, 6.0666733), (-2.1551933, 2.4760962, 6.220841), (-2.4473796, 2.460723, 6.886242), (-2.6895895, 2.395347, 6.0666733), (-2.5228107, 2.2522118, 5.3000817), (-2.1551933, 2.4760962, 6.220841), (-2.9820163, 2.4449341, 4.0927405), (-2.8523772, 2.6293674, 3.4329185), (-2.5227542, 2.3823752, 4.2919955), (-2.8523772, 2.6293674, 3.4329185), (-2.7783165, 2.674075, 2.776358), (-2.158136, 2.5405526, 3.1859682), (-2.881591, 2.8295717, 1.8039869), (-2.2781157, 2.7791612, 2.3506474), (-2.7783165, 2.674075, 2.776358), (-2.4487267, 2.5745058, 0.30889043), (-2.55833, 2.7521782, 1.0388393), (-3.1742601, 2.7402256, 0.6086609), (-2.8542757, 2.5434842, 8.430287), (-2.4170294, 2.5634427, 8.141946), (-2.5693047, 2.5429602, 8.950582), (-2.5228107, 2.2522118, 5.3000817), (-2.120337, 2.2804384, 5.3170342), (-2.1551933, 2.4760962, 6.220841), (-2.5227542, 2.3823752, 4.2919955), (-2.0755022, 2.3785696, 4.7407193), (-2.5228107, 2.2522118, 5.3000817), (-3.1920216, 2.174712, -4.550876), (-2.4418344, 2.2259574, -4.131772), (-2.9867733, 2.3981292, -3.565103), (-3.0852535, 2.1118221, -7.1179557), (-2.5128734, 2.1215146, -6.8802514), (-3.1010976, 2.0528045, -6.3320494), (-2.9952953, 2.202979, -8.089521), (-2.5705788, 2.2222414, -7.557371), (-3.0852535, 2.1118221, -7.1179557), (-2.4170294, 2.5634427, 8.141946), (-2.097769, 2.5466454, 7.4735155), (-1.7239407, 2.599871, 8.001807), (-2.5227542, 2.3823752, 4.2919955), (-2.200441, 2.4628038, 3.7346869), (-1.775195, 2.4034777, 4.3358083), (-2.8523772, 2.6293674, 3.4329185), (-2.158136, 2.5405526, 3.1859682), (-2.200441, 2.4628038, 3.7346869), (-2.55833, 2.7521782, 1.0388393), (-2.0512624, 2.5759826, 0.29912683), (-1.8166528, 2.7236233, 0.93125), (-2.5858855, 2.546474, -0.13234086), (-1.9446352, 2.5845675, -0.31615317), (-2.4487267, 2.5745058, 0.30889043), (-3.3816094, 2.221248, -9.531069), (-2.9101877, 2.1852922, -10.208574), (-2.7139657, 2.308609, -8.984364), (-2.158136, 2.5405526, 3.1859682), (-2.2781157, 2.7791612, 2.3506474), (-1.8289727, 2.5512834, 3.039227), (-2.453543, 2.8362699, 1.5252541), (-2.0121737, 2.777197, 1.6110461), (-2.2781157, 2.7791612, 2.3506474), (-2.7080965, 2.4118602, -0.7150275), (-2.2022758, 2.4134676, -0.8475122), (-1.9446352, 2.5845675, -0.31615317), (-2.6876101, 2.458518, -1.9909439), (-2.2286475, 2.3735733, -2.1015499), (-2.4912033, 2.4417589, -1.622452), (-2.6878998, 2.1389954, -4.728053), (-1.9507557, 2.2541254, -5.2065797), (-2.216031, 2.2564714, -4.6422186), (-2.579722, 2.2386613, -5.7082586), (-1.9507557, 2.2541254, -5.2065797), (-2.6878998, 2.1389954, -4.728053), (-2.7139657, 2.308609, -8.984364), (-2.3779204, 2.2346182, -8.251965), (-2.9952953, 2.202979, -8.089521), (-2.3241136, 2.2824829, -8.757852), (-1.7906262, 2.2763317, -8.453979), (-1.8875659, 2.3217623, -9.042822), (-2.5693047, 2.5429602, 8.950582), (-1.7239407, 2.599871, 8.001807), (-2.0808218, 2.529938, 9.1659975), (-2.097769, 2.5466454, 7.4735155), (-1.8719387, 2.478544, 6.9463177), (-1.7239407, 2.599871, 8.001807), (-2.120337, 2.2804384, 5.3170342), (-2.0755022, 2.3785696, 4.7407193), (-1.7469817, 2.2705047, 5.4072266), (-2.158136, 2.5405526, 3.1859682), (-1.8289727, 2.5512834, 3.039227), (-2.200441, 2.4628038, 3.7346869), (-2.2022758, 2.4134676, -0.8475122), (-2.33227, 2.456797, -1.2739075), (-1.6625983, 2.3265169, -1.0040544), (-2.0808218, 2.529938, 9.1659975), (-1.4453366, 2.4977853, 8.829065), (-1.0038968, 2.3638759, 9.612855), (-1.7469817, 2.2705047, 5.4072266), (-1.5148823, 2.370144, 6.1168995), (-2.1551933, 2.4760962, 6.220841), (-2.0755022, 2.3785696, 4.7407193), (-1.775195, 2.4034777, 4.3358083), (-1.7469817, 2.2705047, 5.4072266), (-1.8289727, 2.5512834, 3.039227), (-1.4246244, 2.5216746, 3.808673), (-2.200441, 2.4628038, 3.7346869), (-2.1177971, 2.769024, 1.2540752), (-1.8166528, 2.7236233, 0.93125), (-1.5546124, 2.635482, 1.4340763), (-1.6625983, 2.3265169, -1.0040544), (-1.9446352, 2.5845675, -0.31615317), (-2.2022758, 2.4134676, -0.8475122), (-2.2868762, 2.2957773, -2.7745497), (-1.951184, 2.2127953, -3.3154418), (-1.605494, 2.3222964, -2.7564635), (-2.7139657, 2.308609, -8.984364), (-2.2937505, 2.268907, -9.42612), (-2.3241136, 2.2824829, -8.757852), (-2.9101877, 2.1852922, -10.208574), (-2.2452557, 2.2347226, -10.1781435), (-2.2937505, 2.268907, -9.42612), (-1.7469817, 2.2705047, 5.4072266), (-1.775195, 2.4034777, 4.3358083), (-1.225428, 2.2397375, 4.9452395), (-1.8193002, 2.3468752, -1.5932832), (-1.6625983, 2.3265169, -1.0040544), (-2.33227, 2.456797, -1.2739075), (-2.2286475, 2.3735733, -2.1015499), (-1.619191, 2.383241, -2.2409787), (-1.8193002, 2.3468752, -1.5932832), (-2.216031, 2.2564714, -4.6422186), (-1.9507557, 2.2541254, -5.2065797), (-1.8267372, 2.3409786, -4.417932), (-2.1856294, 2.2355158, -7.829111), (-2.1369302, 2.1402907, -7.031649), (-2.5128734, 2.1215146, -6.8802514), (-1.7239407, 2.599871, 8.001807), (-0.9209524, 2.4338222, 7.823181), (-1.4453366, 2.4977853, 8.829065), (-1.8719387, 2.478544, 6.9463177), (-0.9209524, 2.4338222, 7.823181), (-1.7239407, 2.599871, 8.001807), (-1.5148823, 2.370144, 6.1168995), (-1.164071, 2.3837988, 6.434797), (-1.4827542, 2.4261317, 6.9084826), (-1.8289727, 2.5512834, 3.039227), (-1.5987761, 2.5660324, 2.5864956), (-1.3468341, 2.5081763, 3.2199025), (-1.5083604, 2.4953575, 0.29575947), (-1.1149093, 2.4815228, 0.47731528), (-1.8166528, 2.7236233, 0.93125), (-1.8267372, 2.3409786, -4.417932), (-1.3218408, 2.5041857, -4.2804823), (-1.951184, 2.2127953, -3.3154418), (-2.3779204, 2.2346182, -8.251965), (-1.7095665, 2.3050604, -7.8963213), (-2.1856294, 2.2355158, -7.829111), (-1.4827542, 2.4261317, 6.9084826), (-1.164071, 2.3837988, 6.434797), (-0.77320874, 2.4567242, 6.895123), (-1.5148823, 2.370144, 6.1168995), (-1.7469817, 2.2705047, 5.4072266), (-0.92838925, 2.3932118, 5.728348), (-1.775195, 2.4034777, 4.3358083), (-1.4246244, 2.5216746, 3.808673), (-1.225428, 2.2397375, 4.9452395), (-1.3298024, 2.3895307, -0.52745074), (-1.1867921, 2.4125805, -0.07435329), (-1.9446352, 2.5845675, -0.31615317), (-1.6625983, 2.3265169, -1.0040544), (-1.3298024, 2.3895307, -0.52745074), (-1.9446352, 2.5845675, -0.31615317), (-1.566156, 2.2617824, -7.495626), (-1.4579396, 2.251065, -6.875877), (-2.1369302, 2.1402907, -7.031649), (-2.3779204, 2.2346182, -8.251965), (-1.7906262, 2.2763317, -8.453979), (-1.7095665, 2.3050604, -7.8963213), (-2.2452557, 2.2347226, -10.1781435), (-1.5514331, 2.2353582, -9.801416), (-2.2937505, 2.268907, -9.42612), (-2.053459, 2.176476, 10.458876), (-1.0038968, 2.3638759, 9.612855), (-0.58661103, 2.157811, 10.650632), (-1.548334, 2.0332775, 11.280096), (1.2599564, 2.139157, 10.8564205), (2.2017043, 2.2891495, 9.938402), (2.3786016, 2.1342196, 10.868885), (3.1408794, 2.21016, 10.293754), (4.530746, 2.0336568, 11.097828), (-1.4453366, 2.4977853, 8.829065), (-0.7784764, 2.436124, 9.019316), (-1.0038968, 2.3638759, 9.612855), (-1.5148823, 2.370144, 6.1168995), (-0.92838925, 2.3932118, 5.728348), (-1.164071, 2.3837988, 6.434797), (-1.7469817, 2.2705047, 5.4072266), (-1.225428, 2.2397375, 4.9452395), (-0.92838925, 2.3932118, 5.728348), (-1.5987761, 2.5660324, 2.5864956), (-0.8544642, 2.52852, 2.1155937), (-0.7831078, 2.3834167, 3.0555332), (-1.1867921, 2.4125805, -0.07435329), (-1.1149093, 2.4815228, 0.47731528), (-1.5083604, 2.4953575, 0.29575947), (-1.4579396, 2.251065, -6.875877), (-1.1863412, 2.3460755, -6.280939), (-1.6018988, 2.3466222, -5.9841185), (-1.3576167, 2.35898, -2.368768), (-1.605494, 2.3222964, -2.7564635), (-1.0048193, 2.4973896, -2.7094252), (-1.3218408, 2.5041857, -4.2804823), (-1.0924858, 2.4227927, -3.4853115), (-1.951184, 2.2127953, -3.3154418), (-1.951184, 2.2127953, -3.3154418), (-1.0924858, 2.4227927, -3.4853115), (-1.0048193, 2.4973896, -2.7094252), (-1.1863412, 2.3460755, -6.280939), (-1.0326461, 2.3906543, -5.6345873), (-1.6018988, 2.3466222, -5.9841185), (-2.2452557, 2.2347226, -10.1781435), (-0.7835561, 2.140339, -10.603734), (-1.5514331, 2.2353582, -9.801416), (-1.225428, 2.2397375, 4.9452395), (-0.6026126, 2.284465, 5.5081906), (-0.92838925, 2.3932118, 5.728348), (-0.7831078, 2.3834167, 3.0555332), (-0.8544642, 2.52852, 2.1155937), (-0.2922557, 2.498144, 2.2940383), (-0.9085929, 2.4642768, 1.1155382), (-0.8544642, 2.52852, 2.1155937), (-1.2595819, 2.6320672, 1.9310248), (-1.1149093, 2.4815228, 0.47731528), (-0.55799836, 2.3998218, 0.91272706), (-0.9085929, 2.4642768, 1.1155382), (-1.1867921, 2.4125805, -0.07435329), (-0.792611, 2.3532755, -0.4126932), (-0.4797763, 2.4724197, 0.09694533), (-1.6018988, 2.3466222, -5.9841185), (-1.0326461, 2.3906543, -5.6345873), (-1.9507557, 2.2541254, -5.2065797), (-1.4579396, 2.251065, -6.875877), (-0.68980527, 2.4308412, -6.651075), (-1.1863412, 2.3460755, -6.280939), (-1.7906262, 2.2763317, -8.453979), (-1.1420621, 2.2207038, -8.65916), (-1.7095665, 2.3050604, -7.8963213), (-1.1149093, 2.4815228, 0.47731528), (-0.4797763, 2.4724197, 0.09694533), (-0.55799836, 2.3998218, 0.91272706), (-1.3208537, 2.2742867, -1.4818336), (-0.6980097, 2.2889373, -1.177057), (-1.0147758, 2.3647943, -0.8128059), (-0.7784764, 2.436124, 9.019316), (-0.4100017, 2.3922107, 8.645317), (0.058984444, 2.217217, 9.947213), (-0.70165586, 2.361294, 6.3161607), (-0.21481279, 2.256848, 6.190594), (-0.77320874, 2.4567242, 6.895123), (-0.9122304, 2.4057689, 4.0034237), (-0.22298379, 2.2812357, 4.219094), (-0.66019887, 2.3377736, 4.4366984), (-0.9122304, 2.4057689, 4.0034237), (-0.2815492, 2.3068392, 3.2783654), (-0.22298379, 2.2812357, 4.219094), (-0.7831078, 2.3834167, 3.0555332), (-0.2815492, 2.3068392, 3.2783654), (-0.9122304, 2.4057689, 4.0034237), (-0.55799836, 2.3998218, 0.91272706), (-0.17826915, 2.4787598, 1.67406), (-0.9085929, 2.4642768, 1.1155382), (-1.0048193, 2.4973896, -2.7094252), (-0.4699336, 2.503524, -3.0429125), (-0.8294567, 2.4488282, -2.3379188), (-1.0924858, 2.4227927, -3.4853115), (-0.736331, 2.4678895, -3.6589794), (-0.4699336, 2.503524, -3.0429125), (-1.2720095, 2.0296137, -11.468337), (-0.7835561, 2.140339, -10.603734), (-2.2452557, 2.2347226, -10.1781435), (-0.6026126, 2.284465, 5.5081906), (-0.40964702, 2.3405724, 4.738711), (-0.17073798, 2.371382, 5.3738775), (-0.23177263, 2.4786289, 2.068359), (-0.2922557, 2.498144, 2.2940383), (-0.8544642, 2.52852, 2.1155937), (-0.9085929, 2.4642768, 1.1155382), (-0.17826915, 2.4787598, 1.67406), (-0.8544642, 2.52852, 2.1155937), (-0.21481279, 2.256848, 6.190594), (0.08165124, 2.3174603, 6.8656797), (-0.22095443, 2.379829, 7.3825607), (-0.13155435, 2.3288848, -0.18711814), (-0.4797763, 2.4724197, 0.09694533), (-0.792611, 2.3532755, -0.4126932), (-0.3474142, 2.237546, -0.73920363), (0.0918958, 2.2890496, -0.33661336), (-0.792611, 2.3532755, -0.4126932), (-0.71392804, 2.4608543, -1.8962023), (-0.138827, 2.3674786, -1.4690257), (-0.6980097, 2.2889373, -1.177057), (-0.4699336, 2.503524, -3.0429125), (-0.262312, 2.4699953, -2.030115), (-0.8294567, 2.4488282, -2.3379188), (-0.736331, 2.4678895, -3.6589794), (-0.58475065, 2.5018184, -4.181383), (0.039262403, 2.7189496, -3.4108713), (-0.68980527, 2.4308412, -6.651075), (-0.22185314, 2.489371, -6.174431), (-1.1863412, 2.3460755, -6.280939), (0.45438936, 2.2870631, 7.76554), (0.478809, 2.3437605, 8.716393), (-0.31036514, 2.3911767, 8.145693), (-0.55799836, 2.3998218, 0.91272706), (-0.02594748, 2.3416383, 0.52005064), (-0.000525872, 2.345102, 1.118002), (0.08165124, 2.3174603, 6.8656797), (0.49750164, 2.2877905, 7.348304), (-0.22095443, 2.379829, 7.3825607), (-0.21481279, 2.256848, 6.190594), (0.66326183, 2.297703, 5.777773), (0.44872886, 2.3642688, 6.5426006), (-0.02594748, 2.3416383, 0.52005064), (0.4534023, 2.3488262, 0.6909725), (-0.000525872, 2.345102, 1.118002), (-0.3474142, 2.237546, -0.73920363), (0.3888581, 2.334822, -0.77323467), (0.0918958, 2.2890496, -0.33661336), (-0.138827, 2.3674786, -1.4690257), (0.20554708, 2.399064, -1.17353), (-0.3474142, 2.237546, -0.73920363), (0.5760351, 2.309825, 8.221656), (0.478809, 2.3437605, 8.716393), (0.45438936, 2.2870631, 7.76554), (0.0918958, 2.2890496, -0.33661336), (0.61212575, 2.1952248, -0.02273422), (-0.13155435, 2.3288848, -0.18711814), (-0.2922557, 2.498144, 2.2940383), (-0.23177263, 2.4786289, 2.068359), (0.37878016, 2.2208018, 3.0308983), (0.1568546, 2.5685744, -2.1275532), (0.41400582, 2.5010557, -1.7765012), (-0.138827, 2.3674786, -1.4690257), (-0.58475065, 2.5018184, -4.181383), (0.2604842, 2.6268334, -5.00236), (0.30565625, 2.7350435, -3.6405437), (0.57007426, 2.291913, 1.8498139), (1.23713, 2.467514, 2.3812938), (0.37878016, 2.2208018, 3.0308983), (0.41203105, 2.2696285, 1.3948606), (0.3754919, 2.3042555, 1.7606742), (-0.17826915, 2.4787598, 1.67406), (0.61212575, 2.1952248, -0.02273422), (0.4534023, 2.3488262, 0.6909725), (-0.02594748, 2.3416383, 0.52005064), (0.41400582, 2.5010557, -1.7765012), (0.20554708, 2.399064, -1.17353), (-0.138827, 2.3674786, -1.4690257), (0.039262403, 2.7189496, -3.4108713), (0.52681464, 2.6110222, -2.6582837), (-0.055357926, 2.5689669, -2.7660644), (-0.5627682, 2.268417, -8.999045), (0.00081704935, 2.2047412, -9.860842), (-0.20567127, 2.315536, -8.760363), (0.22706366, 2.319197, 4.801158), (0.5900337, 2.3480365, 4.401233), (0.8501079, 2.4107063, 4.864661), (0.08163531, 2.3244843, 4.0810914), (0.5900337, 2.3480365, 4.401233), (0.22706366, 2.319197, 4.801158), (0.41203105, 2.2696285, 1.3948606), (0.57007426, 2.291913, 1.8498139), (0.3754919, 2.3042555, 1.7606742), (0.3888581, 2.334822, -0.77323467), (0.61212575, 2.1952248, -0.02273422), (0.0918958, 2.2890496, -0.33661336), (0.41400582, 2.5010557, -1.7765012), (0.78623223, 2.5216203, -1.5423976), (0.20554708, 2.399064, -1.17353), (0.1568546, 2.5685744, -2.1275532), (0.52681464, 2.6110222, -2.6582837), (0.41400582, 2.5010557, -1.7765012), (0.5760351, 2.309825, 8.221656), (1.0074316, 2.3073378, 9.146212), (0.478809, 2.3437605, 8.716393), (0.44872886, 2.3642688, 6.5426006), (0.9538319, 2.3378499, 6.3272386), (1.1248811, 2.316017, 6.8190556), (0.66326183, 2.297703, 5.777773), (0.9538319, 2.3378499, 6.3272386), (0.44872886, 2.3642688, 6.5426006), (0.8501079, 2.4107063, 4.864661), (1.1710033, 2.3514497, 5.5204825), (0.66326183, 2.297703, 5.777773), (0.7023994, 2.2459786, 0.38756302), (0.4534023, 2.3488262, 0.6909725), (0.61212575, 2.1952248, -0.02273422), (0.41203105, 2.2696285, 1.3948606), (0.99902207, 2.2211444, 0.8333451), (0.8846916, 2.2207527, 1.2114226), (0.20554708, 2.399064, -1.17353), (0.7435587, 2.4293008, -1.0926111), (0.3888581, 2.334822, -0.77323467), (0.30565625, 2.7350435, -3.6405437), (0.5139469, 2.7840664, -4.243323), (0.7874028, 2.8627355, -3.7098958), (1.0074316, 2.3073378, 9.146212), (1.6801367, 2.3916566, 9.281771), (1.1125191, 2.2626317, 9.760533), (0.49750164, 2.2877905, 7.348304), (1.1248811, 2.316017, 6.8190556), (1.1657292, 2.4194298, 7.630239), (0.7023994, 2.2459786, 0.38756302), (0.99902207, 2.2211444, 0.8333451), (0.4534023, 2.3488262, 0.6909725), (0.7435587, 2.4293008, -1.0926111), (0.98207945, 2.4215379, -0.6915922), (0.3888581, 2.334822, -0.77323467), (0.30565625, 2.7350435, -3.6405437), (0.7874028, 2.8627355, -3.7098958), (0.52681464, 2.6110222, -2.6582837), (-0.034288127, 2.3893447, -6.940175), (0.58775014, 2.435571, -7.5657554), (0.61863834, 2.4810152, -6.774648), (1.2296371, 2.4192073, 3.4239821), (1.1290013, 2.3410006, 3.9955611), (0.73160046, 2.2972996, 3.6912856), (-0.20567127, 2.315536, -8.760363), (0.33407798, 2.3455386, -9.037447), (-0.07878798, 2.2741652, -7.9792185), (1.1657292, 2.4194298, 7.630239), (1.1248811, 2.316017, 6.8190556), (1.5634332, 2.3377366, 7.062669), (0.9538319, 2.3378499, 6.3272386), (1.1710033, 2.3514497, 5.5204825), (1.459031, 2.4151247, 6.2984643), (0.78623223, 2.5216203, -1.5423976), (1.24209, 2.4430957, -1.238485), (0.7435587, 2.4293008, -1.0926111), (0.61212575, 2.1952248, -0.02273422), (1.1354743, 2.2100992, 0.49437228), (0.7023994, 2.2459786, 0.38756302), (0.2604842, 2.6268334, -5.00236), (0.7672491, 2.658427, -5.5790315), (1.1291435, 2.8934648, -4.315615), (0.33407798, 2.3455386, -9.037447), (0.5575799, 2.3439953, -8.301654), (-0.07878798, 2.2741652, -7.9792185), (1.459031, 2.4151247, 6.2984643), (1.5634332, 2.3377366, 7.062669), (1.1248811, 2.316017, 6.8190556), (0.99888533, 2.3579247, 1.8550662), (0.8846916, 2.2207527, 1.2114226), (1.4117967, 2.2761261, 1.3437495), (0.98207945, 2.4215379, -0.6915922), (1.2623988, 2.2284858, -0.06609454), (0.61212575, 2.1952248, -0.02273422), (0.61863834, 2.4810152, -6.774648), (0.9939955, 2.4690728, -6.7536664), (0.47237757, 2.6267633, -6.122409), (1.2599564, 2.139157, 10.8564205), (4.530746, 2.0336568, 11.097828), (-1.548334, 2.0332775, 11.280096), (1.6801367, 2.3916566, 9.281771), (2.2017043, 2.2891495, 9.938402), (1.1125191, 2.2626317, 9.760533), (1.5634332, 2.3377366, 7.062669), (2.0040002, 2.3657815, 7.649999), (1.1657292, 2.4194298, 7.630239), (1.23713, 2.467514, 2.3812938), (1.6810114, 2.4565115, 2.7374206), (0.9991988, 2.3697686, 2.9496877), (0.99902207, 2.2211444, 0.8333451), (1.1354743, 2.2100992, 0.49437228), (1.6400578, 2.305086, 0.6520929), (0.98207945, 2.4215379, -0.6915922), (1.24209, 2.4430957, -1.238485), (1.7367845, 2.3322055, -0.62492543), (1.1291435, 2.8934648, -4.315615), (1.306122, 2.9172597, -4.099235), (0.7874028, 2.8627355, -3.7098958), (0.58775014, 2.435571, -7.5657554), (0.9939955, 2.4690728, -6.7536664), (0.61863834, 2.4810152, -6.774648), (1.1125191, 2.2626317, 9.760533), (2.2017043, 2.2891495, 9.938402), (1.2599564, 2.139157, 10.8564205), (1.2623988, 2.2284858, -0.06609454), (1.6400578, 2.305086, 0.6520929), (1.1354743, 2.2100992, 0.49437228), (0.5575799, 2.3439953, -8.301654), (1.0872611, 2.3265882, -9.086932), (1.0997266, 2.3873165, -7.9217334), (1.5909752, 2.412815, 5.901974), (1.9564272, 2.4139366, 6.279289), (1.459031, 2.4151247, 6.2984643), (1.6922953, 2.3461459, 4.377918), (1.6705123, 2.465646, 3.3369799), (1.8137143, 2.3601916, 4.168773), (1.6400578, 2.305086, 0.6520929), (1.9391568, 2.3285449, 1.0612308), (1.4117967, 2.2761261, 1.3437495), (1.24209, 2.4430957, -1.238485), (1.748645, 2.4742777, -1.2084671), (1.7367845, 2.3322055, -0.62492543), (1.4982419, 2.5126393, -1.9156846), (1.748645, 2.4742777, -1.2084671), (1.24209, 2.4430957, -1.238485), (1.1937326, 2.5748801, -5.9299884), (0.9939955, 2.4690728, -6.7536664), (1.645502, 2.575368, -6.5443745), (1.7893002, 2.3027422, 5.0752068), (1.9564272, 2.4139366, 6.279289), (1.5909752, 2.412815, 5.901974), (1.2549278, 2.7728772, -3.1243236), (1.3324183, 2.8851454, -3.6991658), (1.8498323, 2.759256, -3.2398837), (1.1937326, 2.5748801, -5.9299884), (1.645502, 2.575368, -6.5443745), (1.714063, 2.58777, -5.9098535), (0.9939955, 2.4690728, -6.7536664), (1.1762096, 2.3961854, -7.258209), (1.645502, 2.575368, -6.5443745), (1.0997266, 2.3873165, -7.9217334), (1.5979841, 2.418097, -7.206776), (1.1762096, 2.3961854, -7.258209), (0.46738392, 2.1207056, -10.890963), (1.583053, 2.0415797, -11.265095), (1.5808308, 2.2620292, -9.919033), (1.6810114, 2.4565115, 2.7374206), (2.334767, 2.481294, 2.4389904), (2.0518801, 2.5533843, 2.9999435), (1.6810114, 2.4565115, 2.7374206), (1.8699174, 2.378595, 1.931928), (2.334767, 2.481294, 2.4389904), (1.7367845, 2.3322055, -0.62492543), (2.3002083, 2.3367538, -0.38462788), (1.9738963, 2.2446418, 0.03093874), (1.748645, 2.4742777, -1.2084671), (1.4982419, 2.5126393, -1.9156846), (2.2296758, 2.4589949, -1.6052355), (1.9738963, 2.2446418, 0.03093874), (2.4829755, 2.2230432, 0.44842285), (1.6400578, 2.305086, 0.6520929), (2.0040002, 2.3657815, 7.649999), (2.692391, 2.3721507, 7.2221246), (2.742238, 2.451201, 7.840391), (2.2296758, 2.4589949, -1.6052355), (2.2896001, 2.3536448, -0.9086539), (1.748645, 2.4742777, -1.2084671), (1.7367845, 2.3322055, -0.62492543), (2.2896001, 2.3536448, -0.9086539), (2.3002083, 2.3367538, -0.38462788), (1.8614804, 2.6571329, -5.507542), (1.1937326, 2.5748801, -5.9299884), (1.714063, 2.58777, -5.9098535), (1.4982419, 2.5126393, -1.9156846), (2.2366922, 2.6231835, -2.5051503), (2.2296758, 2.4589949, -1.6052355), (1.7708898, 2.693145, -2.5996313), (1.8498323, 2.759256, -3.2398837), (2.2366922, 2.6231835, -2.5051503), (2.1213675, 2.8243651, -3.9391232), (1.306122, 2.9172597, -4.099235), (1.8811451, 2.7468343, -4.7526007), (1.6922953, 2.3461459, 4.377918), (3.0180478, 2.5678744, 4.557474), (1.7893002, 2.3027422, 5.0752068), (2.334767, 2.481294, 2.4389904), (2.7557244, 2.5317519, 2.953933), (2.0518801, 2.5533843, 2.9999435), (1.5979841, 2.418097, -7.206776), (1.9764938, 2.4078307, -7.0379643), (1.645502, 2.575368, -6.5443745), (1.77977, 2.4939945, -7.826561), (1.9764938, 2.4078307, -7.0379643), (1.5979841, 2.418097, -7.206776), (2.1332788, 2.3987346, 1.5262743), (2.7085695, 2.2986143, 0.9178059), (2.6023953, 2.53933, 1.8749), (1.8614804, 2.6571329, -5.507542), (2.5472288, 2.5843413, -5.118635), (1.8811451, 2.7468343, -4.7526007), (1.9764938, 2.4078307, -7.0379643), (2.0953012, 2.5183787, -6.271775), (1.645502, 2.575368, -6.5443745), (1.2599564, 2.139157, 10.8564205), (2.3786016, 2.1342196, 10.868885), (4.530746, 2.0336568, 11.097828), (2.692391, 2.3721507, 7.2221246), (3.2843544, 2.3866904, 7.4584446), (2.742238, 2.451201, 7.840391), (2.0518801, 2.5533843, 2.9999435), (2.8361185, 2.537473, 3.4967318), (2.3576899, 2.473486, 3.7828383), (2.334767, 2.481294, 2.4389904), (3.0427542, 2.5455632, 2.1384656), (2.9726841, 2.5873482, 2.4080029), (2.6023953, 2.53933, 1.8749), (3.0427542, 2.5455632, 2.1384656), (2.334767, 2.481294, 2.4389904), (2.6199355, 2.480024, -1.8383821), (2.8446517, 2.4666574, -1.2591476), (2.2296758, 2.4589949, -1.6052355), (1.8811451, 2.7468343, -4.7526007), (2.8683608, 2.5493803, -4.275848), (2.1213675, 2.8243651, -3.9391232), (2.5472288, 2.5843413, -5.118635), (2.8683608, 2.5493803, -4.275848), (1.8811451, 2.7468343, -4.7526007), (1.8251884, 2.412451, -8.886546), (2.561206, 2.3929703, -8.598841), (1.7875988, 2.4191604, -8.555221), (1.77977, 2.4939945, -7.826561), (2.5105302, 2.4569116, -7.6985826), (2.4802146, 2.4142852, -7.144174), (2.692391, 2.3721507, 7.2221246), (3.0310216, 2.2970433, 6.367282), (3.2843544, 2.3866904, 7.4584446), (3.0180478, 2.5678744, 4.557474), (3.3352406, 2.4320154, 5.2014976), (2.68849, 2.3126807, 5.706049), (2.4829755, 2.2230432, 0.44842285), (2.5456424, 2.2260957, 0.11674973), (3.0096526, 2.1838593, 0.055104297), (2.647689, 2.5979145, -2.4387293), (3.2452996, 2.4275575, -2.036817), (2.6199355, 2.480024, -1.8383821), (2.1213675, 2.8243651, -3.9391232), (2.8683608, 2.5493803, -4.275848), (2.5883675, 2.6568954, -3.5082607), (2.0953012, 2.5183787, -6.271775), (1.9764938, 2.4078307, -7.0379643), (2.5677276, 2.5618157, -6.39078), (2.9726841, 2.5873482, 2.4080029), (3.4991896, 2.4776027, 3.1849828), (2.7557244, 2.5317519, 2.953933), (3.3352406, 2.4320154, 5.2014976), (3.7090578, 2.4512734, 5.764128), (2.68849, 2.3126807, 5.706049), (1.9764938, 2.4078307, -7.0379643), (2.4802146, 2.4142852, -7.144174), (2.5677276, 2.5618157, -6.39078), (2.5105302, 2.4569116, -7.6985826), (2.561206, 2.3929703, -8.598841), (2.738723, 2.423739, -8.09304), (3.2843544, 2.3866904, 7.4584446), (3.7290688, 2.3981874, 6.876187), (3.9270642, 2.3806314, 7.252352), (3.0096526, 2.1838593, 0.055104297), (3.5518248, 2.211603, -0.014609521), (3.7770116, 2.3561814, 0.56146514), (2.8446517, 2.4666574, -1.2591476), (3.2452996, 2.4275575, -2.036817), (3.6693773, 2.346254, -1.5847026), (2.8683608, 2.5493803, -4.275848), (3.449218, 2.503643, -3.7561328), (2.5883675, 2.6568954, -3.5082607), (2.4862509, 2.5249171, -5.6681523), (3.0663626, 2.5290952, -5.8091826), (3.1006088, 2.604093, -5.196245), (2.4802146, 2.4142852, -7.144174), (2.5105302, 2.4569116, -7.6985826), (2.944079, 2.3819227, -7.095108), (2.2541275, 2.3647718, -9.481202), (2.561206, 2.3929703, -8.598841), (1.8251884, 2.412451, -8.886546), (3.2843544, 2.3866904, 7.4584446), (4.0602117, 2.43514, 7.7551556), (4.0086336, 2.4253016, 8.089883), (3.0427542, 2.5455632, 2.1384656), (3.819675, 2.4779925, 2.7970853), (2.9726841, 2.5873482, 2.4080029), (2.7085695, 2.2986143, 0.9178059), (3.7770116, 2.3561814, 0.56146514), (3.5741997, 2.3722525, 0.95220894), (3.0096526, 2.1838593, 0.055104297), (3.3530135, 2.315438, -0.49693644), (3.5518248, 2.211603, -0.014609521), (2.8446517, 2.4666574, -1.2591476), (3.6693773, 2.346254, -1.5847026), (3.433833, 2.3295884, -0.92549676), (2.647689, 2.5979145, -2.4387293), (2.7443755, 2.5940971, -2.8935819), (3.2452996, 2.4275575, -2.036817), (3.2779207, 2.3955524, 8.564956), (4.0086336, 2.4253016, 8.089883), (4.0022454, 2.4359734, 8.248991), (3.2843544, 2.3866904, 7.4584446), (3.9270642, 2.3806314, 7.252352), (4.0602117, 2.43514, 7.7551556), (3.821258, 2.3231707, 6.3283763), (3.7290688, 2.3981874, 6.876187), (3.0310216, 2.2970433, 6.367282), (2.7443755, 2.5940971, -2.8935819), (3.0402994, 2.6040506, -3.2040527), (3.2452996, 2.4275575, -2.036817), (3.0402994, 2.6040506, -3.2040527), (3.449218, 2.503643, -3.7561328), (3.7610385, 2.430855, -3.2274747), (2.5105302, 2.4569116, -7.6985826), (3.1094985, 2.3904204, -7.6344585), (2.944079, 2.3819227, -7.095108), (2.738723, 2.423739, -8.09304), (3.1094985, 2.3904204, -7.6344585), (2.5105302, 2.4569116, -7.6985826), (3.4991896, 2.4776027, 3.1849828), (3.819675, 2.4779925, 2.7970853), (3.7615073, 2.4667635, 3.8001661), (3.3530135, 2.315438, -0.49693644), (3.433833, 2.3295884, -0.92549676), (4.000915, 2.1762705, -0.14498547), (3.6693773, 2.346254, -1.5847026), (4.2171087, 2.3051195, -0.9473292), (3.433833, 2.3295884, -0.92549676), (3.2452996, 2.4275575, -2.036817), (3.855248, 2.389674, -2.0947611), (3.6693773, 2.346254, -1.5847026), (2.944079, 2.3819227, -7.095108), (3.4293094, 2.413827, -6.506399), (2.5677276, 2.5618157, -6.39078), (3.821258, 2.3231707, 6.3283763), (4.416997, 2.2615063, 6.6248136), (3.7290688, 2.3981874, 6.876187), (3.8413005, 2.452597, 4.1576567), (4.6016073, 2.517015, 4.5962334), (3.9852922, 2.4135215, 5.079459), (3.433833, 2.3295884, -0.92549676), (4.2171087, 2.3051195, -0.9473292), (4.000915, 2.1762705, -0.14498547), (3.2452996, 2.4275575, -2.036817), (3.7610385, 2.430855, -3.2274747), (4.276886, 2.328859, -2.2811105), (3.449218, 2.503643, -3.7561328), (3.699355, 2.5021334, -3.8378732), (3.7610385, 2.430855, -3.2274747), (2.5677276, 2.5618157, -6.39078), (3.4293094, 2.413827, -6.506399), (3.0663626, 2.5290952, -5.8091826), (3.7090578, 2.4512734, 5.764128), (4.620944, 2.3523314, 5.3992143), (4.242306, 2.343628, 5.9212475), (3.7090578, 2.4512734, 5.764128), (3.9852922, 2.4135215, 5.079459), (4.620944, 2.3523314, 5.3992143), (3.7615073, 2.4667635, 3.8001661), (4.588348, 2.4662094, 3.9201078), (3.8413005, 2.452597, 4.1576567), (3.7770116, 2.3561814, 0.56146514), (4.3860617, 2.3133903, 0.88399976), (3.5741997, 2.3722525, 0.95220894), (4.000915, 2.1762705, -0.14498547), (4.413001, 2.2222972, 0.24454859), (3.5518248, 2.211603, -0.014609521), (3.1006088, 2.604093, -5.196245), (3.5787256, 2.557896, -5.5203686), (3.9823897, 2.5263414, -4.971631), (4.0022454, 2.4359734, 8.248991), (4.0086336, 2.4253016, 8.089883), (4.516681, 2.293455, 8.989161), (4.528094, 2.2622032, 6.9456034), (4.859904, 2.3034189, 7.842661), (4.0602117, 2.43514, 7.7551556), (4.620944, 2.3523314, 5.3992143), (4.796445, 2.3751788, 6.026898), (4.242306, 2.343628, 5.9212475), (5.210602, 2.368587, 4.746505), (5.560194, 2.3713048, 5.201033), (3.8413005, 2.452597, 4.1576567), (4.588348, 2.4662094, 3.9201078), (4.6016073, 2.517015, 4.5962334), (3.819675, 2.4779925, 2.7970853), (4.718718, 2.5489745, 3.3075132), (3.7615073, 2.4667635, 3.8001661), (3.819675, 2.4779925, 2.7970853), (4.614112, 2.52585, 2.8058693), (4.718718, 2.5489745, 3.3075132), (3.8879046, 2.4489446, 2.4804049), (4.519269, 2.3916812, 2.1200926), (4.614112, 2.52585, 2.8058693), (3.699355, 2.5021334, -3.8378732), (4.5287557, 2.4551315, -3.425009), (3.7610385, 2.430855, -3.2274747), (4.0086336, 2.4253016, 8.089883), (4.859904, 2.3034189, 7.842661), (5.1894245, 2.2716365, 8.206243), (4.3860617, 2.3133903, 0.88399976), (4.839995, 2.3212152, 1.1821636), (4.167539, 2.4572215, 1.4545208), (4.413001, 2.2222972, 0.24454859), (4.726688, 2.230854, 0.5308166), (4.3860617, 2.3133903, 0.88399976), (4.332069, 2.599486, -4.2343073), (3.699355, 2.5021334, -3.8378732), (3.5126123, 2.5329332, -4.4511347), (4.214083, 2.4493496, -3.0072424), (4.61991, 2.3828669, -2.6370244), (4.276886, 2.328859, -2.2811105), (4.839995, 2.3212152, 1.1821636), (5.011694, 2.322603, 1.9295286), (4.167539, 2.4572215, 1.4545208), (3.6301284, 2.3986075, -7.3831944), (4.2756085, 2.4193165, -6.5656414), (3.9166298, 2.4431212, -6.1564555), (4.516681, 2.293455, 8.989161), (5.1894245, 2.2716365, 8.206243), (5.45263, 2.301251, 8.917468), (4.519269, 2.3916812, 2.1200926), (5.011694, 2.322603, 1.9295286), (4.614112, 2.52585, 2.8058693), (4.413001, 2.2222972, 0.24454859), (4.8782916, 2.2231934, 0.008622291), (4.726688, 2.230854, 0.5308166), (4.2171087, 2.3051195, -0.9473292), (4.878297, 2.3257275, -0.8765545), (4.605223, 2.2641575, -0.4024863), (4.37332, 2.2964718, -1.2802523), (4.4800215, 2.249616, -1.7315414), (5.1380644, 2.3213701, -1.213932), (4.516681, 2.293455, 8.989161), (5.45263, 2.301251, 8.917468), (5.529591, 2.1610289, 9.841013), (4.6016073, 2.517015, 4.5962334), (5.210602, 2.368587, 4.746505), (4.620944, 2.3523314, 5.3992143), (4.416997, 2.2615063, 6.6248136), (4.796445, 2.3751788, 6.026898), (5.11993, 2.2296789, 6.679425), (4.3558135, 2.4251523, -5.6773705), (4.723258, 2.4527762, -4.8266735), (3.9823897, 2.5263414, -4.971631), (4.839995, 2.3212152, 1.1821636), (4.726688, 2.230854, 0.5308166), (5.3700833, 2.343869, 1.0981001), (4.276886, 2.328859, -2.2811105), (4.9459386, 2.3885515, -2.198054), (4.4800215, 2.249616, -1.7315414), (4.61991, 2.3828669, -2.6370244), (4.9459386, 2.3885515, -2.198054), (4.276886, 2.328859, -2.2811105), (5.440232, 2.319903, 2.3058121), (4.614112, 2.52585, 2.8058693), (5.011694, 2.322603, 1.9295286), (4.2756085, 2.4193165, -6.5656414), (4.3558135, 2.4251523, -5.6773705), (3.9166298, 2.4431212, -6.1564555), (5.18288, 2.4136283, -6.8843637), (5.208141, 2.3781118, -5.870412), (5.0752206, 2.0249674, -11.489808), (8.775034, 2.0245728, -11.8604), (8.508529, 2.1440065, -10.636336), (4.725811, 2.1589348, -10.414704), (3.3489068, 2.1523833, -10.732956), (3.1476202, 2.286414, -9.508386), (4.859904, 2.3034189, 7.842661), (5.2872944, 2.2979038, 7.3125725), (5.1894245, 2.2716365, 8.206243), (4.796445, 2.3751788, 6.026898), (5.153532, 2.3182325, 5.6158037), (5.557614, 2.2157867, 6.1249723), (4.588348, 2.4662094, 3.9201078), (5.5260253, 2.3308773, 4.3933215), (4.6016073, 2.517015, 4.5962334), (6.006616, 2.286941, 4.8508253), (5.560194, 2.3713048, 5.201033), (4.726688, 2.230854, 0.5308166), (5.6159806, 2.4085197, 0.8477561), (5.3700833, 2.343869, 1.0981001), (4.817624, 2.4846268, -3.833322), (5.1309605, 2.4661117, -3.4527903), (4.5287557, 2.4551315, -3.425009), (5.11993, 2.2296789, 6.679425), (5.557614, 2.2157867, 6.1249723), (5.692866, 2.1620238, 6.731054), (4.620944, 2.3523314, 5.3992143), (5.560194, 2.3713048, 5.201033), (5.153532, 2.3182325, 5.6158037), (4.6016073, 2.517015, 4.5962334), (5.5260253, 2.3308773, 4.3933215), (5.210602, 2.368587, 4.746505), (4.878297, 2.3257275, -0.8765545), (5.5022125, 2.3806176, -0.4533866), (4.605223, 2.2641575, -0.4024863), (4.9459386, 2.3885515, -2.198054), (5.3149576, 2.3370938, -2.7613215), (5.233273, 2.4424264, -2.088414), (4.61991, 2.3828669, -2.6370244), (5.3149576, 2.3370938, -2.7613215), (4.9459386, 2.3885515, -2.198054), (4.5287557, 2.4551315, -3.425009), (5.1309605, 2.4661117, -3.4527903), (5.3149576, 2.3370938, -2.7613215), (5.153532, 2.3182325, 5.6158037), (5.560194, 2.3713048, 5.201033), (5.557614, 2.2157867, 6.1249723), (5.511028, 2.3161592, 1.595702), (5.3700833, 2.343869, 1.0981001), (6.0508366, 2.2883556, 1.4759344), (5.5022125, 2.3806176, -0.4533866), (6.020886, 2.4010844, 0.38475117), (4.8782916, 2.2231934, 0.008622291), (5.233273, 2.4424264, -2.088414), (5.678182, 2.423291, -1.5447842), (5.1380644, 2.3213701, -1.213932), (5.3149576, 2.3370938, -2.7613215), (5.1309605, 2.4661117, -3.4527903), (5.5682297, 2.318404, -2.8091304), (4.332069, 2.599486, -4.2343073), (5.3246293, 2.3879259, -4.435178), (4.817624, 2.4846268, -3.833322), (4.725811, 2.1589348, -10.414704), (5.3197746, 2.2452807, -9.3526945), (4.3667517, 2.325705, -9.41785), (6.1438813, 2.4047449, 2.9691997), (5.576508, 2.3695397, 3.5822601), (5.445113, 2.392399, 3.1190453), (5.511028, 2.3161592, 1.595702), (6.0508366, 2.2883556, 1.4759344), (5.440232, 2.319903, 2.3058121), (5.233273, 2.4424264, -2.088414), (6.201986, 2.4219217, -1.8992833), (5.678182, 2.423291, -1.5447842), (4.723258, 2.4527762, -4.8266735), (5.0782323, 2.447725, -5.1872625), (5.3246293, 2.3879259, -4.435178), (4.5943913, 2.3121614, -7.613293), (5.6103044, 2.2729752, -7.621833), (5.18288, 2.4136283, -6.8843637), (4.5943913, 2.3121614, -7.613293), (5.2935867, 2.3276417, -8.249816), (5.6103044, 2.2729752, -7.621833), (5.692866, 2.1620238, 6.731054), (6.423512, 2.1334872, 7.636707), (5.2872944, 2.2979038, 7.3125725), (5.3700833, 2.343869, 1.0981001), (5.6159806, 2.4085197, 0.8477561), (6.286685, 2.3637238, 1.0382867), (5.6159806, 2.4085197, 0.8477561), (6.020886, 2.4010844, 0.38475117), (6.286685, 2.3637238, 1.0382867), (5.5022125, 2.3806176, -0.4533866), (6.3494744, 2.5667694, -0.33849078), (6.020886, 2.4010844, 0.38475117), (5.1380644, 2.3213701, -1.213932), (5.678182, 2.423291, -1.5447842), (6.220521, 2.578751, -1.0565864), (5.1309605, 2.4661117, -3.4527903), (5.4711227, 2.4160204, -3.7038798), (5.5682297, 2.318404, -2.8091304), (5.208141, 2.3781118, -5.870412), (5.6908994, 2.3752372, -5.3582067), (5.0782323, 2.447725, -5.1872625), (6.566976, 2.5506585, -0.07004617), (6.734232, 2.5752966, 0.18164815), (6.020886, 2.4010844, 0.38475117), (5.9020615, 2.2382517, 5.791441), (6.247758, 2.2197697, 6.1594214), (5.692866, 2.1620238, 6.731054), (5.576508, 2.3695397, 3.5822601), (6.1438813, 2.4047449, 2.9691997), (6.2731028, 2.325608, 3.4547222), (6.3494744, 2.5667694, -0.33849078), (6.566976, 2.5506585, -0.07004617), (6.020886, 2.4010844, 0.38475117), (6.220521, 2.578751, -1.0565864), (6.3645434, 2.5509171, -0.7088769), (5.5022125, 2.3806176, -0.4533866), (5.5682297, 2.318404, -2.8091304), (6.0041447, 2.3393376, -3.208126), (6.40629, 2.4669712, -2.6540482), (5.208141, 2.3781118, -5.870412), (5.7418003, 2.3310328, -6.3860826), (6.0773673, 2.3686032, -5.8742447), (5.9605126, 2.3265002, 4.159354), (6.540432, 2.3083282, 4.5299225), (6.006616, 2.286941, 4.8508253), (5.440232, 2.319903, 2.3058121), (6.4628215, 2.213904, 2.1725152), (6.1438813, 2.4047449, 2.9691997), (6.286685, 2.3637238, 1.0382867), (6.8148413, 2.4209545, 1.4296649), (6.0508366, 2.2883556, 1.4759344), (5.3197746, 2.2452807, -9.3526945), (6.696419, 2.1472166, -8.570369), (5.2935867, 2.3276417, -8.249816), (5.3197746, 2.2452807, -9.3526945), (6.867285, 2.168164, -9.4038925), (6.696419, 2.1472166, -8.570369), (6.5009003, 2.1565473, 8.812849), (6.465493, 2.1189258, 8.233674), (7.0972104, 2.2105517, 8.716029), (5.6908994, 2.3752372, -5.3582067), (6.0773673, 2.3686032, -5.8742447), (5.98484, 2.325852, -4.682313), (6.54601, 2.2840965, 4.0176373), (6.540432, 2.3083282, 4.5299225), (5.9605126, 2.3265002, 4.159354), (6.1438813, 2.4047449, 2.9691997), (6.6661477, 2.3124287, 2.8972538), (6.2731028, 2.325608, 3.4547222), (6.4628215, 2.213904, 2.1725152), (6.6661477, 2.3124287, 2.8972538), (6.1438813, 2.4047449, 2.9691997), (6.020886, 2.4010844, 0.38475117), (7.0189915, 2.4382613, 0.8072609), (6.286685, 2.3637238, 1.0382867), (6.40629, 2.4669712, -2.6540482), (6.494089, 2.4644575, -2.1224563), (6.201986, 2.4219217, -1.8992833), (5.98484, 2.325852, -4.682313), (5.864359, 2.4149423, -3.8131053), (5.3246293, 2.3879259, -4.435178), (6.5417676, 2.1604755, 5.4718876), (6.785603, 2.1328607, 6.034211), (6.247758, 2.2197697, 6.1594214), (6.2731028, 2.325608, 3.4547222), (6.6661477, 2.3124287, 2.8972538), (6.862113, 2.24839, 3.3966837), (6.286685, 2.3637238, 1.0382867), (7.0189915, 2.4382613, 0.8072609), (6.8148413, 2.4209545, 1.4296649), (6.6473784, 2.5207741, -1.4544804), (7.1107, 2.5516334, -0.9168999), (6.220521, 2.578751, -1.0565864), (6.4628215, 2.213904, 2.1725152), (7.066102, 2.2177298, 2.6277018), (6.6661477, 2.3124287, 2.8972538), (6.8148413, 2.4209545, 1.4296649), (7.17913, 2.2219245, 2.2002475), (6.4628215, 2.213904, 2.1725152), (6.734232, 2.5752966, 0.18164815), (7.3506866, 2.4897451, 0.46713534), (7.0189915, 2.4382613, 0.8072609), (6.566976, 2.5506585, -0.07004617), (7.062333, 2.5583916, 0.00012091709), (6.734232, 2.5752966, 0.18164815), (6.3645434, 2.5509171, -0.7088769), (7.1107, 2.5516334, -0.9168999), (6.3494744, 2.5667694, -0.33849078), (7.064641, 2.4755998, -2.239145), (7.204934, 2.5677562, -1.7044271), (6.494089, 2.4644575, -2.1224563), (7.095697, 2.181977, 4.258568), (7.371047, 2.0967805, 4.8447475), (6.540432, 2.3083282, 4.5299225), (6.8367386, 2.2685645, -6.311442), (6.8975163, 2.2769568, -5.277065), (5.98484, 2.325852, -4.682313), (6.5417676, 2.1604755, 5.4718876), (7.371047, 2.0967805, 4.8447475), (7.3952484, 2.1336882, 6.021564), (6.7485313, 2.3418512, -3.2018905), (7.28626, 2.3704572, -2.9951415), (6.40629, 2.4669712, -2.6540482), (6.547702, 2.2845805, -3.8605187), (6.7485313, 2.3418512, -3.2018905), (6.1828732, 2.3634508, -3.456767), (7.17913, 2.2219245, 2.2002475), (7.587952, 2.1850617, 2.5197492), (7.066102, 2.2177298, 2.6277018), (6.8148413, 2.4209545, 1.4296649), (7.0189915, 2.4382613, 0.8072609), (7.4796586, 2.371225, 1.4953052), (6.7485313, 2.3418512, -3.2018905), (7.278772, 2.376265, -3.7075167), (7.28626, 2.3704572, -2.9951415), (6.867285, 2.168164, -9.4038925), (7.60305, 2.2079616, -8.87062), (6.696419, 2.1472166, -8.570369), (7.066102, 2.2177298, 2.6277018), (7.587952, 2.1850617, 2.5197492), (7.545149, 2.1324105, 3.1767602), (7.4796586, 2.371225, 1.4953052), (8.063903, 2.39815, 1.7562497), (7.17913, 2.2219245, 2.2002475), (7.0189915, 2.4382613, 0.8072609), (7.3506866, 2.4897451, 0.46713534), (8.052955, 2.4001055, 1.0660195), (7.064641, 2.4755998, -2.239145), (7.28626, 2.3704572, -2.9951415), (7.8944097, 2.51895, -2.3882859), (7.790861, 2.139318, 3.930286), (7.095697, 2.181977, 4.258568), (7.545149, 2.1324105, 3.1767602), (7.064641, 2.4755998, -2.239145), (7.8944097, 2.51895, -2.3882859), (7.927661, 2.524992, -1.9401612), (7.4796586, 2.371225, 1.4953052), (8.052955, 2.4001055, 1.0660195), (8.063903, 2.39815, 1.7562497), (7.602507, 2.6329482, -1.0196413), (8.106991, 2.6771877, -0.74507457), (7.7015142, 2.6312027, -0.3917417), (7.2634716, 2.2916296, -4.217799), (8.039689, 2.2703295, -4.023549), (7.278772, 2.376265, -3.7075167), (7.2139115, 2.303497, -7.358705), (8.225871, 2.2906504, -7.89671), (8.205607, 2.37186, -6.9121366), (7.3970084, 2.2787616, -5.951041), (8.231865, 2.3198488, -5.7810593), (7.6021957, 2.3495755, -4.87654), (8.002634, 2.5265253, 0.5155987), (8.778735, 2.5707202, -0.4181998), (8.849124, 2.5049596, 0.20155594), (7.278772, 2.376265, -3.7075167), (8.228612, 2.297028, -3.1066754), (7.28626, 2.3704572, -2.9951415), (8.063903, 2.39815, 1.7562497), (8.761356, 2.3365946, 1.0827595), (8.835843, 2.2710311, 1.959347), (7.783444, 2.6104424, -1.5100776), (8.615102, 2.6361065, -0.8378014), (8.106991, 2.6771877, -0.74507457), (7.8180504, 2.074742, 5.555403), (8.660807, 2.0803604, 5.304017), (8.547215, 2.175148, 6.5032253), (8.849124, 2.5049596, 0.20155594), (9.104789, 2.3393407, 0.9510499), (8.761356, 2.3365946, 1.0827595), (7.6021957, 2.3495755, -4.87654), (8.231865, 2.3198488, -5.7810593), (8.282945, 2.3054452, -4.649743), (8.663266, 2.22533, -9.435914), (9.7614155, 2.220296, -9.360972), (9.432275, 2.2756772, -8.045944), (8.1552925, 2.1523156, 3.622366), (8.775986, 2.1960917, 3.8772583), (7.973113, 2.0754793, 4.492146), (9.146487, 2.348743, -1.9267123), (7.927661, 2.524992, -1.9401612), (7.8944097, 2.51895, -2.3882859), (8.282945, 2.3054452, -4.649743), (8.945617, 2.330034, -4.3008084), (8.039689, 2.2703295, -4.023549), (8.663266, 2.22533, -9.435914), (10.675386, 2.0375638, -10.728258), (9.7614155, 2.220296, -9.360972), (8.039689, 2.2703295, -4.023549), (8.945617, 2.330034, -4.3008084), (8.440903, 2.2391527, -3.557307), (9.492277, 2.3290076, 1.408147), (9.860049, 2.2162294, 2.0232184), (8.835843, 2.2710311, 1.959347), (9.104789, 2.3393407, 0.9510499), (9.492277, 2.3290076, 1.408147), (8.761356, 2.3365946, 1.0827595), (8.440903, 2.2391527, -3.557307), (9.343542, 2.2123942, -3.2777233), (8.658228, 2.3755653, -2.492118), (10.675386, 2.0375638, -10.728258), (10.649255, 2.1199517, -9.694894), (9.7614155, 2.220296, -9.360972), (9.813581, 2.2943387, -1.4157318), (9.747973, 2.3165758, -0.40371263), (8.778735, 2.5707202, -0.4181998), (9.067753, 2.3009782, -5.297806), (10.001301, 2.1989996, -4.927558), (8.945617, 2.330034, -4.3008084), (10.649255, 2.1199517, -9.694894), (9.844622, 2.2915618, -7.3846464), (9.432275, 2.2756772, -8.045944), (9.047095, 2.0921597, 4.7256713), (10.325099, 2.0799272, 4.5378256), (9.372083, 2.117796, 5.2499046), (9.519487, 2.1468492, 3.8109832), (10.325099, 2.0799272, 4.5378256), (9.047095, 2.0921597, 4.7256713), (9.62776, 2.3022285, 0.5115556), (9.860049, 2.2162294, 2.0232184), (9.492277, 2.3290076, 1.408147), (8.658228, 2.3755653, -2.492118), (9.343542, 2.2123942, -3.2777233), (9.146487, 2.348743, -1.9267123), (8.945617, 2.330034, -4.3008084), (10.001301, 2.1989996, -4.927558), (9.5995245, 2.2161186, -3.7577899), (9.343542, 2.2123942, -3.2777233), (8.945617, 2.330034, -4.3008084), (10.558355, 2.1150792, -3.9290361), (9.5995245, 2.2161186, -3.7577899), (10.001301, 2.1989996, -4.927558), (10.558355, 2.1150792, -3.9290361), (10.929685, 2.0912247, -3.8162014), (11.090753, 2.0300174, -2.435603), (10.800072, 2.0790317, -1.8654262), (10.873205, 2.0746694, -7.0237765), (11.386489, 2.0204003, -6.763481), (10.649255, 2.1199517, -9.694894), (10.558355, 2.1150792, -3.9290361), (10.001301, 2.1989996, -4.927558), (9.372083, 2.117796, 5.2499046), (10.325099, 2.0799272, 4.5378256), (11.104785, 2.0158844, 5.5760827), (10.973537, 2.0324428, 8.383063), (9.91079, 2.1336942, 6.7830443), (9.813581, 2.2943387, -1.4157318), (10.800072, 2.0790317, -1.8654262), (10.211463, 2.2396977, -0.36848822), (10.147005, 2.1254525, 3.0155258), (11.087234, 2.0301497, 2.5003896), (10.325099, 2.0799272, 4.5378256), (10.800072, 2.0790317, -1.8654262), (10.613797, 2.148405, 1.1584394), (10.211463, 2.2396977, -0.36848822), (-8.196909, 2.23033, -6.7714005), (-8.342698, 2.2679393, -5.7986484), (-9.050669, 2.1859224, -6.3808274), (-6.5671635, 2.4650984, -0.38649768), (-6.034234, 2.5345833, -0.028821131), (-6.6668286, 2.5369225, 0.052045044), (-5.155426, 2.469203, 1.7721031), (-5.30207, 2.4391825, 2.1467972), (-5.8547306, 2.5598085, 1.7571551), (-5.0429053, 2.385069, -1.8518211), (-5.6560917, 2.3782704, -1.7474874), (-5.661408, 2.414537, -2.423134), (-5.2104096, 2.314384, -3.1359186), (-4.505346, 2.4791663, -2.6676183), (-5.1639714, 2.385386, -2.6555862), (-3.962596, 2.4710531, 3.3349504), (-4.2450914, 2.4757953, 4.0591617), (-4.6062155, 2.4325686, 3.1669703), (-3.5105147, 2.4325614, 3.9447827), (-3.6503246, 2.3848243, 4.4152923), (-4.2450914, 2.4757953, 4.0591617), (-2.5228107, 2.2522118, 5.3000817), (-2.9759607, 2.298591, 5.254291), (-3.1934574, 2.4317985, 4.687909), (-1.9507557, 2.2541254, -5.2065797), (-2.579722, 2.2386613, -5.7082586), (-1.9974248, 2.2673652, -5.845239), (-2.3241136, 2.2824829, -8.757852), (-2.3779204, 2.2346182, -8.251965), (-2.7139657, 2.308609, -8.984364), (-2.1221716, 2.2266681, -6.381488), (-1.9974248, 2.2673652, -5.845239), (-2.579722, 2.2386613, -5.7082586), (-1.8875659, 2.3217623, -9.042822), (-2.3241136, 2.2824829, -8.757852), (-2.2937505, 2.268907, -9.42612), (-1.1867921, 2.4125805, -0.07435329), (-1.5083604, 2.4953575, 0.29575947), (-1.9446352, 2.5845675, -0.31615317), (-0.9122304, 2.4057689, 4.0034237), (-1.225428, 2.2397375, 4.9452395), (-1.4246244, 2.5216746, 3.808673), (-1.3576167, 2.35898, -2.368768), (-1.218981, 2.3230531, -2.014352), (-1.3208537, 2.2742867, -1.4818336), (-0.58475065, 2.5018184, -4.181383), (-1.3218408, 2.5041857, -4.2804823), (-0.9480562, 2.4766486, -4.7769046), (-0.40964702, 2.3405724, 4.738711), (-0.724728, 2.2579029, 5.129648), (-0.66019887, 2.3377736, 4.4366984), (-0.17826915, 2.4787598, 1.67406), (-0.55799836, 2.3998218, 0.91272706), (-0.000525872, 2.345102, 1.118002), (-0.13155435, 2.3288848, -0.18711814), (-0.792611, 2.3532755, -0.4126932), (0.0918958, 2.2890496, -0.33661336), (-0.3474142, 2.237546, -0.73920363), (-0.6980097, 2.2889373, -1.177057), (-0.138827, 2.3674786, -1.4690257), (0.039262403, 2.7189496, -3.4108713), (-0.4699336, 2.503524, -3.0429125), (-0.736331, 2.4678895, -3.6589794), (-0.262312, 2.4699953, -2.030115), (-0.138827, 2.3674786, -1.4690257), (-0.71392804, 2.4608543, -1.8962023), (-0.055357926, 2.5689669, -2.7660644), (-0.4699336, 2.503524, -3.0429125), (0.039262403, 2.7189496, -3.4108713), (-0.02594748, 2.3416383, 0.52005064), (-0.4797763, 2.4724197, 0.09694533), (-0.13155435, 2.3288848, -0.18711814), (-0.20567127, 2.315536, -8.760363), (-0.5347771, 2.2431083, -8.242764), (-0.5627682, 2.268417, -8.999045), (0.22706366, 2.319197, 4.801158), (0.66326183, 2.297703, 5.777773), (-0.17073798, 2.371382, 5.3738775), (0.49750164, 2.2877905, 7.348304), (0.08165124, 2.3174603, 6.8656797), (0.44872886, 2.3642688, 6.5426006), (0.61863834, 2.4810152, -6.774648), (0.47237757, 2.6267633, -6.122409), (-0.034288127, 2.3893447, -6.940175), (1.5909752, 2.412815, 5.901974), (1.1710033, 2.3514497, 5.5204825), (1.7893002, 2.3027422, 5.0752068), (1.0997266, 2.3873165, -7.9217334), (0.58775014, 2.435571, -7.5657554), (0.5575799, 2.3439953, -8.301654), (2.0518801, 2.5533843, 2.9999435), (1.6705123, 2.465646, 3.3369799), (1.6810114, 2.4565115, 2.7374206), (1.6400578, 2.305086, 0.6520929), (1.2623988, 2.2284858, -0.06609454), (1.9738963, 2.2446418, 0.03093874), (1.77977, 2.4939945, -7.826561), (1.5979841, 2.418097, -7.206776), (1.0997266, 2.3873165, -7.9217334), (4.416997, 2.2615063, 6.6248136), (4.242306, 2.343628, 5.9212475), (4.796445, 2.3751788, 6.026898), (5.2872944, 2.2979038, 7.3125725), (4.528094, 2.2622032, 6.9456034), (5.11993, 2.2296789, 6.679425), (6.540432, 2.3083282, 4.5299225), (6.5417676, 2.1604755, 5.4718876), (6.006616, 2.286941, 4.8508253), (7.2617035, 2.1325758, -10.442467), (6.867285, 2.168164, -9.4038925), (5.3197746, 2.2452807, -9.3526945), (7.638032, 2.6134822, -0.120010756), (7.062333, 2.5583916, 0.00012091709), (7.7015142, 2.6312027, -0.3917417), (8.052955, 2.4001055, 1.0660195), (8.761356, 2.3365946, 1.0827595), (8.063903, 2.39815, 1.7562497), (9.492277, 2.3290076, 1.408147), (9.104789, 2.3393407, 0.9510499), (9.62776, 2.3022285, 0.5115556), (11.090753, 2.0300174, -2.435603), (10.929685, 2.0912247, -3.8162014), (11.386489, 2.0204003, -6.763481), (11.090753, 2.0300174, -2.435603), (10.613797, 2.148405, 1.1584394), (10.800072, 2.0790317, -1.8654262), (10.929685, 2.0912247, -3.8162014), (10.558355, 2.1150792, -3.9290361), (11.386489, 2.0204003, -6.763481), (-10.089069, 2.147574, 7.2567472), (-10.298895, 2.1924238, 6.1620994), (-9.443983, 2.2039623, 5.859571), (-7.8272862, 2.2056952, 5.876105), (-8.934907, 2.2446554, 7.6074805), (-10.089069, 2.147574, 7.2567472), (-8.510795, 2.2550814, 6.9508853), (-10.599858, 2.1363723, 8.552586), (-11.308452, 2.0490925, 6.820328), (-6.9362426, 2.1083422, -4.242929), (-6.6995425, 2.312916, -5.302443), (-6.228758, 2.085921, -4.2783136), (-5.881182, 2.1550586, -4.7181563), (-5.955454, 2.3878474, 2.9244084), (-5.2369456, 2.4531062, 2.4171627), (-5.3225803, 2.4031758, 2.8368132), (-6.2058897, 2.4883564, 2.0857384), (-4.8497934, 2.2075095, 9.439054), (-4.473122, 2.1658342, 9.992062), (-4.426345, 2.1152496, 10.599327), (-6.7666874, 2.0408397, 10.866636), (-6.1064277, 2.1833062, 9.575711), (-5.774879, 2.2544696, 9.000695), (-4.599307, 2.2785726, 8.745184), (-5.1394286, 2.429181, 3.3889918), (-5.3225803, 2.4031758, 2.8368132), (-4.6062155, 2.4325686, 3.1669703), (-5.955454, 2.3878474, 2.9244084), (-4.6766644, 2.358354, 4.3004026), (-4.3882995, 2.312681, 4.637421), (-5.0579534, 2.1661496, 4.86542), (-4.2450914, 2.4757953, 4.0591617), (-5.2369456, 2.4531062, 2.4171627), (-5.30207, 2.4391825, 2.1467972), (-4.5605745, 2.494182, 1.9637473), (-4.339395, 2.5320652, 2.5660584), (-4.756597, 2.4270775, -1.4141722), (-3.9029644, 2.4335003, -0.91101253), (-4.3696446, 2.4010017, -0.83817136), (-4.086948, 2.4917102, -1.822868), (-4.339395, 2.5320652, 2.5660584), (-3.5064101, 2.7579873, 2.400455), (-3.3180327, 2.7148204, 2.8746898), (-3.962596, 2.4710531, 3.3349504), (-2.9101877, 2.1852922, -10.208574), (-3.7895608, 2.0362601, -11.211268), (-1.2720095, 2.0296137, -11.468337), (-4.0670114, 2.1900344, -10.099041), (-5.026247, 2.1286368, -10.538222), (-8.313464, 2.0459979, -11.343415), (-6.609403, 2.2221467, -9.899515), (-3.0852535, 2.1118221, -7.1179557), (-3.7743585, 2.2656887, -7.9678288), (-2.9952953, 2.202979, -8.089521), (-3.9690807, 2.225229, -7.3533506), (-1.5987761, 2.5660324, 2.5864956), (-0.7831078, 2.3834167, 3.0555332), (-1.3468341, 2.5081763, 3.2199025), (-1.4246244, 2.5216746, 3.808673), (-0.9122304, 2.4057689, 4.0034237), (-1.3298024, 2.3895307, -0.52745074), (-1.6625983, 2.3265169, -1.0040544), (-1.0147758, 2.3647943, -0.8128059), (-1.3208537, 2.2742867, -1.4818336), (0.058984444, 2.217217, 9.947213), (-0.4100017, 2.3922107, 8.645317), (0.478809, 2.3437605, 8.716393), (0.64810896, 2.2443788, 9.497617), (-0.22298379, 2.2812357, 4.219094), (0.08163531, 2.3244843, 4.0810914), (0.22706366, 2.319197, 4.801158), (-0.2815492, 2.3068392, 3.2783654), (0.37878016, 2.2208018, 3.0308983), (1.2296371, 2.4192073, 3.4239821), (0.73160046, 2.2972996, 3.6912856), (0.9991988, 2.3697686, 2.9496877), (1.1710033, 2.3514497, 5.5204825), (0.8501079, 2.4107063, 4.864661), (1.7893002, 2.3027422, 5.0752068), (1.6922953, 2.3461459, 4.377918), (2.321958, 2.3750186, 8.952521), (1.713765, 2.4212847, 8.377629), (2.2528691, 2.412023, 8.169361), (1.6801367, 2.3916566, 9.281771), (1.6705123, 2.465646, 3.3369799), (2.0518801, 2.5533843, 2.9999435), (1.8137143, 2.3601916, 4.168773), (2.3576899, 2.473486, 3.7828383), (1.8251884, 2.412451, -8.886546), (1.5808308, 2.2620292, -9.919033), (2.2541275, 2.3647718, -9.481202), (1.0872611, 2.3265882, -9.086932), (2.380711, 2.6254528, -3.0874166), (2.1213675, 2.8243651, -3.9391232), (2.5883675, 2.6568954, -3.5082607), (1.8498323, 2.759256, -3.2398837), (2.8683608, 2.5493803, -4.275848), (2.5472288, 2.5843413, -5.118635), (3.073065, 2.538092, -4.4587817), (3.449218, 2.503643, -3.7561328), (2.2541275, 2.3647718, -9.481202), (3.1476202, 2.286414, -9.508386), (2.561206, 2.3929703, -8.598841), (3.1866672, 2.3283722, -8.687792), (2.738723, 2.423739, -8.09304), (3.073065, 2.538092, -4.4587817), (3.699355, 2.5021334, -3.8378732), (3.449218, 2.503643, -3.7561328), (3.5126123, 2.5329332, -4.4511347), (3.1006088, 2.604093, -5.196245), (3.4293094, 2.413827, -6.506399), (3.6301284, 2.3986075, -7.3831944), (3.9166298, 2.4431212, -6.1564555), (2.944079, 2.3819227, -7.095108), (3.1094985, 2.3904204, -7.6344585), (4.2171087, 2.3051195, -0.9473292), (4.37332, 2.2964718, -1.2802523), (4.878297, 2.3257275, -0.8765545), (5.1380644, 2.3213701, -1.213932), (5.5022125, 2.3806176, -0.4533866), (4.61991, 2.3828669, -2.6370244), (4.214083, 2.4493496, -3.0072424), (4.5287557, 2.4551315, -3.425009), (5.3149576, 2.3370938, -2.7613215), (4.839995, 2.3212152, 1.1821636), (5.511028, 2.3161592, 1.595702), (5.011694, 2.322603, 1.9295286), (5.440232, 2.319903, 2.3058121), (4.614112, 2.52585, 2.8058693), (5.440232, 2.319903, 2.3058121), (5.445113, 2.392399, 3.1190453), (4.718718, 2.5489745, 3.3075132), (5.5260253, 2.3308773, 4.3933215), (5.576508, 2.3695397, 3.5822601), (5.9605126, 2.3265002, 4.159354), (6.006616, 2.286941, 4.8508253), (5.3149576, 2.3370938, -2.7613215), (5.5682297, 2.318404, -2.8091304), (5.233273, 2.4424264, -2.088414), (6.201986, 2.4219217, -1.8992833), (5.9605126, 2.3265002, 4.159354), (5.576508, 2.3695397, 3.5822601), (6.2731028, 2.325608, 3.4547222), (6.54601, 2.2840965, 4.0176373), (5.529591, 2.1610289, 9.841013), (8.272744, 2.0318573, 11.289495), (4.530746, 2.0336568, 11.097828), (6.1233897, 2.200303, 9.4855175), (7.4598246, 2.2095408, 9.582242), (7.062333, 2.5583916, 0.00012091709), (7.638032, 2.6134822, -0.120010756), (7.3506866, 2.4897451, 0.46713534), (8.002634, 2.5265253, 0.5155987), (7.3952484, 2.1336882, 6.021564), (7.8180504, 2.074742, 5.555403), (7.766765, 2.1286092, 6.9508505), (7.371047, 2.0967805, 4.8447475), (8.564291, 2.2489064, 8.77568), (9.070919, 2.267283, 8.079269), (9.368454, 2.2301574, 9.217125), (8.135695, 2.2362282, 9.727884), (8.225871, 2.2906504, -7.89671), (9.432275, 2.2756772, -8.045944), (8.205607, 2.37186, -6.9121366), (8.663266, 2.22533, -9.435914), (7.2139115, 2.303497, -7.358705), (8.701545, 2.256914, 2.6215985), (8.278807, 2.2851863, 2.2094445), (8.835843, 2.2710311, 1.959347), (9.860049, 2.2162294, 2.0232184), (8.701545, 2.256914, 2.6215985), (9.202392, 2.2633262, 2.7948418), (8.994681, 2.1971462, 3.335949), (7.545149, 2.1324105, 3.1767602), (8.278807, 2.2851863, 2.2094445), (9.2299385, 2.1289525, 6.0389504), (8.660807, 2.0803604, 5.304017), (9.372083, 2.117796, 5.2499046), (9.047095, 2.0921597, 4.7256713), (9.202392, 2.2633262, 2.7948418), (9.860049, 2.2162294, 2.0232184), (10.147005, 2.1254525, 3.0155258), (11.087234, 2.0301497, 2.5003896), (10.613797, 2.148405, 1.1584394), (9.62776, 2.3022285, 0.5115556), (10.211463, 2.2396977, -0.36848822), (9.747973, 2.3165758, -0.40371263), (9.813581, 2.2943387, -1.4157318), (9.519487, 2.1468492, 3.8109832), (10.147005, 2.1254525, 3.0155258), (10.325099, 2.0799272, 4.5378256), (8.994681, 2.1971462, 3.335949), (8.775986, 2.1960917, 3.8772583), (-11.873784, 2.025004, -7.5404453), (-10.606574, 2.1182513, -6.261089), (-10.802147, 2.1372147, -4.3035116), (-10.0333605, 2.1420732, -7.047299), (-10.889564, 2.1263545, -9.539208), (-10.911679, 2.142419, -2.564618), (-10.802147, 2.1372147, -4.3035116), (-9.818823, 2.2353833, -3.9860735), (-9.951159, 2.237156, -4.6070366), (-6.6262326, 2.3068566, 8.783692), (-5.774879, 2.2544696, 9.000695), (-6.1064277, 2.1833062, 9.575711), (-6.8159823, 2.198691, 9.630933), (-6.7666874, 2.0408397, 10.866636), (-5.958992, 2.2302277, 7.8510404), (-5.211673, 2.249492, 7.4333673), (-5.3874807, 2.250663, 8.159786), (-5.774879, 2.2544696, 9.000695), (-4.599307, 2.2785726, 8.745184), (-6.57857, 2.3039365, -5.756124), (-5.7281046, 2.2620595, -6.1116667), (-5.886708, 2.2349792, -5.4741416), (-6.2176523, 2.3234801, -6.582545), (-2.2868762, 2.2957773, -2.7745497), (-1.605494, 2.3222964, -2.7564635), (-2.2286475, 2.3735733, -2.1015499), (-1.619191, 2.383241, -2.2409787), (-2.1221716, 2.2266681, -6.381488), (-2.1369302, 2.1402907, -7.031649), (-1.4579396, 2.251065, -6.875877), (-1.6018988, 2.3466222, -5.9841185), (-1.8193002, 2.3468752, -1.5932832), (-1.619191, 2.383241, -2.2409787), (-1.3208537, 2.2742867, -1.4818336), (-1.3576167, 2.35898, -2.368768), (-0.9480562, 2.4766486, -4.7769046), (-1.0326461, 2.3906543, -5.6345873), (-0.6492113, 2.5227249, -5.0164146), (-0.24926676, 2.580152, -5.42162), (-0.6492113, 2.5227249, -5.0164146), (-0.58475065, 2.5018184, -4.181383), (-0.9480562, 2.4766486, -4.7769046), (0.2604842, 2.6268334, -5.00236), (-0.24926676, 2.580152, -5.42162), (-0.4699336, 2.503524, -3.0429125), (-0.055357926, 2.5689669, -2.7660644), (-0.262312, 2.4699953, -2.030115), (0.1568546, 2.5685744, -2.1275532), (-0.5347771, 2.2431083, -8.242764), (-0.07878798, 2.2741652, -7.9792185), (-0.08346266, 2.31224, -7.637698), (-0.6743547, 2.3360133, -7.4646344), (-0.034288127, 2.3893447, -6.940175), (-0.68980527, 2.4308412, -6.651075), (-0.22185314, 2.489371, -6.174431), (1.2296371, 2.4192073, 3.4239821), (1.6922953, 2.3461459, 4.377918), (1.1290013, 2.3410006, 3.9955611), (1.6705123, 2.465646, 3.3369799), (3.3756354, 2.5243373, 3.7912886), (3.8413005, 2.452597, 4.1576567), (3.0180478, 2.5678744, 4.557474), (3.7615073, 2.4667635, 3.8001661), (3.8244338, 2.3040888, 9.250946), (4.516681, 2.293455, 8.989161), (4.48644, 2.2293754, 9.7514715), (5.529591, 2.1610289, 9.841013), (5.4711227, 2.4160204, -3.7038798), (5.864359, 2.4149423, -3.8131053), (6.0041447, 2.3393376, -3.208126), (6.1828732, 2.3634508, -3.456767), (9.2299385, 2.1289525, 6.0389504), (11.104785, 2.0158844, 5.5760827), (9.91079, 2.1336942, 6.7830443), (9.249883, 2.1746466, 7.101733), (9.757815, 2.173356, 8.355108), (8.547215, 2.175148, 6.5032253), (8.660807, 2.0803604, 5.304017), (-6.228758, 2.085921, -4.2783136), (-6.0714946, 2.1280603, -3.9672153), (-6.9362426, 2.1083422, -4.242929), (-7.4499187, 2.178117, -3.8308434), (-7.0520434, 2.235231, -3.3740873), (-6.250582, 2.2036703, -3.4681237), (-10.599858, 2.1363723, 8.552586), (-8.934907, 2.2446554, 7.6074805), (-9.750831, 2.1106384, 10.288945), (-8.648632, 2.2142127, 8.738934), (-8.22315, 2.2375262, 9.3566065), (-10.094675, 2.208867, -0.16787606), (-10.367402, 2.1744602, -0.7697957), (-9.266913, 2.3564053, -0.62971973), (-9.276652, 2.3420825, -0.16064979), (-10.298895, 2.1924238, 6.1620994), (-9.946692, 2.1854644, 5.033755), (-9.443983, 2.2039623, 5.859571), (-8.675147, 2.2505555, 4.682839), (-8.556704, 2.2828522, 3.683859), (-10.100247, 2.1865504, -8.712901), (-10.889564, 2.1263545, -9.539208), (-8.8315115, 2.195048, -9.344114), (-8.313464, 2.0459979, -11.343415), (-10.0333605, 2.1420732, -7.047299), (-9.342102, 2.246616, -7.6710453), (-9.050669, 2.1859224, -6.3808274), (-10.100247, 2.1865504, -8.712901), (-8.498585, 2.4093783, -0.5101395), (-9.266913, 2.3564053, -0.62971973), (-8.5822735, 2.3429358, -0.9243447), (-9.268317, 2.2795682, -1.2367241), (-8.657232, 2.2379174, -1.5913402), (-8.55337, 2.4425845, 2.0667574), (-8.186309, 2.4689999, 1.5418769), (-7.4568114, 2.490385, 1.873646), (-7.667976, 2.4459217, 2.4309912), (-8.648632, 2.2142127, 8.738934), (-7.174269, 2.310924, 8.779894), (-8.22315, 2.2375262, 9.3566065), (-7.5718307, 2.2561994, 7.2155957), (-8.510795, 2.2550814, 6.9508853), (-7.8272862, 2.2056952, 5.876105), (-7.5718307, 2.2561994, 7.2155957), (-6.8175845, 2.2228954, 6.8032694), (-6.628251, 2.2566433, 7.472), (-8.22315, 2.2375262, 9.3566065), (-7.174269, 2.310924, 8.779894), (-6.8159823, 2.198691, 9.630933), (-6.6262326, 2.3068566, 8.783692), (-7.0608115, 2.228698, 5.3946447), (-8.281943, 2.2973819, 5.028596), (-6.773992, 2.2101333, 4.717692), (-7.786896, 2.234231, 4.0843954), (-7.263394, 2.5939429, 0.05394481), (-8.395759, 2.432348, 0.018709205), (-7.445808, 2.5769484, -0.22082217), (-8.498585, 2.4093783, -0.5101395), (-7.6462955, 2.44024, -1.2087889), (-7.503412, 2.3065572, -1.7487439), (-6.802066, 2.4579856, -0.92753065), (-6.4814744, 2.2664149, -1.6275806), (-7.569674, 2.2907696, -2.1378038), (-8.291305, 2.203481, -2.5742517), (-6.5845733, 2.2203646, -2.7372496), (-7.5833898, 2.1671457, -2.9289749), (-6.628251, 2.2566433, 7.472), (-5.958992, 2.2302277, 7.8510404), (-6.6262326, 2.3068566, 8.783692), (-5.774879, 2.2544696, 9.000695), (-7.445808, 2.5769484, -0.22082217), (-6.5671635, 2.4650984, -0.38649768), (-6.6668286, 2.5369225, 0.052045044), (-7.263394, 2.5939429, 0.05394481), (-5.958992, 2.2302277, 7.8510404), (-5.5453415, 2.3064613, 6.8055577), (-5.211673, 2.249492, 7.4333673), (-4.9072156, 2.2975914, 6.694511), (-5.571481, 2.1634452, 5.8499823), (-5.996787, 2.2284591, 5.2428293), (-4.948175, 2.1336234, 5.4772515), (-5.0579534, 2.1661496, 4.86542), (-5.571481, 2.1634452, 5.8499823), (-6.4667325, 2.269337, 5.806365), (-6.211863, 2.2307756, 6.460267), (-6.0682435, 2.404739, -0.93418664), (-5.6560917, 2.3782704, -1.7474874), (-5.410843, 2.4773388, -1.0939368), (-6.4814744, 2.2664149, -1.6275806), (-6.4814744, 2.2664149, -1.6275806), (-5.661408, 2.414537, -2.423134), (-5.6560917, 2.3782704, -1.7474874), (-6.6045732, 2.2603493, -2.2636771), (-5.569173, 2.184812, 4.254035), (-4.7107797, 2.3825204, 3.7630157), (-4.6766644, 2.358354, 4.3004026), (-4.2450914, 2.4757953, 4.0591617), (-4.6062155, 2.4325686, 3.1669703), (-4.756597, 2.4270775, -1.4141722), (-5.0429053, 2.385069, -1.8518211), (-4.086948, 2.4917102, -1.822868), (-4.421155, 2.4472117, -2.120574), (-3.835871, 2.4190679, -2.393402), (-3.4082937, 2.3961415, -2.295942), (-4.086948, 2.4917102, -1.822868), (-3.3662164, 2.4371605, -1.6333299), (-4.311253, 2.315069, -3.4022932), (-4.040039, 2.2311425, -3.9533055), (-3.7505646, 2.2389464, -4.093856), (-3.5784667, 2.4199176, -3.2165327), (-3.4788876, 2.380492, 8.75482), (-2.8542757, 2.5434842, 8.430287), (-2.5693047, 2.5429602, 8.950582), (-3.0763054, 2.5767956, 7.9590235), (-3.5352721, 2.1232662, -5.8545737), (-3.8877602, 2.199323, -6.362048), (-3.1010976, 2.0528045, -6.3320494), (-4.0786843, 2.238894, -5.8706694), (-2.4170294, 2.5634427, 8.141946), (-2.517383, 2.5097804, 7.5466638), (-2.097769, 2.5466454, 7.4735155), (-2.4473796, 2.460723, 6.886242), (-3.0169277, 2.1453693, -5.606387), (-3.1010976, 2.0528045, -6.3320494), (-2.5128734, 2.1215146, -6.8802514), (-2.579722, 2.2386613, -5.7082586), (-2.8930197, 2.3703284, -2.617357), (-2.9867733, 2.3981292, -3.565103), (-2.2868762, 2.2957773, -2.7745497), (-3.351805, 2.429872, -2.921355), (-2.2286475, 2.3735733, -2.1015499), (-1.8193002, 2.3468752, -1.5932832), (-2.4912033, 2.4417589, -1.622452), (-2.33227, 2.456797, -1.2739075), (-2.2781157, 2.7791612, 2.3506474), (-1.6483932, 2.6511736, 1.8958591), (-1.5987761, 2.5660324, 2.5864956), (-2.0121737, 2.777197, 1.6110461), (-1.8719387, 2.478544, 6.9463177), (-1.4827542, 2.4261317, 6.9084826), (-0.9209524, 2.4338222, 7.823181), (-2.1551933, 2.4760962, 6.220841), (-1.0038968, 2.3638759, 9.612855), (-0.7784764, 2.436124, 9.019316), (0.058984444, 2.217217, 9.947213), (-0.58661103, 2.157811, 10.650632), (-1.0147758, 2.3647943, -0.8128059), (-0.3474142, 2.237546, -0.73920363), (-0.792611, 2.3532755, -0.4126932), (-0.6980097, 2.2889373, -1.177057), (-0.4100017, 2.3922107, 8.645317), (-0.31036514, 2.3911767, 8.145693), (0.478809, 2.3437605, 8.716393), (-0.9209524, 2.4338222, 7.823181), (-0.22095443, 2.379829, 7.3825607), (-0.40964702, 2.3405724, 4.738711), (-0.22298379, 2.2812357, 4.219094), (0.22706366, 2.319197, 4.801158), (-0.17073798, 2.371382, 5.3738775), (-1.1420621, 2.2207038, -8.65916), (-0.5627682, 2.268417, -8.999045), (-0.5347771, 2.2431083, -8.242764), (-1.0723847, 2.2297332, -9.28813), (0.37878016, 2.2208018, 3.0308983), (-0.23177263, 2.4786289, 2.068359), (0.3754919, 2.3042555, 1.7606742), (-0.17826915, 2.4787598, 1.67406), (0.5760351, 2.309825, 8.221656), (0.45438936, 2.2870631, 7.76554), (1.1657292, 2.4194298, 7.630239), (0.49750164, 2.2877905, 7.348304), (0.058984444, 2.217217, 9.947213), (1.1125191, 2.2626317, 9.760533), (1.2599564, 2.139157, 10.8564205), (-0.58661103, 2.157811, 10.650632), (1.23713, 2.467514, 2.3812938), (0.57007426, 2.291913, 1.8498139), (0.99888533, 2.3579247, 1.8550662), (0.8846916, 2.2207527, 1.2114226), (1.2296371, 2.4192073, 3.4239821), (0.9991988, 2.3697686, 2.9496877), (1.6810114, 2.4565115, 2.7374206), (1.6705123, 2.465646, 3.3369799), (1.6801367, 2.3916566, 9.281771), (1.0074316, 2.3073378, 9.146212), (1.713765, 2.4212847, 8.377629), (1.506883, 2.4068358, 8.102824), (1.506883, 2.4068358, 8.102824), (2.2528691, 2.412023, 8.169361), (1.713765, 2.4212847, 8.377629), (2.0040002, 2.3657815, 7.649999), (1.5634332, 2.3377366, 7.062669), (2.199387, 2.435487, 6.5776005), (2.0040002, 2.3657815, 7.649999), (1.9564272, 2.4139366, 6.279289), (1.9564272, 2.4139366, 6.279289), (2.68849, 2.3126807, 5.706049), (2.199387, 2.435487, 6.5776005), (1.7893002, 2.3027422, 5.0752068), (1.9391568, 2.3285449, 1.0612308), (2.4829755, 2.2230432, 0.44842285), (2.7085695, 2.2986143, 0.9178059), (2.1332788, 2.3987346, 1.5262743), (2.2296758, 2.4589949, -1.6052355), (2.2366922, 2.6231835, -2.5051503), (2.6199355, 2.480024, -1.8383821), (2.647689, 2.5979145, -2.4387293), (3.0180478, 2.5678744, 4.557474), (2.3576899, 2.473486, 3.7828383), (2.9745996, 2.551178, 3.900231), (2.8361185, 2.537473, 3.4967318), (2.2541275, 2.3647718, -9.481202), (1.5808308, 2.2620292, -9.919033), (2.2664506, 2.271899, -10.0306835), (1.583053, 2.0415797, -11.265095), (1.714063, 2.58777, -5.9098535), (2.4862509, 2.5249171, -5.6681523), (2.5472288, 2.5843413, -5.118635), (2.0953012, 2.5183787, -6.271775), (3.0775292, 2.351339, 9.514014), (2.859418, 2.4085743, 8.80837), (3.8244338, 2.3040888, 9.250946), (3.2779207, 2.3955524, 8.564956), (3.7177322, 2.4357703, 1.9769937), (3.0357468, 2.4170527, 1.4360892), (3.5192418, 2.423916, 1.2478951), (4.167539, 2.4572215, 1.4545208), (3.5787256, 2.557896, -5.5203686), (4.3558135, 2.4251523, -5.6773705), (3.9823897, 2.5263414, -4.971631), (3.9166298, 2.4431212, -6.1564555), (3.6301284, 2.3986075, -7.3831944), (4.5943913, 2.3121614, -7.613293), (4.2756085, 2.4193165, -6.5656414), (4.1878753, 2.3167167, -8.370417), (6.2731028, 2.325608, 3.4547222), (6.862113, 2.24839, 3.3966837), (6.54601, 2.2840965, 4.0176373), (7.095697, 2.181977, 4.258568), (5.7418003, 2.3310328, -6.3860826), (6.2398734, 2.211076, -7.162051), (6.8367386, 2.2685645, -6.311442), (6.0773673, 2.3686032, -5.8742447), (7.095697, 2.181977, 4.258568), (6.862113, 2.24839, 3.3966837), (7.545149, 2.1324105, 3.1767602), (6.6661477, 2.3124287, 2.8972538), (7.1107, 2.5516334, -0.9168999), (7.602507, 2.6329482, -1.0196413), (7.7015142, 2.6312027, -0.3917417), (7.204934, 2.5677562, -1.7044271), (6.785992, 2.2277439, -4.4001784), (7.6021957, 2.3495755, -4.87654), (7.2634716, 2.2916296, -4.217799), (6.8975163, 2.2769568, -5.277065), (6.8367386, 2.2685645, -6.311442), (7.2139115, 2.303497, -7.358705), (7.3970084, 2.2787616, -5.951041), (6.8975163, 2.2769568, -5.277065), (7.60305, 2.2079616, -8.87062), (6.867285, 2.168164, -9.4038925), (7.982916, 2.2158377, -9.818269), (8.663266, 2.22533, -9.435914), (7.602507, 2.6329482, -1.0196413), (7.204934, 2.5677562, -1.7044271), (7.783444, 2.6104424, -1.5100776), (8.106991, 2.6771877, -0.74507457), (7.371047, 2.0967805, 4.8447475), (7.973113, 2.0754793, 4.492146), (7.8180504, 2.074742, 5.555403), (8.660807, 2.0803604, 5.304017), (7.790861, 2.139318, 3.930286), (7.545149, 2.1324105, 3.1767602), (8.1552925, 2.1523156, 3.622366), (8.994681, 2.1971462, 3.335949), (8.775986, 2.1960917, 3.8772583), (7.8919272, 2.1740181, 7.739756), (7.766765, 2.1286092, 6.9508505), (8.715856, 2.2509754, 7.410229), (8.564291, 2.2489064, 8.77568), (7.766765, 2.1286092, 6.9508505), (7.8180504, 2.074742, 5.555403), (8.547215, 2.175148, 6.5032253), (8.715856, 2.2509754, 7.410229), (7.278772, 2.376265, -3.7075167), (8.440903, 2.2391527, -3.557307), (8.228612, 2.297028, -3.1066754), (8.039689, 2.2703295, -4.023549), (8.039689, 2.2703295, -4.023549), (7.6021957, 2.3495755, -4.87654), (8.282945, 2.3054452, -4.649743), (7.2634716, 2.2916296, -4.217799), (8.272744, 2.0318573, 11.289495), (8.135695, 2.2362282, 9.727884), (10.721102, 2.0317233, 10.489434), (9.368454, 2.2301574, 9.217125), (8.715856, 2.2509754, 7.410229), (9.249883, 2.1746466, 7.101733), (9.070919, 2.267283, 8.079269), (8.547215, 2.175148, 6.5032253), (9.62776, 2.3022285, 0.5115556), (8.849124, 2.5049596, 0.20155594), (9.747973, 2.3165758, -0.40371263), (8.778735, 2.5707202, -0.4181998), (9.368454, 2.2301574, 9.217125), (9.757815, 2.173356, 8.355108), (10.973537, 2.0324428, 8.383063), (9.91079, 2.1336942, 6.7830443), (9.703005, 2.2950084, -5.875766), (10.873205, 2.0746694, -7.0237765), (10.001301, 2.1989996, -4.927558), (9.844622, 2.2915618, -7.3846464), (10.649255, 2.1199517, -9.694894), (-9.91609, 2.198881, 4.0287724), (-9.180247, 2.2548957, 3.2976708), (-8.556704, 2.2828522, 3.683859), (-9.946692, 2.1854644, 5.033755), (-9.10189, 2.2116916, -5.202925), (-8.992019, 2.2572622, -4.3762136), (-9.951159, 2.237156, -4.6070366), (-9.959107, 2.2040458, -5.2734003), (-10.100247, 2.1865504, -8.712901), (-8.8315115, 2.195048, -9.344114), (-7.915775, 2.214647, -8.688697), (-9.342102, 2.246616, -7.6710453), (-8.354986, 2.249536, -7.650211), (-8.932807, 2.2269511, -3.1725063), (-8.602993, 2.19919, -3.7625332), (-7.7980504, 2.2011943, -3.4588768), (-7.4499187, 2.178117, -3.8308434), (-8.934907, 2.2446554, 7.6074805), (-7.5718307, 2.2561994, 7.2155957), (-8.648632, 2.2142127, 8.738934), (-8.510795, 2.2550814, 6.9508853), (-7.5718307, 2.2561994, 7.2155957), (-6.628251, 2.2566433, 7.472), (-7.174269, 2.310924, 8.779894), (-6.6262326, 2.3068566, 8.783692), (-9.947454, 2.211058, -1.7211245), (-10.048065, 2.2315574, -2.183384), (-9.72306, 2.2293863, -2.5458026), (-9.112614, 2.2168968, -1.8972456), (-4.339395, 2.5320652, 2.5660584), (-4.5605745, 2.494182, 1.9637473), (-3.5064101, 2.7579873, 2.400455), (-3.8022604, 2.6842089, 1.7886688), (-4.01143, 2.3982708, -2.9601054), (-3.5784667, 2.4199176, -3.2165327), (-3.835871, 2.4190679, -2.393402), (-3.351805, 2.429872, -2.921355), (-2.053459, 2.176476, 10.458876), (-4.426345, 2.1152496, 10.599327), (-3.0569952, 2.233381, 9.964413), (-1.548334, 2.0332775, 11.280096), (-0.58661103, 2.157811, 10.650632), (-3.0138497, 2.5217788, 7.491572), (-2.517383, 2.5097804, 7.5466638), (-3.0763054, 2.5767956, 7.9590235), (-2.4170294, 2.5634427, 8.141946), (-3.9182243, 2.1848223, -8.904618), (-3.3816094, 2.221248, -9.531069), (-3.3330147, 2.240587, -8.806392), (-2.7139657, 2.308609, -8.984364), (-2.3779204, 2.2346182, -8.251965), (-2.5705788, 2.2222414, -7.557371), (-2.9952953, 2.202979, -8.089521), (-2.1856294, 2.2355158, -7.829111), (-1.4453366, 2.4977853, 8.829065), (-0.4100017, 2.3922107, 8.645317), (-0.7784764, 2.436124, 9.019316), (-0.9209524, 2.4338222, 7.823181), (-1.5514331, 2.2353582, -9.801416), (-1.0723847, 2.2297332, -9.28813), (-1.8875659, 2.3217623, -9.042822), (-0.7835561, 2.140339, -10.603734), (0.73160046, 2.2972996, 3.6912856), (0.5900337, 2.3480365, 4.401233), (0.08163531, 2.3244843, 4.0810914), (0.37878016, 2.2208018, 3.0308983), (0.5900337, 2.3480365, 4.401233), (1.1290013, 2.3410006, 3.9955611), (0.8501079, 2.4107063, 4.864661), (0.73160046, 2.2972996, 3.6912856), (0.99888533, 2.3579247, 1.8550662), (1.4117967, 2.2761261, 1.3437495), (1.4223824, 2.3695662, 1.8320892), (1.23713, 2.467514, 2.3812938), (0.78623223, 2.5216203, -1.5423976), (1.4982419, 2.5126393, -1.9156846), (1.24209, 2.4430957, -1.238485), (1.0270464, 2.6174195, -2.4147182), (0.47237757, 2.6267633, -6.122409), (1.1937326, 2.5748801, -5.9299884), (0.7672491, 2.658427, -5.5790315), (0.9939955, 2.4690728, -6.7536664), (1.4117967, 2.2761261, 1.3437495), (1.8699174, 2.378595, 1.931928), (1.4223824, 2.3695662, 1.8320892), (1.23713, 2.467514, 2.3812938), (2.9745996, 2.551178, 3.900231), (3.3756354, 2.5243373, 3.7912886), (3.0180478, 2.5678744, 4.557474), (3.4991896, 2.4776027, 3.1849828), (2.8361185, 2.537473, 3.4967318), (2.7557244, 2.5317519, 2.953933), (3.0357468, 2.4170527, 1.4360892), (3.7177322, 2.4357703, 1.9769937), (2.6023953, 2.53933, 1.8749), (3.0427542, 2.5455632, 2.1384656), (3.1094985, 2.3904204, -7.6344585), (3.1866672, 2.3283722, -8.687792), (3.6301284, 2.3986075, -7.3831944), (4.1878753, 2.3167167, -8.370417), (4.817624, 2.4846268, -3.833322), (5.4711227, 2.4160204, -3.7038798), (5.1309605, 2.4661117, -3.4527903), (5.3246293, 2.3879259, -4.435178), (5.1894245, 2.2716365, 8.206243), (6.5009003, 2.1565473, 8.812849), (5.45263, 2.301251, 8.917468), (6.465493, 2.1189258, 8.233674), (5.2935867, 2.3276417, -8.249816), (6.696419, 2.1472166, -8.570369), (5.6103044, 2.2729752, -7.621833), (6.2398734, 2.211076, -7.162051), (5.864359, 2.4149423, -3.8131053), (6.547702, 2.2845805, -3.8605187), (6.1828732, 2.3634508, -3.456767), (6.785992, 2.2277439, -4.4001784), (7.2617035, 2.1325758, -10.442467), (5.0752206, 2.0249674, -11.489808), (8.508529, 2.1440065, -10.636336), (7.982916, 2.2158377, -9.818269), (7.064641, 2.4755998, -2.239145), (7.927661, 2.524992, -1.9401612), (7.204934, 2.5677562, -1.7044271), (7.783444, 2.6104424, -1.5100776), (8.205607, 2.37186, -6.9121366), (8.231865, 2.3198488, -5.7810593), (7.3970084, 2.2787616, -5.951041), (7.2139115, 2.303497, -7.358705), (10.675386, 2.0375638, -10.728258), (8.663266, 2.22533, -9.435914), (8.508529, 2.1440065, -10.636336), (8.775034, 2.0245728, -11.8604), (10.800072, 2.0790317, -1.8654262), (9.813581, 2.2943387, -1.4157318), (9.146487, 2.348743, -1.9267123), (9.343542, 2.2123942, -3.2777233), (-5.569173, 2.184812, 4.254035), (-6.630361, 2.2194755, 4.4621964), (-6.550056, 2.3583083, 3.7837398), (-5.856156, 2.3291478, 3.6018682), (-5.661408, 2.414537, -2.423134), (-5.74772, 2.3277693, -2.8855634), (-5.2104096, 2.314384, -3.1359186), (-5.1639714, 2.385386, -2.6555862), (-5.1336484, 2.1946795, -4.9825463), (-5.1592603, 2.3090882, -5.6423216), (-4.528656, 2.2144432, -5.786478), (-4.5169983, 2.1240735, -5.1070547), (-4.6194806, 2.5447028, 1.4965051), (-3.9244323, 2.7438784, 1.1711745), (-3.8022604, 2.6842089, 1.7886688), (-4.5605745, 2.494182, 1.9637473), (-3.1010976, 2.0528045, -6.3320494), (-3.8877602, 2.199323, -6.362048), (-3.7982402, 2.2286005, -6.8361673), (-3.0852535, 2.1118221, -7.1179557), (-3.3208523, 2.557841, 0.06139786), (-3.1900182, 2.5258193, -0.2315033), (-2.5858855, 2.546474, -0.13234086), (-2.4487267, 2.5745058, 0.30889043), (-3.1920216, 2.174712, -4.550876), (-3.2753203, 2.1731932, -5.398831), (-3.0169277, 2.1453693, -5.606387), (-2.6878998, 2.1389954, -4.728053), (-2.1856294, 2.2355158, -7.829111), (-1.7095665, 2.3050604, -7.8963213), (-1.566156, 2.2617824, -7.495626), (-2.1369302, 2.1402907, -7.031649), (0.52681464, 2.6110222, -2.6582837), (1.0270464, 2.6174195, -2.4147182), (0.78623223, 2.5216203, -1.5423976), (0.41400582, 2.5010557, -1.7765012), (1.4117967, 2.2761261, 1.3437495), (0.8846916, 2.2207527, 1.2114226), (0.99902207, 2.2211444, 0.8333451), (1.6400578, 2.305086, 0.6520929), (1.8699174, 2.378595, 1.931928), (1.4117967, 2.2761261, 1.3437495), (1.9391568, 2.3285449, 1.0612308), (2.1332788, 2.3987346, 1.5262743), (2.647689, 2.5979145, -2.4387293), (2.2366922, 2.6231835, -2.5051503), (2.380711, 2.6254528, -3.0874166), (2.7443755, 2.5940971, -2.8935819), (3.0096526, 2.1838593, 0.055104297), (2.5456424, 2.2260957, 0.11674973), (2.3002083, 2.3367538, -0.38462788), (2.8313582, 2.2989724, -0.6220351), (1.7875988, 2.4191604, -8.555221), (2.561206, 2.3929703, -8.598841), (2.5105302, 2.4569116, -7.6985826), (1.77977, 2.4939945, -7.826561), (3.9270642, 2.3806314, 7.252352), (3.7290688, 2.3981874, 6.876187), (4.416997, 2.2615063, 6.6248136), (4.528094, 2.2622032, 6.9456034), (3.5787256, 2.557896, -5.5203686), (3.0663626, 2.5290952, -5.8091826), (3.4293094, 2.413827, -6.506399), (3.9166298, 2.4431212, -6.1564555), (6.6473784, 2.5207741, -1.4544804), (6.494089, 2.4644575, -2.1224563), (7.204934, 2.5677562, -1.7044271), (7.1107, 2.5516334, -0.9168999), (6.547702, 2.2845805, -3.8605187), (6.785992, 2.2277439, -4.4001784), (7.2634716, 2.2916296, -4.217799), (7.278772, 2.376265, -3.7075167), (8.052955, 2.4001055, 1.0660195), (8.002634, 2.5265253, 0.5155987), (8.849124, 2.5049596, 0.20155594), (8.761356, 2.3365946, 1.0827595), (-1.548334, 2.0332775, 11.280096), (-1.675791, 0.024143934, 11.559339), (-6.972885, 0.035087824, 11.163018), (-6.7666874, 2.0408397, 10.866636), (-11.162578, 0.01249814, 10.789503), (-10.893142, 2.02652, 10.509989), (11.087234, 2.0301497, 2.5003896), (11.169573, 0, 5.7395964), (11.104785, 2.0158844, 5.5760827), (11.164914, 0.022506237, 2.6359284), (11.090753, 2.0300174, -2.435603), (11.168232, 0.023008108, -2.3800538), (-8.313464, 2.0459979, -11.343415), (-8.698261, 0.04576373, -11.526992), (-3.982738, 0.03148794, -11.309436), (-3.7895608, 2.0362601, -11.211268), (-11.873784, 2.025004, -7.5404453), (-12.154245, 0.012334585, -7.557568), (-11.859764, 0.014113426, -11.362768), (-11.496212, 2.0257957, -11.228578), (8.272744, 2.0318573, 11.289495), (8.233219, 0.023092747, 11.529713), (4.49061, 0.025559187, 11.355261), (4.530746, 2.0336568, 11.097828), (4.530746, 2.0336568, 11.097828), (4.49061, 0.025559187, 11.355261), (-1.675791, 0.024143934, 11.559339), (-1.548334, 2.0332775, 11.280096), (-11.496212, 2.0257957, -11.228578), (-11.859764, 0.014113426, -11.362768), (-8.698261, 0.04576373, -11.526992), (-8.313464, 2.0459979, -11.343415), (10.675386, 2.0375638, -10.728258), (10.778056, 0.03488207, -10.770769), (11.450677, 0.008444548, -6.7504954), (11.386489, 2.0204003, -6.763481), (10.721102, 2.0317233, 10.489434), (10.715763, 0.023245573, 10.718482), (8.233219, 0.023092747, 11.529713), (8.272744, 2.0318573, 11.289495), (5.0752206, 2.0249674, -11.489808), (8.818334, 0.014875174, -11.92475), (8.775034, 2.0245728, -11.8604), (5.03955, 0.015420675, -11.540961), (1.583053, 2.0415797, -11.265095), (1.5088853, 0.040602684, -11.339929), (-11.610296, 2.03138, -1.5884435), (-12.154245, 0.012334585, -7.557568), (-11.873784, 2.025004, -7.5404453), (-11.901966, 0.021425962, -1.5193232), (-11.473763, 2.0187378, 3.6244376), (-11.754422, 0.0012814999, 3.7861612), (-11.308452, 2.0490925, 6.820328), (-11.58379, 0.047656298, 7.049487), (-3.7895608, 2.0362601, -11.211268), (-3.982738, 0.03148794, -11.309436), (-1.3947397, 0.021732807, -11.559291), (-1.2720095, 2.0296137, -11.468337), (8.775034, 2.0245728, -11.8604), (8.818334, 0.014875174, -11.92475), (10.778056, 0.03488207, -10.770769), (10.675386, 2.0375638, -10.728258), (11.386489, 2.0204003, -6.763481), (11.450677, 0.008444548, -6.7504954), (11.168232, 0.023008108, -2.3800538), (11.090753, 2.0300174, -2.435603), (-1.2720095, 2.0296137, -11.468337), (-1.3947397, 0.021732807, -11.559291), (1.5088853, 0.040602684, -11.339929), (1.583053, 2.0415797, -11.265095), (-10.893142, 2.02652, 10.509989), (-11.162578, 0.01249814, 10.789503), (-11.58379, 0.047656298, 7.049487), (-11.308452, 2.0490925, 6.820328), (10.973537, 2.0324428, 8.383063), (11.027292, 0.024912596, 8.58881), (10.715763, 0.023245573, 10.718482), (10.721102, 2.0317233, 10.489434), (11.104785, 2.0158844, 5.5760827), (11.169573, 0, 5.7395964), (11.027292, 0.024912596, 8.58881), (10.973537, 2.0324428, 8.383063), (-7.716156, 2.130365, 10.264693), (-6.8159823, 2.198691, 9.630933), (-6.7666874, 2.0408397, 10.866636), (-8.22315, 2.2375262, 9.3566065), (-9.750831, 2.1106384, 10.288945)]
    color4f[] primvars:colors (
        elementSize = 1
        interpolation = "constant"
    )
    color3f[] primvars:displayColor = [(1, 1, 1)] (
        interpolation = "constant"
    )
    float[] primvars:displayOpacity = [1] (
        interpolation = "constant"
    )
    float2[] primvars:st = [(0.8245075, 0.84348994), (0.8236307, 0.8392372), (0.823925, 0.84165025), (0.823925, 0.84165025), (0.8228904, 0.84251344), (0.8235009, 0.8433705), (0.8236307, 0.8392372), (0.82311976, 0.8384206), (0.82298577, 0.83946955), (0.8228948, 0.8399562), (0.823925, 0.84165025), (0.8235009, 0.8433705), (0.8245075, 0.84348994), (0.82306665, 0.8438929), (0.8235812, 0.84621334), (0.82322896, 0.84740156), (0.8240623, 0.8473042), (0.82375646, 0.84456587), (0.82306665, 0.8438929), (0.8230284, 0.8445804), (0.8235009, 0.8433705), (0.82271254, 0.8436444), (0.8227236, 0.8431517), (0.8228904, 0.84251344), (0.823925, 0.84165025), (0.82266754, 0.8420558), (0.82311976, 0.8384206), (0.8222968, 0.83749413), (0.8223457, 0.83799124), (0.82375646, 0.84456587), (0.8231422, 0.84515375), (0.8237658, 0.8452426), (0.82311976, 0.8384206), (0.8225696, 0.83892506), (0.82298577, 0.83946955), (0.82298577, 0.83946955), (0.8225696, 0.83892506), (0.8224111, 0.8393438), (0.82298064, 0.8412678), (0.8228674, 0.84066606), (0.8220853, 0.84156805), (0.8228948, 0.8399562), (0.82298577, 0.83946955), (0.8224111, 0.8393438), (0.8220853, 0.84156805), (0.8228674, 0.84066606), (0.82224476, 0.84091187), (0.82211626, 0.8405032), (0.8228948, 0.8399562), (0.82210237, 0.83986086), (0.82298064, 0.8412678), (0.8220853, 0.84156805), (0.82266754, 0.8420558), (0.8228904, 0.84251344), (0.82266754, 0.8420558), (0.822258, 0.842981), (0.8223457, 0.83799124), (0.8222968, 0.83749413), (0.82137424, 0.8377453), (0.8223827, 0.8369499), (0.8215889, 0.8373794), (0.8222968, 0.83749413), (0.8240623, 0.8473042), (0.82322896, 0.84740156), (0.82172763, 0.84843606), (0.822258, 0.842981), (0.82266754, 0.8420558), (0.82197535, 0.84262764), (0.82230735, 0.8386595), (0.821754, 0.8388188), (0.8218187, 0.83920455), (0.8223457, 0.83799124), (0.82311976, 0.8384206), (0.8215592, 0.83675635), (0.82192874, 0.8361775), (0.8212702, 0.83616734), (0.82271254, 0.8436444), (0.82212377, 0.8436941), (0.8222781, 0.84407187), (0.8227236, 0.8431517), (0.8221676, 0.84331316), (0.82212377, 0.8436941), (0.82266754, 0.8420558), (0.82188576, 0.8422261), (0.82197535, 0.84262764), (0.82210237, 0.83986086), (0.8218187, 0.83920455), (0.8215203, 0.8396563), (0.8223457, 0.83799124), (0.82137424, 0.8377453), (0.82162386, 0.8382971), (0.82120705, 0.83881456), (0.8205748, 0.8386028), (0.8222978, 0.8460238), (0.82303494, 0.84564304), (0.8218242, 0.8454014), (0.8220853, 0.84156805), (0.82224476, 0.84091187), (0.8216761, 0.8413347), (0.8208448, 0.8416957), (0.82147074, 0.8420262), (0.8207949, 0.84211075), (0.82224476, 0.84091187), (0.82211626, 0.8405032), (0.8215797, 0.8408831), (0.8215889, 0.8373794), (0.8215592, 0.83675635), (0.8211083, 0.83711016), (0.8215592, 0.83675635), (0.8212702, 0.83616734), (0.8208586, 0.8366034), (0.8216686, 0.83419985), (0.821663, 0.83313775), (0.8194391, 0.83331215), (0.8223233, 0.8445328), (0.8222781, 0.84407187), (0.8217696, 0.8443388), (0.8221676, 0.84331316), (0.8217196, 0.84342337), (0.82212377, 0.8436941), (0.82188576, 0.8422261), (0.8220853, 0.84156805), (0.82147074, 0.8420262), (0.8218187, 0.83920455), (0.82120705, 0.83881456), (0.8215203, 0.8396563), (0.8218187, 0.83920455), (0.821754, 0.8388188), (0.82120705, 0.83881456), (0.821754, 0.8388188), (0.82162386, 0.8382971), (0.82120705, 0.83881456), (0.8215592, 0.83675635), (0.8208586, 0.8366034), (0.8211083, 0.83711016), (0.8222781, 0.84407187), (0.82212377, 0.8436941), (0.8217696, 0.8443388), (0.82197535, 0.84262764), (0.8213674, 0.842731), (0.821503, 0.84304345), (0.8220853, 0.84156805), (0.8216761, 0.8413347), (0.8208448, 0.8416957), (0.8205748, 0.8386028), (0.82162386, 0.8382971), (0.8207247, 0.83817565), (0.8211083, 0.83711016), (0.8208586, 0.8366034), (0.82028365, 0.83671945), (0.8217696, 0.8443388), (0.82112527, 0.8443954), (0.82117534, 0.84463024), (0.8217196, 0.84342337), (0.8211265, 0.84362406), (0.8214388, 0.8439299), (0.8213674, 0.842731), (0.82147074, 0.8420262), (0.821012, 0.84252775), (0.8208624, 0.8403372), (0.8215203, 0.8396563), (0.8206332, 0.83975494), (0.8208586, 0.8366034), (0.82053757, 0.8360523), (0.82028365, 0.83671945), (0.82065886, 0.835424), (0.8202319, 0.8347271), (0.819895, 0.8357103), (0.8212828, 0.84482026), (0.8217696, 0.8443388), (0.82117534, 0.84463024), (0.8214388, 0.8439299), (0.8210212, 0.8440147), (0.82112527, 0.8443954), (0.821503, 0.84304345), (0.8213674, 0.842731), (0.82089376, 0.84298277), (0.8207247, 0.83817565), (0.82010174, 0.83840823), (0.8205748, 0.8386028), (0.8203945, 0.83784175), (0.8207407, 0.8373101), (0.81999725, 0.8376795), (0.819895, 0.8357103), (0.8196976, 0.83608925), (0.82053757, 0.8360523), (0.8218242, 0.8454014), (0.8214748, 0.84524333), (0.82116824, 0.84561265), (0.821503, 0.84304345), (0.82089376, 0.84298277), (0.8211265, 0.84362406), (0.8214748, 0.84524333), (0.82083166, 0.84525126), (0.82116824, 0.84561265), (0.8214748, 0.84524333), (0.8212828, 0.84482026), (0.82083166, 0.84525126), (0.82089376, 0.84298277), (0.82060575, 0.843369), (0.8211265, 0.84362406), (0.8205748, 0.8386028), (0.82010174, 0.83840823), (0.8198329, 0.83889925), (0.82028365, 0.83671945), (0.8197182, 0.8372083), (0.8201721, 0.8371272), (0.819895, 0.8357103), (0.8202319, 0.8347271), (0.8195771, 0.83528423), (0.8202319, 0.8347271), (0.819119, 0.8350853), (0.8195771, 0.83528423), (0.8197184, 0.8340928), (0.8190333, 0.8345895), (0.81883514, 0.8341977), (0.8197182, 0.8372083), (0.82028365, 0.83671945), (0.8196139, 0.83689266), (0.8207407, 0.8373101), (0.8211083, 0.83711016), (0.82137424, 0.8377453), (0.82125276, 0.8466455), (0.8213845, 0.8461141), (0.8206959, 0.84641016), (0.8206806, 0.84427404), (0.8210212, 0.8440147), (0.82062596, 0.8438951), (0.8210212, 0.8440147), (0.8211265, 0.84362406), (0.82062596, 0.8438951), (0.821012, 0.84252775), (0.8203376, 0.8429805), (0.82089376, 0.84298277), (0.821012, 0.84252775), (0.82034224, 0.8427079), (0.8203376, 0.8429805), (0.82065153, 0.83930427), (0.81992817, 0.8394437), (0.8198597, 0.8399602), (0.82125276, 0.8466455), (0.8206959, 0.84641016), (0.82093465, 0.84692985), (0.8212828, 0.84482026), (0.82117534, 0.84463024), (0.82083166, 0.84525126), (0.82089376, 0.84298277), (0.8203376, 0.8429805), (0.82024026, 0.8432252), (0.8205286, 0.84240955), (0.8207949, 0.84211075), (0.820029, 0.8422178), (0.8196976, 0.83608925), (0.819895, 0.8357103), (0.81890255, 0.835711), (0.8206806, 0.84427404), (0.82007194, 0.8443314), (0.82045317, 0.84459203), (0.82010174, 0.83840823), (0.8195783, 0.83845925), (0.8198329, 0.83889925), (0.8195771, 0.83528423), (0.819119, 0.8350853), (0.81890255, 0.835711), (0.82060575, 0.843369), (0.82024026, 0.8432252), (0.81991863, 0.84340024), (0.8205286, 0.84240955), (0.820029, 0.8422178), (0.82034224, 0.8427079), (0.820029, 0.8422178), (0.8203014, 0.84169173), (0.8198447, 0.84166807), (0.8198329, 0.83889925), (0.8195783, 0.83845925), (0.8191402, 0.8388176), (0.8196976, 0.83608925), (0.8189039, 0.83621114), (0.8192562, 0.8364475), (0.8203376, 0.8429805), (0.82034224, 0.8427079), (0.8196015, 0.8426677), (0.820029, 0.8422178), (0.8198447, 0.84166807), (0.8196966, 0.84197366), (0.82019305, 0.8412295), (0.8195532, 0.84108865), (0.8198447, 0.84166807), (0.8198329, 0.83889925), (0.8191402, 0.8388176), (0.8192203, 0.8391566), (0.8192562, 0.8364475), (0.8189039, 0.83621114), (0.81898355, 0.83673716), (0.8196976, 0.83608925), (0.81890255, 0.835711), (0.8189039, 0.83621114), (0.82007194, 0.8443314), (0.81978333, 0.844592), (0.82045317, 0.84459203), (0.82024026, 0.8432252), (0.8196015, 0.8426677), (0.819745, 0.8432051), (0.820029, 0.8422178), (0.81941503, 0.84225106), (0.8196015, 0.8426677), (0.8193484, 0.8379686), (0.8194488, 0.8377036), (0.81892025, 0.8376821), (0.8194488, 0.8377036), (0.8192557, 0.8375703), (0.81892025, 0.8376821), (0.82065535, 0.84730923), (0.8202306, 0.84739804), (0.8201419, 0.8477578), (0.82022536, 0.8464552), (0.820302, 0.8458533), (0.819878, 0.8459103), (0.8198447, 0.84166807), (0.8195532, 0.84108865), (0.81916517, 0.84148604), (0.81974715, 0.8407157), (0.8192661, 0.84076405), (0.8195532, 0.84108865), (0.8193484, 0.8379686), (0.81892025, 0.8376821), (0.81858337, 0.8380568), (0.81912935, 0.8371435), (0.8185507, 0.8375479), (0.81892025, 0.8376821), (0.81912935, 0.8371435), (0.81856525, 0.83722836), (0.8185507, 0.8375479), (0.81843877, 0.8349589), (0.81818575, 0.8354502), (0.81890255, 0.835711), (0.819878, 0.8459103), (0.8202096, 0.84535635), (0.8196411, 0.8454478), (0.81978333, 0.844592), (0.82007194, 0.8443314), (0.8195672, 0.8442502), (0.8196015, 0.8426677), (0.8191893, 0.8431779), (0.819745, 0.8432051), (0.81886035, 0.8386368), (0.8193484, 0.8379686), (0.81858337, 0.8380568), (0.81898355, 0.83673716), (0.8189039, 0.83621114), (0.8181039, 0.8366247), (0.8179341, 0.8362933), (0.81735814, 0.8362998), (0.81890255, 0.835711), (0.81818575, 0.8354502), (0.818316, 0.83601004), (0.81883514, 0.8341977), (0.8175056, 0.83379537), (0.81843877, 0.8349589), (0.8202106, 0.8450052), (0.8196629, 0.8451284), (0.8196411, 0.8454478), (0.819745, 0.8432051), (0.8191893, 0.8431779), (0.8192932, 0.8434751), (0.8191893, 0.8431779), (0.8196015, 0.8426677), (0.81898725, 0.8425995), (0.8195532, 0.84108865), (0.818927, 0.8412729), (0.81916517, 0.84148604), (0.8192485, 0.83960617), (0.8188558, 0.83946), (0.8187852, 0.8401281), (0.81858337, 0.8380568), (0.81892025, 0.8376821), (0.8185507, 0.8375479), (0.82036495, 0.8480824), (0.8192842, 0.8479106), (0.82017696, 0.8484357), (0.8202306, 0.84739804), (0.819765, 0.84763175), (0.8201419, 0.8477578), (0.8196411, 0.8454478), (0.8194421, 0.8455729), (0.819878, 0.8459103), (0.8193022, 0.8401015), (0.8187852, 0.8401281), (0.8187406, 0.8405238), (0.81876636, 0.8390473), (0.81886035, 0.8386368), (0.818404, 0.83859646), (0.81886035, 0.8386368), (0.81858337, 0.8380568), (0.818404, 0.83859646), (0.81843877, 0.8349589), (0.8179127, 0.8350848), (0.81818575, 0.8354502), (0.8175056, 0.83379537), (0.81762093, 0.8346927), (0.81682456, 0.8344321), (0.8199138, 0.84713244), (0.819504, 0.84741986), (0.819765, 0.84763175), (0.8196411, 0.8454478), (0.8196629, 0.8451284), (0.8191187, 0.8452074), (0.8196629, 0.8451284), (0.81940174, 0.8449588), (0.8191187, 0.8452074), (0.81898725, 0.8425995), (0.81860876, 0.84327483), (0.8191893, 0.8431779), (0.81941503, 0.84225106), (0.81881785, 0.84183794), (0.81898725, 0.8425995), (0.818927, 0.8412729), (0.8192661, 0.84076405), (0.8185935, 0.84101456), (0.818316, 0.83601004), (0.8179341, 0.8362933), (0.8181039, 0.8366247), (0.82017696, 0.8484357), (0.81920207, 0.84822416), (0.81902844, 0.8485079), (0.819504, 0.84741986), (0.8199138, 0.84713244), (0.81922066, 0.84716904), (0.819878, 0.8459103), (0.8194421, 0.8455729), (0.8191117, 0.84586513), (0.818316, 0.83601004), (0.81758976, 0.8355937), (0.8179341, 0.8362933), (0.818316, 0.83601004), (0.81818575, 0.8354502), (0.81758976, 0.8355937), (0.8179127, 0.8350848), (0.81758976, 0.8355937), (0.81818575, 0.8354502), (0.82172763, 0.84843606), (0.82017297, 0.84868604), (0.81771415, 0.849074), (0.81898725, 0.8425995), (0.81881785, 0.84183794), (0.81844664, 0.84233296), (0.81846464, 0.8415218), (0.8185935, 0.84101456), (0.8182286, 0.8410617), (0.818927, 0.8412729), (0.8185935, 0.84101456), (0.81881785, 0.84183794), (0.81844664, 0.84233296), (0.818927, 0.8412729), (0.81916517, 0.84148604), (0.81922066, 0.84716904), (0.8194657, 0.84669924), (0.8191224, 0.8467908), (0.8191187, 0.8452074), (0.8189254, 0.8451309), (0.81891406, 0.84550613), (0.81835145, 0.84007496), (0.81792736, 0.8399102), (0.8181411, 0.8404098), (0.81835145, 0.84007496), (0.8184021, 0.8396776), (0.81792736, 0.8399102), (0.818404, 0.83859646), (0.81781393, 0.83851707), (0.8180803, 0.8389469), (0.81781393, 0.83851707), (0.8181447, 0.83799875), (0.8175261, 0.8384662), (0.8181039, 0.8366247), (0.817279, 0.8366327), (0.8174077, 0.8369161), (0.8191117, 0.84586513), (0.81867796, 0.84594554), (0.8190868, 0.84619), (0.81891406, 0.84550613), (0.81837773, 0.84562105), (0.8189254, 0.8451309), (0.81855106, 0.8453909), (0.81891406, 0.84550613), (0.8184021, 0.8396776), (0.8179926, 0.8394432), (0.81792736, 0.8399102), (0.8191833, 0.84764266), (0.8188132, 0.84773266), (0.8192842, 0.8479106), (0.8191833, 0.84764266), (0.81922066, 0.84716904), (0.8188132, 0.84773266), (0.8191224, 0.8467908), (0.8190868, 0.84619), (0.81859946, 0.84653294), (0.8190479, 0.84449124), (0.81834924, 0.8447032), (0.81874704, 0.8448664), (0.81853795, 0.84427184), (0.81863445, 0.84370774), (0.81808627, 0.8436794), (0.81844664, 0.84233296), (0.81846464, 0.8415218), (0.8179504, 0.8421947), (0.8177538, 0.84189785), (0.81846464, 0.8415218), (0.81778, 0.8414127), (0.8179926, 0.8394432), (0.8180803, 0.8389469), (0.81756204, 0.83935106), (0.81920207, 0.84822416), (0.81848705, 0.84830457), (0.81902844, 0.8485079), (0.8192842, 0.8479106), (0.81848705, 0.84830457), (0.81920207, 0.84822416), (0.8188132, 0.84773266), (0.81922066, 0.84716904), (0.81870896, 0.84738433), (0.81855106, 0.8453909), (0.81874704, 0.8448664), (0.81826425, 0.8451151), (0.81834924, 0.8447032), (0.81808627, 0.8448856), (0.81874704, 0.8448664), (0.81853795, 0.84427184), (0.81808627, 0.8436794), (0.81786704, 0.8439992), (0.8182286, 0.8410617), (0.8175951, 0.84058416), (0.81778, 0.8414127), (0.81691813, 0.8407047), (0.81684595, 0.840985), (0.81792736, 0.8399102), (0.8174651, 0.83961904), (0.8175588, 0.84000766), (0.8175619, 0.83748466), (0.8176571, 0.8372357), (0.81717956, 0.8372607), (0.81874704, 0.8448664), (0.81808627, 0.8448856), (0.81826425, 0.8451151), (0.81834924, 0.8447032), (0.81846607, 0.84459025), (0.8178947, 0.8445228), (0.81756204, 0.83935106), (0.8175261, 0.8384662), (0.8170162, 0.8391409), (0.8176049, 0.8378647), (0.81717956, 0.8372607), (0.8169979, 0.8376695), (0.8181447, 0.83799875), (0.8180897, 0.8375595), (0.8175261, 0.8384662), (0.81710225, 0.8359393), (0.817075, 0.8352219), (0.8164414, 0.8355339), (0.81902844, 0.8485079), (0.81848705, 0.84830457), (0.8181273, 0.8487417), (0.81867796, 0.84594554), (0.8179509, 0.8456095), (0.8182281, 0.8462967), (0.81846607, 0.84459025), (0.81853795, 0.84427184), (0.8178947, 0.8445228), (0.8175951, 0.84058416), (0.8175588, 0.84000766), (0.8170303, 0.8403812), (0.8175588, 0.84000766), (0.8174651, 0.83961904), (0.8171273, 0.83985245), (0.81717956, 0.8372607), (0.81667936, 0.83695364), (0.8169979, 0.8376695), (0.81710225, 0.8359393), (0.8164414, 0.8355339), (0.81630903, 0.83594096), (0.8186502, 0.84801257), (0.8188132, 0.84773266), (0.81826484, 0.84787047), (0.81859946, 0.84653294), (0.8182281, 0.8462967), (0.81815827, 0.8469106), (0.81855106, 0.8453909), (0.81826425, 0.8451151), (0.81783503, 0.8451637), (0.81786704, 0.8439992), (0.81808627, 0.8436794), (0.8174699, 0.8438537), (0.8177538, 0.84189785), (0.81778, 0.8414127), (0.81727016, 0.8413757), (0.8175951, 0.84058416), (0.8170303, 0.8403812), (0.81691813, 0.8407047), (0.81684595, 0.840985), (0.81727016, 0.8413757), (0.8170303, 0.8403812), (0.8175588, 0.84000766), (0.8171273, 0.83985245), (0.8174651, 0.83961904), (0.81756204, 0.83935106), (0.8170162, 0.8391409), (0.81873125, 0.847071), (0.81815827, 0.8469106), (0.81825954, 0.8474235), (0.8177538, 0.84189785), (0.81727016, 0.8413757), (0.8172197, 0.8420674), (0.81848705, 0.84830457), (0.8180592, 0.8484583), (0.8181273, 0.8487417), (0.81815827, 0.8469106), (0.81775045, 0.8464806), (0.81772226, 0.8470651), (0.81783503, 0.8451637), (0.81808627, 0.8448856), (0.8175101, 0.8449535), (0.8178947, 0.8445228), (0.81742907, 0.84439474), (0.8173907, 0.8447114), (0.81742907, 0.84439474), (0.81786704, 0.8439992), (0.8174699, 0.8438537), (0.817536, 0.843328), (0.81713444, 0.84358805), (0.8174699, 0.8438537), (0.8171142, 0.8383048), (0.8165667, 0.83817375), (0.8165095, 0.8387191), (0.8164414, 0.8355339), (0.81584287, 0.8355681), (0.81630903, 0.83594096), (0.81682456, 0.8344321), (0.81570417, 0.83448267), (0.8164996, 0.83475614), (0.81826484, 0.84787047), (0.8176259, 0.8478724), (0.81848705, 0.84830457), (0.81815827, 0.8469106), (0.81772226, 0.8470651), (0.8178761, 0.8474599), (0.8179509, 0.8456095), (0.8174882, 0.84547997), (0.81759125, 0.8457075), (0.81783503, 0.8451637), (0.8171886, 0.84530723), (0.8174882, 0.84547997), (0.81713444, 0.84358805), (0.817536, 0.843328), (0.81675977, 0.843217), (0.817536, 0.843328), (0.81722766, 0.8424859), (0.8168319, 0.8425652), (0.8172197, 0.8420674), (0.81727016, 0.8413757), (0.81664217, 0.8419367), (0.81727016, 0.8413757), (0.81684595, 0.840985), (0.8168183, 0.84133625), (0.8171273, 0.83985245), (0.81651807, 0.83973587), (0.8170303, 0.8403812), (0.8167044, 0.83758295), (0.81629616, 0.83768487), (0.8165667, 0.83817375), (0.8166628, 0.8364877), (0.8159902, 0.8364488), (0.8160679, 0.83676934), (0.81759125, 0.8457075), (0.8172631, 0.8458248), (0.81775045, 0.8464806), (0.8174699, 0.8438537), (0.81713444, 0.84358805), (0.81706756, 0.84390974), (0.8170303, 0.8403812), (0.81651807, 0.83973587), (0.8165816, 0.8403005), (0.8170162, 0.8391409), (0.8161609, 0.839303), (0.81651807, 0.83973587), (0.8170162, 0.8391409), (0.8165095, 0.8387191), (0.8161609, 0.839303), (0.8165095, 0.8387191), (0.8165667, 0.83817375), (0.81615746, 0.83853924), (0.81629616, 0.83768487), (0.8160679, 0.83676934), (0.81579983, 0.8373364), (0.8168319, 0.8425652), (0.81722766, 0.8424859), (0.81664217, 0.8419367), (0.81615746, 0.83853924), (0.81591773, 0.8387774), (0.8165095, 0.8387191), (0.81579983, 0.8373364), (0.8160679, 0.83676934), (0.8156563, 0.8368489), (0.81570417, 0.83448267), (0.81536263, 0.835287), (0.81584287, 0.8355681), (0.8149658, 0.8356956), (0.8145332, 0.8351464), (0.8181273, 0.8487417), (0.8180592, 0.8484583), (0.8171849, 0.84860575), (0.8180592, 0.8484583), (0.8176259, 0.8478724), (0.8174801, 0.8482248), (0.8175101, 0.8449535), (0.8167832, 0.8451508), (0.8171886, 0.84530723), (0.81713444, 0.84358805), (0.81655276, 0.84361506), (0.81706756, 0.84390974), (0.8160679, 0.83676934), (0.8159902, 0.8364488), (0.81556207, 0.8363944), (0.81775045, 0.8464806), (0.81715035, 0.846395), (0.81724524, 0.84691805), (0.81703544, 0.84466493), (0.81742907, 0.84439474), (0.8167544, 0.8443613), (0.81706756, 0.84390974), (0.81655276, 0.84361506), (0.8167497, 0.8439925), (0.8168319, 0.8425652), (0.8163862, 0.84248775), (0.81675977, 0.843217), (0.8168319, 0.8425652), (0.81664217, 0.8419367), (0.8163862, 0.84248775), (0.8165095, 0.8387191), (0.81591773, 0.8387774), (0.8161609, 0.839303), (0.81703544, 0.84466493), (0.81662077, 0.84479636), (0.8167832, 0.8451508), (0.8167497, 0.8439925), (0.8163618, 0.8440379), (0.8167544, 0.8443613), (0.8167497, 0.8439925), (0.81655276, 0.84361506), (0.8163618, 0.8440379), (0.81633085, 0.8406967), (0.8158871, 0.8407923), (0.81630814, 0.84116745), (0.8161473, 0.8403166), (0.8159713, 0.8398119), (0.8158066, 0.8401916), (0.8157048, 0.8377378), (0.81579983, 0.8373364), (0.8153086, 0.83783805), (0.81675977, 0.843217), (0.8159317, 0.84326), (0.81655276, 0.84361506), (0.81537944, 0.839136), (0.81591773, 0.8387774), (0.8158203, 0.8381866), (0.8157048, 0.8377378), (0.8153086, 0.83783805), (0.8158203, 0.8381866), (0.8151548, 0.83468884), (0.81570417, 0.83448267), (0.81394124, 0.83365464), (0.81724524, 0.84691805), (0.8166165, 0.84705275), (0.8169308, 0.8475837), (0.8160237, 0.84404635), (0.8167544, 0.8443613), (0.8163618, 0.8440379), (0.81675977, 0.843217), (0.8159932, 0.84268457), (0.8159317, 0.84326), (0.81655276, 0.84361506), (0.8159317, 0.84326), (0.8163618, 0.8440379), (0.81602365, 0.8420687), (0.81602377, 0.84167725), (0.8155474, 0.8417803), (0.81602377, 0.84167725), (0.81570935, 0.84142756), (0.8155474, 0.8417803), (0.8158871, 0.8407923), (0.8156816, 0.84048605), (0.8153253, 0.84108794), (0.8158066, 0.8401916), (0.8153665, 0.8402263), (0.8156816, 0.84048605), (0.8159713, 0.8398119), (0.8161609, 0.839303), (0.8153665, 0.8402263), (0.81537944, 0.839136), (0.8158203, 0.8381866), (0.8149104, 0.8388458), (0.8150327, 0.8360998), (0.8149658, 0.8356956), (0.81432307, 0.8360146), (0.8169308, 0.8475837), (0.8166165, 0.84705275), (0.8161913, 0.84724736), (0.81562996, 0.84735006), (0.8155246, 0.84712756), (0.8161913, 0.84724736), (0.8164221, 0.8477472), (0.81687725, 0.84666836), (0.81644285, 0.84660625), (0.8166165, 0.84705275), (0.81687725, 0.84666836), (0.8166103, 0.8462418), (0.81644285, 0.84660625), (0.8167625, 0.8455781), (0.81627715, 0.8457061), (0.816237, 0.8459681), (0.8167625, 0.8455781), (0.8162881, 0.8451899), (0.81615305, 0.84538925), (0.8159932, 0.84268457), (0.81602365, 0.8420687), (0.8153291, 0.8424269), (0.8156816, 0.84048605), (0.8152332, 0.84078336), (0.8153253, 0.84108794), (0.8153665, 0.8402263), (0.81528986, 0.84045935), (0.8156816, 0.84048605), (0.81537944, 0.839136), (0.81491506, 0.83959574), (0.81534594, 0.83968174), (0.8149104, 0.8388458), (0.8158203, 0.8381866), (0.81484115, 0.83826625), (0.81506246, 0.83650947), (0.81432307, 0.8360146), (0.8145486, 0.83642346), (0.81432307, 0.8360146), (0.8149658, 0.8356956), (0.81412864, 0.83555084), (0.8166103, 0.8462418), (0.81599647, 0.84639263), (0.81644285, 0.84660625), (0.8167625, 0.8455781), (0.81615305, 0.84538925), (0.81627715, 0.8457061), (0.8152332, 0.84078336), (0.8156816, 0.84048605), (0.81528986, 0.84045935), (0.81537944, 0.839136), (0.81466806, 0.8393471), (0.81491506, 0.83959574), (0.81499803, 0.83674026), (0.8145486, 0.83642346), (0.8150223, 0.8371192), (0.81499803, 0.83674026), (0.81506246, 0.83650947), (0.8145486, 0.83642346), (0.8166103, 0.8462418), (0.816237, 0.8459681), (0.81599647, 0.84639263), (0.8161913, 0.84724736), (0.8166165, 0.84705275), (0.816237, 0.8459681), (0.81627715, 0.8457061), (0.8159693, 0.8455874), (0.8153665, 0.8402263), (0.81534594, 0.83968174), (0.81486106, 0.84009814), (0.81425655, 0.83760357), (0.8150223, 0.8371192), (0.8141175, 0.8369664), (0.8150223, 0.8371192), (0.8145486, 0.83642346), (0.8141175, 0.8369664), (0.816237, 0.8459681), (0.8158557, 0.84604585), (0.81599647, 0.84639263), (0.81615305, 0.84538925), (0.8156966, 0.8452309), (0.8159693, 0.8455874), (0.8153688, 0.843985), (0.8160237, 0.84404635), (0.8152746, 0.843712), (0.81528986, 0.84045935), (0.81476176, 0.8407805), (0.8152332, 0.84078336), (0.8160395, 0.84454566), (0.8154985, 0.84421027), (0.81555796, 0.8446934), (0.8155211, 0.8430145), (0.8153291, 0.8424269), (0.81492907, 0.8426605), (0.8141254, 0.8386611), (0.81484115, 0.83826625), (0.8139398, 0.8380178), (0.81484115, 0.83826625), (0.81483555, 0.8376802), (0.8139398, 0.8380178), (0.8145486, 0.83642346), (0.81432307, 0.8360146), (0.8138029, 0.8364089), (0.8141175, 0.8369664), (0.8145486, 0.83642346), (0.8138029, 0.8364089), (0.81578135, 0.8468797), (0.81599647, 0.84639263), (0.8154292, 0.84677196), (0.81599647, 0.84639263), (0.8158557, 0.84604585), (0.81506896, 0.8462702), (0.81506324, 0.8414521), (0.8144661, 0.8413965), (0.81436485, 0.8416768), (0.81382746, 0.8413857), (0.81395084, 0.841595), (0.81476176, 0.8407805), (0.81435406, 0.8408723), (0.8147115, 0.84111977), (0.81412864, 0.83555084), (0.81297815, 0.8352071), (0.8136939, 0.8358681), (0.81140035, 0.835347), (0.8120967, 0.83596814), (0.81235945, 0.8345186), (0.813587, 0.83458686), (0.81394124, 0.83365464), (0.813587, 0.83458686), (0.81297815, 0.8352071), (0.81412864, 0.83555084), (0.81555796, 0.8446934), (0.8150148, 0.84444857), (0.8153443, 0.8451217), (0.81555796, 0.8446934), (0.8154985, 0.84421027), (0.8150148, 0.84444857), (0.81504214, 0.8431612), (0.8146541, 0.84330636), (0.8152746, 0.843712), (0.81496495, 0.84202474), (0.81425434, 0.84211075), (0.81492907, 0.8426605), (0.8142062, 0.8402335), (0.81466806, 0.8393471), (0.8138823, 0.84010893), (0.8141254, 0.8386611), (0.8139398, 0.8380178), (0.8136256, 0.83871084), (0.8146541, 0.84330636), (0.81504214, 0.8431612), (0.81450814, 0.84285617), (0.81440526, 0.84045076), (0.81390166, 0.8406602), (0.81435406, 0.8408723), (0.8138029, 0.8364089), (0.8134057, 0.83608526), (0.8134113, 0.8366219), (0.8157397, 0.8484173), (0.8153515, 0.8486701), (0.81625664, 0.84861815), (0.8158052, 0.84804845), (0.8153875, 0.8483242), (0.8157397, 0.8484173), (0.81533235, 0.8456937), (0.81481344, 0.8458425), (0.81506896, 0.8462702), (0.8150148, 0.84444857), (0.81477064, 0.8436457), (0.814605, 0.8437207), (0.81390166, 0.8406602), (0.8142062, 0.8402335), (0.8138823, 0.84010893), (0.8138823, 0.84010893), (0.8136864, 0.83911675), (0.81355876, 0.83978677), (0.8141254, 0.8386611), (0.8136256, 0.83871084), (0.8136864, 0.83911675), (0.8136256, 0.83871084), (0.8139398, 0.8380178), (0.8132156, 0.83836937), (0.8139398, 0.8380178), (0.813594, 0.8375277), (0.8132156, 0.83836937), (0.8134057, 0.83608526), (0.81297815, 0.8352071), (0.81275636, 0.83594525), (0.8157397, 0.8484173), (0.8153875, 0.8483242), (0.8153515, 0.8486701), (0.8155106, 0.8476967), (0.81475616, 0.847893), (0.8155246, 0.84712756), (0.8154292, 0.84677196), (0.8149271, 0.8469386), (0.8146541, 0.84330636), (0.8141929, 0.84324324), (0.814605, 0.8437207), (0.8146541, 0.84330636), (0.81450814, 0.84285617), (0.8140367, 0.8429191), (0.81436485, 0.8416768), (0.8138203, 0.84188354), (0.81425434, 0.84211075), (0.8155106, 0.8476967), (0.8149954, 0.8475932), (0.81475616, 0.847893), (0.8150148, 0.84444857), (0.8140754, 0.844444), (0.81440496, 0.84458697), (0.81390166, 0.8406602), (0.8134401, 0.84026396), (0.81345636, 0.8408593), (0.8136864, 0.83911675), (0.8136256, 0.83871084), (0.81299883, 0.8387875), (0.8136256, 0.83871084), (0.8132156, 0.83836937), (0.81299883, 0.8387875), (0.813594, 0.8375277), (0.81349266, 0.83702284), (0.8128121, 0.8372373), (0.81349266, 0.83702284), (0.8134113, 0.8366219), (0.8126748, 0.8365495), (0.81497264, 0.8466914), (0.81451964, 0.84685737), (0.8149271, 0.8469386), (0.8142092, 0.842495), (0.81384873, 0.8426119), (0.8140367, 0.8429191), (0.81395084, 0.841595), (0.8134875, 0.8415767), (0.8138203, 0.84188354), (0.8134401, 0.84026396), (0.81355876, 0.83978677), (0.81296724, 0.83993226), (0.81355876, 0.83978677), (0.8136864, 0.83911675), (0.81296724, 0.83993226), (0.81235945, 0.8345186), (0.81394124, 0.83365464), (0.8110845, 0.83430505), (0.81071615, 0.83547425), (0.8095513, 0.8350521), (0.80821735, 0.8346569), (0.81451964, 0.84685737), (0.814662, 0.846212), (0.8143322, 0.8466001), (0.81506896, 0.8462702), (0.81497264, 0.8466914), (0.81425434, 0.84211075), (0.8136789, 0.84219027), (0.81384873, 0.8426119), (0.81332624, 0.8421167), (0.8130225, 0.84238666), (0.8134401, 0.84026396), (0.8130413, 0.8405963), (0.81345636, 0.8408593), (0.81345636, 0.8408593), (0.8126727, 0.8409244), (0.8130438, 0.84119374), (0.81275636, 0.83594525), (0.81297815, 0.8352071), (0.8120967, 0.83596814), (0.81481344, 0.8458425), (0.81443316, 0.8452839), (0.81405556, 0.84568113), (0.8134401, 0.84026396), (0.8128624, 0.84042114), (0.8130413, 0.8405963), (0.8134401, 0.84026396), (0.8127764, 0.84020174), (0.8128624, 0.84042114), (0.8126748, 0.8365495), (0.81275636, 0.83594525), (0.8120967, 0.83596814), (0.8149954, 0.8475932), (0.8142274, 0.8475797), (0.81475616, 0.847893), (0.81299883, 0.8387875), (0.812574, 0.8385041), (0.81296724, 0.83993226), (0.8128121, 0.8372373), (0.81232125, 0.83743197), (0.81264365, 0.837835), (0.8128121, 0.8372373), (0.81220543, 0.83686197), (0.81232125, 0.83743197), (0.81451964, 0.84685737), (0.8140905, 0.8468826), (0.81457794, 0.84713864), (0.81220543, 0.83686197), (0.8120967, 0.83596814), (0.8116107, 0.8371682), (0.8140754, 0.844444), (0.8134754, 0.84408355), (0.813723, 0.8446156), (0.81332624, 0.8421167), (0.8130729, 0.84194726), (0.8130225, 0.84238666), (0.8126727, 0.8409244), (0.8130413, 0.8405963), (0.81244063, 0.84058154), (0.81296724, 0.83993226), (0.8119968, 0.8394557), (0.8127764, 0.84020174), (0.8116107, 0.8371682), (0.8120967, 0.83596814), (0.81146926, 0.8366063), (0.8144968, 0.8489535), (0.8148093, 0.84862906), (0.81417465, 0.84852374), (0.81388223, 0.84553677), (0.81337285, 0.84552515), (0.81405556, 0.84568113), (0.8128624, 0.84042114), (0.8127764, 0.84020174), (0.8120308, 0.84019405), (0.8119968, 0.8394557), (0.81296724, 0.83993226), (0.81194776, 0.8389605), (0.81296724, 0.83993226), (0.812574, 0.8385041), (0.81194776, 0.8389605), (0.8119645, 0.83815396), (0.81232125, 0.83743197), (0.81189394, 0.83751726), (0.8140822, 0.84802467), (0.8142274, 0.8475797), (0.81366473, 0.84798384), (0.8142274, 0.8475797), (0.813935, 0.8471112), (0.8135948, 0.8474635), (0.8134754, 0.84408355), (0.812832, 0.8443249), (0.81313115, 0.844654), (0.8134754, 0.84408355), (0.8131314, 0.8438003), (0.812832, 0.8443249), (0.8134464, 0.8429028), (0.81271166, 0.8427664), (0.8132625, 0.84335196), (0.8130729, 0.84194726), (0.8129921, 0.8416605), (0.8125654, 0.84183383), (0.8138203, 0.84188354), (0.81332624, 0.8421167), (0.8136789, 0.84219027), (0.8130438, 0.84119374), (0.8126727, 0.8409244), (0.8122539, 0.84093297), (0.81244063, 0.84058154), (0.8128624, 0.84042114), (0.8120308, 0.84019405), (0.81146926, 0.8366063), (0.8120967, 0.83596814), (0.8113471, 0.8362936), (0.81271166, 0.8427664), (0.8130225, 0.84238666), (0.8125676, 0.8424526), (0.8130225, 0.84238666), (0.8126757, 0.84217817), (0.8125676, 0.8424526), (0.8122539, 0.84093297), (0.81244063, 0.84058154), (0.8119654, 0.84059185), (0.8144968, 0.8489535), (0.81364083, 0.84897673), (0.8137237, 0.8492248), (0.8140822, 0.84802467), (0.81366473, 0.84798384), (0.8137274, 0.8485788), (0.8144968, 0.8489535), (0.81364083, 0.84897673), (0.81417465, 0.84852374), (0.8137274, 0.8485788), (0.8140822, 0.84802467), (0.813935, 0.8471112), (0.8132, 0.8470112), (0.8135948, 0.8474635), (0.81405973, 0.8459682), (0.8129474, 0.846205), (0.8134208, 0.846483), (0.81405556, 0.84568113), (0.81337285, 0.84552515), (0.8129474, 0.846205), (0.8126757, 0.84217817), (0.8125654, 0.84183383), (0.8121748, 0.8420272), (0.8124887, 0.8414158), (0.81202173, 0.8417399), (0.8125654, 0.84183383), (0.81194776, 0.8389605), (0.8120337, 0.8385645), (0.81141424, 0.8391484), (0.8119645, 0.83815396), (0.8115884, 0.8382693), (0.8120337, 0.8385645), (0.813935, 0.8471112), (0.8134208, 0.846483), (0.8132, 0.8470112), (0.8129291, 0.8454988), (0.8134254, 0.84508646), (0.81282973, 0.845081), (0.81282973, 0.845081), (0.81313115, 0.844654), (0.8126032, 0.84485364), (0.8125654, 0.84183383), (0.81202173, 0.8417399), (0.8121748, 0.8420272), (0.81150264, 0.83768225), (0.8116107, 0.8371682), (0.8110631, 0.8375946), (0.8137274, 0.8485788), (0.81366473, 0.84798384), (0.81324327, 0.84843194), (0.8125499, 0.84334445), (0.81238395, 0.84384966), (0.812832, 0.8443249), (0.8125499, 0.84334445), (0.81271166, 0.8427664), (0.8122132, 0.8424458), (0.8119654, 0.84059185), (0.8117463, 0.840343), (0.8117101, 0.84070146), (0.81324327, 0.84843194), (0.81366473, 0.84798384), (0.8132256, 0.84778154), (0.8132256, 0.84778154), (0.8132, 0.8470112), (0.81272334, 0.8474775), (0.8121748, 0.8420272), (0.811798, 0.8421558), (0.8122132, 0.8424458), (0.8120933, 0.84133106), (0.81154305, 0.84119856), (0.81202173, 0.8417399), (0.8117101, 0.84070146), (0.8117463, 0.840343), (0.81143403, 0.8405023), (0.8115884, 0.8382693), (0.8111274, 0.83824104), (0.81134653, 0.8387064), (0.8134208, 0.846483), (0.8125942, 0.8468335), (0.8132, 0.8470112), (0.8125499, 0.84334445), (0.8122132, 0.8424458), (0.8116426, 0.8431324), (0.81238395, 0.84384966), (0.8119823, 0.8437667), (0.81182706, 0.8434155), (0.811798, 0.8421558), (0.8121748, 0.8420272), (0.8115967, 0.84184885), (0.8121748, 0.8420272), (0.81202173, 0.8417399), (0.8115967, 0.84184885), (0.8117463, 0.840343), (0.8109683, 0.84006494), (0.81143403, 0.8405023), (0.81141424, 0.8391484), (0.81134653, 0.8387064), (0.81088823, 0.8391187), (0.81134653, 0.8387064), (0.8111274, 0.83824104), (0.8108262, 0.83855677), (0.8137237, 0.8492248), (0.81364083, 0.84897673), (0.8129802, 0.84879017), (0.81324327, 0.84843194), (0.8132256, 0.84778154), (0.8126631, 0.8482615), (0.8132, 0.8470112), (0.8125942, 0.8468335), (0.8125589, 0.84708333), (0.81227946, 0.845345), (0.8126032, 0.84485364), (0.81205046, 0.84515274), (0.81141424, 0.8391484), (0.81088823, 0.8391187), (0.81105113, 0.8395422), (0.8110631, 0.8375946), (0.81056535, 0.83755344), (0.8111274, 0.83824104), (0.81071615, 0.83547425), (0.81000894, 0.83595014), (0.81080014, 0.83594763), (0.81324327, 0.84843194), (0.8126855, 0.8484368), (0.8129802, 0.84879017), (0.8127894, 0.8464288), (0.8129474, 0.846205), (0.8121937, 0.8459509), (0.81251836, 0.8457531), (0.81227946, 0.845345), (0.81222284, 0.8457166), (0.8125107, 0.8445664), (0.8119202, 0.84437275), (0.81205046, 0.84515274), (0.81071615, 0.83547425), (0.8095513, 0.8350521), (0.81000894, 0.83595014), (0.8126446, 0.8496743), (0.8137237, 0.8492248), (0.8129802, 0.84879017), (0.8127894, 0.8464288), (0.8122065, 0.8464531), (0.8125942, 0.8468335), (0.8127894, 0.8464288), (0.8121937, 0.8459509), (0.8122065, 0.8464531), (0.81205046, 0.84515274), (0.8119202, 0.84437275), (0.81188834, 0.8448341), (0.81173366, 0.8424579), (0.811798, 0.8421558), (0.811347, 0.84234965), (0.81154305, 0.84119856), (0.81143403, 0.8405023), (0.8108119, 0.8403505), (0.81088823, 0.8391187), (0.8108262, 0.83855677), (0.81035113, 0.8388326), (0.8106544, 0.83690494), (0.8101234, 0.83654594), (0.81039, 0.83723736), (0.8125589, 0.84708333), (0.8125942, 0.8468335), (0.8121475, 0.8469347), (0.8119823, 0.8437667), (0.81182706, 0.8434155), (0.81148756, 0.8440158), (0.81154305, 0.84119856), (0.81064796, 0.8409544), (0.81098694, 0.84107995), (0.8129802, 0.84879017), (0.8125229, 0.8491485), (0.8126446, 0.8496743), (0.8129802, 0.84879017), (0.8126855, 0.8484368), (0.8124092, 0.84865665), (0.8126631, 0.8482615), (0.81258535, 0.8481083), (0.8119424, 0.8479494), (0.81261003, 0.8477032), (0.81210124, 0.8474332), (0.81258535, 0.8481083), (0.81212354, 0.8472067), (0.8125589, 0.84708333), (0.8121475, 0.8469347), (0.81205046, 0.84515274), (0.81188834, 0.8448341), (0.8113638, 0.8451086), (0.81188834, 0.8448341), (0.8119202, 0.84437275), (0.8113809, 0.8444955), (0.8119202, 0.84437275), (0.81148756, 0.8440158), (0.8113809, 0.8444955), (0.81182706, 0.8434155), (0.81133103, 0.8434276), (0.81148756, 0.8440158), (0.81173366, 0.8424579), (0.8111465, 0.84274065), (0.8116426, 0.8431324), (0.8106899, 0.83957136), (0.81088823, 0.8391187), (0.81014967, 0.839216), (0.81222284, 0.8457166), (0.8113527, 0.8456105), (0.8115715, 0.84589505), (0.8116426, 0.8431324), (0.8111465, 0.84274065), (0.81133103, 0.8434276), (0.811347, 0.84234965), (0.8109993, 0.84189105), (0.81068516, 0.84262574), (0.8109993, 0.84189105), (0.8112925, 0.84141755), (0.8107531, 0.8416185), (0.8112925, 0.84141755), (0.81098694, 0.84107995), (0.81064796, 0.8409544), (0.8108119, 0.8403505), (0.81047094, 0.8405173), (0.81064796, 0.8409544), (0.8124092, 0.84865665), (0.8126631, 0.8482615), (0.8117603, 0.8482667), (0.81178486, 0.8466635), (0.8122065, 0.8464531), (0.8116665, 0.84639806), (0.81133103, 0.8434276), (0.81095356, 0.84306437), (0.8110198, 0.84368104), (0.8111465, 0.84274065), (0.811347, 0.84234965), (0.81068516, 0.84262574), (0.8109993, 0.84189105), (0.8108204, 0.84229434), (0.81068516, 0.84262574), (0.8107531, 0.8416185), (0.8112925, 0.84141755), (0.81062186, 0.84129655), (0.8112925, 0.84141755), (0.81064796, 0.8409544), (0.81062186, 0.84129655), (0.81047094, 0.8405173), (0.8108119, 0.8403505), (0.8101597, 0.8403283), (0.81057477, 0.83991814), (0.8100121, 0.8398298), (0.8101597, 0.8403283), (0.8106899, 0.83957136), (0.81014967, 0.839216), (0.8100121, 0.8398298), (0.8119424, 0.8479494), (0.81210124, 0.8474332), (0.8115678, 0.847747), (0.81210124, 0.8474332), (0.81212354, 0.8472067), (0.81164634, 0.8473028), (0.8113809, 0.8444955), (0.81148756, 0.8440158), (0.8109598, 0.84432775), (0.8094186, 0.8369282), (0.8101234, 0.83654594), (0.80915874, 0.83629143), (0.8101234, 0.83654594), (0.81000894, 0.83595014), (0.80915874, 0.83629143), (0.8126446, 0.8496743), (0.8125229, 0.8491485), (0.81183946, 0.84920543), (0.81178486, 0.8466635), (0.811445, 0.8468323), (0.8117631, 0.84709805), (0.81062186, 0.84129655), (0.8101166, 0.8410771), (0.8102524, 0.84177136), (0.8101597, 0.8403283), (0.8100121, 0.8398298), (0.80974907, 0.8399699), (0.81014967, 0.839216), (0.8095686, 0.8392483), (0.8100121, 0.8398298), (0.81000894, 0.83595014), (0.8087235, 0.8356367), (0.80915874, 0.83629143), (0.81164634, 0.8473028), (0.8117631, 0.84709805), (0.8112106, 0.8469931), (0.8115715, 0.84589505), (0.8113527, 0.8456105), (0.8107761, 0.8456879), (0.8110198, 0.84368104), (0.81060004, 0.8436806), (0.8106551, 0.84413904), (0.81095356, 0.84306437), (0.81068516, 0.84262574), (0.8103407, 0.8436178), (0.8101166, 0.8410771), (0.80991524, 0.8412869), (0.8102524, 0.84177136), (0.80957735, 0.8379829), (0.80932975, 0.8374196), (0.8090209, 0.83796537), (0.81094104, 0.8461443), (0.8115715, 0.84589505), (0.8107761, 0.8456879), (0.8107761, 0.8456879), (0.8113527, 0.8456105), (0.81076056, 0.84533), (0.8103407, 0.8436178), (0.81068516, 0.84262574), (0.81003165, 0.84328187), (0.8108204, 0.84229434), (0.81013846, 0.84249455), (0.81068516, 0.84262574), (0.8095686, 0.8392483), (0.80973864, 0.8386675), (0.80920666, 0.8390063), (0.80973864, 0.8386675), (0.80905104, 0.8385222), (0.80920666, 0.8390063), (0.80973864, 0.8386675), (0.80957735, 0.8379829), (0.8090209, 0.83796537), (0.8094186, 0.8369282), (0.8087373, 0.8371095), (0.80932975, 0.8374196), (0.8094186, 0.8369282), (0.80915874, 0.83629143), (0.8085876, 0.8364378), (0.81164634, 0.8473028), (0.8111787, 0.84725577), (0.8115678, 0.847747), (0.81121653, 0.84639716), (0.81094104, 0.8461443), (0.811014, 0.8466716), (0.8100121, 0.8398298), (0.8095686, 0.8392483), (0.8092233, 0.8395414), (0.8094186, 0.8369282), (0.8085876, 0.8364378), (0.8087373, 0.8371095), (0.8087235, 0.8356367), (0.80736685, 0.83592063), (0.80821735, 0.8346569), (0.81183946, 0.84920543), (0.81171, 0.84871215), (0.81129634, 0.8488809), (0.8117603, 0.8482667), (0.8115678, 0.847747), (0.81095845, 0.8481227), (0.8112106, 0.8469931), (0.8108114, 0.84689796), (0.8111787, 0.84725577), (0.8112106, 0.8469931), (0.811014, 0.8466716), (0.8108114, 0.84689796), (0.81076056, 0.84533), (0.81069076, 0.84464663), (0.81028205, 0.8453115), (0.8102524, 0.84177136), (0.8094323, 0.84232545), (0.81013846, 0.84249455), (0.81129634, 0.8488809), (0.81171, 0.84871215), (0.8110192, 0.8484533), (0.81095845, 0.8481227), (0.8115678, 0.847747), (0.81086385, 0.8476952), (0.81020033, 0.8440478), (0.81060004, 0.8436806), (0.80989826, 0.8438079), (0.80927515, 0.84006613), (0.8092233, 0.8395414), (0.80891865, 0.8400058), (0.80905104, 0.8385222), (0.8090209, 0.83796537), (0.80860996, 0.8381989), (0.8108114, 0.84689796), (0.811014, 0.8466716), (0.81029797, 0.84661853), (0.811014, 0.8466716), (0.8106614, 0.8464008), (0.81029797, 0.84661853), (0.81069076, 0.84464663), (0.81020033, 0.8440478), (0.80989397, 0.8444992), (0.8095099, 0.84293616), (0.81013846, 0.84249455), (0.809373, 0.8426498), (0.80942416, 0.84062856), (0.80927515, 0.84006613), (0.80896866, 0.8404362), (0.8092233, 0.8395414), (0.80920666, 0.8390063), (0.80880785, 0.838887), (0.80880785, 0.838887), (0.80905104, 0.8385222), (0.8084913, 0.8386487), (0.80869544, 0.8374719), (0.8082771, 0.83772767), (0.8090209, 0.83796537), (0.8108114, 0.84689796), (0.81029797, 0.84661853), (0.8106308, 0.8471096), (0.8094323, 0.84232545), (0.80972594, 0.8416766), (0.80921197, 0.841467), (0.80921197, 0.841467), (0.80942416, 0.84062856), (0.80882746, 0.8409717), (0.8092233, 0.8395414), (0.80880785, 0.838887), (0.8087666, 0.8393307), (0.80798435, 0.8389915), (0.80816185, 0.83943754), (0.8090209, 0.83796537), (0.8082771, 0.83772767), (0.80860996, 0.8381989), (0.81129634, 0.8488809), (0.8110192, 0.8484533), (0.8105172, 0.8490094), (0.8111787, 0.84725577), (0.8102187, 0.84720445), (0.81086385, 0.8476952), (0.8111787, 0.84725577), (0.8106308, 0.8471096), (0.8102187, 0.84720445), (0.81020033, 0.8440478), (0.8095255, 0.8442039), (0.80989397, 0.8444992), (0.81003165, 0.84328187), (0.8093634, 0.84344524), (0.8093271, 0.8437754), (0.8094323, 0.84232545), (0.80921197, 0.841467), (0.8090148, 0.8420129), (0.8105172, 0.8490094), (0.8110192, 0.8484533), (0.8105572, 0.84857285), (0.8105572, 0.84857285), (0.81095845, 0.8481227), (0.81025577, 0.8483262), (0.809373, 0.8426498), (0.8094323, 0.84232545), (0.8087965, 0.8425063), (0.8090148, 0.8420129), (0.80921197, 0.841467), (0.808901, 0.84137243), (0.80896866, 0.8404362), (0.8087671, 0.84017247), (0.8084416, 0.8404236), (0.8087666, 0.8393307), (0.80816185, 0.83943754), (0.80891865, 0.8400058), (0.8087666, 0.8393307), (0.8084913, 0.8386487), (0.8081025, 0.8384339), (0.81086385, 0.8476952), (0.8102187, 0.84720445), (0.8103397, 0.84780335), (0.8102187, 0.84720445), (0.8106308, 0.8471096), (0.8102631, 0.8469938), (0.8101018, 0.8458911), (0.8097258, 0.8459521), (0.8102039, 0.8463114), (0.80940807, 0.8431765), (0.8095099, 0.84293616), (0.80899334, 0.8432933), (0.8095099, 0.84293616), (0.8087965, 0.8425063), (0.80899334, 0.8432933), (0.808901, 0.84137243), (0.80882746, 0.8409717), (0.80842817, 0.8413235), (0.80882746, 0.8409717), (0.80896866, 0.8404362), (0.8084416, 0.8404236), (0.8082771, 0.83772767), (0.8079586, 0.83699405), (0.80768263, 0.83791447), (0.81029797, 0.84661853), (0.80978847, 0.846933), (0.8102631, 0.8469938), (0.81029797, 0.84661853), (0.8102039, 0.8463114), (0.809637, 0.8462678), (0.80989397, 0.8444992), (0.8094452, 0.8445723), (0.8095312, 0.8449092), (0.8089455, 0.8435819), (0.8093634, 0.84344524), (0.80899334, 0.8432933), (0.8082771, 0.83772767), (0.80768263, 0.83791447), (0.8081025, 0.8384339), (0.80768263, 0.83791447), (0.8079586, 0.83699405), (0.8074267, 0.8370261), (0.8103397, 0.84780335), (0.8102187, 0.84720445), (0.80972904, 0.847433), (0.8102631, 0.8469938), (0.80978847, 0.846933), (0.8102187, 0.84720445), (0.8098725, 0.84518564), (0.8095312, 0.8449092), (0.8093252, 0.8452621), (0.8094452, 0.8445723), (0.8095255, 0.8442039), (0.8090804, 0.8442818), (0.80899334, 0.8432933), (0.8087965, 0.8425063), (0.8084136, 0.84312713), (0.80882746, 0.8409717), (0.8080405, 0.8406477), (0.80842817, 0.8413235), (0.8084416, 0.8404236), (0.808368, 0.8398436), (0.80786663, 0.840105), (0.8105172, 0.8490094), (0.8101248, 0.84920275), (0.81015074, 0.84996223), (0.8105172, 0.8490094), (0.80968654, 0.84862846), (0.8101248, 0.84920275), (0.8105172, 0.8490094), (0.81025577, 0.8483262), (0.80984557, 0.8479751), (0.81095845, 0.8481227), (0.8103397, 0.84780335), (0.81086385, 0.8476952), (0.8105172, 0.8490094), (0.8105572, 0.84857285), (0.81025577, 0.8483262), (0.81025577, 0.8483262), (0.8103397, 0.84780335), (0.80984557, 0.8479751), (0.8103397, 0.84780335), (0.80972904, 0.847433), (0.80984557, 0.8479751), (0.8102187, 0.84720445), (0.80978847, 0.846933), (0.80972904, 0.847433), (0.8094452, 0.8445723), (0.80871433, 0.84456784), (0.80912566, 0.84484214), (0.8090804, 0.8442818), (0.8093271, 0.8437754), (0.8085453, 0.84401053), (0.80768263, 0.83791447), (0.8074267, 0.8370261), (0.80679643, 0.8370159), (0.8076253, 0.83644986), (0.80736685, 0.83592063), (0.80699944, 0.8365222), (0.8089455, 0.8435819), (0.8084836, 0.8437195), (0.8085453, 0.84401053), (0.80744207, 0.8393388), (0.80798435, 0.8389915), (0.8075604, 0.8386331), (0.80910605, 0.8461342), (0.8097258, 0.8459521), (0.8092245, 0.8458), (0.80871433, 0.84456784), (0.8086376, 0.84479046), (0.80912566, 0.84484214), (0.80860496, 0.8433571), (0.8084136, 0.84312713), (0.80759585, 0.8431503), (0.80912566, 0.84484214), (0.8086376, 0.84479046), (0.8093252, 0.8452621), (0.80759585, 0.8431503), (0.8084136, 0.84312713), (0.80801636, 0.8429236), (0.8080405, 0.8406477), (0.80727243, 0.84050137), (0.8077577, 0.84134924), (0.8091134, 0.8479414), (0.809018, 0.84836745), (0.80968654, 0.84862846), (0.8092245, 0.8458), (0.8088478, 0.8456527), (0.80910605, 0.8461342), (0.8097258, 0.8459521), (0.809637, 0.8462678), (0.8086376, 0.84479046), (0.80871433, 0.84456784), (0.80808496, 0.84464073), (0.80806595, 0.842186), (0.80788505, 0.84172106), (0.8075976, 0.8428341), (0.80699944, 0.8365222), (0.8067229, 0.83600974), (0.80679643, 0.8370159), (0.80759585, 0.8431503), (0.80801636, 0.8429236), (0.8075976, 0.8428341), (0.80860496, 0.8433571), (0.8084836, 0.8437195), (0.80788505, 0.84172106), (0.80700624, 0.8416312), (0.8075976, 0.8428341), (0.80727243, 0.84050137), (0.8071422, 0.8410107), (0.8077577, 0.84134924), (0.8077577, 0.84134924), (0.8071422, 0.8410107), (0.80700624, 0.8416312), (0.80727243, 0.84050137), (0.807001, 0.8401185), (0.8071422, 0.8410107), (0.806947, 0.83880186), (0.80691725, 0.83826375), (0.8064345, 0.83860105), (0.80627793, 0.8391625), (0.80692935, 0.8394822), (0.8064345, 0.83860105), (0.805802, 0.83893466), (0.8057258, 0.83818907), (0.8086883, 0.8466587), (0.80910605, 0.8461342), (0.8082633, 0.8463386), (0.80910605, 0.8461342), (0.80841744, 0.84593236), (0.8082633, 0.8463386), (0.80808496, 0.84464073), (0.80808234, 0.84403664), (0.80753577, 0.8443543), (0.80692935, 0.8394822), (0.80627793, 0.8391625), (0.80647, 0.83977944), (0.80691725, 0.83826375), (0.80619365, 0.83766216), (0.8064345, 0.83860105), (0.8079494, 0.8453264), (0.8083036, 0.8451027), (0.8073664, 0.8446723), (0.8091217, 0.84899163), (0.809018, 0.84836745), (0.8084395, 0.84852874), (0.80773664, 0.8439405), (0.8077368, 0.84358585), (0.807267, 0.8436225), (0.8075976, 0.8428341), (0.80668265, 0.8420644), (0.80759585, 0.8431503), (0.8075976, 0.8428341), (0.80700624, 0.8416312), (0.80668265, 0.8420644), (0.807001, 0.8401185), (0.80647, 0.83977944), (0.8064002, 0.84041876), (0.80619365, 0.83766216), (0.8057258, 0.83818907), (0.8064345, 0.83860105), (0.809018, 0.84836745), (0.8085172, 0.8478153), (0.8084395, 0.84852874), (0.8082633, 0.8463386), (0.80841744, 0.84593236), (0.8077292, 0.84599566), (0.80608386, 0.83702195), (0.8054334, 0.83671486), (0.80619365, 0.83766216), (0.8081497, 0.8455868), (0.8079494, 0.8453264), (0.8072903, 0.8454421), (0.80560076, 0.8392956), (0.80627793, 0.8391625), (0.805802, 0.83893466), (0.80830944, 0.8495568), (0.8091217, 0.84899163), (0.8076586, 0.8485334), (0.80586666, 0.84155965), (0.8064002, 0.84041876), (0.8052443, 0.8398862), (0.8054334, 0.83671486), (0.80536664, 0.83605015), (0.8045272, 0.83819836), (0.80727947, 0.8463169), (0.8064338, 0.84504133), (0.8068947, 0.8471124), (0.8080236, 0.84678286), (0.80839384, 0.8471645), (0.8064338, 0.84504133), (0.8066921, 0.8439918), (0.8054579, 0.84104574), (0.8245075, 0.84348994), (0.82375646, 0.84456587), (0.8237658, 0.8452426), (0.82293, 0.8349812), (0.8230352, 0.836965), (0.8236307, 0.8392372), (0.8236307, 0.8392372), (0.8230352, 0.836965), (0.82311976, 0.8384206), (0.8237658, 0.8452426), (0.8235812, 0.84621334), (0.8240623, 0.8473042), (0.823925, 0.84165025), (0.8228948, 0.8399562), (0.82298064, 0.8412678), (0.8245075, 0.84348994), (0.82306665, 0.8438929), (0.82375646, 0.84456587), (0.823925, 0.84165025), (0.82298064, 0.8412678), (0.82266754, 0.8420558), (0.8236307, 0.8392372), (0.82298577, 0.83946955), (0.8228948, 0.8399562), (0.8230352, 0.836965), (0.82230735, 0.83648336), (0.8223827, 0.8369499), (0.8230352, 0.836965), (0.8226349, 0.8357446), (0.82192874, 0.8361775), (0.8218484, 0.83547056), (0.82298064, 0.8412678), (0.8228948, 0.8399562), (0.8228674, 0.84066606), (0.82293, 0.8349812), (0.821663, 0.83313775), (0.8216686, 0.83419985), (0.82375646, 0.84456587), (0.8230284, 0.8445804), (0.8231422, 0.84515375), (0.82311976, 0.8384206), (0.82230735, 0.8386595), (0.8225696, 0.83892506), (0.82162386, 0.8382971), (0.821754, 0.8388188), (0.8231422, 0.84515375), (0.82303494, 0.84564304), (0.8237658, 0.8452426), (0.8228948, 0.8399562), (0.8224111, 0.8393438), (0.82210237, 0.83986086), (0.8216686, 0.83419985), (0.8214536, 0.83471453), (0.8218484, 0.83547056), (0.82230735, 0.8386595), (0.8223457, 0.83799124), (0.82162386, 0.8382971), (0.8228904, 0.84251344), (0.822258, 0.842981), (0.8227236, 0.8431517), (0.82230735, 0.83648336), (0.82192874, 0.8361775), (0.8215592, 0.83675635), (0.8224111, 0.8393438), (0.8218187, 0.83920455), (0.82210237, 0.83986086), (0.8222968, 0.83749413), (0.8215889, 0.8373794), (0.82137424, 0.8377453), (0.8207407, 0.8373101), (0.8203945, 0.83784175), (0.8225808, 0.84506977), (0.8223233, 0.8445328), (0.8220555, 0.84489834), (0.8227236, 0.8431517), (0.82212377, 0.8436941), (0.82271254, 0.8436444), (0.822258, 0.842981), (0.8221676, 0.84331316), (0.8227236, 0.8431517), (0.8220853, 0.84156805), (0.82188576, 0.8422261), (0.82266754, 0.8420558), (0.8218484, 0.83547056), (0.8212702, 0.83616734), (0.82192874, 0.8361775), (0.82224476, 0.84091187), (0.8215797, 0.8408831), (0.8216761, 0.8413347), (0.8220555, 0.84489834), (0.8218242, 0.8454014), (0.8225808, 0.84506977), (0.822258, 0.842981), (0.8217196, 0.84342337), (0.8221676, 0.84331316), (0.82188576, 0.8422261), (0.8213674, 0.842731), (0.82197535, 0.84262764), (0.8215889, 0.8373794), (0.8211083, 0.83711016), (0.82137424, 0.8377453), (0.8223233, 0.8445328), (0.8217696, 0.8443388), (0.8220555, 0.84489834), (0.8220555, 0.84489834), (0.8214748, 0.84524333), (0.8218242, 0.8454014), (0.8215936, 0.8403881), (0.8215203, 0.8396563), (0.8208624, 0.8403372), (0.8215797, 0.8408831), (0.8210475, 0.84086525), (0.82088125, 0.84139365), (0.8211976, 0.8354129), (0.82053757, 0.8360523), (0.8212702, 0.83616734), (0.82212377, 0.8436941), (0.8214388, 0.8439299), (0.8217696, 0.8443388), (0.8215936, 0.8403881), (0.8208624, 0.8403372), (0.8210475, 0.84086525), (0.82120705, 0.83881456), (0.82065153, 0.83930427), (0.8215203, 0.8396563), (0.82065886, 0.835424), (0.82053757, 0.8360523), (0.8211976, 0.8354129), (0.82212377, 0.8436941), (0.8217196, 0.84342337), (0.8214388, 0.8439299), (0.82188576, 0.8422261), (0.82147074, 0.8420262), (0.8213674, 0.842731), (0.8215203, 0.8396563), (0.82065153, 0.83930427), (0.8206332, 0.83975494), (0.82065886, 0.835424), (0.819895, 0.8357103), (0.82053757, 0.8360523), (0.8214388, 0.8439299), (0.82112527, 0.8443954), (0.8217696, 0.8443388), (0.821503, 0.84304345), (0.8211265, 0.84362406), (0.8217196, 0.84342337), (0.82147074, 0.8420262), (0.8207949, 0.84211075), (0.821012, 0.84252775), (0.82028365, 0.83671945), (0.8201721, 0.8371272), (0.8207407, 0.8373101), (0.8210475, 0.84086525), (0.8208624, 0.8403372), (0.8205675, 0.84091896), (0.8208624, 0.8403372), (0.8202848, 0.8407282), (0.82019305, 0.8412295), (0.82064474, 0.83420056), (0.8197184, 0.8340928), (0.8202319, 0.8347271), (0.82064474, 0.83420056), (0.8194391, 0.83331215), (0.8197184, 0.8340928), (0.82116824, 0.84561265), (0.8213845, 0.8461141), (0.8218242, 0.8454014), (0.8211265, 0.84362406), (0.8210212, 0.8440147), (0.8214388, 0.8439299), (0.8213674, 0.842731), (0.821012, 0.84252775), (0.82089376, 0.84298277), (0.8210475, 0.84086525), (0.8205675, 0.84091896), (0.82088125, 0.84139365), (0.8203945, 0.83784175), (0.82010174, 0.83840823), (0.8207247, 0.83817565), (0.8207407, 0.8373101), (0.8201721, 0.8371272), (0.81999725, 0.8376795), (0.82116824, 0.84561265), (0.82103956, 0.8460203), (0.8213845, 0.8461141), (0.821012, 0.84252775), (0.8207949, 0.84211075), (0.8205286, 0.84240955), (0.82053757, 0.8360523), (0.8197503, 0.8365654), (0.82028365, 0.83671945), (0.82053757, 0.8360523), (0.8196976, 0.83608925), (0.8197503, 0.8365654), (0.8210212, 0.8440147), (0.8206806, 0.84427404), (0.82112527, 0.8443954), (0.8208448, 0.8416957), (0.8203014, 0.84169173), (0.8207949, 0.84211075), (0.82065153, 0.83930427), (0.8198597, 0.8399602), (0.8206332, 0.83975494), (0.8201721, 0.8371272), (0.8197182, 0.8372083), (0.81999725, 0.8376795), (0.8197503, 0.8365654), (0.8196139, 0.83689266), (0.82028365, 0.83671945), (0.8202319, 0.8347271), (0.8190333, 0.8345895), (0.819119, 0.8350853), (0.8213845, 0.8461141), (0.82103956, 0.8460203), (0.8206959, 0.84641016), (0.82089376, 0.84298277), (0.82024026, 0.8432252), (0.82060575, 0.843369), (0.8205286, 0.84240955), (0.82034224, 0.8427079), (0.821012, 0.84252775), (0.8205675, 0.84091896), (0.82019305, 0.8412295), (0.82088125, 0.84139365), (0.82065153, 0.83930427), (0.8198329, 0.83889925), (0.81992817, 0.8394437), (0.8211265, 0.84362406), (0.82060575, 0.843369), (0.82062596, 0.8438951), (0.8203014, 0.84169173), (0.820029, 0.8422178), (0.8207949, 0.84211075), (0.8192562, 0.8364475), (0.8197503, 0.8365654), (0.8196976, 0.83608925), (0.8195771, 0.83528423), (0.81890255, 0.835711), (0.819895, 0.8357103), (0.82103956, 0.8460203), (0.82063174, 0.84561414), (0.8206959, 0.84641016), (0.82062596, 0.8438951), (0.82007194, 0.8443314), (0.8206806, 0.84427404), (0.8198597, 0.8399602), (0.81974715, 0.8407157), (0.8202848, 0.8407282), (0.8197503, 0.8365654), (0.8192562, 0.8364475), (0.8196139, 0.83689266), (0.8197184, 0.8340928), (0.8194391, 0.83331215), (0.81883514, 0.8341977), (0.82063174, 0.84561414), (0.820302, 0.8458533), (0.8206959, 0.84641016), (0.82117534, 0.84463024), (0.8202106, 0.8450052), (0.82083166, 0.84525126), (0.82045317, 0.84459203), (0.8202106, 0.8450052), (0.82117534, 0.84463024), (0.8202848, 0.8407282), (0.8195532, 0.84108865), (0.82019305, 0.8412295), (0.81974715, 0.8407157), (0.8195532, 0.84108865), (0.8202848, 0.8407282), (0.81992817, 0.8394437), (0.8198329, 0.83889925), (0.8192485, 0.83960617), (0.8197182, 0.8372083), (0.81912935, 0.8371435), (0.8192557, 0.8375703), (0.8196139, 0.83689266), (0.81912935, 0.8371435), (0.8197182, 0.8372083), (0.82063174, 0.84561414), (0.8202096, 0.84535635), (0.820302, 0.8458533), (0.82045317, 0.84459203), (0.8198378, 0.8449459), (0.8202106, 0.8450052), (0.82060575, 0.843369), (0.81991863, 0.84340024), (0.819855, 0.8436778), (0.8203376, 0.8429805), (0.8196015, 0.8426677), (0.82024026, 0.8432252), (0.820029, 0.8422178), (0.8196015, 0.8426677), (0.82034224, 0.8427079), (0.8198329, 0.83889925), (0.8192203, 0.8391566), (0.8192485, 0.83960617), (0.8195783, 0.83845925), (0.8193484, 0.8379686), (0.8191402, 0.8388176), (0.8206959, 0.84641016), (0.820302, 0.8458533), (0.82022536, 0.8464552), (0.820302, 0.8458533), (0.8202096, 0.84535635), (0.819878, 0.8459103), (0.820029, 0.8422178), (0.8196966, 0.84197366), (0.81941503, 0.84225106), (0.8196411, 0.8454478), (0.8202096, 0.84535635), (0.8202106, 0.8450052), (0.8193484, 0.8379686), (0.81886035, 0.8386368), (0.8191402, 0.8388176), (0.81912935, 0.8371435), (0.81892025, 0.8376821), (0.8192557, 0.8375703), (0.81912935, 0.8371435), (0.81898355, 0.83673716), (0.81856525, 0.83722836), (0.819119, 0.8350853), (0.81843877, 0.8349589), (0.81890255, 0.835711), (0.8190333, 0.8345895), (0.81843877, 0.8349589), (0.819119, 0.8350853), (0.819855, 0.8436778), (0.8195672, 0.8442502), (0.8201387, 0.843894), (0.819855, 0.8436778), (0.8191909, 0.843995), (0.8190479, 0.84449124), (0.8198447, 0.84166807), (0.81916517, 0.84148604), (0.8196966, 0.84197366), (0.81883514, 0.8341977), (0.81843877, 0.8349589), (0.8190333, 0.8345895), (0.82022536, 0.8464552), (0.819878, 0.8459103), (0.8194657, 0.84669924), (0.819745, 0.8432051), (0.8192932, 0.8434751), (0.81991863, 0.84340024), (0.81916517, 0.84148604), (0.81941503, 0.84225106), (0.8196966, 0.84197366), (0.8191402, 0.8388176), (0.81876636, 0.8390473), (0.8192203, 0.8391566), (0.8189039, 0.83621114), (0.818316, 0.83601004), (0.8181039, 0.8366247), (0.81890255, 0.835711), (0.818316, 0.83601004), (0.8189039, 0.83621114), (0.8194657, 0.84669924), (0.8199138, 0.84713244), (0.8204859, 0.8468337), (0.82022536, 0.8464552), (0.8204859, 0.8468337), (0.82065535, 0.84730923), (0.8202306, 0.84739804), (0.8199138, 0.84713244), (0.8192661, 0.84076405), (0.818927, 0.8412729), (0.8195532, 0.84108865), (0.81886035, 0.8386368), (0.81876636, 0.8390473), (0.8191402, 0.8388176), (0.81916517, 0.84148604), (0.81881785, 0.84183794), (0.81941503, 0.84225106), (0.8181039, 0.8366247), (0.81856525, 0.83722836), (0.81898355, 0.83673716), (0.8201419, 0.8477578), (0.8192842, 0.8479106), (0.82036495, 0.8480824), (0.8199138, 0.84713244), (0.819765, 0.84763175), (0.8202306, 0.84739804), (0.81941503, 0.84225106), (0.81898725, 0.8425995), (0.8196015, 0.8426677), (0.8193022, 0.8401015), (0.8187406, 0.8405238), (0.8192661, 0.84076405), (0.8194657, 0.84669924), (0.81922066, 0.84716904), (0.8199138, 0.84713244), (0.8187406, 0.8405238), (0.8185935, 0.84101456), (0.8192661, 0.84076405), (0.8188558, 0.83946), (0.8184021, 0.8396776), (0.8187852, 0.8401281), (0.818404, 0.83859646), (0.8180803, 0.8389469), (0.81876636, 0.8390473), (0.8185507, 0.8375479), (0.8181447, 0.83799875), (0.81858337, 0.8380568), (0.8181039, 0.8366247), (0.8180616, 0.83715534), (0.81856525, 0.83722836), (0.81843877, 0.8349589), (0.81762093, 0.8346927), (0.8179127, 0.8350848), (0.8192842, 0.8479106), (0.81920207, 0.84822416), (0.82017696, 0.8484357), (0.819765, 0.84763175), (0.8201419, 0.8477578), (0.819878, 0.8459103), (0.8190868, 0.84619), (0.8194657, 0.84669924), (0.8196411, 0.8454478), (0.8191187, 0.8452074), (0.8194421, 0.8455729), (0.8191187, 0.8452074), (0.81940174, 0.8449588), (0.8189254, 0.8451309), (0.8184021, 0.8396776), (0.81835145, 0.84007496), (0.8187852, 0.8401281), (0.81876636, 0.8390473), (0.8180803, 0.8389469), (0.8184021, 0.8396776), (0.8194421, 0.8455729), (0.81891406, 0.84550613), (0.8191117, 0.84586513), (0.8181447, 0.83799875), (0.818404, 0.83859646), (0.81858337, 0.8380568), (0.8185507, 0.8375479), (0.8180897, 0.8375595), (0.8181447, 0.83799875), (0.8179127, 0.8350848), (0.81762093, 0.8346927), (0.81758976, 0.8355937), (0.819504, 0.84741986), (0.8192842, 0.8479106), (0.819765, 0.84763175), (0.8191117, 0.84586513), (0.8190868, 0.84619), (0.819878, 0.8459103), (0.8194421, 0.8455729), (0.8191187, 0.8452074), (0.81891406, 0.84550613), (0.81940174, 0.8449588), (0.8190479, 0.84449124), (0.81874704, 0.8448664), (0.81898725, 0.8425995), (0.81844664, 0.84233296), (0.81860876, 0.84327483), (0.8179504, 0.8421947), (0.8178935, 0.84289986), (0.81922066, 0.84716904), (0.8191833, 0.84764266), (0.819504, 0.84741986), (0.8181447, 0.83799875), (0.81781393, 0.83851707), (0.818404, 0.83859646), (0.8180616, 0.83715534), (0.8176571, 0.8372357), (0.8180897, 0.8375595), (0.8181039, 0.8366247), (0.8176571, 0.8372357), (0.8180616, 0.83715534), (0.81758976, 0.8355937), (0.81735814, 0.8362998), (0.8179341, 0.8362933), (0.81762093, 0.8346927), (0.817075, 0.8352219), (0.81682456, 0.8344321), (0.819504, 0.84741986), (0.8191833, 0.84764266), (0.8192842, 0.8479106), (0.8190868, 0.84619), (0.8191224, 0.8467908), (0.8194657, 0.84669924), (0.81860876, 0.84327483), (0.81844664, 0.84233296), (0.81823367, 0.8430347), (0.8180803, 0.8389469), (0.8179926, 0.8394432), (0.8184021, 0.8396776), (0.8180897, 0.8375595), (0.8176571, 0.8372357), (0.8175619, 0.83748466), (0.8181039, 0.8366247), (0.8174077, 0.8369161), (0.8176571, 0.8372357), (0.8181039, 0.8366247), (0.81735814, 0.8362998), (0.817279, 0.8366327), (0.81902844, 0.8485079), (0.82017297, 0.84868604), (0.82017696, 0.8484357), (0.8175619, 0.83748466), (0.8176049, 0.8378647), (0.8180897, 0.8375595), (0.81758976, 0.8355937), (0.81710225, 0.8359393), (0.81735814, 0.8362998), (0.8191224, 0.8467908), (0.81873125, 0.847071), (0.81922066, 0.84716904), (0.8190868, 0.84619), (0.81867796, 0.84594554), (0.81859946, 0.84653294), (0.81891406, 0.84550613), (0.81867796, 0.84594554), (0.8191117, 0.84586513), (0.8189254, 0.8451309), (0.81874704, 0.8448664), (0.81855106, 0.8453909), (0.81846607, 0.84459025), (0.81834924, 0.8447032), (0.8190479, 0.84449124), (0.81860876, 0.84327483), (0.81808627, 0.8436794), (0.81863445, 0.84370774), (0.81823367, 0.8430347), (0.81844664, 0.84233296), (0.8178935, 0.84289986), (0.81846464, 0.8415218), (0.8177538, 0.84189785), (0.8179504, 0.8421947), (0.8182286, 0.8410617), (0.81778, 0.8414127), (0.81846464, 0.8415218), (0.8182286, 0.8410617), (0.8181411, 0.8404098), (0.8175951, 0.84058416), (0.8175619, 0.83748466), (0.81717956, 0.8372607), (0.8176049, 0.8378647), (0.817075, 0.8352219), (0.81710225, 0.8359393), (0.81758976, 0.8355937), (0.81873125, 0.847071), (0.81870896, 0.84738433), (0.81922066, 0.84716904), (0.8191224, 0.8467908), (0.81859946, 0.84653294), (0.81873125, 0.847071), (0.81860876, 0.84327483), (0.81823367, 0.8430347), (0.81808627, 0.8436794), (0.8176049, 0.8378647), (0.8171142, 0.8383048), (0.8175261, 0.8384662), (0.81891406, 0.84550613), (0.81855106, 0.8453909), (0.81837773, 0.84562105), (0.81853795, 0.84427184), (0.81786704, 0.8439992), (0.8178947, 0.8445228), (0.81682456, 0.8344321), (0.8164996, 0.83475614), (0.817075, 0.8352219), (0.81870896, 0.84738433), (0.81873125, 0.847071), (0.81825954, 0.8474235), (0.81859946, 0.84653294), (0.81815827, 0.8469106), (0.81873125, 0.847071), (0.81867796, 0.84594554), (0.8182281, 0.8462967), (0.81859946, 0.84653294), (0.81834924, 0.8447032), (0.8178947, 0.8445228), (0.81808627, 0.8448856), (0.81823367, 0.8430347), (0.8178935, 0.84289986), (0.81808627, 0.8436794), (0.8175951, 0.84058416), (0.81727016, 0.8413757), (0.81778, 0.8414127), (0.8175261, 0.8384662), (0.8171142, 0.8383048), (0.8170162, 0.8391409), (0.8169979, 0.8376695), (0.8171142, 0.8383048), (0.8176049, 0.8378647), (0.8179509, 0.8456095), (0.81867796, 0.84594554), (0.81837773, 0.84562105), (0.81735814, 0.8362998), (0.8166628, 0.8364877), (0.817279, 0.8366327), (0.81855106, 0.8453909), (0.81783503, 0.8451637), (0.8179509, 0.8456095), (0.81808627, 0.8436794), (0.817536, 0.843328), (0.8174699, 0.8438537), (0.8178935, 0.84289986), (0.817536, 0.843328), (0.81808627, 0.8436794), (0.8179504, 0.8421947), (0.81722766, 0.8424859), (0.8178935, 0.84289986), (0.81667936, 0.83695364), (0.8167044, 0.83758295), (0.8169979, 0.8376695), (0.8182281, 0.8462967), (0.81775045, 0.8464806), (0.81815827, 0.8469106), (0.8182281, 0.8462967), (0.8179509, 0.8456095), (0.81775045, 0.8464806), (0.81826425, 0.8451151), (0.81808627, 0.8448856), (0.81783503, 0.8451637), (0.81808627, 0.8448856), (0.8178947, 0.8445228), (0.8173907, 0.8447114), (0.81786704, 0.8439992), (0.81742907, 0.84439474), (0.8178947, 0.8445228), (0.81722766, 0.8424859), (0.817536, 0.843328), (0.8178935, 0.84289986), (0.8186502, 0.84801257), (0.81826484, 0.84787047), (0.81848705, 0.84830457), (0.8179509, 0.8456095), (0.81759125, 0.8457075), (0.81775045, 0.8464806), (0.81783503, 0.8451637), (0.8174882, 0.84547997), (0.8179509, 0.8456095), (0.8171142, 0.8383048), (0.8165095, 0.8387191), (0.8170162, 0.8391409), (0.8166628, 0.8364877), (0.8160679, 0.83676934), (0.81667936, 0.83695364), (0.81630903, 0.83594096), (0.8159902, 0.8364488), (0.8166628, 0.8364877), (0.81826484, 0.84787047), (0.8178761, 0.8474599), (0.8176259, 0.8478724), (0.81783503, 0.8451637), (0.8175101, 0.8449535), (0.8171886, 0.84530723), (0.81808627, 0.8448856), (0.8173907, 0.8447114), (0.8175101, 0.8449535), (0.817536, 0.843328), (0.8168319, 0.8425652), (0.81675977, 0.843217), (0.8172197, 0.8420674), (0.81664217, 0.8419367), (0.81722766, 0.8424859), (0.8164996, 0.83475614), (0.81570417, 0.83448267), (0.81584287, 0.8355681), (0.8173907, 0.8447114), (0.81742907, 0.84439474), (0.81703544, 0.84466493), (0.8174699, 0.8438537), (0.81706756, 0.84390974), (0.81742907, 0.84439474), (0.81727016, 0.8413757), (0.8168183, 0.84133625), (0.81664217, 0.8419367), (0.8170303, 0.8403812), (0.8165816, 0.8403005), (0.81691813, 0.8407047), (0.8165667, 0.83817375), (0.8158203, 0.8381866), (0.81615746, 0.83853924), (0.81629616, 0.83768487), (0.8158203, 0.8381866), (0.8165667, 0.83817375), (0.81584287, 0.8355681), (0.81565034, 0.8360398), (0.81630903, 0.83594096), (0.8154957, 0.8357771), (0.8150327, 0.8360998), (0.8149658, 0.8356956), (0.81848705, 0.84830457), (0.8176259, 0.8478724), (0.8180592, 0.8484583), (0.8178761, 0.8474599), (0.81772226, 0.8470651), (0.8176259, 0.8478724), (0.81759125, 0.8457075), (0.8174882, 0.84547997), (0.8172631, 0.8458248), (0.8173907, 0.8447114), (0.81703544, 0.84466493), (0.8175101, 0.8449535), (0.8168183, 0.84133625), (0.81684595, 0.840985), (0.81630814, 0.84116745), (0.8180592, 0.8484583), (0.8174801, 0.8482248), (0.8171849, 0.84860575), (0.8172631, 0.8458248), (0.81715035, 0.846395), (0.81775045, 0.8464806), (0.8174882, 0.84547997), (0.8171886, 0.84530723), (0.8172631, 0.8458248), (0.81703544, 0.84466493), (0.8167832, 0.8451508), (0.8175101, 0.8449535), (0.81713444, 0.84358805), (0.81675977, 0.843217), (0.81655276, 0.84361506), (0.81630814, 0.84116745), (0.81664217, 0.8419367), (0.8168183, 0.84133625), (0.81651807, 0.83973587), (0.8161609, 0.839303), (0.8159713, 0.8398119), (0.81584287, 0.8355681), (0.81536263, 0.835287), (0.8154957, 0.8357771), (0.81570417, 0.83448267), (0.8151548, 0.83468884), (0.81536263, 0.835287), (0.8172631, 0.8458248), (0.8171886, 0.84530723), (0.8167625, 0.8455781), (0.81633085, 0.8406967), (0.81630814, 0.84116745), (0.81684595, 0.840985), (0.8165816, 0.8403005), (0.8161473, 0.8403166), (0.81633085, 0.8406967), (0.81615746, 0.83853924), (0.8158203, 0.8381866), (0.81591773, 0.8387774), (0.81556207, 0.8363944), (0.8156563, 0.8368489), (0.8160679, 0.83676934), (0.8176259, 0.8478724), (0.8169308, 0.8475837), (0.8174801, 0.8482248), (0.81772226, 0.8470651), (0.8169308, 0.8475837), (0.8176259, 0.8478724), (0.81715035, 0.846395), (0.81687725, 0.84666836), (0.81724524, 0.84691805), (0.81703544, 0.84466493), (0.8167544, 0.8443613), (0.81662077, 0.84479636), (0.8163862, 0.84248775), (0.8159932, 0.84268457), (0.81675977, 0.843217), (0.81591773, 0.8387774), (0.81537944, 0.839136), (0.8161609, 0.839303), (0.81565034, 0.8360398), (0.81506246, 0.83650947), (0.81556207, 0.8363944), (0.81724524, 0.84691805), (0.81687725, 0.84666836), (0.8166165, 0.84705275), (0.81715035, 0.846395), (0.8172631, 0.8458248), (0.8166103, 0.8462418), (0.8171886, 0.84530723), (0.8167832, 0.8451508), (0.8167625, 0.8455781), (0.81602377, 0.84167725), (0.81602365, 0.8420687), (0.81664217, 0.8419367), (0.81630814, 0.84116745), (0.81602377, 0.84167725), (0.81664217, 0.8419367), (0.81499803, 0.83674026), (0.8150223, 0.8371192), (0.8156563, 0.8368489), (0.81565034, 0.8360398), (0.8150327, 0.8360998), (0.81506246, 0.83650947), (0.8151548, 0.83468884), (0.8145332, 0.8351464), (0.81536263, 0.835287), (0.8181273, 0.8487417), (0.8171849, 0.84860575), (0.8169208, 0.8488979), (0.81771415, 0.849074), (0.8153658, 0.8492308), (0.8144968, 0.8489535), (0.8143679, 0.8493695), (0.8137237, 0.8492248), (0.8126446, 0.8496743), (0.8174801, 0.8482248), (0.8168999, 0.84832096), (0.8171849, 0.84860575), (0.81715035, 0.846395), (0.8166103, 0.8462418), (0.81687725, 0.84666836), (0.8172631, 0.8458248), (0.8167625, 0.8455781), (0.8166103, 0.8462418), (0.8167544, 0.8443613), (0.8160237, 0.84404635), (0.8160395, 0.84454566), (0.81602365, 0.8420687), (0.8159932, 0.84268457), (0.8163862, 0.84248775), (0.8150223, 0.8371192), (0.81483555, 0.8376802), (0.8153086, 0.83783805), (0.8158066, 0.8401916), (0.8159713, 0.8398119), (0.8153665, 0.8402263), (0.81537944, 0.839136), (0.81534594, 0.83968174), (0.8161609, 0.839303), (0.8161609, 0.839303), (0.81534594, 0.83968174), (0.8153665, 0.8402263), (0.81483555, 0.8376802), (0.81484115, 0.83826625), (0.8153086, 0.83783805), (0.8151548, 0.83468884), (0.813587, 0.83458686), (0.8145332, 0.8351464), (0.8167625, 0.8455781), (0.816237, 0.8459681), (0.8166103, 0.8462418), (0.8160395, 0.84454566), (0.8160237, 0.84404635), (0.8154985, 0.84421027), (0.8159317, 0.84326), (0.8160237, 0.84404635), (0.8163618, 0.8440379), (0.8159932, 0.84268457), (0.8155211, 0.8430145), (0.8159317, 0.84326), (0.81602365, 0.8420687), (0.8155474, 0.8417803), (0.8153291, 0.8424269), (0.8153086, 0.83783805), (0.81484115, 0.83826625), (0.8158203, 0.8381866), (0.8150223, 0.8371192), (0.81425655, 0.83760357), (0.81483555, 0.8376802), (0.8150327, 0.8360998), (0.81432307, 0.8360146), (0.81506246, 0.83650947), (0.8159932, 0.84268457), (0.8153291, 0.8424269), (0.8155211, 0.8430145), (0.8158871, 0.8407923), (0.8153253, 0.84108794), (0.81570935, 0.84142756), (0.8168999, 0.84832096), (0.81658685, 0.84807795), (0.81625664, 0.84861815), (0.81644285, 0.84660625), (0.81599647, 0.84639263), (0.8166165, 0.84705275), (0.8162881, 0.8451899), (0.8156966, 0.8452309), (0.81615305, 0.84538925), (0.8162881, 0.8451899), (0.81555796, 0.8446934), (0.8156966, 0.8452309), (0.8160395, 0.84454566), (0.81555796, 0.8446934), (0.8162881, 0.8451899), (0.8155211, 0.8430145), (0.8152746, 0.843712), (0.8159317, 0.84326), (0.8153665, 0.8402263), (0.81486106, 0.84009814), (0.81528986, 0.84045935), (0.81534594, 0.83968174), (0.81491506, 0.83959574), (0.81486106, 0.84009814), (0.81394124, 0.83365464), (0.813587, 0.83458686), (0.8151548, 0.83468884), (0.816237, 0.8459681), (0.8159693, 0.8455874), (0.8158557, 0.84604585), (0.8153688, 0.843985), (0.8154985, 0.84421027), (0.8160237, 0.84404635), (0.8159317, 0.84326), (0.8152746, 0.843712), (0.8160237, 0.84404635), (0.81599647, 0.84639263), (0.81578135, 0.8468797), (0.8161913, 0.84724736), (0.81496495, 0.84202474), (0.8153291, 0.8424269), (0.8155474, 0.8417803), (0.81506324, 0.8414521), (0.81472665, 0.84185195), (0.8155474, 0.8417803), (0.8152332, 0.84078336), (0.8147115, 0.84111977), (0.8153253, 0.84108794), (0.81486106, 0.84009814), (0.81476176, 0.8407805), (0.81528986, 0.84045935), (0.81491506, 0.83959574), (0.81466806, 0.8393471), (0.8142062, 0.8402335), (0.81425655, 0.83760357), (0.8139398, 0.8380178), (0.81483555, 0.8376802), (0.81562996, 0.84735006), (0.8158052, 0.84804845), (0.8164221, 0.8477472), (0.8155211, 0.8430145), (0.81492907, 0.8426605), (0.81504214, 0.8431612), (0.81578135, 0.8468797), (0.8155246, 0.84712756), (0.8161913, 0.84724736), (0.81599647, 0.84639263), (0.81506896, 0.8462702), (0.8154292, 0.84677196), (0.81492907, 0.8426605), (0.81450814, 0.84285617), (0.81504214, 0.8431612), (0.81506324, 0.8414521), (0.81436485, 0.8416768), (0.81472665, 0.84185195), (0.8147115, 0.84111977), (0.8144661, 0.8413965), (0.81506324, 0.8414521), (0.8155106, 0.8476967), (0.8158052, 0.84804845), (0.81562996, 0.84735006), (0.81472665, 0.84185195), (0.81425434, 0.84211075), (0.81496495, 0.84202474), (0.8154985, 0.84421027), (0.8153688, 0.843985), (0.8150148, 0.84444857), (0.81435406, 0.8408723), (0.81411505, 0.8411038), (0.8147115, 0.84111977), (0.81466806, 0.8393471), (0.8136864, 0.83911675), (0.8138823, 0.84010893), (0.814605, 0.8437207), (0.8140754, 0.844444), (0.8150148, 0.84444857), (0.8146541, 0.84330636), (0.81477064, 0.8436457), (0.8152746, 0.843712), (0.81425434, 0.84211075), (0.81450814, 0.84285617), (0.81492907, 0.8426605), (0.81411505, 0.8411038), (0.8144661, 0.8413965), (0.8147115, 0.84111977), (0.8142062, 0.8402335), (0.81390166, 0.8406602), (0.81440526, 0.84045076), (0.8136939, 0.8358681), (0.81297815, 0.8352071), (0.8134057, 0.83608526), (0.81533235, 0.8456937), (0.8149501, 0.84550464), (0.81481344, 0.8458425), (0.8153443, 0.8451217), (0.8149501, 0.84550464), (0.81533235, 0.8456937), (0.8146541, 0.84330636), (0.814605, 0.8437207), (0.81477064, 0.8436457), (0.81436485, 0.8416768), (0.81425434, 0.84211075), (0.81472665, 0.84185195), (0.81411505, 0.8411038), (0.81382746, 0.8413857), (0.8144661, 0.8413965), (0.81435406, 0.8408723), (0.81390166, 0.8406602), (0.81411505, 0.8411038), (0.8155106, 0.8476967), (0.8153875, 0.8483242), (0.8158052, 0.84804845), (0.8154292, 0.84677196), (0.81497264, 0.8466914), (0.8149271, 0.8469386), (0.81506896, 0.8462702), (0.81497264, 0.8466914), (0.8154292, 0.84677196), (0.81481344, 0.8458425), (0.814662, 0.846212), (0.81506896, 0.8462702), (0.8142092, 0.842495), (0.81450814, 0.84285617), (0.81425434, 0.84211075), (0.8146541, 0.84330636), (0.8140367, 0.8429191), (0.8141929, 0.84324324), (0.8144661, 0.8413965), (0.81395084, 0.841595), (0.81436485, 0.8416768), (0.8138823, 0.84010893), (0.81355876, 0.83978677), (0.8134401, 0.84026396), (0.8153875, 0.8483242), (0.8148093, 0.84862906), (0.8153515, 0.8486701), (0.8155246, 0.84712756), (0.8149271, 0.8469386), (0.8149954, 0.8475932), (0.8142092, 0.842495), (0.8140367, 0.8429191), (0.81450814, 0.84285617), (0.81395084, 0.841595), (0.8138203, 0.84188354), (0.81436485, 0.8416768), (0.8138823, 0.84010893), (0.8134401, 0.84026396), (0.81390166, 0.8406602), (0.813594, 0.8375277), (0.8128121, 0.8372373), (0.8129512, 0.83778304), (0.8142717, 0.8450359), (0.81443316, 0.8452839), (0.8147547, 0.84502393), (0.8134057, 0.83608526), (0.81275636, 0.83594525), (0.8134113, 0.8366219), (0.8149954, 0.8475932), (0.8149271, 0.8469386), (0.81457794, 0.84713864), (0.81497264, 0.8466914), (0.814662, 0.846212), (0.81451964, 0.84685737), (0.81382746, 0.8413857), (0.8134875, 0.8415767), (0.81395084, 0.841595), (0.81425434, 0.84211075), (0.81384873, 0.8426119), (0.8142092, 0.842495), (0.8136864, 0.83911675), (0.81299883, 0.8387875), (0.81296724, 0.83993226), (0.81275636, 0.83594525), (0.8126748, 0.8365495), (0.8134113, 0.8366219), (0.81451964, 0.84685737), (0.81457794, 0.84713864), (0.8149271, 0.8469386), (0.8142462, 0.8438757), (0.8141929, 0.84324324), (0.81375283, 0.8434123), (0.8138203, 0.84188354), (0.8136789, 0.84219027), (0.81425434, 0.84211075), (0.8129512, 0.83778304), (0.81264365, 0.837835), (0.8132156, 0.83836937), (0.8153658, 0.8492308), (0.8126446, 0.8496743), (0.81771415, 0.849074), (0.8148093, 0.84862906), (0.8144968, 0.8489535), (0.8153515, 0.8486701), (0.81457794, 0.84713864), (0.8142274, 0.8475797), (0.8149954, 0.8475932), (0.8140754, 0.844444), (0.813723, 0.8446156), (0.81440496, 0.84458697), (0.8140367, 0.8429191), (0.81384873, 0.8426119), (0.8134464, 0.8429028), (0.8138203, 0.84188354), (0.8134875, 0.8415767), (0.8130729, 0.84194726), (0.81296724, 0.83993226), (0.8127764, 0.84020174), (0.8134401, 0.84026396), (0.8128121, 0.8372373), (0.81264365, 0.837835), (0.8129512, 0.83778304), (0.8153515, 0.8486701), (0.8144968, 0.8489535), (0.8153658, 0.8492308), (0.8136789, 0.84219027), (0.8134464, 0.8429028), (0.81384873, 0.8426119), (0.8126748, 0.8365495), (0.8120967, 0.83596814), (0.81220543, 0.83686197), (0.8143322, 0.8466001), (0.8140905, 0.8468826), (0.81451964, 0.84685737), (0.81405556, 0.84568113), (0.81388426, 0.84510005), (0.81388223, 0.84553677), (0.8134464, 0.8429028), (0.8132625, 0.84335196), (0.81375283, 0.8434123), (0.8134875, 0.8415767), (0.8129921, 0.8416605), (0.8130729, 0.84194726), (0.8130438, 0.84119374), (0.8129921, 0.8416605), (0.8134875, 0.8415767), (0.812574, 0.8385041), (0.81264365, 0.837835), (0.8119645, 0.83815396), (0.81405973, 0.8459682), (0.8140905, 0.8468826), (0.8143322, 0.8466001), (0.8130413, 0.8405963), (0.8128624, 0.84042114), (0.81244063, 0.84058154), (0.812574, 0.8385041), (0.8119645, 0.83815396), (0.8120337, 0.8385645), (0.81264365, 0.837835), (0.81232125, 0.83743197), (0.8119645, 0.83815396), (0.81220543, 0.83686197), (0.81189394, 0.83751726), (0.81232125, 0.83743197), (0.81235945, 0.8345186), (0.8110845, 0.83430505), (0.81140035, 0.835347), (0.813723, 0.8446156), (0.81313115, 0.844654), (0.8134254, 0.84508646), (0.813723, 0.8446156), (0.8134754, 0.84408355), (0.81313115, 0.844654), (0.8130729, 0.84194726), (0.8126757, 0.84217817), (0.8130225, 0.84238666), (0.8129921, 0.8416605), (0.8130438, 0.84119374), (0.8124887, 0.8414158), (0.8130225, 0.84238666), (0.81271166, 0.8427664), (0.8134464, 0.8429028), (0.8142274, 0.8475797), (0.8135948, 0.8474635), (0.81366473, 0.84798384), (0.8124887, 0.8414158), (0.8125654, 0.84183383), (0.8129921, 0.8416605), (0.8130729, 0.84194726), (0.8125654, 0.84183383), (0.8126757, 0.84217817), (0.81194776, 0.8389605), (0.812574, 0.8385041), (0.8120337, 0.8385645), (0.8130438, 0.84119374), (0.8122539, 0.84093297), (0.8124887, 0.8414158), (0.8126727, 0.8409244), (0.81244063, 0.84058154), (0.8122539, 0.84093297), (0.8120308, 0.84019405), (0.8127764, 0.84020174), (0.8119968, 0.8394557), (0.81405556, 0.84568113), (0.8129474, 0.846205), (0.81405973, 0.8459682), (0.81313115, 0.844654), (0.81282973, 0.845081), (0.8134254, 0.84508646), (0.81189394, 0.83751726), (0.81150264, 0.83768225), (0.8119645, 0.83815396), (0.8116107, 0.8371682), (0.81150264, 0.83768225), (0.81189394, 0.83751726), (0.8131314, 0.8438003), (0.8125499, 0.84334445), (0.812832, 0.8443249), (0.81194776, 0.8389605), (0.81141424, 0.8391484), (0.8119968, 0.8394557), (0.81150264, 0.83768225), (0.8115884, 0.8382693), (0.8119645, 0.83815396), (0.8153658, 0.8492308), (0.8143679, 0.8493695), (0.8126446, 0.8496743), (0.8135948, 0.8474635), (0.8132256, 0.84778154), (0.81366473, 0.84798384), (0.8134254, 0.84508646), (0.8129291, 0.8454988), (0.81337285, 0.84552515), (0.81313115, 0.844654), (0.8125107, 0.8445664), (0.8126032, 0.84485364), (0.812832, 0.8443249), (0.8125107, 0.8445664), (0.81313115, 0.844654), (0.8120933, 0.84133106), (0.81202173, 0.8417399), (0.8124887, 0.8414158), (0.8119968, 0.8394557), (0.8113685, 0.8397107), (0.8120308, 0.84019405), (0.81141424, 0.8391484), (0.8113685, 0.8397107), (0.8119968, 0.8394557), (0.8113471, 0.8362936), (0.81072694, 0.8365305), (0.81146926, 0.8366063), (0.8116107, 0.8371682), (0.81091833, 0.8372508), (0.8110631, 0.8375946), (0.8135948, 0.8474635), (0.8132, 0.8470112), (0.8132256, 0.84778154), (0.8129474, 0.846205), (0.8127894, 0.8464288), (0.8134208, 0.846483), (0.81271166, 0.8427664), (0.8125676, 0.8424526), (0.8122132, 0.8424458), (0.8119095, 0.84101254), (0.81154305, 0.84119856), (0.8120933, 0.84133106), (0.8120308, 0.84019405), (0.8113685, 0.8397107), (0.8117463, 0.840343), (0.8115884, 0.8382693), (0.81150264, 0.83768225), (0.8111274, 0.83824104), (0.8126032, 0.84485364), (0.81227946, 0.845345), (0.81282973, 0.845081), (0.8127894, 0.8464288), (0.8125942, 0.8468335), (0.8134208, 0.846483), (0.81150264, 0.83768225), (0.8110631, 0.8375946), (0.8111274, 0.83824104), (0.81091833, 0.8372508), (0.81072694, 0.8365305), (0.8106544, 0.83690494), (0.8132256, 0.84778154), (0.81272334, 0.8474775), (0.81261003, 0.8477032), (0.8122132, 0.8424458), (0.81173366, 0.8424579), (0.8116426, 0.8431324), (0.81202173, 0.8417399), (0.81154305, 0.84119856), (0.8112925, 0.84141755), (0.8113685, 0.8397107), (0.8109683, 0.84006494), (0.8117463, 0.840343), (0.81134653, 0.8387064), (0.8108262, 0.83855677), (0.81088823, 0.8391187), (0.8110631, 0.8375946), (0.81091833, 0.8372508), (0.81056535, 0.83755344), (0.81080014, 0.83594763), (0.81072694, 0.8365305), (0.8113471, 0.8362936), (0.8132256, 0.84778154), (0.81258535, 0.8481083), (0.8126631, 0.8482615), (0.8125107, 0.8445664), (0.81205046, 0.84515274), (0.8126032, 0.84485364), (0.8125499, 0.84334445), (0.8116426, 0.8431324), (0.81182706, 0.8434155), (0.8122132, 0.8424458), (0.811798, 0.8421558), (0.81173366, 0.8424579), (0.81202173, 0.8417399), (0.8112925, 0.84141755), (0.8115967, 0.84184885), (0.8119095, 0.84101254), (0.8117101, 0.84070146), (0.81154305, 0.84119856), (0.81324327, 0.84843194), (0.8126631, 0.8482615), (0.8126855, 0.8484368), (0.8132256, 0.84778154), (0.81261003, 0.8477032), (0.81258535, 0.8481083), (0.8125589, 0.84708333), (0.81272334, 0.8474775), (0.8132, 0.8470112), (0.8117101, 0.84070146), (0.81143403, 0.8405023), (0.81154305, 0.84119856), (0.81143403, 0.8405023), (0.8109683, 0.84006494), (0.8108119, 0.8403505), (0.81091833, 0.8372508), (0.81039, 0.83723736), (0.81056535, 0.83755344), (0.8106544, 0.83690494), (0.81039, 0.83723736), (0.81091833, 0.8372508), (0.81227946, 0.845345), (0.81205046, 0.84515274), (0.81222284, 0.8457166), (0.811798, 0.8421558), (0.8115967, 0.84184885), (0.811347, 0.84234965), (0.8112925, 0.84141755), (0.8109993, 0.84189105), (0.8115967, 0.84184885), (0.81154305, 0.84119856), (0.81098694, 0.84107995), (0.8112925, 0.84141755), (0.81056535, 0.83755344), (0.81033957, 0.8380379), (0.8111274, 0.83824104), (0.8125589, 0.84708333), (0.81212354, 0.8472067), (0.81272334, 0.8474775), (0.8121937, 0.8459509), (0.8116665, 0.84639806), (0.8122065, 0.8464531), (0.8115967, 0.84184885), (0.8109993, 0.84189105), (0.811347, 0.84234965), (0.81154305, 0.84119856), (0.8108119, 0.8403505), (0.81064796, 0.8409544), (0.8109683, 0.84006494), (0.81057477, 0.83991814), (0.8108119, 0.8403505), (0.8111274, 0.83824104), (0.81033957, 0.8380379), (0.8108262, 0.83855677), (0.8125942, 0.8468335), (0.81178486, 0.8466635), (0.8121475, 0.8469347), (0.8125942, 0.8468335), (0.8122065, 0.8464531), (0.81178486, 0.8466635), (0.81222284, 0.8457166), (0.8115715, 0.84589505), (0.8121937, 0.8459509), (0.8116426, 0.8431324), (0.81133103, 0.8434276), (0.81182706, 0.8434155), (0.811347, 0.84234965), (0.8111465, 0.84274065), (0.81173366, 0.8424579), (0.81088823, 0.8391187), (0.81035113, 0.8388326), (0.81014967, 0.839216), (0.8126855, 0.8484368), (0.8126631, 0.8482615), (0.8124092, 0.84865665), (0.81210124, 0.8474332), (0.8119424, 0.8479494), (0.81258535, 0.8481083), (0.81178486, 0.8466635), (0.8117631, 0.84709805), (0.8121475, 0.8469347), (0.81121653, 0.84639716), (0.811014, 0.8466716), (0.8121937, 0.8459509), (0.8115715, 0.84589505), (0.8116665, 0.84639806), (0.81205046, 0.84515274), (0.8113527, 0.8456105), (0.81222284, 0.8457166), (0.81205046, 0.84515274), (0.8113638, 0.8451086), (0.8113527, 0.8456105), (0.81188834, 0.8448341), (0.8113809, 0.8444955), (0.8113638, 0.8451086), (0.81057477, 0.83991814), (0.8101597, 0.8403283), (0.8108119, 0.8403505), (0.8126631, 0.8482615), (0.8119424, 0.8479494), (0.8117603, 0.8482667), (0.81133103, 0.8434276), (0.8110198, 0.84368104), (0.81148756, 0.8440158), (0.8111465, 0.84274065), (0.81095356, 0.84306437), (0.81133103, 0.8434276), (0.8100121, 0.8398298), (0.81057477, 0.83991814), (0.8106899, 0.83957136), (0.81047094, 0.8405173), (0.810223, 0.84075594), (0.81064796, 0.8409544), (0.8110198, 0.84368104), (0.8109598, 0.84432775), (0.81148756, 0.8440158), (0.8100568, 0.83750284), (0.80957735, 0.8379829), (0.80998135, 0.8383353), (0.8124092, 0.84865665), (0.8117603, 0.8482667), (0.81171, 0.84871215), (0.8113809, 0.8444955), (0.8109598, 0.84432775), (0.8113638, 0.8451086), (0.8111465, 0.84274065), (0.81068516, 0.84262574), (0.81095356, 0.84306437), (0.8109993, 0.84189105), (0.8105092, 0.84205765), (0.8108204, 0.84229434), (0.8107531, 0.8416185), (0.81062186, 0.84129655), (0.8102524, 0.84177136), (0.8124092, 0.84865665), (0.81171, 0.84871215), (0.81183946, 0.84920543), (0.8116665, 0.84639806), (0.81121653, 0.84639716), (0.81178486, 0.8466635), (0.81212354, 0.8472067), (0.8117631, 0.84709805), (0.81164634, 0.8473028), (0.80973864, 0.8386675), (0.8095686, 0.8392483), (0.81014967, 0.839216), (0.8110198, 0.84368104), (0.81095356, 0.84306437), (0.81060004, 0.8436806), (0.81064796, 0.8409544), (0.8101166, 0.8410771), (0.81062186, 0.84129655), (0.810223, 0.84075594), (0.8101166, 0.8410771), (0.81064796, 0.8409544), (0.81069076, 0.84464663), (0.8113638, 0.8451086), (0.8109598, 0.84432775), (0.80957735, 0.8379829), (0.80973864, 0.8386675), (0.80998135, 0.8383353), (0.8090209, 0.83796537), (0.80905104, 0.8385222), (0.80821735, 0.8346569), (0.8061809, 0.83496773), (0.8067229, 0.83600974), (0.8087235, 0.8356367), (0.8095513, 0.8350521), (0.81000894, 0.83595014), (0.8119424, 0.8479494), (0.8115678, 0.847747), (0.8117603, 0.8482667), (0.8117631, 0.84709805), (0.811445, 0.8468323), (0.8112106, 0.8469931), (0.8115715, 0.84589505), (0.81094104, 0.8461443), (0.8116665, 0.84639806), (0.8106614, 0.8464008), (0.811014, 0.8466716), (0.81095356, 0.84306437), (0.8103407, 0.8436178), (0.81060004, 0.8436806), (0.80974907, 0.8399699), (0.80964017, 0.84029514), (0.8101597, 0.8403283), (0.81164634, 0.8473028), (0.8112106, 0.8469931), (0.8111787, 0.84725577), (0.81178486, 0.8466635), (0.811014, 0.8466716), (0.811445, 0.8468323), (0.8116665, 0.84639806), (0.81094104, 0.8461443), (0.81121653, 0.84639716), (0.8105092, 0.84205765), (0.81013846, 0.84249455), (0.8108204, 0.84229434), (0.8101166, 0.8410771), (0.8098813, 0.840734), (0.80991524, 0.8412869), (0.810223, 0.84075594), (0.8098813, 0.840734), (0.8101166, 0.8410771), (0.8101597, 0.8403283), (0.80964017, 0.84029514), (0.8098813, 0.840734), (0.811445, 0.8468323), (0.811014, 0.8466716), (0.8112106, 0.8469931), (0.8106551, 0.84413904), (0.81060004, 0.8436806), (0.81020033, 0.8440478), (0.81013846, 0.84249455), (0.81003165, 0.84328187), (0.81068516, 0.84262574), (0.80991524, 0.8412869), (0.80972594, 0.8416766), (0.8102524, 0.84177136), (0.8098813, 0.840734), (0.80964017, 0.84029514), (0.80942416, 0.84062856), (0.8100121, 0.8398298), (0.8092233, 0.8395414), (0.80974907, 0.8399699), (0.8087235, 0.8356367), (0.8085876, 0.8364378), (0.80915874, 0.83629143), (0.81028205, 0.8453115), (0.8107761, 0.8456879), (0.81076056, 0.84533), (0.8106551, 0.84413904), (0.81020033, 0.8440478), (0.81069076, 0.84464663), (0.80991524, 0.8412869), (0.80921197, 0.841467), (0.80972594, 0.8416766), (0.8095686, 0.8392483), (0.80920666, 0.8390063), (0.8092233, 0.8395414), (0.80932975, 0.8374196), (0.80869544, 0.8374719), (0.8090209, 0.83796537), (0.80932975, 0.8374196), (0.8087373, 0.8371095), (0.80869544, 0.8374719), (0.8111787, 0.84725577), (0.81086385, 0.8476952), (0.8115678, 0.847747), (0.81060004, 0.8436806), (0.8103407, 0.8436178), (0.80989826, 0.8438079), (0.8103407, 0.8436178), (0.81003165, 0.84328187), (0.80989826, 0.8438079), (0.81013846, 0.84249455), (0.8095099, 0.84293616), (0.81003165, 0.84328187), (0.8102524, 0.84177136), (0.80972594, 0.8416766), (0.8094323, 0.84232545), (0.80964017, 0.84029514), (0.80927515, 0.84006613), (0.80942416, 0.84062856), (0.80905104, 0.8385222), (0.80880785, 0.838887), (0.80920666, 0.8390063), (0.80940807, 0.8431765), (0.8093634, 0.84344524), (0.81003165, 0.84328187), (0.8108114, 0.84689796), (0.8106308, 0.8471096), (0.8111787, 0.84725577), (0.8107761, 0.8456879), (0.81028205, 0.8453115), (0.8102384, 0.84558904), (0.8095099, 0.84293616), (0.80940807, 0.8431765), (0.81003165, 0.84328187), (0.8094323, 0.84232545), (0.809373, 0.8426498), (0.81013846, 0.84249455), (0.80942416, 0.84062856), (0.80896866, 0.8404362), (0.80882746, 0.8409717), (0.80905104, 0.8385222), (0.80860996, 0.8381989), (0.8084913, 0.8386487), (0.810544, 0.84606373), (0.8102039, 0.8463114), (0.8106614, 0.8464008), (0.81069076, 0.84464663), (0.80989397, 0.8444992), (0.81028205, 0.8453115), (0.80989826, 0.8438079), (0.8095255, 0.8442039), (0.81020033, 0.8440478), (0.8085876, 0.8364378), (0.8079586, 0.83699405), (0.8087373, 0.8371095), (0.8085876, 0.8364378), (0.8076253, 0.83644986), (0.8079586, 0.83699405), (0.8110192, 0.8484533), (0.81095845, 0.8481227), (0.8105572, 0.84857285), (0.80880785, 0.838887), (0.8084913, 0.8386487), (0.8087666, 0.8393307), (0.8101018, 0.8458911), (0.8102039, 0.8463114), (0.810544, 0.84606373), (0.81028205, 0.8453115), (0.8098725, 0.84518564), (0.8102384, 0.84558904), (0.80989397, 0.8444992), (0.8098725, 0.84518564), (0.81028205, 0.8453115), (0.81003165, 0.84328187), (0.8093271, 0.8437754), (0.80989826, 0.8438079), (0.80882746, 0.8409717), (0.808901, 0.84137243), (0.80921197, 0.841467), (0.8087666, 0.8393307), (0.80891865, 0.8400058), (0.8092233, 0.8395414), (0.81029797, 0.84661853), (0.8102631, 0.8469938), (0.8106308, 0.8471096), (0.8102384, 0.84558904), (0.8098725, 0.84518564), (0.80979353, 0.8454705), (0.80989826, 0.8438079), (0.8093271, 0.8437754), (0.8095255, 0.8442039), (0.8090148, 0.8420129), (0.8087965, 0.8425063), (0.8094323, 0.84232545), (0.80989397, 0.8444992), (0.8095312, 0.8449092), (0.8098725, 0.84518564), (0.8095255, 0.8442039), (0.8094452, 0.8445723), (0.80989397, 0.8444992), (0.8093634, 0.84344524), (0.8089455, 0.8435819), (0.8093271, 0.8437754), (0.80940807, 0.8431765), (0.80899334, 0.8432933), (0.8093634, 0.84344524), (0.809373, 0.8426498), (0.8087965, 0.8425063), (0.8095099, 0.84293616), (0.80842817, 0.8413235), (0.8084991, 0.841928), (0.808901, 0.84137243), (0.8097258, 0.8459521), (0.809637, 0.8462678), (0.8102039, 0.8463114), (0.8081025, 0.8384339), (0.80798435, 0.8389915), (0.8087666, 0.8393307), (0.81029797, 0.84661853), (0.809637, 0.8462678), (0.80978847, 0.846933), (0.8084416, 0.8404236), (0.8080405, 0.8406477), (0.80882746, 0.8409717), (0.808368, 0.8398436), (0.8084416, 0.8404236), (0.8087671, 0.84017247), (0.8094452, 0.8445723), (0.80912566, 0.84484214), (0.8095312, 0.8449092), (0.8095255, 0.8442039), (0.8093271, 0.8437754), (0.8090804, 0.8442818), (0.8084416, 0.8404236), (0.80786663, 0.840105), (0.8080405, 0.8406477), (0.8076253, 0.83644986), (0.8074267, 0.8370261), (0.8079586, 0.83699405), (0.8095312, 0.8449092), (0.80912566, 0.84484214), (0.8093252, 0.8452621), (0.8090804, 0.8442818), (0.80871433, 0.84456784), (0.8094452, 0.8445723), (0.8093271, 0.8437754), (0.8089455, 0.8435819), (0.8085453, 0.84401053), (0.80842817, 0.8413235), (0.8080405, 0.8406477), (0.8077577, 0.84134924), (0.8092245, 0.8458), (0.8097258, 0.8459521), (0.8093252, 0.8452621), (0.80842817, 0.8413235), (0.8077577, 0.84134924), (0.80788505, 0.84172106), (0.8090804, 0.8442818), (0.8085453, 0.84401053), (0.80871433, 0.84456784), (0.8083287, 0.84259593), (0.80801636, 0.8429236), (0.8084136, 0.84312713), (0.8077967, 0.8396796), (0.8072367, 0.8398172), (0.80786663, 0.840105), (0.80768263, 0.83791447), (0.80688524, 0.83769), (0.80691725, 0.83826375), (0.8075604, 0.8386331), (0.806947, 0.83880186), (0.80744207, 0.8393388), (0.8084836, 0.8437195), (0.80759585, 0.8431503), (0.8077368, 0.84358585), (0.80786663, 0.840105), (0.80727243, 0.84050137), (0.8080405, 0.8406477), (0.80871433, 0.84456784), (0.80808234, 0.84403664), (0.80808496, 0.84464073), (0.80806595, 0.842186), (0.8075976, 0.8428341), (0.80801636, 0.8429236), (0.8094138, 0.8467042), (0.8086883, 0.8466587), (0.8089613, 0.8474048), (0.8077368, 0.84358585), (0.80773664, 0.8439405), (0.80808234, 0.84403664), (0.80744207, 0.8393388), (0.806947, 0.83880186), (0.80692935, 0.8394822), (0.80679643, 0.8370159), (0.80608386, 0.83702195), (0.80619365, 0.83766216), (0.8088478, 0.8456527), (0.80841744, 0.84593236), (0.80910605, 0.8461342), (0.80700624, 0.8416312), (0.80788505, 0.84172106), (0.8077577, 0.84134924), (0.80692935, 0.8394822), (0.80647, 0.83977944), (0.8072367, 0.8398172), (0.80679643, 0.8370159), (0.80536664, 0.83605015), (0.80608386, 0.83702195), (0.8072367, 0.8398172), (0.80647, 0.83977944), (0.807001, 0.8401185), (0.80753577, 0.8443543), (0.8073664, 0.8446723), (0.80808496, 0.84464073), (0.80773664, 0.8439405), (0.80753577, 0.8443543), (0.80808234, 0.84403664), (0.807001, 0.8401185), (0.8064002, 0.84041876), (0.8071422, 0.8410107), (0.80536664, 0.83605015), (0.8054334, 0.83671486), (0.80608386, 0.83702195), (0.80668265, 0.8420644), (0.80683124, 0.84292066), (0.80759585, 0.8431503), (0.80627793, 0.8391625), (0.80560076, 0.8392956), (0.80647, 0.83977944), (0.8054334, 0.83671486), (0.8057258, 0.83818907), (0.80619365, 0.83766216), (0.8082633, 0.8463386), (0.80727947, 0.8463169), (0.8080236, 0.84678286), (0.8077292, 0.84599566), (0.80727947, 0.8463169), (0.8082633, 0.8463386), (0.807267, 0.8436225), (0.8073664, 0.8446723), (0.80753577, 0.8443543), (0.8071422, 0.8410107), (0.8064002, 0.84041876), (0.80700624, 0.8416312), (0.80647, 0.83977944), (0.80560076, 0.8392956), (0.8060205, 0.84004253), (0.8064002, 0.84041876), (0.80647, 0.83977944), (0.8052443, 0.8398862), (0.8060205, 0.84004253), (0.80560076, 0.8392956), (0.8052443, 0.8398862), (0.805094, 0.8399324), (0.8054579, 0.84104574), (0.80567354, 0.8414077), (0.8047569, 0.83806145), (0.8045272, 0.83819836), (0.8054334, 0.83671486), (0.8052443, 0.8398862), (0.80560076, 0.8392956), (0.8080236, 0.84678286), (0.80727947, 0.8463169), (0.8068947, 0.8471124), (0.8076586, 0.8485334), (0.8078927, 0.8476739), (0.80668265, 0.8420644), (0.80586666, 0.84155965), (0.80656517, 0.8429102), (0.8072903, 0.8454421), (0.8064338, 0.84504133), (0.80727947, 0.8463169), (0.80586666, 0.84155965), (0.8066921, 0.8439918), (0.80656517, 0.8429102), (0.82053757, 0.8360523), (0.8208586, 0.8366034), (0.8212702, 0.83616734), (0.82019305, 0.8412295), (0.8198447, 0.84166807), (0.8203014, 0.84169173), (0.819745, 0.8432051), (0.81991863, 0.84340024), (0.82024026, 0.8432252), (0.8187852, 0.8401281), (0.8193022, 0.8401015), (0.8192485, 0.83960617), (0.81876636, 0.8390473), (0.8184021, 0.8396776), (0.8188558, 0.83946), (0.8190479, 0.84449124), (0.81940174, 0.8449588), (0.8195672, 0.8442502), (0.81874704, 0.8448664), (0.8189254, 0.8451309), (0.81940174, 0.8449588), (0.8179509, 0.8456095), (0.81837773, 0.84562105), (0.81855106, 0.8453909), (0.8158203, 0.8381866), (0.81629616, 0.83768487), (0.8157048, 0.8377378), (0.8154957, 0.8357771), (0.81565034, 0.8360398), (0.81584287, 0.8355681), (0.81579983, 0.8373364), (0.8157048, 0.8377378), (0.81629616, 0.83768487), (0.8149658, 0.8356956), (0.8154957, 0.8357771), (0.81536263, 0.835287), (0.81602365, 0.8420687), (0.8163862, 0.84248775), (0.81664217, 0.8419367), (0.8162881, 0.8451899), (0.8167625, 0.8455781), (0.8167832, 0.8451508), (0.8158066, 0.8401916), (0.8156816, 0.84048605), (0.8158871, 0.8407923), (0.81466806, 0.8393471), (0.81537944, 0.839136), (0.8149104, 0.8388458), (0.8159693, 0.8455874), (0.81627715, 0.8457061), (0.81615305, 0.84538925), (0.8152746, 0.843712), (0.8155211, 0.8430145), (0.81504214, 0.8431612), (0.81496495, 0.84202474), (0.8155474, 0.8417803), (0.81472665, 0.84185195), (0.81506324, 0.8414521), (0.8153253, 0.84108794), (0.8147115, 0.84111977), (0.8142062, 0.8402335), (0.81486106, 0.84009814), (0.81491506, 0.83959574), (0.81476176, 0.8407805), (0.8147115, 0.84111977), (0.8152332, 0.84078336), (0.81440526, 0.84045076), (0.81486106, 0.84009814), (0.8142062, 0.8402335), (0.81492907, 0.8426605), (0.8153291, 0.8424269), (0.81496495, 0.84202474), (0.8134057, 0.83608526), (0.8138029, 0.8364089), (0.8136939, 0.8358681), (0.81533235, 0.8456937), (0.81506896, 0.8462702), (0.8158557, 0.84604585), (0.8155246, 0.84712756), (0.81578135, 0.8468797), (0.8154292, 0.84677196), (0.8129512, 0.83778304), (0.8132156, 0.83836937), (0.813594, 0.8375277), (0.8143322, 0.8466001), (0.814662, 0.846212), (0.81405973, 0.8459682), (0.81220543, 0.83686197), (0.8128121, 0.8372373), (0.8126748, 0.8365495), (0.8134254, 0.84508646), (0.81388426, 0.84510005), (0.813723, 0.8446156), (0.8134464, 0.8429028), (0.8136789, 0.84219027), (0.8130225, 0.84238666), (0.8116107, 0.8371682), (0.81189394, 0.83751726), (0.81220543, 0.83686197), (0.81212354, 0.8472067), (0.8121475, 0.8469347), (0.8117631, 0.84709805), (0.8115678, 0.847747), (0.81210124, 0.8474332), (0.81164634, 0.8473028), (0.8102039, 0.8463114), (0.81029797, 0.84661853), (0.8106614, 0.8464008), (0.80736685, 0.83592063), (0.8076253, 0.83644986), (0.8085876, 0.8364378), (0.80860496, 0.8433571), (0.80899334, 0.8432933), (0.8084136, 0.84312713), (0.8085453, 0.84401053), (0.80808234, 0.84403664), (0.80871433, 0.84456784), (0.80753577, 0.8443543), (0.80773664, 0.8439405), (0.807267, 0.8436225), (0.8052932, 0.8409475), (0.805094, 0.8399324), (0.8045272, 0.83819836), (0.8054579, 0.84104574), (0.8066921, 0.8439918), (0.80567354, 0.8414077), (0.805094, 0.8399324), (0.8052443, 0.8398862), (0.8045272, 0.83819836), (0.82303494, 0.84564304), (0.8231422, 0.84515375), (0.8225808, 0.84506977), (0.8218242, 0.8454014), (0.82257843, 0.8463073), (0.82303494, 0.84564304), (0.8222978, 0.8460238), (0.8235812, 0.84621334), (0.8237658, 0.8452426), (0.81999725, 0.8376795), (0.8197182, 0.8372083), (0.8194488, 0.8377036), (0.8192557, 0.8375703), (0.82062596, 0.8438951), (0.819855, 0.8436778), (0.8201387, 0.843894), (0.82060575, 0.843369), (0.82036495, 0.8480824), (0.82017696, 0.8484357), (0.82017297, 0.84868604), (0.82172763, 0.84843606), (0.8213007, 0.8479197), (0.8209572, 0.8476769), (0.8201419, 0.8477578), (0.82007194, 0.8443314), (0.8201387, 0.843894), (0.8195672, 0.8442502), (0.82062596, 0.8438951), (0.8198378, 0.8449459), (0.8196629, 0.8451284), (0.8202106, 0.8450052), (0.81940174, 0.8449588), (0.819855, 0.8436778), (0.81991863, 0.84340024), (0.8192932, 0.8434751), (0.8191909, 0.843995), (0.8187406, 0.8405238), (0.8182286, 0.8410617), (0.8185935, 0.84101456), (0.8181411, 0.8404098), (0.8191909, 0.843995), (0.81853795, 0.84427184), (0.81846607, 0.84459025), (0.8190479, 0.84449124), (0.81570417, 0.83448267), (0.81655157, 0.8336799), (0.81394124, 0.83365464), (0.81682456, 0.8344321), (0.8175056, 0.83379537), (0.8194391, 0.83331215), (0.81883514, 0.8341977), (0.8166628, 0.8364877), (0.81710225, 0.8359393), (0.81630903, 0.83594096), (0.81735814, 0.8362998), (0.8167544, 0.8443613), (0.8160395, 0.84454566), (0.81662077, 0.84479636), (0.8167832, 0.8451508), (0.8162881, 0.8451899), (0.81602377, 0.84167725), (0.81630814, 0.84116745), (0.81570935, 0.84142756), (0.8158871, 0.8407923), (0.81625664, 0.84861815), (0.81658685, 0.84807795), (0.8158052, 0.84804845), (0.8157397, 0.8484173), (0.8156966, 0.8452309), (0.8153443, 0.8451217), (0.81533235, 0.8456937), (0.81555796, 0.8446934), (0.8150148, 0.84444857), (0.8142717, 0.8450359), (0.8147547, 0.84502393), (0.81440496, 0.84458697), (0.814662, 0.846212), (0.81481344, 0.8458425), (0.81405973, 0.8459682), (0.81405556, 0.84568113), (0.81417465, 0.84852374), (0.8146346, 0.84813017), (0.8140822, 0.84802467), (0.8148093, 0.84862906), (0.81388426, 0.84510005), (0.8134254, 0.84508646), (0.81388223, 0.84553677), (0.81337285, 0.84552515), (0.8113471, 0.8362936), (0.81140035, 0.835347), (0.81080014, 0.83594763), (0.8120967, 0.83596814), (0.8119654, 0.84059185), (0.8120308, 0.84019405), (0.8117463, 0.840343), (0.81244063, 0.84058154), (0.8113685, 0.8397107), (0.81141424, 0.8391484), (0.81105113, 0.8395422), (0.8109683, 0.84006494), (0.81080014, 0.83594763), (0.81000894, 0.83595014), (0.81072694, 0.8365305), (0.8101234, 0.83654594), (0.8106544, 0.83690494), (0.81105113, 0.8395422), (0.81057477, 0.83991814), (0.8109683, 0.84006494), (0.8106899, 0.83957136), (0.81088823, 0.8391187), (0.81033957, 0.8380379), (0.8100568, 0.83750284), (0.80998135, 0.8383353), (0.81056535, 0.83755344), (0.81039, 0.83723736), (0.8109993, 0.84189105), (0.8107531, 0.8416185), (0.8105092, 0.84205765), (0.8102524, 0.84177136), (0.81013846, 0.84249455), (0.810223, 0.84075594), (0.81047094, 0.8405173), (0.8101597, 0.8403283), (0.8098813, 0.840734), (0.8110198, 0.84368104), (0.8106551, 0.84413904), (0.8109598, 0.84432775), (0.81069076, 0.84464663), (0.8113638, 0.8451086), (0.81069076, 0.84464663), (0.81076056, 0.84533), (0.8113527, 0.8456105), (0.81094104, 0.8461443), (0.8107761, 0.8456879), (0.810544, 0.84606373), (0.8106614, 0.8464008), (0.8098813, 0.840734), (0.80942416, 0.84062856), (0.80991524, 0.8412869), (0.80921197, 0.841467), (0.810544, 0.84606373), (0.8107761, 0.8456879), (0.8102384, 0.84558904), (0.8101018, 0.8458911), (0.81183946, 0.84920543), (0.81015074, 0.84996223), (0.8126446, 0.8496743), (0.81129634, 0.8488809), (0.8105172, 0.8490094), (0.80899334, 0.8432933), (0.80860496, 0.8433571), (0.8089455, 0.8435819), (0.8084836, 0.8437195), (0.80978847, 0.846933), (0.8094138, 0.8467042), (0.80972904, 0.847433), (0.809637, 0.8462678), (0.80968654, 0.84862846), (0.809018, 0.84836745), (0.8091217, 0.84899163), (0.8101248, 0.84920275), (0.80688524, 0.83769), (0.80619365, 0.83766216), (0.80691725, 0.83826375), (0.80679643, 0.8370159), (0.80768263, 0.83791447), (0.8083036, 0.8451027), (0.8086376, 0.84479046), (0.80808496, 0.84464073), (0.8073664, 0.8446723), (0.8083036, 0.8451027), (0.8079494, 0.8453264), (0.8081497, 0.8455868), (0.8093252, 0.8452621), (0.8086376, 0.84479046), (0.80839384, 0.8471645), (0.8086883, 0.8466587), (0.8080236, 0.84678286), (0.8082633, 0.8463386), (0.8079494, 0.8453264), (0.8073664, 0.8446723), (0.8072903, 0.8454421), (0.8064338, 0.84504133), (0.8066921, 0.8439918), (0.807267, 0.8436225), (0.80656517, 0.8429102), (0.80683124, 0.84292066), (0.80668265, 0.8420644), (0.8077292, 0.84599566), (0.8072903, 0.8454421), (0.80727947, 0.8463169), (0.8081497, 0.8455868), (0.80841744, 0.84593236), (0.82293, 0.8349812), (0.8226349, 0.8357446), (0.8230352, 0.836965), (0.8218484, 0.83547056), (0.8216686, 0.83419985), (0.82311976, 0.8384206), (0.8230352, 0.836965), (0.8222968, 0.83749413), (0.8223827, 0.8369499), (0.82137483, 0.8474698), (0.8209572, 0.8476769), (0.8213007, 0.8479197), (0.8217814, 0.8479272), (0.82172763, 0.84843606), (0.82093465, 0.84692985), (0.8204859, 0.8468337), (0.82065535, 0.84730923), (0.8209572, 0.8476769), (0.8201419, 0.8477578), (0.8196139, 0.83689266), (0.81898355, 0.83673716), (0.81912935, 0.8371435), (0.8192562, 0.8364475), (0.81651807, 0.83973587), (0.8159713, 0.8398119), (0.8165816, 0.8403005), (0.8161473, 0.8403166), (0.81579983, 0.8373364), (0.8156563, 0.8368489), (0.8150223, 0.8371192), (0.8153086, 0.83783805), (0.81633085, 0.8406967), (0.8161473, 0.8403166), (0.8158871, 0.8407923), (0.8158066, 0.8401916), (0.8149104, 0.8388458), (0.81484115, 0.83826625), (0.8145671, 0.8388466), (0.8141254, 0.8386611), (0.8145671, 0.8388466), (0.81466806, 0.8393471), (0.8149104, 0.8388458), (0.8136864, 0.83911675), (0.8141254, 0.8386611), (0.81486106, 0.84009814), (0.81440526, 0.84045076), (0.81476176, 0.8407805), (0.81435406, 0.8408723), (0.8138029, 0.8364089), (0.8134113, 0.8366219), (0.81349266, 0.83702284), (0.8141175, 0.8369664), (0.813594, 0.8375277), (0.81425655, 0.83760357), (0.8139398, 0.8380178), (0.8142717, 0.8450359), (0.81405556, 0.84568113), (0.81443316, 0.8452839), (0.81388426, 0.84510005), (0.81251836, 0.8457531), (0.8121937, 0.8459509), (0.8129474, 0.846205), (0.81222284, 0.8457166), (0.8129802, 0.84879017), (0.8124092, 0.84865665), (0.8125229, 0.8491485), (0.81183946, 0.84920543), (0.80927515, 0.84006613), (0.80891865, 0.8400058), (0.80896866, 0.8404362), (0.8087671, 0.84017247), (0.80839384, 0.8471645), (0.8068947, 0.8471124), (0.8078927, 0.8476739), (0.8085172, 0.8478153), (0.8084395, 0.84852874), (0.8089613, 0.8474048), (0.8086883, 0.8466587), (0.8194488, 0.8377036), (0.8193484, 0.8379686), (0.81999725, 0.8376795), (0.8203945, 0.83784175), (0.82010174, 0.83840823), (0.8195783, 0.83845925), (0.8235812, 0.84621334), (0.82257843, 0.8463073), (0.82322896, 0.84740156), (0.82242167, 0.8469935), (0.8224504, 0.8474581), (0.8228674, 0.84066606), (0.8228948, 0.8399562), (0.82211626, 0.8405032), (0.82224476, 0.84091187), (0.8231422, 0.84515375), (0.8230284, 0.8445804), (0.8225808, 0.84506977), (0.8223233, 0.8445328), (0.8222781, 0.84407187), (0.8214536, 0.83471453), (0.8216686, 0.83419985), (0.82064474, 0.83420056), (0.8194391, 0.83331215), (0.8218484, 0.83547056), (0.8211976, 0.8354129), (0.8212702, 0.83616734), (0.8214536, 0.83471453), (0.8215797, 0.8408831), (0.82211626, 0.8405032), (0.8215936, 0.8403881), (0.82210237, 0.83986086), (0.8215203, 0.8396563), (0.822258, 0.842981), (0.82197535, 0.84262764), (0.821503, 0.84304345), (0.8217196, 0.84342337), (0.82242167, 0.8469935), (0.8218323, 0.8473455), (0.8224504, 0.8474581), (0.82178056, 0.84630305), (0.8222978, 0.8460238), (0.8218242, 0.8454014), (0.82178056, 0.84630305), (0.8213845, 0.8461141), (0.82125276, 0.8466455), (0.8224504, 0.8474581), (0.8218323, 0.8473455), (0.8217814, 0.8479272), (0.82137483, 0.8474698), (0.8214748, 0.84524333), (0.8220555, 0.84489834), (0.8212828, 0.84482026), (0.8217696, 0.8443388), (0.8208448, 0.8416957), (0.8216761, 0.8413347), (0.82088125, 0.84139365), (0.8215797, 0.8408831), (0.8208624, 0.8403372), (0.8206332, 0.83975494), (0.8202848, 0.8407282), (0.8198597, 0.8399602), (0.82065153, 0.83930427), (0.82120705, 0.83881456), (0.8198329, 0.83889925), (0.8205748, 0.8386028), (0.82125276, 0.8466455), (0.82093465, 0.84692985), (0.82137483, 0.8474698), (0.8209572, 0.8476769), (0.82088125, 0.84139365), (0.82019305, 0.8412295), (0.8203014, 0.84169173), (0.8208448, 0.8416957), (0.82093465, 0.84692985), (0.8206959, 0.84641016), (0.8204859, 0.8468337), (0.82022536, 0.8464552), (0.82063174, 0.84561414), (0.82083166, 0.84525126), (0.8202096, 0.84535635), (0.8202106, 0.8450052), (0.82063174, 0.84561414), (0.82116824, 0.84561265), (0.82103956, 0.8460203), (0.81974715, 0.8407157), (0.8193022, 0.8401015), (0.8192661, 0.84076405), (0.8198597, 0.8399602), (0.8198597, 0.8399602), (0.8192485, 0.83960617), (0.8193022, 0.8401015), (0.81992817, 0.8394437), (0.82045317, 0.84459203), (0.81978333, 0.844592), (0.8198378, 0.8449459), (0.81940174, 0.8449588), (0.8195672, 0.8442502), (0.8187406, 0.8405238), (0.8187852, 0.8401281), (0.8181411, 0.8404098), (0.81835145, 0.84007496), (0.81792736, 0.8399102), (0.8175588, 0.84000766), (0.8181411, 0.8404098), (0.8175951, 0.84058416), (0.8180803, 0.8389469), (0.81781393, 0.83851707), (0.8175261, 0.8384662), (0.81756204, 0.83935106), (0.8192842, 0.8479106), (0.8186502, 0.84801257), (0.81848705, 0.84830457), (0.8188132, 0.84773266), (0.81717956, 0.8372607), (0.8174077, 0.8369161), (0.81667936, 0.83695364), (0.8176571, 0.8372357), (0.81826484, 0.84787047), (0.81825954, 0.8474235), (0.8178761, 0.8474599), (0.81815827, 0.8469106), (0.8167044, 0.83758295), (0.81667936, 0.83695364), (0.8160679, 0.83676934), (0.81629616, 0.83768487), (0.8171273, 0.83985245), (0.8170162, 0.8391409), (0.81651807, 0.83973587), (0.8174651, 0.83961904), (0.8165816, 0.8403005), (0.81633085, 0.8406967), (0.81691813, 0.8407047), (0.81684595, 0.840985), (0.81742907, 0.84439474), (0.8167497, 0.8439925), (0.8167544, 0.8443613), (0.81706756, 0.84390974), (0.81772226, 0.8470651), (0.81724524, 0.84691805), (0.8169308, 0.8475837), (0.81775045, 0.8464806), (0.8171849, 0.84860575), (0.8168999, 0.84832096), (0.81625664, 0.84861815), (0.8169208, 0.8488979), (0.81570935, 0.84142756), (0.81506324, 0.8414521), (0.8155474, 0.8417803), (0.8153253, 0.84108794), (0.81658685, 0.84807795), (0.8164221, 0.8477472), (0.8158052, 0.84804845), (0.8169308, 0.8475837), (0.8161913, 0.84724736), (0.8159693, 0.8455874), (0.8156966, 0.8452309), (0.81533235, 0.8456937), (0.8158557, 0.84604585), (0.81432307, 0.8360146), (0.8136939, 0.8358681), (0.8138029, 0.8364089), (0.81412864, 0.83555084), (0.8150148, 0.84444857), (0.8153688, 0.843985), (0.81477064, 0.8436457), (0.8152746, 0.843712), (0.8155106, 0.8476967), (0.81562996, 0.84735006), (0.8149954, 0.8475932), (0.8155246, 0.84712756), (0.81625664, 0.84861815), (0.8153515, 0.8486701), (0.8153658, 0.8492308), (0.8169208, 0.8488979), (0.8140754, 0.844444), (0.814605, 0.8437207), (0.8142462, 0.8438757), (0.8141929, 0.84324324), (0.8142717, 0.8450359), (0.81440496, 0.84458697), (0.813723, 0.8446156), (0.81388426, 0.84510005), (0.8148093, 0.84862906), (0.8153875, 0.8483242), (0.8146346, 0.84813017), (0.81475616, 0.847893), (0.81475616, 0.847893), (0.8140822, 0.84802467), (0.8146346, 0.84813017), (0.8142274, 0.8475797), (0.81457794, 0.84713864), (0.813935, 0.8471112), (0.8142274, 0.8475797), (0.8140905, 0.8468826), (0.8140905, 0.8468826), (0.8134208, 0.846483), (0.813935, 0.8471112), (0.81405973, 0.8459682), (0.8132625, 0.84335196), (0.81271166, 0.8427664), (0.8125499, 0.84334445), (0.8131314, 0.8438003), (0.8124887, 0.8414158), (0.8122539, 0.84093297), (0.8120933, 0.84133106), (0.8119095, 0.84101254), (0.8129474, 0.846205), (0.81337285, 0.84552515), (0.812847, 0.84578776), (0.8129291, 0.8454988), (0.81080014, 0.83594763), (0.81140035, 0.835347), (0.81071615, 0.83547425), (0.8110845, 0.83430505), (0.8120337, 0.8385645), (0.81134653, 0.8387064), (0.81141424, 0.8391484), (0.8115884, 0.8382693), (0.81364083, 0.84897673), (0.8137274, 0.8485788), (0.8129802, 0.84879017), (0.81324327, 0.84843194), (0.8119202, 0.84437275), (0.81238395, 0.84384966), (0.8119823, 0.8437667), (0.81148756, 0.8440158), (0.81035113, 0.8388326), (0.80973864, 0.8386675), (0.81014967, 0.839216), (0.80998135, 0.8383353), (0.8100568, 0.83750284), (0.80932975, 0.8374196), (0.80957735, 0.8379829), (0.8094186, 0.8369282), (0.8102384, 0.84558904), (0.80979353, 0.8454705), (0.8101018, 0.8458911), (0.8097258, 0.8459521), (0.80860996, 0.8381989), (0.8082771, 0.83772767), (0.8081025, 0.8384339), (0.8084913, 0.8386487), (0.8097258, 0.8459521), (0.80979353, 0.8454705), (0.8093252, 0.8452621), (0.8098725, 0.84518564), (0.8087965, 0.8425063), (0.8083287, 0.84259593), (0.8084136, 0.84312713), (0.8084991, 0.841928), (0.80816185, 0.83943754), (0.80744207, 0.8393388), (0.8077967, 0.8396796), (0.80798435, 0.8389915), (0.8081025, 0.8384339), (0.80768263, 0.83791447), (0.8075604, 0.8386331), (0.80798435, 0.8389915), (0.8074267, 0.8370261), (0.8076253, 0.83644986), (0.80699944, 0.8365222), (0.80679643, 0.8370159), (0.8083287, 0.84259593), (0.8084991, 0.841928), (0.80806595, 0.842186), (0.80801636, 0.8429236), (0.809637, 0.8462678), (0.80910605, 0.8461342), (0.8094138, 0.8467042), (0.8086883, 0.8466587), (0.8092245, 0.8458), (0.8093252, 0.8452621), (0.8088478, 0.8456527), (0.8081497, 0.8455868), (0.80841744, 0.84593236), (0.80984557, 0.8479751), (0.80972904, 0.847433), (0.8091134, 0.8479414), (0.80968654, 0.84862846), (0.80972904, 0.847433), (0.8094138, 0.8467042), (0.8089613, 0.8474048), (0.8091134, 0.8479414), (0.80786663, 0.840105), (0.807001, 0.8401185), (0.80727243, 0.84050137), (0.8072367, 0.8398172), (0.8072367, 0.8398172), (0.80744207, 0.8393388), (0.80692935, 0.8394822), (0.8077967, 0.8396796), (0.81015074, 0.84996223), (0.8101248, 0.84920275), (0.80830944, 0.8495568), (0.8091217, 0.84899163), (0.8091134, 0.8479414), (0.8085172, 0.8478153), (0.809018, 0.84836745), (0.8089613, 0.8474048), (0.807267, 0.8436225), (0.8077368, 0.84358585), (0.80683124, 0.84292066), (0.80759585, 0.8431503), (0.8091217, 0.84899163), (0.8084395, 0.84852874), (0.8076586, 0.8485334), (0.8078927, 0.8476739), (0.805802, 0.83893466), (0.8047569, 0.83806145), (0.80560076, 0.8392956), (0.8057258, 0.83818907), (0.8054334, 0.83671486), (0.82306665, 0.8438929), (0.82271254, 0.8436444), (0.8222781, 0.84407187), (0.8230284, 0.8445804), (0.8215592, 0.83675635), (0.8215889, 0.8373794), (0.8223827, 0.8369499), (0.82230735, 0.83648336), (0.8214536, 0.83471453), (0.82064474, 0.83420056), (0.8202319, 0.8347271), (0.8211976, 0.8354129), (0.82065886, 0.835424), (0.82162386, 0.8382971), (0.82137424, 0.8377453), (0.8207247, 0.83817565), (0.8203945, 0.83784175), (0.82257843, 0.8463073), (0.82178056, 0.84630305), (0.82242167, 0.8469935), (0.8222978, 0.8460238), (0.82178056, 0.84630305), (0.82125276, 0.8466455), (0.8218323, 0.8473455), (0.82137483, 0.8474698), (0.8224111, 0.8393438), (0.8225696, 0.83892506), (0.82230735, 0.8386595), (0.8218187, 0.83920455), (0.8191909, 0.843995), (0.8192932, 0.8434751), (0.81853795, 0.84427184), (0.81863445, 0.84370774), (0.8179926, 0.8394432), (0.81756204, 0.83935106), (0.81792736, 0.8399102), (0.8174651, 0.83961904), (0.8181273, 0.8487417), (0.82017297, 0.84868604), (0.81902844, 0.8485079), (0.81771415, 0.849074), (0.8169208, 0.8488979), (0.81870896, 0.84738433), (0.81825954, 0.8474235), (0.8188132, 0.84773266), (0.81826484, 0.84787047), (0.817075, 0.8352219), (0.8164996, 0.83475614), (0.8164414, 0.8355339), (0.81584287, 0.8355681), (0.81565034, 0.8360398), (0.8159902, 0.8364488), (0.81630903, 0.83594096), (0.81556207, 0.8363944), (0.8174801, 0.8482248), (0.81658685, 0.84807795), (0.8168999, 0.84832096), (0.8169308, 0.8475837), (0.8145332, 0.8351464), (0.81412864, 0.83555084), (0.8149658, 0.8356956), (0.813587, 0.83458686), (0.8147547, 0.84502393), (0.8149501, 0.84550464), (0.8153443, 0.8451217), (0.8150148, 0.84444857), (0.8149501, 0.84550464), (0.81443316, 0.8452839), (0.81481344, 0.8458425), (0.8147547, 0.84502393), (0.8142462, 0.8438757), (0.81375283, 0.8434123), (0.8138321, 0.8439475), (0.8140754, 0.844444), (0.81382746, 0.8413857), (0.8130438, 0.84119374), (0.8134875, 0.8415767), (0.81345636, 0.8408593), (0.8132156, 0.83836937), (0.812574, 0.8385041), (0.81299883, 0.8387875), (0.81264365, 0.837835), (0.81375283, 0.8434123), (0.8134754, 0.84408355), (0.8138321, 0.8439475), (0.8140754, 0.844444), (0.812847, 0.84578776), (0.81251836, 0.8457531), (0.8129474, 0.846205), (0.81227946, 0.845345), (0.8129291, 0.8454988), (0.81282973, 0.845081), (0.81238395, 0.84384966), (0.8119202, 0.84437275), (0.812832, 0.8443249), (0.8125107, 0.8445664), (0.81039, 0.83723736), (0.8101234, 0.83654594), (0.8100568, 0.83750284), (0.8094186, 0.8369282), (0.80974907, 0.8399699), (0.80927515, 0.84006613), (0.80964017, 0.84029514), (0.8092233, 0.8395414), (0.8117603, 0.8482667), (0.8110192, 0.8484533), (0.81171, 0.84871215), (0.81095845, 0.8481227), (0.8087373, 0.8371095), (0.8079586, 0.83699405), (0.80869544, 0.8374719), (0.8082771, 0.83772767), (0.80891865, 0.8400058), (0.808368, 0.8398436), (0.8087671, 0.84017247), (0.80816185, 0.83943754), (0.80736685, 0.83592063), (0.80821735, 0.8346569), (0.8067229, 0.83600974), (0.80699944, 0.8365222), (0.80842817, 0.8413235), (0.80788505, 0.84172106), (0.8084991, 0.841928), (0.80806595, 0.842186), (0.80691725, 0.83826375), (0.806947, 0.83880186), (0.8075604, 0.8386331), (0.80768263, 0.83791447), (0.80536664, 0.83605015), (0.80679643, 0.8370159), (0.8067229, 0.83600974), (0.8061809, 0.83496773), (0.80586666, 0.84155965), (0.80668265, 0.8420644), (0.80700624, 0.8416312), (0.8064002, 0.84041876), (0.82045317, 0.84459203), (0.82117534, 0.84463024), (0.82112527, 0.8443954), (0.8206806, 0.84427404), (0.8192485, 0.83960617), (0.8192203, 0.8391566), (0.81876636, 0.8390473), (0.8188558, 0.83946), (0.8185507, 0.8375479), (0.81856525, 0.83722836), (0.8180616, 0.83715534), (0.8180897, 0.8375595), (0.8191893, 0.8431779), (0.81860876, 0.84327483), (0.81863445, 0.84370774), (0.8192932, 0.8434751), (0.81667936, 0.83695364), (0.8174077, 0.8369161), (0.817279, 0.8366327), (0.8166628, 0.8364877), (0.8179504, 0.8421947), (0.8177538, 0.84189785), (0.8172197, 0.8420674), (0.81722766, 0.8424859), (0.8171142, 0.8383048), (0.8169979, 0.8376695), (0.8167044, 0.83758295), (0.8165667, 0.83817375), (0.81556207, 0.8363944), (0.81506246, 0.83650947), (0.81499803, 0.83674026), (0.8156563, 0.8368489), (0.81390166, 0.8406602), (0.81345636, 0.8408593), (0.81382746, 0.8413857), (0.81411505, 0.8411038), (0.81375283, 0.8434123), (0.8141929, 0.84324324), (0.8140367, 0.8429191), (0.8134464, 0.8429028), (0.8134754, 0.84408355), (0.81375283, 0.8434123), (0.8132625, 0.84335196), (0.8131314, 0.8438003), (0.8119095, 0.84101254), (0.8122539, 0.84093297), (0.8119654, 0.84059185), (0.8117101, 0.84070146), (0.8122132, 0.8424458), (0.8125676, 0.8424526), (0.8126757, 0.84217817), (0.8121748, 0.8420272), (0.81146926, 0.8366063), (0.81072694, 0.8365305), (0.81091833, 0.8372508), (0.8116107, 0.8371682), (0.81261003, 0.8477032), (0.81272334, 0.8474775), (0.81212354, 0.8472067), (0.81210124, 0.8474332), (0.81035113, 0.8388326), (0.8108262, 0.83855677), (0.81033957, 0.8380379), (0.80998135, 0.8383353), (0.8090148, 0.8420129), (0.808901, 0.84137243), (0.8084991, 0.841928), (0.8087965, 0.8425063), (0.808368, 0.8398436), (0.80816185, 0.83943754), (0.8077967, 0.8396796), (0.80786663, 0.840105), (0.8085453, 0.84401053), (0.8084836, 0.8437195), (0.8077368, 0.84358585), (0.80808234, 0.84403664), (0.81771415, 0.849074), (0.81771415, 0.849074), (0.82172763, 0.84843606), (0.82172763, 0.84843606), (0.8240623, 0.8473042), (0.8240623, 0.8473042), (0.8064338, 0.84504133), (0.8068947, 0.8471124), (0.8068947, 0.8471124), (0.8064338, 0.84504133), (0.8054579, 0.84104574), (0.8054579, 0.84104574), (0.8194391, 0.83331215), (0.8194391, 0.83331215), (0.81655157, 0.8336799), (0.81655157, 0.8336799), (0.82293, 0.8349812), (0.82293, 0.8349812), (0.821663, 0.83313775), (0.821663, 0.83313775), (0.81015074, 0.84996223), (0.81015074, 0.84996223), (0.8126446, 0.8496743), (0.8126446, 0.8496743), (0.8126446, 0.8496743), (0.8126446, 0.8496743), (0.81771415, 0.849074), (0.81771415, 0.849074), (0.821663, 0.83313775), (0.821663, 0.83313775), (0.8194391, 0.83331215), (0.8194391, 0.83331215), (0.80536664, 0.83605015), (0.80536664, 0.83605015), (0.8045272, 0.83819836), (0.8045272, 0.83819836), (0.80830944, 0.8495568), (0.80830944, 0.8495568), (0.81015074, 0.84996223), (0.81015074, 0.84996223), (0.80821735, 0.8346569), (0.8061809, 0.83496773), (0.8061809, 0.83496773), (0.80821735, 0.8346569), (0.8110845, 0.83430505), (0.8110845, 0.83430505), (0.8236307, 0.8392372), (0.82293, 0.8349812), (0.82293, 0.8349812), (0.8236307, 0.8392372), (0.8245075, 0.84348994), (0.8245075, 0.84348994), (0.8237658, 0.8452426), (0.8237658, 0.8452426), (0.81655157, 0.8336799), (0.81655157, 0.8336799), (0.81394124, 0.83365464), (0.81394124, 0.83365464), (0.8061809, 0.83496773), (0.8061809, 0.83496773), (0.80536664, 0.83605015), (0.80536664, 0.83605015), (0.8045272, 0.83819836), (0.8045272, 0.83819836), (0.8052932, 0.8409475), (0.8052932, 0.8409475), (0.81394124, 0.83365464), (0.81394124, 0.83365464), (0.8110845, 0.83430505), (0.8110845, 0.83430505), (0.8240623, 0.8473042), (0.8240623, 0.8473042), (0.8237658, 0.8452426), (0.8237658, 0.8452426), (0.8076586, 0.8485334), (0.8076586, 0.8485334), (0.80830944, 0.8495568), (0.80830944, 0.8495568), (0.8068947, 0.8471124), (0.8068947, 0.8471124), (0.8076586, 0.8485334), (0.8076586, 0.8485334), (0.82235163, 0.8479401), (0.8217814, 0.8479272), (0.82172763, 0.84843606), (0.8224504, 0.8474581), (0.82322896, 0.84740156)] (
        customData = {
            string sourceMember = "ArbitraryPrimvars"
        }
        elementSize = 1
        interpolation = "varying"
    )
    float4[] primvars:tangents = [(-0.9717775, -0.15655948, 0.17645828, -1), (-0.9717775, -0.1565595, 0.17645828, -1), (-0.9717775, -0.15655953, 0.17645828, -1), (-0.92603743, -0.11220265, 0.3603683, -1), (-0.92603743, -0.11220264, 0.36036834, -1), (-0.92603743, -0.11220264, 0.36036825, -1), (-0.9938834, -0.10351672, 0.03847261, -1), (-0.9938834, -0.10351672, 0.03847261, -1), (-0.9938834, -0.103516705, 0.038472608, -1), (-0.99320716, -0.11197308, 0.031647917, -1), (-0.99320716, -0.11197308, 0.031647917, -1), (-0.9923453, -0.12206244, 0.01875222, -1), (-0.9924459, -0.12193539, 0.01353234, -1), (-0.99218607, -0.122208595, 0.025135834, -1), (-0.9444317, -0.07591137, 0.31982195, -1), (-0.9444317, -0.07591138, 0.31982198, -1), (-0.9444317, -0.07591137, 0.31982195, -1), (-0.8657381, -0.07282911, 0.4951702, -1), (-0.8657381, -0.07282911, 0.4951702, -1), (-0.8657381, -0.07282911, 0.4951702, -1), (-0.86821496, -0.07884905, 0.48988336, -1), (-0.86674404, -0.07890778, 0.49247167, -1), (-0.8626155, -0.079045735, 0.49964607, -1), (-0.86019075, -0.09489822, 0.5010649, -1), (-0.86571974, -0.09554022, 0.49132612, -1), (-0.86571974, -0.09554024, 0.49132612, -1), (-0.9657003, -0.14353351, 0.21638179, -1), (-0.9657003, -0.1435335, 0.21638179, -1), (-0.9657003, -0.14353348, 0.21638177, -1), (-0.88167197, -0.1244025, 0.45516872, -1), (-0.88167197, -0.1244025, 0.45516872, -1), (-0.88167197, -0.124402486, 0.45516872, -1), (-0.95328647, -0.13061216, 0.2723701, -1), (-0.95328647, -0.13061216, 0.2723701, -1), (-0.95328647, -0.13061216, 0.27237013, -1), (-0.9390843, -0.10958806, 0.32574707, -1), (-0.9390843, -0.10958808, 0.3257471, -1), (-0.9390843, -0.10958806, 0.32574704, -1), (-0.846324, -0.1584677, 0.50855064, -1), (-0.846324, -0.15846768, 0.50855064, -1), (-0.846324, -0.15846768, 0.5085505, -1), (-0.94507235, -0.13221301, 0.29892787, -1), (-0.94507235, -0.13221301, 0.29892784, -1), (-0.94507235, -0.13221301, 0.2989279, -1), (-0.94933575, -0.13411373, 0.28420967, -1), (-0.94933575, -0.13411374, 0.28420964, -1), (-0.94933575, -0.13411374, 0.28420964, -1), (-0.9412505, -0.09976454, 0.32263678, -1), (-0.9412505, -0.09976454, 0.32263675, -1), (-0.9412505, -0.09976455, 0.32263675, -1), (-0.8902708, -0.19640511, 0.4109049, -1), (-0.8902708, -0.19640508, 0.4109049, -1), (-0.8902708, -0.19640508, 0.4109049, -1), (-0.73909247, -0.13874553, 0.6591601, -1), (-0.73909247, -0.13874552, 0.6591601, -1), (-0.73909247, -0.13874552, 0.6591601, -1), (-0.9959351, 0.046229605, 0.07730546, -1), (-0.9959351, 0.04622961, 0.07730546, -1), (-0.9959351, 0.0462296, 0.07730545, -1), (-0.9566765, -0.024071358, 0.29015654, -1), (-0.9566765, -0.02407136, 0.29015657, -1), (-0.9566765, -0.024071362, 0.29015657, -1), (-0.94776666, -0.09976216, 0.3029616, -1), (-0.94776666, -0.099762164, 0.3029616, -1), (-0.94776666, -0.09976218, 0.30296162, -1), (-0.9687793, -0.1196769, 0.21712698, -1), (-0.9687793, -0.1196769, 0.21712698, -1), (-0.9687793, -0.11967691, 0.217127, -1), (-0.96936417, -0.088487744, 0.22913547, -1), (-0.96936417, -0.08848774, 0.22913545, -1), (-0.96936417, -0.08848775, 0.22913547, -1), (-0.9700252, -0.08633175, 0.22715198, -1), (-0.9700252, -0.08633174, 0.227152, -1), (-0.8662819, 0.042440627, 0.49774936, -1), (-0.8662819, 0.042440627, 0.49774936, -1), (-0.8662819, 0.042440627, 0.49774936, -1), (-0.90899324, -0.16225708, 0.383932, -1), (-0.90899336, -0.1622571, 0.38393202, -1), (-0.90899336, -0.1622571, 0.38393202, -1), (-0.91081214, -0.11625735, 0.39611295, -1), (-0.910812, -0.11625733, 0.396113, -1), (-0.91081214, -0.11625735, 0.396113, -1), (-0.8778604, -0.24693565, 0.41034606, -1), (-0.8778604, -0.24693565, 0.410346, -1), (-0.8778604, -0.24693565, 0.41034606, -1), (-0.9660808, 0.0379812, 0.25543153, -1), (-0.9660808, 0.0379812, 0.25543153, -1), (-0.9660808, 0.037981205, 0.25543153, -1), (-0.9893622, 0.05931331, 0.13283223, -1), (-0.9893622, 0.0593133, 0.13283223, -1), (-0.9893622, 0.0593133, 0.13283223, -1), (-0.9925552, 0.046986613, 0.11236683, -1), (-0.9925552, 0.046986606, 0.11236682, -1), (-0.9000785, -0.03484784, 0.43433216, -1), (-0.9000785, -0.03484784, 0.4343322, -1), (-0.90007836, -0.034847837, 0.4343322, -1), (-0.960925, -0.040484507, 0.27383238, -1), (-0.960925, -0.040484507, 0.2738324, -1), (-0.960925, -0.04048451, 0.2738324, -1), (-0.94856393, -0.08273554, 0.3055836, -1), (-0.9540697, -0.0858877, 0.28700945, -1), (-0.94614804, -0.081431344, 0.3133255, -1), (-0.92332834, -0.07873182, 0.37585387, -1), (-0.92332834, -0.07873182, 0.37585387, -1), (-0.9233283, -0.07873183, 0.37585387, -1), (-0.9577518, 0.04357009, 0.28427628, -1), (-0.9577518, 0.043570083, 0.28427628, -1), (-0.9577518, 0.04357009, 0.28427628, -1), (-0.92922133, -0.07840817, 0.36110932, -1), (-0.92922133, -0.07840816, 0.3611093, -1), (-0.92922133, -0.07840816, 0.3611093, -1), (-0.9920035, -0.0011872224, 0.12620509, -1), (-0.9920035, -0.0011872223, 0.12620509, -1), (-0.9920035, -0.0011872223, 0.12620507, -1), (-0.97761303, 0.034887295, 0.20749867, -1), (-0.97761303, 0.034887295, 0.20749867, -1), (-0.97761303, 0.034887295, 0.20749867, -1), (-0.9561998, -0.06403011, 0.28562576, -1), (-0.9561998, -0.06403012, 0.2856258, -1), (-0.9561998, -0.06403012, 0.28562573, -1), (-0.9573916, -0.12080548, 0.2623117, -1), (-0.9573916, -0.12080548, 0.2623117, -1), (-0.9573916, -0.12080548, 0.2623117, -1), (-0.946765, -0.0036884558, 0.32190418, -1), (-0.946765, -0.0036884553, 0.32190418, -1), (-0.946765, -0.0036884558, 0.32190418, -1), (-0.9882178, 0.097218625, 0.118212655, -1), (-0.9882178, 0.097218625, 0.11821267, -1), (-0.9882178, 0.097218625, 0.118212655, -1), (-0.9882334, 0.095790446, 0.11924326, -1), (-0.9882334, 0.09579046, 0.11924327, -1), (-0.9882334, 0.095790446, 0.11924326, -1), (-0.9086888, -0.052183174, 0.4141998, -1), (-0.9086888, -0.052183174, 0.4141998, -1), (-0.9086888, -0.052183177, 0.4141998, -1), (-0.9940691, -0.043430082, 0.099702045, -1), (-0.9940691, -0.043430082, 0.099702045, -1), (-0.9940691, -0.043430082, 0.099702045, -1), (-0.8026971, -0.25292373, 0.5400989, -1), (-0.8026971, -0.2529238, 0.540099, -1), (-0.8026971, -0.25292373, 0.5400989, -1), (-0.957818, -0.074117266, 0.27765322, -1), (-0.957818, -0.074117266, 0.27765322, -1), (-0.957818, -0.074117266, 0.27765325, -1), (-0.9931952, 0.029435627, 0.1126805, -1), (-0.9931952, 0.029435629, 0.1126805, -1), (-0.9931952, 0.029435623, 0.11268048, -1), (-0.9768753, 0.030265104, 0.21165673, -1), (-0.9768753, 0.030265111, 0.21165673, -1), (-0.9768753, 0.030265108, 0.21165673, -1), (-0.9315718, -0.11683681, 0.34427196, -1), (-0.93157184, -0.116836816, 0.34427193, -1), (-0.93157184, -0.116836816, 0.34427193, -1), (-0.92626613, -0.16241193, 0.34007838, -1), (-0.92626613, -0.16241191, 0.34007838, -1), (-0.92626613, -0.16241193, 0.34007838, -1), (-0.984463, -0.0050773146, 0.1755186, -1), (-0.984463, -0.005077315, 0.17551862, -1), (-0.984463, -0.0050773146, 0.1755186, -1), (-0.97769016, -0.03817082, 0.20655471, -1), (-0.97769016, -0.038170815, 0.20655471, -1), (-0.97769016, -0.038170815, 0.20655471, -1), (-0.9762354, 0.05779513, 0.20886414, -1), (-0.9762354, 0.05779513, 0.20886415, -1), (-0.9762354, 0.05779513, 0.20886414, -1), (-0.98075163, -0.07059924, 0.18204948, -1), (-0.98075163, -0.070599236, 0.18204948, -1), (-0.98075163, -0.070599236, 0.18204948, -1), (-0.99994767, 0, 0.010238764, -1), (-0.99994767, 0, 0.010238764, -1), (-0.99994767, 0, 0.010238763, -1), (-0.96124136, -0.04259318, 0.2723986, -1), (-0.96124136, -0.04259318, 0.27239862, -1), (-0.96124136, -0.042593177, 0.27239862, -1), (-0.9919559, -0.0033754234, 0.12653849, -1), (-0.9919559, -0.0033754234, 0.12653849, -1), (-0.9919559, -0.0033754234, 0.12653849, -1), (-0.9483581, -0.07925623, 0.30714038, -1), (-0.9483581, -0.07925623, 0.30714044, -1), (-0.9483581, -0.07925623, 0.30714044, -1), (-0.9646086, 0.1293014, 0.2298073, -1), (-0.9646086, 0.12930141, 0.22980733, -1), (-0.9646086, 0.12930141, 0.2298073, -1), (-0.9884654, -0.0688732, 0.13488007, -1), (-0.9884654, -0.06887319, 0.13488008, -1), (-0.9884654, -0.0688732, 0.13488007, -1), (-0.95739347, -0.037889645, 0.28629023, -1), (-0.95739347, -0.03788964, 0.2862902, -1), (-0.95739347, -0.037889645, 0.28629017, -1), (-0.98321486, -0.04244459, 0.17744605, -1), (-0.98321486, -0.04244459, 0.17744604, -1), (-0.98321486, -0.04244459, 0.17744604, -1), (-0.9885234, 0.0010447551, 0.15106378, -1), (-0.9885234, 0.0010447551, 0.15106377, -1), (-0.9885234, 0.0010447551, 0.15106378, -1), (-0.98837495, 0, 0.1520362, -1), (-0.98837495, 0, 0.15203622, -1), (-0.98837495, 0, 0.1520362, -1), (-0.99007714, 0.082871184, 0.113488145, -1), (-0.99007714, 0.082871184, 0.113488145, -1), (-0.99007714, 0.082871184, 0.11348816, -1), (-0.9622861, -0.083522566, 0.2589002, -1), (-0.9622861, -0.08352257, 0.2589002, -1), (-0.9622861, -0.08352257, 0.25890025, -1), (-0.8205175, -0.13131346, 0.55633426, -1), (-0.8205175, -0.13131344, 0.55633426, -1), (-0.8205175, -0.13131346, 0.55633426, -1), (-0.9866981, -0.015581188, 0.16181508, -1), (-0.9866981, -0.01558119, 0.16181508, -1), (-0.9866981, -0.01558119, 0.16181509, -1), (-0.9761153, -0.026941251, 0.21557613, -1), (-0.9743853, -0.061060872, 0.21643649, -1), (-0.9743853, -0.061060872, 0.21643648, -1), (-0.95128757, -0.021626703, 0.3075455, -1), (-0.9324119, -0.021124959, 0.36077946, -1), (-0.89502287, -0.014916599, 0.44577077, -1), (-0.9739248, -0.05688985, 0.21962287, -1), (-0.9751746, -0.030678524, 0.21930178, -1), (-0.9739248, -0.05688985, 0.21962288, -1), (-0.9772448, -0.03089416, 0.2098528, -1), (-0.9772052, -0.030901834, 0.2100357, -1), (-0.9763456, -0.045628503, 0.21134631, -1), (-0.95181745, -0.052832358, 0.30208015, -1), (-0.95181745, -0.052832358, 0.30208015, -1), (-0.95181745, -0.052832358, 0.30208015, -1), (-0.999493, 0.021561012, 0.023427794, -1), (-0.999493, 0.021561012, 0.023427792, -1), (-0.999493, 0.021561012, 0.023427794, -1), (-0.9973569, 0.06807091, 0.02540888, -1), (-0.9973569, 0.0680709, 0.02540888, -1), (-0.9973569, 0.0680709, 0.02540888, -1), (-0.9673639, -0.06477403, 0.24497248, -1), (-0.9673639, -0.06477405, 0.24497251, -1), (-0.9673639, -0.06477404, 0.24497251, -1), (-0.97515523, -0.009776041, 0.22130673, -1), (-0.97515523, -0.00977604, 0.22130671, -1), (-0.97515523, -0.00977604, 0.22130671, -1), (-0.9521032, 0.032753482, 0.30401778, -1), (-0.9521032, 0.032753482, 0.3040178, -1), (-0.9521032, 0.032753482, 0.3040178, -1), (-0.97741336, -0.016696379, 0.21067615, -1), (-0.97741336, -0.016696377, 0.21067615, -1), (-0.97741336, -0.016696377, 0.21067615, -1), (-0.9981482, -0.035760198, 0.049207315, -1), (-0.9981482, -0.035760198, 0.049207322, -1), (-0.9981482, -0.035760198, 0.049207322, -1), (-0.96701837, -0.065402076, 0.24616669, -1), (-0.96701837, -0.065402076, 0.24616669, -1), (-0.96701837, -0.06540206, 0.24616669, -1), (-0.98449486, 0.14848039, -0.09339922, -1), (-0.98449486, 0.14848039, -0.09339922, -1), (-0.98449486, 0.14848039, -0.09339922, -1), (-0.96675336, 0.048043378, 0.25115675, -1), (-0.96675336, 0.048043385, 0.2511568, -1), (-0.96675336, 0.04804339, 0.2511568, -1), (-0.88287866, -0.16736698, 0.43876365, -1), (-0.88287866, -0.16736698, 0.43876365, -1), (-0.88287866, -0.16736697, 0.4387636, -1), (-0.97735775, 0.038964637, 0.20797509, -1), (-0.97735775, 0.038964637, 0.20797512, -1), (-0.97735775, 0.038964637, 0.20797507, -1), (-0.9635441, -0.018429836, 0.26691407, -1), (-0.9635441, -0.018429836, 0.2669141, -1), (-0.9635441, -0.018429836, 0.2669141, -1), (-0.99935573, 0.03431997, 0.010498023, -1), (-0.99935573, 0.03431997, 0.010498022, -1), (-0.99935573, 0.034319967, 0.010498022, -1), (-0.994034, 0.09911844, 0.04552011, -1), (-0.994034, 0.09911844, 0.04552011, -1), (-0.994034, 0.09911844, 0.04552011, -1), (-0.99642843, 0.004364654, 0.08432897, -1), (-0.99642843, 0.0043646544, 0.08432898, -1), (-0.99642843, 0.004364654, 0.08432897, -1), (-0.90239304, -0.109575264, 0.4167494, -1), (-0.90239304, -0.109575264, 0.41674933, -1), (-0.90239304, -0.10957528, 0.4167494, -1), (-0.97937036, -0.035642117, 0.19890516, -1), (-0.97937036, -0.035642114, 0.19890513, -1), (-0.97937036, -0.035642117, 0.19890513, -1), (-0.9770427, 0.15318143, -0.14806476, -1), (-0.9770427, 0.15318143, -0.14806476, -1), (-0.9770427, 0.15318143, -0.14806476, -1), (-0.984389, 0.030739216, 0.17330112, -1), (-0.984389, 0.030739216, 0.1733011, -1), (-0.984389, 0.030739216, 0.17330109, -1), (-0.9959409, 0.037209943, 0.08195866, -1), (-0.9959409, 0.037209943, 0.08195865, -1), (-0.9959409, 0.037209943, 0.08195865, -1), (-0.8936799, -0.101728536, 0.43702123, -1), (-0.8936799, -0.101728536, 0.43702123, -1), (-0.8936799, -0.101728536, 0.43702123, -1), (-0.99972516, 0.023318816, 0.002407451, -1), (-0.99972516, 0.023318816, 0.002407451, -1), (-0.99972516, 0.023318818, 0.002407451, -1), (-0.96652234, -0.01736524, 0.2559943, -1), (-0.96652234, -0.01736524, 0.2559943, -1), (-0.96652234, -0.01736524, 0.2559943, -1), (-0.8512408, -0.1960281, 0.48678753, -1), (-0.85124075, -0.19602808, 0.48678756, -1), (-0.8512408, -0.1960281, 0.48678753, -1), (-0.9904501, 0.12708916, -0.053450916, -1), (-0.9904501, 0.12708916, -0.053450916, -1), (-0.9904501, 0.12708914, -0.053450912, -1), (-0.9832201, -0.033360474, 0.1793466, -1), (-0.9832201, -0.033360474, 0.1793466, -1), (-0.9832201, -0.033360474, 0.1793466, -1), (-0.9075814, -0.12643455, 0.40038773, -1), (-0.9075814, -0.12643453, 0.40038767, -1), (-0.9075814, -0.12643455, 0.40038773, -1), (-0.9156987, -0.12084449, 0.38326547, -1), (-0.9156987, -0.12084449, 0.38326544, -1), (-0.9156987, -0.12084449, 0.3832655, -1), (-0.87536657, -0.17828745, 0.44938505, -1), (-0.87536657, -0.17828745, 0.44938505, -1), (-0.87536657, -0.1782874, 0.44938505, -1), (-0.9982158, -0.012350575, 0.0584193, -1), (-0.9982158, -0.012350575, 0.0584193, -1), (-0.9982158, -0.012350577, 0.0584193, -1), (-0.99110764, 0.12578423, -0.043405093, -1), (-0.99110764, 0.12578425, -0.043405093, -1), (-0.99110764, 0.12578423, -0.043405093, -1), (-0.94302106, -0.110630594, 0.31380263, -1), (-0.94302106, -0.11063058, 0.3138026, -1), (-0.94302106, -0.11063058, 0.3138026, -1), (-0.89458144, -0.07480306, 0.4406002, -1), (-0.89458144, -0.07480308, 0.44060025, -1), (-0.89458144, -0.07480307, 0.44060025, -1), (-0.9564092, 0.008089662, 0.29191783, -1), (-0.9564092, 0.008089661, 0.29191783, -1), (-0.9564092, 0.008089662, 0.29191783, -1), (-0.8950944, -0.12979476, 0.42656687, -1), (-0.8950944, -0.12979478, 0.42656687, -1), (-0.8950944, -0.12979478, 0.42656687, -1), (-0.9789298, -0.05559971, 0.1964817, -1), (-0.9789298, -0.055599704, 0.1964817, -1), (-0.9789298, -0.055599704, 0.1964817, -1), (-0.8673051, -0.21475597, 0.4490676, -1), (-0.8673051, -0.21475601, 0.4490676, -1), (-0.8673051, -0.21475597, 0.44906756, -1), (-0.9875765, 0.016512757, 0.15626894, -1), (-0.9875765, 0.01651276, 0.15626892, -1), (-0.9875765, 0.01651276, 0.15626895, -1), (-0.9050686, -0.12573548, 0.4062529, -1), (-0.90506864, -0.12573549, 0.4062529, -1), (-0.90506864, -0.12573549, 0.40625286, -1), (-0.90337914, -0.059567474, 0.4246856, -1), (-0.90337914, -0.05956748, 0.4246856, -1), (-0.90337914, -0.05956748, 0.42468563, -1), (-0.96628046, 0.063243315, 0.24960476, -1), (-0.96628046, 0.063243315, 0.24960476, -1), (-0.96628046, 0.06324332, 0.24960479, -1), (-0.95544237, 0.07573271, 0.28529736, -1), (-0.95544237, 0.07573271, 0.2852974, -1), (-0.9888727, -0.007584325, 0.14857064, -1), (-0.9888727, -0.0075843255, 0.14857063, -1), (-0.9888727, -0.0075843264, 0.14857064, -1), (-0.9965448, 0.03655097, 0.074582525, -1), (-0.9965448, 0.03655097, 0.07458253, -1), (-0.9965448, 0.03655097, 0.074582525, -1), (-0.7846522, -0.1910137, 0.5897752, -1), (-0.7846522, -0.19101366, 0.5897752, -1), (-0.7846522, -0.1910137, 0.5897752, -1), (-0.9120385, -0.11941805, 0.39233285, -1), (-0.91203856, -0.119418055, 0.39233282, -1), (-0.9120385, -0.11941805, 0.39233285, -1), (-0.94666266, -0.108027525, 0.30357844, -1), (-0.94666266, -0.108027525, 0.30357847, -1), (-0.94666266, -0.108027525, 0.30357847, -1), (-0.99563247, 0.009861896, 0.09283681, -1), (-0.99563247, 0.009861896, 0.0928368, -1), (-0.99563247, 0.009861895, 0.09283681, -1), (-0.99268496, 0.05536458, 0.107291184, -1), (-0.99268496, 0.05536458, 0.107291184, -1), (-0.99268496, 0.055364586, 0.107291184, -1), (-0.90184027, -0.02665369, 0.43124667, -1), (-0.90184027, -0.02665369, 0.43124664, -1), (-0.90184027, -0.02665369, 0.43124664, -1), (-0.9617859, -0.094507344, 0.25697538, -1), (-0.9617859, -0.09450734, 0.25697535, -1), (-0.9617859, -0.09450733, 0.25697535, -1), (-0.8920876, -0.12393106, 0.43453526, -1), (-0.8920876, -0.12393106, 0.43453526, -1), (-0.8920876, -0.12393107, 0.4345353, -1), (-0.9877022, 0.0037132332, 0.15630312, -1), (-0.9877022, 0.0037132332, 0.15630314, -1), (-0.9877022, 0.0037132332, 0.15630311, -1), (-0.97552717, -0.0065197297, 0.21978219, -1), (-0.97552717, -0.0065197297, 0.21978219, -1), (-0.97552717, -0.0065197293, 0.21978217, -1), (-0.9469586, -0.048552882, 0.3176666, -1), (-0.9469586, -0.048552874, 0.31766656, -1), (-0.9469586, -0.048552882, 0.3176666, -1), (-0.94473404, -0.055150505, 0.32316554, -1), (-0.94473404, -0.055150505, 0.32316554, -1), (-0.94473404, -0.055150513, 0.32316554, -1), (-0.994493, -0.008784311, 0.10443425, -1), (-0.9944488, 0.0303906, 0.100737095, -1), (-0.9944488, 0.0303906, 0.100737095, -1), (-0.9592891, 0.0062282365, 0.28235734, -1), (-0.97187763, 0, 0.2354865, -1), (-0.8880008, 0.021979205, 0.45931634, -1), (-0.8192548, -0.25360435, 0.51430184, -1), (-0.8192548, -0.25360438, 0.5143019, -1), (-0.8192548, -0.25360438, 0.5143019, -1), (-0.98830056, -0.011975566, 0.15204835, -1), (-0.98830056, -0.011975569, 0.15204836, -1), (-0.98830056, -0.011975566, 0.15204833, -1), (-0.94627875, -0.11982902, 0.30032888, -1), (-0.94627875, -0.11982902, 0.30032888, -1), (-0.94627875, -0.11982905, 0.30032888, -1), (-0.82667994, -0.23510072, 0.5112026, -1), (-0.8266798, -0.23510072, 0.5112025, -1), (-0.82667994, -0.23510072, 0.5112026, -1), (-0.99697495, 0.06761323, 0.038333975, -1), (-0.99697495, 0.06761322, 0.038333967, -1), (-0.99697495, 0.06761322, 0.03833397, -1), (-0.9954437, 0.04577707, 0.083643496, -1), (-0.9954437, 0.04577707, 0.0836435, -1), (-0.9954437, 0.045777068, 0.08364349, -1), (-0.914849, -0.06499078, 0.3985318, -1), (-0.914849, -0.06499078, 0.3985318, -1), (-0.914849, -0.06499078, 0.3985318, -1), (-0.9855847, -0.068848334, 0.15454024, -1), (-0.9855847, -0.06884834, 0.15454024, -1), (-0.9855847, -0.068848334, 0.15454024, -1), (-0.9476988, -0.09513939, 0.30465618, -1), (-0.9476988, -0.09513938, 0.30465612, -1), (-0.9476988, -0.095139384, 0.30465615, -1), (-0.882866, -0.14638843, 0.44622633, -1), (-0.882866, -0.14638841, 0.44622627, -1), (-0.882866, -0.14638843, 0.44622633, -1), (-0.9576487, 0.023587342, 0.28697136, -1), (-0.9576487, 0.023587342, 0.2869714, -1), (-0.9576487, 0.023587342, 0.28697136, -1), (-0.9836294, 0.10336598, 0.14761005, -1), (-0.9836294, 0.10336597, 0.14761005, -1), (-0.9836294, 0.10336597, 0.14761005, -1), (-0.98567873, 0.14025682, 0.093623795, -1), (-0.98567873, 0.1402568, 0.09362379, -1), (-0.98567873, 0.14025682, 0.093623795, -1), (0.5608461, 0.14684339, -0.81479365, 1), (0.5608461, 0.14684339, -0.81479365, 1), (0.56084603, 0.14684337, -0.81479365, 1), (-0.96833885, -0.05645045, 0.24317312, -1), (-0.96833885, -0.056450453, 0.24317312, -1), (-0.96833885, -0.056450453, 0.24317315, -1), (-0.96164936, -0.101287104, 0.25489494, -1), (-0.9661344, -0.05757618, 0.25153357, -1), (-0.9661344, -0.05757618, 0.25153357, -1), (-0.94937444, -0.0937119, 0.29984373, -1), (-0.94937444, -0.09371191, 0.29984376, -1), (-0.966359, -0.066662945, 0.24840766, -1), (-0.9645738, -0.1087776, 0.24034303, -1), (-0.96532506, -0.0662196, 0.25251248, -1), (-0.96848214, -0.06758969, 0.23973738, -1), (-0.9996191, 0.003304441, -0.027398836, -1), (-0.9996191, 0.003304441, -0.027398836, -1), (-0.9996191, 0.0033044415, -0.027398836, -1), (-0.7540136, -0.22387333, 0.6175308, -1), (-0.7540136, -0.22387333, 0.6175308, -1), (-0.7540136, -0.22387333, 0.6175308, -1), (-0.98605865, 0.008221909, 0.16619486, -1), (-0.98605865, 0.008221909, 0.16619484, -1), (-0.98605865, 0.008221909, 0.16619484, -1), (-0.99505496, 0.06641057, 0.073860146, -1), (-0.99505496, 0.06641057, 0.073860146, -1), (-0.99505496, 0.06641057, 0.073860146, -1), (-0.99551755, 0.082995035, 0.045350492, -1), (-0.99551755, 0.082995035, 0.045350492, -1), (-0.99551755, 0.08299504, 0.045350496, -1), (-0.96935576, -0.038399562, 0.24264143, -1), (-0.96935576, -0.03839956, 0.24264143, -1), (-0.96935576, -0.03839956, 0.24264143, -1), (-0.9531064, -0.013707186, 0.30232465, -1), (-0.9531064, -0.013707186, 0.30232465, -1), (-0.9531064, -0.013707187, 0.30232465, -1), (-0.9980038, 0.06261026, 0.00827228, -1), (-0.9980038, 0.06261026, 0.00827228, -1), (-0.9980038, 0.06261026, 0.00827228, -1), (-0.998664, 0.04290261, 0.028803736, -1), (-0.998664, 0.04290261, 0.028803738, -1), (-0.8749826, -0.1993639, 0.44120225, -1), (-0.8749826, -0.19936395, 0.4412023, -1), (-0.8749826, -0.19936392, 0.4412023, -1), (-0.9926576, 0.12016939, 0.013792112, -1), (-0.9926576, 0.12016939, 0.013792112, -1), (-0.9926576, 0.12016939, 0.013792112, -1), (-0.8058478, -0.24986838, 0.5368195, -1), (-0.8058478, -0.24986838, 0.5368195, -1), (-0.8058477, -0.24986833, 0.5368195, -1), (-0.9375219, -0.19471112, 0.28834057, -1), (-0.9375219, -0.1947111, 0.28834054, -1), (-0.9375219, -0.19471112, 0.28834057, -1), (-0.9563411, -0.06641582, 0.28460595, -1), (-0.9563411, -0.06641581, 0.28460595, -1), (-0.9563411, -0.06641582, 0.28460598, -1), (-0.6979462, -0.25564334, 0.66896766, -1), (-0.69794625, -0.25564334, 0.6689676, -1), (-0.6979462, -0.25564337, 0.66896766, -1), (-0.9508132, -0.15506385, 0.26815963, -1), (-0.9508132, -0.15506384, 0.26815963, -1), (-0.9508132, -0.15506385, 0.26815966, -1), (-0.9515007, -0.029056933, 0.30627137, -1), (-0.9515007, -0.029056937, 0.3062714, -1), (-0.9515007, -0.029056937, 0.30627137, -1), (-0.9904246, 0.0043212636, 0.13798736, -1), (-0.9904246, 0.0043212636, 0.13798736, -1), (-0.9904246, 0.004321264, 0.13798736, -1), (-0.9394534, -0.071318075, 0.33517313, -1), (-0.9394534, -0.071318075, 0.33517313, -1), (-0.9394534, -0.07131807, 0.33517307, -1), (-0.79657215, -0.25812438, 0.54666674, -1), (-0.79657215, -0.25812438, 0.54666674, -1), (-0.79657215, -0.25812438, 0.54666674, -1), (-0.8588102, -0.23469318, 0.4553726, -1), (-0.8588102, -0.23469315, 0.45537254, -1), (-0.8588102, -0.23469315, 0.4553726, -1), (-0.9887799, -0.04452425, 0.14259, -1), (-0.9887799, -0.04452425, 0.14259, -1), (-0.9887799, -0.04452425, 0.14259, -1), (-0.8792899, -0.02961115, 0.47536537, -1), (-0.8792899, -0.029611146, 0.47536537, -1), (-0.8792899, -0.02961115, 0.47536537, -1), (-0.7355247, -0.2337781, 0.6358861, -1), (-0.7355248, -0.23377813, 0.6358861, -1), (-0.7355247, -0.23377813, 0.6358861, -1), (-0.9004144, -0.11129279, 0.42055655, -1), (-0.9004144, -0.1112928, 0.42055655, -1), (-0.9004144, -0.1112928, 0.42055655, -1), (-0.98199826, -0.0114463465, 0.18854307, -1), (-0.98199826, -0.011446346, 0.18854307, -1), (-0.98199826, -0.011446345, 0.18854307, -1), (-0.98547965, 0.0022802919, 0.1697781, -1), (-0.98547965, 0.002280292, 0.1697781, -1), (-0.9905663, 0.032442372, 0.1331379, -1), (-0.9905663, 0.032442372, 0.1331379, -1), (-0.9905663, 0.032442376, 0.13313791, -1), (-0.97873664, 0.19933422, 0.04837906, -1), (-0.97873664, 0.19933422, 0.048379052, -1), (-0.97873664, 0.19933419, 0.048379056, -1), (-0.74143416, -0.23521385, 0.62845033, -1), (-0.74143416, -0.23521385, 0.62845033, -1), (-0.74143416, -0.23521388, 0.62845033, -1), (-0.98459744, 0.12870422, -0.11833451, -1), (-0.98459744, 0.1287042, -0.11833451, -1), (-0.98459744, 0.12870422, -0.11833452, -1), (-0.9757902, -0.032696836, 0.21625054, -1), (-0.9757902, -0.03269684, 0.21625055, -1), (-0.9757902, -0.03269684, 0.21625057, -1), (-0.94450116, -0.03760375, 0.32634872, -1), (-0.94450116, -0.03760376, 0.32634875, -1), (-0.94450116, -0.03760376, 0.32634875, -1), (-0.9494547, -0.012013836, 0.31367406, -1), (-0.9446118, -0.010498644, 0.3280219, -1), (-0.9535709, -0.013088237, 0.30088416, -1), (-0.8601471, -0.03389094, 0.50891876, -1), (-0.8601471, -0.03389094, 0.50891876, -1), (-0.8601471, -0.033890944, 0.50891876, -1), (-0.9050507, -0.17305899, 0.38850194, -1), (-0.9050507, -0.17305899, 0.38850194, -1), (-0.9050507, -0.17305899, 0.38850194, -1), (-0.99716836, 0.015804382, 0.073521994, -1), (-0.99716836, 0.015804382, 0.073521994, -1), (-0.99716836, 0.015804384, 0.073522, -1), (-0.9963091, 0.08575802, -0.00371469, -1), (-0.9963091, 0.08575802, -0.0037146902, -1), (-0.9963091, 0.08575802, -0.0037146902, -1), (-0.98303163, -0.05074985, 0.17627622, -1), (-0.98303163, -0.05074985, 0.17627624, -1), (-0.98303163, -0.05074985, 0.17627624, -1), (-0.98653007, 0.07865744, 0.14342773, -1), (-0.98653007, 0.07865744, 0.14342773, -1), (-0.98653007, 0.07865744, 0.14342773, -1), (-0.97645426, 0.051119804, 0.20958045, -1), (-0.97645426, 0.051119808, 0.20958045, -1), (-0.97645426, 0.051119804, 0.20958045, -1), (-0.98430055, 0.07917551, 0.15774535, -1), (-0.98430055, 0.07917551, 0.15774535, -1), (-0.98430055, 0.07917551, 0.15774535, -1), (-0.99602365, -0.005518987, 0.08891807, -1), (-0.99602365, -0.005518987, 0.08891807, -1), (-0.99602365, -0.005518987, 0.08891807, -1), (-0.9980697, 0.055725414, 0.02741641, -1), (-0.9980697, 0.05572541, 0.02741641, -1), (-0.9980697, 0.05572541, 0.027416408, -1), (-0.9754871, 0.118364744, -0.18551216, -1), (-0.9754871, 0.11836474, -0.18551214, -1), (-0.9754871, 0.118364744, -0.18551217, -1), (-0.9534154, -0.042235676, 0.29868934, -1), (-0.9534154, -0.042235676, 0.2986893, -1), (-0.9534154, -0.04223568, 0.29868934, -1), (-0.98074704, 0.037041012, 0.19173723, -1), (-0.98074704, 0.037041012, 0.1917372, -1), (-0.98074704, 0.037041012, 0.19173723, -1), (-0.9877109, -0.013355787, 0.15572007, -1), (-0.9877109, -0.013355787, 0.15572007, -1), (-0.9877109, -0.013355787, 0.15572007, -1), (-0.9877963, -0.045744825, 0.14888205, -1), (-0.9877963, -0.045744825, 0.14888205, -1), (-0.97261673, 0, 0.23241492, -1), (-0.97261673, 0, 0.2324149, -1), (-0.97261673, 0, 0.2324149, -1), (-0.9884621, 0.0179612, 0.1503995, -1), (-0.9884621, 0.0179612, 0.1503995, -1), (-0.9884621, 0.017961198, 0.15039949, -1), (-0.9837325, 0.104679875, -0.14598724, -1), (-0.9837325, 0.10467986, -0.14598724, -1), (-0.9837325, 0.10467988, -0.14598724, -1), (-0.99688905, 0.02143461, 0.075846806, -1), (-0.99688905, 0.021434613, 0.07584681, -1), (-0.99688905, 0.021434613, 0.07584681, -1), (-0.675064, -0.2546764, 0.69240785, -1), (-0.675064, -0.2546764, 0.69240785, -1), (-0.675064, -0.2546764, 0.69240785, -1), (-0.9665619, -0.03316215, 0.25428015, -1), (-0.9665619, -0.03316215, 0.25428015, -1), (-0.9665619, -0.03316215, 0.25428015, -1), (-0.97104174, 0.1805753, -0.15643075, -1), (-0.97104174, 0.18057533, -0.15643075, -1), (-0.97104174, 0.18057531, -0.15643075, -1), (-0.9872644, -0.015507926, 0.15832989, -1), (-0.9872644, -0.015507926, 0.15832989, -1), (-0.9872644, -0.015507926, 0.15832989, -1), (-0.9927785, 0.018091166, 0.11859009, -1), (-0.9927785, 0.018091165, 0.11859009, -1), (-0.9927785, 0.018091163, 0.11859008, -1), (-0.99586666, 0.063415736, 0.06502407, -1), (-0.99586666, 0.063415736, 0.06502407, -1), (-0.99586666, 0.063415736, 0.06502407, -1), (-0.99785256, 0.026248828, 0.060009666, -1), (-0.99785256, 0.026248826, 0.060009662, -1), (-0.99785256, 0.026248826, 0.060009662, -1), (-0.9217406, -0.111063704, 0.37156317, -1), (-0.9217406, -0.111063704, 0.37156317, -1), (-0.9217406, -0.11106371, 0.3715632, -1), (-0.982615, 0.008995695, 0.18543665, -1), (-0.982615, 0.008995695, 0.18543667, -1), (-0.982615, 0.008995695, 0.18543665, -1), (-0.9779187, -0.05147553, 0.20254713, -1), (-0.9779187, -0.05147553, 0.20254713, -1), (-0.9779187, -0.051475525, 0.2025471, -1), (-0.9765062, 0.01298452, 0.21509793, -1), (-0.9765062, 0.012984519, 0.21509792, -1), (-0.9765062, 0.01298452, 0.21509796, -1), (-0.8675739, -0.14499725, 0.47570074, -1), (-0.8675739, -0.14499724, 0.47570068, -1), (-0.8675739, -0.14499725, 0.47570074, -1), (-0.9587533, -0.040191583, 0.28138372, -1), (-0.9587533, -0.040191583, 0.28138366, -1), (-0.9587533, -0.040191583, 0.28138372, -1), (-0.99959296, 0.02297199, 0.016916167, -1), (-0.99959296, 0.022971993, 0.016916169, -1), (-0.99959296, 0.02297199, 0.016916167, -1), (-0.9813178, 0.036696427, 0.18886161, -1), (-0.9813178, 0.036696427, 0.1888616, -1), (-0.9813178, 0.036696427, 0.1888616, -1), (-0.9894433, -0.094620414, 0.10976793, -1), (-0.9894433, -0.09462041, 0.10976794, -1), (-0.9894433, -0.09462041, 0.10976793, -1), (-0.9870291, 0.006182511, 0.16042234, -1), (-0.9870291, 0.006182511, 0.16042234, -1), (-0.9870291, 0.0061825113, 0.16042235, -1), (-0.9960175, 0.08425485, 0.029160995, -1), (-0.9960175, 0.08425486, 0.029160997, -1), (-0.9960175, 0.08425487, 0.029160995, -1), (-0.81508416, -0.20223117, 0.5429, -1), (-0.81508416, -0.20223117, 0.5429001, -1), (-0.81508416, -0.20223117, 0.5429, -1), (-0.8153425, -0.15346073, 0.55827093, -1), (-0.8153425, -0.15346073, 0.5582709, -1), (-0.8153425, -0.15346071, 0.55827093, -1), (-0.987097, 0.1032844, 0.122359104, -1), (-0.987097, 0.1032844, 0.122359104, -1), (-0.987097, 0.10328439, 0.12235911, -1), (-0.9884171, 0.1413699, -0.055191338, -1), (-0.9884171, 0.1413699, -0.055191334, -1), (-0.9884171, 0.14136988, -0.055191334, -1), (-0.9872909, 0.15597908, 0.030450696, -1), (-0.9872909, 0.15597908, 0.030450698, -1), (-0.9872909, 0.15597908, 0.030450696, -1), (-0.9822965, 0.18305323, -0.03981278, -1), (-0.9822965, 0.18305323, -0.03981278, -1), (-0.9822965, 0.18305323, -0.03981278, -1), (-0.9798921, 0.19794889, -0.025054699, -1), (-0.9798921, 0.1979489, -0.025054699, -1), (-0.9798921, 0.19794889, -0.025054699, -1), (-0.693037, -0.13364923, 0.70840484, -1), (-0.69303703, -0.13364926, 0.7084049, -1), (-0.693037, -0.13364923, 0.70840484, -1), (-0.88316756, -0.066613816, 0.46430352, -1), (-0.88316756, -0.0666138, 0.4643035, -1), (-0.88316756, -0.06661381, 0.4643035, -1), (-0.97811425, -0.0060933516, 0.20797925, -1), (-0.97811425, -0.0060933526, 0.20797928, -1), (-0.97811425, -0.0060933516, 0.20797925, -1), (-0.8266434, -0.15002245, 0.54235965, -1), (-0.82664335, -0.15002245, 0.5423597, -1), (-0.82664335, -0.15002245, 0.5423597, -1), (-0.8232627, -0.010308901, 0.56756705, -1), (-0.8232627, -0.010308902, 0.56756705, -1), (-0.8232627, -0.010308901, 0.56756705, -1), (-0.9665687, 0.01593503, 0.25591215, -1), (-0.9665687, 0.01593503, 0.25591215, -1), (-0.9665687, 0.01593503, 0.25591215, -1), (-0.96381384, 0.016796092, 0.26604655, -1), (-0.96381384, 0.016796092, 0.26604655, -1), (-0.9780272, -0.016420323, 0.2078294, -1), (-0.97802734, -0.016420323, 0.20782939, -1), (-0.9780272, -0.016420323, 0.20782939, -1), (-0.9617797, 0.117023826, -0.24755855, -1), (-0.9617797, 0.117023826, -0.24755855, -1), (-0.9617797, 0.117023826, -0.24755852, -1), (-0.8892279, -0.1518431, 0.4315292, -1), (-0.8892279, -0.15184312, 0.4315292, -1), (-0.8892279, -0.15184309, 0.4315292, -1), (-0.93993133, 0.22760293, -0.254413, -1), (-0.93993133, 0.22760293, -0.25441304, -1), (-0.93993133, 0.22760293, -0.254413, -1), (-0.92923266, 0.00896028, 0.36938655, -1), (-0.92923266, 0.008960279, 0.36938652, -1), (-0.92923266, 0.008960279, 0.36938652, -1), (-0.988187, 0.14815874, -0.039184004, -1), (-0.988187, 0.14815876, -0.039184004, -1), (-0.988187, 0.14815874, -0.039184004, -1), (-0.87750196, 0.2881499, -0.38335368, -1), (-0.87750196, 0.2881499, -0.38335368, -1), (-0.87750196, 0.28814986, -0.38335365, -1), (-0.8633405, 0.2908135, -0.4123962, -1), (-0.86334056, 0.29081354, -0.4123962, -1), (-0.86334056, 0.29081348, -0.41239613, -1), (-0.986285, 0.109014094, -0.12392678, -1), (-0.986285, 0.109014094, -0.12392678, -1), (-0.986285, 0.10901409, -0.12392678, -1), (-0.979419, 0.15101455, -0.1339142, -1), (-0.979419, 0.15101455, -0.1339142, -1), (-0.979419, 0.15101454, -0.13391419, -1), (-0.8264715, -0.16983905, 0.5367491, -1), (-0.8264715, -0.16983907, 0.5367491, -1), (-0.8264715, -0.16983907, 0.5367491, -1), (-0.99293196, 0.09349092, 0.073113926, -1), (-0.99293196, 0.093490906, 0.073113926, -1), (-0.99293196, 0.093490906, 0.073113926, -1), (-0.99136543, 0.022334406, 0.12921242, -1), (-0.99136543, 0.022334404, 0.12921242, -1), (-0.99136543, 0.022334404, 0.12921241, -1), (-0.9973333, 0.052334424, 0.050866384, -1), (-0.9973333, 0.052334424, 0.050866377, -1), (-0.9973333, 0.052334424, 0.050866377, -1), (-0.9892597, 0.14512636, 0.01741943, -1), (-0.9892597, 0.14512639, 0.017419431, -1), (-0.9892597, 0.14512637, 0.017419431, -1), (-0.9993703, 0.035482407, 0, -1), (-0.9993703, 0.035482414, 0, -1), (-0.9993703, 0.03548241, 0, -1), (-0.7914129, -0.1500681, 0.5925751, -1), (-0.7914129, -0.15006807, 0.5925751, -1), (-0.7914129, -0.15006807, 0.5925751, -1), (-0.95239156, 0.27045333, -0.14073111, -1), (-0.95239156, 0.27045336, -0.14073111, -1), (-0.95239156, 0.27045336, -0.14073111, -1), (-0.76766187, -0.19742998, 0.6096857, -1), (-0.76766187, -0.19742998, 0.6096857, -1), (-0.76766187, -0.19743, 0.6096857, -1), (-0.79554445, -0.16983934, 0.5816043, -1), (-0.79554445, -0.16983934, 0.58160436, -1), (-0.79554445, -0.16983934, 0.58160436, -1), (-0.9668259, -0.009614822, 0.25525522, -1), (-0.9668259, -0.009614822, 0.2552552, -1), (-0.9668259, -0.009614822, 0.25525522, -1), (-0.9477462, -0.046183925, 0.3156646, -1), (-0.9477462, -0.04618392, 0.31566456, -1), (-0.9477462, -0.04618392, 0.31566456, -1), (-0.90387005, 0.22230016, -0.36551568, -1), (-0.9038699, 0.22230014, -0.36551565, -1), (-0.90387005, 0.22230016, -0.36551568, -1), (-0.9504436, 0.27476522, -0.1454684, -1), (-0.9504436, 0.2747652, -0.14546838, -1), (-0.9504436, 0.2747652, -0.1454684, -1), (-0.9758336, 0.19005677, -0.107829906, -1), (-0.9758336, 0.19005677, -0.1078299, -1), (-0.9758336, 0.19005677, -0.107829906, -1), (-0.99638915, 0.084420085, 0.0090490505, -1), (-0.99638915, 0.084420085, 0.0090490505, -1), (-0.99638927, 0.08442009, 0.0090490505, -1), (-0.9975738, 0.06947053, 0.004518486, -1), (-0.9975738, 0.069470525, 0.004518486, -1), (-0.9975738, 0.069470525, 0.004518486, -1), (-0.9571478, -0.0819244, 0.27777055, -1), (-0.9571478, -0.08192439, 0.27777055, -1), (-0.9571478, -0.0819244, 0.27777055, -1), (-0.63609135, -0.2696684, 0.722957, -1), (-0.63609135, -0.2696684, 0.722957, -1), (-0.6360913, -0.2696684, 0.722957, -1), (-0.60778064, -0.1636235, 0.77706504, -1), (-0.6077807, -0.16362351, 0.77706504, -1), (-0.6077806, -0.16362348, 0.77706504, -1), (-0.9327077, -0.08058219, 0.35151494, -1), (-0.9327077, -0.08058219, 0.351515, -1), (-0.9327077, -0.08058219, 0.351515, -1), (-0.9881193, 0.096304454, 0.11977324, -1), (-0.9881193, 0.096304454, 0.11977323, -1), (-0.9881193, 0.096304454, 0.11977324, -1), (-0.9659471, 0.10911595, -0.23460595, -1), (-0.9659471, 0.10911593, -0.23460594, -1), (-0.9659471, 0.10911593, -0.23460594, -1), (-0.95665336, 0.12718329, -0.26199016, -1), (-0.95665336, 0.12718329, -0.26199016, -1), (-0.94276714, 0.1292388, -0.30738837, -1), (-0.942767, 0.1292388, -0.3073884, -1), (-0.99626726, 0.020324469, 0.083896086, -1), (-0.99626726, 0.020324469, 0.083896086, -1), (-0.99626726, 0.020324469, 0.083896086, -1), (-0.99777263, 0.055646617, 0.03678469, -1), (-0.99777263, 0.055646617, 0.03678469, -1), (-0.99777263, 0.05564661, 0.03678469, -1), (-0.99993, -0.011760179, 0.0012626094, -1), (-0.99993, -0.011760179, 0.0012626094, -1), (-0.99993, -0.011760177, 0.0012626091, -1), (-0.99178857, -0.04147204, 0.120977394, -1), (-0.99178857, -0.04147204, 0.120977394, -1), (-0.99178857, -0.041472036, 0.12097739, -1), (-0.9752331, -0.028940853, 0.21927774, -1), (-0.9752331, -0.028940856, 0.21927774, -1), (-0.9752331, -0.028940853, 0.21927774, -1), (-0.59631455, -0.37229016, 0.7112025, -1), (-0.59631455, -0.3722902, 0.71120244, -1), (-0.59631455, -0.3722902, 0.7112025, -1), (-0.8014812, -0.23521073, 0.54982173, -1), (-0.8014812, -0.23521078, 0.5498217, -1), (-0.8014812, -0.23521075, 0.54982173, -1), (-0.9892001, -0.08136903, 0.12191021, -1), (-0.9892001, -0.081369005, 0.121910185, -1), (-0.9892001, -0.08136901, 0.12191021, -1), (-0.85078317, -0.11704912, 0.5123158, -1), (-0.85078317, -0.11704912, 0.5123158, -1), (-0.85078317, -0.11704914, 0.5123158, -1), (-0.9937272, 0.10909128, 0.024605326, -1), (-0.9937272, 0.10909129, 0.024605328, -1), (-0.9937272, 0.10909129, 0.024605328, -1), (-0.9910719, 0.118474446, 0.06115852, -1), (-0.9910719, 0.118474446, 0.061158523, -1), (-0.9910719, 0.118474446, 0.061158523, -1), (-0.9267565, 0.18416545, -0.3274225, -1), (-0.9267565, 0.18416545, -0.3274225, -1), (-0.9267565, 0.18416545, -0.32742253, -1), (-0.97959465, -0.09379541, 0.17775425, -1), (-0.97959465, -0.09379541, 0.17775428, -1), (-0.97959465, -0.09379541, 0.17775425, -1), (-0.78597116, -0.24968141, 0.56560457, -1), (-0.7859712, -0.24968144, 0.56560457, -1), (-0.78597116, -0.24968141, 0.56560457, -1), (-0.92876744, -0.028368503, 0.36957565, -1), (-0.92876744, -0.028368503, 0.36957565, -1), (-0.92876744, -0.028368507, 0.36957565, -1), (-0.99667716, 0.063714944, 0.050744835, -1), (-0.99667716, 0.06371495, 0.05074484, -1), (-0.99667716, 0.06371495, 0.050744835, -1), (-0.9914209, 0.13052037, -0.0069921864, -1), (-0.9914209, 0.13052037, -0.0069921864, -1), (-0.9914209, 0.13052037, -0.0069921864, -1), (-0.9151766, 0.2011502, -0.34927136, -1), (-0.9151766, 0.2011502, -0.34927142, -1), (-0.9151766, 0.2011502, -0.3492714, -1), (-0.9174058, 0.1738139, -0.3579881, -1), (-0.9174058, 0.17381388, -0.3579881, -1), (-0.8403031, -0.21484229, 0.4977284, -1), (-0.8403031, -0.21484229, 0.4977284, -1), (-0.8403031, -0.21484226, 0.49772838, -1), (-0.9642156, -0.041118454, 0.26191136, -1), (-0.9642156, -0.04111846, 0.2619114, -1), (-0.9642156, -0.041118454, 0.26191136, -1), (-0.8860262, -0.12235099, 0.44720003, -1), (-0.8860262, -0.12235099, 0.44720003, -1), (-0.8860262, -0.122350976, 0.4472001, -1), (-0.8995528, -0.11187703, 0.4222419, -1), (-0.8995528, -0.11187703, 0.4222419, -1), (-0.8995528, -0.11187705, 0.4222419, -1), (-0.79528326, -0.20269094, 0.57135004, -1), (-0.79528326, -0.20269094, 0.57135004, -1), (-0.79528326, -0.20269094, 0.57135004, -1), (-0.9957029, 0.08481283, -0.037182566, -1), (-0.9957029, 0.08481283, -0.037182566, -1), (-0.9957029, 0.08481282, -0.037182562, -1), (-0.99441516, 0.081289984, -0.06730786, -1), (-0.99441516, 0.081289984, -0.06730786, -1), (-0.99441516, 0.08128998, -0.06730785, -1), (-0.96095216, -0.019632014, 0.27601743, -1), (-0.96095216, -0.019632012, 0.27601743, -1), (-0.96095216, -0.019632012, 0.27601743, -1), (-0.98727524, 0.035807695, 0.15493657, -1), (-0.98727536, 0.035807695, 0.15493657, -1), (-0.98727536, 0.0358077, 0.15493657, -1), (-0.9597293, 0.20171362, -0.19552836, -1), (-0.9597293, 0.20171359, -0.19552836, -1), (-0.9597293, 0.2017136, -0.19552836, -1), (-0.9428707, -0.1576286, 0.2935099, -1), (-0.9428707, -0.15762863, 0.2935099, -1), (-0.9428707, -0.1576286, 0.2935099, -1), (-0.9491003, -0.12743703, 0.28804216, -1), (-0.9491003, -0.12743703, 0.28804216, -1), (-0.9491003, -0.12743703, 0.28804213, -1), (-0.95580137, -0.011972692, 0.29376918, -1), (-0.95580137, -0.011972692, 0.2937692, -1), (-0.95580137, -0.011972691, 0.29376918, -1), (-0.9543343, -0.0151194725, 0.29835784, -1), (-0.9543343, -0.015119474, 0.29835787, -1), (-0.9543343, -0.015119474, 0.29835784, -1), (-0.9203476, -0.1280943, 0.36952975, -1), (-0.9203476, -0.12809432, 0.36952975, -1), (-0.9203476, -0.1280943, 0.36952975, -1), (-0.9897445, 0, 0.1428491, -1), (-0.9897445, 0, 0.14284912, -1), (-0.9897445, 0, 0.1428491, -1), (-0.8373056, -0.21136826, 0.50422496, -1), (-0.8373056, -0.21136826, 0.50422496, -1), (-0.8373056, -0.21136828, 0.5042251, -1), (-0.845594, -0.17218828, 0.5052939, -1), (-0.845594, -0.17218828, 0.5052939, -1), (-0.80985886, -0.26518792, 0.5232629, -1), (-0.8098588, -0.26518792, 0.5232629, -1), (-0.80985886, -0.26518792, 0.52326286, -1), (-0.98743945, -0.010278391, 0.15766355, -1), (-0.98743945, -0.010278392, 0.15766355, -1), (-0.98743945, -0.01027839, 0.15766354, -1), (-0.98842746, -0.024539646, 0.14969577, -1), (-0.98930967, -0.02500715, 0.14366962, -1), (-0.9867965, -0.02341514, 0.16026373, -1), (-0.986297, 0.008004512, 0.16478512, -1), (-0.98515296, 0.008825822, 0.17145175, -1), (-0.9943235, -0.0070551964, 0.10616557, -1), (-0.9943235, -0.0070551964, 0.10616556, -1), (-0.9943235, -0.0070551964, 0.10616556, -1), (-0.96808326, 0.08470856, -0.23587993, -1), (-0.96808326, 0.08470856, -0.23587993, -1), (-0.96808326, 0.084708564, -0.23587993, -1), (-0.9060586, 0.24903703, -0.3421088, -1), (-0.90605855, 0.24903701, -0.3421088, -1), (-0.90605855, 0.24903701, -0.3421088, -1), (-0.9371879, 0.22582458, -0.2658612, -1), (-0.93718785, 0.22582461, -0.2658612, -1), (-0.93718785, 0.22582458, -0.2658612, -1), (-0.97901607, 0.18171915, -0.09222664, -1), (-0.97901607, 0.18171915, -0.092226624, -1), (-0.97901607, 0.18171915, -0.09222664, -1), (-0.9387133, -0.12356453, 0.32179055, -1), (-0.9387133, -0.12356453, 0.32179055, -1), (-0.9387133, -0.123564556, 0.32179055, -1), (-0.97457504, -0.010968736, 0.2237928, -1), (-0.97457504, -0.010968737, 0.2237928, -1), (-0.97457504, -0.010968736, 0.2237928, -1), (-0.986529, 0.11568286, -0.11566365, -1), (-0.986529, 0.115682855, -0.11566363, -1), (-0.986529, 0.115682855, -0.11566362, -1), (-0.9125081, -0.080872424, 0.40098462, -1), (-0.9125081, -0.080872424, 0.40098462, -1), (-0.9125081, -0.080872424, 0.40098464, -1), (-0.9868537, -0.11550181, 0.11304397, -1), (-0.9868537, -0.11550181, 0.11304397, -1), (-0.9868537, -0.11550181, 0.113043964, -1), (-0.96899253, -0.04213789, 0.24347046, -1), (-0.96899253, -0.04213789, 0.24347046, -1), (-0.96899253, -0.04213789, 0.24347046, -1), (-0.9300912, -0.08761111, 0.35672763, -1), (-0.9300912, -0.08761111, 0.35672763, -1), (-0.9300912, -0.08761111, 0.35672763, -1), (-0.9234978, -0.17558332, 0.34106058, -1), (-0.9234978, -0.17558332, 0.3410606, -1), (-0.9234978, -0.1755833, 0.3410606, -1), (-0.98840964, 0.02314289, 0.15003555, -1), (-0.98840964, 0.02314289, 0.15003555, -1), (-0.98840964, 0.02314289, 0.15003553, -1), (-0.99899334, 0.037675053, 0.024348425, -1), (-0.99899334, 0.037675053, 0.024348427, -1), (-0.99899334, 0.037675057, 0.024348423, -1), (-0.7758489, -0.2928552, 0.558833, -1), (-0.7758489, -0.2928552, 0.558833, -1), (-0.7758489, -0.2928552, 0.55883306, -1), (-0.97408605, -0.016849311, 0.22554916, -1), (-0.97408605, -0.016849311, 0.22554915, -1), (-0.97408605, -0.016849311, 0.22554916, -1), (-0.8274119, -0.15170422, 0.54071736, -1), (-0.8274119, -0.15170422, 0.54071736, -1), (-0.8274119, -0.15170422, 0.54071736, -1), (-0.85554206, -0.06776896, 0.5132787, -1), (-0.85554206, -0.06776896, 0.5132787, -1), (-0.8555422, -0.06776896, 0.5132787, -1), (-0.9763411, -0.09182553, 0.1957705, -1), (-0.9763411, -0.09182554, 0.1957705, -1), (-0.9763411, -0.09182552, 0.19577049, -1), (-0.8952415, -0.11762532, 0.42977542, -1), (-0.8952415, -0.1176253, 0.42977545, -1), (-0.8952415, -0.1176253, 0.42977536, -1), (-0.884595, -0.108686104, 0.4535185, -1), (-0.884595, -0.10868609, 0.4535185, -1), (-0.9880527, 0.018769186, 0.15296912, -1), (-0.9880527, 0.018769188, 0.15296912, -1), (-0.9880527, 0.018769186, 0.15296912, -1), (-0.97075146, 0.08888081, 0.22302866, -1), (-0.97075146, 0.08888081, 0.22302866, -1), (-0.97075146, 0.08888081, 0.22302866, -1), (-0.97539943, 0.20627376, -0.0777636, -1), (-0.97539943, 0.20627376, -0.07776359, -1), (-0.97539943, 0.20627375, -0.07776359, -1), (-0.8390971, -0.26409128, 0.47557527, -1), (-0.8390971, -0.2640913, 0.47557533, -1), (-0.8390971, -0.2640913, 0.47557533, -1), (-0.8486576, -0.12625486, 0.51365364, -1), (-0.8486576, -0.12625486, 0.51365364, -1), (-0.8486576, -0.12625489, 0.51365364, -1), (-0.78259516, -0.22407143, 0.5808071, -1), (-0.78259516, -0.22407141, 0.5808071, -1), (-0.78259516, -0.22407143, 0.5808071, -1), (-0.8951844, -0.1884392, 0.40390053, -1), (-0.8951844, -0.1884392, 0.40390053, -1), (-0.8951844, -0.18843922, 0.40390053, -1), (-0.93395716, -0.104700804, 0.34170416, -1), (-0.93395716, -0.10470079, 0.34170413, -1), (-0.93395716, -0.10470079, 0.34170416, -1), (-0.91439176, -0.11416304, 0.38840002, -1), (-0.91439164, -0.11416304, 0.3884, -1), (-0.91439164, -0.11416304, 0.3884, -1), (-0.9372344, -0.13053834, 0.32334402, -1), (-0.9372344, -0.13053833, 0.32334402, -1), (-0.9372344, -0.13053833, 0.32334405, -1), (-0.976037, -0.1473227, 0.1601487, -1), (-0.9567118, -0.13264067, 0.2590537, -1), (-0.9274428, -0.116147056, 0.355471, -1), (-0.72529566, -0.17080805, 0.66691136, -1), (-0.72529566, -0.17080806, 0.66691136, -1), (-0.72529566, -0.17080806, 0.66691136, -1), (-0.9955705, 0.08227777, 0.045496237, -1), (-0.9955705, 0.08227776, 0.045496233, -1), (-0.9955705, 0.08227776, 0.045496237, -1), (-0.9732842, -0.025205623, 0.22821605, -1), (-0.9732842, -0.025205621, 0.22821602, -1), (-0.9732842, -0.025205623, 0.22821605, -1), (-0.90500975, -0.14534841, 0.39978895, -1), (-0.90500975, -0.14534841, 0.3997889, -1), (-0.90500975, -0.1453484, 0.3997889, -1), (-0.91392314, -0.12278253, 0.38687056, -1), (-0.91392314, -0.12278253, 0.38687056, -1), (-0.91392314, -0.12278253, 0.38687056, -1), (-0.9883287, 0.036197394, 0.14797285, -1), (-0.9883287, 0.036197398, 0.1479729, -1), (-0.9883287, 0.036197398, 0.14797288, -1), (-0.9815252, 0.026842706, 0.18944089, -1), (-0.9834209, 0.025063146, 0.17959708, -1), (-0.9840917, 0.02544892, 0.17582949, -1), (-0.9402108, -0.087913424, 0.32905158, -1), (-0.9402108, -0.087913424, 0.32905158, -1), (-0.9402107, -0.08791341, 0.32905158, -1), (-0.94434434, -0.102197684, 0.312681, -1), (-0.94434434, -0.10219771, 0.31268102, -1), (-0.97504485, -0.053116728, 0.21556002, -1), (-0.97504485, -0.05311673, 0.21556005, -1), (-0.97504485, -0.053116728, 0.21556002, -1), (-0.97515386, -0.030991172, 0.2193499, -1), (-0.97515386, -0.030991172, 0.2193499, -1), (-0.91684407, -0.1293776, 0.3777014, -1), (-0.91684407, -0.1293776, 0.3777014, -1), (-0.91684407, -0.1293776, 0.3777014, -1), (-0.90681887, -0.13539377, 0.39918426, -1), (-0.9065546, -0.13551565, 0.3997427, -1), (-0.909558, -0.13405846, 0.39336038, -1), (-0.9944548, 0.031213535, 0.10042564, -1), (-0.9944548, 0.031213539, 0.100425646, -1), (-0.9944548, 0.031213531, 0.100425646, -1), (-0.95382535, 0.055635482, 0.29516405, -1), (-0.95382535, 0.055635482, 0.29516408, -1), (-0.95382535, 0.055635475, 0.29516405, -1), (-0.7634836, -0.1529865, 0.6274456, -1), (-0.7634836, -0.1529865, 0.62744564, -1), (-0.7634836, -0.1529865, 0.6274456, -1), (-0.8830784, -0.076220855, 0.4629934, -1), (-0.88307846, -0.076220855, 0.46299338, -1), (-0.88307846, -0.07622086, 0.46299338, -1), (-0.9943321, 0.025224146, 0.103283376, -1), (-0.9943321, 0.025224146, 0.103283376, -1), (-0.9943321, 0.02522415, 0.10328339, -1), (-0.996845, 0.06331215, -0.047872853, -1), (-0.996845, 0.06331215, -0.047872856, -1), (-0.996845, 0.06331214, -0.047872853, -1), (-0.9960821, 0.048941974, 0.07365556, -1), (-0.9960821, 0.048941966, 0.07365556, -1), (-0.9960821, 0.048941966, 0.07365555, -1), (-0.9896293, 0.109119564, -0.093416736, -1), (-0.9896293, 0.10911955, -0.093416736, -1), (-0.9896293, 0.109119564, -0.09341674, -1), (-0.9870536, 0.07444981, -0.14206515, -1), (-0.9870536, 0.07444981, -0.14206515, -1), (-0.9870536, 0.0744498, -0.14206517, -1), (-0.9841769, -0.011592636, 0.17680925, -1), (-0.9841769, -0.011592636, 0.17680925, -1), (-0.9841769, -0.011592636, 0.17680925, -1), (-0.90588164, -0.11511086, 0.40758806, -1), (-0.90588164, -0.115110874, 0.40758806, -1), (-0.90588164, -0.115110874, 0.40758806, -1), (-0.9798594, 0.07013665, -0.18696605, -1), (-0.9798594, 0.07013665, -0.18696603, -1), (-0.9798594, 0.07013665, -0.18696603, -1), (-0.8389047, -0.21419878, 0.50035775, -1), (-0.8389047, -0.21419878, 0.50035775, -1), (-0.8389047, -0.2141988, 0.50035775, -1), (-0.9887494, 0.027534321, 0.14702547, -1), (-0.9887494, 0.027534321, 0.14702547, -1), (-0.9887494, 0.02753432, 0.14702545, -1), (-0.99393505, 0.09757876, 0.05071083, -1), (-0.99393505, 0.09757876, 0.05071084, -1), (-0.99393505, 0.09757876, 0.05071083, -1), (-0.92285997, -0.00986002, 0.38500923, -1), (-0.92285997, -0.009860022, 0.38500923, -1), (-0.92285997, -0.009860022, 0.38500923, -1), (-0.9880828, 0.060803823, 0.1414043, -1), (-0.9880828, 0.06080382, 0.14140429, -1), (-0.9880828, 0.06080383, 0.14140432, -1), (-0.8107141, -0.17022295, 0.560149, -1), (-0.810714, -0.17022295, 0.560149, -1), (-0.8107141, -0.17022297, 0.560149, -1), (-0.9718407, 0.11195307, -0.20734553, -1), (-0.9718407, 0.111953065, -0.20734553, -1), (-0.9718407, 0.11195307, -0.20734553, -1), (-0.9336622, 0.07304021, -0.35062817, -1), (-0.9336622, 0.07304021, -0.35062817, -1), (-0.9336622, 0.07304021, -0.35062814, -1), (-0.9905066, 0.028155053, 0.13455158, -1), (-0.9905066, 0.028155057, 0.13455161, -1), (-0.9905066, 0.028155057, 0.1345516, -1), (-0.99599, -0.0020211963, 0.08944223, -1), (-0.99599, -0.0020211963, 0.08944223, -1), (-0.99599, -0.0020211963, 0.08944222, -1), (-0.8740957, -0.07410003, 0.48006862, -1), (-0.8740957, -0.07410003, 0.48006862, -1), (-0.8740957, -0.07410003, 0.4800687, -1), (-0.9693494, 0.016548093, 0.24512824, -1), (-0.9693494, 0.016548092, 0.24512818, -1), (-0.9693494, 0.016548093, 0.24512821, -1), (-0.87546605, -0.19163455, 0.44366118, -1), (-0.87546605, -0.19163454, 0.44366118, -1), (-0.87546605, -0.19163454, 0.44366118, -1), (-0.9084717, -0.16889551, 0.38230008, -1), (-0.9084717, -0.16889551, 0.38230014, -1), (-0.9084718, -0.16889553, 0.38230008, -1), (-0.99323, 0.07969455, 0.08451516, -1), (-0.99323, 0.07969455, 0.08451516, -1), (-0.99323, 0.07969454, 0.08451516, -1), (-0.993397, 0.062992625, 0.0958873, -1), (-0.993397, 0.062992625, 0.095887296, -1), (-0.993397, 0.06299263, 0.0958873, -1), (-0.99422485, 0.0740912, 0.07763715, -1), (-0.9941954, 0.07407624, 0.07802773, -1), (-0.9951704, 0.07967655, 0.05733617, -1), (-0.97974294, 0.13258237, -0.15008587, -1), (-0.97974294, 0.13258237, -0.15008587, -1), (-0.97974294, 0.13258235, -0.15008585, -1), (-0.95459133, 0.14995909, -0.25742483, -1), (-0.95459133, 0.14995909, -0.25742483, -1), (-0.95459133, 0.14995907, -0.2574248, -1), (-0.97830975, -0.099312626, 0.18178855, -1), (-0.97830975, -0.09931262, 0.18178855, -1), (-0.97830975, -0.099312626, 0.18178855, -1), (-0.99915195, 0.030585155, -0.027566394, -1), (-0.99915195, 0.030585155, -0.027566394, -1), (-0.99915195, 0.030585155, -0.027566394, -1), (-0.9976051, -0.01563484, 0.06737703, -1), (-0.9976051, -0.01563484, 0.06737703, -1), (-0.9976051, -0.01563484, 0.06737703, -1), (-0.9424223, 0.23547643, -0.23746797, -1), (-0.9424223, 0.23547643, -0.23746794, -1), (-0.9424223, 0.23547642, -0.23746794, -1), (-0.86563414, -0.075050026, 0.49502015, -1), (-0.86563414, -0.07505002, 0.49502015, -1), (-0.86563414, -0.07505002, 0.49502012, -1), (-0.8825376, -0.06432197, 0.46582195, -1), (-0.8825376, -0.06432197, 0.46582195, -1), (-0.8824907, -0.06607339, 0.46566567, -1), (-0.8781406, -0.06667676, 0.47373328, -1), (-0.8781406, -0.06667677, 0.4737333, -1), (-0.9042476, -0.06570198, 0.4219237, -1), (-0.90732086, -0.065514356, 0.41530308, -1), (-0.9149957, -0.06500145, 0.39819318, -1), (-0.98690635, 0.158889, 0.027751891, -1), (-0.98690635, 0.158889, 0.027751895, -1), (-0.98690635, 0.15888901, 0.027751895, -1), (-0.6926123, -0.22139914, 0.68649143, -1), (-0.6926123, -0.22139914, 0.6864915, -1), (-0.6926123, -0.22139914, 0.68649143, -1), (-0.878997, -0.16032097, 0.44906712, -1), (-0.878997, -0.16032097, 0.44906712, -1), (-0.878997, -0.16032097, 0.44906712, -1), (-0.9963619, 0.08403029, 0.014209511, -1), (-0.9963619, 0.084030285, 0.014209511, -1), (-0.9963619, 0.084030285, 0.01420951, -1), (-0.93614185, -0.14710627, 0.31937152, -1), (-0.93614185, -0.14710629, 0.31937152, -1), (-0.93614185, -0.14710629, 0.31937152, -1), (-0.9395213, 0.16126029, -0.30215034, -1), (-0.9395213, 0.16126026, -0.30215034, -1), (-0.9395213, 0.16126029, -0.30215034, -1), (-0.967754, 0.13593118, -0.21207255, -1), (-0.967754, 0.1359312, -0.21207254, -1), (-0.967754, 0.13593118, -0.21207255, -1), (-0.98347247, 0.1551237, 0.093373805, -1), (-0.98347247, 0.1551237, 0.0933738, -1), (-0.98347247, 0.15512371, 0.0933738, -1), (-0.9980166, 0.030521482, 0.055056866, -1), (-0.9980166, 0.030521482, 0.055056866, -1), (-0.9980166, 0.03052148, 0.055056866, -1), (-0.84081817, -0.157189, 0.51799285, -1), (-0.84081805, -0.15718898, 0.51799285, -1), (-0.84081817, -0.157189, 0.51799285, -1), (-0.9632252, -0.10176824, 0.24867746, -1), (-0.9632252, -0.10176824, 0.24867749, -1), (-0.9632252, -0.10176824, 0.24867749, -1), (-0.9985073, 0.015300501, -0.05242982, -1), (-0.9985073, 0.015300501, -0.052429818, -1), (-0.9985073, 0.015300501, -0.052429818, -1), (-0.99856853, 0.052546658, 0.009985772, -1), (-0.99856853, 0.052546658, 0.009985772, -1), (-0.99856853, 0.052546658, 0.009985772, -1), (-0.9977398, 0.014630365, -0.06558417, -1), (-0.9977398, 0.014630365, -0.06558416, -1), (-0.9977398, 0.014630365, -0.06558416, -1), (-0.9798094, -0.0041054767, 0.1998918, -1), (-0.9798094, -0.004105476, 0.19989178, -1), (-0.9798094, -0.0041054767, 0.19989179, -1), (-0.99908876, 0.03842632, -0.0185752, -1), (-0.99908876, 0.03842632, -0.0185752, -1), (-0.99908876, 0.03842632, -0.018575203, -1), (-0.9911361, 0.1133215, 0.069335945, -1), (-0.9911361, 0.1133215, 0.069335945, -1), (-0.9911361, 0.1133215, 0.069335945, -1), (-0.9600964, -0.082630575, 0.26718357, -1), (-0.9600964, -0.08263056, 0.26718354, -1), (-0.9600964, -0.08263056, 0.26718357, -1), (-0.97874224, -0.10866991, 0.17393817, -1), (-0.97874224, -0.108669914, 0.17393818, -1), (-0.97874224, -0.10866993, 0.17393818, -1), (-0.996591, 0.08107419, 0.01528038, -1), (-0.996591, 0.081074186, 0.015280378, -1), (-0.996591, 0.08107419, 0.015280378, -1), (-0.994636, 0.0648199, -0.08060742, -1), (-0.994636, 0.06481991, -0.08060744, -1), (-0.994636, 0.0648199, -0.08060743, -1), (-0.9836141, -0.08668088, 0.15808155, -1), (-0.9836141, -0.08668088, 0.15808155, -1), (-0.9836141, -0.08668087, 0.15808153, -1), (-0.8888892, -0.16692902, 0.42662734, -1), (-0.8888891, -0.16692902, 0.42662728, -1), (-0.8888891, -0.16692902, 0.42662728, -1), (-0.9850144, -0.08359805, 0.15085776, -1), (-0.9850144, -0.08359805, 0.15085776, -1), (-0.9850144, -0.08359804, 0.15085776, -1), (-0.98095185, -0.048048686, 0.18821415, -1), (-0.9939779, -0.06615046, 0.08736094, -1), (-0.9969964, -0.07185231, 0.028902693, -1), (-0.9944254, -0.040087946, 0.0975245, -1), (-0.9944254, -0.040087942, 0.097524494, -1), (-0.9944254, -0.040087946, 0.0975245, -1), (-0.98092425, 0.121288314, -0.1519103, -1), (-0.98092425, 0.12128832, -0.15191029, -1), (-0.98092425, 0.121288314, -0.1519103, -1), (-0.97516364, 0.14511716, -0.16732265, -1), (-0.97516364, 0.1451172, -0.16732265, -1), (-0.97516364, 0.14511718, -0.16732265, -1), (-0.99644595, -0.04243722, 0.07276374, -1), (-0.99644595, -0.042437226, 0.07276375, -1), (-0.99644595, -0.042437226, 0.07276375, -1), (-0.9865947, 0.013687472, -0.16261514, -1), (-0.9865947, 0.013687472, -0.16261514, -1), (-0.9865947, 0.01368747, -0.16261514, -1), (-0.9117768, 0.17605978, -0.37103367, -1), (-0.9117768, 0.17605978, -0.37103367, -1), (-0.9117768, 0.17605977, -0.37103367, -1), (-0.9683793, -0.042601503, 0.24581826, -1), (-0.9683793, -0.042601503, 0.24581826, -1), (-0.9683793, -0.042601507, 0.24581829, -1), (-0.96320975, -0.08021539, 0.2565007, -1), (-0.96320975, -0.08021538, 0.25650066, -1), (-0.96320975, -0.08021538, 0.25650063, -1), (-0.9844232, 0.079565205, 0.15678124, -1), (-0.9844232, 0.079565205, 0.15678126, -1), (-0.9844232, 0.079565205, 0.15678124, -1), (-0.99852246, -0.02738927, 0.046933778, -1), (-0.99852246, -0.02738927, 0.046933778, -1), (-0.99852246, -0.027389271, 0.046933778, -1), (-0.97816217, 0.047846362, -0.2022614, -1), (-0.97816217, 0.04784636, -0.2022614, -1), (-0.97816217, 0.047846355, -0.20226137, -1), (-0.9955694, 0.087850764, 0.03352412, -1), (-0.9955694, 0.08785075, 0.033524115, -1), (-0.9955694, 0.087850764, 0.03352412, -1), (-0.9094199, -0.052835412, 0.41250926, -1), (-0.9094199, -0.052835412, 0.41250926, -1), (-0.9094199, -0.05283542, 0.4125093, -1), (-0.9406086, 0.2142294, -0.2633654, -1), (-0.9406086, 0.21422939, -0.26336542, -1), (-0.9406086, 0.2142294, -0.2633654, -1), (-0.97654504, 0.13911259, -0.16433966, -1), (-0.97654504, 0.13911259, -0.16433966, -1), (-0.97654504, 0.13911259, -0.16433966, -1), (-0.98834103, 0.14015935, -0.059474967, -1), (-0.98834103, 0.14015935, -0.05947496, -1), (-0.98834103, 0.14015934, -0.05947496, -1), (-0.99029434, 0.05664887, 0.12691757, -1), (-0.99029434, 0.05664887, 0.12691757, -1), (-0.99029434, 0.05664887, 0.12691757, -1), (-0.9908511, 0.03750577, 0.1296436, -1), (-0.9908511, 0.03750577, 0.1296436, -1), (-0.9908511, 0.03750577, 0.1296436, -1), (-0.97011113, 0.030369524, 0.24075305, -1), (-0.97011113, 0.030369524, 0.24075305, -1), (-0.97011113, 0.030369524, 0.24075305, -1), (-0.9677528, 0.024989342, 0.25065932, -1), (-0.9677528, 0.024989342, 0.25065932, -1), (-0.9677528, 0.024989342, 0.25065932, -1), (-0.98085254, 0.10533136, -0.16380936, -1), (-0.98085254, 0.10533136, -0.16380936, -1), (-0.98085254, 0.105331376, -0.16380937, -1), (-0.9872038, 0.1376257, -0.080548026, -1), (-0.9872038, 0.13762568, -0.080548026, -1), (-0.9872038, 0.1376257, -0.080548026, -1), (-0.9254404, 0.25592688, -0.27939484, -1), (-0.9254404, 0.2559269, -0.2793948, -1), (-0.9254404, 0.2559269, -0.27939487, -1), (-0.9995732, 0.016164195, 0.024333522, -1), (-0.9995732, 0.016164195, 0.024333524, -1), (-0.9995732, 0.016164193, 0.02433352, -1), (-0.9816551, 0.15198416, 0.11512682, -1), (-0.9816551, 0.15198417, 0.11512681, -1), (-0.9816551, 0.15198418, 0.11512681, -1), (-0.9831993, 0.112413995, 0.14381355, -1), (-0.9831993, 0.112413995, 0.14381357, -1), (-0.9831993, 0.112413995, 0.14381357, -1), (-0.99997807, 0.004855408, 0.004503047, -1), (-0.99997807, 0.004855408, 0.004503047, -1), (-0.99997807, 0.004855408, 0.004503047, -1), (-0.87022865, -0.0805573, -0.4860173, -1), (-0.87022865, -0.0805573, -0.48601726, -1), (-0.87022865, -0.080557294, -0.4860173, -1), (-0.8320555, -0.077277444, 0.549283, -1), (-0.8320555, -0.077277444, 0.549283, -1), (-0.8320555, -0.077277444, 0.549283, -1), (-0.9785847, 0.09465451, -0.18279071, -1), (-0.9785847, 0.09465449, -0.18279073, -1), (-0.9785847, 0.09465451, -0.18279071, -1), (-0.85261357, 0.16216809, -0.49674094, -1), (-0.85261357, 0.1621681, -0.496741, -1), (-0.85261357, 0.16216809, -0.49674094, -1), (-0.992163, 0.118082315, -0.040855873, -1), (-0.992163, 0.118082315, -0.040855866, -1), (-0.992163, 0.11808233, -0.040855877, -1), (-0.99792624, 0.04717783, 0.04378985, -1), (-0.99792624, 0.047177833, 0.04378985, -1), (-0.99792624, 0.047177836, 0.04378985, -1), (-0.9955988, -0.065797, -0.0667368, -1), (-0.9955988, -0.065797, -0.06673681, -1), (-0.9955988, -0.065797, -0.06673682, -1), (-0.99795234, 0.06280387, -0.012115259, -1), (-0.99795234, 0.06280387, -0.01211526, -1), (-0.99795234, 0.06280387, -0.012115259, -1), (-0.99853647, 0.03834097, 0.03814373, -1), (-0.99853647, 0.03834097, 0.03814373, -1), (-0.99853647, 0.03834097, 0.03814373, -1), (-0.99242437, 0.07515479, 0.09718776, -1), (-0.99242437, 0.07515479, 0.097187765, -1), (-0.99242437, 0.07515479, 0.09718777, -1), (-0.99762446, 0.06494609, -0.02296484, -1), (-0.99762446, 0.0649461, -0.02296484, -1), (-0.99762446, 0.06494609, -0.02296484, -1), (-0.9936567, 0.078239284, -0.0807775, -1), (-0.9936567, 0.07823928, -0.0807775, -1), (-0.9936567, 0.078239284, -0.0807775, -1), (-0.9588058, -0.054189567, 0.27884576, -1), (-0.9588058, -0.054189567, 0.27884576, -1), (-0.9588058, -0.05418956, 0.27884576, -1), (-0.98852843, 0.13051246, -0.07601303, -1), (-0.98852843, 0.13051246, -0.076013036, -1), (-0.98852843, 0.13051245, -0.07601303, -1), (-0.9439961, -0.11664268, 0.30865163, -1), (-0.9439961, -0.11664266, 0.3086516, -1), (-0.9439961, -0.11664266, 0.30865163, -1), (-0.9950889, 0.0682238, -0.0717196, -1), (-0.9950889, 0.06822379, -0.0717196, -1), (-0.9950889, 0.06822379, -0.071719594, -1), (-0.9769493, 0.21327515, -0.009149951, -1), (-0.9769493, 0.21327521, -0.009149952, -1), (-0.9769493, 0.21327521, -0.009149951, -1), (-0.9805381, -0.14731114, 0.12978669, -1), (-0.9805381, -0.14731114, 0.12978669, -1), (-0.9805381, -0.14731114, 0.12978669, -1), (-0.98789644, 0.12782851, -0.08786681, -1), (-0.98789644, 0.12782852, -0.087866805, -1), (-0.98789644, 0.12782852, -0.087866805, -1), (-0.88620704, -0.09908743, 0.45256925, -1), (-0.88620704, -0.09908743, 0.45256925, -1), (-0.88620704, -0.099087425, 0.45256925, -1), (-0.99465656, 0.0715693, -0.07440563, -1), (-0.99465656, 0.0715693, -0.07440563, -1), (-0.99465656, 0.071569294, -0.07440563, -1), (-0.9789379, -0.024078744, 0.20273317, -1), (-0.9789379, -0.024078744, 0.20273319, -1), (-0.9789379, -0.024078744, 0.2027332, -1), (-0.7755055, -0.12348029, -0.6191477, -1), (-0.77550554, -0.12348029, -0.61914766, -1), (-0.77550554, -0.12348029, -0.61914766, -1), (-0.99435174, 0.10198153, -0.029397994, -1), (-0.99435174, 0.10198154, -0.029397994, -1), (-0.99435174, 0.10198154, -0.029397996, -1), (-0.9887645, 0.13967744, -0.053244006, -1), (-0.9887645, 0.13967744, -0.05324401, -1), (-0.9887645, 0.13967744, -0.053244013, -1), (-0.979505, -0.03163104, 0.1989207, -1), (-0.979505, -0.03163104, 0.19892073, -1), (-0.979505, -0.031631038, 0.19892068, -1), (-0.93039894, -0.100029804, 0.3526357, -1), (-0.93039894, -0.10002981, 0.3526357, -1), (-0.93039894, -0.1000298, 0.3526357, -1), (-0.9890683, -0.052607823, 0.13775378, -1), (-0.9890683, -0.052607823, 0.1377538, -1), (-0.9890683, -0.05260783, 0.13775381, -1), (-0.95225567, -0.0181794, 0.30475998, -1), (-0.95225567, -0.018179402, 0.30475998, -1), (-0.95225567, -0.018179402, 0.30475998, -1), (-0.99120116, 0.048551206, 0.123137906, -1), (-0.99120116, 0.048551198, 0.123137906, -1), (-0.99120116, 0.0485512, 0.123137906, -1), (-0.98674923, 0.14750361, -0.067590944, -1), (-0.98674923, 0.14750358, -0.06759094, -1), (-0.98674923, 0.1475036, -0.06759094, -1), (-0.96272534, 0.0054364596, 0.27042633, -1), (-0.96272534, 0.005436459, 0.27042633, -1), (-0.96272534, 0.005436459, 0.2704263, -1), (-0.953146, -0.0121506825, 0.30226666, -1), (-0.953146, -0.0121506825, 0.30226666, -1), (-0.953146, -0.0121506825, 0.30226666, -1), (-0.9975122, 0.045301903, 0.05400995, -1), (-0.9975122, 0.045301907, 0.05400995, -1), (-0.9975122, 0.045301903, 0.05400996, -1), (-0.994055, 0.09198194, 0.058258317, -1), (-0.994055, 0.09198194, 0.058258317, -1), (-0.994055, 0.09198194, 0.058258314, -1), (-0.93780255, -0.20958742, 0.2767663, -1), (-0.93780243, -0.2095874, 0.2767663, -1), (-0.93780243, -0.20958741, 0.2767663, -1), (-0.9157233, 0.15811458, -0.3693922, -1), (-0.9157233, 0.15811458, -0.36939222, -1), (-0.9157233, 0.15811458, -0.36939222, -1), (-0.98386407, 0.10542518, -0.14455831, -1), (-0.98386407, 0.10542518, -0.14455833, -1), (-0.98386407, 0.105425164, -0.14455831, -1), (-0.9559677, 0.032383863, 0.29167995, -1), (-0.9559677, 0.032383863, 0.29167995, -1), (-0.9559677, 0.032383863, 0.29167995, -1), (-0.88337106, 0.22297053, -0.4122375, -1), (-0.88337106, 0.22297053, -0.4122375, -1), (-0.88337106, 0.2229705, -0.4122375, -1), (-0.9780016, 0.17180023, -0.11831128, -1), (-0.9780016, 0.17180021, -0.118311256, -1), (-0.9780016, 0.17180021, -0.118311256, -1), (-0.9869174, -0.04212007, 0.15562834, -1), (-0.9869174, -0.04212007, 0.15562834, -1), (-0.9869174, -0.04212007, 0.15562834, -1), (-0.94310313, -0.14662743, 0.29842404, -1), (-0.94310313, -0.14662741, 0.29842404, -1), (-0.94310313, -0.14662743, 0.29842404, -1), (-0.7505203, -0.24281439, 0.61462224, -1), (-0.7505203, -0.24281439, 0.61462224, -1), (-0.7505203, -0.2428144, 0.61462224, -1), (-0.9527363, 0.0024987415, 0.30378813, -1), (-0.9527363, 0.002498741, 0.30378807, -1), (-0.9527363, 0.0024987415, 0.30378813, -1), (-0.99259174, 0.117451474, -0.03109513, -1), (-0.99259174, 0.11745146, -0.031095127, -1), (-0.99259174, 0.11745146, -0.031095127, -1), (-0.9584619, 0.20164983, -0.20171285, -1), (-0.9584619, 0.20164983, -0.20171285, -1), (-0.9584619, 0.2016498, -0.20171285, -1), (-0.96146226, -0.08124069, 0.26266035, -1), (-0.96146226, -0.08124069, 0.26266035, -1), (-0.96146226, -0.0812407, 0.26266035, -1), (-0.91122174, -0.17577717, 0.37252837, -1), (-0.91122174, -0.17577717, 0.3725284, -1), (-0.91122174, -0.17577717, 0.3725284, -1), (-0.99984646, -0.0127092125, 0.012066944, -1), (-0.99984646, -0.012709211, 0.012066944, -1), (-0.99984646, -0.012709211, 0.012066943, -1), (-0.9993748, 0.03212409, -0.0147708785, -1), (-0.9993748, 0.03212409, -0.0147708785, -1), (-0.9993748, 0.032124087, -0.014770875, -1), (-0.9508779, 0.005792611, 0.30951166, -1), (-0.9508779, 0.00579261, 0.30951166, -1), (-0.9508779, 0.00579261, 0.30951166, -1), (-0.986402, -0.013010057, 0.16383503, -1), (-0.986402, -0.013010058, 0.16383505, -1), (-0.986402, -0.013010055, 0.16383503, -1), (-0.981795, 0.07738421, 0.1734654, -1), (-0.981795, 0.07738421, 0.1734654, -1), (-0.981795, 0.07738421, 0.1734654, -1), (-0.975517, 0.09980966, -0.19597107, -1), (-0.975517, 0.09980966, -0.19597107, -1), (-0.975517, 0.09980965, -0.19597106, -1), (-0.9932493, 0.054849356, -0.10221258, -1), (-0.9932493, 0.054849353, -0.10221257, -1), (-0.9932493, 0.054849356, -0.10221258, -1), (-0.97881407, 0.17012683, -0.1139286, -1), (-0.97881407, 0.17012686, -0.1139286, -1), (-0.97881407, 0.17012684, -0.1139286, -1), (-0.9875194, 0.010034893, 0.1571774, -1), (-0.9875194, 0.010034893, 0.1571774, -1), (-0.9875194, 0.010034894, 0.15717742, -1), (-0.9886974, 0.026906988, 0.1474908, -1), (-0.9883116, 0.02720556, 0.1500001, -1), (-0.9915244, 0.02450844, 0.12758772, -1), (-0.92854476, 0.076339565, -0.3632861, -1), (-0.92854476, 0.07633957, -0.3632861, -1), (-0.92854476, 0.07633958, -0.3632861, -1), (-0.96904266, 0.12413278, -0.21341844, -1), (-0.96904266, 0.1241328, -0.21341844, -1), (-0.96904266, 0.12413277, -0.21341841, -1), (-0.96044016, -0.00730944, 0.27839068, -1), (-0.96044016, -0.00730944, 0.27839068, -1), (-0.96044016, -0.00730944, 0.27839068, -1), (-0.9827906, 0.067344606, 0.17201026, -1), (-0.9827906, 0.067344606, 0.17201026, -1), (-0.9827906, 0.067344606, 0.17201024, -1), (-0.9834758, -0.020130433, 0.17991701, -1), (-0.9834758, -0.020130437, 0.17991702, -1), (-0.9834758, -0.020130435, 0.17991701, -1), (-0.8606952, -0.22708952, 0.4556689, -1), (-0.8606952, -0.22708952, 0.4556689, -1), (-0.86069524, -0.22708954, 0.45566887, -1), (-0.92965305, 0.13406618, -0.3431783, -1), (-0.92965317, 0.1340662, -0.3431783, -1), (-0.92965305, 0.13406618, -0.3431783, -1), (-0.9357989, 0.13625947, -0.32513645, -1), (-0.9357989, 0.13625947, -0.32513648, -1), (-0.9357989, 0.13625947, -0.32513648, -1), (-0.9614275, -0.055222005, 0.2694581, -1), (-0.9614275, -0.055221997, 0.26945803, -1), (-0.9614275, -0.055221997, 0.26945806, -1), (-0.99810874, -0.0052354555, 0.061249267, -1), (-0.99810874, -0.005235455, 0.061249267, -1), (-0.99810874, -0.0052354555, 0.061249267, -1), (-0.9839048, 0.121479526, -0.13104986, -1), (-0.9839048, 0.12147954, -0.13104987, -1), (-0.9839048, 0.121479526, -0.13104987, -1), (-0.9126741, 0.2080414, -0.35177362, -1), (-0.9126741, 0.20804137, -0.35177362, -1), (-0.9126741, 0.2080414, -0.35177362, -1), (-0.91617197, 0.19909583, -0.34783584, -1), (-0.91617197, 0.19909586, -0.34783584, -1), (-0.91617197, 0.19909586, -0.34783584, -1), (-0.99047816, 0.11154738, -0.08068687, -1), (-0.99047816, 0.11154738, -0.08068686, -1), (-0.99047816, 0.11154738, -0.08068687, -1), (-0.8739333, -0.16234043, 0.45813325, -1), (-0.87393343, -0.16234045, 0.45813328, -1), (-0.87393343, -0.16234045, 0.45813328, -1), (-0.98057795, 0.026023842, 0.19439562, -1), (-0.98057795, 0.026023842, 0.19439559, -1), (-0.98057795, 0.026023842, 0.1943956, -1), (-0.9918268, 0.12750183, 0.0047814786, -1), (-0.9918268, 0.12750183, 0.004781478, -1), (-0.9918268, 0.12750183, 0.004781478, -1), (-0.9681066, 0.011741534, 0.25026333, -1), (-0.9681066, 0.011741534, 0.2502633, -1), (-0.9681066, 0.011741535, 0.25026333, -1), (-0.9837129, 0.15580262, -0.0896352, -1), (-0.9837129, 0.15580262, -0.0896352, -1), (-0.9837129, 0.15580262, -0.0896352, -1), (-0.98451936, 0.0917753, -0.14932847, -1), (-0.98451936, 0.09177529, -0.14932847, -1), (-0.98451936, 0.0917753, -0.14932847, -1), (-0.96039695, -0.06711011, 0.27043295, -1), (-0.96039695, -0.06711011, 0.27043292, -1), (-0.96039695, -0.06711011, 0.27043292, -1), (-0.9226675, -0.16932867, 0.3464281, -1), (-0.9226675, -0.16932867, 0.34642816, -1), (-0.9226675, -0.16932867, 0.3464281, -1), (-0.99016845, 0.10588346, -0.09140695, -1), (-0.99016845, 0.10588347, -0.09140695, -1), (-0.99016845, 0.105883464, -0.09140695, -1), (-0.9909059, 0.10331385, -0.08620735, -1), (-0.9909059, 0.10331385, -0.086207345, -1), (-0.97543555, 0.17195602, -0.13768308, -1), (-0.97543555, 0.171956, -0.13768308, -1), (-0.97543555, 0.17195602, -0.13768308, -1), (-0.9973628, 0.0026913858, 0.072526515, -1), (-0.9973628, 0.0026913858, 0.072526515, -1), (-0.9973628, 0.0026913858, 0.072526515, -1), (-0.99788266, 0.06488549, 0.0044826344, -1), (-0.99788266, 0.0648855, 0.0044826344, -1), (-0.99788266, 0.06488549, 0.004482634, -1), (-0.99171, 0.09754686, -0.083641574, -1), (-0.99171, 0.09754686, -0.083641574, -1), (-0.99171, 0.09754686, -0.083641574, -1), (-0.88443977, -0.2253296, 0.40864757, -1), (-0.88443977, -0.22532958, 0.40864757, -1), (-0.88443977, -0.22532958, 0.40864757, -1), (-0.71050304, -0.30040136, 0.63635254, -1), (-0.710503, -0.3004014, 0.63635254, -1), (-0.710503, -0.30040136, 0.6363525, -1), (-0.97865283, 0.0019710963, 0.20551074, -1), (-0.97865283, 0.0019710963, 0.20551074, -1), (-0.97865283, 0.0019710963, 0.20551072, -1), (-0.8265421, -0.09027466, 0.5555886, -1), (-0.8265421, -0.090274654, 0.5555886, -1), (-0.8265421, -0.09027466, 0.5555886, -1), (-0.9994178, -0.03379069, -0.0047219023, -1), (-0.9994178, -0.03379069, -0.0047219023, -1), (-0.9994178, -0.033790685, -0.0047219014, -1), (-0.9976689, 0.014289561, 0.0667265, -1), (-0.9976689, 0.014289561, 0.0667265, -1), (-0.9976689, 0.014289558, 0.06672649, -1), (-0.9195576, -0.14857441, 0.36378515, -1), (-0.9195576, -0.14857443, 0.3637851, -1), (-0.9195576, -0.14857441, 0.36378515, -1), (-0.99969435, -0.0018460454, -0.024655972, -1), (-0.99969435, -0.0018460454, -0.024655972, -1), (-0.99969435, -0.0018460454, -0.024655968, -1), (-0.9760066, 0.13352236, -0.17199658, -1), (-0.9760066, 0.13352236, -0.17199655, -1), (-0.9760066, 0.13352236, -0.17199655, -1), (-0.9846906, 0.15305088, 0.08342472, -1), (-0.9846906, 0.15305082, 0.083424695, -1), (-0.9846906, 0.15305084, 0.0834247, -1), (-0.91097665, -0.032975934, 0.41113758, -1), (-0.91097665, -0.03297594, 0.41113767, -1), (-0.91097665, -0.03297594, 0.41113767, -1), (-0.93901104, 0.17569405, -0.29561788, -1), (-0.93901104, 0.17569403, -0.29561782, -1), (-0.93901104, 0.17569403, -0.29561785, -1), (-0.94138086, 0.1806417, -0.28490457, -1), (-0.94138086, 0.1806417, -0.28490457, -1), (-0.94138086, 0.1806417, -0.28490457, -1), (-0.9874556, -0.039448842, 0.1528898, -1), (-0.9874556, -0.03944884, 0.15288982, -1), (-0.9874556, -0.039448842, 0.1528898, -1), (-0.9943599, 0.015487407, 0.10492102, -1), (-0.9943599, 0.015487407, 0.10492101, -1), (-0.9943599, 0.015487408, 0.10492102, -1), (-0.99588543, -0.01856303, 0.08869951, -1), (-0.99588543, -0.01856303, 0.088699505, -1), (-0.99588543, -0.018563032, 0.08869951, -1), (-0.99964523, -0.0073271766, -0.025605774, -1), (-0.99964523, -0.0073271766, -0.025605774, -1), (-0.99964523, -0.0073271776, -0.025605777, -1), (-0.8893759, -0.06212594, 0.4529358, -1), (-0.8893759, -0.062125947, 0.4529358, -1), (-0.8893759, -0.062125955, 0.4529358, -1), (-0.99276054, 0.005576053, -0.11998128, -1), (-0.99276054, 0.0055760527, -0.11998126, -1), (-0.99276054, 0.0055760527, -0.11998126, -1), (-0.8544536, 0.23914038, -0.4612167, -1), (-0.8544536, 0.23914038, -0.46121675, -1), (-0.8544536, 0.23914038, -0.4612167, -1), (-0.9960938, -0.012007731, 0.087481156, -1), (-0.9960938, -0.012007732, 0.08748115, -1), (-0.9960938, -0.012007732, 0.08748115, -1), (-0.9852416, 0.10889788, -0.13206139, -1), (-0.9852416, 0.10889788, -0.13206142, -1), (-0.9852416, 0.108897865, -0.13206142, -1), (-0.8853272, -0.083758354, 0.4573624, -1), (-0.8853271, -0.08375835, 0.4573624, -1), (-0.8853271, -0.08375833, 0.4573624, -1), (-0.9315315, -0.05797173, 0.35901022, -1), (-0.9315315, -0.05797173, 0.35901022, -1), (-0.9315315, -0.057971723, 0.35901022, -1), (-0.9997335, -0.017994894, 0.0144572705, -1), (-0.9997335, -0.017994892, 0.01445727, -1), (-0.9997335, -0.017994892, 0.01445727, -1), (-0.9724727, 0.022043394, -0.23197198, -1), (-0.9724727, 0.022043396, -0.231972, -1), (-0.9724727, 0.022043396, -0.23197198, -1), (-0.95945424, 0.19992466, -0.19869004, -1), (-0.95945424, 0.19992466, -0.19869003, -1), (-0.95945424, 0.19992466, -0.19869003, -1), (-0.9864922, 0.012828326, 0.16330492, -1), (-0.9864922, 0.012828325, 0.16330492, -1), (-0.9864922, 0.012828328, 0.16330495, -1), (-0.94776434, -0.11186552, 0.29871202, -1), (-0.94776434, -0.111865535, 0.29871202, -1), (-0.94776434, -0.11186552, 0.29871204, -1), (-0.9978503, 0.059458602, -0.027559077, -1), (-0.9978503, 0.059458602, -0.027559074, -1), (-0.9978503, 0.059458602, -0.027559077, -1), (-0.9708219, -0.099835195, 0.21803157, -1), (-0.9708219, -0.09983521, 0.2180316, -1), (-0.9708219, -0.09983521, 0.2180316, -1), (-0.92467344, -0.11355917, 0.36343256, -1), (-0.92467344, -0.11355917, 0.36343256, -1), (-0.92467356, -0.11355917, 0.36343256, -1), (-0.9773311, -0.036887016, 0.2084783, -1), (-0.9773311, -0.036887016, 0.20847827, -1), (-0.9773311, -0.036887012, 0.20847826, -1), (-0.9856849, -0.047926188, 0.16164297, -1), (-0.981908, -0.047233883, 0.1833728, -1), (-0.97825193, -0.037095144, 0.20407599, -1), (-0.96328795, -0.067787044, 0.25977173, -1), (-0.96559304, -0.06774983, 0.25107783, -1), (-0.9182585, -0.067649804, 0.39016, -1), (-0.9336917, 0.040033232, -0.35583314, -1), (-0.9336917, 0.040033232, -0.35583314, -1), (-0.9336917, 0.040033236, -0.35583317, -1), (-0.99219525, 0.004570109, 0.124610774, -1), (-0.99219525, 0.004570109, 0.124610774, -1), (-0.99219525, 0.0045701102, 0.12461079, -1), (-0.99922144, 0.017244965, 0.035485726, -1), (-0.99922144, 0.017244963, 0.035485722, -1), (-0.99922144, 0.017244965, 0.035485726, -1), (-0.9869244, -0.07896569, 0.14051507, -1), (-0.9869244, -0.078965686, 0.14051506, -1), (-0.9869244, -0.07896569, 0.14051506, -1), (-0.8835608, -0.1740422, 0.43477544, -1), (-0.8835608, -0.17404222, 0.43477544, -1), (-0.8835608, -0.17404222, 0.43477547, -1), (-0.9972331, 0.008547032, 0.07384498, -1), (-0.9972331, 0.008547031, 0.07384497, -1), (-0.9972331, 0.008547032, 0.07384498, -1), (-0.88746834, -0.015521665, 0.4606073, -1), (-0.88746834, -0.015521665, 0.4606073, -1), (-0.88746834, -0.015521665, 0.4606073, -1), (-0.902534, -0.03303389, 0.42934954, -1), (-0.902534, -0.033033885, 0.42934954, -1), (-0.9025341, -0.03303389, 0.42934954, -1), (-0.9377408, -0.14410885, 0.31602997, -1), (-0.9377408, -0.14410885, 0.31602997, -1), (-0.9377408, -0.14410886, 0.31602997, -1), (-0.97634786, -0.06108471, 0.20739678, -1), (-0.97634786, -0.06108471, 0.20739678, -1), (-0.97634786, -0.061084714, 0.20739678, -1), (-0.9915149, 0.09138314, 0.09245192, -1), (-0.9915149, 0.09138314, 0.09245193, -1), (-0.9915149, 0.09138314, 0.09245193, -1), (-0.95931345, -0.09570893, 0.26562655, -1), (-0.95931345, -0.09570893, 0.26562655, -1), (-0.95931345, -0.09570893, 0.26562655, -1), (-0.99730885, 0.05402095, 0.04956681, -1), (-0.99730885, 0.054020952, 0.049566813, -1), (-0.99730885, 0.05402095, 0.04956681, -1), (-0.94043976, -0.128456, 0.3147572, -1), (-0.94043976, -0.128456, 0.3147572, -1), (-0.94043976, -0.12845598, 0.3147572, -1), (-0.99704117, 0.04903031, 0.059202522, -1), (-0.99704117, 0.04903031, 0.059202526, -1), (-0.99704117, 0.049030304, 0.059202522, -1), (-0.99911374, 0.039673656, -0.014058774, -1), (-0.99911374, 0.039673656, -0.014058773, -1), (-0.99911374, 0.039673656, -0.014058773, -1), (-0.9292335, -0.036401015, 0.36769572, -1), (-0.9292335, -0.03640102, 0.36769572, -1), (-0.9292335, -0.03640102, 0.36769572, -1), (-0.990368, 0.03370496, 0.13429537, -1), (-0.990368, 0.033704966, 0.13429539, -1), (-0.990368, 0.03370496, 0.13429539, -1), (-0.98651916, 0.0787459, 0.14345372, -1), (-0.98651916, 0.078745894, 0.14345372, -1), (-0.9888959, 0.12704219, -0.07710457, -1), (-0.9888959, 0.12704219, -0.07710456, -1), (-0.9888959, 0.12704219, -0.07710457, -1), (-0.99349135, 0.08991219, -0.06993457, -1), (-0.99349135, 0.08991219, -0.06993457, -1), (-0.99349135, 0.08991218, -0.06993457, -1), (-0.94515115, 0.047553122, 0.323153, -1), (-0.94515115, 0.047553122, 0.323153, -1), (-0.94515115, 0.04755312, 0.323153, -1), (-0.993196, 0.10673766, -0.046569675, -1), (-0.993196, 0.10673765, -0.046569668, -1), (-0.993196, 0.10673766, -0.04656967, -1), (-0.99653035, 0.06825362, -0.04763011, -1), (-0.99653035, 0.068253614, -0.0476301, -1), (-0.98835844, 0.12973662, -0.079473265, -1), (-0.98835844, 0.12973663, -0.07947327, -1), (-0.98835844, 0.12973663, -0.07947327, -1), (-0.9570173, 0.083153576, -0.27785498, -1), (-0.9570173, 0.083153576, -0.27785498, -1), (-0.9570173, 0.08315358, -0.277855, -1), (-0.96991694, 0.14876938, -0.19268827, -1), (-0.96991694, 0.14876938, -0.19268826, -1), (-0.96991694, 0.14876938, -0.19268826, -1), (-0.9997744, -0.00216537, -0.021128995, -1), (-0.9997744, -0.00216537, -0.021128995, -1), (-0.9997744, -0.0021653697, -0.021128995, -1), (-0.9845812, 0.013119131, 0.17443575, -1), (-0.9843077, 0.025718192, 0.1745765, -1), (-0.9843077, 0.025718192, 0.17457654, -1), (-0.9806116, 0.019570695, 0.19498178, -1), (-0.98969144, 0.013747038, 0.14255497, -1), (-0.96973765, 0.019147856, 0.24339731, -1), (-0.9697963, 0.019175781, 0.24316142, -1), (-0.9642467, 0.031977214, 0.26306987, -1), (-0.9945834, -0.018236926, 0.10232889, -1), (-0.9945834, -0.018236928, 0.1023289, -1), (-0.9945834, -0.018236928, 0.1023289, -1), (-0.9768429, -0.07187232, 0.20152535, -1), (-0.9768429, -0.07187231, 0.20152532, -1), (-0.9768429, -0.07187232, 0.20152532, -1), (-0.98063135, -0.03811375, 0.19211814, -1), (-0.98063135, -0.038113754, 0.19211814, -1), (-0.98063135, -0.038113758, 0.19211818, -1), (-0.9837029, -0.014436602, 0.17922136, -1), (-0.9837029, -0.0144366035, 0.17922136, -1), (-0.9837029, -0.0144366035, 0.17922136, -1), (-0.99647945, 0.0720659, 0.04283928, -1), (-0.99647945, 0.072065905, 0.042839285, -1), (-0.99647945, 0.072065905, 0.042839285, -1), (-0.9922035, 0.013253699, 0.12392201, -1), (-0.9922035, 0.013253699, 0.123922, -1), (-0.9922035, 0.013253698, 0.12392201, -1), (-0.9901467, 0.13688676, 0.02952069, -1), (-0.9901467, 0.13688676, 0.02952069, -1), (-0.9901467, 0.13688676, 0.02952069, -1), (-0.9299007, 0.22945838, -0.2874606, -1), (-0.9299007, 0.22945835, -0.28746057, -1), (-0.9299007, 0.22945838, -0.2874606, -1), (-0.9223124, 0.28933954, -0.25616875, -1), (-0.9223124, 0.28933954, -0.25616875, -1), (-0.9223124, 0.28933954, -0.25616875, -1), (-0.97451276, 0.17923573, -0.13490453, -1), (-0.97451276, 0.17923573, -0.13490453, -1), (-0.97451276, 0.17923573, -0.13490453, -1), (-0.96210134, -0.03828947, 0.26999032, -1), (-0.96210134, -0.038289472, 0.26999032, -1), (-0.96210134, -0.03828947, 0.26999032, -1), (-0.9120572, 0.011759359, 0.40989423, -1), (-0.91205734, 0.011759359, 0.40989426, -1), (-0.9120572, 0.01175936, 0.40989426, -1), (-0.98678523, 0.16151552, 0.012946845, -1), (-0.98678523, 0.1615155, 0.012946843, -1), (-0.98678523, 0.1615155, 0.012946845, -1), (-0.96121955, 0.045300107, 0.2720384, -1), (-0.96121955, 0.045300104, 0.27203837, -1), (-0.96121955, 0.045300107, 0.2720384, -1), (-0.92230314, 0.09322017, -0.37505588, -1), (-0.92230314, 0.09322016, -0.37505588, -1), (-0.92230314, 0.09322017, -0.37505588, -1), (-0.9943948, 0.1040178, 0.01895636, -1), (-0.9943948, 0.1040178, 0.01895636, -1), (-0.9943948, 0.1040178, 0.018956358, -1), (-0.996438, 0.08055351, -0.02494778, -1), (-0.996438, 0.08055351, -0.02494778, -1), (-0.996438, 0.0805535, -0.024947776, -1), (-0.98871326, 0.13122956, -0.072283596, -1), (-0.98871326, 0.13122955, -0.07228359, -1), (-0.98871326, 0.13122955, -0.07228359, -1), (-0.99646384, 0.0839195, -0.0041790153, -1), (-0.99646384, 0.08391952, -0.0041790153, -1), (-0.99646384, 0.08391951, -0.0041790153, -1), (-0.7571382, 0.26973775, -0.59496504, -1), (-0.75713813, 0.26973778, -0.5949651, -1), (-0.7571381, 0.26973775, -0.5949651, -1), (-0.98055583, 0.07429328, 0.18163355, -1), (-0.98055583, 0.07429328, 0.18163355, -1), (-0.98055583, 0.074293286, 0.18163356, -1), (-0.9804606, 0.05894314, 0.18767725, -1), (-0.9804606, 0.058943134, 0.18767725, -1), (-0.9661264, 0.24092044, -0.09250471, -1), (-0.9661264, 0.24092044, -0.09250471, -1), (-0.9661264, 0.24092044, -0.09250471, -1), (-0.9745302, -0.16520166, -0.15165514, -1), (-0.9745302, -0.16520166, -0.15165514, -1), (-0.9745302, -0.16520166, -0.15165514, -1), (-0.89409274, -0.10293777, -0.43589202, -1), (-0.89409274, -0.10293777, -0.43589208, -1), (-0.89409274, -0.10293777, -0.43589202, -1), (-0.98437935, -0.17605782, 0.0010324398, -1), (-0.98437935, -0.17605783, 0.0010324399, -1), (-0.98437935, -0.1760578, 0.0010324396, -1), (-0.9822274, -0.1874463, 0.00965922, -1), (-0.9822274, -0.1874463, 0.00965922, -1), (-0.9822274, -0.18744631, 0.009659222, -1), (-0.95990545, -0.12905547, 0.24884993, -1), (-0.95990545, -0.12905547, 0.24884993, -1), (-0.95990545, -0.12905549, 0.24884993, -1), (-0.9646081, -0.10513137, 0.24182342, -1), (-0.9646081, -0.10513139, 0.24182342, -1), (-0.9646081, -0.10513139, 0.24182342, -1), (-0.9423729, -0.11257569, 0.31505558, -1), (-0.9423728, -0.11257569, 0.3150556, -1), (-0.9423729, -0.11257569, 0.3150556, -1), (-0.995321, -0.080166444, 0.053939063, -1), (-0.995321, -0.080166444, 0.05393907, -1), (-0.995321, -0.080166444, 0.05393907, -1), (-0.94333315, -0.11194356, 0.31239593, -1), (-0.945374, -0.09404525, 0.31212753, -1), (-0.94333315, -0.11194356, 0.31239593, -1), (-0.96437263, -0.09118412, 0.24833609, -1), (-0.9020104, -0.08681809, 0.42289475, -1), (-0.86853635, -0.083454765, 0.48854885, -1), (-0.87995535, -0.06715418, 0.47028595, -1), (-0.09753187, 0.07908958, 0.9920848, -1), (-0.097531855, 0.07908958, 0.9920848, -1), (-0.09753186, 0.07908958, 0.9920848, -1), (-0.8789987, -0.107733734, 0.46449405, -1), (-0.8789987, -0.107733734, 0.46449408, -1), (-0.8789987, -0.10773373, 0.464494, -1), (-0.8649107, -0.07185114, 0.49675637, -1), (-0.8649107, -0.07185115, 0.49675646, -1), (-0.8649107, -0.07185114, 0.49675643, -1), (-0.9776095, -0.05611724, 0.20280674, -1), (-0.9776095, -0.05611724, 0.20280671, -1), (-0.9776095, -0.05611724, 0.20280671, -1), (-0.9797758, -0.040472016, 0.19596288, -1), (-0.9797758, -0.040472016, 0.19596289, -1), (-0.9094906, -0.11735553, 0.39881662, -1), (-0.9094906, -0.11735553, 0.39881662, -1), (-0.9094906, -0.11735553, 0.39881665, -1), (-0.9515793, -0.09151252, 0.2934662, -1), (-0.9515793, -0.09151252, 0.29346627, -1), (-0.9515793, -0.09151252, 0.2934662, -1), (-0.91830915, -0.11170496, 0.37977672, -1), (-0.91830915, -0.11170496, 0.37977672, -1), (-0.91830915, -0.11170495, 0.37977672, -1), (-0.9754894, 0.03162612, 0.21776205, -1), (-0.9754894, 0.03162612, 0.2177621, -1), (-0.9754894, 0.03162612, 0.21776205, -1), (-0.85666966, -0.20464133, 0.47353885, -1), (-0.85666966, -0.20464133, 0.47353885, -1), (-0.8566696, -0.20464134, 0.47353888, -1), (-0.8867758, -0.016779708, 0.46189514, -1), (-0.88677585, -0.01677971, 0.4618951, -1), (-0.88677585, -0.01677971, 0.4618951, -1), (-0.9987103, -0.023833277, 0.04482868, -1), (-0.9987103, -0.023833279, 0.044828683, -1), (-0.9987103, -0.023833279, 0.044828683, -1), (-0.97896427, -0.0037862826, 0.20399651, -1), (-0.97896427, -0.0037862826, 0.20399651, -1), (-0.97896427, -0.0037862826, 0.20399651, -1), (-0.97936, 0.009160836, 0.20191613, -1), (-0.97936, 0.009160837, 0.20191617, -1), (-0.89296323, -0.076519914, 0.443578, -1), (-0.89296323, -0.076519914, 0.443578, -1), (-0.89296323, -0.076519914, 0.443578, -1), (-0.9123577, -0.15629281, 0.37838617, -1), (-0.9123577, -0.15629283, 0.37838614, -1), (-0.9123577, -0.15629281, 0.37838614, -1), (-0.8939686, -0.16434157, 0.41690758, -1), (-0.8939686, -0.16434158, 0.41690755, -1), (-0.8939687, -0.16434158, 0.41690752, -1), (-0.9187429, -0.22649825, 0.32343465, -1), (-0.9187429, -0.22649825, 0.32343468, -1), (-0.9187429, -0.22649825, 0.3234347, -1), (-0.8652855, 0.041173883, 0.4995856, -1), (-0.8652854, 0.041173875, 0.49958563, -1), (-0.8652854, 0.041173875, 0.49958563, -1), (-0.92463756, -0.081029825, 0.37212828, -1), (-0.92463756, -0.081029825, 0.37212825, -1), (-0.92463756, -0.08102982, 0.37212825, -1), (-0.92382324, -0.04361537, 0.38032636, -1), (-0.92382324, -0.04361537, 0.38032636, -1), (-0.92382324, -0.04361537, 0.38032636, -1), (-0.95060766, -0.10031685, 0.29373708, -1), (-0.95060766, -0.10031684, 0.29373708, -1), (-0.95060766, -0.10031684, 0.29373708, -1), (-0.815305, -0.22831096, 0.5321202, -1), (-0.815305, -0.22831096, 0.5321203, -1), (-0.815305, -0.22831094, 0.53212017, -1), (-0.99079037, 0.11413174, 0.072858006, -1), (-0.99079037, 0.11413174, 0.072858, -1), (-0.99079037, 0.11413175, 0.072858006, -1), (-0.9352953, -0.007271708, 0.3537935, -1), (-0.9352953, -0.007271709, 0.35379353, -1), (-0.9352953, -0.007271708, 0.35379353, -1), (-0.9731122, 0.0062140664, 0.23024748, -1), (-0.9731122, 0.0062140664, 0.23024748, -1), (-0.9731122, 0.0062140664, 0.23024748, -1), (-0.9686489, -0.06899736, 0.23866023, -1), (-0.96389216, -0.107131355, 0.24379261, -1), (-0.96389216, -0.107131355, 0.24379264, -1), (-0.97467303, -0.07342367, 0.2112383, -1), (-0.9751285, -0.07378498, 0.20899822, -1), (-0.97523195, -0.07489856, 0.20811741, -1), (-0.9767829, -0.038227927, 0.21079326, -1), (-0.9767829, -0.038227927, 0.21079326, -1), (-0.9767829, -0.038227927, 0.21079326, -1), (-0.97905934, -0.012894716, 0.20316646, -1), (-0.9790592, -0.012894714, 0.20316644, -1), (-0.97905934, -0.012894715, 0.20316646, -1), (-0.9639595, -0.10436017, 0.24472667, -1), (-0.9639595, -0.10436018, 0.2447267, -1), (-0.9639595, -0.10436017, 0.24472667, -1), (-0.987166, -0.07104236, 0.1430249, -1), (-0.987166, -0.07104237, 0.14302492, -1), (-0.987166, -0.07104237, 0.14302492, -1), (-0.99997985, -0.003310873, -0.005412122, -1), (-0.99997985, -0.0033108734, -0.0054121222, -1), (-0.99997985, -0.0033108734, -0.005412122, -1), (-0.9866523, 0.015375883, 0.16211322, -1), (-0.9866523, 0.015375883, 0.16211322, -1), (-0.9866523, 0.015375883, 0.1621132, -1), (-0.9701441, -0.110416666, 0.21593645, -1), (-0.9701441, -0.11041667, 0.21593645, -1), (-0.9701441, -0.110416666, 0.21593645, -1), (-0.9765509, -0.055871747, 0.20791046, -1), (-0.9765509, -0.055871755, 0.20791046, -1), (-0.9765509, -0.05587175, 0.20791048, -1), (-0.97386336, -0.108040705, 0.19979341, -1), (-0.97386336, -0.10804072, 0.19979341, -1), (-0.97386336, -0.10804072, 0.1997934, -1), (-0.9474174, -0.10116753, 0.3035874, -1), (-0.9474174, -0.10116755, 0.30358744, -1), (-0.9474174, -0.101167545, 0.3035874, -1), (-0.96413976, -0.10865911, 0.24213144, -1), (-0.96413976, -0.108659126, 0.24213144, -1), (-0.96413976, -0.108659126, 0.24213144, -1), (-0.9338479, -0.09870139, 0.34378222, -1), (-0.9338479, -0.09870139, 0.34378222, -1), (-0.9338479, -0.09870137, 0.3437822, -1), (-0.99597824, 0.03335264, 0.08315614, -1), (-0.99597824, 0.03335264, 0.08315614, -1), (-0.99597824, 0.03335264, 0.08315614, -1), (-0.9942515, -0.026553575, 0.10372567, -1), (-0.9942515, -0.026553575, 0.10372567, -1), (-0.9942515, -0.026553575, 0.10372567, -1), (-0.9889024, 0.0015311573, 0.1485584, -1), (-0.9920699, 0, 0.12568717, -1), (-0.99370277, 0.0136769675, 0.11121011, -1), (-0.99301624, -0.006744685, 0.117784396, -1), (-0.99301624, -0.006744685, 0.11778441, -1), (-0.99301624, -0.006744686, 0.117784396, -1), (-0.998156, -0.018948305, 0.057666503, -1), (-0.998156, -0.018948304, 0.05766649, -1), (-0.998156, -0.018948305, 0.057666495, -1), (-0.94982505, -0.052395333, 0.30836195, -1), (-0.94982505, -0.052395325, 0.30836192, -1), (-0.94982505, -0.052395325, 0.30836192, -1), (-0.9474246, -0.0930129, 0.30616236, -1), (-0.9474245, -0.093012884, 0.30616236, -1), (-0.9474246, -0.0930129, 0.30616236, -1), (-0.99449474, 0.10289172, -0.019836036, -1), (-0.99449474, 0.10289171, -0.019836035, -1), (-0.99449474, 0.10289172, -0.019836036, -1), (-0.9954205, -0.011529366, 0.094895266, -1), (-0.9954205, -0.011529366, 0.094895266, -1), (-0.9954205, -0.011529365, 0.094895266, -1), (-0.98464996, -0.017892538, 0.17362122, -1), (-0.98464996, -0.017892543, 0.17362122, -1), (-0.98464996, -0.017892543, 0.17362122, -1), (-0.9851526, 0.07663531, 0.15362719, -1), (-0.9851526, 0.0766353, 0.1536272, -1), (-0.9851526, 0.07663531, 0.15362719, -1), (-0.9604915, 0.0014375042, 0.27830583, -1), (-0.9604915, 0.0014375044, 0.27830586, -1), (-0.9604915, 0.0014375042, 0.27830583, -1), (-0.9974995, 0.05445618, 0.04504576, -1), (-0.9974995, 0.054456174, 0.045045752, -1), (-0.9974995, 0.054456178, 0.045045752, -1), (-0.9207973, -0.1421337, 0.3632223, -1), (-0.9207973, -0.14213368, 0.36322227, -1), (-0.9207972, -0.1421337, 0.3632223, -1), (-0.9905794, -0.061379842, 0.122412905, -1), (-0.9905794, -0.06137985, 0.12241293, -1), (-0.9905794, -0.061379842, 0.12241292, -1), (-0.99816966, 0.053515427, -0.028165748, -1), (-0.99816966, 0.053515427, -0.028165748, -1), (-0.99816966, 0.05351542, -0.028165748, -1), (-0.99560505, 0.0936282, -0.002094089, -1), (-0.99560505, 0.0936282, -0.002094089, -1), (-0.99560505, 0.0936282, -0.0020940888, -1), (-0.99727505, 0.04759716, 0.056363825, -1), (-0.99727505, 0.04759716, 0.056363825, -1), (-0.99727505, 0.04759715, 0.056363814, -1), (-0.8320935, -0.15347801, 0.53297734, -1), (-0.8320935, -0.15347803, 0.5329774, -1), (-0.8320935, -0.15347803, 0.5329774, -1), (-0.93921417, -0.1097734, 0.32531005, -1), (-0.93921417, -0.1097734, 0.32531002, -1), (-0.93921417, -0.10977339, 0.32531002, -1), (-0.9721, -0.03683131, 0.23165667, -1), (-0.9721, -0.03683131, 0.23165667, -1), (-0.9721, -0.03683131, 0.23165667, -1), (-0.946493, -0.032236453, 0.3211101, -1), (-0.946493, -0.032236453, 0.32111007, -1), (-0.946493, -0.032236453, 0.3211101, -1), (-0.94875574, -0.1031341, 0.2987072, -1), (-0.94875574, -0.10313409, 0.29870716, -1), (-0.94875574, -0.1031341, 0.2987072, -1), (-0.99201137, 0.021364741, 0.12432654, -1), (-0.99201137, 0.021364741, 0.12432654, -1), (-0.99201137, 0.021364741, 0.12432653, -1), (-0.995685, 0.091422796, 0.015916146, -1), (-0.995685, 0.0914228, 0.015916148, -1), (-0.995685, 0.091422796, 0.015916146, -1), (-0.9682566, 0.04057752, 0.2466431, -1), (-0.9682566, 0.040577527, 0.2466431, -1), (-0.9682566, 0.04057752, 0.24664307, -1), (-0.9864276, 0.15668987, -0.049080875, -1), (-0.9864276, 0.15668985, -0.049080875, -1), (-0.9864276, 0.15668987, -0.049080875, -1), (-0.97736937, 0.16423379, -0.13332811, -1), (-0.97736937, 0.1642338, -0.13332811, -1), (-0.97736937, 0.1642338, -0.13332811, -1), (-0.9854354, 0.05155045, 0.16204791, -1), (-0.9854354, 0.05155045, 0.16204791, -1), (-0.9854354, 0.05155045, 0.16204791, -1), (-0.9668151, 0.04811456, 0.25090533, -1), (-0.9668151, 0.048114557, 0.25090536, -1), (-0.9668151, 0.04811456, 0.25090536, -1), (-0.9827938, -0.008477913, 0.18451153, -1), (-0.9827938, -0.008477912, 0.1845115, -1), (-0.9827938, -0.008477911, 0.18451148, -1), (-0.9031039, -0.14017601, 0.405899, -1), (-0.9031039, -0.14017603, 0.40589893, -1), (-0.9031039, -0.14017601, 0.405899, -1), (-0.99762076, 0.068631746, -0.006508528, -1), (-0.99762076, 0.068631746, -0.006508527, -1), (-0.99762076, 0.068631746, -0.006508527, -1), (-0.99485403, 0.08962419, 0.047253802, -1), (-0.99485403, 0.08962418, 0.047253802, -1), (-0.99485403, 0.08962418, 0.047253802, -1), (-0.8512969, 0, 0.52468437, -1), (-0.8512969, 0, 0.52468437, -1), (-0.8512968, 0, 0.5246843, -1), (-0.9519886, -0.031670857, 0.30449098, -1), (-0.9519886, -0.03167086, 0.30449098, -1), (-0.9519886, -0.031670857, 0.30449098, -1), (-0.99715424, 0.049235646, 0.05709057, -1), (-0.99715424, 0.049235642, 0.05709056, -1), (-0.99715424, 0.049235642, 0.057090566, -1), (-0.9902498, 0.03250828, 0.13545664, -1), (-0.9902498, 0.032508284, 0.13545664, -1), (-0.9902498, 0.032508284, 0.13545664, -1), (-0.9966634, 0.06486349, 0.049546003, -1), (-0.9966634, 0.064863496, 0.049546003, -1), (-0.9966634, 0.064863496, 0.049546003, -1), (-0.997431, 0.07129897, -0.0069215894, -1), (-0.997431, 0.071298964, -0.0069215884, -1), (-0.997431, 0.071298964, -0.0069215894, -1), (-0.94369155, -0.14143862, 0.29906783, -1), (-0.94369155, -0.14143862, 0.29906785, -1), (-0.94369155, -0.1414386, 0.29906783, -1), (-0.99153334, 0.10975672, 0.06939159, -1), (-0.99153334, 0.10975672, 0.0693916, -1), (-0.99153334, 0.109756716, 0.06939159, -1), (-0.99050444, 0.09564858, 0.09875289, -1), (-0.99050444, 0.09564858, 0.09875288, -1), (-0.99050444, 0.09564858, 0.09875288, -1), (-0.9795507, -0.02886579, 0.19911584, -1), (-0.9795507, -0.02886579, 0.19911584, -1), (-0.9795507, -0.028865794, 0.1991159, -1), (-0.66290474, -0.27632764, 0.695845, -1), (-0.66290474, -0.2763277, 0.695845, -1), (-0.66290474, -0.2763277, 0.695845, -1), (-0.99782145, 0.056475844, -0.034100577, -1), (-0.99782145, 0.05647584, -0.034100577, -1), (-0.99782145, 0.05647584, -0.034100577, -1), (-0.9949831, 0.09958911, 0.009526902, -1), (-0.9949831, 0.099589124, 0.009526901, -1), (-0.9949831, 0.099589124, 0.009526902, -1), (-0.9811459, 0.14539117, -0.12733464, -1), (-0.9811459, 0.14539118, -0.12733464, -1), (-0.9811459, 0.14539117, -0.12733464, -1), (-0.88369393, -0.064784616, 0.46356004, -1), (-0.88369393, -0.064784616, 0.46356001, -1), (-0.88369393, -0.06478461, 0.46356001, -1), (-0.97296834, -0.08353654, 0.21530055, -1), (-0.97296834, -0.08353655, 0.21530055, -1), (-0.97296834, -0.08353655, 0.21530055, -1), (-0.9668434, 0.022182902, 0.25440463, -1), (-0.9668434, 0.022182904, 0.2544046, -1), (-0.9668434, 0.022182904, 0.25440463, -1), (-0.999316, -0.0063295653, 0.036435172, -1), (-0.999316, -0.006329565, 0.036435172, -1), (-0.999316, -0.006329565, 0.036435172, -1), (-0.98564446, -0.024357121, 0.16706799, -1), (-0.98564446, -0.024357121, 0.16706796, -1), (-0.98564446, -0.02435712, 0.16706796, -1), (-0.8416627, -0.2240608, 0.49132544, -1), (-0.8416627, -0.2240608, 0.49132538, -1), (-0.8416627, -0.2240608, 0.49132544, -1), (-0.92517334, -0.010697143, 0.3793939, -1), (-0.92517334, -0.010697143, 0.37939388, -1), (-0.92517334, -0.010697144, 0.3793939, -1), (-0.9515923, -0.12955776, 0.27872342, -1), (-0.9515923, -0.12955776, 0.2787234, -1), (-0.9515923, -0.12955777, 0.27872342, -1), (-0.92529756, -0.09704069, 0.36661652, -1), (-0.92529756, -0.09704068, 0.3666165, -1), (-0.92529744, -0.09704068, 0.3666165, -1), (-0.8881347, 0.11138553, 0.4458813, -1), (-0.8881347, 0.11138553, 0.4458813, -1), (-0.8881347, 0.11138553, 0.44588134, -1), (-0.90275216, 0.077604584, 0.42310286, -1), (-0.90275216, 0.077604584, 0.42310286, -1), (-0.90275216, 0.077604584, 0.4231029, -1), (-0.9149777, -0.1191492, 0.38551164, -1), (-0.9149777, -0.1191492, 0.3855116, -1), (-0.9149777, -0.1191492, 0.3855116, -1), (-0.88955104, -0.14662738, 0.43266526, -1), (-0.8954181, -0.14585617, 0.420657, -1), (-0.9050322, -0.13384469, 0.40373537, -1), (-0.9901247, 0.13663238, -0.031377092, -1), (-0.9901247, 0.13663238, -0.031377092, -1), (-0.9901247, 0.13663237, -0.03137709, -1), (-0.8534652, 0.018327037, 0.52082753, -1), (-0.8534652, 0.018327033, 0.5208274, -1), (-0.8534652, 0.018327033, 0.5208275, -1), (-0.9624831, -0.10065033, 0.25198394, -1), (-0.9624831, -0.10065032, 0.25198394, -1), (-0.9624831, -0.10065031, 0.25198394, -1), (-0.92262584, -0.07692912, 0.37794662, -1), (-0.92262584, -0.07692912, 0.3779466, -1), (-0.92262584, -0.07692912, 0.37794662, -1), (-0.9986419, 0.05097648, 0.010754864, -1), (-0.9986419, 0.05097648, 0.010754864, -1), (-0.9986419, 0.050976478, 0.010754864, -1), (-0.9695209, 0.019073896, 0.24426515, -1), (-0.9695209, 0.019073896, 0.24426515, -1), (-0.9695209, 0.019073896, 0.24426515, -1), (-0.96685266, 0.12834333, 0.22073473, -1), (-0.96685266, 0.12834333, 0.2207347, -1), (-0.96685266, 0.12834333, 0.22073473, -1), (-0.98240846, 0.079460405, 0.1689958, -1), (-0.98240846, 0.07946041, 0.16899577, -1), (-0.98240846, 0.07946041, 0.16899578, -1), (-0.90883225, -0.14163508, 0.39238185, -1), (-0.90906155, -0.14015254, 0.39238298, -1), (-0.90906155, -0.14015253, 0.39238298, -1), (-0.9155898, -0.1426713, 0.37595242, -1), (-0.915723, -0.141902, 0.3759191, -1), (-0.91866434, -0.14274372, 0.36834776, -1), (-0.91494, -0.14166963, 0.3779083, -1), (-0.9179499, -0.09823413, 0.38434094, -1), (-0.99122673, -0.017602608, 0.13099526, -1), (-0.99122673, -0.01760261, 0.13099527, -1), (-0.99122673, -0.01760261, 0.13099527, -1), (-0.94977045, 0.045789495, 0.30957955, -1), (-0.94977045, 0.045789495, 0.30957955, -1), (-0.94977045, 0.045789495, 0.30957955, -1), (-0.9865557, 0.014171684, 0.16280937, -1), (-0.9865558, 0.014171686, 0.16280937, -1), (-0.9865557, 0.014171684, 0.16280937, -1), (-0.95840865, 0.029949203, 0.28382358, -1), (-0.95840865, 0.029949196, 0.28382355, -1), (-0.95840865, 0.029949196, 0.28382358, -1), (-0.9633898, -0.10531109, 0.24655579, -1), (-0.9633898, -0.105311096, 0.24655579, -1), (-0.9633898, -0.10531109, 0.24655579, -1), (-0.9742877, -0.019299097, 0.22447985, -1), (-0.9742877, -0.019299095, 0.22447982, -1), (-0.9742877, -0.019299095, 0.22447982, -1), (-0.95631534, -0.095999375, 0.27612504, -1), (-0.95631534, -0.095999375, 0.27612504, -1), (-0.95631534, -0.095999375, 0.2761251, -1), (-0.9936035, 0.019166732, 0.111286074, -1), (-0.9936035, 0.019166732, 0.111286074, -1), (-0.9936035, 0.019166732, 0.111286074, -1), (-0.94244206, -0.107590236, 0.31658706, -1), (-0.94244206, -0.107590236, 0.31658703, -1), (-0.94244206, -0.107590236, 0.31658703, -1), (-0.9962036, 0.07442101, 0.04516622, -1), (-0.9962036, 0.074420996, 0.04516622, -1), (-0.9962036, 0.07442101, 0.04516622, -1), (-0.90592927, -0.13735679, 0.4005312, -1), (-0.90592927, -0.13735677, 0.40053117, -1), (-0.90592927, -0.13735679, 0.4005312, -1), (-0.99014854, -0.0032073548, 0.13998374, -1), (-0.99014854, -0.0032073548, 0.13998373, -1), (-0.99014854, -0.0032073553, 0.13998374, -1), (-0.9754682, 0.053846274, 0.21345371, -1), (-0.9754682, 0.053846277, 0.21345374, -1), (-0.9754682, 0.053846274, 0.21345371, -1), (-0.9881092, 0.14240669, 0.05797055, -1), (-0.9881092, 0.14240669, 0.05797055, -1), (-0.9881092, 0.14240669, 0.05797055, -1), (-0.9963313, 0.009957541, 0.08499981, -1), (-0.9963313, 0.009957542, 0.08499981, -1), (-0.9963313, 0.009957542, 0.08499981, -1), (-0.93574566, -0.11218076, 0.3343585, -1), (-0.93574566, -0.11218078, 0.3343585, -1), (-0.93574566, -0.11218078, 0.3343585, -1), (-0.93594944, -0.12299736, 0.32995507, -1), (-0.93594944, -0.12299737, 0.32995507, -1), (-0.9921421, -0.07287095, 0.10170557, -1), (-0.9921421, -0.07287094, 0.10170555, -1), (-0.9921421, -0.07287095, 0.10170556, -1), (-0.96264535, 0.03306549, 0.26873884, -1), (-0.96264535, 0.033065483, 0.26873884, -1), (-0.96264535, 0.033065483, 0.26873884, -1), (-0.9552639, -0.059683114, 0.28967008, -1), (-0.9552639, -0.059683125, 0.28967014, -1), (-0.9552639, -0.059683118, 0.2896701, -1), (-0.95182014, -0.08701224, 0.29405314, -1), (-0.95182014, -0.08701224, 0.29405314, -1), (-0.95182014, -0.08701223, 0.29405314, -1), (-0.982166, -0.026162073, 0.186187, -1), (-0.982166, -0.026162073, 0.18618698, -1), (-0.982166, -0.02616207, 0.18618698, -1), (-0.90517676, -0.073903695, 0.418561, -1), (-0.90517676, -0.073903695, 0.41856107, -1), (-0.90517676, -0.07390368, 0.418561, -1), (-0.97088796, 0.034391373, 0.2370523, -1), (-0.97088796, 0.03439138, 0.2370523, -1), (-0.97088796, 0.034391377, 0.23705234, -1), (-0.9690141, 0.11273081, 0.2197802, -1), (-0.9690141, 0.11273082, 0.21978022, -1), (-0.9690141, 0.11273081, 0.2197802, -1), (-0.9987502, 0.04350066, 0.02460923, -1), (-0.9987502, 0.043500654, 0.02460923, -1), (-0.9987502, 0.04350066, 0.02460923, -1), (-0.95960283, -0.15515627, 0.23471025, -1), (-0.95960283, -0.15515627, 0.23471025, -1), (-0.95960283, -0.15515627, 0.23471025, -1), (-0.9005739, -0.14443317, 0.41000706, -1), (-0.9005739, -0.14443317, 0.41000706, -1), (-0.9005739, -0.14443317, 0.41000706, -1), (-0.9297332, -0.051769026, 0.36457673, -1), (-0.9297332, -0.05176902, 0.36457667, -1), (-0.9297332, -0.051769026, 0.36457673, -1), (-0.99717474, 0.062139526, -0.042203914, -1), (-0.99717474, 0.062139533, -0.042203914, -1), (-0.99717474, 0.062139537, -0.04220392, -1), (-0.9437019, -0.079660065, 0.32106227, -1), (-0.9437019, -0.07966007, 0.32106227, -1), (-0.9437019, -0.07966005, 0.32106224, -1), (-0.9380556, -0.05892258, 0.34143788, -1), (-0.9380556, -0.05892258, 0.3414379, -1), (-0.9900996, 0.057660308, 0.12797694, -1), (-0.9900996, 0.057660315, 0.12797695, -1), (-0.9900996, 0.057660308, 0.12797692, -1), (-0.99534225, 0.077826686, 0.056892857, -1), (-0.99534225, 0.077826686, 0.05689285, -1), (-0.99534225, 0.07782668, 0.05689285, -1), (-0.8948327, -0.084786594, 0.4382758, -1), (-0.8948328, -0.08478661, 0.4382758, -1), (-0.8948328, -0.0847866, 0.4382758, -1), (-0.9011597, -0.053019, 0.43023276, -1), (-0.9011597, -0.05301899, 0.43023282, -1), (-0.9011597, -0.053019, 0.43023282, -1), (-0.956195, 0.07842355, 0.28202987, -1), (-0.956195, 0.07842355, 0.28202993, -1), (-0.956195, 0.078423545, 0.28202987, -1), (-0.9235043, 0.080180235, 0.37511453, -1), (-0.9374504, 0.07630877, 0.3396522, -1), (-0.9064696, 0.07349703, 0.4158258, -1), (-0.7133526, -0.1497369, 0.68462175, -1), (-0.7133526, -0.14973688, 0.6846217, -1), (-0.7133526, -0.14973688, 0.6846217, -1), (-0.99778557, 0.026423056, -0.06103908, -1), (-0.99778557, 0.026423056, -0.06103908, -1), (-0.99778557, 0.026423056, -0.06103908, -1), (-0.98277605, -0.058622673, 0.1752555, -1), (-0.98277605, -0.05862267, 0.17525549, -1), (-0.98277605, -0.058622673, 0.17525549, -1), (-0.98935807, 0.06477604, 0.13028656, -1), (-0.98935807, 0.06477604, 0.13028656, -1), (-0.98935807, 0.06477603, 0.13028654, -1), (-0.945169, -0.017497763, 0.3261126, -1), (-0.945169, -0.017497763, 0.3261126, -1), (-0.945169, -0.017497763, 0.3261126, -1), (-0.9683108, 0.05031076, 0.24462838, -1), (-0.9683108, 0.05031076, 0.24462838, -1), (-0.9683108, 0.050310753, 0.24462838, -1), (-0.95277536, -0.012862854, 0.3034033, -1), (-0.95277536, -0.012862855, 0.3034033, -1), (-0.95277536, -0.012862854, 0.30340323, -1), (-0.98805654, -0.057855908, 0.14281815, -1), (-0.98805654, -0.057855915, 0.14281814, -1), (-0.98805654, -0.057855908, 0.14281812, -1), (-0.9250241, -0.05821669, 0.37542135, -1), (-0.9250241, -0.05821669, 0.37542126, -1), (-0.9250241, -0.05821669, 0.37542132, -1), (-0.928244, -0.07421609, 0.36449283, -1), (-0.928244, -0.0742161, 0.36449283, -1), (-0.928244, -0.07421609, 0.36449286, -1), (-0.9200429, -0.17849886, 0.34879667, -1), (-0.9200429, -0.17849886, 0.34879673, -1), (-0.9200429, -0.17849888, 0.34879673, -1), (-0.9231428, -0.039994, 0.38237146, -1), (-0.92314273, -0.039993998, 0.3823715, -1), (-0.9231428, -0.039994, 0.38237146, -1), (-0.9935355, 0.07419697, -0.08591834, -1), (-0.9935355, 0.074196965, -0.08591834, -1), (-0.9935355, 0.074196965, -0.085918345, -1), (-0.94197136, -0.14882697, 0.30089954, -1), (-0.94197136, -0.14882697, 0.30089954, -1), (-0.94197136, -0.14882699, 0.30089954, -1), (-0.55283254, -0.32628182, 0.766757, -1), (-0.5528325, -0.3262818, 0.766757, -1), (-0.55283254, -0.3262818, 0.766757, -1), (-0.9548877, -0.14651345, 0.2583089, -1), (-0.9548877, -0.14651346, 0.2583089, -1), (-0.9548877, -0.14651345, 0.25830883, -1), (-0.88899505, -0.11632916, 0.44289434, -1), (-0.88899493, -0.11632915, 0.44289434, -1), (-0.88899493, -0.11632915, 0.44289434, -1), (-0.9794973, -0.017972546, 0.20065378, -1), (-0.9794973, -0.017972546, 0.20065376, -1), (-0.9794973, -0.017972544, 0.20065373, -1), (-0.9960658, 0.019834798, 0.08636888, -1), (-0.9960658, 0.019834802, 0.086368896, -1), (-0.9960658, 0.019834802, 0.08636889, -1), (-0.9950789, 0.057764146, 0.0805059, -1), (-0.9950789, 0.057764146, 0.08050589, -1), (-0.9950789, 0.057764146, 0.0805059, -1), (-0.97449017, 0.083934255, 0.208144, -1), (-0.97449017, 0.083934255, 0.20814402, -1), (-0.97449017, 0.08393426, 0.20814401, -1), (-0.9494343, 0.015023862, 0.31360626, -1), (-0.9494343, 0.015023864, 0.31360623, -1), (-0.9494343, 0.015023862, 0.31360623, -1), (-0.951325, -0.15169129, 0.26827288, -1), (-0.951325, -0.15169129, 0.26827288, -1), (-0.951325, -0.15169127, 0.2682729, -1), (-0.95404494, -0.09317637, 0.2848095, -1), (-0.95404494, -0.09317638, 0.28480956, -1), (-0.95404494, -0.09317639, 0.28480956, -1), (-0.9988772, -0.007575723, 0.04676496, -1), (-0.9988772, -0.0075757224, 0.046764955, -1), (-0.9988772, -0.0075757224, 0.046764955, -1), (-0.9292332, 0.0673971, 0.3632951, -1), (-0.9292332, 0.0673971, 0.36329508, -1), (-0.9292332, 0.0673971, 0.36329508, -1), (-0.9603692, -0.09213799, 0.2630619, -1), (-0.9603692, -0.092138, 0.26306188, -1), (-0.9603692, -0.092138, 0.26306194, -1), (-0.9912005, 0.013709567, 0.13165784, -1), (-0.9912005, 0.013709568, 0.13165785, -1), (-0.9912005, 0.013709567, 0.13165784, -1), (-0.9909066, -0.05293163, -0.12370245, -1), (-0.9909066, -0.052931625, -0.12370244, -1), (-0.9909066, -0.052931637, -0.12370245, -1), (-0.99972695, 0.019056318, 0.01351938, -1), (-0.99972695, 0.019056318, 0.013519381, -1), (-0.99972695, 0.019056318, 0.013519381, -1), (-0.99101454, 0.08315945, -0.10476024, -1), (-0.99101454, 0.08315945, -0.10476024, -1), (-0.99101454, 0.08315945, -0.10476024, -1), (-0.9915318, 0.011114213, 0.12938751, -1), (-0.9915318, 0.011114215, 0.12938753, -1), (-0.9915318, 0.011114213, 0.12938751, -1), (-0.9846848, -0.016986359, 0.17351438, -1), (-0.9846848, -0.016986357, 0.1735144, -1), (-0.9846848, -0.016986359, 0.1735144, -1), (-0.9256204, -0.08164071, 0.3695425, -1), (-0.9256204, -0.0816407, 0.36954245, -1), (-0.9256204, -0.0816407, 0.36954248, -1), (-0.98590183, 0.047536112, 0.16043055, -1), (-0.98590183, 0.047536116, 0.16043057, -1), (-0.98590183, 0.047536116, 0.16043055, -1), (-0.91285056, 0.032203566, 0.40702197, -1), (-0.91285056, 0.032203563, 0.40702197, -1), (-0.91285056, 0.032203563, 0.4070219, -1), (-0.94873655, -0.011496584, 0.315859, -1), (-0.94873655, -0.011496584, 0.315859, -1), (-0.94873655, -0.011496583, 0.315859, -1), (-0.9852249, 0.10035858, -0.1387805, -1), (-0.9852249, 0.100358576, -0.13878049, -1), (-0.9852249, 0.10035859, -0.1387805, -1), (-0.98695964, 0.1445351, 0.0708542, -1), (-0.98695964, 0.14453511, 0.07085421, -1), (-0.98695964, 0.14453511, 0.07085421, -1), (-0.97096574, 0.16760036, -0.1706918, -1), (-0.97096574, 0.16760036, -0.1706918, -1), (-0.97096574, 0.16760036, -0.1706918, -1), (-0.9544292, -0.025169332, 0.29737404, -1), (-0.9544292, -0.025169332, 0.29737404, -1), (-0.9544292, -0.02516933, 0.297374, -1), (-0.9869695, 0.026618829, 0.15869068, -1), (-0.9869695, 0.026618827, 0.15869068, -1), (-0.9869695, 0.026618829, 0.15869069, -1), (-0.997051, 0.07206115, -0.026391525, -1), (-0.997051, 0.07206115, -0.026391527, -1), (-0.997051, 0.07206115, -0.026391527, -1), (-0.927498, 0.051858075, 0.37021378, -1), (-0.927498, 0.051858075, 0.37021378, -1), (-0.927498, 0.051858075, 0.37021378, -1), (-0.97282684, -0.12883951, 0.19237527, -1), (-0.97282684, -0.1288395, 0.19237527, -1), (-0.97282684, -0.1288395, 0.19237526, -1), (-0.9935057, -0.07283914, 0.08741173, -1), (-0.9935057, -0.07283914, 0.08741173, -1), (-0.9935057, -0.07283913, 0.08741173, -1), (-0.99144113, 0.047925882, -0.12144045, -1), (-0.99144113, 0.047925882, -0.12144046, -1), (-0.99144113, 0.047925882, -0.12144045, -1), (-0.9811674, 0.16426478, -0.10162569, -1), (-0.9811674, 0.16426478, -0.10162569, -1), (-0.9811674, 0.16426478, -0.10162571, -1), (-0.9348632, -0.11931323, 0.33435786, -1), (-0.9348632, -0.11931322, 0.3343578, -1), (-0.9348632, -0.11931323, 0.33435783, -1), (-0.98949325, 0.11547144, -0.08700194, -1), (-0.98949325, 0.11547146, -0.08700194, -1), (-0.98949325, 0.115471445, -0.08700194, -1), (-0.9975612, -0.03412784, 0.06088544, -1), (-0.9975612, -0.03412784, 0.06088544, -1), (-0.9975612, -0.034127843, 0.060885448, -1), (-0.972384, -0.008193327, 0.23324305, -1), (-0.972384, -0.008193327, 0.23324302, -1), (-0.972384, -0.008193325, 0.233243, -1), (-0.8469473, -0.16764802, 0.50455374, -1), (-0.8469472, -0.16764799, 0.5045538, -1), (-0.8469473, -0.16764799, 0.50455374, -1), (-0.9902158, 0.090806596, 0.105957545, -1), (-0.9902158, 0.0908066, 0.10595755, -1), (-0.9902158, 0.090806596, 0.105957545, -1), (-0.92355365, -0.07199442, 0.3766504, -1), (-0.92355365, -0.07199442, 0.3766504, -1), (-0.92355365, -0.07199442, 0.3766504, -1), (-0.7974631, -0.16306305, 0.5809157, -1), (-0.79746306, -0.16306305, 0.58091575, -1), (-0.79746306, -0.16306305, 0.58091575, -1), (-0.9781051, -0.051188093, 0.20171785, -1), (-0.9781051, -0.051188085, 0.20171785, -1), (-0.9781051, -0.051188085, 0.20171785, -1), (-0.9418717, -0.07399143, 0.32772392, -1), (-0.9418717, -0.07399143, 0.3277239, -1), (-0.9418717, -0.07399143, 0.32772392, -1), (-0.9546884, 0.20819141, -0.21266505, -1), (-0.9546884, 0.20819142, -0.21266502, -1), (-0.9546884, 0.20819144, -0.21266502, -1), (-0.99999046, 0.004372049, 0, -1), (-0.99999046, 0.004372049, 0, -1), (-0.99999046, 0.004372049, 0, -1), (-0.9954265, -0.06817017, 0.066926576, -1), (-0.9954265, -0.06817017, 0.06692657, -1), (-0.9954265, -0.06817016, 0.066926576, -1), (-0.81590897, 0.0076534795, 0.5781297, -1), (-0.81590897, 0.007653479, 0.57812965, -1), (-0.815909, 0.0076534785, 0.57812965, -1), (-0.9951637, 0.06973357, 0.0691844, -1), (-0.9951637, 0.06973357, 0.0691844, -1), (-0.9951637, 0.06973357, 0.0691844, -1), (-0.9922031, 0.12463181, 0, -1), (-0.9922031, 0.12463179, 0, -1), (-0.9922031, 0.12463181, 0, -1), (-0.9827377, -0.024159508, 0.18341969, -1), (-0.98273784, -0.024159515, 0.18341969, -1), (-0.9827377, -0.024159512, 0.18341969, -1), (-0.9843091, 0.1727044, 0.03617719, -1), (-0.9843091, 0.1727044, 0.03617719, -1), (-0.9843091, 0.1727044, 0.03617719, -1), (-0.8246736, -0.12703629, 0.5511581, -1), (-0.8246736, -0.12703629, 0.5511581, -1), (-0.8246736, -0.12703629, 0.55115813, -1), (-0.81927896, -0.13037074, 0.55837756, -1), (-0.81927896, -0.13037074, 0.55837756, -1), (-0.81927896, -0.1303707, 0.55837756, -1), (-0.8635637, -0.074425876, 0.49871674, -1), (-0.86356384, -0.07442588, 0.49871674, -1), (-0.8635637, -0.07442587, 0.49871674, -1), (-0.91077673, -0.069853246, 0.40694737, -1), (-0.91219133, -0.069468215, 0.40383315, -1), (-0.9377169, -0.061928097, 0.34183627, -1), (-0.9882123, -0.009041013, 0.15282257, -1), (-0.9882123, -0.009041012, 0.15282255, -1), (-0.9882123, -0.009041012, 0.15282255, -1), (-0.9988914, 0.029354686, 0.036801513, -1), (-0.9988914, 0.029354686, 0.036801517, -1), (-0.9988914, 0.029354686, 0.03680152, -1), (-0.882857, -0.09054428, 0.46083096, -1), (-0.882857, -0.090544276, 0.4608309, -1), (-0.882857, -0.09054428, 0.46083096, -1), (-0.99172395, 0.012982266, 0.12773044, -1), (-0.99172395, 0.012982266, 0.12773044, -1), (-0.99172395, 0.012982266, 0.12773043, -1), (-0.98129463, 0.17563367, -0.07882756, -1), (-0.98129463, 0.17563368, -0.07882757, -1), (-0.98129463, 0.17563367, -0.07882756, -1), (-0.98012835, 0.12356491, -0.15517741, -1), (-0.98012835, 0.12356492, -0.15517744, -1), (-0.98012835, 0.12356492, -0.15517744, -1), (-0.991032, 0.13357149, -0.0037868118, -1), (-0.991032, 0.1335715, -0.0037868118, -1), (-0.991032, 0.13357149, -0.0037868118, -1), (-0.9866263, 0.062028524, 0.15073499, -1), (-0.9866263, 0.06202853, 0.150735, -1), (-0.9866263, 0.062028516, 0.15073499, -1), (-0.9262624, -0.10737461, 0.36125988, -1), (-0.9262624, -0.10737461, 0.36125988, -1), (-0.9262624, -0.1073746, 0.36125982, -1), (-0.9422842, 0.22038575, -0.25205272, -1), (-0.9422842, 0.22038573, -0.25205272, -1), (-0.9422842, 0.22038577, -0.25205272, -1), (-0.9979236, 0.063339755, 0.011683924, -1), (-0.9979236, 0.063339755, 0.011683925, -1), (-0.9979236, 0.06333976, 0.011683925, -1), (-0.99451375, -0.016035913, 0.103369325, -1), (-0.99451375, -0.016035913, 0.103369325, -1), (-0.99451375, -0.016035913, 0.103369325, -1), (-0.98659074, 0.078173004, 0.1432749, -1), (-0.98659074, 0.078173004, 0.1432749, -1), (-0.98659074, 0.078173, 0.14327489, -1), (-0.9467291, -0.052287363, 0.3177579, -1), (-0.946729, -0.052287355, 0.31775793, -1), (-0.946729, -0.052287355, 0.3177579, -1), (-0.9809255, 0.1726289, -0.08935555, -1), (-0.9809255, 0.1726289, -0.08935555, -1), (-0.9809255, 0.17262891, -0.089355566, -1), (-0.97821414, 0.1966091, -0.066647045, -1), (-0.97821414, 0.1966091, -0.066647045, -1), (-0.97821414, 0.1966091, -0.066647045, -1), (-0.9652766, -0.017506918, 0.26064232, -1), (-0.9652766, -0.01750692, 0.2606423, -1), (-0.9652766, -0.017506918, 0.2606423, -1), (-0.9545617, -0.13923989, 0.26348493, -1), (-0.9545617, -0.13923989, 0.26348493, -1), (-0.9545617, -0.13923988, 0.2634849, -1), (-0.7816605, -0.07541508, 0.61912787, -1), (-0.7816606, -0.07541508, 0.61912787, -1), (-0.78166044, -0.07541508, 0.6191279, -1), (-0.8795213, 0.21294315, -0.42555535, -1), (-0.8795213, 0.21294315, -0.42555538, -1), (-0.8795214, 0.21294317, -0.42555535, -1), (-0.9647178, 0.13825913, -0.22406249, -1), (-0.9647178, 0.13825911, -0.22406249, -1), (-0.9647178, 0.13825916, -0.22406253, -1), (-0.9602771, 0.04486486, 0.2754181, -1), (-0.9602771, 0.04486486, 0.2754181, -1), (-0.9602771, 0.044864863, 0.2754181, -1), (-0.9976705, 0.06297439, 0.026228014, -1), (-0.9976705, 0.062974386, 0.026228014, -1), (-0.9976705, 0.06297439, 0.026228016, -1), (-0.9874916, 0.15629058, -0.020818446, -1), (-0.9874916, 0.15629058, -0.020818446, -1), (-0.9874916, 0.15629058, -0.020818446, -1), (-0.66417897, -0.28226936, 0.6922357, -1), (-0.66417897, -0.28226936, 0.6922357, -1), (-0.66417897, -0.28226936, 0.6922357, -1), (-0.8866307, -0.14842643, 0.43801335, -1), (-0.8866307, -0.14842643, 0.43801335, -1), (-0.8866307, -0.14842643, 0.43801335, -1), (-0.9564461, -0.008412426, 0.29178777, -1), (-0.9564461, -0.008412426, 0.29178777, -1), (-0.9564461, -0.008412427, 0.29178777, -1), (-0.95395595, -0.07328048, 0.29085726, -1), (-0.95395595, -0.07328048, 0.29085723, -1), (-0.95395595, -0.073280476, 0.29085723, -1), (-0.9667182, -0.034213275, 0.25354552, -1), (-0.9667182, -0.034213275, 0.25354552, -1), (-0.9667182, -0.034213275, 0.2535455, -1), (-0.96228963, 0.24376017, -0.12074576, -1), (-0.96228963, 0.24376017, -0.12074576, -1), (-0.96228963, 0.2437602, -0.12074578, -1), (-0.97833735, 0.2033086, -0.039007213, -1), (-0.97833735, 0.2033086, -0.039007213, -1), (-0.97833735, 0.2033086, -0.03900721, -1), (-0.8891038, -0.17495233, 0.42294925, -1), (-0.8891039, -0.17495234, 0.42294925, -1), (-0.8891039, -0.17495233, 0.42294925, -1), (-0.8953724, -0.058357853, 0.44147763, -1), (-0.8953724, -0.058357853, 0.44147763, -1), (-0.8953725, -0.05835786, 0.44147766, -1), (-0.964469, 0.033669304, 0.26204157, -1), (-0.964469, 0.033669304, 0.2620416, -1), (-0.964469, 0.033669308, 0.26204157, -1), (-0.9575623, -0.07044024, 0.2794861, -1), (-0.9575623, -0.07044024, 0.27948612, -1), (-0.9575623, -0.07044024, 0.2794861, -1), (-0.96420836, -0.05703285, 0.25893897, -1), (-0.96420836, -0.057032846, 0.25893897, -1), (-0.9591016, -0.04397673, 0.27962476, -1), (-0.96147734, -0.04260206, 0.27156302, -1), (-0.96377057, -0.021188593, 0.26588964, -1), (-0.96737784, -0.015282111, 0.25287682, -1), (-0.9986517, 0.05009796, 0.013605657, -1), (-0.9986517, 0.050097957, 0.013605656, -1), (-0.9986517, 0.050097957, 0.013605656, -1), (-0.965084, -0.037860233, 0.2591898, -1), (-0.965084, -0.037860237, 0.25918984, -1), (-0.965084, -0.037860237, 0.25918984, -1), (-0.9645497, -0.040111843, 0.26083484, -1), (-0.9645497, -0.040111843, 0.2608349, -1), (-0.9645497, -0.040111843, 0.26083484, -1), (-0.97561604, 0.159496, -0.1507795, -1), (-0.97561604, 0.159496, -0.1507795, -1), (-0.97561604, 0.15949602, -0.15077952, -1), (-0.99524707, 0.09634973, -0.014144733, -1), (-0.99524707, 0.09634974, -0.014144734, -1), (-0.99524707, 0.09634973, -0.014144733, -1), (-0.96580905, -0.051401533, 0.2541077, -1), (-0.96580905, -0.051401533, 0.2541077, -1), (-0.96580905, -0.051401537, 0.2541077, -1), (-0.6369381, -0.2605592, 0.72554725, -1), (-0.63693815, -0.2605592, 0.72554725, -1), (-0.6369381, -0.2605592, 0.72554725, -1), (-0.67275125, -0.25627947, 0.69406533, -1), (-0.67275125, -0.25627947, 0.6940653, -1), (-0.67275125, -0.2562795, 0.6940654, -1), (-0.73916024, -0.14650738, 0.6574023, -1), (-0.73916024, -0.1465074, 0.6574023, -1), (-0.73916024, -0.14650738, 0.6574023, -1), (-0.9654827, -0.024212087, 0.2593392, -1), (-0.9654827, -0.02421209, 0.25933924, -1), (-0.9654827, -0.024212088, 0.2593392, -1), (-0.9767969, 0.056953467, 0.20645578, -1), (-0.9767969, 0.05695347, 0.20645578, -1), (-0.9767969, 0.05695346, 0.20645577, -1), (-0.9700032, 0.09839486, -0.22228865, -1), (-0.9700032, 0.09839486, -0.22228865, -1), (-0.9700032, 0.09839486, -0.22228865, -1), (-0.9715836, -0.031121626, 0.23464169, -1), (-0.9715836, -0.031121626, 0.23464166, -1), (-0.9715836, -0.031121623, 0.23464166, -1), (-0.8940737, 0.23038119, -0.38413122, -1), (-0.8940737, 0.2303812, -0.38413122, -1), (-0.8940737, 0.23038116, -0.38413116, -1), (-0.9750143, 0.15963386, -0.15447982, -1), (-0.9750143, 0.15963386, -0.15447982, -1), (-0.9750143, 0.15963386, -0.15447982, -1), (-0.9789677, 0.011316108, 0.20370118, -1), (-0.9789677, 0.011316108, 0.20370115, -1), (-0.9789677, 0.011316109, 0.20370118, -1), (-0.84715974, -0.1338571, 0.51420105, -1), (-0.84715974, -0.13385709, 0.51420105, -1), (-0.84715974, -0.13385712, 0.51420105, -1), (-0.8682448, -0.15903664, 0.4699557, -1), (-0.8682448, -0.1590366, 0.46995568, -1), (-0.8682448, -0.1590366, 0.46995568, -1), (-0.9884277, 0.07375842, 0.13255338, -1), (-0.9884277, 0.073758416, 0.13255338, -1), (-0.9884277, 0.073758416, 0.13255338, -1), (-0.9969831, 0.06793209, 0.03754688, -1), (-0.9969831, 0.06793209, 0.037546877, -1), (-0.9969831, 0.06793209, 0.037546877, -1), (-0.998276, 0.057082657, 0.013661205, -1), (-0.998276, 0.05708265, 0.013661205, -1), (-0.998276, 0.05708265, 0.013661205, -1), (-0.92126936, 0.19497792, -0.33652088, -1), (-0.92126936, 0.19497795, -0.3365209, -1), (-0.92126936, 0.19497792, -0.33652088, -1), (-0.94121563, 0.122251056, -0.31490925, -1), (-0.94121563, 0.122251056, -0.31490925, -1), (-0.94121563, 0.12225104, -0.31490925, -1), (-0.9669357, 0.16770823, -0.19211817, -1), (-0.9669357, 0.16770823, -0.19211814, -1), (-0.9669357, 0.16770823, -0.19211812, -1), (-0.9639199, 0.1725509, -0.20269324, -1), (-0.9639199, 0.1725509, -0.20269324, -1), (-0.9639199, 0.1725509, -0.20269324, -1), (-0.98832536, 0.15202187, -0.010117247, -1), (-0.98832536, 0.15202186, -0.010117245, -1), (-0.98832536, 0.15202187, -0.010117246, -1), (-0.9882862, 0.07483587, -0.1330037, -1), (-0.9882862, 0.07483587, -0.13300373, -1), (-0.9882862, 0.07483586, -0.1330037, -1), (-0.97919375, 0.031901762, 0.20040436, -1), (-0.97919375, 0.03190176, 0.20040433, -1), (-0.97919375, 0.031901762, 0.20040436, -1), (-0.9782059, -0.12465532, 0.16605452, -1), (-0.9782059, -0.12465532, 0.16605453, -1), (-0.9782059, -0.12465531, 0.16605452, -1), (-0.9755864, 0.052973647, 0.2131314, -1), (-0.9755864, 0.052973654, 0.21313141, -1), (-0.9755864, 0.052973654, 0.21313143, -1), (-0.8374488, -0.17480582, 0.5178054, -1), (-0.8374488, -0.1748058, 0.5178054, -1), (-0.8374488, -0.17480582, 0.5178054, -1), (-0.9970348, 0.0733142, -0.023381181, -1), (-0.9970348, 0.0733142, -0.023381181, -1), (-0.9970348, 0.0733142, -0.023381183, -1), (-0.99921465, 0.032071326, 0.023271626, -1), (-0.99921465, 0.032071326, 0.023271624, -1), (-0.99921465, 0.032071326, 0.023271624, -1), (-0.99940467, 0.03155642, 0.013946215, -1), (-0.99940467, 0.03155642, 0.013946214, -1), (-0.99940467, 0.03155642, 0.013946214, -1), (-0.9901288, 0.1266533, -0.0600327, -1), (-0.9901288, 0.1266533, -0.06003269, -1), (-0.9901288, 0.1266533, -0.060032707, -1), (-0.99585897, 0.09078154, -0.004869484, -1), (-0.99585897, 0.09078155, -0.0048694843, -1), (-0.99585897, 0.09078154, -0.0048694834, -1), (-0.82659566, -0.14308394, 0.5443038, -1), (-0.82659566, -0.14308394, 0.5443038, -1), (-0.82659566, -0.14308394, 0.5443038, -1), (-0.93839693, -0.073858805, 0.3375738, -1), (-0.93839693, -0.07385883, 0.33757383, -1), (-0.93839693, -0.073858805, 0.33757383, -1), (-0.713596, -0.20719253, 0.66921735, -1), (-0.71359605, -0.20719253, 0.6692174, -1), (-0.71359605, -0.2071925, 0.66921735, -1), (-0.89064246, -0.14601013, 0.43062395, -1), (-0.89064246, -0.14601013, 0.4306239, -1), (-0.89064246, -0.14601015, 0.43062395, -1), (-0.9754167, 0.09003513, -0.20113683, -1), (-0.9754167, 0.09003514, -0.20113683, -1), (-0.9754167, 0.09003515, -0.20113684, -1), (-0.9934396, 0.10066729, -0.054256186, -1), (-0.9934396, 0.10066729, -0.054256186, -1), (-0.9934396, 0.10066729, -0.054256175, -1), (-0.9711722, 0.11236216, -0.21023598, -1), (-0.9711722, 0.11236216, -0.21023598, -1), (-0.9711722, 0.11236216, -0.21023598, -1), (-0.96232784, -0.066542365, 0.2636234, -1), (-0.96232784, -0.066542365, 0.2636234, -1), (-0.96232784, -0.06654237, 0.26362342, -1), (-0.99110806, -0.01231835, 0.13248757, -1), (-0.99110806, -0.01231835, 0.13248758, -1), (-0.99110806, -0.012318352, 0.13248758, -1), (-0.876318, -0.122356184, 0.46593553, -1), (-0.876318, -0.122356184, 0.46593553, -1), (-0.876318, -0.122356184, 0.46593547, -1), (-0.8344972, -0.22515537, 0.5029111, -1), (-0.8344972, -0.22515537, 0.5029111, -1), (-0.8344972, -0.22515534, 0.502911, -1), (-0.9885069, 0.048569825, 0.14316119, -1), (-0.9885069, 0.048569825, 0.14316119, -1), (-0.9885068, 0.048569825, 0.14316119, -1), (-0.97902393, 0.17577255, -0.10303411, -1), (-0.97902393, 0.17577256, -0.1030341, -1), (-0.97902393, 0.17577256, -0.10303411, -1), (-0.784804, 0.3181704, -0.53183675, -1), (-0.784804, 0.31817043, -0.5318368, -1), (-0.784804, 0.3181704, -0.53183675, -1), (-0.8779042, -0.19835567, 0.43582016, -1), (-0.8779042, -0.19835567, 0.4358201, -1), (-0.8779042, -0.19835564, 0.4358201, -1), (-0.85164225, -0.1494243, 0.5023723, -1), (-0.85164225, -0.14942427, 0.50237226, -1), (-0.85164225, -0.14942428, 0.50237226, -1), (-0.7799607, -0.22408867, 0.5843335, -1), (-0.77996075, -0.22408868, 0.5843334, -1), (-0.7799607, -0.22408867, 0.5843335, -1), (-0.9214392, 0.28275886, -0.26645336, -1), (-0.9214392, 0.28275886, -0.26645336, -1), (-0.9214392, 0.28275886, -0.26645336, -1), (-0.9974897, 0.06343683, 0.031467028, -1), (-0.9974897, 0.06343683, 0.031467024, -1), (-0.9974897, 0.06343683, 0.031467024, -1), (-0.8726918, -0.20632222, 0.44253826, -1), (-0.8726918, -0.20632222, 0.44253832, -1), (-0.8726918, -0.20632222, 0.44253826, -1), (-0.77635705, -0.2151874, 0.5924222, -1), (-0.77635705, -0.21518737, 0.5924221, -1), (-0.77635705, -0.21518737, 0.5924221, -1), (-0.99550855, -0.04810545, 0.0815384, -1), (-0.99550855, -0.048105456, 0.0815384, -1), (-0.99550855, -0.048105456, 0.08153841, -1), (-0.9568541, -0.12025929, 0.26451418, -1), (-0.9568542, -0.12025929, 0.26451418, -1), (-0.9568542, -0.12025929, 0.26451418, -1), (-0.9286603, -0.061208513, 0.36584628, -1), (-0.9286603, -0.061208513, 0.36584628, -1), (-0.9286603, -0.061208513, 0.36584628, -1), (-0.99434197, 0.09810056, -0.040747404, -1), (-0.99434197, 0.098100565, -0.040747404, -1), (-0.99434197, 0.09810056, -0.0407474, -1), (-0.944906, 0.025819158, 0.32632217, -1), (-0.944906, 0.025819158, 0.32632217, -1), (-0.944906, 0.025819158, 0.32632217, -1), (-0.842462, -0.1746628, 0.50965744, -1), (-0.842462, -0.17466283, 0.5096575, -1), (-0.842462, -0.1746628, 0.50965744, -1), (-0.9447755, 0.030275842, 0.32631683, -1), (-0.9447755, 0.030275844, 0.32631683, -1), (-0.9447755, 0.030275844, 0.32631683, -1), (-0.99225384, 0.10339448, -0.068862535, -1), (-0.99225384, 0.10339449, -0.068862535, -1), (-0.99225384, 0.10339449, -0.068862535, -1), (-0.99344444, 0.059398133, 0.09767266, -1), (-0.99344444, 0.059398133, 0.09767266, -1), (-0.99344444, 0.059398133, 0.09767266, -1), (-0.98065764, 0.03278573, 0.19296588, -1), (-0.98065764, 0.03278573, 0.19296582, -1), (-0.98065764, 0.03278573, 0.19296585, -1), (-0.96114784, -0.076475136, 0.265229, -1), (-0.96114784, -0.07647516, 0.26522902, -1), (-0.96114784, -0.076475136, 0.265229, -1), (-0.9587456, 0.15838212, -0.23605493, -1), (-0.9587456, 0.15838212, -0.23605493, -1), (-0.9587456, 0.15838212, -0.23605493, -1), (-0.9661695, 0.10501021, 0.23556188, -1), (-0.9661695, 0.10501021, 0.23556188, -1), (-0.9661695, 0.105010204, 0.23556186, -1), (-0.8836376, -0.16394687, 0.43852696, -1), (-0.8836376, -0.16394684, 0.438527, -1), (-0.8836376, -0.16394687, 0.438527, -1), (-0.83074623, -0.21594907, 0.5130561, -1), (-0.83074623, -0.21594907, 0.5130561, -1), (-0.8307463, -0.21594907, 0.5130561, -1), (-0.80715185, -0.17214394, 0.5646878, -1), (-0.80715185, -0.17214394, 0.5646878, -1), (-0.80715185, -0.17214394, 0.5646878, -1), (-0.90483433, -0.08221644, 0.41775018, -1), (-0.90483433, -0.082216434, 0.41775015, -1), (-0.90483433, -0.08221645, 0.4177502, -1), (-0.9603876, 0.23741095, -0.14591703, -1), (-0.9603876, 0.23741095, -0.14591703, -1), (-0.9603876, 0.23741095, -0.14591703, -1), (-0.88214123, -0.19276053, 0.42973292, -1), (-0.8821411, -0.19276053, 0.42973292, -1), (-0.88214123, -0.19276053, 0.42973292, -1), (-0.73950124, -0.28654358, 0.6091229, -1), (-0.73950124, -0.28654358, 0.6091229, -1), (-0.73950124, -0.28654358, 0.6091229, -1), (-0.94708097, -0.10443849, 0.3035295, -1), (-0.94708097, -0.104438506, 0.30352953, -1), (-0.94708097, -0.10443849, 0.30352953, -1), (-0.84324086, -0.21074574, 0.494501, -1), (-0.84324086, -0.21074574, 0.49450094, -1), (-0.84324086, -0.21074572, 0.49450094, -1), (-0.9913703, -0.033242222, 0.12680602, -1), (-0.9913703, -0.03324222, 0.126806, -1), (-0.9913703, -0.033242222, 0.12680602, -1), (-0.99968076, 0.023187116, 0.01003513, -1), (-0.99968076, 0.023187118, 0.01003513, -1), (-0.99968076, 0.023187114, 0.01003513, -1), (-0.8765065, -0.123814575, 0.46519488, -1), (-0.8765065, -0.123814605, 0.46519494, -1), (-0.8765065, -0.123814575, 0.46519488, -1), (-0.97753054, -0.011305524, 0.21049063, -1), (-0.97753054, -0.011305523, 0.21049066, -1), (-0.97753054, -0.011305524, 0.21049063, -1), (-0.99113244, 0.12539431, 0.043963566, -1), (-0.99113244, 0.12539433, 0.043963566, -1), (-0.99113244, 0.12539431, 0.043963566, -1), (-0.93319976, -0.15154056, 0.3258429, -1), (-0.93319976, -0.15154058, 0.3258429, -1), (-0.93319976, -0.15154058, 0.3258429, -1), (-0.93827647, -0.09854231, 0.3315519, -1), (-0.93827647, -0.09854231, 0.3315519, -1), (-0.93827647, -0.09854232, 0.3315519, -1), (-0.7620704, -0.16056079, 0.62727094, -1), (-0.7620704, -0.16056079, 0.62727106, -1), (-0.7620704, -0.16056079, 0.627271, -1), (-0.9961171, -0.037534937, 0.07963497, -1), (-0.9961171, -0.037534934, 0.079634964, -1), (-0.9961171, -0.037534934, 0.07963496, -1), (-0.93356466, -0.13464451, 0.33215633, -1), (-0.93356466, -0.13464452, 0.33215636, -1), (-0.93356466, -0.13464451, 0.33215633, -1), (-0.993515, 0.06360929, 0.09424324, -1), (-0.993515, 0.06360929, 0.09424325, -1), (-0.993515, 0.06360929, 0.09424325, -1), (-0.9523784, -0.08256505, 0.29352742, -1), (-0.9523784, -0.08256504, 0.29352742, -1), (-0.9523784, -0.082565054, 0.29352745, -1), (-0.838174, -0.15350862, 0.52335405, -1), (-0.838174, -0.15350862, 0.52335405, -1), (-0.838174, -0.15350862, 0.52335405, -1), (-0.99711215, 0.061803307, -0.044132333, -1), (-0.99711215, 0.061803304, -0.044132333, -1), (-0.99711215, 0.06180331, -0.044132333, -1), (-0.904995, -0.13188726, 0.40446222, -1), (-0.904995, -0.13188727, 0.40446228, -1), (-0.904995, -0.13188726, 0.40446222, -1), (-0.9604198, -0.12809324, 0.24735774, -1), (-0.9604198, -0.12809323, 0.24735774, -1), (-0.9604198, -0.12809321, 0.24735774, -1), (-0.99289, 0.104183145, 0.05757889, -1), (-0.99289, 0.104183145, 0.05757889, -1), (-0.99289, 0.10418316, 0.057578895, -1), (-0.85147023, -0.091325685, 0.5163895, -1), (-0.85147023, -0.09132569, 0.51638955, -1), (-0.85147023, -0.091325685, 0.5163895, -1), (-0.9885903, 0.04318935, 0.14430457, -1), (-0.9885903, 0.04318935, 0.14430457, -1), (-0.9885903, 0.043189354, 0.14430457, -1), (-0.93455285, -0.08189659, 0.34627128, -1), (-0.93455285, -0.081896596, 0.34627134, -1), (-0.93455285, -0.081896596, 0.34627128, -1), (-0.9195947, -0.1672116, 0.35550797, -1), (-0.9195947, -0.1672116, 0.355508, -1), (-0.9195947, -0.1672116, 0.355508, -1), (-0.99786645, -0.040992524, 0.05081493, -1), (-0.99786645, -0.040992524, 0.050814934, -1), (-0.99786645, -0.04099253, 0.05081494, -1), (-0.9935922, 0.002754193, 0.11299106, -1), (-0.9935922, 0.002754193, 0.112991065, -1), (-0.9935922, 0.002754193, 0.112991065, -1), (-0.92557025, 0.114153706, -0.36095503, -1), (-0.92557025, 0.11415372, -0.3609551, -1), (-0.92557025, 0.11415372, -0.3609551, -1), (-0.924348, -0.09050657, 0.37066078, -1), (-0.924348, -0.090506576, 0.37066078, -1), (-0.92434794, -0.090506576, 0.37066078, -1), (-0.9551004, -0.13614781, 0.263148, -1), (-0.9551004, -0.1361478, 0.26314798, -1), (-0.9551004, -0.13614781, 0.263148, -1), (-0.97547174, -0.08045026, 0.2048969, -1), (-0.97547174, -0.08045026, 0.2048969, -1), (-0.97547174, -0.08045027, 0.20489693, -1), (-0.9454499, -0.09493189, 0.3116286, -1), (-0.9454499, -0.0949319, 0.31162864, -1), (-0.9454499, -0.0949319, 0.31162864, -1), (-0.99429804, 0.10527573, -0.01698396, -1), (-0.99429804, 0.10527573, -0.01698396, -1), (-0.99429804, 0.105275735, -0.016983962, -1), (-0.99281377, 0.03897059, 0.11314662, -1), (-0.99281377, 0.03897059, 0.11314662, -1), (-0.99281377, 0.038970586, 0.11314661, -1), (-0.9896171, -0.021459494, 0.14211765, -1), (-0.9896171, -0.021459494, 0.14211766, -1), (-0.9896171, -0.021459494, 0.14211765, -1), (-0.97095025, -0.05932499, 0.23181054, -1), (-0.97095025, -0.059325, 0.23181055, -1), (-0.97095025, -0.059325, 0.23181055, -1), (-0.9920367, -0.049766123, 0.115699865, -1), (-0.9920367, -0.049766123, 0.115699865, -1), (-0.9920367, -0.049766123, 0.11569985, -1), (-0.99568534, 0.030303614, 0.08770702, -1), (-0.99568534, 0.030303618, 0.08770703, -1), (-0.99568534, 0.030303618, 0.08770702, -1), (-0.8894824, -0.024073336, 0.45633486, -1), (-0.8894824, -0.024073333, 0.4563348, -1), (-0.8894824, -0.024073333, 0.4563348, -1), (-0.881694, -0.025300916, 0.47114286, -1), (-0.88169396, -0.025300914, 0.47114286, -1), (-0.881694, -0.025300918, 0.47114286, -1), (-0.966811, -0.11140149, 0.22992676, -1), (-0.966811, -0.11140149, 0.22992676, -1), (-0.966811, -0.11140149, 0.22992676, -1), (-0.99743456, 0.057654742, 0.042429123, -1), (-0.99743456, 0.057654742, 0.04242912, -1), (-0.99743456, 0.057654742, 0.042429123, -1), (-0.99483573, 0.087093376, 0.052120928, -1), (-0.99483573, 0.087093376, 0.052120935, -1), (-0.99483573, 0.08709338, 0.052120935, -1), (-0.9234049, -0.03171595, 0.38251483, -1), (-0.9234049, -0.03171595, 0.38251483, -1), (-0.9234049, -0.031715956, 0.38251483, -1), (-0.98884904, 0.14743097, -0.021017902, -1), (-0.98884904, 0.14743099, -0.0210179, -1), (-0.98884904, 0.14743097, -0.021017902, -1), (-0.98024863, -0.027973177, 0.19578053, -1), (-0.98024863, -0.027973177, 0.19578056, -1), (-0.98024863, -0.027973179, 0.19578058, -1), (-0.99657166, -0.0046122647, 0.08260615, -1), (-0.99657166, -0.0046122647, 0.08260615, -1), (-0.99657166, -0.0046122647, 0.08260615, -1), (-0.9897989, -0.029468812, 0.13939106, -1), (-0.9897989, -0.029468812, 0.13939106, -1), (-0.9897989, -0.029468812, 0.13939105, -1), (-0.97615564, 0.14254119, -0.16371378, -1), (-0.97615564, 0.14254119, -0.16371378, -1), (-0.97615564, 0.14254117, -0.16371378, -1), (-0.9735011, 0.10962691, -0.20069297, -1), (-0.9735011, 0.10962691, -0.20069297, -1), (-0.9735011, 0.10962691, -0.20069297, -1), (-0.7117637, -0.18646568, 0.6772171, -1), (-0.7117637, -0.18646571, 0.67721707, -1), (-0.7117637, -0.18646568, 0.67721707, -1), (-0.9980254, 0.029528514, 0.055437043, -1), (-0.9980254, 0.029528514, 0.055437036, -1), (-0.9980254, 0.029528512, 0.05543704, -1), (-0.9904045, 0.13798635, 0.007667077, -1), (-0.9904045, 0.13798633, 0.0076670763, -1), (-0.9904045, 0.13798636, 0.0076670763, -1), (-0.96471304, -0.05319424, 0.25787455, -1), (-0.96471304, -0.053194236, 0.25787452, -1), (-0.96471304, -0.05319424, 0.25787455, -1), (-0.9547178, -0.021422712, 0.29674083, -1), (-0.9547178, -0.02142271, 0.29674083, -1), (-0.9547178, -0.021422708, 0.2967408, -1), (-0.97700185, 0.1538677, -0.14762178, -1), (-0.97700185, 0.1538677, -0.14762178, -1), (-0.97700185, 0.1538677, -0.14762178, -1), (-0.94660455, 0.17470843, -0.27095526, -1), (-0.94660455, 0.17470843, -0.27095526, -1), (-0.94660455, 0.17470843, -0.27095526, -1), (-0.8109746, -0.23791865, 0.53452295, -1), (-0.8109747, -0.23791867, 0.534523, -1), (-0.8109746, -0.23791865, 0.53452295, -1), (-0.96800494, 0.05823249, 0.24408083, -1), (-0.96800494, 0.058232486, 0.24408086, -1), (-0.96800494, 0.05823249, 0.24408083, -1), (-0.89592916, -0.10674234, 0.4311808, -1), (-0.89592916, -0.10674233, 0.4311808, -1), (-0.89592916, -0.10674234, 0.43118083, -1), (-0.9475928, -0.10628876, 0.3012814, -1), (-0.9475928, -0.106288776, 0.3012814, -1), (-0.9475928, -0.106288776, 0.30128142, -1), (-0.9705354, -0.07441157, 0.22918093, -1), (-0.9705354, -0.07441157, 0.22918095, -1), (-0.9705354, -0.07441158, 0.22918093, -1), (-0.96731097, -0.040428296, 0.2503495, -1), (-0.96731097, -0.040428296, 0.2503495, -1), (-0.96731097, -0.0404283, 0.25034946, -1), (-0.94985086, 0.23553744, -0.20568272, -1), (-0.94985086, 0.23553744, -0.20568272, -1), (-0.94985086, 0.23553742, -0.20568271, -1), (-0.97165674, 0.20966615, -0.10919372, -1), (-0.97165674, 0.20966618, -0.10919372, -1), (-0.97165674, 0.20966618, -0.10919372, -1), (-0.99833566, 0.032076977, -0.047926713, -1), (-0.99833566, 0.032076985, -0.047926713, -1), (-0.99833566, 0.032076977, -0.04792671, -1), (-0.9993142, 0.036341645, 0.007096372, -1), (-0.9993142, 0.036341645, 0.007096373, -1), (-0.9993142, 0.03634164, 0.007096372, -1), (-0.9146722, 0.0421775, 0.4019897, -1), (-0.9146722, 0.0421775, 0.40198967, -1), (-0.9146722, 0.0421775, 0.4019897, -1), (-0.8956927, -0.10701489, 0.43160462, -1), (-0.8956927, -0.10701489, 0.43160456, -1), (-0.8956927, -0.10701489, 0.43160456, -1), (-0.9890725, 0.09043495, 0.116434366, -1), (-0.9890725, 0.09043495, 0.116434366, -1), (-0.9890725, 0.09043495, 0.11643436, -1), (-0.98326415, 0.16260192, -0.082172796, -1), (-0.98326415, 0.16260189, -0.082172796, -1), (-0.983264, 0.16260189, -0.082172796, -1), (-0.8603571, 0.3112322, -0.40363377, -1), (-0.8603571, 0.3112322, -0.40363377, -1), (-0.8603571, 0.31123215, -0.40363377, -1), (-0.98062634, -0.09999637, 0.1684424, -1), (-0.98062634, -0.099996366, 0.16844238, -1), (-0.98062634, -0.09999636, 0.16844238, -1), (-0.9268621, -0.009708032, 0.37527665, -1), (-0.9268621, -0.009708032, 0.3752766, -1), (-0.9268621, -0.009708032, 0.3752766, -1), (-0.84212935, -0.14734095, 0.51875705, -1), (-0.8421293, -0.14734094, 0.51875705, -1), (-0.84212935, -0.14734095, 0.51875705, -1), (-0.9986552, -0.05123538, 0.007921878, -1), (-0.9986552, -0.05123538, 0.007921878, -1), (-0.9986552, -0.051235378, 0.007921879, -1), (-0.98314476, 0.011909208, -0.18244052, -1), (-0.98314476, 0.011909208, -0.18244052, -1), (-0.98314476, 0.011909208, -0.18244052, -1), (-0.99426174, 0.016980834, 0.10561906, -1), (-0.99426174, 0.016980834, 0.10561904, -1), (-0.99426174, 0.016980834, 0.10561906, -1), (-0.98806155, -0.04617775, 0.1469759, -1), (-0.98806155, -0.046177752, 0.1469759, -1), (-0.98806155, -0.04617775, 0.1469759, -1), (-0.96114045, 0.15925159, -0.22549497, -1), (-0.96114045, 0.15925159, -0.22549495, -1), (-0.96114045, 0.15925159, -0.22549497, -1), (-0.98275006, 0.1411693, -0.11947199, -1), (-0.98275006, 0.1411693, -0.11947199, -1), (-0.98275006, 0.1411693, -0.11947199, -1), (-0.99845743, -0.040913258, -0.037535273, -1), (-0.99845743, -0.040913258, -0.037535273, -1), (-0.99845743, -0.040913258, -0.037535273, -1), (-0.9669212, 0.07872048, -0.24262431, -1), (-0.9669212, 0.07872047, -0.24262428, -1), (-0.9669212, 0.07872048, -0.24262433, -1), (-0.992074, 0.050225507, 0.11518028, -1), (-0.992074, 0.050225504, 0.11518028, -1), (-0.992074, 0.050225504, 0.11518026, -1), (-0.9023941, -0.07072984, 0.42506725, -1), (-0.9023941, -0.07072984, 0.42506725, -1), (-0.9023941, -0.07072984, 0.42506725, -1), (-0.97987443, 0.16282335, -0.115475975, -1), (-0.97987443, 0.16282333, -0.115475975, -1), (-0.97987443, 0.16282336, -0.115475975, -1), (-0.9947462, -0.07554531, 0.069085576, -1), (-0.9947462, -0.07554532, 0.06908557, -1), (-0.9947462, -0.0755453, 0.06908557, -1), (-0.98468727, -0.05880557, 0.16411214, -1), (-0.98468727, -0.058805566, 0.16411214, -1), (-0.98468727, -0.05880556, 0.16411214, -1), (-0.9498773, 0.19454677, -0.24471338, -1), (-0.9498773, 0.19454677, -0.24471338, -1), (-0.9498773, 0.19454677, -0.24471338, -1), (-0.9497302, 0.25015804, -0.18823788, -1), (-0.9497302, 0.25015804, -0.18823788, -1), (-0.9497302, 0.250158, -0.18823785, -1), (-0.9134137, -0.050589, 0.40387645, -1), (-0.9134137, -0.050589, 0.40387645, -1), (-0.9134137, -0.050589, 0.40387645, -1), (-0.98697203, -0.0066149496, 0.16075543, -1), (-0.98697203, -0.0066149496, 0.16075544, -1), (-0.98697203, -0.0066149496, 0.16075546, -1), (-0.9853504, -0.015140176, 0.16986871, -1), (-0.9853504, -0.015140176, 0.16986871, -1), (-0.9853504, -0.015140176, 0.16986872, -1), (-0.991405, 0.113321126, -0.06537983, -1), (-0.991405, 0.113321126, -0.065379836, -1), (-0.991405, 0.11332112, -0.06537983, -1), (-0.9359371, 0.2237056, -0.27198815, -1), (-0.9359371, 0.2237056, -0.27198818, -1), (-0.9359371, 0.22370562, -0.27198818, -1), (-0.98322487, 0.111048296, -0.14469658, -1), (-0.98322487, 0.11104828, -0.14469656, -1), (-0.98322487, 0.111048296, -0.14469658, -1), (-0.9851601, 0.10885195, -0.13270523, -1), (-0.9851601, 0.10885193, -0.13270521, -1), (-0.9851601, 0.10885193, -0.13270521, -1), (-0.98851585, 0.011307779, 0.15069328, -1), (-0.98851585, 0.01130778, 0.1506933, -1), (-0.98851585, 0.011307778, 0.15069327, -1), (-0.9767095, 0.18198985, -0.113657996, -1), (-0.9767095, 0.18198985, -0.113657996, -1), (-0.9767095, 0.18198985, -0.113657996, -1), (-0.9939229, 0.028151786, 0.10641807, -1), (-0.9939229, 0.028151786, 0.10641807, -1), (-0.9939229, 0.028151788, 0.10641808, -1), (-0.97170377, 0.09480476, -0.21634214, -1), (-0.97170377, 0.09480476, -0.21634215, -1), (-0.97170377, 0.09480477, -0.21634215, -1), (-0.98477733, 0.124467485, -0.12133244, -1), (-0.98477733, 0.124467485, -0.12133242, -1), (-0.98477733, 0.12446747, -0.12133242, -1), (-0.9719229, 0.13249451, -0.19445089, -1), (-0.9719229, 0.13249454, -0.19445093, -1), (-0.9719229, 0.13249454, -0.19445093, -1), (-0.8480901, -0.13311596, 0.5128578, -1), (-0.8480901, -0.13311599, 0.51285785, -1), (-0.8480901, -0.13311596, 0.5128578, -1), (-0.9928605, 0.015590757, 0.1182576, -1), (-0.9928605, 0.015590759, 0.11825761, -1), (-0.9928605, 0.015590759, 0.1182576, -1), (-0.98764914, 0.11144344, -0.11013343, -1), (-0.98764914, 0.11144344, -0.11013342, -1), (-0.98764914, 0.11144344, -0.11013343, -1), (-0.9041089, 0.08575165, -0.4186093, -1), (-0.9041089, 0.08575163, -0.41860926, -1), (-0.9041089, 0.08575164, -0.41860932, -1), (-0.96752286, 0.13832174, -0.21158132, -1), (-0.96752286, 0.13832171, -0.21158132, -1), (-0.96752286, 0.13832171, -0.21158132, -1), (-0.9867365, 0.15273559, 0.054982003, -1), (-0.9867365, 0.15273559, 0.054982003, -1), (-0.9867365, 0.15273559, 0.05498201, -1), (-0.9918927, 0.10324784, 0.07408644, -1), (-0.9918927, 0.10324786, 0.07408644, -1), (-0.9918927, 0.10324786, 0.07408644, -1), (-0.98071176, -0.013103706, 0.19501986, -1), (-0.98071176, -0.013103705, 0.19501986, -1), (-0.98071176, -0.013103705, 0.19501986, -1), (-0.9921069, 0.07200036, 0.102663144, -1), (-0.9921069, 0.07200036, 0.10266313, -1), (-0.9921069, 0.07200037, 0.102663144, -1), (-0.99839824, 0.0400498, 0.039962195, -1), (-0.99839824, 0.0400498, 0.039962195, -1), (-0.99839824, 0.040049795, 0.039962195, -1), (-0.9901424, 0.08860864, -0.1084743, -1), (-0.9901424, 0.08860864, -0.10847431, -1), (-0.9901424, 0.08860863, -0.1084743, -1), (-0.6804591, 0.20305358, -0.7040914, -1), (-0.6804591, 0.20305356, -0.7040914, -1), (-0.68045896, 0.20305355, -0.7040914, -1), (-0.92056257, 0.12150355, -0.37121615, -1), (-0.92056257, 0.12150356, -0.3712162, -1), (-0.92056257, 0.12150356, -0.37121615, -1), (-0.96516657, -0.045399386, 0.25766748, -1), (-0.96516657, -0.045399386, 0.25766748, -1), (-0.96516657, -0.045399386, 0.25766745, -1), (-0.9748302, -0.019826518, 0.22206524, -1), (-0.9748302, -0.019826518, 0.22206524, -1), (-0.976934, -0.02512865, 0.21205755, -1), (-0.976934, -0.025128655, 0.21205756, -1), (-0.976934, -0.025128651, 0.21205756, -1), (-0.9490231, -0.08033147, 0.30479804, -1), (-0.9490231, -0.080331475, 0.30479807, -1), (-0.9490231, -0.080331475, 0.30479807, -1), (-0.9959337, -0.061828386, -0.06552348, -1), (-0.9959337, -0.061828386, -0.06552349, -1), (-0.9959337, -0.061828393, -0.06552349, -1), (-0.9993352, -0.024600808, -0.026904987, -1), (-0.9993352, -0.024600808, -0.026904989, -1), (-0.9993352, -0.02460081, -0.026904989, -1), (-0.9772192, -0.026128253, 0.2106177, -1), (-0.9772192, -0.026128253, 0.2106177, -1), (-0.9772192, -0.026128253, 0.21061768, -1), (-0.98734856, 0.1286456, -0.09269982, -1), (-0.98734856, 0.1286456, -0.09269981, -1), (-0.98734856, 0.1286456, -0.09269981, -1), (-0.99069256, 0.09787817, -0.09459404, -1), (-0.99069256, 0.097878166, -0.094594024, -1), (-0.99069256, 0.097878166, -0.094594024, -1), (-0.9934551, 0.10461486, 0.045854684, -1), (-0.9934551, 0.104614876, 0.04585468, -1), (-0.9934551, 0.10461486, 0.045854684, -1), (-0.9357637, -0.12312214, 0.33043507, -1), (-0.9357637, -0.123122126, 0.33043504, -1), (-0.9357637, -0.123122126, 0.33043504, -1), (-0.9975184, 0.001882583, 0.07038036, -1), (-0.9975184, 0.0018825828, 0.07038035, -1), (-0.9975184, 0.001882583, 0.07038036, -1), (-0.97395927, 0.17307277, -0.14645526, -1), (-0.97395927, 0.17307277, -0.14645526, -1), (-0.97395927, 0.1730728, -0.14645527, -1), (-0.97466063, 0.010069178, -0.22346199, -1), (-0.97466063, 0.010069178, -0.22346202, -1), (-0.97466063, 0.010069178, -0.22346202, -1), (-0.984602, -0.004477146, 0.17475353, -1), (-0.984602, -0.004477146, 0.17475352, -1), (-0.984602, -0.0044771456, 0.17475352, -1), (-0.99803895, 0.062334094, 0.0057191467, -1), (-0.99803895, 0.062334094, 0.0057191467, -1), (-0.99803895, 0.062334087, 0.0057191467, -1), (-0.97391313, -0.0066423523, 0.22682409, -1), (-0.973913, -0.0066423523, 0.22682409, -1), (-0.97391313, -0.006642352, 0.22682409, -1), (-0.9532381, -0.071426466, 0.29365855, -1), (-0.9532381, -0.071426466, 0.29365855, -1), (-0.9532381, -0.07142647, 0.29365858, -1), (-0.9839191, -0.003192112, 0.17858589, -1), (-0.9839191, -0.0031921116, 0.17858589, -1), (-0.9839191, -0.0031921116, 0.17858589, -1), (-0.98223454, -0.024966244, 0.18598957, -1), (-0.98223454, -0.024966244, 0.18598957, -1), (-0.98223454, -0.024966244, 0.18598959, -1), (-0.9436818, 0.23083542, -0.2370229, -1), (-0.9436818, 0.23083538, -0.23702285, -1), (-0.9436818, 0.23083542, -0.23702288, -1), (-0.90803933, -0.060061004, 0.41455653, -1), (-0.90803933, -0.060061, 0.41455656, -1), (-0.90803933, -0.060061, 0.41455653, -1), (-0.9856954, 0.10275394, -0.13358928, -1), (-0.9856954, 0.10275394, -0.13358925, -1), (-0.9856954, 0.10275396, -0.13358928, -1), (-0.98690456, -0.042284455, 0.15566428, -1), (-0.98690456, -0.042284455, 0.15566428, -1), (-0.98690456, -0.042284455, 0.15566428, -1), (-0.9720266, -0.14363712, 0.18582968, -1), (-0.9720266, -0.1436371, 0.18582967, -1), (-0.9720266, -0.14363714, 0.18582968, -1), (-0.98280174, -0.10381954, 0.15271625, -1), (-0.98280174, -0.10381954, 0.15271625, -1), (-0.98280174, -0.10381954, 0.15271623, -1), (-0.9891754, 0.1434632, -0.030828632, -1), (-0.9891754, 0.1434632, -0.030828627, -1), (-0.9891754, 0.14346318, -0.03082863, -1), (-0.99156135, 0.05152924, -0.11895746, -1), (-0.99156135, 0.05152924, -0.118957445, -1), (-0.99156135, 0.05152924, -0.11895744, -1), (-0.99442625, 0.065192394, -0.08286312, -1), (-0.99442625, 0.06519239, -0.08286312, -1), (-0.9813509, 0.043921396, 0.18713972, -1), (-0.98153, 0.009355416, 0.19107954, -1), (-0.98153, 0.009355415, 0.19107951, -1), (-0.971649, 0.04467726, 0.23216845, -1), (-0.9610101, 0.052465264, 0.27149042, -1), (-0.95185333, 0.050938148, 0.30229208, -1), (-0.9051772, 0.036607806, 0.423455, -1), (-0.9051772, 0.036607806, 0.423455, -1), (-0.9051772, 0.03660781, 0.42345503, -1), (-0.9034745, 0.19944917, -0.3794126, -1), (-0.9034745, 0.19944915, -0.37941256, -1), (-0.9034745, 0.19944917, -0.3794126, -1), (-0.9750959, 0.16809198, -0.14468218, -1), (-0.9750959, 0.16809201, -0.1446822, -1), (-0.9750959, 0.16809201, -0.14468223, -1), (-0.98144, 0.13453619, -0.13665898, -1), (-0.98144, 0.1345362, -0.136659, -1), (-0.8328193, -0.20365964, 0.5147181, -1), (-0.83281934, -0.20365965, 0.5147181, -1), (-0.83281934, -0.20365964, 0.5147181, -1), (-0.9997471, -0.014336289, -0.017327035, -1), (-0.9997471, -0.014336289, -0.017327035, -1), (-0.9997471, -0.014336289, -0.017327033, -1), (-0.95841414, 0.124033496, -0.25701773, -1), (-0.95841414, 0.12403349, -0.2570177, -1), (-0.95841414, 0.12403349, -0.2570177, -1), (-0.9746824, -0.02198712, 0.2225099, -1), (-0.9746824, -0.021987122, 0.22250994, -1), (-0.9746824, -0.021987122, 0.22250994, -1), (-0.9442183, 0.2303454, -0.2353567, -1), (-0.9442183, 0.23034541, -0.2353567, -1), (-0.9442183, 0.23034541, -0.2353567, -1), (-0.9194712, -0.13738652, 0.36837152, -1), (-0.9194713, -0.1373865, 0.36837152, -1), (-0.9194713, -0.13738652, 0.36837155, -1), (-0.90855545, -0.039682586, 0.41587546, -1), (-0.90855545, -0.039682586, 0.41587543, -1), (-0.90855545, -0.039682586, 0.41587546, -1), (-0.9895215, 0.06260768, 0.13010615, -1), (-0.9895214, 0.062607676, 0.13010614, -1), (-0.9895214, 0.062607676, 0.13010614, -1), (-0.9992125, -0.002007557, -0.039627384, -1), (-0.9992125, -0.002007557, -0.039627384, -1), (-0.9992125, -0.002007557, -0.03962738, -1), (-0.9915296, 0.060312193, -0.11502873, -1), (-0.9915296, 0.060312185, -0.11502872, -1), (-0.9915296, 0.060312185, -0.11502871, -1), (-0.99762183, 0.058536068, 0.036388505, -1), (-0.99762183, 0.058536068, 0.0363885, -1), (-0.99762183, 0.058536068, 0.036388505, -1), (-0.8918648, -0.20193249, 0.40472272, -1), (-0.8918648, -0.20193249, 0.40472272, -1), (-0.8918648, -0.20193249, 0.40472266, -1), (-0.9464374, -0.14199436, 0.2899893, -1), (-0.9464374, -0.14199437, 0.28998932, -1), (-0.9464374, -0.14199437, 0.28998932, -1), (-0.9182049, 0.15336673, -0.36521006, -1), (-0.9182049, 0.15336671, -0.3652101, -1), (-0.9182049, 0.15336673, -0.36521003, -1), (-0.93294203, 0.20981127, -0.29257217, -1), (-0.93294203, 0.20981126, -0.29257217, -1), (-0.93294203, 0.20981126, -0.29257217, -1), (-0.9823415, 0.11190516, 0.14994118, -1), (-0.9823415, 0.11190516, 0.14994118, -1), (-0.9823415, 0.11190516, 0.14994118, -1), (-0.98432225, -0.015576621, 0.17569028, -1), (-0.98432225, -0.015576621, 0.17569028, -1), (-0.98432225, -0.015576621, 0.1756903, -1), (-0.9985662, 0.05139998, -0.014958055, -1), (-0.9985662, 0.05139998, -0.014958055, -1), (-0.9985662, 0.05139998, -0.014958054, -1), (-0.9965843, 0.015227775, 0.08116463, -1), (-0.9965843, 0.015227773, 0.08116463, -1), (-0.9965843, 0.015227775, 0.081164636, -1), (-0.99668795, 0.06858745, 0.04369165, -1), (-0.99668795, 0.06858745, 0.04369165, -1), (-0.99668795, 0.06858745, 0.04369165, -1), (-0.9953987, 0.050732832, 0.08128719, -1), (-0.9953987, 0.050732836, 0.08128719, -1), (-0.9953987, 0.050732844, 0.0812872, -1), (-0.9943098, 0.03207762, 0.10158203, -1), (-0.9943098, 0.032077618, 0.10158202, -1), (-0.9943098, 0.03207762, 0.10158203, -1), (-0.93529296, 0.12837188, -0.32976937, -1), (-0.93529296, 0.12837188, -0.32976937, -1), (-0.93529296, 0.12837188, -0.32976937, -1), (-0.9237305, -0.09847336, 0.37016883, -1), (-0.9237305, -0.09847336, 0.37016886, -1), (-0.9237305, -0.09847338, 0.37016883, -1), (-0.99539644, 0.05420861, 0.07904013, -1), (-0.99539644, 0.05420861, 0.07904013, -1), (-0.99539644, 0.05420861, 0.07904014, -1), (-0.81479824, -0.25582147, 0.5202491, -1), (-0.81479824, -0.2558215, 0.5202491, -1), (-0.81479824, -0.25582147, 0.5202492, -1), (-0.90680176, -0.18247437, 0.3800181, -1), (-0.90680176, -0.1824744, 0.3800181, -1), (-0.90680176, -0.18247439, 0.3800181, -1), (-0.9345828, 0.22112127, -0.27867597, -1), (-0.9345828, 0.22112124, -0.27867597, -1), (-0.9345828, 0.22112124, -0.27867597, -1), (-0.99548113, 0.09485818, 0.0043786694, -1), (-0.99548113, 0.09485816, 0.0043786685, -1), (-0.99548113, 0.09485818, 0.004378669, -1), (-0.8431359, -0.21949135, 0.49086195, -1), (-0.8431359, -0.21949132, 0.4908619, -1), (-0.8431359, -0.21949132, 0.4908619, -1), (-0.9271535, -0.052554864, 0.3709773, -1), (-0.92715365, -0.05255486, 0.37097728, -1), (-0.92715365, -0.052554864, 0.3709773, -1), (-0.99347407, 0.0964914, -0.060815856, -1), (-0.99347407, 0.096491404, -0.06081585, -1), (-0.99347407, 0.09649139, -0.060815845, -1), (-0.8685797, -0.19296592, 0.45643553, -1), (-0.8685797, -0.19296595, 0.45643556, -1), (-0.8685797, -0.19296595, 0.45643556, -1), (-0.86503506, -0.200205, 0.46003515, -1), (-0.8650351, -0.20020498, 0.46003515, -1), (-0.86503506, -0.200205, 0.46003515, -1), (-0.93990344, -0.10814913, 0.32385987, -1), (-0.93990356, -0.108149156, 0.3238599, -1), (-0.93990356, -0.10814915, 0.3238599, -1), (-0.9819802, 0.025439363, 0.18726353, -1), (-0.9819802, 0.025439363, 0.18726355, -1), (-0.9819802, 0.025439365, 0.18726356, -1), (-0.96955127, -0.019343486, 0.2441233, -1), (-0.96955127, -0.019343486, 0.2441233, -1), (-0.96955127, -0.019343486, 0.2441233, -1), (-0.9972072, 0.07376134, -0.011702475, -1), (-0.9972072, 0.073761344, -0.011702477, -1), (-0.9972072, 0.073761344, -0.011702477, -1), (-0.9247429, -0.18308038, 0.33366483, -1), (-0.9247429, -0.18308039, 0.33366486, -1), (-0.9247429, -0.18308038, 0.3336648, -1), (-0.9887369, 0.117565915, 0.09261512, -1), (-0.9887369, 0.1175659, 0.09261512, -1), (-0.9887369, 0.1175659, 0.09261511, -1), (-0.9977791, 0.0493025, 0.044791758, -1), (-0.9977791, 0.049302507, 0.04479177, -1), (-0.9977791, 0.049302507, 0.044791766, -1), (-0.8837582, -0.061183605, 0.4639268, -1), (-0.8837582, -0.061183598, 0.4639268, -1), (-0.8837582, -0.061183598, 0.46392673, -1), (-0.96102923, 0.05853919, 0.2701775, -1), (-0.96102923, 0.05853919, 0.2701775, -1), (-0.96102923, 0.058539182, 0.2701775, -1), (-0.99162227, 0.0551778, -0.116792895, -1), (-0.99162227, 0.0551778, -0.116792895, -1), (-0.99162227, 0.055177804, -0.116792895, -1), (-0.9474998, 0.20913343, -0.24188277, -1), (-0.9474998, 0.20913346, -0.2418828, -1), (-0.9474998, 0.20913346, -0.24188282, -1), (-0.9855805, 0.1307786, -0.10736816, -1), (-0.9855805, 0.1307786, -0.10736816, -1), (-0.9855805, 0.1307786, -0.107368164, -1), (-0.9648645, -0.09308174, 0.24570777, -1), (-0.9648645, -0.09308174, 0.24570775, -1), (-0.9648645, -0.093081735, 0.24570777, -1), (-0.9468192, -0.12694414, 0.29566613, -1), (-0.9468192, -0.12694414, 0.29566613, -1), (-0.9468192, -0.12694414, 0.29566613, -1), (-0.9977416, 0.05491841, -0.038672894, -1), (-0.9977416, 0.05491841, -0.038672894, -1), (-0.9977416, 0.05491841, -0.038672898, -1), (-0.9851179, 0.15333879, -0.07765318, -1), (-0.9851179, 0.15333879, -0.07765318, -1), (-0.9851179, 0.15333878, -0.07765318, -1), (-0.9649738, 0.14947446, -0.21559921, -1), (-0.9649738, 0.14947443, -0.21559921, -1), (-0.9649738, 0.14947444, -0.21559922, -1), (-0.9639438, -0.098468736, 0.24721703, -1), (-0.9639438, -0.098468736, 0.24721703, -1), (-0.9639438, -0.098468736, 0.24721706, -1), (-0.9954401, 0.053101733, 0.07924131, -1), (-0.9954401, 0.05310173, 0.079241306, -1), (-0.9954401, 0.053101737, 0.07924131, -1), (-0.99249375, 0.113335416, -0.045947935, -1), (-0.99249375, 0.11333543, -0.04594794, -1), (-0.99249375, 0.113335416, -0.04594794, -1), (-0.97904474, -0.07225925, 0.19039448, -1), (-0.97904474, -0.072259255, 0.19039449, -1), (-0.97904474, -0.072259255, 0.19039448, -1), (-0.99693066, 0.057632595, -0.052988745, -1), (-0.99693066, 0.0576326, -0.05298874, -1), (-0.99693066, 0.057632595, -0.05298874, -1), (-0.99569315, 0.007013515, 0.09244439, -1), (-0.99569315, 0.007013515, 0.0924444, -1), (-0.99569315, 0.007013514, 0.0924444, -1), (-0.99947315, -0.011721612, 0.030267335, -1), (-0.99947315, -0.011721611, 0.030267335, -1), (-0.99947315, -0.011721612, 0.030267337, -1), (-0.9916392, -0.031700213, 0.12508713, -1), (-0.9916392, -0.031700213, 0.12508713, -1), (-0.9916392, -0.031700213, 0.12508713, -1), (-0.88608766, 0.22779627, -0.40367985, -1), (-0.88608766, 0.22779626, -0.40367985, -1), (-0.88608766, 0.22779627, -0.40367985, -1), (-0.9982855, 0.046033926, -0.036149867, -1), (-0.9982855, 0.046033926, -0.036149867, -1), (-0.9982855, 0.046033926, -0.03614986, -1), (-0.9985916, 0.052459788, 0.007916236, -1), (-0.9985916, 0.05245979, 0.007916237, -1), (-0.9985916, 0.0524598, 0.007916237, -1), (-0.9991234, 0.033250794, 0.025431631, -1), (-0.9991234, 0.033250798, 0.025431631, -1), (-0.9991234, 0.033250794, 0.025431631, -1), (-0.9933703, 0.09627485, 0.06282131, -1), (-0.9933703, 0.096274845, 0.06282131, -1), (-0.9933703, 0.09627485, 0.06282131, -1), (-0.9967167, 0.066872776, 0.04564923, -1), (-0.9967167, 0.06687277, 0.045649227, -1), (-0.9967167, 0.066872776, 0.045649223, -1), (-0.9955368, 0.06606742, 0.06739126, -1), (-0.9955368, 0.06606742, 0.06739126, -1), (-0.9955368, 0.06606741, 0.06739126, -1), (-0.9852777, -0.057137925, 0.16113043, -1), (-0.9852777, -0.057137925, 0.16113046, -1), (-0.9852777, -0.057137925, 0.16113043, -1), (-0.93257797, -0.06305263, 0.35541892, -1), (-0.93257797, -0.06305264, 0.35541898, -1), (-0.93257797, -0.06305264, 0.35541898, -1), (-0.99681735, 0.07950018, 0.0059049386, -1), (-0.99681735, 0.079500176, 0.005904938, -1), (-0.99681735, 0.079500176, 0.0059049376, -1), (-0.88345355, -0.1745811, 0.43477717, -1), (-0.88345355, -0.17458111, 0.43477717, -1), (-0.88345355, -0.1745811, 0.43477717, -1), (-0.99412054, -0.016889447, 0.10695335, -1), (-0.99412054, -0.016889447, 0.10695335, -1), (-0.99412054, -0.016889445, 0.10695337, -1), (-0.9771707, -0.04586676, 0.20744537, -1), (-0.9771707, -0.045866765, 0.20744538, -1), (-0.9771707, -0.045866765, 0.2074454, -1), (-0.9874769, 0.052566852, 0.14874911, -1), (-0.9874769, 0.052566845, 0.14874908, -1), (-0.9874769, 0.052566845, 0.14874908, -1), (-0.9758518, -0.050630994, 0.21248469, -1), (-0.9758518, -0.05063099, 0.21248469, -1), (-0.9758518, -0.050630994, 0.2124847, -1), (-0.9861227, -0.04759687, 0.15904842, -1), (-0.9861227, -0.047596868, 0.15904844, -1), (-0.9861227, -0.047596876, 0.15904844, -1), (-0.9644519, -0.09856637, 0.24518794, -1), (-0.9644519, -0.09856635, 0.24518794, -1), (-0.9644519, -0.09856637, 0.24518794, -1), (-0.9973042, 0.062948614, -0.037706733, -1), (-0.9973042, 0.062948614, -0.037706733, -1), (-0.9973042, 0.06294861, -0.037706736, -1), (-0.98844427, -0.018631686, 0.15043579, -1), (-0.98844427, -0.018631687, 0.1504358, -1), (-0.98844427, -0.018631687, 0.15043579, -1), (-0.9934689, -0.03053806, 0.10994065, -1), (-0.9934689, -0.03053806, 0.10994065, -1), (-0.9934689, -0.030538058, 0.10994065, -1), (-0.9888502, 0.04754993, 0.14111772, -1), (-0.9888502, 0.04754993, 0.14111774, -1), (-0.9888502, 0.04754993, 0.1411177, -1), (-0.99327797, 0.0788791, -0.08471668, -1), (-0.99327797, 0.078879096, -0.08471667, -1), (-0.99327797, 0.0788791, -0.08471668, -1), (-0.98025894, 0.15316026, -0.12503745, -1), (-0.98025894, 0.15316027, -0.12503746, -1), (-0.98025894, 0.15316026, -0.12503746, -1), (-0.99818903, 0.06015433, 0, -1), (-0.99818903, 0.06015433, 0, -1), (-0.99818903, 0.060154334, 0, -1), (-0.97791183, -0.01333336, 0.20859191, -1), (-0.97791183, -0.013333362, 0.20859191, -1), (-0.97791183, -0.013333362, 0.20859191, -1), (-0.9803846, 0.10012326, -0.16976885, -1), (-0.9803846, 0.10012326, -0.16976885, -1), (-0.9803846, 0.10012327, -0.16976885, -1), (-0.99797314, 0.061212294, 0.017393941, -1), (-0.99797314, 0.0612123, 0.017393945, -1), (-0.99797314, 0.0612123, 0.017393943, -1), (-0.99837685, 0.00503594, -0.056731228, -1), (-0.99837685, 0.00503594, -0.056731224, -1), (-0.99837685, 0.0050359396, -0.056731228, -1), (-0.9392625, -0.114294454, 0.32360876, -1), (-0.9392625, -0.114294454, 0.32360876, -1), (-0.9392625, -0.114294454, 0.32360876, -1), (-0.98525757, 0.1403677, -0.09779818, -1), (-0.98525757, 0.14036769, -0.09779817, -1), (-0.98525757, 0.14036767, -0.09779817, -1), (-0.9715836, -0.061651446, 0.22852655, -1), (-0.9715836, -0.061651446, 0.22852655, -1), (-0.9715836, -0.06165144, 0.22852655, -1), (-0.9981762, 0.005575731, -0.060110524, -1), (-0.9981762, 0.0055757314, -0.060110524, -1), (-0.9981762, 0.0055757314, -0.06011053, -1), (-0.9732386, -0.056786053, 0.2226704, -1), (-0.9732386, -0.056786053, 0.22267039, -1), (-0.9732386, -0.056786045, 0.22267038, -1), (-0.9990232, 0.044100378, -0.0028111255, -1), (-0.9990232, 0.044100385, -0.0028111252, -1), (-0.9990232, 0.04410038, -0.0028111257, -1), (-0.99827397, 0, 0.05872945, -1), (-0.99827397, 0, 0.05872945, -1), (-0.99827397, 0, 0.05872945, -1), (-0.9917462, 0.086876355, 0.09429774, -1), (-0.9917462, 0.08687636, 0.09429774, -1), (-0.9917462, 0.08687637, 0.09429775, -1), (-0.9844236, 0.070009954, -0.16127253, -1), (-0.9844236, 0.070009954, -0.16127253, -1), (-0.9844236, 0.07000996, -0.16127251, -1), (-0.9291666, 0.24231912, -0.27916092, -1), (-0.9291666, 0.24231912, -0.27916092, -1), (-0.9291666, 0.24231912, -0.27916092, -1), (-0.9811276, 0.11064148, -0.1585777, -1), (-0.9811276, 0.11064149, -0.15857771, -1), (-0.9811276, 0.11064149, -0.15857771, -1), (-0.9715603, 0.06309091, 0.22823258, -1), (-0.9715603, 0.06309091, 0.22823258, -1), (-0.9715603, 0.06309091, 0.22823255, -1), (-0.9922019, 0.008417214, 0.12435679, -1), (-0.9922019, 0.008417214, 0.12435679, -1), (-0.9922019, 0.008417214, 0.12435679, -1), (-0.99455535, 0.012512392, 0.103455625, -1), (-0.99455535, 0.012512391, 0.10345562, -1), (-0.99455535, 0.012512392, 0.103455625, -1), (-0.8562077, 0.24967879, -0.4522929, -1), (-0.8562077, 0.24967879, -0.4522929, -1), (-0.8562077, 0.24967879, -0.4522929, -1), (-0.96554583, 0.15833043, 0.20652564, -1), (-0.96554583, 0.15833044, 0.20652565, -1), (-0.96554583, 0.15833044, 0.20652568, -1), (-0.97596985, 0.14716974, -0.16069813, -1), (-0.97596985, 0.14716975, -0.16069815, -1), (-0.9786618, 0.12612273, -0.16221617, -1), (-0.9795981, 0.12646192, -0.15618862, -1), (-0.96233636, 0.1286074, -0.23951788, -1), (-0.99229974, 0.1194155, -0.032883227, -1), (-0.9891215, 0.12175602, -0.08254797, -1), (-0.990393, 0.11034224, -0.083343826, -1), (-0.990393, 0.11034224, -0.08334383, -1), (-0.9814362, 0.11979885, -0.14977063, -1), (-0.97568953, 0.11430578, 0.18698698, -1), (-0.9692313, 0.113085635, 0.21863721, -1), (-0.99440116, 0.10558589, -0.004234462, -1), (-0.9944226, 0.10183568, -0.027441153, -1), (-0.99465275, 0.10070893, 0.022884283, -1), (-0.9893283, 0.14563033, 0.00460673, -1), (-0.9893283, 0.14563034, 0.004606731, -1), (-0.9958788, 0.05325259, 0.07341343, -1), (-0.9958788, 0.053252585, 0.073413424, -1), (-0.9958788, 0.05325258, 0.07341343, -1), (-0.9916911, 0.096610434, 0.084941626, -1), (-0.9916911, 0.09661045, 0.084941626, -1), (-0.9705842, 0.19659813, -0.13897991, -1), (-0.9705842, 0.19659813, -0.13897991, -1), (-0.9705842, 0.19659813, -0.13897993, -1), (-0.97834396, 0.1112181, -0.17456679, -1), (-0.97834396, 0.1112181, -0.1745668, -1), (-0.97834396, 0.1112181, -0.17456679, -1), (-0.9112354, 0.2294059, -0.3420863, -1), (-0.9112354, 0.2294059, -0.34208626, -1), (-0.9112354, 0.22940587, -0.34208626, -1), (-0.97316813, -0.061767634, 0.2216496, -1), (-0.97316813, -0.061767627, 0.2216496, -1), (-0.97316813, -0.06176762, 0.22164959, -1), (-0.99569243, -0.0021219247, 0.09269318, -1), (-0.99569243, -0.0021219247, 0.09269318, -1), (-0.99569243, -0.0021219244, 0.09269318, -1), (-0.9877921, 0.13526829, -0.07726093, -1), (-0.9877921, 0.13526826, -0.07726091, -1), (-0.9877921, 0.13526826, -0.07726091, -1), (-0.9745616, -0.013911219, 0.22368798, -1), (-0.9745616, -0.013911219, 0.22368799, -1), (-0.9745616, -0.013911219, 0.22368798, -1), (-0.9194684, -0.08170558, 0.38458037, -1), (-0.9194684, -0.08170558, 0.38458037, -1), (-0.9194684, -0.08170556, 0.38458037, -1), (-0.9668247, -0.044147678, 0.25159666, -1), (-0.9668247, -0.044147674, 0.25159663, -1), (-0.9668247, -0.044147678, 0.25159663, -1), (-0.9935935, 0.08679958, -0.0723725, -1), (-0.9935935, 0.08679958, -0.0723725, -1), (-0.9935935, 0.08679958, -0.0723725, -1), (-0.98120546, 0.112211704, -0.15698503, -1), (-0.98120546, 0.1122117, -0.15698501, -1), (-0.98120546, 0.112211704, -0.15698503, -1), (-0.93731624, -0.04918284, 0.34499186, -1), (-0.93731624, -0.04918284, 0.34499186, -1), (-0.93731624, -0.049182847, 0.34499186, -1), (-0.9259461, -0.025603322, 0.37678677, -1), (-0.9259461, -0.025603322, 0.37678677, -1), (-0.9259461, -0.025603322, 0.37678677, -1), (-0.9380567, -0.038688723, 0.34431478, -1), (-0.9380567, -0.038688727, 0.34431478, -1), (-0.9380567, -0.038688723, 0.34431472, -1), (-0.92385244, -0.08893155, 0.3722738, -1), (-0.92385244, -0.08893154, 0.3722738, -1), (-0.92385244, -0.088931546, 0.37227377, -1), (-0.9647536, 0.22240873, -0.14065829, -1), (-0.9647536, 0.2224087, -0.14065829, -1), (-0.9647536, 0.22240873, -0.14065829, -1), (-0.968113, 0.17652078, -0.17775737, -1), (-0.968113, 0.17652078, -0.17775735, -1), (-0.968113, 0.17652078, -0.17775737, -1), (-0.83166045, -0.038531616, 0.553946, -1), (-0.83166045, -0.038531613, 0.553946, -1), (-0.83166045, -0.038531616, 0.553946, -1), (-0.96767217, 0.021481955, 0.25129482, -1), (-0.96767217, 0.021481954, 0.25129482, -1), (-0.96767217, 0.021481952, 0.2512948, -1), (-0.8992891, -0.16304167, 0.40582815, -1), (-0.8992891, -0.16304167, 0.40582815, -1), (-0.8992891, -0.16304167, 0.40582815, -1), (-0.9847451, 0.14707331, -0.092987694, -1), (-0.9847451, 0.1470733, -0.0929877, -1), (-0.9847451, 0.14707331, -0.0929877, -1), (-0.9965005, 0.082341395, -0.0143744005, -1), (-0.9965005, 0.08234139, -0.014374399, -1), (-0.9965005, 0.08234139, -0.014374399, -1), (-0.84064406, -0.13206244, 0.52523994, -1), (-0.8406441, -0.13206242, 0.5252399, -1), (-0.8406441, -0.13206244, 0.52523994, -1), (-0.6072971, -0.28575805, 0.7413046, -1), (-0.6072971, -0.2857581, 0.7413046, -1), (-0.6072971, -0.28575805, 0.7413046, -1), (-0.96145934, -0.01757974, 0.27438444, -1), (-0.96145934, -0.01757974, 0.27438444, -1), (-0.96145934, -0.01757974, 0.27438444, -1), (-0.56515115, -0.30724153, 0.7656414, -1), (-0.56515115, -0.30724153, 0.7656414, -1), (-0.5651511, -0.30724153, 0.76564145, -1), (-0.8904102, 0.2906355, -0.35028657, -1), (-0.8904102, 0.2906355, -0.35028657, -1), (-0.8904102, 0.29063547, -0.35028654, -1), (-0.9700379, -0.16065843, 0.18225096, -1), (-0.9700379, -0.16065845, 0.18225096, -1), (-0.9700379, -0.16065843, 0.18225096, -1), (-0.9945668, 0.09779405, -0.035682227, -1), (-0.9945668, 0.09779403, -0.035682227, -1), (-0.9945668, 0.09779405, -0.035682227, -1), (-0.9775149, -0.060495544, 0.20200194, -1), (-0.9775149, -0.060495544, 0.20200194, -1), (-0.9775149, -0.060495544, 0.20200191, -1), (-0.9858547, -0.03879126, 0.16305105, -1), (-0.9858547, -0.03879126, 0.16305105, -1), (-0.9858547, -0.03879126, 0.16305105, -1), (-0.97384465, 0.011206092, 0.22693871, -1), (-0.97384465, 0.011206092, 0.22693872, -1), (-0.97384465, 0.011206092, 0.22693872, -1), (-0.9962903, -0.0032426205, -0.08599534, -1), (-0.9962903, -0.0032426205, -0.08599535, -1), (-0.9962903, -0.0032426203, -0.08599534, -1), (-0.7538992, -0.17408593, 0.6335062, -1), (-0.7538992, -0.17408593, 0.6335062, -1), (-0.7538992, -0.17408593, 0.6335062, -1), (-0.9864422, 0.008052206, 0.163911, -1), (-0.9864422, 0.008052206, 0.163911, -1), (-0.9864422, 0.008052206, 0.163911, -1), (-0.86771643, -0.17908424, 0.46367776, -1), (-0.86771643, -0.17908423, 0.46367776, -1), (-0.86771643, -0.17908423, 0.4636777, -1), (-0.8084471, -0.14553966, 0.5702907, -1), (-0.8084471, -0.14553966, 0.5702907, -1), (-0.8084471, -0.14553967, 0.57029074, -1), (-0.9920575, 0.019339578, 0.12428935, -1), (-0.9920575, 0.019339576, 0.124289334, -1), (-0.9920575, 0.019339578, 0.124289334, -1), (-0.995389, 0.04034416, 0.087023355, -1), (-0.995389, 0.04034416, 0.087023355, -1), (-0.995389, 0.04034416, 0.087023355, -1), (-0.9975999, 0.04994513, 0.047958363, -1), (-0.9975999, 0.049945135, 0.04795837, -1), (-0.9975999, 0.049945135, 0.047958367, -1), (-0.9454176, -0.09561809, 0.3115167, -1), (-0.9454177, -0.0956181, 0.3115167, -1), (-0.9454177, -0.0956181, 0.3115167, -1), (-0.9957712, 0.089209996, 0.021935472, -1), (-0.9957712, 0.08920999, 0.021935474, -1), (-0.9957712, 0.08921, 0.021935474, -1), (-0.9927966, 0.054497093, 0.10669991, -1), (-0.9927966, 0.054497093, 0.10669989, -1), (-0.9927966, 0.054497093, 0.10669991, -1), (-0.76586044, 0.18350363, 0.61626637, -1), (-0.76586044, 0.18350363, 0.6162663, -1), (-0.76586044, 0.18350363, 0.61626637, -1), (-0.86742556, 0.1288313, 0.48059908, -1), (-0.86742556, 0.1288313, 0.48059908, -1), (-0.86742556, 0.1288313, 0.48059908, -1), (-0.99380094, 0.066707045, -0.08893802, -1), (-0.99380094, 0.066707045, -0.08893803, -1), (-0.99380094, 0.066707045, -0.08893802, -1), (-0.96884894, -0.010190424, 0.24744296, -1), (-0.9918134, -0.004275756, 0.12762439, -1), (-0.95310533, -0.011782307, 0.30240923, -1), (-0.9290352, -0.016038941, 0.36964363, -1), (-0.8616852, -0.054442916, 0.5045142, -1), (-0.89841413, -0.0546396, 0.43573672, -1), (-0.87404066, -0.04944594, 0.48333013, -1), (-0.90740365, -0.061057284, 0.41580126, -1), (-0.9558332, -0.06441558, 0.28676394, -1), (-0.99221414, 0.016501049, 0.12344566, -1), (-0.9762639, 0.0069536003, 0.21647291, -1), (-0.9748282, 0.0058949185, 0.22287948, -1), (-0.9447948, -0.01605587, 0.32726905, -1), (-0.9840291, -0.028081544, 0.17577855, -1), (-0.9856967, -0.027239475, 0.16631326, -1), (-0.99070626, -0.023623427, 0.1339521, -1), (-0.98098147, -0.028345812, 0.19202074, -1), (-0.9339302, -0.049617186, 0.3539951, -1), (-0.71310884, -0.06819772, 0.6977284, -1), (-0.9175467, -0.047453668, 0.39478627, -1), (-0.9406086, -0.04988469, 0.335808, -1), (-0.9382736, -0.04699744, 0.34268612, -1), (-0.94271773, -0.045545496, 0.33046755, -1), (-0.94450897, -0.031907618, 0.32693246, -1), (-0.982885, -0.02105888, 0.1830127, -1), (-0.9873657, -0.017309792, 0.15750976, -1), (-0.9784097, -0.014169136, 0.20618835, -1), (-0.99056846, -0.02407396, 0.13488752, -1), (-0.7624727, -0.25047547, 0.5965714, -1), (-0.75211895, -0.2522539, 0.6088392, -1), (-0.6968946, -0.2602208, 0.6682986, -1), (-0.81611574, -0.2394639, 0.52593935, -1), (-0.94808066, -0.06799331, 0.3106765, -1), (-0.94070846, -0.06658898, 0.332616, -1), (-0.9554607, -0.06934305, 0.28685585, -1), (-0.9589294, -0.07022444, 0.27481443, -1), (-0.94438463, -0.07877349, 0.31926844, -1), (-0.9468918, -0.07921518, 0.31164247, -1), (-0.95533264, -0.07785687, 0.28509274, -1), (-0.93981075, -0.072923355, 0.3338233, -1), (-0.6797176, -0.28519163, 0.6757586, -1), (-0.7252971, -0.28554752, 0.6264237, -1), (-0.6884907, -0.29389778, 0.66302687, -1), (-0.65045667, -0.2923764, 0.7010151, -1), (-0.9936079, 0.0063832407, 0.11270654, -1), (-0.9778556, 0.031882647, 0.20683736, -1), (-0.99609816, 0, 0.08825203, -1), (-0.9594777, 0.03072086, 0.28010482, -1), (-0.97209746, 0.03496551, 0.23195685, -1), (-0.9975822, 0.014602756, 0.067944996, -1), (-0.9999567, 0.0057178778, -0.007339081, -1), (-0.988139, 0.088298574, 0.12563786, -1), (-0.9887454, 0.08583769, 0.12253301, -1), (-0.98437285, 0.078856505, 0.1574543, -1), (-0.9919922, 0.09293674, 0.08552393, -1), (-0.9407911, 0.20981306, -0.2662526, -1), (-0.9271085, 0.20707297, -0.31239465, -1), (-0.91084504, 0.20358655, -0.35904577, -1), (-0.9270648, 0.20928042, -0.31105074, -1), (-0.9447495, 0.21295018, -0.24919985, -1), (-0.99407035, -0.012738821, 0.107989736, -1), (-0.9901632, -0.008426329, 0.13966347, -1), (-0.99153847, -0.005916599, 0.1296781, -1), (-0.98770475, -0.002303527, 0.15631379, -1), (-0.99651945, 0.051976837, -0.065172546, -1), (-0.9861909, 0.062560186, -0.15334134, -1), (-0.9935068, 0.05554622, -0.099291824, -1), (-0.9985923, 0.039516438, 0.035381712, -1), (-0.98942274, -0.12261073, -0.07751931, -1), (-0.98860824, -0.122080415, -0.08803473, -1), (-0.9920201, -0.12606895, 0.0016324418, -1), (-0.9793466, -0.11772387, -0.16438137, -1), (-0.8746282, -0.21371719, 0.43514416, -1), (-0.87318426, -0.2134065, 0.438186, -1), (-0.8487416, -0.20810682, 0.48613706, -1), (-0.9014408, -0.21942241, 0.37317318, -1), (-0.9943388, 0.105188295, 0.015021546, -1), (-0.9933195, 0.10102883, 0.055763546, -1), (-0.992389, 0.10270524, 0.06793777, -1), (-0.9896528, 0.09817743, 0.10463439, -1), (-0.98630255, 0.027819326, 0.16258322, -1), (-0.9900058, 0.03774686, 0.13588081, -1), (-0.9965664, 0.030748487, 0.076875366, -1), (-0.9764449, 0.035217185, 0.2128736, -1), (-0.76734865, -0.16797313, 0.6188385, -1), (-0.79418546, -0.1682645, 0.5839148, -1), (-0.8051013, -0.16514115, 0.5696844, -1), (-0.8225179, -0.1656384, 0.54408485, -1), (-0.95359397, -0.027116785, 0.29987192, -1), (-0.9506194, -0.032086503, 0.30869597, -1), (-0.9221249, -0.01298027, 0.38667446, -1), (-0.9719211, -0.05075264, 0.22976868, -1), (-0.9386607, 0.23130475, -0.25576195, -1), (-0.93874687, 0.23121525, -0.25552645, -1), (-0.93056405, 0.23393936, -0.28164327, -1), (-0.9440175, 0.23169729, -0.23483448, -1), (-0.9822595, 0.06903937, -0.1743555, -1), (-0.97186095, 0.070287526, -0.22482423, -1), (-0.9807011, 0.06816784, -0.18324442, -1), (-0.9888966, 0.06793836, -0.13216613, -1), (-0.99555826, 0.08757347, 0.034561995, -1), (-0.9911691, 0.09858788, 0.0886799, -1), (-0.9861054, 0.09860315, 0.13369264, -1), (-0.9794728, 0.10305119, 0.17324357, -1), (-0.9792123, 0.1043405, 0.17394346, -1), (-0.99851567, 0.011227688, 0.053294636, -1), (-0.98260444, 0.020367803, -0.18459065, -1), (-0.9506355, 0.029884525, -0.3088674, -1), (-0.994866, 0.0061281226, 0.10101534, -1), (-0.99526465, 0.0013901914, 0.09719167, -1), (-0.9689031, -0.028409677, 0.2458043, -1), (-0.9597997, -0.028300442, 0.27925542, -1), (-0.9741426, -0.033890128, 0.22337794, -1), (-0.95566034, -0.025981167, 0.2933227, -1), (-0.9560332, -0.022212187, 0.29241613, -1), (-0.9847704, -0.019941721, 0.1727128, -1), (-0.9871357, -0.023011655, 0.15821975, -1), (-0.9927982, -0.024027925, 0.117364526, -1), (-0.99403954, -0.025516171, 0.10599179, -1), (-0.99488235, -0.047035832, 0.08942436, -1), (-0.986909, 0.075456955, 0.14253737, -1), (-0.9788016, 0.07212377, 0.19169103, -1), (-0.98524994, 0.07114401, 0.1556315, -1), (-0.9904529, 0.07003791, 0.11873442, -1), (-0.9784655, 0.010754635, 0.20612986, -1), (-0.9836056, 0.010678651, 0.18001658, -1), (-0.98452145, 0.010662779, 0.17493938, -1), (-0.98922324, 0.01056568, 0.1460336, -1), (-0.97920024, 0.18253875, -0.08858007, -1), (-0.9808654, 0.18559048, -0.058816362, -1), (-0.980117, 0.18277846, -0.07721815, -1), (-0.97719896, 0.17885445, -0.11442668, -1), (-0.9837467, 0.027590236, 0.17742895, -1), (-0.9776834, 0.0257382, 0.20850071, -1), (-0.9825021, 0.028593952, 0.18404305, -1), (-0.9878698, 0.030677296, 0.15222417, -1), (-0.94711757, -0.005570107, -0.32083833, -1), (-0.9883008, 0.022028934, -0.15091828, -1), (-0.99777466, 0.038121086, -0.054703705, -1), (-0.9986559, 0.051270306, 0.007593919, -1), (-0.9881539, 0.083966985, -0.12845834, -1), (-0.9971482, 0.06907798, -0.030390367, -1), (-0.9882891, 0.08388101, -0.12746969, -1), (-0.9681594, 0.08634421, -0.23497267, -1), (-0.9995591, -0.008604375, 0.028418336, -1), (-0.9976204, -0.01158621, 0.06796489, -1), (-0.9910931, -0.017391277, 0.1320306, -1), (-0.9963284, -0.0038567067, -0.08552694, -1), (-0.9937689, -0.026894435, 0.10816639, -1), (-0.9094219, -0.124803066, 0.39670637, -1), (-0.919946, -0.12117846, 0.3728474, -1), (-0.92046815, -0.12121487, 0.37154454, -1), (-0.9287, -0.1262081, 0.3486944, -1), (-0.9906623, 0.104180336, 0.087947614, -1), (-0.9872465, 0.10416815, 0.12038761, -1), (-0.9923735, 0.10256435, 0.06837577, -1), (-0.98449254, 0.10561402, 0.14007218, -1), (-0.97113246, 0.003398631, 0.23851688, -1), (-0.9439735, -0.004266249, 0.329994, -1), (-0.97188675, 0, 0.23544882, -1), (-0.9889648, 0.009870591, 0.14782187, -1), (-0.9983897, 0.006854577, 0.05631231, -1), (-0.9970607, 0.00848567, 0.07614357, -1), (-0.99643445, 0.009120588, 0.08387626, -1), (-0.9981694, -0.008865395, 0.059826232, -1), (-0.9995165, -0.010275341, 0.029347116, -1), (-0.99834585, 0.05019618, 0.028033135, -1), (-0.9969631, 0.03636403, 0.06886419, -1), (-0.99912876, 0.039695956, 0.012885012, -1), (-0.9984847, 0.052017692, -0.017959869, -1), (-0.95633054, -0.08115373, 0.28079516, -1), (-0.91553116, -0.0852764, 0.39310387, -1), (-0.948062, -0.078711696, 0.30819324, -1), (-0.9662148, -0.0806199, 0.24480504, -1), (-0.96692777, -0.07756554, 0.24296983, -1), (-0.9243701, -0.041252453, 0.37926, -1), (-0.93748516, -0.04502359, 0.34510055, -1), (-0.9368006, -0.044910956, 0.3469691, -1), (-0.95046806, -0.046371326, 0.30734348, -1), (-0.98758996, 0.13609605, -0.078383535, -1), (-0.98985636, 0.13343138, -0.048788384, -1), (-0.99036354, 0.13401796, -0.034918852, -1), (-0.9915309, 0.12982894, -0.0032971532, -1), (-0.9867812, 0.1346479, -0.090181954, -1), (-0.9819765, 0.13447885, -0.13280594, -1), (-0.9798433, 0.16399056, -0.114080004, -1), (-0.9811615, 0.16377668, -0.10246648, -1), (-0.98152196, 0.16250695, -0.10102495, -1), (-0.9975782, 0.06934271, -0.0054121925, -1), (-0.99478406, 0.07139503, -0.07285213, -1), (-0.9731128, 0.066001505, -0.22067009, -1), (-0.9843711, 0.06356717, 0.16423377, -1), (-0.9766025, 0.061134074, 0.20618004, -1), (-0.9709504, -0.054299634, 0.23303786, -1), (-0.9939224, -0.058164246, 0.09346197, -1), (-0.9975163, -0.058424097, -0.039344564, -1), (-0.95283103, -0.053168345, 0.29880804, -1), (-0.95313597, -0.070042506, 0.29432252, -1), (-0.95197946, -0.08958101, 0.29276338, -1), (-0.9496576, -0.08929199, 0.3002953, -1), (-0.9487136, -0.08916451, 0.30330223, -1), (-0.9424589, -0.11015245, 0.31565434, -1), (-0.98964816, 0.0061060437, 0.14338529, -1), (-0.9721386, -0.007110956, 0.23429914, -1), (-0.9930107, 0.013969045, 0.117194586, -1), (-0.99818987, 0.024723753, 0.05482485, -1), (-0.9983376, 0.02489844, 0.051982075, -1), (-0.90497065, -0.017182872, 0.4251271, -1), (-0.9343329, -0.025598556, 0.35548094, -1), (-0.9147938, -0.02404902, 0.4032045, -1), (-0.9175087, -0.017499488, 0.39733037, -1), (-0.9438667, -0.01741591, 0.3298671, -1), (-0.99105173, 0.066162184, 0.11592641, -1), (-0.99130744, 0.06712596, 0.1131533, -1), (-0.98805493, 0.06535729, 0.13955647, -1), (-0.9935428, 0.06679941, 0.091709, -1), (-0.99396765, -0.023670621, 0.10708833, -1), (-0.9846266, -0.02161363, 0.17333011, -1), (-0.98593974, -0.022290256, 0.16560768, -1), (-0.96878785, -0.012269406, 0.24758756, -1), (-0.94407195, -0.08422763, 0.3188006, -1), (-0.9526288, -0.08929833, 0.2907302, -1), (-0.94561654, -0.085108876, 0.31395194, -1), (-0.93712807, -0.080422856, 0.3395926, -1), (-0.98910147, 0.114343315, 0.09275783, -1), (-0.98359585, 0.13558088, -0.11898305, -1), (-0.9911513, 0.13157786, 0.017503312, -1), (-0.96734536, 0.15049253, -0.20394841, -1), (-0.7730921, -0.11892397, 0.62304556, -1), (-0.87034553, -0.15268944, 0.46817145, -1), (-0.8459251, -0.14753668, 0.51248765, -1), (-0.9150972, -0.17451604, 0.3635124, -1), (-0.8693788, -0.11976459, 0.47941315, -1), (-0.8517936, -0.123970345, 0.508998, -1), (-0.77287304, -0.11929606, 0.6232461, -1), (-0.9072809, -0.115764275, 0.404277, -1), (-0.92655873, -0.11657759, 0.35762903, -1), (-0.7633232, -0.20560835, 0.61242384, -1), (-0.77850384, -0.21191084, 0.59078383, -1), (-0.806793, -0.21104571, 0.55185586, -1), (-0.8242162, -0.21804444, 0.5226129, -1), (-0.9784152, 0.020833608, 0.20559606, -1), (-0.9840575, -0.023251629, -0.17632428, -1), (-0.9586081, 0.033544205, 0.28274602, -1), (-0.9329321, 0.04874664, 0.35673714, -1), (-0.95027, 0.045384474, 0.30810264, -1), (-0.9614149, 0.04314492, 0.27169833, -1), (-0.96410865, 0.04003054, 0.2624731, -1), (-0.8714197, -0.1348928, 0.47162646, -1), (-0.8487207, -0.13008675, 0.512592, -1), (-0.7971302, -0.14347437, 0.5865138, -1), (-0.9014859, -0.12259444, 0.41508275, -1), (-0.98554647, 0.14693937, -0.0843025, -1), (-0.9849386, 0.14701429, -0.09100877, -1), (-0.9883209, 0.14422725, -0.04919737, -1), (-0.97646797, 0.1465576, -0.15821217, -1), (-0.9959694, 0.040810224, 0.079871625, -1), (-0.9975563, 0.053480987, 0.044957645, -1), (-0.99851197, 0.046513602, 0.028464317, -1), (-0.99830914, 0.05811564, -0.0012582162, -1), (-0.99785477, 0.028216267, 0.059073474, -1), (-0.9974802, 0.037602853, -0.06016002, -1), (-0.97169536, 0.0604605, -0.22836974, -1), (-0.9052475, 0.07607123, -0.41801938, -1), (-0.9895515, 0.04658164, 0.13644806, -1), (-0.9792087, 0.05669504, 0.19477113, -1), (-0.98806506, 0.048893765, 0.14607114, -1), (-0.9933473, 0.042385228, 0.10707355, -1), (-0.99432206, 0.05380257, 0.091809355, -1), (-0.99304515, 0.0424809, 0.109803215, -1), (-0.99249023, 0.024069509, 0.11993198, -1), (-0.9951031, 0.037682556, 0.09137668, -1), (-0.9859219, 0.043971695, 0.16132148, -1), (-0.9724171, 0.056264833, 0.22636096, -1), (-0.9769496, 0.051165245, 0.20724782, -1), (-0.9824258, 0.04775344, 0.18044154, -1), (-0.9834325, 0.047275178, 0.17500201, -1), (-0.82657534, -0.057068307, 0.55992544, -1), (-0.82466096, -0.057070926, 0.56274074, -1), (-0.82501215, -0.057081684, 0.5622248, -1), (-0.82293963, -0.05521498, 0.5654394, -1), (-0.82391757, -0.06925123, 0.56246257, -1), (-0.92962015, -0.16215184, 0.3309277, -1), (-0.9273932, -0.16190189, 0.33723822, -1), (-0.93277794, -0.16251552, 0.32173625, -1), (-0.9361796, -0.16116303, 0.31240094, -1), (-0.9856, -0.015407612, 0.16839029, -1), (-0.9819515, -0.015105805, 0.18852882, -1), (-0.98303336, -0.015199439, 0.18279575, -1), (-0.9795813, -0.04957827, 0.19483949, -1), (-0.9800657, -0.048060935, 0.19277287, -1), (-0.9950358, -0.033189368, -0.093819685, -1), (-0.99504966, -0.03318317, -0.09367496, -1), (-0.99505687, -0.03318039, -0.09359987, -1), (-0.99506444, -0.033148445, -0.093530335, -1), (-0.8037628, -0.11204983, 0.58430326, -1), (-0.8056174, -0.11204351, 0.58174473, -1), (-0.8002969, -0.11205559, 0.5890403, -1), (-0.80845094, -0.11743387, 0.576729, -1), (-0.96254826, -0.0027083645, 0.27109677, -1), (-0.9643123, 0, 0.26476738, -1), (-0.9642823, 0, 0.2648769, -1), (-0.96537906, 0, 0.26085126, -1), (-0.9662045, 0.01879604, 0.25709054, -1), (-0.9695509, -0.043853074, 0.24093118, -1), (-0.97008026, -0.043825097, 0.23879606, -1), (-0.96927905, -0.04386615, 0.24202025, -1), (-0.96867174, -0.047189932, 0.24382003, -1), (-0.936811, -0.0642585, 0.34388396, -1), (-0.93722236, -0.06427321, 0.34275833, -1), (-0.93574315, -0.06420866, 0.3467882, -1), (-0.9384067, -0.05478236, 0.34116238, -1), (-0.9849578, 0.016636929, 0.17199194, -1), (-0.9858102, 0.016462538, 0.16705477, -1), (-0.98415333, 0.016818965, 0.1765203, -1), (-0.98229563, 0.028664669, 0.18513152, -1), (-0.9778553, 0.025355792, 0.20774075, -1), (-0.9374843, -0.043312162, 0.34532169, -1), (-0.9362859, -0.043708995, 0.34850848, -1), (-0.9364468, -0.043697275, 0.34807745, -1), (-0.9347512, -0.039495077, 0.3531008, -1), (-0.9903154, 0.0570513, 0.1265726, -1), (-0.99057555, 0.05706113, 0.12451527, -1), (-0.99049485, 0.05705594, 0.12515815, -1), (-0.99088913, 0.05401591, 0.12337311, -1), (-0.9421115, -0.14557235, 0.30205065, -1), (-0.9400392, -0.14549239, 0.30847737, -1), (-0.94160146, -0.14555371, 0.30364597, -1), (-0.94013315, -0.14214757, 0.3097477, -1), (-0.99339044, 0.07610081, 0.08593083, -1), (-0.9944411, 0.0736749, 0.07522585, -1), (-0.9949215, 0.07246297, 0.06985944, -1), (-0.9948664, 0.08204696, 0.059237417, -1), (-0.98882586, -0.0011170534, 0.14907138, -1), (-0.98869866, 0, 0.14991653, -1), (-0.9886917, 0, 0.1499623, -1), (-0.9884652, -0.0011681194, 0.15144345, -1), (-0.9919225, 0.06489272, 0.108990245, -1), (-0.99124277, 0.06507449, 0.11490412, -1), (-0.99060565, 0.06526265, 0.120171994, -1), (-0.9893757, 0.07306945, 0.12568474, -1), (-0.9949142, 0.10067536, 0.0032123043, -1), (-0.99473035, 0.1018535, 0.011722974, -1), (-0.99480224, 0.10144324, 0.008818604, -1), (-0.9955304, 0.09439761, -0.002879886, -1), (-0.94837666, -0.0072970935, 0.3170623, -1), (-0.95500445, -0.0054833284, 0.29654077, -1), (-0.95240164, -0.006214649, 0.30478284, -1), (-0.959099, 0.004470207, 0.28303543, -1), (-0.9946655, 0.08169371, -0.06298179, -1), (-0.99502856, 0.081433274, -0.057331264, -1), (-0.9951486, 0.081336945, -0.055349447, -1), (-0.99524826, 0.0833829, -0.050282866, -1), (-0.9920441, 0.11730547, -0.04569304, -1), (-0.9920439, 0.11730564, -0.045699086, -1), (-0.99204236, 0.11730575, -0.045731455, -1), (-0.9457002, -0.096309304, 0.31044412, -1), (-0.9456994, -0.09629288, 0.31045195, -1), (-0.9467474, -0.09677845, 0.30708852, -1), (-0.9430227, -0.10839478, 0.31457695, -1), (-0.9226253, -0.13740593, 0.36039189, -1), (-0.9237154, -0.1373953, 0.35759237, -1), (-0.92609763, -0.13736188, 0.35138983, -1), (-0.9180946, -0.15457909, 0.3649763, -1), (-0.85121655, -0.19605006, 0.48682112, -1), (-0.84477776, -0.19543286, 0.498153, -1), (-0.8462879, -0.19558476, 0.4955233, -1), (-0.83384985, -0.22908658, 0.50220877, -1), (-0.8397434, -0.21358395, 0.49921232, -1), (-0.9318467, -0.09506946, 0.35017624, -1), (-0.9363518, -0.09567413, 0.33777478, -1), (-0.93957025, -0.09635915, 0.32851592, -1), (-0.9456529, -0.096984655, 0.3103781, -1), (-0.996567, 0.07757506, 0.028918881, -1), (-0.9967842, 0.07696511, 0.022306222, -1), (-0.9968064, 0.07689083, 0.021561958, -1), (-0.9954424, 0.094136976, 0.015252931, -1), (-0.94851846, -0.05803173, 0.3113599, -1), (-0.95761085, -0.065968536, 0.28040966, -1), (-0.95051944, -0.059718348, 0.304871, -1), (-0.9495193, -0.032198507, 0.31205174, -1), (-0.7113087, -0.2190364, 0.6678795, -1), (-0.7119141, -0.21908355, 0.66721857, -1), (-0.70253545, -0.21831983, 0.6773332, -1), (-0.7185631, -0.23144674, 0.6558197, -1), (-0.98275244, 0.18150203, 0.0354195, -1), (-0.98272854, 0.18150742, 0.036053304, -1), (-0.98281777, 0.18156363, 0.033224437, -1), (-0.97738034, 0.20782465, 0.03919842, -1), (-0.95622283, -0.07551737, 0.28272787, -1), (-0.95768785, -0.07602696, 0.27758577, -1), (-0.9580139, -0.076158516, 0.27642217, -1), (-0.9595375, -0.07543919, 0.27128708, -1), (-0.87572306, -0.13867539, 0.46246985, -1), (-0.8689268, -0.13585044, 0.47593153, -1), (-0.87325954, -0.13766043, 0.46740484, -1), (-0.87516713, -0.15795161, 0.45731148, -1), (-0.99197704, 0.12616009, 0.008080784, -1), (-0.9919689, 0.12612131, 0.009538498, -1), (-0.9919923, 0.12626198, 0.003045036, -1), (-0.9930056, 0.11698077, 0.01598332, -1), (-0.9886749, 0.13870567, -0.05729408, -1), (-0.988677, 0.1387076, -0.057253223, -1), (-0.9886774, 0.13870892, -0.057244193, -1), (-0.988772, 0.13807023, -0.057153996, -1), (-0.88499236, 0.28394768, -0.36900172, -1), (-0.88720834, 0.28408235, -0.3635362, -1), (-0.87882173, 0.28381854, -0.38356155, -1), (-0.8959543, 0.27670226, -0.3474216, -1), (-0.94958097, 0.09423156, -0.2990258, -1), (-0.9488488, 0.09392521, -0.30143645, -1), (-0.9482516, 0.09368717, -0.30338374, -1), (-0.9485651, 0.106706075, -0.29805726, -1), (-0.9541515, 0.12712026, -0.27098936, -1), (-0.953194, 0.12752616, -0.27414966, -1), (-0.9549888, 0.1267609, -0.26819432, -1), (-0.95582634, 0.12612413, -0.26549712, -1), (-0.97942036, 0.19003685, -0.06798357, -1), (-0.9794216, 0.19004156, -0.067951955, -1), (-0.97938156, 0.18996815, -0.06872881, -1), (-0.9797967, 0.18840721, -0.067089796, -1), (-0.99011505, 0.06483772, -0.12437199, -1), (-0.99091315, 0.06485008, -0.11783711, -1), (-0.9900052, 0.054407764, -0.13011298, -1), (-0.9914588, 0.06485014, -0.11315477, -1), (-0.991008, 0.07180099, -0.112906426, -1), (-0.9889127, 0.056328632, 0.13740022, -1), (-0.98963857, 0.055849407, 0.1322733, -1), (-0.9887404, 0.056429915, 0.13859347, -1), (-0.98834604, 0.04849211, 0.14429337, -1), (-0.97000635, -0.067897394, 0.23340468, -1), (-0.96979237, -0.067910574, 0.2342878, -1), (-0.97231364, -0.06769026, 0.22366068, -1), (-0.9664324, -0.077796586, 0.2448594, -1), (-0.8907293, 0.30680153, -0.33537158, -1), (-0.89516634, 0.30738425, -0.3227883, -1), (-0.8944803, 0.307308, -0.32475638, -1), (-0.9061578, 0.29246488, -0.30551988, -1), (-0.799802, -0.14871521, 0.5815502, -1), (-0.79066306, -0.14701188, 0.59433943, -1), (-0.79005945, -0.14689197, 0.5951712, -1), (-0.78123945, -0.13716292, 0.6089755, -1), (-0.9686855, -0.050016034, 0.24320135, -1), (-0.962323, -0.052620545, 0.2667686, -1), (-0.9662594, -0.051039234, 0.2524635, -1), (-0.9718773, -0.019346852, 0.2346916, -1), (-0.93073463, -0.09238952, 0.3538324, -1), (-0.93000716, -0.092005044, 0.35583952, -1), (-0.9302779, -0.092147976, 0.3550942, -1), (-0.93196857, -0.07530504, 0.35463187, -1), (-0.9315313, -0.1165047, 0.344494, -1), (-0.933388, -0.116955966, 0.33927578, -1), (-0.9314467, -0.1165004, 0.34472418, -1), (-0.9317061, -0.09528155, 0.3504928, -1), (-0.85015047, -0.12560518, 0.5113389, -1), (-0.8484995, -0.1254592, 0.5141096, -1), (-0.84490013, -0.12516584, 0.5200743, -1), (-0.84324634, -0.121123046, 0.5237029, -1), (-0.9912373, 0.004295356, 0.13202335, -1), (-0.9913953, 0.0042320867, 0.13083315, -1), (-0.9908284, 0.0044490634, 0.13505302, -1), (-0.9916257, 0.012531416, 0.12853551, -1), (-0.82211995, -0.123315595, 0.5557985, -1), (-0.8222417, -0.123311676, 0.5556192, -1), (-0.8220618, -0.123300895, 0.5558878, -1), (-0.8222405, -0.12404255, 0.5554585, -1), (-0.9971794, 0.055492274, 0.05053738, -1), (-0.99686545, 0.05606802, 0.05581666, -1), (-0.9974917, 0.054841544, 0.044752438, -1), (-0.99617445, 0.065162584, 0.058225606, -1), (-0.9841522, 0.036642157, 0.17349914, -1), (-0.9838882, 0.03687759, 0.17494012, -1), (-0.9840157, 0.0367642, 0.17424536, -1), (-0.98427874, 0.036630236, 0.17278211, -1), (-0.9816441, 0.01965964, 0.18970615, -1), (-0.9802541, 0.018274918, 0.19689569, -1), (-0.9810814, 0.019071417, 0.1926538, -1), (-0.98054826, -0.009810923, 0.19603296, -1), (-0.8889118, -0.10129473, 0.44673842, -1), (-0.88824254, -0.1012036, 0.4480881, -1), (-0.88843834, -0.10123634, 0.44769254, -1), (-0.8854654, -0.11763387, 0.44957, -1), (-0.93567866, 0.020503068, 0.35225716, -1), (-0.93037355, 0.023039656, 0.36588848, -1), (-0.93190074, 0.022312539, 0.36202654, -1), (-0.9274388, 0.02306032, 0.37326327, -1), (-0.99112153, 0.10910756, -0.07598519, -1), (-0.9907107, 0.10830004, -0.08223991, -1), (-0.99044514, 0.10781149, -0.08599491, -1), (-0.9924986, 0.09993433, -0.070425674, -1), (-0.99308217, 0.08664021, -0.07925424, -1), (-0.9939622, 0.086092256, -0.06802351, -1), (-0.9937191, 0.08624767, -0.07130004, -1), (-0.9952107, 0.078247495, -0.05859215, -1), (-0.986148, -0.016422287, 0.16505268, -1), (-0.98521996, -0.016371991, 0.17050996, -1), (-0.9858425, -0.016406998, 0.166869, -1), (-0.9855855, -0.049449332, 0.16178997, -1), (-0.98506004, 0.15160811, -0.08168013, -1), (-0.9850671, 0.1516253, -0.081562504, -1), (-0.98502445, 0.15157959, -0.08216073, -1), (-0.9868177, 0.14045985, -0.08038515, -1), (-0.9930841, 0.07703261, 0.08859945, -1), (-0.9928583, 0.077207156, 0.09094827, -1), (-0.99372214, 0.076510765, 0.081622384, -1), (-0.9916762, 0.08372101, 0.09782131, -1), (-0.9654757, 0.12969323, -0.22591205, -1), (-0.9637975, 0.12952489, -0.23306139, -1), (-0.9630267, 0.12946, -0.23626149, -1), (-0.95490223, 0.17204899, -0.24199353, -1), (-0.9725198, 0.08742685, 0.21578139, -1), (-0.97020817, 0.08832542, 0.22559841, -1), (-0.97218645, 0.08752606, 0.21723866, -1), (-0.9750039, 0.08704678, 0.20442677, -1), (-0.96577424, 0.17824452, -0.18843819, -1), (-0.96749485, 0.17828856, -0.17935112, -1), (-0.9671794, 0.17828955, -0.18104362, -1), (-0.9668314, 0.19049716, -0.1701409, -1), (-0.9035076, -0.1552724, 0.39945528, -1), (-0.90370953, -0.15529117, 0.39899075, -1), (-0.9044379, -0.15535812, 0.39731106, -1), (-0.90369815, -0.14956675, 0.40119737, -1), (-0.92720634, -0.13532588, 0.34924954, -1), (-0.92891186, -0.13548721, 0.34462452, -1), (-0.9207875, -0.13469754, 0.36606959, -1), (-0.93382543, -0.13088065, 0.33292696, -1), (-0.9984848, -0.033097222, 0.043963924, -1), (-0.99773955, -0.033393797, 0.058315456, -1), (-0.99895227, -0.032868527, 0.031843774, -1), (-0.99976724, -0.013364316, 0.016934259, -1), (-0.89834815, -0.0373079, 0.43769693, -1), (-0.9042386, -0.037713453, 0.42535895, -1), (-0.89331204, -0.03695541, 0.44791502, -1), (-0.8875338, -0.014510975, 0.46051413, -1), (-0.9841717, -0.039765812, 0.17269877, -1), (-0.9858409, -0.040614553, 0.16269036, -1), (-0.98501956, -0.04033831, 0.16765825, -1), (-0.98325634, -0.039766822, 0.17783597, -1), (-0.98304087, 0.037314855, 0.17955, -1), (-0.98144734, 0.037180513, 0.18809213, -1), (-0.98100626, 0.037144672, 0.19038665, -1), (-0.9804514, -0.006564312, 0.1966517, -1), (-0.9728661, -0.03355266, 0.22892287, -1), (-0.9739683, -0.033595696, 0.22418064, -1), (-0.9743226, -0.033615064, 0.2226329, -1), (-0.97381115, -0.049864084, 0.2218227, -1), (-0.9731907, -0.054450095, 0.22346151, -1), (-0.9458348, -0.09102445, 0.31162655, -1), (-0.94366497, -0.090517454, 0.3182811, -1), (-0.94610524, -0.091085315, 0.31078658, -1), (-0.9481775, -0.089250684, 0.3049488, -1), (-0.8908499, -0.055624556, 0.45087945, -1), (-0.8910132, -0.05565286, 0.4505533, -1), (-0.89085793, -0.055626806, 0.45086345, -1), (-0.89056003, -0.057003543, 0.45127982, -1), (-0.9867047, 0.117458075, -0.11232799, -1), (-0.986673, 0.117435135, -0.11262959, -1), (-0.98660594, 0.11738208, -0.113270484, -1), (-0.98684585, 0.117057085, -0.11150296, -1), (-0.99711764, 0.03590715, 0.06683639, -1), (-0.99702877, 0.035821933, 0.0681949, -1), (-0.9979388, 0.036999352, 0.05243211, -1), (-0.9969229, -0.0022927, 0.078354105, -1), (-0.9989747, 0.043275688, -0.013298305, -1), (-0.99912673, 0.041762244, -0.0013506518, -1), (-0.99914014, 0.041460473, 0, -1), (-0.9987294, 0.046082865, 0.020392545, -1), (-0.9799888, 0.10940131, 0.16629295, -1), (-0.98017716, 0.109338194, 0.1652204, -1), (-0.9794631, 0.109572485, 0.16925086, -1), (-0.9815197, 0.10010355, 0.1630903, -1), (-0.9214324, 0.23711206, -0.3077988, -1), (-0.9208215, 0.2370692, -0.3096548, -1), (-0.92097414, 0.23706517, -0.3092036, -1), (-0.9138703, 0.26227772, -0.30992183, -1), (-0.99321586, 0.115218125, -0.015714979, -1), (-0.9932152, 0.11521723, -0.015770096, -1), (-0.9932146, 0.115217574, -0.015799198, -1), (-0.99321365, 0.11522022, -0.015843032, -1), (-0.83676004, 0.20023143, -0.509647, -1), (-0.83890885, 0.2006185, -0.5059488, -1), (-0.8379852, 0.20047805, -0.5075327, -1), (-0.8441759, 0.17785533, -0.50570196, -1), (-0.84926826, 0.17893206, -0.4967159, -1), (-0.91113394, -0.059708558, 0.4077619, -1), (-0.90643525, -0.059641425, 0.41811225, -1), (-0.90883404, -0.059681, 0.41286665, -1), (-0.9125416, -0.058371533, 0.40479705, -1), (-0.9346226, 0.011796673, 0.35544544, -1), (-0.9335196, 0.011950244, 0.35832736, -1), (-0.9350291, 0.011727185, 0.35437694, -1), (-0.93634605, 0.012881457, 0.35084197, -1), (-0.99991775, -0.012467586, -0.0029977474, -1), (-0.9999106, -0.012774588, -0.0039526946, -1), (-0.9999162, -0.012485567, -0.003414869, -1), (-0.9999182, -0.0124560725, -0.002893733, -1), (-0.99998784, -0.0023789934, -0.0043393234, -1), (-0.9891551, 0.01829544, 0.1457309, -1), (-0.9893505, 0.018292254, 0.14439818, -1), (-0.98990697, 0.018106384, 0.14055805, -1), (-0.99007845, 0.021906765, 0.13879761, -1), (-0.9624585, -0.008005598, 0.27131072, -1), (-0.9624726, -0.008004364, 0.2712606, -1), (-0.9624277, -0.008008277, 0.27141997, -1), (-0.9625274, -0.008079327, 0.2710643, -1), (-0.9531373, 0.020555515, 0.30183902, -1), (-0.95091015, 0.02068994, 0.30877492, -1), (-0.9463045, 0.021246342, 0.32257763, -1), (-0.94240713, 0.020028884, 0.33386785, -1), (-0.99812824, 0.006671137, 0.060791425, -1), (-0.98464483, 0.003808639, 0.17452824, -1), (-0.99803656, 0.0066494374, 0.062279724, -1), (-0.99991035, 0.007931718, 0.010791772, -1), (-0.8044566, -0.23142734, 0.5470749, -1), (-0.8049724, -0.23155476, 0.54626155, -1), (-0.80514574, -0.23159179, 0.5459905, -1), (-0.812701, -0.20384441, 0.5458613, -1), (-0.95404094, -0.052538145, 0.29503506, -1), (-0.95771366, -0.052994754, 0.28280056, -1), (-0.9567862, -0.052857403, 0.28594798, -1), (-0.961631, -0.028465569, 0.2728656, -1), (-0.9908868, -0.036194544, 0.12974346, -1), (-0.9921158, -0.034820117, 0.12038981, -1), (-0.9921606, -0.034765497, 0.12003548, -1), (-0.98882246, -0.041087277, 0.14332487, -1), (-0.98700315, -0.0390411, 0.15588662, -1), (-0.9993357, 0.036090955, -0.005040046, -1), (-0.99933076, 0.03658004, 0, -1), (-0.99933225, 0.0365178, -0.0012050034, -1), (-0.99886984, 0.047528375, 0, -1), (-0.9436528, -0.080078214, 0.3211026, -1), (-0.9438625, -0.080109045, 0.32047805, -1), (-0.9438575, -0.08012765, 0.32048813, -1), (-0.94176215, -0.102543436, 0.32026362, -1), (-0.8940389, -0.046619225, 0.44555712, -1), (-0.8940224, -0.046629336, 0.44558904, -1), (-0.894363, -0.046648625, 0.4449031, -1), (-0.89429873, -0.028941985, 0.4465335, -1), (-0.99400616, 0.09669734, -0.051003676, -1), (-0.9940065, 0.09668748, -0.05101402, -1), (-0.99397177, 0.09667021, -0.0517188, -1), (-0.9938221, 0.098732024, -0.050691076, -1), (-0.9935574, 0.09472159, 0.062221892, -1), (-0.99356174, 0.09470617, 0.062175307, -1), (-0.9935743, 0.09469914, 0.061984114, -1), (-0.99537814, 0.07152166, 0.06408548, -1), (-0.9306981, 0.025068104, 0.3649283, -1), (-0.9297373, 0.025246153, 0.36735708, -1), (-0.93032825, 0.02513616, 0.36586535, -1), (-0.93116206, 0.01860931, 0.36413032, -1), (-0.9875137, -0.04651294, 0.15050992, -1), (-0.9861735, -0.045544017, 0.15933444, -1), (-0.98851985, -0.047283676, 0.14350174, -1), (-0.9855899, -0.03381084, 0.1657391, -1), (-0.97661644, 0.004068762, 0.2149509, -1), (-0.9787121, 0.0020805933, 0.2052274, -1), (-0.9771863, 0.0035367885, 0.21235442, -1), (-0.9750748, 0.005477552, 0.2218085, -1), (-0.9948243, 0.07290098, 0.07078301, -1), (-0.99441975, 0.07212612, 0.0769879, -1), (-0.99553156, 0.07479285, 0.0576432, -1), (-0.9936811, 0.069917, 0.08780438, -1), (-0.99463177, 0.097918235, -0.03346, -1), (-0.9946425, 0.09796677, -0.03299645, -1), (-0.99474525, 0.09859894, -0.027574036, -1), (-0.9935294, 0.10675118, -0.038776636, -1), (-0.9979722, 0.033013754, 0.054421127, -1), (-0.99613106, 0.03775379, 0.07935681, -1), (-0.99639577, 0.037163254, 0.0762514, -1), (-0.99424875, 0.03553016, 0.10103009, -1), (-0.9884399, 0.07075912, 0.13408826, -1), (-0.98798823, 0.062406175, 0.1413675, -1), (-0.9891967, 0.0622209, 0.13273408, -1), (-0.9865682, 0.071355276, 0.14694051, -1), (-0.9871695, 0.07117774, 0.14293444, -1), (-0.9838554, 0.082049094, 0.15904842, -1), (-0.9938121, 0.09936113, -0.049647514, -1), (-0.9938321, 0.09946924, -0.049026355, -1), (-0.9938313, 0.09946432, -0.049053036, -1), (-0.9936888, 0.10129049, -0.04819443, -1), (-0.96300817, 0.027368108, 0.26807892, -1), (-0.9681073, 0.026319327, 0.24914968, -1), (-0.96678567, 0.026614496, 0.254199, -1), (-0.9697025, 0.046730444, 0.23977777, -1), (-0.9935836, 0.11287587, -0.0071182814, -1), (-0.9935823, 0.112844534, -0.007764677, -1), (-0.99328196, 0.11181662, -0.029799648, -1), (-0.99311584, 0.116899304, 0.007459427, -1), (-0.9664177, 0.10375902, -0.23509762, -1), (-0.9691176, 0.10518772, -0.22303982, -1), (-0.96344966, 0.102256164, -0.24760553, -1), (-0.9721773, 0.10261615, -0.21057338, -1), (-0.9883422, 0.13003239, 0.07919098, -1), (-0.98969996, 0.13061137, 0.058605973, -1), (-0.989652, 0.13060974, 0.059413802, -1), (-0.9935865, 0.10602151, 0.039312344, -1), (-0.94461954, 0.17178033, -0.2796164, -1), (-0.94606066, 0.17215285, -0.274468, -1), (-0.94327176, 0.17137763, -0.28437322, -1), (-0.9468899, 0.17331856, -0.2708509, -1), (-0.9708973, -0.003313313, 0.23947357, -1), (-0.97126454, -0.003416261, 0.23797798, -1), (-0.97027934, -0.003146445, 0.24196701, -1), (-0.969876, 0, 0.24359885, -1), (-0.9975673, 0.014515684, 0.06818162, -1), (-0.9976611, 0.014286112, 0.06684474, -1), (-0.9976158, 0.014399494, 0.06749252, -1), (-0.9977202, 0.0071636597, 0.06710485, -1), (-0.96804976, -0.06839333, 0.24125108, -1), (-0.9737014, -0.067609854, 0.21756493, -1), (-0.9699168, -0.0681445, 0.23370396, -1), (-0.96349883, -0.08579835, 0.2535916, -1), (-0.9966536, 0.050575104, 0.064216495, -1), (-0.9966248, 0.050605074, 0.064638846, -1), (-0.9966505, 0.050578035, 0.064261615, -1), (-0.9966658, 0.05084743, 0.06381109, -1), (-0.9843561, 0.15533341, -0.08315318, -1), (-0.984475, 0.15556116, -0.08130033, -1), (-0.98433936, 0.15530294, -0.083408915, -1), (-0.9840073, 0.15681441, -0.084492415, -1), (-0.9967734, 0.08024521, 0.001852624, -1), (-0.99365294, 0.0614924, 0.094194375, -1), (-0.996781, 0.07483708, 0.028757768, -1), (-0.99172556, 0.097028956, -0.084057406, -1), (-0.9821368, -0.003488796, 0.18813592, -1), (-0.97153014, 0.004767937, 0.23686802, -1), (-0.9841642, -0.005349492, 0.1771783, -1), (-0.9921725, -0.014280179, 0.12405576, -1), (-0.98307633, 0.14498666, 0.111981586, -1), (-0.9863348, 0.16419917, -0.01350265, -1), (-0.98371834, 0.14634596, 0.10431166, -1), (-0.96540046, 0.12477541, 0.2289826, -1), (-0.78090775, -0.2508549, 0.572062, -1), (-0.79506046, -0.25140008, 0.5519754, -1), (-0.78675777, -0.25153938, 0.5636845, -1), (-0.7709336, -0.2507243, 0.5854902, -1), (-0.9820486, 0.18259217, 0.047334626, -1), (-0.9822389, 0.18308313, 0.04107689, -1), (-0.982116, 0.1826368, 0.0457394, -1), (-0.9819396, 0.18217048, 0.05107404, -1), (-0.99585307, 0.0013737383, 0.09096547, -1), (-0.99503964, 0.0020813777, 0.09945805, -1), (-0.99667585, 0, 0.08146922, -1), (-0.9970504, 0, 0.07674998, -1), (-0.9963314, 0.07594834, 0.039442595, -1), (-0.94372135, 0.07630135, 0.32181984, -1), (-0.9811383, 0.07692403, 0.1773421, -1), (-0.9967152, 0.07492994, -0.030730145, -1), (-0.8686815, -0.16223232, 0.46805254, -1), (-0.8224911, -0.16700646, 0.543707, -1), (-0.86842406, -0.16220093, 0.4685409, -1), (-0.89403844, -0.15851581, 0.41900826, -1), (-0.95501995, -0.10939125, 0.2756273, -1), (-0.9850365, -0.09852679, 0.14140543, -1), (-0.89583826, -0.11958683, 0.42798683, -1), (-0.7985479, -0.12725979, 0.58832496, -1), (-0.97498643, -0.11455433, 0.19046946, -1), (-0.9870619, -0.116984434, 0.10965175, -1), (-0.9766341, -0.11491744, 0.18160331, -1), (-0.96385175, -0.11274512, 0.24140944, -1), (-0.9352746, -0.11926347, 0.3332231, -1), (-0.9204887, -0.11420792, 0.37370715, -1), (-0.93232167, -0.118536726, 0.34165102, -1), (-0.9537614, -0.1262996, 0.27274108, -1), (-0.9955533, 0.067023285, 0.06619315, -1), (-0.9859002, 0.06508008, 0.15416023, -1), (-0.99725085, 0.06766235, 0.030206868, -1), (-0.9940697, 0.0690778, -0.083985955, -1), (-0.99214387, 0.11703242, 0.044204615, -1), (-0.98857087, 0.10760656, 0.10558695, -1), (-0.99240065, 0.11924991, 0.030336322, -1), (-0.99203765, 0.12533647, -0.012328213, -1), (-0.99785334, 0.04242983, -0.049882274, -1), (-0.99686545, 0.040927213, -0.067706674, -1), (-0.99793845, 0.04262572, -0.0479768, -1), (-0.9986559, 0.04445065, -0.026655925, -1), (-0.97066563, 0.16013028, -0.17935045, -1), (-0.96535605, 0.15768874, -0.20789889, -1), (-0.9766467, 0.16332297, -0.13959488, -1), (-0.9808475, 0.16605824, -0.10179756, -1), (-0.99496424, 0.051869392, 0.08576584, -1), (-0.99194735, 0.05597373, 0.113610536, -1), (-0.9958668, 0.050580554, 0.075438306, -1), (-0.99790394, 0.045879483, 0.04563842, -1), (-0.9633886, -0.08541363, 0.2541396, -1), (-0.95973885, -0.08473221, 0.2678093, -1), (-0.9636878, -0.08543931, 0.25299418, -1), (-0.9671204, -0.08610617, 0.23929869, -1), (-0.9746079, -0.050662894, 0.2181117, -1), (-0.9742692, -0.050407596, 0.21967818, -1), (-0.97466, -0.050793685, 0.21784827, -1), (-0.9749526, -0.050952632, 0.21649791, -1), (-0.9949196, 0.081891485, 0.0585555, -1), (-0.99449617, 0.079916015, 0.06775528, -1), (-0.9949818, 0.08195551, 0.057397462, -1), (-0.9952466, 0.083757035, 0.04968995, -1), (1, 0, 0, -1), (1, 0, 0, -1), (1, 0, 0, -1), (1, 0, 0, -1), (1, 0, 0, -1), (1, 0, 0, -1), (1, 0, 0, -1), (1, 0, 0, -1), (1, 0, 0, -1), (1, 0, 0, -1), (1, 0, 0, -1), (1, 0, 0, -1), (1, 0, 0, -1), (1, 0, 0, -1), (1, 0, 0, -1), (1, 0, 0, -1), (1, 0, 0, -1), (1, 0, 0, -1), (1, 0, 0, -1), (1, 0, 0, -1), (1, 0, 0, -1), (1, 0, 0, -1), (1, 0, 0, -1), (1, 0, 0, -1), (1, 0, 0, -1), (1, 0, 0, -1), (1, 0, 0, -1), (1, 0, 0, -1), (1, 0, 0, -1), (1, 0, 0, -1), (1, 0, 0, -1), (1, 0, 0, -1), (1, 0, 0, -1), (1, 0, 0, -1), (1, 0, 0, -1), (1, 0, 0, -1), (1, 0, 0, -1), (1, 0, 0, -1), (1, 0, 0, -1), (1, 0, 0, -1), (1, 0, 0, -1), (1, 0, 0, -1), (1, 0, 0, -1), (1, 0, 0, -1), (1, 0, 0, -1), (1, 0, 0, -1), (1, 0, 0, -1), (1, 0, 0, -1), (1, 0, 0, -1), (1, 0, 0, -1), (1, 0, 0, -1), (1, 0, 0, -1), (1, 0, 0, -1), (1, 0, 0, -1), (1, 0, 0, -1), (1, 0, 0, -1), (1, 0, 0, -1), (1, 0, 0, -1), (1, 0, 0, -1), (1, 0, 0, -1), (1, 0, 0, -1), (1, 0, 0, -1), (1, 0, 0, -1), (1, 0, 0, -1), (1, 0, 0, -1), (1, 0, 0, -1), (1, 0, 0, -1), (1, 0, 0, -1), (1, 0, 0, -1), (1, 0, 0, -1), (1, 0, 0, -1), (1, 0, 0, -1), (1, 0, 0, -1), (1, 0, 0, -1), (1, 0, 0, -1), (1, 0, 0, -1), (1, 0, 0, -1), (1, 0, 0, -1), (1, 0, 0, -1), (1, 0, 0, -1), (1, 0, 0, -1), (1, 0, 0, -1), (-0.8253928, -0.0959705, 0.55634195, -1), (-0.8301543, -0.059543908, 0.5543451, -1), (-0.8287054, -0.09521178, 0.55152714, -1), (-0.81996536, -0.06131238, 0.56911993, -1), (-0.81695133, -0.09785604, 0.56834394, -1)] (
        elementSize = 1
        interpolation = "varying"
    )
    uniform token purpose
    token visibility
    matrix4d xformOp:transform = ( (-0.01134260930120945, -3.842643536700052e-9, 0.32480230927467346, 0), (-4.866129277303344e-9, 0.32499998807907104, 3.6750507081961814e-9, 0), (-0.32480230927467346, -4.734908465309218e-9, -0.01134260930120945, 0), (-21.223817825317383, 0.10006004571914673, -33.67905044555664, 1) )
    uniform token[] xformOpOrder = ["xformOp:transform"]

    def Scope "Materials"
    {
        def Material "PP_Standard_Material_52838"
        {
            token outputs:displacement
            token outputs:surface.connect = </PP_Meadow_08_828/Materials/PP_Standard_Material_52838/PreviewSurface.outputs:surface>
            token[] requiredKeywords

            def Shader "PreviewSurface"
            {
                uniform token info:id = "UsdPreviewSurface"
                float inputs:clearcoat = 0
                float inputs:clearcoatRoughness = 0.01
                float3 inputs:diffuseColor = (0.18, 0.18, 0.18)
                float3 inputs:diffuseColor.connect = </PP_Meadow_08_828/Materials/PP_Standard_Material_52838/PreviewSurface/_MainTex.outputs:rgb>
                float inputs:displacement = 0
                float3 inputs:emissiveColor = (0, 0, 0)
                float inputs:ior = 1.5
                float inputs:metallic = 0
                float3 inputs:normal = (0, 0, 1)
                float inputs:occlusion = 1
                float inputs:opacity = 1
                float inputs:opacityThreshold = 0
                float inputs:roughness = 0.8
                float3 inputs:specularColor = (0.033104748, 0.033104748, 0.033104748)
                int inputs:useSpecularWorkflow = 0
                token outputs:displacement
                token outputs:surface
                color4f unity:colors:_BaseColor = (1, 1, 1, 1) (
                    customData = {
                        string sourceMember = "colorArgs"
                    }
                )
                color4f unity:colors:_Color = (1, 1, 1, 1) (
                    customData = {
                        string sourceMember = "colorArgs"
                    }
                )
                color4f unity:colors:_EmissionColor = (0, 0, 0, 1) (
                    customData = {
                        string sourceMember = "colorArgs"
                    }
                )
                color4f unity:colors:_SpecColor = (0.033104748, 0.033104748, 0.033104748, 1) (
                    customData = {
                        string sourceMember = "colorArgs"
                    }
                )
                float unity:floats:_AddPrecomputedVelocity = 0 (
                    customData = {
                        string sourceMember = "floatArgs"
                    }
                )
                float unity:floats:_AlphaClip = 0 (
                    customData = {
                        string sourceMember = "floatArgs"
                    }
                )
                float unity:floats:_AlphaToMask = 0 (
                    customData = {
                        string sourceMember = "floatArgs"
                    }
                )
                float unity:floats:_Blend = 0 (
                    customData = {
                        string sourceMember = "floatArgs"
                    }
                )
                float unity:floats:_BlendModePreserveSpecular = 1 (
                    customData = {
                        string sourceMember = "floatArgs"
                    }
                )
                float unity:floats:_BumpScale = 1 (
                    customData = {
                        string sourceMember = "floatArgs"
                    }
                )
                float unity:floats:_ClearCoatMask = 0 (
                    customData = {
                        string sourceMember = "floatArgs"
                    }
                )
                float unity:floats:_ClearCoatSmoothness = 0 (
                    customData = {
                        string sourceMember = "floatArgs"
                    }
                )
                float unity:floats:_Cull = 2 (
                    customData = {
                        string sourceMember = "floatArgs"
                    }
                )
                float unity:floats:_Cutoff = 0.5 (
                    customData = {
                        string sourceMember = "floatArgs"
                    }
                )
                float unity:floats:_DetailAlbedoMapScale = 1 (
                    customData = {
                        string sourceMember = "floatArgs"
                    }
                )
                float unity:floats:_DetailNormalMapScale = 1 (
                    customData = {
                        string sourceMember = "floatArgs"
                    }
                )
                float unity:floats:_DstBlend = 0 (
                    customData = {
                        string sourceMember = "floatArgs"
                    }
                )
                float unity:floats:_DstBlendAlpha = 0 (
                    customData = {
                        string sourceMember = "floatArgs"
                    }
                )
                float unity:floats:_EnvironmentReflections = 1 (
                    customData = {
                        string sourceMember = "floatArgs"
                    }
                )
                float unity:floats:_Glossiness = 0.2 (
                    customData = {
                        string sourceMember = "floatArgs"
                    }
                )
                float unity:floats:_GlossMapScale = 1 (
                    customData = {
                        string sourceMember = "floatArgs"
                    }
                )
                float unity:floats:_GlossyReflections = 1 (
                    customData = {
                        string sourceMember = "floatArgs"
                    }
                )
                float unity:floats:_Metallic = 0 (
                    customData = {
                        string sourceMember = "floatArgs"
                    }
                )
                float unity:floats:_OcclusionStrength = 1 (
                    customData = {
                        string sourceMember = "floatArgs"
                    }
                )
                float unity:floats:_Parallax = 0.02 (
                    customData = {
                        string sourceMember = "floatArgs"
                    }
                )
                float unity:floats:_QueueOffset = 0 (
                    customData = {
                        string sourceMember = "floatArgs"
                    }
                )
                float unity:floats:_ReceiveShadows = 1 (
                    customData = {
                        string sourceMember = "floatArgs"
                    }
                )
                float unity:floats:_Smoothness = 0.2 (
                    customData = {
                        string sourceMember = "floatArgs"
                    }
                )
                float unity:floats:_SmoothnessTextureChannel = 0 (
                    customData = {
                        string sourceMember = "floatArgs"
                    }
                )
                float unity:floats:_SpecularHighlights = 1 (
                    customData = {
                        string sourceMember = "floatArgs"
                    }
                )
                float unity:floats:_SrcBlend = 1 (
                    customData = {
                        string sourceMember = "floatArgs"
                    }
                )
                float unity:floats:_SrcBlendAlpha = 1 (
                    customData = {
                        string sourceMember = "floatArgs"
                    }
                )
                float unity:floats:_Surface = 0 (
                    customData = {
                        string sourceMember = "floatArgs"
                    }
                )
                float unity:floats:_WorkflowMode = 1 (
                    customData = {
                        string sourceMember = "floatArgs"
                    }
                )
                float unity:floats:_ZWrite = 1 (
                    customData = {
                        string sourceMember = "floatArgs"
                    }
                )
                token[] unity:shaderKeywords = []
                string unity:shaderName = "Universal Render Pipeline/Lit"

                def Shader "uvReader"
                {
                    uniform token info:id = "UsdPrimvarReader_float2"
                    float2 inputs:fallback = (0, 0)
                    string inputs:varname = "st"
                    float2 outputs:result
                }

                def Shader "_MainTex"
                {
                    uniform token info:id = "UsdUVTexture"
                    float4 inputs:bias = (0, 0, 0, 0)
                    float4 inputs:fallback = (0, 0, 0, 1)
                    asset inputs:file = @PP_Color_Palette.png@
                    token inputs:isSRGB = "auto"
                    float4 inputs:scale = (1, 1, 1, 1)
                    token inputs:sourceColorSpace = "auto"
                    float2 inputs:st = (0, 0)
                    float2 inputs:st.connect = </PP_Meadow_08_828/Materials/PP_Standard_Material_52838/PreviewSurface/uvReader.outputs:result>
                    token inputs:wrapS = "repeat"
                    token inputs:wrapT = "repeat"
                    float outputs:a
                    float outputs:b
                    float outputs:g
                    float outputs:r
                    float3 outputs:rgb
                    float4 outputs:rgba
                }
            }
        }
    }
}

