#usda 1.0
(
    endTimeCode = 0
    metersPerUnit = 1
    startTimeCode = 0
    upAxis = "Y"
)

def Mesh "PP_Meadow_Path_05_862" (
    prepend apiSchemas = ["MaterialBindingAPI"]
)
{
    uniform bool doubleSided
    float3[] extent = [(-11.640911, 0, -10.958918), (11.105808, 3.330724, 11.890993)]
    int[] faceVertexCounts = [3, 3, 3, 3, 3, 3, 3, 3, 3, 3, 3, 3, 3, 3, 3, 3, 3, 3, 3, 3, 3, 3, 3, 3, 3, 3, 3, 3, 3, 3, 3, 3, 3, 3, 3, 3, 3, 3, 3, 3, 3, 3, 3, 3, 3, 3, 3, 3, 3, 3, 3, 3, 3, 3, 3, 3, 3, 3, 3, 3, 3, 3, 3, 3, 3, 3, 3, 3, 3, 3, 3, 3, 3, 3, 3, 3, 3, 3, 3, 3, 3, 3, 3, 3, 3, 3, 3, 3, 3, 3, 3, 3, 3, 3, 3, 3, 3, 3, 3, 3, 3, 3, 3, 3, 3, 3, 3, 3, 3, 3, 3, 3, 3, 3, 3, 3, 3, 3, 3, 3, 3, 3, 3, 3, 3, 3, 3, 3, 3, 3, 3, 3, 3, 3, 3, 3, 3, 3, 3, 3, 3, 3, 3, 3, 3, 3, 3, 3, 3, 3, 3, 3, 3, 3, 3, 3, 3, 3, 3, 3, 3, 3, 3, 3, 3, 3, 3, 3, 3, 3, 3, 3, 3, 3, 3, 3, 3, 3, 3, 3, 3, 3, 3, 3, 3, 3, 3, 3, 3, 3, 3, 3, 3, 3, 3, 3, 3, 3, 3, 3, 3, 3, 3, 3, 3, 3, 3, 3, 3, 3, 3, 3, 3, 3, 3, 3, 3, 3, 3, 3, 3, 3, 3, 3, 3, 3, 3, 3, 3, 3, 3, 3, 3, 3, 3, 3, 3, 3, 3, 3, 3, 3, 3, 3, 3, 3, 3, 3, 3, 3, 3, 3, 3, 3, 3, 3, 3, 3, 3, 3, 3, 3, 3, 3, 3, 3, 3, 3, 3, 3, 3, 3, 3, 3, 3, 3, 3, 3, 3, 3, 3, 3, 3, 3, 3, 3, 3, 3, 3, 3, 3, 3, 3, 3, 3, 3, 3, 3, 3, 3, 3, 3, 3, 3, 3, 3, 3, 3, 3, 3, 3, 3, 3, 3, 3, 3, 3, 3, 3, 3, 3, 3, 3, 3, 3, 3, 3, 3, 3, 3, 3, 3, 3, 3, 3, 3, 3, 3, 3, 3, 3, 3, 3, 3, 3, 3, 3, 3, 3, 3, 3, 3, 3, 3, 3, 3, 3, 3, 3, 3, 3, 3, 3, 3, 3, 3, 3, 3, 3, 3, 3, 3, 3, 3, 3, 3, 3, 3, 3, 3, 3, 3, 3, 3, 3, 3, 3, 3, 3, 3, 3, 3, 3, 3, 3, 3, 3, 3, 3, 3, 3, 3, 3, 3, 3, 3, 3, 3, 3, 3, 3, 3, 3, 3, 3, 3, 3, 3, 3, 3, 3, 3, 3, 3, 3, 3, 3, 3, 3, 3, 3, 3, 3, 3, 3, 3, 3, 3, 3, 3, 3, 3, 3, 3, 3, 3, 3, 3, 3, 3, 3, 3, 3, 3, 3, 3, 3, 3, 3, 3, 3, 3, 3, 3, 3, 3, 3, 3, 3, 3, 3, 3, 3, 3, 3, 3, 3, 3, 3, 3, 3, 3, 3, 3, 3, 3, 3, 3, 3, 3, 3, 3, 3, 3, 3, 3, 3, 3, 3, 3, 3, 3, 3, 3, 3, 3, 3, 3, 3, 3, 3, 3, 3, 3, 3]
    int[] faceVertexIndices = [1, 0, 2, 4, 3, 5, 7, 6, 8, 10, 9, 11, 13, 12, 14, 16, 15, 17, 19, 18, 20, 22, 21, 23, 25, 24, 26, 28, 27, 29, 31, 30, 32, 34, 33, 35, 37, 36, 38, 40, 39, 41, 43, 42, 44, 46, 45, 47, 49, 48, 50, 52, 51, 53, 55, 54, 56, 58, 57, 59, 61, 60, 62, 64, 63, 65, 67, 66, 68, 70, 69, 71, 73, 72, 74, 76, 75, 77, 79, 78, 80, 82, 81, 83, 85, 84, 86, 88, 87, 89, 91, 90, 92, 94, 93, 95, 97, 96, 98, 100, 99, 101, 103, 102, 104, 106, 105, 107, 109, 108, 110, 112, 111, 113, 115, 114, 116, 118, 117, 119, 121, 120, 122, 124, 123, 125, 127, 126, 128, 130, 129, 131, 133, 132, 134, 136, 135, 137, 139, 138, 140, 142, 141, 143, 145, 144, 146, 148, 147, 149, 151, 150, 152, 154, 153, 155, 157, 156, 158, 160, 159, 161, 163, 162, 164, 166, 165, 167, 169, 168, 170, 172, 171, 173, 175, 174, 176, 178, 177, 179, 181, 180, 182, 184, 183, 185, 187, 186, 188, 190, 189, 191, 193, 192, 194, 196, 195, 197, 199, 198, 200, 202, 201, 203, 205, 204, 206, 208, 207, 209, 211, 210, 212, 214, 213, 215, 217, 216, 218, 220, 219, 221, 223, 222, 224, 226, 225, 227, 229, 228, 230, 232, 231, 233, 235, 234, 236, 238, 237, 239, 241, 240, 242, 244, 243, 245, 247, 246, 248, 250, 249, 251, 253, 252, 254, 256, 255, 257, 259, 258, 260, 262, 261, 263, 265, 264, 266, 268, 267, 269, 271, 270, 272, 274, 273, 275, 277, 276, 278, 280, 279, 281, 283, 282, 284, 286, 285, 287, 289, 288, 290, 292, 291, 293, 295, 294, 296, 298, 297, 299, 301, 300, 302, 304, 303, 305, 307, 306, 308, 310, 309, 311, 313, 312, 314, 316, 315, 317, 319, 318, 320, 322, 321, 323, 325, 324, 326, 328, 327, 329, 331, 330, 332, 334, 333, 335, 337, 336, 338, 340, 339, 341, 343, 342, 344, 346, 345, 347, 349, 348, 350, 352, 351, 353, 355, 354, 356, 358, 357, 359, 361, 360, 362, 364, 363, 365, 367, 366, 368, 370, 369, 371, 373, 372, 374, 376, 375, 377, 379, 378, 380, 382, 381, 383, 385, 384, 386, 388, 387, 389, 391, 390, 392, 394, 393, 395, 397, 396, 398, 400, 399, 401, 403, 402, 404, 406, 405, 407, 409, 408, 410, 412, 411, 413, 415, 414, 416, 418, 417, 419, 421, 420, 422, 424, 423, 425, 427, 426, 428, 430, 429, 431, 433, 432, 434, 436, 435, 437, 439, 438, 440, 442, 441, 443, 445, 444, 446, 448, 447, 449, 451, 450, 452, 454, 453, 455, 457, 456, 458, 460, 459, 461, 463, 462, 464, 466, 465, 467, 469, 468, 470, 472, 471, 473, 475, 474, 476, 478, 477, 479, 481, 480, 482, 484, 483, 485, 487, 486, 488, 490, 489, 491, 493, 492, 494, 496, 495, 497, 499, 498, 500, 502, 501, 503, 505, 504, 506, 508, 507, 509, 511, 510, 512, 514, 513, 515, 517, 516, 518, 520, 519, 521, 523, 522, 524, 526, 525, 527, 529, 528, 530, 532, 531, 533, 535, 534, 536, 538, 537, 539, 541, 540, 542, 544, 543, 545, 547, 546, 548, 550, 549, 551, 553, 552, 554, 556, 555, 557, 559, 558, 560, 562, 561, 563, 565, 564, 566, 568, 567, 569, 571, 570, 572, 574, 573, 575, 577, 576, 578, 580, 579, 581, 583, 582, 584, 586, 585, 587, 589, 588, 590, 592, 591, 593, 595, 594, 596, 598, 597, 599, 601, 600, 602, 604, 603, 605, 607, 606, 608, 610, 609, 611, 613, 612, 614, 616, 615, 617, 619, 618, 620, 622, 621, 623, 625, 624, 626, 628, 627, 629, 631, 630, 632, 634, 633, 635, 637, 636, 638, 640, 639, 641, 643, 642, 644, 646, 645, 647, 649, 648, 650, 652, 651, 653, 655, 654, 656, 658, 657, 659, 661, 660, 662, 664, 663, 665, 667, 666, 668, 670, 669, 671, 673, 672, 674, 676, 675, 677, 679, 678, 680, 682, 681, 683, 685, 684, 686, 688, 687, 689, 691, 690, 692, 694, 693, 695, 697, 696, 698, 700, 699, 701, 703, 702, 704, 706, 705, 707, 709, 708, 710, 712, 711, 713, 715, 714, 716, 718, 717, 719, 721, 720, 722, 724, 723, 725, 727, 726, 728, 730, 729, 731, 733, 732, 734, 736, 735, 737, 739, 738, 740, 742, 741, 743, 745, 744, 746, 748, 747, 749, 751, 750, 752, 754, 753, 755, 757, 756, 758, 760, 759, 761, 763, 762, 764, 766, 765, 767, 769, 768, 770, 772, 771, 773, 775, 774, 776, 778, 777, 779, 781, 780, 782, 784, 783, 785, 787, 786, 788, 790, 789, 791, 793, 792, 794, 796, 795, 797, 799, 798, 800, 802, 801, 803, 805, 804, 806, 808, 807, 809, 811, 810, 812, 814, 813, 815, 817, 816, 815, 819, 818, 820, 822, 821, 823, 825, 824, 826, 828, 827, 829, 831, 830, 832, 834, 833, 835, 837, 836, 838, 840, 839, 841, 843, 842, 844, 846, 845, 847, 849, 848, 850, 852, 851, 853, 855, 854, 856, 858, 857, 859, 861, 860, 862, 864, 863, 865, 867, 866, 868, 870, 869, 871, 873, 872, 874, 876, 875, 877, 879, 878, 880, 882, 881, 883, 885, 884, 886, 888, 887, 889, 891, 890, 892, 894, 893, 895, 897, 896, 898, 900, 899, 901, 903, 902, 904, 906, 905, 907, 909, 908, 910, 912, 911, 913, 915, 914, 916, 918, 917, 919, 921, 920, 922, 924, 923, 925, 927, 926, 928, 930, 929, 931, 933, 932, 934, 936, 935, 937, 939, 938, 940, 942, 941, 943, 945, 944, 946, 948, 947, 949, 951, 950, 952, 954, 953, 955, 957, 956, 958, 960, 959, 961, 963, 962, 964, 966, 965, 967, 969, 968, 970, 972, 971, 973, 975, 974, 976, 978, 977, 979, 981, 980, 982, 984, 983, 985, 987, 986, 988, 990, 989, 991, 993, 992, 994, 996, 995, 997, 999, 998, 1000, 1002, 1001, 1003, 1005, 1004, 1006, 1008, 1007, 1009, 1011, 1010, 1012, 1014, 1013, 1015, 1017, 1016, 1018, 1020, 1019, 1021, 1019, 1022, 1023, 1025, 1024, 1026, 1028, 1027, 1029, 1031, 1030, 1032, 1034, 1033, 1035, 1037, 1036, 1038, 1040, 1039, 1041, 1043, 1042, 1044, 1046, 1045, 1047, 1049, 1048, 1050, 1052, 1051, 1053, 1055, 1054, 1056, 1058, 1057, 1059, 1061, 1060, 1062, 1062, 1060, 1063, 1065, 1064, 1066, 1066, 1064, 1067, 1069, 1068, 1070, 1069, 1071, 1068, 1073, 1072, 1074, 1073, 1074, 1075, 1077, 1076, 1078, 1077, 1078, 1079, 1081, 1080, 1082, 1082, 1080, 1083, 1085, 1084, 1086, 1087, 1084, 1085, 1089, 1088, 1090, 1091, 1090, 1088, 1093, 1092, 1094, 1095, 1093, 1094, 1097, 1096, 1098, 1099, 1097, 1098, 1101, 1100, 1102, 1102, 1100, 1103, 1105, 1104, 1106, 1106, 1104, 1107, 1109, 1108, 1110, 1109, 1111, 1108, 1113, 1112, 1114, 1113, 1114, 1115, 1117, 1116, 1118, 1118, 1119, 1117, 1121, 1120, 1122, 1123, 1120, 1121, 1124, 1123, 1121, 1125, 1123, 1124, 1126, 1125, 1127, 1127, 1125, 1128, 1130, 1129, 1131, 1131, 1132, 1130, 1134, 1133, 1135, 1134, 1135, 1136, 1138, 1137, 1139, 1137, 1140, 1139, 1139, 1140, 1141, 1143, 1142, 1144, 1145, 1142, 1143, 1147, 1146, 1148, 1149, 1147, 1148, 1151, 1150, 1152, 1152, 1150, 1153, 1155, 1154, 1156, 1156, 1154, 1157, 1159, 1158, 1160, 1160, 1161, 1159, 1162, 1159, 1161, 1164, 1163, 1165, 1165, 1163, 1166, 1168, 1167, 1169, 1169, 1167, 1170, 1172, 1171, 1173, 1173, 1171, 1174, 1176, 1175, 1177, 1177, 1175, 1178, 1180, 1179, 1181, 1181, 1179, 1182, 1184, 1183, 1185, 1185, 1183, 1186, 1188, 1187, 1189, 1189, 1187, 1190, 1192, 1191, 1193, 1193, 1191, 1194, 1196, 1195, 1197, 1197, 1195, 1198, 1200, 1199, 1201, 1201, 1199, 1202, 1204, 1203, 1205, 1205, 1203, 1206, 1208, 1207, 1209, 1209, 1207, 1210, 1212, 1211, 1213, 1213, 1211, 1214, 1216, 1215, 1217, 1217, 1215, 1218, 1220, 1219, 1221, 1221, 1219, 1222, 1224, 1223, 1225, 1226, 1223, 1224, 1226, 1224, 1227, 1228, 1226, 1227, 1230, 1229, 1231, 1231, 1229, 1232, 1234, 1233, 1235, 1235, 1233, 1236, 1238, 1237, 1239, 1239, 1237, 1240, 1242, 1241, 1243, 1243, 1241, 1244, 1246, 1245, 1247, 1247, 1245, 1248, 1250, 1249, 1251, 1251, 1249, 1252, 1254, 1253, 1255, 1255, 1253, 1256, 1258, 1257, 1259, 1259, 1257, 1260, 1262, 1261, 1263, 1263, 1261, 1264, 1266, 1265, 1267, 1267, 1265, 1268, 1270, 1269, 1271, 1270, 1272, 1269, 1273, 1272, 1270, 1275, 1274, 1276, 1276, 1274, 1277, 1279, 1278, 1280, 1280, 1278, 1281, 1283, 1282, 1284, 1284, 1282, 1285, 1287, 1286, 1288, 1287, 1289, 1286, 1291, 1290, 1292, 1292, 1290, 1293, 1295, 1294, 1296, 1296, 1294, 1297, 1299, 1298, 1300, 1300, 1298, 1301, 1303, 1302, 1304, 1304, 1302, 1305, 1307, 1306, 1308, 1308, 1306, 1309, 1311, 1310, 1312, 1312, 1310, 1313, 1315, 1314, 1316, 1316, 1314, 1317, 1319, 1318, 1320, 1320, 1318, 1321, 1323, 1322, 1324, 1324, 1322, 1325, 1327, 1326, 1328, 1328, 1326, 1329, 1331, 1330, 1332, 1332, 1330, 1333, 1335, 1334, 1336, 1336, 1334, 1337, 1339, 1338, 1340, 1341, 1338, 1339, 1343, 1342, 1344, 1345, 1344, 1342, 1347, 1346, 1348, 1348, 1349, 1347, 1351, 1350, 1352, 1352, 1350, 1353, 1355, 1354, 1356, 1356, 1354, 1357, 1359, 1358, 1360, 1360, 1358, 1361, 1363, 1362, 1364, 1363, 1365, 1362, 1367, 1366, 1368, 1368, 1366, 1369, 1371, 1370, 1372, 1372, 1370, 1373]
    rel material:binding = </PP_Meadow_Path_05_862/Materials/PP_Standard_Material_52838>
    normal3f[] normals = [(-0.010602374, 0.9993722, -0.033805054), (-0.010602374, 0.9993722, -0.033805054), (-0.010602374, 0.9993722, -0.033805054), (0.06633551, 0.9697992, 0.23471084), (0.06633551, 0.9697992, 0.23471084), (0.06633551, 0.9697992, 0.23471084), (-0.09088167, 0.9954762, 0.027707463), (-0.09088167, 0.9954762, 0.027707463), (-0.09088167, 0.9954762, 0.027707463), (-0.17433436, 0.9537118, 0.24503334), (-0.17433436, 0.9537118, 0.24503334), (-0.17433436, 0.9537118, 0.24503334), (-0.068511985, 0.99728096, 0.027142417), (-0.068511985, 0.99728096, 0.027142417), (-0.068511985, 0.99728096, 0.027142417), (0.14522222, 0.9853039, -0.08992712), (0.14522222, 0.9853039, -0.08992712), (0.14522222, 0.9853039, -0.08992712), (0.012402781, 0.98110265, 0.19309047), (0.012402781, 0.98110265, 0.19309047), (0.012402781, 0.98110265, 0.19309047), (0.063968875, 0.9821755, 0.17674628), (0.063968875, 0.9821755, 0.17674628), (0.063968875, 0.9821755, 0.17674628), (0.059541967, 0.9841441, 0.16707824), (0.059541967, 0.9841441, 0.16707824), (0.059541967, 0.9841441, 0.16707824), (0.14104618, 0.98935974, 0.03568401), (0.14104618, 0.98935974, 0.03568401), (0.14104618, 0.98935974, 0.03568401), (-0.11817553, 0.9509978, 0.2857233), (-0.11817553, 0.9509978, 0.2857233), (-0.11817553, 0.9509978, 0.2857233), (0.19946428, 0.9759664, 0.08777008), (0.19946428, 0.9759664, 0.08777008), (0.19946428, 0.9759664, 0.08777008), (0.11102898, 0.956071, 0.27129483), (0.11102898, 0.956071, 0.27129483), (0.11102898, 0.956071, 0.27129483), (0.050418742, 0.96891016, 0.24222095), (0.050418742, 0.96891016, 0.24222095), (0.050418742, 0.96891016, 0.24222095), (0.12724915, 0.9914819, 0.027774358), (0.12724915, 0.9914819, 0.027774358), (0.12724915, 0.9914819, 0.027774358), (-0.020236015, 0.9995098, -0.02388882), (-0.020236015, 0.9995098, -0.02388882), (-0.020236015, 0.9995098, -0.02388882), (-0.17031291, 0.94558084, 0.277255), (-0.17031291, 0.94558084, 0.277255), (-0.17031291, 0.94558084, 0.277255), (0.19601141, 0.9782427, 0.0679763), (0.19601141, 0.9782427, 0.0679763), (0.19601141, 0.9782427, 0.0679763), (0.20471461, 0.9774917, 0.051008917), (0.20471461, 0.9774917, 0.051008917), (0.20471461, 0.9774917, 0.051008917), (-0.18488385, 0.9798257, -0.07589289), (-0.18488385, 0.9798257, -0.07589289), (-0.18488385, 0.9798257, -0.07589289), (0.032599594, 0.99927825, -0.019499063), (0.032599594, 0.99927825, -0.019499063), (0.032599594, 0.99927825, -0.019499063), (0.3821977, 0.924077, 0.0025879126), (0.3821977, 0.924077, 0.0025879126), (0.3821977, 0.924077, 0.0025879126), (-0.28392464, 0.9559981, 0.07385465), (-0.28392464, 0.9559981, 0.07385465), (-0.28392464, 0.9559981, 0.07385465), (0.24625961, 0.88217294, -0.40140635), (0.24625961, 0.88217294, -0.40140635), (0.24625961, 0.88217294, -0.40140635), (-0.21444736, 0.9280603, 0.3044939), (-0.21444736, 0.9280603, 0.3044939), (-0.21444736, 0.9280603, 0.3044939), (0.039991394, 0.9301239, -0.36506203), (0.039991394, 0.9301239, -0.36506203), (0.039991394, 0.9301239, -0.36506203), (-0.21238239, 0.9610178, -0.17702672), (-0.21238239, 0.9610178, -0.17702672), (-0.21238239, 0.9610178, -0.17702672), (0.26358968, 0.93524784, 0.23628826), (0.26358968, 0.93524784, 0.23628826), (0.26358968, 0.93524784, 0.23628826), (-0.22521329, 0.9345991, -0.27532437), (-0.22521329, 0.9345991, -0.27532437), (-0.22521329, 0.9345991, -0.27532437), (-0.1615173, 0.97290707, 0.16542085), (-0.1615173, 0.97290707, 0.16542085), (-0.1615173, 0.97290707, 0.16542085), (-0.18649293, 0.97566, -0.115359336), (-0.18649293, 0.97566, -0.115359336), (-0.18649293, 0.97566, -0.115359336), (-0.083877094, 0.9870603, 0.13666259), (-0.083877094, 0.9870603, 0.13666259), (-0.083877094, 0.9870603, 0.13666259), (0.21894132, 0.96637505, 0.13484742), (0.21894132, 0.96637505, 0.13484742), (0.21894132, 0.96637505, 0.13484742), (0.11625758, 0.9716035, -0.20608468), (0.11625758, 0.9716035, -0.20608468), (0.11625758, 0.9716035, -0.20608468), (-0.2016298, 0.97419363, 0.101450585), (-0.2016298, 0.97419363, 0.101450585), (-0.2016298, 0.97419363, 0.101450585), (-0.031018125, 0.9970656, 0.0699868), (-0.031018125, 0.9970656, 0.0699868), (-0.031018125, 0.9970656, 0.0699868), (-0.25415167, 0.95223385, -0.16928574), (-0.25415167, 0.95223385, -0.16928574), (-0.25415167, 0.95223385, -0.16928574), (0.07345429, 0.96773493, -0.24102604), (0.07345429, 0.96773493, -0.24102604), (0.07345429, 0.96773493, -0.24102604), (0.29741067, 0.9217273, 0.24892901), (0.29741067, 0.9217273, 0.24892901), (0.29741067, 0.9217273, 0.24892901), (-0.12432212, 0.99221003, 0.007959345), (-0.12432212, 0.99221003, 0.007959345), (-0.12432212, 0.99221003, 0.007959345), (0.07736524, 0.9954352, 0.055887755), (0.07736524, 0.9954352, 0.055887755), (0.07736524, 0.9954352, 0.055887755), (0.21505037, 0.93319976, -0.28790885), (0.21505037, 0.93319976, -0.28790885), (0.21505037, 0.93319976, -0.28790885), (-0.033952232, 0.99186486, -0.12268416), (-0.033952232, 0.99186486, -0.12268416), (-0.033952232, 0.99186486, -0.12268416), (-0.19874638, 0.97725236, 0.07401267), (-0.19874638, 0.97725236, 0.07401267), (-0.19874638, 0.97725236, 0.07401267), (0.29846597, 0.95019245, 0.08973493), (0.29846597, 0.95019245, 0.08973493), (0.29846597, 0.95019245, 0.08973493), (-0.09580036, 0.9935888, 0.060029518), (-0.09580036, 0.9935888, 0.060029518), (-0.09580036, 0.9935888, 0.060029518), (0.03072238, 0.9690926, -0.24477655), (0.03072238, 0.9690926, -0.24477655), (0.03072238, 0.9690926, -0.24477655), (-0.08086225, 0.91118383, -0.4039868), (-0.08086225, 0.91118383, -0.4039868), (-0.08086225, 0.91118383, -0.4039868), (0.09457937, 0.99481297, -0.037444495), (0.09457937, 0.99481297, -0.037444495), (0.09457937, 0.99481297, -0.037444495), (0.32495058, 0.93922657, -0.11072745), (0.32495058, 0.93922657, -0.11072745), (0.32495058, 0.93922657, -0.11072745), (-0.37671036, 0.74774855, -0.54677373), (-0.37671036, 0.74774855, -0.54677373), (-0.37671036, 0.74774855, -0.54677373), (0.017967895, 0.96471566, -0.26268014), (0.017967895, 0.96471566, -0.26268014), (0.017967895, 0.96471566, -0.26268014), (-0.44327042, 0.8392797, -0.3148349), (-0.44327042, 0.8392797, -0.3148349), (-0.44327042, 0.8392797, -0.3148349), (0.12596405, 0.99062926, -0.05278952), (0.12596405, 0.99062926, -0.05278952), (0.12596405, 0.99062926, -0.05278952), (-0.28705078, 0.91439843, 0.28544214), (-0.28705078, 0.91439843, 0.28544214), (-0.28705078, 0.91439843, 0.28544214), (-0.11679782, 0.9847398, 0.12901923), (-0.11679782, 0.9847398, 0.12901923), (-0.11679782, 0.9847398, 0.12901923), (0.016384553, 0.9918983, 0.1259731), (0.016384553, 0.9918983, 0.1259731), (0.016384553, 0.9918983, 0.1259731), (0.152027, 0.9643217, 0.21672896), (0.152027, 0.9643217, 0.21672896), (0.152027, 0.9643217, 0.21672896), (-0.15117566, 0.94078046, -0.30344364), (-0.15117566, 0.94078046, -0.30344364), (-0.15117566, 0.94078046, -0.30344364), (0.20612904, 0.97074944, -0.12311103), (0.20612904, 0.97074944, -0.12311103), (0.20612904, 0.97074944, -0.12311103), (-0.1334303, 0.989714, -0.051601537), (-0.1334303, 0.989714, -0.051601537), (-0.1334303, 0.989714, -0.051601537), (-0.11087025, 0.9933994, 0.02942119), (-0.11087025, 0.9933994, 0.02942119), (-0.11087025, 0.9933994, 0.02942119), (0.07290022, 0.98994315, -0.1212355), (0.07290022, 0.98994315, -0.1212355), (0.07290022, 0.98994315, -0.1212355), (0.086175576, 0.9958294, 0.029962022), (0.086175576, 0.9958294, 0.029962022), (0.086175576, 0.9958294, 0.029962022), (0.016841726, 0.98779106, -0.15487166), (0.016841726, 0.98779106, -0.15487166), (0.016841726, 0.98779106, -0.15487166), (-0.12177209, 0.98520166, -0.120620444), (-0.12177209, 0.98520166, -0.120620444), (-0.12177209, 0.98520166, -0.120620444), (0.22335848, 0.97264737, -0.06378078), (0.22335848, 0.97264737, -0.06378078), (0.22335848, 0.97264737, -0.06378078), (-0.13941666, 0.9837177, 0.11341377), (-0.13941666, 0.9837177, 0.11341377), (-0.13941666, 0.9837177, 0.11341377), (0.09349272, 0.9822613, -0.16254753), (0.09349272, 0.9822613, -0.16254753), (0.09349272, 0.9822613, -0.16254753), (0.12704939, 0.9915672, 0.025552753), (0.12704939, 0.9915672, 0.025552753), (0.12704939, 0.9915672, 0.025552753), (-0.18944749, 0.97077215, -0.14734702), (-0.18944749, 0.97077215, -0.14734702), (-0.18944749, 0.97077215, -0.14734702), (-0.099947825, 0.9942101, -0.039455216), (-0.099947825, 0.9942101, -0.039455216), (-0.099947825, 0.9942101, -0.039455216), (0.18462819, 0.98280716, -0.0015987437), (0.18462819, 0.98280716, -0.0015987437), (0.18462819, 0.98280716, -0.0015987437), (0.14982592, 0.9879538, -0.038723566), (0.14982592, 0.9879538, -0.038723566), (0.14982592, 0.9879538, -0.038723566), (-0.0982765, 0.9720839, 0.21306008), (-0.0982765, 0.9720839, 0.21306008), (-0.0982765, 0.9720839, 0.21306008), (0.17258522, 0.97786397, -0.11830611), (0.17258522, 0.97786397, -0.11830611), (0.17258522, 0.97786397, -0.11830611), (0.06962805, 0.9916421, -0.10861744), (0.06962805, 0.9916421, -0.10861744), (0.06962805, 0.9916421, -0.10861744), (0.19828773, 0.90052235, -0.38696444), (0.19828773, 0.90052235, -0.38696444), (0.19828773, 0.90052235, -0.38696444), (0.12608223, 0.9884751, -0.08378694), (0.12608223, 0.9884751, -0.08378694), (0.12608223, 0.9884751, -0.08378694), (-0.1618802, 0.98675656, 0.010312839), (-0.1618802, 0.98675656, 0.010312839), (-0.1618802, 0.98675656, 0.010312839), (0.029574377, 0.9968844, -0.07312105), (0.029574377, 0.9968844, -0.07312105), (0.029574377, 0.9968844, -0.07312105), (0.16963798, 0.9851579, -0.026208501), (0.16963798, 0.9851579, -0.026208501), (0.16963798, 0.9851579, -0.026208501), (-0.097945295, 0.9914852, -0.085812435), (-0.097945295, 0.9914852, -0.085812435), (-0.097945295, 0.9914852, -0.085812435), (0.05623054, 0.9795218, -0.1933269), (0.05623054, 0.9795218, -0.1933269), (0.05623054, 0.9795218, -0.1933269), (0.01243951, 0.9999198, -0.0024101618), (0.01243951, 0.9999198, -0.0024101618), (0.01243951, 0.9999198, -0.0024101618), (-0.0045601013, 0.9664108, -0.25696188), (-0.0045601013, 0.9664108, -0.25696188), (-0.0045601013, 0.9664108, -0.25696188), (0.20344439, 0.96839327, 0.14430796), (0.20344439, 0.96839327, 0.14430796), (0.20344439, 0.96839327, 0.14430796), (-0.044198748, 0.9771945, -0.20769502), (-0.044198748, 0.9771945, -0.20769502), (-0.044198748, 0.9771945, -0.20769502), (-0.0038305377, 0.9970239, -0.07699722), (-0.0038305377, 0.9970239, -0.07699722), (-0.0038305377, 0.9970239, -0.07699722), (-0.016544156, 0.9931004, 0.116093576), (-0.016544156, 0.9931004, 0.116093576), (-0.016544156, 0.9931004, 0.116093576), (-0.055409387, 0.9841155, 0.16866103), (-0.055409387, 0.9841155, 0.16866103), (-0.055409387, 0.9841155, 0.16866103), (-0.13929872, 0.97842044, 0.15260862), (-0.13929872, 0.97842044, 0.15260862), (-0.13929872, 0.97842044, 0.15260862), (0.16747689, 0.977258, 0.1300702), (0.16747689, 0.977258, 0.1300702), (0.16747689, 0.977258, 0.1300702), (-0.03010834, 0.9963122, 0.08034607), (-0.03010834, 0.9963122, 0.08034607), (-0.03010834, 0.9963122, 0.08034607), (-0.03044665, 0.99942905, 0.014647849), (-0.03044665, 0.99942905, 0.014647849), (-0.03044665, 0.99942905, 0.014647849), (-0.1316956, 0.9465228, 0.29453528), (-0.1316956, 0.9465228, 0.29453528), (-0.1316956, 0.9465228, 0.29453528), (0.09375295, 0.9873144, 0.12814295), (0.09375295, 0.9873144, 0.12814295), (0.09375295, 0.9873144, 0.12814295), (-0.037376128, 0.9740224, -0.2233461), (-0.037376128, 0.9740224, -0.2233461), (-0.037376128, 0.9740224, -0.2233461), (-0.11664157, 0.96881706, 0.2186052), (-0.11664157, 0.96881706, 0.2186052), (-0.11664157, 0.96881706, 0.2186052), (-0.21323441, 0.95839685, 0.18975407), (-0.21323441, 0.95839685, 0.18975407), (-0.21323441, 0.95839685, 0.18975407), (-0.3709786, 0.9100729, -0.18477605), (-0.3709786, 0.9100729, -0.18477605), (-0.3709786, 0.9100729, -0.18477605), (-0.013413114, 0.99906677, -0.04105812), (-0.013413114, 0.99906677, -0.04105812), (-0.013413114, 0.99906677, -0.04105812), (0.037448727, 0.99810225, -0.048882317), (0.037448727, 0.99810225, -0.048882317), (0.037448727, 0.99810225, -0.048882317), (0.022212408, 0.9952152, 0.095149435), (0.022212408, 0.9952152, 0.095149435), (0.022212408, 0.9952152, 0.095149435), (-0.15386038, 0.9880051, -0.01314889), (-0.15386038, 0.9880051, -0.01314889), (-0.15386038, 0.9880051, -0.01314889), (-0.14003767, 0.9737505, -0.17944233), (-0.14003767, 0.9737505, -0.17944233), (-0.14003767, 0.9737505, -0.17944233), (-0.21102819, 0.95864624, -0.19095694), (-0.21102819, 0.95864624, -0.19095694), (-0.21102819, 0.95864624, -0.19095694), (-0.1440577, 0.98018813, 0.13593592), (-0.1440577, 0.98018813, 0.13593592), (-0.1440577, 0.98018813, 0.13593592), (-0.008213767, 0.9571122, 0.2896012), (-0.008213767, 0.9571122, 0.2896012), (-0.008213767, 0.9571122, 0.2896012), (-0.08591827, 0.9854816, -0.14643753), (-0.08591827, 0.9854816, -0.14643753), (-0.08591827, 0.9854816, -0.14643753), (-0.11347865, 0.884954, -0.4516403), (-0.11347865, 0.884954, -0.4516403), (-0.11347865, 0.884954, -0.4516403), (-0.027922498, 0.83855397, -0.5441025), (-0.027922498, 0.83855397, -0.5441025), (-0.027922498, 0.83855397, -0.5441025), (-0.088563964, 0.97717756, -0.19308148), (-0.088563964, 0.97717756, -0.19308148), (-0.088563964, 0.97717756, -0.19308148), (-0.05645343, 0.99276686, 0.1059574), (-0.05645343, 0.99276686, 0.1059574), (-0.05645343, 0.99276686, 0.1059574), (0.10068534, 0.9945241, 0.028005285), (0.10068534, 0.9945241, 0.028005285), (0.10068534, 0.9945241, 0.028005285), (0.16614112, 0.8506062, -0.49886486), (0.16614112, 0.8506062, -0.49886486), (0.16614112, 0.8506062, -0.49886486), (-0.4114505, 0.8982427, 0.15449396), (-0.4114505, 0.8982427, 0.15449396), (-0.4114505, 0.8982427, 0.15449396), (0.18947013, 0.83737487, -0.512742), (0.18947013, 0.83737487, -0.512742), (0.18947013, 0.83737487, -0.512742), (-0.0062505906, 0.81339943, -0.5816719), (-0.0062505906, 0.81339943, -0.5816719), (-0.0062505906, 0.81339943, -0.5816719), (0.24047567, 0.9395573, -0.24372862), (0.24047567, 0.9395573, -0.24372862), (0.24047567, 0.9395573, -0.24372862), (-0.29342258, 0.90874946, -0.2967787), (-0.29342258, 0.90874946, -0.2967787), (-0.29342258, 0.90874946, -0.2967787), (0.13580567, 0.96135336, 0.2394922), (0.13580567, 0.96135336, 0.2394922), (0.13580567, 0.96135336, 0.2394922), (-0.30562547, 0.94801027, -0.08871164), (-0.30562547, 0.94801027, -0.08871164), (-0.30562547, 0.94801027, -0.08871164), (-0.025239525, 0.9991667, -0.03207639), (-0.025239525, 0.9991667, -0.03207639), (-0.025239525, 0.9991667, -0.03207639), (-0.38943675, 0.9210079, -0.009137379), (-0.38943675, 0.9210079, -0.009137379), (-0.38943675, 0.9210079, -0.009137379), (-0.4411837, 0.8972332, 0.018151784), (-0.4411837, 0.8972332, 0.018151784), (-0.4411837, 0.8972332, 0.018151784), (0.17094238, 0.9754858, 0.13858627), (0.17094238, 0.9754858, 0.13858627), (0.17094238, 0.9754858, 0.13858627), (-0.061794136, 0.9108787, 0.4080216), (-0.061794136, 0.9108787, 0.4080216), (-0.061794136, 0.9108787, 0.4080216), (-0.20773754, 0.96255213, -0.17417924), (-0.20773754, 0.96255213, -0.17417924), (-0.20773754, 0.96255213, -0.17417924), (-0.2405925, 0.94854707, -0.20584843), (-0.2405925, 0.94854707, -0.20584843), (-0.2405925, 0.94854707, -0.20584843), (-0.15838578, 0.94738704, -0.2781577), (-0.15838578, 0.94738704, -0.2781577), (-0.15838578, 0.94738704, -0.2781577), (-0.057319917, 0.9694998, -0.23829511), (-0.057319917, 0.9694998, -0.23829511), (-0.057319917, 0.9694998, -0.23829511), (-0.2267762, 0.9462144, 0.23076124), (-0.2267762, 0.9462144, 0.23076124), (-0.2267762, 0.9462144, 0.23076124), (0.08805136, 0.98333263, -0.15907207), (0.08805136, 0.98333263, -0.15907207), (0.08805136, 0.98333263, -0.15907207), (0.05283739, 0.9386262, 0.34086496), (0.05283739, 0.9386262, 0.34086496), (0.05283739, 0.9386262, 0.34086496), (0.15442772, 0.9843908, -0.08442131), (0.15442772, 0.9843908, -0.08442131), (0.15442772, 0.9843908, -0.08442131), (-0.29423022, 0.8813059, -0.36976817), (-0.29423022, 0.8813059, -0.36976817), (-0.29423022, 0.8813059, -0.36976817), (0.33848894, 0.93261135, -0.1251448), (0.33848894, 0.93261135, -0.1251448), (0.33848894, 0.93261135, -0.1251448), (-0.23261139, 0.96721286, 0.101937175), (-0.23261139, 0.96721286, 0.101937175), (-0.23261139, 0.96721286, 0.101937175), (-0.046127945, 0.99512756, -0.08714062), (-0.046127945, 0.99512756, -0.08714062), (-0.046127945, 0.99512756, -0.08714062), (0.089640394, 0.99399006, -0.06283544), (0.089640394, 0.99399006, -0.06283544), (0.089640394, 0.99399006, -0.06283544), (-0.03800505, 0.9585345, -0.282431), (-0.03800505, 0.9585345, -0.282431), (-0.03800505, 0.9585345, -0.282431), (-0.2786015, 0.9243359, -0.26073828), (-0.2786015, 0.9243359, -0.26073828), (-0.2786015, 0.9243359, -0.26073828), (-0.21293584, 0.9770159, 0.00991101), (-0.21293584, 0.9770159, 0.00991101), (-0.21293584, 0.9770159, 0.00991101), (0.11226428, 0.9933663, 0.02490053), (0.11226428, 0.9933663, 0.02490053), (0.11226428, 0.9933663, 0.02490053), (-0.265742, 0.96368665, 0.026255291), (-0.265742, 0.96368665, 0.026255291), (-0.265742, 0.96368665, 0.026255291), (0.09775628, 0.96098894, 0.2587352), (0.09775628, 0.96098894, 0.2587352), (0.09775628, 0.96098894, 0.2587352), (-0.08059078, 0.9907831, 0.1088759), (-0.08059078, 0.9907831, 0.1088759), (-0.08059078, 0.9907831, 0.1088759), (-0.028688941, 0.9983931, -0.048867244), (-0.028688941, 0.9983931, -0.048867244), (-0.028688941, 0.9983931, -0.048867244), (-0.29864657, 0.95291567, -0.052554563), (-0.29864657, 0.95291567, -0.052554563), (-0.29864657, 0.95291567, -0.052554563), (0.13451056, 0.97814894, -0.15852988), (0.13451056, 0.97814894, -0.15852988), (0.13451056, 0.97814894, -0.15852988), (0.10116275, 0.99474204, 0.015947534), (0.10116275, 0.99474204, 0.015947534), (0.10116275, 0.99474204, 0.015947534), (-0.117640495, 0.9910261, 0.0634651), (-0.117640495, 0.9910261, 0.0634651), (-0.117640495, 0.9910261, 0.0634651), (0.21249251, 0.967227, -0.13899188), (0.21249251, 0.967227, -0.13899188), (0.21249251, 0.967227, -0.13899188), (-0.052373372, 0.98289835, -0.17654423), (-0.052373372, 0.98289835, -0.17654423), (-0.052373372, 0.98289835, -0.17654423), (-0.14598598, 0.98096347, -0.12805781), (-0.14598598, 0.98096347, -0.12805781), (-0.14598598, 0.98096347, -0.12805781), (-0.29311723, 0.95359445, 0.06884677), (-0.29311723, 0.95359445, 0.06884677), (-0.29311723, 0.95359445, 0.06884677), (-0.2132489, 0.97372794, -0.0798668), (-0.2132489, 0.97372794, -0.0798668), (-0.2132489, 0.97372794, -0.0798668), (0.16732627, 0.9810844, -0.09734128), (0.16732627, 0.9810844, -0.09734128), (0.16732627, 0.9810844, -0.09734128), (-0.014356229, 0.9997632, -0.01635548), (-0.014356229, 0.9997632, -0.01635548), (-0.014356229, 0.9997632, -0.01635548), (0.1355776, 0.973684, -0.18318868), (0.1355776, 0.973684, -0.18318868), (0.1355776, 0.973684, -0.18318868), (-0.17061098, 0.98110574, -0.09123288), (-0.17061098, 0.98110574, -0.09123288), (-0.17061098, 0.98110574, -0.09123288), (0.07881864, 0.9963146, 0.03383474), (0.07881864, 0.9963146, 0.03383474), (0.07881864, 0.9963146, 0.03383474), (-0.08438616, 0.9938212, -0.07210107), (-0.08438616, 0.9938212, -0.07210107), (-0.08438616, 0.9938212, -0.07210107), (-0.0698522, 0.99749655, 0.011010167), (-0.0698522, 0.99749655, 0.011010167), (-0.0698522, 0.99749655, 0.011010167), (-0.035471823, 0.9730021, -0.22805437), (-0.035471823, 0.9730021, -0.22805437), (-0.035471823, 0.9730021, -0.22805437), (0.045876008, 0.9974148, -0.05530823), (0.045876008, 0.9974148, -0.05530823), (0.045876008, 0.9974148, -0.05530823), (0.008564427, 0.99672514, 0.080409326), (0.008564427, 0.99672514, 0.080409326), (0.008564427, 0.99672514, 0.080409326), (-0.107292324, 0.9942101, 0.005885066), (-0.107292324, 0.9942101, 0.005885066), (-0.107292324, 0.9942101, 0.005885066), (-0.2854144, 0.87131745, -0.39917976), (-0.2854144, 0.87131745, -0.39917976), (-0.2854144, 0.87131745, -0.39917976), (-0.08160974, 0.97219175, 0.21950668), (-0.08160974, 0.97219175, 0.21950668), (-0.08160974, 0.97219175, 0.21950668), (0.065565184, 0.9973423, -0.0317722), (0.065565184, 0.9973423, -0.0317722), (0.065565184, 0.9973423, -0.0317722), (0.005272706, 0.999853, -0.016312411), (0.005272706, 0.999853, -0.016312411), (0.005272706, 0.999853, -0.016312411), (-0.014346445, 0.99003196, 0.14011006), (-0.014346445, 0.99003196, 0.14011006), (-0.014346445, 0.99003196, 0.14011006), (-0.07612826, 0.9852638, -0.15316541), (-0.07612826, 0.9852638, -0.15316541), (-0.07612826, 0.9852638, -0.15316541), (-0.018806212, 0.9958585, -0.08895101), (-0.018806212, 0.9958585, -0.08895101), (-0.018806212, 0.9958585, -0.08895101), (-0.14110228, 0.9656097, -0.21837573), (-0.14110228, 0.9656097, -0.21837573), (-0.14110228, 0.9656097, -0.21837573), (0.19073032, 0.9581443, -0.21349785), (0.19073032, 0.9581443, -0.21349785), (0.19073032, 0.9581443, -0.21349785), (0.03307751, 0.98684317, -0.15826091), (0.03307751, 0.98684317, -0.15826091), (0.03307751, 0.98684317, -0.15826091), (-0.07719683, 0.99573416, 0.050538424), (-0.07719683, 0.99573416, 0.050538424), (-0.07719683, 0.99573416, 0.050538424), (-0.27298817, 0.95726925, -0.09546213), (-0.27298817, 0.95726925, -0.09546213), (-0.27298817, 0.95726925, -0.09546213), (0.016369307, 0.9998604, -0.0033346373), (0.016369307, 0.9998604, -0.0033346373), (0.016369307, 0.9998604, -0.0033346373), (-0.14941542, 0.9867432, 0.06334734), (-0.14941542, 0.9867432, 0.06334734), (-0.14941542, 0.9867432, 0.06334734), (0.05044052, 0.9777909, 0.20342216), (0.05044052, 0.9777909, 0.20342216), (0.05044052, 0.9777909, 0.20342216), (-0.0885711, 0.97360885, -0.2103354), (-0.0885711, 0.97360885, -0.2103354), (-0.0885711, 0.97360885, -0.2103354), (-0.115178205, 0.96245867, -0.2457787), (-0.115178205, 0.96245867, -0.2457787), (-0.115178205, 0.96245867, -0.2457787), (-0.08447949, 0.9731983, 0.21388867), (-0.08447949, 0.9731983, 0.21388867), (-0.08447949, 0.9731983, 0.21388867), (-0.073231675, 0.9911506, 0.11071419), (-0.073231675, 0.9911506, 0.11071419), (-0.073231675, 0.9911506, 0.11071419), (-0.1468135, 0.9698845, 0.19434445), (-0.1468135, 0.9698845, 0.19434445), (-0.1468135, 0.9698845, 0.19434445), (-0.07317734, 0.938844, 0.33647743), (-0.07317734, 0.938844, 0.33647743), (-0.07317734, 0.938844, 0.33647743), (0.11837672, 0.9909105, 0.06390123), (0.11837672, 0.9909105, 0.06390123), (0.11837672, 0.9909105, 0.06390123), (0.062286284, 0.93808043, 0.34077182), (0.062286284, 0.93808043, 0.34077182), (0.062286284, 0.93808043, 0.34077182), (0.11437417, 0.97144103, 0.20789617), (0.11437417, 0.97144103, 0.20789617), (0.11437417, 0.97144103, 0.20789617), (-0.06151066, 0.9977138, 0.0279944), (-0.06151066, 0.9977138, 0.0279944), (-0.06151066, 0.9977138, 0.0279944), (0.53211427, 0.80849963, 0.2513616), (0.53211427, 0.80849963, 0.2513616), (0.53211427, 0.80849963, 0.2513616), (-0.18650922, 0.97516745, 0.11942619), (-0.18650922, 0.97516745, 0.11942619), (-0.18650922, 0.97516745, 0.11942619), (-0.0044972887, 0.9846091, 0.17471266), (-0.0044972887, 0.9846091, 0.17471266), (-0.0044972887, 0.9846091, 0.17471266), (0.28839502, 0.945166, -0.15326327), (0.28839502, 0.945166, -0.15326327), (0.28839502, 0.945166, -0.15326327), (-0.34891328, 0.8568354, 0.37959516), (-0.34891328, 0.8568354, 0.37959516), (-0.34891328, 0.8568354, 0.37959516), (-0.19633774, 0.9762012, 0.092102066), (-0.19633774, 0.9762012, 0.092102066), (-0.19633774, 0.9762012, 0.092102066), (0.16865066, 0.95068806, 0.26028675), (0.16865066, 0.95068806, 0.26028675), (0.16865066, 0.95068806, 0.26028675), (0.07738668, 0.94957733, 0.30383238), (0.07738668, 0.94957733, 0.30383238), (0.07738668, 0.94957733, 0.30383238), (-0.033679575, 0.9964359, 0.07733919), (-0.033679575, 0.9964359, 0.07733919), (-0.033679575, 0.9964359, 0.07733919), (0.10650645, 0.9625138, 0.24944632), (0.10650645, 0.9625138, 0.24944632), (0.10650645, 0.9625138, 0.24944632), (-0.15865946, 0.9853698, -0.062237874), (-0.15865946, 0.9853698, -0.062237874), (-0.15865946, 0.9853698, -0.062237874), (0.21981741, 0.9750602, 0.030624794), (0.21981741, 0.9750602, 0.030624794), (0.21981741, 0.9750602, 0.030624794), (-0.12754388, 0.9893444, 0.07021587), (-0.12754388, 0.9893444, 0.07021587), (-0.12754388, 0.9893444, 0.07021587), (0.122981876, 0.95264286, 0.27811354), (0.122981876, 0.95264286, 0.27811354), (0.122981876, 0.95264286, 0.27811354), (-0.1253951, 0.9920682, -0.0087688025), (-0.1253951, 0.9920682, -0.0087688025), (-0.1253951, 0.9920682, -0.0087688025), (0.014625319, 0.9727677, 0.23132026), (0.014625319, 0.9727677, 0.23132026), (0.014625319, 0.9727677, 0.23132026), (-0.116196945, 0.9912377, 0.06281691), (-0.116196945, 0.9912377, 0.06281691), (-0.116196945, 0.9912377, 0.06281691), (0.24305436, 0.96943337, 0.033517715), (0.24305436, 0.96943337, 0.033517715), (0.24305436, 0.96943337, 0.033517715), (-0.06193233, 0.9974848, -0.034472927), (-0.06193233, 0.9974848, -0.034472927), (-0.06193233, 0.9974848, -0.034472927), (-0.055112977, 0.9971631, -0.05126503), (-0.055112977, 0.9971631, -0.05126503), (-0.055112977, 0.9971631, -0.05126503), (0.09679125, 0.9759295, -0.1954303), (0.09679125, 0.9759295, -0.1954303), (0.09679125, 0.9759295, -0.1954303), (-0.035836656, 0.99915683, -0.020033576), (-0.035836656, 0.99915683, -0.020033576), (-0.035836656, 0.99915683, -0.020033576), (0.109719984, 0.962408, 0.24846013), (0.109719984, 0.962408, 0.24846013), (0.109719984, 0.962408, 0.24846013), (-0.064379305, 0.97334135, -0.22014089), (-0.064379305, 0.97334135, -0.22014089), (-0.064379305, 0.97334135, -0.22014089), (0.029645363, 0.99808455, 0.054299127), (0.029645363, 0.99808455, 0.054299127), (0.029645363, 0.99808455, 0.054299127), (0.015613384, 0.9993094, 0.03371777), (0.015613384, 0.9993094, 0.03371777), (0.015613384, 0.9993094, 0.03371777), (0.35409832, 0.8077066, -0.47140688), (0.35409832, 0.8077066, -0.47140688), (0.35409832, 0.8077066, -0.47140688), (-0.09194073, 0.99121386, -0.095089965), (-0.09194073, 0.99121386, -0.095089965), (-0.09194073, 0.99121386, -0.095089965), (-0.22435755, 0.9630074, 0.14926651), (-0.22435755, 0.9630074, 0.14926651), (-0.22435755, 0.9630074, 0.14926651), (-0.03623537, 0.99597234, -0.08201253), (-0.03623537, 0.99597234, -0.08201253), (-0.03623537, 0.99597234, -0.08201253), (0.11951012, 0.99155575, -0.05034547), (0.11951012, 0.99155575, -0.05034547), (0.11951012, 0.99155575, -0.05034547), (0.1350531, 0.987187, -0.08498521), (0.1350531, 0.987187, -0.08498521), (0.1350531, 0.987187, -0.08498521), (-0.14214088, 0.9831928, -0.11457731), (-0.14214088, 0.9831928, -0.11457731), (-0.14214088, 0.9831928, -0.11457731), (0.4100351, 0.8899972, -0.19943976), (0.4100351, 0.8899972, -0.19943976), (0.4100351, 0.8899972, -0.19943976), (0.039807536, 0.99148566, -0.12398186), (0.039807536, 0.99148566, -0.12398186), (0.039807536, 0.99148566, -0.12398186), (-0.18180226, 0.9781747, -0.100609764), (-0.18180226, 0.9781747, -0.100609764), (-0.18180226, 0.9781747, -0.100609764), (-0.05338992, 0.939276, -0.3389839), (-0.05338992, 0.939276, -0.3389839), (-0.05338992, 0.939276, -0.3389839), (-0.15741193, 0.9529548, -0.2590337), (-0.15741193, 0.9529548, -0.2590337), (-0.15741193, 0.9529548, -0.2590337), (-0.22021885, 0.952454, 0.21055868), (-0.22021885, 0.952454, 0.21055868), (-0.22021885, 0.952454, 0.21055868), (-0.12596104, 0.92343426, -0.36249545), (-0.12596104, 0.92343426, -0.36249545), (-0.12596104, 0.92343426, -0.36249545), (-0.14619145, 0.97127616, 0.1877518), (-0.14619145, 0.97127616, 0.1877518), (-0.14619145, 0.97127616, 0.1877518), (-0.19404435, 0.94954324, 0.24640273), (-0.19404435, 0.94954324, 0.24640273), (-0.19404435, 0.94954324, 0.24640273), (0.008213105, 0.9947615, -0.10189253), (0.008213105, 0.9947615, -0.10189253), (0.008213105, 0.9947615, -0.10189253), (0.16802303, 0.9832214, 0.07102059), (0.16802303, 0.9832214, 0.07102059), (0.16802303, 0.9832214, 0.07102059), (0.35848424, 0.92972463, -0.084268354), (0.35848424, 0.92972463, -0.084268354), (0.35848424, 0.92972463, -0.084268354), (0.17747167, 0.97344637, -0.14458898), (0.17747167, 0.97344637, -0.14458898), (0.17747167, 0.97344637, -0.14458898), (-0.22845578, 0.9358283, -0.26839018), (-0.22845578, 0.9358283, -0.26839018), (-0.22845578, 0.9358283, -0.26839018), (0.053184185, 0.9984394, -0.017034922), (0.053184185, 0.9984394, -0.017034922), (0.053184185, 0.9984394, -0.017034922), (-0.2579773, 0.95541036, 0.14366217), (-0.2579773, 0.95541036, 0.14366217), (-0.2579773, 0.95541036, 0.14366217), (-0.2334524, 0.958694, 0.16249844), (-0.2334524, 0.958694, 0.16249844), (-0.2334524, 0.958694, 0.16249844), (-0.2173938, 0.9206268, -0.32432425), (-0.2173938, 0.9206268, -0.32432425), (-0.2173938, 0.9206268, -0.32432425), (0.15637253, 0.9865519, -0.047570627), (0.15637253, 0.9865519, -0.047570627), (0.15637253, 0.9865519, -0.047570627), (0.13148946, 0.94362646, -0.30377567), (0.13148946, 0.94362646, -0.30377567), (0.13148946, 0.94362646, -0.30377567), (-0.20079191, 0.95127225, -0.23401646), (-0.20079191, 0.95127225, -0.23401646), (-0.20079191, 0.95127225, -0.23401646), (0.11296573, 0.98387283, 0.13868253), (0.11296573, 0.98387283, 0.13868253), (0.11296573, 0.98387283, 0.13868253), (0.07486453, 0.9841648, 0.16067067), (0.07486453, 0.9841648, 0.16067067), (0.07486453, 0.9841648, 0.16067067), (-0.0016488165, 0.99656916, -0.08274833), (-0.0016488165, 0.99656916, -0.08274833), (-0.0016488165, 0.99656916, -0.08274833), (-0.057693392, 0.9979672, 0.027072255), (-0.057693392, 0.9979672, 0.027072255), (-0.057693392, 0.9979672, 0.027072255), (-0.27677876, 0.95899475, -0.061011855), (-0.27677876, 0.95899475, -0.061011855), (-0.27677876, 0.95899475, -0.061011855), (0.23604761, 0.9336401, -0.26943946), (0.23604761, 0.9336401, -0.26943946), (0.23604761, 0.9336401, -0.26943946), (0.104246594, 0.9943275, 0.021105701), (0.104246594, 0.9943275, 0.021105701), (0.104246594, 0.9943275, 0.021105701), (0.027241334, 0.98893946, 0.14579646), (0.027241334, 0.98893946, 0.14579646), (0.027241334, 0.98893946, 0.14579646), (-0.02528805, 0.9852893, -0.16901365), (-0.02528805, 0.9852893, -0.16901365), (-0.02528805, 0.9852893, -0.16901365), (-0.118135475, 0.98034406, 0.15801732), (-0.118135475, 0.98034406, 0.15801732), (-0.118135475, 0.98034406, 0.15801732), (0.021152321, 0.9831094, 0.18179256), (0.02164982, 0.98327214, 0.18085149), (0.024722602, 0.984253, 0.17502837), (-0.12669177, 0.98425287, 0.12327029), (-0.12669177, 0.98425287, 0.12327029), (-0.12669177, 0.98425287, 0.12327029), (0.030077267, 0.93978065, 0.34045228), (0.030077267, 0.93978065, 0.34045228), (0.030077267, 0.93978065, 0.34045228), (0.40105927, 0.9160342, -0.005724116), (0.40105927, 0.9160342, -0.005724116), (0.40105927, 0.9160342, -0.005724116), (0.02164982, 0.98327214, 0.18085149), (0.025366388, 0.984453, 0.17380656), (0.024722602, 0.984253, 0.17502837), (-0.38185072, 0.8526775, 0.35655445), (-0.38185072, 0.8526775, 0.35655445), (-0.38185072, 0.8526775, 0.35655445), (0.3598953, 0.91222304, 0.1957665), (0.3598953, 0.91222304, 0.1957665), (0.3598953, 0.91222304, 0.1957665), (0.08134848, 0.9477778, 0.30838224), (0.08134848, 0.9477778, 0.30838224), (0.08134848, 0.9477778, 0.30838224), (-0.112658955, 0.9922781, 0.051887125), (-0.112658955, 0.9922781, 0.051887125), (-0.112658955, 0.9922781, 0.051887125), (0.20370774, 0.8665698, 0.4555875), (0.20370774, 0.8665698, 0.4555875), (0.20370774, 0.8665698, 0.4555875), (-0.19117121, 0.9575268, 0.21586095), (-0.19117121, 0.9575268, 0.21586095), (-0.19117121, 0.9575268, 0.21586095), (-0.017912744, 0.9797504, 0.19942005), (-0.017912744, 0.9797504, 0.19942005), (-0.017912744, 0.9797504, 0.19942005), (0.1990017, 0.97977793, -0.020820435), (0.1990017, 0.97977793, -0.020820435), (0.1990017, 0.97977793, -0.020820435), (-0.18159313, 0.9826912, 0.036633123), (-0.18159313, 0.9826912, 0.036633123), (-0.18159313, 0.9826912, 0.036633123), (-0.15029393, 0.98812765, 0.031865355), (-0.15029393, 0.98812765, 0.031865355), (-0.0548523, 0.95923996, 0.27721822), (-0.0548523, 0.95923996, 0.27721822), (-0.0548523, 0.95923996, 0.27721822), (0.10017265, 0.9940057, 0.043797877), (0.10017265, 0.9940057, 0.043797877), (0.10017265, 0.9940057, 0.043797877), (-0.2741185, 0.9602789, 0.05218546), (-0.2741185, 0.9602789, 0.05218546), (-0.2741185, 0.9602789, 0.05218546), (0.059001118, 0.9834984, 0.17102547), (0.059001118, 0.9834984, 0.17102547), (0.059001118, 0.9834984, 0.17102547), (0.13371095, 0.97615606, 0.17099945), (0.13371095, 0.97615606, 0.17099945), (0.13371095, 0.97615606, 0.17099945), (0.27180952, 0.953639, -0.12919857), (0.27180952, 0.953639, -0.12919857), (0.27180952, 0.953639, -0.12919857), (0.005698231, 0.9810554, 0.19364415), (0.005698231, 0.9810554, 0.19364415), (0.005698231, 0.9810554, 0.19364415), (0.017842814, 0.9998128, 0.0074908226), (0.017842814, 0.9998128, 0.0074908226), (0.017842814, 0.9998128, 0.0074908226), (0.026198152, 0.9822925, 0.1855129), (0.026198152, 0.9822925, 0.1855129), (0.026198152, 0.9822925, 0.1855129), (0.15229884, 0.98793375, 0.0281422), (0.15229884, 0.98793375, 0.0281422), (0.15229884, 0.98793375, 0.0281422), (-0.027667431, 0.9721407, -0.23275937), (-0.027667431, 0.9721407, -0.23275937), (-0.027667431, 0.9721407, -0.23275937), (0.21294399, 0.95010054, -0.22795564), (0.21294399, 0.95010054, -0.22795564), (0.21294399, 0.95010054, -0.22795564), (-0.20340583, 0.97905433, -0.008871415), (-0.20340583, 0.97905433, -0.008871415), (-0.20340583, 0.97905433, -0.008871415), (-0.09678839, 0.9727567, 0.21065709), (-0.09678839, 0.9727567, 0.21065709), (-0.09678839, 0.9727567, 0.21065709), (0.061958198, 0.9967481, -0.051520877), (0.061958198, 0.9967481, -0.051520877), (0.061958198, 0.9967481, -0.051520877), (-0.2649805, 0.96425295, -0.0012653075), (-0.2649805, 0.96425295, -0.0012653075), (-0.2649805, 0.96425295, -0.0012653075), (0.18407683, 0.9678037, 0.17167348), (0.18407683, 0.9678037, 0.17167348), (0.18407683, 0.9678037, 0.17167348), (0.15395032, 0.97753954, 0.14392924), (0.15395032, 0.97753954, 0.14392924), (0.15395032, 0.97753954, 0.14392924), (-0.015863916, 0.9850448, -0.17156635), (-0.015863916, 0.9850448, -0.17156635), (-0.015863916, 0.9850448, -0.17156635), (-0.12929039, 0.99117965, -0.029101385), (-0.12929039, 0.99117965, -0.029101385), (-0.12929039, 0.99117965, -0.029101385), (-0.14535937, 0.97959614, -0.13878821), (-0.14535937, 0.97959614, -0.13878821), (-0.14535937, 0.97959614, -0.13878821), (-0.12962845, 0.991537, 0.0071354923), (-0.12962845, 0.991537, 0.0071354923), (-0.12962845, 0.991537, 0.0071354923), (0.051132776, 0.9829379, -0.17668791), (0.051132776, 0.9829379, -0.17668791), (0.051132776, 0.9829379, -0.17668791), (-0.11806309, 0.9519597, -0.28254887), (-0.11806309, 0.9519597, -0.28254887), (-0.11806309, 0.9519597, -0.28254887), (-0.04940128, 0.9960253, -0.07411526), (-0.04940128, 0.9960253, -0.07411526), (-0.04940128, 0.9960253, -0.07411526), (-0.22105232, 0.96973956, -0.10363924), (-0.22105232, 0.96973956, -0.10363924), (-0.22105232, 0.96973956, -0.10363924), (-0.09281503, 0.8892151, -0.44797522), (-0.09281503, 0.8892151, -0.44797522), (-0.09281503, 0.8892151, -0.44797522), (0.1924336, 0.96234995, -0.19196834), (0.1924336, 0.96234995, -0.19196834), (0.1924336, 0.96234995, -0.19196834), (0.5276344, 0.792491, -0.30587572), (0.5276344, 0.792491, -0.30587572), (0.5276344, 0.792491, -0.30587572), (0.090938024, 0.9742708, -0.20621999), (0.090938024, 0.9742708, -0.20621999), (0.090938024, 0.9742708, -0.20621999), (0.17157789, 0.83327794, -0.5255558), (0.17157789, 0.83327794, -0.5255558), (0.17157789, 0.83327794, -0.5255558), (-0.07901667, 0.985692, -0.14888789), (-0.07901667, 0.985692, -0.14888789), (-0.07901667, 0.985692, -0.14888789), (-0.114159085, 0.9915206, 0.06208523), (-0.114159085, 0.9915206, 0.06208523), (-0.114159085, 0.9915206, 0.06208523), (0.11367931, 0.9886221, -0.098505154), (0.11367931, 0.9886221, -0.098505154), (0.11367931, 0.9886221, -0.098505154), (0.0071011963, 0.9959649, -0.08946219), (0.0071011963, 0.9959649, -0.08946219), (0.0071011963, 0.9959649, -0.08946219), (-0.19841443, 0.97932136, 0.039514948), (-0.19841443, 0.97932136, 0.039514948), (-0.19841443, 0.97932136, 0.039514948), (0.12673992, 0.9905138, 0.05309772), (0.12673992, 0.9905138, 0.05309772), (0.12673992, 0.9905138, 0.05309772), (-0.16798823, 0.9856463, -0.0167684), (-0.16798823, 0.9856463, -0.0167684), (-0.16798823, 0.9856463, -0.0167684), (0.38724402, 0.8927556, 0.23028092), (0.38724402, 0.8927556, 0.23028092), (0.38724402, 0.8927556, 0.23028092), (0.18416578, 0.7935493, -0.57996756), (0.18416578, 0.7935493, -0.57996756), (0.18416578, 0.7935493, -0.57996756), (0.09902514, 0.87297773, -0.47760218), (0.09902514, 0.87297773, -0.47760218), (0.09902514, 0.87297773, -0.47760218), (-0.027306713, 0.91613656, -0.39993516), (-0.027306713, 0.91613656, -0.39993516), (-0.027306713, 0.91613656, -0.39993516), (0.24431367, 0.7724314, -0.5862256), (0.24431367, 0.7724314, -0.5862256), (0.24431367, 0.7724314, -0.5862256), (-0.44293007, 0.8669802, -0.22838223), (-0.44293007, 0.8669802, -0.22838223), (-0.44293007, 0.8669802, -0.22838223), (0.23315746, 0.971958, 0.030582601), (0.23315746, 0.971958, 0.030582601), (0.23315746, 0.971958, 0.030582601), (-0.17030923, 0.8490885, -0.5000434), (-0.17030923, 0.8490885, -0.5000434), (-0.17030923, 0.8490885, -0.5000434), (-0.21684411, 0.96908283, 0.117715985), (-0.21684411, 0.96908283, 0.117715985), (-0.21684411, 0.96908283, 0.117715985), (0.037550304, 0.99643517, -0.07554408), (0.037550304, 0.99643517, -0.07554408), (0.037550304, 0.99643517, -0.07554408), (-0.42867023, 0.89398164, 0.13053209), (-0.42867023, 0.89398164, 0.13053209), (-0.42867023, 0.89398164, 0.13053209), (0.010380095, 0.9922184, 0.12407591), (0.010380095, 0.9922184, 0.12407591), (0.010380095, 0.9922184, 0.12407591), (-0.033367787, 0.9862889, 0.16161913), (-0.033367787, 0.9862889, 0.16161913), (-0.033367787, 0.9862889, 0.16161913), (-0.16794272, 0.9811435, 0.09566962), (-0.16794272, 0.9811435, 0.09566962), (-0.16794272, 0.9811435, 0.09566962), (0.045381676, 0.99464524, 0.09285127), (0.045381676, 0.99464524, 0.09285127), (0.045381676, 0.99464524, 0.09285127), (0.4490029, 0.85297793, -0.2661297), (0.4490029, 0.85297793, -0.2661297), (0.4490029, 0.85297793, -0.2661297), (-0.2045124, 0.9713146, -0.121336624), (-0.2045124, 0.9713146, -0.121336624), (-0.2045124, 0.9713146, -0.121336624), (0.11164151, 0.99220604, -0.055348102), (0.11164151, 0.99220604, -0.055348102), (0.11164151, 0.99220604, -0.055348102), (0.19490092, 0.9807916, -0.0078316955), (0.19490092, 0.9807916, -0.0078316955), (0.19490092, 0.9807916, -0.0078316955), (-0.17387813, 0.978115, 0.11426903), (-0.17387813, 0.978115, 0.11426903), (-0.17387813, 0.978115, 0.11426903), (0.12045041, 0.99089116, -0.060218755), (0.120424785, 0.9908941, -0.060222335), (0.12043085, 0.9908935, -0.060220856), (0.12045041, 0.99089116, -0.060218755), (0.12043085, 0.9908935, -0.060220856), (0.12045539, 0.99089056, -0.06021873), (0.017717162, 0.2995696, 0.95391), (0.017719416, 0.2995549, 0.9539145), (0.017717475, 0.29956654, 0.9539108), (0.017717162, 0.2995696, 0.95391), (0.017717475, 0.29956654, 0.9539108), (0.01771634, 0.2995725, 0.9539091), (-0.1553868, 0.9633057, -0.21885353), (-0.15537842, 0.9633043, -0.21886595), (-0.15538025, 0.9633035, -0.21886839), (-0.1553868, 0.9633057, -0.21885353), (-0.15538025, 0.9633035, -0.21886839), (-0.15538967, 0.963298, -0.21888597), (0.016366784, 0.16850965, -0.9855641), (0.016360903, 0.16848376, -0.9855686), (0.016360905, 0.16849607, -0.9855665), (0.9714229, 0.23601976, -0.025145443), (0.97142047, 0.23603043, -0.025138155), (0.97142744, 0.23599903, -0.025163542), (0.9714229, 0.23601976, -0.025145443), (0.97142744, 0.23599903, -0.025163542), (0.9714271, 0.23600091, -0.025161663), (-0.97645414, 0.2138268, 0.028556041), (-0.9764479, 0.21385762, 0.028540064), (-0.9764581, 0.21380642, 0.02857042), (-0.9671381, 0.25389445, 0.013469447), (-0.967138, 0.25389478, 0.013469002), (0.9776363, 0.21023275, 0.005433178), (0.9776332, 0.21024677, 0.0054437867), (0.9776307, 0.21025795, 0.0054517593), (0.9776363, 0.21023275, 0.005433178), (0.9776307, 0.21025795, 0.0054517593), (0.97763705, 0.2102293, 0.0054309717), (-0.027556635, 0.32982132, 0.9436411), (-0.027551884, 0.32980663, 0.94364643), (-0.027550591, 0.32981047, 0.9436451), (-0.027556635, 0.32982132, 0.9436411), (-0.027550591, 0.32981047, 0.9436451), (-0.027553782, 0.32981828, 0.94364226), (0.9707044, 0.23953086, -0.018919993), (0.9707044, 0.23953077, -0.018920051), (0.9707044, 0.23953086, -0.01891999), (0.97068137, 0.23961398, -0.019047031), (0.97068137, 0.23961395, -0.019047068), (0.97068137, 0.23961389, -0.019047093), (0.039954647, 0.9176415, -0.3953957), (0.03995653, 0.9176409, -0.3953968), (0.03996175, 0.91765577, -0.3953618), (0.039954647, 0.9176415, -0.3953957), (0.03996175, 0.91765577, -0.3953618), (0.039955508, 0.9176371, -0.39540562), (-0.08547758, 0.9877374, 0.13064562), (-0.085517876, 0.9877372, 0.13062128), (-0.085491665, 0.9877374, 0.13063627), (-0.08547758, 0.9877374, 0.13064562), (-0.085491665, 0.9877374, 0.13063627), (-0.08550838, 0.98773694, 0.13062958), (0.0306737, 0.9927112, 0.11654872), (0.030640423, 0.9927127, 0.11654488), (0.030681098, 0.992712, 0.11654016), (0.0306737, 0.9927112, 0.11654872), (0.030681098, 0.992712, 0.11654016), (0.030645417, 0.99271214, 0.1165481), (0.13903831, 0.9641697, 0.22593153), (0.14716724, 0.9642437, 0.22039938), (0.14658348, 0.964242, 0.2207956), (0.13835633, 0.96415895, 0.22639565), (-0.1174217, 0.99242544, 0.036108546), (-0.10695227, 0.99341327, 0.041124146), (-0.10779141, 0.9933391, 0.040723268), (-0.11946916, 0.99221635, 0.03512626), (0.08795401, 0.99265105, 0.0831146), (0.07908091, 0.99290025, 0.0888559), (0.077597946, 0.9929309, 0.08981497), (0.08906694, 0.99261194, 0.082393624), (-0.055902794, 0.99808705, -0.026402364), (-0.06342798, 0.997735, -0.02239912), (-0.05617271, 0.9980757, -0.026259465), (-0.06487712, 0.99765885, -0.021627843), (0.022290355, 0.995349, -0.09372128), (0.020215396, 0.9955384, -0.0921656), (0.021970266, 0.9953786, -0.09348139), (0.01978756, 0.99557674, -0.09184468), (-0.17455539, 0.984171, 0.030622775), (-0.1741791, 0.9842508, 0.03019783), (-0.17462254, 0.9841568, 0.03069865), (-0.17487958, 0.9841021, 0.030988896), (-0.12590595, 0.99168724, 0.026536036), (-0.12562247, 0.9917242, 0.026500817), (-0.1261322, 0.9916577, 0.026565854), (-0.119862795, 0.99245596, 0.025769643), (-0.09854849, 0.99103206, -0.090241164), (-0.09619878, 0.99158245, -0.0866611), (-0.10037633, 0.9905911, -0.09302591), (-0.10080872, 0.9904851, -0.093685955), (0.21542104, 0.9741023, 0.06869048), (0.21205668, 0.9741822, 0.07746588), (0.21474333, 0.9741255, 0.07046146), (0.21194254, 0.9741837, 0.07775937), (-0.14422663, 0.98923665, 0.024690632), (-0.14496668, 0.9891354, 0.024410805), (-0.1449255, 0.989141, 0.024426356), (-0.14575675, 0.9890266, 0.024112014), (-0.057796292, 0.99761295, 0.037789274), (-0.057781734, 0.99761367, 0.037794217), (-0.057783194, 0.99761355, 0.03779295), (-0.05777275, 0.99761426, 0.037790105), (-0.06786498, 0.994699, -0.07725454), (-0.06784061, 0.99470043, -0.07725791), (-0.06783285, 0.9947008, -0.07725994), (-0.09448051, 0.9928033, -0.073586494), (-0.20113279, 0.97789884, 0.05709094), (-0.20115064, 0.9778951, 0.05709237), (-0.20112689, 0.9779001, 0.057091482), (-0.16567616, 0.98460674, 0.055687897), (-0.03825388, 0.99449605, -0.09754046), (-0.037739046, 0.9945517, -0.09717347), (-0.038180042, 0.9945042, -0.09748776), (-0.036724646, 0.9946601, -0.096450254), (0.051031314, 0.9947484, 0.0887206), (0.051028255, 0.99474853, 0.0887216), (0.051034674, 0.9947483, 0.08871948), (0.038164586, 0.9948895, 0.09347947), (0.975361, 0.22031032, -0.011588051), (0.975361, 0.2203106, -0.011587786), (0.975361, 0.22031015, -0.011588268), (0.975355, 0.22033644, -0.011595659), (0.9761914, 0.21674837, 0.008395229), (0.9746241, 0.21849424, 0.048663203), (0.9746255, 0.21848778, 0.04866221), (0.97462624, 0.21848539, 0.048661184), (0.97462463, 0.21849483, 0.04864882), (0.112397276, 0.9277151, -0.3559655), (0.11238625, 0.9277168, -0.35596496), (0.11237566, 0.92771906, -0.3559623), (0.06858004, 0.93482393, -0.34842664), (0.039950006, 0.9985934, -0.03485983), (0.039873436, 0.99859935, -0.034777828), (0.039872576, 0.99859935, -0.0347769), (0.039779134, 0.9986066, -0.03467683), (0.009117944, 0.99969566, 0.022921402), (0.009103819, 0.9996958, 0.022923188), (0.009103917, 0.9996958, 0.02292326), (-0.010420636, 0.999569, 0.027444068), (-0.010414918, 0.9995728, 0.027309032), (-0.15358362, 0.98810184, -0.008183157), (-0.15358332, 0.98810184, -0.008183527), (-0.15357964, 0.9881024, -0.008184394), (-0.14241715, 0.98973584, -0.011852444), (0.038681366, 0.99891126, 0.026078349), (0.038619183, 0.9989133, 0.026089327), (0.038680255, 0.99891126, 0.026078418), (0.030238075, 0.99916315, 0.027542727), (0.059381194, 0.983327, -0.1718779), (0.05939611, 0.9833244, -0.17188679), (0.059420537, 0.9833203, -0.17190228), (0.032857645, 0.9873949, -0.15482828), (-0.12825726, 0.989808, -0.061888207), (-0.12830518, 0.9898028, -0.061873026), (-0.12827237, 0.98980635, -0.061883267), (-0.12558652, 0.99009717, -0.06273588), (-0.002195815, 0.99998903, 0.0041440544), (-0.002201364, 0.99998903, 0.0041386285), (-0.0022075062, 0.99998903, 0.004132942), (0.030423006, 0.9989029, 0.03559976), (0.030452011, 0.9989017, 0.03560901), (0.03480208, 0.97800535, 0.20565568), (0.03477428, 0.97800773, 0.20564899), (0.034771398, 0.978008, 0.2056488), (-0.0072617866, 0.98099846, 0.19387951), (-0.23515615, 0.96111226, 0.14479247), (-0.23515156, 0.96111345, 0.14479177), (-0.23518007, 0.96110535, 0.14479995), (-0.23515397, 0.96111315, 0.14479026), (-0.07526146, 0.90135026, 0.42650142), (-0.07526117, 0.90134954, 0.42650294), (-0.07526148, 0.9013452, 0.42651215), (-0.07526033, 0.9013299, 0.42654464), (-0.10589034, 0.933939, -0.3413871), (-0.10588167, 0.933939, -0.34138995), (-0.10588657, 0.93393284, -0.3414051), (-0.10590043, 0.9339355, -0.34139353), (-0.21516478, 0.9389549, 0.26845437), (-0.21515642, 0.93894994, 0.2684784), (-0.21516417, 0.93895143, 0.2684673), (-0.21516494, 0.93895334, 0.26845995), (-0.1831012, 0.96397746, 0.19292834), (-0.18308876, 0.963975, 0.19295263), (-0.18309845, 0.963979, 0.1929235), (-0.18310358, 0.96397835, 0.19292189), (-0.003885731, 0.5311377, -0.84727657), (-0.0038369892, 0.53113204, -0.8472803), (-0.003861174, 0.53113747, -0.84727687), (-0.0038512198, 0.5311235, -0.8472856), (0.008827609, 0.9492845, 0.3142943), (0.0088156825, 0.9492807, 0.31430626), (0.008826229, 0.94928163, 0.31430325), (0.008824905, 0.94928527, 0.31429234), (0.059120167, 0.97238076, 0.2257885), (0.05913984, 0.9723822, 0.2257772), (0.059132133, 0.9723789, 0.22579303), (0.059120253, 0.97238094, 0.22578771), (-0.20993836, 0.94687027, -0.2436441), (-0.20993862, 0.94687253, -0.2436352), (-0.20994516, 0.9468675, -0.24364898), (-0.20992048, 0.9468797, -0.24362321), (-0.057221588, 0.65670544, -0.7519731), (-0.05723308, 0.65669274, -0.7519834), (-0.057223074, 0.65670455, -0.7519739), (-0.057215743, 0.6567178, -0.75196284), (0.0035124577, 0.8195642, 0.5729766), (0.0035187902, 0.81955945, 0.57298344), (0.0035064933, 0.8195609, 0.57298136), (0.0034997165, 0.8195685, 0.5729705), (0.036494993, 0.29851732, -0.9537062), (0.036493845, 0.2985099, -0.9537086), (0.036506318, 0.29852661, -0.9537028), (0.036538247, 0.29848942, -0.95371336), (0.06865467, 0.9445879, 0.32099903), (0.06865225, 0.94458944, 0.32099488), (0.068644024, 0.9445909, 0.32099196), (0.06865161, 0.9445883, 0.32099843), (-0.08047036, 0.99512094, -0.057086255), (-0.0804477, 0.99512476, -0.057052683), (-0.08047238, 0.99512035, -0.057093408), (-0.08049602, 0.99511933, -0.057077195), (-0.0519312, 0.99864477, -0.0034229693), (-0.07923471, 0.99680835, -0.00973993), (-0.05185389, 0.9986487, -0.003458387), (-0.07925043, 0.9968072, -0.009743791), (-0.07924084, 0.9968078, -0.009754822), (-0.063469596, 0.99783415, -0.017281258), (-0.4051315, 0.90969115, -0.09127096), (-0.40512484, 0.90969384, -0.09127401), (-0.4051399, 0.9096877, -0.09126828), (-0.405143, 0.9096863, -0.09126778), (0.2615085, 0.9610494, -0.089428514), (0.2615047, 0.96104985, -0.08943526), (0.26151207, 0.9610478, -0.08943425), (0.26152366, 0.9610452, -0.08942932), (-0.23666294, 0.9282089, 0.28708678), (-0.23667058, 0.92821205, 0.28707036), (-0.23665869, 0.92820424, 0.2871056), (-0.23667273, 0.9282106, 0.2870734), (-0.3450688, 0.93855786, -0.006058155), (-0.3450645, 0.9385595, -0.0060549714), (-0.3450709, 0.93855715, -0.006052366), (-0.34506366, 0.93855965, -0.006063208), (-0.14752235, 0.9884282, -0.03531041), (-0.14752111, 0.98842853, -0.03530751), (-0.14751552, 0.9884298, -0.03529354), (-0.14752747, 0.988427, -0.035322092), (0.1341301, 0.8978148, -0.41944915), (0.13413393, 0.8978256, -0.41942513), (0.1341299, 0.8978203, -0.4194376), (0.13412881, 0.8978222, -0.4194337), (0.47333372, 0.8808533, -0.0072649936), (0.47332114, 0.8808599, -0.0072627948), (0.4733321, 0.880854, -0.007265422), (0.47332412, 0.8808585, -0.0072628437), (0.06252642, 0.7694814, 0.6356012), (0.06254792, 0.76947224, 0.6356101), (0.06252406, 0.769479, 0.6356043), (0.0625155, 0.7694645, 0.6356227), (-0.023264822, 0.99664366, 0.07848691), (-0.023282899, 0.996646, 0.07845202), (-0.023270398, 0.9966444, 0.07847632), (-0.023258302, 0.9966438, 0.07848769), (-0.07319881, 0.82056755, -0.56684285), (-0.073198155, 0.8205715, -0.5668373), (-0.07318117, 0.8205808, -0.566826), (-0.073191, 0.82056314, -0.5668502), (0.016366784, 0.16850965, -0.9855641), (0.016375504, 0.16851385, -0.9855633), (0.016360903, 0.16848376, -0.9855686), (-0.02250278, 0.19263999, -0.9810114), (-0.022494309, 0.19266146, -0.9810074), (-0.96979934, 0.24366052, -0.010903357), (-0.96979755, 0.24366724, -0.010908074), (-0.96979606, 0.24367273, -0.010913037), (-0.9697967, 0.24367042, -0.010906716), (-0.12672159, 0.98997283, 0.062414158), (-0.12671022, 0.9899725, 0.06244209), (-0.12672567, 0.9899721, 0.062415536), (-0.12670912, 0.9899726, 0.062442012), (-0.98848116, 0.15133211, -0.0018873598), (-0.988492, 0.15126216, -0.0018242176), (-0.9885147, 0.1511154, -0.0016929554), (-0.988499, 0.15121673, -0.0017823199), (-0.97645414, 0.2138268, 0.028556041), (-0.97645456, 0.21382532, 0.02855113), (-0.9764479, 0.21385762, 0.028540064), (-0.9671336, 0.2539112, 0.013482153), (0.98266786, 0.18536137, 0.0022604985), (0.9826717, 0.18534097, 0.0022535473), (0.98266864, 0.18535714, 0.0022586456), (0.98267084, 0.18534534, 0.0022519603), (-0.982466, 0.1864125, 0.0033091493), (-0.98245865, 0.18645182, 0.0032969734), (-0.98246413, 0.18642242, 0.0033065302), (-0.9824652, 0.18641686, 0.0033049434), (0.31206766, 0.94911826, 0.042287566), (0.31204137, 0.9491263, 0.042300828), (0.31206128, 0.9491201, 0.04229492), (0.31205735, 0.94912124, 0.04229816), (-0.9831065, 0.17685898, 0.047141626), (-0.9831064, 0.17686082, 0.047139656), (-0.98310626, 0.17686154, 0.047138914), (-0.983108, 0.17685251, 0.047135238), (-0.0979161, 0.9386232, 0.3307549), (-0.09791043, 0.93861556, 0.3307787), (-0.097916186, 0.9386244, 0.3307519), (-0.097910784, 0.9386153, 0.33077908), (0.038898245, 0.9227343, 0.38346896), (0.038906753, 0.92273164, 0.3834744), (0.038876034, 0.9227433, 0.3834491), (0.038894698, 0.92273027, 0.38347882), (0.15540247, 0.9138149, -0.37522298), (0.15538777, 0.91380954, -0.37524232), (0.15540206, 0.91381145, -0.37523186), (0.15539362, 0.9138146, -0.37522745), (-0.0068489756, 0.7703873, -0.63753945), (-0.0068336916, 0.77039915, -0.6375253), (-0.006836348, 0.77040225, -0.63752156), (-0.0068516135, 0.7703803, -0.63754785), (0.13101569, 0.9641828, 0.23062177), (0.1310296, 0.9641797, 0.23062693), (0.13100307, 0.9641861, 0.23061495), (0.13100228, 0.964186, 0.23061605), (-0.072002016, 0.98797244, 0.13684425), (-0.07162846, 0.9879484, 0.13721286), (-0.071626864, 0.9879474, 0.13722065), (-0.07159851, 0.98794913, 0.13722317), (-0.056022666, 0.9970734, 0.052019905), (-0.056032516, 0.99707294, 0.05201897), (-0.05605762, 0.9970708, 0.052031323), (-0.056043807, 0.9970726, 0.052012306), (0.16364267, 0.65940005, -0.73376614), (0.16362298, 0.6594413, -0.7337333), (0.16366728, 0.6594162, -0.73374605), (0.16359527, 0.6594368, -0.7337436), (0.13012902, 0.9773638, 0.16681232), (0.13014263, 0.97736245, 0.16681002), (0.13013247, 0.97736347, 0.166812), (0.08443751, 0.9808894, 0.17528962), (0.004556049, 0.99017465, 0.13976203), (0.0045629847, 0.99017453, 0.13976212), (0.0045679733, 0.99017453, 0.13976237), (-0.007691098, 0.9901696, 0.13965975), (-0.017938683, 0.9959304, -0.08832253), (-0.017953502, 0.9959286, -0.08833979), (-0.01792873, 0.9959317, -0.08830935), (-0.03686708, 0.99280256, -0.11394685), (0.05292647, 0.9728373, 0.22535795), (0.05291766, 0.972837, 0.22536168), (0.052917905, 0.9728371, 0.22536126), (0.07181718, 0.9735821, 0.21674907), (-0.035677034, 0.9942931, -0.100540265), (-0.03575696, 0.994286, -0.10058259), (-0.03580743, 0.9942814, -0.10060948), (-0.03569229, 0.9942918, -0.10054838), (0.0763365, 0.9961588, -0.042900626), (0.076348335, 0.9961588, -0.042880222), (0.076335765, 0.9961588, -0.042902384), (0.07633967, 0.99615884, -0.042892378), (-0.026873615, 0.9994616, 0.01882308), (-0.026878845, 0.9994615, 0.018826308), (-0.026865367, 0.99946195, 0.01881847), (-0.012815987, 0.99986005, 0.010749479), (0.061872557, 0.98105663, 0.18357478), (0.0618632, 0.9810588, 0.18356603), (0.061898764, 0.98105514, 0.18357396), (0.061867476, 0.98105985, 0.1835592), (0.12188852, 0.9797402, -0.15891014), (0.12192519, 0.97973937, -0.15888666), (0.121920675, 0.9797396, -0.15888873), (0.12191791, 0.9797395, -0.15889154)]
    uniform token orientation
    point3f[] points = [(6.1745024, 2.366962, 10.821425), (-2.5076768, 2.263064, 10.472928), (0.60522866, 2.2659285, 9.5813), (-2.5076768, 2.263064, 10.472928), (-0.5710396, 2.615515, 8.469293), (0.60522866, 2.2659285, 9.5813), (-10.944035, 2.0356672, 11.2159), (-7.174332, 2.4768784, 7.728793), (-6.1229453, 2.566459, 7.9589243), (-3.305573, 2.7236364, 8.11262), (-2.5076768, 2.263064, 10.472928), (-4.2203655, 2.3672638, 8.848833), (0.60522866, 2.2659285, 9.5813), (1.3468188, 2.3626385, 7.8998246), (3.8047633, 2.4932191, 9.306212), (-4.2203655, 2.3672638, 8.848833), (-2.5076768, 2.263064, 10.472928), (-6.1229453, 2.566459, 7.9589243), (-4.2203655, 2.3672638, 8.848833), (-6.1229453, 2.566459, 7.9589243), (-5.0152874, 2.5849397, 7.793872), (3.8047633, 2.4932191, 9.306212), (5.4622636, 2.6716433, 7.7148223), (6.8921146, 2.4255223, 8.565014), (-0.5710396, 2.615515, 8.469293), (-1.7115562, 2.8037703, 7.7668595), (-1.1611148, 2.8317413, 7.4059405), (-0.5710396, 2.615515, 8.469293), (0.66774476, 2.4901843, 7.0476856), (1.3468188, 2.3626385, 7.8998246), (2.742608, 2.5886443, 7.724891), (1.3468188, 2.3626385, 7.8998246), (1.5167233, 2.7778203, 6.588212), (-0.5710396, 2.615515, 8.469293), (-1.1611148, 2.8317413, 7.4059405), (0.66774476, 2.4901843, 7.0476856), (6.8921146, 2.4255223, 8.565014), (7.541845, 3.1003902, 5.920803), (9.255561, 2.386517, 7.735219), (2.742608, 2.5886443, 7.724891), (3.0422504, 2.9685063, 6.1430297), (4.0246096, 2.6342862, 7.275466), (1.5167233, 2.7778203, 6.588212), (1.9410188, 2.7378697, 6.0704126), (2.742608, 2.5886443, 7.724891), (-5.0152874, 2.5849397, 7.793872), (-6.1229453, 2.566459, 7.9589243), (-5.407162, 2.555429, 6.891088), (1.3468188, 2.3626385, 7.8998246), (0.66774476, 2.4901843, 7.0476856), (1.5167233, 2.7778203, 6.588212), (-1.1611148, 2.8317413, 7.4059405), (-0.53125805, 2.7740347, 6.42018), (0.66774476, 2.4901843, 7.0476856), (0.66774476, 2.4901843, 7.0476856), (-0.53125805, 2.7740347, 6.42018), (0.6029759, 2.5720215, 5.739363), (-10.944035, 2.0356672, 11.2159), (-9.747995, 1.9075062, 6.6475725), (-7.174332, 2.4768784, 7.728793), (-10.944035, 2.0356672, 11.2159), (-11.059698, 1.8913479, 3.626531), (-9.747995, 1.9075062, 6.6475725), (9.255561, 2.386517, 7.735219), (7.541845, 3.1003902, 5.920803), (9.64285, 2.2348769, 4.684731), (1.5167233, 2.7778203, 6.588212), (0.66774476, 2.4901843, 7.0476856), (0.6029759, 2.5720215, 5.739363), (-1.1611148, 2.8317413, 7.4059405), (-2.4404263, 2.7265205, 6.3898497), (-1.8685844, 2.40097, 6.025204), (3.0422504, 2.9685063, 6.1430297), (1.9410188, 2.7378697, 6.0704126), (2.610946, 3.2122889, 5.096254), (-6.315408, 2.4397807, 6.496938), (-5.614912, 2.327842, 6.2884727), (-5.407162, 2.555429, 6.891088), (-7.174332, 2.4768784, 7.728793), (-7.175799, 2.1856136, 6.149378), (-6.315408, 2.4397807, 6.496938), (4.0246096, 2.6342862, 7.275466), (3.7715502, 3.07748, 5.803565), (4.3918333, 3.028734, 5.304555), (-5.407162, 2.555429, 6.891088), (-5.614912, 2.327842, 6.2884727), (-3.721089, 2.6265697, 5.7533817), (1.9410188, 2.7378697, 6.0704126), (0.6029759, 2.5720215, 5.739363), (1.9332148, 2.9334502, 4.912505), (-3.721089, 2.6265697, 5.7533817), (-5.614912, 2.327842, 6.2884727), (-4.907691, 2.3566322, 5.3886576), (3.7715502, 3.07748, 5.803565), (3.0422504, 2.9685063, 6.1430297), (3.0476918, 3.185178, 4.581433), (3.0422504, 2.9685063, 6.1430297), (2.610946, 3.2122889, 5.096254), (3.0476918, 3.185178, 4.581433), (5.9818907, 2.8204813, 5.2197227), (4.3918333, 3.028734, 5.304555), (5.3671556, 2.6671, 4.1498065), (1.9332148, 2.9334502, 4.912505), (0.6029759, 2.5720215, 5.739363), (0.45224494, 2.6221454, 4.958469), (0.6029759, 2.5720215, 5.739363), (-0.86977935, 2.5990758, 4.7012057), (0.45224494, 2.6221454, 4.958469), (-4.907691, 2.3566322, 5.3886576), (-5.614912, 2.327842, 6.2884727), (-5.4497247, 2.1224442, 4.885111), (5.3671556, 2.6671, 4.1498065), (4.3918333, 3.028734, 5.304555), (4.340918, 2.8119085, 4.4184694), (3.0476918, 3.185178, 4.581433), (3.3067217, 3.162391, 4.3563294), (4.340918, 2.8119085, 4.4184694), (-1.8685844, 2.40097, 6.025204), (-3.4627643, 2.2081194, 5.165454), (-3.0517318, 2.2763865, 3.0754519), (-5.4497247, 2.1224442, 4.885111), (-7.175799, 2.1856136, 6.149378), (-7.2229843, 2.2972493, 4.226316), (9.64285, 2.2348769, 4.684731), (7.541845, 3.1003902, 5.920803), (7.0246763, 2.7577367, 4.423864), (5.9818907, 2.8204813, 5.2197227), (5.3671556, 2.6671, 4.1498065), (7.0246763, 2.7577367, 4.423864), (3.0476918, 3.185178, 4.581433), (1.9332148, 2.9334502, 4.912505), (2.111855, 3.0400655, 3.9844778), (-3.4627643, 2.2081194, 5.165454), (-3.8101296, 2.412877, 4.152665), (-3.0517318, 2.2763865, 3.0754519), (-7.175799, 2.1856136, 6.149378), (-9.747995, 1.9075062, 6.6475725), (-7.2229843, 2.2972493, 4.226316), (0.45224494, 2.6221454, 4.958469), (-0.86977935, 2.5990758, 4.7012057), (0.32606712, 2.370471, 3.9462306), (0.32606712, 2.370471, 3.9462306), (-0.86977935, 2.5990758, 4.7012057), (-1.5066448, 2.3539517, 4.2758074), (9.255561, 2.386517, 7.735219), (9.64285, 2.2348769, 4.684731), (10.578737, 2.3766577, 10.815434), (4.340918, 2.8119085, 4.4184694), (3.3067217, 3.162391, 4.3563294), (3.852231, 2.7858407, 2.7632077), (-4.63444, 2.4662697, 4.793608), (-5.4497247, 2.1224442, 4.885111), (-3.8101296, 2.412877, 4.152665), (3.0476918, 3.185178, 4.581433), (2.111855, 3.0400655, 3.9844778), (2.5152504, 2.7696745, 3.019039), (1.3103555, 2.644461, 4.058351), (1.8917747, 2.5629025, 3.0223281), (2.111855, 3.0400655, 3.9844778), (5.3671556, 2.6671, 4.1498065), (4.340918, 2.8119085, 4.4184694), (3.852231, 2.7858407, 2.7632077), (1.3103555, 2.644461, 4.058351), (0.32606712, 2.370471, 3.9462306), (-0.45593616, 2.495168, 2.7603621), (-3.8101296, 2.412877, 4.152665), (-5.4497247, 2.1224442, 4.885111), (-4.829463, 2.4355364, 3.0569396), (-1.5066448, 2.3539517, 4.2758074), (-1.9916042, 2.4969656, 3.2128072), (-1.3965216, 2.5184762, 2.9660375), (-5.4497247, 2.1224442, 4.885111), (-6.371475, 2.4770513, 3.953881), (-4.829463, 2.4355364, 3.0569396), (-6.371475, 2.4770513, 3.953881), (-6.5477347, 2.251017, 3.340909), (-4.829463, 2.4355364, 3.0569396), (9.64285, 2.2348769, 4.684731), (7.0246763, 2.7577367, 4.423864), (7.421703, 2.4965124, 3.0288248), (-7.784867, 2.5143743, -3.4241438), (-9.863546, 2.2200003, -3.6952019), (-9.170663, 2.199266, -5.8845305), (-7.784867, 2.5143743, -3.4241438), (-7.7710643, 2.5442038, -4.3793178), (-6.5111265, 2.6676662, -3.8000784), (-5.33264, 2.4234252, -4.064509), (-4.7188745, 2.2542803, -5.07659), (-3.4947078, 2.2392051, -4.4635816), (6.624392, 2.4918916, -4.7580023), (7.203864, 2.4657676, -5.5563817), (8.2192135, 2.3449507, -4.4611645), (-5.33264, 2.4234252, -4.064509), (-6.7179356, 2.3473997, -4.7000556), (-4.7188745, 2.2542803, -5.07659), (7.203864, 2.4657676, -5.5563817), (6.624392, 2.4918916, -4.7580023), (6.8031125, 2.378041, -5.8683367), (6.624392, 2.4918916, -4.7580023), (5.9243445, 2.6351128, -5.025455), (6.8031125, 2.378041, -5.8683367), (-2.6142986, 2.2965498, -4.333743), (-2.7229934, 2.4212174, -5.5486894), (-1.4352599, 2.501582, -4.662769), (-3.4947078, 2.2392051, -4.4635816), (-4.7188745, 2.2542803, -5.07659), (-3.7742987, 2.094477, -5.4989753), (-5.7763224, 2.2619913, -6.0675597), (-6.7179356, 2.3473997, -4.7000556), (-6.8581595, 2.388674, -5.604491), (-0.21980901, 2.6225162, -4.913384), (-1.4251807, 2.2666862, -5.7079387), (0.35087156, 2.544938, -6.158232), (1.1868788, 2.82721, -4.948989), (1.7648591, 2.8211281, -6.5663786), (3.0126984, 3.026555, -4.5509677), (-2.265535, 2.4244843, -5.7505035), (-2.2010736, 2.4109354, -6.6352825), (-1.4251807, 2.2666862, -5.7079387), (-3.7742987, 2.094477, -5.4989753), (-4.7188745, 2.2542803, -5.07659), (-4.775453, 2.2073927, -6.491739), (0.35087156, 2.544938, -6.158232), (-1.4251807, 2.2666862, -5.7079387), (-0.9170051, 2.6072686, -7.027438), (6.8031125, 2.378041, -5.8683367), (5.9243445, 2.6351128, -5.025455), (5.422529, 2.3960183, -7.733748), (-5.7763224, 2.2619913, -6.0675597), (-6.8581595, 2.388674, -5.604491), (-7.5255985, 2.3227415, -6.6342907), (3.757174, 2.6693196, -5.898759), (1.7648591, 2.8211281, -6.5663786), (1.8005815, 2.5174282, -7.254827), (6.8031125, 2.378041, -5.8683367), (5.422529, 2.3960183, -7.733748), (6.5068254, 2.2004597, -8.409202), (-2.2010736, 2.4109354, -6.6352825), (-3.870996, 2.135319, -6.4763684), (-4.0740347, 2.121266, -8.318813), (10.581391, 2.1521547, -7.419766), (6.8031125, 2.378041, -5.8683367), (6.5068254, 2.2004597, -8.409202), (-3.870996, 2.135319, -6.4763684), (-5.721802, 2.4144588, -7.9633026), (-4.0740347, 2.121266, -8.318813), (-0.9170051, 2.6072686, -7.027438), (-3.1760325, 2.14752, -9.760993), (0.018532991, 2.60812, -8.085412), (5.422529, 2.3960183, -7.733748), (2.204342, 2.2029374, -9.648056), (6.5068254, 2.2004597, -8.409202), (10.581391, 2.1521547, -7.419766), (6.5068254, 2.2004597, -8.409202), (10.478051, 2.1461217, -10.456148), (0.018532991, 2.60812, -8.085412), (-3.1760325, 2.14752, -9.760993), (2.204342, 2.2029374, -9.648056), (-4.0740347, 2.121266, -8.318813), (-5.721802, 2.4144588, -7.9633026), (-3.1760325, 2.14752, -9.760993), (-5.721802, 2.4144588, -7.9633026), (-8.269381, 2.2482617, -8.203115), (-3.1760325, 2.14752, -9.760993), (-3.1760325, 2.14752, -9.760993), (-8.269381, 2.2482617, -8.203115), (-11.183596, 2.0796564, -10.241376), (-10.944035, 2.0356672, 11.2159), (-2.5076768, 2.263064, 10.472928), (6.1745024, 2.366962, 10.821425), (6.1745024, 2.366962, 10.821425), (0.60522866, 2.2659285, 9.5813), (3.8047633, 2.4932191, 9.306212), (3.8047633, 2.4932191, 9.306212), (1.3468188, 2.3626385, 7.8998246), (2.742608, 2.5886443, 7.724891), (-0.5710396, 2.615515, 8.469293), (1.3468188, 2.3626385, 7.8998246), (0.60522866, 2.2659285, 9.5813), (3.8047633, 2.4932191, 9.306212), (2.742608, 2.5886443, 7.724891), (5.4622636, 2.6716433, 7.7148223), (5.4622636, 2.6716433, 7.7148223), (2.742608, 2.5886443, 7.724891), (4.0246096, 2.6342862, 7.275466), (-4.2203655, 2.3672638, 8.848833), (-5.0152874, 2.5849397, 7.793872), (-3.305573, 2.7236364, 8.11262), (5.4622636, 2.6716433, 7.7148223), (6.053051, 2.7498717, 6.6798577), (6.8921146, 2.4255223, 8.565014), (-5.0152874, 2.5849397, 7.793872), (-3.377288, 2.48972, 7.104501), (-3.305573, 2.7236364, 8.11262), (6.8921146, 2.4255223, 8.565014), (6.053051, 2.7498717, 6.6798577), (7.541845, 3.1003902, 5.920803), (2.742608, 2.5886443, 7.724891), (1.9410188, 2.7378697, 6.0704126), (3.0422504, 2.9685063, 6.1430297), (-3.377288, 2.48972, 7.104501), (-2.4404263, 2.7265205, 6.3898497), (-3.305573, 2.7236364, 8.11262), (4.0246096, 2.6342862, 7.275466), (5.231367, 2.6199498, 6.532397), (5.4622636, 2.6716433, 7.7148223), (-5.0152874, 2.5849397, 7.793872), (-5.407162, 2.555429, 6.891088), (-3.377288, 2.48972, 7.104501), (-5.407162, 2.555429, 6.891088), (-3.721089, 2.6265697, 5.7533817), (-3.377288, 2.48972, 7.104501), (5.4622636, 2.6716433, 7.7148223), (5.231367, 2.6199498, 6.532397), (6.053051, 2.7498717, 6.6798577), (-7.174332, 2.4768784, 7.728793), (-9.747995, 1.9075062, 6.6475725), (-7.175799, 2.1856136, 6.149378), (-1.8685844, 2.40097, 6.025204), (-0.53125805, 2.7740347, 6.42018), (-1.1611148, 2.8317413, 7.4059405), (-3.377288, 2.48972, 7.104501), (-3.721089, 2.6265697, 5.7533817), (-2.4404263, 2.7265205, 6.3898497), (4.0246096, 2.6342862, 7.275466), (3.0422504, 2.9685063, 6.1430297), (3.7715502, 3.07748, 5.803565), (0.6029759, 2.5720215, 5.739363), (1.9410188, 2.7378697, 6.0704126), (1.5167233, 2.7778203, 6.588212), (-1.8685844, 2.40097, 6.025204), (0.6029759, 2.5720215, 5.739363), (-0.53125805, 2.7740347, 6.42018), (-6.315408, 2.4397807, 6.496938), (-7.175799, 2.1856136, 6.149378), (-5.614912, 2.327842, 6.2884727), (5.9818907, 2.8204813, 5.2197227), (7.0246763, 2.7577367, 4.423864), (7.541845, 3.1003902, 5.920803), (-1.8685844, 2.40097, 6.025204), (-0.86977935, 2.5990758, 4.7012057), (0.6029759, 2.5720215, 5.739363), (3.7715502, 3.07748, 5.803565), (3.0476918, 3.185178, 4.581433), (4.3918333, 3.028734, 5.304555), (-1.8685844, 2.40097, 6.025204), (-2.4404263, 2.7265205, 6.3898497), (-3.4627643, 2.2081194, 5.165454), (1.9410188, 2.7378697, 6.0704126), (1.9332148, 2.9334502, 4.912505), (2.610946, 3.2122889, 5.096254), (-3.721089, 2.6265697, 5.7533817), (-3.4627643, 2.2081194, 5.165454), (-2.4404263, 2.7265205, 6.3898497), (-3.721089, 2.6265697, 5.7533817), (-4.907691, 2.3566322, 5.3886576), (-3.4627643, 2.2081194, 5.165454), (3.0476918, 3.185178, 4.581433), (4.340918, 2.8119085, 4.4184694), (4.3918333, 3.028734, 5.304555), (1.9332148, 2.9334502, 4.912505), (3.0476918, 3.185178, 4.581433), (2.610946, 3.2122889, 5.096254), (-4.907691, 2.3566322, 5.3886576), (-4.63444, 2.4662697, 4.793608), (-3.4627643, 2.2081194, 5.165454), (-1.8685844, 2.40097, 6.025204), (-1.5066448, 2.3539517, 4.2758074), (-0.86977935, 2.5990758, 4.7012057), (-1.8685844, 2.40097, 6.025204), (-3.0517318, 2.2763865, 3.0754519), (-1.5066448, 2.3539517, 4.2758074), (-4.907691, 2.3566322, 5.3886576), (-5.4497247, 2.1224442, 4.885111), (-4.63444, 2.4662697, 4.793608), (1.9332148, 2.9334502, 4.912505), (1.3103555, 2.644461, 4.058351), (2.111855, 3.0400655, 3.9844778), (-3.4627643, 2.2081194, 5.165454), (-4.63444, 2.4662697, 4.793608), (-3.8101296, 2.412877, 4.152665), (-7.2229843, 2.2972493, 4.226316), (-6.371475, 2.4770513, 3.953881), (-5.4497247, 2.1224442, 4.885111), (0.45224494, 2.6221454, 4.958469), (1.3103555, 2.644461, 4.058351), (1.9332148, 2.9334502, 4.912505), (0.32606712, 2.370471, 3.9462306), (1.3103555, 2.644461, 4.058351), (0.45224494, 2.6221454, 4.958469), (3.0476918, 3.185178, 4.581433), (3.852231, 2.7858407, 2.7632077), (3.3067217, 3.162391, 4.3563294), (3.0476918, 3.185178, 4.581433), (2.5152504, 2.7696745, 3.019039), (3.852231, 2.7858407, 2.7632077), (-3.0517318, 2.2763865, 3.0754519), (-1.9916042, 2.4969656, 3.2128072), (-1.5066448, 2.3539517, 4.2758074), (6.2669425, 2.579214, 2.9008663), (7.421703, 2.4965124, 3.0288248), (7.0246763, 2.7577367, 4.423864), (-1.5066448, 2.3539517, 4.2758074), (-0.68107665, 2.6526809, 3.325237), (0.32606712, 2.370471, 3.9462306), (5.3671556, 2.6671, 4.1498065), (3.852231, 2.7858407, 2.7632077), (5.4211345, 2.5785897, 3.216476), (1.8917747, 2.5629025, 3.0223281), (2.5152504, 2.7696745, 3.019039), (2.111855, 3.0400655, 3.9844778), (-0.68107665, 2.6526809, 3.325237), (-0.45593616, 2.495168, 2.7603621), (0.32606712, 2.370471, 3.9462306), (-1.5066448, 2.3539517, 4.2758074), (-1.3965216, 2.5184762, 2.9660375), (-0.68107665, 2.6526809, 3.325237), (-7.2229843, 2.2972493, 4.226316), (-8.303064, 2.1902275, 3.575891), (-6.5477347, 2.251017, 3.340909), (-3.8101296, 2.412877, 4.152665), (-4.829463, 2.4355364, 3.0569396), (-3.0517318, 2.2763865, 3.0754519), (-1.3965216, 2.5184762, 2.9660375), (-0.45593616, 2.495168, 2.7603621), (-0.68107665, 2.6526809, 3.325237), (-7.2229843, 2.2972493, 4.226316), (-6.5477347, 2.251017, 3.340909), (-6.371475, 2.4770513, 3.953881), (10.578737, 2.3766577, 10.815434), (9.64285, 2.2348769, 4.684731), (10.439123, 2.4126964, 4.263229), (8.2192135, 2.3449507, -4.4611645), (10.581391, 2.1521547, -7.419766), (9.687126, 2.176944, -4.3768888), (-7.784867, 2.5143743, -3.4241438), (-9.170663, 2.199266, -5.8845305), (-7.7710643, 2.5442038, -4.3793178), (5.003098, 2.5933843, -4.5224013), (5.9243445, 2.6351128, -5.025455), (6.624392, 2.4918916, -4.7580023), (-2.6142986, 2.2965498, -4.333743), (-3.4947078, 2.2392051, -4.4635816), (-2.7229934, 2.4212174, -5.5486894), (-1.4352599, 2.501582, -4.662769), (-2.7229934, 2.4212174, -5.5486894), (-2.265535, 2.4244843, -5.7505035), (-3.4947078, 2.2392051, -4.4635816), (-3.7742987, 2.094477, -5.4989753), (-2.7229934, 2.4212174, -5.5486894), (-7.7710643, 2.5442038, -4.3793178), (-7.6449747, 2.3046274, -5.7505474), (-6.7179356, 2.3473997, -4.7000556), (8.2192135, 2.3449507, -4.4611645), (7.203864, 2.4657676, -5.5563817), (10.581391, 2.1521547, -7.419766), (-7.6449747, 2.3046274, -5.7505474), (-6.8581595, 2.388674, -5.604491), (-6.7179356, 2.3473997, -4.7000556), (5.003098, 2.5933843, -4.5224013), (3.0126984, 3.026555, -4.5509677), (3.757174, 2.6693196, -5.898759), (-9.170663, 2.199266, -5.8845305), (-7.6449747, 2.3046274, -5.7505474), (-7.7710643, 2.5442038, -4.3793178), (-0.21980901, 2.6225162, -4.913384), (0.35087156, 2.544938, -6.158232), (1.1868788, 2.82721, -4.948989), (-3.7742987, 2.094477, -5.4989753), (-3.870996, 2.135319, -6.4763684), (-2.7229934, 2.4212174, -5.5486894), (0.35087156, 2.544938, -6.158232), (1.7648591, 2.8211281, -6.5663786), (1.1868788, 2.82721, -4.948989), (4.1836658, 2.501758, -6.8544602), (5.003098, 2.5933843, -4.5224013), (3.757174, 2.6693196, -5.898759), (-2.7229934, 2.4212174, -5.5486894), (-2.2010736, 2.4109354, -6.6352825), (-2.265535, 2.4244843, -5.7505035), (3.0126984, 3.026555, -4.5509677), (1.7648591, 2.8211281, -6.5663786), (3.757174, 2.6693196, -5.898759), (-2.7229934, 2.4212174, -5.5486894), (-3.870996, 2.135319, -6.4763684), (-2.2010736, 2.4109354, -6.6352825), (-3.7742987, 2.094477, -5.4989753), (-4.775453, 2.2073927, -6.491739), (-3.870996, 2.135319, -6.4763684), (5.9243445, 2.6351128, -5.025455), (5.003098, 2.5933843, -4.5224013), (5.422529, 2.3960183, -7.733748), (-7.6449747, 2.3046274, -5.7505474), (-9.170663, 2.199266, -5.8845305), (-7.5255985, 2.3227415, -6.6342907), (7.203864, 2.4657676, -5.5563817), (6.8031125, 2.378041, -5.8683367), (10.581391, 2.1521547, -7.419766), (5.003098, 2.5933843, -4.5224013), (4.1836658, 2.501758, -6.8544602), (5.422529, 2.3960183, -7.733748), (-5.7763224, 2.2619913, -6.0675597), (-7.5255985, 2.3227415, -6.6342907), (-5.721802, 2.4144588, -7.9633026), (-7.6449747, 2.3046274, -5.7505474), (-7.5255985, 2.3227415, -6.6342907), (-6.8581595, 2.388674, -5.604491), (0.35087156, 2.544938, -6.158232), (1.8005815, 2.5174282, -7.254827), (1.7648591, 2.8211281, -6.5663786), (-2.2010736, 2.4109354, -6.6352825), (-0.9170051, 2.6072686, -7.027438), (-1.4251807, 2.2666862, -5.7079387), (1.8005815, 2.5174282, -7.254827), (0.018532991, 2.60812, -8.085412), (3.1631665, 2.3976521, -8.20281), (2.204342, 2.2029374, -9.648056), (10.478051, 2.1461217, -10.456148), (6.5068254, 2.2004597, -8.409202), (-10.944035, 2.0356672, 11.2159), (-6.1229453, 2.566459, 7.9589243), (-2.5076768, 2.263064, 10.472928), (-5.614912, 2.327842, 6.2884727), (-7.175799, 2.1856136, 6.149378), (-5.4497247, 2.1224442, 4.885111), (1.8917747, 2.5629025, 3.0223281), (1.3103555, 2.644461, 4.058351), (-0.45593616, 2.495168, 2.7603621), (-0.21980901, 2.6225162, -4.913384), (-1.4352599, 2.501582, -4.662769), (-1.4251807, 2.2666862, -5.7079387), (-2.265535, 2.4244843, -5.7505035), (-1.4251807, 2.2666862, -5.7079387), (-1.4352599, 2.501582, -4.662769), (4.1836658, 2.501758, -6.8544602), (3.757174, 2.6693196, -5.898759), (1.8005815, 2.5174282, -7.254827), (-9.170663, 2.199266, -5.8845305), (-10.991291, 1.9306052, -3.3722212), (-11.066534, 2.1073983, -6.9704285), (-10.991291, 1.9306052, -3.3722212), (-9.170663, 2.199266, -5.8845305), (-9.863546, 2.2200003, -3.6952019), (9.687126, 2.176944, -4.3768888), (10.581391, 2.1521547, -7.419766), (10.585638, 2.162126, -4.409149), (-2.100377, 2.4930596, 3.0801058), (-2.9882905, 2.3736923, 2.8451674), (-2.558987, 2.4979625, 1.922031), (-2.9882905, 2.3736923, 2.8451674), (-4.556021, 2.4397287, 2.9164848), (-3.8653843, 2.5909255, 2.0184762), (5.768838, 2.6728559, 2.6248393), (5.323969, 2.4233377, 1.6571931), (6.4682007, 2.4602792, 1.3463578), (3.3827486, 2.8437912, 2.472677), (2.7286785, 2.8472743, 2.7928283), (2.6277587, 2.583569, 1.8074625), (-0.07365962, 2.7317092, 2.3187945), (-1.157043, 2.5584724, 2.6791244), (-0.8295526, 2.8264449, 1.5891908), (-6.1746836, 2.5387132, 3.0643892), (-7.769985, 2.4153802, 3.1132991), (-6.8624473, 2.5602753, 2.416439), (-1.157043, 2.5584724, 2.6791244), (-2.558987, 2.4979625, 1.922031), (-0.8295526, 2.8264449, 1.5891908), (-2.558987, 2.4979625, 1.922031), (-3.0759048, 2.5503063, 1.6635603), (-2.6300585, 2.8871775, 0.82058156), (-0.8295526, 2.8264449, 1.5891908), (-1.0161952, 2.9132445, 0.5889545), (0.44601816, 2.701862, 1.158098), (5.323969, 2.4233377, 1.6571931), (5.2225914, 2.7750487, 0.7075281), (6.4682007, 2.4602792, 1.3463578), (5.323969, 2.4233377, 1.6571931), (3.7206435, 2.8105211, 0.7300608), (4.5025773, 3.0070233, -0.61831874), (2.6277587, 2.583569, 1.8074625), (1.8177803, 2.5459065, 1.370018), (2.5937078, 2.623481, 0.3101904), (-2.558987, 2.4979625, 1.922031), (-2.6300585, 2.8871775, 0.82058156), (-2.191331, 2.7002196, 0.49317434), (-0.8295526, 2.8264449, 1.5891908), (-2.191331, 2.7002196, 0.49317434), (-1.0161952, 2.9132445, 0.5889545), (6.0561795, 2.8692453, 0.19813402), (5.2225914, 2.7750487, 0.7075281), (4.5025773, 3.0070233, -0.61831874), (-2.6300585, 2.8871775, 0.82058156), (-3.3744292, 2.972227, -0.055600066), (-2.191331, 2.7002196, 0.49317434), (-2.6300585, 2.8871775, 0.82058156), (-3.5150104, 2.431385, 1.0359896), (-3.3744292, 2.972227, -0.055600066), (3.7206435, 2.8105211, 0.7300608), (2.5937078, 2.623481, 0.3101904), (3.2083285, 2.8567917, -0.8524884), (0.44601816, 2.701862, 1.158098), (1.3327451, 3.0363643, -0.63820773), (1.5936036, 2.8000302, 0.055973638), (-2.191331, 2.7002196, 0.49317434), (-3.3744292, 2.972227, -0.055600066), (-1.7957695, 3.2347634, -1.2782029), (-5.164144, 2.9667656, -0.23794931), (-6.811154, 2.8338177, 0.7577235), (-6.318112, 2.9937277, -1.0878454), (2.5937078, 2.623481, 0.3101904), (1.5936036, 2.8000302, 0.055973638), (3.2083285, 2.8567917, -0.8524884), (-4.461227, 2.843405, 0.67537254), (-4.2681494, 2.7685432, -1.0020654), (-3.3744292, 2.972227, -0.055600066), (6.0561795, 2.8692453, 0.19813402), (5.1833024, 3.1048434, -1.0377638), (6.7782416, 2.7273955, -0.46831682), (3.7206435, 2.8105211, 0.7300608), (3.2083285, 2.8567917, -0.8524884), (4.5025773, 3.0070233, -0.61831874), (3.2083285, 2.8567917, -0.8524884), (1.5936036, 2.8000302, 0.055973638), (1.3327451, 3.0363643, -0.63820773), (-6.811154, 2.8338177, 0.7577235), (-9.359843, 2.497577, -0.8366016), (-7.7200084, 2.7087688, -0.39308414), (-1.6822466, 3.0590935, -0.6478798), (-1.444055, 3.330724, -1.805225), (-0.74815184, 2.9980078, -0.45005694), (-3.3744292, 2.972227, -0.055600066), (-3.2964501, 3.0734541, -1.5087025), (-1.7957695, 3.2347634, -1.2782029), (-5.164144, 2.9667656, -0.23794931), (-5.0373693, 2.9726706, -1.328031), (-4.2681494, 2.7685432, -1.0020654), (6.7782416, 2.7273955, -0.46831682), (8.323248, 2.7682304, -2.062433), (8.615922, 2.8696184, 0.3454566), (0.9495294, 2.9954915, -1.0212588), (1.9432663, 3.0188065, -1.6360738), (1.3327451, 3.0363643, -0.63820773), (5.1833024, 3.1048434, -1.0377638), (4.340913, 3.020198, -1.8776724), (4.8620486, 2.9341161, -2.0494392), (1.9432663, 3.0188065, -1.6360738), (0.9495294, 2.9954915, -1.0212588), (-0.091055036, 2.9406111, -1.896927), (-1.6822466, 3.0590935, -0.6478798), (-1.7957695, 3.2347634, -1.2782029), (-1.444055, 3.330724, -1.805225), (-6.4818187, 2.8776815, -1.5530638), (-6.318112, 2.9937277, -1.0878454), (-7.4214525, 2.7579794, -1.8075302), (6.7782416, 2.7273955, -0.46831682), (6.4232407, 2.8306832, -2.1730485), (8.323248, 2.7682304, -2.062433), (4.340913, 3.020198, -1.8776724), (2.8332226, 3.0401316, -1.7703012), (3.3239174, 3.0707893, -2.9061468), (0.9495294, 2.9954915, -1.0212588), (-0.7247242, 3.2413661, -1.8575959), (-0.091055036, 2.9406111, -1.896927), (-1.7957695, 3.2347634, -1.2782029), (-3.2964501, 3.0734541, -1.5087025), (-2.620292, 3.0060995, -2.8645718), (-3.2964501, 3.0734541, -1.5087025), (-4.2681494, 2.7685432, -1.0020654), (-4.2030187, 2.9745672, -2.2333548), (2.8332226, 3.0401316, -1.7703012), (1.9432663, 3.0188065, -1.6360738), (2.2902937, 2.9410126, -2.7341378), (-0.7247242, 3.2413661, -1.8575959), (-1.444055, 3.330724, -1.805225), (-1.1464964, 3.2501671, -2.68546), (4.340913, 3.020198, -1.8776724), (3.3239174, 3.0707893, -2.9061468), (4.8620486, 2.9341161, -2.0494392), (2.2902937, 2.9410126, -2.7341378), (1.9432663, 3.0188065, -1.6360738), (1.2835554, 2.752069, -3.1065416), (-0.7247242, 3.2413661, -1.8575959), (-1.1464964, 3.2501671, -2.68546), (-0.091055036, 2.9406111, -1.896927), (6.4232407, 2.8306832, -2.1730485), (7.01297, 2.5897958, -3.9100807), (8.323248, 2.7682304, -2.062433), (-7.4214525, 2.7579794, -1.8075302), (-9.359843, 2.497577, -0.8366016), (-7.1625414, 2.653045, -3.2956018), (-1.387523, 2.9281566, -3.274701), (-2.620292, 3.0060995, -2.8645718), (-2.8181036, 2.662321, -3.785977), (-5.231967, 3.1095357, -2.049446), (-6.3905463, 2.7983196, -2.4903183), (-4.79494, 2.6712039, -3.927593), (3.0741205, 3.1789584, -3.6567016), (3.3239174, 3.0707893, -2.9061468), (2.4896586, 3.0130043, -3.5172896), (-0.20585819, 2.62453, -2.9138937), (0.14884105, 2.5508692, -3.2247915), (1.2835554, 2.752069, -3.1065416), (2.4896586, 3.0130043, -3.5172896), (1.2835554, 2.752069, -3.1065416), (0.7175169, 2.7558727, -3.5669603), (0.7175169, 2.7558727, -3.5669603), (1.2835554, 2.752069, -3.1065416), (0.14884105, 2.5508692, -3.2247915), (8.323248, 2.7682304, -2.062433), (7.01297, 2.5897958, -3.9100807), (7.733248, 2.5449488, -4.289857), (4.7330885, 2.7669516, -3.0167198), (4.980054, 2.834472, -4.535766), (6.210617, 2.6223035, -4.5097756), (0.14884105, 2.5508692, -3.2247915), (-0.7311091, 2.9011853, -3.1031651), (-0.46504265, 2.7211788, -3.957292), (8.323248, 2.7682304, -2.062433), (7.733248, 2.5449488, -4.289857), (8.980204, 2.3355958, -4.16879), (-0.7311091, 2.9011853, -3.1031651), (-1.6638802, 2.3865995, -4.103451), (-0.46504265, 2.7211788, -3.957292), (7.01297, 2.5897958, -3.9100807), (6.210617, 2.6223035, -4.5097756), (7.733248, 2.5449488, -4.289857), (0.7175169, 2.7558727, -3.5669603), (0.14884105, 2.5508692, -3.2247915), (-0.12137495, 2.6521513, -4.3835926), (3.0741205, 3.1789584, -3.6567016), (2.4896586, 3.0130043, -3.5172896), (1.0556446, 2.8281276, -4.4867444), (-0.46504265, 2.7211788, -3.957292), (-1.6638802, 2.3865995, -4.103451), (-0.12137495, 2.6521513, -4.3835926), (4.980054, 2.834472, -4.535766), (3.0741205, 3.1789584, -3.6567016), (2.7349913, 3.1958742, -4.420666), (5.0201125, 2.7986865, 2.6916232), (5.323969, 2.4233377, 1.6571931), (5.768838, 2.6728559, 2.6248393), (1.8494836, 2.665324, 2.807578), (2.6277587, 2.583569, 1.8074625), (2.7286785, 2.8472743, 2.7928283), (-2.9882905, 2.3736923, 2.8451674), (-3.8653843, 2.5909255, 2.0184762), (-3.0759048, 2.5503063, 1.6635603), (-6.1746836, 2.5387132, 3.0643892), (-5.1772985, 2.7424493, 1.3517003), (-4.556021, 2.4397287, 2.9164848), (1.8494836, 2.665324, 2.807578), (1.8177803, 2.5459065, 1.370018), (2.6277587, 2.583569, 1.8074625), (-2.558987, 2.4979625, 1.922031), (-1.157043, 2.5584724, 2.6791244), (-2.100377, 2.4930596, 3.0801058), (3.3827486, 2.8437912, 2.472677), (2.6277587, 2.583569, 1.8074625), (3.3269548, 2.7327013, 0.97965443), (5.0201125, 2.7986865, 2.6916232), (3.3269548, 2.7327013, 0.97965443), (5.323969, 2.4233377, 1.6571931), (-0.8295526, 2.8264449, 1.5891908), (0.44601816, 2.701862, 1.158098), (-0.07365962, 2.7317092, 2.3187945), (-2.9882905, 2.3736923, 2.8451674), (-3.0759048, 2.5503063, 1.6635603), (-2.558987, 2.4979625, 1.922031), (-3.8653843, 2.5909255, 2.0184762), (-3.5150104, 2.431385, 1.0359896), (-3.0759048, 2.5503063, 1.6635603), (-6.1746836, 2.5387132, 3.0643892), (-6.8624473, 2.5602753, 2.416439), (-6.811154, 2.8338177, 0.7577235), (-4.556021, 2.4397287, 2.9164848), (-5.1772985, 2.7424493, 1.3517003), (-3.8653843, 2.5909255, 2.0184762), (-7.769985, 2.4153802, 3.1132991), (-9.126594, 2.4628663, 1.339883), (-6.811154, 2.8338177, 0.7577235), (5.323969, 2.4233377, 1.6571931), (3.3269548, 2.7327013, 0.97965443), (3.7206435, 2.8105211, 0.7300608), (-3.8653843, 2.5909255, 2.0184762), (-4.461227, 2.843405, 0.67537254), (-3.5150104, 2.431385, 1.0359896), (-5.1772985, 2.7424493, 1.3517003), (-4.461227, 2.843405, 0.67537254), (-3.8653843, 2.5909255, 2.0184762), (5.323969, 2.4233377, 1.6571931), (4.5025773, 3.0070233, -0.61831874), (5.2225914, 2.7750487, 0.7075281), (6.4682007, 2.4602792, 1.3463578), (6.0561795, 2.8692453, 0.19813402), (6.7782416, 2.7273955, -0.46831682), (5.2225914, 2.7750487, 0.7075281), (6.0561795, 2.8692453, 0.19813402), (6.4682007, 2.4602792, 1.3463578), (-0.74815184, 2.9980078, -0.45005694), (-0.18266359, 3.048688, -0.1914494), (-1.0161952, 2.9132445, 0.5889545), (-4.461227, 2.843405, 0.67537254), (-3.3744292, 2.972227, -0.055600066), (-3.5150104, 2.431385, 1.0359896), (-1.0161952, 2.9132445, 0.5889545), (-2.191331, 2.7002196, 0.49317434), (-1.6822466, 3.0590935, -0.6478798), (6.0561795, 2.8692453, 0.19813402), (4.5025773, 3.0070233, -0.61831874), (5.1833024, 3.1048434, -1.0377638), (-4.461227, 2.843405, 0.67537254), (-5.164144, 2.9667656, -0.23794931), (-4.2681494, 2.7685432, -1.0020654), (-7.7200084, 2.7087688, -0.39308414), (-6.318112, 2.9937277, -1.0878454), (-6.811154, 2.8338177, 0.7577235), (-9.126594, 2.4628663, 1.339883), (-9.359843, 2.497577, -0.8366016), (-2.191331, 2.7002196, 0.49317434), (-1.7957695, 3.2347634, -1.2782029), (-1.6822466, 3.0590935, -0.6478798), (1.3327451, 3.0363643, -0.63820773), (1.9432663, 3.0188065, -1.6360738), (3.2083285, 2.8567917, -0.8524884), (-3.3744292, 2.972227, -0.055600066), (-4.2681494, 2.7685432, -1.0020654), (-3.2964501, 3.0734541, -1.5087025), (-0.74815184, 2.9980078, -0.45005694), (-0.7247242, 3.2413661, -1.8575959), (0.9495294, 2.9954915, -1.0212588), (-1.444055, 3.330724, -1.805225), (-0.7247242, 3.2413661, -1.8575959), (-0.74815184, 2.9980078, -0.45005694), (5.1833024, 3.1048434, -1.0377638), (5.6926713, 2.919427, -1.3347392), (6.7782416, 2.7273955, -0.46831682), (3.2083285, 2.8567917, -0.8524884), (1.9432663, 3.0188065, -1.6360738), (2.8332226, 3.0401316, -1.7703012), (-5.164144, 2.9667656, -0.23794931), (-6.318112, 2.9937277, -1.0878454), (-5.0373693, 2.9726706, -1.328031), (2.8332226, 3.0401316, -1.7703012), (4.340913, 3.020198, -1.8776724), (3.2083285, 2.8567917, -0.8524884), (5.6926713, 2.919427, -1.3347392), (6.4232407, 2.8306832, -2.1730485), (6.7782416, 2.7273955, -0.46831682), (-6.4818187, 2.8776815, -1.5530638), (-5.0373693, 2.9726706, -1.328031), (-6.318112, 2.9937277, -1.0878454), (5.1833024, 3.1048434, -1.0377638), (4.8620486, 2.9341161, -2.0494392), (5.6926713, 2.919427, -1.3347392), (-7.7200084, 2.7087688, -0.39308414), (-7.4214525, 2.7579794, -1.8075302), (-6.318112, 2.9937277, -1.0878454), (-6.4818187, 2.8776815, -1.5530638), (-5.231967, 3.1095357, -2.049446), (-5.0373693, 2.9726706, -1.328031), (5.6926713, 2.919427, -1.3347392), (4.8620486, 2.9341161, -2.0494392), (6.4232407, 2.8306832, -2.1730485), (-1.7957695, 3.2347634, -1.2782029), (-2.620292, 3.0060995, -2.8645718), (-1.444055, 3.330724, -1.805225), (-5.0373693, 2.9726706, -1.328031), (-4.2030187, 2.9745672, -2.2333548), (-4.2681494, 2.7685432, -1.0020654), (-5.231967, 3.1095357, -2.049446), (-4.2030187, 2.9745672, -2.2333548), (-5.0373693, 2.9726706, -1.328031), (-0.091055036, 2.9406111, -1.896927), (1.2835554, 2.752069, -3.1065416), (1.9432663, 3.0188065, -1.6360738), (3.3239174, 3.0707893, -2.9061468), (2.8332226, 3.0401316, -1.7703012), (2.2902937, 2.9410126, -2.7341378), (-2.620292, 3.0060995, -2.8645718), (-1.1464964, 3.2501671, -2.68546), (-1.444055, 3.330724, -1.805225), (-9.359843, 2.497577, -0.8366016), (-7.4214525, 2.7579794, -1.8075302), (-7.7200084, 2.7087688, -0.39308414), (4.8620486, 2.9341161, -2.0494392), (4.7330885, 2.7669516, -3.0167198), (6.4232407, 2.8306832, -2.1730485), (-0.20585819, 2.62453, -2.9138937), (1.2835554, 2.752069, -3.1065416), (-0.091055036, 2.9406111, -1.896927), (-4.2030187, 2.9745672, -2.2333548), (-2.620292, 3.0060995, -2.8645718), (-3.2964501, 3.0734541, -1.5087025), (-6.4818187, 2.8776815, -1.5530638), (-6.3905463, 2.7983196, -2.4903183), (-5.231967, 3.1095357, -2.049446), (-2.620292, 3.0060995, -2.8645718), (-1.387523, 2.9281566, -3.274701), (-1.1464964, 3.2501671, -2.68546), (4.7330885, 2.7669516, -3.0167198), (4.8620486, 2.9341161, -2.0494392), (3.3239174, 3.0707893, -2.9061468), (-0.7311091, 2.9011853, -3.1031651), (-0.20585819, 2.62453, -2.9138937), (-0.091055036, 2.9406111, -1.896927), (-5.231967, 3.1095357, -2.049446), (-4.79494, 2.6712039, -3.927593), (-4.2030187, 2.9745672, -2.2333548), (-1.1464964, 3.2501671, -2.68546), (-1.387523, 2.9281566, -3.274701), (-0.7311091, 2.9011853, -3.1031651), (-4.2030187, 2.9745672, -2.2333548), (-4.79494, 2.6712039, -3.927593), (-2.620292, 3.0060995, -2.8645718), (2.2902937, 2.9410126, -2.7341378), (2.4896586, 3.0130043, -3.5172896), (3.3239174, 3.0707893, -2.9061468), (6.4232407, 2.8306832, -2.1730485), (6.210617, 2.6223035, -4.5097756), (7.01297, 2.5897958, -3.9100807), (4.7330885, 2.7669516, -3.0167198), (6.210617, 2.6223035, -4.5097756), (6.4232407, 2.8306832, -2.1730485), (2.2902937, 2.9410126, -2.7341378), (1.2835554, 2.752069, -3.1065416), (2.4896586, 3.0130043, -3.5172896), (-6.3905463, 2.7983196, -2.4903183), (-6.115172, 2.825458, -3.653862), (-4.79494, 2.6712039, -3.927593), (-6.3905463, 2.7983196, -2.4903183), (-7.1625414, 2.653045, -3.2956018), (-6.115172, 2.825458, -3.653862), (-0.7311091, 2.9011853, -3.1031651), (0.14884105, 2.5508692, -3.2247915), (-0.20585819, 2.62453, -2.9138937), (-0.7311091, 2.9011853, -3.1031651), (-1.387523, 2.9281566, -3.274701), (-1.6638802, 2.3865995, -4.103451), (-2.620292, 3.0060995, -2.8645718), (-4.79494, 2.6712039, -3.927593), (-3.2077215, 2.365425, -4.157415), (-1.387523, 2.9281566, -3.274701), (-2.8181036, 2.662321, -3.785977), (-2.3512063, 2.4478028, -4.3092556), (-1.387523, 2.9281566, -3.274701), (-2.3512063, 2.4478028, -4.3092556), (-1.6638802, 2.3865995, -4.103451), (-2.620292, 3.0060995, -2.8645718), (-3.2077215, 2.365425, -4.157415), (-2.8181036, 2.662321, -3.785977), (-0.46504265, 2.7211788, -3.957292), (-0.12137495, 2.6521513, -4.3835926), (0.14884105, 2.5508692, -3.2247915), (-2.8181036, 2.662321, -3.785977), (-3.2077215, 2.365425, -4.157415), (-2.3512063, 2.4478028, -4.3092556), (3.0741205, 3.1789584, -3.6567016), (1.0556446, 2.8281276, -4.4867444), (2.7349913, 3.1958742, -4.420666), (3.3269548, 2.7327013, 0.97965443), (5.0201125, 2.7986865, 2.6916232), (3.3827486, 2.8437912, 2.472677), (-2.6300585, 2.8871775, 0.82058156), (-3.0759048, 2.5503063, 1.6635603), (-3.5150104, 2.431385, 1.0359896), (-6.811154, 2.8338177, 0.7577235), (-5.1772985, 2.7424493, 1.3517003), (-6.1746836, 2.5387132, 3.0643892), (-6.811154, 2.8338177, 0.7577235), (-6.8624473, 2.5602753, 2.416439), (-7.769985, 2.4153802, 3.1132991), (-0.8295526, 2.8264449, 1.5891908), (-2.558987, 2.4979625, 1.922031), (-2.191331, 2.7002196, 0.49317434), (-0.74815184, 2.9980078, -0.45005694), (-1.0161952, 2.9132445, 0.5889545), (-1.6822466, 3.0590935, -0.6478798), (-1.1464964, 3.2501671, -2.68546), (-0.7311091, 2.9011853, -3.1031651), (-0.091055036, 2.9406111, -1.896927), (-8.991932, 2.2646036, -3.3216977), (-7.1625414, 2.653045, -3.2956018), (-9.359843, 2.497577, -0.8366016), (8.615922, 2.8696184, 0.3454566), (8.323248, 2.7682304, -2.062433), (9.810433, 2.6150472, -1.8087171), (8.615922, 2.8696184, 0.3454566), (9.810433, 2.6150472, -1.8087171), (9.874885, 2.6216698, 0.6246638), (8.182239, 2.6572487, 2.2685218), (6.4682007, 2.4602792, 1.3463578), (6.7782416, 2.7273955, -0.46831682), (6.2669425, 2.579214, 2.9008663), (5.768838, 2.6728559, 2.6248393), (6.4682007, 2.4602792, 1.3463578), (6.2669425, 2.579214, 2.9008663), (6.4682007, 2.4602792, 1.3463578), (7.421703, 2.4965124, 3.0288248), (6.1745024, 2.366962, 10.821425), (6.58582, 0, 11.529514), (-11.390792, 0, 11.890993), (6.1745024, 2.366962, 10.821425), (-11.390792, 0, 11.890993), (-10.944035, 2.0356672, 11.2159), (-9.863546, 2.2200003, -3.6952019), (-8.991932, 2.2646036, -3.3216977), (-10.341742, 2.1975458, -3.4545228), (-9.863546, 2.2200003, -3.6952019), (-10.341742, 2.1975458, -3.4545228), (-10.991291, 1.9306052, -3.3722212), (2.089972, 2.2282789, -10.707794), (11.013102, 0, -10.9406185), (10.478051, 2.1461217, -10.456148), (10.478051, 2.1461217, -10.456148), (11.013102, 0, -10.9406185), (11.069189, 0, -7.763167), (10.478051, 2.1461217, -10.456148), (11.069189, 0, -7.763167), (10.581391, 2.1521547, -7.419766), (-11.066534, 2.1073983, -6.9704285), (-11.64091, 0, -10.830396), (-11.183596, 2.0796564, -10.241376), (-11.57521, 0, -3.7713559), (-10.991291, 1.9306052, -3.3722212), (10.581391, 2.1521547, -7.419766), (11.069189, 0, -7.763167), (11.027219, 0, -4.3654413), (10.581391, 2.1521547, -7.419766), (11.027219, 0, -4.3654413), (10.585638, 2.162126, -4.409149), (10.578737, 2.3766577, 10.815434), (10.876927, 0, 11.786008), (6.58582, 0, 11.529514), (10.578737, 2.3766577, 10.815434), (6.58582, 0, 11.529514), (6.1745024, 2.366962, 10.821425), (11.001195, 0, 2.555632), (11.040874, 0, 4.767078), (10.439123, 2.4126964, 4.263229), (11.001195, 0, 2.555632), (10.439123, 2.4126964, 4.263229), (10.411477, 2.3648605, 2.4284844), (10.585638, 2.162126, -4.409149), (9.677994, 2.2526364, -4.2021403), (8.980204, 2.3355958, -4.16879), (10.585638, 2.162126, -4.409149), (8.980204, 2.3355958, -4.16879), (9.687126, 2.176944, -4.3768888), (-10.266232, 2.1183984, 3.1985812), (-10.25483, 2.4496047, 1.2282059), (-9.126594, 2.4628663, 1.339883), (-10.266232, 2.1183984, 3.1985812), (-9.126594, 2.4628663, 1.339883), (-7.769985, 2.4153802, 3.1132991), (8.615922, 2.8696184, 0.3454566), (9.243506, 2.2896435, 2.6119745), (8.182239, 2.6572487, 2.2685218), (8.615922, 2.8696184, 0.3454566), (8.182239, 2.6572487, 2.2685218), (6.7782416, 2.7273955, -0.46831682), (5.231367, 2.6199498, 6.532397), (4.0246096, 2.6342862, 7.275466), (4.3918333, 3.028734, 5.304555), (5.9818907, 2.8204813, 5.2197227), (-9.747995, 1.9075062, 6.6475725), (-11.059698, 1.8913479, 3.626531), (-8.303064, 2.1902275, 3.575891), (-7.2229843, 2.2972493, 4.226316), (-4.775453, 2.2073927, -6.491739), (-5.721802, 2.4144588, -7.9633026), (-3.870996, 2.135319, -6.4763684), (-5.7763224, 2.2619913, -6.0675597), (-3.305573, 2.7236364, 8.11262), (-2.4404263, 2.7265205, 6.3898497), (-1.7115562, 2.8037703, 7.7668595), (-1.1611148, 2.8317413, 7.4059405), (1.8005815, 2.5174282, -7.254827), (3.1631665, 2.3976521, -8.20281), (4.1836658, 2.501758, -6.8544602), (5.422529, 2.3960183, -7.733748), (3.3269548, 2.7327013, 0.97965443), (2.6277587, 2.583569, 1.8074625), (2.5937078, 2.623481, 0.3101904), (3.7206435, 2.8105211, 0.7300608), (4.5025773, 3.0070233, -0.61831874), (4.340913, 3.020198, -1.8776724), (5.1833024, 3.1048434, -1.0377638), (3.2083285, 2.8567917, -0.8524884), (-7.4214525, 2.7579794, -1.8075302), (-7.1625414, 2.653045, -3.2956018), (-6.3905463, 2.7983196, -2.4903183), (-6.4818187, 2.8776815, -1.5530638), (3.3239174, 3.0707893, -2.9061468), (3.0741205, 3.1789584, -3.6567016), (4.7330885, 2.7669516, -3.0167198), (4.980054, 2.834472, -4.535766), (2.4896586, 3.0130043, -3.5172896), (0.7175169, 2.7558727, -3.5669603), (1.0556446, 2.8281276, -4.4867444), (-0.12137495, 2.6521513, -4.3835926), (9.64285, 2.2348769, 4.684731), (9.756046, 2.4426982, 2.4267023), (10.411477, 2.3648605, 2.4284844), (10.439123, 2.4126964, 4.263229), (-6.1229453, 2.566459, 7.9589243), (-7.174332, 2.4768784, 7.728793), (-6.315408, 2.4397807, 6.496938), (-5.407162, 2.555429, 6.891088), (6.053051, 2.7498717, 6.6798577), (5.9818907, 2.8204813, 5.2197227), (7.541845, 3.1003902, 5.920803), (5.231367, 2.6199498, 6.532397), (7.0246763, 2.7577367, 4.423864), (5.3671556, 2.6671, 4.1498065), (6.2669425, 2.579214, 2.9008663), (5.4211345, 2.5785897, 3.216476), (7.421703, 2.4965124, 3.0288248), (8.904404, 2.4514062, 2.6817217), (9.64285, 2.2348769, 4.684731), (9.756046, 2.4426982, 2.4267023), (11.027219, 0, -4.3654413), (10.552178, 2.2376816, -1.8065907), (10.585638, 2.162126, -4.409149), (11.105808, 0, -1.7369103), (10.591782, 2.2167234, 0.80263305), (11.027933, 0, 0.6996779), (11.001195, 0, 2.555632), (10.411477, 2.3648605, 2.4284844), (10.591782, 2.2167234, 0.80263305), (-5.33264, 2.4234252, -4.064509), (-6.5111265, 2.6676662, -3.8000784), (-6.7179356, 2.3473997, -4.7000556), (-7.7710643, 2.5442038, -4.3793178), (-6.7179356, 2.3473997, -4.7000556), (-5.7763224, 2.2619913, -6.0675597), (-4.7188745, 2.2542803, -5.07659), (-4.775453, 2.2073927, -6.491739), (2.089972, 2.2282789, -10.707794), (10.478051, 2.1461217, -10.456148), (2.204342, 2.2029374, -9.648056), (-11.183596, 2.0796564, -10.241376), (-3.1760325, 2.14752, -9.760993), (-2.2010736, 2.4109354, -6.6352825), (-2.6074643, 2.3372555, -7.9047685), (-0.9170051, 2.6072686, -7.027438), (-4.0740347, 2.121266, -8.318813), (1.8005815, 2.5174282, -7.254827), (0.35087156, 2.544938, -6.158232), (0.018532991, 2.60812, -8.085412), (-0.9170051, 2.6072686, -7.027438), (3.1631665, 2.3976521, -8.20281), (0.018532991, 2.60812, -8.085412), (2.204342, 2.2029374, -9.648056), (5.422529, 2.3960183, -7.733748), (-2.6074643, 2.3372555, -7.9047685), (-4.0740347, 2.121266, -8.318813), (-3.1760325, 2.14752, -9.760993), (-0.9170051, 2.6072686, -7.027438), (10.578737, 2.3766577, 10.815434), (6.1745024, 2.366962, 10.821425), (9.255561, 2.386517, 7.735219), (6.8921146, 2.4255223, 8.565014), (3.8047633, 2.4932191, 9.306212), (-1.7115562, 2.8037703, 7.7668595), (-0.5710396, 2.615515, 8.469293), (-2.5076768, 2.263064, 10.472928), (-3.305573, 2.7236364, 8.11262), (-11.006794, 2.244391, 1.1595052), (-10.25483, 2.4496047, 1.2282059), (-10.266232, 2.1183984, 3.1985812), (-11.059698, 1.8913479, 3.626531), (-0.45593616, 2.495168, 2.7603621), (-0.07365962, 2.7317092, 2.3187945), (1.8494836, 2.665324, 2.807578), (1.8917747, 2.5629025, 3.0223281), (3.0126984, 3.026555, -4.5509677), (2.7349913, 3.1958742, -4.420666), (1.0556446, 2.8281276, -4.4867444), (1.1868788, 2.82721, -4.948989), (-3.0517318, 2.2763865, 3.0754519), (-2.9882905, 2.3736923, 2.8451674), (-2.100377, 2.4930596, 3.0801058), (-1.9916042, 2.4969656, 3.2128072), (-7.784867, 2.5143743, -3.4241438), (-7.1625414, 2.653045, -3.2956018), (-8.991932, 2.2646036, -3.3216977), (-9.863546, 2.2200003, -3.6952019), (6.624392, 2.4918916, -4.7580023), (6.210617, 2.6223035, -4.5097756), (4.980054, 2.834472, -4.535766), (5.003098, 2.5933843, -4.5224013), (3.852231, 2.7858407, 2.7632077), (3.3827486, 2.8437912, 2.472677), (5.0201125, 2.7986865, 2.6916232), (5.4211345, 2.5785897, 3.216476), (2.5152504, 2.7696745, 3.019039), (2.7286785, 2.8472743, 2.7928283), (3.3827486, 2.8437912, 2.472677), (3.852231, 2.7858407, 2.7632077), (-6.5111265, 2.6676662, -3.8000784), (-6.115172, 2.825458, -3.653862), (-7.1625414, 2.653045, -3.2956018), (-7.784867, 2.5143743, -3.4241438), (-5.33264, 2.4234252, -4.064509), (-4.79494, 2.6712039, -3.927593), (-6.115172, 2.825458, -3.653862), (-6.5111265, 2.6676662, -3.8000784), (-8.303064, 2.1902275, 3.575891), (-7.769985, 2.4153802, 3.1132991), (-6.1746836, 2.5387132, 3.0643892), (-6.5477347, 2.251017, 3.340909), (5.003098, 2.5933843, -4.5224013), (4.980054, 2.834472, -4.535766), (2.7349913, 3.1958742, -4.420666), (3.0126984, 3.026555, -4.5509677), (-4.829463, 2.4355364, 3.0569396), (-4.556021, 2.4397287, 2.9164848), (-2.9882905, 2.3736923, 2.8451674), (-3.0517318, 2.2763865, 3.0754519), (-1.4352599, 2.501582, -4.662769), (-1.6638802, 2.3865995, -4.103451), (-2.3512063, 2.4478028, -4.3092556), (-2.6142986, 2.2965498, -4.333743), (-11.183596, 2.0796564, -10.241376), (-9.170663, 2.199266, -5.8845305), (-11.066534, 2.1073983, -6.9704285), (-8.269381, 2.2482617, -8.203115), (-7.5255985, 2.3227415, -6.6342907), (-5.721802, 2.4144588, -7.9633026), (-10.991291, 1.9306052, -3.3722212), (-10.341742, 2.1975458, -3.4545228), (-10.358359, 2.4701288, -0.804269), (-11.071627, 2.136036, -0.8279246), (10.552178, 2.2376816, -1.8065907), (9.810433, 2.6150472, -1.8087171), (9.677994, 2.2526364, -4.2021403), (10.585638, 2.162126, -4.409149), (1.8917747, 2.5629025, 3.0223281), (1.8494836, 2.665324, 2.807578), (2.7286785, 2.8472743, 2.7928283), (2.5152504, 2.7696745, 3.019039), (-11.071627, 2.136036, -0.8279246), (-10.358359, 2.4701288, -0.804269), (-10.25483, 2.4496047, 1.2282059), (-11.006794, 2.244391, 1.1595052), (1.1868788, 2.82721, -4.948989), (1.0556446, 2.8281276, -4.4867444), (-0.12137495, 2.6521513, -4.3835926), (-0.21980901, 2.6225162, -4.913384), (8.2192135, 2.3449507, -4.4611645), (7.733248, 2.5449488, -4.289857), (6.210617, 2.6223035, -4.5097756), (6.624392, 2.4918916, -4.7580023), (10.591782, 2.2167234, 0.80263305), (9.874885, 2.6216698, 0.6246638), (9.810433, 2.6150472, -1.8087171), (10.552178, 2.2376816, -1.8065907), (-6.5477347, 2.251017, 3.340909), (-6.1746836, 2.5387132, 3.0643892), (-4.556021, 2.4397287, 2.9164848), (-4.829463, 2.4355364, 3.0569396), (-1.9916042, 2.4969656, 3.2128072), (-2.100377, 2.4930596, 3.0801058), (-1.157043, 2.5584724, 2.6791244), (-1.3965216, 2.5184762, 2.9660375), (-2.6142986, 2.2965498, -4.333743), (-2.3512063, 2.4478028, -4.3092556), (-3.2077215, 2.365425, -4.157415), (-3.4947078, 2.2392051, -4.4635816), (2.089972, 2.2282789, -10.707794), (2.2943876, 0, -10.958917), (11.013102, 0, -10.9406185), (-11.183596, 2.0796564, -10.241376), (-11.64091, 0, -10.830396), (-11.071627, 2.136036, -0.8279246), (-11.505163, 0, -0.8149471), (-11.57521, 0, -3.7713559), (-10.991291, 1.9306052, -3.3722212), (-0.21980901, 2.6225162, -4.913384), (-0.12137495, 2.6521513, -4.3835926), (-1.6638802, 2.3865995, -4.103451), (-1.4352599, 2.501582, -4.662769), (-11.059698, 1.8913479, 3.626531), (-11.355099, 0, 3.846289), (-11.345158, 0, 1.4814749), (-11.006794, 2.244391, 1.1595052), (-11.066534, 2.1073983, -6.9704285), (-11.552862, 0, -7.2972326), (-11.64091, 0, -10.830396), (-11.57521, 0, -3.7713559), (10.439123, 2.4126964, 4.263229), (11.040874, 0, 4.767078), (10.876927, 0, 11.786008), (10.578737, 2.3766577, 10.815434), (-10.944035, 2.0356672, 11.2159), (-11.390792, 0, 11.890993), (-11.355099, 0, 3.846289), (-11.059698, 1.8913479, 3.626531), (10.411477, 2.3648605, 2.4284844), (9.690882, 2.4493392, 2.2292268), (9.874885, 2.6216698, 0.6246638), (10.591782, 2.2167234, 0.80263305), (-11.345158, 0, 1.4814749), (-11.505163, 0, -0.8149471), (-11.071627, 2.136036, -0.8279246), (-11.006794, 2.244391, 1.1595052), (-11.059698, 1.8913479, 3.626531), (-10.266232, 2.1183984, 3.1985812), (-7.769985, 2.4153802, 3.1132991), (-8.303064, 2.1902275, 3.575891), (-1.3965216, 2.5184762, 2.9660375), (-1.157043, 2.5584724, 2.6791244), (-0.07365962, 2.7317092, 2.3187945), (-0.45593616, 2.495168, 2.7603621), (9.687126, 2.176944, -4.3768888), (8.980204, 2.3355958, -4.16879), (7.733248, 2.5449488, -4.289857), (8.2192135, 2.3449507, -4.4611645), (-3.4947078, 2.2392051, -4.4635816), (-3.2077215, 2.365425, -4.157415), (-4.79494, 2.6712039, -3.927593), (-5.33264, 2.4234252, -4.064509), (5.4211345, 2.5785897, 3.216476), (5.0201125, 2.7986865, 2.6916232), (5.768838, 2.6728559, 2.6248393), (6.2669425, 2.579214, 2.9008663), (7.421703, 2.4965124, 3.0288248), (6.4682007, 2.4602792, 1.3463578), (8.182239, 2.6572487, 2.2685218), (8.904404, 2.4514062, 2.6817217), (9.756046, 2.4426982, 2.4267023), (9.243506, 2.2896435, 2.6119745), (9.690882, 2.4493392, 2.2292268), (10.411477, 2.3648605, 2.4284844), (8.904404, 2.4514062, 2.6817217), (8.182239, 2.6572487, 2.2685218), (9.243506, 2.2896435, 2.6119745), (9.756046, 2.4426982, 2.4267023), (1.8177803, 2.5459065, 1.370018), (1.5936036, 2.8000302, 0.055973638), (2.5937078, 2.623481, 0.3101904), (0.44601816, 2.701862, 1.158098), (-5.1772985, 2.7424493, 1.3517003), (-6.811154, 2.8338177, 0.7577235), (-5.164144, 2.9667656, -0.23794931), (-4.461227, 2.843405, 0.67537254), (1.3327451, 3.0363643, -0.63820773), (-0.18266359, 3.048688, -0.1914494), (0.9495294, 2.9954915, -1.0212588), (-0.74815184, 2.9980078, -0.45005694), (0.44601816, 2.701862, 1.158098), (-1.0161952, 2.9132445, 0.5889545), (-0.18266359, 3.048688, -0.1914494), (1.3327451, 3.0363643, -0.63820773), (-10.358359, 2.4701288, -0.804269), (-10.341742, 2.1975458, -3.4545228), (-8.991932, 2.2646036, -3.3216977), (-9.359843, 2.497577, -0.8366016), (-0.07365962, 2.7317092, 2.3187945), (0.44601816, 2.701862, 1.158098), (1.8177803, 2.5459065, 1.370018), (1.8494836, 2.665324, 2.807578), (-9.126594, 2.4628663, 1.339883), (-10.358359, 2.4701288, -0.804269), (-9.359843, 2.497577, -0.8366016), (-10.25483, 2.4496047, 1.2282059), (9.243506, 2.2896435, 2.6119745), (8.615922, 2.8696184, 0.3454566), (9.874885, 2.6216698, 0.6246638), (9.690882, 2.4493392, 2.2292268), (8.323248, 2.7682304, -2.062433), (8.980204, 2.3355958, -4.16879), (9.677994, 2.2526364, -4.2021403), (9.810433, 2.6150472, -1.8087171)]
    color4f[] primvars:colors (
        elementSize = 1
        interpolation = "constant"
    )
    color3f[] primvars:displayColor = [(1, 1, 1)] (
        interpolation = "constant"
    )
    float[] primvars:displayOpacity = [1] (
        interpolation = "constant"
    )
    float2[] primvars:st = [(0.8117697, 0.84103024), (0.81189865, 0.8439613), (0.81212825, 0.8428602), (0.81189865, 0.8439613), (0.8124199, 0.8432883), (0.81212825, 0.8428602), (0.81161964, 0.8466366), (0.81271046, 0.84544426), (0.8125916, 0.8450365), (0.8126019, 0.8441652), (0.81189865, 0.8439613), (0.8124192, 0.8444926), (0.81212825, 0.8428602), (0.8126541, 0.84265846), (0.81219256, 0.8418043), (0.8124192, 0.8444926), (0.81189865, 0.8439613), (0.8125916, 0.8450365), (0.8124192, 0.8444926), (0.8125916, 0.8450365), (0.81267774, 0.84468323), (0.81219256, 0.8418043), (0.81260896, 0.8413532), (0.81250006, 0.8407964), (0.8124199, 0.8432883), (0.812696, 0.8436332), (0.81274045, 0.8434), (0.8124199, 0.8432883), (0.81290025, 0.8428346), (0.8126541, 0.84265846), (0.81269217, 0.8421387), (0.8126541, 0.84265846), (0.813017, 0.84256226), (0.8124199, 0.8432883), (0.81274045, 0.8434), (0.81290025, 0.8428346), (0.81250006, 0.8407964), (0.813187, 0.84057784), (0.8126954, 0.8400525), (0.81269217, 0.8421387), (0.8131141, 0.8420482), (0.8128494, 0.841691), (0.813017, 0.84256226), (0.81318194, 0.842418), (0.81269217, 0.8421387), (0.81267774, 0.84468323), (0.8125916, 0.8450365), (0.81301856, 0.84482867), (0.8126541, 0.84265846), (0.81290025, 0.8428346), (0.813017, 0.84256226), (0.81274045, 0.8434), (0.8130691, 0.84323645), (0.81290025, 0.8428346), (0.81290025, 0.8428346), (0.8130691, 0.84323645), (0.81325215, 0.8429267), (0.81161964, 0.8466366), (0.8132965, 0.8461428), (0.81271046, 0.84544426), (0.81161964, 0.8466366), (0.8141662, 0.8465525), (0.8132965, 0.8461428), (0.8126954, 0.8400525), (0.813187, 0.84057784), (0.8137294, 0.83999205), (0.813017, 0.84256226), (0.81290025, 0.8428346), (0.81325215, 0.8429267), (0.81274045, 0.8434), (0.81309766, 0.843919), (0.8133005, 0.84366393), (0.8131141, 0.8420482), (0.81318194, 0.842418), (0.8134219, 0.8422024), (0.8130951, 0.845165), (0.8132655, 0.8448961), (0.81301856, 0.84482867), (0.81271046, 0.84544426), (0.8132773, 0.8454321), (0.8130951, 0.845165), (0.8128494, 0.841691), (0.81327623, 0.8418531), (0.81341976, 0.8416153), (0.81301856, 0.84482867), (0.8132655, 0.8448961), (0.8133164, 0.8443242), (0.81318194, 0.842418), (0.81325215, 0.8429267), (0.8135529, 0.84247375), (0.8133164, 0.8443242), (0.8132655, 0.8448961), (0.8134953, 0.84469867), (0.81327623, 0.8418531), (0.8131141, 0.8420482), (0.81357545, 0.8420779), (0.8131141, 0.8420482), (0.8134219, 0.8422024), (0.81357545, 0.8420779), (0.8134424, 0.8410931), (0.81341976, 0.8416153), (0.81384385, 0.8412986), (0.8135529, 0.84247375), (0.81325215, 0.8429267), (0.81359494, 0.84294236), (0.81325215, 0.8429267), (0.8136063, 0.8433712), (0.81359494, 0.84294236), (0.8134953, 0.84469867), (0.8132655, 0.8448961), (0.8137198, 0.84491324), (0.81384385, 0.8412986), (0.81341976, 0.8416153), (0.8137778, 0.8416578), (0.81357545, 0.8420779), (0.8136734, 0.84195006), (0.8137778, 0.8416578), (0.8133005, 0.84366393), (0.81358224, 0.8442332), (0.8140347, 0.8440092), (0.8137198, 0.84491324), (0.8132773, 0.8454321), (0.81389475, 0.8453977), (0.8137294, 0.83999205), (0.813187, 0.84057784), (0.8137149, 0.8406955), (0.8134424, 0.8410931), (0.81384385, 0.8412986), (0.8137149, 0.8406955), (0.81357545, 0.8420779), (0.8135529, 0.84247375), (0.8137847, 0.8423343), (0.81358224, 0.8442332), (0.81386054, 0.8443166), (0.8140347, 0.8440092), (0.8132773, 0.8454321), (0.8132965, 0.8461428), (0.81389475, 0.8453977), (0.81359494, 0.84294236), (0.8136063, 0.8433712), (0.8138865, 0.84301937), (0.8138865, 0.84301937), (0.8136063, 0.8433712), (0.8138355, 0.8435726), (0.8126954, 0.8400525), (0.8137294, 0.83999205), (0.81161875, 0.8396118), (0.8137778, 0.8416578), (0.8136734, 0.84195006), (0.81417465, 0.84181535), (0.8136739, 0.84461445), (0.8137198, 0.84491324), (0.81386054, 0.8443166), (0.81357545, 0.8420779), (0.8137847, 0.8423343), (0.814137, 0.8422284), (0.81386, 0.84261274), (0.81419504, 0.8424474), (0.8137847, 0.8423343), (0.81384385, 0.8412986), (0.8137778, 0.8416578), (0.81417465, 0.84181535), (0.81386, 0.84261274), (0.8138865, 0.84301937), (0.8142891, 0.84317183), (0.81386054, 0.8443166), (0.8137198, 0.84491324), (0.8142599, 0.8446105), (0.8138355, 0.8435726), (0.8141718, 0.8437537), (0.8143502, 0.8435562), (0.8137198, 0.84491324), (0.81395614, 0.8451067), (0.8142599, 0.8446105), (0.81395614, 0.8451067), (0.8143774, 0.84520257), (0.8142599, 0.8446105), (0.8137294, 0.83999205), (0.8137149, 0.8406955), (0.8141887, 0.8405961), (0.8163929, 0.8455844), (0.8164396, 0.8461933), (0.81716526, 0.84596324), (0.8163929, 0.8455844), (0.8166789, 0.84559405), (0.81650376, 0.84514976), (0.8164387, 0.8446966), (0.8169395, 0.84450257), (0.8167281, 0.84421694), (0.8166164, 0.8408822), (0.8170354, 0.84065616), (0.81673974, 0.8403411), (0.8164387, 0.8446966), (0.81681275, 0.8451334), (0.8169395, 0.84450257), (0.8170354, 0.84065616), (0.8166164, 0.8408822), (0.8172075, 0.8408424), (0.8166164, 0.8408822), (0.8170653, 0.8411254), (0.8172075, 0.8408424), (0.81667113, 0.8438661), (0.8169913, 0.8439393), (0.81672657, 0.84355664), (0.8167281, 0.84421694), (0.8169395, 0.84450257), (0.81707335, 0.8442356), (0.8172733, 0.8448806), (0.81681275, 0.8451334), (0.81710976, 0.84519887), (0.81696534, 0.8430334), (0.817226, 0.8434165), (0.8173451, 0.8429358), (0.8169796, 0.84257925), (0.81735545, 0.84231776), (0.81700385, 0.8420668), (0.8170929, 0.84368837), (0.8173562, 0.84374595), (0.817226, 0.8434165), (0.81707335, 0.8442356), (0.8169395, 0.84450257), (0.8173816, 0.84455967), (0.8173451, 0.8429358), (0.817226, 0.8434165), (0.81751555, 0.8432926), (0.8172075, 0.8408424), (0.8170653, 0.8411254), (0.81771314, 0.8412632), (0.8172733, 0.8448806), (0.81710976, 0.84519887), (0.8174121, 0.8454044), (0.8172539, 0.8417569), (0.81735545, 0.84231776), (0.8176055, 0.8423846), (0.8172075, 0.8408424), (0.81771314, 0.8412632), (0.8178749, 0.84084034), (0.8173562, 0.84374595), (0.8174076, 0.84421355), (0.81793356, 0.8442363), (0.81745476, 0.83996487), (0.8172075, 0.8408424), (0.8178749, 0.84084034), (0.8174076, 0.84421355), (0.81776404, 0.8448304), (0.81793356, 0.8442363), (0.81751555, 0.8432926), (0.8182201, 0.8439523), (0.817858, 0.84291726), (0.81771314, 0.8412632), (0.8182931, 0.84229153), (0.8178749, 0.84084034), (0.81745476, 0.83996487), (0.8178749, 0.84084034), (0.81864417, 0.8396121), (0.817858, 0.84291726), (0.8182201, 0.8439523), (0.8182931, 0.84229153), (0.81793356, 0.8442363), (0.81776404, 0.8448304), (0.8182201, 0.8439523), (0.81776404, 0.8448304), (0.8179145, 0.845705), (0.8182201, 0.8439523), (0.8182201, 0.8439523), (0.8179145, 0.845705), (0.8186443, 0.84663737), (0.81161964, 0.8466366), (0.81189865, 0.8439613), (0.8117697, 0.84103024), (0.8117697, 0.84103024), (0.81212825, 0.8428602), (0.81219256, 0.8418043), (0.81219256, 0.8418043), (0.8126541, 0.84265846), (0.81269217, 0.8421387), (0.8124199, 0.8432883), (0.8126541, 0.84265846), (0.81212825, 0.8428602), (0.81219256, 0.8418043), (0.81269217, 0.8421387), (0.81260896, 0.8413532), (0.81260896, 0.8413532), (0.81269217, 0.8421387), (0.8128494, 0.841691), (0.8124192, 0.8444926), (0.81267774, 0.84468323), (0.8126019, 0.8441652), (0.81260896, 0.8413532), (0.8130664, 0.8410527), (0.81250006, 0.8407964), (0.81267774, 0.84468323), (0.8129261, 0.84421027), (0.8126019, 0.8441652), (0.81250006, 0.8407964), (0.8130664, 0.8410527), (0.813187, 0.84057784), (0.81269217, 0.8421387), (0.81318194, 0.842418), (0.8131141, 0.8420482), (0.8129261, 0.84421027), (0.81309766, 0.843919), (0.8126019, 0.8441652), (0.8128494, 0.841691), (0.813122, 0.841342), (0.81260896, 0.8413532), (0.81267774, 0.84468323), (0.81301856, 0.84482867), (0.8129261, 0.84421027), (0.81301856, 0.84482867), (0.8133164, 0.8443242), (0.8129261, 0.84421027), (0.81260896, 0.8413532), (0.813122, 0.841342), (0.8130664, 0.8410527), (0.81271046, 0.84544426), (0.8132965, 0.8461428), (0.8132773, 0.8454321), (0.8133005, 0.84366393), (0.8130691, 0.84323645), (0.81274045, 0.8434), (0.8129261, 0.84421027), (0.8133164, 0.8443242), (0.81309766, 0.843919), (0.8128494, 0.841691), (0.8131141, 0.8420482), (0.81327623, 0.8418531), (0.81325215, 0.8429267), (0.81318194, 0.842418), (0.813017, 0.84256226), (0.8133005, 0.84366393), (0.81325215, 0.8429267), (0.8130691, 0.84323645), (0.8130951, 0.845165), (0.8132773, 0.8454321), (0.8132655, 0.8448961), (0.8134424, 0.8410931), (0.8137149, 0.8406955), (0.813187, 0.84057784), (0.8133005, 0.84366393), (0.8136063, 0.8433712), (0.81325215, 0.8429267), (0.81327623, 0.8418531), (0.81357545, 0.8420779), (0.81341976, 0.8416153), (0.8133005, 0.84366393), (0.81309766, 0.843919), (0.81358224, 0.8442332), (0.81318194, 0.842418), (0.8135529, 0.84247375), (0.8134219, 0.8422024), (0.8133164, 0.8443242), (0.81358224, 0.8442332), (0.81309766, 0.843919), (0.8133164, 0.8443242), (0.8134953, 0.84469867), (0.81358224, 0.8442332), (0.81357545, 0.8420779), (0.8137778, 0.8416578), (0.81341976, 0.8416153), (0.8135529, 0.84247375), (0.81357545, 0.8420779), (0.8134219, 0.8422024), (0.8134953, 0.84469867), (0.8136739, 0.84461445), (0.81358224, 0.8442332), (0.8133005, 0.84366393), (0.8138355, 0.8435726), (0.8136063, 0.8433712), (0.8133005, 0.84366393), (0.8140347, 0.8440092), (0.8138355, 0.8435726), (0.8134953, 0.84469867), (0.8137198, 0.84491324), (0.8136739, 0.84461445), (0.8135529, 0.84247375), (0.81386, 0.84261274), (0.8137847, 0.8423343), (0.81358224, 0.8442332), (0.8136739, 0.84461445), (0.81386054, 0.8443166), (0.81389475, 0.8453977), (0.81395614, 0.8451067), (0.8137198, 0.84491324), (0.81359494, 0.84294236), (0.81386, 0.84261274), (0.8135529, 0.84247375), (0.8138865, 0.84301937), (0.81386, 0.84261274), (0.81359494, 0.84294236), (0.81357545, 0.8420779), (0.81417465, 0.84181535), (0.8136734, 0.84195006), (0.81357545, 0.8420779), (0.814137, 0.8422284), (0.81417465, 0.84181535), (0.8140347, 0.8440092), (0.8141718, 0.8437537), (0.8138355, 0.8435726), (0.81409776, 0.8409929), (0.8141887, 0.8405961), (0.8137149, 0.8406955), (0.8138355, 0.8435726), (0.8140807, 0.84332734), (0.8138865, 0.84301937), (0.81384385, 0.8412986), (0.81417465, 0.84181535), (0.81414986, 0.8412949), (0.81419504, 0.8424474), (0.814137, 0.8422284), (0.8137847, 0.8423343), (0.8140807, 0.84332734), (0.8142891, 0.84317183), (0.8138865, 0.84301937), (0.8138355, 0.8435726), (0.8143502, 0.8435562), (0.8140807, 0.84332734), (0.81389475, 0.8453977), (0.8142495, 0.84578097), (0.8143774, 0.84520257), (0.81386054, 0.8443166), (0.8142599, 0.8446105), (0.8140347, 0.8440092), (0.8143502, 0.8435562), (0.8142891, 0.84317183), (0.8140807, 0.84332734), (0.81389475, 0.8453977), (0.8143774, 0.84520257), (0.81395614, 0.8451067), (0.81161875, 0.8396118), (0.8137294, 0.83999205), (0.81364644, 0.83973455), (0.81673974, 0.8403411), (0.81745476, 0.83996487), (0.8165934, 0.84005433), (0.8163929, 0.8455844), (0.81716526, 0.84596324), (0.8166789, 0.84559405), (0.81694436, 0.84131753), (0.8170653, 0.8411254), (0.8166164, 0.8408822), (0.81667113, 0.8438661), (0.8167281, 0.84421694), (0.8169913, 0.8439393), (0.81672657, 0.84355664), (0.8169913, 0.8439393), (0.8170929, 0.84368837), (0.8167281, 0.84421694), (0.81707335, 0.8442356), (0.8169913, 0.8439393), (0.8166789, 0.84559405), (0.8171502, 0.84552085), (0.81681275, 0.8451334), (0.81673974, 0.8403411), (0.8170354, 0.84065616), (0.81745476, 0.83996487), (0.8171502, 0.84552085), (0.81710976, 0.84519887), (0.81681275, 0.8451334), (0.81696427, 0.8415197), (0.81700385, 0.8420668), (0.8172539, 0.8417569), (0.81716526, 0.84596324), (0.8171502, 0.84552085), (0.8166789, 0.84559405), (0.81696534, 0.8430334), (0.8173451, 0.8429358), (0.8169796, 0.84257925), (0.81707335, 0.8442356), (0.8174076, 0.84421355), (0.8169913, 0.8439393), (0.8173451, 0.8429358), (0.81735545, 0.84231776), (0.8169796, 0.84257925), (0.81754166, 0.84156346), (0.81694436, 0.84131753), (0.8172539, 0.8417569), (0.8169913, 0.8439393), (0.8173562, 0.84374595), (0.8170929, 0.84368837), (0.81700385, 0.8420668), (0.81735545, 0.84231776), (0.8172539, 0.8417569), (0.8169913, 0.8439393), (0.8174076, 0.84421355), (0.8173562, 0.84374595), (0.81707335, 0.8442356), (0.8173816, 0.84455967), (0.8174076, 0.84421355), (0.8170653, 0.8411254), (0.81694436, 0.84131753), (0.81771314, 0.8412632), (0.8171502, 0.84552085), (0.81716526, 0.84596324), (0.8174121, 0.8454044), (0.8170354, 0.84065616), (0.8172075, 0.8408424), (0.81745476, 0.83996487), (0.81694436, 0.84131753), (0.81754166, 0.84156346), (0.81771314, 0.8412632), (0.8172733, 0.8448806), (0.8174121, 0.8454044), (0.81776404, 0.8448304), (0.8171502, 0.84552085), (0.8174121, 0.8454044), (0.81710976, 0.84519887), (0.8173451, 0.8429358), (0.8176055, 0.8423846), (0.81735545, 0.84231776), (0.8173562, 0.84374595), (0.81751555, 0.8432926), (0.817226, 0.8434165), (0.8176055, 0.8423846), (0.817858, 0.84291726), (0.8179248, 0.8419615), (0.8182931, 0.84229153), (0.81864417, 0.8396121), (0.8178749, 0.84084034), (0.81161964, 0.8466366), (0.8125916, 0.8450365), (0.81189865, 0.8439613), (0.8132655, 0.8448961), (0.8132773, 0.8454321), (0.8137198, 0.84491324), (0.81419504, 0.8424474), (0.81386, 0.84261274), (0.8142891, 0.84317183), (0.81696534, 0.8430334), (0.81672657, 0.84355664), (0.817226, 0.8434165), (0.8170929, 0.84368837), (0.817226, 0.8434165), (0.81672657, 0.84355664), (0.81754166, 0.84156346), (0.8172539, 0.8417569), (0.8176055, 0.8423846), (0.81716526, 0.84596324), (0.8164643, 0.846543), (0.8175446, 0.8465899), (0.8164643, 0.846543), (0.81716526, 0.84596324), (0.8164396, 0.8461933), (0.8165934, 0.84005433), (0.81745476, 0.83996487), (0.81650233, 0.83990717), (0.70517814, 0.4672057), (0.7051158, 0.46727744), (0.70508486, 0.46731362), (0.7051158, 0.46727744), (0.7051678, 0.46739143), (0.70506465, 0.46740466), (0.70513725, 0.4666779), (0.7050843, 0.4669293), (0.70509744, 0.4668646), (0.7051294, 0.4668734), (0.7051617, 0.46690035), (0.70507663, 0.46706563), (0.7051507, 0.46712768), (0.7051843, 0.46718538), (0.70509565, 0.46724573), (0.70519376, 0.46750772), (0.705166, 0.46762156), (0.7050765, 0.46754193), (0.7051843, 0.46718538), (0.70508486, 0.46731362), (0.70509565, 0.46724573), (0.70508486, 0.46731362), (0.7050878, 0.46736452), (0.7051265, 0.467351), (0.70509565, 0.46724573), (0.7051376, 0.46725994), (0.70512086, 0.4671846), (0.7050843, 0.4669293), (0.7051335, 0.4669202), (0.70509744, 0.4668646), (0.7050843, 0.4669293), (0.7051447, 0.46700284), (0.705198, 0.46696323), (0.70507663, 0.46706563), (0.7050979, 0.46710554), (0.7051509, 0.4670585), (0.70508486, 0.46731362), (0.7051265, 0.467351), (0.7051472, 0.46730602), (0.70509565, 0.46724573), (0.7051472, 0.46730602), (0.7051376, 0.46725994), (0.70516515, 0.4668882), (0.7051335, 0.4669202), (0.705198, 0.46696323), (0.7051265, 0.467351), (0.70517457, 0.4673699), (0.7051472, 0.46730602), (0.7051265, 0.467351), (0.70512414, 0.46737704), (0.7051746, 0.46736994), (0.7051447, 0.46700284), (0.7051509, 0.4670585), (0.7052078, 0.4670226), (0.70512086, 0.4671846), (0.7051963, 0.46712166), (0.70516133, 0.46711653), (0.7051472, 0.46730602), (0.70517457, 0.4673699), (0.70522887, 0.46731496), (0.70519537, 0.46746993), (0.70513546, 0.46755147), (0.705233, 0.4675315), (0.7051509, 0.4670585), (0.70516133, 0.46711653), (0.7052078, 0.4670226), (0.7051512, 0.4674266), (0.70522743, 0.46741325), (0.7051746, 0.46736994), (0.70516515, 0.4668882), (0.7052065, 0.46691734), (0.7052016, 0.46685708), (0.7051447, 0.46700284), (0.7052078, 0.4670226), (0.705198, 0.46696323), (0.7052078, 0.4670226), (0.70516133, 0.46711653), (0.7051963, 0.46712166), (0.70513546, 0.46755147), (0.7052376, 0.467657), (0.70521474, 0.46757644), (0.7052072, 0.46727836), (0.7052619, 0.46727857), (0.70519716, 0.46723443), (0.7051746, 0.46736994), (0.7052568, 0.46735337), (0.70522887, 0.46731496), (0.70519537, 0.46746993), (0.7052467, 0.46746022), (0.70522743, 0.46741325), (0.7052016, 0.46685708), (0.705283, 0.4667703), (0.7051502, 0.46677196), (0.70521796, 0.46716315), (0.70525026, 0.4671154), (0.7051963, 0.46712166), (0.7052065, 0.46691734), (0.7052512, 0.46697932), (0.70526946, 0.46694303), (0.70525026, 0.4671154), (0.70521796, 0.46716315), (0.70527613, 0.4672068), (0.7052072, 0.46727836), (0.70522887, 0.46731496), (0.7052619, 0.46727857), (0.7052736, 0.46751663), (0.705233, 0.4675315), (0.70528257, 0.4675656), (0.7052016, 0.46685708), (0.70527214, 0.46686465), (0.705283, 0.4667703), (0.7052512, 0.46697932), (0.7052613, 0.4670501), (0.7053201, 0.4670281), (0.70521796, 0.46716315), (0.7052498, 0.46723622), (0.70527613, 0.4672068), (0.70522887, 0.46731496), (0.7052568, 0.46735337), (0.7053085, 0.46734023), (0.7052568, 0.46735337), (0.70522743, 0.46741325), (0.7052896, 0.46739843), (0.7052613, 0.4670501), (0.70525026, 0.4671154), (0.70531154, 0.46708113), (0.7052498, 0.46723622), (0.7052619, 0.46727857), (0.7052983, 0.46725598), (0.7052512, 0.46697932), (0.7053201, 0.4670281), (0.70526946, 0.46694303), (0.70531154, 0.46708113), (0.70525026, 0.4671154), (0.7053269, 0.46713153), (0.7052498, 0.46723622), (0.7052983, 0.46725598), (0.70527613, 0.4672068), (0.70527214, 0.46686465), (0.70535386, 0.4668479), (0.705283, 0.4667703), (0.70528257, 0.4675656), (0.7052376, 0.467657), (0.7055642, 0.4675814), (0.70533323, 0.46727312), (0.7053085, 0.46734023), (0.7053789, 0.4673436), (0.7052852, 0.46747547), (0.7053174, 0.4675111), (0.70558697, 0.4674095), (0.7053747, 0.46703246), (0.70532006, 0.46702808), (0.70536435, 0.46707386), (0.70532256, 0.46719918), (0.7053608, 0.46718007), (0.7053269, 0.46713153), (0.70536435, 0.46707386), (0.7053269, 0.46713153), (0.7053854, 0.46714693), (0.7053854, 0.46714693), (0.7053269, 0.46713153), (0.7053608, 0.46718007), (0.705283, 0.4667703), (0.70535386, 0.4668479), (0.70565176, 0.4665557), (0.70534295, 0.46694565), (0.7056861, 0.46675143), (0.70564747, 0.46664393), (0.7053608, 0.46718007), (0.70533293, 0.46723458), (0.7053898, 0.46723115), (0.705283, 0.4667703), (0.70565176, 0.4665557), (0.70561934, 0.46650326), (0.70533293, 0.46723458), (0.7056223, 0.46719483), (0.7053898, 0.46723115), (0.70535386, 0.4668479), (0.70564747, 0.46664393), (0.70565176, 0.4665557), (0.7053854, 0.46714693), (0.7053608, 0.46718007), (0.7057066, 0.46707842), (0.7053747, 0.46703246), (0.70536435, 0.46707386), (0.70571667, 0.46698502), (0.7053898, 0.46723115), (0.7056223, 0.46719483), (0.7057066, 0.46707842), (0.7056838, 0.46679524), (0.7055186, 0.46696216), (0.7057041, 0.4668935), (0.70515573, 0.46672413), (0.7050843, 0.4669293), (0.70513725, 0.4666779), (0.70516634, 0.4669532), (0.70507663, 0.46706563), (0.7051617, 0.46690035), (0.7051158, 0.46727744), (0.70506465, 0.46740466), (0.7050878, 0.46736452), (0.70519376, 0.46750772), (0.705116, 0.46745384), (0.7051678, 0.46739143), (0.70516634, 0.4669532), (0.7050979, 0.46710554), (0.70507663, 0.46706563), (0.70508486, 0.46731362), (0.7051843, 0.46718538), (0.70517814, 0.4672057), (0.7051294, 0.4668734), (0.70507663, 0.46706563), (0.7051111, 0.4670331), (0.70515573, 0.46672413), (0.7051111, 0.4670331), (0.7050843, 0.4669293), (0.70509565, 0.46724573), (0.70512086, 0.4671846), (0.7051507, 0.46712768), (0.7051158, 0.46727744), (0.7050878, 0.46736452), (0.70508486, 0.46731362), (0.70506465, 0.46740466), (0.70512414, 0.46737704), (0.7050878, 0.46736452), (0.70519376, 0.46750772), (0.7050765, 0.46754193), (0.70513546, 0.46755147), (0.7051678, 0.46739143), (0.705116, 0.46745384), (0.70506465, 0.46740466), (0.705166, 0.46762156), (0.7051396, 0.4676507), (0.70513546, 0.46755147), (0.7050843, 0.4669293), (0.7051111, 0.4670331), (0.7051447, 0.46700284), (0.70506465, 0.46740466), (0.7051512, 0.4674266), (0.70512414, 0.46737704), (0.705116, 0.46745384), (0.7051512, 0.4674266), (0.70506465, 0.46740466), (0.7050843, 0.4669293), (0.705198, 0.46696323), (0.7051335, 0.4669202), (0.70509744, 0.4668646), (0.70516515, 0.4668882), (0.7052016, 0.46685708), (0.7051335, 0.4669202), (0.70516515, 0.4668882), (0.70509744, 0.4668646), (0.70519716, 0.46723443), (0.7051812, 0.46719265), (0.7051376, 0.46725994), (0.7051512, 0.4674266), (0.7051746, 0.46736994), (0.70512414, 0.46737704), (0.7051376, 0.46725994), (0.7051472, 0.46730602), (0.7052072, 0.46727836), (0.70516515, 0.4668882), (0.705198, 0.46696323), (0.7052065, 0.46691734), (0.7051512, 0.4674266), (0.70519537, 0.46746993), (0.70522743, 0.46741325), (0.70521474, 0.46757644), (0.705233, 0.4675315), (0.70513546, 0.46755147), (0.7051396, 0.4676507), (0.7052376, 0.467657), (0.7051472, 0.46730602), (0.70522887, 0.46731496), (0.7052072, 0.46727836), (0.7051963, 0.46712166), (0.70525026, 0.4671154), (0.7052078, 0.4670226), (0.7051746, 0.46736994), (0.70522743, 0.46741325), (0.7052568, 0.46735337), (0.70519716, 0.46723443), (0.7052498, 0.46723622), (0.70521796, 0.46716315), (0.7052619, 0.46727857), (0.7052498, 0.46723622), (0.70519716, 0.46723443), (0.7052065, 0.46691734), (0.7052498, 0.46691036), (0.7052016, 0.46685708), (0.7052078, 0.4670226), (0.70525026, 0.4671154), (0.7052613, 0.4670501), (0.70519537, 0.46746993), (0.705233, 0.4675315), (0.7052467, 0.46746022), (0.7052613, 0.4670501), (0.7052512, 0.46697932), (0.7052078, 0.4670226), (0.7052498, 0.46691036), (0.70527214, 0.46686465), (0.7052016, 0.46685708), (0.7052736, 0.46751663), (0.7052467, 0.46746022), (0.705233, 0.4675315), (0.7052065, 0.46691734), (0.70526946, 0.46694303), (0.7052498, 0.46691036), (0.70521474, 0.46757644), (0.70528257, 0.4675656), (0.705233, 0.4675315), (0.7052736, 0.46751663), (0.7052852, 0.46747547), (0.7052467, 0.46746022), (0.7052498, 0.46691036), (0.70526946, 0.46694303), (0.70527214, 0.46686465), (0.70522887, 0.46731496), (0.7053085, 0.46734023), (0.7052619, 0.46727857), (0.7052467, 0.46746022), (0.7052896, 0.46739843), (0.70522743, 0.46741325), (0.7052852, 0.46747547), (0.7052896, 0.46739843), (0.7052467, 0.46746022), (0.70527613, 0.4672068), (0.7053269, 0.46713153), (0.70525026, 0.4671154), (0.70532006, 0.46702808), (0.7052613, 0.4670501), (0.70531154, 0.46708113), (0.7053085, 0.46734023), (0.7052983, 0.46725598), (0.7052619, 0.46727857), (0.7052376, 0.467657), (0.70528257, 0.4675656), (0.70521474, 0.46757644), (0.70526946, 0.46694303), (0.70534295, 0.46694565), (0.70527214, 0.46686465), (0.70532256, 0.46719918), (0.7053269, 0.46713153), (0.70527613, 0.4672068), (0.7052896, 0.46739843), (0.7053085, 0.46734023), (0.7052568, 0.46735337), (0.7052736, 0.46751663), (0.7053174, 0.4675111), (0.7052852, 0.46747547), (0.7053085, 0.46734023), (0.70533323, 0.46727312), (0.7052983, 0.46725598), (0.70534295, 0.46694565), (0.70526946, 0.46694303), (0.7053201, 0.4670281), (0.70533293, 0.46723458), (0.70532256, 0.46719918), (0.70527613, 0.4672068), (0.7052852, 0.46747547), (0.70558697, 0.4674095), (0.7052896, 0.46739843), (0.7052983, 0.46725598), (0.70533323, 0.46727312), (0.70533293, 0.46723458), (0.7052896, 0.46739843), (0.70558697, 0.4674095), (0.7053085, 0.46734023), (0.70531154, 0.46708113), (0.70536435, 0.46707386), (0.70532006, 0.46702808), (0.70527214, 0.46686465), (0.70564747, 0.46664393), (0.70535386, 0.4668479), (0.70534295, 0.46694565), (0.70564747, 0.46664393), (0.70527214, 0.46686465), (0.70531154, 0.46708113), (0.7053269, 0.46713153), (0.70536435, 0.46707386), (0.7053174, 0.4675111), (0.70561606, 0.4674973), (0.70558697, 0.4674095), (0.7053174, 0.4675111), (0.7055642, 0.4675814), (0.70561606, 0.4674973), (0.70533293, 0.46723458), (0.7053608, 0.46718007), (0.70532256, 0.46719918), (0.70533293, 0.46723458), (0.70533323, 0.46727312), (0.7056223, 0.46719483), (0.7053085, 0.46734023), (0.70558697, 0.4674095), (0.7056625, 0.4673122), (0.70533323, 0.46727312), (0.7053789, 0.4673436), (0.70565283, 0.46724188), (0.70533323, 0.46727312), (0.70565283, 0.46724188), (0.7056223, 0.46719483), (0.7053085, 0.46734023), (0.7056625, 0.4673122), (0.7053789, 0.4673436), (0.7053898, 0.46723115), (0.7057066, 0.46707842), (0.7053608, 0.46718007), (0.7053789, 0.4673436), (0.7056625, 0.4673122), (0.70565283, 0.46724188), (0.7053747, 0.46703246), (0.70571667, 0.46698502), (0.7057041, 0.4668935), (0.7051111, 0.4670331), (0.70515573, 0.46672413), (0.7051294, 0.4668734), (0.7051265, 0.467351), (0.7050878, 0.46736452), (0.70512414, 0.46737704), (0.70513546, 0.46755147), (0.705116, 0.46745384), (0.70519376, 0.46750772), (0.70513546, 0.46755147), (0.7050765, 0.46754193), (0.705166, 0.46762156), (0.70509565, 0.46724573), (0.70508486, 0.46731362), (0.7051472, 0.46730602), (0.70519716, 0.46723443), (0.7051376, 0.46725994), (0.7052072, 0.46727836), (0.7052983, 0.46725598), (0.70533293, 0.46723458), (0.70527613, 0.4672068), (0.7055927, 0.46770182), (0.7055642, 0.4675814), (0.7052376, 0.467657), (0.7051502, 0.46677196), (0.705283, 0.4667703), (0.7054569, 0.46645564), (0.7051502, 0.46677196), (0.7054569, 0.46645564), (0.70530456, 0.46643603), (0.7051541, 0.4665564), (0.70509744, 0.4668646), (0.7052016, 0.46685708), (0.7052584, 0.46645784), (0.70513725, 0.4666779), (0.70509744, 0.4668646), (0.7052584, 0.46645784), (0.70509744, 0.4668646), (0.705281, 0.46635917), (0.8117697, 0.84103024), (0.81176955, 0.84103024), (0.8116198, 0.84663665), (0.8117697, 0.84103024), (0.8116198, 0.84663665), (0.81161964, 0.8466366), (0.70584023, 0.4677497), (0.7055927, 0.46770182), (0.7057213, 0.46780336), (0.70584023, 0.4677497), (0.7057213, 0.46780336), (0.7055793, 0.46739447), (0.8186444, 0.8423028), (0.8186442, 0.8396121), (0.81864417, 0.8396121), (0.81864417, 0.8396121), (0.8186442, 0.8396121), (0.8174547, 0.83996475), (0.81864417, 0.8396121), (0.8174547, 0.83996475), (0.81745476, 0.83996487), (0.8175446, 0.8465899), (0.8186443, 0.84663755), (0.8186443, 0.84663737), (0.81642216, 0.8465413), (0.8164643, 0.846543), (0.81745476, 0.83996487), (0.8174547, 0.83996475), (0.816443, 0.83990365), (0.81745476, 0.83996487), (0.816443, 0.83990365), (0.81650233, 0.83990717), (0.81161875, 0.8396118), (0.8116189, 0.839612), (0.81176955, 0.84103024), (0.81161875, 0.8396118), (0.81176955, 0.84103024), (0.8117697, 0.84103024), (0.8143188, 0.8397752), (0.81364644, 0.83973455), (0.81364644, 0.83973455), (0.8143188, 0.8397752), (0.81364644, 0.83973455), (0.81424797, 0.839771), (0.7055818, 0.46562034), (0.7057345, 0.46632493), (0.70561934, 0.46650326), (0.7055818, 0.46562034), (0.70561934, 0.46650326), (0.7058783, 0.4662244), (0.7052156, 0.46780765), (0.70528996, 0.4677677), (0.7051396, 0.4676507), (0.7052156, 0.46780765), (0.7051396, 0.4676507), (0.705166, 0.46762156), (0.7051502, 0.46677196), (0.70519125, 0.46643192), (0.7051541, 0.4665564), (0.7051502, 0.46677196), (0.7051541, 0.4665564), (0.7052016, 0.46685708), (0.813122, 0.841342), (0.8128494, 0.841691), (0.81341976, 0.8416153), (0.8134424, 0.8410931), (0.8132965, 0.8461428), (0.8141662, 0.8465525), (0.8142495, 0.84578097), (0.81389475, 0.8453977), (0.8173816, 0.84455967), (0.81776404, 0.8448304), (0.8174076, 0.84421355), (0.8172733, 0.8448806), (0.8126019, 0.8441652), (0.81309766, 0.843919), (0.812696, 0.8436332), (0.81274045, 0.8434), (0.8176055, 0.8423846), (0.8179248, 0.8419615), (0.81754166, 0.84156346), (0.81771314, 0.8412632), (0.7051111, 0.4670331), (0.70507663, 0.46706563), (0.7051509, 0.4670585), (0.7051447, 0.46700284), (0.705198, 0.46696323), (0.7052512, 0.46697932), (0.7052065, 0.46691734), (0.7052078, 0.4670226), (0.70528257, 0.4675656), (0.7055642, 0.4675814), (0.7053174, 0.4675111), (0.7052736, 0.46751663), (0.70532006, 0.46702808), (0.7053747, 0.46703246), (0.70534295, 0.46694565), (0.7056861, 0.46675143), (0.70536435, 0.46707386), (0.7053854, 0.46714693), (0.70571667, 0.46698502), (0.7057066, 0.46707842), (0.8137294, 0.83999205), (0.81428945, 0.8399185), (0.81424797, 0.839771), (0.81364644, 0.83973455), (0.8125916, 0.8450365), (0.81271046, 0.84544426), (0.8130951, 0.845165), (0.81301856, 0.84482867), (0.8130664, 0.8410527), (0.8134424, 0.8410931), (0.813187, 0.84057784), (0.813122, 0.841342), (0.8137149, 0.8406955), (0.81384385, 0.8412986), (0.81409776, 0.8409929), (0.81414986, 0.8412949), (0.8141887, 0.8405961), (0.8142899, 0.8401592), (0.8137294, 0.83999205), (0.81428945, 0.8399185), (0.70529836, 0.46506768), (0.705382, 0.4656234), (0.7055818, 0.46562034), (0.7050848, 0.46505487), (0.70515245, 0.46557802), (0.7048724, 0.465042), (0.70469964, 0.46503153), (0.70500475, 0.46562356), (0.70515245, 0.46557802), (0.8164387, 0.8446966), (0.81650376, 0.84514976), (0.81681275, 0.8451334), (0.8166789, 0.84559405), (0.81681275, 0.8451334), (0.8172733, 0.8448806), (0.8169395, 0.84450257), (0.8173816, 0.84455967), (0.8186444, 0.8423028), (0.81864417, 0.8396121), (0.8182931, 0.84229153), (0.8186443, 0.84663737), (0.8182201, 0.8439523), (0.8173562, 0.84374595), (0.8178007, 0.84381765), (0.81751555, 0.8432926), (0.81793356, 0.8442363), (0.8176055, 0.8423846), (0.8173451, 0.8429358), (0.817858, 0.84291726), (0.81751555, 0.8432926), (0.8179248, 0.8419615), (0.817858, 0.84291726), (0.8182931, 0.84229153), (0.81771314, 0.8412632), (0.8178007, 0.84381765), (0.81793356, 0.8442363), (0.8182201, 0.8439523), (0.81751555, 0.8432926), (0.81161875, 0.8396118), (0.8117697, 0.84103024), (0.8126954, 0.8400525), (0.81250006, 0.8407964), (0.81219256, 0.8418043), (0.812696, 0.8436332), (0.8124199, 0.8432883), (0.81189865, 0.8439613), (0.8126019, 0.8441652), (0.705173, 0.46740663), (0.70528996, 0.4677677), (0.7052156, 0.46780765), (0.7049391, 0.4673516), (0.70530593, 0.46699908), (0.7051507, 0.46712768), (0.70516634, 0.4669532), (0.70528257, 0.46681914), (0.70598054, 0.4667247), (0.7057041, 0.4668935), (0.70571667, 0.46698502), (0.7059744, 0.46685195), (0.70524275, 0.46720713), (0.7051158, 0.46727744), (0.70517814, 0.4672057), (0.70527685, 0.46714363), (0.7058286, 0.46759844), (0.7055642, 0.4675814), (0.7055927, 0.46770182), (0.70584023, 0.4677497), (0.70588416, 0.46643028), (0.70564747, 0.46664393), (0.7056861, 0.46675143), (0.70596564, 0.46653837), (0.70527756, 0.46666217), (0.7051294, 0.4668734), (0.70515573, 0.46672413), (0.70527154, 0.4665329), (0.70526814, 0.4667647), (0.7051617, 0.46690035), (0.7051294, 0.4668734), (0.70527756, 0.46666217), (0.70585597, 0.46749043), (0.70561606, 0.4674973), (0.7055642, 0.4675814), (0.7058286, 0.46759844), (0.7058399, 0.46737772), (0.70558697, 0.4674095), (0.70561606, 0.4674973), (0.70585597, 0.46749043), (0.7052961, 0.46764728), (0.705166, 0.46762156), (0.70519376, 0.46750772), (0.7053279, 0.46750358), (0.7059706, 0.46658862), (0.7056838, 0.46679524), (0.7057041, 0.4668935), (0.70598054, 0.4667247), (0.7052987, 0.4673565), (0.7051678, 0.46739143), (0.7051158, 0.46727744), (0.70524275, 0.46720713), (0.7059115, 0.46709463), (0.7056223, 0.46719483), (0.70565283, 0.46724188), (0.7058979, 0.4671716), (0.8186443, 0.84663737), (0.81716526, 0.84596324), (0.8175446, 0.8465899), (0.8179145, 0.845705), (0.8174121, 0.8454044), (0.81776404, 0.8448304), (0.7055793, 0.46739447), (0.7057213, 0.46780336), (0.70543414, 0.4677653), (0.7053423, 0.46737564), (0.705382, 0.4656234), (0.7054569, 0.46645564), (0.7057345, 0.46632493), (0.7055818, 0.46562034), (0.70528257, 0.46681914), (0.70516634, 0.4669532), (0.7051617, 0.46690035), (0.70526814, 0.4667647), (0.7053423, 0.46737564), (0.70543414, 0.4677653), (0.70528996, 0.4677677), (0.705173, 0.46740663), (0.7059744, 0.46685195), (0.70571667, 0.46698502), (0.7057066, 0.46707842), (0.7059709, 0.46696472), (0.7059148, 0.4662958), (0.70565176, 0.4665557), (0.70564747, 0.46664393), (0.70588416, 0.46643028), (0.70515245, 0.46557802), (0.70530456, 0.46643603), (0.7054569, 0.46645564), (0.705382, 0.4656234), (0.7053279, 0.46750358), (0.70519376, 0.46750772), (0.7051678, 0.46739143), (0.7052987, 0.4673565), (0.70527685, 0.46714363), (0.70517814, 0.4672057), (0.7051843, 0.46718538), (0.7053214, 0.46709472), (0.7058979, 0.4671716), (0.70565283, 0.46724188), (0.7056625, 0.4673122), (0.70591193, 0.46725863), (0.8186444, 0.8423028), (0.8186442, 0.8423026), (0.8186442, 0.8396121), (0.8186443, 0.84663737), (0.8186443, 0.84663755), (0.7053423, 0.46737564), (0.70505863, 0.46692908), (0.70529264, 0.46693918), (0.7055793, 0.46739447), (0.7059709, 0.46696472), (0.7057066, 0.46707842), (0.7056223, 0.46719483), (0.7059115, 0.46709463), (0.7049391, 0.4673516), (0.7046566, 0.46694237), (0.7048669, 0.46693552), (0.705173, 0.46740663), (0.8175446, 0.8465899), (0.8175446, 0.84658986), (0.8186443, 0.84663755), (0.81642216, 0.8465413), (0.81364644, 0.83973455), (0.81364644, 0.83973455), (0.8116189, 0.839612), (0.81161875, 0.8396118), (0.81161964, 0.8466366), (0.8116198, 0.84663665), (0.8141662, 0.84655255), (0.8141662, 0.8465525), (0.70500475, 0.46562356), (0.7051971, 0.46637082), (0.70530456, 0.46643603), (0.70515245, 0.46557802), (0.7048669, 0.46693552), (0.70505863, 0.46692908), (0.7053423, 0.46737564), (0.705173, 0.46740663), (0.7049391, 0.4673516), (0.7052156, 0.46780765), (0.705166, 0.46762156), (0.7052961, 0.46764728), (0.7053214, 0.46709472), (0.7051843, 0.46718538), (0.7051507, 0.46712768), (0.70530593, 0.46699908), (0.7058783, 0.4662244), (0.70561934, 0.46650326), (0.70565176, 0.4665557), (0.7059148, 0.4662958), (0.70591193, 0.46725863), (0.7056625, 0.4673122), (0.70558697, 0.4674095), (0.7058399, 0.46737772), (0.70527154, 0.4665329), (0.70515573, 0.46672413), (0.70513725, 0.4666779), (0.7052584, 0.46645784), (0.705281, 0.46635917), (0.70509744, 0.4668646), (0.7051541, 0.4665564), (0.7053062, 0.46625063), (0.70530605, 0.46619081), (0.70519125, 0.46643192), (0.7051971, 0.46637082), (0.70500475, 0.46562356), (0.7053062, 0.46625063), (0.7051541, 0.4665564), (0.70519125, 0.46643192), (0.70530605, 0.46619081), (0.7050979, 0.46710554), (0.70516133, 0.46711653), (0.7051509, 0.4670585), (0.70512086, 0.4671846), (0.705116, 0.46745384), (0.70513546, 0.46755147), (0.70519537, 0.46746993), (0.7051512, 0.4674266), (0.7051963, 0.46712166), (0.7051812, 0.46719265), (0.70521796, 0.46716315), (0.70519716, 0.46723443), (0.70512086, 0.4671846), (0.7051376, 0.46725994), (0.7051812, 0.46719265), (0.7051963, 0.46712166), (0.70543414, 0.4677653), (0.7057213, 0.46780336), (0.7055927, 0.46770182), (0.7052376, 0.467657), (0.7051507, 0.46712768), (0.70512086, 0.4671846), (0.7050978, 0.4671055), (0.70516634, 0.4669532), (0.7051396, 0.4676507), (0.70543414, 0.4677653), (0.7052376, 0.467657), (0.70528996, 0.4677677), (0.70519125, 0.46643192), (0.7051502, 0.46677196), (0.70530456, 0.46643603), (0.7051971, 0.46637082), (0.705283, 0.4667703), (0.70561934, 0.46650326), (0.7057345, 0.46632493), (0.7054569, 0.46645564)] (
        customData = {
            string sourceMember = "ArbitraryPrimvars"
        }
        elementSize = 1
        interpolation = "varying"
    )
    float4[] primvars:tangents = [(-0.14375119, -0.03497911, -0.98899543, -1), (-0.1437512, -0.034979112, -0.98899543, -1), (-0.14375119, -0.03497911, -0.98899543, -1), (0.022643048, 0.2337053, -0.9720438, -1), (0.022643048, 0.23370528, -0.9720438, -1), (0.022643048, 0.23370528, -0.9720438, -1), (0.1647038, 0.042464383, -0.98542863, -1), (0.1647038, 0.042464387, -0.98542863, -1), (0.1647038, 0.042464383, -0.98542863, -1), (-0.078429766, 0.23460457, -0.9689218, -1), (-0.078429766, 0.23460457, -0.9689218, -1), (-0.07842976, 0.23460454, -0.9689218, -1), (0.0796463, 0.032587063, -0.99629045, -1), (0.079646304, 0.032587063, -0.99629045, -1), (0.07964632, 0.032587066, -0.99629045, -1), (0.18848985, -0.11677769, -0.9751075, -1), (0.18848985, -0.11677768, -0.9751074, -1), (0.18848985, -0.11677769, -0.9751075, -1), (-0.16675135, 0.19243063, -0.967039, -1), (-0.16675134, 0.19243062, -0.967039, -1), (-0.16675135, 0.19243062, -0.967039, -1), (0.21098258, 0.15979545, -0.96434003, -1), (0.21098259, 0.15979546, -0.96434003, -1), (0.21098259, 0.15979546, -0.96434003, -1), (-0.2512521, 0.17676187, -0.95164466, -1), (-0.2512521, 0.17676188, -0.95164466, -1), (-0.25125208, 0.17676188, -0.95164466, -1), (-0.13954768, 0.05555297, -0.9886558, -1), (-0.13954766, 0.055552967, -0.9886558, -1), (-0.13954766, 0.05555297, -0.9886558, -1), (-0.06622412, 0.27955094, -0.9578443, -1), (-0.066224106, 0.27955094, -0.9578442, -1), (-0.06622411, 0.27955094, -0.9578443, -1), (-0.1961228, 0.12751889, -0.97225237, -1), (-0.1961228, 0.12751889, -0.97225237, -1), (-0.1961228, 0.1275189, -0.9722525, -1), (-0.01788776, 0.2748609, -0.96131754, -1), (-0.017887764, 0.27486092, -0.96131754, -1), (-0.017887762, 0.2748609, -0.96131754, -1), (0.026380459, 0.24115281, -0.9701286, -1), (0.026380459, 0.24115281, -0.9701286, -1), (0.026380459, 0.2411528, -0.9701286, -1), (0.007524418, 0.027036242, -0.9996062, -1), (0.0075244177, 0.027036242, -0.9996062, -1), (0.0075244177, 0.027036242, -0.9996062, -1), (0.06589349, -0.022508448, -0.9975727, -1), (0.065893486, -0.022508448, -0.9975727, -1), (0.06589349, -0.022508448, -0.9975727, -1), (-0.10847709, 0.26166412, -0.9590435, -1), (-0.10847709, 0.26166412, -0.9590435, -1), (-0.10847709, 0.26166412, -0.9590435, -1), (0.113437146, 0.04623534, -0.9924689, -1), (0.113437146, 0.04623534, -0.9924689, -1), (0.11343715, 0.04623534, -0.9924689, -1), (0.17744714, 0.01418752, -0.98402804, -1), (0.17744714, 0.014187521, -0.98402804, -1), (0.17744714, 0.014187521, -0.98402804, -1), (-0.115494564, -0.09835182, -0.988427, -1), (-0.115494564, -0.09835183, -0.988427, -1), (-0.11549456, -0.09835183, -0.988427, -1), (-0.046831515, -0.017960794, -0.9987413, -1), (-0.04683152, -0.017960796, -0.9987413, -1), (-0.046831515, -0.017960792, -0.9987413, -1), (0.05822554, -0.021286901, -0.99807644, -1), (0.058225542, -0.021286901, -0.99807644, -1), (0.058225542, -0.021286901, -0.99807644, -1), (0.14907521, 0.12009945, -0.98150533, -1), (0.14907524, 0.120099485, -0.98150533, -1), (0.14907524, 0.120099485, -0.98150533, -1), (-0.060210403, -0.39943615, -0.91478163, -1), (-0.060210403, -0.39943615, -0.91478163, -1), (-0.060210403, -0.39943615, -0.91478163, -1), (0.026018651, 0.3170637, -0.94804734, -1), (0.026018651, 0.31706366, -0.94804734, -1), (0.026018653, 0.3170637, -0.94804734, -1), (-0.045698736, -0.3632694, -0.93056273, -1), (-0.045698747, -0.36326942, -0.93056273, -1), (-0.045698743, -0.36326942, -0.93056273, -1), (-0.025018822, -0.18644783, -0.9821463, -1), (-0.025018824, -0.18644784, -0.9821463, -1), (-0.025018826, -0.18644786, -0.9821463, -1), (0.09098576, 0.21975419, -0.9713031, -1), (0.09098576, 0.21975419, -0.9713031, -1), (0.09098575, 0.21975416, -0.9713031, -1), (0.02233831, -0.27755675, -0.96044946, -1), (0.02233831, -0.27755678, -0.96044946, -1), (0.02233831, -0.27755678, -0.96044946, -1), (0.12066693, 0.1858337, -0.9751438, -1), (0.12066693, 0.1858337, -0.9751438, -1), (0.12066693, 0.1858337, -0.9751438, -1), (0.07422285, -0.10309201, -0.99189866, -1), (0.07422284, -0.10309201, -0.99189866, -1), (0.07422285, -0.103092, -0.99189866, -1), (0.07121328, 0.14273283, -0.9871961, -1), (0.07121328, 0.14273286, -0.9871961, -1), (0.071213275, 0.14273283, -0.9871961, -1), (0.064410865, 0.12358481, -0.99024135, -1), (0.064410865, 0.12358482, -0.99024135, -1), (0.06441086, 0.1235848, -0.99024135, -1), (0.009635403, -0.20858517, -0.9779568, -1), (0.009635403, -0.20858519, -0.9779568, -1), (0.009635402, -0.20858517, -0.9779568, -1), (-0.12788269, 0.07650718, -0.98883396, -1), (-0.12788272, 0.07650719, -0.98883396, -1), (-0.12788269, 0.07650718, -0.98883396, -1), (-0.13130341, 0.06534893, -0.989186, -1), (-0.13130343, 0.06534894, -0.989186, -1), (-0.1313034, 0.06534893, -0.989186, -1), (0.14987242, -0.13414322, -0.97956306, -1), (0.14987242, -0.13414322, -0.97956306, -1), (0.14987244, -0.13414323, -0.97956306, -1), (0.07421262, -0.24631283, -0.9663449, -1), (0.07421261, -0.2463128, -0.9663449, -1), (0.07421261, -0.2463128, -0.9663449, -1), (-0.56281745, 0.37986585, -0.7341243, -1), (-0.56281745, 0.37986583, -0.73412424, -1), (-0.5628174, 0.37986585, -0.7341243, -1), (-0.08869264, -0.003122845, -0.9960542, -1), (-0.08869264, -0.0031228452, -0.9960542, -1), (-0.08869264, -0.0031228452, -0.9960542, -1), (-0.087350495, 0.06260777, -0.99420834, -1), (-0.087350495, 0.062607765, -0.99420834, -1), (-0.087350495, 0.062607765, -0.99420834, -1), (-0.05222002, -0.28339675, -0.9575799, -1), (-0.052220013, -0.28339672, -0.9575799, -1), (-0.052220013, -0.28339672, -0.9575799, -1), (-0.050788607, -0.12430863, -0.9909429, -1), (-0.050788615, -0.12430863, -0.9909429, -1), (-0.050788607, -0.124308616, -0.9909429, -1), (-0.25503057, 0.021347063, -0.96669734, -1), (-0.25503054, 0.021347059, -0.96669734, -1), (-0.25503054, 0.021347063, -0.96669734, -1), (-0.10702055, 0.12674658, -0.9861449, -1), (-0.10702055, 0.12674658, -0.9861449, -1), (-0.10702055, 0.12674658, -0.9861449, -1), (-0.089907646, 0.051423155, -0.99462163, -1), (-0.08990765, 0.05142316, -0.99462163, -1), (-0.08990766, 0.05142316, -0.99462163, -1), (0.11083643, -0.2466849, -0.9627367, -1), (0.11083645, -0.2466849, -0.9627367, -1), (0.110836454, -0.24668492, -0.9627367, -1), (0.050835226, -0.4010164, -0.9146594, -1), (0.050835226, -0.40101638, -0.9146594, -1), (0.050835226, -0.40101644, -0.9146594, -1), (0.059100676, -0.043157652, -0.9973187, -1), (0.059100688, -0.04315766, -0.9973187, -1), (0.059100688, -0.043157663, -0.9973187, -1), (0.042020645, -0.13130458, -0.99045116, -1), (0.042020652, -0.13130459, -0.99045116, -1), (0.04202065, -0.13130459, -0.99045116, -1), (0.017158143, -0.5845236, -0.8111953, -1), (0.017158143, -0.5845236, -0.8111953, -1), (0.01715814, -0.5845236, -0.8111953, -1), (0.013502666, -0.26293272, -0.96471965, -1), (0.013502666, -0.26293272, -0.96471965, -1), (0.013502665, -0.2629327, -0.96471965, -1), (0.100817, -0.30231914, -0.9478603, -1), (0.100817, -0.30231914, -0.9478603, -1), (0.100817, -0.30231914, -0.9478603, -1), (-0.021767685, -0.050440516, -0.99848986, -1), (-0.021767685, -0.05044052, -0.99848986, -1), (-0.021767687, -0.050440513, -0.99848986, -1), (-0.3337718, 0.18383391, -0.9245547, -1), (-0.3337718, 0.18383393, -0.9245547, -1), (-0.3337718, 0.18383393, -0.9245547, -1), (-0.14290181, 0.11189332, -0.9833915, -1), (-0.1429018, 0.11189332, -0.9833915, -1), (-0.14290181, 0.11189332, -0.9833915, -1), (0.046680015, 0.1250938, -0.99104613, -1), (0.04668002, 0.12509382, -0.99104613, -1), (0.04668002, 0.12509382, -0.99104613, -1), (-0.23512557, 0.24826838, -0.9397227, -1), (-0.23512557, 0.24826835, -0.9397227, -1), (-0.23512557, 0.24826834, -0.9397227, -1), (0.14661504, -0.28223667, -0.9480752, -1), (0.14661504, -0.28223667, -0.9480752, -1), (0.14661504, -0.28223667, -0.9480752, -1), (0.01868977, -0.12969571, -0.9913777, -1), (0.01868977, -0.1296957, -0.9913777, -1), (0.01868977, -0.12969571, -0.9913777, -1), (-0.04027247, -0.057438787, -0.9975364, -1), (-0.04027247, -0.057438787, -0.9975364, -1), (-0.04027247, -0.057438787, -0.9975364, -1), (0.043626234, 0.034439888, -0.9984541, -1), (0.043626234, 0.034439888, -0.9984541, -1), (0.043626238, 0.034439888, -0.9984541, -1), (-0.14979719, -0.10931181, -0.9826554, -1), (-0.14979719, -0.109311804, -0.9826554, -1), (-0.14979719, -0.109311804, -0.9826554, -1), (-0.09352262, 0.038026895, -0.9948907, -1), (-0.09352262, 0.038026895, -0.9948907, -1), (-0.09352262, 0.038026895, -0.9948907, -1), (-0.0011296014, -0.15487471, -0.98793346, -1), (-0.0011296016, -0.15487471, -0.98793346, -1), (-0.0011296016, -0.15487471, -0.98793346, -1), (0.07843655, -0.1115931, -0.9906536, -1), (0.078436546, -0.11159308, -0.9906536, -1), (0.07843655, -0.1115931, -0.9906536, -1), (0.055465143, -0.07801032, -0.9954085, -1), (0.055465143, -0.07801032, -0.9954085, -1), (0.055465147, -0.07801033, -0.9954085, -1), (0.12936985, 0.131645, -0.9828189, -1), (0.12936987, 0.131645, -0.9828189, -1), (0.12936985, 0.13164498, -0.9828189, -1), (-0.19465244, -0.14207858, -0.9705277, -1), (-0.19465244, -0.14207858, -0.9705277, -1), (-0.19465242, -0.1420786, -0.9705277, -1), (0.08196365, 0.015178388, -0.9965198, -1), (0.08196365, 0.01517839, -0.9965198, -1), (0.08196366, 0.01517839, -0.9965198, -1), (0.17811039, -0.1135993, -0.97743136, -1), (0.17811039, -0.11359929, -0.97743124, -1), (0.17811039, -0.1135993, -0.97743136, -1), (-0.19041276, -0.058032956, -0.9799873, -1), (-0.19041276, -0.058032956, -0.9799873, -1), (-0.19041276, -0.058032956, -0.9799873, -1), (0.26644742, -0.051619932, -0.9624662, -1), (0.26644742, -0.051619932, -0.9624662, -1), (0.26644742, -0.05161993, -0.9624662, -1), (0.0960299, -0.053521335, -0.99393845, -1), (0.09602989, -0.05352134, -0.99393845, -1), (0.09602991, -0.053521335, -0.99393845, -1), (0.04079345, 0.21785165, -0.97512895, -1), (0.04079345, 0.21785164, -0.97512895, -1), (0.040793452, 0.21785164, -0.97512895, -1), (-0.023591215, -0.11597033, -0.9929725, -1), (-0.023591215, -0.11597032, -0.9929725, -1), (-0.023591215, -0.115970336, -0.9929725, -1), (0.023251712, -0.11046538, -0.993608, -1), (0.023251712, -0.110465385, -0.993608, -1), (0.02325171, -0.11046538, -0.993608, -1), (0.3685722, -0.43433338, -0.8218936, -1), (0.3685722, -0.43433344, -0.8218936, -1), (0.36857218, -0.43433338, -0.8218936, -1), (-0.1177582, -0.0689506, -0.99064565, -1), (-0.1177582, -0.06895059, -0.99064565, -1), (-0.117758214, -0.06895061, -0.99064565, -1), (-0.0656485, 0, -0.9978428, -1), (-0.065648496, 0, -0.9978428, -1), (-0.06564851, 0, -0.9978428, -1), (-0.119171165, -0.069114774, -0.9904653, -1), (-0.11917117, -0.06911478, -0.9904653, -1), (-0.119171165, -0.069114774, -0.9904653, -1), (-0.075146414, -0.013585931, -0.9970799, -1), (-0.075146414, -0.013585931, -0.9970799, -1), (-0.075146414, -0.013585931, -0.9970799, -1), (-0.13199736, -0.09840782, -0.98635316, -1), (-0.13199736, -0.09840782, -0.98635316, -1), (-0.13199736, -0.09840782, -0.98635316, -1), (-0.15852825, -0.18241757, -0.970357, -1), (-0.15852825, -0.18241757, -0.970357, -1), (-0.15852825, -0.18241757, -0.970357, -1), (-0.45291573, 0.0034855586, -0.8915465, -1), (-0.45291573, 0.0034855586, -0.8915465, -1), (-0.4529158, 0.0034855586, -0.8915465, -1), (0.09508516, -0.2553812, -0.96215343, -1), (0.095085144, -0.2553812, -0.96215343, -1), (0.095085144, -0.2553812, -0.96215343, -1), (0.0856053, 0.12923229, -0.98791224, -1), (0.08560529, 0.12923229, -0.98791224, -1), (0.08560529, 0.12923229, -0.98791224, -1), (-0.005782784, -0.20814498, -0.9780808, -1), (-0.005782784, -0.20814498, -0.9780808, -1), (-0.0057827835, -0.20814496, -0.9780808, -1), (-0.070982054, -0.07707466, -0.99449533, -1), (-0.070982054, -0.07707466, -0.99449533, -1), (-0.07098204, -0.077074654, -0.99449533, -1), (0.43171182, 0.11182377, -0.8950532, -1), (0.4317118, 0.11182376, -0.8950532, -1), (0.4317118, 0.11182377, -0.8950532, -1), (-0.013856716, 0.16814633, -0.9856646, -1), (-0.013856718, 0.16814636, -0.9856646, -1), (-0.013856715, 0.16814631, -0.9856646, -1), (-0.09552034, 0.14011616, -0.9855167, -1), (-0.09552033, 0.14011616, -0.9855167, -1), (-0.09552034, 0.14011614, -0.9855167, -1), (0.08398512, 0.11731165, -0.9895375, -1), (0.08398513, 0.117311664, -0.9895375, -1), (0.08398513, 0.11731165, -0.9895375, -1), (0.059942745, 0.08203759, -0.994825, -1), (0.05994275, 0.08203759, -0.994825, -1), (0.059942756, 0.08203759, -0.994825, -1), (-0.51701266, -0.0032049876, -0.85597175, -1), (-0.51701266, -0.0032049876, -0.85597175, -1), (-0.51701266, -0.0032049872, -0.85597175, -1), (-0.16757888, 0.2715889, -0.94771135, -1), (-0.16757886, 0.27158886, -0.94771135, -1), (-0.16757886, 0.27158886, -0.94771135, -1), (-0.11902683, 0.13890196, -0.983127, -1), (-0.11902684, 0.13890198, -0.983127, -1), (-0.11902684, 0.13890198, -0.983127, -1), (0.07638625, -0.22006358, -0.9724902, -1), (0.076386236, -0.22006358, -0.9724902, -1), (0.07638625, -0.22006358, -0.9724902, -1), (-0.015103924, 0.21835187, -0.97575325, -1), (-0.015103924, 0.21835187, -0.97575325, -1), (-0.015103921, 0.21835186, -0.97575325, -1), (0.018496849, 0.19814627, -0.97999793, -1), (0.018496847, 0.19814624, -0.97999793, -1), (0.018496847, 0.19814627, -0.97999793, -1), (0.06431905, -0.17331605, -0.98276377, -1), (0.064319044, -0.17331603, -0.98276377, -1), (0.06431905, -0.17331603, -0.98276377, -1), (-0.22646567, -0.043030117, -0.97306824, -1), (-0.22646567, -0.043030117, -0.97306824, -1), (-0.22646563, -0.043030113, -0.97306824, -1), (0.09965889, -0.052403018, -0.99364084, -1), (0.09965888, -0.052403018, -0.99364084, -1), (0.09965889, -0.052403018, -0.99364084, -1), (0.022826891, 0.09464324, -0.9952495, -1), (0.022826891, 0.09464323, -0.9952495, -1), (0.022826891, 0.094643235, -0.9952495, -1), (-0.21567576, -0.046567343, -0.97535396, -1), (-0.21567573, -0.046567343, -0.97535396, -1), (-0.21567573, -0.046567343, -0.97535396, -1), (-0.02843488, -0.18510836, -0.98230666, -1), (-0.028434878, -0.18510835, -0.98230666, -1), (-0.028434874, -0.18510833, -0.98230666, -1), (0.101854704, -0.17272715, -0.9796893, -1), (0.10185469, -0.17272715, -0.9796892, -1), (0.101854704, -0.17272717, -0.9796892, -1), (0.0136917345, 0.13932991, -0.99015135, -1), (0.013691735, 0.13932994, -0.99015135, -1), (0.013691735, 0.13932993, -0.99015135, -1), (0.18888254, 0.2858825, -0.939465, -1), (0.18888254, 0.28588253, -0.939465, -1), (0.18888257, 0.28588253, -0.939465, -1), (0.07242567, -0.14041422, -0.98744035, -1), (0.07242566, -0.14041421, -0.98744035, -1), (0.07242567, -0.14041422, -0.98744035, -1), (0.15170164, -0.43381342, -0.88813996, -1), (0.15170166, -0.43381342, -0.88813996, -1), (0.15170166, -0.43381342, -0.88813996, -1), (-0.24071832, -0.5339373, -0.81053424, -1), (-0.24071832, -0.5339373, -0.81053424, -1), (-0.24071832, -0.5339373, -0.81053424, -1), (-0.11706297, -0.20271091, -0.9722163, -1), (-0.11706294, -0.20271087, -0.9722163, -1), (-0.117062956, -0.20271088, -0.9722163, -1), (0.014367708, 0.10692347, -0.99416345, -1), (0.014367708, 0.106923476, -0.99416345, -1), (0.01436771, 0.106923476, -0.99416345, -1), (-0.08074385, 0.03622348, -0.9960764, -1), (-0.08074385, 0.03622348, -0.9960764, -1), (-0.08074384, 0.03622348, -0.9960764, -1), (-0.16415946, -0.47497892, -0.86455005, -1), (-0.16415945, -0.47497892, -0.86455005, -1), (-0.16415945, -0.47497892, -0.86455005, -1), (0.113687515, 0.2187626, -0.96913254, -1), (0.1136875, 0.21876258, -0.96913254, -1), (0.1136875, 0.2187626, -0.96913254, -1), (-0.034140598, -0.5162668, -0.8557471, -1), (-0.03414059, -0.5162668, -0.8557471, -1), (-0.03414059, -0.5162668, -0.8557471, -1), (-0.03589129, -0.581491, -0.8127608, -1), (-0.035891287, -0.58149105, -0.8127608, -1), (-0.03589129, -0.581491, -0.8127608, -1), (0.08490523, -0.27049553, -0.95896995, -1), (0.08490523, -0.27049553, -0.95896995, -1), (0.08490523, -0.27049553, -0.95896995, -1), (0.19907515, -0.24555415, -0.9487214, -1), (0.19907515, -0.24555415, -0.9487214, -1), (0.19907512, -0.24555415, -0.9487214, -1), (0.02065158, 0.23893231, -0.9708166, -1), (0.020651579, 0.23893233, -0.9708166, -1), (0.020651579, 0.2389323, -0.9708166, -1), (0.03753301, -0.08110213, -0.99599886, -1), (0.03753302, -0.08110213, -0.99599886, -1), (0.03753301, -0.081102125, -0.99599886, -1), (0.019377146, -0.03159161, -0.999313, -1), (0.019377146, -0.03159161, -0.999313, -1), (0.019377144, -0.031591605, -0.999313, -1), (0.07608599, 0.022282185, -0.9968522, -1), (0.076085985, 0.022282183, -0.9968522, -1), (0.07608599, 0.022282185, -0.9968522, -1), (-0.24137992, -0.09916044, -0.96535116, -1), (-0.24137992, -0.09916044, -0.96535116, -1), (-0.24137992, -0.09916045, -0.96535116, -1), (-0.09612369, 0.1564969, -0.9829898, -1), (-0.09612369, 0.1564969, -0.9829898, -1), (-0.09612369, 0.1564969, -0.9829898, -1), (-0.28212193, 0.37619096, -0.8825461, -1), (-0.2821219, 0.37619093, -0.882546, -1), (-0.28212193, 0.37619096, -0.8825461, -1), (-0.2020613, -0.21644948, -0.9551549, -1), (-0.2020613, -0.21644947, -0.9551549, -1), (-0.2020613, -0.21644947, -0.9551549, -1), (0.059476536, -0.19727215, -0.9785429, -1), (0.05947652, -0.19727215, -0.9785429, -1), (0.05947652, -0.19727214, -0.9785429, -1), (0.19098417, -0.24699844, -0.95000887, -1), (0.19098417, -0.24699841, -0.95000887, -1), (0.19098417, -0.24699844, -0.95000887, -1), (-0.026552586, -0.24008356, -0.97038895, -1), (-0.026552586, -0.24008356, -0.97038895, -1), (-0.026552584, -0.24008353, -0.97038895, -1), (0.25472048, 0.2863084, -0.9236585, -1), (0.2547205, 0.2863084, -0.9236585, -1), (0.2547205, 0.2863084, -0.9236585, -1), (0.07423343, -0.16572587, -0.9833739, -1), (0.074233435, -0.16572587, -0.9833739, -1), (0.074233435, -0.16572589, -0.9833739, -1), (0.01527368, 0.34054226, -0.94010514, -1), (0.015273677, 0.34054223, -0.94010514, -1), (0.015273675, 0.34054226, -0.94010514, -1), (0.045498047, -0.0924411, -0.99467814, -1), (0.045498054, -0.092441104, -0.99467814, -1), (0.045498054, -0.092441104, -0.99467814, -1), (0.09831494, -0.35693178, -0.9289424, -1), (0.09831495, -0.35693178, -0.9289424, -1), (0.09831495, -0.35693178, -0.9289424, -1), (-0.30699676, -0.016265342, -0.9515716, -1), (-0.30699673, -0.01626534, -0.9515716, -1), (-0.30699673, -0.016265342, -0.9515716, -1), (0.043758176, 0.11511415, -0.992388, -1), (0.043758176, 0.11511414, -0.992388, -1), (0.043758173, 0.11511414, -0.992388, -1), (0.102104634, -0.08207965, -0.9913816, -1), (0.10210465, -0.08207966, -0.9913816, -1), (0.102104634, -0.08207965, -0.9913816, -1), (-0.13690683, -0.05019311, -0.9893115, -1), (-0.13690683, -0.05019311, -0.9893115, -1), (-0.13690683, -0.050193116, -0.9893115, -1), (-0.29465818, -0.28081805, -0.91340995, -1), (-0.2946582, -0.28081805, -0.91340995, -1), (-0.29465818, -0.28081805, -0.91340995, -1), (0.14280248, -0.22860017, -0.9629898, -1), (0.14280248, -0.22860019, -0.9629898, -1), (0.14280248, -0.22860016, -0.9629898, -1), (0.035497244, 0.017872602, -0.9992099, -1), (0.035497244, 0.017872602, -0.9992099, -1), (0.03549725, 0.017872602, -0.9992099, -1), (0.14073066, 0.008911807, -0.99000776, -1), (0.14073066, 0.008911806, -0.99000776, -1), (0.14073068, 0.008911806, -0.99000776, -1), (0.054909896, 0.0423208, -0.99759394, -1), (0.054909896, 0.042320795, -0.99759394, -1), (0.054909896, 0.0423208, -0.99759394, -1), (0.45009008, 0.18918277, -0.87271345, -1), (0.45009014, 0.1891828, -0.87271345, -1), (0.45009005, 0.18918277, -0.87271345, -1), (0.06259026, 0.114046, -0.9915019, -1), (0.06259026, 0.114046, -0.9915019, -1), (0.06259026, 0.114046015, -0.9915019, -1), (-0.44247478, -0.056521047, -0.894998, -1), (-0.44247478, -0.056521047, -0.894998, -1), (-0.44247478, -0.056521047, -0.894998, -1), (-0.1999082, -0.11630785, -0.9728871, -1), (-0.1999082, -0.11630785, -0.9728871, -1), (-0.19990821, -0.11630785, -0.9728871, -1), (-0.030851418, -0.15577225, -0.9873111, -1), (-0.030851414, -0.15577225, -0.9873111, -1), (-0.030851414, -0.15577225, -0.9873111, -1), (0.26019132, -0.010982153, -0.9654946, -1), (0.26019132, -0.010982153, -0.9654946, -1), (0.26019132, -0.010982154, -0.9654946, -1), (0.022468006, 0.06654872, -0.99753016, -1), (0.022468003, 0.06654872, -0.99753016, -1), (0.022468006, 0.066548705, -0.99753016, -1), (-0.26957265, -0.07869564, -0.95975906, -1), (-0.26957268, -0.07869565, -0.95975906, -1), (-0.26957262, -0.07869564, -0.95975906, -1), (-0.088815235, -0.18067084, -0.9795253, -1), (-0.08881526, -0.18067084, -0.9795253, -1), (-0.08881525, -0.18067083, -0.9795253, -1), (0.21107185, -0.09557886, -0.97278637, -1), (0.21107185, -0.09557886, -0.97278637, -1), (0.21107185, -0.09557886, -0.97278637, -1), (-0.17681803, 0.01669875, -0.98410195, -1), (-0.17681801, 0.016698748, -0.98410195, -1), (-0.176818, 0.016698748, -0.98410195, -1), (-0.0139723485, -0.08477834, -0.9963019, -1), (-0.013972347, -0.08477833, -0.9963019, -1), (-0.0139723485, -0.08477834, -0.9963019, -1), (-0.07761017, -0.08531931, -0.9933263, -1), (-0.07761017, -0.0853193, -0.9933263, -1), (-0.07761017, -0.0853193, -0.9933263, -1), (0.17901084, -0.013523049, -0.9837541, -1), (0.17901085, -0.013523051, -0.9837541, -1), (0.17901085, -0.013523051, -0.9837541, -1), (-0.20089057, -0.1540391, -0.9674269, -1), (-0.20089057, -0.1540391, -0.9674269, -1), (-0.20089056, -0.1540391, -0.9674269, -1), (-0.16179407, -0.119227886, -0.9795956, -1), (-0.16179407, -0.119227886, -0.9795956, -1), (-0.1617941, -0.11922789, -0.9795956, -1), (-0.1556473, 0.045823187, -0.98674923, -1), (-0.15564731, 0.045823187, -0.98674923, -1), (-0.15564728, 0.045823183, -0.98674923, -1), (0.051538523, -0.06790904, -0.9963594, -1), (0.05153852, -0.06790904, -0.9963594, -1), (0.051538516, -0.06790903, -0.9963594, -1), (-0.29361424, -0.010010354, -0.95587164, -1), (-0.2936142, -0.010010355, -0.95587164, -1), (-0.29361424, -0.010010355, -0.95587164, -1), (0.52206516, -0.17654409, -0.83443403, -1), (0.5220651, -0.17654407, -0.83443403, -1), (0.5220651, -0.17654407, -0.83443403, -1), (0.063705154, -0.058174957, -0.9962717, -1), (0.06370516, -0.058174964, -0.9962717, -1), (0.06370516, -0.058174968, -0.9962717, -1), (-0.057703197, 0.080770895, -0.995061, -1), (-0.057703197, 0.080770895, -0.995061, -1), (-0.057703197, 0.080770895, -0.995061, -1), (-0.17372093, -0.012918637, -0.98471016, -1), (-0.17372094, -0.012918637, -0.98471016, -1), (-0.17372094, -0.012918637, -0.98471016, -1), (0.23441856, -0.34038687, -0.91059583, -1), (0.23441856, -0.34038687, -0.91059583, -1), (0.23441856, -0.34038687, -0.91059583, -1), (0.12518531, 0.22849588, -0.9654627, -1), (0.12518531, 0.22849591, -0.9654627, -1), (0.12518534, 0.22849594, -0.9654627, -1), (-0.03278877, -0.029670171, -0.9990219, -1), (-0.03278877, -0.029670171, -0.9990219, -1), (-0.032788772, -0.029670179, -0.9990219, -1), (0.10593998, -0.016779356, -0.994231, -1), (0.10594, -0.01677936, -0.994231, -1), (0.10593999, -0.016779356, -0.994231, -1), (-0.07885919, 0.13856769, -0.9872083, -1), (-0.07885919, 0.13856767, -0.9872083, -1), (-0.07885919, 0.13856767, -0.9872083, -1), (0.15052034, -0.14049499, -0.9785728, -1), (0.15052034, -0.14049499, -0.9785728, -1), (0.15052034, -0.140495, -0.9785728, -1), (0.041400082, -0.08811481, -0.9952496, -1), (0.041400082, -0.08811481, -0.9952496, -1), (0.04140008, -0.088114806, -0.9952496, -1), (-0.29704475, -0.25171363, -0.9210889, -1), (-0.29704478, -0.25171366, -0.9210889, -1), (-0.29704478, -0.25171366, -0.9210889, -1), (-0.36531362, -0.13258874, -0.92139363, -1), (-0.36531368, -0.13258877, -0.92139363, -1), (-0.36531362, -0.13258874, -0.92139363, -1), (-0.12588635, -0.15297276, -0.98017955, -1), (-0.12588635, -0.15297276, -0.98017955, -1), (-0.12588635, -0.15297276, -0.98017955, -1), (0.018927138, 0.05214415, -0.9984602, -1), (0.018927138, 0.05214415, -0.9984602, -1), (0.01892714, 0.05214416, -0.9984602, -1), (-0.024679404, -0.10616713, -0.994042, -1), (-0.024679404, -0.10616713, -0.994042, -1), (-0.024679404, -0.10616713, -0.994042, -1), (0.11435891, -0.005185415, -0.99342597, -1), (0.1143589, -0.005185415, -0.99342597, -1), (0.1143589, -0.005185415, -0.99342597, -1), (0.7282081, 0.15315345, -0.6680247, -1), (0.7282081, 0.15315345, -0.66802466, -1), (0.7282081, 0.15315346, -0.6680247, -1), (-0.68912834, -0.11335055, 0.71571904, 1), (-0.68912834, -0.11335055, 0.71571904, 1), (-0.68912834, -0.11335055, 0.71571904, 1), (-0.8782967, 0.02326794, 0.47754955, 1), (-0.8782967, 0.023267943, 0.47754955, 1), (-0.8782967, 0.023267942, 0.47754955, 1), (-0.7971154, 0.058089904, 0.6010263, 1), (-0.7971154, 0.058089904, 0.6010263, 1), (-0.7971154, 0.05808991, 0.60102636, 1), (-0.68957293, -0.21205094, 0.69247633, 1), (-0.6895729, -0.21205094, 0.69247633, 1), (-0.6895729, -0.21205094, 0.69247633, 1), (0.29886478, -0.08410084, 0.9505824, 1), (0.29886478, -0.08410085, 0.9505824, 1), (0.29886478, -0.08410084, 0.95058244, 1), (-0.7802993, -0.23430659, 0.57985634, 1), (-0.7802993, -0.23430659, 0.57985634, 1), (-0.7802993, -0.23430659, 0.57985634, 1), (0.30110464, 0.34243596, -0.8899852, -1), (0.30110464, 0.342436, -0.8899852, -1), (0.30110464, 0.34243593, -0.8899851, -1), (0.09933827, 0.052212805, -0.993683, -1), (0.09933827, 0.052212805, -0.993683, -1), (0.09933827, 0.052212805, -0.993683, -1), (-0.26087713, 0.34486702, -0.90167063, -1), (-0.26087713, 0.344867, -0.90167063, -1), (-0.26087713, 0.344867, -0.90167063, -1), (-0.04301878, 0.21391621, -0.9759043, -1), (-0.043018784, 0.21391621, -0.9759043, -1), (-0.04301878, 0.21391621, -0.9759043, -1), (-0.1126408, 0.020929303, -0.99341536, -1), (-0.1126408, 0.020929305, -0.99341536, -1), (-0.11264081, 0.020929305, -0.99341536, -1), (0.20613958, 0.16423512, -0.9646416, -1), (0.2061396, 0.16423513, -0.9646416, -1), (0.20613958, 0.16423512, -0.9646416, -1), (0.17624532, 0.15279752, -0.9724148, -1), (0.17624532, 0.15279752, -0.9724148, -1), (0.17624533, 0.15279752, -0.9724148, -1), (0.19253838, 0.17229797, -0.9660447, -1), (0.19253837, 0.17229795, -0.9660447, -1), (0.19253838, 0.17229797, -0.9660447, -1), (-0.4832855, 0.0055053784, -0.8754455, -1), (-0.4832855, 0.0055053784, -0.8754455, -1), (-0.48328546, 0.0055053784, -0.8754455, -1), (-0.089776896, 0.37262744, -0.92362815, -1), (-0.08977689, 0.37262738, -0.92362815, -1), (-0.089776896, 0.37262744, -0.92362815, -1), (-0.07788617, 0.078106925, -0.993898, -1), (-0.07788617, 0.078106925, -0.993898, -1), (-0.077886164, 0.078106925, -0.993898, -1), (-0.20941709, 0.2926002, -0.9330217, -1), (-0.20941709, 0.2926002, -0.9330217, -1), (-0.20941706, 0.29260018, -0.9330217, -1), (0.30283812, 0.26795962, -0.91459644, -1), (0.3028381, 0.26795962, -0.9145965, -1), (0.30283812, 0.26795962, -0.91459644, -1), (0.055749096, 0.07913566, -0.99530375, -1), (0.05574909, 0.07913566, -0.99530375, -1), (0.055749096, 0.07913566, -0.99530375, -1), (-0.0031858257, 0.25120234, -0.96792936, -1), (-0.0031858257, 0.25120237, -0.96792936, -1), (-0.0031858257, 0.25120234, -0.96792936, -1), (-0.04174598, -0.069675, -0.9966959, -1), (-0.04174598, -0.06967499, -0.9966959, -1), (-0.04174598, -0.069675, -0.9966959, -1), (-0.10487081, 0.054829475, -0.9929732, -1), (-0.10487081, 0.054829475, -0.9929732, -1), (-0.104870826, 0.054829475, -0.9929732, -1), (-0.054009594, 0.06376112, -0.99650264, -1), (-0.054009594, 0.06376112, -0.99650264, -1), (-0.054009594, 0.06376112, -0.99650264, -1), (-0.21587455, 0.29921016, -0.9294468, -1), (-0.21587457, 0.29921016, -0.9294468, -1), (-0.21587455, 0.29921016, -0.9294468, -1), (-0.36699474, -0.054595258, -0.9286195, -1), (-0.36699477, -0.054595266, -0.9286195, -1), (-0.36699474, -0.054595258, -0.9286195, -1), (0.20013157, 0.22381577, -0.95386255, -1), (0.20013157, 0.22381577, -0.95386255, -1), (0.20013158, 0.22381574, -0.95386255, -1), (-0.34422785, 0.019135125, -0.9386912, -1), (-0.34422785, 0.019135125, -0.9386912, -1), (-0.34422788, 0.019135127, -0.9386912, -1), (-0.02790477, 0.041527465, -0.9987476, -1), (-0.02790477, 0.041527465, -0.9987476, -1), (-0.02790477, 0.041527465, -0.9987476, -1), (-0.13426222, -0.042551495, -0.99003184, -1), (-0.13426222, -0.042551495, -0.99003184, -1), (-0.13426222, -0.0425515, -0.99003184, -1), (0.4637484, -0.01990557, -0.88574326, -1), (0.4637484, -0.019905569, -0.88574326, -1), (0.46374834, -0.019905569, -0.88574326, -1), (0.041085873, -0.20010261, -0.9789131, -1), (0.04108587, -0.20010258, -0.9789131, -1), (0.04108587, -0.20010258, -0.9789131, -1), (-0.09127451, -0.023235083, -0.9955546, -1), (-0.0912745, -0.023235083, -0.9955546, -1), (-0.0912745, -0.023235084, -0.9955546, -1), (0.19756769, 0.22386512, -0.95438534, -1), (0.19756769, 0.22386515, -0.95438534, -1), (0.19756766, 0.22386509, -0.95438534, -1), (-0.62324095, -0.2115032, -0.7528858, -1), (-0.62324095, -0.2115032, -0.7528859, -1), (-0.62324095, -0.2115032, -0.7528859, -1), (-0.1184097, 0.05744716, -0.9913017, -1), (-0.118409716, 0.05744716, -0.9913017, -1), (-0.11840973, 0.057447165, -0.9913017, -1), (0.02012108, 0.033401035, -0.99923944, -1), (0.020121079, 0.033401035, -0.99923944, -1), (0.020121079, 0.033401035, -0.99923944, -1), (-0.093946904, -0.47079492, -0.8772264, -1), (-0.0939469, -0.47079483, -0.8772264, -1), (-0.093946904, -0.4707949, -0.8772264, -1), (0.112300456, -0.084563665, -0.99006945, -1), (0.11230044, -0.08456366, -0.99006945, -1), (0.11230044, -0.08456366, -0.99006945, -1), (-0.1554583, 0.115841456, -0.98102677, -1), (-0.1554583, 0.11584147, -0.98102677, -1), (-0.1554583, 0.11584147, -0.98102677, -1), (-0.11564437, -0.085694104, -0.9895872, -1), (-0.11564437, -0.085694104, -0.9895872, -1), (-0.11564438, -0.08569411, -0.9895872, -1), (-0.10049542, -0.038367108, -0.9941975, -1), (-0.10049541, -0.038367104, -0.9941975, -1), (-0.1004954, -0.038367104, -0.9941975, -1), (-0.24349996, -0.050073493, -0.96860754, -1), (-0.24349996, -0.050073486, -0.96860754, -1), (-0.24349996, -0.050073486, -0.96860754, -1), (-0.23978144, -0.14650594, -0.95970875, -1), (-0.23978144, -0.14650594, -0.95970875, -1), (-0.23978147, -0.14650595, -0.95970875, -1), (0.0044342885, -0.22060992, -0.97535205, -1), (0.0044342885, -0.22060989, -0.97535205, -1), (0.0044342885, -0.22060989, -0.97535205, -1), (0.1410742, -0.12841415, -0.98163533, -1), (0.14107423, -0.12841417, -0.98163533, -1), (0.14107421, -0.12841417, -0.98163533, -1), (0.33740193, -0.03405086, -0.9407447, -1), (0.33740187, -0.034050856, -0.9407447, -1), (0.33740193, -0.034050863, -0.9407447, -1), (-0.13417433, -0.3431375, -0.92965263, -1), (-0.13417435, -0.3431375, -0.92965263, -1), (-0.13417433, -0.3431375, -0.9296525, -1), (-0.51046175, -0.3030613, -0.8047252, -1), (-0.51046175, -0.3030613, -0.8047252, -1), (-0.51046175, -0.3030613, -0.8047252, -1), (-0.23551242, 0.15755583, -0.95901513, -1), (-0.23551239, 0.15755583, -0.95901513, -1), (-0.23551239, 0.15755583, -0.95901513, -1), (-0.22983769, -0.38262862, -0.89485747, -1), (-0.22983769, -0.38262862, -0.89485747, -1), (-0.22983769, -0.3826286, -0.89485747, -1), (-0.39041066, 0.11773983, -0.91308093, -1), (-0.39041063, 0.11773983, -0.91308093, -1), (-0.39041066, 0.11773983, -0.91308093, -1), (-0.43331727, 0.14238091, -0.8899236, -1), (-0.43331718, 0.1423809, -0.8899236, -1), (-0.43331718, 0.1423809, -0.8899236, -1), (-0.49621522, -0.08441067, -0.86408645, -1), (-0.49621522, -0.08441067, -0.86408645, -1), (-0.49621522, -0.08441067, -0.86408645, -1), (-0.7715443, 0.17600834, -0.6113432, -1), (-0.77154416, 0.17600833, -0.6113432, -1), (-0.7715443, 0.17600833, -0.6113432, -1), (0.23771787, -0.17820495, -0.9548472, -1), (0.2377179, -0.17820495, -0.9548472, -1), (0.2377179, -0.17820497, -0.9548472, -1), (-0.8975742, 0.0998583, -0.4294053, -1), (-0.8975742, 0.0998583, -0.42940533, -1), (-0.8975742, 0.0998583, -0.42940533, -1), (0.4060475, -0.15896682, -0.89991945, 1), (0.40604752, -0.15896682, -0.89991945, 1), (0.4060475, -0.15896682, -0.89991945, 1), (-0.9675932, 0.047309097, -0.24804284, -1), (-0.9675932, 0.047309097, -0.24804284, -1), (-0.9675932, 0.0473091, -0.24804287, -1), (-0.96605384, -0.2529762, -0.052372083, -1), (-0.96605384, -0.2529762, -0.05237208, -1), (-0.96605396, -0.2529762, -0.052372083, -1), (-0.95231116, -0.19165406, -0.23742826, -1), (-0.95231116, -0.19165407, -0.23742826, -1), (-0.95231116, -0.19165407, -0.23742826, -1), (-0.9699374, -0.24098155, -0.03390338, -1), (-0.9699374, -0.24098155, -0.033903375, -1), (-0.9699374, -0.24098156, -0.03390338, -1), (-0.9332018, 0.13179614, -0.33431154, -1), (-0.9332018, 0.13179612, -0.33431152, -1), (-0.9332018, 0.13179612, -0.33431152, -1), (-0.9125199, 0.23494357, 0.33482683, 1), (-0.9125199, 0.23494357, 0.3348268, 1), (-0.9125199, 0.23494354, 0.33482677, 1), (-0.92652446, -0.10682211, 0.36075106, 1), (-0.92652446, -0.10682211, 0.36075106, 1), (-0.92652446, -0.10682211, 0.36075106, 1), (0.6394976, 0.034829095, -0.7680037, -1), (0.6394975, 0.03482909, -0.76800376, -1), (0.6394976, 0.034829095, -0.76800376, -1), (-0.1471334, -0.14845757, 0.97791207, 1), (-0.14713341, -0.14845757, 0.97791207, 1), (-0.1471334, -0.14845757, 0.97791207, 1), (-0.9970956, -0.007939115, -0.07574593, 1), (-0.9970956, -0.007939115, -0.07574593, 1), (-0.9970956, -0.007939115, -0.07574594, 1), (-0.8090043, -0.062624075, 0.5844571, 1), (-0.8090043, -0.06262409, 0.5844572, 1), (-0.8090043, -0.06262408, 0.5844571, 1), (0.51689196, 0.095056295, -0.8507567, -1), (0.51689196, 0.095056295, -0.8507567, -1), (0.516892, 0.0950563, -0.8507567, -1), (-0.97173214, 0.22557725, -0.06965239, 1), (-0.97173214, 0.2255772, -0.069652386, 1), (-0.97173214, 0.2255772, -0.069652386, 1), (-0.73636156, 0.06290198, 0.67365795, 1), (-0.73636156, 0.06290198, 0.67365795, 1), (-0.73636156, 0.06290198, 0.67365795, 1), (-0.7306296, -0.07984283, 0.6780895, 1), (-0.7306296, -0.079842836, 0.67808956, 1), (-0.73062956, -0.079842836, 0.67808956, 1), (-0.24918488, -0.16994382, -0.9534285, -1), (-0.24918485, -0.16994382, -0.9534285, -1), (-0.24918485, -0.16994382, -0.9534285, -1), (0.15969828, 0.17581719, -0.97138286, -1), (0.15969828, 0.17581722, -0.97138286, -1), (0.15969826, 0.17581722, -0.97138286, -1), (-0.82053816, -0.08681566, 0.5649603, 1), (-0.8205179, -0.085877635, 0.5651331, 1), (-0.820388, -0.08007508, 0.5661726, 1), (0.32769206, -0.075765975, 0.94174165, 1), (0.32769206, -0.075765975, 0.94174165, 1), (0.32769206, -0.07576597, 0.94174165, 1), (-0.36676788, 0.32722452, -0.87086475, -1), (-0.3667679, 0.32722452, -0.87086475, -1), (-0.3667679, 0.32722452, -0.87086475, -1), (-0.14771612, 0.05850383, -0.987298, -1), (-0.14771613, 0.058503836, -0.987298, -1), (-0.14771612, 0.05850383, -0.987298, -1), (-0.009874249, 0.18109535, -0.98341596, -1), (-0.01002783, 0.17410433, -0.9846762, -1), (-0.009997392, 0.17531654, -0.98446137, -1), (-0.1923124, 0.30403912, -0.93304676, -1), (-0.19231239, 0.30403912, -0.93304676, -1), (-0.19231239, 0.30403912, -0.93304676, -1), (0.08049172, 0.17868616, -0.9806081, -1), (0.080491714, 0.17868614, -0.9806081, -1), (0.08049173, 0.17868616, -0.9806082, -1), (0.12589462, 0.29715833, -0.9464922, -1), (0.1258946, 0.2971583, -0.9464922, -1), (0.1258946, 0.29715833, -0.9464922, -1), (-0.06431711, 0.044827677, -0.9969221, -1), (-0.06431711, 0.044827677, -0.9969221, -1), (-0.06431711, 0.044827677, -0.9969221, -1), (0.0039994554, 0.46460447, -0.8855094, -1), (0.0039994554, 0.46460447, -0.8855094, -1), (0.003999456, 0.46460447, -0.8855094, -1), (-0.1587825, 0.18685253, -0.96947116, -1), (-0.1587825, 0.18685253, -0.96947116, -1), (-0.1587825, 0.18685251, -0.96947116, -1), (-0.2764635, 0.18682222, -0.94269055, -1), (-0.27646348, 0.18682224, -0.94269055, -1), (-0.27646348, 0.18682225, -0.94269055, -1), (-0.01199508, -0.018808562, -0.99975115, -1), (-0.011995078, -0.01880856, -0.99975115, -1), (-0.011995078, -0.01880856, -0.99975115, -1), (-0.08414774, 0.021587638, -0.99621946, -1), (-0.08414773, 0.02158764, -0.99621946, -1), (-0.08414774, 0.021587638, -0.99621946, -1), (-0.039053336, 0.02627248, -0.9988918, -1), (-0.039053336, 0.026272478, -0.9988918, -1), (0.2429032, 0.28211492, -0.9281214, -1), (0.2429032, 0.28211492, -0.9281214, -1), (0.2429032, 0.28211498, -0.9281214, -1), (0.44710714, -0.0056461906, -0.8944626, -1), (0.44710714, -0.00564619, -0.8944626, -1), (0.44710714, -0.00564619, -0.8944626, -1), (-0.14391164, 0.012693332, -0.9895091, -1), (-0.14391166, 0.012693333, -0.9895091, -1), (-0.14391163, 0.012693332, -0.9895091, -1), (0.04571313, 0.16848232, -0.9846442, -1), (0.04571313, 0.16848233, -0.9846442, -1), (0.04571313, 0.16848233, -0.9846442, -1), (0.0375971, 0.16742806, -0.9851672, -1), (0.0375971, 0.16742809, -0.9851672, -1), (0.0375971, 0.16742806, -0.9851672, -1), (0.6403548, -0.27944386, -0.7154416, -1), (0.64035493, -0.27944392, -0.7154416, -1), (0.6403549, -0.27944392, -0.7154416, -1), (0, 0.19364838, -0.98107094, -1), (0, 0.19364838, -0.98107094, -1), (0, 0.19364838, -0.98107094, -1), (-0.045135736, 0.008289833, -0.9989465, -1), (-0.045135744, 0.008289834, -0.9989465, -1), (-0.045135744, 0.008289834, -0.9989465, -1), (0.21125294, 0.17594531, -0.9614652, -1), (0.21125294, 0.17594531, -0.9614652, -1), (0.21125294, 0.17594531, -0.9614652, -1), (-0.125794, 0.04761933, -0.9909128, -1), (-0.125794, 0.04761933, -0.9909128, -1), (-0.125794, 0.047619335, -0.9909128, -1), (-0.7079432, -0.18344636, -0.6820293, -1), (-0.70794314, -0.18344635, -0.6820293, -1), (-0.7079432, -0.18344636, -0.6820293, -1), (0.56480837, -0.31007457, -0.76475185, -1), (0.56480837, -0.3100746, -0.7647518, -1), (0.56480837, -0.31007457, -0.7647518, -1), (-0.031929277, -0.015689017, -0.99936706, -1), (-0.031929277, -0.015689017, -0.99936706, -1), (-0.031929277, -0.015689017, -0.99936706, -1), (0.2769706, 0.22961457, -0.9330404, -1), (0.27697062, 0.22961457, -0.9330404, -1), (0.27697062, 0.22961454, -0.9330404, -1), (-0.22857983, -0.03607735, -0.9728565, -1), (-0.22857983, -0.03607735, -0.9728565, -1), (-0.22857986, -0.03607735, -0.9728565, -1), (-0.28398815, -0.07929494, -0.95554334, -1), (-0.28398815, -0.079294935, -0.95554334, -1), (-0.28398818, -0.07929494, -0.95554334, -1), (-0.12926589, 0.19697747, -0.9718489, -1), (-0.1292659, 0.1969775, -0.9718489, -1), (-0.1292659, 0.19697747, -0.9718489, -1), (0.012014837, 0.14380299, -0.98953336, -1), (0.012014837, 0.14380297, -0.98953336, -1), (0.012014837, 0.14380299, -0.98953336, -1), (-0.20360734, -0.17117526, -0.96397257, -1), (-0.20360734, -0.17117524, -0.96397257, -1), (-0.20360734, -0.17117524, -0.96397257, -1), (0.057729796, -0.021774087, -0.99809474, -1), (0.057729803, -0.021774087, -0.99809474, -1), (0.057729803, -0.021774089, -0.99809474, -1), (-0.103319116, -0.15454067, -0.9825692, -1), (-0.10331911, -0.15454066, -0.9825692, -1), (-0.10331911, -0.15454066, -0.9825692, -1), (0.05264761, 0.01406858, -0.998514, -1), (0.05264761, 0.014068578, -0.998514, -1), (0.052647617, 0.014068579, -0.998514, -1), (-0.07755505, -0.1724769, -0.9819557, -1), (-0.07755505, -0.17247692, -0.9819557, -1), (-0.07755505, -0.17247692, -0.9819557, -1), (-0.2603492, -0.30425984, -0.916321, -1), (-0.2603492, -0.3042598, -0.916321, -1), (-0.2603492, -0.30425984, -0.916321, -1), (0.253651, -0.05926158, -0.96547884, -1), (0.25365102, -0.05926158, -0.96547884, -1), (0.25365102, -0.05926158, -0.96547884, -1), (-0.087495394, -0.12555894, -0.98822033, -1), (-0.0874954, -0.12555896, -0.98822033, -1), (-0.087495394, -0.12555894, -0.98822033, -1), (0.094881564, -0.439971, -0.89298546, -1), (0.09488156, -0.439971, -0.89298546, -1), (0.094881564, -0.43997106, -0.89298546, -1), (-0.08496364, -0.17855057, -0.9802555, -1), (-0.08496365, -0.17855056, -0.9802555, -1), (-0.08496364, -0.17855056, -0.9802555, -1), (-0.20502143, -0.23062952, -0.95119727, -1), (-0.20502143, -0.23062952, -0.95119727, -1), (-0.2050214, -0.23062952, -0.95119727, -1), (-0.24596632, -0.17868842, -0.9526652, -1), (-0.24596629, -0.1786884, -0.9526652, -1), (-0.24596633, -0.17868842, -0.9526652, -1), (0.08283938, -0.54378045, -0.835129, -1), (0.08283937, -0.54378045, -0.835129, -1), (0.08283938, -0.54378045, -0.835129, -1), (-0.15648289, -0.1597677, -0.97467303, -1), (-0.15648289, -0.1597677, -0.97467303, -1), (-0.1564829, -0.15976772, -0.97467303, -1), (0.07552473, 0.070974536, -0.9946148, -1), (0.07552473, 0.070974536, -0.9946148, -1), (0.07552473, 0.07097454, -0.9946148, -1), (0.35885578, -0.13331269, -0.9238238, 1), (0.3588558, -0.1333127, -0.9238238, 1), (0.3588558, -0.1333127, -0.92382365, 1), (-0.71944135, -0.057047606, -0.6922064, -1), (-0.71944135, -0.057047598, -0.6922064, -1), (-0.7194414, -0.057047598, -0.6922064, -1), (0.06441731, 0.053259335, -0.99650085, -1), (0.06441731, 0.05325933, -0.99650085, -1), (0.06441731, 0.05325933, -0.99650085, -1), (0.06040779, 0.04572278, -0.99712604, -1), (0.06040779, 0.045722775, -0.99712604, -1), (0.06040779, 0.04572278, -0.99712604, -1), (0.093307264, -0.001035576, -0.9956369, -1), (0.09330728, -0.0010355761, -0.9956369, -1), (0.09330727, -0.0010355759, -0.9956369, -1), (0.16739693, 0.17753646, -0.96977264, -1), (0.16739693, 0.17753647, -0.96977264, -1), (0.16739693, 0.17753647, -0.96977264, -1), (-0.78420234, -0.23709139, -0.57342327, -1), (-0.78420234, -0.2370914, -0.5734233, -1), (-0.78420234, -0.23709139, -0.57342327, -1), (-0.61340034, -0.32437453, -0.72008413, -1), (-0.6134003, -0.32437453, -0.72008413, -1), (-0.6134003, -0.32437453, -0.72008413, -1), (-0.75307494, -0.28195417, -0.5944577, -1), (-0.75307494, -0.28195417, -0.5944577, -1), (-0.75307494, -0.2819542, -0.5944577, -1), (-0.75032127, -0.23237437, -0.61888623, -1), (-0.7503213, -0.23237437, -0.61888623, -1), (-0.75032127, -0.23237436, -0.61888623, -1), (-0.2261382, -0.35453126, -0.9072867, 1), (-0.22613817, -0.35453126, -0.9072867, 1), (-0.22613817, -0.35453126, -0.9072867, 1), (-0.49011356, 0.14461711, -0.8595781, -1), (-0.49011356, 0.1446171, -0.8595781, -1), (-0.49011356, 0.14461711, -0.8595781, -1), (-0.8634738, -0.37309277, -0.33943313, -1), (-0.8634738, -0.3730928, -0.3394331, -1), (-0.8634738, -0.37309277, -0.33943307, -1), (-0.9429658, -0.17673284, -0.28210118, -1), (-0.9429658, -0.17673284, -0.28210118, -1), (-0.9429658, -0.17673282, -0.28210115, -1), (0.800651, -0.07523542, -0.5943885, -1), (0.800651, -0.07523542, -0.5943885, -1), (0.800651, -0.07523542, -0.5943885, -1), (-0.01875622, 0.1356429, -0.99058026, -1), (-0.018756222, 0.1356429, -0.99058026, -1), (-0.01875622, 0.1356429, -0.99058026, -1), (-0.04647697, -0.123469785, 0.9912594, 1), (-0.046476975, -0.123469785, 0.9912594, 1), (-0.046476968, -0.123469785, 0.9912594, 1), (0.09020502, 0.16402118, -0.9823239, -1), (0.09020502, 0.16402118, -0.9823239, -1), (0.090205036, 0.1640212, -0.9823239, -1), (0.12325882, 0.117185995, -0.9854313, -1), (0.12325882, 0.117185995, -0.9854313, -1), (0.12325881, 0.117185995, -0.9854312, -1), (-0.23018499, 0.10085759, -0.96790636, -1), (-0.23018499, 0.10085759, -0.96790636, -1), (-0.23018499, 0.1008576, -0.96790636, -1), (-0.055440467, -0.27067214, -0.9610738, -1), (-0.055440467, -0.2706721, -0.9610738, -1), (-0.05544046, -0.2706721, -0.9610738, -1), (0.38990417, -0.03286481, -0.9202688, -1), (0.38990417, -0.03286481, -0.9202688, -1), (0.38990417, -0.03286481, -0.9202688, -1), (-0.12368863, -0.041389093, -0.9914575, -1), (-0.12368863, -0.04138909, -0.9914575, -1), (-0.12368864, -0.041389093, -0.9914575, -1), (0.003739926, -0.008727907, -0.99995494, -1), (0.003739926, -0.008727907, -0.99995494, -1), (0.0037399263, -0.008727907, -0.99995494, -1), (0.14307271, 0.1398968, -0.97977495, -1), (0.14307271, 0.13989681, -0.97977495, -1), (0.14307272, 0.13989681, -0.97977495, -1), (0.7273299, -0.12937206, -0.6739837, -1), (0.7273311, -0.12935556, -0.67398554, -1), (0.727331, -0.12935907, -0.67398506, -1), (-0.9711826, 0.13018718, 0.19963862, 1), (-0.97118497, 0.13016847, 0.1996395, 1), (-0.97118205, 0.13019204, 0.19963835, 1), (-0.16441949, 0.94194424, -0.29275805, -1), (-0.16441922, 0.9419489, -0.29274327, -1), (-0.16441944, 0.9419452, -0.29275504, -1), (-0.20407903, -0.9328911, 0.2967592, 1), (-0.20407908, -0.9328919, 0.29675627, 1), (-0.20407896, -0.93289024, 0.29676187, 1), (-0.5823987, -0.2682803, -0.7673574, -1), (-0.5824006, -0.26828513, -0.76735425, -1), (-0.58240014, -0.26828817, -0.7673536, -1), (0.9155844, 0.05726104, -0.3980281, 1), (0.9155864, 0.0572498, -0.39802516, 1), (0.9155864, 0.05725185, -0.39802498, 1), (0.23576014, -0.95855343, -0.15997627, -1), (0.23576038, -0.95855737, -0.15995245, -1), (0.23576044, -0.95855534, -0.15996441, -1), (0.2254139, -0.950538, -0.21369617, 1), (0.22542581, -0.95053506, -0.21369655, 1), (0.22539009, -0.9505438, -0.21369544, 1), (-0.22953588, 0.9611019, 0.15361118, -1), (-0.22951287, 0.96110755, 0.15361077, -1), (-0.22951491, 0.96110696, 0.1536108, -1), (0.21376951, 0.9413035, 0.26124737, -1), (0.21379508, 0.94129795, 0.2612468, -1), (0.21375367, 0.9413071, 0.26124778, -1), (0.24878058, 0.9340679, 0.25617462, -1), (0.2487808, 0.9340678, 0.25617462, -1), (0.20847037, -0.96539026, -0.15672182, -1), (0.20848584, -0.9653869, -0.15672183, -1), (0.20849809, -0.96538424, -0.15672182, -1), (-0.21015166, 0.97562724, 0.063149095, 1), (-0.21017802, 0.9756216, 0.06314876, 1), (-0.21014811, 0.97562796, 0.06314913, 1), (0.11703827, -0.93644243, 0.33072296, 1), (0.11703856, -0.93644774, 0.3307079, 1), (0.117038384, -0.9364465, 0.33071154, 1), (-0.16306116, 0.9298722, -0.3297706, -1), (-0.16306171, 0.9298763, -0.32975888, -1), (-0.16306138, 0.92987347, -0.32976717, -1), (1, 0, 0, -1), (1, 0, 0, -1), (1, 0, 0, -1), (0.23990716, -0.9608527, 0.1385879, -1), (0.23990715, -0.9608527, 0.1385879, -1), (0.2399071, -0.9608527, 0.13858792, -1), (0.99911255, -0.041967925, 0.0035601782, 1), (0.99911255, -0.041969728, 0.0035608292, 1), (0.9991124, -0.041972656, 0.003565961, 1), (0.7776914, -0.277017, -0.5643205, -1), (0.77769494, -0.2769996, -0.56432426, -1), (0.7776905, -0.27702412, -0.5643183, -1), (-0.17716014, 0.113968395, -0.97756094, -1), (-0.17715596, 0.11393802, -0.9775653, -1), (-0.17715862, 0.11395694, -0.97756267, -1), (0.47756606, -0.07446361, 0.87543464, 1), (0.47756508, -0.07444888, 0.87543654, 1), (0.47756407, -0.07443521, 0.87543815, 1), (0.87395716, 0.029946156, -0.48507935, -1), (0.87395626, 0.029973606, -0.48507953, -1), (0.87395656, 0.029935688, -0.48508137, -1), (-0.9994336, 0.032075908, -0.010174201, 1), (-0.99943334, 0.032083288, -0.0101746125, 1), (-0.99943453, 0.032047797, -0.010177548, 1), (0.031127011, 0.2237798, -0.9741426, -1), (0.056851853, 0.21421103, -0.9751315, -1), (0.020944634, 0.22013117, -0.97524536, -1), (-0.0055147843, 0.2293406, -0.9733306, -1), (0.06955373, 0.044489354, -0.9965856, -1), (0.04975818, 0.046657436, -0.9976708, -1), (0.0865293, 0.05018039, -0.99498475, -1), (0.11445254, 0.048907343, -0.9922241, -1), (-0.119847395, 0.093377024, -0.9883913, -1), (-0.09199095, 0.09602326, -0.9911192, -1), (-0.16071276, 0.10136628, -0.9817822, -1), (-0.055458374, 0.08753626, -0.9946163, -1), (0.081251346, -0.021808306, -0.9964551, -1), (0.04760252, -0.019394103, -0.998678, -1), (0.022229018, -0.025044266, -0.9994392, -1), (-0.029760597, -0.023598269, -0.9992785, -1), (0.11539183, -0.09567948, -0.9887012, -1), (0.15394785, -0.09418454, -0.9835798, -1), (0.19948769, -0.095988296, -0.97518766, -1), (0.23899508, -0.09390956, -0.96646905, -1), (-0.29155856, -0.021956077, -0.956301, -1), (-0.1407311, 0.005470578, -0.9900328, -1), (-0.23052122, -0.01055127, -0.97301006, -1), (-0.41572976, -0.045273297, -0.90836066, -1), (0.10791217, 0.040281042, -0.99334407, -1), (0.11480116, 0.041064557, -0.99253935, -1), (0.05465787, 0.03368618, -0.9979367, -1), (0.15610123, 0.044474166, -0.9867394, -1), (0.14793587, -0.07508516, -0.9861426, -1), (0.313599, -0.052437518, -0.9481066, -1), (0.18735291, -0.073007055, -0.9795759, -1), (-0.015557904, -0.09572353, -0.9952864, -1), (-0.22371568, 0.11770077, -0.9675214, -1), (-0.49459702, 0.1753526, -0.8512492, -1), (-0.64142936, 0.19507012, -0.7419676, -1), (-0.74391466, 0.21242061, -0.6336153, -1), (-0.95277876, -0.1320865, -0.27343348, -1), (-0.9339609, -0.12865205, -0.33341503, -1), (-0.9351066, -0.12885672, -0.33010843, -1), (-0.90978205, -0.12442388, -0.39599907, -1), (0.006705953, 0.038239643, -0.9992461, -1), (-0.08946138, 0.032531016, -0.99545896, -1), (-0.061004072, 0.034257095, -0.9975495, -1), (0.04184567, 0.040239893, -0.9983134, -1), (0.105946936, -0.06981017, -0.99191827, -1), (0.09921842, -0.07032612, -0.9925775, -1), (0.10969689, -0.069532976, -0.99153006, -1), (0.11681191, -0.06235082, -0.99119484, -1), (0.032714877, 0.064955376, -0.99735177, -1), (0.034065437, 0.0652318, -0.9972886, -1), (0.036321785, 0.0656874, -0.99717903, -1), (0.030240677, 0.061513975, -0.99764794, -1), (0.042795323, -0.09589191, -0.99447143, -1), (0.04410181, -0.09549034, -0.9944529, -1), (0.044178635, -0.095783584, -0.9944213, -1), (0.046675805, -0.094702736, -0.9944108, -1), (-0.079584576, 0.09260436, -0.99251735, -1), (-0.07375372, 0.09234829, -0.99299157, -1), (-0.074486144, 0.092379116, -0.992934, -1), (-0.06699399, 0.095884606, -0.99313545, -1), (-0.005475307, -0.028336497, -0.9995834, -1), (-0.005475039, -0.028336441, -0.9995834, -1), (-0.005475522, -0.028336547, -0.9995834, -1), (-0.0047481176, -0.031581897, -0.9994899, -1), (0.017672466, -0.040899113, -0.99900705, -1), (0.053852625, -0.017855141, -0.99838924, -1), (0.053238526, -0.015103749, -0.9984675, -1), (0.049440734, 0.0019010111, -0.9987752, -1), (0.04640828, 0.015377883, -0.9988042, -1), (-0.25548065, -0.31921196, -0.9125971, -1), (-0.25364396, -0.31958306, -0.91297936, -1), (-0.25253907, -0.3198042, -0.9132082, -1), (-0.25083724, -0.32187223, -0.9129507, -1), (0.114556864, -0.039235044, -0.9926415, -1), (0.09961805, -0.038604964, -0.9942766, -1), (0.09944915, -0.03859781, -0.99429375, -1), (0.08118897, -0.03781979, -0.995981, -1), (-0.07485681, 0.02354043, -0.9969164, -1), (-0.07462816, 0.023539456, -0.9969336, -1), (-0.06752122, 0.023486463, -0.9974414, -1), (0.09784525, 0.028333126, -0.9947982, -1), (0.918142, 0.020378007, -0.3957272, -1), (-0.14532828, -0.030778613, -0.98890465, -1), (-0.1346025, -0.029124778, -0.9904716, -1), (-0.1508564, -0.031631395, -0.98804957, -1), (-0.12836531, -0.030341739, -0.9912627, -1), (-0.19751783, 0.03322633, -0.9797361, -1), (-0.19763154, 0.03322854, -0.9797131, -1), (-0.19764763, 0.033230517, -0.97970974, -1), (-0.19779667, 0.032991875, -0.9796878, -1), (0.08564905, -0.17656557, -0.98055536, -1), (0.083855204, -0.17649715, -0.9807227, -1), (0.08444457, -0.17654079, -0.98066425, -1), (0.087592915, -0.15716071, -0.98368084, -1), (-0.07455798, -0.07185045, -0.9946248, -1), (-0.056013867, -0.06952175, -0.99600667, -1), (-0.064269446, -0.070564054, -0.9954347, -1), (-0.08229285, -0.07341511, -0.9939004, -1), (0.014626189, 0.004175737, -0.99988437, -1), (0.0025014493, 0.004144138, -0.9999883, -1), (0.0071776197, 0.0041486877, -0.99996567, -1), (-0.008420877, 0.035871133, -0.999321, -1), (0, 0.035605554, -0.999366, -1), (-0.07865341, 0.20782241, -0.97499925, -1), (-0.083470106, 0.2078967, -0.97458285, -1), (-0.0775804, 0.20779373, -0.9750913, -1), (-0.07338918, 0.19283892, -0.97848207, -1), (0.033894777, 0.15698837, -0.9870187, 1), (0.051374447, 0.16105141, -0.985608, 1), (-0.007602974, 0.14715481, -0.9890842, 1), (-0.020158097, 0.14411296, -0.98935586, 1), (-0.9938671, -0.10255639, 0.041358218, 1), (-0.9935633, -0.10409883, 0.044671897, 1), (-0.9957557, -0.09065702, 0.0158758, 1), (-0.99599034, -0.08869413, 0.011684835, 1), (-0.9603781, -0.18506148, -0.20838916, -1), (-0.9780749, -0.15973037, -0.13362496, -1), (-0.89559734, -0.23875783, -0.37536654, -1), (-0.8856357, -0.2446965, -0.39468107, -1), (-0.9747379, -0.2233516, 0, 1), (-0.97472906, -0.2233901, 0, 1), (-0.97483, -0.22294426, -0.0015444513, 1), (-0.9748419, -0.22289099, -0.0017416462, 1), (-0.93348646, -0.1089288, -0.34166887, -1), (-0.94635564, -0.1196626, -0.30015302, -1), (-0.59422857, 0.04781317, -0.80287373, -1), (-0.57722145, 0.053433456, -0.8148376, -1), (-0.9987212, 0.04064755, 0.030061245, -1), (-0.999065, 0.034450956, 0.026120543, -1), (-0.9977659, 0.05446465, 0.038689557, -1), (-0.9976216, 0.05627028, 0.03980773, -1), (-0.99975187, 0.014806589, -0.016641248, 1), (-0.99990165, 0.011798021, -0.007587557, 1), (-0.9967938, 0.033349372, -0.07273236, 1), (-0.9962692, 0.035329886, -0.078736104, 1), (-0.9199358, -0.034749217, 0.3905258, 1), (-0.88845104, -0.051851053, 0.45603314, 1), (-0.9375431, -0.02357809, 0.347069, 1), (-0.94005203, -0.021870058, 0.34032917, 1), (-0.9258663, -0.2726063, -0.26164374, -1), (-0.9331652, -0.26841444, -0.23907426, -1), (-0.88524854, -0.28987986, -0.3637371, -1), (-0.87629825, -0.29272288, -0.38264158, -1), (-0.979071, -0.18426196, -0.0864151, -1), (-0.98483884, -0.16068491, -0.06536749, -1), (-0.93639445, -0.2965324, -0.187707, -1), (-0.9223807, -0.3229811, -0.21188913, -1), (-0.4415807, -0.5128181, 0.7362228, 1), (-0.33715498, -0.53846526, 0.77225745, 1), (-0.6299771, -0.44317573, 0.6377492, 1), (-0.7285859, -0.39036867, 0.5628277, 1), (-0.99191344, 0.1269043, 0.0017649664, -1), (-0.99200153, 0.12621655, 0.0015465334, -1), (-0.9904721, 0.13761677, 0.0051627997, -1), (-0.99006224, 0.14050022, 0.006042362, -1), (-0.9766411, -0.002033977, 0.21486746, 1), (-0.9789615, 0.0018136066, 0.20403689, 1), (-0.9704541, -0.011379311, 0.24101749, 1), (-0.96993655, -0.012103674, 0.24305631, 1), (-0.8275617, -0.09862373, -0.5526437, -1), (-0.77311796, -0.0984234, -0.6265791, -1), (-0.99644154, -0.07887437, 0.029714674, -1), (-0.9796331, -0.06841541, 0.18878075, -1), (0.022166867, -0.0022740494, -0.99975175, -1), (0.03970674, -0.0066069704, -0.99918956, -1), (0.008120756, -0.003041273, -0.99996245, -1), (0.057105508, -0.0052187834, -0.99835455, -1), (0.079001285, -0.0034752386, -0.99686843, -1), (0.088319056, -0.011632172, -0.99602425, -1), (-0.011558759, -0.10491903, -0.99441355, 1), (-0.018251792, -0.10786099, -0.9939984, 1), (0.013178746, -0.09400688, -0.99548435, 1), (0.019874841, -0.09104075, -0.9956488, 1), (-0.06919321, -0.073747985, -0.9948736, -1), (-0.0874319, -0.06869241, -0.99379927, -1), (-0.020639537, -0.087069534, -0.9959884, -1), (-0.005570539, -0.091149524, -0.9958216, -1), (-0.95494777, -0.27668077, 0.10734301, 1), (-0.95584047, -0.27542296, 0.10252399, 1), (-0.95169, -0.28096357, 0.12387718, 1), (-0.94937855, -0.2837531, 0.13477606, 1), (-0.03149444, -0.018029695, -0.9993413, 1), (-0.037272148, -0.02014878, -0.999102, 1), (-0.018936817, -0.013409179, -0.99973077, 1), (-0.012858454, -0.011186627, -0.9998548, 1), (-0.9612259, -0.15168937, -0.23029332, -1), (-0.96849203, -0.15160348, -0.19758448, -1), (-0.946262, -0.15142582, -0.28575942, -1), (-0.9398986, -0.15122451, -0.30614007, -1), (-0.96981555, 0.031949833, -0.24173711, -1), (-0.97495157, 0.043785933, -0.21806505, -1), (-0.9587184, 0.01047384, -0.28416425, -1), (-0.953646, 0.0018860662, -0.3009249, -1), (-0.013131583, -0.0011905946, -0.9999131, -1), (-0.016062962, 0, -0.999871, -1), (-0.005749316, -0.005158483, -0.9999702, -1), (-0.003244991, -0.0065012937, -0.99997365, -1), (-0.7436479, -0.3888235, 0.5438788, 1), (-0.7301929, -0.3988685, 0.55472726, 1), (-0.8601162, -0.2814953, 0.42539462, 1), (-0.9615377, -0.12423855, 0.24496949, 1), (-0.8944249, -0.055822257, 0.4437206, 1), (-0.8965351, -0.055538096, 0.4394773, 1), (-0.8816957, -0.057461184, 0.46830633, 1), (-0.87326634, -0.058473147, 0.4837218, 1), (-0.99309677, -0.11220571, -0.03418733, -1), (-0.9970137, -0.07423509, 0.02128364, -1), (-0.9098224, -0.287722, -0.29906404, -1), (-0.89232194, -0.3077294, -0.33024853, -1), (-0.09158278, 0.98180526, 0.1663461, 1), (-0.07657692, 0.9830117, 0.16680525, 1), (-0.091573805, 0.98181033, 0.16632111, 1), (0.17905359, 0.9661706, 0.18561849, 1), (0.20557775, 0.9611776, 0.18405318, 1), (-0.0022689255, -0.053714037, -0.9985538, 1), (0.005108655, -0.02441984, -0.99968874, 1), (-0.00533878, -0.0659354, -0.9978096, 1), (-0.014362556, -0.10168573, -0.99471277, 1), (-0.9701553, -0.11057925, -0.21580312, -1), (-0.98158526, -0.11606709, -0.15171924, -1), (-0.9249263, -0.09519548, -0.3680341, -1), (-0.87957734, -0.08303183, -0.4684544, -1), (0.005711457, 0.024838889, -0.99967515, 1), (0.003946653, 0.0137324715, -0.99989796, 1), (0.0058615296, 0.027144192, -0.99961436, 1), (0.007469725, 0.037051253, -0.9992855, 1), (-0.21567039, -0.9646332, -0.15155467, 1), (-0.21566817, -0.9646332, -0.1515588, 1), (-0.21569827, -0.9646237, -0.15157591, 1), (-0.25299162, -0.9556137, -0.15098949, 1), (-0.17065828, 0.90934867, -0.37942156, 1), (1, 0, 0, -1), (-0.1706551, 0.9093494, -0.3794214, 1), (-0.17064674, 0.90935117, -0.37942085, 1), (-0.17804298, -0.9433269, 0.2800628, -1), (-0.1765284, -0.93557775, 0.30583, -1), (-0.18402486, -0.97237575, 0.14359753, -1), (-0.18489459, -0.97641844, 0.11144988, -1), (0.11916985, 0.0050537554, -0.992861, -1), (0.12137355, 0.004334621, -0.99259746, -1), (0.11626659, 0.0060319006, -0.99319977, -1), (0.11433142, 0.0066818604, -0.9934202, -1), (-0.046159707, 0.009664603, -0.99888736, 1), (-0.046157766, 0.009664215, -0.9988875, 1), (-0.046157032, 0.009664067, -0.9988875, 1), (-0.043640267, 0.023602098, -0.9987684, 1), (0.98313683, 0.039652158, 0.17852044, -1), (0.98661244, 0.13510522, -0.091336645, -1), (-0.7509117, -0.28778806, 0.59439856, -1), (-0.8251809, -0.26236823, 0.50023943, -1), (-0.907838, -0.12771173, 0.3993995, 1), (-0.9052474, -0.12994584, 0.40452603, 1), (-0.9100078, -0.12581998, 0.39503813, 1), (-0.9112776, -0.12469134, 0.39246064, 1), (-0.98568255, 0.11828517, -0.12015989, -1), (-0.98541117, 0.1166903, -0.12388831, -1), (-0.98595667, 0.11996438, -0.11618115, -1), (-0.98616517, 0.121309176, -0.11297053, -1), (-0.9947732, -0.07020445, -0.074146666, -1), (-0.99537694, -0.06631949, -0.06947234, -1), (-0.99022675, -0.09402586, -0.10300548, -1), (-0.98950166, -0.09726356, -0.10689432, -1), (-0.9277815, 0.037268583, 0.3712581, 1), (-0.95966023, 0.06498376, 0.2735496, 1), (-0.9015446, 0.019102596, 0.43226445, 1), (-0.85066, -0.010140817, 0.52561826, 1), (-0.9788463, -0.0963375, 0.18049632, 1), (-0.9913283, -0.085708134, 0.09961096, 1), (-0.9610205, -0.10518796, 0.25568524, 1), (-0.92483455, -0.117282525, 0.361837, 1), (-0.6318175, -0.07574631, 0.7714072, 1), (-0.6856815, -0.07629991, 0.7238917, 1), (-0.64093465, -0.07589488, 0.76383424, 1), (-0.5836763, -0.07498375, 0.80851686, 1), (-0.97860783, 0.20251448, -0.03625676, 1), (-0.9799423, 0.1944076, -0.04380432, 1), (-0.96078223, 0.27531886, 0.033119254, 1), (-0.9567925, 0.28728878, 0.044868626, 1), (-0.026623696, 0.17162663, -0.9848023, -1), (-0.026699714, 0.17163447, -0.98479885, -1), (-0.026944153, 0.17166644, -0.98478657, -1), (-0.025562756, 0.17799236, -0.9836998, -1), (0.19531423, 0.13619056, -0.9712387, -1), (0.18430817, 0.13653642, -0.9733387, -1), (0.1952899, 0.13618933, -0.9712436, -1), (0.21214688, 0.13810033, -0.9674306, -1), (0.6139258, -0.058751293, -0.7871743, -1), (0.58897823, -0.060862523, -0.8058538, -1), (0.60952574, -0.059126228, -0.7905584, -1), (0.58489805, -0.071015775, -0.807992, -1), (-0.31726977, 0.23036297, -0.91993093, -1), (-0.33501294, 0.22989401, -0.9137369, -1), (-0.31734148, 0.23036164, -0.9199065, -1), (-0.30202612, 0.22833496, -0.92555034, -1), (0.26537403, -0.087566786, -0.9601608, -1), (0.19611202, -0.09170878, -0.97628355, -1), (0.219524, -0.09038947, -0.97141075, -1), (0.2973886, -0.08548715, -0.9509217, -1), (-0.8388478, 0.08742104, 0.5373006, 1), (-0.8279271, 0.08730182, 0.5539993, 1), (-0.8417073, 0.08744691, 0.5328057, 1), (-0.8490173, 0.08749971, 0.5210694, 1), (-0.067705356, 0.016966818, -0.9975611, -1), (-0.07475721, 0.016770616, -0.9970607, -1), (-0.08019063, 0.016609848, -0.99664116, -1), (-0.062059093, 0.009934269, -0.99802303, -1), (0.3070506, 0.15629748, -0.938771, -1), (0.30622324, 0.15639147, -0.9390255, -1), (0.30641216, 0.15636589, -0.93896824, -1), (0.30795085, 0.15617545, -0.93849635, -1), (-0.26767123, -0.12172485, -0.9557904, -1), (-0.18206303, -0.13528831, -0.9739354, -1), (-0.22324264, -0.12891233, -0.96620095, -1), (-0.28629145, -0.11856877, -0.9507779, -1)] (
        elementSize = 1
        interpolation = "varying"
    )
    uniform token purpose
    token visibility
    matrix4d xformOp:transform = ( (0.3452383875846863, 1.6900994492807797e-10, 0.08267741650342941, 0), (-3.7684806664106674e-11, 0.35499998927116394, -5.683328252459319e-10, 0), (-0.08267741650342941, 5.439285688524365e-10, 0.3452383875846863, 0), (-10.05517292022705, 0.00014799833297729492, 18.205259323120117, 1) )
    uniform token[] xformOpOrder = ["xformOp:transform"]

    def Scope "Materials"
    {
        def Material "PP_Standard_Material_52838"
        {
            token outputs:displacement
            token outputs:surface.connect = </PP_Meadow_Path_05_862/Materials/PP_Standard_Material_52838/PreviewSurface.outputs:surface>
            token[] requiredKeywords

            def Shader "PreviewSurface"
            {
                uniform token info:id = "UsdPreviewSurface"
                float inputs:clearcoat = 0
                float inputs:clearcoatRoughness = 0.01
                float3 inputs:diffuseColor = (0.18, 0.18, 0.18)
                float3 inputs:diffuseColor.connect = </PP_Meadow_Path_05_862/Materials/PP_Standard_Material_52838/PreviewSurface/_MainTex.outputs:rgb>
                float inputs:displacement = 0
                float3 inputs:emissiveColor = (0, 0, 0)
                float inputs:ior = 1.5
                float inputs:metallic = 0
                float3 inputs:normal = (0, 0, 1)
                float inputs:occlusion = 1
                float inputs:opacity = 1
                float inputs:opacityThreshold = 0
                float inputs:roughness = 0.8
                float3 inputs:specularColor = (0.033104748, 0.033104748, 0.033104748)
                int inputs:useSpecularWorkflow = 0
                token outputs:displacement
                token outputs:surface
                color4f unity:colors:_BaseColor = (1, 1, 1, 1) (
                    customData = {
                        string sourceMember = "colorArgs"
                    }
                )
                color4f unity:colors:_Color = (1, 1, 1, 1) (
                    customData = {
                        string sourceMember = "colorArgs"
                    }
                )
                color4f unity:colors:_EmissionColor = (0, 0, 0, 1) (
                    customData = {
                        string sourceMember = "colorArgs"
                    }
                )
                color4f unity:colors:_SpecColor = (0.033104748, 0.033104748, 0.033104748, 1) (
                    customData = {
                        string sourceMember = "colorArgs"
                    }
                )
                float unity:floats:_AddPrecomputedVelocity = 0 (
                    customData = {
                        string sourceMember = "floatArgs"
                    }
                )
                float unity:floats:_AlphaClip = 0 (
                    customData = {
                        string sourceMember = "floatArgs"
                    }
                )
                float unity:floats:_AlphaToMask = 0 (
                    customData = {
                        string sourceMember = "floatArgs"
                    }
                )
                float unity:floats:_Blend = 0 (
                    customData = {
                        string sourceMember = "floatArgs"
                    }
                )
                float unity:floats:_BlendModePreserveSpecular = 1 (
                    customData = {
                        string sourceMember = "floatArgs"
                    }
                )
                float unity:floats:_BumpScale = 1 (
                    customData = {
                        string sourceMember = "floatArgs"
                    }
                )
                float unity:floats:_ClearCoatMask = 0 (
                    customData = {
                        string sourceMember = "floatArgs"
                    }
                )
                float unity:floats:_ClearCoatSmoothness = 0 (
                    customData = {
                        string sourceMember = "floatArgs"
                    }
                )
                float unity:floats:_Cull = 2 (
                    customData = {
                        string sourceMember = "floatArgs"
                    }
                )
                float unity:floats:_Cutoff = 0.5 (
                    customData = {
                        string sourceMember = "floatArgs"
                    }
                )
                float unity:floats:_DetailAlbedoMapScale = 1 (
                    customData = {
                        string sourceMember = "floatArgs"
                    }
                )
                float unity:floats:_DetailNormalMapScale = 1 (
                    customData = {
                        string sourceMember = "floatArgs"
                    }
                )
                float unity:floats:_DstBlend = 0 (
                    customData = {
                        string sourceMember = "floatArgs"
                    }
                )
                float unity:floats:_DstBlendAlpha = 0 (
                    customData = {
                        string sourceMember = "floatArgs"
                    }
                )
                float unity:floats:_EnvironmentReflections = 1 (
                    customData = {
                        string sourceMember = "floatArgs"
                    }
                )
                float unity:floats:_Glossiness = 0.2 (
                    customData = {
                        string sourceMember = "floatArgs"
                    }
                )
                float unity:floats:_GlossMapScale = 1 (
                    customData = {
                        string sourceMember = "floatArgs"
                    }
                )
                float unity:floats:_GlossyReflections = 1 (
                    customData = {
                        string sourceMember = "floatArgs"
                    }
                )
                float unity:floats:_Metallic = 0 (
                    customData = {
                        string sourceMember = "floatArgs"
                    }
                )
                float unity:floats:_OcclusionStrength = 1 (
                    customData = {
                        string sourceMember = "floatArgs"
                    }
                )
                float unity:floats:_Parallax = 0.02 (
                    customData = {
                        string sourceMember = "floatArgs"
                    }
                )
                float unity:floats:_QueueOffset = 0 (
                    customData = {
                        string sourceMember = "floatArgs"
                    }
                )
                float unity:floats:_ReceiveShadows = 1 (
                    customData = {
                        string sourceMember = "floatArgs"
                    }
                )
                float unity:floats:_Smoothness = 0.2 (
                    customData = {
                        string sourceMember = "floatArgs"
                    }
                )
                float unity:floats:_SmoothnessTextureChannel = 0 (
                    customData = {
                        string sourceMember = "floatArgs"
                    }
                )
                float unity:floats:_SpecularHighlights = 1 (
                    customData = {
                        string sourceMember = "floatArgs"
                    }
                )
                float unity:floats:_SrcBlend = 1 (
                    customData = {
                        string sourceMember = "floatArgs"
                    }
                )
                float unity:floats:_SrcBlendAlpha = 1 (
                    customData = {
                        string sourceMember = "floatArgs"
                    }
                )
                float unity:floats:_Surface = 0 (
                    customData = {
                        string sourceMember = "floatArgs"
                    }
                )
                float unity:floats:_WorkflowMode = 1 (
                    customData = {
                        string sourceMember = "floatArgs"
                    }
                )
                float unity:floats:_ZWrite = 1 (
                    customData = {
                        string sourceMember = "floatArgs"
                    }
                )
                token[] unity:shaderKeywords = []
                string unity:shaderName = "Universal Render Pipeline/Lit"

                def Shader "uvReader"
                {
                    uniform token info:id = "UsdPrimvarReader_float2"
                    float2 inputs:fallback = (0, 0)
                    string inputs:varname = "st"
                    float2 outputs:result
                }

                def Shader "_MainTex"
                {
                    uniform token info:id = "UsdUVTexture"
                    float4 inputs:bias = (0, 0, 0, 0)
                    float4 inputs:fallback = (0, 0, 0, 1)
                    asset inputs:file = @PP_Color_Palette.png@
                    token inputs:isSRGB = "auto"
                    float4 inputs:scale = (1, 1, 1, 1)
                    token inputs:sourceColorSpace = "auto"
                    float2 inputs:st = (0, 0)
                    float2 inputs:st.connect = </PP_Meadow_Path_05_862/Materials/PP_Standard_Material_52838/PreviewSurface/uvReader.outputs:result>
                    token inputs:wrapS = "repeat"
                    token inputs:wrapT = "repeat"
                    float outputs:a
                    float outputs:b
                    float outputs:g
                    float outputs:r
                    float3 outputs:rgb
                    float4 outputs:rgba
                }
            }
        }
    }
}

