#usda 1.0
(
    endTimeCode = 0
    metersPerUnit = 1
    startTimeCode = 0
    upAxis = "Y"
)

def Mesh "PP_Meadow_07_794" (
    prepend apiSchemas = ["MaterialBindingAPI"]
)
{
    uniform bool doubleSided
    float3[] extent = [(-11.19771, 0, -11.345377), (11.316477, 2.8251443, 11.24721)]
    int[] faceVertexCounts = [3, 3, 3, 3, 3, 3, 3, 3, 3, 3, 3, 3, 3, 3, 3, 3, 3, 3, 3, 3, 3, 3, 3, 3, 3, 3, 3, 3, 3, 3, 3, 3, 3, 3, 3, 3, 3, 3, 3, 3, 3, 3, 3, 3, 3, 3, 3, 3, 3, 3, 3, 3, 3, 3, 3, 3, 3, 3, 3, 3, 3, 3, 3, 3, 3, 3, 3, 3, 3, 3, 3, 3, 3, 3, 3, 3, 3, 3, 3, 3, 3, 3, 3, 3, 3, 3, 3, 3, 3, 3, 3, 3, 3, 3, 3, 3, 3, 3, 3, 3, 3, 3, 3, 3, 3, 3, 3, 3, 3, 3, 3, 3, 3, 3, 3, 3, 3, 3, 3, 3, 3, 3, 3, 3, 3, 3, 3, 3, 3, 3, 3, 3, 3, 3, 3, 3, 3, 3, 3, 3, 3, 3, 3, 3, 3, 3, 3, 3, 3, 3, 3, 3, 3, 3, 3, 3, 3, 3, 3, 3, 3, 3, 3, 3, 3, 3, 3, 3, 3, 3, 3, 3, 3, 3, 3, 3, 3, 3, 3, 3, 3, 3, 3, 3, 3, 3, 3, 3, 3, 3, 3, 3, 3, 3, 3, 3, 3, 3, 3, 3, 3, 3, 3, 3, 3, 3, 3, 3, 3, 3, 3, 3, 3, 3, 3, 3, 3, 3, 3, 3, 3, 3, 3, 3, 3, 3, 3, 3, 3, 3, 3, 3, 3, 3, 3, 3, 3, 3, 3, 3, 3, 3, 3, 3, 3, 3, 3, 3, 3, 3, 3, 3, 3, 3, 3, 3, 3, 3, 3, 3, 3, 3, 3, 3, 3, 3, 3, 3, 3, 3, 3, 3, 3, 3, 3, 3, 3, 3, 3, 3, 3, 3, 3, 3, 3, 3, 3, 3, 3, 3, 3, 3, 3, 3, 3, 3, 3, 3, 3, 3, 3, 3, 3, 3, 3, 3, 3, 3, 3, 3, 3, 3, 3, 3, 3, 3, 3, 3, 3, 3, 3, 3, 3, 3, 3, 3, 3, 3, 3, 3, 3, 3, 3, 3, 3, 3, 3, 3, 3, 3, 3, 3, 3, 3, 3, 3, 3, 3, 3, 3, 3, 3, 3, 3, 3, 3, 3, 3, 3, 3, 3, 3, 3, 3, 3, 3, 3, 3, 3, 3, 3, 3, 3, 3, 3, 3, 3, 3, 3, 3, 3, 3, 3, 3, 3, 3, 3, 3, 3, 3, 3, 3, 3, 3, 3, 3, 3, 3, 3, 3, 3, 3, 3, 3, 3, 3, 3, 3, 3, 3, 3, 3, 3, 3, 3, 3, 3, 3, 3, 3, 3, 3, 3, 3, 3, 3, 3, 3, 3, 3, 3, 3, 3, 3, 3, 3, 3, 3, 3, 3, 3, 3, 3, 3, 3, 3, 3, 3, 3, 3, 3, 3, 3, 3, 3, 3, 3, 3, 3, 3, 3, 3, 3, 3, 3, 3, 3, 3, 3, 3, 3, 3, 3, 3, 3, 3, 3, 3, 3, 3, 3, 3, 3, 3, 3, 3, 3, 3, 3, 3, 3, 3, 3, 3, 3, 3, 3, 3, 3, 3, 3, 3, 3, 3, 3, 3, 3, 3, 3, 3, 3, 3, 3, 3, 3, 3, 3, 3, 3, 3, 3, 3, 3, 3, 3, 3, 3, 3, 3, 3, 3, 3, 3, 3, 3, 3, 3, 3, 3, 3, 3, 3, 3, 3, 3, 3, 3, 3, 3, 3, 3, 3, 3, 3, 3, 3, 3, 3, 3, 3, 3, 3, 3, 3, 3, 3, 3, 3, 3, 3, 3, 3, 3, 3, 3, 3, 3, 3, 3, 3, 3, 3, 3, 3, 3, 3, 3, 3, 3, 3, 3, 3, 3, 3, 3, 3, 3, 3, 3, 3, 3, 3, 3, 3, 3, 3, 3, 3, 3, 3, 3, 3, 3, 3, 3, 3, 3, 3, 3, 3, 3, 3, 3, 3, 3, 3, 3, 3, 3, 3, 3, 3, 3, 3, 3, 3, 3, 3, 3, 3, 3, 3, 3, 3, 3, 3, 3, 3, 3, 3, 3, 3, 3, 3, 3, 3, 3, 3, 3, 3, 3, 3, 3, 3, 3, 3, 3, 3, 3, 3, 3, 3, 3, 3, 3, 3, 3, 3, 3, 3, 3, 3, 3, 3, 3, 3, 3, 3, 3, 3, 3, 3, 3, 3, 3, 3, 3, 3, 3, 3, 3, 3, 3, 3, 3, 3, 3, 3, 3, 3, 3, 3, 3, 3, 3, 3, 3, 3, 3, 3, 3, 3, 3, 3, 3, 3, 3, 3, 3, 3, 3, 3, 3, 3, 3, 3, 3, 3, 3, 3, 3, 3, 3, 3, 3, 3, 3, 3, 3, 3, 3, 3, 3, 3, 3, 3, 3, 3, 3, 3, 3, 3, 3, 3, 3, 3, 3, 3, 3, 3, 3, 3, 3, 3, 3, 3, 3, 3, 3, 3, 3, 3, 3, 3, 3, 3, 3, 3, 3, 3, 3, 3, 3, 3, 3, 3, 3, 3, 3, 3, 3, 3, 3, 3, 3, 3, 3, 3, 3, 3, 3, 3, 3, 3, 3, 3, 3, 3, 3, 3, 3, 3, 3, 3, 3, 3, 3, 3, 3, 3, 3, 3, 3, 3, 3, 3, 3, 3, 3, 3, 3, 3, 3, 3, 3, 3, 3, 3, 3, 3, 3, 3, 3, 3, 3, 3, 3, 3, 3, 3, 3, 3, 3, 3, 3, 3, 3, 3, 3, 3, 3, 3, 3, 3, 3, 3, 3, 3, 3, 3, 3, 3, 3, 3, 3, 3, 3, 3, 3, 3, 3, 3, 3, 3, 3, 3, 3, 3, 3, 3, 3, 3, 3, 3, 3, 3, 3, 3, 3, 3, 3, 3, 3, 3, 3, 3, 3, 3, 3, 3, 3, 3, 3, 3, 3, 3, 3, 3, 3, 3, 3, 3, 3, 3, 3, 3, 3, 3, 3, 3, 3, 3, 3, 3, 3, 3, 3, 3, 3, 3, 3, 3, 3, 3, 3, 3, 3, 3, 3, 3, 3, 3, 3, 3, 3, 3, 3, 3, 3, 3, 3, 3, 3, 3, 3, 3, 3, 3, 3, 3, 3, 3, 3, 3, 3, 3, 3, 3, 3, 3, 3, 3, 3, 3, 3, 3, 3, 3, 3, 3, 3, 3, 3, 3, 3, 3, 3, 3, 3, 3, 3, 3, 3, 3, 3, 3, 3, 3, 3, 3, 3, 3, 3, 3, 3, 3, 3, 3, 3, 3, 3, 3, 3, 3, 3, 3, 3, 3, 3, 3, 3, 3, 3, 3, 3, 3, 3, 3, 3, 3, 3, 3, 3, 3, 3, 3, 3, 3, 3, 3, 3, 3, 3, 3, 3, 3, 3, 3, 3, 3, 3, 3, 3, 3, 3, 3, 3, 3, 3, 3, 3, 3, 3, 3, 3, 3, 3, 3, 3, 3, 3, 3, 3, 3, 3, 3, 3, 3, 3, 3, 3, 3, 3, 3, 3, 3, 3, 3, 3, 3, 3, 3, 3, 3, 3, 3, 3, 3, 3, 3, 3, 3, 3, 3, 3, 3, 3, 3, 3, 3, 3, 3, 3, 3, 3, 3, 3, 3, 3, 3, 3, 3, 3, 3, 3, 3, 3, 3, 3, 3, 3, 3, 3, 3, 3, 3, 3, 3, 3, 3, 3, 3, 3, 3, 3, 3, 3, 3, 3, 3, 3, 3, 3, 3, 3, 3, 3, 3, 3, 3, 3, 3, 3, 3, 3, 3, 3, 3, 3, 3, 3, 3, 3, 3, 3, 3, 3, 3, 3, 3, 3, 3, 3, 3, 3, 3, 3, 3, 3, 3, 3, 3, 3, 3, 3, 3, 3, 3, 3, 3, 3, 3, 3, 3, 3, 3, 3, 3, 3, 3, 3, 3, 3, 3, 3, 3, 3, 3, 3, 3, 3, 3, 3, 3, 3, 3, 3, 3, 3, 3, 3, 3, 3, 3, 3, 3, 3, 3, 3, 3, 3, 3, 3, 3, 3, 3, 3, 3, 3, 3, 3, 3, 3, 3, 3, 3, 3, 3, 3, 3, 3, 3, 3, 3, 3, 3, 3, 3, 3, 3, 3, 3, 3, 3, 3, 3, 3, 3, 3, 3, 3, 3, 3, 3, 3, 3, 3, 3, 3, 3, 3, 3, 3, 3, 3, 3, 3, 3, 3, 3, 3, 3, 3, 3, 3, 3, 3, 3, 3, 3, 3, 3, 3, 3, 3, 3, 3, 3, 3, 3, 3, 3, 3, 3, 3, 3, 3, 3, 3, 3, 3, 3, 3, 3, 3, 3, 3, 3, 3, 3, 3, 3, 3, 3, 3, 3, 3, 3, 3, 3, 3, 3, 3, 3, 3, 3, 3, 3, 3, 3, 3, 3, 3, 3, 3, 3, 3, 3, 3, 3, 3, 3, 3, 3, 3, 3, 3, 3, 3, 3, 3, 3, 3, 3, 3, 3, 3, 3, 3, 3, 3, 3, 3, 3, 3, 3, 3, 3, 3]
    int[] faceVertexIndices = [1, 0, 2, 0, 3, 4, 3, 5, 6, 8, 7, 9, 11, 10, 12, 14, 13, 15, 17, 16, 13, 19, 18, 20, 22, 21, 23, 25, 24, 26, 28, 27, 29, 31, 30, 32, 34, 33, 35, 37, 36, 38, 40, 39, 41, 43, 42, 44, 46, 45, 47, 49, 48, 50, 52, 51, 53, 55, 54, 56, 58, 57, 59, 61, 60, 62, 64, 63, 65, 67, 66, 68, 70, 69, 71, 73, 72, 74, 76, 75, 77, 79, 78, 80, 82, 81, 83, 85, 84, 86, 88, 87, 89, 91, 90, 87, 92, 90, 91, 94, 93, 95, 97, 96, 98, 100, 99, 101, 103, 102, 104, 106, 105, 107, 109, 108, 110, 112, 111, 113, 115, 114, 116, 118, 117, 119, 121, 120, 122, 124, 123, 125, 127, 126, 128, 130, 129, 131, 133, 132, 134, 136, 135, 137, 139, 138, 140, 141, 139, 142, 141, 143, 139, 145, 144, 146, 148, 147, 149, 151, 150, 152, 154, 153, 155, 157, 156, 158, 160, 159, 161, 163, 162, 164, 166, 165, 167, 169, 168, 170, 172, 171, 173, 175, 174, 176, 178, 177, 179, 181, 180, 182, 184, 183, 185, 187, 186, 188, 190, 189, 191, 193, 192, 194, 196, 195, 197, 199, 198, 200, 202, 201, 203, 205, 204, 206, 208, 207, 209, 211, 210, 212, 214, 213, 215, 217, 216, 218, 220, 219, 221, 223, 222, 224, 226, 225, 227, 229, 228, 230, 232, 231, 233, 235, 234, 236, 238, 237, 239, 241, 240, 242, 244, 243, 245, 247, 246, 248, 250, 249, 251, 253, 252, 254, 256, 255, 257, 259, 258, 256, 259, 260, 261, 263, 262, 264, 266, 265, 267, 269, 268, 270, 272, 271, 273, 275, 274, 276, 278, 277, 279, 281, 280, 282, 284, 283, 285, 287, 286, 288, 290, 289, 291, 293, 292, 294, 296, 295, 297, 299, 298, 300, 302, 301, 303, 305, 304, 306, 308, 307, 309, 311, 310, 312, 314, 313, 315, 317, 316, 318, 320, 319, 321, 323, 322, 324, 326, 325, 327, 329, 328, 330, 332, 331, 333, 335, 334, 336, 338, 337, 339, 341, 340, 342, 344, 343, 345, 347, 346, 348, 350, 349, 351, 353, 352, 354, 356, 355, 357, 359, 358, 360, 362, 361, 363, 365, 364, 366, 368, 367, 369, 371, 370, 372, 370, 373, 374, 376, 375, 377, 379, 378, 380, 382, 381, 383, 385, 384, 386, 388, 387, 389, 391, 390, 392, 394, 393, 395, 397, 396, 398, 400, 399, 401, 403, 402, 404, 406, 405, 407, 409, 408, 410, 412, 411, 413, 415, 414, 416, 418, 417, 419, 421, 420, 422, 424, 423, 425, 427, 426, 428, 430, 429, 431, 433, 432, 434, 436, 435, 437, 439, 438, 440, 441, 440, 442, 444, 443, 445, 447, 446, 448, 450, 449, 451, 453, 452, 454, 456, 455, 457, 459, 458, 460, 462, 461, 463, 465, 464, 466, 468, 467, 469, 471, 470, 472, 474, 473, 475, 477, 476, 478, 480, 479, 481, 483, 482, 484, 486, 485, 487, 489, 488, 490, 492, 491, 493, 495, 494, 496, 498, 497, 499, 501, 500, 502, 504, 503, 505, 507, 506, 508, 510, 509, 511, 513, 512, 514, 516, 515, 517, 518, 515, 519, 519, 515, 520, 522, 521, 523, 525, 524, 526, 528, 527, 529, 531, 530, 532, 534, 533, 535, 537, 536, 538, 540, 539, 541, 543, 542, 544, 546, 545, 547, 549, 548, 550, 552, 551, 553, 555, 554, 556, 558, 557, 559, 561, 560, 562, 564, 563, 565, 567, 566, 568, 570, 569, 571, 573, 572, 574, 576, 575, 577, 579, 578, 580, 582, 581, 583, 585, 584, 586, 588, 587, 589, 591, 590, 592, 594, 593, 595, 597, 596, 598, 600, 599, 601, 603, 602, 604, 606, 605, 607, 609, 608, 610, 612, 611, 613, 615, 614, 616, 618, 617, 619, 618, 620, 621, 623, 622, 624, 626, 625, 627, 629, 628, 630, 632, 631, 628, 633, 631, 632, 635, 634, 636, 638, 637, 639, 641, 640, 642, 644, 643, 645, 647, 646, 648, 650, 649, 651, 653, 652, 654, 656, 655, 657, 659, 658, 660, 662, 661, 663, 665, 664, 666, 668, 667, 669, 671, 670, 672, 674, 673, 675, 677, 676, 678, 680, 679, 681, 683, 682, 684, 686, 685, 687, 689, 688, 690, 692, 691, 693, 695, 694, 696, 698, 697, 699, 701, 700, 702, 704, 703, 705, 707, 706, 708, 710, 709, 711, 713, 712, 711, 713, 714, 712, 716, 715, 717, 719, 718, 720, 722, 721, 723, 725, 724, 726, 728, 727, 729, 731, 730, 732, 734, 733, 735, 737, 736, 738, 740, 739, 741, 743, 742, 744, 746, 745, 747, 749, 748, 750, 752, 751, 753, 755, 754, 756, 758, 757, 759, 761, 760, 762, 764, 763, 765, 767, 766, 768, 770, 769, 771, 773, 772, 774, 776, 775, 777, 779, 778, 780, 782, 781, 783, 785, 784, 786, 788, 787, 789, 791, 790, 792, 794, 793, 795, 797, 796, 798, 800, 799, 801, 803, 802, 804, 806, 805, 807, 809, 808, 810, 812, 811, 813, 814, 812, 815, 817, 816, 818, 820, 819, 821, 823, 822, 824, 826, 825, 827, 829, 828, 830, 832, 831, 833, 835, 834, 836, 838, 837, 839, 841, 840, 842, 844, 843, 845, 847, 846, 848, 850, 849, 851, 853, 852, 854, 856, 855, 857, 859, 858, 860, 862, 861, 863, 865, 864, 866, 868, 867, 869, 871, 870, 872, 874, 873, 875, 877, 876, 878, 880, 879, 881, 883, 882, 884, 886, 885, 887, 889, 888, 890, 892, 891, 893, 895, 894, 896, 898, 897, 899, 901, 900, 902, 903, 900, 904, 906, 905, 907, 909, 908, 910, 912, 911, 913, 915, 914, 916, 918, 917, 919, 921, 920, 922, 924, 923, 925, 927, 926, 928, 930, 929, 931, 932, 931, 933, 935, 934, 936, 938, 937, 939, 941, 940, 937, 943, 942, 944, 946, 945, 947, 949, 948, 950, 952, 951, 953, 955, 954, 956, 958, 957, 959, 961, 960, 962, 964, 963, 965, 967, 966, 968, 970, 969, 971, 973, 972, 974, 976, 975, 977, 979, 978, 980, 982, 981, 983, 985, 984, 986, 988, 987, 989, 991, 990, 992, 994, 993, 995, 997, 996, 998, 1000, 999, 1001, 1003, 1002, 1004, 1006, 1005, 1007, 1009, 1008, 1010, 1012, 1011, 1013, 1015, 1014, 1016, 1018, 1017, 1019, 1021, 1020, 1022, 1024, 1023, 1025, 1027, 1026, 1028, 1030, 1029, 1031, 1033, 1032, 1034, 1036, 1035, 1037, 1039, 1038, 1040, 1042, 1041, 1043, 1045, 1044, 1046, 1048, 1047, 1049, 1051, 1050, 1052, 1054, 1053, 1055, 1057, 1056, 1058, 1060, 1059, 1061, 1063, 1062, 1064, 1066, 1065, 1067, 1069, 1068, 1070, 1071, 1070, 1072, 1074, 1073, 1075, 1077, 1076, 1078, 1080, 1079, 1081, 1083, 1082, 1084, 1086, 1085, 1087, 1089, 1088, 1090, 1092, 1091, 1093, 1095, 1094, 1096, 1098, 1097, 1099, 1100, 1097, 1101, 1103, 1102, 1104, 1106, 1105, 1107, 1109, 1108, 1110, 1112, 1111, 1113, 1115, 1114, 1116, 1118, 1117, 1119, 1121, 1120, 1122, 1124, 1123, 1125, 1127, 1126, 1128, 1130, 1129, 1131, 1133, 1132, 1134, 1136, 1135, 1137, 1139, 1138, 1140, 1142, 1141, 1143, 1145, 1144, 1143, 1147, 1146, 1148, 1146, 1149, 1150, 1152, 1151, 1153, 1155, 1154, 1156, 1158, 1157, 1159, 1161, 1160, 1162, 1164, 1163, 1165, 1167, 1166, 1168, 1170, 1169, 1171, 1173, 1172, 1174, 1176, 1175, 1177, 1179, 1178, 1180, 1182, 1181, 1183, 1185, 1184, 1186, 1188, 1187, 1189, 1191, 1190, 1192, 1194, 1193, 1195, 1196, 1195, 1197, 1199, 1198, 1200, 1202, 1201, 1203, 1205, 1204, 1206, 1208, 1207, 1209, 1211, 1210, 1212, 1214, 1213, 1215, 1217, 1216, 1218, 1220, 1219, 1221, 1223, 1222, 1224, 1226, 1225, 1227, 1229, 1228, 1230, 1232, 1231, 1233, 1235, 1234, 1236, 1238, 1237, 1239, 1241, 1240, 1242, 1244, 1243, 1245, 1247, 1246, 1248, 1250, 1249, 1251, 1253, 1252, 1254, 1256, 1255, 1257, 1259, 1258, 1260, 1262, 1261, 1263, 1265, 1264, 1266, 1268, 1267, 1269, 1271, 1270, 1272, 1274, 1273, 1275, 1277, 1276, 1278, 1280, 1279, 1281, 1283, 1282, 1284, 1286, 1285, 1282, 1288, 1287, 1289, 1291, 1290, 1292, 1294, 1293, 1295, 1297, 1296, 1298, 1300, 1299, 1301, 1303, 1302, 1304, 1306, 1305, 1307, 1309, 1308, 1310, 1312, 1311, 1313, 1315, 1314, 1316, 1318, 1317, 1319, 1321, 1320, 1322, 1324, 1323, 1325, 1327, 1326, 1328, 1330, 1329, 1331, 1333, 1332, 1334, 1336, 1335, 1337, 1339, 1338, 1340, 1342, 1341, 1343, 1345, 1344, 1346, 1348, 1347, 1349, 1351, 1350, 1352, 1354, 1353, 1355, 1357, 1356, 1358, 1360, 1359, 1361, 1363, 1362, 1364, 1366, 1365, 1367, 1369, 1368, 1370, 1372, 1371, 1373, 1373, 1374, 1375, 1377, 1376, 1378, 1380, 1379, 1381, 1383, 1382, 1384, 1386, 1385, 1387, 1389, 1388, 1390, 1392, 1391, 1393, 1395, 1394, 1396, 1398, 1397, 1399, 1401, 1400, 1402, 1404, 1403, 1405, 1407, 1406, 1408, 1407, 1409, 1410, 1412, 1411, 1409, 1414, 1413, 1415, 1417, 1416, 1415, 1419, 1418, 1420, 1422, 1421, 1423, 1425, 1424, 1426, 1428, 1427, 1429, 1431, 1430, 1432, 1433, 1432, 1434, 1435, 1434, 1436, 1438, 1437, 1433, 1433, 1439, 1440, 1440, 1439, 1441, 1443, 1442, 1444, 1446, 1445, 1447, 1449, 1448, 1450, 1452, 1451, 1453, 1455, 1454, 1456, 1458, 1457, 1459, 1461, 1460, 1462, 1464, 1463, 1465, 1466, 1465, 1467, 1469, 1468, 1470, 1472, 1471, 1473, 1475, 1474, 1476, 1477, 1474, 1478, 1480, 1479, 1481, 1483, 1482, 1484, 1486, 1485, 1487, 1489, 1488, 1490, 1492, 1491, 1493, 1495, 1494, 1496, 1498, 1497, 1499, 1501, 1500, 1502, 1504, 1503, 1505, 1507, 1506, 1508, 1510, 1509, 1511, 1513, 1512, 1514, 1516, 1515, 1517, 1519, 1518, 1520, 1522, 1521, 1523, 1525, 1524, 1526, 1528, 1527, 1529, 1531, 1530, 1532, 1534, 1533, 1530, 1536, 1535, 1537, 1539, 1538, 1540, 1542, 1541, 1543, 1545, 1544, 1546, 1548, 1547, 1549, 1551, 1550, 1552, 1554, 1553, 1555, 1557, 1556, 1558, 1560, 1559, 1561, 1563, 1562, 1564, 1566, 1565, 1567, 1569, 1568, 1570, 1572, 1571, 1573, 1575, 1574, 1576, 1578, 1577, 1579, 1581, 1580, 1582, 1584, 1583, 1585, 1587, 1586, 1588, 1590, 1589, 1591, 1593, 1592, 1594, 1596, 1595, 1597, 1599, 1598, 1600, 1602, 1601, 1603, 1605, 1604, 1606, 1608, 1607, 1609, 1611, 1610, 1612, 1614, 1613, 1615, 1617, 1616, 1618, 1620, 1619, 1621, 1623, 1622, 1624, 1626, 1625, 1627, 1629, 1628, 1630, 1632, 1631, 1633, 1635, 1634, 1636, 1638, 1637, 1639, 1641, 1640, 1642, 1644, 1643, 1645, 1647, 1646, 1648, 1650, 1649, 1651, 1653, 1652, 1654, 1656, 1655, 1657, 1658, 1657, 1659, 1660, 1658, 1659, 1658, 1660, 1661, 1663, 1662, 1664, 1666, 1665, 1667, 1669, 1668, 1670, 1672, 1671, 1673, 1675, 1674, 1676, 1678, 1677, 1679, 1681, 1680, 1682, 1684, 1683, 1685, 1687, 1686, 1688, 1690, 1689, 1691, 1693, 1692, 1694, 1696, 1695, 1697, 1699, 1698, 1700, 1702, 1701, 1703, 1705, 1704, 1706, 1708, 1707, 1709, 1711, 1710, 1712, 1714, 1713, 1715, 1717, 1716, 1718, 1720, 1719, 1721, 1723, 1722, 1724, 1726, 1725, 1727, 1729, 1728, 1730, 1732, 1731, 1733, 1735, 1734, 1736, 1738, 1737, 1739, 1741, 1740, 1742, 1744, 1743, 1745, 1747, 1746, 1748, 1750, 1749, 1751, 1753, 1752, 1754, 1756, 1755, 1753, 1758, 1757, 1759, 1761, 1760, 1762, 1764, 1763, 1765, 1767, 1766, 1768, 1770, 1769, 1771, 1773, 1772, 1774, 1776, 1775, 1777, 1779, 1778, 1780, 1782, 1781, 1783, 1785, 1784, 1786, 1788, 1787, 1789, 1791, 1790, 1792, 1794, 1793, 1795, 1797, 1796, 1798, 1800, 1799, 1801, 1803, 1802, 1804, 1806, 1805, 1807, 1809, 1808, 1810, 1812, 1811, 1813, 1815, 1814, 1816, 1818, 1817, 1819, 1821, 1820, 1822, 1824, 1823, 1825, 1827, 1826, 1828, 1830, 1829, 1831, 1833, 1832, 1834, 1836, 1835, 1837, 1839, 1838, 1840, 1842, 1841, 1843, 1845, 1844, 1846, 1848, 1847, 1849, 1851, 1850, 1852, 1854, 1853, 1855, 1857, 1856, 1858, 1860, 1859, 1861, 1863, 1862, 1864, 1866, 1865, 1867, 1869, 1868, 1870, 1872, 1871, 1873, 1875, 1874, 1876, 1878, 1877, 1879, 1881, 1880, 1882, 1884, 1883, 1885, 1887, 1886, 1888, 1890, 1889, 1891, 1893, 1892, 1894, 1896, 1895, 1897, 1899, 1898, 1896, 1901, 1900, 1902, 1904, 1903, 1905, 1907, 1906, 1908, 1910, 1909, 1911, 1913, 1912, 1914, 1916, 1915, 1917, 1919, 1918, 1920, 1922, 1921, 1923, 1925, 1924, 1926, 1928, 1927, 1929, 1931, 1930, 1932, 1934, 1933, 1935, 1937, 1936, 1938, 1940, 1939, 1941, 1943, 1942, 1944, 1946, 1945, 1947, 1949, 1948, 1950, 1952, 1951, 1953, 1955, 1954, 1956, 1958, 1957, 1959, 1961, 1960, 1962, 1964, 1963, 1965, 1967, 1966, 1968, 1970, 1969, 1971, 1973, 1972, 1974, 1976, 1975, 1977, 1979, 1978, 1980, 1982, 1981, 1983, 1985, 1984, 1986, 1988, 1987, 1989, 1991, 1990, 1992, 1994, 1993, 1995, 1997, 1996, 1998, 2000, 1999, 2001, 2003, 2002, 2004, 2006, 2005, 2007, 2009, 2008, 2010, 2012, 2011, 2013, 2015, 2014, 2016, 2018, 2017, 2019, 2021, 2020, 2022, 2024, 2023, 2025, 2027, 2026, 2028, 2030, 2029, 2031, 2033, 2032, 2034, 2036, 2035, 2037, 2039, 2038, 2040, 2042, 2041, 2043, 2045, 2044, 2046, 2048, 2047, 2049, 2051, 2050, 2052, 2054, 2053, 2055, 2057, 2056, 2058, 2060, 2059, 2061, 2063, 2062, 2064, 2066, 2065, 2067, 2069, 2068, 2070, 2072, 2071, 2073, 2075, 2074, 2076, 2078, 2077, 2079, 2081, 2080, 2082, 2084, 2083, 2085, 2087, 2086, 2088, 2090, 2089, 2091, 2093, 2092, 2094, 2096, 2095, 2097, 2099, 2098, 2100, 2102, 2101, 2103, 2105, 2104, 2106, 2108, 2107, 2109, 2111, 2110, 2112, 2114, 2113, 2115, 2117, 2116, 2118, 2120, 2119, 2121, 2123, 2122, 2124, 2126, 2125, 2127, 2129, 2128, 2130, 2132, 2131, 2133, 2135, 2134, 2136, 2138, 2137, 2139, 2137, 2140, 2141, 2142, 2141, 2140, 2144, 2143, 2145, 2147, 2146, 2148, 2150, 2149, 2151, 2153, 2152, 2154, 2156, 2155, 2157, 2159, 2158, 2160, 2162, 2161, 2163, 2165, 2164, 2166, 2168, 2167, 2169, 2171, 2170, 2172, 2174, 2173, 2175, 2177, 2176, 2178, 2180, 2179, 2181, 2183, 2182, 2184, 2186, 2185, 2187, 2189, 2188, 2190, 2192, 2191, 2193, 2195, 2194, 2196, 2198, 2197, 2199, 2201, 2200, 2202, 2204, 2203, 2205, 2207, 2206, 2208, 2210, 2209, 2211, 2213, 2212, 2214, 2216, 2215, 2217, 2219, 2218, 2220, 2222, 2221, 2223, 2225, 2224, 2226, 2228, 2227, 2229, 2231, 2230, 2232, 2234, 2233, 2231, 2236, 2235, 2237, 2239, 2238, 2240, 2242, 2241, 2243, 2245, 2244, 2246, 2248, 2247, 2249, 2251, 2250, 2252, 2254, 2253, 2255, 2257, 2256, 2258, 2260, 2259, 2261, 2263, 2262, 2264, 2266, 2265, 2267, 2269, 2268, 2270, 2272, 2271, 2273, 2275, 2274, 2276, 2278, 2277, 2279, 2281, 2280, 2282, 2284, 2283, 2285, 2287, 2286, 2288, 2290, 2289, 2291, 2293, 2292, 2294, 2296, 2295, 2297, 2299, 2298, 2300, 2302, 2301, 2303, 2305, 2304, 2306, 2308, 2307, 2309, 2311, 2310, 2312, 2314, 2313, 2315, 2317, 2316, 2318, 2320, 2319, 2321, 2323, 2322, 2324, 2326, 2325, 2327, 2329, 2328, 2330, 2332, 2331, 2333, 2335, 2334, 2336, 2338, 2337, 2339, 2341, 2340, 2342, 2344, 2343, 2345, 2347, 2346, 2348, 2350, 2349, 2351, 2353, 2352, 2354, 2356, 2355, 2357, 2359, 2358, 2360, 2362, 2361, 2363, 2365, 2364, 2366, 2368, 2367, 2369, 2371, 2370, 2372, 2374, 2373, 2375, 2377, 2376, 2378, 2380, 2379, 2381, 2383, 2382, 2384, 2386, 2385, 2387, 2389, 2388, 2390, 2392, 2391, 2393, 2395, 2394, 2396, 2398, 2397, 2399, 2401, 2400, 2402, 2404, 2403, 2405, 2407, 2406, 2408, 2410, 2409, 2411, 2413, 2412, 2414, 2416, 2415, 2417, 2419, 2418, 2420, 2422, 2421, 2423, 2425, 2424, 2426, 2428, 2427, 2429, 2431, 2430, 2432, 2434, 2433, 2435, 2437, 2436, 2438, 2440, 2439, 2441, 2443, 2442, 2444, 2446, 2445, 2447, 2449, 2448, 2450, 2452, 2451, 2453, 2455, 2454, 2456, 2458, 2457, 2459, 2461, 2460, 2462, 2464, 2463, 2465, 2467, 2466, 2468, 2470, 2469, 2471, 2473, 2472, 2474, 2476, 2475, 2477, 2479, 2478, 2480, 2482, 2481, 2483, 2485, 2484, 2486, 2488, 2487, 2489, 2491, 2490, 2492, 2494, 2493, 2495, 2497, 2496, 2498, 2500, 2499, 2501, 2503, 2502, 2504, 2506, 2505, 2507, 2509, 2508, 2510, 2512, 2511, 2513, 2515, 2514, 2516, 2518, 2517, 2519, 2521, 2520, 2522, 2524, 2523, 2525, 2527, 2526, 2528, 2529, 2528, 2530, 2532, 2531, 2533, 2535, 2534, 2536, 2538, 2537, 2539, 2541, 2540, 2542, 2544, 2543, 2545, 2547, 2546, 2548, 2550, 2549, 2551, 2553, 2552, 2554, 2556, 2555, 2557, 2559, 2558, 2560, 2562, 2561, 2563, 2565, 2564, 2566, 2568, 2567, 2569, 2571, 2570, 2572, 2574, 2573, 2575, 2577, 2576, 2578, 2580, 2579, 2581, 2583, 2582, 2584, 2586, 2585, 2587, 2589, 2588, 2590, 2592, 2591, 2593, 2595, 2594, 2596, 2598, 2597, 2599, 2601, 2600, 2602, 2604, 2603, 2605, 2607, 2606, 2608, 2610, 2609, 2611, 2613, 2612, 2614, 2616, 2615, 2617, 2619, 2618, 2620, 2622, 2621, 2623, 2625, 2624, 2626, 2628, 2627, 2629, 2631, 2630, 2632, 2634, 2633, 2635, 2637, 2636, 2638, 2640, 2639, 2641, 2643, 2642, 2644, 2646, 2645, 2647, 2649, 2648, 2650, 2652, 2651, 2653, 2655, 2654, 2656, 2658, 2657, 2659, 2661, 2660, 2662, 2664, 2663, 2665, 2667, 2666, 2668, 2670, 2669, 2671, 2673, 2672, 2674, 2676, 2675, 2677, 2679, 2678, 2680, 2682, 2681, 2683, 2685, 2684, 2686, 2688, 2687, 2689, 2691, 2690, 2692, 2694, 2693, 2695, 2697, 2696, 2698, 2700, 2699, 2701, 2703, 2702, 2704, 2706, 2705, 2707, 2709, 2708, 2710, 2712, 2711, 2713, 2715, 2714, 2716, 2718, 2717, 2719, 2721, 2720, 2722, 2724, 2723, 2725, 2727, 2726, 2728, 2730, 2729, 2731, 2733, 2732, 2734, 2736, 2735, 2737, 2739, 2738, 2740, 2742, 2741, 2743, 2745, 2744, 2746, 2748, 2747, 2749, 2751, 2750, 2752, 2754, 2753, 2755, 2757, 2756, 2758, 2760, 2759, 2761, 2763, 2762, 2764, 2766, 2765, 2767, 2769, 2768, 2770, 2772, 2771, 2773, 2775, 2774, 2776, 2778, 2777, 2779, 2781, 2780, 2782, 2784, 2783, 2785, 2787, 2786, 2788, 2790, 2789, 2791, 2793, 2792, 2794, 2796, 2795, 2797, 2799, 2798, 2800, 2802, 2801, 2803, 2805, 2804, 2806, 2808, 2807, 2809, 2811, 2810, 2812, 2814, 2813, 2815, 2817, 2816, 2818, 2820, 2819, 2821, 2823, 2822, 2824, 2826, 2825, 2827, 2829, 2828, 2830, 2832, 2831, 2833, 2835, 2834, 2836, 2838, 2837, 2839, 2841, 2840, 2842, 2844, 2843, 2845, 2846, 2843, 2847, 2849, 2848, 2850, 2852, 2851, 2853, 2855, 2854, 2856, 2858, 2857, 2859, 2861, 2860, 2862, 2864, 2863, 2865, 2867, 2866, 2868, 2870, 2869, 2871, 2873, 2872, 2874, 2876, 2875, 2877, 2879, 2878, 2880, 2882, 2881, 2883, 2885, 2884, 2886, 2888, 2887, 2889, 2891, 2890, 2892, 2894, 2893, 2895, 2897, 2896, 2898, 2900, 2899, 2901, 2903, 2902, 2904, 2906, 2905, 2907, 2909, 2908, 2910, 2912, 2911, 2913, 2915, 2914, 2916, 2918, 2917, 2919, 2921, 2920, 2922, 2924, 2923, 2925, 2927, 2926, 2928, 2930, 2929, 2931, 2933, 2932, 2934, 2936, 2935, 2937, 2939, 2938, 2940, 2942, 2941, 2943, 2945, 2944, 2946, 2948, 2947, 2949, 2951, 2950, 2952, 2954, 2953, 2955, 2957, 2956, 2958, 2960, 2959, 2961, 2963, 2962, 2964, 2966, 2965, 2967, 2969, 2968, 2970, 2972, 2971, 2973, 2975, 2974, 2976, 2978, 2977, 2979, 2981, 2980, 2982, 2984, 2983, 2985, 2987, 2986, 2988, 2990, 2989, 2991, 2993, 2992, 2994, 2996, 2995, 2997, 2999, 2998, 3000, 3002, 3001, 3003, 3005, 3004, 3006, 3008, 3007, 3009, 3011, 3010, 3012, 3014, 3013, 3015, 3017, 3016, 3018, 3020, 3019, 3021, 3023, 3022, 3024, 3026, 3025, 3027, 3029, 3028, 3030, 3032, 3031, 3033, 3035, 3034, 3036, 3038, 3037, 3039, 3041, 3040, 3042, 3044, 3043, 3045, 3047, 3046, 3048, 3050, 3049, 3051, 3053, 3052, 3054, 3056, 3055, 3057, 3059, 3058, 3060, 3062, 3061, 3063, 3065, 3064, 3066, 3068, 3067, 3069, 3071, 3070, 3072, 3074, 3073, 3075, 3077, 3076, 3078, 3080, 3079, 3081, 3083, 3082, 3084, 3086, 3085, 3087, 3089, 3088, 3090, 3092, 3091, 3093, 3095, 3094, 3096, 3098, 3097, 3099, 3101, 3100, 3102, 3104, 3103, 3105, 3107, 3106, 3108, 3110, 3109, 3111, 3113, 3112, 3114, 3116, 3115, 3117, 3119, 3118, 3120, 3122, 3121, 3123, 3125, 3124, 3126, 3128, 3127, 3129, 3131, 3130, 3132, 3134, 3133, 3135, 3137, 3136, 3138, 3140, 3139, 3141, 3143, 3142, 3144, 3146, 3145, 3147, 3149, 3148, 3150, 3152, 3151, 3153, 3155, 3154, 3156, 3158, 3157, 3159, 3161, 3160, 3162, 3164, 3163, 3165, 3167, 3166, 3168, 3170, 3169, 3171, 3173, 3172, 3174, 3176, 3175, 3177, 3179, 3178, 3180, 3182, 3181, 3183, 3185, 3184, 3186, 3188, 3187, 3189, 3191, 3190, 3192, 3194, 3193, 3195, 3197, 3196, 3198, 3200, 3199, 3201, 3203, 3202, 3204, 3206, 3205, 3207, 3209, 3208, 3210, 3212, 3211, 3213, 3215, 3214, 3216, 3218, 3217, 3219, 3221, 3220, 3222, 3224, 3223, 3225, 3227, 3226, 3228, 3230, 3229, 3231, 3233, 3232, 3234, 3236, 3235, 3237, 3239, 3238, 3240, 3241, 3239, 3242, 3241, 3242, 3243, 3245, 3244, 3246, 3248, 3247, 3249, 3251, 3250, 3252, 3254, 3253, 3255, 3257, 3256, 3258, 3260, 3259, 3261, 3263, 3262, 3264, 3266, 3265, 3267, 3269, 3268, 3270, 3272, 3271, 3273, 3275, 3274, 3276, 3278, 3277, 3279, 3281, 3280, 3282, 3284, 3283, 3285, 3287, 3286, 3288, 3290, 3289, 3291, 3293, 3292, 3294, 3296, 3295, 3297, 3299, 3298, 3300, 3302, 3301, 3303, 3305, 3304, 3306, 3308, 3307, 3309, 3311, 3310, 3312, 3314, 3313, 3315, 3317, 3316, 3318, 3320, 3319, 3321, 3323, 3322, 3324, 3326, 3325, 3327, 3329, 3328, 3330, 3332, 3331, 3333, 3335, 3334, 3336, 3338, 3337, 3339, 3341, 3340, 3342, 3344, 3343, 3345, 3347, 3346, 3348, 3350, 3349, 3351, 3353, 3352, 3354, 3356, 3355, 3357, 3359, 3358, 3360, 3362, 3361, 3363, 3365, 3364, 3366, 3368, 3367, 3369, 3371, 3370, 3372, 3374, 3373, 3375, 3377, 3376, 3378, 3380, 3379, 3381, 3383, 3382, 3384, 3386, 3385, 3387, 3389, 3388, 3390, 3392, 3391, 3393, 3395, 3394, 3396, 3398, 3397, 3399, 3401, 3400, 3402, 3404, 3403, 3405, 3407, 3406, 3408, 3410, 3409, 3411, 3413, 3412, 3414, 3416, 3415, 3417, 3417, 3415, 3418, 3420, 3419, 3421, 3422, 3419, 3420, 3424, 3423, 3425, 3426, 3424, 3425, 3428, 3427, 3429, 3427, 3430, 3429, 3432, 3431, 3433, 3433, 3434, 3432, 3436, 3435, 3437, 3436, 3438, 3435, 3440, 3439, 3441, 3442, 3440, 3441, 3443, 3442, 3441, 3444, 3442, 3443, 3446, 3445, 3447, 3446, 3447, 3448, 3450, 3449, 3451, 3450, 3451, 3452, 3454, 3453, 3455, 3456, 3455, 3453, 3458, 3457, 3459, 3458, 3460, 3457, 3462, 3461, 3463, 3462, 3464, 3461, 3466, 3465, 3467, 3467, 3465, 3468, 3470, 3469, 3471, 3471, 3469, 3472, 3474, 3473, 3475, 3473, 3474, 3476, 3478, 3477, 3479, 3480, 3478, 3479, 3482, 3481, 3483, 3484, 3482, 3483, 3486, 3485, 3487, 3488, 3485, 3486, 3490, 3489, 3491, 3492, 3490, 3491, 3494, 3493, 3495, 3495, 3496, 3494, 3498, 3497, 3499, 3497, 3500, 3499, 3502, 3501, 3503, 3504, 3502, 3503, 3506, 3505, 3507, 3508, 3506, 3507, 3510, 3509, 3511, 3512, 3509, 3510, 3514, 3513, 3515, 3514, 3515, 3516, 3518, 3517, 3519, 3518, 3519, 3520, 3521, 3518, 3520, 3522, 3518, 3521, 3524, 3523, 3525, 3524, 3526, 3523, 3523, 3526, 3527, 3529, 3528, 3530, 3531, 3529, 3530, 3533, 3532, 3534, 3535, 3533, 3534, 3537, 3536, 3538, 3539, 3537, 3538, 3540, 3539, 3538, 3542, 3541, 3543, 3544, 3543, 3541, 3546, 3545, 3547, 3546, 3547, 3548, 3550, 3549, 3551, 3552, 3550, 3551, 3554, 3553, 3555, 3555, 3553, 3556, 3558, 3557, 3559, 3560, 3559, 3557, 3562, 3561, 3563, 3564, 3562, 3563, 3566, 3565, 3567, 3566, 3567, 3568, 3570, 3569, 3571, 3572, 3570, 3571, 3574, 3573, 3575, 3575, 3573, 3576, 3578, 3577, 3579, 3577, 3578, 3580, 3582, 3581, 3583, 3584, 3583, 3581, 3586, 3585, 3587, 3587, 3585, 3588, 3590, 3589, 3591, 3590, 3592, 3589, 3594, 3593, 3595, 3594, 3595, 3596, 3598, 3597, 3599, 3600, 3597, 3598, 3602, 3601, 3603, 3604, 3602, 3603, 3606, 3605, 3607, 3607, 3605, 3608, 3610, 3609, 3611, 3611, 3612, 3610, 3614, 3613, 3615, 3614, 3615, 3616, 3618, 3617, 3619, 3618, 3620, 3617, 3622, 3621, 3623, 3622, 3623, 3624, 3626, 3625, 3627, 3627, 3625, 3628, 3630, 3629, 3631, 3631, 3629, 3632, 3634, 3633, 3635, 3635, 3636, 3634, 3638, 3637, 3639, 3639, 3637, 3640, 3639, 3640, 3641, 3643, 3642, 3644, 3643, 3645, 3642, 3647, 3646, 3648, 3647, 3649, 3646, 3651, 3650, 3652, 3653, 3651, 3652, 3655, 3654, 3656, 3655, 3657, 3654, 3655, 3658, 3657, 3655, 3659, 3658, 3661, 3660, 3662, 3662, 3660, 3663, 3665, 3664, 3666, 3667, 3664, 3665, 3669, 3668, 3670, 3671, 3669, 3670, 3673, 3672, 3674, 3675, 3672, 3673, 3677, 3676, 3678, 3679, 3677, 3678, 3681, 3680, 3682, 3682, 3680, 3683, 3685, 3684, 3686, 3686, 3684, 3687, 3689, 3688, 3690, 3689, 3691, 3688, 3693, 3692, 3694, 3694, 3692, 3695, 3697, 3696, 3698, 3699, 3697, 3698, 3701, 3700, 3702, 3700, 3703, 3702, 3705, 3704, 3706, 3706, 3707, 3705, 3709, 3708, 3710, 3711, 3708, 3709, 3713, 3712, 3714, 3715, 3712, 3713, 3717, 3716, 3718, 3716, 3717, 3719, 3719, 3717, 3720, 3722, 3721, 3723, 3724, 3722, 3723, 3726, 3725, 3727, 3728, 3725, 3726, 3730, 3729, 3731, 3732, 3730, 3731, 3734, 3733, 3735, 3736, 3735, 3733, 3738, 3737, 3739, 3738, 3739, 3740, 3741, 3738, 3740, 3743, 3742, 3744, 3743, 3744, 3745, 3747, 3746, 3748, 3749, 3747, 3748, 3751, 3750, 3752, 3751, 3752, 3753, 3755, 3754, 3756, 3755, 3756, 3757, 3759, 3758, 3760, 3760, 3758, 3761, 3762, 3761, 3763, 3762, 3763, 3764, 3766, 3765, 3767, 3768, 3767, 3765, 3770, 3769, 3771, 3772, 3769, 3770, 3774, 3773, 3775, 3776, 3773, 3774, 3778, 3777, 3779, 3778, 3779, 3780, 3782, 3781, 3783, 3784, 3783, 3781, 3786, 3785, 3787, 3786, 3788, 3785, 3790, 3789, 3791, 3792, 3790, 3791, 3794, 3793, 3795, 3794, 3795, 3796, 3798, 3797, 3799, 3797, 3800, 3799, 3802, 3801, 3803, 3802, 3804, 3801, 3805, 3804, 3802, 3807, 3806, 3808, 3808, 3806, 3809, 3811, 3810, 3812, 3812, 3810, 3813, 3815, 3814, 3816, 3816, 3814, 3817, 3819, 3818, 3820, 3820, 3818, 3821, 3823, 3822, 3824, 3824, 3822, 3825, 3827, 3826, 3828, 3828, 3826, 3829, 3831, 3830, 3832, 3832, 3830, 3833, 3835, 3834, 3836, 3836, 3834, 3837, 3839, 3838, 3840, 3840, 3838, 3841, 3843, 3842, 3844, 3844, 3842, 3845, 3847, 3846, 3848, 3848, 3846, 3849, 3851, 3850, 3852, 3852, 3850, 3853, 3855, 3854, 3856, 3856, 3854, 3857, 3859, 3858, 3860, 3861, 3858, 3859, 3861, 3862, 3858, 3863, 3862, 3861, 3865, 3864, 3866, 3866, 3864, 3867, 3869, 3868, 3870, 3870, 3868, 3871, 3873, 3872, 3874, 3875, 3872, 3873, 3875, 3876, 3872, 3877, 3876, 3875, 3879, 3878, 3880, 3881, 3878, 3879, 3882, 3878, 3881, 3883, 3878, 3882, 3885, 3884, 3886, 3886, 3884, 3887, 3889, 3888, 3890, 3890, 3888, 3891, 3893, 3892, 3894, 3894, 3892, 3895, 3897, 3896, 3898, 3898, 3896, 3899, 3901, 3900, 3902, 3902, 3900, 3903, 3905, 3904, 3906, 3906, 3904, 3907, 3909, 3908, 3910, 3910, 3908, 3911, 3913, 3912, 3914, 3914, 3912, 3915]
    rel material:binding = </PP_Meadow_07_794/Materials/PP_Standard_Material_52838>
    normal3f[] normals = [(-0.11849955, 0.99066776, -0.067344785), (-0.11849955, 0.99066776, -0.067344785), (-0.11849955, 0.99066776, -0.067344785), (-0.19077407, 0.9795832, -0.063418835), (-0.15250447, 0.98552203, -0.07408501), (-0.190785, 0.97958106, -0.063418515), (-0.190785, 0.97958106, -0.063418515), (-0.119193256, 0.9928405, 0.007785745), (-0.119193256, 0.9928405, 0.007785745), (-0.119193256, 0.9928405, 0.007785745), (-0.15972565, 0.9867643, -0.027998252), (-0.15972565, 0.9867643, -0.027998252), (-0.15972565, 0.9867643, -0.027998252), (-0.09632509, 0.9952225, 0.015927024), (-0.09632509, 0.9952225, 0.015927024), (-0.09632509, 0.9952225, 0.015927024), (-0.0878806, 0.99612385, 0.0037869683), (-0.0878806, 0.99612385, 0.0037869683), (-0.16766657, 0.9852625, 0.033848394), (-0.16766657, 0.9852625, 0.033848394), (-0.16766657, 0.9852625, 0.033848394), (-0.10053575, 0.99402434, 0.04252292), (-0.10053575, 0.99402434, 0.04252292), (-0.10053575, 0.99402434, 0.04252292), (-0.17043999, 0.9852019, -0.018094808), (-0.17043999, 0.9852019, -0.018094808), (-0.17043999, 0.9852019, -0.018094808), (-0.18781699, 0.9808605, 0.05135802), (-0.18781699, 0.9808605, 0.05135802), (-0.18781699, 0.9808605, 0.05135802), (-0.008512995, 0.9999634, 0.0009390601), (-0.00826371, 0.99971896, 0.022220427), (-0.00826371, 0.99971896, 0.022220427), (-0.25002277, 0.96812093, -0.015178177), (-0.25002277, 0.96812093, -0.015178177), (-0.25002277, 0.96812093, -0.015178177), (-0.09385219, 0.9836986, -0.15339075), (-0.09385219, 0.9836986, -0.15339075), (-0.09385219, 0.9836986, -0.15339075), (-0.16177444, 0.9739682, 0.15879202), (-0.16177444, 0.9739682, 0.15879202), (-0.16177444, 0.9739682, 0.15879202), (-0.26171428, 0.9644635, 0.036275573), (-0.26171428, 0.9644635, 0.036275573), (-0.26171428, 0.9644635, 0.036275573), (-0.058937065, 0.99218714, -0.10995912), (-0.058937065, 0.99218714, -0.10995912), (-0.058937065, 0.99218714, -0.10995912), (-0.080066726, 0.9833566, -0.16309217), (-0.080066726, 0.9833566, -0.16309217), (-0.080066726, 0.9833566, -0.16309217), (-0.020503536, 0.9991725, -0.03512649), (-0.020503536, 0.9991725, -0.03512649), (-0.020503536, 0.9991725, -0.03512649), (-0.11388766, 0.9934701, -0.0068439874), (-0.11388766, 0.9934701, -0.0068439874), (-0.11388766, 0.9934701, -0.0068439874), (0.019484973, 0.99672747, -0.07845146), (0.019484973, 0.99672747, -0.07845146), (0.019484973, 0.99672747, -0.07845146), (-0.27562177, 0.9609054, -0.026332483), (-0.27562177, 0.9609054, -0.026332483), (-0.27562177, 0.9609054, -0.026332483), (-0.17181784, 0.97773093, 0.12050254), (-0.17181784, 0.97773093, 0.12050254), (-0.17181784, 0.97773093, 0.12050254), (0.029026655, 0.99027073, 0.13609336), (0.029026655, 0.99027073, 0.13609336), (0.029026655, 0.99027073, 0.13609336), (-0.030631227, 0.9812982, -0.1900411), (-0.030631227, 0.9812982, -0.1900411), (-0.030631227, 0.9812982, -0.1900411), (-0.013909652, 0.99368036, 0.11138131), (-0.013909652, 0.99368036, 0.11138131), (-0.013909652, 0.99368036, 0.11138131), (-0.010428996, 0.9982755, -0.05776874), (-0.010428996, 0.9982755, -0.05776874), (-0.010428996, 0.9982755, -0.05776874), (-0.08815177, 0.9926577, -0.08282486), (-0.08815177, 0.9926577, -0.08282486), (-0.08815177, 0.9926577, -0.08282486), (-0.07918104, 0.9874607, 0.13657092), (-0.07918104, 0.9874607, 0.13657092), (-0.07918104, 0.9874607, 0.13657092), (-0.18014055, 0.9660907, 0.18498142), (-0.18014055, 0.9660907, 0.18498142), (-0.18014055, 0.9660907, 0.18498142), (-0.23078446, 0.97242457, -0.033598904), (-0.23078446, 0.97242457, -0.033598904), (-0.23078446, 0.97242457, -0.033598904), (-0.21611573, 0.9741867, -0.065223396), (-0.21620734, 0.9741643, -0.06525575), (-0.21613498, 0.974182, -0.0652308), (-0.22193967, 0.9639644, 0.14668117), (-0.22193967, 0.9639644, 0.14668117), (-0.22193967, 0.9639644, 0.14668117), (-0.07726994, 0.99638164, -0.03539706), (-0.07726994, 0.99638164, -0.03539706), (-0.07726994, 0.99638164, -0.03539706), (-0.04678879, 0.997488, 0.05318409), (-0.04678879, 0.997488, 0.05318409), (-0.04678879, 0.997488, 0.05318409), (-0.24281205, 0.9652739, -0.09637718), (-0.24281205, 0.9652739, -0.09637718), (-0.24281205, 0.9652739, -0.09637718), (-0.16275671, 0.98328155, -0.08165576), (-0.16275671, 0.98328155, -0.08165576), (-0.16275671, 0.98328155, -0.08165576), (-0.19090715, 0.9734448, 0.12633182), (-0.19090715, 0.9734448, 0.12633182), (-0.19090715, 0.9734448, 0.12633182), (-0.14501034, 0.9818895, -0.12192194), (-0.14501034, 0.9818895, -0.12192194), (-0.14501034, 0.9818895, -0.12192194), (-0.06432644, 0.9870788, 0.146757), (-0.06432644, 0.9870788, 0.146757), (-0.06432644, 0.9870788, 0.146757), (-0.06856335, 0.9702537, 0.23217838), (-0.06856335, 0.9702537, 0.23217838), (-0.06856335, 0.9702537, 0.23217838), (-0.20105906, 0.9503604, -0.23746628), (-0.20105906, 0.9503604, -0.23746628), (-0.20105906, 0.9503604, -0.23746628), (0.07474442, 0.9941256, -0.07827868), (0.07474442, 0.9941256, -0.07827868), (0.07474442, 0.9941256, -0.07827868), (-0.060200322, 0.99414647, 0.089714095), (-0.060200322, 0.99414647, 0.089714095), (-0.060200322, 0.99414647, 0.089714095), (0.09119441, 0.9951066, -0.03803272), (0.09119441, 0.9951066, -0.03803272), (0.09119441, 0.9951066, -0.03803272), (0.042092863, 0.9693579, -0.24201985), (0.042092863, 0.9693579, -0.24201985), (0.042092863, 0.9693579, -0.24201985), (0.091089316, 0.9956611, 0.019018315), (0.091089316, 0.9956611, 0.019018315), (0.091089316, 0.9956611, 0.019018315), (-0.030792419, 0.97694355, -0.21126537), (0.01296336, 0.98014313, -0.19786665), (-0.030792419, 0.97694355, -0.21126537), (0.011542677, 0.97918576, -0.20263767), (0.011369882, 0.97906655, -0.20322224), (0.013131762, 0.98026603, -0.1972461), (-0.08867283, 0.9954827, 0.0339312), (-0.08867283, 0.9954827, 0.0339312), (-0.08867283, 0.9954827, 0.0339312), (-0.14735472, 0.9876599, 0.053052172), (-0.14735472, 0.9876599, 0.053052172), (-0.14735472, 0.9876599, 0.053052172), (0.0062180134, 0.9967097, -0.08081544), (0.0062180134, 0.9967097, -0.08081544), (0.0062180134, 0.9967097, -0.08081544), (0.109518126, 0.99332, -0.036347505), (0.109518126, 0.99332, -0.036347505), (0.109518126, 0.99332, -0.036347505), (0.10634248, 0.9940905, -0.021802768), (0.10634248, 0.9940905, -0.021802768), (0.10634248, 0.9940905, -0.021802768), (-0.01236208, 0.97466487, 0.22332843), (-0.01236208, 0.97466487, 0.22332843), (-0.01236208, 0.97466487, 0.22332843), (-0.18113494, 0.9566413, 0.22809552), (-0.18113494, 0.9566413, 0.22809552), (-0.18113494, 0.9566413, 0.22809552), (0.2612984, 0.96306354, -0.06505155), (0.2612984, 0.96306354, -0.06505155), (0.2612984, 0.96306354, -0.06505155), (-0.034971237, 0.9758152, -0.2157818), (-0.034971237, 0.9758152, -0.2157818), (-0.034971237, 0.9758152, -0.2157818), (0.015758181, 0.9893555, -0.14466271), (0.015758181, 0.9893555, -0.14466271), (0.015758181, 0.9893555, -0.14466271), (-0.18901117, 0.9817422, -0.021378877), (-0.18901117, 0.9817422, -0.021378877), (-0.18901117, 0.9817422, -0.021378877), (-0.14052147, 0.96737605, 0.21080169), (-0.14052147, 0.96737605, 0.21080169), (-0.14052147, 0.96737605, 0.21080169), (0.20689271, 0.97331816, 0.099232234), (0.20689271, 0.97331816, 0.099232234), (0.20689271, 0.97331816, 0.099232234), (0.24632852, 0.9688356, -0.026070543), (0.24632852, 0.9688356, -0.026070543), (0.24632852, 0.9688356, -0.026070543), (-0.103117175, 0.94939, -0.2966907), (-0.103117175, 0.94939, -0.2966907), (-0.103117175, 0.94939, -0.2966907), (-0.14664678, 0.98844457, 0.038366426), (-0.14664678, 0.98844457, 0.038366426), (-0.14664678, 0.98844457, 0.038366426), (-0.1824438, 0.9818194, -0.052393124), (-0.1824438, 0.9818194, -0.052393124), (-0.1824438, 0.9818194, -0.052393124), (-0.013625157, 0.9994823, 0.02914541), (-0.013625157, 0.9994823, 0.02914541), (-0.013625157, 0.9994823, 0.02914541), (0.042352606, 0.9933581, 0.10698609), (0.042352606, 0.9933581, 0.10698609), (0.042352606, 0.9933581, 0.10698609), (-0.18459742, 0.9777744, 0.09940374), (-0.18459742, 0.9777744, 0.09940374), (-0.18459742, 0.9777744, 0.09940374), (0.0058196434, 0.9960108, -0.089043275), (0.0058196434, 0.9960108, -0.089043275), (0.0058196434, 0.9960108, -0.089043275), (-0.1628624, 0.978956, -0.12296829), (-0.1628624, 0.978956, -0.12296829), (-0.1628624, 0.978956, -0.12296829), (0.11635417, 0.9697565, 0.21455538), (0.11635417, 0.9697565, 0.21455538), (0.11635417, 0.9697565, 0.21455538), (-0.0848327, 0.9555356, 0.28240943), (-0.0848327, 0.9555356, 0.28240943), (-0.0848327, 0.9555356, 0.28240943), (0.06332577, 0.9678326, 0.24349509), (0.06332577, 0.9678326, 0.24349509), (0.06332577, 0.9678326, 0.24349509), (-0.026273813, 0.9974595, 0.066214606), (-0.026273813, 0.9974595, 0.066214606), (-0.026273813, 0.9974595, 0.066214606), (-0.16753021, 0.96343035, -0.20913091), (-0.16753021, 0.96343035, -0.20913091), (-0.16753021, 0.96343035, -0.20913091), (-0.14126638, 0.9793804, -0.14442232), (-0.14126638, 0.9793804, -0.14442232), (-0.14126638, 0.9793804, -0.14442232), (-0.23213163, 0.959995, -0.15660343), (-0.23213163, 0.959995, -0.15660343), (-0.23213163, 0.959995, -0.15660343), (-0.091419384, 0.98028654, 0.17515904), (-0.091419384, 0.98028654, 0.17515904), (-0.091419384, 0.98028654, 0.17515904), (0.0041113687, 0.9956578, 0.09299869), (0.0041113687, 0.9956578, 0.09299869), (0.0041113687, 0.9956578, 0.09299869), (-0.0011182986, 0.98079747, 0.19502546), (-0.0011182986, 0.98079747, 0.19502546), (-0.0011182986, 0.98079747, 0.19502546), (-0.005005525, 0.9999708, -0.0057798694), (-0.005005525, 0.9999708, -0.0057798694), (-0.005005525, 0.9999708, -0.0057798694), (0.21634896, 0.96732706, 0.13218017), (0.21634896, 0.96732706, 0.13218017), (0.21634896, 0.96732706, 0.13218017), (0.31951994, 0.94432694, -0.07844497), (0.31951994, 0.94432694, -0.07844497), (0.31951994, 0.94432694, -0.07844497), (-0.13655756, 0.9690871, 0.20548022), (-0.13655756, 0.9690871, 0.20548022), (-0.13655756, 0.9690871, 0.20548022), (-0.196936, 0.97625107, -0.090278104), (-0.196936, 0.97625107, -0.090278104), (-0.196936, 0.97625107, -0.090278104), (0.21521932, 0.9708887, 0.10514639), (0.21521932, 0.9708887, 0.10514639), (0.21521932, 0.9708887, 0.10514639), (0.23977534, 0.96602315, 0.09647347), (0.23977534, 0.96602315, 0.09647347), (0.2412903, 0.9656523, 0.096408345), (0.2412903, 0.9656523, 0.096408345), (0.01507423, 0.96313375, 0.2686005), (0.01507423, 0.96313375, 0.2686005), (0.01507423, 0.96313375, 0.2686005), (-0.057720453, 0.97736144, 0.20355088), (-0.057720453, 0.97736144, 0.20355088), (-0.057720453, 0.97736144, 0.20355088), (-0.02504146, 0.9850949, 0.17017917), (-0.02504146, 0.9850949, 0.17017917), (-0.02504146, 0.9850949, 0.17017917), (0.012963714, 0.96929604, 0.24555457), (0.012963714, 0.96929604, 0.24555457), (0.012963714, 0.96929604, 0.24555457), (-0.08581849, 0.9961079, 0.020109076), (-0.08581849, 0.9961079, 0.020109076), (-0.08581849, 0.9961079, 0.020109076), (0.15535808, 0.98139083, -0.112853855), (0.15535808, 0.98139083, -0.112853855), (0.15535808, 0.98139083, -0.112853855), (0.28674227, 0.9482941, -0.13607745), (0.28674227, 0.9482941, -0.13607745), (0.28674227, 0.9482941, -0.13607745), (-0.18743345, 0.95920837, 0.21163183), (-0.18743345, 0.95920837, 0.21163183), (-0.18743345, 0.95920837, 0.21163183), (-0.21521203, 0.9670864, 0.13574849), (-0.21521203, 0.9670864, 0.13574849), (-0.21521203, 0.9670864, 0.13574849), (0.05753679, 0.99833566, -0.003943062), (0.05753679, 0.99833566, -0.003943062), (0.05753679, 0.99833566, -0.003943062), (0.17293409, 0.9694577, 0.1739129), (0.17293409, 0.9694577, 0.1739129), (0.17293409, 0.9694577, 0.1739129), (-0.07693085, 0.99500024, 0.06368887), (-0.07693085, 0.99500024, 0.06368887), (-0.07693085, 0.99500024, 0.06368887), (0.2723574, 0.9503588, -0.15046486), (0.2723574, 0.9503588, -0.15046486), (0.2723574, 0.9503588, -0.15046486), (-0.089436874, 0.99584275, -0.017271321), (-0.089436874, 0.99584275, -0.017271321), (-0.089436874, 0.99584275, -0.017271321), (-0.20827124, 0.97730905, -0.03860178), (-0.20827124, 0.97730905, -0.03860178), (-0.20827124, 0.97730905, -0.03860178), (-0.23740456, 0.9711158, 0.023942491), (-0.23740456, 0.9711158, 0.023942491), (-0.23740456, 0.9711158, 0.023942491), (-0.2645422, 0.9526701, 0.1497905), (-0.2645422, 0.9526701, 0.1497905), (-0.2645422, 0.9526701, 0.1497905), (-0.3150524, 0.9480769, 0.043499127), (-0.3150524, 0.9480769, 0.043499127), (-0.3150524, 0.9480769, 0.043499127), (0.13557139, 0.98034316, -0.14334466), (0.13557139, 0.98034316, -0.14334466), (0.13557139, 0.98034316, -0.14334466), (-0.028779684, 0.97961146, -0.19882926), (-0.028779684, 0.97961146, -0.19882926), (-0.028779684, 0.97961146, -0.19882926), (0.06862589, 0.988612, -0.13392846), (0.06862589, 0.988612, -0.13392846), (0.06862589, 0.988612, -0.13392846), (-0.19464457, 0.97816294, -0.07287473), (-0.19464457, 0.97816294, -0.07287473), (-0.19464457, 0.97816294, -0.07287473), (-0.20815839, 0.97473985, 0.08094731), (-0.20815839, 0.97473985, 0.08094731), (-0.20815839, 0.97473985, 0.08094731), (-0.15739012, 0.9795002, -0.12572883), (-0.15739012, 0.9795002, -0.12572883), (-0.15739012, 0.9795002, -0.12572883), (0.03456981, 0.9442136, -0.32751438), (0.03456981, 0.9442136, -0.32751438), (0.03456981, 0.9442136, -0.32751438), (0.30263132, 0.92794037, 0.21757953), (0.30263132, 0.92794037, 0.21757953), (0.30263132, 0.92794037, 0.21757953), (-0.0375415, 0.97976446, -0.19660155), (-0.0375415, 0.97976446, -0.19660155), (-0.0375415, 0.97976446, -0.19660155), (0.07944379, 0.95586044, -0.2828772), (0.07944379, 0.95586044, -0.2828772), (0.07944379, 0.95586044, -0.2828772), (0.03323008, 0.97546947, 0.21761224), (0.03323008, 0.97546947, 0.21761224), (0.03323008, 0.97546947, 0.21761224), (0.23201357, 0.97245437, -0.0224131), (0.23201357, 0.97245437, -0.0224131), (0.23201357, 0.97245437, -0.0224131), (0.23578511, 0.97086763, -0.04267882), (0.23578511, 0.97086763, -0.04267882), (0.23578511, 0.97086763, -0.04267882), (0.08755269, 0.9880812, -0.12660941), (0.08755269, 0.9880812, -0.12660941), (0.08755269, 0.9880812, -0.12660941), (-0.12429774, 0.9823583, 0.139722), (-0.12429774, 0.9823583, 0.139722), (-0.12429774, 0.9823583, 0.139722), (-0.17046121, 0.9668519, -0.19010624), (-0.17046121, 0.9668519, -0.19010624), (-0.17046121, 0.9668519, -0.19010624), (-0.1853021, 0.9727913, -0.13906904), (-0.1853021, 0.9727913, -0.13906904), (-0.1853021, 0.9727913, -0.13906904), (0.15704411, 0.9815653, 0.10893404), (0.15704411, 0.9815653, 0.10893404), (0.15704411, 0.9815653, 0.10893404), (0.06306657, 0.9960532, 0.062454842), (0.06306657, 0.9960532, 0.062454842), (0.06306657, 0.9960532, 0.062454842), (0.075795956, 0.99184483, 0.10246415), (0.075795956, 0.99184483, 0.10246415), (0.0021426475, 0.99999726, 0.0009993992), (0.0021426475, 0.99999726, 0.0009993992), (0.0021426475, 0.99999726, 0.0009993992), (-0.21500956, 0.9544596, -0.2068281), (-0.21500956, 0.9544596, -0.2068281), (-0.21500956, 0.9544596, -0.2068281), (-0.15666017, 0.98359066, -0.08948205), (-0.15666017, 0.98359066, -0.08948205), (-0.15666017, 0.98359066, -0.08948205), (-0.17920536, 0.9837689, -0.009180442), (-0.17920536, 0.9837689, -0.009180442), (-0.17920536, 0.9837689, -0.009180442), (-0.12508541, 0.98564744, -0.11336986), (-0.12508541, 0.98564744, -0.11336986), (-0.12508541, 0.98564744, -0.11336986), (0.015870236, 0.9827208, -0.18441239), (0.015870236, 0.9827208, -0.18441239), (0.015870236, 0.9827208, -0.18441239), (0.05961949, 0.996671, 0.055610426), (0.05961949, 0.996671, 0.055610426), (0.05961949, 0.996671, 0.055610426), (0.12424822, 0.9795371, -0.15833293), (0.12424822, 0.9795371, -0.15833293), (0.12424822, 0.9795371, -0.15833293), (0.10944071, 0.9720899, -0.20751865), (0.10944071, 0.9720899, -0.20751865), (0.10944071, 0.9720899, -0.20751865), (-0.10840468, 0.9808373, 0.16188465), (-0.10840468, 0.9808373, 0.16188465), (-0.10840468, 0.9808373, 0.16188465), (0.34065592, 0.9362036, -0.08646668), (0.34065592, 0.9362036, -0.08646668), (0.34065592, 0.9362036, -0.08646668), (0.12996477, 0.9914556, -0.0111819245), (0.12996477, 0.9914556, -0.0111819245), (0.12996477, 0.9914556, -0.0111819245), (0.12575436, 0.93814695, 0.32259277), (0.12575436, 0.93814695, 0.32259277), (0.12575436, 0.93814695, 0.32259277), (-0.09233355, 0.99570686, 0.0065094903), (-0.09233355, 0.99570686, 0.0065094903), (-0.09233355, 0.99570686, 0.0065094903), (-0.012578723, 0.9752211, 0.2208747), (-0.012578723, 0.9752211, 0.2208747), (-0.012578723, 0.9752211, 0.2208747), (-0.0025810578, 0.99756646, -0.06967396), (-0.0025810578, 0.99756646, -0.06967396), (-0.0025810578, 0.99756646, -0.06967396), (0.012491827, 0.9563453, 0.29197198), (0.012491827, 0.9563453, 0.29197198), (0.012491827, 0.9563453, 0.29197198), (-0.0593254, 0.97479486, 0.2150709), (-0.0593254, 0.97479486, 0.2150709), (-0.0593254, 0.97479486, 0.2150709), (-0.0627049, 0.9898061, -0.12787463), (-0.0627049, 0.9898061, -0.12787463), (-0.0627049, 0.9898061, -0.12787463), (-0.045148235, 0.9808586, -0.18941502), (-0.045148235, 0.9808586, -0.18941502), (-0.045148235, 0.9808586, -0.18941502), (0.060704537, 0.99813074, 0.0070734103), (0.060704537, 0.99813074, 0.0070734103), (0.060704537, 0.99813074, 0.0070734103), (0.00471236, 0.9939883, -0.109385066), (0.00471236, 0.9939883, -0.109385066), (0.00471236, 0.9939883, -0.109385066), (0.039202917, 0.9932375, -0.10928055), (0.039202917, 0.9932375, -0.10928055), (0.26562628, 0.9626555, 0.0523166), (0.26562628, 0.9626555, 0.0523166), (0.26562628, 0.9626555, 0.0523166), (-0.031712756, 0.9942669, -0.10211498), (-0.031712756, 0.9942669, -0.10211498), (-0.031712756, 0.9942669, -0.10211498), (0.14810754, 0.97541803, -0.16316773), (0.14810754, 0.97541803, -0.16316773), (0.14810754, 0.97541803, -0.16316773), (0.065996334, 0.98767465, -0.14192744), (0.065996334, 0.98767465, -0.14192744), (0.065996334, 0.98767465, -0.14192744), (-0.00942704, 0.9920373, -0.12559141), (-0.00942704, 0.9920373, -0.12559141), (-0.00942704, 0.9920373, -0.12559141), (0.16371177, 0.97793406, 0.12978236), (0.16371177, 0.97793406, 0.12978236), (0.16371177, 0.97793406, 0.12978236), (0.019083522, 0.95936644, -0.28151712), (0.019083522, 0.95936644, -0.28151712), (0.019083522, 0.95936644, -0.28151712), (0.07410748, 0.9803627, -0.18274854), (0.07410748, 0.9803627, -0.18274854), (0.07410748, 0.9803627, -0.18274854), (0.07966047, 0.9898059, -0.11806142), (0.07966047, 0.9898059, -0.11806142), (0.07966047, 0.9898059, -0.11806142), (0.27453312, 0.9426954, -0.18962327), (0.27453312, 0.9426954, -0.18962327), (0.27453312, 0.9426954, -0.18962327), (-0.11242252, 0.9659154, 0.23317078), (-0.11242252, 0.9659154, 0.23317078), (-0.11242252, 0.9659154, 0.23317078), (0.322315, 0.9393353, 0.11731245), (0.322315, 0.9393353, 0.11731245), (0.322315, 0.9393353, 0.11731245), (0.01829308, 0.99715173, -0.07316881), (0.01829308, 0.99715173, -0.07316881), (0.01829308, 0.99715173, -0.07316881), (-0.055783726, 0.9604069, 0.27295908), (-0.055783726, 0.9604069, 0.27295908), (-0.055783726, 0.9604069, 0.27295908), (0.040892072, 0.9985739, 0.034324203), (0.040892072, 0.9985739, 0.034324203), (0.040892072, 0.9985739, 0.034324203), (0.24016623, 0.96445316, -0.11022834), (0.24016623, 0.96445316, -0.11022834), (0.24016623, 0.96445316, -0.11022834), (0.26199073, 0.9550922, -0.13841872), (0.26199073, 0.9550922, -0.13841872), (0.26199073, 0.9550922, -0.13841872), (-0.22922991, 0.9635143, -0.13818057), (-0.22922991, 0.9635143, -0.13818057), (-0.22922991, 0.9635143, -0.13818057), (0.021123977, 0.9931405, 0.11500272), (0.021123977, 0.9931405, 0.11500272), (0.021123977, 0.9931405, 0.11500272), (0.094492406, 0.9548018, -0.28182375), (0.094492406, 0.9548018, -0.28182375), (0.094492406, 0.9548018, -0.28182375), (-0.08939934, 0.99403596, 0.06245167), (-0.08939934, 0.99403596, 0.06245167), (-0.08939934, 0.99403596, 0.06245167), (0.008342282, 0.99728227, 0.07320091), (0.008342282, 0.99728227, 0.07320091), (0.008342282, 0.99728227, 0.07320091), (-0.10570972, 0.96583843, -0.23660435), (-0.10570972, 0.96583843, -0.23660435), (-0.10570972, 0.96583843, -0.23660435), (-0.081250146, 0.9919933, -0.09668317), (-0.081250146, 0.9919933, -0.09668317), (-0.081250146, 0.9919933, -0.09668317), (0.09839667, 0.99477345, 0.027274294), (0.09839667, 0.99477345, 0.027274294), (0.09839667, 0.99477345, 0.027274294), (0.100328766, 0.9937949, 0.048018593), (0.10023802, 0.9937894, 0.04832146), (0.100349925, 0.9937961, 0.04794958), (0.031446245, 0.99212694, -0.121224456), (0.031446245, 0.99212694, -0.121224456), (0.031446245, 0.99212694, -0.121224456), (0.092419125, 0.9625053, -0.2550338), (0.092419125, 0.9625053, -0.2550338), (0.092419125, 0.9625053, -0.2550338), (-0.03882548, 0.99693716, 0.06788999), (-0.03882548, 0.99693716, 0.06788999), (-0.03882548, 0.99693716, 0.06788999), (0.14696802, 0.9884266, 0.037593056), (0.14696802, 0.9884266, 0.037593056), (0.14696802, 0.9884266, 0.037593056), (-0.2959214, 0.9550762, 0.0161249), (-0.2959214, 0.9550762, 0.0161249), (-0.2959214, 0.9550762, 0.0161249), (0.0517569, 0.95971906, 0.2761531), (0.0517569, 0.95971906, 0.2761531), (0.0517569, 0.95971906, 0.2761531), (-0.082181215, 0.98268026, 0.1660891), (-0.082181215, 0.98268026, 0.1660891), (-0.082181215, 0.98268026, 0.1660891), (-0.1531474, 0.9878356, -0.026958039), (-0.1531474, 0.9878356, -0.026958039), (-0.1531474, 0.9878356, -0.026958039), (-0.13457623, 0.9855326, -0.10302757), (-0.13457623, 0.9855326, -0.10302757), (-0.13457623, 0.9855326, -0.10302757), (0.26881006, 0.95583636, 0.11881991), (0.26881006, 0.95583636, 0.11881991), (0.26881006, 0.95583636, 0.11881991), (-0.20583048, 0.95713884, -0.20376241), (-0.20583048, 0.95713884, -0.20376241), (-0.20583048, 0.95713884, -0.20376241), (-0.24487226, 0.96920717, -0.02598444), (-0.24487226, 0.96920717, -0.02598444), (-0.24487226, 0.96920717, -0.02598444), (-0.024228169, 0.9891312, 0.14502582), (-0.024228169, 0.9891312, 0.14502582), (-0.024228169, 0.9891312, 0.14502582), (0.08416568, 0.98249143, 0.16621327), (0.08416568, 0.98249143, 0.16621327), (0.08416568, 0.98249143, 0.16621327), (-0.017725578, 0.9997625, 0.012678031), (-0.017725578, 0.9997625, 0.012678031), (-0.017725578, 0.9997625, 0.012678031), (-0.21897869, 0.9746833, 0.04517382), (-0.21897869, 0.9746833, 0.04517382), (-0.21897869, 0.9746833, 0.04517382), (0.05001789, 0.9986112, -0.016547488), (0.05001789, 0.9986112, -0.016547488), (0.05001789, 0.9986112, -0.016547488), (0.21866639, 0.9716322, 0.09008781), (0.21866639, 0.9716322, 0.09008781), (0.21866639, 0.9716322, 0.09008781), (-0.26417264, 0.95865303, 0.10581699), (-0.26417264, 0.95865303, 0.10581699), (-0.26417264, 0.95865303, 0.10581699), (-0.4979573, 0.6902036, 0.525031), (-0.4979573, 0.6902036, 0.525031), (-0.4979573, 0.6902036, 0.525031), (-0.034155775, 0.99870086, -0.037816137), (-0.034155775, 0.99870086, -0.037816137), (-0.034155775, 0.99870086, -0.037816137), (0.0557527, 0.99252546, -0.108557634), (0.0557527, 0.99252546, -0.108557634), (0.0557527, 0.99252546, -0.108557634), (-0.1593645, 0.98720723, -0.004973121), (-0.1593645, 0.98720723, -0.004973121), (-0.1593645, 0.98720723, -0.004973121), (0.1089578, 0.9520601, 0.28584933), (0.1089578, 0.9520601, 0.28584933), (0.1089578, 0.9520601, 0.28584933), (0.08642318, 0.9935347, -0.07362074), (0.08642318, 0.9935347, -0.07362074), (0.08642318, 0.9935347, -0.07362074), (0.029299816, 0.9964115, -0.07940746), (0.029299816, 0.9964115, -0.07940746), (0.029299816, 0.9964115, -0.07940746), (0.05400553, 0.99807835, -0.03038336), (0.05400553, 0.99807835, -0.03038336), (0.05400553, 0.99807835, -0.03038336), (0.013574369, 0.97433895, 0.22467597), (0.013574369, 0.97433895, 0.22467597), (0.013574369, 0.97433895, 0.22467597), (0.120798714, 0.9855539, -0.11870597), (0.120798714, 0.9855539, -0.11870597), (0.120798714, 0.9855539, -0.11870597), (0.09743478, 0.993729, 0.054857057), (0.09743478, 0.993729, 0.054857057), (0.09743478, 0.993729, 0.054857057), (0.027746938, 0.99073213, -0.13296613), (0.027746938, 0.99073213, -0.13296613), (0.027746938, 0.99073213, -0.13296613), (0.05520844, 0.99834335, 0.016204752), (0.05520844, 0.99834335, 0.016204752), (0.05520844, 0.99834335, 0.016204752), (-0.033653468, 0.9988193, -0.035034437), (-0.033653468, 0.9988193, -0.035034437), (-0.033653468, 0.9988193, -0.035034437), (-0.0015389798, 0.9992874, -0.037715107), (-0.0015389798, 0.9992874, -0.037715107), (-0.21445224, 0.92294884, 0.31964946), (-0.21445224, 0.92294884, 0.31964946), (-0.21445224, 0.92294884, 0.31964946), (-0.3238652, 0.9447266, -0.051020645), (-0.3238652, 0.9447266, -0.051020645), (-0.3238652, 0.9447266, -0.051020645), (0.09129383, 0.9660315, 0.24176122), (0.09129383, 0.9660315, 0.24176122), (0.09129383, 0.9660315, 0.24176122), (0.089462794, 0.9753473, 0.20172803), (0.08953976, 0.9753323, 0.20176597), (0.08950572, 0.975339, 0.20174855), (-0.038632132, 0.9886203, -0.14538778), (-0.038632132, 0.9886203, -0.14538778), (-0.038632132, 0.9886203, -0.14538778), (0.031555098, 0.9489602, 0.31381336), (0.031555098, 0.9489602, 0.31381336), (0.031555098, 0.9489602, 0.31381336), (-0.18701309, 0.9759546, -0.11197635), (-0.18701309, 0.9759546, -0.11197635), (-0.18701309, 0.9759546, -0.11197635), (0.005603354, 0.9957074, 0.09238671), (0.005603354, 0.9957074, 0.09238671), (0.005603354, 0.9957074, 0.09238671), (-0.188194, 0.98183054, -0.024325995), (-0.188194, 0.98183054, -0.024325995), (-0.188194, 0.98183054, -0.024325995), (-0.07339501, 0.9738841, 0.21485569), (-0.07339501, 0.9738841, 0.21485569), (-0.07339501, 0.9738841, 0.21485569), (-0.15503465, 0.9815756, -0.11168527), (-0.15503465, 0.9815756, -0.11168527), (-0.15503465, 0.9815756, -0.11168527), (-0.17906854, 0.98015517, -0.08503119), (-0.17906854, 0.98015517, -0.08503119), (-0.17906854, 0.98015517, -0.08503119), (-0.26129755, 0.94013304, -0.21880023), (-0.26129755, 0.94013304, -0.21880023), (-0.26129755, 0.94013304, -0.21880023), (0.24597692, 0.9690309, 0.02177973), (0.24597692, 0.9690309, 0.02177973), (0.24597692, 0.9690309, 0.02177973), (-0.15864798, 0.9839468, -0.08172764), (-0.15864798, 0.9839468, -0.08172764), (-0.15864798, 0.9839468, -0.08172764), (-0.124373905, 0.987966, 0.09194761), (-0.124373905, 0.987966, 0.09194761), (-0.124373905, 0.987966, 0.09194761), (-0.086625345, 0.99481225, 0.053335864), (-0.086625345, 0.99481225, 0.053335864), (-0.086625345, 0.99481225, 0.053335864), (0.02715843, 0.9964714, -0.07941754), (0.02715843, 0.9964714, -0.07941754), (0.02715843, 0.9964714, -0.07941754), (0.12815146, 0.96171534, 0.24224149), (0.12815146, 0.96171534, 0.24224149), (0.12815146, 0.96171534, 0.24224149), (0.081115186, 0.990511, -0.11094221), (0.081115186, 0.990511, -0.11094221), (0.081115186, 0.990511, -0.11094221), (-0.058196988, 0.9974269, 0.041862544), (-0.058196988, 0.9974269, 0.041862544), (-0.058196988, 0.9974269, 0.041862544), (-0.17882171, 0.9801056, -0.08611487), (-0.17882171, 0.9801056, -0.08611487), (-0.17882171, 0.9801056, -0.08611487), (0.061453067, 0.9597485, 0.27405548), (0.061453067, 0.9597485, 0.27405548), (0.061453067, 0.9597485, 0.27405548), (-0.05555296, 0.9980945, 0.026855426), (-0.05555296, 0.9980945, 0.026855426), (-0.05555296, 0.9980945, 0.026855426), (-0.012919501, 0.9812345, 0.19238521), (-0.012919501, 0.9812345, 0.19238521), (-0.012919501, 0.9812345, 0.19238521), (0.07340315, 0.9933211, -0.08902282), (0.07340315, 0.9933211, -0.08902282), (0.07340315, 0.9933211, -0.08902282), (0.13622855, 0.98950213, -0.048242886), (0.13622855, 0.98950213, -0.048242886), (0.13622855, 0.98950213, -0.048242886), (0.18209165, 0.9622071, 0.2024849), (0.18209165, 0.9622071, 0.2024849), (0.18209165, 0.9622071, 0.2024849), (-0.06045371, 0.9962565, 0.061794028), (-0.06045371, 0.9962565, 0.061794028), (-0.06045371, 0.9962565, 0.061794028), (-0.18255709, 0.9639614, -0.1935233), (-0.18255709, 0.9639614, -0.1935233), (-0.1987043, 0.9517924, -0.23368299), (-0.17420162, 0.9529175, -0.24819773), (-0.17416254, 0.9529186, -0.24822094), (-0.17417675, 0.95291823, -0.24821188), (-0.044150766, 0.99815243, 0.04174122), (-0.044150766, 0.99815243, 0.04174122), (-0.044150766, 0.99815243, 0.04174122), (0.15684576, 0.9829647, 0.09581094), (0.15684576, 0.9829647, 0.09581094), (0.15684576, 0.9829647, 0.09581094), (-0.05719539, 0.99509144, -0.08075782), (-0.05719539, 0.99509144, -0.08075782), (-0.05719539, 0.99509144, -0.08075782), (-0.075885, 0.9964204, 0.03725389), (-0.075885, 0.9964204, 0.03725389), (-0.075885, 0.9964204, 0.03725389), (0.1553587, 0.98514056, 0.073222905), (0.1553587, 0.98514056, 0.073222905), (0.1553587, 0.98514056, 0.073222905), (-0.14726931, 0.986925, -0.06550434), (-0.14726931, 0.986925, -0.06550434), (-0.14726931, 0.986925, -0.06550434), (0.23375212, 0.97201025, 0.023578301), (0.23375212, 0.97201025, 0.023578301), (0.23375212, 0.97201025, 0.023578301), (-0.14185685, 0.9385055, 0.31477612), (-0.14185685, 0.9385055, 0.31477612), (-0.14185685, 0.9385055, 0.31477612), (-0.20081711, 0.9763743, -0.079784386), (-0.20081711, 0.9763743, -0.079784386), (-0.20081711, 0.9763743, -0.079784386), (-0.23798464, 0.96155053, 0.13705456), (-0.23798464, 0.96155053, 0.13705456), (-0.23798464, 0.96155053, 0.13705456), (-0.2899911, 0.9397423, -0.1810787), (-0.2899911, 0.9397423, -0.1810787), (-0.2899911, 0.9397423, -0.1810787), (0.058994364, 0.99749005, 0.03915735), (0.058994364, 0.99749005, 0.03915735), (0.058994364, 0.99749005, 0.03915735), (0.050662924, 0.97113323, -0.23309547), (0.050662924, 0.97113323, -0.23309547), (0.050662924, 0.97113323, -0.23309547), (-0.054586403, 0.95567125, -0.28933144), (-0.054586403, 0.95567125, -0.28933144), (-0.054586403, 0.95567125, -0.28933144), (0.21128303, 0.9602272, -0.18254644), (0.21128303, 0.9602272, -0.18254644), (0.21128303, 0.9602272, -0.18254644), (0.13326664, 0.9780939, 0.15991312), (0.13326664, 0.9780939, 0.15991312), (0.13326664, 0.9780939, 0.15991312), (-0.09191474, 0.9923632, -0.08226186), (-0.09191474, 0.9923632, -0.08226186), (-0.09191474, 0.9923632, -0.08226186), (0.09261974, 0.95514995, 0.2812654), (0.09261974, 0.95514995, 0.2812654), (0.09261974, 0.95514995, 0.2812654), (0.24698584, 0.96885455, 0.01785901), (0.24698584, 0.96885455, 0.01785901), (0.24698584, 0.96885455, 0.01785901), (0.17637475, 0.9798039, 0.09421366), (0.17637475, 0.9798039, 0.09421366), (0.17637475, 0.9798039, 0.09421366), (-0.25630602, 0.9658111, 0.038937975), (-0.25630602, 0.9658111, 0.038937975), (-0.25630602, 0.9658111, 0.038937975), (0.0028674356, 0.99716884, 0.075140335), (0.0028674356, 0.99716884, 0.075140335), (0.0028674356, 0.99716884, 0.075140335), (0.25908324, 0.96533316, -0.031747054), (0.25908324, 0.96533316, -0.031747054), (0.25908324, 0.96533316, -0.031747054), (0.14253949, 0.9808841, 0.13247195), (0.14253949, 0.9808841, 0.13247195), (0.14253949, 0.9808841, 0.13247195), (-0.16889964, 0.9699625, -0.17505908), (-0.16889964, 0.9699625, -0.17505908), (-0.16889964, 0.9699625, -0.17505908), (-0.09373219, 0.9952571, 0.026028981), (-0.09373219, 0.9952571, 0.026028981), (-0.09373219, 0.9952571, 0.026028981), (-0.027850805, 0.9990515, -0.033471663), (-0.027850805, 0.9990515, -0.033471663), (-0.027850805, 0.9990515, -0.033471663), (-0.0013966351, 0.99925727, -0.038508426), (-0.0013966351, 0.99925727, -0.038508426), (-0.0013966351, 0.99925727, -0.038508426), (0.1337291, 0.9871383, -0.08760494), (0.1337291, 0.9871383, -0.08760494), (0.1337291, 0.9871383, -0.08760494), (-0.19093008, 0.95656353, 0.22029977), (-0.19093008, 0.95656353, 0.22029977), (-0.19093008, 0.95656353, 0.22029977), (0.0810658, 0.9489222, 0.30491787), (0.0810658, 0.9489222, 0.30491787), (0.0810658, 0.9489222, 0.30491787), (0.13948253, 0.9804208, 0.13899513), (0.13948253, 0.9804208, 0.13899513), (0.13948253, 0.9804208, 0.13899513), (0.078867, 0.9910953, -0.10728477), (0.078867, 0.9910953, -0.10728477), (0.078867, 0.9910953, -0.10728477), (0.049294945, 0.99024135, -0.13035382), (0.049294945, 0.99024135, -0.13035382), (-0.061849963, 0.9764558, 0.20666035), (-0.061849963, 0.9764558, 0.20666035), (-0.061849963, 0.9764558, 0.20666035), (-0.15637004, 0.9438485, -0.29103), (-0.15637004, 0.9438485, -0.29103), (-0.15637004, 0.9438485, -0.29103), (-0.0017644592, 0.9985655, 0.053515546), (-0.0017644592, 0.9985655, 0.053515546), (-0.0017644592, 0.9985655, 0.053515546), (-0.08934415, 0.99171305, -0.09231965), (-0.08934415, 0.99171305, -0.09231965), (-0.08934415, 0.99171305, -0.09231965), (0.1527079, 0.98827076, 0.001096641), (0.1527079, 0.98827076, 0.001096641), (0.1527079, 0.98827076, 0.001096641), (0.26764432, 0.9571833, -0.11030311), (0.26764432, 0.9571833, -0.11030311), (0.26764432, 0.9571833, -0.11030311), (-0.05820491, 0.99330306, -0.09980683), (-0.05820491, 0.99330306, -0.09980683), (-0.05820491, 0.99330306, -0.09980683), (0.09856187, 0.99402857, -0.046827655), (0.09856187, 0.99402857, -0.046827655), (0.09856187, 0.99402857, -0.046827655), (-0.08492271, 0.9943528, 0.0636439), (-0.08492271, 0.9943528, 0.0636439), (-0.08492271, 0.9943528, 0.0636439), (0.12459283, 0.9893339, -0.075465895), (0.12459283, 0.9893339, -0.075465895), (0.12459283, 0.9893339, -0.075465895), (0.16314055, 0.9861156, 0.031002259), (0.16314055, 0.9861156, 0.031002259), (0.16314055, 0.9861156, 0.031002259), (0.19007194, 0.9698943, 0.15224245), (0.19007194, 0.9698943, 0.15224245), (0.19007194, 0.9698943, 0.15224245), (-0.023215747, 0.9987637, -0.043956425), (-0.023215747, 0.9987637, -0.043956425), (-0.023215747, 0.9987637, -0.043956425), (-0.018853445, 0.9861676, 0.1646755), (-0.018853445, 0.9861676, 0.1646755), (-0.018853445, 0.9861676, 0.1646755), (-0.10282927, 0.9641419, 0.24465618), (-0.10282927, 0.9641419, 0.24465618), (-0.10282927, 0.9641419, 0.24465618), (0.24599595, 0.9658688, 0.08113917), (0.24599595, 0.9658688, 0.08113917), (0.24599595, 0.9658688, 0.08113917), (0.028623562, 0.986868, -0.15897238), (0.028623562, 0.986868, -0.15897238), (0.028623562, 0.986868, -0.15897238), (0.15361626, 0.9881097, 0.0064223735), (0.15361626, 0.9881097, 0.0064223735), (0.15361626, 0.9881097, 0.0064223735), (-0.041576326, 0.98495805, -0.16771688), (-0.041576326, 0.98495805, -0.16771688), (-0.041576326, 0.98495805, -0.16771688), (0.021202689, 0.9856145, 0.16767396), (0.021202689, 0.9856145, 0.16767396), (0.021202689, 0.9856145, 0.16767396), (0.17409244, 0.95003706, -0.25907764), (0.17409244, 0.95003706, -0.25907764), (0.17409244, 0.95003706, -0.25907764), (0.077293746, 0.95797974, 0.27622524), (0.077293746, 0.95797974, 0.27622524), (0.077293746, 0.95797974, 0.27622524), (0.14369372, 0.98946416, -0.017688937), (0.14369372, 0.98946416, -0.017688937), (0.14369372, 0.98946416, -0.017688937), (0.07334982, 0.97189325, 0.2237036), (0.07334982, 0.97189325, 0.2237036), (0.07334982, 0.97189325, 0.2237036), (-0.013175544, 0.9827297, 0.18457697), (-0.013175544, 0.9827297, 0.18457697), (-0.013175544, 0.9827297, 0.18457697), (0.12929846, 0.970762, 0.20224476), (0.12929846, 0.970762, 0.20224476), (0.12929846, 0.970762, 0.20224476), (0.11784102, 0.9874421, -0.105220996), (0.11784102, 0.9874421, -0.105220996), (0.11784102, 0.9874421, -0.105220996), (0.044311073, 0.99492526, 0.09033473), (0.044311073, 0.99492526, 0.09033473), (0.044311073, 0.99492526, 0.09033473), (-0.00082991685, 0.9973435, 0.07283788), (-0.00082991685, 0.9973435, 0.07283788), (-0.00082991685, 0.9973435, 0.07283788), (0.01254459, 0.9960795, 0.08756793), (0.01254459, 0.9960795, 0.08756793), (0.27124885, 0.961628, -0.041177645), (0.27124885, 0.961628, -0.041177645), (0.27124885, 0.961628, -0.041177645), (0.13209386, 0.988791, -0.0695955), (0.13209386, 0.988791, -0.0695955), (0.13209386, 0.988791, -0.0695955), (-0.17910728, 0.98346704, 0.026706014), (-0.17910728, 0.98346704, 0.026706014), (-0.17910728, 0.98346704, 0.026706014), (-0.03560588, 0.97011423, 0.2400221), (-0.03560588, 0.97011423, 0.2400221), (-0.03560588, 0.97011423, 0.2400221), (-0.28258163, 0.9584756, 0.038367625), (-0.28258163, 0.9584756, 0.038367625), (-0.28258163, 0.9584756, 0.038367625), (0.24242082, 0.966305, 0.08652515), (0.24242082, 0.966305, 0.08652515), (0.24242082, 0.966305, 0.08652515), (0.17311789, 0.9843955, 0.031552408), (0.17311789, 0.9843955, 0.031552408), (0.17311789, 0.9843955, 0.031552408), (-0.14903401, 0.9886951, -0.016460305), (-0.14903401, 0.9886951, -0.016460305), (-0.14903401, 0.9886951, -0.016460305), (-0.09725302, 0.9952571, 0.002259546), (-0.09725302, 0.9952571, 0.002259546), (-0.09725302, 0.9952571, 0.002259546), (-0.09846904, 0.99507, 0.011810442), (-0.09846904, 0.99507, 0.011810442), (-0.16511026, 0.9850241, -0.049661), (-0.16511026, 0.9850241, -0.049661), (-0.16511026, 0.9850241, -0.049661), (-0.11414775, 0.9779537, 0.17486255), (-0.11414775, 0.9779537, 0.17486255), (-0.11414775, 0.9779537, 0.17486255), (-0.08192674, 0.9759555, 0.20198728), (-0.08192674, 0.9759555, 0.20198728), (0.050807793, 0.98752624, 0.1490317), (0.050807793, 0.98752624, 0.1490317), (0.050807793, 0.98752624, 0.1490317), (0.13493909, 0.9658499, -0.22119105), (0.13493909, 0.9658499, -0.22119105), (0.13493909, 0.9658499, -0.22119105), (0.03949501, 0.9496442, 0.31083125), (0.03949501, 0.9496442, 0.31083125), (0.03949501, 0.9496442, 0.31083125), (0.29200396, 0.9495354, -0.114525855), (0.29200396, 0.9495354, -0.114525855), (0.29200396, 0.9495354, -0.114525855), (0.03594082, 0.99891317, -0.029678669), (0.03594082, 0.99891317, -0.029678669), (0.03594082, 0.99891317, -0.029678669), (-0.07372394, 0.9951715, 0.06479519), (-0.07372394, 0.9951715, 0.06479519), (-0.07372394, 0.9951715, 0.06479519), (-0.118430026, 0.9892302, -0.08601069), (-0.118430026, 0.9892302, -0.08601069), (-0.118430026, 0.9892302, -0.08601069), (-0.01076796, 0.999895, 0.009700691), (-0.01076796, 0.999895, 0.009700691), (-0.01076796, 0.999895, 0.009700691), (0.19551848, 0.9344351, 0.29766354), (0.19551848, 0.9344351, 0.29766354), (0.19551848, 0.9344351, 0.29766354), (-0.058592025, 0.9982729, -0.0042700577), (-0.058592025, 0.9982729, -0.0042700577), (-0.058592025, 0.9982729, -0.0042700577), (-0.16293256, 0.95599693, -0.24397337), (-0.16293256, 0.95599693, -0.24397337), (-0.16293256, 0.95599693, -0.24397337), (0.2599263, 0.9587032, 0.115440205), (0.2599263, 0.9587032, 0.115440205), (0.2599263, 0.9587032, 0.115440205), (0.048577152, 0.9656496, -0.2552666), (0.048577152, 0.9656496, -0.2552666), (0.048577152, 0.9656496, -0.2552666), (-0.0074487804, 0.9861881, -0.1654616), (-0.0074487804, 0.9861881, -0.1654616), (-0.0074487804, 0.9861881, -0.1654616), (-0.084661804, 0.9862164, 0.1421603), (-0.084661804, 0.9862164, 0.1421603), (-0.084661804, 0.9862164, 0.1421603), (0.13024858, 0.97764194, -0.16508007), (0.13024858, 0.97764194, -0.16508007), (0.13024858, 0.97764194, -0.16508007), (0.16564843, 0.95781, 0.23486306), (0.16564843, 0.95781, 0.23486306), (0.16564843, 0.95781, 0.23486306), (0.21317793, 0.9733204, 0.084867656), (0.21317793, 0.9733204, 0.084867656), (0.21317793, 0.9733204, 0.084867656), (-0.14612494, 0.9880377, -0.049285647), (-0.14612494, 0.9880377, -0.049285647), (-0.14612494, 0.9880377, -0.049285647), (-0.24170904, 0.95022464, 0.19659561), (-0.24170904, 0.95022464, 0.19659561), (-0.24170904, 0.95022464, 0.19659561), (0.04248, 0.9933302, -0.10719447), (0.04248, 0.9933302, -0.10719447), (0.04248, 0.9933302, -0.10719447), (-0.067402944, 0.9952028, -0.07090963), (-0.067402944, 0.9952028, -0.07090963), (-0.067402944, 0.9952028, -0.07090963), (-0.0012115272, 0.9806851, 0.19558915), (-0.0012115272, 0.9806851, 0.19558915), (-0.0012115272, 0.9806851, 0.19558915), (0.18915951, 0.9808864, 0.04561457), (0.18915951, 0.9808864, 0.04561457), (0.18915951, 0.9808864, 0.04561457), (-0.16813143, 0.9475316, 0.27187452), (-0.16813143, 0.9475316, 0.27187452), (-0.16813143, 0.9475316, 0.27187452), (-0.0925027, 0.9953166, -0.028070923), (-0.0925027, 0.9953166, -0.028070923), (-0.0925027, 0.9953166, -0.028070923), (0.085955806, 0.9847084, -0.15152839), (0.085955806, 0.9847084, -0.15152839), (0.085955806, 0.9847084, -0.15152839), (0.07732507, 0.9892675, 0.123977676), (0.07732507, 0.9892675, 0.123977676), (0.07732507, 0.9892675, 0.123977676), (-0.11976236, 0.9866927, -0.109974064), (-0.11976236, 0.9866927, -0.109974064), (-0.11976236, 0.9866927, -0.109974064), (-0.12314645, 0.9835317, -0.13228814), (-0.12314645, 0.9835317, -0.13228814), (-0.12314645, 0.9835317, -0.13228814), (0.0027323181, 0.99846005, -0.055407546), (0.0027323181, 0.99846005, -0.055407546), (0.0027323181, 0.99846005, -0.055407546), (0.11058732, 0.99284256, 0.045101974), (0.11058732, 0.99284256, 0.045101974), (0.11058732, 0.99284256, 0.045101974), (0.12465644, 0.9799381, 0.15550579), (0.12465644, 0.9799381, 0.15550579), (0.12465644, 0.9799381, 0.15550579), (0.16926694, 0.9799089, 0.105485804), (0.16926694, 0.9799089, 0.105485804), (0.16926694, 0.9799089, 0.105485804), (-0.017929358, 0.99620664, -0.08515101), (-0.017929358, 0.99620664, -0.08515101), (-0.017929358, 0.99620664, -0.08515101), (-0.26959035, 0.96296805, 0.0037021225), (-0.26959035, 0.96296805, 0.0037021225), (-0.26959035, 0.96296805, 0.0037021225), (-0.0674143, 0.9794575, -0.19004814), (-0.0674143, 0.9794575, -0.19004814), (-0.0674143, 0.9794575, -0.19004814), (0.061395627, 0.9944706, -0.085199036), (0.061395627, 0.9944706, -0.085199036), (0.061395627, 0.9944706, -0.085199036), (0.08359209, 0.98769605, -0.13216963), (0.08359209, 0.98769605, -0.13216963), (0.08359209, 0.98769605, -0.13216963), (-0.18801133, 0.9815221, 0.035580803), (-0.18801133, 0.9815221, 0.035580803), (-0.18801133, 0.9815221, 0.035580803), (0.27809942, 0.95675385, -0.08534036), (0.27809942, 0.95675385, -0.08534036), (0.27809942, 0.95675385, -0.08534036), (-0.004646345, 0.96896446, 0.24715643), (-0.004646345, 0.96896446, 0.24715643), (-0.004646345, 0.96896446, 0.24715643), (-0.16957462, 0.9561788, 0.23867686), (-0.16957462, 0.9561788, 0.23867686), (-0.16957462, 0.9561788, 0.23867686), (-0.15188834, 0.96123254, 0.2301345), (-0.15188834, 0.96123254, 0.2301345), (0.10931869, 0.9918726, 0.06510163), (0.10931869, 0.9918726, 0.06510163), (0.10931869, 0.9918726, 0.06510163), (0.2698379, 0.9582804, 0.094266675), (0.2698379, 0.9582804, 0.094266675), (0.2698379, 0.9582804, 0.094266675), (-0.0678522, 0.9966102, 0.04652029), (-0.0678522, 0.9966102, 0.04652029), (-0.0678522, 0.9966102, 0.04652029), (-0.15016387, 0.9859827, 0.07272508), (-0.15016387, 0.9859827, 0.07272508), (-0.15016387, 0.9859827, 0.07272508), (-0.11302155, 0.9589434, -0.26010308), (-0.11302155, 0.9589434, -0.26010308), (-0.11302155, 0.9589434, -0.26010308), (-0.040018085, 0.99906105, -0.01659851), (-0.040018085, 0.99906105, -0.01659851), (-0.040018085, 0.99906105, -0.01659851), (-0.062811844, 0.9980254, 0.00019399909), (-0.062811844, 0.9980254, 0.00019399909), (-0.062811844, 0.9980254, 0.00019399909), (-0.059622165, 0.95541, 0.28920048), (-0.059622165, 0.95541, 0.28920048), (-0.059622165, 0.95541, 0.28920048), (0.07083082, 0.9958567, 0.057029527), (0.07083082, 0.9958567, 0.057029527), (0.07083082, 0.9958567, 0.057029527), (0.07838343, 0.9961922, 0.038172774), (0.07838343, 0.9961922, 0.038172774), (-0.062253673, 0.99717546, -0.0420186), (-0.062253673, 0.99717546, -0.0420186), (-0.062253673, 0.99717546, -0.0420186), (-0.11561466, 0.9721468, -0.20387232), (-0.11561466, 0.9721468, -0.20387232), (-0.11561466, 0.9721468, -0.20387232), (-0.16282815, 0.972877, 0.16430831), (-0.16282815, 0.972877, 0.16430831), (-0.16282815, 0.972877, 0.16430831), (-0.015340956, 0.9725266, -0.23228562), (-0.015340956, 0.9725266, -0.23228562), (-0.015340956, 0.9725266, -0.23228562), (-0.13529497, 0.9898633, -0.043197412), (-0.13529497, 0.9898633, -0.043197412), (-0.13529497, 0.9898633, -0.043197412), (-0.022599738, 0.9948537, 0.098770306), (-0.022599738, 0.9948537, 0.098770306), (-0.022599738, 0.9948537, 0.098770306), (0.10780776, 0.9728117, -0.20497504), (0.10780776, 0.9728117, -0.20497504), (0.10780776, 0.9728117, -0.20497504), (0.26078063, 0.954929, 0.14178877), (0.26078063, 0.954929, 0.14178877), (0.26078063, 0.954929, 0.14178877), (0.15971513, 0.98653907, 0.03509669), (0.15971513, 0.98653907, 0.03509669), (0.15971513, 0.98653907, 0.03509669), (0.12345743, 0.9871667, -0.10129214), (0.12345743, 0.9871667, -0.10129214), (0.12345743, 0.9871667, -0.10129214), (0.038297094, 0.98916817, 0.14170271), (0.038297094, 0.98916817, 0.14170271), (0.038297094, 0.98916817, 0.14170271), (0.038045812, 0.99484926, -0.09395372), (0.038045812, 0.99484926, -0.09395372), (0.038045812, 0.99484926, -0.09395372), (0.07538048, 0.97638, -0.20248412), (0.07538048, 0.97638, -0.20248412), (0.07538048, 0.97638, -0.20248412), (-0.10718757, 0.9565187, -0.27126154), (-0.10718757, 0.9565187, -0.27126154), (-0.10718757, 0.9565187, -0.27126154), (-0.07164142, 0.9528963, -0.29471368), (-0.07164142, 0.9528963, -0.29471368), (-0.13461433, 0.95289475, -0.27179146), (-0.13461433, 0.95289475, -0.27179146), (-0.13461433, 0.95289475, -0.27179146), (-0.12946042, 0.940485, -0.31421018), (-0.12946042, 0.940485, -0.31421018), (0.26218858, 0.9617871, -0.07888372), (0.26218858, 0.9617871, -0.07888372), (0.26218858, 0.9617871, -0.07888372), (0.13498431, 0.98467124, 0.11046191), (0.13498431, 0.98467124, 0.11046191), (0.13498431, 0.98467124, 0.11046191), (0.05308791, 0.99237716, 0.11121627), (0.05308791, 0.99237716, 0.11121627), (0.05308791, 0.99237716, 0.11121627), (-0.11396167, 0.99066424, -0.07481323), (-0.11396167, 0.99066424, -0.07481323), (-0.11396167, 0.99066424, -0.07481323), (0.06226134, 0.99368954, -0.09329852), (0.06226134, 0.99368954, -0.09329852), (0.06226134, 0.99368954, -0.09329852), (-0.13447301, 0.9895816, -0.051431168), (-0.13447301, 0.9895816, -0.051431168), (-0.13447301, 0.9895816, -0.051431168), (-0.022111606, 0.9617714, 0.27295947), (-0.022111606, 0.9617714, 0.27295947), (-0.022111606, 0.9617714, 0.27295947), (-0.03919307, 0.99351877, -0.10669674), (-0.03919307, 0.99351877, -0.10669674), (-0.03919307, 0.99351877, -0.10669674), (-0.189694, 0.9775808, 0.09138946), (-0.189694, 0.9775808, 0.09138946), (-0.189694, 0.9775808, 0.09138946), (-0.0590253, 0.9982102, 0.009609899), (-0.0590253, 0.9982102, 0.009609899), (-0.0590253, 0.9982102, 0.009609899), (-0.25604615, 0.96142584, 0.100502364), (-0.25604615, 0.96142584, 0.100502364), (-0.25604615, 0.96142584, 0.100502364), (0.03921159, 0.99911505, 0.015217936), (0.03921159, 0.99911505, 0.015217936), (0.03921159, 0.99911505, 0.015217936), (-0.15651911, 0.97590613, 0.15201668), (-0.15651911, 0.97590613, 0.15201668), (-0.15651911, 0.97590613, 0.15201668), (0.10074168, 0.99484444, -0.01164649), (0.10074168, 0.99484444, -0.01164649), (0.10074168, 0.99484444, -0.01164649), (0.068436675, 0.9969567, 0.037334517), (0.068436675, 0.9969567, 0.037334517), (0.068436675, 0.9969567, 0.037334517), (0.07402661, 0.9971379, 0.015364662), (0.07402661, 0.9971379, 0.015364662), (-0.0057340013, 0.96099234, -0.2765155), (-0.0057340013, 0.96099234, -0.2765155), (-0.0057340013, 0.96099234, -0.2765155), (-0.003273416, 0.9997886, -0.02030281), (-0.003273416, 0.9997886, -0.02030281), (-0.003273416, 0.9997886, -0.02030281), (-0.01222149, 0.99623245, -0.08585725), (-0.01222149, 0.99623245, -0.08585725), (-0.01222149, 0.99623245, -0.08585725), (-0.12244411, 0.9924736, -0.001927569), (-0.12244411, 0.9924736, -0.001927569), (-0.12244411, 0.9924736, -0.001927569), (-0.24128477, 0.9619145, 0.12846076), (-0.24128477, 0.9619145, 0.12846076), (-0.24128477, 0.9619145, 0.12846076), (-0.023518765, 0.99738914, -0.06827687), (-0.023518765, 0.99738914, -0.06827687), (-0.023518765, 0.99738914, -0.06827687), (-0.22164066, 0.9683851, -0.11447949), (-0.22164066, 0.9683851, -0.11447949), (-0.22164066, 0.9683851, -0.11447949), (0.05209156, 0.99590874, 0.073839806), (0.05209156, 0.99590874, 0.073839806), (0.05209156, 0.99590874, 0.073839806), (0.11045772, 0.94980496, 0.29269397), (0.11045772, 0.94980496, 0.29269397), (0.11045772, 0.94980496, 0.29269397), (0.09450429, 0.99245995, 0.07805298), (0.09450429, 0.99245995, 0.07805298), (0.09450429, 0.99245995, 0.07805298), (0.15205292, 0.98833525, 0.008567917), (0.15205292, 0.98833525, 0.008567917), (0.15205292, 0.98833525, 0.008567917), (-0.19758259, 0.98002625, -0.022578267), (-0.19758259, 0.98002625, -0.022578267), (-0.19758259, 0.98002625, -0.022578267), (0.13028823, 0.9906379, -0.04076292), (0.13028823, 0.9906379, -0.04076292), (0.13028823, 0.9906379, -0.04076292), (0.037597008, 0.9843933, 0.17191945), (0.037597008, 0.9843933, 0.17191945), (0.037597008, 0.9843933, 0.17191945), (-0.008521354, 0.9956404, 0.09288436), (-0.008521354, 0.9956404, 0.09288436), (-0.008521354, 0.9956404, 0.09288436), (0.19727154, 0.9750295, 0.10198657), (0.19727154, 0.9750295, 0.10198657), (0.19727154, 0.9750295, 0.10198657), (-0.078077756, 0.9965815, -0.027005589), (-0.078077756, 0.9965815, -0.027005589), (-0.078077756, 0.9965815, -0.027005589), (-0.08244538, 0.975372, -0.20457834), (-0.08244538, 0.975372, -0.20457834), (-0.08244538, 0.975372, -0.20457834), (0.16199806, 0.98165214, 0.10057704), (0.16199806, 0.98165214, 0.10057704), (0.16199806, 0.98165214, 0.10057704), (0.12113492, 0.9816928, -0.14698881), (0.12113492, 0.9816928, -0.14698881), (0.12113492, 0.9816928, -0.14698881), (0.18992175, 0.97647107, -0.102147475), (0.18992175, 0.97647107, -0.102147475), (0.18992175, 0.97647107, -0.102147475), (0.09060263, 0.979536, -0.17972314), (0.09060263, 0.979536, -0.17972314), (0.09060263, 0.979536, -0.17972314), (-0.20720956, 0.96379596, 0.16781393), (-0.20720956, 0.96379596, 0.16781393), (-0.20720956, 0.96379596, 0.16781393), (-0.07798236, 0.9773203, 0.1968851), (-0.07798236, 0.9773203, 0.1968851), (-0.07798236, 0.9773203, 0.1968851), (-0.21238278, 0.965102, 0.15320481), (-0.21238278, 0.965102, 0.15320481), (-0.21238278, 0.965102, 0.15320481), (-0.043112192, 0.9990068, -0.011265721), (-0.043112192, 0.9990068, -0.011265721), (-0.043112192, 0.9990068, -0.011265721), (0.06847989, 0.99367976, 0.08894346), (0.06847989, 0.99367976, 0.08894346), (0.06847989, 0.99367976, 0.08894346), (-0.023889722, 0.9797723, -0.19868416), (-0.023889722, 0.9797723, -0.19868416), (-0.023889722, 0.9797723, -0.19868416), (-0.19184567, 0.9789106, 0.07020952), (-0.19184567, 0.9789106, 0.07020952), (-0.19184567, 0.9789106, 0.07020952), (-0.16599621, 0.98410726, 0.06307286), (-0.16599621, 0.98410726, 0.06307286), (0.05978861, 0.9865514, 0.15212384), (0.05978861, 0.9865514, 0.15212384), (0.05978861, 0.9865514, 0.15212384), (0.0021832567, 0.9999349, 0.0111981705), (0.0021832567, 0.9999349, 0.0111981705), (0.0021832567, 0.9999349, 0.0111981705), (0.07995705, 0.99405164, -0.07394734), (0.07995705, 0.99405164, -0.07394734), (0.07995705, 0.99405164, -0.07394734), (0.19773728, 0.9566887, -0.21365128), (0.19773728, 0.9566887, -0.21365128), (0.19773728, 0.9566887, -0.21365128), (-0.12919609, 0.979077, 0.15721528), (-0.12919609, 0.979077, 0.15721528), (-0.12919609, 0.979077, 0.15721528), (-0.15476637, 0.9846165, 0.08110303), (-0.15476637, 0.9846165, 0.08110303), (-0.15476637, 0.9846165, 0.08110303), (-0.15732048, 0.9805705, 0.11718234), (-0.15732048, 0.9805705, 0.11718234), (-0.15732048, 0.9805705, 0.11718234), (-0.10937292, 0.9663988, 0.23261799), (-0.10937292, 0.9663988, 0.23261799), (-0.10937292, 0.9663988, 0.23261799), (-0.010352395, 0.9834446, 0.18091321), (-0.010352395, 0.9834446, 0.18091321), (-0.010352395, 0.9834446, 0.18091321), (0.24360533, 0.9635394, -0.11067129), (0.24360533, 0.9635394, -0.11067129), (0.24360533, 0.9635394, -0.11067129), (0.22396642, 0.9691473, 0.102919795), (0.22396642, 0.9691473, 0.102919795), (0.22396642, 0.9691473, 0.102919795), (0.12956505, 0.9913523, 0.020821754), (0.12956505, 0.9913523, 0.020821754), (0.12956505, 0.9913523, 0.020821754), (0.14242145, 0.98979455, -0.0047739823), (0.14242145, 0.98979455, -0.0047739823), (0.14242145, 0.98979455, -0.0047739823), (0.23718871, 0.93743867, -0.2548535), (0.23718871, 0.93743867, -0.2548535), (0.23718871, 0.93743867, -0.2548535), (-0.13569537, 0.9719986, 0.19184744), (-0.13569537, 0.9719986, 0.19184744), (-0.13569537, 0.9719986, 0.19184744), (0.12968676, 0.9680233, 0.21473758), (0.12968676, 0.9680233, 0.21473758), (0.12968676, 0.9680233, 0.21473758), (0.06000754, 0.98196214, 0.17930256), (0.06000754, 0.98196214, 0.17930256), (0.06000754, 0.98196214, 0.17930256), (0.09889288, 0.992466, 0.07232927), (0.09889288, 0.992466, 0.07232927), (0.09889288, 0.992466, 0.07232927), (0.20545563, 0.97506046, 0.0839345), (0.20545563, 0.97506046, 0.0839345), (0.20545563, 0.97506046, 0.0839345), (0.025395107, 0.98005325, 0.1971057), (0.025395107, 0.98005325, 0.1971057), (0.025395107, 0.98005325, 0.1971057), (0.2519915, 0.9677241, 0.0032091734), (0.2519915, 0.9677241, 0.0032091734), (0.2519915, 0.9677241, 0.0032091734), (0.014995959, 0.9994423, -0.029835695), (0.014995959, 0.9994423, -0.029835695), (0.014995959, 0.9994423, -0.029835695), (-0.16533025, 0.9831123, -0.07846139), (-0.16533025, 0.9831123, -0.07846139), (-0.16533025, 0.9831123, -0.07846139), (0.07987756, 0.9864944, 0.14299789), (0.07987756, 0.9864944, 0.14299789), (0.07987756, 0.9864944, 0.14299789), (-0.07451149, 0.9852695, -0.15392256), (-0.07451149, 0.9852695, -0.15392256), (-0.07451149, 0.9852695, -0.15392256), (0.10800988, 0.9823041, 0.15301171), (0.10800988, 0.9823041, 0.15301171), (0.10800988, 0.9823041, 0.15301171), (0.090471424, 0.9885026, 0.121151), (0.090471424, 0.9885026, 0.121151), (0.090471424, 0.9885026, 0.121151), (0.088394955, 0.9927757, -0.08113467), (0.088394955, 0.9927757, -0.08113467), (0.088394955, 0.9927757, -0.08113467), (0.041345313, 0.98771334, 0.15070815), (0.041345313, 0.98771334, 0.15070815), (0.041345313, 0.98771334, 0.15070815), (0.03357798, 0.99240595, 0.11833448), (0.03357798, 0.99240595, 0.11833448), (0.18620072, 0.9818178, 0.03691846), (0.18620072, 0.9818178, 0.03691846), (0.18620072, 0.9818178, 0.03691846), (0.11214969, 0.99126595, -0.06938424), (0.11214969, 0.99126595, -0.06938424), (0.11214969, 0.99126595, -0.06938424), (0.20373648, 0.97822064, 0.039696895), (0.20373648, 0.97822064, 0.039696895), (0.20373648, 0.97822064, 0.039696895), (0.121323764, 0.98591566, 0.11511202), (0.121323764, 0.98591566, 0.11511202), (0.121323764, 0.98591566, 0.11511202), (0.047560427, 0.99215806, -0.1155873), (0.047560427, 0.99215806, -0.1155873), (0.047560427, 0.99215806, -0.1155873), (-0.040580396, 0.997218, 0.06252486), (-0.040580396, 0.997218, 0.06252486), (-0.040580396, 0.997218, 0.06252486), (0.08408224, 0.9959189, -0.032798965), (0.08408224, 0.9959189, -0.032798965), (0.08408224, 0.9959189, -0.032798965), (-0.0026703044, 0.9999889, -0.0038896536), (-0.0026703044, 0.9999889, -0.0038896536), (-0.0026703044, 0.9999889, -0.0038896536), (0.0634226, 0.9958683, -0.06499089), (0.0634226, 0.9958683, -0.06499089), (0.0634226, 0.9958683, -0.06499089), (0.070559315, 0.9961457, 0.05210574), (0.070559315, 0.9961457, 0.05210574), (0.070559315, 0.9961457, 0.05210574), (0.082834154, 0.9960115, -0.03316123), (0.082834154, 0.9960115, -0.03316123), (0.082834154, 0.9960115, -0.03316123), (0.083710395, 0.9964635, 0.007295485), (0.059062485, 0.99825126, -0.0024288255), (0.08369302, 0.99646497, 0.007286509), (0.08369302, 0.99646497, 0.007286509), (0.15498066, 0.9879147, -0.0023603027), (0.15498066, 0.9879147, -0.0023603027), (0.15498066, 0.9879147, -0.0023603027), (0.16000675, 0.9865145, -0.034452237), (0.16000675, 0.9865145, -0.034452237), (0.13422045, 0.9896925, 0.04993531), (0.13422045, 0.9896925, 0.04993531), (0.13422045, 0.9896925, 0.04993531), (0.054541644, 0.9973168, 0.048830926), (0.054541644, 0.9973168, 0.048830926), (0.054541644, 0.9973168, 0.048830926), (0.058523133, 0.98709065, 0.14908786), (0.058523133, 0.98709065, 0.14908786), (0.058523133, 0.98709065, 0.14908786), (0.060628206, 0.99816006, 0.000886083), (0.060628206, 0.99816006, 0.000886083), (0.060628206, 0.99816006, 0.000886083), (0.01904337, 0.99969673, 0.015615016), (0.01904337, 0.99969673, 0.015615016), (0.01904337, 0.99969673, 0.015615016), (0.031355627, 0.99950826, 0.00037733093), (-0.014313182, 0.99941945, -0.030915774), (-0.014309845, 0.9994199, -0.03090479), (-0.014309845, 0.9994199, -0.03090479), (0.02565738, 0.99967, 0.001181477), (0.02565738, 0.99967, 0.001181477), (0.06480439, 0.99779344, -0.014446824), (0.06479385, 0.99779415, -0.014442498), (0.06478041, 0.9977951, -0.014436362), (0.105835274, 0.9942443, 0.016652659), (0.105835274, 0.9942443, 0.016652659), (0.105835274, 0.9942443, 0.016652659), (0.092736654, 0.9952577, 0.029359456), (0.092736654, 0.9952577, 0.029359456), (0.092736654, 0.9952577, 0.029359456), (0.018092548, 0.9998363, -0.00010959244), (0.018092548, 0.9998363, -0.00010959244), (0.018092548, 0.9998363, -0.00010959244), (0.16574003, 0.9861691, 0.0008996662), (0.16574003, 0.9861691, 0.0008996662), (0.16574003, 0.9861691, 0.0008996662), (-0.021196216, 0.99957126, 0.020196272), (-0.021196216, 0.99957126, 0.020196272), (-0.021196216, 0.99957126, 0.020196272), (-0.11629426, 0.9932138, 0.0014044575), (-0.11629426, 0.9932138, 0.0014044575), (-0.11629426, 0.9932138, 0.0014044575), (-0.06961518, 0.9974348, -0.016661385), (-0.06961518, 0.9974348, -0.016661385), (-0.06961518, 0.9974348, -0.016661385), (-0.07083675, 0.99746823, -0.0062664105), (-0.07083675, 0.99746823, -0.0062664105), (-0.07083675, 0.99746823, -0.0062664105), (-0.08040314, 0.9966086, 0.01751242), (-0.08040314, 0.9966086, 0.01751242), (-0.073987275, 0.99691653, -0.026140109), (-0.073987275, 0.99691653, -0.026140109), (-0.073987275, 0.99691653, -0.026140109), (-0.08696967, 0.99473405, 0.05422712), (-0.08696967, 0.99473405, 0.05422712), (-0.08696967, 0.99473405, 0.05422712), (-0.19168209, 0.9814569, 0.00067362725), (-0.19168209, 0.9814569, 0.00067362725), (-0.19168209, 0.9814569, 0.00067362725), (-0.15648574, 0.9876254, -0.010397556), (-0.15648574, 0.9876254, -0.010397556), (-0.19710353, 0.9779335, 0.06925525), (-0.19710353, 0.9779335, 0.06925525), (-0.19710353, 0.9779335, 0.06925525), (-0.25989032, 0.9651559, 0.030513318), (-0.25989032, 0.9651559, 0.030513318), (-0.25989032, 0.9651559, 0.030513318), (-0.29468396, 0.9385322, -0.17977418), (-0.29468396, 0.9385322, -0.17977418), (-0.29468396, 0.9385322, -0.17977418), (-0.22286515, 0.9731131, 0.05815425), (-0.22286515, 0.9731131, 0.05815425), (-0.22286515, 0.9731131, 0.05815425), (-0.10466931, 0.993929, 0.033903785), (-0.10466931, 0.993929, 0.033903785), (-0.10466931, 0.993929, 0.033903785), (-0.013891402, 0.9980866, -0.060251467), (-0.013891402, 0.9980866, -0.060251467), (-0.013891402, 0.9980866, -0.060251467), (-0.15749365, 0.98677003, -0.038479615), (-0.15749365, 0.98677003, -0.038479615), (-0.15749365, 0.98677003, -0.038479615), (-0.059217315, 0.9895734, 0.13129261), (-0.059217315, 0.9895734, 0.13129261), (-0.059217315, 0.9895734, 0.13129261), (-0.29380643, 0.9501084, 0.104746476), (-0.29380643, 0.9501084, 0.104746476), (-0.29380643, 0.9501084, 0.104746476), (-0.18395087, 0.9828691, -0.0114179095), (-0.18395087, 0.9828691, -0.0114179095), (-0.18395087, 0.9828691, -0.0114179095), (-0.20458041, 0.9769224, -0.061395597), (-0.20458041, 0.9769224, -0.061395597), (-0.20458041, 0.9769224, -0.061395597), (-0.068326764, 0.99122494, -0.11315668), (-0.068326764, 0.99122494, -0.11315668), (-0.068326764, 0.99122494, -0.11315668), (-0.15292326, 0.98615915, -0.06406644), (-0.15292326, 0.98615915, -0.06406644), (-0.15292326, 0.98615915, -0.06406644), (-0.33037534, 0.93706155, -0.11299471), (-0.33037534, 0.93706155, -0.11299471), (-0.33037534, 0.93706155, -0.11299471), (-0.15159933, 0.98721886, 0.04915974), (-0.15159933, 0.98721886, 0.04915974), (-0.15159933, 0.98721886, 0.04915974), (-0.2652712, 0.9625542, -0.05586242), (-0.2652712, 0.9625542, -0.05586242), (-0.2652712, 0.9625542, -0.05586242), (-0.050180785, 0.9880046, -0.14604384), (-0.050180785, 0.9880046, -0.14604384), (-0.050180785, 0.9880046, -0.14604384), (-0.0069346973, 0.9969632, 0.07756459), (-0.0069346973, 0.9969632, 0.07756459), (-0.0069346973, 0.9969632, 0.07756459), (0.007836583, 0.9963857, 0.08458195), (0.007836583, 0.9963857, 0.08458195), (-0.2595902, 0.9553347, 0.14123908), (-0.2595902, 0.9553347, 0.14123908), (-0.2595902, 0.9553347, 0.14123908), (-0.009071611, 0.9997464, -0.020611381), (-0.009071611, 0.9997464, -0.020611381), (-0.009071611, 0.9997464, -0.020611381), (-0.2310882, 0.9699248, 0.07644658), (-0.2310882, 0.9699248, 0.07644658), (-0.2310882, 0.9699248, 0.07644658), (-0.22126564, 0.9529462, -0.20720793), (-0.22126564, 0.9529462, -0.20720793), (-0.22126564, 0.9529462, -0.20720793), (-0.06224942, 0.98999816, -0.12660468), (-0.06224942, 0.98999816, -0.12660468), (-0.06224942, 0.98999816, -0.12660468), (-0.20639727, 0.95107675, -0.22989836), (-0.20639727, 0.95107675, -0.22989836), (-0.20639727, 0.95107675, -0.22989836), (-0.3236174, 0.93023306, -0.17302677), (-0.3236174, 0.93023306, -0.17302677), (-0.3236174, 0.93023306, -0.17302677), (-0.04304804, 0.97698474, -0.20892021), (-0.04304804, 0.97698474, -0.20892021), (-0.04304804, 0.97698474, -0.20892021), (-0.039524637, 0.98902917, -0.14233439), (-0.039524637, 0.98902917, -0.14233439), (-0.039524637, 0.98902917, -0.14233439), (-0.13571541, 0.9621762, -0.23621663), (-0.13571541, 0.9621762, -0.23621663), (-0.13571541, 0.9621762, -0.23621663), (-0.2086476, 0.9770454, 0.042995032), (-0.2086476, 0.9770454, 0.042995032), (-0.2086476, 0.9770454, 0.042995032), (-0.20540053, 0.97609156, -0.0711045), (-0.20540053, 0.97609156, -0.0711045), (-0.20540053, 0.97609156, -0.0711045), (-0.18785007, 0.9767099, 0.10368219), (-0.18785007, 0.9767099, 0.10368219), (-0.18785007, 0.9767099, 0.10368219), (-0.23035403, 0.97170347, 0.052243587), (-0.23035403, 0.97170347, 0.052243587), (-0.23035403, 0.97170347, 0.052243587), (-0.29119456, 0.95595527, -0.036814414), (-0.29119456, 0.95595527, -0.036814414), (-0.29119456, 0.95595527, -0.036814414), (-0.21217215, 0.97719145, 0.008939745), (-0.21217215, 0.97719145, 0.008939745), (-0.21217215, 0.97719145, 0.008939745), (-0.19605689, 0.9659529, -0.1688095), (-0.19605689, 0.9659529, -0.1688095), (-0.19605689, 0.9659529, -0.1688095), (-0.08313985, 0.9889234, 0.122956514), (-0.08313985, 0.9889234, 0.122956514), (-0.08313985, 0.9889234, 0.122956514), (-0.0077995607, 0.99038774, -0.13809869), (-0.0077995607, 0.99038774, -0.13809869), (-0.0077995607, 0.99038774, -0.13809869), (0.0069627296, 0.9873143, -0.15862557), (0.0069627296, 0.9873143, -0.15862557), (0.0069627296, 0.9873143, -0.15862557), (-0.1263586, 0.9854807, 0.11340751), (-0.1263586, 0.9854807, 0.11340751), (-0.1263586, 0.9854807, 0.11340751), (-0.026896512, 0.9457771, -0.32370088), (-0.026896512, 0.9457771, -0.32370088), (-0.026896512, 0.9457771, -0.32370088), (0.07939435, 0.98509914, -0.15256546), (0.07939435, 0.98509914, -0.15256546), (0.07939435, 0.98509914, -0.15256546), (0.0017680008, 0.99979466, 0.020188402), (0.0017680008, 0.99979466, 0.020188402), (0.0017680008, 0.99979466, 0.020188402), (-0.16944298, 0.98521036, 0.02548653), (-0.16944298, 0.98521036, 0.02548653), (-0.16944298, 0.98521036, 0.02548653), (-0.11176131, 0.99368334, -0.010135971), (-0.11176131, 0.99368334, -0.010135971), (-0.11176131, 0.99368334, -0.010135971), (-0.21123825, 0.9681778, 0.13420217), (-0.21123825, 0.9681778, 0.13420217), (-0.21123825, 0.9681778, 0.13420217), (-0.13519605, 0.99023205, 0.034097176), (-0.13519605, 0.99023205, 0.034097176), (-0.13519605, 0.99023205, 0.034097176), (0.07585563, 0.982457, 0.17036445), (0.07585563, 0.982457, 0.17036445), (0.07585563, 0.982457, 0.17036445), (-0.13801114, 0.95393527, 0.26638415), (-0.13801114, 0.95393527, 0.26638415), (-0.13801114, 0.95393527, 0.26638415), (-0.08064561, 0.99396414, 0.0743753), (-0.08064561, 0.99396414, 0.0743753), (-0.08064561, 0.99396414, 0.0743753), (0.11770053, 0.986914, -0.11021534), (0.11770053, 0.986914, -0.11021534), (0.11770053, 0.986914, -0.11021534), (0.10664763, 0.9671221, -0.23087028), (0.10664763, 0.9671221, -0.23087028), (0.10664763, 0.9671221, -0.23087028), (0.12211707, 0.9914097, 0.046842422), (0.12211707, 0.9914097, 0.046842422), (0.12211707, 0.9914097, 0.046842422), (0.021637598, 0.99097776, 0.13226868), (0.021637598, 0.99097776, 0.13226868), (0.021637598, 0.99097776, 0.13226868), (-0.20605114, 0.9777926, -0.038268417), (-0.20605114, 0.9777926, -0.038268417), (-0.20605114, 0.9777926, -0.038268417), (0.008762048, 0.9651187, 0.26166612), (0.008762048, 0.9651187, 0.26166612), (0.008762048, 0.9651187, 0.26166612), (0.066738084, 0.9378302, 0.34061778), (0.066738084, 0.9378302, 0.34061778), (0.066738084, 0.9378302, 0.34061778), (0.13225876, 0.92986417, 0.34330776), (0.13225876, 0.92986417, 0.34330776), (0.13225876, 0.92986417, 0.34330776), (-0.1302687, 0.9742498, -0.18403147), (-0.1302687, 0.9742498, -0.18403147), (-0.1302687, 0.9742498, -0.18403147), (0.02973435, 0.99316347, 0.11288113), (0.02973435, 0.99316347, 0.11288113), (0.02973435, 0.99316347, 0.11288113), (-0.0030813988, 0.9932863, 0.115641095), (-0.002754936, 0.9929033, 0.11889219), (-0.0025298602, 0.9926946, 0.12062805), (-0.0025270313, 0.9926968, 0.12060925), (-0.1230694, 0.98222613, 0.14172395), (-0.1230694, 0.98222613, 0.14172395), (-0.1230694, 0.98222613, 0.14172395), (0.14746778, 0.98717195, -0.06119426), (0.14746778, 0.98717195, -0.06119426), (0.14746778, 0.98717195, -0.06119426), (-0.062523715, 0.99254954, -0.104576506), (-0.062523715, 0.99254954, -0.104576506), (-0.062523715, 0.99254954, -0.104576506), (-0.07972974, 0.9616611, -0.26239505), (-0.07972974, 0.9616611, -0.26239505), (-0.07972974, 0.9616611, -0.26239505), (0.10851821, 0.9637441, -0.2437642), (0.10851821, 0.9637441, -0.2437642), (0.10851821, 0.9637441, -0.2437642), (-0.13041615, 0.9908021, 0.03609359), (-0.13041615, 0.9908021, 0.03609359), (-0.13041615, 0.9908021, 0.03609359), (0.22091901, 0.9615051, 0.16340959), (0.22091901, 0.9615051, 0.16340959), (0.22091901, 0.9615051, 0.16340959), (0.095124006, 0.99093115, 0.094903596), (0.095124006, 0.99093115, 0.094903596), (0.095124006, 0.99093115, 0.094903596), (-0.19498232, 0.98042804, -0.0272514), (-0.19498232, 0.98042804, -0.0272514), (-0.19498232, 0.98042804, -0.0272514), (0.080065206, 0.97278327, -0.21744499), (0.080065206, 0.97278327, -0.21744499), (0.080065206, 0.97278327, -0.21744499), (-0.15722144, 0.98135734, -0.11054119), (-0.15722144, 0.98135734, -0.11054119), (-0.15722144, 0.98135734, -0.11054119), (0.08159995, 0.9582634, -0.27399406), (0.08159995, 0.9582634, -0.27399406), (0.08159995, 0.9582634, -0.27399406), (0.0071698776, 0.99994123, -0.008133573), (0.0071698776, 0.99994123, -0.008133573), (0.0071698776, 0.99994123, -0.008133573), (0.1340221, 0.99092734, 0.010057811), (0.1340221, 0.99092734, 0.010057811), (0.1340221, 0.99092734, 0.010057811), (-0.15323879, 0.9754274, -0.15830138), (-0.15323879, 0.9754274, -0.15830138), (-0.15323879, 0.9754274, -0.15830138), (0.2938029, 0.9508447, 0.097847186), (0.2938029, 0.9508447, 0.097847186), (0.2938029, 0.9508447, 0.097847186), (-0.15670486, 0.9840381, 0.08433637), (-0.15670486, 0.9840381, 0.08433637), (-0.15670486, 0.9840381, 0.08433637), (-0.08365806, 0.9953621, -0.04749468), (-0.08365806, 0.9953621, -0.04749468), (-0.08365806, 0.9953621, -0.04749468), (-0.05164282, 0.9978795, 0.039618067), (-0.05164282, 0.9978795, 0.039618067), (-0.05164282, 0.9978795, 0.039618067), (-0.117627144, 0.9923971, 0.03621945), (-0.117627144, 0.9923971, 0.03621945), (-0.117627144, 0.9923971, 0.03621945), (0.00548383, 0.9869429, -0.16097732), (0.00548383, 0.9869429, -0.16097732), (0.00548383, 0.9869429, -0.16097732), (0.11338864, 0.9928772, -0.03657725), (0.11338864, 0.9928772, -0.03657725), (0.11338864, 0.9928772, -0.03657725), (0.20297746, 0.9791834, -0.00048669477), (0.20297746, 0.9791834, -0.00048669477), (0.20297746, 0.9791834, -0.00048669477), (0.18407941, 0.940795, -0.2846392), (0.18407941, 0.940795, -0.2846392), (0.18407941, 0.940795, -0.2846392), (0.18635581, 0.9823961, 0.013015892), (0.18635581, 0.9823961, 0.013015892), (0.18635581, 0.9823961, 0.013015892), (-0.05924853, 0.980682, 0.18641968), (-0.05924853, 0.980682, 0.18641968), (-0.05924853, 0.980682, 0.18641968), (-0.054610357, 0.9868716, -0.151994), (-0.054610357, 0.9868716, -0.151994), (-0.054610357, 0.9868716, -0.151994), (0.071026534, 0.9966394, 0.0408073), (0.071026534, 0.9966394, 0.0408073), (0.071026534, 0.9966394, 0.0408073), (-0.061776973, 0.9918582, 0.111359574), (-0.061776973, 0.9918582, 0.111359574), (-0.061776973, 0.9918582, 0.111359574), (0.036901552, 0.99449325, -0.098089755), (0.036901552, 0.99449325, -0.098089755), (0.036901552, 0.99449325, -0.098089755), (0.027257506, 0.99689865, -0.073825), (0.027257506, 0.99689865, -0.073825), (0.027257506, 0.99689865, -0.073825), (0.030193033, 0.99571145, -0.08744752), (0.030193033, 0.99571145, -0.08744752), (0.18643226, 0.96745527, -0.17109437), (0.18643226, 0.96745527, -0.17109437), (0.18643226, 0.96745527, -0.17109437), (-0.058755912, 0.9914049, -0.116893604), (-0.058755912, 0.9914049, -0.116893604), (-0.058755912, 0.9914049, -0.116893604), (0.0037176767, 0.99419, -0.10757563), (0.0037176767, 0.99419, -0.10757563), (0.0037176767, 0.99419, -0.10757563), (0.05246485, 0.99117446, -0.12173976), (0.05246485, 0.99117446, -0.12173976), (0.05246485, 0.99117446, -0.12173976), (0.014299059, 0.9681134, -0.25010365), (0.014299059, 0.9681134, -0.25010365), (0.014299059, 0.9681134, -0.25010365), (0.06047555, 0.9857013, -0.1572757), (0.06047555, 0.9857013, -0.1572757), (0.06047555, 0.9857013, -0.1572757), (0.01388346, 0.9963475, -0.08425463), (0.01388346, 0.9963475, -0.08425463), (0.01388346, 0.9963475, -0.08425463), (0.037806086, 0.99918514, -0.014134073), (0.037806086, 0.99918514, -0.014134073), (0.037806086, 0.99918514, -0.014134073), (-0.12607959, 0.9913658, -0.036024954), (-0.12607959, 0.9913658, -0.036024954), (-0.12607959, 0.9913658, -0.036024954), (0.18048595, 0.94222105, 0.28221312), (0.18048595, 0.94222105, 0.28221312), (0.18048595, 0.94222105, 0.28221312), (-0.2083459, 0.9648554, 0.16014421), (-0.2083459, 0.9648554, 0.16014421), (-0.2083459, 0.9648554, 0.16014421), (-0.12750454, 0.9515528, 0.27980345), (-0.12750454, 0.9515528, 0.27980345), (-0.12750454, 0.9515528, 0.27980345), (0.11226675, 0.9776038, -0.17800866), (0.11226675, 0.9776038, -0.17800866), (0.11226675, 0.9776038, -0.17800866), (0.24312069, 0.9690185, 0.043535665), (0.24312069, 0.9690185, 0.043535665), (0.24312069, 0.9690185, 0.043535665), (0.23633088, 0.96735406, -0.09150905), (0.23633088, 0.96735406, -0.09150905), (0.23633088, 0.96735406, -0.09150905), (-0.030976787, 0.99813277, -0.05264593), (-0.030976787, 0.99813277, -0.05264593), (-0.030976787, 0.99813277, -0.05264593), (-0.1163638, 0.9863846, -0.11621052), (-0.1163638, 0.9863846, -0.11621052), (-0.1163638, 0.9863846, -0.11621052), (-0.14245251, 0.9838477, 0.10840218), (-0.14245251, 0.9838477, 0.10840218), (-0.14245251, 0.9838477, 0.10840218), (0.45878315, 0.87995404, -0.12328391), (0.45878315, 0.87995404, -0.12328391), (0.45878315, 0.87995404, -0.12328391), (-0.02831427, 0.97471005, 0.22167242), (-0.02831427, 0.97471005, 0.22167242), (-0.02831427, 0.97471005, 0.22167242), (-0.05653954, 0.9833135, -0.17291029), (-0.05653954, 0.9833135, -0.17291029), (-0.05653954, 0.9833135, -0.17291029), (0.02373121, 0.9996151, 0.014368672), (0.02373121, 0.9996151, 0.014368672), (0.02373121, 0.9996151, 0.014368672), (-0.008459971, 0.9993449, 0.035188377), (-0.008459971, 0.9993449, 0.035188377), (-0.008459971, 0.9993449, 0.035188377), (-0.13107888, 0.9538757, -0.27007326), (-0.13107888, 0.9538757, -0.27007326), (-0.13107888, 0.9538757, -0.27007326), (0.110328384, 0.96766776, 0.22681919), (0.110328384, 0.96766776, 0.22681919), (0.110328384, 0.96766776, 0.22681919), (0.096175514, 0.99013585, -0.10188908), (0.096175514, 0.99013585, -0.10188908), (0.096175514, 0.99013585, -0.10188908), (0.13687748, 0.9902683, 0.02516752), (0.13687748, 0.9902683, 0.02516752), (0.13687748, 0.9902683, 0.02516752), (0.14242184, 0.9804701, 0.13562621), (0.14242184, 0.9804701, 0.13562621), (0.14242184, 0.9804701, 0.13562621), (0.11786761, 0.9431571, -0.31074432), (0.11786761, 0.9431571, -0.31074432), (0.11786761, 0.9431571, -0.31074432), (-0.022200825, 0.97535366, 0.21952781), (-0.022200825, 0.97535366, 0.21952781), (-0.022200825, 0.97535366, 0.21952781), (0.04203017, 0.9334466, 0.35624567), (0.04203017, 0.9334466, 0.35624567), (0.04203017, 0.9334466, 0.35624567), (0.018909931, 0.9939241, -0.10843083), (0.018909931, 0.9939241, -0.10843083), (0.018909931, 0.9939241, -0.10843083), (-0.053565178, 0.9982529, -0.024937728), (-0.053565178, 0.9982529, -0.024937728), (-0.053565178, 0.9982529, -0.024937728), (-0.032007653, 0.98342556, -0.17846495), (-0.032007653, 0.98342556, -0.17846495), (-0.032007653, 0.98342556, -0.17846495), (-0.094432645, 0.9789489, -0.18094653), (-0.094432645, 0.9789489, -0.18094653), (-0.094432645, 0.9789489, -0.18094653), (0.2167684, 0.9429011, 0.25288135), (0.2167684, 0.9429011, 0.25288135), (0.2167684, 0.9429011, 0.25288135), (0.23895705, 0.9586688, -0.15444608), (0.23895705, 0.9586688, -0.15444608), (0.23895705, 0.9586688, -0.15444608), (-0.055942796, 0.99841523, -0.0061123054), (-0.055942796, 0.99841523, -0.0061123054), (-0.055942796, 0.99841523, -0.0061123054), (0.08308972, 0.986217, -0.14308095), (0.08308972, 0.986217, -0.14308095), (0.08308972, 0.986217, -0.14308095), (0.12755373, 0.9901985, -0.05689502), (0.12755373, 0.9901985, -0.05689502), (0.12755373, 0.9901985, -0.05689502), (0.11174136, 0.9832827, -0.14376698), (0.11174136, 0.9832827, -0.14376698), (0.11174136, 0.9832827, -0.14376698), (0.17547233, 0.98118156, 0.080573164), (0.17547233, 0.98118156, 0.080573164), (0.17547233, 0.98118156, 0.080573164), (-0.07128666, 0.997299, -0.017688666), (-0.07128666, 0.997299, -0.017688666), (-0.07128666, 0.997299, -0.017688666), (0.017397301, 0.9998265, 0.0066660326), (0.017397301, 0.9998265, 0.0066660326), (0.017397301, 0.9998265, 0.0066660326), (-0.030965384, 0.9629589, -0.2678646), (-0.030965384, 0.9629589, -0.2678646), (-0.030965384, 0.9629589, -0.2678646), (0.3364084, 0.9207063, 0.19781135), (0.3364084, 0.9207063, 0.19781135), (0.3364084, 0.9207063, 0.19781135), (-0.12728143, 0.98858273, 0.08064517), (-0.12728143, 0.98858273, 0.08064517), (-0.12728143, 0.98858273, 0.08064517), (-0.08646234, 0.994463, 0.059729952), (-0.08646234, 0.994463, 0.059729952), (0.071137995, 0.99742067, -0.009563433), (0.071137995, 0.99742067, -0.009563433), (0.071137995, 0.99742067, -0.009563433), (-0.14257541, 0.9895726, 0.020455321), (-0.14257541, 0.9895726, 0.020455321), (-0.14257541, 0.9895726, 0.020455321), (0.23463263, 0.9641503, -0.123942435), (0.23463263, 0.9641503, -0.123942435), (0.23463263, 0.9641503, -0.123942435), (-0.026052684, 0.97950727, 0.19971652), (-0.026052684, 0.97950727, 0.19971652), (-0.026052684, 0.97950727, 0.19971652), (-0.1673975, 0.98557544, -0.024880795), (-0.1673975, 0.98557544, -0.024880795), (-0.1673975, 0.98557544, -0.024880795), (0.3374194, 0.9387436, -0.070060916), (0.3374194, 0.9387436, -0.070060916), (0.3374194, 0.9387436, -0.070060916), (0.17530887, 0.9759675, 0.12943749), (0.17530887, 0.9759675, 0.12943749), (0.17530887, 0.9759675, 0.12943749), (-0.11259989, 0.99106395, 0.07150956), (-0.11259989, 0.99106395, 0.07150956), (-0.11259989, 0.99106395, 0.07150956), (0.24392371, 0.9612293, 0.12860544), (0.24392371, 0.9612293, 0.12860544), (0.24392371, 0.9612293, 0.12860544), (-0.25777945, 0.96201473, 0.089873925), (-0.25777945, 0.96201473, 0.089873925), (-0.25777945, 0.96201473, 0.089873925), (-0.05673336, 0.99832076, -0.011703761), (-0.05673336, 0.99832076, -0.011703761), (-0.05673336, 0.99832076, -0.011703761), (-0.03508689, 0.99628097, -0.078697), (-0.03508689, 0.99628097, -0.078697), (-0.03508689, 0.99628097, -0.078697), (0.030825267, 0.99548435, 0.08978221), (0.030825267, 0.99548435, 0.08978221), (0.030825267, 0.99548435, 0.08978221), (0.07499348, 0.99072826, 0.113285504), (0.07499348, 0.99072826, 0.113285504), (0.07499348, 0.99072826, 0.113285504), (0.038373996, 0.9988049, -0.030269107), (0.038373996, 0.9988049, -0.030269107), (0.038373996, 0.9988049, -0.030269107), (0.22545935, 0.9681663, -0.10873012), (0.22545935, 0.9681663, -0.10873012), (0.22545935, 0.9681663, -0.10873012), (0.09395249, 0.99091256, -0.09625592), (0.09395249, 0.99091256, -0.09625592), (0.09395249, 0.99091256, -0.09625592), (0.006615551, 0.9850209, -0.17230806), (0.006615551, 0.9850209, -0.17230806), (0.006615551, 0.9850209, -0.17230806), (0.0064953216, 0.998844, -0.047626846), (0.0064953216, 0.998844, -0.047626846), (0.0064953216, 0.998844, -0.047626846), (0.098305434, 0.9834554, 0.15215635), (0.098305434, 0.9834554, 0.15215635), (0.098305434, 0.9834554, 0.15215635), (0.012830461, 0.965762, -0.25911236), (0.012830461, 0.965762, -0.25911236), (0.012830461, 0.965762, -0.25911236), (0.05556707, 0.9117101, -0.40705895), (0.05556707, 0.9117101, -0.40705895), (0.05556707, 0.9117101, -0.40705895), (0.10749601, 0.9759443, 0.18967693), (0.10749601, 0.9759443, 0.18967693), (0.10749601, 0.9759443, 0.18967693), (0.2625879, 0.95619667, -0.12936604), (0.2625879, 0.95619667, -0.12936604), (0.2625879, 0.95619667, -0.12936604), (0.12642817, 0.96769476, 0.21813498), (0.12642817, 0.96769476, 0.21813498), (0.12642817, 0.96769476, 0.21813498), (-0.096484445, 0.9662687, 0.23877908), (-0.096484445, 0.9662687, 0.23877908), (-0.096484445, 0.9662687, 0.23877908), (-0.13910511, 0.9777584, -0.15696535), (-0.13910511, 0.9777584, -0.15696535), (-0.13910511, 0.9777584, -0.15696535), (-0.107425004, 0.9881071, -0.11001979), (-0.107425004, 0.9881071, -0.11001979), (-0.107425004, 0.9881071, -0.11001979), (0.12094533, 0.9866649, -0.10892521), (0.12094533, 0.9866649, -0.10892521), (0.12094533, 0.9866649, -0.10892521), (0.06120052, 0.97350806, 0.22030997), (0.06120052, 0.97350806, 0.22030997), (0.06120052, 0.97350806, 0.22030997), (-0.138691, 0.9753963, -0.17136797), (-0.138691, 0.9753963, -0.17136797), (-0.138691, 0.9753963, -0.17136797), (-0.20144294, 0.97942, -0.012534691), (-0.20144294, 0.97942, -0.012534691), (-0.20144294, 0.97942, -0.012534691), (0.031338565, 0.99650586, -0.077421665), (0.031338565, 0.99650586, -0.077421665), (0.031338565, 0.99650586, -0.077421665), (-0.02810938, 0.98262537, -0.18345873), (-0.02810938, 0.98262537, -0.18345873), (-0.02810938, 0.98262537, -0.18345873), (0.1299266, 0.9863593, 0.10106683), (0.1299266, 0.9863593, 0.10106683), (0.1299266, 0.9863593, 0.10106683), (0.10296923, 0.994402, 0.023709014), (0.10296923, 0.994402, 0.023709014), (0.10296923, 0.994402, 0.023709014), (0.1362657, 0.97332984, 0.1845558), (0.1362657, 0.97332984, 0.1845558), (0.1362657, 0.97332984, 0.1845558), (0.17045863, 0.9521045, -0.2538524), (0.17045863, 0.9521045, -0.2538524), (0.17045863, 0.9521045, -0.2538524), (0.10687791, 0.9883675, -0.10819753), (0.10687791, 0.9883675, -0.10819753), (0.10687791, 0.9883675, -0.10819753), (0.23255624, 0.931415, -0.27997088), (0.23255624, 0.931415, -0.27997088), (0.23255624, 0.931415, -0.27997088), (0.21929805, 0.9720623, -0.08368525), (0.21929805, 0.9720623, -0.08368525), (0.21929805, 0.9720623, -0.08368525), (-0.000649777, 0.99899524, -0.044810593), (-0.000649777, 0.99899524, -0.044810593), (-0.000649777, 0.99899524, -0.044810593), (-0.23442332, 0.95322156, -0.19082557), (-0.23442332, 0.95322156, -0.19082557), (-0.23442332, 0.95322156, -0.19082557), (-0.03206182, 0.99603134, -0.08302778), (-0.03206182, 0.99603134, -0.08302778), (-0.03206182, 0.99603134, -0.08302778), (0.16865839, 0.9855511, -0.01560155), (0.16865839, 0.9855511, -0.01560155), (0.16865839, 0.9855511, -0.01560155), (0.280162, 0.94933665, 0.14236996), (0.280162, 0.94933665, 0.14236996), (0.280162, 0.94933665, 0.14236996), (0.2579064, 0.9608167, -0.10156619), (0.2579064, 0.9608167, -0.10156619), (0.2579064, 0.9608167, -0.10156619), (-0.17967202, 0.9820638, -0.057173166), (-0.17967202, 0.9820638, -0.057173166), (-0.17967202, 0.9820638, -0.057173166), (0.28528696, 0.9552841, 0.07774044), (0.28528696, 0.9552841, 0.07774044), (0.28528696, 0.9552841, 0.07774044), (0.0023048306, 0.9987185, -0.050557084), (0.0023048306, 0.9987185, -0.050557084), (0.0023048306, 0.9987185, -0.050557084), (-0.03300748, 0.9884139, 0.14815058), (-0.03300748, 0.9884139, 0.14815058), (-0.03300748, 0.9884139, 0.14815058), (0.2103726, 0.9522054, -0.22146812), (0.2103726, 0.9522054, -0.22146812), (0.2103726, 0.9522054, -0.22146812), (0.18298301, 0.98290837, 0.020207081), (0.18298301, 0.98290837, 0.020207081), (0.18298301, 0.98290837, 0.020207081), (0.07707739, 0.9946794, 0.068351105), (0.07707739, 0.9946794, 0.068351105), (0.07707739, 0.9946794, 0.068351105), (-0.2740158, 0.93860894, -0.2095913), (-0.2740158, 0.93860894, -0.2095913), (-0.2740158, 0.93860894, -0.2095913), (0.13944733, 0.96144307, 0.23702699), (0.13944733, 0.96144307, 0.23702699), (0.13944733, 0.96144307, 0.23702699), (0.2825955, 0.958394, 0.040258247), (0.2825955, 0.958394, 0.040258247), (0.2825955, 0.958394, 0.040258247), (0.039730486, 0.9924644, 0.11591333), (0.039730486, 0.9924644, 0.11591333), (0.039730486, 0.9924644, 0.11591333), (0.19063826, 0.97896487, -0.072696), (0.19063826, 0.97896487, -0.072696), (0.19063826, 0.97896487, -0.072696), (-0.24996497, 0.96504706, -0.078750804), (-0.24996497, 0.96504706, -0.078750804), (-0.24996497, 0.96504706, -0.078750804), (0.3184167, 0.9437658, -0.08897696), (0.3184167, 0.9437658, -0.08897696), (0.3184167, 0.9437658, -0.08897696), (0.037739474, 0.99695253, -0.06827363), (0.037739474, 0.99695253, -0.06827363), (0.037739474, 0.99695253, -0.06827363), (0.18259282, 0.9801528, 0.07720377), (0.18259282, 0.9801528, 0.07720377), (0.18259282, 0.9801528, 0.07720377), (0.08443006, 0.9894644, -0.11760839), (0.08443006, 0.9894644, -0.11760839), (0.08443006, 0.9894644, -0.11760839), (-0.060377937, 0.96385574, -0.25949323), (-0.060377937, 0.96385574, -0.25949323), (-0.060377937, 0.96385574, -0.25949323), (0.1318542, 0.97930384, 0.15355241), (0.1318542, 0.97930384, 0.15355241), (0.1318542, 0.97930384, 0.15355241), (-0.07248015, 0.9780993, 0.19511099), (-0.07248015, 0.9780993, 0.19511099), (-0.07248015, 0.9780993, 0.19511099), (-0.19237149, 0.94966197, -0.24725592), (-0.19237149, 0.94966197, -0.24725592), (-0.19237149, 0.94966197, -0.24725592), (-0.21300285, 0.9669243, 0.14031094), (-0.21300285, 0.9669243, 0.14031094), (-0.21300285, 0.9669243, 0.14031094), (-0.03666508, 0.9783465, 0.20370014), (-0.03666508, 0.9783465, 0.20370014), (-0.03666508, 0.9783465, 0.20370014), (0.016247176, 0.98558027, -0.1684264), (0.016247176, 0.98558027, -0.1684264), (0.016247176, 0.98558027, -0.1684264), (0.030728085, 0.9789219, 0.20191027), (0.030728085, 0.9789219, 0.20191027), (0.030728085, 0.9789219, 0.20191027), (-0.014157731, 0.97748065, 0.21054956), (-0.014157731, 0.97748065, 0.21054956), (-0.014157731, 0.97748065, 0.21054956), (0.30058417, 0.9440168, -0.13594633), (0.30058417, 0.9440168, -0.13594633), (0.30058417, 0.9440168, -0.13594633), (-0.022039438, 0.9996308, 0.015890054), (-0.022039438, 0.9996308, 0.015890054), (-0.022039438, 0.9996308, 0.015890054), (-0.22275975, 0.9724931, 0.068083264), (-0.22275975, 0.9724931, 0.068083264), (-0.22275975, 0.9724931, 0.068083264), (0.006028168, 0.9998287, -0.017502278), (0.006028168, 0.9998287, -0.017502278), (0.006028168, 0.9998287, -0.017502278), (-0.11177858, 0.98735714, 0.112389594), (-0.11177858, 0.98735714, 0.112389594), (-0.11177858, 0.98735714, 0.112389594), (-0.23816167, 0.96948606, -0.05810228), (-0.23816167, 0.96948606, -0.05810228), (-0.23816167, 0.96948606, -0.05810228), (-0.13957232, 0.9731873, 0.18282756), (-0.13957232, 0.9731873, 0.18282756), (-0.13957232, 0.9731873, 0.18282756), (-0.1564313, 0.9782079, 0.13652328), (-0.15643893, 0.9782074, 0.13651781), (-0.15643406, 0.97820777, 0.13652067), (-0.0886093, 0.99088913, 0.10142539), (-0.0886093, 0.99088913, 0.10142539), (-0.0886093, 0.99088913, 0.10142539), (-0.03388985, 0.99941695, 0.0041430504), (-0.03388985, 0.99941695, 0.0041430504), (-0.03388985, 0.99941695, 0.0041430504), (0.16700941, 0.9850042, -0.04329616), (0.16700941, 0.9850042, -0.04329616), (0.16700941, 0.9850042, -0.04329616), (-0.067286715, 0.9931819, -0.09519567), (-0.067286715, 0.9931819, -0.09519567), (-0.067286715, 0.9931819, -0.09519567), (0.065110356, 0.98921275, -0.1312208), (0.065110356, 0.98921275, -0.1312208), (0.065110356, 0.98921275, -0.1312208), (-0.019552758, 0.99943787, 0.027230255), (-0.019552758, 0.99943787, 0.027230255), (-0.019552758, 0.99943787, 0.027230255), (-0.027178312, 0.99371207, 0.10861683), (-0.027178312, 0.99371207, 0.10861683), (-0.027178312, 0.99371207, 0.10861683), (-0.007824986, 0.95508116, -0.2962411), (-0.007824986, 0.95508116, -0.2962411), (-0.007824986, 0.95508116, -0.2962411), (-0.024134373, 0.99723876, -0.07023166), (-0.024134373, 0.99723876, -0.07023166), (-0.024134373, 0.99723876, -0.07023166), (-0.15675753, 0.9871848, -0.02988508), (-0.15675753, 0.9871848, -0.02988508), (-0.15675753, 0.9871848, -0.02988508), (-0.12251401, 0.98468184, 0.12406451), (-0.12251401, 0.98468184, 0.12406451), (-0.12251401, 0.98468184, 0.12406451), (0.0061592, 0.99054855, -0.13702384), (0.0061592, 0.99054855, -0.13702384), (0.0061592, 0.99054855, -0.13702384), (-0.08819916, 0.9683156, -0.23363595), (-0.08819916, 0.9683156, -0.23363595), (-0.08819916, 0.9683156, -0.23363595), (-0.2144314, 0.9766629, 0.012197231), (-0.2144314, 0.9766629, 0.012197231), (-0.2144314, 0.9766629, 0.012197231), (0.12873559, 0.99119264, 0.031052142), (0.12873559, 0.99119264, 0.031052142), (0.12873559, 0.99119264, 0.031052142), (0.054061834, 0.9969568, 0.056163978), (0.054061834, 0.9969568, 0.056163978), (0.054061834, 0.9969568, 0.056163978), (-0.2740558, 0.96092004, -0.039065704), (-0.2740558, 0.96092004, -0.039065704), (-0.2740558, 0.96092004, -0.039065704), (-0.22396101, 0.9511907, 0.21231493), (-0.22396101, 0.9511907, 0.21231493), (-0.22396101, 0.9511907, 0.21231493), (-0.30105367, 0.9444146, 0.1320898), (-0.30105367, 0.9444146, 0.1320898), (-0.30105367, 0.9444146, 0.1320898), (-0.20811282, 0.97508574, -0.07679168), (-0.20811282, 0.97508574, -0.07679168), (-0.20811282, 0.97508574, -0.07679168), (-0.12039425, 0.9883188, -0.09344062), (-0.12039425, 0.9883188, -0.09344062), (-0.12039425, 0.9883188, -0.09344062), (0.044522904, 0.9748819, -0.21822675), (0.044522904, 0.9748819, -0.21822675), (0.044522904, 0.9748819, -0.21822675), (0.11165523, 0.987063, 0.11506453), (0.11165523, 0.987063, 0.11506453), (0.11165523, 0.987063, 0.11506453), (-0.2192299, 0.968915, 0.11463929), (-0.2192299, 0.968915, 0.11463929), (-0.2192299, 0.968915, 0.11463929), (0.123654634, 0.9797829, -0.15727396), (0.123654634, 0.9797829, -0.15727396), (0.123654634, 0.9797829, -0.15727396), (-0.043974586, 0.98440385, -0.17033923), (-0.043974586, 0.98440385, -0.17033923), (-0.043974586, 0.98440385, -0.17033923), (0.07323016, 0.9825988, -0.1706951), (0.07323016, 0.9825988, -0.1706951), (0.07323016, 0.9825988, -0.1706951), (-0.27412304, 0.9243854, -0.26527002), (-0.27412304, 0.9243854, -0.26527002), (-0.27412304, 0.9243854, -0.26527002), (0.039227944, 0.9984931, -0.03837666), (0.039227944, 0.9984931, -0.03837666), (0.039227944, 0.9984931, -0.03837666), (0.16715266, 0.9766716, -0.1348056), (0.16715266, 0.9766716, -0.1348056), (0.16715266, 0.9766716, -0.1348056), (0.14452066, 0.9831632, -0.111821145), (0.14452066, 0.9831632, -0.111821145), (-0.0565756, 0.9960582, 0.06831821), (-0.0565756, 0.9960582, 0.06831821), (-0.0565756, 0.9960582, 0.06831821), (0.20516002, 0.97866964, 0.010727085), (0.20516002, 0.97866964, 0.010727085), (0.20516002, 0.97866964, 0.010727085), (-0.020420024, 0.9592494, -0.2818218), (-0.020420024, 0.9592494, -0.2818218), (-0.020420024, 0.9592494, -0.2818218), (-0.19675647, 0.9720999, 0.12770511), (-0.19675647, 0.9720999, 0.12770511), (-0.19675647, 0.9720999, 0.12770511), (-0.05786865, 0.9618561, -0.26736492), (-0.05786865, 0.9618561, -0.26736492), (-0.05786865, 0.9618561, -0.26736492), (-0.22680351, 0.9561935, 0.18507871), (-0.22680351, 0.9561935, 0.18507871), (-0.22680351, 0.9561935, 0.18507871), (-0.15961912, 0.98624796, -0.042855978), (-0.15961912, 0.98624796, -0.042855978), (-0.15961912, 0.98624796, -0.042855978), (-0.03033252, 0.99745816, -0.06447661), (-0.03033252, 0.99745816, -0.06447661), (-0.03033252, 0.99745816, -0.06447661), (-0.18015616, 0.9816064, 0.06318803), (-0.18015616, 0.9816064, 0.06318803), (-0.18015616, 0.9816064, 0.06318803), (0.16949745, 0.98240453, -0.07843383), (0.16949745, 0.98240453, -0.07843383), (0.16949745, 0.98240453, -0.07843383), (0.18367912, 0.9700263, -0.15909427), (0.18367912, 0.9700263, -0.15909427), (0.18367912, 0.9700263, -0.15909427), (-0.1899436, 0.9620785, -0.1957709), (-0.1899436, 0.9620785, -0.1957709), (-0.1899436, 0.9620785, -0.1957709), (0.018801477, 0.9563871, -0.29149655), (0.018801477, 0.9563871, -0.29149655), (0.018801477, 0.9563871, -0.29149655), (-0.21945225, 0.96649253, 0.13316473), (-0.21945225, 0.96649253, 0.13316473), (-0.21945225, 0.96649253, 0.13316473), (-0.20435587, 0.9653908, 0.1620472), (-0.20435587, 0.9653908, 0.1620472), (-0.20435587, 0.9653908, 0.1620472), (-0.16307947, 0.9836295, 0.07666839), (-0.16307947, 0.9836295, 0.07666839), (-0.16307947, 0.9836295, 0.07666839), (0.03162479, 0.97954214, -0.19873855), (0.03162479, 0.97954214, -0.19873855), (0.03162479, 0.97954214, -0.19873855), (0.091797456, 0.9760058, 0.19744843), (0.091797456, 0.9760058, 0.19744843), (0.091797456, 0.9760058, 0.19744843), (-0.08905468, 0.98513955, -0.14686477), (-0.08905468, 0.98513955, -0.14686477), (-0.08905468, 0.98513955, -0.14686477), (0.06647303, 0.9970084, -0.039440542), (0.06647303, 0.9970084, -0.039440542), (0.06647303, 0.9970084, -0.039440542), (-0.060646392, 0.9978592, -0.024476387), (-0.060646392, 0.9978592, -0.024476387), (-0.060646392, 0.9978592, -0.024476387), (0.15471964, 0.98693025, -0.045063242), (0.15471964, 0.98693025, -0.045063242), (0.15471964, 0.98693025, -0.045063242), (0.21126796, 0.9742629, 0.07859818), (0.21126796, 0.9742629, 0.07859818), (0.21126796, 0.9742629, 0.07859818), (-0.10199896, 0.9745817, 0.19946578), (-0.10199896, 0.9745817, 0.19946578), (-0.10199896, 0.9745817, 0.19946578), (0.089633025, 0.9781085, 0.18780227), (0.089633025, 0.9781085, 0.18780227), (0.089633025, 0.9781085, 0.18780227), (0.20237367, 0.967172, -0.15369862), (0.20237367, 0.967172, -0.15369862), (0.20237367, 0.967172, -0.15369862), (-0.04609952, 0.9980673, 0.04167064), (-0.04609952, 0.9980673, 0.04167064), (-0.04609952, 0.9980673, 0.04167064), (0.015225879, 0.97666866, 0.21421173), (0.015225879, 0.97666866, 0.21421173), (0.015225879, 0.97666866, 0.21421173), (-0.27800784, 0.949036, 0.14846648), (-0.27800784, 0.949036, 0.14846648), (-0.27800784, 0.949036, 0.14846648), (0.100737266, 0.9930432, -0.06096906), (0.100737266, 0.9930432, -0.06096906), (0.100737266, 0.9930432, -0.06096906), (0.081621975, 0.95029366, -0.3004659), (0.081621975, 0.95029366, -0.3004659), (0.081621975, 0.95029366, -0.3004659), (0.10896193, 0.9681552, 0.22539489), (0.10896193, 0.9681552, 0.22539489), (0.10896193, 0.9681552, 0.22539489), (0.20332986, 0.97910357, -0.0036174853), (0.20332986, 0.97910357, -0.0036174853), (0.20332986, 0.97910357, -0.0036174853), (0.20928435, 0.9776959, 0.01763321), (0.20928435, 0.9776959, 0.01763321), (0.20928435, 0.9776959, 0.01763321), (-0.18448186, 0.98120844, -0.056537237), (-0.18448186, 0.98120844, -0.056537237), (-0.18448186, 0.98120844, -0.056537237), (0.06751038, 0.99771786, 0.0012214886), (0.06751038, 0.99771786, 0.0012214886), (0.06751038, 0.99771786, 0.0012214886), (0.17724018, 0.9811622, -0.07685574), (0.17724018, 0.9811622, -0.07685574), (0.17724018, 0.9811622, -0.07685574), (-0.13086608, 0.98586005, 0.104661725), (-0.13086608, 0.98586005, 0.104661725), (-0.13086608, 0.98586005, 0.104661725), (0.06284102, 0.9483487, 0.31094328), (0.06284102, 0.9483487, 0.31094328), (0.06284102, 0.9483487, 0.31094328), (-0.097391024, 0.980096, 0.17299414), (-0.097391024, 0.980096, 0.17299414), (-0.097391024, 0.980096, 0.17299414), (-0.059522085, 0.9964516, -0.059508264), (-0.059522085, 0.9964516, -0.059508264), (-0.059522085, 0.9964516, -0.059508264), (-0.008028429, 0.9940143, -0.10895438), (-0.008028429, 0.9940143, -0.10895438), (-0.008028429, 0.9940143, -0.10895438), (-0.18081112, 0.98050576, -0.076914616), (-0.18081112, 0.98050576, -0.076914616), (-0.18081112, 0.98050576, -0.076914616), (-0.11824384, 0.9921739, -0.040115952), (-0.11824384, 0.9921739, -0.040115952), (-0.11824384, 0.9921739, -0.040115952), (0.014855605, 0.97695255, 0.21293898), (0.014855605, 0.97695255, 0.21293898), (0.014855605, 0.97695255, 0.21293898), (-0.22647169, 0.96062493, -0.16096695), (-0.22647169, 0.96062493, -0.16096695), (-0.22647169, 0.96062493, -0.16096695), (-0.024805818, 0.9706633, -0.23915966), (-0.024805818, 0.9706633, -0.23915966), (-0.024805818, 0.9706633, -0.23915966), (0.13770235, 0.9707865, -0.1964984), (0.13770235, 0.9707865, -0.1964984), (0.13770235, 0.9707865, -0.1964984), (-0.014342813, 0.9937696, -0.11052755), (-0.014342813, 0.9937696, -0.11052755), (-0.014342813, 0.9937696, -0.11052755), (0.041656483, 0.9886412, -0.14440627), (0.041656483, 0.9886412, -0.14440627), (0.041656483, 0.9886412, -0.14440627), (-0.021494083, 0.9948874, 0.09867605), (-0.021494083, 0.9948874, 0.09867605), (-0.021494083, 0.9948874, 0.09867605), (0.19300424, 0.956842, -0.21726209), (0.19300424, 0.956842, -0.21726209), (0.19300424, 0.956842, -0.21726209), (-0.18288614, 0.97060806, 0.15643764), (-0.18288614, 0.97060806, 0.15643764), (-0.18288614, 0.97060806, 0.15643764), (0.031678658, 0.99244505, -0.11852971), (0.031678658, 0.99244505, -0.11852971), (0.031678658, 0.99244505, -0.11852971), (-0.047565114, 0.9432504, -0.32865837), (-0.047565114, 0.9432504, -0.32865837), (-0.047565114, 0.9432504, -0.32865837), (-0.037963282, 0.9991617, -0.015316412), (-0.037963282, 0.9991617, -0.015316412), (-0.037963282, 0.9991617, -0.015316412), (0.14510089, 0.9806315, 0.13155836), (0.14510089, 0.9806315, 0.13155836), (0.14510089, 0.9806315, 0.13155836), (0.18167654, 0.98335797, -0.0007816629), (0.18167654, 0.98335797, -0.0007816629), (0.18167654, 0.98335797, -0.0007816629), (0.080801085, 0.98901075, -0.12381041), (0.080801085, 0.98901075, -0.12381041), (0.080801085, 0.98901075, -0.12381041), (-0.016108971, 0.9966305, 0.08042393), (-0.016108971, 0.9966305, 0.08042393), (-0.016108971, 0.9966305, 0.08042393), (0.013911841, 0.9999018, -0.0016864755), (0.013911841, 0.9999018, -0.0016864755), (0.013911841, 0.9999018, -0.0016864755), (0.15555099, 0.9545477, -0.25424898), (0.15555099, 0.9545477, -0.25424898), (0.15555099, 0.9545477, -0.25424898), (0.20291196, 0.97187257, 0.1195433), (0.20291196, 0.97187257, 0.1195433), (0.20291196, 0.97187257, 0.1195433), (-0.060814723, 0.9597339, 0.27424884), (-0.060814723, 0.9597339, 0.27424884), (-0.060814723, 0.9597339, 0.27424884), (-0.1895979, 0.9802105, 0.05692244), (-0.1895979, 0.9802105, 0.05692244), (-0.1895979, 0.9802105, 0.05692244), (-0.24511853, 0.9637787, -0.105108045), (-0.24511853, 0.9637787, -0.105108045), (-0.24511853, 0.9637787, -0.105108045), (0.17842212, 0.975872, 0.12585498), (0.17842212, 0.975872, 0.12585498), (0.17842212, 0.975872, 0.12585498), (0.2134256, 0.9548717, 0.20656604), (0.2134256, 0.9548717, 0.20656604), (0.2134256, 0.9548717, 0.20656604), (0.036279693, 0.99617684, 0.07946974), (0.036279693, 0.99617684, 0.07946974), (0.036279693, 0.99617684, 0.07946974), (-0.053275533, 0.987546, 0.14803565), (-0.053275533, 0.987546, 0.14803565), (-0.053275533, 0.987546, 0.14803565), (0.08651, 0.9893741, -0.11685476), (0.08651, 0.9893741, -0.11685476), (0.08651, 0.9893741, -0.11685476), (0.14484459, 0.97395647, 0.17443906), (0.14484459, 0.97395647, 0.17443906), (0.14484459, 0.97395647, 0.17443906), (-0.11996218, 0.9926623, 0.015186617), (-0.11996218, 0.9926623, 0.015186617), (-0.11996218, 0.9926623, 0.015186617), (-0.031835254, 0.9988476, -0.035916936), (-0.031835254, 0.9988476, -0.035916936), (-0.031835254, 0.9988476, -0.035916936), (-0.10947641, 0.99208844, -0.061444372), (-0.10947641, 0.99208844, -0.061444372), (-0.10947641, 0.99208844, -0.061444372), (0.004759967, 0.9988865, -0.0469368), (0.004759967, 0.9988865, -0.0469368), (0.004759967, 0.9988865, -0.0469368), (-0.029009875, 0.9948059, 0.09756857), (-0.029009875, 0.9948059, 0.09756857), (-0.029009875, 0.9948059, 0.09756857), (-0.031656012, 0.9784445, -0.20406902), (-0.031656012, 0.9784445, -0.20406902), (-0.031656012, 0.9784445, -0.20406902), (0.14491138, 0.98598194, -0.08270638), (0.14491138, 0.98598194, -0.08270638), (0.14491138, 0.98598194, -0.08270638), (-0.084632814, 0.9951674, 0.049790375), (-0.084632814, 0.9951674, 0.049790375), (-0.084632814, 0.9951674, 0.049790375), (0.0281974, 0.99841726, 0.048661996), (0.0281974, 0.99841726, 0.048661996), (0.0281974, 0.99841726, 0.048661996), (-0.17160949, 0.98331046, 0.06042034), (-0.17160949, 0.98331046, 0.06042034), (-0.17160949, 0.98331046, 0.06042034), (0.037123665, 0.97303164, -0.22766447), (0.037123665, 0.97303164, -0.22766447), (0.037123665, 0.97303164, -0.22766447), (0.119217284, 0.9609953, -0.24955012), (0.119217284, 0.9609953, -0.24955012), (0.119217284, 0.9609953, -0.24955012), (0.11191028, 0.9786204, -0.17256323), (0.11191028, 0.9786204, -0.17256323), (0.11191028, 0.9786204, -0.17256323), (0.047976352, 0.996209, 0.07256565), (0.047976352, 0.996209, 0.07256565), (0.047976352, 0.996209, 0.07256565), (0.07159934, 0.919378, -0.38680455), (0.07159934, 0.919378, -0.38680455), (0.07159934, 0.919378, -0.38680455), (0.037582606, 0.9743396, 0.22192326), (0.037582606, 0.9743396, 0.22192326), (0.037582606, 0.9743396, 0.22192326), (0.17445265, 0.9841084, -0.03312), (0.17445265, 0.9841084, -0.03312), (0.17445265, 0.9841084, -0.03312), (0.009734982, 0.99701214, -0.07662968), (0.009734982, 0.99701214, -0.07662968), (0.009734982, 0.99701214, -0.07662968), (0.18143761, 0.9755284, 0.12419639), (0.18143761, 0.9755284, 0.12419639), (0.18143761, 0.9755284, 0.12419639), (0.22442989, 0.9667055, -0.12292941), (0.22442989, 0.9667055, -0.12292941), (0.22442989, 0.9667055, -0.12292941), (-0.02337167, 0.9813626, -0.1907385), (-0.02337167, 0.9813626, -0.1907385), (-0.02337167, 0.9813626, -0.1907385), (0.155369, 0.986555, -0.0506926), (0.155369, 0.986555, -0.0506926), (0.155369, 0.986555, -0.0506926), (-0.111822955, 0.944949, -0.30751747), (-0.111822955, 0.944949, -0.30751747), (-0.111822955, 0.944949, -0.30751747), (-0.03965731, 0.9986571, -0.03333595), (-0.03965731, 0.9986571, -0.03333595), (-0.03965731, 0.9986571, -0.03333595), (0.17205378, 0.974548, -0.14371362), (0.17205378, 0.974548, -0.14371362), (0.17205378, 0.974548, -0.14371362), (0.17480975, 0.98132885, 0.080220155), (0.17480975, 0.98132885, 0.080220155), (0.17480975, 0.98132885, 0.080220155), (0.1802166, 0.98108095, 0.07072679), (0.1802166, 0.98108095, 0.07072679), (0.12883574, 0.961082, 0.24438247), (0.12883574, 0.961082, 0.24438247), (0.12883574, 0.961082, 0.24438247), (0.16005707, 0.95623183, 0.24495372), (0.16005707, 0.95623183, 0.24495372), (0.16005707, 0.95623183, 0.24495372), (0.10674263, 0.99110806, 0.07944128), (0.10674263, 0.99110806, 0.07944128), (0.10674263, 0.99110806, 0.07944128), (0.007387642, 0.9905642, -0.13685048), (0.007387642, 0.9905642, -0.13685048), (0.007387642, 0.9905642, -0.13685048), (0.01523748, 0.9996842, -0.019983726), (0.01523748, 0.9996842, -0.019983726), (0.01523748, 0.9996842, -0.019983726), (0.018003674, 0.98618317, -0.16467771), (0.018003674, 0.98618317, -0.16467771), (0.018003674, 0.98618317, -0.16467771), (0.040564273, 0.9991141, -0.011203155), (0.040564273, 0.9991141, -0.011203155), (0.040564273, 0.9991141, -0.011203155), (-0.056173723, 0.9980508, 0.0271865), (-0.056173723, 0.9980508, 0.0271865), (-0.056173723, 0.9980508, 0.0271865), (0.056750156, 0.99734443, -0.045645025), (0.056750156, 0.99734443, -0.045645025), (0.056750156, 0.99734443, -0.045645025), (0.023747422, 0.98880506, -0.1473111), (0.023747422, 0.98880506, -0.1473111), (0.023747422, 0.98880506, -0.1473111), (0.035344537, 0.99907, 0.024700318), (0.035344537, 0.99907, 0.024700318), (0.035344537, 0.99907, 0.024700318), (0.019289771, 0.9881043, 0.15257093), (0.019289771, 0.9881043, 0.15257093), (0.019289771, 0.9881043, 0.15257093), (0.07668244, 0.9466291, 0.3130704), (0.07668244, 0.9466291, 0.3130704), (0.07668244, 0.9466291, 0.3130704), (0.24633846, 0.9592157, 0.13864546), (0.24633846, 0.9592157, 0.13864546), (0.24633846, 0.9592157, 0.13864546), (-0.10845132, 0.99386096, 0.021881485), (-0.10845132, 0.99386096, 0.021881485), (-0.10845132, 0.99386096, 0.021881485), (0.31263852, 0.94025886, -0.13479757), (0.31263852, 0.94025886, -0.13479757), (0.31263852, 0.94025886, -0.13479757), (0.091413714, 0.95116085, -0.29485002), (0.091413714, 0.95116085, -0.29485002), (0.091413714, 0.95116085, -0.29485002), (0.07387249, 0.996664, -0.03469228), (0.07387249, 0.996664, -0.03469228), (0.07387249, 0.996664, -0.03469228), (-0.09445344, 0.9948624, -0.036433246), (-0.09445344, 0.9948624, -0.036433246), (-0.09445344, 0.9948624, -0.036433246), (0.10401063, 0.9945655, -0.00460421), (0.10401063, 0.9945655, -0.00460421), (0.10401063, 0.9945655, -0.00460421), (0.21311897, 0.94443303, 0.25025317), (0.21311897, 0.94443303, 0.25025317), (0.21311897, 0.94443303, 0.25025317), (0.19590339, 0.98062116, 0.0019837376), (0.19590339, 0.98062116, 0.0019837376), (0.19590339, 0.98062116, 0.0019837376), (-0.11682275, 0.9917157, -0.05340699), (-0.11682275, 0.9917157, -0.05340699), (-0.11682275, 0.9917157, -0.05340699), (-0.29886654, 0.94614047, -0.12448719), (-0.29886654, 0.94614047, -0.12448719), (-0.29886654, 0.94614047, -0.12448719), (0.30744684, 0.94949675, -0.06270949), (0.30744684, 0.94949675, -0.06270949), (0.30744684, 0.94949675, -0.06270949), (0.1573718, 0.98219, -0.102649584), (0.1573718, 0.98219, -0.102649584), (0.1573718, 0.98219, -0.102649584), (0.18576092, 0.9810496, 0.055087138), (0.18576092, 0.9810496, 0.055087138), (0.18576092, 0.9810496, 0.055087138), (0.08855905, 0.9784959, 0.1862878), (0.08855905, 0.9784959, 0.1862878), (0.08855905, 0.9784959, 0.1862878), (-0.19150507, 0.9693495, 0.153907), (-0.19150507, 0.9693495, 0.153907), (-0.19150507, 0.9693495, 0.153907), (0.19822006, 0.9794846, -0.036314066), (0.19822006, 0.9794846, -0.036314066), (0.19822006, 0.9794846, -0.036314066), (0.024024658, 0.98719877, -0.15767479), (0.024024658, 0.98719877, -0.15767479), (0.024024658, 0.98719877, -0.15767479), (0.1632052, 0.9658233, -0.20136905), (0.1632052, 0.9658233, -0.20136905), (0.1632052, 0.9658233, -0.20136905), (-0.09407325, 0.99076194, 0.097677834), (-0.09407325, 0.99076194, 0.097677834), (-0.09407325, 0.99076194, 0.097677834), (0.30675906, 0.9431803, -0.12770939), (0.30675906, 0.9431803, -0.12770939), (0.30675906, 0.9431803, -0.12770939), (-0.2491743, 0.9648637, -0.08336804), (-0.2491743, 0.9648637, -0.08336804), (-0.2491743, 0.9648637, -0.08336804), (0.059610043, 0.99603504, 0.06603678), (0.059610043, 0.99603504, 0.06603678), (0.059610043, 0.99603504, 0.06603678), (-0.24769075, 0.96725357, 0.055406734), (-0.24769075, 0.96725357, 0.055406734), (-0.24769075, 0.96725357, 0.055406734), (-0.18127853, 0.9833625, -0.011679981), (-0.18127853, 0.9833625, -0.011679981), (-0.18127853, 0.9833625, -0.011679981), (0.07393582, 0.972852, -0.21930014), (0.07393582, 0.972852, -0.21930014), (0.07393582, 0.972852, -0.21930014), (-0.0052498267, 0.9986696, 0.05129625), (-0.0052498267, 0.9986696, 0.05129625), (-0.0052498267, 0.9986696, 0.05129625), (0.11459252, 0.9858606, -0.12225983), (0.11459252, 0.9858606, -0.12225983), (0.11459252, 0.9858606, -0.12225983), (0.053685162, 0.99228525, -0.11174939), (0.053685162, 0.99228525, -0.11174939), (0.053685162, 0.99228525, -0.11174939), (0.36382663, 0.9281977, 0.0779697), (0.36382663, 0.9281977, 0.0779697), (0.36382663, 0.9281977, 0.0779697), (0.2522117, 0.956648, -0.1456498), (0.2522117, 0.956648, -0.1456498), (0.2522117, 0.956648, -0.1456498), (-0.15977152, 0.9868836, -0.023107542), (-0.15977152, 0.9868836, -0.023107542), (-0.15977152, 0.9868836, -0.023107542), (-0.26530072, 0.9627453, 0.052317455), (-0.26530072, 0.9627453, 0.052317455), (-0.26530072, 0.9627453, 0.052317455), (-0.1891736, 0.977791, -0.09021106), (-0.1891736, 0.977791, -0.09021106), (-0.1891736, 0.977791, -0.09021106), (-0.07960405, 0.9711912, -0.22461233), (-0.07960405, 0.9711912, -0.22461233), (-0.07960405, 0.9711912, -0.22461233), (-0.25656673, 0.96649885, -0.007314233), (-0.25656673, 0.96649885, -0.007314233), (-0.25656673, 0.96649885, -0.007314233), (-0.13557996, 0.98906684, -0.058007963), (-0.13557996, 0.98906684, -0.058007963), (-0.13557996, 0.98906684, -0.058007963), (-0.06403972, 0.9855496, 0.15681489), (-0.06403972, 0.9855496, 0.15681489), (-0.06403972, 0.9855496, 0.15681489), (-0.028092576, 0.9876621, 0.1540604), (-0.028092576, 0.9876621, 0.1540604), (-0.028092576, 0.9876621, 0.1540604), (0.23720631, 0.96813476, -0.08030074), (0.23720631, 0.96813476, -0.08030074), (0.23720631, 0.96813476, -0.08030074), (0.050884496, 0.9986093, 0.013793201), (0.050884496, 0.9986093, 0.013793201), (0.050884496, 0.9986093, 0.013793201), (-0.0261798, 0.9951563, 0.09475491), (-0.0261798, 0.9951563, 0.09475491), (-0.0261798, 0.9951563, 0.09475491), (-0.21347746, 0.97215784, -0.09662541), (-0.21347746, 0.97215784, -0.09662541), (-0.21347746, 0.97215784, -0.09662541), (0.15984553, 0.9830505, -0.08978289), (0.15984553, 0.9830505, -0.08978289), (0.15984553, 0.9830505, -0.08978289), (0.07519519, 0.99587905, -0.05070004), (0.07519519, 0.99587905, -0.05070004), (0.07519519, 0.99587905, -0.05070004), (0.22810632, 0.92618513, 0.30024755), (0.22810632, 0.92618513, 0.30024755), (0.22810632, 0.92618513, 0.30024755), (0.383143, 0.91895425, 0.09340482), (0.383143, 0.91895425, 0.09340482), (0.383143, 0.91895425, 0.09340482), (0.07152538, 0.9951013, -0.06824728), (0.07152538, 0.9951013, -0.06824728), (0.07152538, 0.9951013, -0.06824728), (0.25781363, 0.9554835, -0.14346944), (0.25781363, 0.9554835, -0.14346944), (0.25781363, 0.9554835, -0.14346944), (-0.17963065, 0.9749008, -0.13153446), (-0.17963065, 0.9749008, -0.13153446), (-0.17963065, 0.9749008, -0.13153446), (0.082361266, 0.98728395, -0.1359673), (0.082361266, 0.98728395, -0.1359673), (0.082361266, 0.98728395, -0.1359673), (-0.2734859, 0.9614026, -0.030172242), (-0.2734859, 0.9614026, -0.030172242), (-0.2734859, 0.9614026, -0.030172242), (0.065945126, 0.9975624, 0.022817204), (0.065945126, 0.9975624, 0.022817204), (0.065945126, 0.9975624, 0.022817204), (-0.0044961288, 0.99555546, 0.09406963), (-0.0044961288, 0.99555546, 0.09406963), (-0.0044961288, 0.99555546, 0.09406963), (-0.21221605, 0.97654176, 0.036476105), (-0.21221605, 0.97654176, 0.036476105), (-0.21221605, 0.97654176, 0.036476105), (-0.1453906, 0.97640604, -0.15966514), (-0.1453906, 0.97640604, -0.15966514), (-0.1453906, 0.97640604, -0.15966514), (-0.05141474, 0.98170185, 0.18335201), (-0.05141474, 0.98170185, 0.18335201), (-0.05141474, 0.98170185, 0.18335201), (0.1133051, 0.9889642, 0.09545525), (0.1133051, 0.9889642, 0.09545525), (0.1133051, 0.9889642, 0.09545525), (-0.081295416, 0.9963509, -0.026001008), (-0.081295416, 0.9963509, -0.026001008), (-0.081295416, 0.9963509, -0.026001008), (-0.022777442, 0.9673767, 0.25231636), (-0.022777442, 0.9673767, 0.25231636), (-0.022777442, 0.9673767, 0.25231636), (0.30165982, 0.95339805, -0.0057998328), (0.30165982, 0.95339805, -0.0057998328), (0.30165982, 0.95339805, -0.0057998328), (0.27743402, 0.95603275, -0.09503589), (0.27743402, 0.95603275, -0.09503589), (0.27743402, 0.95603275, -0.09503589), (-0.2101303, 0.9685791, 0.13304055), (-0.2101303, 0.9685791, 0.13304055), (-0.2101303, 0.9685791, 0.13304055), (-0.051853616, 0.96846765, -0.24368358), (-0.051853616, 0.96846765, -0.24368358), (-0.051853616, 0.96846765, -0.24368358), (-0.14469846, 0.979813, -0.1379448), (-0.14469846, 0.979813, -0.1379448), (-0.14469846, 0.979813, -0.1379448), (-0.094977036, 0.9954745, 0.0031457916), (-0.094977036, 0.9954745, 0.0031457916), (-0.094977036, 0.9954745, 0.0031457916), (-0.066218466, 0.9511759, -0.30146205), (-0.066218466, 0.9511759, -0.30146205), (-0.066218466, 0.9511759, -0.30146205), (0.020294178, 0.99801505, 0.0596158), (0.020294178, 0.99801505, 0.0596158), (0.020294178, 0.99801505, 0.0596158), (0.15067852, 0.94878656, 0.27766928), (0.15067852, 0.94878656, 0.27766928), (0.15067852, 0.94878656, 0.27766928), (-0.1447494, 0.9775383, -0.15318793), (-0.1447494, 0.9775383, -0.15318793), (-0.1447494, 0.9775383, -0.15318793), (0.15470156, 0.9680808, 0.19719778), (0.15470156, 0.9680808, 0.19719778), (0.15470156, 0.9680808, 0.19719778), (-0.16297938, 0.9866253, 0.0028863358), (-0.16297938, 0.9866253, 0.0028863358), (-0.16297938, 0.9866253, 0.0028863358), (0.026243826, 0.9992403, 0.028809763), (0.026243826, 0.9992403, 0.028809763), (0.026243826, 0.9992403, 0.028809763), (-0.095697574, 0.99365425, -0.05910406), (-0.095697574, 0.99365425, -0.05910406), (-0.095697574, 0.99365425, -0.05910406), (0.05834817, 0.9556766, -0.28857902), (0.05834817, 0.9556766, -0.28857902), (0.05834817, 0.9556766, -0.28857902), (-0.022553893, 0.99747425, 0.06735283), (-0.022553893, 0.99747425, 0.06735283), (-0.022553893, 0.99747425, 0.06735283), (0.003138055, 0.9962851, 0.08605953), (0.003138055, 0.9962851, 0.08605953), (0.003138055, 0.9962851, 0.08605953), (0.24809949, 0.96273685, -0.10763182), (0.24809949, 0.96273685, -0.10763182), (0.24809949, 0.96273685, -0.10763182), (-0.1254484, 0.9915941, -0.03168331), (-0.1254484, 0.9915941, -0.03168331), (-0.1254484, 0.9915941, -0.03168331), (-0.08414628, 0.9960801, 0.027274428), (-0.08414628, 0.9960801, 0.027274428), (-0.08414628, 0.9960801, 0.027274428), (0.08377445, 0.9782431, 0.1897951), (0.08377445, 0.9782431, 0.1897951), (0.08377445, 0.9782431, 0.1897951), (-0.13157608, 0.96404195, 0.23089129), (-0.13157608, 0.96404195, 0.23089129), (-0.13157608, 0.96404195, 0.23089129), (0.3112314, 0.9502647, -0.011485575), (0.3112314, 0.9502647, -0.011485575), (0.3112314, 0.9502647, -0.011485575), (-0.102246955, 0.9763699, -0.1903877), (-0.102246955, 0.9763699, -0.1903877), (-0.102246955, 0.9763699, -0.1903877), (0.34127155, 0.9396516, 0.024263665), (0.34127155, 0.9396516, 0.024263665), (0.34127155, 0.9396516, 0.024263665), (-0.1696533, 0.974309, 0.14812024), (-0.1696533, 0.974309, 0.14812024), (-0.1696533, 0.974309, 0.14812024), (-0.06448603, 0.9979157, -0.002428469), (-0.06448603, 0.9979157, -0.002428469), (-0.06448603, 0.9979157, -0.002428469), (-0.10525075, 0.9610608, -0.2555081), (-0.10525075, 0.9610608, -0.2555081), (-0.10525075, 0.9610608, -0.2555081), (-0.14900917, 0.9550266, -0.25636017), (-0.14900917, 0.9550266, -0.25636017), (-0.14900917, 0.9550266, -0.25636017), (-0.006270951, 0.9745725, -0.2239851), (-0.006270951, 0.9745725, -0.2239851), (-0.006270951, 0.9745725, -0.2239851), (0.04645645, 0.99657696, -0.06838178), (0.04645645, 0.99657696, -0.06838178), (0.04645645, 0.99657696, -0.06838178), (0.052191082, 0.9986065, 0.007829589), (0.052191082, 0.9986065, 0.007829589), (0.052191082, 0.9986065, 0.007829589), (0.061001934, 0.99789584, 0.021967186), (0.061001934, 0.99789584, 0.021967186), (-0.14703669, 0.9889709, 0.017798373), (-0.14703669, 0.9889709, 0.017798373), (-0.14703669, 0.9889709, 0.017798373), (-0.09296702, 0.9891089, 0.11410804), (-0.09296702, 0.9891089, 0.11410804), (-0.09296702, 0.9891089, 0.11410804), (0.04012171, 0.9973242, 0.061111454), (0.04012171, 0.9973242, 0.061111454), (0.04012171, 0.9973242, 0.061111454), (0.029385796, 0.9995185, -0.009953621), (0.029385796, 0.9995185, -0.009953621), (0.029385796, 0.9995185, -0.009953621), (-0.16127971, 0.9859138, 0.044304166), (-0.16127971, 0.9859138, 0.044304166), (-0.16127971, 0.9859138, 0.044304166), (-0.026993489, 0.99814653, -0.054541275), (-0.026993489, 0.99814653, -0.054541275), (-0.026993489, 0.99814653, -0.054541275), (0.10416037, 0.99077713, 0.0866677), (0.10416037, 0.99077713, 0.0866677), (0.10416037, 0.99077713, 0.0866677), (-0.13850872, 0.99009293, -0.023046788), (-0.13850872, 0.99009293, -0.023046788), (-0.13850872, 0.99009293, -0.023046788), (-0.005145321, 0.9997845, 0.020111868), (-0.005145321, 0.9997845, 0.020111868), (-0.005145321, 0.9997845, 0.020111868), (-0.26109722, 0.96481556, -0.03096945), (-0.26109722, 0.96481556, -0.03096945), (-0.26109722, 0.96481556, -0.03096945), (-0.18282616, 0.9820629, 0.04612059), (-0.18282616, 0.9820629, 0.04612059), (-0.18282616, 0.9820629, 0.04612059), (-0.0918925, 0.9686932, -0.23062791), (-0.0918925, 0.9686932, -0.23062791), (-0.0918925, 0.9686932, -0.23062791), (-0.025438331, 0.9639817, -0.26474965), (-0.025438331, 0.9639817, -0.26474965), (-0.025438331, 0.9639817, -0.26474965), (-0.1466975, 0.98870045, -0.030844757), (-0.1466975, 0.98870045, -0.030844757), (-0.1466975, 0.98870045, -0.030844757), (-0.19366261, 0.98062885, 0.029358001), (-0.19366261, 0.98062885, 0.029358001), (-0.19366261, 0.98062885, 0.029358001), (-0.25743955, 0.96401787, -0.06629058), (-0.25743955, 0.96401787, -0.06629058), (-0.25743955, 0.96401787, -0.06629058), (0.11636862, 0.98081505, -0.15639786), (0.11636862, 0.98081505, -0.15639786), (0.11636862, 0.98081505, -0.15639786), (-0.054002885, 0.96795, -0.24526794), (-0.054002885, 0.96795, -0.24526794), (-0.054002885, 0.96795, -0.24526794), (0.21796219, 0.97559595, 0.026550967), (0.21796219, 0.97559595, 0.026550967), (0.21796219, 0.97559595, 0.026550967), (0.19705601, 0.9549273, -0.22199696), (0.19705601, 0.9549273, -0.22199696), (0.19705601, 0.9549273, -0.22199696), (0.016932948, 0.9797738, 0.19939044), (0.016932948, 0.9797738, 0.19939044), (0.016932948, 0.9797738, 0.19939044), (0.09659641, 0.9709547, 0.21889721), (0.09659641, 0.9709547, 0.21889721), (0.09659641, 0.9709547, 0.21889721), (0.101266466, 0.97423315, 0.20153117), (0.101266466, 0.97423315, 0.20153117), (0.101266466, 0.97423315, 0.20153117), (0.14159267, 0.9876369, -0.0672658), (0.14159267, 0.9876369, -0.0672658), (0.14159267, 0.9876369, -0.0672658), (-0.15110397, 0.9771945, 0.14919287), (-0.15110397, 0.9771945, 0.14919287), (-0.15110397, 0.9771945, 0.14919287), (-0.034493834, 0.9822421, 0.18441953), (-0.034493834, 0.9822421, 0.18441953), (-0.034493834, 0.9822421, 0.18441953), (0.10581355, 0.9866976, -0.123414904), (0.10581355, 0.9866976, -0.123414904), (0.10581355, 0.9866976, -0.123414904), (0.08881485, 0.9810588, -0.17214988), (0.08881485, 0.9810588, -0.17214988), (0.08881485, 0.9810588, -0.17214988), (0.2248778, 0.9735658, -0.03999398), (0.2248778, 0.9735658, -0.03999398), (0.2248778, 0.9735658, -0.03999398), (0.16260052, 0.9522822, -0.25830135), (0.16260052, 0.9522822, -0.25830135), (0.16260052, 0.9522822, -0.25830135), (-0.09509933, 0.9655435, -0.24224316), (-0.09509933, 0.9655435, -0.24224316), (-0.09509933, 0.9655435, -0.24224316), (-0.07218904, 0.94813216, -0.3095707), (-0.07218904, 0.94813216, -0.3095707), (-0.07218904, 0.94813216, -0.3095707), (0.07389646, 0.99595547, -0.05110924), (0.07389646, 0.99595547, -0.05110924), (0.07389646, 0.99595547, -0.05110924), (0.06762736, 0.95293546, 0.29553455), (0.06762736, 0.95293546, 0.29553455), (0.06762736, 0.95293546, 0.29553455), (0.20965043, 0.97632366, -0.053280752), (0.20965043, 0.97632366, -0.053280752), (0.20965043, 0.97632366, -0.053280752), (-0.044074122, 0.97620106, -0.21234176), (-0.044074122, 0.97620106, -0.21234176), (-0.044074122, 0.97620106, -0.21234176), (0.18789919, 0.97079337, -0.14917786), (0.18789919, 0.97079337, -0.14917786), (0.18789919, 0.97079337, -0.14917786), (0.06131576, 0.99576074, 0.06856329), (0.06131576, 0.99576074, 0.06856329), (0.06131576, 0.99576074, 0.06856329), (0.00051388773, 0.999841, -0.017824901), (0.00051388773, 0.999841, -0.017824901), (0.00051388773, 0.999841, -0.017824901), (0.21731132, 0.9587264, 0.18335567), (0.21731132, 0.9587264, 0.18335567), (0.21731132, 0.9587264, 0.18335567), (0.03247284, 0.9900327, 0.13704312), (0.03247284, 0.9900327, 0.13704312), (0.03247284, 0.9900327, 0.13704312), (0.063853905, 0.98572457, 0.15578736), (0.063853905, 0.98572457, 0.15578736), (0.063853905, 0.98572457, 0.15578736), (-0.15749219, 0.986294, 0.049196467), (-0.15749219, 0.986294, 0.049196467), (-0.15749219, 0.986294, 0.049196467), (-0.15344344, 0.9807716, -0.120591044), (-0.15344344, 0.9807716, -0.120591044), (-0.15344344, 0.9807716, -0.120591044), (-0.16612212, 0.97774553, -0.12812921), (-0.16612212, 0.97774553, -0.12812921), (-0.16612212, 0.97774553, -0.12812921), (0.1870296, 0.97548234, -0.11599139), (0.1870296, 0.97548234, -0.11599139), (0.1870296, 0.97548234, -0.11599139), (-0.00035889706, 0.99854124, -0.053993773), (-0.00035889706, 0.99854124, -0.053993773), (-0.00035889706, 0.99854124, -0.053993773), (0.10894574, 0.9673223, -0.22895087), (0.10894574, 0.9673223, -0.22895087), (0.10894574, 0.9673223, -0.22895087), (-0.15974037, 0.9776928, 0.13638139), (-0.15974037, 0.9776928, 0.13638139), (-0.15974037, 0.9776928, 0.13638139), (-0.15458737, 0.9879389, 0.008909379), (-0.15458737, 0.9879389, 0.008909379), (-0.15458737, 0.9879389, 0.008909379), (0.053055193, 0.9925609, 0.109581105), (0.053055193, 0.9925609, 0.109581105), (0.053055193, 0.9925609, 0.109581105), (0.014083669, 0.99951243, 0.027866377), (0.014083669, 0.99951243, 0.027866377), (0.014083669, 0.99951243, 0.027866377), (-0.01272656, 0.9958276, 0.090362184), (-0.01272656, 0.9958276, 0.090362184), (-0.01272656, 0.9958276, 0.090362184), (0.039605476, 0.97571486, 0.21543437), (0.039605476, 0.97571486, 0.21543437), (0.039605476, 0.97571486, 0.21543437), (0.11727659, 0.992778, -0.025258666), (0.11727659, 0.992778, -0.025258666), (0.11727659, 0.992778, -0.025258666), (0.15028949, 0.98858005, 0.011072759), (0.15028949, 0.98858005, 0.011072759), (0.15028949, 0.98858005, 0.011072759), (0.079262376, 0.99683124, -0.0067027994), (0.079262376, 0.99683124, -0.0067027994), (0.079262376, 0.99683124, -0.0067027994), (0.12084703, 0.9888182, 0.0873751), (0.12084703, 0.9888182, 0.0873751), (0.12084703, 0.9888182, 0.0873751), (0.0031551896, 0.9926736, -0.120785855), (0.0031551896, 0.9926736, -0.120785855), (0.0031551896, 0.9926736, -0.120785855), (0.053744514, 0.9833798, -0.173424), (0.053744514, 0.9833798, -0.173424), (0.053744514, 0.9833798, -0.173424), (0.15178384, 0.98643446, -0.06252051), (0.15178384, 0.98643446, -0.06252051), (0.15178384, 0.98643446, -0.06252051), (0.045097154, 0.98551244, -0.16349733), (0.045097154, 0.98551244, -0.16349733), (0.045097154, 0.98551244, -0.16349733), (-0.045174774, 0.991698, -0.12039167), (-0.045174774, 0.991698, -0.12039167), (-0.045174774, 0.991698, -0.12039167), (-0.20653072, 0.9714777, 0.116516344), (-0.20653072, 0.9714777, 0.116516344), (-0.20653072, 0.9714777, 0.116516344), (0.09294103, 0.9882472, 0.12136475), (0.09294103, 0.9882472, 0.12136475), (0.09294103, 0.9882472, 0.12136475), (0.015360676, 0.98090804, 0.19386415), (0.015360676, 0.98090804, 0.19386415), (0.015360676, 0.98090804, 0.19386415), (0.11299566, 0.98816305, -0.10375768), (0.11299566, 0.98816305, -0.10375768), (0.11299566, 0.98816305, -0.10375768), (0.046131022, 0.99183476, -0.11889395), (0.046131022, 0.99183476, -0.11889395), (0.046131022, 0.99183476, -0.11889395), (0.25918666, 0.9657329, 0.013501423), (0.25918666, 0.9657329, 0.013501423), (0.25918666, 0.9657329, 0.013501423), (0.21739927, 0.97408277, -0.062451746), (0.21739927, 0.97408277, -0.062451746), (0.21739927, 0.97408277, -0.062451746), (0.26446837, 0.96416116, -0.021207193), (0.26446837, 0.96416116, -0.021207193), (0.26446837, 0.96416116, -0.021207193), (0.019953473, 0.99648404, -0.08137247), (0.019953473, 0.99648404, -0.08137247), (0.019953473, 0.99648404, -0.08137247), (-0.004234456, 0.9996587, -0.02577581), (-0.004234456, 0.9996587, -0.02577581), (-0.004234456, 0.9996587, -0.02577581), (-0.20085476, 0.9751149, 0.09385334), (-0.20085476, 0.9751149, 0.09385334), (-0.20085476, 0.9751149, 0.09385334), (-0.07830449, 0.9865948, -0.14317505), (-0.07830449, 0.9865948, -0.14317505), (-0.07830449, 0.9865948, -0.14317505), (-0.078716524, 0.98999166, -0.11713387), (-0.078716524, 0.98999166, -0.11713387), (-0.078716524, 0.98999166, -0.11713387), (0.26924056, 0.95667166, -0.11085568), (0.26924056, 0.95667166, -0.11085568), (0.26924056, 0.95667166, -0.11085568), (0.017205125, 0.98059237, 0.19530097), (0.017205125, 0.98059237, 0.19530097), (0.017205125, 0.98059237, 0.19530097), (-0.13055412, 0.9878941, -0.08378986), (-0.13055412, 0.9878941, -0.08378986), (-0.13055412, 0.9878941, -0.08378986), (0.18364729, 0.9812538, 0.05843454), (0.18364729, 0.9812538, 0.05843454), (0.18364729, 0.9812538, 0.05843454), (0.060339913, 0.99584156, 0.068254985), (0.060339913, 0.99584156, 0.068254985), (0.060339913, 0.99584156, 0.068254985), (0.25013536, 0.9680986, -0.014746455), (0.25013536, 0.9680986, -0.014746455), (0.25013536, 0.9680986, -0.014746455), (-0.011254251, 0.9877484, -0.15564898), (-0.011254251, 0.9877484, -0.15564898), (-0.011254251, 0.9877484, -0.15564898), (-0.11541679, 0.96491045, 0.2358536), (-0.11541679, 0.96491045, 0.2358536), (-0.11541679, 0.96491045, 0.2358536), (0.07375728, 0.98960924, -0.1234235), (0.07375728, 0.98960924, -0.1234235), (0.07375728, 0.98960924, -0.1234235), (0.09647862, 0.9666767, -0.23712435), (0.09647862, 0.9666767, -0.23712435), (0.09647862, 0.9666767, -0.23712435), (-0.014322917, 0.9998895, -0.003982576), (-0.014322917, 0.9998895, -0.003982576), (-0.014322917, 0.9998895, -0.003982576), (0.094115235, 0.9952863, -0.023399042), (0.094115235, 0.9952863, -0.023399042), (0.094115235, 0.9952863, -0.023399042), (-0.029778276, 0.9810461, 0.19147299), (-0.029778276, 0.9810461, 0.19147299), (-0.029778276, 0.9810461, 0.19147299), (0.096580826, 0.97933817, -0.17767647), (0.096580826, 0.97933817, -0.17767647), (0.096580826, 0.97933817, -0.17767647), (0.0042942115, 0.9996941, -0.02435779), (0.0042942115, 0.9996941, -0.02435779), (0.0042942115, 0.9996941, -0.02435779), (-0.028386569, 0.9980387, -0.05579446), (-0.028386569, 0.9980387, -0.05579446), (-0.028386569, 0.9980387, -0.05579446), (0.049071483, 0.98787117, -0.14731757), (0.049071483, 0.98787117, -0.14731757), (0.049071483, 0.98787117, -0.14731757), (0.030938374, 0.9979887, 0.055329204), (0.030938374, 0.9979887, 0.055329204), (0.030938374, 0.9979887, 0.055329204), (-0.092751265, 0.9955135, -0.018707281), (-0.092751265, 0.9955135, -0.018707281), (-0.092751265, 0.9955135, -0.018707281), (0.21925299, 0.971208, -0.09318331), (0.21925299, 0.971208, -0.09318331), (0.21925299, 0.971208, -0.09318331), (0.15519342, 0.98767835, -0.020163871), (0.15519342, 0.98767835, -0.020163871), (0.15519342, 0.98767835, -0.020163871), (0.103573054, 0.99439937, 0.021037351), (0.103573054, 0.99439937, 0.021037351), (0.103573054, 0.99439937, 0.021037351), (-0.045447346, 0.9982657, 0.03741965), (-0.045447346, 0.9982657, 0.03741965), (-0.045447346, 0.9982657, 0.03741965), (0.04176084, 0.9922167, 0.117311575), (0.04176084, 0.9922167, 0.117311575), (0.04176084, 0.9922167, 0.117311575), (0.073475786, 0.99559844, -0.058180515), (0.073475786, 0.99559844, -0.058180515), (0.073475786, 0.99559844, -0.058180515), (0.0778108, 0.99127614, 0.10638133), (0.0778108, 0.99127614, 0.10638133), (0.0778108, 0.99127614, 0.10638133), (0.16314219, 0.9865807, 0.0065571275), (0.16314219, 0.9865807, 0.0065571275), (0.16314219, 0.9865807, 0.0065571275), (0.16387327, 0.9854881, -0.04425807), (0.16387327, 0.9854881, -0.04425807), (0.16387327, 0.9854881, -0.04425807), (0.20831086, 0.9773882, 0.036317863), (0.20831086, 0.9773882, 0.036317863), (0.20831086, 0.9773882, 0.036317863), (0.18666509, 0.98100203, -0.05283282), (0.18666509, 0.98100203, -0.05283282), (0.18666509, 0.98100203, -0.05283282), (0.06930822, 0.99519074, 0.069222316), (0.06930822, 0.99519074, 0.069222316), (0.06930822, 0.99519074, 0.069222316), (-0.0036819698, 0.998953, -0.04560087), (-0.0036819698, 0.998953, -0.04560087), (-0.0036819698, 0.998953, -0.04560087), (0.09852142, 0.99296993, -0.06560737), (0.09852142, 0.99296993, -0.06560737), (0.09852142, 0.99296993, -0.06560737), (0.23198865, 0.9473606, -0.22065604), (0.23198865, 0.9473606, -0.22065604), (0.23198865, 0.9473606, -0.22065604), (0.22131962, 0.9740205, -0.047975596), (0.22131962, 0.9740205, -0.047975596), (0.22131962, 0.9740205, -0.047975596), (-0.05061687, 0.998718, -0.00052737544), (-0.05061687, 0.998718, -0.00052737544), (-0.05061687, 0.998718, -0.00052737544), (-0.039436005, 0.9835271, 0.17640673), (-0.039436005, 0.9835271, 0.17640673), (-0.039436005, 0.9835271, 0.17640673), (-0.17076257, 0.9849466, 0.026838096), (-0.17076257, 0.9849466, 0.026838096), (-0.17076257, 0.9849466, 0.026838096), (-0.10944055, 0.99225086, 0.058829166), (-0.10944055, 0.99225086, 0.058829166), (-0.10944055, 0.99225086, 0.058829166), (0.0048696185, 0.998343, 0.0573372), (0.0048696185, 0.998343, 0.0573372), (0.0048696185, 0.998343, 0.0573372), (-0.06740138, 0.98844063, -0.13580249), (-0.06740138, 0.98844063, -0.13580249), (-0.06740138, 0.98844063, -0.13580249), (0.051514782, 0.9977175, 0.043657873), (0.051514782, 0.9977175, 0.043657873), (0.051514782, 0.9977175, 0.043657873), (-0.03090446, 0.9906888, -0.13259225), (-0.03090446, 0.9906888, -0.13259225), (-0.03090446, 0.9906888, -0.13259225), (0.031653665, 0.97317964, -0.22785863), (0.031653665, 0.97317964, -0.22785863), (0.031653665, 0.97317964, -0.22785863), (0.122260414, 0.93750024, 0.3258001), (0.122260414, 0.93750024, 0.3258001), (0.122260414, 0.93750024, 0.3258001), (0.15428029, 0.92798537, -0.33917654), (0.15428029, 0.92798537, -0.33917654), (0.15428029, 0.92798537, -0.33917654), (0.13258035, 0.98783094, -0.08131743), (0.13258035, 0.98783094, -0.08131743), (0.13258035, 0.98783094, -0.08131743), (0.1850973, 0.98271275, 0.0038171501), (0.1850973, 0.98271275, 0.0038171501), (0.1850973, 0.98271275, 0.0038171501), (0.052973125, 0.9911622, -0.121619366), (0.052973125, 0.9911622, -0.121619366), (0.052973125, 0.9911622, -0.121619366), (-0.020635325, 0.9752459, -0.22015785), (-0.020635325, 0.9752459, -0.22015785), (-0.020635325, 0.9752459, -0.22015785), (0.025510702, 0.9905391, 0.13483904), (0.025510702, 0.9905391, 0.13483904), (0.025510702, 0.9905391, 0.13483904), (0.25051743, 0.9680233, -0.013112579), (0.25051743, 0.9680233, -0.013112579), (0.25051743, 0.9680233, -0.013112579), (0.1118267, 0.9937191, 0.004152779), (0.1118267, 0.9937191, 0.004152779), (0.1118267, 0.9937191, 0.004152779), (0.0698617, 0.9931306, 0.093866095), (0.0698617, 0.9931306, 0.093866095), (0.0698617, 0.9931306, 0.093866095), (0.103666216, 0.99386805, -0.038465485), (0.14730358, 0.98889905, -0.019503511), (0.103666216, 0.99386805, -0.038465485), (0.18251482, 0.9823437, -0.041098136), (0.1825109, 0.9823446, -0.041095175), (0.18251126, 0.9823446, -0.041094884), (0.11045444, 0.96917725, -0.22021642), (0.11045444, 0.96917725, -0.22021642), (0.11045444, 0.96917725, -0.22021642), (0.30591306, 0.95131195, 0.037717987), (0.30591306, 0.95131195, 0.037717987), (0.30591306, 0.95131195, 0.037717987), (0.013234897, 0.9898093, -0.14178316), (0.013234897, 0.9898093, -0.14178316), (0.013234897, 0.9898093, -0.14178316), (0.23027311, 0.97210556, 0.04455404), (0.23027311, 0.97210556, 0.04455404), (0.23027311, 0.97210556, 0.04455404), (-0.0063614515, 0.9971207, -0.07556272), (-0.0063614515, 0.9971207, -0.07556272), (-0.0063614515, 0.9971207, -0.07556272), (0.20027573, 0.95106995, 0.23527774), (0.20027573, 0.95106995, 0.23527774), (0.20027573, 0.95106995, 0.23527774), (-0.16771486, 0.9794176, 0.112306856), (-0.16771486, 0.9794176, 0.112306856), (-0.16771486, 0.9794176, 0.112306856), (-0.023802651, 0.95358664, -0.30017662), (-0.023802651, 0.95358664, -0.30017662), (-0.023802651, 0.95358664, -0.30017662), (-0.3172305, 0.947396, 0.04249405), (-0.3172305, 0.947396, 0.04249405), (-0.3172305, 0.947396, 0.04249405), (-0.21012296, 0.96468353, 0.15885255), (-0.21012296, 0.96468353, 0.15885255), (-0.21012296, 0.96468353, 0.15885255), (0.14099893, 0.9864992, 0.08329921), (0.14099893, 0.9864992, 0.08329921), (0.14099893, 0.9864992, 0.08329921), (0.15474959, 0.9851248, -0.07470938), (0.15474959, 0.9851248, -0.07470938), (0.15474959, 0.9851248, -0.07470938), (0.03003439, 0.9889853, 0.14493422), (0.03003439, 0.9889853, 0.14493422), (0.03003439, 0.9889853, 0.14493422), (0.026619216, 0.9996159, -0.007709723), (0.026619216, 0.9996159, -0.007709723), (0.026619216, 0.9996159, -0.007709723), (-0.026423622, 0.96676594, 0.25429383), (-0.026423622, 0.96676594, 0.25429383), (-0.026423622, 0.96676594, 0.25429383), (-0.13093461, 0.9907941, 0.034398593), (-0.13093461, 0.9907941, 0.034398593), (-0.13093461, 0.9907941, 0.034398593), (0.29264545, 0.9555473, 0.035889775), (0.29264545, 0.9555473, 0.035889775), (0.29264545, 0.9555473, 0.035889775), (-0.009680026, 0.98060405, -0.19575988), (-0.009680026, 0.98060405, -0.19575988), (-0.009680026, 0.98060405, -0.19575988), (0.11867379, 0.98490846, -0.12598357), (0.11867379, 0.98490846, -0.12598357), (0.11867379, 0.98490846, -0.12598357), (0.22933695, 0.9625118, -0.14482924), (0.22933695, 0.9625118, -0.14482924), (0.22933695, 0.9625118, -0.14482924), (0.016230999, 0.9918228, -0.12658662), (0.016230999, 0.9918228, -0.12658662), (0.016230999, 0.9918228, -0.12658662), (0.11342158, 0.98396, -0.13768905), (0.11342158, 0.98396, -0.13768905), (0.11342158, 0.98396, -0.13768905), (0.013455388, 0.99990106, 0.004111319), (0.013455388, 0.99990106, 0.004111319), (0.013455388, 0.99990106, 0.004111319), (0.12837124, 0.9681078, 0.2151463), (0.12837124, 0.9681078, 0.2151463), (0.12837124, 0.9681078, 0.2151463), (-0.025099497, 0.9983234, 0.052157246), (-0.025099497, 0.9983234, 0.052157246), (-0.025099497, 0.9983234, 0.052157246), (-0.22161599, 0.96449316, -0.1436635), (-0.22161599, 0.96449316, -0.1436635), (-0.22161599, 0.96449316, -0.1436635), (-0.1181414, 0.9792749, 0.16450885), (-0.1181414, 0.9792749, 0.16450885), (-0.1181414, 0.9792749, 0.16450885), (-0.021790253, 0.9604904, 0.27745906), (-0.021790253, 0.9604904, 0.27745906), (-0.021790253, 0.9604904, 0.27745906), (-0.11142793, 0.99322623, 0.032946214), (-0.11142793, 0.99322623, 0.032946214), (-0.11142793, 0.99322623, 0.032946214), (0.004725251, 0.9938917, 0.11025797), (0.004725251, 0.9938917, 0.11025797), (0.004725251, 0.9938917, 0.11025797), (-0.007883923, 0.982979, -0.18354876), (-0.007883923, 0.982979, -0.18354876), (-0.007883923, 0.982979, -0.18354876), (-0.090188175, 0.9959198, 0.003111881), (-0.090188175, 0.9959198, 0.003111881), (-0.090188175, 0.9959198, 0.003111881), (-0.0117808785, 0.98888576, 0.14820984), (-0.0117808785, 0.98888576, 0.14820984), (-0.0117808785, 0.98888576, 0.14820984), (-0.12075373, 0.9871208, 0.10493269), (-0.12075373, 0.9871208, 0.10493269), (-0.12075373, 0.9871208, 0.10493269), (0.09202611, 0.9886113, -0.11907531), (0.09202611, 0.9886113, -0.11907531), (0.09202611, 0.9886113, -0.11907531), (0.00886825, 0.9937716, -0.11108305), (0.00886825, 0.9937716, -0.11108305), (0.00886825, 0.9937716, -0.11108305), (0.20242557, 0.96932316, 0.13941483), (0.20242557, 0.96932316, 0.13941483), (0.20242557, 0.96932316, 0.13941483), (0.09994751, 0.9800677, 0.17169102), (0.09994751, 0.9800677, 0.17169102), (0.09994751, 0.9800677, 0.17169102), (0.27703878, 0.94194573, 0.18970428), (0.27703878, 0.94194573, 0.18970428), (0.27703878, 0.94194573, 0.18970428), (-0.22551614, 0.973525, -0.03730248), (-0.22551614, 0.973525, -0.03730248), (-0.22551614, 0.973525, -0.03730248), (0.047270723, 0.9988734, -0.0041661314), (0.047270723, 0.9988734, -0.0041661314), (0.047270723, 0.9988734, -0.0041661314), (0.09266655, 0.99401265, 0.057893876), (0.09266655, 0.99401265, 0.057893876), (0.09266655, 0.99401265, 0.057893876), (0.05783794, 0.98404056, 0.16828234), (0.05783794, 0.98404056, 0.16828234), (0.05783794, 0.98404056, 0.16828234), (-0.018935379, 0.9458056, 0.32418066), (-0.018935379, 0.9458056, 0.32418066), (-0.018935379, 0.9458056, 0.32418066), (-0.21006203, 0.97129905, 0.11158886), (-0.21006203, 0.97129905, 0.11158886), (-0.21006203, 0.97129905, 0.11158886), (-0.2389492, 0.96617156, -0.0970342), (-0.2389492, 0.96617156, -0.0970342), (-0.2389492, 0.96617156, -0.0970342), (0.046031807, 0.99563205, 0.08122851), (0.046031807, 0.99563205, 0.08122851), (0.046031807, 0.99563205, 0.08122851), (0.007345331, 0.99026275, 0.13901712), (0.007345331, 0.99026275, 0.13901712), (0.007345331, 0.99026275, 0.13901712), (0.13178743, 0.9884964, 0.07420889), (0.13178743, 0.9884964, 0.07420889), (0.13178743, 0.9884964, 0.07420889), (-0.09237758, 0.99385744, -0.060941104), (-0.09237758, 0.99385744, -0.060941104), (-0.09237758, 0.99385744, -0.060941104), (0.13911185, 0.95677596, -0.25539678), (0.13911185, 0.95677596, -0.25539678), (0.13911185, 0.95677596, -0.25539678), (0.11707967, 0.9705804, -0.21039476), (0.11707967, 0.9705804, -0.21039476), (0.11707967, 0.9705804, -0.21039476), (-0.015539118, 0.9960782, -0.087102525), (-0.015539118, 0.9960782, -0.087102525), (-0.015539118, 0.9960782, -0.087102525), (-0.08595703, 0.99570847, 0.034293436), (-0.08595703, 0.99570847, 0.034293436), (-0.08595703, 0.99570847, 0.034293436), (-0.07847485, 0.9966529, 0.02290655), (-0.07847485, 0.9966529, 0.02290655), (-0.07847485, 0.9966529, 0.02290655), (0.1636645, 0.27133018, -0.9484692), (0.16366418, 0.27132985, -0.94846946), (0.16366455, 0.27133018, -0.9484692), (0.16368239, 0.27130735, -0.9484727), (0.16368309, 0.27130798, -0.9484723), (0.16368261, 0.27130756, -0.9484727), (-0.021330839, 0.99664056, 0.079073235), (-0.021115206, 0.99659, 0.07976522), (-0.021766245, 0.99674135, 0.077671334), (-0.025058918, 0.99743384, 0.067066155), (-0.011059674, 0.9999243, 0.0054014553), (-0.010954097, 0.99992645, 0.0052173454), (-0.008514457, 0.9999633, 0.0009579739), (-0.011333007, 0.99991846, 0.0058786753), (-0.1625519, 0.97829777, -0.12849289), (-0.1601635, 0.9797561, -0.12010687), (-0.16244625, 0.97836393, -0.12812158), (-0.16005741, 0.97981846, -0.11973854), (0.0736677, 0.99618524, 0.04677812), (0.07207142, 0.9963624, 0.04547227), (0.07377526, 0.9961731, 0.046866126), (0.07538366, 0.99598986, 0.048181955), (-0.18986025, 0.98177296, 0.008657292), (-0.19013464, 0.981716, 0.009078711), (-0.19575606, 0.9804925, 0.017726207), (-0.19626617, 0.9803759, 0.018514289), (0.010090986, 0.9884121, 0.15145838), (0.00629436, 0.9879622, 0.15456729), (0.0060571413, 0.9879336, 0.1547601), (0.010214681, 0.98842674, 0.15135503), (0.2030688, 0.9678128, 0.14866568), (0.19964479, 0.96954083, 0.14188954), (0.20471537, 0.9680254, 0.14497784), (0.19690526, 0.9695664, 0.14549655), (0.19753613, 0.96931344, 0.14632487), (0.197395, 0.9693508, 0.14626734), (-0.15233082, 0.97739875, 0.14658426), (-0.14756355, 0.977216, 0.15255818), (-0.15168263, 0.977377, 0.14739926), (-0.14664944, 0.9771746, 0.15370023), (-0.07924903, 0.9967062, -0.017213384), (-0.079224, 0.9967002, -0.01766496), (-0.07921575, 0.9966983, -0.017814022), (-0.079199605, 0.9966943, -0.018104857), (-0.101422, 0.9939413, 0.04235878), (-0.10163729, 0.9939553, 0.04150677), (-0.10030963, 0.99385923, 0.046711575), (-0.09898911, 0.9937355, 0.05187592), (-0.103485964, 0.99119145, 0.08264396), (-0.10336516, 0.99074906, 0.087932006), (-0.103357464, 0.99072003, 0.08826662), (-0.10350497, 0.99125916, 0.081804134), (0.041761104, 0.99108887, -0.12648664), (0.041666593, 0.9910767, -0.12661299), (0.041105893, 0.9910041, -0.12736255), (0.04231402, 0.9911595, -0.12574732), (0.21512954, 0.97264826, 0.08760484), (0.21645775, 0.97209597, 0.09041811), (0.21633193, 0.97214884, 0.09015118), (0.21493529, 0.9727284, 0.08719163), (0.16220702, 0.9861224, -0.035377637), (0.1587458, 0.9869359, -0.02751938), (0.16240028, 0.9860746, -0.035816886), (0.16256915, 0.9860329, -0.03619894), (-0.06599885, 0.99781847, 0.0016132143), (-0.07042518, 0.99750817, 0.004206676), (-0.064600386, 0.9979109, 0.0007948674), (-0.07153905, 0.997426, 0.0048590098), (0.08530015, 0.9950151, -0.051660895), (0.08718269, 0.9947789, -0.0530486), (0.08585036, 0.99494666, -0.052066386), (0.0877359, 0.9947084, -0.0534566), (0.0561147, 0.99715096, -0.050410885), (0.05481326, 0.9971661, -0.051528566), (0.054927696, 0.9971649, -0.051429957), (0.048105083, 0.997198, -0.057290584), (-0.0909727, 0.9812107, -0.17014499), (-0.09094765, 0.98119974, -0.17022233), (-0.09109562, 0.981265, -0.16976574), (-0.09079883, 0.9811337, -0.17068127), (0.28498268, 0.94478935, 0.1617343), (0.2774383, 0.946752, 0.16336648), (0.28405982, 0.945033, 0.16193442), (0.27674812, 0.9469283, 0.16351552), (0.16184449, 0.97822577, -0.12992547), (0.16167006, 0.9783252, -0.1293934), (0.16167887, 0.9783201, -0.12942016), (0.16145524, 0.978447, -0.12873818), (0.14602077, 0.97786707, -0.14984675), (0.15242986, 0.9749979, -0.16169168), (0.15192433, 0.9752312, -0.1607582), (0.14593591, 0.9779017, -0.14970276), (-0.14371173, 0.97267175, -0.18236399), (-0.1382063, 0.9720597, -0.18973376), (-0.14329639, 0.9726279, -0.18292376), (-0.13764249, 0.9719928, -0.19048505), (0.050937627, 0.9845846, -0.16732764), (0.046823833, 0.985037, -0.16586), (0.04666351, 0.9850546, -0.16580077), (0.04653503, 0.9850677, -0.16575946), (0.12154854, 0.99221593, -0.027084839), (0.12286831, 0.9919768, -0.02975457), (0.12297899, 0.99195635, -0.029978432), (0.12147533, 0.9922288, -0.026940173), (0.05126054, 0.9982993, 0.027767414), (0.049838565, 0.99834824, 0.028580973), (0.05066679, 0.9983199, 0.028107308), (0.049746677, 0.99835134, 0.028633894), (-0.030737903, 0.9845717, 0.17226076), (-0.029062135, 0.98546356, 0.16738266), (-0.030215997, 0.98478186, 0.17114817), (-0.027898714, 0.9856857, 0.16626944), (-0.025007447, 0.9842375, 0.1750748), (-0.0129022775, 0.98493385, 0.17244926), (-0.12588334, 0.9920447, -0.0008639952), (-0.12591475, 0.9920407, -0.00083096983), (-0.089993894, 0.99588734, -0.010465177), (-0.12589976, 0.9920426, -0.000847482), (-0.14550203, 0.98884714, -0.031788327), (-0.067189716, 0.98344684, 0.16827871), (-0.067199364, 0.9834458, 0.16828077), (-0.06720259, 0.9834452, 0.16828352), (-0.028184647, 0.98757046, 0.15462944), (-0.10078045, 0.9466852, 0.30599087), (-0.10076045, 0.9466897, 0.3059833), (-0.10079438, 0.94668204, 0.30599615), (-0.06891738, 0.95369923, 0.2927593), (0.023361962, 0.98134804, -0.19081493), (0.023367813, 0.9813462, -0.19082323), (0.02336208, 0.98134845, -0.19081274), (-0.0038954553, 0.98794925, -0.15472907), (0.013024662, 0.98786443, -0.15477125), (-0.029678736, 0.99554473, 0.08949824), (-0.029686343, 0.9955446, 0.089497045), (-0.029667903, 0.9955448, 0.08950051), (0.0049145473, 0.9951239, 0.098510414), (0.036377393, 0.989062, 0.14294416), (0.036383618, 0.98906225, 0.14294088), (0.036368866, 0.9890617, 0.14294907), (0.06164504, 0.989678, 0.1293722), (0.05715751, 0.99835473, 0.0045635733), (0.05718124, 0.99835336, 0.0045628184), (0.057160545, 0.99835455, 0.004562187), (0.08912002, 0.99601424, 0.0036641576), (-0.022713179, 0.99679786, -0.07666984), (-0.022682354, 0.9967982, -0.07667317), (-0.022769926, 0.9967969, -0.07666422), (-0.028973062, 0.9966839, -0.07603718), (0.029159358, 0.99313354, -0.113292895), (0.02917856, 0.99313337, -0.11329072), (0.029149326, 0.9931338, -0.11329354), (0.036497273, 0.9929838, -0.11247715), (-0.07922689, 0.977993, 0.19300982), (-0.07926526, 0.9779926, 0.19299616), (-0.079233065, 0.9779929, 0.19300753), (-0.089885995, 0.97784424, 0.18905324), (-0.048435558, 0.9915742, 0.12014358), (-0.04843859, 0.99157435, 0.12014102), (-0.048417058, 0.9915733, 0.12015918), (-0.0837585, 0.99222845, 0.09201702), (0.15345116, 0.985463, 0.07290615), (0.1534549, 0.98546404, 0.07288561), (0.15344615, 0.9854624, 0.07292585), (0.16002291, 0.986198, 0.042501155), (0.09463891, 0.9667786, 0.2374504), (0.09464301, 0.966778, 0.23745112), (0.094658315, 0.96677554, 0.23745476), (0.13616247, 0.9591153, 0.24810782), (0.058678385, 0.97685605, 0.2056915), (0.05867122, 0.9768565, 0.2056913), (0.058685143, 0.9768554, 0.20569281), (0.04057143, 0.9784158, 0.20262422), (0.17312163, 0.9739803, 0.14625727), (0.17312415, 0.97397995, 0.14625688), (0.17313503, 0.9739779, 0.14625743), (0.19868132, 0.96919584, 0.1455509), (-0.16873635, 0.9833913, -0.066854924), (-0.16873685, 0.98339117, -0.06685587), (-0.16874051, 0.9833905, -0.066856585), (-0.19360738, 0.978109, -0.0762826), (0.16751117, 0.98551255, -0.026549734), (0.16749112, 0.9855155, -0.02657294), (0.16750301, 0.9855137, -0.026558282), (0.15335247, 0.9872163, -0.043438166), (-0.05373273, 0.99855167, 0.0027266622), (-0.053719807, 0.99855226, 0.0027561546), (-0.053732578, 0.99855167, 0.0027279006), (-0.049198147, 0.9987098, 0.012586843), (-0.007903967, 0.9783403, -0.20685178), (-0.007890929, 0.97833806, -0.20686333), (-0.00789467, 0.97833884, -0.20685944), (0.009470848, 0.9753788, -0.22033292), (0.10597057, 0.98783666, -0.11379343), (0.10597274, 0.9878364, -0.11379327), (0.10597796, 0.98783606, -0.11379203), (0.11378733, 0.9871317, -0.112354234), (0.040750094, 0.9897968, -0.13653499), (0.040755, 0.9897956, -0.13654144), (0.040750835, 0.98979646, -0.13653708), (0.02698241, 0.9923747, -0.12026766), (0.18699096, 0.9798666, -0.06996976), (0.1869967, 0.97986597, -0.06996295), (0.18699203, 0.9798665, -0.06996774), (0.1938137, 0.97907686, -0.062005676), (-0.09595081, 0.99525696, 0.016027613), (-0.095955126, 0.9952566, 0.016026968), (-0.09593048, 0.99525887, 0.016032685), (-0.060050823, 0.9979114, 0.023806551), (-0.04407964, 0.9791052, -0.1985198), (-0.044079322, 0.97910494, -0.19852059), (-0.04409048, 0.9791052, -0.19851714), (-0.021166736, 0.97868776, -0.20425995), (-0.007665924, 0.9872026, 0.15928654), (-0.0076765288, 0.9872032, 0.15928267), (-0.0076541896, 0.9872019, 0.15929173), (0.016443228, 0.9856651, 0.16791059), (-0.075757466, 0.9966955, -0.029306583), (-0.07575993, 0.9966954, -0.029306583), (-0.0757756, 0.99669397, -0.029312788), (-0.09809785, 0.9944944, -0.03684682), (0.2204784, 0.95966375, -0.17445575), (0.22046798, 0.9596664, -0.1744539), (0.22045885, 0.9596687, -0.17445287), (0.20105751, 0.9644741, -0.17136376), (-0.013706706, 0.99987614, 0.007736677), (-0.013707246, 0.9998759, 0.0077582314), (-0.0137078045, 0.999876, 0.0077486592), (-0.01209008, 0.99943954, -0.031215549), (0.018870626, 0.9991441, -0.036810983), (0.018869298, 0.9991441, -0.03681021), (0.018868685, 0.9991441, -0.036810603), (0.031696748, 0.9991616, -0.025909796), (0.0316895, 0.9991622, -0.025897719), (-0.056947276, 0.97361124, -0.22099367), (-0.056927573, 0.9736121, -0.22099476), (-0.05691681, 0.97361267, -0.22099519), (-0.043325715, 0.9742295, -0.221359), (0.13829029, 0.9834419, 0.117123485), (0.13827486, 0.9834436, 0.11712724), (0.1382965, 0.98344135, 0.117121), (0.1584274, 0.9810827, 0.111254804), (-0.07505798, 0.9803814, 0.18225959), (-0.075056605, 0.9803816, 0.18225926), (-0.075036354, 0.9803814, 0.18226849), (-0.099363595, 0.9800403, 0.1721858), (0.008074889, 0.9905476, -0.1369315), (-0.0047839014, 0.9909355, -0.13425301), (-0.0024777164, 0.99274, -0.12025437), (-0.004696766, 0.990902, -0.13450356), (-0.004707948, 0.9909026, -0.13449828), (-0.015590939, 0.9903861, -0.13744946), (-0.12602897, 0.97274643, -0.19463055), (-0.12603271, 0.9727453, -0.19463414), (-0.12605248, 0.9727393, -0.19465102), (-0.14235616, 0.9677441, -0.20786071), (-0.084244505, 0.9957592, -0.036967974), (-0.08425391, 0.99575895, -0.036951754), (-0.08424303, 0.9957592, -0.036970004), (-0.09792, 0.9951009, -0.013634262), (0.018136103, 0.9959376, 0.08820136), (0.018151704, 0.9959371, 0.08820242), (0.018139176, 0.99593747, 0.088201985), (0.048306033, 0.99462825, 0.09154904), (-0.14595345, 0.98910207, -0.01936059), (-0.14595312, 0.98910207, -0.019360607), (-0.1459499, 0.98910195, -0.019393636), (-0.14429109, 0.9888743, -0.036160275), (0.11263672, 0.98260456, -0.14765297), (0.1125507, 0.982614, -0.14765532), (0.11257909, 0.98261535, -0.14762475), (0.10965937, 0.98292327, -0.14777285), (0.014951922, 0.9902954, -0.13817212), (0.01493484, 0.99029607, -0.13816878), (0.014925281, 0.99029654, -0.13816658), (-0.02700221, 0.99108, -0.13050379), (0.086628385, 0.9946489, 0.056294326), (0.08662465, 0.99464935, 0.056292817), (0.08662308, 0.99464947, 0.056292694), (0.12719636, 0.9898403, 0.06353776), (0.11294884, 0.9883486, 0.10202693), (0.11296017, 0.9883475, 0.10202669), (0.11295974, 0.98834735, 0.1020282), (0.07205464, 0.9927126, 0.096591674), (0.08769855, 0.99066424, 0.10437054), (0.08763934, 0.99067175, 0.104350075), (0.087657556, 0.99066937, 0.10435641), (0.10653553, 0.98810905, 0.110863306), (-0.01102655, 0.99553996, -0.09369363), (-0.01100472, 0.99553984, -0.09369823), (-0.010993101, 0.9955397, -0.09370047), (0.009089803, 0.9951857, -0.0975852), (0.04482733, 0.9989893, -0.0032931312), (0.04482536, 0.9989894, -0.0032941417), (0.044834316, 0.99898905, -0.003278244), (0.06642939, 0.99717194, 0.035145756), (0.090430796, 0.995761, -0.016803693), (0.09044165, 0.99576026, -0.016792165), (0.090432756, 0.99576086, -0.016802141), (0.12442943, 0.9921346, 0.01365401), (-0.04036087, 0.9991811, -0.002843292), (-0.04035927, 0.9991812, -0.002842263), (-0.040350936, 0.99918145, -0.0028410652), (-0.009864099, 0.999946, 0.00329089), (-0.059066616, 0.9977695, -0.031101083), (-0.059063654, 0.99777055, -0.031072859), (-0.05906871, 0.9977689, -0.031116648), (-0.05787845, 0.998125, -0.01991255), (-0.06838711, 0.99762446, -0.008284555), (-0.06838934, 0.99762434, -0.008280267), (-0.039543007, 0.9991454, -0.012031195), (-0.06839131, 0.997624, -0.008306521), (-0.07894772, 0.99663734, -0.021934738), (-0.03449324, 0.9972115, -0.06617763), (-0.03441128, 0.99721473, -0.06617164), (-0.03452058, 0.99721044, -0.0661796), (-0.028010162, 0.9974457, -0.06570819), (-0.1388355, 0.99031365, 0.0018884504), (-0.13875426, 0.9903252, 0.0017800295), (-0.1387578, 0.99032474, 0.0017851382), (-0.14153096, 0.98991865, 0.0054877163), (0.10593073, 0.9874412, -0.117211096), (0.10590718, 0.98744524, -0.11719862), (0.10591019, 0.9874449, -0.11719971), (0.08366492, 0.99100554, -0.10444259), (-0.08730967, 0.99607486, 0.014556145), (-0.08731629, 0.99607444, 0.014549133), (-0.087328844, 0.9960735, 0.014537676), (-0.09524342, 0.9954319, 0.006635758), (0.039616425, 0.9971138, 0.06476602), (0.039585184, 0.9971154, 0.06476176), (0.039600145, 0.9971156, 0.06474821), (0.03466519, 0.9976306, 0.05942728), (0.009741124, 0.9978719, 0.06447324), (-0.14456002, 0.98522305, -0.09185871), (-0.14453873, 0.98522687, -0.09185071), (-0.14457238, 0.98522085, -0.091862544), (-0.10702818, 0.99101734, -0.08018477), (0.09370224, 0.99558014, 0.0063275797), (0.09370097, 0.99558026, 0.0063278875), (0.09369171, 0.9955812, 0.0063244076), (0.06969231, 0.99756855, -0.000011312616), (0.03383934, 0.9984522, 0.044137094), (0.033856373, 0.9984516, 0.04413814), (0.033843543, 0.99845207, 0.04413762), (0.065690964, 0.99670875, 0.04750048), (0.02015253, 0.99017686, -0.138361), (0.020175418, 0.9901787, -0.13834368), (0.02016966, 0.9901782, -0.13834815), (0.05607352, 0.99229383, -0.110492855), (0.015635634, 0.999271, 0.034830235), (-0.016386107, 0.9995185, 0.026348105), (0.015623891, 0.9992712, 0.034827672), (0.015613405, 0.99927145, 0.03482569), (0.0033077123, 0.9998827, 0.014954396), (0.0033494402, 0.9998827, 0.014945566), (-0.041289933, 0.99888223, 0.023010416), (-0.12250193, 0.9909315, -0.055208668), (-0.12249085, 0.99093366, -0.055196434), (-0.122470506, 0.9909372, -0.055176377), (-0.13222788, 0.9890742, -0.06517812), (-0.06112707, 0.9920386, 0.110103674), (-0.061123017, 0.9920386, 0.110106364), (-0.06113333, 0.99203825, 0.11010357), (-0.031968858, 0.9922897, 0.11974617), (0.17972091, 0.97930634, -0.09305573), (0.17967068, 0.9793162, -0.09304901), (0.17966604, 0.9793171, -0.09304884), (0.19328523, 0.9765535, -0.09478441), (-0.023434283, 0.99714166, -0.07182818), (-0.023422256, 0.9971424, -0.07182149), (-0.023425227, 0.99714226, -0.0718228), (0.00456323, 0.9984535, -0.055405054), (0.084382586, 0.9948508, 0.05613831), (0.0843739, 0.9948508, 0.056149628), (0.08436891, 0.9948512, 0.056152165), (0.05073197, 0.99465585, 0.08992271), (-0.09957671, 0.9748443, 0.19940706), (-0.099596925, 0.9748301, 0.19946615), (-0.09957562, 0.9748448, 0.19940493), (-0.10400384, 0.9716394, 0.2123676), (-0.046037983, 0.99495393, 0.089146376), (-0.046032906, 0.9949538, 0.08915065), (-0.046020534, 0.9949528, 0.08916867), (-0.031969532, 0.9936801, 0.10760015), (-0.0060267625, 0.9920631, 0.12559636), (-0.0060246265, 0.99206287, 0.12559766), (-0.0060347505, 0.9920632, 0.12559493), (0.03228773, 0.9903746, 0.13459447), (0.05516911, 0.9902513, -0.12790182), (0.05520679, 0.9902496, -0.12789887), (0.05518155, 0.9902507, -0.1279004), (0.041227747, 0.9907933, -0.12895289), (0.10188618, 0.9906442, -0.09079249), (0.101883516, 0.99064493, -0.09078826), (0.10189471, 0.9906425, -0.09080209), (0.07357457, 0.99529266, -0.06308204), (0.081467, 0.9947537, -0.06187209), (0.06498394, 0.9868377, -0.14808296), (0.0650047, 0.9868398, -0.14805926), (0.0650009, 0.98683935, -0.1480637), (0.06499582, 0.9868391, -0.14806825), (-0.1209822, 0.9695542, -0.21290351), (-0.120963745, 0.96955824, -0.21289559), (-0.12097344, 0.96955675, -0.21289705), (-0.120979525, 0.9695538, -0.21290687), (0.12770307, 0.9892748, -0.07090281), (0.12775199, 0.98926604, -0.07093814), (0.12778464, 0.9892601, -0.07096138), (0.12776624, 0.9892635, -0.07094822), (0.040375713, 0.98379886, -0.17466971), (0.040278547, 0.9837849, -0.17477114), (0.040299706, 0.9837878, -0.17474988), (0.04030011, 0.9837887, -0.17474467), (-0.18770084, 0.9650382, 0.18294694), (-0.18767686, 0.96504617, 0.18292956), (-0.18775536, 0.9650177, 0.18299964), (-0.18769997, 0.9650391, 0.18294369), (0.06257482, 0.9919292, -0.11027643), (0.062552884, 0.99192894, -0.110291556), (0.062101718, 0.9919218, -0.11060982), (0.06256372, 0.99192905, -0.1102838), (-0.07735554, 0.98848534, 0.13004896), (-0.07739034, 0.98848253, 0.13004997), (-0.077407174, 0.9884808, 0.13005356), (-0.077400796, 0.98848116, 0.13005452), (0.26432684, 0.961783, 0.071447395), (0.26432508, 0.96178293, 0.071455084), (0.26432464, 0.9617837, 0.07144672), (0.2643259, 0.96178347, 0.07144472), (-0.20228076, 0.9676001, -0.1511043), (-0.20228407, 0.9675986, -0.15110956), (-0.20223281, 0.96761894, -0.15104792), (-0.20226805, 0.96760464, -0.15109172), (-0.009239617, 0.99857616, 0.05253959), (-0.009220042, 0.99857557, 0.052552484), (-0.009205509, 0.9985753, 0.052560933), (-0.009209555, 0.99857545, 0.05255725), (0.1911529, 0.98146695, 0.013539519), (0.19116879, 0.98146605, 0.013379501), (0.19116017, 0.9814664, 0.013473053), (0.19116996, 0.9814657, 0.0133856395), (0.9714981, 0.23703848, -0.0020430118), (0.97149783, 0.23703974, -0.0020419788), (0.97149783, 0.2370396, -0.002042085), (0.9714967, 0.23704392, -0.0020494054), (-0.9707897, 0.2365838, -0.03994311), (-0.9707898, 0.23658374, -0.039942864), (-0.9707898, 0.23658358, -0.039942097), (-0.97079426, 0.23656462, -0.03994637), (0.9702688, 0.23659994, -0.050981496), (0.9702645, 0.2366221, -0.050958313), (0.970266, 0.23661514, -0.05096309), (0.97026604, 0.23661706, -0.05095243), (0.9708318, 0.2215975, -0.09154294), (0.97083193, 0.22159733, -0.091543056), (0.9706124, 0.22992516, 0.07103597), (0.9706123, 0.22992525, 0.07103618), (0.9706124, 0.22992484, 0.07103533), (0.9706138, 0.22991765, 0.07104117), (0.96562374, 0.24887645, 0.07504159), (0.9656236, 0.24887694, 0.07504223), (0.96562386, 0.24887626, 0.075041346), (0.96562517, 0.2488692, 0.07504801), (-0.97198445, 0.23320268, -0.029369289), (-0.97203493, 0.2330233, -0.029123822), (-0.97198945, 0.23318478, -0.02935071), (-0.97198427, 0.2332028, -0.029378286), (-0.9728627, 0.23116694, 0.010003352), (-0.9728713, 0.23112984, 0.010025403), (-0.03559025, 0.2175686, 0.9753959), (-0.035530567, 0.21763515, 0.9753832), (-0.035523977, 0.2176086, 0.9753895), (-0.03554953, 0.21758072, 0.9753947), (-0.03852234, 0.21886106, 0.9749953), (-0.038510185, 0.21889038, 0.9749892), (-0.21453474, 0.27706137, -0.9365959), (-0.21453299, 0.27706674, -0.93659467), (-0.21452269, 0.27707797, -0.9365937), (-0.2145264, 0.27707303, -0.9365943), (0.17216487, 0.24485525, 0.9541515), (0.17237747, 0.24445784, 0.954215), (0.17274222, 0.24377792, 0.954323), (0.17251399, 0.24420473, 0.95425516), (-0.2813499, 0.250926, 0.92621726), (-0.28132132, 0.2509645, 0.9262155), (-0.28135005, 0.25092617, 0.92621714), (-0.28132382, 0.25096044, 0.9262158), (-0.94174904, 0.26090065, 0.2122256), (-0.9417482, 0.26090986, 0.21221782), (-0.9417578, 0.2607635, 0.21235487), (-0.94175476, 0.26081592, 0.21230432), (-0.9032471, 0.29342386, -0.3131246), (-0.90324706, 0.29342395, -0.31312472), (-0.90324724, 0.29342362, -0.31312442), (-0.90324706, 0.29342443, -0.31312415), (-0.09069744, 0.24181539, -0.9660741), (-0.09072217, 0.24177074, -0.966083), (-0.09065437, 0.24189319, -0.9660588), (-0.09069519, 0.24181837, -0.9660737), (0.03339284, 0.2394552, -0.970333), (0.033393, 0.23945524, -0.970333), (0.033393547, 0.23945537, -0.970333), (0.033401854, 0.23941863, -0.97034174), (0.8841146, 0.30493715, -0.35405457), (0.8841185, 0.30495125, -0.3540327), (0.88411975, 0.30495512, -0.35402614), (0.88411504, 0.30493814, -0.35405275)]
    uniform token orientation
    point3f[] points = [(-9.038796, 1.9956095, 2.5684438), (-9.263391, 2.0432973, 3.6651385), (-10.664417, 1.9792578, 5.1883163), (-9.263391, 2.0432973, 3.6651385), (-8.24964, 2.1656969, 3.2065563), (-9.700693, 2.0467265, 5.033665), (-8.652049, 2.2054853, 4.331206), (-10.077667, 1.9988788, -1.5320916), (-10.181089, 2.0061, -4.036193), (-9.186136, 2.1107965, -2.1552472), (-10.181089, 2.0061, -4.036193), (-9.325551, 2.1080923, -5.3223143), (-9.137955, 2.1788695, -3.898065), (-8.974819, 2.1709962, 5.9130216), (-9.170452, 2.131925, 7.1712656), (-10.710693, 1.986856, 6.9208884), (-8.652049, 2.2054853, 4.331206), (-8.150064, 2.2494595, 4.4133), (-10.181089, 2.0061, -4.036193), (-9.137955, 2.1788695, -3.898065), (-9.186136, 2.1107965, -2.1552472), (-10.710693, 1.986856, 6.9208884), (-9.170452, 2.131925, 7.1712656), (-9.0216055, 2.0990312, 8.292104), (-9.325551, 2.1080923, -5.3223143), (-9.296626, 2.080118, -7.117849), (-8.429168, 2.249764, -6.0520434), (-9.351486, 1.9991904, 1.3565451), (-8.554511, 2.1299024, 1.7746878), (-9.038796, 1.9956095, 2.5684438), (-10.7095175, 1.9823005, 1.6113937), (-8.966949, 2.0463245, -0.62104905), (-9.351486, 1.9991904, 1.3565451), (-9.137955, 2.1788695, -3.898065), (-9.325551, 2.1080923, -5.3223143), (-7.9341865, 2.4727826, -4.980246), (-8.652049, 2.2054853, 4.331206), (-9.263391, 2.0432973, 3.6651385), (-7.7273936, 2.2023215, 3.7451663), (-9.186136, 2.1107965, -2.1552472), (-7.819605, 2.5126839, -3.2280676), (-8.024526, 2.246383, -1.803451), (-9.325551, 2.1080923, -5.3223143), (-8.424962, 2.358774, -5.489836), (-7.9341865, 2.4727826, -4.980246), (-8.429168, 2.249764, -6.0520434), (-9.296626, 2.080118, -7.117849), (-8.290387, 2.1175103, -7.3197837), (-8.24964, 2.1656969, 3.2065563), (-9.038796, 1.9956095, 2.5684438), (-7.8221555, 2.080084, 2.4804928), (-8.554511, 2.1299024, 1.7746878), (-8.576357, 2.0971353, 0.8553805), (-7.73819, 2.143207, 1.676658), (-8.472296, 2.198129, -1.3568298), (-9.186136, 2.1107965, -2.1552472), (-8.024526, 2.246383, -1.803451), (-9.638821, 1.9992256, -9.707081), (-7.647135, 2.03753, -8.72575), (-8.384871, 2.104949, -8.052421), (-7.7142363, 2.4005601, 5.365355), (-8.150064, 2.2494595, 4.4133), (-7.4606237, 2.4526482, 4.611546), (-8.576357, 2.0971353, 0.8553805), (-7.894131, 2.2077932, 0.9302734), (-7.73819, 2.143207, 1.676658), (-8.472296, 2.198129, -1.3568298), (-8.024526, 2.246383, -1.803451), (-8.014905, 2.0806715, -0.5997156), (-8.424962, 2.358774, -5.489836), (-8.429168, 2.249764, -6.0520434), (-7.9341865, 2.4727826, -4.980246), (-8.5481, 2.2483144, 7.6087275), (-8.012399, 2.3136826, 7.0924487), (-7.6377954, 2.2277036, 7.906286), (-8.24964, 2.1656969, 3.2065563), (-7.5814433, 2.1553352, 2.9068668), (-7.7273936, 2.2023215, 3.7451663), (-7.894131, 2.2077932, 0.9302734), (-8.07955, 2.1358263, 0.2650898), (-7.412919, 2.227468, 0.65391797), (-8.024526, 2.246383, -1.803451), (-7.0148435, 2.3075092, -1.6600202), (-8.014905, 2.0806715, -0.5997156), (-8.012399, 2.3136826, 7.0924487), (-7.2809343, 2.459702, 7.0421653), (-7.6377954, 2.2277036, 7.906286), (-7.1224785, 2.3554246, 4.021252), (-7.7273936, 2.2023215, 3.7451663), (-6.65035, 2.4498332, 3.5106478), (-6.529868, 2.459154, 3.95135), (-6.7718334, 2.451024, 4.6316714), (-6.2726364, 2.558415, 4.2369742), (-7.819605, 2.5126839, -3.2280676), (-7.2789264, 2.7922182, -4.2470345), (-7.0271387, 2.776324, -3.761609), (-7.3733683, 2.0140908, -9.983152), (-6.248573, 2.1542146, -8.494202), (-7.647135, 2.03753, -8.72575), (-7.7142363, 2.4005601, 5.365355), (-7.4606237, 2.4526482, 4.611546), (-6.8250914, 2.4326677, 5.545399), (-7.7273936, 2.2023215, 3.7451663), (-7.5814433, 2.1553352, 2.9068668), (-6.65035, 2.4498332, 3.5106478), (-7.5814433, 2.1553352, 2.9068668), (-7.8221555, 2.080084, 2.4804928), (-6.8717027, 2.248752, 2.6171145), (-7.8221555, 2.080084, 2.4804928), (-7.009454, 2.2962825, 2.0427065), (-6.8717027, 2.248752, 2.6171145), (-7.009454, 2.2962825, 2.0427065), (-7.73819, 2.143207, 1.676658), (-6.672878, 2.3229783, 1.8573854), (-8.129784, 2.0809855, 8.753651), (-6.9325438, 2.2972205, 7.824043), (-6.5441484, 2.1657052, 8.878848), (-7.6377954, 2.2277036, 7.906286), (-7.2809343, 2.459702, 7.0421653), (-6.9325438, 2.2972205, 7.824043), (-6.843009, 2.3903594, 0.3758229), (-7.646522, 2.1319776, 0.02208025), (-6.7215123, 2.2748914, -0.18915887), (-7.570322, 2.1622033, -7.880773), (-6.6318607, 2.0968924, -7.81411), (-7.297331, 2.2001798, -7.1378093), (-8.129784, 2.0809855, 8.753651), (-6.5441484, 2.1657052, 8.878848), (-7.1322985, 2.0027425, 10.290019), (-7.467453, 2.5156739, 6.1769657), (-6.8250914, 2.4326677, 5.545399), (-6.69133, 2.4500134, 6.31997), (-7.1741724, 2.6305556, -5.0098705), (-6.5182567, 2.7258081, -4.5142765), (-6.797414, 2.8251443, -4.1649585), (-7.0148435, 2.3075092, -1.6600202), (-6.3774548, 2.2452161, -1.4516052), (-7.045834, 2.2919896, -0.6990953), (-7.2789264, 2.7922182, -4.2470345), (-7.1741724, 2.6305556, -5.0098705), (-6.797414, 2.8251443, -4.1649585), (-6.307022, 2.5699637, -5.2532725), (-6.5182567, 2.7258081, -4.5142765), (-6.4650364, 2.4523485, -5.848311), (-7.647135, 2.03753, -8.72575), (-6.248573, 2.1542146, -8.494202), (-6.6318607, 2.0968924, -7.81411), (-6.8250914, 2.4326677, 5.545399), (-6.2532206, 2.548221, 4.9825687), (-6.3180113, 2.504803, 5.6109166), (-6.7215123, 2.2748914, -0.18915887), (-6.465112, 2.2246873, -0.78859985), (-6.2672653, 2.2772183, -0.12550488), (-6.7215123, 2.2748914, -0.18915887), (-7.045834, 2.2919896, -0.6990953), (-6.465112, 2.2246873, -0.78859985), (-6.7617893, 2.6195521, -3.0627255), (-5.7675376, 2.5112271, -3.152356), (-6.651586, 2.6182048, -2.5866394), (-6.7617893, 2.6195521, -3.0627255), (-7.0271387, 2.776324, -3.761609), (-6.3506184, 2.7289684, -3.517487), (-6.672878, 2.3229783, 1.8573854), (-6.149242, 2.4317453, 1.8170408), (-6.1028733, 2.2415445, 2.651572), (-6.797414, 2.8251443, -4.1649585), (-6.5182567, 2.7258081, -4.5142765), (-5.804319, 2.5838716, -3.7478485), (-6.5182567, 2.7258081, -4.5142765), (-6.307022, 2.5699637, -5.2532725), (-6.0218425, 2.697933, -4.7207837), (-6.8717027, 2.248752, 2.6171145), (-6.1028733, 2.2415445, 2.651572), (-6.0194964, 2.3480597, 3.389117), (-6.2672653, 2.2772183, -0.12550488), (-6.465112, 2.2246873, -0.78859985), (-5.7949967, 2.357382, -0.6196432), (-6.3774548, 2.2452161, -1.4516052), (-6.0907755, 2.468049, -2.2830925), (-5.630858, 2.4720182, -1.9947222), (-6.0907755, 2.468049, -2.2830925), (-6.651586, 2.6182048, -2.5866394), (-5.8386555, 2.4663682, -2.7922585), (-6.797414, 2.8251443, -4.1649585), (-5.804319, 2.5838716, -3.7478485), (-6.3506184, 2.7289684, -3.517487), (-5.736035, 2.4332452, -6.465477), (-6.6280494, 2.27976, -6.646593), (-5.88319, 2.1787283, -7.228769), (-6.5441484, 2.1657052, 8.878848), (-6.0161285, 2.2928686, 7.620938), (-5.58778, 2.329174, 8.322857), (-6.092416, 2.346525, 0.5644037), (-6.2672653, 2.2772183, -0.12550488), (-5.564793, 2.4239519, 0.17804329), (-6.465112, 2.2246873, -0.78859985), (-6.3774548, 2.2452161, -1.4516052), (-5.7983594, 2.248347, -1.288245), (-5.804319, 2.5838716, -3.7478485), (-6.0218425, 2.697933, -4.7207837), (-5.72286, 2.6352696, -4.2573214), (-6.6318607, 2.0968924, -7.81411), (-5.7134233, 2.277558, -7.885634), (-5.88319, 2.1787283, -7.228769), (-6.3180113, 2.504803, 5.6109166), (-5.146829, 2.519591, 5.8528767), (-5.91701, 2.5586505, 6.239448), (-6.0194964, 2.3480597, 3.389117), (-6.1028733, 2.2415445, 2.651572), (-5.5916295, 2.3111684, 2.528748), (-6.1028733, 2.2415445, 2.651572), (-6.149242, 2.4317453, 1.8170408), (-5.689436, 2.3803782, 1.7998567), (-6.3774548, 2.2452161, -1.4516052), (-5.630858, 2.4720182, -1.9947222), (-5.7983594, 2.248347, -1.288245), (-6.3485923, 2.3938856, 7.0065885), (-5.91701, 2.5586505, 6.239448), (-5.508363, 2.3444047, 6.9847465), (-6.3180113, 2.504803, 5.6109166), (-6.2532206, 2.548221, 4.9825687), (-5.146829, 2.519591, 5.8528767), (-5.4634733, 2.6723757, 4.9218783), (-6.2532206, 2.548221, 4.9825687), (-5.3242865, 2.6238647, 4.586899), (-6.2532206, 2.548221, 4.9825687), (-5.7683225, 2.4913669, 4.1227155), (-5.3242865, 2.6238647, 4.586899), (-6.0194964, 2.3480597, 3.389117), (-5.5916295, 2.3111684, 2.528748), (-5.4116526, 2.4338062, 3.0137503), (-6.1028733, 2.2415445, 2.651572), (-5.2576523, 2.4275541, 2.0516994), (-5.5916295, 2.3111684, 2.528748), (-6.092416, 2.346525, 0.5644037), (-5.117141, 2.337945, 0.6131447), (-5.519534, 2.2932603, 1.1093353), (-6.092416, 2.346525, 0.5644037), (-5.564793, 2.4239519, 0.17804329), (-5.117141, 2.337945, 0.6131447), (-6.0907755, 2.468049, -2.2830925), (-5.8386555, 2.4663682, -2.7922585), (-5.630858, 2.4720182, -1.9947222), (-5.804319, 2.5838716, -3.7478485), (-5.72286, 2.6352696, -4.2573214), (-5.0398684, 2.4202113, -3.8013747), (-6.0218425, 2.697933, -4.7207837), (-5.7259235, 2.567124, -5.0901437), (-5.72286, 2.6352696, -4.2573214), (-6.2532206, 2.548221, 4.9825687), (-5.4634733, 2.6723757, 4.9218783), (-5.146829, 2.519591, 5.8528767), (-5.3242865, 2.6238647, 4.586899), (-5.7683225, 2.4913669, 4.1227155), (-5.1654816, 2.6109858, 4.1012006), (-5.804319, 2.5838716, -3.7478485), (-5.0398684, 2.4202113, -3.8013747), (-5.7675376, 2.5112271, -3.152356), (-5.72286, 2.6352696, -4.2573214), (-5.05515, 2.511262, -4.675114), (-5.0398684, 2.4202113, -3.8013747), (-4.5854974, 2.340852, -4.1436844), (-5.508363, 2.3444047, 6.9847465), (-5.91701, 2.5586505, 6.239448), (-5.1757135, 2.498727, 6.4127154), (-5.8386555, 2.4663682, -2.7922585), (-5.0590134, 2.5178695, -2.8184633), (-5.2261987, 2.4123733, -2.3593254), (-5.4634733, 2.6723757, 4.9218783), (-4.831226, 2.6594942, 5.0894766), (-5.146829, 2.519591, 5.8528767), (-5.5916295, 2.3111684, 2.528748), (-5.2576523, 2.4275541, 2.0516994), (-5.043212, 2.3034549, 2.5302432), (-5.519534, 2.2932603, 1.1093353), (-5.117141, 2.337945, 0.6131447), (-4.726381, 2.3648224, 0.94939625), (-5.1514616, 2.3083432, -0.25830022), (-4.6164227, 2.2462542, -0.06168143), (-5.564793, 2.4239519, 0.17804329), (-5.705781, 2.5626864, -5.6179576), (-5.033707, 2.2947621, -6.068869), (-5.0020523, 2.4170413, -5.1500273), (-5.508363, 2.3444047, 6.9847465), (-4.246911, 2.6849835, 6.5583086), (-5.122771, 2.352205, 7.2908936), (-5.1757135, 2.498727, 6.4127154), (-4.246911, 2.6849835, 6.5583086), (-5.508363, 2.3444047, 6.9847465), (-5.4116526, 2.4338062, 3.0137503), (-4.5250278, 2.3846927, 3.516408), (-5.2855387, 2.4287074, 3.5630257), (-5.043212, 2.3034549, 2.5302432), (-5.2576523, 2.4275541, 2.0516994), (-4.5356917, 2.228927, 2.4410288), (-5.519534, 2.2932603, 1.1093353), (-4.726381, 2.3648224, 0.94939625), (-4.753558, 2.3220725, 1.5844424), (-5.736035, 2.4332452, -6.465477), (-4.9202833, 2.1244493, -6.939282), (-5.033707, 2.2947621, -6.068869), (-5.2318273, 2.2275138, -8.383597), (-4.592068, 2.2818608, -8.562905), (-4.957111, 2.2620285, -7.8160987), (-5.08913, 2.3802423, 7.8192234), (-5.122771, 2.352205, 7.2908936), (-4.490313, 2.4970584, 7.5459213), (-5.146829, 2.519591, 5.8528767), (-4.448707, 2.685946, 6.027796), (-5.1757135, 2.498727, 6.4127154), (-5.146829, 2.519591, 5.8528767), (-4.4976687, 2.7499228, 5.534431), (-4.448707, 2.685946, 6.027796), (-5.146829, 2.519591, 5.8528767), (-4.831226, 2.6594942, 5.0894766), (-4.4976687, 2.7499228, 5.534431), (-5.4116526, 2.4338062, 3.0137503), (-4.5356917, 2.228927, 2.4410288), (-4.5250278, 2.3846927, 3.516408), (-5.7949967, 2.357382, -0.6196432), (-4.5948234, 2.1412866, -1.8580416), (-4.360163, 2.3244145, -0.98975575), (-5.033707, 2.2947621, -6.068869), (-4.7189245, 2.324692, -5.6866364), (-5.0020523, 2.4170413, -5.1500273), (-4.490313, 2.4970584, 7.5459213), (-5.122771, 2.352205, 7.2908936), (-4.556498, 2.4574485, 7.19103), (-5.1757135, 2.498727, 6.4127154), (-4.448707, 2.685946, 6.027796), (-4.246911, 2.6849835, 6.5583086), (-4.831226, 2.6594942, 5.0894766), (-4.64756, 2.5950103, 4.357192), (-4.2872944, 2.7191536, 4.873348), (-5.2855387, 2.4287074, 3.5630257), (-4.5250278, 2.3846927, 3.516408), (-5.1654816, 2.6109858, 4.1012006), (-4.5948234, 2.1412866, -1.8580416), (-5.0590134, 2.5178695, -2.8184633), (-4.594429, 2.3934405, -2.933985), (-5.033707, 2.2947621, -6.068869), (-4.9202833, 2.1244493, -6.939282), (-4.26356, 2.316664, -6.1067815), (-5.1654816, 2.6109858, 4.1012006), (-4.5250278, 2.3846927, 3.516408), (-4.232828, 2.5862792, 4.2796435), (-4.6164227, 2.2462542, -0.06168143), (-5.1514616, 2.3083432, -0.25830022), (-4.211731, 2.2754507, -0.25435513), (-5.0020523, 2.4170413, -5.1500273), (-4.2629685, 2.2441902, -4.9989157), (-4.5854974, 2.340852, -4.1436844), (-5.0020523, 2.4170413, -5.1500273), (-4.7189245, 2.324692, -5.6866364), (-4.2629685, 2.2441902, -4.9989157), (-4.556498, 2.4574485, 7.19103), (-3.9566033, 2.4108639, 7.242318), (-4.490313, 2.4970584, 7.5459213), (-4.4976687, 2.7499228, 5.534431), (-4.0823617, 2.7975655, 5.568922), (-4.448707, 2.685946, 6.027796), (-4.232828, 2.5862792, 4.2796435), (-4.5250278, 2.3846927, 3.516408), (-3.8770986, 2.4783876, 3.4119518), (-4.5250278, 2.3846927, 3.516408), (-4.5356917, 2.228927, 2.4410288), (-3.4307027, 2.4992146, 2.8593588), (-4.357873, 2.1555645, -7.0042644), (-4.710626, 2.2755582, -7.57694), (-4.06217, 2.2187493, -7.999896), (-4.3235536, 2.4406693, 8.276844), (-4.490313, 2.4970584, 7.5459213), (-3.5080175, 2.401289, 8.081367), (-3.9090242, 2.328918, 9.051948), (-2.4801931, 2.2873168, 8.397693), (-4.246911, 2.6849835, 6.5583086), (-4.448707, 2.685946, 6.027796), (-3.912476, 2.6847374, 6.0873938), (-4.232828, 2.5862792, 4.2796435), (-3.8770986, 2.4783876, 3.4119518), (-3.7512534, 2.632806, 3.99373), (-3.8770986, 2.4783876, 3.4119518), (-4.5250278, 2.3846927, 3.516408), (-3.4307027, 2.4992146, 2.8593588), (-4.6164227, 2.2462542, -0.06168143), (-3.7611449, 2.4062264, 0.38547084), (-4.2991757, 2.31028, 0.60650545), (-4.6164227, 2.2462542, -0.06168143), (-4.211731, 2.2754507, -0.25435513), (-3.7611449, 2.4062264, 0.38547084), (-4.0784326, 2.2320755, -6.293301), (-4.9202833, 2.1244493, -6.939282), (-3.6891387, 2.19643, -6.4497514), (-4.957111, 2.2620285, -7.8160987), (-4.592068, 2.2818608, -8.562905), (-4.06217, 2.2187493, -7.999896), (-4.2872944, 2.7191536, 4.873348), (-3.753874, 2.6277719, 4.726598), (-3.6333687, 2.7266567, 5.432919), (-4.2872944, 2.7191536, 4.873348), (-4.232828, 2.5862792, 4.2796435), (-3.753874, 2.6277719, 4.726598), (-4.2991757, 2.31028, 0.60650545), (-3.7611449, 2.4062264, 0.38547084), (-4.0851016, 2.2549074, 1.0853552), (-4.26356, 2.316664, -6.1067815), (-4.0784326, 2.2320755, -6.293301), (-3.8756542, 2.2094684, -5.7391844), (-4.06217, 2.2187493, -7.999896), (-4.592068, 2.2818608, -8.562905), (-3.7067623, 2.1623163, -8.872779), (-3.9566033, 2.4108639, 7.242318), (-4.246911, 2.6849835, 6.5583086), (-3.6695294, 2.5285113, 6.7882743), (-4.232828, 2.5862792, 4.2796435), (-3.7512534, 2.632806, 3.99373), (-3.753874, 2.6277719, 4.726598), (-4.0851016, 2.2549074, 1.0853552), (-3.5696611, 2.3323388, 0.77282935), (-3.240799, 2.1277783, 1.6947474), (-4.2548494, 2.0280285, -10.1166725), (-6.446303, 1.9971147, -10.4781065), (-2.412316, 1.9800117, -10.872416), (-4.9774866, 2.037005, 10.053811), (-3.9090242, 2.328918, 9.051948), (-2.5326457, 2.0684514, 9.846209), (-3.9566033, 2.4108639, 7.242318), (-3.6695294, 2.5285113, 6.7882743), (-3.275028, 2.505775, 7.0001445), (-3.6333687, 2.7266567, 5.432919), (-3.753874, 2.6277719, 4.726598), (-3.1152182, 2.6905882, 4.899653), (-3.1152182, 2.6905882, 4.899653), (-3.753874, 2.6277719, 4.726598), (-3.2581573, 2.599498, 4.4620266), (-3.753874, 2.6277719, 4.726598), (-3.7512534, 2.632806, 3.99373), (-3.2581573, 2.599498, 4.4620266), (-3.7067623, 2.1623163, -8.872779), (-4.2548494, 2.0280285, -10.1166725), (-2.1935592, 2.0118482, -10.174902), (-1.1702881, 2.0813615, -9.176017), (-2.5069857, 2.1261103, -9.248826), (-3.7611449, 2.4062264, 0.38547084), (-2.9200711, 2.1859586, 0.16816352), (-3.5696611, 2.3323388, 0.77282935), (-3.3443267, 2.3588383, -0.48091608), (-3.5716784, 2.3100019, -0.88581777), (-2.919602, 2.3362205, -0.83304214), (-3.9441893, 2.1604784, -2.4873226), (-3.218784, 2.009254, -2.732897), (-3.3014615, 2.150297, -1.9647871), (-3.7067623, 2.1623163, -8.872779), (-3.0179088, 2.1306672, -8.772703), (-2.9206755, 2.2879183, -7.633175), (-3.7067623, 2.1623163, -8.872779), (-2.1935592, 2.0118482, -10.174902), (-2.5069857, 2.1261103, -9.248826), (-3.5080175, 2.401289, 8.081367), (-3.275028, 2.505775, 7.0001445), (-2.3907707, 2.3012238, 7.426043), (-3.8770986, 2.4783876, 3.4119518), (-2.927036, 2.4232335, 3.288397), (-2.918853, 2.5332108, 3.663737), (-3.854304, 2.2953563, 2.3449419), (-3.240799, 2.1277783, 1.6947474), (-2.9956784, 2.2214396, 2.296598), (-3.5971859, 2.1969354, -1.7733138), (-3.3014615, 2.150297, -1.9647871), (-2.8842983, 2.1709673, -1.510016), (-3.2264678, 2.0878694, -5.2240753), (-2.890634, 2.1343358, -4.5068617), (-3.1564639, 2.2202642, -4.464537), (-3.3884563, 2.1754327, -5.6649094), (-2.7339787, 2.3071012, -5.8947954), (-3.2264678, 2.0878694, -5.2240753), (-2.9067404, 2.0686567, -3.9367113), (-3.1564639, 2.2202642, -4.464537), (-2.890634, 2.1343358, -4.5068617), (-2.890634, 2.1343358, -4.5068617), (-3.2264678, 2.0878694, -5.2240753), (-2.758287, 2.0866227, -5.124008), (-3.2264678, 2.0878694, -5.2240753), (-2.7339787, 2.3071012, -5.8947954), (-2.758287, 2.0866227, -5.124008), (-3.0179088, 2.1306672, -8.772703), (-3.7067623, 2.1623163, -8.872779), (-2.5069857, 2.1261103, -9.248826), (-3.1152182, 2.6905882, 4.899653), (-2.7054305, 2.567026, 4.7113853), (-2.9604034, 2.696405, 5.28786), (-3.4307027, 2.4992146, 2.8593588), (-2.5436707, 2.2355525, 2.719006), (-2.927036, 2.4232335, 3.288397), (-2.9956784, 2.2214396, 2.296598), (-2.787251, 2.1506076, 1.4569317), (-2.4602737, 2.2937257, 1.9124475), (-2.890634, 2.1343358, -4.5068617), (-2.6417954, 2.0990272, -4.247651), (-2.9067404, 2.0686567, -3.9367113), (-2.927036, 2.4232335, 3.288397), (-2.2136452, 2.37318, 3.3580108), (-2.918853, 2.5332108, 3.663737), (-2.9956784, 2.2214396, 2.296598), (-2.4602737, 2.2937257, 1.9124475), (-2.5436707, 2.2355525, 2.719006), (-2.9200711, 2.1859586, 0.16816352), (-2.2083404, 2.1825562, 0.13340187), (-2.5574744, 2.1466746, 0.66203976), (-2.7215588, 2.227179, -3.3723433), (-2.9067404, 2.0686567, -3.9367113), (-2.3214, 2.1891594, -3.7063239), (-2.675814, 2.2393477, -7.9451056), (-3.0179088, 2.1306672, -8.772703), (-2.5069857, 2.1261103, -9.248826), (-2.3063164, 2.513615, 5.219579), (-2.7054305, 2.567026, 4.7113853), (-2.2086973, 2.5240114, 4.488202), (-1.2618985, 2.4184744, 5.0205865), (-1.1305656, 2.378, 5.5696855), (-1.8087951, 2.4431338, 5.6525145), (-2.615322, 2.4979835, 4.1696997), (-2.2086973, 2.5240114, 4.488202), (-2.7054305, 2.567026, 4.7113853), (-2.927036, 2.4232335, 3.288397), (-2.5436707, 2.2355525, 2.719006), (-2.2136452, 2.37318, 3.3580108), (-2.5436707, 2.2355525, 2.719006), (-2.4602737, 2.2937257, 1.9124475), (-2.0108266, 2.2790458, 2.385054), (-2.787251, 2.1506076, 1.4569317), (-2.5574744, 2.1466746, 0.66203976), (-1.7674212, 2.025648, 0.7554935), (-2.6417954, 2.0990272, -4.247651), (-1.9970027, 2.297999, -4.1995893), (-2.3214, 2.1891594, -3.7063239), (-2.758287, 2.0866227, -5.124008), (-2.7339787, 2.3071012, -5.8947954), (-2.3255022, 2.0252163, -4.991713), (-2.9386246, 2.258571, -6.3979564), (-2.0864134, 2.382233, -6.707937), (-2.436543, 2.2832634, -6.2956204), (-2.9386246, 2.258571, -6.3979564), (-2.5160282, 2.2986004, -7.3318906), (-2.0864134, 2.382233, -6.707937), (-2.675814, 2.2393477, -7.9451056), (-2.5069857, 2.1261103, -9.248826), (-2.037192, 2.2652707, -8.531309), (-2.3907707, 2.3012238, 7.426043), (-2.7213259, 2.4830546, 6.711148), (-1.9789648, 2.258994, 6.8341136), (-2.5436707, 2.2355525, 2.719006), (-2.0108266, 2.2790458, 2.385054), (-1.724774, 2.4700427, 2.9932723), (-2.0654175, 2.245865, -2.362143), (-2.4298892, 2.1433349, -2.7517676), (-2.0960004, 2.2159162, -3.1910207), (-2.4298892, 2.1433349, -2.7517676), (-2.7215588, 2.227179, -3.3723433), (-2.0960004, 2.2159162, -3.1910207), (-0.723541, 2.1610193, 8.254715), (-2.4801931, 2.2873168, 8.397693), (-1.7604288, 2.3061082, 7.9221463), (-2.4801931, 2.2873168, 8.397693), (-2.3907707, 2.3012238, 7.426043), (-1.7604288, 2.3061082, 7.9221463), (-2.3214, 2.1891594, -3.7063239), (-1.7681996, 2.3086836, -3.6035962), (-2.0960004, 2.2159162, -3.1910207), (-2.4602737, 2.2937257, 1.9124475), (-1.7041501, 2.2566755, 1.9620248), (-2.0108266, 2.2790458, 2.385054), (-1.7674212, 2.025648, 0.7554935), (-2.2083404, 2.1825562, 0.13340187), (-1.6002573, 2.060799, -0.02937072), (-2.223418, 2.0460684, -1.4192489), (-0.7576983, 2.42156, -1.1618531), (-1.9910678, 2.0332835, -0.72335964), (-2.2683156, 2.2385042, -7.6596622), (-1.2691054, 2.3792932, -6.897067), (-1.7449409, 2.3007255, -7.245076), (-1.9786651, 2.3693788, 3.9230382), (-1.6793443, 2.377054, 3.8553734), (-1.7491293, 2.4061027, 4.6855636), (-2.4602737, 2.2937257, 1.9124475), (-1.2267171, 2.170636, 1.4205753), (-1.7041501, 2.2566755, 1.9620248), (-1.7449409, 2.3007255, -7.245076), (-1.2691054, 2.3792932, -6.897067), (-1.6690246, 2.3162332, -6.5994334), (-1.9789648, 2.258994, 6.8341136), (-1.4497839, 2.4398737, 6.02996), (-1.0948507, 2.2054517, 6.675443), (-1.8087951, 2.4431338, 5.6525145), (-1.1305656, 2.378, 5.5696855), (-1.4497839, 2.4398737, 6.02996), (-1.7491293, 2.4061027, 4.6855636), (-1.3461235, 2.3781419, 4.4834123), (-1.2618985, 2.4184744, 5.0205865), (-1.7491293, 2.4061027, 4.6855636), (-1.6793443, 2.377054, 3.8553734), (-1.3461235, 2.3781419, 4.4834123), (-1.6690246, 2.3162332, -6.5994334), (-1.2691054, 2.3792932, -6.897067), (-1.4573023, 2.204152, -6.1261706), (-2.037192, 2.2652707, -8.531309), (-1.1702881, 2.0813615, -9.176017), (-1.491253, 2.2436378, -8.155349), (-0.723541, 2.1610193, 8.254715), (-1.4891223, 2.2924275, 7.23406), (-0.97920483, 2.2417598, 7.2462096), (-1.7041501, 2.2566755, 1.9620248), (-1.2267171, 2.170636, 1.4205753), (-1.1141845, 2.3049622, 2.444925), (-1.5524309, 2.1980155, -5.4240046), (-1.4573023, 2.204152, -6.1261706), (-0.7413278, 2.1570177, -5.661599), (-2.1935592, 2.0118482, -10.174902), (-2.412316, 1.9800117, -10.872416), (-1.1702881, 2.0813615, -9.176017), (1.6455226, 2.0137324, -10.14456), (3.686568, 2.0060484, -10.431442), (-1.6002573, 2.060799, -0.02937072), (-1.0386446, 2.272702, -0.26442927), (-0.98923796, 1.9936482, 0.57445097), (-1.4190179, 2.218838, -4.745867), (-0.65986145, 2.4872296, -4.595096), (-1.2056805, 2.3396614, -3.8628423), (-1.4573023, 2.204152, -6.1261706), (-1.2691054, 2.3792932, -6.897067), (-0.7431914, 2.237528, -6.5291944), (-2.1169124, 2.1801963, -5.743069), (-1.6690246, 2.3162332, -6.5994334), (-2.0864134, 2.382233, -6.707937), (-1.2267171, 2.170636, 1.4205753), (-0.807806, 2.108946, 0.8897785), (-0.62843555, 2.1798418, 1.3242002), (-1.0386446, 2.272702, -0.26442927), (-0.53409714, 2.1816137, -0.039716095), (-0.98923796, 1.9936482, 0.57445097), (-0.7576983, 2.42156, -1.1618531), (-1.374128, 2.2337024, -1.7696644), (-0.55092585, 2.3796701, -1.8722863), (-0.7413278, 2.1570177, -5.661599), (-1.4573023, 2.204152, -6.1261706), (-0.7431914, 2.237528, -6.5291944), (-0.97920483, 2.2417598, 7.2462096), (-1.0948507, 2.2054517, 6.675443), (-0.3083763, 2.3544204, 6.603586), (-1.1305656, 2.378, 5.5696855), (-0.66170835, 2.5069382, 5.145403), (-0.79389405, 2.3024068, 6.027336), (-1.1141845, 2.3049622, 2.444925), (-1.2267171, 2.170636, 1.4205753), (-0.43827355, 2.3485937, 1.8901321), (-1.0531942, 2.3996673, -2.5911014), (-1.1285231, 2.3348513, -3.1796002), (-0.07908519, 2.5369425, -3.060119), (-0.57525057, 2.5449605, -3.733594), (-1.2056805, 2.3396614, -3.8628423), (-0.42498848, 2.4910595, -4.144641), (-1.2691054, 2.3792932, -6.897067), (-0.63978803, 2.226836, -7.2213), (-0.7431914, 2.237528, -6.5291944), (-0.41575205, 2.341594, 7.354384), (-0.97920483, 2.2417598, 7.2462096), (-0.42668387, 2.3072872, 6.962573), (-0.7431914, 2.237528, -6.5291944), (-0.12115588, 2.2588866, -5.917287), (-0.7413278, 2.1570177, -5.661599), (-0.7431914, 2.237528, -6.5291944), (-0.27496833, 2.2698505, -6.3716), (-0.12115588, 2.2588866, -5.917287), (-1.1702881, 2.0813615, -9.176017), (-2.412316, 1.9800117, -10.872416), (0.09921644, 2.050894, -9.124172), (-0.79389405, 2.3024068, 6.027336), (-0.66170835, 2.5069382, 5.145403), (-0.22616805, 2.300696, 5.7337894), (-0.7884723, 2.4509332, 4.5526977), (-0.11338855, 2.3927233, 4.5265784), (-0.66170835, 2.5069382, 5.145403), (-0.62843555, 2.1798418, 1.3242002), (-0.13045822, 2.2288756, 0.8481974), (-0.09513178, 2.2059236, 1.4441698), (-0.62843555, 2.1798418, 1.3242002), (-0.807806, 2.108946, 0.8897785), (-0.13045822, 2.2288756, 0.8481974), (-0.866053, 2.2798574, -0.6413101), (-0.7576983, 2.42156, -1.1618531), (-0.16107501, 2.3819737, -1.1570042), (-0.5052711, 2.4959157, -2.4169114), (-0.07908519, 2.5369425, -3.060119), (-0.043479886, 2.5295427, -2.7114518), (-0.723541, 2.1610193, 8.254715), (-0.41575205, 2.341594, 7.354384), (0.013422515, 2.199825, 8.106278), (-0.42668387, 2.3072872, 6.962573), (-0.014398211, 2.295465, 7.170613), (-0.41575205, 2.341594, 7.354384), (-0.22616805, 2.300696, 5.7337894), (0.23756738, 2.2488172, 5.979207), (-0.3083763, 2.3544204, 6.603586), (-0.22616805, 2.300696, 5.7337894), (-0.66170835, 2.5069382, 5.145403), (-0.14935666, 2.423651, 5.0804324), (-0.6038688, 2.43434, 3.102841), (0.041154016, 2.4791124, 3.0120385), (-0.0014940907, 2.4295626, 3.769172), (-0.13045822, 2.2288756, 0.8481974), (-0.807806, 2.108946, 0.8897785), (-0.12383338, 2.1790047, 0.5935349), (-0.807806, 2.108946, 0.8897785), (-0.98923796, 1.9936482, 0.57445097), (-1.2267171, 2.170636, 1.4205753), (0.02582265, 2.1794565, 8.606463), (-0.723541, 2.1610193, 8.254715), (0.013422515, 2.199825, 8.106278), (0.013422515, 2.199825, 8.106278), (-0.41575205, 2.341594, 7.354384), (-0.014398211, 2.295465, 7.170613), (-0.12488165, 2.230858, 0.2772517), (-0.53409714, 2.1816137, -0.039716095), (0.37306717, 2.2053523, -0.38968962), (-0.0014940907, 2.4295626, 3.769172), (0.48785433, 2.4583564, 3.9958074), (-0.11338855, 2.3927233, 4.5265784), (-0.0014940907, 2.4295626, 3.769172), (0.041154016, 2.4791124, 3.0120385), (0.31331608, 2.4010053, 3.485441), (0.10864283, 2.288719, 2.2334802), (-0.09513178, 2.2059236, 1.4441698), (0.491989, 2.3087168, 1.6729295), (-0.09513178, 2.2059236, 1.4441698), (-0.13045822, 2.2288756, 0.8481974), (0.6405483, 2.0452454, 0.7746471), (-0.16107501, 2.3819737, -1.1570042), (0.33297485, 2.587932, -1.5484202), (0.37306717, 2.2053523, -0.38968962), (0.33297485, 2.587932, -1.5484202), (-0.55092585, 2.3796701, -1.8722863), (0.23741956, 2.519091, -2.1503632), (-0.043479886, 2.5295427, -2.7114518), (0.54348063, 2.6509283, -2.543861), (0.23741956, 2.519091, -2.1503632), (0.071330115, 2.5277674, -3.7304003), (0.21501926, 2.3952003, -4.6484966), (0.61755455, 2.6479888, -3.9812505), (0.02582265, 2.1794565, 8.606463), (0.013422515, 2.199825, 8.106278), (0.97860676, 2.1334262, 8.343576), (-0.29212418, 2.371096, 2.4895766), (0.10864283, 2.288719, 2.2334802), (0.041154016, 2.4791124, 3.0120385), (-0.09513178, 2.2059236, 1.4441698), (0.6405483, 2.0452454, 0.7746471), (0.491989, 2.3087168, 1.6729295), (-0.12383338, 2.1790047, 0.5935349), (0.6405483, 2.0452454, 0.7746471), (-0.13045822, 2.2288756, 0.8481974), (-0.12383338, 2.1790047, 0.5935349), (-0.12488165, 2.230858, 0.2772517), (0.6405483, 2.0452454, 0.7746471), (0.21501926, 2.3952003, -4.6484966), (-0.12115588, 2.2588866, -5.917287), (0.753366, 2.3696246, -5.5585465), (0.23756738, 2.2488172, 5.979207), (0.43986866, 2.4647517, 5.179297), (0.8310529, 2.2402794, 5.812767), (0.31331608, 2.4010053, 3.485441), (0.041154016, 2.4791124, 3.0120385), (0.77092046, 2.289548, 3.2034607), (0.6405483, 2.0452454, 0.7746471), (-0.12488165, 2.230858, 0.2772517), (0.37306717, 2.2053523, -0.38968962), (0.071330115, 2.5277674, -3.7304003), (0.86938536, 2.7262576, -3.4005883), (0.4964112, 2.6095455, -2.9607565), (-1.1715676, 2.0267556, 9.841224), (0.97860676, 2.1334262, 8.343576), (2.076523, 2.0136354, 9.891397), (0.041154016, 2.4791124, 3.0120385), (0.6512217, 2.3084886, 2.8025458), (0.77092046, 2.289548, 3.2034607), (0.10864283, 2.288719, 2.2334802), (0.491989, 2.3087168, 1.6729295), (1.1100192, 2.1741204, 2.0045478), (0.86938536, 2.7262576, -3.4005883), (0.071330115, 2.5277674, -3.7304003), (0.80114967, 2.6655054, -3.6713676), (0.21501926, 2.3952003, -4.6484966), (0.7660724, 2.4576302, -5.0512214), (0.91535133, 2.4590173, -4.5666976), (0.09921644, 2.050894, -9.124172), (0.9849393, 2.0789552, -9.023595), (0.66932374, 2.1008303, -8.108057), (0.09921644, 2.050894, -9.124172), (-2.412316, 1.9800117, -10.872416), (1.6455226, 2.0137324, -10.14456), (0.5063216, 2.3345003, 7.45401), (0.8493216, 2.2431152, 6.947866), (1.2885891, 2.2134228, 7.2838316), (0.37306717, 2.2053523, -0.38968962), (1.1207688, 2.3267553, -0.26881453), (0.93500435, 2.083069, 0.62829673), (0.60684067, 2.3069656, -0.74684644), (0.33297485, 2.587932, -1.5484202), (1.111692, 2.3657718, -1.0640763), (0.9336511, 2.5164218, -1.9866363), (0.54348063, 2.6509283, -2.543861), (1.1110251, 2.5903609, -2.6861696), (0.4964112, 2.6095455, -2.9607565), (1.1110251, 2.5903609, -2.6861696), (0.54348063, 2.6509283, -2.543861), (1.7729582, 2.5335803, -2.8671906), (1.531557, 2.6337352, -2.1976445), (0.4964112, 2.6095455, -2.9607565), (0.86938536, 2.7262576, -3.4005883), (1.1110251, 2.5903609, -2.6861696), (0.41650978, 2.2227533, -6.119706), (0.5972258, 2.0909326, -6.644316), (0.9484976, 2.3838642, -5.8830395), (-1.1715676, 2.0267556, 9.841224), (4.399198, 2.0172098, 10.20301), (-1.9156039, 1.9897773, 10.506679), (0.92735463, 2.3617332, 3.8274944), (0.77092046, 2.289548, 3.2034607), (1.5331368, 2.3936954, 3.5845776), (0.77092046, 2.289548, 3.2034607), (0.6512217, 2.3084886, 2.8025458), (1.283783, 2.2108078, 2.746371), (0.491989, 2.3087168, 1.6729295), (0.87360984, 2.168061, 1.378333), (1.1100192, 2.1741204, 2.0045478), (1.1539532, 2.1762428, -7.2161827), (0.5544201, 2.1226213, -7.4002), (1.3645207, 2.1363747, -7.7357593), (0.87360984, 2.168061, 1.378333), (1.266207, 2.1159132, 1.0976999), (1.1100192, 2.1741204, 2.0045478), (0.66932374, 2.1008303, -8.108057), (1.4741426, 2.179769, -8.267465), (1.3645207, 2.1363747, -7.7357593), (0.8493216, 2.2431152, 6.947866), (1.8944165, 2.0822663, 6.5646253), (1.2885891, 2.2134228, 7.2838316), (0.8493216, 2.2431152, 6.947866), (1.0074004, 2.2385805, 6.260257), (1.8944165, 2.0822663, 6.5646253), (1.6158736, 2.0841448, 5.7236314), (1.0137585, 2.4039094, 4.438229), (1.4819894, 2.2530012, 4.815046), (1.283783, 2.2108078, 2.746371), (1.1100192, 2.1741204, 2.0045478), (1.6081932, 2.1954854, 2.2268775), (1.111692, 2.3657718, -1.0640763), (0.9336511, 2.5164218, -1.9866363), (1.5244595, 2.4281912, -1.3906187), (0.9336511, 2.5164218, -1.9866363), (1.531557, 2.6337352, -2.1976445), (1.5244595, 2.4281912, -1.3906187), (1.4819894, 2.2530012, 4.815046), (1.0137585, 2.4039094, 4.438229), (1.7205937, 2.2425013, 4.21664), (1.1100192, 2.1741204, 2.0045478), (1.6911346, 2.0483518, 1.3284364), (1.6081932, 2.1954854, 2.2268775), (1.266207, 2.1159132, 1.0976999), (1.6097262, 2.0664103, 0.49727046), (1.6911346, 2.0483518, 1.3284364), (1.5010133, 2.2028756, -6.2109494), (0.5972258, 2.0909326, -6.644316), (1.707216, 2.1024044, -6.8521085), (0.5972258, 2.0909326, -6.644316), (1.1539532, 2.1762428, -7.2161827), (1.707216, 2.1024044, -6.8521085), (1.283783, 2.2108078, 2.746371), (2.247461, 2.0380058, 2.7602684), (1.5331368, 2.3936954, 3.5845776), (0.93500435, 2.083069, 0.62829673), (1.1207688, 2.3267553, -0.26881453), (1.6097262, 2.0664103, 0.49727046), (1.1539532, 2.1762428, -7.2161827), (1.3645207, 2.1363747, -7.7357593), (1.707216, 2.1024044, -6.8521085), (1.6158736, 2.0841448, 5.7236314), (2.082883, 2.2744782, 4.7435904), (2.2072108, 2.059179, 5.638204), (1.6158736, 2.0841448, 5.7236314), (1.4819894, 2.2530012, 4.815046), (2.082883, 2.2744782, 4.7435904), (2.296953, 2.1746833, -0.2908324), (1.1207688, 2.3267553, -0.26881453), (1.6037605, 2.3285944, -0.58642673), (1.531557, 2.6337352, -2.1976445), (1.7729582, 2.5335803, -2.8671906), (1.947468, 2.5598366, -2.4253488), (1.3645207, 2.1363747, -7.7357593), (1.4741426, 2.179769, -8.267465), (2.2214568, 2.108996, -7.854562), (5.940314, 1.9755671, 10.790769), (-1.9156039, 1.9897773, 10.506679), (4.399198, 2.0172098, 10.20301), (9.568461, 2.0574663, 9.339409), (10.3135, 1.9900651, 9.999362), (1.6081932, 2.1954854, 2.2268775), (2.0391774, 2.0553067, 1.7922741), (2.247461, 2.0380058, 2.7602684), (1.4741426, 2.179769, -8.267465), (1.8639038, 2.0766413, -8.992893), (2.2214568, 2.108996, -7.854562), (2.015787, 2.1109006, 8.007584), (2.6855953, 2.2294858, 8.132775), (2.2063448, 2.1239426, 8.805307), (1.947468, 2.5598366, -2.4253488), (2.4799333, 2.608064, -2.5412843), (2.2208269, 2.3769047, -1.645429), (1.8944165, 2.0822663, 6.5646253), (2.8907552, 2.3809047, 6.4423795), (2.1920252, 2.1519916, 7.0147166), (2.1569905, 2.5575309, -3.045393), (2.0029333, 2.6361578, -3.49186), (2.9009109, 2.3892038, -3.2498095), (1.8219469, 2.5074725, -4.4284763), (2.0894148, 2.4685, -4.6800976), (2.587773, 2.3666084, -4.235547), (2.4503887, 2.2307677, -5.8706837), (1.707216, 2.1024044, -6.8521085), (2.9243462, 2.2948127, -6.3150687), (2.2214568, 2.108996, -7.854562), (1.8639038, 2.0766413, -8.992893), (3.2596047, 2.2127986, -8.893283), (3.4269676, 2.2224913, -8.314537), (2.7583187, 2.1568782, -8.361267), (2.6855953, 2.2294858, 8.132775), (2.015787, 2.1109006, 8.007584), (2.7768514, 2.2074816, 7.392919), (2.296953, 2.1746833, -0.2908324), (2.8847115, 2.1774406, 0.07742639), (2.4321344, 2.05548, 0.4640799), (2.430733, 2.333675, -1.0047815), (3.040822, 2.3977118, -1.06674), (2.8933141, 2.0451014, 4.4332705), (2.3479724, 2.1392317, 3.9954534), (2.7853823, 2.1679676, 3.6559203), (2.247461, 2.0380058, 2.7602684), (2.7309158, 1.9542896, 2.6896482), (2.7853823, 2.1679676, 3.6559203), (2.296953, 2.1746833, -0.2908324), (3.040822, 2.3977118, -1.06674), (3.050808, 2.184008, -0.415106), (2.0029333, 2.6361578, -3.49186), (2.587773, 2.3666084, -4.235547), (2.9009109, 2.3892038, -3.2498095), (2.4503887, 2.2307677, -5.8706837), (2.8743024, 2.2301342, -5.37863), (2.5319006, 2.2459543, -5.260826), (2.4503887, 2.2307677, -5.8706837), (2.9243462, 2.2948127, -6.3150687), (2.8743024, 2.2301342, -5.37863), (2.9243462, 2.2948127, -6.3150687), (1.707216, 2.1024044, -6.8521085), (2.9683077, 2.247017, -6.9253106), (2.8847115, 2.1774406, 0.07742639), (2.296953, 2.1746833, -0.2908324), (3.050808, 2.184008, -0.415106), (2.2208269, 2.3769047, -1.645429), (2.4799333, 2.608064, -2.5412843), (3.1846764, 2.2857027, -1.9922221), (2.9009109, 2.3892038, -3.2498095), (2.587773, 2.3666084, -4.235547), (3.2445214, 2.4063323, -3.9602954), (2.8907552, 2.3809047, 6.4423795), (2.2072108, 2.059179, 5.638204), (3.20574, 2.2439318, 5.695302), (2.8933141, 2.0451014, 4.4332705), (2.7853823, 2.1679676, 3.6559203), (3.226021, 2.0784364, 3.4073033), (2.587773, 2.3666084, -4.235547), (3.646439, 2.1818712, -4.732927), (3.2445214, 2.4063323, -3.9602954), (2.7309158, 1.9542896, 2.6896482), (3.3321047, 1.9577736, 2.683351), (3.226021, 2.0784364, 3.4073033), (2.7838411, 1.9793513, 2.2071474), (3.379967, 2.050923, 2.0656428), (3.3321047, 1.9577736, 2.683351), (3.0196338, 2.005876, 0.6819342), (3.810775, 1.9492466, 0.9707752), (3.1344419, 2.0826242, 1.227038), (3.0196338, 2.005876, 0.6819342), (2.8847115, 2.1774406, 0.07742639), (3.2703447, 2.101276, 0.11605326), (2.8847115, 2.1774406, 0.07742639), (3.050808, 2.184008, -0.415106), (3.7810347, 2.031398, -0.4991173), (3.4801335, 2.4109716, -5.634228), (2.9243462, 2.2948127, -6.3150687), (3.35617, 2.3700716, -6.086626), (2.7768514, 2.2074816, 7.392919), (3.7313836, 2.4604983, 7.343561), (3.5387359, 2.2409081, 8.168075), (2.8907552, 2.3809047, 6.4423795), (3.6668227, 2.29375, 5.942292), (3.636596, 2.3629885, 6.57192), (3.379967, 2.050923, 2.0656428), (2.5292568, 1.9674985, 1.7034345), (3.6440618, 2.042054, 1.6901311), (3.0196338, 2.005876, 0.6819342), (3.6326892, 2.083185, 0.29810348), (3.810775, 1.9492466, 0.9707752), (3.2703447, 2.101276, 0.11605326), (2.8847115, 2.1774406, 0.07742639), (3.7810347, 2.031398, -0.4991173), (2.8743024, 2.2301342, -5.37863), (3.4801335, 2.4109716, -5.634228), (3.646439, 2.1818712, -4.732927), (3.20574, 2.2439318, 5.695302), (3.6823995, 2.2687426, 5.0042634), (3.6668227, 2.29375, 5.942292), (3.3321047, 1.9577736, 2.683351), (3.885264, 2.0343237, 3.4945972), (3.226021, 2.0784364, 3.4073033), (3.1846764, 2.2857027, -1.9922221), (3.0701604, 2.4036431, -2.861892), (3.792276, 2.3501337, -2.8853023), (3.7313836, 2.4604983, 7.343561), (3.636596, 2.3629885, 6.57192), (3.9868886, 2.4592035, 7.0536942), (3.9486272, 2.0671859, 2.9228876), (3.3321047, 1.9577736, 2.683351), (3.9710948, 2.00354, 2.42878), (3.5859747, 2.2220278, -1.5744822), (4.0917096, 2.1904302, -2.1189432), (4.245053, 2.228544, -1.4245596), (3.5859747, 2.2220278, -1.5744822), (3.1846764, 2.2857027, -1.9922221), (4.0917096, 2.1904302, -2.1189432), (4.0917096, 2.1904302, -2.1189432), (3.1846764, 2.2857027, -1.9922221), (3.792276, 2.3501337, -2.8853023), (2.9009109, 2.3892038, -3.2498095), (3.2445214, 2.4063323, -3.9602954), (3.8672063, 2.2586124, -3.5872388), (3.35617, 2.3700716, -6.086626), (4.1340137, 2.3790905, -6.1448956), (3.4801335, 2.4109716, -5.634228), (3.9868886, 2.4592035, 7.0536942), (3.636596, 2.3629885, 6.57192), (4.3623753, 2.5654864, 6.75131), (3.6823995, 2.2687426, 5.0042634), (3.7031527, 2.1190875, 4.22562), (4.7184653, 2.2412658, 4.4951415), (3.226021, 2.0784364, 3.4073033), (4.2698455, 2.0565262, 3.9037476), (3.7031527, 2.1190875, 4.22562), (3.226021, 2.0784364, 3.4073033), (3.885264, 2.0343237, 3.4945972), (4.2698455, 2.0565262, 3.9037476), (3.3321047, 1.9577736, 2.683351), (3.9486272, 2.0671859, 2.9228876), (3.885264, 2.0343237, 3.4945972), (3.2445214, 2.4063323, -3.9602954), (4.0813427, 2.137569, -4.2464542), (3.8672063, 2.2586124, -3.5872388), (3.646439, 2.1818712, -4.732927), (3.4801335, 2.4109716, -5.634228), (4.0292106, 2.3596656, -5.422763), (3.646439, 2.1818712, -4.732927), (4.4343886, 2.390994, -5.010888), (4.0813427, 2.137569, -4.2464542), (5.2579637, 2.3754294, -4.4633846), (4.814282, 2.1634731, -3.870911), (4.199903, 1.906192, 0.70512426), (3.7810347, 2.031398, -0.4991173), (4.7319665, 1.9399519, -0.70267653), (4.0917096, 2.1904302, -2.1189432), (3.792276, 2.3501337, -2.8853023), (4.1599407, 2.2450304, -2.8693001), (3.8672063, 2.2586124, -3.5872388), (4.4421005, 2.2833557, -3.2788), (4.1599407, 2.2450304, -2.8693001), (4.0292106, 2.3596656, -5.422763), (4.678615, 2.4672859, -5.540947), (4.4343886, 2.390994, -5.010888), (4.356604, 2.4296286, -7.3038526), (3.7289212, 2.3167317, -7.4473352), (4.817369, 2.373587, -7.710681), (3.885264, 2.0343237, 3.4945972), (4.5260496, 2.0515702, 2.9877462), (4.2698455, 2.0565262, 3.9037476), (4.199903, 1.906192, 0.70512426), (4.7319665, 1.9399519, -0.70267653), (4.7703834, 1.942181, 0.26768988), (4.0813427, 2.137569, -4.2464542), (4.4343886, 2.390994, -5.010888), (4.8068705, 2.3456879, -4.7844224), (4.1340137, 2.3790905, -6.1448956), (3.842949, 2.4336648, -6.736378), (4.356604, 2.4296286, -7.3038526), (4.0292106, 2.3596656, -5.422763), (3.4801335, 2.4109716, -5.634228), (4.817369, 2.373587, -7.710681), (3.7289212, 2.3167317, -7.4473352), (4.643469, 2.3450193, -8.130992), (4.643469, 2.3450193, -8.130992), (4.022313, 2.1995132, -8.472571), (4.653508, 2.1690538, -8.97576), (4.4198904, 2.3257554, 7.922316), (4.7492685, 2.4826226, 7.319907), (5.1912346, 2.511828, 7.584966), (4.3623753, 2.5654864, 6.75131), (4.193979, 2.4030733, 6.0824456), (4.903461, 2.4903505, 6.4009976), (4.2698455, 2.0565262, 3.9037476), (4.5260496, 2.0515702, 2.9877462), (5.167392, 2.1451383, 3.1231625), (3.9261453, 2.174601, -9.19806), (6.127123, 2.1961975, -8.911984), (4.653508, 2.1690538, -8.97576), (4.313616, 2.4579096, 5.3103995), (4.7184653, 2.2412658, 4.4951415), (5.170378, 2.3391805, 5.1975303), (4.8261313, 2.0614932, -2.490906), (4.4421005, 2.2833557, -3.2788), (4.928276, 2.0975604, -2.921681), (4.7492685, 2.4826226, 7.319907), (4.3623753, 2.5654864, 6.75131), (4.903461, 2.4903505, 6.4009976), (4.313616, 2.4579096, 5.3103995), (5.170378, 2.3391805, 5.1975303), (4.7987657, 2.4404445, 5.7314997), (4.7319665, 1.9399519, -0.70267653), (4.873903, 2.0237718, -1.3261497), (5.077213, 1.9236976, -0.6825214), (4.356604, 2.4296286, -7.3038526), (4.817369, 2.373587, -7.710681), (4.940163, 2.4628296, -6.7159934), (4.643469, 2.3450193, -8.130992), (4.653508, 2.1690538, -8.97576), (5.458486, 2.3037615, -8.026524), (5.3505454, 2.5785723, 6.0005283), (4.7987657, 2.4404445, 5.7314997), (5.684826, 2.5036612, 5.6042895), (5.170378, 2.3391805, 5.1975303), (5.7673707, 2.3448064, 5.070599), (4.7184653, 2.2412658, 4.4951415), (4.938164, 2.1087365, 3.9216833), (5.568474, 2.3557532, 4.475535), (3.6823995, 2.2687426, 5.0042634), (4.313616, 2.4579096, 5.3103995), (4.6189117, 2.0822883, 1.373016), (5.1638684, 1.8907402, 0.8488596), (5.1511016, 1.9658554, 1.7222679), (5.077213, 1.9236976, -0.6825214), (4.873903, 2.0237718, -1.3261497), (5.2444835, 1.9937729, -1.5115831), (4.8068705, 2.3456879, -4.7844224), (4.4343886, 2.390994, -5.010888), (5.467141, 2.3461142, -5.1034), (4.940163, 2.4628296, -6.7159934), (4.817369, 2.373587, -7.710681), (5.3576875, 2.4539075, -7.4701395), (4.643469, 2.3450193, -8.130992), (5.458486, 2.3037615, -8.026524), (4.817369, 2.373587, -7.710681), (5.170378, 2.3391805, 5.1975303), (4.7184653, 2.2412658, 4.4951415), (5.568474, 2.3557532, 4.475535), (4.9113326, 2.301902, 8.301965), (5.1912346, 2.511828, 7.584966), (5.4993224, 2.3354237, 8.2314825), (5.613787, 2.5848231, 7.0197678), (4.903461, 2.4903505, 6.4009976), (5.4544396, 2.526574, 6.5359044), (4.938164, 2.1087365, 3.9216833), (5.6859574, 2.2964675, 3.465718), (5.7125688, 2.2514005, 4.0030313), (4.859496, 1.9434897, 2.2543972), (5.1511016, 1.9658554, 1.7222679), (5.5133953, 1.9807699, 2.3982997), (5.000102, 1.9748591, -1.953253), (6.080745, 2.2631302, -1.9577998), (5.2444835, 1.9937729, -1.5115831), (4.928276, 2.0975604, -2.921681), (5.4750657, 2.086553, -3.6078994), (5.88814, 2.0676296, -3.4298482), (5.255999, 2.4401155, -5.9242578), (5.7952952, 2.4753563, -5.5952263), (5.467141, 2.3461142, -5.1034), (4.940163, 2.4628296, -6.7159934), (5.4592967, 2.4142928, -6.371504), (5.255999, 2.4401155, -5.9242578), (5.4592967, 2.4142928, -6.371504), (4.940163, 2.4628296, -6.7159934), (5.8785844, 2.4155211, -7.1728845), (6.39279, 2.381408, -7.4364414), (6.433298, 2.3668628, -6.687658), (5.4440403, 2.2889638, -8.575423), (4.653508, 2.1690538, -8.97576), (6.127123, 2.1961975, -8.911984), (5.1511016, 1.9658554, 1.7222679), (5.76277, 1.9661623, 1.6387614), (5.5133953, 1.9807699, 2.3982997), (5.1511016, 1.9658554, 1.7222679), (5.1638684, 1.8907402, 0.8488596), (5.76277, 1.9661623, 1.6387614), (5.1638684, 1.8907402, 0.8488596), (5.9563146, 1.9871911, 0.17165479), (5.76277, 1.9661623, 1.6387614), (5.2444835, 1.9937729, -1.5115831), (6.080745, 2.2631302, -1.9577998), (5.752845, 2.0705795, -1.1318688), (5.255999, 2.4401155, -5.9242578), (5.4592967, 2.4142928, -6.371504), (5.7952952, 2.4753563, -5.5952263), (5.4592967, 2.4142928, -6.371504), (5.8785844, 2.4155211, -7.1728845), (5.879271, 2.4651394, -6.7544913), (5.723803, 2.2825, 8.786923), (5.4993224, 2.3354237, 8.2314825), (6.536997, 2.3051388, 7.907905), (5.4750657, 2.086553, -3.6078994), (5.2579637, 2.3754294, -4.4633846), (5.946584, 2.214436, -4.200828), (5.4544396, 2.526574, 6.5359044), (5.3505454, 2.5785723, 6.0005283), (6.0607996, 2.4641435, 6.595551), (6.0607996, 2.4641435, 6.595551), (5.3505454, 2.5785723, 6.0005283), (6.169685, 2.4535196, 5.8886957), (6.203143, 2.129889, 2.8349295), (5.5133953, 1.9807699, 2.3982997), (6.1082687, 2.0926085, 2.0469918), (5.3557725, 2.1628275, -2.8178759), (5.88814, 2.0676296, -3.4298482), (5.7117558, 2.1317422, -2.4355175), (5.4592967, 2.4142928, -6.371504), (5.879271, 2.4651394, -6.7544913), (6.193515, 2.3567114, -6.202365), (5.940314, 1.9755671, 10.790769), (4.399198, 2.0172098, 10.20301), (7.3320847, 2.1064634, 9.515359), (6.536997, 2.3051388, 7.907905), (5.613787, 2.5848231, 7.0197678), (6.86363, 2.3062303, 7.2656646), (6.0607996, 2.4641435, 6.595551), (6.169685, 2.4535196, 5.8886957), (6.539397, 2.4916136, 6.2255716), (6.080745, 2.2631302, -1.9577998), (5.7117558, 2.1317422, -2.4355175), (6.2284336, 2.0668435, -2.953158), (6.193515, 2.3567114, -6.202365), (5.879271, 2.4651394, -6.7544913), (6.433298, 2.3668628, -6.687658), (5.7673707, 2.3448064, 5.070599), (6.3803215, 2.2354896, 4.8456435), (6.6543555, 2.2871137, 5.4162583), (5.6859574, 2.2964675, 3.465718), (6.203143, 2.129889, 2.8349295), (6.131635, 2.2469082, 3.8206072), (6.2284336, 2.0668435, -2.953158), (7.175718, 2.1243188, -2.1623566), (6.080745, 2.2631302, -1.9577998), (5.946584, 2.214436, -4.200828), (6.8328648, 2.3249855, -3.741401), (5.88814, 2.0676296, -3.4298482), (5.752845, 2.0705795, -1.1318688), (6.080745, 2.2631302, -1.9577998), (6.44394, 2.0747366, -0.878775), (5.88814, 2.0676296, -3.4298482), (6.8328648, 2.3249855, -3.741401), (6.2284336, 2.0668435, -2.953158), (6.127123, 2.1961975, -8.911984), (7.1419444, 2.2415051, -8.777877), (6.1957364, 2.2072294, -8.19629), (7.3320847, 2.1064634, 9.515359), (5.723803, 2.2825, 8.786923), (6.536997, 2.3051388, 7.907905), (6.673963, 2.335036, 3.789962), (6.203143, 2.129889, 2.8349295), (7.127335, 2.2285333, 3.2102513), (6.44394, 2.0747366, -0.878775), (7.0364146, 2.1640768, -0.505498), (6.452777, 2.0195346, -0.084965274), (6.7330804, 2.1706629, -1.6145146), (7.161659, 2.2247214, -1.3300372), (6.44394, 2.0747366, -0.878775), (6.080745, 2.2631302, -1.9577998), (6.7330804, 2.1706629, -1.6145146), (6.372716, 2.3498347, -5.623255), (6.193515, 2.3567114, -6.202365), (6.8666697, 2.348349, -5.5869145), (6.193515, 2.3567114, -6.202365), (6.903513, 2.3073146, -6.098692), (6.8666697, 2.348349, -5.5869145), (6.539397, 2.4916136, 6.2255716), (6.6543555, 2.2871137, 5.4162583), (7.0400596, 2.3798506, 6.1884904), (6.452777, 2.0195346, -0.084965274), (7.0364146, 2.1640768, -0.505498), (7.3217583, 2.105205, 0.09562266), (6.44394, 2.0747366, -0.878775), (7.161659, 2.2247214, -1.3300372), (6.952206, 2.1542222, -0.87384564), (6.2284336, 2.0668435, -2.953158), (7.1661253, 2.2609797, -3.3187985), (7.175718, 2.1243188, -2.1623566), (6.2284336, 2.0668435, -2.953158), (6.8328648, 2.3249855, -3.741401), (7.1661253, 2.2609797, -3.3187985), (6.3495407, 2.2108994, -4.8693266), (6.372716, 2.3498347, -5.623255), (6.8666697, 2.348349, -5.5869145), (6.39279, 2.381408, -7.4364414), (7.040563, 2.165077, -7.894033), (7.1975937, 2.2518494, -6.7929173), (6.86363, 2.3062303, 7.2656646), (6.539397, 2.4916136, 6.2255716), (7.0400596, 2.3798506, 6.1884904), (6.080745, 2.2631302, -1.9577998), (7.175718, 2.1243188, -2.1623566), (6.7330804, 2.1706629, -1.6145146), (6.9527526, 2.2971256, 4.247015), (6.673963, 2.335036, 3.789962), (7.367874, 2.2357595, 3.9082325), (6.663631, 2.032014, 1.3845326), (7.3205857, 2.1084576, 2.277139), (6.736425, 2.1523364, 1.8948683), (6.452777, 2.0195346, -0.084965274), (7.3217583, 2.105205, 0.09562266), (7.303583, 1.9440676, 0.89917386), (6.857599, 2.1678936, -4.767954), (6.8666697, 2.348349, -5.5869145), (7.4022074, 2.199778, -5.2405925), (6.952206, 2.1542222, -0.87384564), (7.161659, 2.2247214, -1.3300372), (7.5329447, 2.1519873, -1.0559633), (7.1661253, 2.2609797, -3.3187985), (6.8328648, 2.3249855, -3.741401), (7.6903257, 2.2362075, -3.695607), (6.903513, 2.3073146, -6.098692), (6.839803, 2.3561997, -6.5106373), (7.6445622, 2.14587, -6.037147), (7.303583, 1.9440676, 0.89917386), (7.3217583, 2.105205, 0.09562266), (8.061055, 1.9402839, 0.82039326), (7.996864, 2.1937783, 6.9709177), (7.3516455, 2.3647692, 6.072685), (8.102786, 2.1694462, 5.9909544), (7.5329447, 2.1519873, -1.0559633), (7.175718, 2.1243188, -2.1623566), (8.303707, 2.123921, -1.6087397), (7.9513273, 2.2454834, -2.2785091), (7.175718, 2.1243188, -2.1623566), (8.034502, 2.2231143, -2.734056), (8.061055, 1.9402839, 0.82039326), (7.3217583, 2.105205, 0.09562266), (8.4782, 1.9980439, 0.18891317), (7.5329447, 2.1519873, -1.0559633), (8.303707, 2.123921, -1.6087397), (7.9585247, 2.1756065, -1.1107955), (8.201684, 2.0139923, -0.24491832), (7.9585247, 2.1756065, -1.1107955), (8.505343, 2.042779, -0.64407), (7.6903257, 2.2362075, -3.695607), (7.75288, 2.3171701, -4.4029164), (8.497513, 2.2468884, -4.385537), (8.102786, 2.1694462, 5.9909544), (9.034042, 2.0791583, 5.900772), (8.624041, 2.1859705, 6.7610483), (8.034502, 2.2231143, -2.734056), (7.4733653, 2.2912939, -3.0269485), (8.771258, 2.1915245, -2.729146), (8.853653, 2.108277, -2.0543745), (9.853092, 2.0085874, -1.5019267), (8.089931, 2.1991813, 3.9367003), (7.822465, 2.2785563, 3.1747744), (8.576763, 2.1278362, 3.3786886), (7.9055686, 2.1155088, 1.9436113), (8.587145, 2.0001345, 1.3969765), (8.3241, 2.124723, 2.7517464), (7.9585247, 2.1756065, -1.1107955), (8.303707, 2.123921, -1.6087397), (8.505343, 2.042779, -0.64407), (8.303707, 2.123921, -1.6087397), (7.9513273, 2.2454834, -2.2785091), (8.853653, 2.108277, -2.0543745), (7.4022074, 2.199778, -5.2405925), (8.820963, 2.1309166, -5.247906), (8.497513, 2.2468884, -4.385537), (8.201684, 2.0139923, -0.24491832), (8.995991, 2.05586, -0.3971344), (8.4782, 1.9980439, 0.18891317), (7.4733653, 2.2912939, -3.0269485), (9.17943, 2.1238458, -3.7377868), (8.771258, 2.1915245, -2.729146), (8.576763, 2.1278362, 3.3786886), (8.3241, 2.124723, 2.7517464), (8.842105, 2.1259184, 2.7034874), (8.297387, 2.0966814, -6.2834306), (8.784339, 2.028517, -6.8527293), (8.820963, 2.1309166, -5.247906), (8.303707, 2.123921, -1.6087397), (8.853653, 2.108277, -2.0543745), (9.853092, 2.0085874, -1.5019267), (9.277341, 2.1168895, 7.6417823), (9.034042, 2.0791583, 5.900772), (10.525852, 1.9937167, 7.0609293), (10.525852, 1.9937167, 7.0609293), (10.541233, 1.9882458, 5.186399), (10.3135, 1.9900651, 9.999362), (9.568461, 2.0574663, 9.339409), (9.285501, 2.0648227, 4.8442764), (8.440774, 2.1960304, 4.2960296), (9.538255, 2.0205746, 2.9201796), (8.842105, 2.1259184, 2.7034874), (9.49734, 1.964166, 1.1149485), (8.576763, 2.1278362, 3.3786886), (8.842105, 2.1259184, 2.7034874), (9.538255, 2.0205746, 2.9201796), (8.587145, 2.0001345, 1.3969765), (8.900818, 2.0164957, 0.712458), (9.49734, 1.964166, 1.1149485), (8.4782, 1.9980439, 0.18891317), (8.995991, 2.05586, -0.3971344), (9.746321, 1.9797736, -0.1879133), (9.034042, 2.0791583, 5.900772), (9.285501, 2.0648227, 4.8442764), (10.541233, 1.9882458, 5.186399), (9.49734, 1.964166, 1.1149485), (8.4782, 1.9980439, 0.18891317), (9.746321, 1.9797736, -0.1879133), (10.862839, 1.9797308, 0.986022), (9.49734, 1.964166, 1.1149485), (10.862839, 1.9797308, 0.986022), (9.538255, 2.0205746, 2.9201796), (9.853092, 2.0085874, -1.5019267), (10.2937975, 2.0014062, -4.996314), (9.538255, 2.0205746, 2.9201796), (10.541233, 1.9882458, 5.186399), (9.285501, 2.0648227, 4.8442764), (9.568461, 2.0574663, 9.339409), (9.277341, 2.1168895, 7.6417823), (10.525852, 1.9937167, 7.0609293), (8.995991, 2.05586, -0.3971344), (9.853092, 2.0085874, -1.5019267), (9.746321, 1.9797736, -0.1879133), (10.2937975, 2.0014062, -4.996314), (8.784339, 2.028517, -6.8527293), (10.06301, 2.0051866, -8.607623), (9.853092, 2.0085874, -1.5019267), (8.771258, 2.1915245, -2.729146), (9.17943, 2.1238458, -3.7377868), (9.746321, 1.9797736, -0.1879133), (9.853092, 2.0085874, -1.5019267), (10.862839, 1.9797308, 0.986022), (-10.29252, 1.9984405, -7.8463745), (-9.325551, 2.1080923, -5.3223143), (-10.181089, 2.0061, -4.036193), (-10.29252, 1.9984405, -7.8463745), (-9.296626, 2.080118, -7.117849), (-9.325551, 2.1080923, -5.3223143), (-10.664417, 1.9792578, 5.1883163), (-9.700693, 2.0467265, 5.033665), (-10.710693, 1.986856, 6.9208884), (-9.0216055, 2.0990312, 8.292104), (-10.162626, 1.9878831, 9.378741), (-10.664417, 1.9792578, 5.1883163), (-9.263391, 2.0432973, 3.6651385), (-9.700693, 2.0467265, 5.033665), (-10.077667, 1.9988788, -1.5320916), (-9.186136, 2.1107965, -2.1552472), (-8.966949, 2.0463245, -0.62104905), (-8.974819, 2.1709962, 5.9130216), (-8.25269, 2.3117025, 6.3911986), (-9.170452, 2.131925, 7.1712656), (-9.700693, 2.0467265, 5.033665), (-8.652049, 2.2054853, 4.331206), (-9.186136, 2.1107965, -2.1552472), (-8.472296, 2.198129, -1.3568298), (-8.966949, 2.0463245, -0.62104905), (-9.186136, 2.1107965, -2.1552472), (-9.137955, 2.1788695, -3.898065), (-7.819605, 2.5126839, -3.2280676), (-9.325551, 2.1080923, -5.3223143), (-8.429168, 2.249764, -6.0520434), (-8.424962, 2.358774, -5.489836), (-9.170452, 2.131925, 7.1712656), (-8.5481, 2.2483144, 7.6087275), (-9.0216055, 2.0990312, 8.292104), (-9.263391, 2.0432973, 3.6651385), (-8.24964, 2.1656969, 3.2065563), (-7.7273936, 2.2023215, 3.7451663), (-9.638821, 1.9992256, -9.707081), (-6.446303, 1.9971147, -10.4781065), (-7.3733683, 2.0140908, -9.983152), (-9.170452, 2.131925, 7.1712656), (-8.012399, 2.3136826, 7.0924487), (-8.5481, 2.2483144, 7.6087275), (-8.554511, 2.1299024, 1.7746878), (-7.8221555, 2.080084, 2.4804928), (-9.038796, 1.9956095, 2.5684438), (-7.2789264, 2.7922182, -4.2470345), (-7.819605, 2.5126839, -3.2280676), (-9.137955, 2.1788695, -3.898065), (-8.974819, 2.1709962, 5.9130216), (-7.7142363, 2.4005601, 5.365355), (-8.25269, 2.3117025, 6.3911986), (-8.974819, 2.1709962, 5.9130216), (-8.150064, 2.2494595, 4.4133), (-7.7142363, 2.4005601, 5.365355), (-8.652049, 2.2054853, 4.331206), (-7.7273936, 2.2023215, 3.7451663), (-8.150064, 2.2494595, 4.4133), (-8.576357, 2.0971353, 0.8553805), (-8.07955, 2.1358263, 0.2650898), (-7.894131, 2.2077932, 0.9302734), (-9.137955, 2.1788695, -3.898065), (-7.9341865, 2.4727826, -4.980246), (-7.2789264, 2.7922182, -4.2470345), (-8.25269, 2.3117025, 6.3911986), (-8.012399, 2.3136826, 7.0924487), (-9.170452, 2.131925, 7.1712656), (-8.25269, 2.3117025, 6.3911986), (-7.7142363, 2.4005601, 5.365355), (-7.467453, 2.5156739, 6.1769657), (-8.24964, 2.1656969, 3.2065563), (-7.8221555, 2.080084, 2.4804928), (-7.5814433, 2.1553352, 2.9068668), (-7.73819, 2.143207, 1.676658), (-7.8221555, 2.080084, 2.4804928), (-8.554511, 2.1299024, 1.7746878), (-7.894131, 2.2077932, 0.9302734), (-7.412919, 2.227468, 0.65391797), (-7.819605, 2.5126839, -3.2280676), (-7.374268, 2.513669, -2.4162228), (-8.024526, 2.246383, -1.803451), (-7.3733683, 2.0140908, -9.983152), (-7.647135, 2.03753, -8.72575), (-9.638821, 1.9992256, -9.707081), (-7.467453, 2.5156739, 6.1769657), (-8.012399, 2.3136826, 7.0924487), (-8.25269, 2.3117025, 6.3911986), (-8.150064, 2.2494595, 4.4133), (-7.7273936, 2.2023215, 3.7451663), (-7.4606237, 2.4526482, 4.611546), (-8.07955, 2.1358263, 0.2650898), (-7.646522, 2.1319776, 0.02208025), (-7.412919, 2.227468, 0.65391797), (-7.9341865, 2.4727826, -4.980246), (-7.1741724, 2.6305556, -5.0098705), (-7.2789264, 2.7922182, -4.2470345), (-7.9341865, 2.4727826, -4.980246), (-7.528735, 2.3630989, -6.3282604), (-7.266245, 2.554233, -5.791622), (-8.290387, 2.1175103, -7.3197837), (-7.297331, 2.2001798, -7.1378093), (-7.528735, 2.3630989, -6.3282604), (-8.384871, 2.104949, -8.052421), (-7.647135, 2.03753, -8.72575), (-7.570322, 2.1622033, -7.880773), (-7.7273936, 2.2023215, 3.7451663), (-7.1224785, 2.3554246, 4.021252), (-7.4606237, 2.4526482, 4.611546), (-8.014905, 2.0806715, -0.5997156), (-7.045834, 2.2919896, -0.6990953), (-7.646522, 2.1319776, 0.02208025), (-7.9341865, 2.4727826, -4.980246), (-7.266245, 2.554233, -5.791622), (-7.1741724, 2.6305556, -5.0098705), (-7.467453, 2.5156739, 6.1769657), (-7.2809343, 2.459702, 7.0421653), (-8.012399, 2.3136826, 7.0924487), (-7.73819, 2.143207, 1.676658), (-7.009454, 2.2962825, 2.0427065), (-7.8221555, 2.080084, 2.4804928), (-7.412919, 2.227468, 0.65391797), (-7.646522, 2.1319776, 0.02208025), (-6.843009, 2.3903594, 0.3758229), (-8.014905, 2.0806715, -0.5997156), (-7.0148435, 2.3075092, -1.6600202), (-7.045834, 2.2919896, -0.6990953), (-7.5814433, 2.1553352, 2.9068668), (-6.8717027, 2.248752, 2.6171145), (-6.65035, 2.4498332, 3.5106478), (-7.6377954, 2.2277036, 7.906286), (-6.9325438, 2.2972205, 7.824043), (-8.129784, 2.0809855, 8.753651), (-7.7142363, 2.4005601, 5.365355), (-6.8250914, 2.4326677, 5.545399), (-7.467453, 2.5156739, 6.1769657), (-7.1224785, 2.3554246, 4.021252), (-6.7718334, 2.451024, 4.6316714), (-7.4606237, 2.4526482, 4.611546), (-7.045834, 2.2919896, -0.6990953), (-6.7215123, 2.2748914, -0.18915887), (-7.646522, 2.1319776, 0.02208025), (-7.528735, 2.3630989, -6.3282604), (-6.6280494, 2.27976, -6.646593), (-7.266245, 2.554233, -5.791622), (-7.647135, 2.03753, -8.72575), (-6.6318607, 2.0968924, -7.81411), (-7.570322, 2.1622033, -7.880773), (-7.4606237, 2.4526482, 4.611546), (-6.7718334, 2.451024, 4.6316714), (-6.8250914, 2.4326677, 5.545399), (-7.1224785, 2.3554246, 4.021252), (-6.65035, 2.4498332, 3.5106478), (-6.529868, 2.459154, 3.95135), (-7.412919, 2.227468, 0.65391797), (-6.507804, 2.3358269, 1.2968605), (-6.672878, 2.3229783, 1.8573854), (-6.843009, 2.3903594, 0.3758229), (-6.507804, 2.3358269, 1.2968605), (-7.412919, 2.227468, 0.65391797), (-6.651586, 2.6182048, -2.5866394), (-7.374268, 2.513669, -2.4162228), (-6.7617893, 2.6195521, -3.0627255), (-7.2809343, 2.459702, 7.0421653), (-6.3485923, 2.3938856, 7.0065885), (-6.9325438, 2.2972205, 7.824043), (-7.0271387, 2.776324, -3.761609), (-6.7617893, 2.6195521, -3.0627255), (-7.819605, 2.5126839, -3.2280676), (-7.2789264, 2.7922182, -4.2470345), (-6.797414, 2.8251443, -4.1649585), (-7.0271387, 2.776324, -3.761609), (-7.266245, 2.554233, -5.791622), (-6.4650364, 2.4523485, -5.848311), (-7.1741724, 2.6305556, -5.0098705), (-6.6280494, 2.27976, -6.646593), (-6.4650364, 2.4523485, -5.848311), (-7.266245, 2.554233, -5.791622), (-7.045834, 2.2919896, -0.6990953), (-6.3774548, 2.2452161, -1.4516052), (-6.465112, 2.2246873, -0.78859985), (-7.0271387, 2.776324, -3.761609), (-6.797414, 2.8251443, -4.1649585), (-6.3506184, 2.7289684, -3.517487), (-6.672878, 2.3229783, 1.8573854), (-6.507804, 2.3358269, 1.2968605), (-6.149242, 2.4317453, 1.8170408), (-6.0907755, 2.468049, -2.2830925), (-6.3774548, 2.2452161, -1.4516052), (-7.0148435, 2.3075092, -1.6600202), (-7.0148435, 2.3075092, -1.6600202), (-6.651586, 2.6182048, -2.5866394), (-6.0907755, 2.468049, -2.2830925), (-6.7617893, 2.6195521, -3.0627255), (-6.3506184, 2.7289684, -3.517487), (-5.7675376, 2.5112271, -3.152356), (-6.6280494, 2.27976, -6.646593), (-5.736035, 2.4332452, -6.465477), (-6.4650364, 2.4523485, -5.848311), (-6.9325438, 2.2972205, 7.824043), (-6.0161285, 2.2928686, 7.620938), (-6.5441484, 2.1657052, 8.878848), (-4.9774866, 2.037005, 10.053811), (-7.1322985, 2.0027425, 10.290019), (-1.9156039, 1.9897773, 10.506679), (-2.5326457, 2.0684514, 9.846209), (-6.69133, 2.4500134, 6.31997), (-5.91701, 2.5586505, 6.239448), (-6.3485923, 2.3938856, 7.0065885), (-6.65035, 2.4498332, 3.5106478), (-6.0194964, 2.3480597, 3.389117), (-6.529868, 2.459154, 3.95135), (-6.4650364, 2.4523485, -5.848311), (-5.736035, 2.4332452, -6.465477), (-5.914388, 2.4620438, -6.085512), (-6.529868, 2.459154, 3.95135), (-6.0194964, 2.3480597, 3.389117), (-6.2726364, 2.558415, 4.2369742), (-6.8717027, 2.248752, 2.6171145), (-6.0194964, 2.3480597, 3.389117), (-6.65035, 2.4498332, 3.5106478), (-6.2672653, 2.2772183, -0.12550488), (-5.7949967, 2.357382, -0.6196432), (-5.8112626, 2.3404253, -0.21293575), (-6.651586, 2.6182048, -2.5866394), (-5.7675376, 2.5112271, -3.152356), (-5.8386555, 2.4663682, -2.7922585), (-6.5182567, 2.7258081, -4.5142765), (-6.0218425, 2.697933, -4.7207837), (-5.804319, 2.5838716, -3.7478485), (-5.7134233, 2.277558, -7.885634), (-6.6318607, 2.0968924, -7.81411), (-6.248573, 2.1542146, -8.494202), (-6.0194964, 2.3480597, 3.389117), (-5.7683225, 2.4913669, 4.1227155), (-6.2726364, 2.558415, 4.2369742), (-6.2672653, 2.2772183, -0.12550488), (-5.8112626, 2.3404253, -0.21293575), (-5.564793, 2.4239519, 0.17804329), (-6.307022, 2.5699637, -5.2532725), (-5.7259235, 2.567124, -5.0901437), (-6.0218425, 2.697933, -4.7207837), (-6.307022, 2.5699637, -5.2532725), (-5.705781, 2.5626864, -5.6179576), (-5.7259235, 2.567124, -5.0901437), (-6.2726364, 2.558415, 4.2369742), (-5.7683225, 2.4913669, 4.1227155), (-6.2532206, 2.548221, 4.9825687), (-6.465112, 2.2246873, -0.78859985), (-5.7983594, 2.248347, -1.288245), (-5.7949967, 2.357382, -0.6196432), (-6.3506184, 2.7289684, -3.517487), (-5.804319, 2.5838716, -3.7478485), (-5.7675376, 2.5112271, -3.152356), (-5.689436, 2.3803782, 1.7998567), (-5.2576523, 2.4275541, 2.0516994), (-6.1028733, 2.2415445, 2.651572), (-6.0161285, 2.2928686, 7.620938), (-5.122771, 2.352205, 7.2908936), (-5.08913, 2.3802423, 7.8192234), (-5.508363, 2.3444047, 6.9847465), (-5.122771, 2.352205, 7.2908936), (-6.0161285, 2.2928686, 7.620938), (-5.4116526, 2.4338062, 3.0137503), (-5.2855387, 2.4287074, 3.5630257), (-6.0194964, 2.3480597, 3.389117), (-5.7983594, 2.248347, -1.288245), (-5.0833426, 2.215858, -1.4630743), (-5.7949967, 2.357382, -0.6196432), (-5.8386555, 2.4663682, -2.7922585), (-5.2261987, 2.4123733, -2.3593254), (-5.630858, 2.4720182, -1.9947222), (-5.7259235, 2.567124, -5.0901437), (-5.705781, 2.5626864, -5.6179576), (-5.0020523, 2.4170413, -5.1500273), (-5.914388, 2.4620438, -6.085512), (-5.033707, 2.2947621, -6.068869), (-5.705781, 2.5626864, -5.6179576), (-5.736035, 2.4332452, -6.465477), (-5.033707, 2.2947621, -6.068869), (-5.914388, 2.4620438, -6.085512), (-5.58778, 2.329174, 8.322857), (-4.9774866, 2.037005, 10.053811), (-6.5441484, 2.1657052, 8.878848), (-5.7134233, 2.277558, -7.885634), (-6.248573, 2.1542146, -8.494202), (-5.2318273, 2.2275138, -8.383597), (-5.91701, 2.5586505, 6.239448), (-5.146829, 2.519591, 5.8528767), (-5.1757135, 2.498727, 6.4127154), (-5.7675376, 2.5112271, -3.152356), (-5.0590134, 2.5178695, -2.8184633), (-5.8386555, 2.4663682, -2.7922585), (-5.0398684, 2.4202113, -3.8013747), (-5.0590134, 2.5178695, -2.8184633), (-5.7675376, 2.5112271, -3.152356), (-5.2318273, 2.2275138, -8.383597), (-4.957111, 2.2620285, -7.8160987), (-5.7134233, 2.277558, -7.885634), (-4.06217, 2.2187493, -7.999896), (-4.710626, 2.2755582, -7.57694), (-5.0020523, 2.4170413, -5.1500273), (-5.05515, 2.511262, -4.675114), (-5.7259235, 2.567124, -5.0901437), (-6.248573, 2.1542146, -8.494202), (-5.2331595, 2.1275253, -9.230956), (-5.2318273, 2.2275138, -8.383597), (-6.446303, 1.9971147, -10.4781065), (-4.2548494, 2.0280285, -10.1166725), (-5.2331595, 2.1275253, -9.230956), (-5.4634733, 2.6723757, 4.9218783), (-5.3242865, 2.6238647, 4.586899), (-4.831226, 2.6594942, 5.0894766), (-5.5916295, 2.3111684, 2.528748), (-5.043212, 2.3034549, 2.5302432), (-5.4116526, 2.4338062, 3.0137503), (-5.519534, 2.2932603, 1.1093353), (-4.753558, 2.3220725, 1.5844424), (-5.2576523, 2.4275541, 2.0516994), (-5.3242865, 2.6238647, 4.586899), (-4.64756, 2.5950103, 4.357192), (-4.831226, 2.6594942, 5.0894766), (-5.3242865, 2.6238647, 4.586899), (-5.1654816, 2.6109858, 4.1012006), (-4.64756, 2.5950103, 4.357192), (-8.974819, 2.1709962, 5.9130216), (-10.710693, 1.986856, 6.9208884), (-9.700693, 2.0467265, 5.033665), (-5.0590134, 2.5178695, -2.8184633), (-4.5948234, 2.1412866, -1.8580416), (-5.2261987, 2.4123733, -2.3593254), (-4.957111, 2.2620285, -7.8160987), (-4.710626, 2.2755582, -7.57694), (-4.9202833, 2.1244493, -6.939282), (-4.246911, 2.6849835, 6.5583086), (-4.556498, 2.4574485, 7.19103), (-5.122771, 2.352205, 7.2908936), (-5.043212, 2.3034549, 2.5302432), (-4.5356917, 2.228927, 2.4410288), (-5.4116526, 2.4338062, 3.0137503), (-4.753558, 2.3220725, 1.5844424), (-4.5356917, 2.228927, 2.4410288), (-5.2576523, 2.4275541, 2.0516994), (-5.0398684, 2.4202113, -3.8013747), (-4.594429, 2.3934405, -2.933985), (-5.0590134, 2.5178695, -2.8184633), (-5.033707, 2.2947621, -6.068869), (-4.26356, 2.316664, -6.1067815), (-4.7189245, 2.324692, -5.6866364), (-5.2318273, 2.2275138, -8.383597), (-5.2331595, 2.1275253, -9.230956), (-4.592068, 2.2818608, -8.562905), (-4.490313, 2.4970584, 7.5459213), (-4.3235536, 2.4406693, 8.276844), (-5.08913, 2.3802423, 7.8192234), (-5.0020523, 2.4170413, -5.1500273), (-4.5854974, 2.340852, -4.1436844), (-5.05515, 2.511262, -4.675114), (-4.9202833, 2.1244493, -6.939282), (-4.710626, 2.2755582, -7.57694), (-4.357873, 2.1555645, -7.0042644), (-5.2331595, 2.1275253, -9.230956), (-4.2548494, 2.0280285, -10.1166725), (-4.592068, 2.2818608, -8.562905), (-5.1654816, 2.6109858, 4.1012006), (-4.232828, 2.5862792, 4.2796435), (-4.64756, 2.5950103, 4.357192), (-4.594429, 2.3934405, -2.933985), (-5.0398684, 2.4202113, -3.8013747), (-4.21253, 2.4049423, -3.168817), (-4.5356917, 2.228927, 2.4410288), (-3.854304, 2.2953563, 2.3449419), (-3.4307027, 2.4992146, 2.8593588), (-4.594429, 2.3934405, -2.933985), (-4.21253, 2.4049423, -3.168817), (-4.5948234, 2.1412866, -1.8580416), (-4.5854974, 2.340852, -4.1436844), (-4.21253, 2.4049423, -3.168817), (-5.0398684, 2.4202113, -3.8013747), (-4.7189245, 2.324692, -5.6866364), (-3.8756542, 2.2094684, -5.7391844), (-4.2629685, 2.2441902, -4.9989157), (-4.7189245, 2.324692, -5.6866364), (-4.26356, 2.316664, -6.1067815), (-3.8756542, 2.2094684, -5.7391844), (-4.9202833, 2.1244493, -6.939282), (-4.0784326, 2.2320755, -6.293301), (-4.26356, 2.316664, -6.1067815), (-3.912476, 2.6847374, 6.0873938), (-4.448707, 2.685946, 6.027796), (-4.0823617, 2.7975655, 5.568922), (-4.556498, 2.4574485, 7.19103), (-4.246911, 2.6849835, 6.5583086), (-3.9566033, 2.4108639, 7.242318), (-4.0851016, 2.2549074, 1.0853552), (-4.023139, 2.3316643, 1.7997488), (-4.753558, 2.3220725, 1.5844424), (-3.9441893, 2.1604784, -2.4873226), (-3.5971859, 2.1969354, -1.7733138), (-4.5948234, 2.1412866, -1.8580416), (-4.211731, 2.2754507, -0.25435513), (-3.6304293, 2.319454, -0.116129585), (-3.7611449, 2.4062264, 0.38547084), (-4.360163, 2.3244145, -0.98975575), (-4.5948234, 2.1412866, -1.8580416), (-3.8096817, 2.3170183, -1.3170582), (-4.5948234, 2.1412866, -1.8580416), (-4.21253, 2.4049423, -3.168817), (-3.9441893, 2.1604784, -2.4873226), (-4.5854974, 2.340852, -4.1436844), (-3.6581435, 2.1529574, -3.8751824), (-4.21253, 2.4049423, -3.168817), (-4.9202833, 2.1244493, -6.939282), (-4.357873, 2.1555645, -7.0042644), (-3.6891387, 2.19643, -6.4497514), (-4.2548494, 2.0280285, -10.1166725), (-3.7067623, 2.1623163, -8.872779), (-4.592068, 2.2818608, -8.562905), (-3.9566033, 2.4108639, 7.242318), (-3.5080175, 2.401289, 8.081367), (-4.490313, 2.4970584, 7.5459213), (-4.2872944, 2.7191536, 4.873348), (-3.6333687, 2.7266567, 5.432919), (-4.0823617, 2.7975655, 5.568922), (-3.8510714, 2.232366, -4.4220247), (-3.6581435, 2.1529574, -3.8751824), (-4.5854974, 2.340852, -4.1436844), (-4.211731, 2.2754507, -0.25435513), (-3.5716784, 2.3100019, -0.88581777), (-3.6304293, 2.319454, -0.116129585), (-4.360163, 2.3244145, -0.98975575), (-3.8096817, 2.3170183, -1.3170582), (-3.5716784, 2.3100019, -0.88581777), (-4.5948234, 2.1412866, -1.8580416), (-3.5971859, 2.1969354, -1.7733138), (-3.8096817, 2.3170183, -1.3170582), (-4.21253, 2.4049423, -3.168817), (-3.43775, 2.1252704, -3.1847234), (-3.9441893, 2.1604784, -2.4873226), (-3.7493563, 2.2464032, -7.1573863), (-3.6891387, 2.19643, -6.4497514), (-4.357873, 2.1555645, -7.0042644), (-2.9386246, 2.258571, -6.3979564), (-3.3884563, 2.1754327, -5.6649094), (-3.8756542, 2.2094684, -5.7391844), (-3.3884563, 2.1754327, -5.6649094), (-4.2629685, 2.2441902, -4.9989157), (-4.06217, 2.2187493, -7.999896), (-3.7493563, 2.2464032, -7.1573863), (-4.357873, 2.1555645, -7.0042644), (-4.0851016, 2.2549074, 1.0853552), (-3.240799, 2.1277783, 1.6947474), (-4.023139, 2.3316643, 1.7997488), (-3.7611449, 2.4062264, 0.38547084), (-3.5696611, 2.3323388, 0.77282935), (-4.0851016, 2.2549074, 1.0853552), (-3.6304293, 2.319454, -0.116129585), (-3.5716784, 2.3100019, -0.88581777), (-3.3443267, 2.3588383, -0.48091608), (-3.6581435, 2.1529574, -3.8751824), (-3.43775, 2.1252704, -3.1847234), (-4.21253, 2.4049423, -3.168817), (-4.2629685, 2.2441902, -4.9989157), (-3.3884563, 2.1754327, -5.6649094), (-3.2264678, 2.0878694, -5.2240753), (-3.9566033, 2.4108639, 7.242318), (-3.275028, 2.505775, 7.0001445), (-3.5080175, 2.401289, 8.081367), (-3.43775, 2.1252704, -3.1847234), (-3.218784, 2.009254, -2.732897), (-3.9441893, 2.1604784, -2.4873226), (-3.7493563, 2.2464032, -7.1573863), (-3.2624788, 2.3543544, -6.9164233), (-3.6891387, 2.19643, -6.4497514), (-3.7493563, 2.2464032, -7.1573863), (-4.06217, 2.2187493, -7.999896), (-2.9206755, 2.2879183, -7.633175), (-4.06217, 2.2187493, -7.999896), (-3.7067623, 2.1623163, -8.872779), (-2.9206755, 2.2879183, -7.633175), (-1.9156039, 1.9897773, 10.506679), (-2.5326457, 2.0684514, 9.846209), (-1.1715676, 2.0267556, 9.841224), (-4.3235536, 2.4406693, 8.276844), (-3.5080175, 2.401289, 8.081367), (-2.4801931, 2.2873168, 8.397693), (-3.6333687, 2.7266567, 5.432919), (-3.1152182, 2.6905882, 4.899653), (-2.9604034, 2.696405, 5.28786), (-3.6304293, 2.319454, -0.116129585), (-2.9200711, 2.1859586, 0.16816352), (-3.7611449, 2.4062264, 0.38547084), (-3.9441893, 2.1604784, -2.4873226), (-3.3014615, 2.150297, -1.9647871), (-3.5971859, 2.1969354, -1.7733138), (-3.2264678, 2.0878694, -5.2240753), (-3.1564639, 2.2202642, -4.464537), (-3.8510714, 2.232366, -4.4220247), (-2.412316, 1.9800117, -10.872416), (-2.1935592, 2.0118482, -10.174902), (-4.2548494, 2.0280285, -10.1166725), (-3.9090242, 2.328918, 9.051948), (-2.4801931, 2.2873168, 8.397693), (-2.5326457, 2.0684514, 9.846209), (-3.7512534, 2.632806, 3.99373), (-3.8770986, 2.4783876, 3.4119518), (-2.918853, 2.5332108, 3.663737), (-3.854304, 2.2953563, 2.3449419), (-2.9956784, 2.2214396, 2.296598), (-3.4307027, 2.4992146, 2.8593588), (-3.6304293, 2.319454, -0.116129585), (-3.3443267, 2.3588383, -0.48091608), (-2.9200711, 2.1859586, 0.16816352), (-3.8096817, 2.3170183, -1.3170582), (-3.5971859, 2.1969354, -1.7733138), (-3.5716784, 2.3100019, -0.88581777), (-3.6581435, 2.1529574, -3.8751824), (-3.1564639, 2.2202642, -4.464537), (-2.9067404, 2.0686567, -3.9367113), (-3.2624788, 2.3543544, -6.9164233), (-2.9386246, 2.258571, -6.3979564), (-3.6891387, 2.19643, -6.4497514), (-3.7493563, 2.2464032, -7.1573863), (-2.9206755, 2.2879183, -7.633175), (-3.2624788, 2.3543544, -6.9164233), (-3.240799, 2.1277783, 1.6947474), (-2.787251, 2.1506076, 1.4569317), (-2.9956784, 2.2214396, 2.296598), (-2.9200711, 2.1859586, 0.16816352), (-3.0915575, 2.2872176, 0.8949763), (-3.5696611, 2.3323388, 0.77282935), (-3.43775, 2.1252704, -3.1847234), (-3.0359278, 2.1463943, -3.38969), (-3.218784, 2.009254, -2.732897), (-3.43775, 2.1252704, -3.1847234), (-2.9067404, 2.0686567, -3.9367113), (-3.0359278, 2.1463943, -3.38969), (-2.9386246, 2.258571, -6.3979564), (-2.7339787, 2.3071012, -5.8947954), (-3.3884563, 2.1754327, -5.6649094), (-3.2624788, 2.3543544, -6.9164233), (-2.9206755, 2.2879183, -7.633175), (-2.5160282, 2.2986004, -7.3318906), (-3.3014615, 2.150297, -1.9647871), (-3.218784, 2.009254, -2.732897), (-2.6823325, 2.1452262, -2.0868094), (-2.5160282, 2.2986004, -7.3318906), (-2.9386246, 2.258571, -6.3979564), (-3.2624788, 2.3543544, -6.9164233), (-3.5080175, 2.401289, 8.081367), (-2.3907707, 2.3012238, 7.426043), (-2.4801931, 2.2873168, 8.397693), (-3.275028, 2.505775, 7.0001445), (-2.7213259, 2.4830546, 6.711148), (-2.3907707, 2.3012238, 7.426043), (-3.2581573, 2.599498, 4.4620266), (-2.7054305, 2.567026, 4.7113853), (-3.1152182, 2.6905882, 4.899653), (-2.615322, 2.4979835, 4.1696997), (-2.7054305, 2.567026, 4.7113853), (-3.2581573, 2.599498, 4.4620266), (-2.9956784, 2.2214396, 2.296598), (-2.5436707, 2.2355525, 2.719006), (-3.4307027, 2.4992146, 2.8593588), (-2.9200711, 2.1859586, 0.16816352), (-2.5574744, 2.1466746, 0.66203976), (-3.0915575, 2.2872176, 0.8949763), (-2.6823325, 2.1452262, -2.0868094), (-2.8842983, 2.1709673, -1.510016), (-3.3014615, 2.150297, -1.9647871), (-3.0359278, 2.1463943, -3.38969), (-2.9067404, 2.0686567, -3.9367113), (-2.7215588, 2.227179, -3.3723433), (-2.9386246, 2.258571, -6.3979564), (-2.436543, 2.2832634, -6.2956204), (-2.7339787, 2.3071012, -5.8947954), (-3.1646478, 2.5472896, 5.976389), (-2.4150987, 2.4202785, 6.0560217), (-2.7213259, 2.4830546, 6.711148), (-2.9604034, 2.696405, 5.28786), (-2.3063164, 2.513615, 5.219579), (-2.4150987, 2.4202785, 6.0560217), (-2.7054305, 2.567026, 4.7113853), (-2.3063164, 2.513615, 5.219579), (-2.9604034, 2.696405, 5.28786), (-2.6417954, 2.0990272, -4.247651), (-2.3214, 2.1891594, -3.7063239), (-2.9067404, 2.0686567, -3.9367113), (-2.5574744, 2.1466746, 0.66203976), (-2.787251, 2.1506076, 1.4569317), (-3.0915575, 2.2872176, 0.8949763), (-2.9200711, 2.1859586, 0.16816352), (-2.4347734, 2.1600406, -0.3217004), (-2.2083404, 2.1825562, 0.13340187), (-2.5326457, 2.0684514, 9.846209), (-2.4801931, 2.2873168, 8.397693), (-1.9282833, 2.192741, 9.151638), (-2.223418, 2.0460684, -1.4192489), (-2.919602, 2.3362205, -0.83304214), (-2.8842983, 2.1709673, -1.510016), (-2.6823325, 2.1452262, -2.0868094), (-2.223418, 2.0460684, -1.4192489), (-2.8842983, 2.1709673, -1.510016), (-0.723541, 2.1610193, 8.254715), (-1.9282833, 2.192741, 9.151638), (-2.4801931, 2.2873168, 8.397693), (-2.6417954, 2.0990272, -4.247651), (-2.3255022, 2.0252163, -4.991713), (-1.9970027, 2.297999, -4.1995893), (-2.7339787, 2.3071012, -5.8947954), (-2.1169124, 2.1801963, -5.743069), (-2.3255022, 2.0252163, -4.991713), (-2.7213259, 2.4830546, 6.711148), (-2.4150987, 2.4202785, 6.0560217), (-1.9789648, 2.258994, 6.8341136), (-2.4150987, 2.4202785, 6.0560217), (-2.3063164, 2.513615, 5.219579), (-1.8087951, 2.4431338, 5.6525145), (-2.2136452, 2.37318, 3.3580108), (-1.9786651, 2.3693788, 3.9230382), (-2.918853, 2.5332108, 3.663737), (-2.5436707, 2.2355525, 2.719006), (-1.724774, 2.4700427, 2.9932723), (-2.2136452, 2.37318, 3.3580108), (-2.223418, 2.0460684, -1.4192489), (-1.9910678, 2.0332835, -0.72335964), (-2.919602, 2.3362205, -0.83304214), (-2.3214, 2.1891594, -3.7063239), (-2.0960004, 2.2159162, -3.1910207), (-2.7215588, 2.227179, -3.3723433), (-2.7339787, 2.3071012, -5.8947954), (-2.436543, 2.2832634, -6.2956204), (-2.1169124, 2.1801963, -5.743069), (-2.675814, 2.2393477, -7.9451056), (-2.2683156, 2.2385042, -7.6596622), (-2.5160282, 2.2986004, -7.3318906), (-2.787251, 2.1506076, 1.4569317), (-1.7674212, 2.025648, 0.7554935), (-2.4602737, 2.2937257, 1.9124475), (-2.2083404, 2.1825562, 0.13340187), (-1.7674212, 2.025648, 0.7554935), (-2.5574744, 2.1466746, 0.66203976), (-2.0654175, 2.245865, -2.362143), (-2.223418, 2.0460684, -1.4192489), (-2.6823325, 2.1452262, -2.0868094), (-2.3255022, 2.0252163, -4.991713), (-1.8648752, 2.1237664, -4.971582), (-1.9970027, 2.297999, -4.1995893), (-2.1169124, 2.1801963, -5.743069), (-1.8648752, 2.1237664, -4.971582), (-2.3255022, 2.0252163, -4.991713), (-2.0864134, 2.382233, -6.707937), (-2.1169124, 2.1801963, -5.743069), (-2.436543, 2.2832634, -6.2956204), (-2.5160282, 2.2986004, -7.3318906), (-2.2683156, 2.2385042, -7.6596622), (-1.7449409, 2.3007255, -7.245076), (-2.5326457, 2.0684514, 9.846209), (-1.9282833, 2.192741, 9.151638), (-1.1715676, 2.0267556, 9.841224), (-2.4150987, 2.4202785, 6.0560217), (-1.4497839, 2.4398737, 6.02996), (-1.9789648, 2.258994, 6.8341136), (-1.9786651, 2.3693788, 3.9230382), (-1.7491293, 2.4061027, 4.6855636), (-2.2086973, 2.5240114, 4.488202), (-2.2136452, 2.37318, 3.3580108), (-1.6793443, 2.377054, 3.8553734), (-1.9786651, 2.3693788, 3.9230382), (-1.9970027, 2.297999, -4.1995893), (-1.7681996, 2.3086836, -3.6035962), (-2.3214, 2.1891594, -3.7063239), (-2.3907707, 2.3012238, 7.426043), (-1.4891223, 2.2924275, 7.23406), (-1.7604288, 2.3061082, 7.9221463), (-1.724774, 2.4700427, 2.9932723), (-1.6793443, 2.377054, 3.8553734), (-2.2136452, 2.37318, 3.3580108), (-2.223418, 2.0460684, -1.4192489), (-1.374128, 2.2337024, -1.7696644), (-0.7576983, 2.42156, -1.1618531), (-2.0654175, 2.245865, -2.362143), (-1.374128, 2.2337024, -1.7696644), (-2.223418, 2.0460684, -1.4192489), (-1.374128, 2.2337024, -1.7696644), (-1.0531942, 2.3996673, -2.5911014), (-0.55092585, 2.3796701, -1.8722863), (-2.1169124, 2.1801963, -5.743069), (-1.5524309, 2.1980155, -5.4240046), (-1.8648752, 2.1237664, -4.971582), (-2.1169124, 2.1801963, -5.743069), (-1.4573023, 2.204152, -6.1261706), (-1.5524309, 2.1980155, -5.4240046), (-1.7449409, 2.3007255, -7.245076), (-1.6690246, 2.3162332, -6.5994334), (-2.0864134, 2.382233, -6.707937), (-2.2683156, 2.2385042, -7.6596622), (-1.491253, 2.2436378, -8.155349), (-1.2691054, 2.3792932, -6.897067), (-1.7491293, 2.4061027, 4.6855636), (-1.2618985, 2.4184744, 5.0205865), (-2.3063164, 2.513615, 5.219579), (-1.8087951, 2.4431338, 5.6525145), (-1.4497839, 2.4398737, 6.02996), (-2.4150987, 2.4202785, 6.0560217), (-1.724774, 2.4700427, 2.9932723), (-1.3139449, 2.4557233, 3.227075), (-1.6793443, 2.377054, 3.8553734), (-2.0108266, 2.2790458, 2.385054), (-1.1141845, 2.3049622, 2.444925), (-1.724774, 2.4700427, 2.9932723), (-2.0108266, 2.2790458, 2.385054), (-1.7041501, 2.2566755, 1.9620248), (-1.1141845, 2.3049622, 2.444925), (-2.0654175, 2.245865, -2.362143), (-2.0960004, 2.2159162, -3.1910207), (-1.0531942, 2.3996673, -2.5911014), (-1.7681996, 2.3086836, -3.6035962), (-1.1285231, 2.3348513, -3.1796002), (-2.0960004, 2.2159162, -3.1910207), (-1.4190179, 2.218838, -4.745867), (-1.2056805, 2.3396614, -3.8628423), (-1.9970027, 2.297999, -4.1995893), (-1.9970027, 2.297999, -4.1995893), (-1.8648752, 2.1237664, -4.971582), (-1.4190179, 2.218838, -4.745867), (-1.5524309, 2.1980155, -5.4240046), (-1.4190179, 2.218838, -4.745867), (-1.8648752, 2.1237664, -4.971582), (-1.7604288, 2.3061082, 7.9221463), (-1.4891223, 2.2924275, 7.23406), (-0.723541, 2.1610193, 8.254715), (-1.6002573, 2.060799, -0.02937072), (-0.98923796, 1.9936482, 0.57445097), (-1.7674212, 2.025648, 0.7554935), (-1.6793443, 2.377054, 3.8553734), (-1.3139449, 2.4557233, 3.227075), (-0.94061124, 2.5766072, 3.58149), (-0.7576983, 2.42156, -1.1618531), (-0.866053, 2.2798574, -0.6413101), (-1.9910678, 2.0332835, -0.72335964), (-1.9910678, 2.0332835, -0.72335964), (-1.0386446, 2.272702, -0.26442927), (-1.6002573, 2.060799, -0.02937072), (-1.9910678, 2.0332835, -0.72335964), (-0.866053, 2.2798574, -0.6413101), (-1.0386446, 2.272702, -0.26442927), (-2.0960004, 2.2159162, -3.1910207), (-1.1285231, 2.3348513, -3.1796002), (-1.0531942, 2.3996673, -2.5911014), (-2.5069857, 2.1261103, -9.248826), (-1.1702881, 2.0813615, -9.176017), (-2.037192, 2.2652707, -8.531309), (-1.9282833, 2.192741, 9.151638), (-0.723541, 2.1610193, 8.254715), (-1.1715676, 2.0267556, 9.841224), (-0.94061124, 2.5766072, 3.58149), (-1.3461235, 2.3781419, 4.4834123), (-1.6793443, 2.377054, 3.8553734), (-1.1141845, 2.3049622, 2.444925), (-1.3139449, 2.4557233, 3.227075), (-1.724774, 2.4700427, 2.9932723), (-1.491253, 2.2436378, -8.155349), (-1.1702881, 2.0813615, -9.176017), (-0.8389782, 2.2439559, -8.321904), (-1.1141845, 2.3049622, 2.444925), (-0.7648231, 2.3386807, 2.7889037), (-1.3139449, 2.4557233, 3.227075), (-1.4190179, 2.218838, -4.745867), (-0.7413278, 2.1570177, -5.661599), (-0.65986145, 2.4872296, -4.595096), (-1.5524309, 2.1980155, -5.4240046), (-0.7413278, 2.1570177, -5.661599), (-1.4190179, 2.218838, -4.745867), (-1.491253, 2.2436378, -8.155349), (-0.63978803, 2.226836, -7.2213), (-1.2691054, 2.3792932, -6.897067), (0.4176603, 2.0931711, -7.0298405), (-0.27496833, 2.2698505, -6.3716), (-0.723541, 2.1610193, 8.254715), (0.02582265, 2.1794565, 8.606463), (-1.1715676, 2.0267556, 9.841224), (-1.4497839, 2.4398737, 6.02996), (-1.1305656, 2.378, 5.5696855), (-0.79389405, 2.3024068, 6.027336), (-1.3139449, 2.4557233, 3.227075), (-0.7648231, 2.3386807, 2.7889037), (-0.6038688, 2.43434, 3.102841), (-0.97920483, 2.2417598, 7.2462096), (-0.41575205, 2.341594, 7.354384), (-0.723541, 2.1610193, 8.254715), (-1.2267171, 2.170636, 1.4205753), (-0.62843555, 2.1798418, 1.3242002), (-0.43827355, 2.3485937, 1.8901321), (-1.0531942, 2.3996673, -2.5911014), (-0.5052711, 2.4959157, -2.4169114), (-0.55092585, 2.3796701, -1.8722863), (-1.0531942, 2.3996673, -2.5911014), (-0.07908519, 2.5369425, -3.060119), (-0.5052711, 2.4959157, -2.4169114), (-0.22616805, 2.300696, 5.7337894), (-0.3083763, 2.3544204, 6.603586), (-0.79389405, 2.3024068, 6.027336), (-0.79389405, 2.3024068, 6.027336), (-0.3083763, 2.3544204, 6.603586), (-1.0948507, 2.2054517, 6.675443), (-0.94061124, 2.5766072, 3.58149), (-0.0014940907, 2.4295626, 3.769172), (-0.67846704, 2.561285, 3.956076), (-0.6038688, 2.43434, 3.102841), (-0.0014940907, 2.4295626, 3.769172), (-0.94061124, 2.5766072, 3.58149), (-0.7648231, 2.3386807, 2.7889037), (-0.29212418, 2.371096, 2.4895766), (-0.6038688, 2.43434, 3.102841), (-0.62843555, 2.1798418, 1.3242002), (-0.09513178, 2.2059236, 1.4441698), (-0.43827355, 2.3485937, 1.8901321), (-0.53409714, 2.1816137, -0.039716095), (-0.12488165, 2.230858, 0.2772517), (-0.98923796, 1.9936482, 0.57445097), (-0.57525057, 2.5449605, -3.733594), (-0.07908519, 2.5369425, -3.060119), (-1.1285231, 2.3348513, -3.1796002), (-0.65986145, 2.4872296, -4.595096), (-0.42498848, 2.4910595, -4.144641), (-1.2056805, 2.3396614, -3.8628423), (-1.1702881, 2.0813615, -9.176017), (0.09921644, 2.050894, -9.124172), (-0.8389782, 2.2439559, -8.321904), (-0.7884723, 2.4509332, 4.5526977), (-0.67846704, 2.561285, 3.956076), (-0.11338855, 2.3927233, 4.5265784), (-0.6038688, 2.43434, 3.102841), (-0.29212418, 2.371096, 2.4895766), (0.041154016, 2.4791124, 3.0120385), (-0.55092585, 2.3796701, -1.8722863), (-0.16107501, 2.3819737, -1.1570042), (-0.7576983, 2.42156, -1.1618531), (-0.63978803, 2.226836, -7.2213), (-0.27496833, 2.2698505, -6.3716), (-0.7431914, 2.237528, -6.5291944), (-0.11338855, 2.3927233, 4.5265784), (-0.14935666, 2.423651, 5.0804324), (-0.66170835, 2.5069382, 5.145403), (-0.67846704, 2.561285, 3.956076), (-0.0014940907, 2.4295626, 3.769172), (-0.11338855, 2.3927233, 4.5265784), (-0.5052711, 2.4959157, -2.4169114), (0.23741956, 2.519091, -2.1503632), (-0.55092585, 2.3796701, -1.8722863), (-0.63978803, 2.226836, -7.2213), (-0.16372989, 2.2551448, -7.595948), (0.4176603, 2.0931711, -7.0298405), (-0.09513178, 2.2059236, 1.4441698), (0.10864283, 2.288719, 2.2334802), (-0.43827355, 2.3485937, 1.8901321), (-0.5052711, 2.4959157, -2.4169114), (-0.043479886, 2.5295427, -2.7114518), (0.23741956, 2.519091, -2.1503632), (-0.866053, 2.2798574, -0.6413101), (-0.16107501, 2.3819737, -1.1570042), (0.37306717, 2.2053523, -0.38968962), (-0.55092585, 2.3796701, -1.8722863), (0.33297485, 2.587932, -1.5484202), (-0.16107501, 2.3819737, -1.1570042), (0.21501926, 2.3952003, -4.6484966), (-0.42498848, 2.4910595, -4.144641), (-0.65986145, 2.4872296, -4.595096), (-0.7413278, 2.1570177, -5.661599), (0.21501926, 2.3952003, -4.6484966), (-0.65986145, 2.4872296, -4.595096), (-1.1715676, 2.0267556, 9.841224), (0.02582265, 2.1794565, 8.606463), (0.97860676, 2.1334262, 8.343576), (-0.3083763, 2.3544204, 6.603586), (0.35446337, 2.2160485, 6.4086986), (-0.014398211, 2.295465, 7.170613), (0.23756738, 2.2488172, 5.979207), (0.35446337, 2.2160485, 6.4086986), (-0.3083763, 2.3544204, 6.603586), (-0.7413278, 2.1570177, -5.661599), (-0.12115588, 2.2588866, -5.917287), (0.21501926, 2.3952003, -4.6484966), (-0.27496833, 2.2698505, -6.3716), (0.41650978, 2.2227533, -6.119706), (-0.12115588, 2.2588866, -5.917287), (0.4176603, 2.0931711, -7.0298405), (0.5972258, 2.0909326, -6.644316), (-0.27496833, 2.2698505, -6.3716), (-0.014398211, 2.295465, 7.170613), (0.5063216, 2.3345003, 7.45401), (0.013422515, 2.199825, 8.106278), (0.33297485, 2.587932, -1.5484202), (0.60684067, 2.3069656, -0.74684644), (0.37306717, 2.2053523, -0.38968962), (-0.14935666, 2.423651, 5.0804324), (0.43986866, 2.4647517, 5.179297), (-0.22616805, 2.300696, 5.7337894), (-0.14935666, 2.423651, 5.0804324), (-0.11338855, 2.3927233, 4.5265784), (0.43986866, 2.4647517, 5.179297), (0.31331608, 2.4010053, 3.485441), (0.48785433, 2.4583564, 3.9958074), (-0.0014940907, 2.4295626, 3.769172), (-0.043479886, 2.5295427, -2.7114518), (0.4964112, 2.6095455, -2.9607565), (0.54348063, 2.6509283, -2.543861), (-0.07908519, 2.5369425, -3.060119), (0.071330115, 2.5277674, -3.7304003), (0.4964112, 2.6095455, -2.9607565), (0.5063216, 2.3345003, 7.45401), (0.97860676, 2.1334262, 8.343576), (0.013422515, 2.199825, 8.106278), (0.21501926, 2.3952003, -4.6484966), (0.753366, 2.3696246, -5.5585465), (0.7660724, 2.4576302, -5.0512214), (-0.12115588, 2.2588866, -5.917287), (0.41650978, 2.2227533, -6.119706), (0.753366, 2.3696246, -5.5585465), (0.5972258, 2.0909326, -6.644316), (0.41650978, 2.2227533, -6.119706), (-0.27496833, 2.2698505, -6.3716), (0.35446337, 2.2160485, 6.4086986), (0.5063216, 2.3345003, 7.45401), (-0.014398211, 2.295465, 7.170613), (-0.11338855, 2.3927233, 4.5265784), (0.73954076, 2.3891642, 4.748252), (0.43986866, 2.4647517, 5.179297), (-0.11338855, 2.3927233, 4.5265784), (0.48785433, 2.4583564, 3.9958074), (0.73954076, 2.3891642, 4.748252), (0.10864283, 2.288719, 2.2334802), (0.6512217, 2.3084886, 2.8025458), (0.041154016, 2.4791124, 3.0120385), (0.60684067, 2.3069656, -0.74684644), (1.1207688, 2.3267553, -0.26881453), (0.37306717, 2.2053523, -0.38968962), (0.33297485, 2.587932, -1.5484202), (0.23741956, 2.519091, -2.1503632), (0.9336511, 2.5164218, -1.9866363), (0.21501926, 2.3952003, -4.6484966), (0.91535133, 2.4590173, -4.5666976), (0.61755455, 2.6479888, -3.9812505), (1.0074004, 2.2385805, 6.260257), (0.8493216, 2.2431152, 6.947866), (0.35446337, 2.2160485, 6.4086986), (-0.16372989, 2.2551448, -7.595948), (0.5544201, 2.1226213, -7.4002), (0.4176603, 2.0931711, -7.0298405), (-0.16372989, 2.2551448, -7.595948), (0.66932374, 2.1008303, -8.108057), (0.5544201, 2.1226213, -7.4002), (0.35446337, 2.2160485, 6.4086986), (0.8493216, 2.2431152, 6.947866), (0.5063216, 2.3345003, 7.45401), (0.23756738, 2.2488172, 5.979207), (1.0074004, 2.2385805, 6.260257), (0.35446337, 2.2160485, 6.4086986), (0.23756738, 2.2488172, 5.979207), (0.8310529, 2.2402794, 5.812767), (1.0074004, 2.2385805, 6.260257), (0.6405483, 2.0452454, 0.7746471), (0.87360984, 2.168061, 1.378333), (0.491989, 2.3087168, 1.6729295), (0.33297485, 2.587932, -1.5484202), (0.9336511, 2.5164218, -1.9866363), (1.111692, 2.3657718, -1.0640763), (0.23741956, 2.519091, -2.1503632), (0.54348063, 2.6509283, -2.543861), (0.9336511, 2.5164218, -1.9866363), (0.61755455, 2.6479888, -3.9812505), (0.80114967, 2.6655054, -3.6713676), (0.071330115, 2.5277674, -3.7304003), (0.753366, 2.3696246, -5.5585465), (0.41650978, 2.2227533, -6.119706), (0.9484976, 2.3838642, -5.8830395), (0.5063216, 2.3345003, 7.45401), (1.2885891, 2.2134228, 7.2838316), (0.97860676, 2.1334262, 8.343576), (0.8310529, 2.2402794, 5.812767), (0.43986866, 2.4647517, 5.179297), (1.6158736, 2.0841448, 5.7236314), (0.73954076, 2.3891642, 4.748252), (0.48785433, 2.4583564, 3.9958074), (1.0137585, 2.4039094, 4.438229), (0.93500435, 2.083069, 0.62829673), (0.6405483, 2.0452454, 0.7746471), (0.37306717, 2.2053523, -0.38968962), (1.1100192, 2.1741204, 2.0045478), (0.6512217, 2.3084886, 2.8025458), (0.10864283, 2.288719, 2.2334802), (0.73954076, 2.3891642, 4.748252), (1.0137585, 2.4039094, 4.438229), (1.6158736, 2.0841448, 5.7236314), (0.93500435, 2.083069, 0.62829673), (1.266207, 2.1159132, 1.0976999), (0.6405483, 2.0452454, 0.7746471), (0.5544201, 2.1226213, -7.4002), (0.66932374, 2.1008303, -8.108057), (1.3645207, 2.1363747, -7.7357593), (0.66932374, 2.1008303, -8.108057), (0.9849393, 2.0789552, -9.023595), (1.4741426, 2.179769, -8.267465), (2.076523, 2.0136354, 9.891397), (4.399198, 2.0172098, 10.20301), (-1.1715676, 2.0267556, 9.841224), (0.97860676, 2.1334262, 8.343576), (2.2063448, 2.1239426, 8.805307), (2.076523, 2.0136354, 9.891397), (1.283783, 2.2108078, 2.746371), (1.5331368, 2.3936954, 3.5845776), (0.77092046, 2.289548, 3.2034607), (1.1100192, 2.1741204, 2.0045478), (1.283783, 2.2108078, 2.746371), (0.6512217, 2.3084886, 2.8025458), (1.111692, 2.3657718, -1.0640763), (1.1207688, 2.3267553, -0.26881453), (0.60684067, 2.3069656, -0.74684644), (1.6037605, 2.3285944, -0.58642673), (1.1207688, 2.3267553, -0.26881453), (1.111692, 2.3657718, -1.0640763), (1.1110251, 2.5903609, -2.6861696), (1.531557, 2.6337352, -2.1976445), (0.9336511, 2.5164218, -1.9866363), (0.80114967, 2.6655054, -3.6713676), (1.1806837, 2.5820847, -3.9660192), (0.86938536, 2.7262576, -3.4005883), (0.91535133, 2.4590173, -4.5666976), (1.1806837, 2.5820847, -3.9660192), (0.61755455, 2.6479888, -3.9812505), (0.753366, 2.3696246, -5.5585465), (1.5910684, 2.3130717, -5.3360014), (0.7660724, 2.4576302, -5.0512214), (0.9484976, 2.3838642, -5.8830395), (1.5910684, 2.3130717, -5.3360014), (0.753366, 2.3696246, -5.5585465), (0.5972258, 2.0909326, -6.644316), (1.5010133, 2.2028756, -6.2109494), (0.9484976, 2.3838642, -5.8830395), (0.92735463, 2.3617332, 3.8274944), (1.5331368, 2.3936954, 3.5845776), (1.7205937, 2.2425013, 4.21664), (1.1100192, 2.1741204, 2.0045478), (1.266207, 2.1159132, 1.0976999), (1.6911346, 2.0483518, 1.3284364), (0.93500435, 2.083069, 0.62829673), (1.6097262, 2.0664103, 0.49727046), (1.266207, 2.1159132, 1.0976999), (0.86938536, 2.7262576, -3.4005883), (1.4751561, 2.599598, -3.2906814), (1.1110251, 2.5903609, -2.6861696), (1.1806837, 2.5820847, -3.9660192), (1.4751561, 2.599598, -3.2906814), (0.86938536, 2.7262576, -3.4005883), (1.1806837, 2.5820847, -3.9660192), (0.91535133, 2.4590173, -4.5666976), (1.8219469, 2.5074725, -4.4284763), (1.5910684, 2.3130717, -5.3360014), (0.91535133, 2.4590173, -4.5666976), (0.7660724, 2.4576302, -5.0512214), (1.1806837, 2.5820847, -3.9660192), (1.8219469, 2.5074725, -4.4284763), (1.6257815, 2.6254554, -3.994602), (1.4819894, 2.2530012, 4.815046), (1.7205937, 2.2425013, 4.21664), (2.082883, 2.2744782, 4.7435904), (1.6911346, 2.0483518, 1.3284364), (2.0391774, 2.0553067, 1.7922741), (1.6081932, 2.1954854, 2.2268775), (1.283783, 2.2108078, 2.746371), (1.6081932, 2.1954854, 2.2268775), (2.247461, 2.0380058, 2.7602684), (2.7838411, 1.9793513, 2.2071474), (2.7309158, 1.9542896, 2.6896482), (1.1207688, 2.3267553, -0.26881453), (2.296953, 2.1746833, -0.2908324), (1.6097262, 2.0664103, 0.49727046), (1.5244595, 2.4281912, -1.3906187), (1.531557, 2.6337352, -2.1976445), (2.2208269, 2.3769047, -1.645429), (1.4751561, 2.599598, -3.2906814), (1.7729582, 2.5335803, -2.8671906), (1.1110251, 2.5903609, -2.6861696), (0.9849393, 2.0789552, -9.023595), (1.8639038, 2.0766413, -8.992893), (1.4741426, 2.179769, -8.267465), (2.015787, 2.1109006, 8.007584), (2.2063448, 2.1239426, 8.805307), (0.97860676, 2.1334262, 8.343576), (1.8944165, 2.0822663, 6.5646253), (2.1920252, 2.1519916, 7.0147166), (1.2885891, 2.2134228, 7.2838316), (1.6158736, 2.0841448, 5.7236314), (2.2072108, 2.059179, 5.638204), (1.8944165, 2.0822663, 6.5646253), (1.6097262, 2.0664103, 0.49727046), (2.0391774, 2.0553067, 1.7922741), (1.6911346, 2.0483518, 1.3284364), (1.5244595, 2.4281912, -1.3906187), (2.2208269, 2.3769047, -1.645429), (1.9920934, 2.4212165, -0.961603), (1.707216, 2.1024044, -6.8521085), (2.4503887, 2.2307677, -5.8706837), (1.5010133, 2.2028756, -6.2109494), (1.3645207, 2.1363747, -7.7357593), (2.2214568, 2.108996, -7.854562), (1.707216, 2.1024044, -6.8521085), (1.6097262, 2.0664103, 0.49727046), (2.296953, 2.1746833, -0.2908324), (2.4321344, 2.05548, 0.4640799), (1.6037605, 2.3285944, -0.58642673), (1.9920934, 2.4212165, -0.961603), (2.296953, 2.1746833, -0.2908324), (1.531557, 2.6337352, -2.1976445), (1.947468, 2.5598366, -2.4253488), (2.2208269, 2.3769047, -1.645429), (2.1920252, 2.1519916, 7.0147166), (2.7768514, 2.2074816, 7.392919), (2.015787, 2.1109006, 8.007584), (2.247461, 2.0380058, 2.7602684), (2.2070856, 2.160481, 3.5209308), (1.5331368, 2.3936954, 3.5845776), (1.5910684, 2.3130717, -5.3360014), (2.5319006, 2.2459543, -5.260826), (2.0894148, 2.4685, -4.6800976), (2.4503887, 2.2307677, -5.8706837), (2.5319006, 2.2459543, -5.260826), (1.5910684, 2.3130717, -5.3360014), (1.8639038, 2.0766413, -8.992893), (1.6455226, 2.0137324, -10.14456), (3.2596047, 2.2127986, -8.893283), (2.0391774, 2.0553067, 1.7922741), (2.7838411, 1.9793513, 2.2071474), (2.247461, 2.0380058, 2.7602684), (1.9920934, 2.4212165, -0.961603), (2.430733, 2.333675, -1.0047815), (2.296953, 2.1746833, -0.2908324), (1.9920934, 2.4212165, -0.961603), (2.2208269, 2.3769047, -1.645429), (2.430733, 2.333675, -1.0047815), (2.2214568, 2.108996, -7.854562), (2.9683077, 2.247017, -6.9253106), (1.707216, 2.1024044, -6.8521085), (1.8944165, 2.0822663, 6.5646253), (2.2072108, 2.059179, 5.638204), (2.8907552, 2.3809047, 6.4423795), (2.3479724, 2.1392317, 3.9954534), (2.6098506, 2.1269295, 5.0930996), (2.082883, 2.2744782, 4.7435904), (2.5292568, 1.9674985, 1.7034345), (2.7838411, 1.9793513, 2.2071474), (2.0391774, 2.0553067, 1.7922741), (2.0391774, 2.0553067, 1.7922741), (2.4321344, 2.05548, 0.4640799), (2.5292568, 1.9674985, 1.7034345), (2.2214568, 2.108996, -7.854562), (3.2596047, 2.2127986, -8.893283), (2.7583187, 2.1568782, -8.361267), (2.8907552, 2.3809047, 6.4423795), (2.7768514, 2.2074816, 7.392919), (2.1920252, 2.1519916, 7.0147166), (2.3479724, 2.1392317, 3.9954534), (2.8933141, 2.0451014, 4.4332705), (2.6098506, 2.1269295, 5.0930996), (2.247461, 2.0380058, 2.7602684), (2.7853823, 2.1679676, 3.6559203), (2.2070856, 2.160481, 3.5209308), (2.4799333, 2.608064, -2.5412843), (2.1569905, 2.5575309, -3.045393), (2.9009109, 2.3892038, -3.2498095), (2.2208269, 2.3769047, -1.645429), (3.040822, 2.3977118, -1.06674), (2.430733, 2.333675, -1.0047815), (2.5319006, 2.2459543, -5.260826), (2.587773, 2.3666084, -4.235547), (2.0894148, 2.4685, -4.6800976), (2.5292568, 1.9674985, 1.7034345), (3.0196338, 2.005876, 0.6819342), (3.1344419, 2.0826242, 1.227038), (2.4321344, 2.05548, 0.4640799), (3.0196338, 2.005876, 0.6819342), (2.5292568, 1.9674985, 1.7034345), (2.2214568, 2.108996, -7.854562), (3.1031573, 2.3283372, -7.742114), (2.9683077, 2.247017, -6.9253106), (2.6098506, 2.1269295, 5.0930996), (3.20574, 2.2439318, 5.695302), (2.2072108, 2.059179, 5.638204), (2.7309158, 1.9542896, 2.6896482), (3.226021, 2.0784364, 3.4073033), (2.7853823, 2.1679676, 3.6559203), (2.7838411, 1.9793513, 2.2071474), (3.3321047, 1.9577736, 2.683351), (2.7309158, 1.9542896, 2.6896482), (2.5319006, 2.2459543, -5.260826), (3.646439, 2.1818712, -4.732927), (2.587773, 2.3666084, -4.235547), (3.1846764, 2.2857027, -1.9922221), (3.040822, 2.3977118, -1.06674), (2.2208269, 2.3769047, -1.645429), (2.4799333, 2.608064, -2.5412843), (3.0701604, 2.4036431, -2.861892), (3.1846764, 2.2857027, -1.9922221), (2.9009109, 2.3892038, -3.2498095), (3.0701604, 2.4036431, -2.861892), (2.4799333, 2.608064, -2.5412843), (3.842949, 2.4336648, -6.736378), (3.35617, 2.3700716, -6.086626), (2.9243462, 2.2948127, -6.3150687), (2.8743024, 2.2301342, -5.37863), (2.9243462, 2.2948127, -6.3150687), (3.4801335, 2.4109716, -5.634228), (2.9683077, 2.247017, -6.9253106), (3.842949, 2.4336648, -6.736378), (2.9243462, 2.2948127, -6.3150687), (3.1031573, 2.3283372, -7.742114), (2.7583187, 2.1568782, -8.361267), (3.4269676, 2.2224913, -8.314537), (3.7313836, 2.4604983, 7.343561), (2.7768514, 2.2074816, 7.392919), (3.1741366, 2.310465, 7.065197), (3.6823995, 2.2687426, 5.0042634), (3.20574, 2.2439318, 5.695302), (2.6098506, 2.1269295, 5.0930996), (3.1344419, 2.0826242, 1.227038), (3.6440618, 2.042054, 1.6901311), (2.5292568, 1.9674985, 1.7034345), (3.2703447, 2.101276, 0.11605326), (3.6326892, 2.083185, 0.29810348), (3.0196338, 2.005876, 0.6819342), (3.1846764, 2.2857027, -1.9922221), (3.5859747, 2.2220278, -1.5744822), (3.040822, 2.3977118, -1.06674), (2.8743024, 2.2301342, -5.37863), (3.646439, 2.1818712, -4.732927), (2.5319006, 2.2459543, -5.260826), (3.1031573, 2.3283372, -7.742114), (3.7289212, 2.3167317, -7.4473352), (2.9683077, 2.247017, -6.9253106), (3.1741366, 2.310465, 7.065197), (3.636596, 2.3629885, 6.57192), (3.7313836, 2.4604983, 7.343561), (3.810775, 1.9492466, 0.9707752), (3.6440618, 2.042054, 1.6901311), (3.1344419, 2.0826242, 1.227038), (3.7810347, 2.031398, -0.4991173), (3.6326892, 2.083185, 0.29810348), (3.2703447, 2.101276, 0.11605326), (3.050808, 2.184008, -0.415106), (3.040822, 2.3977118, -1.06674), (3.7810347, 2.031398, -0.4991173), (3.040822, 2.3977118, -1.06674), (3.5859747, 2.2220278, -1.5744822), (3.7810347, 2.031398, -0.4991173), (2.9009109, 2.3892038, -3.2498095), (3.792276, 2.3501337, -2.8853023), (3.0701604, 2.4036431, -2.861892), (3.646439, 2.1818712, -4.732927), (4.0813427, 2.137569, -4.2464542), (3.2445214, 2.4063323, -3.9602954), (2.9683077, 2.247017, -6.9253106), (3.7289212, 2.3167317, -7.4473352), (3.842949, 2.4336648, -6.736378), (3.4269676, 2.2224913, -8.314537), (3.7289212, 2.3167317, -7.4473352), (3.1031573, 2.3283372, -7.742114), (3.6668227, 2.29375, 5.942292), (3.6823995, 2.2687426, 5.0042634), (4.313616, 2.4579096, 5.3103995), (3.379967, 2.050923, 2.0656428), (3.6440618, 2.042054, 1.6901311), (3.9710948, 2.00354, 2.42878), (3.842949, 2.4336648, -6.736378), (4.1340137, 2.3790905, -6.1448956), (3.35617, 2.3700716, -6.086626), (4.313616, 2.4579096, 5.3103995), (4.193979, 2.4030733, 6.0824456), (3.6668227, 2.29375, 5.942292), (3.6440618, 2.042054, 1.6901311), (3.810775, 1.9492466, 0.9707752), (4.2151937, 2.1178994, 1.6338819), (3.5859747, 2.2220278, -1.5744822), (4.245053, 2.228544, -1.4245596), (3.7810347, 2.031398, -0.4991173), (3.9868886, 2.4592035, 7.0536942), (4.4198904, 2.3257554, 7.922316), (3.7313836, 2.4604983, 7.343561), (3.5387359, 2.2409081, 8.168075), (4.292889, 2.311736, 8.524254), (3.228274, 2.2318323, 8.790981), (3.7313836, 2.4604983, 7.343561), (4.4198904, 2.3257554, 7.922316), (3.5387359, 2.2409081, 8.168075), (3.7810347, 2.031398, -0.4991173), (4.199903, 1.906192, 0.70512426), (3.6326892, 2.083185, 0.29810348), (3.8672063, 2.2586124, -3.5872388), (4.1599407, 2.2450304, -2.8693001), (3.792276, 2.3501337, -2.8853023), (4.0292106, 2.3596656, -5.422763), (4.4343886, 2.390994, -5.010888), (3.646439, 2.1818712, -4.732927), (3.7031527, 2.1190875, 4.22562), (4.938164, 2.1087365, 3.9216833), (4.7184653, 2.2412658, 4.4951415), (3.842949, 2.4336648, -6.736378), (3.7289212, 2.3167317, -7.4473352), (4.356604, 2.4296286, -7.3038526), (3.5387359, 2.2409081, 8.168075), (4.4198904, 2.3257554, 7.922316), (4.292889, 2.311736, 8.524254), (3.7031527, 2.1190875, 4.22562), (4.2698455, 2.0565262, 3.9037476), (4.938164, 2.1087365, 3.9216833), (3.9486272, 2.0671859, 2.9228876), (4.5260496, 2.0515702, 2.9877462), (3.885264, 2.0343237, 3.4945972), (3.7810347, 2.031398, -0.4991173), (4.245053, 2.228544, -1.4245596), (4.7319665, 1.9399519, -0.70267653), (4.022313, 2.1995132, -8.472571), (4.643469, 2.3450193, -8.130992), (3.7289212, 2.3167317, -7.4473352), (4.1599407, 2.2450304, -2.8693001), (4.4421005, 2.2833557, -3.2788), (4.8261313, 2.0614932, -2.490906), (4.1340137, 2.3790905, -6.1448956), (4.678615, 2.4672859, -5.540947), (4.0292106, 2.3596656, -5.422763), (4.4198904, 2.3257554, 7.922316), (4.9113326, 2.301902, 8.301965), (4.292889, 2.311736, 8.524254), (4.193979, 2.4030733, 6.0824456), (4.7987657, 2.4404445, 5.7314997), (4.903461, 2.4903505, 6.4009976), (5.1638684, 1.8907402, 0.8488596), (4.6189117, 2.0822883, 1.373016), (4.199903, 1.906192, 0.70512426), (4.193979, 2.4030733, 6.0824456), (4.313616, 2.4579096, 5.3103995), (4.7987657, 2.4404445, 5.7314997), (4.199903, 1.906192, 0.70512426), (4.7703834, 1.942181, 0.26768988), (5.1638684, 1.8907402, 0.8488596), (4.0917096, 2.1904302, -2.1189432), (5.000102, 1.9748591, -1.953253), (4.245053, 2.228544, -1.4245596), (4.1340137, 2.3790905, -6.1448956), (4.940163, 2.4628296, -6.7159934), (4.678615, 2.4672859, -5.540947), (4.356604, 2.4296286, -7.3038526), (4.940163, 2.4628296, -6.7159934), (4.1340137, 2.3790905, -6.1448956), (4.292889, 2.311736, 8.524254), (4.9113326, 2.301902, 8.301965), (4.178082, 2.1849813, 9.228247), (5.1912346, 2.511828, 7.584966), (4.9113326, 2.301902, 8.301965), (4.4198904, 2.3257554, 7.922316), (5.000102, 1.9748591, -1.953253), (4.873903, 2.0237718, -1.3261497), (4.245053, 2.228544, -1.4245596), (4.5260496, 2.0515702, 2.9877462), (4.859496, 1.9434897, 2.2543972), (5.167392, 2.1451383, 3.1231625), (4.4421005, 2.2833557, -3.2788), (4.814282, 2.1634731, -3.870911), (4.928276, 2.0975604, -2.921681), (5.2579637, 2.3754294, -4.4633846), (4.0813427, 2.137569, -4.2464542), (4.8068705, 2.3456879, -4.7844224), (4.903461, 2.4903505, 6.4009976), (5.1912346, 2.511828, 7.584966), (4.7492685, 2.4826226, 7.319907), (4.7987657, 2.4404445, 5.7314997), (5.170378, 2.3391805, 5.1975303), (5.684826, 2.5036612, 5.6042895), (4.938164, 2.1087365, 3.9216833), (5.7125688, 2.2514005, 4.0030313), (5.568474, 2.3557532, 4.475535), (4.859496, 1.9434897, 2.2543972), (5.5133953, 1.9807699, 2.3982997), (5.167392, 2.1451383, 3.1231625), (5.000102, 1.9748591, -1.953253), (5.2444835, 1.9937729, -1.5115831), (4.873903, 2.0237718, -1.3261497), (4.940163, 2.4628296, -6.7159934), (5.255999, 2.4401155, -5.9242578), (4.678615, 2.4672859, -5.540947), (5.3576875, 2.4539075, -7.4701395), (5.8785844, 2.4155211, -7.1728845), (5.1912346, 2.511828, 7.584966), (4.903461, 2.4903505, 6.4009976), (5.613787, 2.5848231, 7.0197678), (5.3505454, 2.5785723, 6.0005283), (5.4544396, 2.526574, 6.5359044), (4.903461, 2.4903505, 6.4009976), (4.7703834, 1.942181, 0.26768988), (5.5034595, 1.9195188, 0.15624629), (5.1638684, 1.8907402, 0.8488596), (4.7703834, 1.942181, 0.26768988), (5.077213, 1.9236976, -0.6825214), (5.5034595, 1.9195188, 0.15624629), (4.928276, 2.0975604, -2.921681), (5.3557725, 2.1628275, -2.8178759), (4.8261313, 2.0614932, -2.490906), (4.8068705, 2.3456879, -4.7844224), (5.467141, 2.3461142, -5.1034), (5.2579637, 2.3754294, -4.4633846), (4.678615, 2.4672859, -5.540947), (5.255999, 2.4401155, -5.9242578), (5.467141, 2.3461142, -5.1034), (4.653508, 2.1690538, -8.97576), (5.4440403, 2.2889638, -8.575423), (5.458486, 2.3037615, -8.026524), (5.568474, 2.3557532, 4.475535), (5.7673707, 2.3448064, 5.070599), (5.170378, 2.3391805, 5.1975303), (5.167392, 2.1451383, 3.1231625), (5.6859574, 2.2964675, 3.465718), (4.938164, 2.1087365, 3.9216833), (5.2444835, 1.9937729, -1.5115831), (5.752845, 2.0705795, -1.1318688), (5.077213, 1.9236976, -0.6825214), (4.928276, 2.0975604, -2.921681), (5.88814, 2.0676296, -3.4298482), (5.3557725, 2.1628275, -2.8178759), (5.458486, 2.3037615, -8.026524), (5.3576875, 2.4539075, -7.4701395), (4.817369, 2.373587, -7.710681), (5.5034595, 1.9195188, 0.15624629), (5.9563146, 1.9871911, 0.17165479), (5.1638684, 1.8907402, 0.8488596), (5.752845, 2.0705795, -1.1318688), (5.9054174, 2.0817764, -0.4994158), (5.077213, 1.9236976, -0.6825214), (5.000102, 1.9748591, -1.953253), (5.7117558, 2.1317422, -2.4355175), (6.080745, 2.2631302, -1.9577998), (5.4544396, 2.526574, 6.5359044), (6.0607996, 2.4641435, 6.595551), (5.613787, 2.5848231, 7.0197678), (5.5133953, 1.9807699, 2.3982997), (6.203143, 2.129889, 2.8349295), (5.167392, 2.1451383, 3.1231625), (5.2579637, 2.3754294, -4.4633846), (5.467141, 2.3461142, -5.1034), (5.946584, 2.214436, -4.200828), (5.458486, 2.3037615, -8.026524), (5.8785844, 2.4155211, -7.1728845), (5.3576875, 2.4539075, -7.4701395), (4.399198, 2.0172098, 10.20301), (5.723803, 2.2825, 8.786923), (7.3320847, 2.1064634, 9.515359), (5.1912346, 2.511828, 7.584966), (6.536997, 2.3051388, 7.907905), (5.4993224, 2.3354237, 8.2314825), (5.1912346, 2.511828, 7.584966), (5.613787, 2.5848231, 7.0197678), (6.536997, 2.3051388, 7.907905), (5.684826, 2.5036612, 5.6042895), (6.169685, 2.4535196, 5.8886957), (5.3505454, 2.5785723, 6.0005283), (5.9054174, 2.0817764, -0.4994158), (5.9563146, 1.9871911, 0.17165479), (5.5034595, 1.9195188, 0.15624629), (5.946584, 2.214436, -4.200828), (5.88814, 2.0676296, -3.4298482), (5.4750657, 2.086553, -3.6078994), (5.4592967, 2.4142928, -6.371504), (6.193515, 2.3567114, -6.202365), (5.7952952, 2.4753563, -5.5952263), (5.458486, 2.3037615, -8.026524), (6.1957364, 2.2072294, -8.19629), (5.8785844, 2.4155211, -7.1728845), (6.86363, 2.3062303, 7.2656646), (5.613787, 2.5848231, 7.0197678), (6.0607996, 2.4641435, 6.595551), (5.7673707, 2.3448064, 5.070599), (6.6543555, 2.2871137, 5.4162583), (5.684826, 2.5036612, 5.6042895), (5.7125688, 2.2514005, 4.0030313), (6.131635, 2.2469082, 3.8206072), (5.568474, 2.3557532, 4.475535), (5.167392, 2.1451383, 3.1231625), (6.203143, 2.129889, 2.8349295), (5.6859574, 2.2964675, 3.465718), (6.2284336, 2.0668435, -2.953158), (5.7117558, 2.1317422, -2.4355175), (5.88814, 2.0676296, -3.4298482), (5.467141, 2.3461142, -5.1034), (5.7952952, 2.4753563, -5.5952263), (6.3495407, 2.2108994, -4.8693266), (6.193515, 2.3567114, -6.202365), (6.372716, 2.3498347, -5.623255), (5.7952952, 2.4753563, -5.5952263), (5.8785844, 2.4155211, -7.1728845), (6.1957364, 2.2072294, -8.19629), (6.39279, 2.381408, -7.4364414), (6.6543555, 2.2871137, 5.4162583), (6.169685, 2.4535196, 5.8886957), (5.684826, 2.5036612, 5.6042895), (5.9054174, 2.0817764, -0.4994158), (6.44394, 2.0747366, -0.878775), (6.452777, 2.0195346, -0.084965274), (5.752845, 2.0705795, -1.1318688), (6.44394, 2.0747366, -0.878775), (5.9054174, 2.0817764, -0.4994158), (5.7952952, 2.4753563, -5.5952263), (6.372716, 2.3498347, -5.623255), (6.3495407, 2.2108994, -4.8693266), (5.940314, 1.9755671, 10.790769), (7.3320847, 2.1064634, 9.515359), (9.568461, 2.0574663, 9.339409), (6.0607996, 2.4641435, 6.595551), (6.539397, 2.4916136, 6.2255716), (6.86363, 2.3062303, 7.2656646), (6.673963, 2.335036, 3.789962), (6.3803215, 2.2354896, 4.8456435), (6.131635, 2.2469082, 3.8206072), (6.716409, 2.1573598, 2.4052584), (6.8110704, 2.226975, 2.850989), (6.203143, 2.129889, 2.8349295), (6.131635, 2.2469082, 3.8206072), (6.203143, 2.129889, 2.8349295), (6.673963, 2.335036, 3.789962), (5.8785844, 2.4155211, -7.1728845), (6.433298, 2.3668628, -6.687658), (5.879271, 2.4651394, -6.7544913), (-2.412316, 1.9800117, -10.872416), (6.8169956, 2.0017807, -10.531174), (3.686568, 2.0060484, -10.431442), (6.6543555, 2.2871137, 5.4162583), (6.539397, 2.4916136, 6.2255716), (6.169685, 2.4535196, 5.8886957), (6.203143, 2.129889, 2.8349295), (6.8110704, 2.226975, 2.850989), (7.127335, 2.2285333, 3.2102513), (6.44394, 2.0747366, -0.878775), (6.952206, 2.1542222, -0.87384564), (7.0364146, 2.1640768, -0.505498), (6.193515, 2.3567114, -6.202365), (6.839803, 2.3561997, -6.5106373), (6.903513, 2.3073146, -6.098692), (6.193515, 2.3567114, -6.202365), (6.433298, 2.3668628, -6.687658), (6.839803, 2.3561997, -6.5106373), (6.9527526, 2.2971256, 4.247015), (6.3803215, 2.2354896, 4.8456435), (6.673963, 2.335036, 3.789962), (6.3495407, 2.2108994, -4.8693266), (6.8666697, 2.348349, -5.5869145), (6.857599, 2.1678936, -4.767954), (6.452777, 2.0195346, -0.084965274), (7.303583, 1.9440676, 0.89917386), (6.663631, 2.032014, 1.3845326), (6.39279, 2.381408, -7.4364414), (7.1975937, 2.2518494, -6.7929173), (6.433298, 2.3668628, -6.687658), (6.716409, 2.1573598, 2.4052584), (6.736425, 2.1523364, 1.8948683), (7.3205857, 2.1084576, 2.277139), (6.86363, 2.3062303, 7.2656646), (7.0400596, 2.3798506, 6.1884904), (7.996864, 2.1937783, 6.9709177), (6.6543555, 2.2871137, 5.4162583), (7.3516455, 2.3647692, 6.072685), (7.0400596, 2.3798506, 6.1884904), (7.778136, 2.246359, 5.533424), (7.3516455, 2.3647692, 6.072685), (6.6543555, 2.2871137, 5.4162583), (7.127335, 2.2285333, 3.2102513), (7.367874, 2.2357595, 3.9082325), (6.673963, 2.335036, 3.789962), (6.716409, 2.1573598, 2.4052584), (7.3205857, 2.1084576, 2.277139), (6.8110704, 2.226975, 2.850989), (6.7330804, 2.1706629, -1.6145146), (7.175718, 2.1243188, -2.1623566), (7.161659, 2.2247214, -1.3300372), (7.1661253, 2.2609797, -3.3187985), (7.4733653, 2.2912939, -3.0269485), (7.175718, 2.1243188, -2.1623566), (7.0400596, 2.3798506, 6.1884904), (7.3516455, 2.3647692, 6.072685), (7.996864, 2.1937783, 6.9709177), (6.6543555, 2.2871137, 5.4162583), (7.295773, 2.372311, 4.9343553), (7.778136, 2.246359, 5.533424), (7.3205857, 2.1084576, 2.277139), (7.127335, 2.2285333, 3.2102513), (6.8110704, 2.226975, 2.850989), (6.663631, 2.032014, 1.3845326), (7.303583, 1.9440676, 0.89917386), (7.3205857, 2.1084576, 2.277139), (6.8666697, 2.348349, -5.5869145), (7.6445622, 2.14587, -6.037147), (7.4022074, 2.199778, -5.2405925), (6.903513, 2.3073146, -6.098692), (7.6445622, 2.14587, -6.037147), (6.8666697, 2.348349, -5.5869145), (6.839803, 2.3561997, -6.5106373), (7.1975937, 2.2518494, -6.7929173), (7.6445622, 2.14587, -6.037147), (7.040563, 2.165077, -7.894033), (7.7761784, 2.2263877, -6.9628434), (7.1975937, 2.2518494, -6.7929173), (6.952206, 2.1542222, -0.87384564), (7.5329447, 2.1519873, -1.0559633), (7.0364146, 2.1640768, -0.505498), (6.857599, 2.1678936, -4.767954), (7.75288, 2.3171701, -4.4029164), (7.6903257, 2.2362075, -3.695607), (7.127335, 2.2285333, 3.2102513), (7.3205857, 2.1084576, 2.277139), (7.822465, 2.2785563, 3.1747744), (7.3205857, 2.1084576, 2.277139), (7.303583, 1.9440676, 0.89917386), (7.9055686, 2.1155088, 1.9436113), (7.175718, 2.1243188, -2.1623566), (7.5329447, 2.1519873, -1.0559633), (7.161659, 2.2247214, -1.3300372), (7.175718, 2.1243188, -2.1623566), (7.4733653, 2.2912939, -3.0269485), (8.034502, 2.2231143, -2.734056), (6.857599, 2.1678936, -4.767954), (7.4022074, 2.199778, -5.2405925), (7.75288, 2.3171701, -4.4029164), (7.295773, 2.372311, 4.9343553), (8.440774, 2.1960304, 4.2960296), (7.778136, 2.246359, 5.533424), (7.5737267, 2.2351427, 8.510539), (8.871733, 2.180517, 8.160041), (9.568461, 2.0574663, 9.339409), (7.778136, 2.246359, 5.533424), (8.102786, 2.1694462, 5.9909544), (7.3516455, 2.3647692, 6.072685), (7.303583, 1.9440676, 0.89917386), (8.061055, 1.9402839, 0.82039326), (7.9055686, 2.1155088, 1.9436113), (7.9513273, 2.2454834, -2.2785091), (8.303707, 2.123921, -1.6087397), (7.175718, 2.1243188, -2.1623566), (7.040563, 2.165077, -7.894033), (8.490498, 2.078672, -7.7203546), (7.7761784, 2.2263877, -6.9628434), (7.3205857, 2.1084576, 2.277139), (8.3241, 2.124723, 2.7517464), (7.822465, 2.2785563, 3.1747744), (7.3205857, 2.1084576, 2.277139), (7.9055686, 2.1155088, 1.9436113), (8.3241, 2.124723, 2.7517464), (7.3217583, 2.105205, 0.09562266), (8.201684, 2.0139923, -0.24491832), (8.4782, 1.9980439, 0.18891317), (7.5329447, 2.1519873, -1.0559633), (7.9585247, 2.1756065, -1.1107955), (8.201684, 2.0139923, -0.24491832), (7.4022074, 2.199778, -5.2405925), (8.497513, 2.2468884, -4.385537), (7.75288, 2.3171701, -4.4029164), (8.102786, 2.1694462, 5.9909544), (8.624041, 2.1859705, 6.7610483), (7.996864, 2.1937783, 6.9709177), (7.778136, 2.246359, 5.533424), (8.440774, 2.1960304, 4.2960296), (8.433639, 2.238433, 5.0581465), (8.061055, 1.9402839, 0.82039326), (8.587145, 2.0001345, 1.3969765), (7.9055686, 2.1155088, 1.9436113), (7.996864, 2.1937783, 6.9709177), (8.624041, 2.1859705, 6.7610483), (9.277341, 2.1168895, 7.6417823), (8.061055, 1.9402839, 0.82039326), (8.900818, 2.0164957, 0.712458), (8.587145, 2.0001345, 1.3969765), (8.3241, 2.124723, 2.7517464), (8.576763, 2.1278362, 3.3786886), (7.822465, 2.2785563, 3.1747744), (7.9513273, 2.2454834, -2.2785091), (8.034502, 2.2231143, -2.734056), (8.853653, 2.108277, -2.0543745), (9.455766, 2.027643, -10.060587), (8.490498, 2.078672, -7.7203546), (7.1419444, 2.2415051, -8.777877), (8.505343, 2.042779, -0.64407), (8.995991, 2.05586, -0.3971344), (8.201684, 2.0139923, -0.24491832), (8.034502, 2.2231143, -2.734056), (8.771258, 2.1915245, -2.729146), (8.853653, 2.108277, -2.0543745), (7.6903257, 2.2362075, -3.695607), (9.17943, 2.1238458, -3.7377868), (7.4733653, 2.2912939, -3.0269485), (7.6903257, 2.2362075, -3.695607), (8.497513, 2.2468884, -4.385537), (9.17943, 2.1238458, -3.7377868), (8.871733, 2.180517, 8.160041), (9.277341, 2.1168895, 7.6417823), (9.568461, 2.0574663, 9.339409), (8.624041, 2.1859705, 6.7610483), (9.034042, 2.0791583, 5.900772), (9.277341, 2.1168895, 7.6417823), (8.433639, 2.238433, 5.0581465), (9.285501, 2.0648227, 4.8442764), (9.034042, 2.0791583, 5.900772), (8.440774, 2.1960304, 4.2960296), (9.285501, 2.0648227, 4.8442764), (8.433639, 2.238433, 5.0581465), (8.505343, 2.042779, -0.64407), (8.303707, 2.123921, -1.6087397), (9.853092, 2.0085874, -1.5019267), (8.505343, 2.042779, -0.64407), (9.853092, 2.0085874, -1.5019267), (8.995991, 2.05586, -0.3971344), (8.784339, 2.028517, -6.8527293), (10.2937975, 2.0014062, -4.996314), (8.820963, 2.1309166, -5.247906), (8.4782, 1.9980439, 0.18891317), (9.49734, 1.964166, 1.1149485), (8.900818, 2.0164957, 0.712458), (8.820963, 2.1309166, -5.247906), (9.17943, 2.1238458, -3.7377868), (8.497513, 2.2468884, -4.385537), (-10.181089, 2.0061, -4.036193), (-10.7095175, 1.9823005, 1.6113937), (-10.29252, 1.9984405, -7.8463745), (-8.014905, 2.0806715, -0.5997156), (-8.966949, 2.0463245, -0.62104905), (-8.472296, 2.198129, -1.3568298), (-7.412919, 2.227468, 0.65391797), (-6.672878, 2.3229783, 1.8573854), (-7.73819, 2.143207, 1.676658), (-7.374268, 2.513669, -2.4162228), (-7.819605, 2.5126839, -3.2280676), (-6.7617893, 2.6195521, -3.0627255), (-6.076613, 2.3430114, 1.1351439), (-6.507804, 2.3358269, 1.2968605), (-6.843009, 2.3903594, 0.3758229), (-6.076613, 2.3430114, 1.1351439), (-6.149242, 2.4317453, 1.8170408), (-6.507804, 2.3358269, 1.2968605), (-5.1514616, 2.3083432, -0.25830022), (-5.8112626, 2.3404253, -0.21293575), (-5.7949967, 2.357382, -0.6196432), (-5.519534, 2.2932603, 1.1093353), (-5.2576523, 2.4275541, 2.0516994), (-5.689436, 2.3803782, 1.7998567), (-5.564793, 2.4239519, 0.17804329), (-5.8112626, 2.3404253, -0.21293575), (-5.1514616, 2.3083432, -0.25830022), (-5.0833426, 2.215858, -1.4630743), (-5.7983594, 2.248347, -1.288245), (-5.630858, 2.4720182, -1.9947222), (-4.9202833, 2.1244493, -6.939282), (-5.736035, 2.4332452, -6.465477), (-5.88319, 2.1787283, -7.228769), (-5.05515, 2.511262, -4.675114), (-5.72286, 2.6352696, -4.2573214), (-5.7259235, 2.567124, -5.0901437), (-5.117141, 2.337945, 0.6131447), (-5.564793, 2.4239519, 0.17804329), (-4.6164227, 2.2462542, -0.06168143), (-5.7949967, 2.357382, -0.6196432), (-5.0833426, 2.215858, -1.4630743), (-4.5948234, 2.1412866, -1.8580416), (-4.2872944, 2.7191536, 4.873348), (-4.64756, 2.5950103, 4.357192), (-4.232828, 2.5862792, 4.2796435), (-3.1564639, 2.2202642, -4.464537), (-3.6581435, 2.1529574, -3.8751824), (-3.8510714, 2.232366, -4.4220247), (-3.240799, 2.1277783, 1.6947474), (-3.854304, 2.2953563, 2.3449419), (-4.023139, 2.3316643, 1.7997488), (-3.43775, 2.1252704, -3.1847234), (-3.6581435, 2.1529574, -3.8751824), (-2.9067404, 2.0686567, -3.9367113), (-3.4307027, 2.4992146, 2.8593588), (-2.927036, 2.4232335, 3.288397), (-3.8770986, 2.4783876, 3.4119518), (-2.918853, 2.5332108, 3.663737), (-3.2581573, 2.599498, 4.4620266), (-3.7512534, 2.632806, 3.99373), (-2.918853, 2.5332108, 3.663737), (-2.615322, 2.4979835, 4.1696997), (-1.9786651, 2.3693788, 3.9230382), (-2.2086973, 2.5240114, 4.488202), (-2.615322, 2.4979835, 4.1696997), (-1.9786651, 2.3693788, 3.9230382), (-1.9910678, 2.0332835, -0.72335964), (-2.4347734, 2.1600406, -0.3217004), (-2.919602, 2.3362205, -0.83304214), (-1.7449409, 2.3007255, -7.245076), (-2.0864134, 2.382233, -6.707937), (-2.5160282, 2.2986004, -7.3318906), (-1.7491293, 2.4061027, 4.6855636), (-2.3063164, 2.513615, 5.219579), (-2.2086973, 2.5240114, 4.488202), (-1.4891223, 2.2924275, 7.23406), (-2.3907707, 2.3012238, 7.426043), (-1.9789648, 2.258994, 6.8341136), (-0.79389405, 2.3024068, 6.027336), (-1.0948507, 2.2054517, 6.675443), (-1.4497839, 2.4398737, 6.02996), (-0.66170835, 2.5069382, 5.145403), (-1.1305656, 2.378, 5.5696855), (-1.2618985, 2.4184744, 5.0205865), (-0.6038688, 2.43434, 3.102841), (-0.94061124, 2.5766072, 3.58149), (-1.3139449, 2.4557233, 3.227075), (-0.57525057, 2.5449605, -3.733594), (-1.1285231, 2.3348513, -3.1796002), (-1.2056805, 2.3396614, -3.8628423), (-0.12383338, 2.1790047, 0.5935349), (-0.98923796, 1.9936482, 0.57445097), (-0.12488165, 2.230858, 0.2772517), (-0.866053, 2.2798574, -0.6413101), (-0.53409714, 2.1816137, -0.039716095), (-1.0386446, 2.272702, -0.26442927), (0.10864283, 2.288719, 2.2334802), (-0.29212418, 2.371096, 2.4895766), (-0.43827355, 2.3485937, 1.8901321), (0.37306717, 2.2053523, -0.38968962), (-0.53409714, 2.1816137, -0.039716095), (-0.866053, 2.2798574, -0.6413101), (0.071330115, 2.5277674, -3.7304003), (-0.07908519, 2.5369425, -3.060119), (-0.57525057, 2.5449605, -3.733594), (0.43986866, 2.4647517, 5.179297), (0.23756738, 2.2488172, 5.979207), (-0.22616805, 2.300696, 5.7337894), (0.4964112, 2.6095455, -2.9607565), (-0.043479886, 2.5295427, -2.7114518), (-0.07908519, 2.5369425, -3.060119), (0.73954076, 2.3891642, 4.748252), (1.6158736, 2.0841448, 5.7236314), (0.43986866, 2.4647517, 5.179297), (1.266207, 2.1159132, 1.0976999), (0.87360984, 2.168061, 1.378333), (0.6405483, 2.0452454, 0.7746471), (0.80114967, 2.6655054, -3.6713676), (0.61755455, 2.6479888, -3.9812505), (1.1806837, 2.5820847, -3.9660192), (1.5910684, 2.3130717, -5.3360014), (0.9484976, 2.3838642, -5.8830395), (1.5010133, 2.2028756, -6.2109494), (2.4503887, 2.2307677, -5.8706837), (1.5910684, 2.3130717, -5.3360014), (1.5010133, 2.2028756, -6.2109494), (2.3479724, 2.1392317, 3.9954534), (2.082883, 2.2744782, 4.7435904), (1.7205937, 2.2425013, 4.21664), (2.4321344, 2.05548, 0.4640799), (2.0391774, 2.0553067, 1.7922741), (1.6097262, 2.0664103, 0.49727046), (2.6098506, 2.1269295, 5.0930996), (2.2072108, 2.059179, 5.638204), (2.082883, 2.2744782, 4.7435904), (2.7853823, 2.1679676, 3.6559203), (2.3479724, 2.1392317, 3.9954534), (2.2070856, 2.160481, 3.5209308), (2.7583187, 2.1568782, -8.361267), (3.1031573, 2.3283372, -7.742114), (2.2214568, 2.108996, -7.854562), (3.1741366, 2.310465, 7.065197), (2.7768514, 2.2074816, 7.392919), (2.8907552, 2.3809047, 6.4423795), (2.8847115, 2.1774406, 0.07742639), (3.0196338, 2.005876, 0.6819342), (2.4321344, 2.05548, 0.4640799), (3.379967, 2.050923, 2.0656428), (2.7838411, 1.9793513, 2.2071474), (2.5292568, 1.9674985, 1.7034345), (3.636596, 2.3629885, 6.57192), (3.1741366, 2.310465, 7.065197), (2.8907552, 2.3809047, 6.4423795), (3.20574, 2.2439318, 5.695302), (3.6668227, 2.29375, 5.942292), (2.8907552, 2.3809047, 6.4423795), (3.226021, 2.0784364, 3.4073033), (3.7031527, 2.1190875, 4.22562), (2.8933141, 2.0451014, 4.4332705), (3.9710948, 2.00354, 2.42878), (3.3321047, 1.9577736, 2.683351), (3.379967, 2.050923, 2.0656428), (3.9710948, 2.00354, 2.42878), (3.6440618, 2.042054, 1.6901311), (4.2151937, 2.1178994, 1.6338819), (3.8672063, 2.2586124, -3.5872388), (3.792276, 2.3501337, -2.8853023), (2.9009109, 2.3892038, -3.2498095), (3.7289212, 2.3167317, -7.4473352), (3.4269676, 2.2224913, -8.314537), (4.022313, 2.1995132, -8.472571), (3.6326892, 2.083185, 0.29810348), (4.199903, 1.906192, 0.70512426), (3.810775, 1.9492466, 0.9707752), (4.859496, 1.9434897, 2.2543972), (3.9710948, 2.00354, 2.42878), (4.2151937, 2.1178994, 1.6338819), (4.873903, 2.0237718, -1.3261497), (4.7319665, 1.9399519, -0.70267653), (4.245053, 2.228544, -1.4245596), (5.3505454, 2.5785723, 6.0005283), (4.903461, 2.4903505, 6.4009976), (4.7987657, 2.4404445, 5.7314997), (4.7319665, 1.9399519, -0.70267653), (5.077213, 1.9236976, -0.6825214), (4.7703834, 1.942181, 0.26768988), (5.4750657, 2.086553, -3.6078994), (4.928276, 2.0975604, -2.921681), (4.814282, 2.1634731, -3.870911), (4.678615, 2.4672859, -5.540947), (5.467141, 2.3461142, -5.1034), (4.4343886, 2.390994, -5.010888), (5.2579637, 2.3754294, -4.4633846), (5.4750657, 2.086553, -3.6078994), (4.814282, 2.1634731, -3.870911), (5.9054174, 2.0817764, -0.4994158), (5.5034595, 1.9195188, 0.15624629), (5.077213, 1.9236976, -0.6825214), (5.76277, 1.9661623, 1.6387614), (6.1082687, 2.0926085, 2.0469918), (5.5133953, 1.9807699, 2.3982997), (6.131635, 2.2469082, 3.8206072), (5.7125688, 2.2514005, 4.0030313), (5.6859574, 2.2964675, 3.465718), (5.9563146, 1.9871911, 0.17165479), (5.9054174, 2.0817764, -0.4994158), (6.452777, 2.0195346, -0.084965274), (5.467141, 2.3461142, -5.1034), (6.3495407, 2.2108994, -4.8693266), (5.946584, 2.214436, -4.200828), (6.8328648, 2.3249855, -3.741401), (5.946584, 2.214436, -4.200828), (6.3495407, 2.2108994, -4.8693266), (6.39279, 2.381408, -7.4364414), (6.1957364, 2.2072294, -8.19629), (7.040563, 2.165077, -7.894033), (7.1975937, 2.2518494, -6.7929173), (6.839803, 2.3561997, -6.5106373), (6.433298, 2.3668628, -6.687658), (7.4733653, 2.2912939, -3.0269485), (7.1661253, 2.2609797, -3.3187985), (7.6903257, 2.2362075, -3.695607), (8.900818, 2.0164957, 0.712458), (8.061055, 1.9402839, 0.82039326), (8.4782, 1.9980439, 0.18891317), (5.167392, 2.1451383, 3.1231625), (4.938164, 2.1087365, 3.9216833), (4.2698455, 2.0565262, 3.9037476), (7.1901774, 0.027323723, -11.02376), (9.961729, 0.045950413, -10.548043), (9.455766, 2.027643, -10.060587), (7.1901774, 0.027323723, -11.02376), (9.455766, 2.027643, -10.060587), (6.8169956, 2.0017807, -10.531174), (-10.162626, 1.9878831, 9.378741), (-9.0216055, 2.0990312, 8.292104), (-8.129784, 2.0809855, 8.753651), (-7.1322985, 2.0027425, 10.290019), (-10.7095175, 1.9823005, 1.6113937), (-9.038796, 1.9956095, 2.5684438), (-10.664417, 1.9792578, 5.1883163), (-9.351486, 1.9991904, 1.3565451), (-7.9341865, 2.4727826, -4.980246), (-8.429168, 2.249764, -6.0520434), (-7.528735, 2.3630989, -6.3282604), (-8.290387, 2.1175103, -7.3197837), (-6.69133, 2.4500134, 6.31997), (-6.3485923, 2.3938856, 7.0065885), (-7.2809343, 2.459702, 7.0421653), (-7.467453, 2.5156739, 6.1769657), (-6.8250914, 2.4326677, 5.545399), (-6.7718334, 2.451024, 4.6316714), (-6.2532206, 2.548221, 4.9825687), (-6.2726364, 2.558415, 4.2369742), (-4.9202833, 2.1244493, -6.939282), (-5.7134233, 2.277558, -7.885634), (-4.957111, 2.2620285, -7.8160987), (-5.88319, 2.1787283, -7.228769), (-3.6695294, 2.5285113, 6.7882743), (-4.246911, 2.6849835, 6.5583086), (-3.1646478, 2.5472896, 5.976389), (-3.912476, 2.6847374, 6.0873938), (-3.6333687, 2.7266567, 5.432919), (-4.0823617, 2.7975655, 5.568922), (-0.94061124, 2.5766072, 3.58149), (-0.67846704, 2.561285, 3.956076), (-1.3461235, 2.3781419, 4.4834123), (-0.7884723, 2.4509332, 4.5526977), (-0.7648231, 2.3386807, 2.7889037), (-1.1141845, 2.3049622, 2.444925), (-0.29212418, 2.371096, 2.4895766), (-0.43827355, 2.3485937, 1.8901321), (0.4176603, 2.0931711, -7.0298405), (0.5544201, 2.1226213, -7.4002), (1.1539532, 2.1762428, -7.2161827), (0.5972258, 2.0909326, -6.644316), (2.2063448, 2.1239426, 8.805307), (3.228274, 2.2318323, 8.790981), (2.076523, 2.0136354, 9.891397), (2.6855953, 2.2294858, 8.132775), (3.9486272, 2.0671859, 2.9228876), (4.859496, 1.9434897, 2.2543972), (4.5260496, 2.0515702, 2.9877462), (3.9710948, 2.00354, 2.42878), (4.0917096, 2.1904302, -2.1189432), (4.1599407, 2.2450304, -2.8693001), (4.8261313, 2.0614932, -2.490906), (5.000102, 1.9748591, -1.953253), (5.568474, 2.3557532, 4.475535), (6.131635, 2.2469082, 3.8206072), (6.3803215, 2.2354896, 4.8456435), (5.7673707, 2.3448064, 5.070599), (6.663631, 2.032014, 1.3845326), (5.9563146, 1.9871911, 0.17165479), (6.452777, 2.0195346, -0.084965274), (5.76277, 1.9661623, 1.6387614), (6.86363, 2.3062303, 7.2656646), (7.996864, 2.1937783, 6.9709177), (8.871733, 2.180517, 8.160041), (9.277341, 2.1168895, 7.6417823), (7.6445622, 2.14587, -6.037147), (8.297387, 2.0966814, -6.2834306), (7.4022074, 2.199778, -5.2405925), (8.820963, 2.1309166, -5.247906), (-6.4650364, 2.4523485, -5.848311), (-5.705781, 2.5626864, -5.6179576), (-6.307022, 2.5699637, -5.2532725), (-5.914388, 2.4620438, -6.085512), (-5.630858, 2.4720182, -1.9947222), (-5.2261987, 2.4123733, -2.3593254), (-5.0833426, 2.215858, -1.4630743), (-4.5948234, 2.1412866, -1.8580416), (-1.9910678, 2.0332835, -0.72335964), (-1.6002573, 2.060799, -0.02937072), (-2.4347734, 2.1600406, -0.3217004), (-2.2083404, 2.1825562, 0.13340187), (0.92735463, 2.3617332, 3.8274944), (0.48785433, 2.4583564, 3.9958074), (0.31331608, 2.4010053, 3.485441), (0.77092046, 2.289548, 3.2034607), (2.6098506, 2.1269295, 5.0930996), (2.8933141, 2.0451014, 4.4332705), (3.6823995, 2.2687426, 5.0042634), (3.7031527, 2.1190875, 4.22562), (4.814282, 2.1634731, -3.870911), (4.4421005, 2.2833557, -3.2788), (4.0813427, 2.137569, -4.2464542), (3.8672063, 2.2586124, -3.5872388), (5.4440403, 2.2889638, -8.575423), (6.1957364, 2.2072294, -8.19629), (5.458486, 2.3037615, -8.026524), (6.127123, 2.1961975, -8.911984), (6.536997, 2.3051388, 7.907905), (6.86363, 2.3062303, 7.2656646), (7.5737267, 2.2351427, 8.510539), (8.871733, 2.180517, 8.160041), (4.292889, 2.311736, 8.524254), (4.178082, 2.1849813, 9.228247), (3.228274, 2.2318323, 8.790981), (2.076523, 2.0136354, 9.891397), (4.399198, 2.0172098, 10.20301), (5.723803, 2.2825, 8.786923), (-8.576357, 2.0971353, 0.8553805), (-8.966949, 2.0463245, -0.62104905), (-8.07955, 2.1358263, 0.2650898), (-9.351486, 1.9991904, 1.3565451), (-8.554511, 2.1299024, 1.7746878), (-9.0216055, 2.0990312, 8.292104), (-8.5481, 2.2483144, 7.6087275), (-8.129784, 2.0809855, 8.753651), (-7.6377954, 2.2277036, 7.906286), (-8.024526, 2.246383, -1.803451), (-7.374268, 2.513669, -2.4162228), (-7.0148435, 2.3075092, -1.6600202), (-6.651586, 2.6182048, -2.5866394), (-7.528735, 2.3630989, -6.3282604), (-7.297331, 2.2001798, -7.1378093), (-6.6280494, 2.27976, -6.646593), (-6.6318607, 2.0968924, -7.81411), (-5.88319, 2.1787283, -7.228769), (-6.8717027, 2.248752, 2.6171145), (-7.009454, 2.2962825, 2.0427065), (-6.672878, 2.3229783, 1.8573854), (-6.1028733, 2.2415445, 2.651572), (-6.9325438, 2.2972205, 7.824043), (-6.3485923, 2.3938856, 7.0065885), (-6.0161285, 2.2928686, 7.620938), (-5.508363, 2.3444047, 6.9847465), (-6.843009, 2.3903594, 0.3758229), (-6.092416, 2.346525, 0.5644037), (-6.076613, 2.3430114, 1.1351439), (-5.519534, 2.2932603, 1.1093353), (-6.248573, 2.1542146, -8.494202), (-7.3733683, 2.0140908, -9.983152), (-6.446303, 1.9971147, -10.4781065), (-5.2331595, 2.1275253, -9.230956), (-4.726381, 2.3648224, 0.94939625), (-5.117141, 2.337945, 0.6131447), (-4.6164227, 2.2462542, -0.06168143), (-4.2991757, 2.31028, 0.60650545), (-5.58778, 2.329174, 8.322857), (-4.3235536, 2.4406693, 8.276844), (-4.9774866, 2.037005, 10.053811), (-3.9090242, 2.328918, 9.051948), (-4.753558, 2.3220725, 1.5844424), (-4.023139, 2.3316643, 1.7997488), (-4.5356917, 2.228927, 2.4410288), (-3.854304, 2.2953563, 2.3449419), (-4.753558, 2.3220725, 1.5844424), (-4.726381, 2.3648224, 0.94939625), (-4.0851016, 2.2549074, 1.0853552), (-4.2991757, 2.31028, 0.60650545), (-3.1646478, 2.5472896, 5.976389), (-3.6333687, 2.7266567, 5.432919), (-2.9604034, 2.696405, 5.28786), (-2.4150987, 2.4202785, 6.0560217), (-3.240799, 2.1277783, 1.6947474), (-3.0915575, 2.2872176, 0.8949763), (-2.787251, 2.1506076, 1.4569317), (-3.5696611, 2.3323388, 0.77282935), (-2.9200711, 2.1859586, 0.16816352), (-3.3443267, 2.3588383, -0.48091608), (-2.919602, 2.3362205, -0.83304214), (-2.4347734, 2.1600406, -0.3217004), (-2.6823325, 2.1452262, -2.0868094), (-3.218784, 2.009254, -2.732897), (-2.4298892, 2.1433349, -2.7517676), (-2.0654175, 2.245865, -2.362143), (-2.890634, 2.1343358, -4.5068617), (-2.3255022, 2.0252163, -4.991713), (-2.6417954, 2.0990272, -4.247651), (-2.758287, 2.0866227, -5.124008), (-1.9970027, 2.297999, -4.1995893), (-1.2056805, 2.3396614, -3.8628423), (-1.7681996, 2.3086836, -3.6035962), (-1.1285231, 2.3348513, -3.1796002), (-1.2267171, 2.170636, 1.4205753), (-1.7674212, 2.025648, 0.7554935), (-0.98923796, 1.9936482, 0.57445097), (-2.4602737, 2.2937257, 1.9124475), (-0.8389782, 2.2439559, -8.321904), (0.09921644, 2.050894, -9.124172), (-0.16372989, 2.2551448, -7.595948), (0.66932374, 2.1008303, -8.108057), (-0.42498848, 2.4910595, -4.144641), (0.21501926, 2.3952003, -4.6484966), (0.071330115, 2.5277674, -3.7304003), (-0.57525057, 2.5449605, -3.733594), (0.8310529, 2.2402794, 5.812767), (1.6158736, 2.0841448, 5.7236314), (1.0074004, 2.2385805, 6.260257), (1.8944165, 2.0822663, 6.5646253), (1.1806837, 2.5820847, -3.9660192), (1.6257815, 2.6254554, -3.994602), (1.4751561, 2.599598, -3.2906814), (2.0029333, 2.6361578, -3.49186), (1.8219469, 2.5074725, -4.4284763), (1.5910684, 2.3130717, -5.3360014), (2.0894148, 2.4685, -4.6800976), (0.91535133, 2.4590173, -4.5666976), (1.4751561, 2.599598, -3.2906814), (2.0029333, 2.6361578, -3.49186), (1.7729582, 2.5335803, -2.8671906), (2.1569905, 2.5575309, -3.045393), (1.947468, 2.5598366, -2.4253488), (1.7729582, 2.5335803, -2.8671906), (2.1569905, 2.5575309, -3.045393), (2.4799333, 2.608064, -2.5412843), (1.8219469, 2.5074725, -4.4284763), (2.587773, 2.3666084, -4.235547), (2.0029333, 2.6361578, -3.49186), (1.6257815, 2.6254554, -3.994602), (3.228274, 2.2318323, 8.790981), (2.6855953, 2.2294858, 8.132775), (3.5387359, 2.2409081, 8.168075), (2.7768514, 2.2074816, 7.392919), (3.9261453, 2.174601, -9.19806), (4.653508, 2.1690538, -8.97576), (4.022313, 2.1995132, -8.472571), (3.2596047, 2.2127986, -8.893283), (3.4269676, 2.2224913, -8.314537), (4.2151937, 2.1178994, 1.6338819), (4.199903, 1.906192, 0.70512426), (4.6189117, 2.0822883, 1.373016), (3.810775, 1.9492466, 0.9707752), (4.859496, 1.9434897, 2.2543972), (4.6189117, 2.0822883, 1.373016), (5.1511016, 1.9658554, 1.7222679), (4.2151937, 2.1178994, 1.6338819), (4.8261313, 2.0614932, -2.490906), (5.3557725, 2.1628275, -2.8178759), (5.000102, 1.9748591, -1.953253), (5.7117558, 2.1317422, -2.4355175), (6.127123, 2.1961975, -8.911984), (3.686568, 2.0060484, -10.431442), (6.8169956, 2.0017807, -10.531174), (3.9261453, 2.174601, -9.19806), (3.2596047, 2.2127986, -8.893283), (1.6455226, 2.0137324, -10.14456), (6.1082687, 2.0926085, 2.0469918), (5.76277, 1.9661623, 1.6387614), (6.663631, 2.032014, 1.3845326), (6.736425, 2.1523364, 1.8948683), (6.1082687, 2.0926085, 2.0469918), (6.716409, 2.1573598, 2.4052584), (6.203143, 2.129889, 2.8349295), (6.736425, 2.1523364, 1.8948683), (6.1957364, 2.2072294, -8.19629), (7.1419444, 2.2415051, -8.777877), (7.040563, 2.165077, -7.894033), (8.490498, 2.078672, -7.7203546), (6.3803215, 2.2354896, 4.8456435), (7.295773, 2.372311, 4.9343553), (6.6543555, 2.2871137, 5.4162583), (6.9527526, 2.2971256, 4.247015), (6.3495407, 2.2108994, -4.8693266), (6.857599, 2.1678936, -4.767954), (6.8328648, 2.3249855, -3.741401), (7.6903257, 2.2362075, -3.695607), (6.8169956, 2.0017807, -10.531174), (9.455766, 2.027643, -10.060587), (7.1419444, 2.2415051, -8.777877), (6.127123, 2.1961975, -8.911984), (7.3217583, 2.105205, 0.09562266), (7.0364146, 2.1640768, -0.505498), (7.5329447, 2.1519873, -1.0559633), (8.201684, 2.0139923, -0.24491832), (7.6445622, 2.14587, -6.037147), (7.7761784, 2.2263877, -6.9628434), (8.297387, 2.0966814, -6.2834306), (7.1975937, 2.2518494, -6.7929173), (8.102786, 2.1694462, 5.9909544), (7.778136, 2.246359, 5.533424), (8.433639, 2.238433, 5.0581465), (9.034042, 2.0791583, 5.900772), (8.3241, 2.124723, 2.7517464), (8.587145, 2.0001345, 1.3969765), (8.842105, 2.1259184, 2.7034874), (9.49734, 1.964166, 1.1149485), (8.490498, 2.078672, -7.7203546), (9.455766, 2.027643, -10.060587), (10.06301, 2.0051866, -8.607623), (8.784339, 2.028517, -6.8527293), (8.820963, 2.1309166, -5.247906), (10.2937975, 2.0014062, -4.996314), (9.17943, 2.1238458, -3.7377868), (9.853092, 2.0085874, -1.5019267), (-10.7095175, 1.9823005, 1.6113937), (-10.077667, 1.9988788, -1.5320916), (-8.966949, 2.0463245, -0.62104905), (-10.181089, 2.0061, -4.036193), (-10.29252, 1.9984405, -7.8463745), (-8.384871, 2.104949, -8.052421), (-9.296626, 2.080118, -7.117849), (-9.638821, 1.9992256, -9.707081), (-8.384871, 2.104949, -8.052421), (-8.290387, 2.1175103, -7.3197837), (-9.296626, 2.080118, -7.117849), (-7.570322, 2.1622033, -7.880773), (-7.297331, 2.2001798, -7.1378093), (-8.966949, 2.0463245, -0.62104905), (-8.014905, 2.0806715, -0.5997156), (-8.07955, 2.1358263, 0.2650898), (-7.646522, 2.1319776, 0.02208025), (-6.8250914, 2.4326677, 5.545399), (-5.91701, 2.5586505, 6.239448), (-6.69133, 2.4500134, 6.31997), (-6.3180113, 2.504803, 5.6109166), (-6.149242, 2.4317453, 1.8170408), (-6.076613, 2.3430114, 1.1351439), (-5.689436, 2.3803782, 1.7998567), (-5.519534, 2.2932603, 1.1093353), (-5.08913, 2.3802423, 7.8192234), (-4.3235536, 2.4406693, 8.276844), (-5.58778, 2.329174, 8.322857), (-6.0161285, 2.2928686, 7.620938), (-5.7949967, 2.357382, -0.6196432), (-4.360163, 2.3244145, -0.98975575), (-5.1514616, 2.3083432, -0.25830022), (-4.211731, 2.2754507, -0.25435513), (-3.5716784, 2.3100019, -0.88581777), (-4.831226, 2.6594942, 5.0894766), (-4.2872944, 2.7191536, 4.873348), (-4.4976687, 2.7499228, 5.534431), (-4.0823617, 2.7975655, 5.568922), (-4.0784326, 2.2320755, -6.293301), (-3.6891387, 2.19643, -6.4497514), (-3.8756542, 2.2094684, -5.7391844), (-3.3884563, 2.1754327, -5.6649094), (-3.6695294, 2.5285113, 6.7882743), (-3.1646478, 2.5472896, 5.976389), (-3.275028, 2.505775, 7.0001445), (-2.7213259, 2.4830546, 6.711148), (-3.0179088, 2.1306672, -8.772703), (-2.675814, 2.2393477, -7.9451056), (-2.9206755, 2.2879183, -7.633175), (-2.5160282, 2.2986004, -7.3318906), (-2.2683156, 2.2385042, -7.6596622), (-2.675814, 2.2393477, -7.9451056), (-2.037192, 2.2652707, -8.531309), (-1.491253, 2.2436378, -8.155349), (-0.8389782, 2.2439559, -8.321904), (-0.63978803, 2.226836, -7.2213), (-0.16372989, 2.2551448, -7.595948), (-1.2618985, 2.4184744, 5.0205865), (-1.3461235, 2.3781419, 4.4834123), (-0.7884723, 2.4509332, 4.5526977), (-0.66170835, 2.5069382, 5.145403), (-0.3083763, 2.3544204, 6.603586), (-0.42668387, 2.3072872, 6.962573), (-0.97920483, 2.2417598, 7.2462096), (-0.014398211, 2.295465, 7.170613), (0.92735463, 2.3617332, 3.8274944), (1.0137585, 2.4039094, 4.438229), (0.48785433, 2.4583564, 3.9958074), (1.7205937, 2.2425013, 4.21664), (0.09921644, 2.050894, -9.124172), (1.6455226, 2.0137324, -10.14456), (0.9849393, 2.0789552, -9.023595), (1.8639038, 2.0766413, -8.992893), (1.2885891, 2.2134228, 7.2838316), (2.1920252, 2.1519916, 7.0147166), (2.015787, 2.1109006, 8.007584), (0.97860676, 2.1334262, 8.343576), (3.9868886, 2.4592035, 7.0536942), (4.7492685, 2.4826226, 7.319907), (4.4198904, 2.3257554, 7.922316), (4.3623753, 2.5654864, 6.75131), (4.9113326, 2.301902, 8.301965), (5.4993224, 2.3354237, 8.2314825), (4.178082, 2.1849813, 9.228247), (5.723803, 2.2825, 8.786923), (6.536997, 2.3051388, 7.907905), (7.5737267, 2.2351427, 8.510539), (7.3320847, 2.1064634, 9.515359), (9.568461, 2.0574663, 9.339409), (7.367874, 2.2357595, 3.9082325), (8.089931, 2.1991813, 3.9367003), (7.295773, 2.372311, 4.9343553), (6.9527526, 2.2971256, 4.247015), (8.089931, 2.1991813, 3.9367003), (8.440774, 2.1960304, 4.2960296), (7.295773, 2.372311, 4.9343553), (8.576763, 2.1278362, 3.3786886), (9.538255, 2.0205746, 2.9201796), (-6.2672653, 2.2772183, -0.12550488), (-6.092416, 2.346525, 0.5644037), (-6.843009, 2.3903594, 0.3758229), (-6.7215123, 2.2748914, -0.18915887), (-5.2855387, 2.4287074, 3.5630257), (-5.1654816, 2.6109858, 4.1012006), (-5.7683225, 2.4913669, 4.1227155), (-6.0194964, 2.3480597, 3.389117), (-3.8510714, 2.232366, -4.4220247), (-4.5854974, 2.340852, -4.1436844), (-4.2629685, 2.2441902, -4.9989157), (-3.2264678, 2.0878694, -5.2240753), (-2.8842983, 2.1709673, -1.510016), (-2.919602, 2.3362205, -0.83304214), (-3.5716784, 2.3100019, -0.88581777), (-3.5971859, 2.1969354, -1.7733138), (-3.0359278, 2.1463943, -3.38969), (-2.7215588, 2.227179, -3.3723433), (-2.4298892, 2.1433349, -2.7517676), (-3.218784, 2.009254, -2.732897), (-1.0948507, 2.2054517, 6.675443), (-0.97920483, 2.2417598, 7.2462096), (-1.4891223, 2.2924275, 7.23406), (-1.9789648, 2.258994, 6.8341136), (1.5244595, 2.4281912, -1.3906187), (1.9920934, 2.4212165, -0.961603), (1.6037605, 2.3285944, -0.58642673), (1.111692, 2.3657718, -1.0640763), (2.2070856, 2.160481, 3.5209308), (2.3479724, 2.1392317, 3.9954534), (1.7205937, 2.2425013, 4.21664), (1.5331368, 2.3936954, 3.5845776), (3.636596, 2.3629885, 6.57192), (3.6668227, 2.29375, 5.942292), (4.193979, 2.4030733, 6.0824456), (4.3623753, 2.5654864, 6.75131), (7.822465, 2.2785563, 3.1747744), (8.089931, 2.1991813, 3.9367003), (7.367874, 2.2357595, 3.9082325), (7.127335, 2.2285333, 3.2102513), (8.784339, 2.028517, -6.8527293), (8.297387, 2.0966814, -6.2834306), (7.7761784, 2.2263877, -6.9628434), (8.490498, 2.078672, -7.7203546), (11.00559, 0.013216257, 5.400324), (11.026284, 0.018918037, 7.3647227), (10.525852, 1.9937167, 7.0609293), (10.541233, 1.9882458, 5.186399), (-11.169256, 0.0070183277, 1.6669981), (-10.780391, 0.023844004, -8.265173), (-10.29252, 1.9984405, -7.8463745), (-10.7095175, 1.9823005, 1.6113937), (10.723346, 0.02693224, -5.2204814), (10.06301, 2.0051866, -8.607623), (10.563238, 0.030874252, -9.014867), (10.2937975, 2.0014062, -4.996314), (11.316478, 0.004341364, 1.0151479), (10.862839, 1.9797308, 0.986022), (11.316478, 0.004341364, 1.0151479), (11.00559, 0.013216257, 5.400324), (10.541233, 1.9882458, 5.186399), (10.862839, 1.9797308, 0.986022), (11.026284, 0.018918037, 7.3647227), (10.774824, 0.015113831, 10.418964), (10.3135, 1.9900651, 9.999362), (10.525852, 1.9937167, 7.0609293), (-11.140643, 0.003846407, 5.4045634), (-10.710693, 1.986856, 6.9208884), (-11.19771, 0.011767864, 7.2149205), (-10.664417, 1.9792578, 5.1883163), (-11.169256, 0.0070183277, 1.6669981), (-10.7095175, 1.9823005, 1.6113937), (-2.003011, 0.014812708, 10.938917), (5.940314, 1.9755671, 10.790769), (6.2281303, 0, 11.24721), (-1.9156039, 1.9897773, 10.506679), (-7.1322985, 2.0027425, 10.290019), (-7.46967, 0.02832532, 10.727635), (-6.7389765, 0.02245903, -10.956081), (-6.446303, 1.9971147, -10.4781065), (-9.638821, 1.9992256, -9.707081), (-10.11002, 0.024659872, -10.222445), (6.2281303, 0, 11.24721), (5.940314, 1.9755671, 10.790769), (10.3135, 1.9900651, 9.999362), (10.774824, 0.015113831, 10.418964), (-7.46967, 0.02832532, 10.727635), (-10.6150875, 0.012837648, 9.77116), (-10.162626, 1.9878831, 9.378741), (-7.1322985, 2.0027425, 10.290019), (-11.19771, 0.011767864, 7.2149205), (-10.710693, 1.986856, 6.9208884), (-10.162626, 1.9878831, 9.378741), (-10.6150875, 0.012837648, 9.77116), (-10.780391, 0.023844004, -8.265173), (-10.11002, 0.024659872, -10.222445), (-9.638821, 1.9992256, -9.707081), (-10.29252, 1.9984405, -7.8463745), (-2.5207527, 0.00463295, -11.345378), (-2.412316, 1.9800117, -10.872416), (-6.446303, 1.9971147, -10.4781065), (-6.7389765, 0.02245903, -10.956081), (-2.5207527, 0.00463295, -11.345378), (7.1901774, 0.027323723, -11.02376), (6.8169956, 2.0017807, -10.531174), (-2.412316, 1.9800117, -10.872416), (10.563238, 0.030874252, -9.014867), (10.06301, 2.0051866, -8.607623), (9.455766, 2.027643, -10.060587), (9.961729, 0.045950413, -10.548043)]
    color4f[] primvars:colors (
        elementSize = 1
        interpolation = "constant"
    )
    color3f[] primvars:displayColor = [(1, 1, 1)] (
        interpolation = "constant"
    )
    float[] primvars:displayOpacity = [1] (
        interpolation = "constant"
    )
    float2[] primvars:st = [(0.81946254, 0.8383053), (0.82003057, 0.8382175), (0.8208379, 0.83766), (0.82003057, 0.8382175), (0.8197712, 0.83867264), (0.8207375, 0.83808327), (0.8203529, 0.8384741), (0.8173486, 0.83763206), (0.8161983, 0.8375193), (0.8170346, 0.83799934), (0.8161983, 0.8375193), (0.8155703, 0.8377578), (0.81619847, 0.8379377), (0.8211611, 0.8384788), (0.8217316, 0.83849305), (0.8217971, 0.8379071), (0.8203529, 0.8384741), (0.82037973, 0.83875024), (0.8161983, 0.8375193), (0.81619847, 0.8379377), (0.8170346, 0.83799934), (0.8217971, 0.8379071), (0.8217316, 0.83849305), (0.8221889, 0.83870214), (0.8155703, 0.8377578), (0.81469107, 0.8378215), (0.81506693, 0.83814377), (0.8188642, 0.83808017), (0.81905603, 0.83845824), (0.81946254, 0.8383053), (0.8190154, 0.8376019), (0.8177927, 0.8382064), (0.8188642, 0.83808017), (0.81619847, 0.8379377), (0.8155703, 0.8377578), (0.8155643, 0.83833396), (0.8203529, 0.8384741), (0.82003057, 0.8382175), (0.81999373, 0.83893764), (0.8170346, 0.83799934), (0.81651556, 0.838569), (0.817223, 0.8385222), (0.8155703, 0.8377578), (0.8153488, 0.8381419), (0.8155643, 0.83833396), (0.81506693, 0.83814377), (0.81469107, 0.8378215), (0.81452966, 0.8382921), (0.8197712, 0.83867264), (0.81946254, 0.8383053), (0.81932884, 0.83885795), (0.81905603, 0.83845824), (0.8186303, 0.8384107), (0.8189757, 0.8388645), (0.81745595, 0.8383522), (0.8170346, 0.83799934), (0.817223, 0.8385222), (0.8137443, 0.837839), (0.8138286, 0.838609), (0.8141392, 0.8382451), (0.8208325, 0.83899486), (0.82037973, 0.83875024), (0.820485, 0.83904505), (0.8186303, 0.8384107), (0.8185985, 0.83873796), (0.8189757, 0.8388645), (0.81745595, 0.8383522), (0.817223, 0.8385222), (0.817823, 0.83867395), (0.8153488, 0.8381419), (0.81506693, 0.83814377), (0.8155643, 0.83833396), (0.82193255, 0.83883667), (0.82168394, 0.8389843), (0.82207406, 0.83927035), (0.8197712, 0.83867264), (0.81958085, 0.8390162), (0.81999373, 0.83893764), (0.8185985, 0.83873796), (0.81826985, 0.8386344), (0.8184563, 0.8389594), (0.817223, 0.8385222), (0.8172805, 0.839065), (0.817823, 0.83867395), (0.82168394, 0.8389843), (0.8216898, 0.8392659), (0.82207406, 0.83927035), (0.8201394, 0.83921266), (0.81999373, 0.83893764), (0.81987095, 0.8394086), (0.82006943, 0.8394904), (0.8204696, 0.8394018), (0.8202472, 0.83958876), (0.81651556, 0.838569), (0.8159373, 0.83862495), (0.81617486, 0.8387711), (0.8131841, 0.83872473), (0.8137823, 0.8391698), (0.8138286, 0.838609), (0.8208325, 0.83899486), (0.820485, 0.83904505), (0.820933, 0.83937955), (0.81999373, 0.83893764), (0.81958085, 0.8390162), (0.81987095, 0.8394086), (0.81958085, 0.8390162), (0.81932884, 0.83885795), (0.8194249, 0.8393153), (0.81932884, 0.83885795), (0.81911826, 0.8391869), (0.8194249, 0.8393153), (0.81911826, 0.8391869), (0.8189757, 0.8388645), (0.8190353, 0.8393525), (0.82245475, 0.83916074), (0.82202303, 0.83959424), (0.8224684, 0.83985656), (0.82207406, 0.83927035), (0.8216898, 0.8392659), (0.82202303, 0.83959424), (0.81827813, 0.8391782), (0.8181392, 0.83884275), (0.81799996, 0.83921444), (0.8141839, 0.8385894), (0.81413895, 0.83901954), (0.8144821, 0.8386984), (0.82245475, 0.83916074), (0.8224684, 0.83985656), (0.82317746, 0.8397242), (0.8212757, 0.8391048), (0.820933, 0.83937955), (0.8213011, 0.8394862), (0.8155184, 0.83869827), (0.81574905, 0.8390231), (0.8159473, 0.83888423), (0.8172805, 0.839065), (0.8173399, 0.8393972), (0.817734, 0.83906895), (0.8159373, 0.83862495), (0.8155184, 0.83869827), (0.8159473, 0.83888423), (0.81537265, 0.8391672), (0.81574905, 0.8390231), (0.815096, 0.8390561), (0.8138286, 0.838609), (0.8137823, 0.8391698), (0.81413895, 0.83901954), (0.820933, 0.83937955), (0.82060844, 0.8396209), (0.8208918, 0.8396285), (0.81799996, 0.83921444), (0.8176667, 0.8393885), (0.8179966, 0.83948994), (0.81799996, 0.83921444), (0.817734, 0.83906895), (0.8176667, 0.8393885), (0.8165168, 0.8390101), (0.8163858, 0.83956504), (0.8167697, 0.83906484), (0.8165168, 0.8390101), (0.81617486, 0.8387711), (0.81628895, 0.8391597), (0.8190353, 0.8393525), (0.8189846, 0.8395951), (0.819381, 0.8396962), (0.8159473, 0.83888423), (0.81574905, 0.8390231), (0.8161077, 0.83947563), (0.81574905, 0.8390231), (0.81537265, 0.8391672), (0.81564635, 0.83927834), (0.8194249, 0.8393153), (0.819381, 0.8396962), (0.8197912, 0.8397852), (0.8179966, 0.83948994), (0.8176667, 0.8393885), (0.8177279, 0.8396919), (0.8173399, 0.8393972), (0.81688553, 0.8394084), (0.81702864, 0.8396752), (0.81688553, 0.8394084), (0.8167697, 0.83906484), (0.81662726, 0.8395473), (0.8159473, 0.83888423), (0.8161077, 0.83947563), (0.81628895, 0.8391597), (0.81473374, 0.83944035), (0.81468946, 0.83900356), (0.8143549, 0.83938813), (0.8224684, 0.83985656), (0.82193035, 0.8399899), (0.82228684, 0.84019375), (0.8183408, 0.83957577), (0.8179966, 0.83948994), (0.81811816, 0.8398302), (0.8176667, 0.8393885), (0.8173399, 0.8393972), (0.8173932, 0.8397074), (0.8161077, 0.83947563), (0.81564635, 0.83927834), (0.81587136, 0.83949685), (0.81413895, 0.83901954), (0.8140059, 0.83944243), (0.8143549, 0.83938813), (0.8208918, 0.8396285), (0.8209944, 0.84021705), (0.82127035, 0.83986104), (0.8197912, 0.8397852), (0.819381, 0.8396962), (0.81934345, 0.83995086), (0.819381, 0.8396962), (0.8189846, 0.8395951), (0.81898516, 0.8398247), (0.8173399, 0.8393972), (0.81702864, 0.8396752), (0.8173932, 0.8397074), (0.8215806, 0.83975565), (0.82127035, 0.83986104), (0.8215907, 0.84016454), (0.8208918, 0.8396285), (0.82060844, 0.8396209), (0.8209944, 0.84021705), (0.82056725, 0.84001005), (0.82060844, 0.8396209), (0.8203769, 0.84006953), (0.82060844, 0.8396209), (0.8201618, 0.83985233), (0.8203769, 0.84006953), (0.8197912, 0.8397852), (0.81934345, 0.83995086), (0.8195681, 0.84001243), (0.819381, 0.8396962), (0.81909335, 0.840076), (0.81934345, 0.83995086), (0.8183408, 0.83957577), (0.8183153, 0.8400959), (0.81859875, 0.8399259), (0.8183408, 0.83957577), (0.81811816, 0.8398302), (0.8183153, 0.8400959), (0.81688553, 0.8394084), (0.81662726, 0.8395473), (0.81702864, 0.8396752), (0.8161077, 0.83947563), (0.81587136, 0.83949685), (0.81606334, 0.8399399), (0.81564635, 0.83927834), (0.81543624, 0.8394472), (0.81587136, 0.83949685), (0.82060844, 0.8396209), (0.82056725, 0.84001005), (0.8209944, 0.84021705), (0.8203769, 0.84006953), (0.8201618, 0.83985233), (0.8201412, 0.8401516), (0.8161077, 0.83947563), (0.81606334, 0.8399399), (0.8163858, 0.83956504), (0.81587136, 0.83949685), (0.81561756, 0.8398515), (0.81606334, 0.8399399), (0.815848, 0.84023744), (0.8215907, 0.84016454), (0.82127035, 0.83986104), (0.8213016, 0.8402542), (0.81662726, 0.8395473), (0.81656563, 0.83992666), (0.8167907, 0.8398638), (0.82056725, 0.84001005), (0.8206332, 0.8403296), (0.8209944, 0.84021705), (0.81934345, 0.83995086), (0.81909335, 0.840076), (0.81927705, 0.8402271), (0.81859875, 0.8399259), (0.8183153, 0.8400959), (0.8184712, 0.8402897), (0.8178563, 0.8400449), (0.8179816, 0.84034765), (0.81811816, 0.8398302), (0.8151718, 0.8394593), (0.8149253, 0.83982605), (0.8153655, 0.8398899), (0.8215907, 0.84016454), (0.8213538, 0.84069407), (0.821716, 0.8403604), (0.8213016, 0.8402542), (0.8213538, 0.84069407), (0.8215907, 0.84016454), (0.8195681, 0.84001243), (0.8197854, 0.84052265), (0.8198555, 0.8401176), (0.81927705, 0.8402271), (0.81909335, 0.840076), (0.8192392, 0.8404834), (0.81859875, 0.8399259), (0.8184712, 0.8402897), (0.8187987, 0.8403226), (0.81473374, 0.83944035), (0.81450355, 0.839916), (0.8149253, 0.83982605), (0.81373346, 0.83966815), (0.8136468, 0.8400066), (0.81400895, 0.83982897), (0.8220158, 0.84043145), (0.821716, 0.8403604), (0.82186425, 0.8406725), (0.8209944, 0.84021705), (0.82108927, 0.84056175), (0.8213016, 0.8402542), (0.8209944, 0.84021705), (0.8208301, 0.8404909), (0.82108927, 0.84056175), (0.8209944, 0.84021705), (0.8206332, 0.8403296), (0.8208301, 0.8404909), (0.8195681, 0.84001243), (0.8192392, 0.8404834), (0.8197854, 0.84052265), (0.8177279, 0.8396919), (0.8170372, 0.8403308), (0.8174789, 0.8404237), (0.8149253, 0.83982605), (0.81508696, 0.840077), (0.8153655, 0.8398899), (0.82186425, 0.8406725), (0.821716, 0.8403604), (0.82168114, 0.84063065), (0.8213016, 0.8402542), (0.82108927, 0.84056175), (0.8213538, 0.84069407), (0.8206332, 0.8403296), (0.8202511, 0.84043634), (0.8204839, 0.84058726), (0.8198555, 0.8401176), (0.8197854, 0.84052265), (0.8201412, 0.8401516), (0.8170372, 0.8403308), (0.81656563, 0.83992666), (0.8164823, 0.84019387), (0.8149253, 0.83982605), (0.81450355, 0.839916), (0.8148648, 0.84024775), (0.8201412, 0.8401516), (0.8197854, 0.84052265), (0.8201683, 0.84065086), (0.8179816, 0.84034765), (0.8178563, 0.8400449), (0.81781965, 0.84053457), (0.8153655, 0.8398899), (0.8154365, 0.8403218), (0.815848, 0.84023744), (0.8153655, 0.8398899), (0.81508696, 0.840077), (0.8154365, 0.8403218), (0.82168114, 0.84063065), (0.8216678, 0.84097004), (0.82186425, 0.8406725), (0.8208301, 0.8404909), (0.8208479, 0.8406973), (0.82108927, 0.84056175), (0.8201683, 0.84065086), (0.8197854, 0.84052265), (0.8197084, 0.840824), (0.8197854, 0.84052265), (0.8192392, 0.8404834), (0.8194048, 0.84100246), (0.81439984, 0.84016037), (0.814129, 0.83997893), (0.81395715, 0.8403337), (0.8222153, 0.8408), (0.82186425, 0.8406725), (0.82198745, 0.8412627), (0.82258725, 0.8410594), (0.8222472, 0.8418131), (0.8213538, 0.84069407), (0.82108927, 0.84056175), (0.82110447, 0.8408407), (0.8201683, 0.84065086), (0.8197084, 0.840824), (0.82000446, 0.84083784), (0.8197084, 0.840824), (0.8197854, 0.84052265), (0.8194048, 0.84100246), (0.8179816, 0.84034765), (0.81816506, 0.8407601), (0.8182762, 0.8404987), (0.8179816, 0.84034765), (0.81781965, 0.84053457), (0.81816506, 0.8407601), (0.8147559, 0.84035915), (0.81450355, 0.839916), (0.81466985, 0.84055185), (0.81400895, 0.83982897), (0.8136468, 0.8400066), (0.81395715, 0.8403337), (0.8204839, 0.84058726), (0.82038856, 0.8408811), (0.8207284, 0.84096646), (0.8204839, 0.84058726), (0.8201683, 0.84065086), (0.82038856, 0.8408811), (0.8182762, 0.8404987), (0.81816506, 0.8407601), (0.81851006, 0.84066314), (0.8148648, 0.84024775), (0.8147559, 0.84035915), (0.8150115, 0.8404552), (0.81395715, 0.8403337), (0.8136468, 0.8400066), (0.8134434, 0.84044445), (0.8216678, 0.84097004), (0.8213538, 0.84069407), (0.8214164, 0.8410224), (0.8201683, 0.84065086), (0.82000446, 0.84083784), (0.82038856, 0.8408811), (0.81851006, 0.84066314), (0.818357, 0.8409198), (0.81880933, 0.8411444), (0.812901, 0.84009236), (0.81277204, 0.83910155), (0.81250095, 0.841102), (0.8229803, 0.840703), (0.82258725, 0.8410594), (0.82281774, 0.84177554), (0.8216678, 0.84097004), (0.8214164, 0.8410224), (0.82152957, 0.8412925), (0.8207284, 0.84096646), (0.82038856, 0.8408811), (0.8204846, 0.84118843), (0.8204846, 0.84118843), (0.82038856, 0.8408811), (0.820239, 0.84114677), (0.82038856, 0.8408811), (0.82000446, 0.84083784), (0.820239, 0.84114677), (0.8134434, 0.84044445), (0.812901, 0.84009236), (0.8127499, 0.8411981), (0.8132297, 0.84181213), (0.81324863, 0.84105206), (0.81816506, 0.8407601), (0.81800574, 0.8412482), (0.818357, 0.8409198), (0.81769156, 0.84095323), (0.8174631, 0.8408314), (0.8174914, 0.841162), (0.81668437, 0.84063834), (0.81653655, 0.8410281), (0.8169216, 0.84101975), (0.8134434, 0.84044445), (0.81350577, 0.8408109), (0.8140256, 0.84073097), (0.8134434, 0.84044445), (0.8127499, 0.8411981), (0.81324863, 0.84105206), (0.82198745, 0.8412627), (0.82152957, 0.8412925), (0.82170784, 0.8417882), (0.8197084, 0.840824), (0.8195915, 0.8412752), (0.8198357, 0.841306), (0.8191376, 0.84082735), (0.81880933, 0.8411444), (0.8190744, 0.8412722), (0.81703407, 0.84077406), (0.8169216, 0.84101975), (0.8171232, 0.84120077), (0.81528044, 0.8408423), (0.815627, 0.8410648), (0.81566596, 0.84091306), (0.81505775, 0.8407273), (0.81489694, 0.8410419), (0.81528044, 0.8408423), (0.8159032, 0.8410913), (0.81566596, 0.84091306), (0.815627, 0.8410648), (0.815627, 0.8410648), (0.81528044, 0.8408423), (0.8152945, 0.84111714), (0.81528044, 0.8408423), (0.81489694, 0.8410419), (0.8152945, 0.84111714), (0.81350577, 0.8408109), (0.8134434, 0.84044445), (0.81324863, 0.84105206), (0.8204846, 0.84118843), (0.8203259, 0.841457), (0.82065636, 0.84130836), (0.8194048, 0.84100246), (0.81928635, 0.8415121), (0.8195915, 0.8412752), (0.8190744, 0.8412722), (0.81862664, 0.8413825), (0.8188666, 0.84152657), (0.815627, 0.8410648), (0.8157478, 0.84120166), (0.8159032, 0.8410913), (0.8195915, 0.8412752), (0.8195944, 0.8416786), (0.8198357, 0.841306), (0.8190744, 0.8412722), (0.8188666, 0.84152657), (0.81928635, 0.8415121), (0.81800574, 0.8412482), (0.8179531, 0.8415953), (0.8181989, 0.84143674), (0.81619847, 0.84118956), (0.8159032, 0.8410913), (0.8159921, 0.84136444), (0.8138694, 0.8410147), (0.81350577, 0.8408109), (0.81324863, 0.84105206), (0.8205565, 0.8416836), (0.8203259, 0.841457), (0.8201982, 0.84169495), (0.82043695, 0.84222615), (0.8206847, 0.84233916), (0.8207549, 0.8419676), (0.82004094, 0.84147835), (0.8201982, 0.84169495), (0.8203259, 0.841457), (0.8195915, 0.8412752), (0.81928635, 0.8415121), (0.8195944, 0.8416786), (0.81928635, 0.8415121), (0.8188666, 0.84152657), (0.8190649, 0.84178865), (0.81862664, 0.8413825), (0.8181989, 0.84143674), (0.8182399, 0.84185606), (0.8157478, 0.84120166), (0.8157238, 0.8414929), (0.8159921, 0.84136444), (0.8152945, 0.84111714), (0.81489694, 0.8410419), (0.81535286, 0.84135413), (0.8146428, 0.8409237), (0.81446433, 0.84131604), (0.8146744, 0.84116703), (0.8146428, 0.8409237), (0.8141997, 0.8410968), (0.81446433, 0.84131604), (0.8138694, 0.8410147), (0.81324863, 0.84105206), (0.81354177, 0.84130627), (0.82170784, 0.8417882), (0.8213391, 0.8415366), (0.82136613, 0.84191394), (0.81928635, 0.8415121), (0.8190649, 0.84178865), (0.8193704, 0.8418975), (0.81666756, 0.8415621), (0.8164897, 0.8413633), (0.8162723, 0.8414874), (0.8164897, 0.8413633), (0.81619847, 0.84118956), (0.8162723, 0.8414874), (0.82198155, 0.8427457), (0.8222472, 0.8418131), (0.8219025, 0.84211594), (0.8222472, 0.8418131), (0.82170784, 0.8417882), (0.8219025, 0.84211594), (0.8159921, 0.84136444), (0.81604624, 0.841639), (0.8162723, 0.8414874), (0.8188666, 0.84152657), (0.81886226, 0.84192365), (0.8190649, 0.84178865), (0.8182399, 0.84185606), (0.8179531, 0.8415953), (0.8178493, 0.84194326), (0.817162, 0.8415711), (0.8172324, 0.8422453), (0.81749463, 0.8417158), (0.8139765, 0.841261), (0.81432486, 0.8417315), (0.814183, 0.8414869), (0.8199005, 0.8417982), (0.8198338, 0.8419683), (0.82028264, 0.84195906), (0.8188666, 0.84152657), (0.81855214, 0.84215385), (0.81886226, 0.84192365), (0.814183, 0.8414869), (0.81432486, 0.8417315), (0.8144941, 0.8415453), (0.82136613, 0.84191394), (0.82093024, 0.84215564), (0.8212097, 0.8424246), (0.8207549, 0.8419676), (0.8206847, 0.84233916), (0.82093024, 0.84215564), (0.82028264, 0.84195906), (0.8201671, 0.8421768), (0.82043695, 0.84222615), (0.82028264, 0.84195906), (0.8198338, 0.8419683), (0.8201671, 0.8421768), (0.8144941, 0.8415453), (0.81432486, 0.8417315), (0.8147646, 0.8417197), (0.81354177, 0.84130627), (0.8132297, 0.84181213), (0.8137046, 0.8415701), (0.82198155, 0.8427457), (0.8215449, 0.84225094), (0.8215097, 0.8424999), (0.81886226, 0.84192365), (0.81855214, 0.84215385), (0.81907547, 0.8422087), (0.81509364, 0.8417001), (0.8147646, 0.8417197), (0.814963, 0.8420537), (0.8127499, 0.8411981), (0.81250095, 0.841102), (0.8132297, 0.84181213), (0.81264853, 0.843123), (0.8123981, 0.844192), (0.8178493, 0.84194326), (0.81770164, 0.84215915), (0.8181192, 0.8422719), (0.81544423, 0.8418027), (0.8154734, 0.84211516), (0.81587005, 0.84188545), (0.8147646, 0.8417197), (0.81432486, 0.8417315), (0.8144939, 0.84207225), (0.81497264, 0.84138596), (0.8144941, 0.8415453), (0.81446433, 0.84131604), (0.81855214, 0.84215385), (0.81824875, 0.84236044), (0.818491, 0.84242105), (0.81770164, 0.84215915), (0.8177905, 0.84245145), (0.8181192, 0.8422719), (0.8172324, 0.8422453), (0.8169451, 0.84193623), (0.8168825, 0.842315), (0.814963, 0.8420537), (0.8147646, 0.8417197), (0.8144939, 0.84207225), (0.8215097, 0.8424999), (0.8212097, 0.8424246), (0.8211733, 0.84279245), (0.8206847, 0.84233916), (0.82047874, 0.8425164), (0.8209082, 0.8425576), (0.81907547, 0.8422087), (0.81855214, 0.84215385), (0.81877095, 0.84254074), (0.8165182, 0.8420193), (0.81622386, 0.841954), (0.8161222, 0.8423934), (0.8159147, 0.8421825), (0.81587005, 0.84188545), (0.8157034, 0.8422413), (0.81432486, 0.8417315), (0.8141359, 0.8420788), (0.8144939, 0.84207225), (0.8215623, 0.84278554), (0.8215097, 0.8424999), (0.8213624, 0.8427669), (0.8144939, 0.84207225), (0.8148041, 0.8423586), (0.814963, 0.8420537), (0.8144939, 0.84207225), (0.8145318, 0.84228975), (0.8148041, 0.8423586), (0.8132297, 0.84181213), (0.81250095, 0.841102), (0.8132259, 0.8424112), (0.8209082, 0.8425576), (0.82047874, 0.8425164), (0.8207399, 0.84282714), (0.82019967, 0.84243816), (0.8201126, 0.84280515), (0.82047874, 0.8425164), (0.818491, 0.84242105), (0.8182428, 0.8426861), (0.81852084, 0.8427657), (0.818491, 0.84242105), (0.81824875, 0.84236044), (0.8182428, 0.8426861), (0.81749547, 0.84222776), (0.8172324, 0.8422453), (0.81721663, 0.84254086), (0.8165792, 0.8422912), (0.8161222, 0.8423934), (0.8163965, 0.84250486), (0.82198155, 0.8427457), (0.8215623, 0.84278554), (0.8218906, 0.84305644), (0.8213624, 0.8427669), (0.8214526, 0.84305257), (0.8215623, 0.84278554), (0.8207399, 0.84282714), (0.8207937, 0.843086), (0.8211733, 0.84279245), (0.8207399, 0.84282714), (0.82047874, 0.8425164), (0.82040596, 0.84281015), (0.81940436, 0.8424782), (0.81933975, 0.84280527), (0.8197126, 0.8428004), (0.8182428, 0.8426861), (0.81824875, 0.84236044), (0.81809914, 0.84268916), (0.81824875, 0.84236044), (0.8181192, 0.8422719), (0.81855214, 0.84215385), (0.8221421, 0.84307206), (0.82198155, 0.8427457), (0.8218906, 0.84305644), (0.8218906, 0.84305644), (0.8215623, 0.84278554), (0.8214526, 0.84305257), (0.81791556, 0.84265316), (0.8177905, 0.84245145), (0.8176216, 0.84283864), (0.8197126, 0.8428004), (0.8198285, 0.8430722), (0.8201126, 0.84280515), (0.8197126, 0.8428004), (0.81933975, 0.84280527), (0.81955934, 0.8429729), (0.8188722, 0.8428663), (0.81852084, 0.8427657), (0.81862926, 0.84302807), (0.81852084, 0.8427657), (0.8182428, 0.8426861), (0.8181383, 0.84309506), (0.81721663, 0.84254086), (0.8170055, 0.84273654), (0.8176216, 0.84283864), (0.8170055, 0.84273654), (0.8168825, 0.842315), (0.81670904, 0.8426507), (0.8163965, 0.84250486), (0.8164587, 0.8427688), (0.81670904, 0.8426507), (0.8158787, 0.8425087), (0.8154222, 0.8425366), (0.815735, 0.84275013), (0.8221421, 0.84307206), (0.8218906, 0.84305644), (0.82192814, 0.8435857), (0.8190614, 0.8426218), (0.8188722, 0.8428663), (0.81933975, 0.84280527), (0.81852084, 0.8427657), (0.8181383, 0.84309506), (0.81862926, 0.84302807), (0.81809914, 0.84268916), (0.8181383, 0.84309506), (0.8182428, 0.8426861), (0.81809914, 0.84268916), (0.81791556, 0.84265316), (0.8181383, 0.84309506), (0.8154222, 0.8425366), (0.8148041, 0.8423586), (0.81496006, 0.84281015), (0.8207937, 0.843086), (0.8204244, 0.84309113), (0.8206906, 0.843385), (0.81955934, 0.8429729), (0.81933975, 0.84280527), (0.8193908, 0.8432202), (0.8181383, 0.84309506), (0.81791556, 0.84265316), (0.8176216, 0.84283864), (0.8158787, 0.8425087), (0.8160164, 0.84288055), (0.81625384, 0.8427529), (0.8227827, 0.8425518), (0.82192814, 0.8435857), (0.822556, 0.8442258), (0.81933975, 0.84280527), (0.81917214, 0.84312177), (0.8193908, 0.8432202), (0.8188722, 0.8428663), (0.81862926, 0.84302807), (0.81873935, 0.8433572), (0.8160164, 0.84288055), (0.8158787, 0.8425087), (0.8158795, 0.8428452), (0.8154222, 0.8425366), (0.81518763, 0.84283024), (0.8154036, 0.8429163), (0.8132259, 0.8424112), (0.8131225, 0.8428849), (0.81364715, 0.8427297), (0.8132259, 0.8424112), (0.81250095, 0.841102), (0.81264853, 0.843123), (0.82157594, 0.8432543), (0.8212782, 0.8434218), (0.8214203, 0.8437333), (0.8176216, 0.84283864), (0.8175712, 0.8432462), (0.8179908, 0.84331656), (0.8173678, 0.84296376), (0.8170055, 0.84273654), (0.81721926, 0.8431789), (0.8167268, 0.8430196), (0.8164587, 0.8427688), (0.8163615, 0.8430966), (0.81625384, 0.8427529), (0.8163615, 0.8430966), (0.8164587, 0.8427688), (0.8162435, 0.8434279), (0.81658316, 0.8432897), (0.81625384, 0.8427529), (0.8160164, 0.84288055), (0.8163615, 0.8430966), (0.8146485, 0.8426682), (0.8144049, 0.84278005), (0.8147642, 0.84290695), (0.8227827, 0.8425518), (0.8226768, 0.8453461), (0.8231121, 0.84223545), (0.8196845, 0.8433455), (0.8193908, 0.8432202), (0.8195566, 0.8436276), (0.8193908, 0.8432202), (0.81917214, 0.84312177), (0.81912726, 0.84345746), (0.81862926, 0.84302807), (0.8184499, 0.8432286), (0.81873935, 0.8433572), (0.81407386, 0.8429998), (0.81400156, 0.8427209), (0.81381536, 0.84310144), (0.8184499, 0.8432286), (0.81830364, 0.8433837), (0.81873935, 0.8433572), (0.81364715, 0.8427297), (0.81353176, 0.8431115), (0.81381536, 0.84310144), (0.8212782, 0.8434218), (0.8210759, 0.8439706), (0.8214203, 0.8437333), (0.8212782, 0.8434218), (0.8209515, 0.843516), (0.8210759, 0.8439706), (0.82064915, 0.8437588), (0.82003343, 0.8433806), (0.82013595, 0.843677), (0.81912726, 0.84345746), (0.81873935, 0.8433572), (0.81887007, 0.8436111), (0.81721926, 0.8431789), (0.8167268, 0.8430196), (0.817013, 0.8433583), (0.8167268, 0.8430196), (0.81658316, 0.8432897), (0.817013, 0.8433583), (0.82013595, 0.843677), (0.82003343, 0.8433806), (0.81986237, 0.84374166), (0.81873935, 0.8433572), (0.8184073, 0.84364957), (0.81887007, 0.8436111), (0.81830364, 0.8433837), (0.81797147, 0.84360135), (0.8184073, 0.84364957), (0.8145783, 0.84320235), (0.8144049, 0.84278005), (0.81425893, 0.843291), (0.8144049, 0.84278005), (0.81407386, 0.8429998), (0.81425893, 0.843291), (0.81912726, 0.84345746), (0.81908, 0.84398687), (0.8195566, 0.8436276), (0.8179908, 0.84331656), (0.8175712, 0.8432462), (0.81797147, 0.84360135), (0.81407386, 0.8429998), (0.81381536, 0.84310144), (0.81425893, 0.843291), (0.82064915, 0.8437588), (0.8201146, 0.8439671), (0.8205519, 0.8440733), (0.82064915, 0.8437588), (0.82013595, 0.843677), (0.8201146, 0.8439671), (0.8175552, 0.8438802), (0.8175712, 0.8432462), (0.8174094, 0.8434646), (0.81658316, 0.8432897), (0.8162435, 0.8434279), (0.81646955, 0.8435198), (0.81381536, 0.84310144), (0.81353176, 0.8431115), (0.8137071, 0.8435107), (0.82278335, 0.8462211), (0.8231121, 0.84223545), (0.8226768, 0.8453461), (0.8219464, 0.8473841), (0.82222414, 0.8477509), (0.81887007, 0.8436111), (0.8186209, 0.84391814), (0.81908, 0.84398687), (0.81353176, 0.8431115), (0.8131443, 0.8433018), (0.8137071, 0.8435107), (0.8217877, 0.8440709), (0.82181954, 0.84443295), (0.8221361, 0.8441905), (0.81646955, 0.8435198), (0.816396, 0.8437896), (0.8168441, 0.8436934), (0.8210759, 0.8439706), (0.8209537, 0.8444311), (0.82125723, 0.84414506), (0.8161236, 0.8435962), (0.81592894, 0.8434685), (0.8159874, 0.84397995), (0.81545854, 0.84335905), (0.8153025, 0.8435141), (0.8155165, 0.84385896), (0.8146972, 0.8436697), (0.81425893, 0.843291), (0.81447375, 0.8438562), (0.8137071, 0.8435107), (0.8131443, 0.8433018), (0.8131199, 0.84399617), (0.81343126, 0.8440885), (0.8134421, 0.8437683), (0.82181954, 0.84443295), (0.8217877, 0.8440709), (0.8214626, 0.84445184), (0.8175552, 0.8438802), (0.8177189, 0.8441652), (0.8179098, 0.84399825), (0.81718534, 0.8438743), (0.81712043, 0.8441937), (0.81989163, 0.84437436), (0.8197269, 0.8440621), (0.8195338, 0.8442901), (0.81908, 0.84398687), (0.8190201, 0.8442488), (0.8195338, 0.8442901), (0.8175552, 0.8438802), (0.81712043, 0.8441937), (0.8174389, 0.8442279), (0.81592894, 0.8434685), (0.8155165, 0.84385896), (0.8159874, 0.84397995), (0.8146972, 0.8436697), (0.81491613, 0.84395844), (0.8150238, 0.8437468), (0.8146972, 0.8436697), (0.81447375, 0.8438562), (0.81491613, 0.84395844), (0.81447375, 0.8438562), (0.81425893, 0.843291), (0.81410325, 0.84394974), (0.8177189, 0.8441652), (0.8175552, 0.8438802), (0.8174389, 0.8442279), (0.8168441, 0.8436934), (0.816396, 0.8437896), (0.8166013, 0.8441613), (0.8159874, 0.84397995), (0.8155165, 0.84385896), (0.8156377, 0.8441477), (0.8209537, 0.8444311), (0.8205519, 0.8440733), (0.82055914, 0.8445801), (0.81989163, 0.84437436), (0.8195338, 0.8442901), (0.81940997, 0.8445132), (0.8155165, 0.84385896), (0.8152114, 0.8443741), (0.8156377, 0.8441477), (0.8190201, 0.8442488), (0.81899726, 0.84458095), (0.81940997, 0.8445132), (0.81879324, 0.84425396), (0.8187061, 0.8445498), (0.81899726, 0.84458095), (0.8179945, 0.84433603), (0.81812286, 0.84471107), (0.818285, 0.8443794), (0.8179945, 0.84433603), (0.8177189, 0.8441652), (0.81771404, 0.8444003), (0.8177189, 0.8441652), (0.8174389, 0.8442279), (0.81736887, 0.8446236), (0.814764, 0.8442012), (0.81447375, 0.8438562), (0.8145421, 0.84412503), (0.8214626, 0.84445184), (0.8213986, 0.8448701), (0.82179976, 0.8448261), (0.8209537, 0.8444311), (0.8206693, 0.84479487), (0.8209779, 0.8448058), (0.8187061, 0.8445498), (0.8185437, 0.8441534), (0.8184885, 0.84463674), (0.8179945, 0.84433603), (0.8177794, 0.84461325), (0.81812286, 0.84471107), (0.81771404, 0.8444003), (0.8177189, 0.8441652), (0.81736887, 0.8446236), (0.81491613, 0.84395844), (0.814764, 0.8442012), (0.8152114, 0.8443741), (0.82055914, 0.8445801), (0.82021105, 0.84477955), (0.8206693, 0.84479487), (0.81899726, 0.84458095), (0.8193272, 0.8448856), (0.81940997, 0.8445132), (0.8166013, 0.8441613), (0.8162253, 0.84415555), (0.8161657, 0.84448093), (0.8213986, 0.8448701), (0.8209779, 0.8448058), (0.82124174, 0.84498703), (0.8191066, 0.84487855), (0.81899726, 0.84458095), (0.81884754, 0.8448758), (0.81684196, 0.84444994), (0.81654453, 0.8447138), (0.8168879, 0.8447989), (0.81684196, 0.84444994), (0.8166013, 0.8441613), (0.81654453, 0.8447138), (0.81654453, 0.8447138), (0.8166013, 0.8441613), (0.8161657, 0.84448093), (0.8159874, 0.84397995), (0.8156377, 0.8441477), (0.8157981, 0.8445392), (0.8145421, 0.84412503), (0.8144704, 0.8445127), (0.814764, 0.8442012), (0.82124174, 0.84498703), (0.8209779, 0.8448058), (0.8210774, 0.8451637), (0.82021105, 0.84477955), (0.81976444, 0.84479713), (0.81998605, 0.8452996), (0.81940997, 0.8445132), (0.819566, 0.8450673), (0.81976444, 0.84479713), (0.81940997, 0.8445132), (0.8193272, 0.8448856), (0.819566, 0.8450673), (0.81899726, 0.84458095), (0.8191066, 0.84487855), (0.8193272, 0.8448856), (0.8156377, 0.8441477), (0.81547207, 0.84461087), (0.8157981, 0.8445392), (0.8152114, 0.8443741), (0.814764, 0.8442012), (0.8148491, 0.844492), (0.8152114, 0.8443741), (0.8150356, 0.8447218), (0.81547207, 0.84461087), (0.8152782, 0.84517455), (0.8156407, 0.8449931), (0.81797206, 0.8449094), (0.81736887, 0.8446236), (0.8172219, 0.8450935), (0.81654453, 0.8447138), (0.8161657, 0.84448093), (0.81612, 0.8446842), (0.8157981, 0.8445392), (0.81593895, 0.84481174), (0.81612, 0.8446842), (0.8148491, 0.844492), (0.8147465, 0.8448126), (0.8150356, 0.8447218), (0.8138793, 0.84458995), (0.81385654, 0.84425426), (0.8136448, 0.8448049), (0.8193272, 0.8448856), (0.8191345, 0.8451587), (0.819566, 0.8450673), (0.81797206, 0.8449094), (0.8172219, 0.8450935), (0.8177532, 0.84521043), (0.81547207, 0.84461087), (0.8150356, 0.8447218), (0.8151356, 0.8449312), (0.8144704, 0.8445127), (0.8141994, 0.8443326), (0.8138793, 0.84458995), (0.8148491, 0.844492), (0.814764, 0.8442012), (0.8136448, 0.8448049), (0.81385654, 0.84425426), (0.8134635, 0.8446885), (0.8134635, 0.8446885), (0.81328857, 0.8443918), (0.81304216, 0.8447009), (0.82161814, 0.8452523), (0.8213428, 0.8453944), (0.8214558, 0.84560925), (0.8210774, 0.8451637), (0.8207183, 0.84506845), (0.82087433, 0.8454176), (0.819566, 0.8450673), (0.8191345, 0.8451587), (0.81916517, 0.84549224), (0.8129524, 0.84432465), (0.8130263, 0.84543663), (0.81304216, 0.8447009), (0.8203242, 0.8450987), (0.81998605, 0.8452996), (0.8202195, 0.8455024), (0.81634855, 0.8450918), (0.81593895, 0.84481174), (0.8160924, 0.84512067), (0.8213428, 0.8453944), (0.8210774, 0.8451637), (0.82087433, 0.8454176), (0.8203242, 0.8450987), (0.8202195, 0.8455024), (0.82051486, 0.84533584), (0.8172219, 0.8450935), (0.81692445, 0.8451535), (0.8172147, 0.8453692), (0.8138793, 0.84458995), (0.8136448, 0.8448049), (0.8141474, 0.84488535), (0.8134635, 0.8446885), (0.81304216, 0.8447009), (0.81346756, 0.84511995), (0.8206489, 0.84561783), (0.82051486, 0.84533584), (0.82042676, 0.8457931), (0.8202195, 0.8455024), (0.8201257, 0.84584963), (0.81998605, 0.8452996), (0.8195741, 0.84541273), (0.81986415, 0.8457197), (0.82021105, 0.84477955), (0.8203242, 0.8450987), (0.8182893, 0.84515595), (0.81801146, 0.84543496), (0.8184151, 0.84545654), (0.8172147, 0.8453692), (0.81692445, 0.8451535), (0.81681436, 0.8453389), (0.8151356, 0.8449312), (0.8150356, 0.8447218), (0.81496155, 0.8452302), (0.8141474, 0.84488535), (0.8136448, 0.8448049), (0.8137468, 0.84507525), (0.8134635, 0.8446885), (0.81346756, 0.84511995), (0.8136448, 0.8448049), (0.8202195, 0.8455024), (0.81998605, 0.8452996), (0.81986415, 0.8457197), (0.821814, 0.8455368), (0.8214558, 0.84560925), (0.8217535, 0.84583586), (0.8211545, 0.8457806), (0.82087433, 0.8454176), (0.8209121, 0.84571314), (0.8195741, 0.84541273), (0.81931585, 0.8457366), (0.8195595, 0.84577626), (0.818722, 0.8453301), (0.8184151, 0.84545654), (0.81874806, 0.84565234), (0.8165792, 0.8452063), (0.8165285, 0.84572875), (0.81681436, 0.8453389), (0.8160924, 0.84512067), (0.8156456, 0.8453014), (0.8157899, 0.8455781), (0.8145506, 0.8450942), (0.8146816, 0.84535253), (0.81496155, 0.8452302), (0.8141474, 0.84488535), (0.8142884, 0.8452091), (0.8145506, 0.8450942), (0.8142884, 0.8452091), (0.8141474, 0.84488535), (0.81388146, 0.8453752), (0.81372, 0.8456106), (0.8141016, 0.8456856), (0.8131961, 0.8451017), (0.81304216, 0.8447009), (0.8130263, 0.84543663), (0.8184151, 0.84545654), (0.81836283, 0.84574497), (0.81874806, 0.84565234), (0.8184151, 0.84545654), (0.81801146, 0.84543496), (0.81836283, 0.84574497), (0.81801146, 0.84543496), (0.8176225, 0.8458641), (0.81836283, 0.84574497), (0.81681436, 0.8453389), (0.8165285, 0.84572875), (0.8169842, 0.84563804), (0.8145506, 0.8450942), (0.8142884, 0.8452091), (0.8146816, 0.84535253), (0.8142884, 0.8452091), (0.81388146, 0.8453752), (0.8140794, 0.8453656), (0.822007, 0.8459531), (0.8217535, 0.84583586), (0.82151747, 0.8462588), (0.8156456, 0.8453014), (0.8152782, 0.84517455), (0.8153873, 0.84555817), (0.8209121, 0.84571314), (0.8206489, 0.84561783), (0.82090306, 0.8460397), (0.82090306, 0.8460397), (0.8206489, 0.84561783), (0.8205396, 0.84608495), (0.8189795, 0.84595144), (0.81874806, 0.84565234), (0.8185774, 0.84592295), (0.8161355, 0.845332), (0.8157899, 0.8455781), (0.8163084, 0.84551793), (0.8142884, 0.8452091), (0.8140794, 0.8453656), (0.8143671, 0.84557086), (0.82278335, 0.8462211), (0.8226768, 0.8453461), (0.8222484, 0.84653145), (0.82151747, 0.8462588), (0.8211545, 0.8457806), (0.82111764, 0.84638906), (0.82090306, 0.8460397), (0.8205396, 0.84608495), (0.8207171, 0.8462454), (0.8165285, 0.84572875), (0.8163084, 0.84551793), (0.8160532, 0.8457972), (0.8143671, 0.84557086), (0.8140794, 0.8453656), (0.8141016, 0.8456856), (0.8201257, 0.84584963), (0.81998795, 0.84615874), (0.82024074, 0.84631085), (0.81931585, 0.8457366), (0.8189795, 0.84595144), (0.81947875, 0.8460142), (0.8160532, 0.8457972), (0.81639165, 0.8462701), (0.8165285, 0.84572875), (0.8153873, 0.84555817), (0.81559974, 0.8460077), (0.8157899, 0.8455781), (0.8169842, 0.84563804), (0.8165285, 0.84572875), (0.81706524, 0.84597677), (0.8157899, 0.8455781), (0.81559974, 0.8460077), (0.8160532, 0.8457972), (0.8130263, 0.84543663), (0.81308955, 0.8458407), (0.81338423, 0.8455092), (0.8222484, 0.84653145), (0.822007, 0.8459531), (0.82151747, 0.8462588), (0.8194555, 0.8462668), (0.8189795, 0.84595144), (0.8191517, 0.846454), (0.81706524, 0.84597677), (0.8172296, 0.8462751), (0.81743777, 0.84605527), (0.8166674, 0.84605664), (0.8167983, 0.84629315), (0.81706524, 0.84597677), (0.8165285, 0.84572875), (0.8166674, 0.84605664), (0.81466365, 0.8456581), (0.8143671, 0.84557086), (0.81464624, 0.84593934), (0.8143671, 0.84557086), (0.81439257, 0.8459418), (0.81464624, 0.84593934), (0.8207171, 0.8462454), (0.82024074, 0.84631085), (0.8206602, 0.8464793), (0.81743777, 0.84605527), (0.8172296, 0.8462751), (0.8175322, 0.84645844), (0.81706524, 0.84597677), (0.8167983, 0.84629315), (0.8170588, 0.84621906), (0.8160532, 0.8457972), (0.8157979, 0.8462112), (0.81639165, 0.8462701), (0.8160532, 0.8457972), (0.81559974, 0.8460077), (0.8157979, 0.8462112), (0.8150408, 0.84573805), (0.81466365, 0.8456581), (0.81464624, 0.84593934), (0.81372, 0.8456106), (0.8134914, 0.84595037), (0.8140042, 0.8461075), (0.82111764, 0.84638906), (0.8207171, 0.8462454), (0.8206602, 0.8464793), (0.8165285, 0.84572875), (0.81639165, 0.8462701), (0.8166674, 0.84605664), (0.8196635, 0.8464271), (0.8194555, 0.8462668), (0.8194984, 0.8466316), (0.81823224, 0.8461708), (0.81862915, 0.84655476), (0.8184581, 0.8462353), (0.81743777, 0.84605527), (0.8175322, 0.84645844), (0.81793743, 0.8464935), (0.8150713, 0.84598714), (0.81464624, 0.84593934), (0.8147869, 0.8462695), (0.8170588, 0.84621906), (0.8167983, 0.84629315), (0.8169209, 0.8465486), (0.8157979, 0.8462112), (0.81559974, 0.8460077), (0.8155638, 0.8464921), (0.81439257, 0.8459418), (0.81417704, 0.8458816), (0.8144008, 0.846365), (0.81793743, 0.8464935), (0.8175322, 0.84645844), (0.81782234, 0.8468619), (0.8209257, 0.84688574), (0.82057667, 0.8466695), (0.82049066, 0.8470303), (0.8169209, 0.8465486), (0.81639165, 0.8462701), (0.8166676, 0.8468435), (0.816299, 0.8466559), (0.81639165, 0.8462701), (0.8160953, 0.8466873), (0.81782234, 0.8468619), (0.8175322, 0.84645844), (0.81755507, 0.84708023), (0.8169209, 0.8465486), (0.8166676, 0.8468435), (0.81690204, 0.8467239), (0.8173176, 0.84689456), (0.81690204, 0.8467239), (0.81709915, 0.84700346), (0.8155638, 0.8464921), (0.81520844, 0.84643286), (0.8151942, 0.8468331), (0.82049066, 0.8470303), (0.82035255, 0.84754944), (0.82083815, 0.8472611), (0.8160953, 0.8466873), (0.8159578, 0.846382), (0.816049, 0.8470505), (0.81641704, 0.8471415), (0.81657326, 0.8475903), (0.8194417, 0.8469776), (0.8190938, 0.8468394), (0.8191487, 0.84722006), (0.81844944, 0.84685117), (0.8181125, 0.8471724), (0.8188149, 0.8470526), (0.81690204, 0.8467239), (0.8166676, 0.8468435), (0.81709915, 0.84700346), (0.8166676, 0.8468435), (0.816299, 0.8466559), (0.81641704, 0.8471415), (0.8147869, 0.8462695), (0.81479955, 0.84701574), (0.8151942, 0.8468331), (0.8173176, 0.84689456), (0.81720614, 0.8472941), (0.81755507, 0.84708023), (0.8159578, 0.846382), (0.81549346, 0.847224), (0.816049, 0.8470505), (0.8191487, 0.84722006), (0.8188149, 0.8470526), (0.8187819, 0.8473608), (0.8142458, 0.8466145), (0.8140089, 0.84690154), (0.81479955, 0.84701574), (0.8166676, 0.8468435), (0.81641704, 0.8471415), (0.81657326, 0.8475903), (0.8212222, 0.847548), (0.82035255, 0.84754944), (0.8208851, 0.8480332), (0.8208851, 0.8480332), (0.82000965, 0.84811103), (0.82222414, 0.8477509), (0.8219464, 0.8473841), (0.8198659, 0.8476414), (0.81966436, 0.84723765), (0.8188622, 0.84768873), (0.8187819, 0.8473608), (0.8179351, 0.8476251), (0.8191487, 0.84722006), (0.8187819, 0.8473608), (0.8188622, 0.84768873), (0.8181125, 0.8471724), (0.8177508, 0.8472819), (0.8179351, 0.8476251), (0.81755507, 0.84708023), (0.81720614, 0.8472941), (0.8172593, 0.84766793), (0.82035255, 0.84754944), (0.8198659, 0.8476414), (0.82000965, 0.84811103), (0.8179351, 0.8476251), (0.81755507, 0.84708023), (0.8172593, 0.84766793), (0.8178776, 0.8480865), (0.8179351, 0.8476251), (0.8178776, 0.8480865), (0.8188622, 0.84768873), (0.81657326, 0.8475903), (0.8148667, 0.8476039), (0.8188622, 0.84768873), (0.82000965, 0.84811103), (0.8198659, 0.8476414), (0.8219464, 0.8473841), (0.8212222, 0.847548), (0.8208851, 0.8480332), (0.81720614, 0.8472941), (0.81657326, 0.8475903), (0.8172593, 0.84766793), (0.8148667, 0.8476039), (0.8140089, 0.84690154), (0.8132401, 0.84712434), (0.81657326, 0.8475903), (0.816049, 0.8470505), (0.81549346, 0.847224), (0.8172593, 0.84766793), (0.81657326, 0.8475903), (0.8178776, 0.8480865), (0.81451374, 0.8374702), (0.8155703, 0.8377578), (0.8161983, 0.8375193), (0.81451374, 0.8374702), (0.81469107, 0.8378215), (0.8155703, 0.8377578), (0.8208379, 0.83766), (0.8207375, 0.83808327), (0.8217971, 0.8379071), (0.8221889, 0.83870214), (0.8227437, 0.83841646), (0.8208379, 0.83766), (0.82003057, 0.8382175), (0.8207375, 0.83808327), (0.8173486, 0.83763206), (0.8170346, 0.83799934), (0.8177927, 0.8382064), (0.8211611, 0.8384788), (0.8213872, 0.8388006), (0.8217316, 0.83849305), (0.8207375, 0.83808327), (0.8203529, 0.8384741), (0.8170346, 0.83799934), (0.81745595, 0.8383522), (0.8177927, 0.8382064), (0.8170346, 0.83799934), (0.81619847, 0.8379377), (0.81651556, 0.838569), (0.8155703, 0.8377578), (0.81506693, 0.83814377), (0.8153488, 0.8381419), (0.8217316, 0.83849305), (0.82193255, 0.83883667), (0.8221889, 0.83870214), (0.82003057, 0.8382175), (0.8197712, 0.83867264), (0.81999373, 0.83893764), (0.8137443, 0.837839), (0.81277204, 0.83910155), (0.8131841, 0.83872473), (0.8217316, 0.83849305), (0.82168394, 0.8389843), (0.82193255, 0.83883667), (0.81905603, 0.83845824), (0.81932884, 0.83885795), (0.81946254, 0.8383053), (0.8159373, 0.83862495), (0.81651556, 0.838569), (0.81619847, 0.8379377), (0.8211611, 0.8384788), (0.8208325, 0.83899486), (0.8213872, 0.8388006), (0.8211611, 0.8384788), (0.82037973, 0.83875024), (0.8208325, 0.83899486), (0.8203529, 0.8384741), (0.81999373, 0.83893764), (0.82037973, 0.83875024), (0.8186303, 0.8384107), (0.81826985, 0.8386344), (0.8185985, 0.83873796), (0.81619847, 0.8379377), (0.8155643, 0.83833396), (0.8159373, 0.83862495), (0.8213872, 0.8388006), (0.82168394, 0.8389843), (0.8217316, 0.83849305), (0.8213872, 0.8388006), (0.8208325, 0.83899486), (0.8212757, 0.8391048), (0.8197712, 0.83867264), (0.81932884, 0.83885795), (0.81958085, 0.8390162), (0.8189757, 0.8388645), (0.81932884, 0.83885795), (0.81905603, 0.83845824), (0.8185985, 0.83873796), (0.8184563, 0.8389594), (0.81651556, 0.838569), (0.8168757, 0.83874553), (0.817223, 0.8385222), (0.8131841, 0.83872473), (0.8138286, 0.838609), (0.8137443, 0.837839), (0.8212757, 0.8391048), (0.82168394, 0.8389843), (0.8213872, 0.8388006), (0.82037973, 0.83875024), (0.81999373, 0.83893764), (0.820485, 0.83904505), (0.81826985, 0.8386344), (0.8181392, 0.83884275), (0.8184563, 0.8389594), (0.8155643, 0.83833396), (0.8155184, 0.83869827), (0.8159373, 0.83862495), (0.8155643, 0.83833396), (0.81487775, 0.83858144), (0.8151381, 0.8386539), (0.81452966, 0.8382921), (0.8144821, 0.8386984), (0.81487775, 0.83858144), (0.8141392, 0.8382451), (0.8138286, 0.838609), (0.8141839, 0.8385894), (0.81999373, 0.83893764), (0.8201394, 0.83921266), (0.820485, 0.83904505), (0.817823, 0.83867395), (0.817734, 0.83906895), (0.8181392, 0.83884275), (0.8155643, 0.83833396), (0.8151381, 0.8386539), (0.8155184, 0.83869827), (0.8212757, 0.8391048), (0.8216898, 0.8392659), (0.82168394, 0.8389843), (0.8189757, 0.8388645), (0.81911826, 0.8391869), (0.81932884, 0.83885795), (0.8184563, 0.8389594), (0.8181392, 0.83884275), (0.81827813, 0.8391782), (0.817823, 0.83867395), (0.8172805, 0.839065), (0.817734, 0.83906895), (0.81958085, 0.8390162), (0.8194249, 0.8393153), (0.81987095, 0.8394086), (0.82207406, 0.83927035), (0.82202303, 0.83959424), (0.82245475, 0.83916074), (0.8208325, 0.83899486), (0.820933, 0.83937955), (0.8212757, 0.8391048), (0.8201394, 0.83921266), (0.8204696, 0.8394018), (0.820485, 0.83904505), (0.817734, 0.83906895), (0.81799996, 0.83921444), (0.8181392, 0.83884275), (0.81487775, 0.83858144), (0.81468946, 0.83900356), (0.8151381, 0.8386539), (0.8138286, 0.838609), (0.81413895, 0.83901954), (0.8141839, 0.8385894), (0.820485, 0.83904505), (0.8204696, 0.8394018), (0.820933, 0.83937955), (0.8201394, 0.83921266), (0.81987095, 0.8394086), (0.82006943, 0.8394904), (0.8184563, 0.8389594), (0.8187331, 0.8394099), (0.8190353, 0.8393525), (0.81827813, 0.8391782), (0.8187331, 0.8394099), (0.8184563, 0.8389594), (0.8167697, 0.83906484), (0.8168757, 0.83874553), (0.8165168, 0.8390101), (0.8216898, 0.8392659), (0.8215806, 0.83975565), (0.82202303, 0.83959424), (0.81617486, 0.8387711), (0.8165168, 0.8390101), (0.81651556, 0.838569), (0.8159373, 0.83862495), (0.8159473, 0.83888423), (0.81617486, 0.8387711), (0.8151381, 0.8386539), (0.815096, 0.8390561), (0.8155184, 0.83869827), (0.81468946, 0.83900356), (0.815096, 0.8390561), (0.8151381, 0.8386539), (0.817734, 0.83906895), (0.8173399, 0.8393972), (0.8176667, 0.8393885), (0.81617486, 0.8387711), (0.8159473, 0.83888423), (0.81628895, 0.8391597), (0.8190353, 0.8393525), (0.8187331, 0.8394099), (0.8189846, 0.8395951), (0.81688553, 0.8394084), (0.8173399, 0.8393972), (0.8172805, 0.839065), (0.8172805, 0.839065), (0.8167697, 0.83906484), (0.81688553, 0.8394084), (0.8165168, 0.8390101), (0.81628895, 0.8391597), (0.8163858, 0.83956504), (0.81468946, 0.83900356), (0.81473374, 0.83944035), (0.815096, 0.8390561), (0.82202303, 0.83959424), (0.82193035, 0.8399899), (0.8224684, 0.83985656), (0.8229803, 0.840703), (0.82317746, 0.8397242), (0.8231121, 0.84223545), (0.82281774, 0.84177554), (0.8213011, 0.8394862), (0.82127035, 0.83986104), (0.8215806, 0.83975565), (0.81987095, 0.8394086), (0.8197912, 0.8397852), (0.82006943, 0.8394904), (0.815096, 0.8390561), (0.81473374, 0.83944035), (0.81493944, 0.83939075), (0.82006943, 0.8394904), (0.8197912, 0.8397852), (0.8202472, 0.83958876), (0.8194249, 0.8393153), (0.8197912, 0.8397852), (0.81987095, 0.8394086), (0.8179966, 0.83948994), (0.8177279, 0.8396919), (0.81791973, 0.83971405), (0.8167697, 0.83906484), (0.8163858, 0.83956504), (0.81662726, 0.8395473), (0.81574905, 0.8390231), (0.81564635, 0.83927834), (0.8161077, 0.83947563), (0.8140059, 0.83944243), (0.81413895, 0.83901954), (0.8137823, 0.8391698), (0.8197912, 0.8397852), (0.8201618, 0.83985233), (0.8202472, 0.83958876), (0.8179966, 0.83948994), (0.81791973, 0.83971405), (0.81811816, 0.8398302), (0.81537265, 0.8391672), (0.81543624, 0.8394472), (0.81564635, 0.83927834), (0.81537265, 0.8391672), (0.8151718, 0.8394593), (0.81543624, 0.8394472), (0.8202472, 0.83958876), (0.8201618, 0.83985233), (0.82060844, 0.8396209), (0.8176667, 0.8393885), (0.8173932, 0.8397074), (0.8177279, 0.8396919), (0.81628895, 0.8391597), (0.8161077, 0.83947563), (0.8163858, 0.83956504), (0.81898516, 0.8398247), (0.81909335, 0.840076), (0.819381, 0.8396962), (0.82193035, 0.8399899), (0.821716, 0.8403604), (0.8220158, 0.84043145), (0.8215907, 0.84016454), (0.821716, 0.8403604), (0.82193035, 0.8399899), (0.8195681, 0.84001243), (0.8198555, 0.8401176), (0.8197912, 0.8397852), (0.8173932, 0.8397074), (0.81722736, 0.84002423), (0.8177279, 0.8396919), (0.81662726, 0.8395473), (0.8167907, 0.8398638), (0.81702864, 0.8396752), (0.81543624, 0.8394472), (0.8151718, 0.8394593), (0.8153655, 0.8398899), (0.81493944, 0.83939075), (0.8149253, 0.83982605), (0.8151718, 0.8394593), (0.81473374, 0.83944035), (0.8149253, 0.83982605), (0.81493944, 0.83939075), (0.82228684, 0.84019375), (0.8229803, 0.840703), (0.8224684, 0.83985656), (0.8140059, 0.83944243), (0.8137823, 0.8391698), (0.81373346, 0.83966815), (0.82127035, 0.83986104), (0.8209944, 0.84021705), (0.8213016, 0.8402542), (0.8163858, 0.83956504), (0.81656563, 0.83992666), (0.81662726, 0.8395473), (0.81606334, 0.8399399), (0.81656563, 0.83992666), (0.8163858, 0.83956504), (0.81373346, 0.83966815), (0.81400895, 0.83982897), (0.8140059, 0.83944243), (0.81395715, 0.8403337), (0.814129, 0.83997893), (0.8153655, 0.8398899), (0.81561756, 0.8398515), (0.81543624, 0.8394472), (0.8137823, 0.8391698), (0.8133118, 0.839666), (0.81373346, 0.83966815), (0.81277204, 0.83910155), (0.812901, 0.84009236), (0.8133118, 0.839666), (0.82056725, 0.84001005), (0.8203769, 0.84006953), (0.8206332, 0.8403296), (0.81934345, 0.83995086), (0.81927705, 0.8402271), (0.8195681, 0.84001243), (0.81859875, 0.8399259), (0.8187987, 0.8403226), (0.81909335, 0.840076), (0.8203769, 0.84006953), (0.8202511, 0.84043634), (0.8206332, 0.8403296), (0.8203769, 0.84006953), (0.8201412, 0.8401516), (0.8202511, 0.84043634), (0.8211611, 0.8384788), (0.8217971, 0.8379071), (0.8207375, 0.83808327), (0.81656563, 0.83992666), (0.8170372, 0.8403308), (0.8167907, 0.8398638), (0.81400895, 0.83982897), (0.814129, 0.83997893), (0.81450355, 0.839916), (0.8213538, 0.84069407), (0.82168114, 0.84063065), (0.821716, 0.8403604), (0.81927705, 0.8402271), (0.8192392, 0.8404834), (0.8195681, 0.84001243), (0.8187987, 0.8403226), (0.8192392, 0.8404834), (0.81909335, 0.840076), (0.81606334, 0.8399399), (0.8164823, 0.84019387), (0.81656563, 0.83992666), (0.8149253, 0.83982605), (0.8148648, 0.84024775), (0.81508696, 0.840077), (0.81373346, 0.83966815), (0.8133118, 0.839666), (0.8136468, 0.8400066), (0.82186425, 0.8406725), (0.8222153, 0.8408), (0.8220158, 0.84043145), (0.8153655, 0.8398899), (0.815848, 0.84023744), (0.81561756, 0.8398515), (0.81450355, 0.839916), (0.814129, 0.83997893), (0.81439984, 0.84016037), (0.8133118, 0.839666), (0.812901, 0.84009236), (0.8136468, 0.8400066), (0.8201412, 0.8401516), (0.8201683, 0.84065086), (0.8202511, 0.84043634), (0.8164823, 0.84019387), (0.81606334, 0.8399399), (0.8163539, 0.840377), (0.8192392, 0.8404834), (0.8191376, 0.84082735), (0.8194048, 0.84100246), (0.8164823, 0.84019387), (0.8163539, 0.840377), (0.8170372, 0.8403308), (0.815848, 0.84023744), (0.8163539, 0.840377), (0.81606334, 0.8399399), (0.81508696, 0.840077), (0.8150115, 0.8404552), (0.8154365, 0.8403218), (0.81508696, 0.840077), (0.8148648, 0.84024775), (0.8150115, 0.8404552), (0.81450355, 0.839916), (0.8147559, 0.84035915), (0.8148648, 0.84024775), (0.82110447, 0.8408407), (0.82108927, 0.84056175), (0.8208479, 0.8406973), (0.82168114, 0.84063065), (0.8213538, 0.84069407), (0.8216678, 0.84097004), (0.81851006, 0.84066314), (0.81889987, 0.840691), (0.8187987, 0.8403226), (0.81668437, 0.84063834), (0.81703407, 0.84077406), (0.8170372, 0.8403308), (0.81781965, 0.84053457), (0.81789786, 0.84081876), (0.81816506, 0.8407601), (0.8174789, 0.8404237), (0.8170372, 0.8403308), (0.8172957, 0.8406974), (0.8170372, 0.8403308), (0.8163539, 0.840377), (0.81668437, 0.84063834), (0.815848, 0.84023744), (0.8159989, 0.8406961), (0.8163539, 0.840377), (0.81450355, 0.839916), (0.81439984, 0.84016037), (0.81466985, 0.84055185), (0.812901, 0.84009236), (0.8134434, 0.84044445), (0.8136468, 0.8400066), (0.8216678, 0.84097004), (0.82198745, 0.8412627), (0.82186425, 0.8406725), (0.8204839, 0.84058726), (0.8207284, 0.84096646), (0.8208479, 0.8406973), (0.8157007, 0.84056294), (0.8159989, 0.8406961), (0.815848, 0.84023744), (0.81781965, 0.84053457), (0.8174631, 0.8408314), (0.81789786, 0.84081876), (0.8174789, 0.8404237), (0.8172957, 0.8406974), (0.8174631, 0.8408314), (0.8170372, 0.8403308), (0.81703407, 0.84077406), (0.8172957, 0.8406974), (0.8163539, 0.840377), (0.8163161, 0.8408461), (0.81668437, 0.84063834), (0.8143194, 0.8404908), (0.81466985, 0.84055185), (0.81439984, 0.84016037), (0.8146428, 0.8409237), (0.81505775, 0.8407273), (0.8150115, 0.8404552), (0.81505775, 0.8407273), (0.8154365, 0.8403218), (0.81395715, 0.8403337), (0.8143194, 0.8404908), (0.81439984, 0.84016037), (0.81851006, 0.84066314), (0.81880933, 0.8411444), (0.81889987, 0.840691), (0.81816506, 0.8407601), (0.818357, 0.8409198), (0.81851006, 0.84066314), (0.81789786, 0.84081876), (0.8174631, 0.8408314), (0.81769156, 0.84095323), (0.8159989, 0.8406961), (0.8163161, 0.8408461), (0.8163539, 0.840377), (0.8154365, 0.8403218), (0.81505775, 0.8407273), (0.81528044, 0.8408423), (0.8216678, 0.84097004), (0.82152957, 0.8412925), (0.82198745, 0.8412627), (0.8163161, 0.8408461), (0.81653655, 0.8410281), (0.81668437, 0.84063834), (0.8143194, 0.8404908), (0.81442755, 0.8407184), (0.81466985, 0.84055185), (0.8143194, 0.8404908), (0.81395715, 0.8403337), (0.8140256, 0.84073097), (0.81395715, 0.8403337), (0.8134434, 0.84044445), (0.8140256, 0.84073097), (0.8231121, 0.84223545), (0.82281774, 0.84177554), (0.8227827, 0.8425518), (0.8222153, 0.8408), (0.82198745, 0.8412627), (0.8222472, 0.8418131), (0.8207284, 0.84096646), (0.8204846, 0.84118843), (0.82065636, 0.84130836), (0.81789786, 0.84081876), (0.81800574, 0.8412482), (0.81816506, 0.8407601), (0.81668437, 0.84063834), (0.8169216, 0.84101975), (0.81703407, 0.84077406), (0.81528044, 0.8408423), (0.81566596, 0.84091306), (0.8157007, 0.84056294), (0.81250095, 0.841102), (0.8127499, 0.8411981), (0.812901, 0.84009236), (0.82258725, 0.8410594), (0.8222472, 0.8418131), (0.82281774, 0.84177554), (0.82000446, 0.84083784), (0.8197084, 0.840824), (0.8198357, 0.841306), (0.8191376, 0.84082735), (0.8190744, 0.8412722), (0.8194048, 0.84100246), (0.81789786, 0.84081876), (0.81769156, 0.84095323), (0.81800574, 0.8412482), (0.8172957, 0.8406974), (0.81703407, 0.84077406), (0.8174631, 0.8408314), (0.8159989, 0.8406961), (0.81566596, 0.84091306), (0.8159032, 0.8410913), (0.81442755, 0.8407184), (0.8146428, 0.8409237), (0.81466985, 0.84055185), (0.8143194, 0.8404908), (0.8140256, 0.84073097), (0.81442755, 0.8407184), (0.81880933, 0.8411444), (0.81862664, 0.8413825), (0.8190744, 0.8412722), (0.81800574, 0.8412482), (0.8183911, 0.8411615), (0.818357, 0.8409198), (0.8163161, 0.8408461), (0.8161963, 0.84104836), (0.81653655, 0.8410281), (0.8163161, 0.8408461), (0.8159032, 0.8410913), (0.8161963, 0.84104836), (0.8146428, 0.8409237), (0.81489694, 0.8410419), (0.81505775, 0.8407273), (0.81442755, 0.8407184), (0.8140256, 0.84073097), (0.8141997, 0.8410968), (0.8169216, 0.84101975), (0.81653655, 0.8410281), (0.8168502, 0.8412765), (0.8141997, 0.8410968), (0.8146428, 0.8409237), (0.81442755, 0.8407184), (0.82198745, 0.8412627), (0.82170784, 0.8417882), (0.8222472, 0.8418131), (0.82152957, 0.8412925), (0.8213391, 0.8415366), (0.82170784, 0.8417882), (0.820239, 0.84114677), (0.8203259, 0.841457), (0.8204846, 0.84118843), (0.82004094, 0.84147835), (0.8203259, 0.841457), (0.820239, 0.84114677), (0.8190744, 0.8412722), (0.81928635, 0.8415121), (0.8194048, 0.84100246), (0.81800574, 0.8412482), (0.8181989, 0.84143674), (0.8183911, 0.8411615), (0.8168502, 0.8412765), (0.8171232, 0.84120077), (0.8169216, 0.84101975), (0.8161963, 0.84104836), (0.8159032, 0.8410913), (0.81619847, 0.84118956), (0.8146428, 0.8409237), (0.8146744, 0.84116703), (0.81489694, 0.8410419), (0.82105273, 0.8412695), (0.82098985, 0.84171087), (0.8213391, 0.8415366), (0.82065636, 0.84130836), (0.8205565, 0.8416836), (0.82098985, 0.84171087), (0.8203259, 0.841457), (0.8205565, 0.8416836), (0.82065636, 0.84130836), (0.8157478, 0.84120166), (0.8159921, 0.84136444), (0.8159032, 0.8410913), (0.8181989, 0.84143674), (0.81862664, 0.8413825), (0.8183911, 0.8411615), (0.81800574, 0.8412482), (0.8177494, 0.8414757), (0.8179531, 0.8415953), (0.82281774, 0.84177554), (0.8222472, 0.8418131), (0.8225416, 0.8421149), (0.817162, 0.8415711), (0.8174914, 0.841162), (0.8171232, 0.84120077), (0.8168502, 0.8412765), (0.817162, 0.8415711), (0.8171232, 0.84120077), (0.82198155, 0.8427457), (0.8225416, 0.8421149), (0.8222472, 0.8418131), (0.8157478, 0.84120166), (0.81535286, 0.84135413), (0.8157238, 0.8414929), (0.81489694, 0.8410419), (0.81497264, 0.84138596), (0.81535286, 0.84135413), (0.8213391, 0.8415366), (0.82098985, 0.84171087), (0.82136613, 0.84191394), (0.82098985, 0.84171087), (0.8205565, 0.8416836), (0.8207549, 0.8419676), (0.8195944, 0.8416786), (0.8199005, 0.8417982), (0.8198357, 0.841306), (0.81928635, 0.8415121), (0.8193704, 0.8418975), (0.8195944, 0.8416786), (0.817162, 0.8415711), (0.81749463, 0.8417158), (0.8174914, 0.841162), (0.8159921, 0.84136444), (0.8162723, 0.8414874), (0.81619847, 0.84118956), (0.81489694, 0.8410419), (0.8146744, 0.84116703), (0.81497264, 0.84138596), (0.8138694, 0.8410147), (0.8139765, 0.841261), (0.8141997, 0.8410968), (0.81862664, 0.8413825), (0.8182399, 0.84185606), (0.8188666, 0.84152657), (0.8179531, 0.8415953), (0.8182399, 0.84185606), (0.8181989, 0.84143674), (0.81666756, 0.8415621), (0.817162, 0.8415711), (0.8168502, 0.8412765), (0.81535286, 0.84135413), (0.8153149, 0.8415895), (0.8157238, 0.8414929), (0.81497264, 0.84138596), (0.8153149, 0.8415895), (0.81535286, 0.84135413), (0.81446433, 0.84131604), (0.81497264, 0.84138596), (0.8146744, 0.84116703), (0.8141997, 0.8410968), (0.8139765, 0.841261), (0.814183, 0.8414869), (0.82281774, 0.84177554), (0.8225416, 0.8421149), (0.8227827, 0.8425518), (0.82098985, 0.84171087), (0.82093024, 0.84215564), (0.82136613, 0.84191394), (0.8199005, 0.8417982), (0.82028264, 0.84195906), (0.8201982, 0.84169495), (0.8195944, 0.8416786), (0.8198338, 0.8419683), (0.8199005, 0.8417982), (0.8157238, 0.8414929), (0.81604624, 0.841639), (0.8159921, 0.84136444), (0.82170784, 0.8417882), (0.8215449, 0.84225094), (0.8219025, 0.84211594), (0.8193704, 0.8418975), (0.8198338, 0.8419683), (0.8195944, 0.8416786), (0.817162, 0.8415711), (0.8169451, 0.84193623), (0.8172324, 0.8422453), (0.81666756, 0.8415621), (0.8169451, 0.84193623), (0.817162, 0.8415711), (0.8169451, 0.84193623), (0.8165182, 0.8420193), (0.8168825, 0.842315), (0.81497264, 0.84138596), (0.81509364, 0.8417001), (0.8153149, 0.8415895), (0.81497264, 0.84138596), (0.8147646, 0.8417197), (0.81509364, 0.8417001), (0.814183, 0.8414869), (0.8144941, 0.8415453), (0.81446433, 0.84131604), (0.8139765, 0.841261), (0.8137046, 0.8415701), (0.81432486, 0.8417315), (0.82028264, 0.84195906), (0.82043695, 0.84222615), (0.8205565, 0.8416836), (0.8207549, 0.8419676), (0.82093024, 0.84215564), (0.82098985, 0.84171087), (0.8193704, 0.8418975), (0.81950426, 0.8421341), (0.8198338, 0.8419683), (0.8190649, 0.84178865), (0.81907547, 0.8422087), (0.8193704, 0.8418975), (0.8190649, 0.84178865), (0.81886226, 0.84192365), (0.81907547, 0.8422087), (0.81666756, 0.8415621), (0.8162723, 0.8414874), (0.8165182, 0.8420193), (0.81604624, 0.841639), (0.81622386, 0.841954), (0.8162723, 0.8414874), (0.81544423, 0.8418027), (0.81587005, 0.84188545), (0.8157238, 0.8414929), (0.8157238, 0.8414929), (0.8153149, 0.8415895), (0.81544423, 0.8418027), (0.81509364, 0.8417001), (0.81544423, 0.8418027), (0.8153149, 0.8415895), (0.8219025, 0.84211594), (0.8215449, 0.84225094), (0.82198155, 0.8427457), (0.8178493, 0.84194326), (0.8181192, 0.8422719), (0.8182399, 0.84185606), (0.8198338, 0.8419683), (0.81950426, 0.8421341), (0.8196845, 0.8422908), (0.8172324, 0.8422453), (0.81749547, 0.84222776), (0.81749463, 0.8417158), (0.81749463, 0.8417158), (0.81770164, 0.84215915), (0.8178493, 0.84194326), (0.81749463, 0.8417158), (0.81749547, 0.84222776), (0.81770164, 0.84215915), (0.8162723, 0.8414874), (0.81622386, 0.841954), (0.8165182, 0.8420193), (0.81324863, 0.84105206), (0.8132297, 0.84181213), (0.81354177, 0.84130627), (0.8225416, 0.8421149), (0.82198155, 0.8427457), (0.8227827, 0.8425518), (0.8196845, 0.8422908), (0.8201671, 0.8421768), (0.8198338, 0.8419683), (0.81907547, 0.8422087), (0.81950426, 0.8421341), (0.8193704, 0.8418975), (0.8137046, 0.8415701), (0.8132297, 0.84181213), (0.8135654, 0.84190726), (0.81907547, 0.8422087), (0.81924725, 0.8424083), (0.81950426, 0.8421341), (0.81544423, 0.8418027), (0.814963, 0.8420537), (0.8154734, 0.84211516), (0.81509364, 0.8417001), (0.814963, 0.8420537), (0.81544423, 0.8418027), (0.8137046, 0.8415701), (0.8141359, 0.8420788), (0.81432486, 0.8417315), (0.8142284, 0.84263366), (0.8145318, 0.84228975), (0.82198155, 0.8427457), (0.8221421, 0.84307206), (0.8227827, 0.8425518), (0.82093024, 0.84215564), (0.8206847, 0.84233916), (0.8209082, 0.8425576), (0.81950426, 0.8421341), (0.81924725, 0.8424083), (0.81940436, 0.8424782), (0.8215097, 0.8424999), (0.8215623, 0.84278554), (0.82198155, 0.8427457), (0.81855214, 0.84215385), (0.818491, 0.84242105), (0.81877095, 0.84254074), (0.8165182, 0.8420193), (0.8165792, 0.8422912), (0.8168825, 0.842315), (0.8165182, 0.8420193), (0.8161222, 0.8423934), (0.8165792, 0.8422912), (0.8207399, 0.84282714), (0.8211733, 0.84279245), (0.8209082, 0.8425576), (0.8209082, 0.8425576), (0.8211733, 0.84279245), (0.8212097, 0.8424246), (0.8196845, 0.8422908), (0.8197126, 0.8428004), (0.8198639, 0.8424655), (0.81940436, 0.8424782), (0.8197126, 0.8428004), (0.8196845, 0.8422908), (0.81924725, 0.8424083), (0.8190614, 0.8426218), (0.81940436, 0.8424782), (0.818491, 0.84242105), (0.81852084, 0.8427657), (0.81877095, 0.84254074), (0.8177905, 0.84245145), (0.81791556, 0.84265316), (0.8181192, 0.8422719), (0.8159147, 0.8421825), (0.8161222, 0.8423934), (0.81622386, 0.841954), (0.8154734, 0.84211516), (0.8157034, 0.8422413), (0.81587005, 0.84188545), (0.8132297, 0.84181213), (0.8132259, 0.8424112), (0.8135654, 0.84190726), (0.82019967, 0.84243816), (0.8198639, 0.8424655), (0.8201126, 0.84280515), (0.81940436, 0.8424782), (0.8190614, 0.8426218), (0.81933975, 0.84280527), (0.8168825, 0.842315), (0.81721663, 0.84254086), (0.8172324, 0.8422453), (0.8141359, 0.8420788), (0.8145318, 0.84228975), (0.8144939, 0.84207225), (0.8201126, 0.84280515), (0.82040596, 0.84281015), (0.82047874, 0.8425164), (0.8198639, 0.8424655), (0.8197126, 0.8428004), (0.8201126, 0.84280515), (0.8165792, 0.8422912), (0.81670904, 0.8426507), (0.8168825, 0.842315), (0.8141359, 0.8420788), (0.81391877, 0.8423052), (0.8142284, 0.84263366), (0.81852084, 0.8427657), (0.8188722, 0.8428663), (0.81877095, 0.84254074), (0.8165792, 0.8422912), (0.8163965, 0.84250486), (0.81670904, 0.8426507), (0.81749547, 0.84222776), (0.81721663, 0.84254086), (0.8176216, 0.84283864), (0.8168825, 0.842315), (0.8170055, 0.84273654), (0.81721663, 0.84254086), (0.8154222, 0.8425366), (0.8157034, 0.8422413), (0.8154734, 0.84211516), (0.814963, 0.8420537), (0.8154222, 0.8425366), (0.8154734, 0.84211516), (0.8227827, 0.8425518), (0.8221421, 0.84307206), (0.82192814, 0.8435857), (0.8211733, 0.84279245), (0.8210492, 0.84315455), (0.8214526, 0.84305257), (0.8207937, 0.843086), (0.8210492, 0.84315455), (0.8211733, 0.84279245), (0.814963, 0.8420537), (0.8148041, 0.8423586), (0.8154222, 0.8425366), (0.8145318, 0.84228975), (0.8146485, 0.8426682), (0.8148041, 0.8423586), (0.8142284, 0.84263366), (0.8144049, 0.84278005), (0.8145318, 0.84228975), (0.8214526, 0.84305257), (0.82157594, 0.8432543), (0.8218906, 0.84305644), (0.8170055, 0.84273654), (0.8173678, 0.84296376), (0.8176216, 0.84283864), (0.82040596, 0.84281015), (0.8204244, 0.84309113), (0.8207399, 0.84282714), (0.82040596, 0.84281015), (0.8201126, 0.84280515), (0.8204244, 0.84309113), (0.81955934, 0.8429729), (0.8198285, 0.8430722), (0.8197126, 0.8428004), (0.8163965, 0.84250486), (0.81625384, 0.8427529), (0.8164587, 0.8427688), (0.8161222, 0.8423934), (0.8158787, 0.8425087), (0.81625384, 0.8427529), (0.82157594, 0.8432543), (0.82192814, 0.8435857), (0.8218906, 0.84305644), (0.8154222, 0.8425366), (0.81496006, 0.84281015), (0.81518763, 0.84283024), (0.8148041, 0.8423586), (0.8146485, 0.8426682), (0.81496006, 0.84281015), (0.8144049, 0.84278005), (0.8146485, 0.8426682), (0.8145318, 0.84228975), (0.8210492, 0.84315455), (0.82157594, 0.8432543), (0.8214526, 0.84305257), (0.8201126, 0.84280515), (0.82017994, 0.84322643), (0.8204244, 0.84309113), (0.8201126, 0.84280515), (0.8198285, 0.8430722), (0.82017994, 0.84322643), (0.8188722, 0.8428663), (0.81917214, 0.84312177), (0.81933975, 0.84280527), (0.8173678, 0.84296376), (0.8175712, 0.8432462), (0.8176216, 0.84283864), (0.8170055, 0.84273654), (0.81670904, 0.8426507), (0.8167268, 0.8430196), (0.8154222, 0.8425366), (0.8154036, 0.8429163), (0.815735, 0.84275013), (0.8209515, 0.843516), (0.8212782, 0.8434218), (0.8210492, 0.84315455), (0.81391877, 0.8423052), (0.81400156, 0.8427209), (0.8142284, 0.84263366), (0.81391877, 0.8423052), (0.81364715, 0.8427297), (0.81400156, 0.8427209), (0.8210492, 0.84315455), (0.8212782, 0.8434218), (0.82157594, 0.8432543), (0.8207937, 0.843086), (0.8209515, 0.843516), (0.8210492, 0.84315455), (0.8207937, 0.843086), (0.8206906, 0.843385), (0.8209515, 0.843516), (0.8181383, 0.84309506), (0.8184499, 0.8432286), (0.81862926, 0.84302807), (0.8170055, 0.84273654), (0.8167268, 0.8430196), (0.81721926, 0.8431789), (0.81670904, 0.8426507), (0.8164587, 0.8427688), (0.8167268, 0.8430196), (0.815735, 0.84275013), (0.8158795, 0.8428452), (0.8158787, 0.8425087), (0.81496006, 0.84281015), (0.8146485, 0.8426682), (0.8147642, 0.84290695), (0.82157594, 0.8432543), (0.8214203, 0.8437333), (0.82192814, 0.8435857), (0.8206906, 0.843385), (0.8204244, 0.84309113), (0.82064915, 0.8437588), (0.82017994, 0.84322643), (0.8198285, 0.8430722), (0.82003343, 0.8433806), (0.8179908, 0.84331656), (0.8181383, 0.84309506), (0.8176216, 0.84283864), (0.81873935, 0.8433572), (0.81917214, 0.84312177), (0.8188722, 0.8428663), (0.82017994, 0.84322643), (0.82003343, 0.8433806), (0.82064915, 0.8437588), (0.8179908, 0.84331656), (0.81830364, 0.8433837), (0.8181383, 0.84309506), (0.81400156, 0.8427209), (0.81364715, 0.8427297), (0.81381536, 0.84310144), (0.81364715, 0.8427297), (0.8131225, 0.8428849), (0.81353176, 0.8431115), (0.822556, 0.8442258), (0.8226768, 0.8453461), (0.8227827, 0.8425518), (0.82192814, 0.8435857), (0.8221361, 0.8441905), (0.822556, 0.8442258), (0.81912726, 0.84345746), (0.8195566, 0.8436276), (0.8193908, 0.8432202), (0.81873935, 0.8433572), (0.81912726, 0.84345746), (0.81917214, 0.84312177), (0.81721926, 0.8431789), (0.8175712, 0.8432462), (0.8173678, 0.84296376), (0.8174094, 0.8434646), (0.8175712, 0.8432462), (0.81721926, 0.8431789), (0.8163615, 0.8430966), (0.81658316, 0.8432897), (0.8167268, 0.8430196), (0.8158795, 0.8428452), (0.81572634, 0.84305835), (0.8160164, 0.84288055), (0.8154036, 0.8429163), (0.81572634, 0.84305835), (0.815735, 0.84275013), (0.81496006, 0.84281015), (0.815002, 0.84328395), (0.81518763, 0.84283024), (0.8147642, 0.84290695), (0.815002, 0.84328395), (0.81496006, 0.84281015), (0.8144049, 0.84278005), (0.8145783, 0.84320235), (0.8147642, 0.84290695), (0.8196845, 0.8433455), (0.8195566, 0.8436276), (0.81986237, 0.84374166), (0.81873935, 0.8433572), (0.81830364, 0.8433837), (0.8184073, 0.84364957), (0.8179908, 0.84331656), (0.81797147, 0.84360135), (0.81830364, 0.8433837), (0.8160164, 0.84288055), (0.8160368, 0.84322107), (0.8163615, 0.8430966), (0.81572634, 0.84305835), (0.8160368, 0.84322107), (0.8160164, 0.84288055), (0.81572634, 0.84305835), (0.8154036, 0.8429163), (0.81545854, 0.84335905), (0.815002, 0.84328395), (0.8154036, 0.8429163), (0.81518763, 0.84283024), (0.81572634, 0.84305835), (0.81545854, 0.84335905), (0.8156793, 0.8432593), (0.82013595, 0.843677), (0.81986237, 0.84374166), (0.8201146, 0.8439671), (0.8184073, 0.84364957), (0.8186209, 0.84391814), (0.81887007, 0.8436111), (0.81912726, 0.84345746), (0.81887007, 0.8436111), (0.81908, 0.84398687), (0.81879324, 0.84425396), (0.8190201, 0.8442488), (0.8175712, 0.8432462), (0.8175552, 0.8438802), (0.81797147, 0.84360135), (0.817013, 0.8433583), (0.81658316, 0.8432897), (0.8168441, 0.8436934), (0.8160368, 0.84322107), (0.8162435, 0.8434279), (0.8163615, 0.8430966), (0.8131225, 0.8428849), (0.8131443, 0.8433018), (0.81353176, 0.8431115), (0.8217877, 0.8440709), (0.8221361, 0.8441905), (0.82192814, 0.8435857), (0.8210759, 0.8439706), (0.82125723, 0.84414506), (0.8214203, 0.8437333), (0.82064915, 0.8437588), (0.8205519, 0.8440733), (0.8210759, 0.8439706), (0.81797147, 0.84360135), (0.8186209, 0.84391814), (0.8184073, 0.84364957), (0.817013, 0.8433583), (0.8168441, 0.8436934), (0.81721693, 0.84363174), (0.81425893, 0.843291), (0.8146972, 0.8436697), (0.8145783, 0.84320235), (0.81381536, 0.84310144), (0.8137071, 0.8435107), (0.81425893, 0.843291), (0.81797147, 0.84360135), (0.8175552, 0.8438802), (0.8179098, 0.84399825), (0.8174094, 0.8434646), (0.81721693, 0.84363174), (0.8175552, 0.8438802), (0.81658316, 0.8432897), (0.81646955, 0.8435198), (0.8168441, 0.8436934), (0.82125723, 0.84414506), (0.8214626, 0.84445184), (0.8217877, 0.8440709), (0.81908, 0.84398687), (0.81949306, 0.84400105), (0.8195566, 0.8436276), (0.815002, 0.84328395), (0.8150238, 0.8437468), (0.8153025, 0.8435141), (0.8146972, 0.8436697), (0.8150238, 0.8437468), (0.815002, 0.84328395), (0.8131443, 0.8433018), (0.81264853, 0.843123), (0.8131199, 0.84399617), (0.8186209, 0.84391814), (0.81879324, 0.84425396), (0.81908, 0.84398687), (0.81721693, 0.84363174), (0.81718534, 0.8438743), (0.8175552, 0.8438802), (0.81721693, 0.84363174), (0.8168441, 0.8436934), (0.81718534, 0.8438743), (0.8137071, 0.8435107), (0.81410325, 0.84394974), (0.81425893, 0.843291), (0.8210759, 0.8439706), (0.8205519, 0.8440733), (0.8209537, 0.8444311), (0.8197269, 0.8440621), (0.82026297, 0.84428054), (0.8201146, 0.8439671), (0.8185437, 0.8441534), (0.81879324, 0.84425396), (0.8186209, 0.84391814), (0.8186209, 0.84391814), (0.8179098, 0.84399825), (0.8185437, 0.8441534), (0.8137071, 0.8435107), (0.8131199, 0.84399617), (0.8134421, 0.8437683), (0.8209537, 0.8444311), (0.8214626, 0.84445184), (0.82125723, 0.84414506), (0.8197269, 0.8440621), (0.81989163, 0.84437436), (0.82026297, 0.84428054), (0.81908, 0.84398687), (0.8195338, 0.8442901), (0.81949306, 0.84400105), (0.816396, 0.8437896), (0.8161236, 0.8435962), (0.8159874, 0.84397995), (0.8168441, 0.8436934), (0.81712043, 0.8441937), (0.81718534, 0.8438743), (0.8150238, 0.8437468), (0.8155165, 0.84385896), (0.8153025, 0.8435141), (0.8185437, 0.8441534), (0.8179945, 0.84433603), (0.818285, 0.8443794), (0.8179098, 0.84399825), (0.8179945, 0.84433603), (0.8185437, 0.8441534), (0.8137071, 0.8435107), (0.8137255, 0.84392786), (0.81410325, 0.84394974), (0.82026297, 0.84428054), (0.82055914, 0.8445801), (0.8205519, 0.8440733), (0.8190201, 0.8442488), (0.81940997, 0.8445132), (0.8195338, 0.8442901), (0.81879324, 0.84425396), (0.81899726, 0.84458095), (0.8190201, 0.8442488), (0.8150238, 0.8437468), (0.8152114, 0.8443741), (0.8155165, 0.84385896), (0.8166013, 0.8441613), (0.81712043, 0.8441937), (0.8168441, 0.8436934), (0.816396, 0.8437896), (0.8162253, 0.84415555), (0.8166013, 0.8441613), (0.8159874, 0.84397995), (0.8162253, 0.84415555), (0.816396, 0.8437896), (0.8141994, 0.8443326), (0.8145421, 0.84412503), (0.81447375, 0.8438562), (0.81491613, 0.84395844), (0.81447375, 0.8438562), (0.814764, 0.8442012), (0.81410325, 0.84394974), (0.8141994, 0.8443326), (0.81447375, 0.8438562), (0.8137255, 0.84392786), (0.8134421, 0.8437683), (0.81343126, 0.8440885), (0.8213986, 0.8448701), (0.8214626, 0.84445184), (0.821246, 0.84459686), (0.82021105, 0.84477955), (0.82055914, 0.8445801), (0.82026297, 0.84428054), (0.818285, 0.8443794), (0.8184885, 0.84463674), (0.8185437, 0.8441534), (0.81771404, 0.8444003), (0.8177794, 0.84461325), (0.8179945, 0.84433603), (0.8166013, 0.8441613), (0.81684196, 0.84444994), (0.81712043, 0.8441937), (0.81491613, 0.84395844), (0.8152114, 0.8443741), (0.8150238, 0.8437468), (0.8137255, 0.84392786), (0.81385654, 0.84425426), (0.81410325, 0.84394974), (0.821246, 0.84459686), (0.8209779, 0.8448058), (0.8213986, 0.8448701), (0.81812286, 0.84471107), (0.8184885, 0.84463674), (0.818285, 0.8443794), (0.81736887, 0.8446236), (0.8177794, 0.84461325), (0.81771404, 0.8444003), (0.8174389, 0.8442279), (0.81712043, 0.8441937), (0.81736887, 0.8446236), (0.81712043, 0.8441937), (0.81684196, 0.84444994), (0.81736887, 0.8446236), (0.8159874, 0.84397995), (0.8161657, 0.84448093), (0.8162253, 0.84415555), (0.8152114, 0.8443741), (0.81547207, 0.84461087), (0.8156377, 0.8441477), (0.81410325, 0.84394974), (0.81385654, 0.84425426), (0.8141994, 0.8443326), (0.81343126, 0.8440885), (0.81385654, 0.84425426), (0.8137255, 0.84392786), (0.8206693, 0.84479487), (0.82021105, 0.84477955), (0.8203242, 0.8450987), (0.8187061, 0.8445498), (0.8184885, 0.84463674), (0.81884754, 0.8448758), (0.8141994, 0.8443326), (0.8144704, 0.8445127), (0.8145421, 0.84412503), (0.8203242, 0.8450987), (0.8207183, 0.84506845), (0.8206693, 0.84479487), (0.8184885, 0.84463674), (0.81812286, 0.84471107), (0.81844854, 0.8449395), (0.81684196, 0.84444994), (0.8168879, 0.8447989), (0.81736887, 0.8446236), (0.82124174, 0.84498703), (0.82161814, 0.8452523), (0.8213986, 0.8448701), (0.82179976, 0.8448261), (0.82195556, 0.8452548), (0.82211804, 0.84470236), (0.8213986, 0.8448701), (0.82161814, 0.8452523), (0.82179976, 0.8448261), (0.81736887, 0.8446236), (0.81797206, 0.8449094), (0.8177794, 0.84461325), (0.8157981, 0.8445392), (0.81612, 0.8446842), (0.8161657, 0.84448093), (0.8148491, 0.844492), (0.8150356, 0.8447218), (0.8152114, 0.8443741), (0.81976444, 0.84479713), (0.8195741, 0.84541273), (0.81998605, 0.8452996), (0.8141994, 0.8443326), (0.81385654, 0.84425426), (0.8138793, 0.84458995), (0.82179976, 0.8448261), (0.82161814, 0.8452523), (0.82195556, 0.8452548), (0.81976444, 0.84479713), (0.819566, 0.8450673), (0.8195741, 0.84541273), (0.8191066, 0.84487855), (0.8191345, 0.8451587), (0.8193272, 0.8448856), (0.81736887, 0.8446236), (0.8168879, 0.8447989), (0.8172219, 0.8450935), (0.81328857, 0.8443918), (0.8134635, 0.8446885), (0.81385654, 0.84425426), (0.81612, 0.8446842), (0.81593895, 0.84481174), (0.81634855, 0.8450918), (0.8144704, 0.8445127), (0.8147465, 0.8448126), (0.8148491, 0.844492), (0.82161814, 0.8452523), (0.821814, 0.8455368), (0.82195556, 0.8452548), (0.8207183, 0.84506845), (0.82051486, 0.84533584), (0.82087433, 0.8454176), (0.81801146, 0.84543496), (0.8182893, 0.84515595), (0.81797206, 0.8449094), (0.8207183, 0.84506845), (0.8203242, 0.8450987), (0.82051486, 0.84533584), (0.81797206, 0.8449094), (0.8177532, 0.84521043), (0.81801146, 0.84543496), (0.81654453, 0.8447138), (0.8165792, 0.8452063), (0.8168879, 0.8447989), (0.8144704, 0.8445127), (0.8141474, 0.84488535), (0.8147465, 0.8448126), (0.8138793, 0.84458995), (0.8141474, 0.84488535), (0.8144704, 0.8445127), (0.82195556, 0.8452548), (0.821814, 0.8455368), (0.82224196, 0.8451736), (0.8214558, 0.84560925), (0.821814, 0.8455368), (0.82161814, 0.8452523), (0.8165792, 0.8452063), (0.81692445, 0.8451535), (0.8168879, 0.8447989), (0.8191345, 0.8451587), (0.818722, 0.8453301), (0.81916517, 0.84549224), (0.81593895, 0.84481174), (0.8156407, 0.8449931), (0.8160924, 0.84512067), (0.8152782, 0.84517455), (0.81547207, 0.84461087), (0.8151356, 0.8449312), (0.82087433, 0.8454176), (0.8214558, 0.84560925), (0.8213428, 0.8453944), (0.82051486, 0.84533584), (0.8202195, 0.8455024), (0.82042676, 0.8457931), (0.8195741, 0.84541273), (0.8195595, 0.84577626), (0.81986415, 0.8457197), (0.818722, 0.8453301), (0.81874806, 0.84565234), (0.81916517, 0.84549224), (0.8165792, 0.8452063), (0.81681436, 0.8453389), (0.81692445, 0.8451535), (0.8141474, 0.84488535), (0.8145506, 0.8450942), (0.8147465, 0.8448126), (0.8137468, 0.84507525), (0.81388146, 0.8453752), (0.8214558, 0.84560925), (0.82087433, 0.8454176), (0.8211545, 0.8457806), (0.8206489, 0.84561783), (0.8209121, 0.84571314), (0.82087433, 0.8454176), (0.8177532, 0.84521043), (0.81760013, 0.8455506), (0.81801146, 0.84543496), (0.8177532, 0.84521043), (0.8172147, 0.8453692), (0.81760013, 0.8455506), (0.8160924, 0.84512067), (0.8161355, 0.845332), (0.81634855, 0.8450918), (0.8151356, 0.8449312), (0.81496155, 0.8452302), (0.8152782, 0.84517455), (0.8147465, 0.8448126), (0.8145506, 0.8450942), (0.81496155, 0.8452302), (0.81304216, 0.8447009), (0.8131961, 0.8451017), (0.81346756, 0.84511995), (0.81986415, 0.8457197), (0.8201257, 0.84584963), (0.8202195, 0.8455024), (0.81916517, 0.84549224), (0.81931585, 0.8457366), (0.8195741, 0.84541273), (0.81681436, 0.8453389), (0.8169842, 0.84563804), (0.8172147, 0.8453692), (0.8160924, 0.84512067), (0.8157899, 0.8455781), (0.8161355, 0.845332), (0.81346756, 0.84511995), (0.8137468, 0.84507525), (0.8136448, 0.8448049), (0.81760013, 0.8455506), (0.8176225, 0.8458641), (0.81801146, 0.84543496), (0.8169842, 0.84563804), (0.81728506, 0.84573054), (0.8172147, 0.8453692), (0.8165792, 0.8452063), (0.8163084, 0.84551793), (0.8165285, 0.84572875), (0.8209121, 0.84571314), (0.82090306, 0.8460397), (0.8211545, 0.8457806), (0.81874806, 0.84565234), (0.8189795, 0.84595144), (0.81916517, 0.84549224), (0.8152782, 0.84517455), (0.81496155, 0.8452302), (0.8153873, 0.84555817), (0.81346756, 0.84511995), (0.81388146, 0.8453752), (0.8137468, 0.84507525), (0.8226768, 0.8453461), (0.822007, 0.8459531), (0.8222484, 0.84653145), (0.8214558, 0.84560925), (0.82151747, 0.8462588), (0.8217535, 0.84583586), (0.8214558, 0.84560925), (0.8211545, 0.8457806), (0.82151747, 0.8462588), (0.82042676, 0.8457931), (0.8205396, 0.84608495), (0.8206489, 0.84561783), (0.81728506, 0.84573054), (0.8176225, 0.8458641), (0.81760013, 0.8455506), (0.8153873, 0.84555817), (0.8157899, 0.8455781), (0.8156456, 0.8453014), (0.8142884, 0.8452091), (0.8143671, 0.84557086), (0.8146816, 0.84535253), (0.81346756, 0.84511995), (0.81338423, 0.8455092), (0.81388146, 0.8453752), (0.82111764, 0.84638906), (0.8211545, 0.8457806), (0.82090306, 0.8460397), (0.8201257, 0.84584963), (0.82024074, 0.84631085), (0.82042676, 0.8457931), (0.8195595, 0.84577626), (0.81947875, 0.8460142), (0.81986415, 0.8457197), (0.81916517, 0.84549224), (0.8189795, 0.84595144), (0.81931585, 0.8457366), (0.8160532, 0.8457972), (0.8163084, 0.84551793), (0.8157899, 0.8455781), (0.81496155, 0.8452302), (0.8146816, 0.84535253), (0.8150408, 0.84573805), (0.8143671, 0.84557086), (0.81466365, 0.8456581), (0.8146816, 0.84535253), (0.81388146, 0.8453752), (0.81338423, 0.8455092), (0.81372, 0.8456106), (0.82024074, 0.84631085), (0.8205396, 0.84608495), (0.82042676, 0.8457931), (0.81728506, 0.84573054), (0.81706524, 0.84597677), (0.81743777, 0.84605527), (0.8169842, 0.84563804), (0.81706524, 0.84597677), (0.81728506, 0.84573054), (0.8146816, 0.84535253), (0.81466365, 0.8456581), (0.8150408, 0.84573805), (0.82278335, 0.8462211), (0.8222484, 0.84653145), (0.8219464, 0.8473841), (0.82090306, 0.8460397), (0.8207171, 0.8462454), (0.82111764, 0.84638906), (0.8194555, 0.8462668), (0.81998795, 0.84615874), (0.81947875, 0.8460142), (0.8187366, 0.8462193), (0.81897485, 0.8462994), (0.8189795, 0.84595144), (0.81947875, 0.8460142), (0.8189795, 0.84595144), (0.8194555, 0.8462668), (0.81388146, 0.8453752), (0.8141016, 0.8456856), (0.8140794, 0.8453656), (0.81250095, 0.841102), (0.8123874, 0.84575826), (0.8123981, 0.844192), (0.82024074, 0.84631085), (0.8207171, 0.8462454), (0.8205396, 0.84608495), (0.8189795, 0.84595144), (0.81897485, 0.8462994), (0.8191517, 0.846454), (0.81706524, 0.84597677), (0.8170588, 0.84621906), (0.8172296, 0.8462751), (0.8143671, 0.84557086), (0.81417704, 0.8458816), (0.81439257, 0.8459418), (0.8143671, 0.84557086), (0.8141016, 0.8456856), (0.81417704, 0.8458816), (0.8196635, 0.8464271), (0.81998795, 0.84615874), (0.8194555, 0.8462668), (0.8150408, 0.84573805), (0.81464624, 0.84593934), (0.8150713, 0.84598714), (0.81743777, 0.84605527), (0.81793743, 0.8464935), (0.81823224, 0.8461708), (0.81372, 0.8456106), (0.8140042, 0.8461075), (0.8141016, 0.8456856), (0.8187366, 0.8462193), (0.8184581, 0.8462353), (0.81862915, 0.84655476), (0.82111764, 0.84638906), (0.8206602, 0.8464793), (0.8209257, 0.84688574), (0.82024074, 0.84631085), (0.82057667, 0.8466695), (0.8206602, 0.8464793), (0.82021, 0.8468244), (0.82057667, 0.8466695), (0.82024074, 0.84631085), (0.8191517, 0.846454), (0.8194984, 0.8466316), (0.8194555, 0.8462668), (0.8187366, 0.8462193), (0.81862915, 0.84655476), (0.81897485, 0.8462994), (0.8166674, 0.84605664), (0.81639165, 0.8462701), (0.8167983, 0.84629315), (0.8157979, 0.8462112), (0.8159578, 0.846382), (0.81639165, 0.8462701), (0.8206602, 0.8464793), (0.82057667, 0.8466695), (0.8209257, 0.84688574), (0.82024074, 0.84631085), (0.82000226, 0.8466216), (0.82021, 0.8468244), (0.81862915, 0.84655476), (0.8191517, 0.846454), (0.81897485, 0.8462994), (0.81823224, 0.8461708), (0.81793743, 0.8464935), (0.81862915, 0.84655476), (0.81464624, 0.84593934), (0.8144008, 0.846365), (0.8147869, 0.8462695), (0.81439257, 0.8459418), (0.8144008, 0.846365), (0.81464624, 0.84593934), (0.81417704, 0.8458816), (0.8140042, 0.8461075), (0.8144008, 0.846365), (0.8134914, 0.84595037), (0.8139249, 0.8463584), (0.8140042, 0.8461075), (0.8170588, 0.84621906), (0.8169209, 0.8465486), (0.8172296, 0.8462751), (0.8150713, 0.84598714), (0.81520844, 0.84643286), (0.8155638, 0.8464921), (0.8191517, 0.846454), (0.81862915, 0.84655476), (0.8190938, 0.8468394), (0.81862915, 0.84655476), (0.81793743, 0.8464935), (0.81844944, 0.84685117), (0.81639165, 0.8462701), (0.8169209, 0.8465486), (0.8167983, 0.84629315), (0.81639165, 0.8462701), (0.8159578, 0.846382), (0.8160953, 0.8466873), (0.8150713, 0.84598714), (0.8147869, 0.8462695), (0.81520844, 0.84643286), (0.82000226, 0.8466216), (0.81966436, 0.84723765), (0.82021, 0.8468244), (0.8217168, 0.846658), (0.82148254, 0.8472395), (0.8219464, 0.8473841), (0.82021, 0.8468244), (0.82049066, 0.8470303), (0.82057667, 0.8466695), (0.81793743, 0.8464935), (0.81782234, 0.8468619), (0.81844944, 0.84685117), (0.816299, 0.8466559), (0.8166676, 0.8468435), (0.81639165, 0.8462701), (0.8134914, 0.84595037), (0.8135462, 0.8466172), (0.8139249, 0.8463584), (0.81862915, 0.84655476), (0.8188149, 0.8470526), (0.8190938, 0.8468394), (0.81862915, 0.84655476), (0.81844944, 0.84685117), (0.8188149, 0.8470526), (0.8175322, 0.84645844), (0.8173176, 0.84689456), (0.81755507, 0.84708023), (0.8169209, 0.8465486), (0.81690204, 0.8467239), (0.8173176, 0.84689456), (0.8147869, 0.8462695), (0.8151942, 0.8468331), (0.81520844, 0.84643286), (0.82049066, 0.8470303), (0.82083815, 0.8472611), (0.8209257, 0.84688574), (0.82021, 0.8468244), (0.81966436, 0.84723765), (0.82001543, 0.84721065), (0.81782234, 0.8468619), (0.8181125, 0.8471724), (0.81844944, 0.84685117), (0.8209257, 0.84688574), (0.82083815, 0.8472611), (0.8212222, 0.847548), (0.81782234, 0.8468619), (0.8177508, 0.8472819), (0.8181125, 0.8471724), (0.8188149, 0.8470526), (0.8191487, 0.84722006), (0.8190938, 0.8468394), (0.816299, 0.8466559), (0.8160953, 0.8466873), (0.81641704, 0.8471415), (0.8125558, 0.8466053), (0.8135462, 0.8466172), (0.81308955, 0.8458407), (0.81709915, 0.84700346), (0.81720614, 0.8472941), (0.8173176, 0.84689456), (0.8160953, 0.8466873), (0.816049, 0.8470505), (0.81641704, 0.8471415), (0.8155638, 0.8464921), (0.81549346, 0.847224), (0.8159578, 0.846382), (0.8155638, 0.8464921), (0.8151942, 0.8468331), (0.81549346, 0.847224), (0.82148254, 0.8472395), (0.8212222, 0.847548), (0.8219464, 0.8473841), (0.82083815, 0.8472611), (0.82035255, 0.84754944), (0.8212222, 0.847548), (0.82001543, 0.84721065), (0.8198659, 0.8476414), (0.82035255, 0.84754944), (0.81966436, 0.84723765), (0.8198659, 0.8476414), (0.82001543, 0.84721065), (0.81709915, 0.84700346), (0.8166676, 0.8468435), (0.81657326, 0.8475903), (0.81709915, 0.84700346), (0.81657326, 0.8475903), (0.81720614, 0.8472941), (0.8140089, 0.84690154), (0.8148667, 0.8476039), (0.81479955, 0.84701574), (0.81755507, 0.84708023), (0.8179351, 0.8476251), (0.8177508, 0.8472819), (0.81479955, 0.84701574), (0.81549346, 0.847224), (0.8151942, 0.8468331), (0.8161983, 0.8375193), (0.8190154, 0.8376019), (0.81451374, 0.8374702), (0.817823, 0.83867395), (0.8177927, 0.8382064), (0.81745595, 0.8383522), (0.8184563, 0.8389594), (0.8190353, 0.8393525), (0.8189757, 0.8388645), (0.8168757, 0.83874553), (0.81651556, 0.838569), (0.8165168, 0.8390101), (0.81865805, 0.8396263), (0.8187331, 0.8394099), (0.81827813, 0.8391782), (0.81865805, 0.8396263), (0.8189846, 0.8395951), (0.8187331, 0.8394099), (0.8178563, 0.8400449), (0.81791973, 0.83971405), (0.8177279, 0.8396919), (0.81859875, 0.8399259), (0.81909335, 0.840076), (0.81898516, 0.8398247), (0.81811816, 0.8398302), (0.81791973, 0.83971405), (0.8178563, 0.8400449), (0.81722736, 0.84002423), (0.8173932, 0.8397074), (0.81702864, 0.8396752), (0.81450355, 0.839916), (0.81473374, 0.83944035), (0.8143549, 0.83938813), (0.81561756, 0.8398515), (0.81587136, 0.83949685), (0.81543624, 0.8394472), (0.8183153, 0.8400959), (0.81811816, 0.8398302), (0.8179816, 0.84034765), (0.8177279, 0.8396919), (0.81722736, 0.84002423), (0.8170372, 0.8403308), (0.8204839, 0.84058726), (0.8202511, 0.84043634), (0.8201683, 0.84065086), (0.81566596, 0.84091306), (0.8159989, 0.8406961), (0.8157007, 0.84056294), (0.81880933, 0.8411444), (0.8191376, 0.84082735), (0.81889987, 0.840691), (0.8163161, 0.8408461), (0.8159989, 0.8406961), (0.8159032, 0.8410913), (0.8194048, 0.84100246), (0.8195915, 0.8412752), (0.8197084, 0.840824), (0.8198357, 0.841306), (0.820239, 0.84114677), (0.82000446, 0.84083784), (0.8198357, 0.841306), (0.82004094, 0.84147835), (0.8199005, 0.8417982), (0.8201982, 0.84169495), (0.82004094, 0.84147835), (0.8199005, 0.8417982), (0.81749463, 0.8417158), (0.8177494, 0.8414757), (0.8174914, 0.841162), (0.814183, 0.8414869), (0.81446433, 0.84131604), (0.8141997, 0.8410968), (0.82028264, 0.84195906), (0.8205565, 0.8416836), (0.8201982, 0.84169495), (0.8215449, 0.84225094), (0.82170784, 0.8417882), (0.82136613, 0.84191394), (0.8209082, 0.8425576), (0.8212097, 0.8424246), (0.82093024, 0.84215564), (0.82047874, 0.8425164), (0.8206847, 0.84233916), (0.82043695, 0.84222615), (0.81940436, 0.8424782), (0.8196845, 0.8422908), (0.81950426, 0.8421341), (0.8159147, 0.8421825), (0.81622386, 0.841954), (0.81587005, 0.84188545), (0.81809914, 0.84268916), (0.8181192, 0.8422719), (0.81791556, 0.84265316), (0.81749547, 0.84222776), (0.8177905, 0.84245145), (0.81770164, 0.84215915), (0.8188722, 0.8428663), (0.8190614, 0.8426218), (0.81877095, 0.84254074), (0.8176216, 0.84283864), (0.8177905, 0.84245145), (0.81749547, 0.84222776), (0.8158787, 0.8425087), (0.8161222, 0.8423934), (0.8159147, 0.8421825), (0.8204244, 0.84309113), (0.8207937, 0.843086), (0.8207399, 0.84282714), (0.81625384, 0.8427529), (0.8163965, 0.84250486), (0.8161222, 0.8423934), (0.82017994, 0.84322643), (0.82064915, 0.8437588), (0.8204244, 0.84309113), (0.81830364, 0.8433837), (0.8184499, 0.8432286), (0.8181383, 0.84309506), (0.8158795, 0.8428452), (0.815735, 0.84275013), (0.81572634, 0.84305835), (0.815002, 0.84328395), (0.8147642, 0.84290695), (0.8145783, 0.84320235), (0.8146972, 0.8436697), (0.815002, 0.84328395), (0.8145783, 0.84320235), (0.8197269, 0.8440621), (0.8201146, 0.8439671), (0.81986237, 0.84374166), (0.8179098, 0.84399825), (0.8186209, 0.84391814), (0.81797147, 0.84360135), (0.82026297, 0.84428054), (0.8205519, 0.8440733), (0.8201146, 0.8439671), (0.8195338, 0.8442901), (0.8197269, 0.8440621), (0.81949306, 0.84400105), (0.8134421, 0.8437683), (0.8137255, 0.84392786), (0.8137071, 0.8435107), (0.821246, 0.84459686), (0.8214626, 0.84445184), (0.8209537, 0.8444311), (0.8177189, 0.8441652), (0.8179945, 0.84433603), (0.8179098, 0.84399825), (0.8187061, 0.8445498), (0.81879324, 0.84425396), (0.8185437, 0.8441534), (0.8209779, 0.8448058), (0.821246, 0.84459686), (0.8209537, 0.8444311), (0.82055914, 0.8445801), (0.8206693, 0.84479487), (0.8209537, 0.8444311), (0.81940997, 0.8445132), (0.81976444, 0.84479713), (0.81989163, 0.84437436), (0.81884754, 0.8448758), (0.81899726, 0.84458095), (0.8187061, 0.8445498), (0.81884754, 0.8448758), (0.8184885, 0.84463674), (0.81844854, 0.8449395), (0.8157981, 0.8445392), (0.8161657, 0.84448093), (0.8159874, 0.84397995), (0.81385654, 0.84425426), (0.81343126, 0.8440885), (0.81328857, 0.8443918), (0.8177794, 0.84461325), (0.81797206, 0.8449094), (0.81812286, 0.84471107), (0.818722, 0.8453301), (0.81884754, 0.8448758), (0.81844854, 0.8449395), (0.81692445, 0.8451535), (0.8172219, 0.8450935), (0.8168879, 0.8447989), (0.8206489, 0.84561783), (0.82087433, 0.8454176), (0.82051486, 0.84533584), (0.8172219, 0.8450935), (0.8172147, 0.8453692), (0.8177532, 0.84521043), (0.8156456, 0.8453014), (0.8160924, 0.84512067), (0.8156407, 0.8449931), (0.8147465, 0.8448126), (0.81496155, 0.8452302), (0.8150356, 0.8447218), (0.8152782, 0.84517455), (0.8156456, 0.8453014), (0.8156407, 0.8449931), (0.81728506, 0.84573054), (0.81760013, 0.8455506), (0.8172147, 0.8453692), (0.81836283, 0.84574497), (0.8185774, 0.84592295), (0.81874806, 0.84565234), (0.81947875, 0.8460142), (0.8195595, 0.84577626), (0.81931585, 0.8457366), (0.8176225, 0.8458641), (0.81728506, 0.84573054), (0.81743777, 0.84605527), (0.81496155, 0.8452302), (0.8150408, 0.84573805), (0.8153873, 0.84555817), (0.81559974, 0.8460077), (0.8153873, 0.84555817), (0.8150408, 0.84573805), (0.81372, 0.8456106), (0.81338423, 0.8455092), (0.8134914, 0.84595037), (0.8140042, 0.8461075), (0.81417704, 0.8458816), (0.8141016, 0.8456856), (0.8159578, 0.846382), (0.8157979, 0.8462112), (0.8155638, 0.8464921), (0.8177508, 0.8472819), (0.81782234, 0.8468619), (0.81755507, 0.84708023), (0.81916517, 0.84549224), (0.8195741, 0.84541273), (0.819566, 0.8450673), (0.8123874, 0.84575826), (0.8125514, 0.8466059), (0.8125558, 0.8466053), (0.8123874, 0.84575826), (0.8125558, 0.8466053), (0.8123874, 0.84575826), (0.8227437, 0.83841646), (0.8221889, 0.83870214), (0.82245475, 0.83916074), (0.82317746, 0.8397242), (0.8190154, 0.8376019), (0.81946254, 0.8383053), (0.8208379, 0.83766), (0.8188642, 0.83808017), (0.8155643, 0.83833396), (0.81506693, 0.83814377), (0.81487775, 0.83858144), (0.81452966, 0.8382921), (0.8213011, 0.8394862), (0.8215806, 0.83975565), (0.8216898, 0.8392659), (0.8212757, 0.8391048), (0.820933, 0.83937955), (0.8204696, 0.8394018), (0.82060844, 0.8396209), (0.8202472, 0.83958876), (0.81450355, 0.839916), (0.8140059, 0.83944243), (0.81400895, 0.83982897), (0.8143549, 0.83938813), (0.8214164, 0.8410224), (0.8213538, 0.84069407), (0.82105273, 0.8412695), (0.82110447, 0.8408407), (0.8207284, 0.84096646), (0.8208479, 0.8406973), (0.8196845, 0.8422908), (0.8198639, 0.8424655), (0.8201671, 0.8421768), (0.82019967, 0.84243816), (0.81924725, 0.8424083), (0.81907547, 0.8422087), (0.8190614, 0.8426218), (0.81877095, 0.84254074), (0.8142284, 0.84263366), (0.81400156, 0.8427209), (0.81407386, 0.8429998), (0.8144049, 0.84278005), (0.8221361, 0.8441905), (0.82211804, 0.84470236), (0.822556, 0.8442258), (0.82181954, 0.84443295), (0.8191066, 0.84487855), (0.818722, 0.8453301), (0.8191345, 0.8451587), (0.81884754, 0.8448758), (0.81654453, 0.8447138), (0.81612, 0.8446842), (0.81634855, 0.8450918), (0.8165792, 0.8452063), (0.81986415, 0.8457197), (0.81947875, 0.8460142), (0.81998795, 0.84615874), (0.8201257, 0.84584963), (0.81823224, 0.8461708), (0.8176225, 0.8458641), (0.81743777, 0.84605527), (0.81836283, 0.84574497), (0.82111764, 0.84638906), (0.8209257, 0.84688574), (0.82148254, 0.8472395), (0.8212222, 0.847548), (0.8144008, 0.846365), (0.8142458, 0.8466145), (0.8147869, 0.8462695), (0.81479955, 0.84701574), (0.815096, 0.8390561), (0.8151718, 0.8394593), (0.81537265, 0.8391672), (0.81493944, 0.83939075), (0.81702864, 0.8396752), (0.8167907, 0.8398638), (0.81722736, 0.84002423), (0.8170372, 0.8403308), (0.81749463, 0.8417158), (0.8178493, 0.84194326), (0.8177494, 0.8414757), (0.8179531, 0.8415953), (0.8196845, 0.8433455), (0.8198285, 0.8430722), (0.81955934, 0.8429729), (0.8193908, 0.8432202), (0.82026297, 0.84428054), (0.81989163, 0.84437436), (0.82021105, 0.84477955), (0.81976444, 0.84479713), (0.8156407, 0.8449931), (0.81593895, 0.84481174), (0.81547207, 0.84461087), (0.8157981, 0.8445392), (0.8131961, 0.8451017), (0.81338423, 0.8455092), (0.81346756, 0.84511995), (0.8130263, 0.84543663), (0.82151747, 0.8462588), (0.82111764, 0.84638906), (0.8217168, 0.846658), (0.82148254, 0.8472395), (0.82195556, 0.8452548), (0.82224196, 0.8451736), (0.82211804, 0.84470236), (0.822556, 0.8442258), (0.8226768, 0.8453461), (0.822007, 0.8459531), (0.8186303, 0.8384107), (0.8177927, 0.8382064), (0.81826985, 0.8386344), (0.8188642, 0.83808017), (0.81905603, 0.83845824), (0.8221889, 0.83870214), (0.82193255, 0.83883667), (0.82245475, 0.83916074), (0.82207406, 0.83927035), (0.817223, 0.8385222), (0.8168757, 0.83874553), (0.8172805, 0.839065), (0.8167697, 0.83906484), (0.81487775, 0.83858144), (0.8144821, 0.8386984), (0.81468946, 0.83900356), (0.81413895, 0.83901954), (0.8143549, 0.83938813), (0.8194249, 0.8393153), (0.81911826, 0.8391869), (0.8190353, 0.8393525), (0.819381, 0.8396962), (0.82202303, 0.83959424), (0.8215806, 0.83975565), (0.82193035, 0.8399899), (0.8215907, 0.84016454), (0.81827813, 0.8391782), (0.8183408, 0.83957577), (0.81865805, 0.8396263), (0.81859875, 0.8399259), (0.8137823, 0.8391698), (0.8131841, 0.83872473), (0.81277204, 0.83910155), (0.8133118, 0.839666), (0.8184712, 0.8402897), (0.8183153, 0.8400959), (0.8179816, 0.84034765), (0.8182762, 0.8404987), (0.82228684, 0.84019375), (0.8222153, 0.8408), (0.8229803, 0.840703), (0.82258725, 0.8410594), (0.8187987, 0.8403226), (0.81889987, 0.840691), (0.8192392, 0.8404834), (0.8191376, 0.84082735), (0.8187987, 0.8403226), (0.8184712, 0.8402897), (0.81851006, 0.84066314), (0.8182762, 0.8404987), (0.82105273, 0.8412695), (0.8207284, 0.84096646), (0.82065636, 0.84130836), (0.82098985, 0.84171087), (0.81880933, 0.8411444), (0.8183911, 0.8411615), (0.81862664, 0.8413825), (0.818357, 0.8409198), (0.81800574, 0.8412482), (0.81769156, 0.84095323), (0.8174914, 0.841162), (0.8177494, 0.8414757), (0.8168502, 0.8412765), (0.81653655, 0.8410281), (0.8164897, 0.8413633), (0.81666756, 0.8415621), (0.815627, 0.8410648), (0.81535286, 0.84135413), (0.8157478, 0.84120166), (0.8152945, 0.84111714), (0.8157238, 0.8414929), (0.81587005, 0.84188545), (0.81604624, 0.841639), (0.81622386, 0.841954), (0.81855214, 0.84215385), (0.8182399, 0.84185606), (0.8181192, 0.8422719), (0.8188666, 0.84152657), (0.8135654, 0.84190726), (0.8132259, 0.8424112), (0.81391877, 0.8423052), (0.81364715, 0.8427297), (0.8157034, 0.8422413), (0.8154222, 0.8425366), (0.8158787, 0.8425087), (0.8159147, 0.8421825), (0.8206906, 0.843385), (0.82064915, 0.8437588), (0.8209515, 0.843516), (0.8210759, 0.8439706), (0.81572634, 0.84305835), (0.8156793, 0.8432593), (0.8160368, 0.84322107), (0.81592894, 0.8434685), (0.81545854, 0.84335905), (0.815002, 0.84328395), (0.8153025, 0.8435141), (0.8154036, 0.8429163), (0.8160368, 0.84322107), (0.81592894, 0.8434685), (0.8162435, 0.8434279), (0.8161236, 0.8435962), (0.81646955, 0.8435198), (0.8162435, 0.8434279), (0.8161236, 0.8435962), (0.816396, 0.8437896), (0.81545854, 0.84335905), (0.8155165, 0.84385896), (0.81592894, 0.8434685), (0.8156793, 0.8432593), (0.82211804, 0.84470236), (0.82181954, 0.84443295), (0.82179976, 0.8448261), (0.8214626, 0.84445184), (0.8129524, 0.84432465), (0.81304216, 0.8447009), (0.81328857, 0.8443918), (0.8131199, 0.84399617), (0.81343126, 0.8440885), (0.81844854, 0.8449395), (0.81797206, 0.8449094), (0.8182893, 0.84515595), (0.81812286, 0.84471107), (0.818722, 0.8453301), (0.8182893, 0.84515595), (0.8184151, 0.84545654), (0.81844854, 0.8449395), (0.81634855, 0.8450918), (0.8161355, 0.845332), (0.8165792, 0.8452063), (0.8163084, 0.84551793), (0.8130263, 0.84543663), (0.8123981, 0.844192), (0.8123874, 0.84575826), (0.8129524, 0.84432465), (0.8131199, 0.84399617), (0.81264853, 0.843123), (0.8185774, 0.84592295), (0.81836283, 0.84574497), (0.81823224, 0.8461708), (0.8184581, 0.8462353), (0.8185774, 0.84592295), (0.8187366, 0.8462193), (0.8189795, 0.84595144), (0.8184581, 0.8462353), (0.81338423, 0.8455092), (0.81308955, 0.8458407), (0.8134914, 0.84595037), (0.8135462, 0.8466172), (0.81998795, 0.84615874), (0.82000226, 0.8466216), (0.82024074, 0.84631085), (0.8196635, 0.8464271), (0.8150408, 0.84573805), (0.8150713, 0.84598714), (0.81559974, 0.8460077), (0.8155638, 0.8464921), (0.8123874, 0.84575826), (0.8125558, 0.8466053), (0.81308955, 0.8458407), (0.8130263, 0.84543663), (0.8175322, 0.84645844), (0.8172296, 0.8462751), (0.8169209, 0.8465486), (0.8173176, 0.84689456), (0.8144008, 0.846365), (0.8139249, 0.8463584), (0.8142458, 0.8466145), (0.8140042, 0.8461075), (0.82049066, 0.8470303), (0.82021, 0.8468244), (0.82001543, 0.84721065), (0.82035255, 0.84754944), (0.8188149, 0.8470526), (0.8181125, 0.8471724), (0.8187819, 0.8473608), (0.8179351, 0.8476251), (0.8135462, 0.8466172), (0.8125558, 0.8466053), (0.8132401, 0.84712434), (0.8140089, 0.84690154), (0.81479955, 0.84701574), (0.8148667, 0.8476039), (0.81549346, 0.847224), (0.81657326, 0.8475903), (0.8190154, 0.8376019), (0.8173486, 0.83763206), (0.8177927, 0.8382064), (0.8161983, 0.8375193), (0.81451374, 0.8374702), (0.8141392, 0.8382451), (0.81469107, 0.8378215), (0.8137443, 0.837839), (0.8141392, 0.8382451), (0.81452966, 0.8382921), (0.81469107, 0.8378215), (0.8141839, 0.8385894), (0.8144821, 0.8386984), (0.8177927, 0.8382064), (0.817823, 0.83867395), (0.81826985, 0.8386344), (0.8181392, 0.83884275), (0.820933, 0.83937955), (0.82127035, 0.83986104), (0.8213011, 0.8394862), (0.8208918, 0.8396285), (0.8189846, 0.8395951), (0.81865805, 0.8396263), (0.81898516, 0.8398247), (0.81859875, 0.8399259), (0.8220158, 0.84043145), (0.8222153, 0.8408), (0.82228684, 0.84019375), (0.82193035, 0.8399899), (0.8177279, 0.8396919), (0.8174789, 0.8404237), (0.8178563, 0.8400449), (0.81781965, 0.84053457), (0.8174631, 0.8408314), (0.8206332, 0.8403296), (0.8204839, 0.84058726), (0.8208301, 0.8404909), (0.8208479, 0.8406973), (0.8147559, 0.84035915), (0.81466985, 0.84055185), (0.8150115, 0.8404552), (0.81505775, 0.8407273), (0.8214164, 0.8410224), (0.82105273, 0.8412695), (0.82152957, 0.8412925), (0.8213391, 0.8415366), (0.81350577, 0.8408109), (0.8138694, 0.8410147), (0.8140256, 0.84073097), (0.8141997, 0.8410968), (0.8139765, 0.841261), (0.8138694, 0.8410147), (0.81354177, 0.84130627), (0.8137046, 0.8415701), (0.8135654, 0.84190726), (0.8141359, 0.8420788), (0.81391877, 0.8423052), (0.82043695, 0.84222615), (0.8201671, 0.8421768), (0.82019967, 0.84243816), (0.82047874, 0.8425164), (0.8211733, 0.84279245), (0.8213624, 0.8427669), (0.8215097, 0.8424999), (0.8214526, 0.84305257), (0.8196845, 0.8433455), (0.82003343, 0.8433806), (0.8198285, 0.8430722), (0.81986237, 0.84374166), (0.8132259, 0.8424112), (0.81264853, 0.843123), (0.8131225, 0.8428849), (0.8131443, 0.8433018), (0.8214203, 0.8437333), (0.82125723, 0.84414506), (0.8217877, 0.8440709), (0.82192814, 0.8435857), (0.82124174, 0.84498703), (0.8213428, 0.8453944), (0.82161814, 0.8452523), (0.8210774, 0.8451637), (0.821814, 0.8455368), (0.8217535, 0.84583586), (0.82224196, 0.8451736), (0.822007, 0.8459531), (0.82151747, 0.8462588), (0.8217168, 0.846658), (0.8222484, 0.84653145), (0.8219464, 0.8473841), (0.8194984, 0.8466316), (0.8194417, 0.8469776), (0.82000226, 0.8466216), (0.8196635, 0.8464271), (0.8194417, 0.8469776), (0.81966436, 0.84723765), (0.82000226, 0.8466216), (0.8191487, 0.84722006), (0.8188622, 0.84768873), (0.8179966, 0.83948994), (0.8183408, 0.83957577), (0.81827813, 0.8391782), (0.81799996, 0.83921444), (0.8198555, 0.8401176), (0.8201412, 0.8401516), (0.8201618, 0.83985233), (0.8197912, 0.8397852), (0.8157007, 0.84056294), (0.815848, 0.84023744), (0.8154365, 0.8403218), (0.81528044, 0.8408423), (0.8171232, 0.84120077), (0.8174914, 0.841162), (0.8174631, 0.8408314), (0.81703407, 0.84077406), (0.8161963, 0.84104836), (0.81619847, 0.84118956), (0.8164897, 0.8413633), (0.81653655, 0.8410281), (0.8212097, 0.8424246), (0.8215097, 0.8424999), (0.8215449, 0.84225094), (0.82136613, 0.84191394), (0.817013, 0.8433583), (0.81721693, 0.84363174), (0.8174094, 0.8434646), (0.81721926, 0.8431789), (0.81949306, 0.84400105), (0.8197269, 0.8440621), (0.81986237, 0.84374166), (0.8195566, 0.8436276), (0.8209779, 0.8448058), (0.8206693, 0.84479487), (0.8207183, 0.84506845), (0.8210774, 0.8451637), (0.8190938, 0.8468394), (0.8194417, 0.8469776), (0.8194984, 0.8466316), (0.8191517, 0.846454), (0.8140089, 0.84690154), (0.8142458, 0.8466145), (0.8139249, 0.8463584), (0.8135462, 0.8466172), (0.82000965, 0.84811103), (0.8208851, 0.8480332), (0.8208851, 0.8480332), (0.82000965, 0.84811103), (0.8190154, 0.8376019), (0.81451374, 0.8374702), (0.81451374, 0.8374702), (0.8190154, 0.8376019), (0.8148667, 0.8476039), (0.8132401, 0.84712434), (0.8132401, 0.84712434), (0.8148667, 0.8476039), (0.8178776, 0.8480865), (0.8178776, 0.8480865), (0.8178776, 0.8480865), (0.82000965, 0.84811103), (0.82000965, 0.84811103), (0.8178776, 0.8480865), (0.8208851, 0.8480332), (0.82222414, 0.8477509), (0.82222414, 0.8477509), (0.8208851, 0.8480332), (0.8208379, 0.83766), (0.8217971, 0.8379071), (0.8217971, 0.8379071), (0.8208379, 0.83766), (0.8190154, 0.8376019), (0.8190154, 0.8376019), (0.8231121, 0.84223545), (0.82278335, 0.8462211), (0.82278335, 0.8462211), (0.8231121, 0.84223545), (0.82317746, 0.8397242), (0.82317746, 0.8397242), (0.81277204, 0.83910155), (0.81277204, 0.83910155), (0.8137443, 0.837839), (0.8137443, 0.837839), (0.82278335, 0.8462211), (0.82278335, 0.8462211), (0.82222414, 0.8477509), (0.82222414, 0.8477509), (0.82317746, 0.8397242), (0.8227437, 0.83841646), (0.8227437, 0.83841646), (0.82317746, 0.8397242), (0.8217971, 0.8379071), (0.8217971, 0.8379071), (0.8227437, 0.83841646), (0.8227437, 0.83841646), (0.81451374, 0.8374702), (0.8137443, 0.837839), (0.8137443, 0.837839), (0.81451374, 0.8374702), (0.81250095, 0.841102), (0.81250095, 0.841102), (0.81277204, 0.83910155), (0.81277204, 0.83910155), (0.81250095, 0.841102), (0.8123874, 0.84575826), (0.8123874, 0.84575826), (0.81250095, 0.841102), (0.8132401, 0.84712434), (0.8132401, 0.84712434), (0.8125558, 0.8466053), (0.8125514, 0.8466059)] (
        customData = {
            string sourceMember = "ArbitraryPrimvars"
        }
        elementSize = 1
        interpolation = "varying"
    )
    float4[] primvars:tangents = [(-0.004596059, 0.06727468, 0.9977239, -1), (-0.004596059, 0.0672747, 0.9977239, -1), (-0.0045960587, 0.06727468, 0.9977239, -1), (-0.026561866, 0.05943038, 0.997879, -1), (-0.028718889, 0.07051108, 0.9970975, -1), (-0.06818709, 0.051224336, 0.9963567, -1), (-0.06818709, 0.051224332, 0.9963567, -1), (-0.06305363, -0.015395116, 0.99789137, -1), (-0.06305364, -0.015395116, 0.99789137, -1), (-0.063053645, -0.015395117, 0.99789137, -1), (-0.1877281, -0.0025179347, 0.98221785, -1), (-0.1877281, -0.0025179347, 0.98221785, -1), (-0.18772809, -0.0025179347, 0.98221785, -1), (-0.18289523, -0.033426415, 0.98256403, -1), (-0.18289526, -0.03342642, 0.98256403, -1), (-0.18289524, -0.03342642, 0.98256403, -1), (-0.20513777, -0.021817707, 0.9784898, -1), (-0.20513773, -0.021817707, 0.9784898, -1), (-0.11620876, -0.053847518, 0.991764, -1), (-0.116208754, -0.053847514, 0.991764, -1), (-0.116208754, -0.053847514, 0.991764, -1), (-0.3610934, -0.07627962, 0.9294046, -1), (-0.36109337, -0.07627962, 0.9294046, -1), (-0.36109337, -0.07627962, 0.9294046, -1), (0.07078218, 0.030557254, 0.99702364, -1), (0.07078218, 0.030557254, 0.99702364, -1), (0.07078218, 0.030557252, 0.99702364, -1), (-0.1652119, -0.08309213, 0.98275167, -1), (-0.1652119, -0.08309213, 0.98275167, -1), (-0.1652119, -0.08309213, 0.98275167, -1), (-0.013828223, -0.0010567278, 0.9999038, -1), (-0.01364397, -0.022331841, 0.9996575, -1), (-0.013643969, -0.022331843, 0.9996575, -1), (-0.18405369, -0.032131016, 0.9823909, -1), (-0.18405367, -0.032131016, 0.9823909, -1), (-0.18405367, -0.032131016, 0.9823909, -1), (0.098619364, 0.16249871, 0.9817679, -1), (0.098619364, 0.1624987, 0.9817679, -1), (0.09861938, 0.1624987, 0.9817679, -1), (-0.06815046, -0.171554, 0.98281467, -1), (-0.06815046, -0.17155398, 0.98281467, -1), (-0.06815046, -0.171554, 0.98281467, -1), (0.06805416, -0.01905114, 0.99749964, -1), (0.06805416, -0.01905114, 0.99749964, -1), (0.06805416, -0.01905114, 0.99749964, -1), (0.14555398, 0.11751458, 0.98234636, -1), (0.14555398, 0.1175146, 0.98234636, -1), (0.14555398, 0.11751459, 0.98234636, -1), (-0.027662143, 0.16136244, 0.98650753, -1), (-0.027662141, 0.16136244, 0.98650753, -1), (-0.02766214, 0.16136244, 0.98650753, -1), (-0.0789182, 0.03340681, 0.9963212, -1), (-0.0789182, 0.033406805, 0.9963212, -1), (-0.07891821, 0.03340681, 0.9963212, -1), (-0.12398916, -0.0073780245, 0.99225616, -1), (-0.12398914, -0.0073780245, 0.99225616, -1), (-0.12398916, -0.0073780245, 0.99225616, -1), (0.17570728, 0.07383141, 0.9816699, -1), (0.1757073, 0.07383141, 0.9816699, -1), (0.1757073, 0.0738314, 0.9816699, -1), (-0.17042173, -0.021886725, 0.9851281, -1), (-0.17042173, -0.021886727, 0.9851281, -1), (-0.17042173, -0.021886727, 0.9851281, -1), (-0.14702907, -0.14640258, 0.97823757, -1), (-0.14702907, -0.14640257, 0.97823757, -1), (-0.14702909, -0.14640258, 0.97823757, -1), (-0.23466414, -0.1255947, 0.9639287, -1), (-0.23466417, -0.12559472, 0.9639287, -1), (-0.23466417, -0.12559474, 0.9639287, -1), (0.015451252, 0.19057247, 0.98155147, -1), (0.015451252, 0.19057247, 0.98155147, -1), (0.015451252, 0.19057244, 0.98155147, -1), (-0.3413315, -0.10941959, 0.93355244, -1), (-0.34133148, -0.10941958, 0.93355244, -1), (-0.3413315, -0.10941958, 0.93355244, -1), (0.008870545, 0.057861965, 0.9982851, -1), (0.008870544, 0.057861965, 0.9982851, -1), (0.008870545, 0.057861965, 0.9982851, -1), (-0.04976453, 0.078656, 0.995659, -1), (-0.04976453, 0.078656, 0.995659, -1), (-0.049764525, 0.078655995, 0.995659, -1), (-0.22550815, -0.15119286, 0.9624379, -1), (-0.22550815, -0.15119286, 0.9624379, -1), (-0.22550815, -0.15119286, 0.9624379, -1), (-0.38030246, -0.24183837, 0.89268374, -1), (-0.38030243, -0.24183834, 0.89268374, -1), (-0.38030246, -0.24183837, 0.89268374, -1), (-0.058123864, 0.020691382, 0.998095, -1), (-0.058123853, 0.020691382, 0.998095, -1), (-0.05812386, 0.020691384, 0.998095, -1), (-0.044667386, 0.056867246, 0.997382, -1), (-0.052045256, 0.05524219, 0.9971156, -1), (-0.006129721, 0.06545475, 0.99783677, -1), (-0.33769956, -0.21711388, 0.9158715, -1), (-0.33769953, -0.21711385, 0.9158715, -1), (-0.33769956, -0.21711385, 0.9158715, -1), (0.011403108, 0.03638409, 0.9992729, -1), (0.011403108, 0.03638409, 0.9992729, -1), (0.011403108, 0.03638409, 0.9992729, -1), (-0.17400956, -0.060567394, 0.9828796, -1), (-0.17400958, -0.0605674, 0.9828796, -1), (-0.17400956, -0.060567394, 0.9828796, -1), (0.041896455, 0.10969261, 0.99308217, -1), (0.04189646, 0.10969261, 0.99308217, -1), (0.041896455, 0.10969261, 0.99308217, -1), (-0.2262986, 0.04335179, 0.97309285, -1), (-0.22629859, 0.04335179, 0.97309285, -1), (-0.2262986, 0.04335179, 0.97309285, -1), (-0.23068792, -0.16958639, 0.9581354, -1), (-0.23068792, -0.16958636, 0.9581354, -1), (-0.23068789, -0.16958636, 0.9581354, -1), (0.09951274, 0.13707298, 0.98554975, -1), (0.09951273, 0.13707298, 0.98554975, -1), (0.099512756, 0.13707298, 0.98554975, -1), (-0.20093068, -0.15686089, 0.96696514, -1), (-0.2009307, -0.15686089, 0.96696514, -1), (-0.2009307, -0.1568609, 0.96696514, -1), (-0.37865216, -0.24062024, 0.89371395, -1), (-0.37865216, -0.24062023, 0.89371383, -1), (-0.3786522, -0.24062026, 0.89371383, -1), (-0.055867087, 0.23089735, 0.97137284, -1), (-0.0558671, 0.23089737, 0.97137284, -1), (-0.055867095, 0.23089735, 0.97137284, -1), (0.048229717, 0.07480255, 0.99603134, -1), (0.048229713, 0.07480254, 0.99603134, -1), (0.048229706, 0.07480253, 0.99603134, -1), (-0.1947973, -0.09984966, 0.975748, -1), (-0.1947973, -0.09984968, 0.975748, -1), (-0.1947973, -0.09984966, 0.975748, -1), (-0.11244048, 0.048236966, 0.99248695, -1), (-0.11244049, 0.04823697, 0.99248695, -1), (-0.1124405, 0.048236977, 0.99248695, -1), (0.0021815852, 0.24214478, 0.9702377, -1), (0.0021815852, 0.24214478, 0.9702377, -1), (0.0021815852, 0.24214478, 0.9702377, -1), (-0.040172283, -0.015408292, 0.999074, -1), (-0.040172275, -0.0154082915, 0.999074, -1), (-0.04017228, -0.015408292, 0.999074, -1), (0.0390017, 0.212379, 0.97640866, -1), (0.03880582, 0.19724104, 0.97958666, -1), (0.039001703, 0.212379, 0.97640866, -1), (-0.01188336, 0.20277119, 0.9791541, -1), (0.08109258, 0.20166315, 0.9760922, -1), (-0.07107078, 0.19767925, 0.977687, -1), (-0.0115322145, -0.035089146, 0.99931765, -1), (-0.011532215, -0.03508915, 0.99931765, -1), (-0.011532214, -0.035089146, 0.99931765, -1), (-0.12687962, -0.07206999, 0.9892964, -1), (-0.12687962, -0.07206998, 0.9892964, -1), (-0.12687962, -0.07206999, 0.9892964, -1), (0.04759056, 0.08043046, 0.9956235, -1), (0.047590557, 0.08043047, 0.9956235, -1), (0.047590557, 0.08043047, 0.9956235, -1), (0.1081102, 0.024446819, 0.99383825, -1), (0.1081102, 0.02444682, 0.99383825, -1), (0.10811018, 0.024446819, 0.99383825, -1), (0.02507679, 0.019238837, 0.9995004, -1), (0.02507679, 0.019238839, 0.9995004, -1), (0.02507679, 0.019238839, 0.9995004, -1), (-0.25845307, -0.21887048, 0.94090265, -1), (-0.25845304, -0.21887045, 0.94090265, -1), (-0.258453, -0.21887043, 0.94090265, -1), (-0.19108716, -0.26174697, 0.94603074, -1), (-0.19108716, -0.26174697, 0.94603074, -1), (-0.19108716, -0.26174697, 0.94603074, -1), (-0.10173277, 0.094494335, 0.9903137, -1), (-0.101732776, 0.09449434, 0.9903137, -1), (-0.101732776, 0.09449435, 0.9903137, -1), (0.10747484, 0.21833386, 0.9699379, -1), (0.10747484, 0.21833384, 0.9699379, -1), (0.10747484, 0.21833384, 0.9699379, -1), (-0.12938738, 0.1454819, 0.9808638, -1), (-0.12938738, 0.14548191, 0.9808638, -1), (-0.12938738, 0.14548191, 0.9808638, -1), (-0.043192256, 0.013438534, 0.99897635, -1), (-0.043192256, 0.013438532, 0.99897635, -1), (-0.043192256, 0.013438532, 0.99897635, -1), (-0.2929875, -0.24400833, 0.9244557, -1), (-0.29298747, -0.24400836, 0.9244557, -1), (-0.29298753, -0.24400836, 0.9244557, -1), (-0.040026594, -0.09292113, 0.99486864, -1), (-0.040026594, -0.09292112, 0.99486864, -1), (-0.04002659, -0.09292112, 0.99486864, -1), (-0.0348692, 0.035741147, 0.9987526, -1), (-0.034869205, 0.03574115, 0.9987526, -1), (-0.034869205, 0.035741147, 0.9987526, -1), (0.051992536, 0.3030177, 0.95156556, -1), (0.05199254, 0.3030177, 0.9515657, -1), (0.051992532, 0.3030177, 0.95156556, -1), (-0.14260855, -0.05950631, 0.9879887, -1), (-0.14260855, -0.059506305, 0.9879887, -1), (-0.14260854, -0.059506305, 0.9879887, -1), (-0.0038052057, 0.05258199, 0.9986093, -1), (-0.0038052062, 0.052581992, 0.9986093, -1), (-0.0038052057, 0.052581992, 0.9986093, -1), (-0.10631218, -0.030430943, 0.9938671, -1), (-0.10631217, -0.030430943, 0.9938671, -1), (-0.10631218, -0.030430943, 0.9938671, -1), (-0.09363099, -0.10266466, 0.99029946, -1), (-0.09363097, -0.102664635, 0.99029946, -1), (-0.09363098, -0.10266466, 0.99029946, -1), (-0.079247944, -0.11562106, 0.9901271, -1), (-0.07924793, -0.11562106, 0.9901271, -1), (-0.07924793, -0.11562105, 0.9901271, -1), (-0.114559695, 0.08912257, 0.98941046, -1), (-0.11455968, 0.08912256, 0.98941046, -1), (-0.114559695, 0.08912257, 0.98941046, -1), (-0.120542675, 0.10395622, 0.98725003, -1), (-0.12054268, 0.103956245, 0.98725003, -1), (-0.120542675, 0.10395623, 0.98725003, -1), (-0.17898291, -0.19201334, 0.96493316, -1), (-0.1789829, -0.19201334, 0.96493316, -1), (-0.17898291, -0.19201334, 0.96493316, -1), (-0.29951, -0.29477757, 0.90741384, -1), (-0.29951003, -0.2947776, 0.90741384, -1), (-0.29951, -0.29477757, 0.90741384, -1), (-0.2651604, -0.21889856, 0.93902785, -1), (-0.2651604, -0.21889856, 0.93902785, -1), (-0.26516038, -0.21889858, 0.93902785, -1), (-0.12657726, -0.06902385, 0.98955244, -1), (-0.12657727, -0.069023855, 0.98955244, -1), (-0.12657726, -0.06902385, 0.98955244, -1), (-0.05544002, 0.2025866, 0.9776937, -1), (-0.05544002, 0.2025866, 0.9776937, -1), (-0.05544002, 0.20258662, 0.9776937, -1), (-0.008575106, 0.14466928, 0.98944294, -1), (-0.008575105, 0.14466926, 0.98944294, -1), (-0.008575106, 0.14466928, 0.98944294, -1), (0.025634347, 0.16698319, 0.9856264, -1), (0.025634348, 0.1669832, 0.9856264, -1), (0.025634348, 0.1669832, 0.9856264, -1), (-0.19105615, -0.18989407, 0.9630357, -1), (-0.19105615, -0.18989408, 0.9630357, -1), (-0.19105613, -0.18989408, 0.9630357, -1), (-0.16050555, -0.09113666, 0.9828184, -1), (-0.16050555, -0.09113666, 0.9828184, -1), (-0.16050553, -0.09113665, 0.9828184, -1), (-0.119850725, -0.19375129, 0.9737023, -1), (-0.119850725, -0.19375129, 0.9737023, -1), (-0.119850725, -0.19375129, 0.9737023, -1), (-0.019272286, 0.0056824, 0.9997981, -1), (-0.019272286, 0.0056824, 0.9997981, -1), (-0.019272286, 0.0056823995, 0.9997981, -1), (-0.09076042, -0.11487329, 0.9892253, -1), (-0.09076042, -0.11487329, 0.9892253, -1), (-0.090760425, -0.11487329, 0.9892253, -1), (-0.088258, 0.11208279, 0.98977166, -1), (-0.08825799, 0.112082794, 0.98977166, -1), (-0.088258, 0.1120828, 0.98977166, -1), (-0.104155056, -0.22031905, 0.96985114, -1), (-0.104155056, -0.22031908, 0.96985114, -1), (-0.10415505, -0.22031908, 0.96985114, -1), (0.013532961, 0.094779424, 0.99540627, -1), (0.01353296, 0.094779424, 0.99540627, -1), (0.013532959, 0.09477942, 0.99540627, -1), (-0.17894374, -0.06663949, 0.98159987, -1), (-0.17894372, -0.06663949, 0.98159987, -1), (-0.17894374, -0.06663949, 0.98159987, -1), (-0.15246592, -0.06066954, 0.9864448, -1), (-0.15246592, -0.06066955, 0.9864448, -1), (-0.12151597, -0.06849789, 0.99022317, -1), (-0.12151597, -0.068497896, 0.99022317, -1), (-0.24981926, -0.2564836, 0.9337058, -1), (-0.24981925, -0.25648358, 0.9337058, -1), (-0.24981926, -0.2564836, 0.9337058, -1), (-0.08136008, -0.20781775, 0.9747781, -1), (-0.08136008, -0.20781775, 0.9747781, -1), (-0.08136009, -0.20781778, 0.9747781, -1), (-0.110624015, -0.17191769, 0.97888035, -1), (-0.110624015, -0.17191766, 0.97888035, -1), (-0.110624015, -0.17191768, 0.9788802, -1), (-0.17103873, -0.23980632, 0.9556352, -1), (-0.17103873, -0.23980632, 0.9556352, -1), (-0.17103873, -0.2398063, 0.9556352, -1), (-0.07522245, -0.026603986, 0.9968118, -1), (-0.075222455, -0.026603987, 0.9968118, -1), (-0.07522245, -0.026603986, 0.9968118, -1), (-0.058300305, 0.12315053, 0.9906741, -1), (-0.058300305, 0.12315054, 0.9906741, -1), (-0.05830031, 0.12315056, 0.9906741, -1), (-0.084055975, 0.1663981, 0.98246944, -1), (-0.084055975, 0.16639811, 0.98246944, -1), (-0.084055975, 0.16639811, 0.98246944, -1), (-0.16682298, -0.2434051, 0.9554706, -1), (-0.16682298, -0.2434051, 0.9554706, -1), (-0.16682296, -0.2434051, 0.9554706, -1), (-0.22778206, -0.18488199, 0.95599896, -1), (-0.22778207, -0.18488199, 0.95599896, -1), (-0.22778206, -0.18488199, 0.95599896, -1), (-0.12596804, 0.011177804, 0.99197125, -1), (-0.12596804, 0.011177803, 0.99197125, -1), (-0.12596805, 0.011177805, 0.99197125, -1), (-0.15586644, -0.14741126, 0.97671676, -1), (-0.15586644, -0.14741126, 0.97671676, -1), (-0.15586644, -0.14741127, 0.97671676, -1), (-0.15011875, -0.07470941, 0.9858413, -1), (-0.15011875, -0.07470941, 0.9858413, -1), (-0.15011875, -0.07470941, 0.9858413, -1), (0.05169667, 0.1416975, 0.9885592, -1), (0.051696666, 0.1416975, 0.9885592, -1), (0.05169667, 0.1416975, 0.9885592, -1), (-0.044804893, 0.0133005325, 0.9989072, -1), (-0.04480489, 0.013300532, 0.9989072, -1), (-0.044804893, 0.013300531, 0.9989072, -1), (-0.22841679, -0.010225469, 0.9735097, -1), (-0.22841682, -0.010225469, 0.9735097, -1), (-0.22841679, -0.010225469, 0.9735097, -1), (-0.18847758, -0.07022708, 0.9795633, -1), (-0.18847756, -0.07022708, 0.9795633, -1), (-0.18847756, -0.07022708, 0.9795633, -1), (-0.19815058, -0.20570591, 0.9583431, -1), (-0.19815058, -0.20570591, 0.9583431, -1), (-0.19815058, -0.20570594, 0.9583431, -1), (-0.07675435, -0.0711355, 0.99450916, -1), (-0.07675435, -0.07113549, 0.99450916, -1), (-0.07675434, -0.07113549, 0.99450916, -1), (-0.054725435, 0.15186907, 0.9868845, -1), (-0.05472543, 0.15186906, 0.9868845, -1), (-0.054725435, 0.15186907, 0.9868845, -1), (0.056076273, 0.2001807, 0.97815293, -1), (0.056076273, 0.2001807, 0.97815293, -1), (0.056076273, 0.20018072, 0.97815293, -1), (-0.05827343, 0.13798799, 0.98871815, -1), (-0.058273423, 0.13798799, 0.98871815, -1), (-0.058273423, 0.13798797, 0.98871815, -1), (-0.05781725, 0.062724985, 0.9963547, -1), (-0.05781725, 0.062724985, 0.9963547, -1), (-0.05781725, 0.06272499, 0.9963547, -1), (-0.15640475, -0.114867084, 0.9809909, -1), (-0.15640476, -0.1148671, 0.9809909, -1), (-0.15640476, -0.1148671, 0.9809909, -1), (0.064103514, 0.13718058, 0.98846966, -1), (0.064103514, 0.13718058, 0.98846966, -1), (0.06410352, 0.1371806, 0.98846966, -1), (0.09752387, 0.32295913, 0.94137484, -1), (0.09752387, 0.32295913, 0.94137484, -1), (0.09752386, 0.3229591, 0.94137484, -1), (-0.20290758, -0.16032505, 0.9659837, -1), (-0.20290756, -0.16032504, 0.9659837, -1), (-0.20290756, -0.16032504, 0.9659837, -1), (0.057680424, 0.19853681, 0.9783946, -1), (0.05768042, 0.19853681, 0.9783946, -1), (0.057680413, 0.19853681, 0.9783946, -1), (0.07036595, 0.27768886, 0.95809054, -1), (0.07036595, 0.2776889, 0.95809054, -1), (0.070365965, 0.2776889, 0.9580905, -1), (-0.22543402, -0.20480594, 0.95248836, -1), (-0.225434, -0.20480594, 0.95248836, -1), (-0.225434, -0.20480594, 0.95248836, -1), (-0.19697249, 0.06953432, 0.97794014, -1), (-0.19697247, 0.06953432, 0.97794014, -1), (-0.19697247, 0.06953431, 0.97794014, -1), (0.06139032, 0.028948821, 0.99769384, -1), (0.06139032, 0.028948827, 0.99769384, -1), (0.061390314, 0.028948823, 0.99769384, -1), (-0.022112655, 0.1289939, 0.9913988, -1), (-0.022112653, 0.1289939, 0.9913988, -1), (-0.022112653, 0.1289939, 0.9913988, -1), (-0.18836424, -0.16161458, 0.9687103, -1), (-0.18836424, -0.16161457, 0.9687103, -1), (-0.18836422, -0.16161455, 0.9687103, -1), (0.020085432, 0.19629915, 0.98033834, -1), (0.020085432, 0.19629918, 0.98033834, -1), (0.020085432, 0.19629918, 0.98033834, -1), (-0.06903342, 0.12828384, 0.98933196, -1), (-0.06903342, 0.12828384, 0.98933196, -1), (-0.06903344, 0.12828386, 0.98933196, -1), (0.026579043, -0.11446352, 0.99307185, -1), (0.026579047, -0.11446352, 0.99307185, -1), (0.026579041, -0.1144635, 0.99307185, -1), (-0.07352018, -0.057772573, 0.9956189, -1), (-0.07352018, -0.057772573, 0.9956189, -1), (-0.07352018, -0.05777258, 0.9956189, -1), (-0.0766174, -0.09666273, 0.9923639, -1), (-0.07661741, -0.09666273, 0.9923639, -1), (-0.104101814, 0, 0.9945667, -1), (-0.104101814, 0, 0.9945667, -1), (-0.10410182, 0, 0.9945667, -1), (0.14366594, 0.24038905, 0.9599861, -1), (0.14366595, 0.24038908, 0.9599861, -1), (0.14366594, 0.24038908, 0.9599861, -1), (-0.12645292, 0.06987975, 0.98950815, -1), (-0.12645294, 0.06987975, 0.98950815, -1), (-0.12645292, 0.06987975, 0.98950815, -1), (0.008042088, 0.010796028, 0.9999094, -1), (0.008042088, 0.010796028, 0.9999094, -1), (0.008042089, 0.010796028, 0.9999094, -1), (-0.042954173, 0.10878019, 0.99313736, -1), (-0.042954177, 0.10878018, 0.99313736, -1), (-0.042954177, 0.10878018, 0.99313736, -1), (-0.05212013, 0.18499796, 0.98135585, -1), (-0.05212013, 0.18499795, 0.98135585, -1), (-0.052120123, 0.18499795, 0.98135585, -1), (-0.07315549, -0.05119723, 0.9960056, -1), (-0.07315551, -0.05119724, 0.9960056, -1), (-0.0731555, -0.05119723, 0.9960056, -1), (-0.04530024, 0.16500278, 0.98525226, -1), (-0.045300238, 0.16500278, 0.98525226, -1), (-0.045300245, 0.16500281, 0.98525226, -1), (0.10578931, 0.19619597, 0.9748414, -1), (0.105789304, 0.19619597, 0.9748414, -1), (0.105789304, 0.19619597, 0.9748414, -1), (-0.19408333, -0.18059242, 0.9642189, -1), (-0.19408333, -0.18059239, 0.9642189, -1), (-0.19408333, -0.1805924, 0.9642189, -1), (0.06017962, 0.07006652, 0.9957254, -1), (0.06017962, 0.07006651, 0.9957254, -1), (0.060179614, 0.07006651, 0.9957254, -1), (-0.16319168, 0.032513004, 0.98605853, -1), (-0.16319169, 0.032513008, 0.98605853, -1), (-0.16319168, 0.032513004, 0.98605853, -1), (-0.35658696, -0.26069748, 0.8971525, -1), (-0.35658693, -0.26069745, 0.8971525, -1), (-0.356587, -0.26069748, 0.8971525, -1), (-0.14130223, -0.019573884, 0.989773, -1), (-0.14130223, -0.019573882, 0.989773, -1), (-0.14130221, -0.019573884, 0.989773, -1), (-0.09916284, -0.2210199, 0.9702149, -1), (-0.09916284, -0.2210199, 0.9702149, -1), (-0.09916284, -0.2210199, 0.9702149, -1), (0.3274948, 0.06667508, 0.94249755, -1), (0.3274948, 0.06667508, 0.94249755, -1), (0.32749477, 0.066675074, 0.94249755, -1), (-0.25418785, -0.2793655, 0.9259285, -1), (-0.25418785, -0.2793655, 0.9259285, -1), (-0.25418785, -0.2793655, 0.9259285, -1), (-0.38180628, -0.22122623, 0.8973756, -1), (-0.3818063, -0.22122623, 0.8973756, -1), (-0.38180634, -0.22122625, 0.8973756, -1), (-0.085429884, 0.1223333, 0.98880553, -1), (-0.085429884, 0.1223333, 0.98880553, -1), (-0.08542989, 0.1223333, 0.98880553, -1), (0.13227338, 0.19380847, 0.97208136, -1), (0.13227338, 0.19380847, 0.97208136, -1), (0.13227338, 0.19380847, 0.97208136, -1), (-0.106823355, 0, 0.99427795, -1), (-0.10682337, 0, 0.99427795, -1), (-0.10682337, 0, 0.99427795, -1), (-0.08493478, 0.10938885, 0.99036366, -1), (-0.08493476, 0.10938885, 0.99036366, -1), (-0.08493476, 0.10938886, 0.99036366, -1), (-0.05973685, 0.11149863, 0.9919675, -1), (-0.05973686, 0.11149863, 0.9919675, -1), (-0.17954005, -0.003921981, 0.9837428, -1), (-0.17954004, -0.0039219814, 0.9837428, -1), (-0.17954007, -0.0039219814, 0.9837428, -1), (-0.033355094, 0.10105669, 0.99432135, -1), (-0.03335509, 0.10105669, 0.99432135, -1), (-0.0333551, 0.101056695, 0.99432135, -1), (-0.086295135, 0.17710443, 0.9804016, -1), (-0.08629514, 0.17710444, 0.9804016, -1), (-0.08629514, 0.17710444, 0.9804016, -1), (0.20676996, 0.12561329, 0.97029245, -1), (0.20676997, 0.12561329, 0.97029245, -1), (0.20676997, 0.12561329, 0.97029245, -1), (-0.029755361, 0.12526307, 0.9916773, -1), (-0.029755363, 0.12526307, 0.9916773, -1), (-0.029755361, 0.12526307, 0.9916773, -1), (-0.1595019, -0.10358697, 0.9817479, -1), (-0.1595019, -0.10358697, 0.9817479, -1), (-0.1595019, -0.10358697, 0.9817479, -1), (-0.1399585, 0.28135937, 0.9493411, -1), (-0.13995849, 0.28135931, 0.9493411, -1), (-0.1399585, 0.28135937, 0.9493411, -1), (-0.002472741, 0.18343253, 0.9830292, -1), (-0.002472741, 0.18343253, 0.9830292, -1), (-0.0024727408, 0.18343253, 0.9830292, -1), (0.31597015, 0.08725747, 0.94474804, -1), (0.31597012, 0.087257475, 0.94474816, -1), (0.31597015, 0.08725748, 0.94474804, -1), (-0.06741902, 0.21558516, 0.97415483, -1), (-0.06741903, 0.2155852, 0.97415483, -1), (-0.06741903, 0.2155852, 0.97415483, -1), (-0.14100167, -0.24779129, 0.9584978, -1), (-0.14100167, -0.24779129, 0.9584978, -1), (-0.14100167, -0.24779129, 0.9584978, -1), (-0.107123554, -0.08693713, 0.99043745, -1), (-0.107123554, -0.08693712, 0.99043745, -1), (-0.10712356, -0.08693713, 0.99043745, -1), (-0.067558244, 0.07424654, 0.99494886, -1), (-0.067558244, 0.07424653, 0.99494886, -1), (-0.067558244, 0.07424654, 0.99494886, -1), (-0.19293222, -0.2786009, 0.94082874, -1), (-0.1929322, -0.27860087, 0.94082874, -1), (-0.19293222, -0.2786009, 0.94082874, -1), (-0.10561384, -0.029840657, 0.9939594, -1), (-0.10561383, -0.029840654, 0.9939594, -1), (-0.105613835, -0.029840654, 0.9939594, -1), (-0.05903636, 0.12785316, 0.9900344, -1), (-0.059036367, 0.12785316, 0.9900344, -1), (-0.05903636, 0.12785316, 0.9900344, -1), (0.05680434, 0.12791854, 0.99015665, -1), (0.056804344, 0.12791856, 0.99015665, -1), (0.05680434, 0.12791854, 0.99015665, -1), (0.03490013, 0.15000516, 0.9880691, -1), (0.034900125, 0.15000516, 0.9880691, -1), (0.03490013, 0.15000516, 0.9880691, -1), (-0.12180983, -0.11161482, 0.9862578, -1), (-0.12180983, -0.11161482, 0.9862578, -1), (-0.12180984, -0.11161484, 0.9862578, -1), (-0.118514664, 0.29186612, 0.9490882, -1), (-0.118514664, 0.29186612, 0.9490882, -1), (-0.118514664, 0.29186615, 0.9490882, -1), (-0.06712143, -0.06857308, 0.9953856, -1), (-0.06712144, -0.06857308, 0.9953856, -1), (-0.06712143, -0.06857308, 0.9953856, -1), (-0.046647705, -0.07273566, 0.9962598, -1), (-0.046647705, -0.07273565, 0.9962598, -1), (-0.046647705, -0.07273565, 0.9962598, -1), (-0.0512976, 0.23232405, 0.9712847, -1), (-0.05129761, 0.23232406, 0.9712847, -1), (-0.0512976, 0.23232406, 0.9712847, -1), (-0.07239754, 0.090873666, 0.9932274, -1), (-0.07239753, 0.090873666, 0.9932274, -1), (-0.07239753, 0.090873666, 0.9932274, -1), (-0.10208668, -0.01717252, 0.9946273, -1), (-0.10208666, -0.01717252, 0.9946273, -1), (-0.102086656, -0.017172517, 0.9946273, -1), (-0.14425233, -0.033223063, 0.988983, -1), (-0.11560532, -0.036604155, 0.99262047, -1), (-0.042029582, -0.043915685, 0.99815077, -1), (-0.08634033, 0.123527415, 0.98857784, -1), (-0.08634033, 0.12352743, 0.98857796, -1), (-0.08634033, 0.123527415, 0.98857784, -1), (0.05625024, 0.25067413, 0.96643585, -1), (0.056250248, 0.25067413, 0.96643585, -1), (0.056250248, 0.25067413, 0.96643585, -1), (-0.06997751, -0.07048709, 0.9950551, -1), (-0.06997751, -0.07048708, 0.9950551, -1), (-0.06997751, -0.07048708, 0.9950551, -1), (-0.15614079, -0.014346381, 0.98763055, -1), (-0.15614079, -0.014346382, 0.98763055, -1), (-0.1561408, -0.014346382, 0.98763055, -1), (-0.077466935, -0.04082091, 0.99615884, -1), (-0.07746693, -0.040820908, 0.99615884, -1), (-0.077466935, -0.04082091, 0.99615884, -1), (-0.20912762, -0.25997698, 0.942697, -1), (-0.20912763, -0.259977, 0.942697, -1), (-0.20912763, -0.259977, 0.942697, -1), (-0.0880439, -0.17315981, 0.9809505, -1), (-0.08804391, -0.17315984, 0.9809505, -1), (-0.088043906, -0.17315982, 0.9809505, -1), (-0.0583451, 0.01819356, 0.99813074, -1), (-0.0583451, 0.018193563, 0.99813074, -1), (-0.058345094, 0.01819356, 0.99813074, -1), (-0.070303515, 0.09421512, 0.99306643, -1), (-0.07030351, 0.09421511, 0.99306643, -1), (-0.070303515, 0.09421511, 0.99306643, -1), (-0.2510876, -0.04955634, 0.966695, -1), (-0.2510876, -0.04955634, 0.966695, -1), (-0.25108758, -0.04955634, 0.966695, -1), (0.09999591, 0.22770253, 0.9685827, -1), (0.09999591, 0.22770253, 0.9685827, -1), (0.099995896, 0.22770253, 0.9685827, -1), (-0.15396132, -0.012410408, 0.98799896, -1), (-0.15396132, -0.012410408, 0.98799896, -1), (-0.15396132, -0.012410409, 0.98799896, -1), (-0.1393387, -0.14699356, 0.979274, -1), (-0.1393387, -0.14699356, 0.979274, -1), (-0.1393387, -0.14699356, 0.979274, -1), (-0.32585576, -0.13049607, 0.93636996, -1), (-0.32585576, -0.13049607, 0.93636996, -1), (-0.32585573, -0.13049605, 0.93636996, -1), (-0.14547028, -0.015123839, 0.989247, -1), (-0.14547028, -0.01512384, 0.989247, -1), (-0.14547028, -0.015123839, 0.989247, -1), (-0.04754808, -0.05690205, 0.99724686, -1), (-0.04754808, -0.056902044, 0.99724686, -1), (-0.047548085, -0.056902044, 0.99724686, -1), (-0.1120272, 0.022073288, 0.99345994, -1), (-0.1120272, 0.022073288, 0.99345994, -1), (-0.11202718, 0.022073286, 0.99345994, -1), (-0.019781053, -0.08788926, 0.99593383, -1), (-0.019781053, -0.08788927, 0.99593383, -1), (-0.019781053, -0.08788927, 0.99593383, -1), (-0.12607533, -0.14309706, 0.9816457, -1), (-0.12607534, -0.14309706, 0.9816457, -1), (-0.12607533, -0.14309706, 0.9816457, -1), (0.6671658, -0.08187543, 0.74039596, -1), (0.6671658, -0.08187542, 0.7403959, -1), (0.6671658, -0.08187543, 0.7403959, -1), (-0.064588405, 0.03555334, 0.9972785, -1), (-0.064588405, 0.035553347, 0.9972785, -1), (-0.06458841, 0.03555334, 0.9972785, -1), (-0.06798684, 0.11224825, 0.9913517, -1), (-0.067986846, 0.11224825, 0.9913517, -1), (-0.067986846, 0.11224825, 0.9913517, -1), (-0.06688236, -0.0057705934, 0.9977442, -1), (-0.06688237, -0.005770594, 0.9977442, -1), (-0.06688237, -0.005770594, 0.9977442, -1), (-0.14458, -0.26932538, 0.95213467, -1), (-0.14458, -0.2693254, 0.95213467, -1), (-0.14458002, -0.2693254, 0.95213467, -1), (0.037465695, 0.07060376, 0.99680054, -1), (0.037465695, 0.07060376, 0.99680054, -1), (0.037465695, 0.07060376, 0.99680054, -1), (-0.012175516, 0.07979144, 0.9967372, -1), (-0.012175516, 0.07979145, 0.9967372, -1), (-0.012175517, 0.07979145, 0.9967372, -1), (-0.063955985, 0.03382271, 0.9973794, -1), (-0.063955985, 0.03382271, 0.9973794, -1), (-0.063955985, 0.03382271, 0.9973794, -1), (-0.20659263, -0.2171155, 0.95403373, -1), (-0.20659265, -0.21711549, 0.95403373, -1), (-0.20659265, -0.21711548, 0.95403373, -1), (0.12995037, 0.10285242, 0.98617154, -1), (0.12995039, 0.10285242, 0.98617154, -1), (0.12995037, 0.10285241, 0.98617154, -1), (-0.24119577, -0.029898858, 0.9700159, -1), (-0.24119577, -0.029898858, 0.9700159, -1), (-0.24119577, -0.029898858, 0.9700159, -1), (-0.0010318301, 0.13304567, 0.9911094, -1), (-0.00103183, 0.13304569, 0.9911094, -1), (-0.00103183, 0.13304569, 0.9911094, -1), (-0.07259126, -0.012173316, 0.9972875, -1), (-0.07259125, -0.012173315, 0.9972875, -1), (-0.07259125, -0.0121733155, 0.9972875, -1), (0.10764105, 0.038472716, 0.99344516, -1), (0.10764104, 0.038472712, 0.99344516, -1), (0.10764104, 0.038472712, 0.99344516, -1), (0.15477659, 0.037498694, 0.9872376, -1), (0.15477659, 0.037498686, 0.9872376, -1), (-0.22886877, -0.36563557, 0.9021805, -1), (-0.22886877, -0.36563557, 0.9021805, -1), (-0.22886877, -0.3656356, 0.9021805, -1), (0.014591283, 0.058908265, 0.9981567, -1), (0.014591285, 0.058908276, 0.9981567, -1), (0.014591283, 0.058908265, 0.9981567, -1), (-0.20683502, -0.21908596, 0.95353055, -1), (-0.20683502, -0.21908596, 0.95353055, -1), (-0.20683499, -0.21908595, 0.95353055, -1), (-0.17893414, -0.18350555, 0.9665963, -1), (-0.17440231, -0.18409592, 0.967312, -1), (-0.1636359, -0.18540849, 0.96894115, -1), (0.094165646, 0.1484507, 0.9844263, -1), (0.094165646, 0.1484507, 0.9844263, -1), (0.094165646, 0.14845072, 0.9844263, -1), (-0.18066734, -0.30338258, 0.93558455, -1), (-0.18066736, -0.30338258, 0.93558455, -1), (-0.18066737, -0.30338258, 0.93558455, -1), (-0.07920235, 0.098636694, 0.99196666, -1), (-0.07920234, 0.09863669, 0.99196666, -1), (-0.07920234, 0.09863669, 0.99196666, -1), (0.04631198, -0.09254745, 0.9946307, -1), (0.046311975, -0.09254744, 0.9946307, -1), (0.046311975, -0.09254743, 0.9946307, -1), (-0.07734231, 0.009876021, 0.99695575, -1), (-0.07734231, 0.009876021, 0.99695575, -1), (-0.07734231, 0.009876021, 0.99695575, -1), (-0.23261029, -0.22621147, 0.94589686, -1), (-0.23261029, -0.22621146, 0.94589686, -1), (-0.23261029, -0.22621147, 0.94589686, -1), (0, 0.11317878, 0.99357456, -1), (0, 0.11317878, 0.99357456, -1), (0, 0.11317879, 0.99357456, -1), (-0.13973579, 0.06021376, 0.9883563, -1), (-0.13973579, 0.060213752, 0.9883563, -1), (-0.13973579, 0.060213752, 0.9883563, -1), (-0.05708285, 0.21122836, 0.97576857, -1), (-0.05708285, 0.21122836, 0.97576857, -1), (-0.05708285, 0.21122839, 0.97576857, -1), (-0.13223872, 0.011290265, 0.99115366, -1), (-0.13223872, 0.011290266, 0.99115366, -1), (-0.13223872, 0.011290264, 0.99115366, -1), (-0.06691784, 0.071869984, 0.99516666, -1), (-0.06691784, 0.071869984, 0.99516666, -1), (-0.06691784, 0.07186998, 0.99516666, -1), (0.04621713, -0.08679827, 0.9951532, -1), (0.046217125, -0.08679828, 0.9951532, -1), (0.04621713, -0.08679828, 0.9951532, -1), (0.0138463, -0.0523297, 0.99853384, -1), (0.0138463, -0.052329708, 0.99853384, -1), (0.0138463, -0.0523297, 0.99853384, -1), (-0.15814951, 0.082729384, 0.98394334, -1), (-0.15814953, 0.082729384, 0.98394334, -1), (-0.15814951, 0.08272938, 0.98394334, -1), (-0.22479236, -0.20973118, 0.9515677, -1), (-0.22479236, -0.20973118, 0.9515677, -1), (-0.22479236, -0.2097312, 0.9515677, -1), (-0.02855127, 0.113572486, 0.99311936, -1), (-0.02855127, 0.11357249, 0.99311936, -1), (-0.02855127, 0.113572486, 0.99311936, -1), (-0.15251082, -0.050324302, 0.98701966, -1), (-0.15251084, -0.050324313, 0.98701966, -1), (-0.15251084, -0.050324306, 0.98701966, -1), (0.11896691, 0.10842285, 0.98696065, -1), (0.11896689, 0.10842285, 0.98696065, -1), (0.11896691, 0.10842287, 0.98696065, -1), (-0.13384295, -0.26417065, 0.9551439, -1), (-0.13384295, -0.26417065, 0.9551439, -1), (-0.13384295, -0.26417068, 0.9551439, -1), (-0.37789422, -0.045914106, 0.9247096, -1), (-0.3778942, -0.045914106, 0.9247096, -1), (-0.37789422, -0.045914106, 0.9247096, -1), (-0.23099859, -0.1901256, 0.954197, -1), (-0.23099855, -0.19012557, 0.954197, -1), (-0.23099858, -0.19012558, 0.954197, -1), (-0.042063482, 0.09226779, 0.9948454, -1), (-0.042063482, 0.0922678, 0.9948454, -1), (-0.042063482, 0.0922678, 0.9948454, -1), (-0.022191381, 0.05173257, 0.9984144, -1), (-0.022191377, 0.051732566, 0.9984144, -1), (-0.022191381, 0.05173257, 0.9984144, -1), (-0.15743978, -0.17473981, 0.9719458, -1), (-0.15743981, -0.17473981, 0.9719458, -1), (-0.15743978, -0.17473981, 0.9719458, -1), (-0.04354274, -0.064480394, 0.99696857, -1), (-0.043542743, -0.0644804, 0.99696857, -1), (-0.04354274, -0.064480394, 0.99696857, -1), (-0.0011668792, 0.19661842, 0.98047936, -1), (-0.0011668794, 0.19661842, 0.98047936, -1), (-0.009470958, 0.23656161, 0.9715703, -1), (-0.0024086796, 0.2516385, 0.9678183, -1), (-0.0036257284, 0.25145116, 0.9678632, -1), (0.003477045, 0.25265843, 0.9675493, -1), (-0.04843192, -0.04387135, 0.9978625, -1), (-0.048431918, -0.04387135, 0.9978625, -1), (-0.04843192, -0.04387135, 0.9978625, -1), (0.023317717, -0.10067025, 0.9946466, -1), (0.023317717, -0.10067026, 0.9946466, -1), (0.023317717, -0.10067026, 0.9946466, -1), (-0.12555422, 0.07307871, 0.98939157, -1), (-0.1255542, 0.0730787, 0.98939157, -1), (-0.1255542, 0.0730787, 0.98939157, -1), (-0.15771312, -0.048885603, 0.9862742, -1), (-0.15771312, -0.048885603, 0.9862742, -1), (-0.15771313, -0.048885606, 0.9862742, -1), (-0.04487856, -0.06700782, 0.99674267, -1), (-0.04487856, -0.06700782, 0.99674267, -1), (-0.044878565, -0.06700782, 0.99674267, -1), (-0.03037869, 0.061681964, 0.99763346, -1), (-0.030378686, 0.061681964, 0.99763346, -1), (-0.03037869, 0.061681964, 0.99763346, -1), (-0.18466379, 0.020573683, 0.9825864, -1), (-0.18466379, 0.020573683, 0.9825864, -1), (-0.18466379, 0.020573683, 0.9825864, -1), (-0.14863095, -0.33458108, 0.93057203, -1), (-0.14863095, -0.33458105, 0.93057203, -1), (-0.14863093, -0.33458105, 0.93057203, -1), (-0.15540664, 0.04866072, 0.9866514, -1), (-0.15540664, 0.04866072, 0.9866514, -1), (-0.15540664, 0.04866072, 0.9866514, -1), (-0.09115673, -0.16259806, 0.98247254, -1), (-0.09115671, -0.16259804, 0.98247254, -1), (-0.09115673, -0.16259807, 0.98247254, -1), (-0.08893248, 0.16192964, 0.9827868, -1), (-0.088932455, 0.16192959, 0.9827868, -1), (-0.08893246, 0.1619296, 0.9827868, -1), (-0.03255876, -0.037282154, 0.99877423, -1), (-0.032558754, -0.03728215, 0.99877423, -1), (-0.032558754, -0.03728215, 0.99877423, -1), (0.044279244, 0.23098148, 0.97195, -1), (0.044279244, 0.23098148, 0.97195, -1), (0.044279244, 0.23098148, 0.97195, -1), (0.0013557527, 0.2898341, 0.95707595, -1), (0.0013557527, 0.2898341, 0.95707595, -1), (0.0013557529, 0.28983414, 0.95707595, -1), (-0.0034544843, 0.18749507, 0.9822595, -1), (-0.0034544845, 0.18749505, 0.9822595, -1), (-0.0034544845, 0.18749508, 0.9822595, -1), (-0.21521667, -0.12894194, 0.96801645, -1), (-0.21521667, -0.12894194, 0.96801645, -1), (-0.21521667, -0.12894194, 0.96801645, -1), (-0.007623703, 0.08190783, 0.9966107, -1), (-0.007623703, 0.08190783, 0.9966107, -1), (-0.007623703, 0.08190783, 0.9966107, -1), (-0.22659528, -0.25484827, 0.94005686, -1), (-0.22659531, -0.25484827, 0.94005686, -1), (-0.22659528, -0.25484827, 0.94005686, -1), (-0.05706242, -0.0038562755, 0.9983632, -1), (-0.05706242, -0.0038562755, 0.9983632, -1), (-0.05706242, -0.003856276, 0.9983632, -1), (-0.19741037, -0.05855915, 0.9785703, -1), (-0.19741037, -0.058559146, 0.9785703, -1), (-0.19741037, -0.05855915, 0.9785703, -1), (-0.17551737, -0.08611696, 0.9807026, -1), (-0.17551735, -0.086116955, 0.9807026, -1), (-0.17551737, -0.08611697, 0.9807026, -1), (-0.093571804, -0.07454341, 0.992818, -1), (-0.093571804, -0.07454341, 0.992818, -1), (-0.09357181, -0.07454342, 0.992818, -1), (-0.1481137, 0.072189495, 0.98633206, -1), (-0.14811368, 0.0721895, 0.98633206, -1), (-0.14811368, 0.072189495, 0.98633206, -1), (-0.108585574, -0.11753401, 0.9871144, -1), (-0.10858556, -0.11753401, 0.9871144, -1), (-0.10858556, -0.11753401, 0.9871144, -1), (-0.031322695, 0.17223887, 0.98455703, -1), (-0.031322695, 0.17223886, 0.98455703, -1), (-0.031322695, 0.17223889, 0.98455703, -1), (-0.020326989, -0.028051695, 0.9993998, -1), (-0.020326989, -0.028051699, 0.9993998, -1), (-0.020326989, -0.028051699, 0.9993998, -1), (-0.026744837, 0.03272793, 0.99910635, -1), (-0.026744833, 0.03272793, 0.99910635, -1), (-0.026744837, 0.03272793, 0.99910635, -1), (-0.09129959, 0.038220223, 0.99508977, -1), (-0.091299586, 0.03822022, 0.99508977, -1), (-0.09129959, 0.038220223, 0.99508977, -1), (-0.15277268, 0.10787687, 0.9823559, -1), (-0.15277268, 0.10787685, 0.9823559, -1), (-0.15277268, 0.10787687, 0.9823559, -1), (-0.32521176, -0.2733962, 0.9052578, -1), (-0.32521176, -0.27339622, 0.9052578, -1), (-0.32521176, -0.2733962, 0.9052578, -1), (-0.2133312, -0.2823161, 0.9353007, -1), (-0.21333121, -0.28231612, 0.9353007, -1), (-0.2133312, -0.2823161, 0.9353007, -1), (-0.06542246, -0.13093647, 0.98922974, -1), (-0.06542245, -0.13093647, 0.98922974, -1), (-0.065422446, -0.13093644, 0.98922974, -1), (0.0457559, 0.10390769, 0.99353385, -1), (0.04575589, 0.103907675, 0.99353385, -1), (0.0457559, 0.10390769, 0.99353385, -1), (0.057975974, 0.12745549, 0.9901484, -1), (0.05797598, 0.12745549, 0.9901484, -1), (-0.2519375, -0.21562567, 0.9434157, -1), (-0.2519375, -0.21562567, 0.9434157, -1), (-0.25193748, -0.21562564, 0.9434157, -1), (0.102007605, 0.30851158, 0.9457352, -1), (0.10200763, 0.30851164, 0.9457352, -1), (0.10200762, 0.30851164, 0.9457352, -1), (-0.15811881, -0.053121, 0.98599017, -1), (-0.15811883, -0.053121, 0.98599017, -1), (-0.1581188, -0.053120997, 0.98599017, -1), (-0.15182236, 0.07804688, 0.9853216, -1), (-0.15182234, 0.078046866, 0.9853216, -1), (-0.15182234, 0.07804688, 0.9853216, -1), (-0.15553303, 0.022937156, 0.9875644, -1), (-0.15553305, 0.02293716, 0.9875644, -1), (-0.15553306, 0.022937158, 0.9875644, -1), (-0.010232235, 0.117296726, 0.9930442, -1), (-0.010232235, 0.1172967, 0.9930442, -1), (-0.010232236, 0.11729671, 0.9930442, -1), (0.0133948885, 0.10074438, 0.99482214, -1), (0.01339489, 0.10074439, 0.99482214, -1), (0.0133948885, 0.10074438, 0.99482214, -1), (-0.102985725, 0.056992937, 0.99304867, -1), (-0.102985725, 0.056992937, 0.99304867, -1), (-0.102985725, 0.056992944, 0.99304867, -1), (-0.16476844, -0.07700987, 0.9833213, -1), (-0.16476843, -0.07700987, 0.9833213, -1), (-0.16476844, -0.07700987, 0.9833213, -1), (-0.2664252, 0.10662372, 0.9579399, -1), (-0.2664252, 0.10662372, 0.9579399, -1), (-0.2664252, 0.106623724, 0.95794004, -1), (0.034158885, -0.037049986, 0.9987294, -1), (0.034158885, -0.037049983, 0.9987294, -1), (0.03415888, -0.03704998, 0.9987294, -1), (0.0056593027, -0.15614918, 0.98771733, -1), (0.0056593027, -0.15614918, 0.98771733, -1), (0.0056593027, -0.15614918, 0.98771733, -1), (-0.03500969, 0.043129098, 0.9984559, -1), (-0.035009693, 0.0431291, 0.9984559, -1), (-0.03500969, 0.043129098, 0.9984559, -1), (-0.15158604, -0.16562018, 0.9744699, -1), (-0.15158603, -0.16562016, 0.9744699, -1), (-0.15158603, -0.16562016, 0.9744699, -1), (-0.17542294, -0.2596825, 0.9496272, -1), (-0.17542294, -0.2596825, 0.9496272, -1), (-0.17542294, -0.2596825, 0.9496272, -1), (-0.1964607, -0.032288257, 0.9799799, -1), (-0.19646068, -0.032288257, 0.9799799, -1), (-0.1964607, -0.03228826, 0.9799799, -1), (-0.007957854, 0.15925749, 0.987205, -1), (-0.007957854, 0.15925749, 0.987205, -1), (-0.007957853, 0.15925747, 0.987205, -1), (0.005486445, -0.0073523317, 0.9999579, -1), (0.005486445, -0.0073523326, 0.9999579, -1), (0.0054864455, -0.0073523326, 0.9999579, -1), (-0.022236874, 0.16690826, 0.9857217, -1), (-0.022236872, 0.16690825, 0.9857217, -1), (-0.022236874, 0.16690828, 0.9857217, -1), (-0.16002585, -0.16220367, 0.97369486, -1), (-0.16002585, -0.16220367, 0.97369486, -1), (-0.16002582, -0.16220367, 0.97369486, -1), (-0.06936876, 0.27427346, 0.9591465, -1), (-0.06936876, 0.27427346, 0.9591465, -1), (-0.06936877, 0.27427346, 0.9591465, -1), (-0.34464496, -0.23430158, 0.9090229, -1), (-0.34464493, -0.23430155, 0.9090229, -1), (-0.34464496, -0.23430158, 0.9090229, -1), (-0.02698997, 0.02178612, 0.99939835, -1), (-0.02698997, 0.02178612, 0.99939835, -1), (-0.02698997, 0.02178612, 0.99939835, -1), (-0.07942213, -0.21790293, 0.97273356, -1), (-0.07942213, -0.21790293, 0.97273356, -1), (-0.07942213, -0.21790293, 0.97273356, -1), (-0.037674397, -0.18494986, 0.9820256, -1), (-0.037674397, -0.18494987, 0.9820256, -1), (-0.037674397, -0.18494986, 0.9820256, -1), (-0.23999198, -0.16725779, 0.9562577, -1), (-0.23999198, -0.16725779, 0.9562577, -1), (-0.23999198, -0.16725779, 0.9562576, -1), (0.015686117, 0.10409509, 0.9944436, -1), (0.01568612, 0.1040951, 0.9944436, -1), (0.01568612, 0.104095094, 0.9944436, -1), (-0.16456813, -0.081918776, 0.98295814, -1), (-0.16456814, -0.08191878, 0.98295814, -1), (-0.16456813, -0.081918776, 0.98295814, -1), (-0.3290222, -0.06905479, 0.941794, -1), (-0.32902217, -0.06905478, 0.941794, -1), (-0.32902217, -0.06905478, 0.941794, -1), (-0.3353645, -0.078311235, 0.93882793, -1), (-0.33536452, -0.07831124, 0.93882793, -1), (0.10437831, 0.013140888, 0.99445087, -1), (0.10437831, 0.013140887, 0.99445087, -1), (0.10437831, 0.013140887, 0.99445087, -1), (-0.03627205, 0.074985474, 0.99652475, -1), (-0.03627205, 0.074985474, 0.99652475, -1), (-0.03627205, 0.074985474, 0.99652475, -1), (-0.040468737, -0.034486648, 0.99858546, -1), (-0.040468734, -0.034486644, 0.99858546, -1), (-0.040468734, -0.034486644, 0.99858546, -1), (-0.07834476, -0.24214484, 0.9670719, -1), (-0.07834476, -0.24214481, 0.9670719, -1), (-0.07834476, -0.24214484, 0.9670719, -1), (-0.15823606, -0.086027004, 0.9836466, -1), (-0.15823604, -0.086027004, 0.9836466, -1), (-0.15823606, -0.08602702, 0.9836466, -1), (-0.17875957, -0.04316903, 0.9829454, -1), (-0.17875959, -0.04316903, 0.9829454, -1), (-0.17875957, -0.04316902, 0.9829454, -1), (-0.095766045, -0.015059981, 0.9952899, -1), (-0.095766045, -0.015059981, 0.9952899, -1), (-0.09576605, -0.015059982, 0.9952899, -1), (-0.11562268, 0, 0.99329317, -1), (-0.11562269, 0, 0.99329317, -1), (-0.11562268, 0, 0.99329317, -1), (-0.05616847, -0.007755247, 0.9983911, -1), (-0.056168463, -0.007755246, 0.9983911, -1), (-0.05616847, -0.007755246, 0.9983911, -1), (-0.044953357, -0.016303826, 0.99885607, -1), (-0.044953346, -0.016303822, 0.99885607, -1), (-0.07516154, 0.037638973, 0.99646074, -1), (-0.07516154, 0.03763897, 0.99646074, -1), (-0.07516154, 0.037638973, 0.99646074, -1), (-0.17363843, -0.19294305, 0.9657239, -1), (-0.17363843, -0.19294305, 0.9657239, -1), (-0.17363843, -0.19294305, 0.9657239, -1), (-0.19416955, -0.21441516, 0.9572483, -1), (-0.19416955, -0.2144152, 0.9572483, -1), (-0.058808986, -0.14600718, 0.9875339, -1), (-0.058808986, -0.14600717, 0.9875339, -1), (-0.058808986, -0.14600715, 0.98753405, -1), (-0.021702645, 0.22606018, 0.9738715, -1), (-0.021702647, 0.2260602, 0.9738715, -1), (-0.021702645, 0.22606018, 0.9738715, -1), (-0.09160922, -0.30632257, 0.9475095, -1), (-0.091609195, -0.3063225, 0.9475095, -1), (-0.0916092, -0.30632254, 0.9475095, -1), (0.10742572, 0.08642473, 0.9904496, -1), (0.107425734, 0.086424746, 0.9904496, -1), (0.107425734, 0.08642472, 0.9904496, -1), (-0.06594868, 0.032003853, 0.9973097, -1), (-0.06594869, 0.032003857, 0.9973097, -1), (-0.06594867, 0.032003853, 0.9973097, -1), (-0.25310504, -0.08151595, 0.9639984, -1), (-0.25310504, -0.08151595, 0.9639984, -1), (-0.25310504, -0.081515945, 0.9639984, -1), (0.21832867, 0.11044255, 0.9696056, -1), (0.21832867, 0.11044255, 0.9696056, -1), (0.2183287, 0.11044255, 0.9696056, -1), (-0.06401761, -0.010370698, 0.99789494, -1), (-0.06401761, -0.010370698, 0.99789494, -1), (-0.064017616, -0.010370699, 0.99789494, -1), (-0.07054636, -0.28933412, 0.954625, -1), (-0.07054636, -0.28933415, 0.954625, -1), (-0.07054636, -0.28933412, 0.954625, -1), (0.043514144, 0.006827286, 0.9990295, -1), (0.04351414, 0.006827287, 0.9990295, -1), (0.043514136, 0.006827286, 0.9990295, -1), (-0.02717037, 0.2428363, 0.9696866, -1), (-0.02717037, 0.24283633, 0.9696866, -1), (-0.02717037, 0.24283633, 0.9696866, -1), (-0.06667983, -0.101443894, 0.9926041, -1), (-0.06667982, -0.101443894, 0.9926041, -1), (-0.06667983, -0.10144388, 0.9926041, -1), (0.11014635, 0.24883054, 0.9622636, -1), (0.11014636, 0.24883057, 0.9622636, -1), (0.11014635, 0.24883054, 0.9622636, -1), (0.02260716, 0.16558999, 0.98593557, -1), (0.022607159, 0.16558997, 0.98593557, -1), (0.022607159, 0.16558996, 0.98593557, -1), (-0.17026024, -0.15489271, 0.97314936, -1), (-0.17026024, -0.15489271, 0.97314936, -1), (-0.17026024, -0.15489273, 0.97314936, -1), (0.044843156, 0.16051932, 0.9860135, -1), (0.044843156, 0.16051932, 0.9860135, -1), (0.044843156, 0.16051932, 0.9860135, -1), (-0.23988992, -0.1918652, 0.9516515, -1), (-0.23988989, -0.19186518, 0.9516515, -1), (-0.23988988, -0.19186518, 0.9516515, -1), (-0.10435406, -0.06368416, 0.9924992, -1), (-0.10435406, -0.06368416, 0.9924992, -1), (-0.10435406, -0.06368416, 0.9924992, -1), (0.004115826, 0.050427165, 0.9987192, -1), (0.004115826, 0.050427172, 0.9987192, -1), (0.004115826, 0.050427165, 0.9987192, -1), (-0.10894948, -0.22789788, 0.9675704, -1), (-0.10894948, -0.22789788, 0.9675704, -1), (-0.10894948, -0.22789787, 0.9675705, -1), (-0.08220018, 0.110402405, 0.9904819, -1), (-0.08220018, 0.110402405, 0.9904819, -1), (-0.08220018, 0.11040242, 0.9904819, -1), (-0.16752392, 0.05877353, 0.9841145, -1), (-0.16752392, 0.05877353, 0.9841145, -1), (-0.16752392, 0.05877353, 0.9841145, -1), (-0.04632855, -0.19543435, 0.9796219, -1), (-0.046328545, -0.19543436, 0.9796219, -1), (-0.046328545, -0.19543435, 0.9796219, -1), (-0.21615727, -0.0037187336, 0.9763515, -1), (-0.2161573, -0.0037187336, 0.9763515, -1), (-0.2161573, -0.0037187336, 0.9763515, -1), (-0.22640303, -0.3055454, 0.9248695, -1), (-0.22640301, -0.30554536, 0.9248695, -1), (-0.22640303, -0.30554542, 0.9248695, -1), (-0.052569326, 0.023270678, 0.9983461, -1), (-0.052569326, 0.02327068, 0.9983461, -1), (-0.052569326, 0.02327068, 0.9983461, -1), (0.018549552, 0.15048318, 0.98843855, -1), (0.018549552, 0.15048318, 0.98843855, -1), (0.018549552, 0.15048318, 0.98843855, -1), (0.11520417, -0.13238263, 0.984481, -1), (0.115204155, -0.13238263, 0.984481, -1), (0.115204155, -0.13238263, 0.984481, -1), (-0.048784193, 0.10478888, 0.99329716, -1), (-0.048784196, 0.10478889, 0.99329716, -1), (-0.04878419, 0.104788885, 0.99329716, -1), (-0.056672573, 0.12611544, 0.99039537, -1), (-0.05667258, 0.12611544, 0.9903955, -1), (-0.05667258, 0.12611544, 0.9903955, -1), (-0.011234424, 0.055434912, 0.9983991, -1), (-0.011234424, 0.055434912, 0.9983991, -1), (-0.011234424, 0.055434905, 0.9983991, -1), (-0.14823815, -0.028395265, 0.9885439, -1), (-0.14823817, -0.028395267, 0.9885439, -1), (-0.14823815, -0.028395265, 0.9885439, -1), (-0.099512115, -0.14359021, 0.9846214, -1), (-0.099512115, -0.1435902, 0.9846214, -1), (-0.099512115, -0.14359021, 0.9846214, -1), (-0.08761072, -0.09164621, 0.99193007, -1), (-0.08761072, -0.09164622, 0.99193007, -1), (-0.08761074, -0.09164622, 0.99193007, -1), (-0.061918948, 0.08389492, 0.994549, -1), (-0.061918948, 0.08389493, 0.994549, -1), (-0.061918948, 0.08389492, 0.994549, -1), (-0.044077225, -0.016180012, 0.9988971, -1), (-0.04407722, -0.016180012, 0.9988971, -1), (-0.044077225, -0.016180014, 0.9988971, -1), (0.018399544, 0.19166955, 0.98128706, -1), (0.018399546, 0.19166957, 0.98128706, -1), (0.018399544, 0.19166955, 0.98128706, -1), (-0.101447344, 0.09113544, 0.9906578, -1), (-0.101447344, 0.09113545, 0.9906578, -1), (-0.10144735, 0.09113545, 0.9906578, -1), (0.1679018, 0.11677747, 0.97886264, -1), (0.1679018, 0.11677747, 0.97886264, -1), (0.1679018, 0.11677747, 0.97886264, -1), (-0.13613178, -0.061919115, 0.9887539, -1), (-0.13613178, -0.061919115, 0.9887539, -1), (-0.13613178, -0.061919115, 0.9887539, -1), (-0.13533932, 0.1269873, 0.9826278, -1), (-0.13533932, 0.1269873, 0.9826278, -1), (-0.13533932, 0.1269873, 0.9826278, -1), (-0.196177, -0.24323955, 0.9499206, -1), (-0.196177, -0.24323955, 0.9499206, -1), (-0.196177, -0.24323955, 0.9499206, -1), (-0.1434966, -0.26355925, 0.9539105, -1), (-0.14349657, -0.26355925, 0.9539105, -1), (-0.14349659, -0.26355925, 0.9539105, -1), (-0.11944511, -0.24898033, 0.9611148, -1), (-0.11944511, -0.24898033, 0.9611148, -1), (-0.119123265, -0.05194936, 0.9915195, -1), (-0.11912325, -0.051949352, 0.9915195, -1), (-0.119123265, -0.05194936, 0.9915195, -1), (-0.16051935, -0.051761545, 0.98567456, -1), (-0.16051935, -0.051761545, 0.98567456, -1), (-0.16051935, -0.051761538, 0.98567456, -1), (-0.023565548, -0.04821567, 0.99855894, -1), (-0.02356555, -0.04821567, 0.99855894, -1), (-0.02356555, -0.04821567, 0.99855894, -1), (-0.12008134, -0.091203846, 0.98856586, -1), (-0.12008134, -0.09120383, 0.98856586, -1), (-0.120081335, -0.091203846, 0.98856586, -1), (-0.113600224, 0.24759232, 0.9621814, -1), (-0.113600224, 0.24759232, 0.9621814, -1), (-0.113600224, 0.24759229, 0.9621814, -1), (-0.055928636, 0.014346133, 0.9983317, -1), (-0.055928636, 0.014346133, 0.9983317, -1), (-0.05592863, 0.014346131, 0.9983317, -1), (-0.15863465, -0.01017576, 0.98728496, -1), (-0.15863465, -0.01017576, 0.98728496, -1), (-0.15863463, -0.010175759, 0.98728496, -1), (-0.16568515, -0.29516894, 0.9409695, -1), (-0.16568515, -0.29516894, 0.9409695, -1), (-0.16568518, -0.29516897, 0.9409695, -1), (-0.06894983, -0.05214832, 0.99625623, -1), (-0.068949826, -0.052148312, 0.99625623, -1), (-0.06894983, -0.05214832, 0.99625623, -1), (-0.08879933, -0.031161621, 0.99556196, -1), (-0.08879932, -0.031161621, 0.99556196, -1), (-0.11720313, 0.034504946, 0.99250835, -1), (-0.11720315, 0.034504954, 0.99250835, -1), (-0.11720314, 0.03450495, 0.99250835, -1), (0.018126765, 0.20727949, 0.9781139, -1), (0.018126765, 0.20727949, 0.9781139, -1), (0.018126765, 0.20727949, 0.9781139, -1), (-0.046929408, -0.17397894, 0.98363054, -1), (-0.046929404, -0.17397892, 0.98363054, -1), (-0.046929404, -0.17397892, 0.98363054, -1), (-0.041990668, 0.23148137, 0.97193265, -1), (-0.041990668, 0.23148137, 0.97193265, -1), (-0.041990668, 0.2314814, 0.97193265, -1), (-0.08413011, 0.031963743, 0.99594194, -1), (-0.0841301, 0.031963743, 0.99594194, -1), (-0.08413011, 0.031963743, 0.99594194, -1), (-0.1359061, -0.10093559, 0.9855666, -1), (-0.1359061, -0.10093559, 0.9855666, -1), (-0.1359061, -0.10093561, 0.9855666, -1), (0.027813604, 0.20314468, 0.97875357, -1), (0.027813604, 0.20314468, 0.97875357, -1), (0.027813604, 0.2031447, 0.97875357, -1), (-0.120573975, -0.11350361, 0.9861941, -1), (-0.120573975, -0.1135036, 0.9861941, -1), (-0.120573975, -0.11350361, 0.9861941, -1), (-0.11718183, -0.016354598, 0.99297583, -1), (-0.117181845, -0.016354598, 0.99297583, -1), (-0.117181815, -0.016354598, 0.99297583, -1), (-0.03706272, 0.10658865, 0.99361223, -1), (-0.03706272, 0.10658866, 0.99361223, -1), (-0.03706272, 0.10658865, 0.99361223, -1), (-0.10477006, -0.13705038, 0.9850079, -1), (-0.10477007, -0.13705039, 0.9850079, -1), (-0.10477006, -0.13705039, 0.98500776, -1), (-0.0430964, 0.09556789, 0.99448955, -1), (-0.04309641, 0.09556789, 0.99448955, -1), (-0.0430964, 0.09556788, 0.99448955, -1), (0.015454175, 0.20189355, 0.97928554, -1), (0.015454173, 0.20189355, 0.97928554, -1), (0.015454173, 0.20189354, 0.97928554, -1), (0.0148979975, 0.27434793, 0.961515, -1), (0.014897998, 0.27434793, 0.961515, -1), (0.0148979975, 0.27434793, 0.961515, -1), (0.02715595, 0.29722682, 0.9544206, -1), (0.02715595, 0.29722685, 0.9544206, -1), (0.0155684175, 0.276288, 0.96094877, -1), (0.015568419, 0.276288, 0.96094877, -1), (0.015568416, 0.276288, 0.96094877, -1), (-0.006985141, 0.316004, 0.94873214, -1), (-0.006985141, 0.31600404, 0.94873214, -1), (-0.05968532, 0.09774872, 0.9934198, -1), (-0.059685327, 0.097748734, 0.9934198, -1), (-0.059685327, 0.097748734, 0.9934198, -1), (-0.25565985, -0.073095635, 0.9639995, -1), (-0.25565982, -0.07309563, 0.9639995, -1), (-0.25565985, -0.073095635, 0.9639995, -1), (-0.19492145, -0.098932855, 0.97581655, -1), (-0.19492146, -0.098932855, 0.97581655, -1), (-0.19492146, -0.09893288, 0.97581655, -1), (-0.04104439, 0.07054473, 0.99666375, -1), (-0.041044388, 0.070544735, 0.99666375, -1), (-0.041044395, 0.07054473, 0.99666375, -1), (-0.11588165, 0.10004497, 0.9882117, -1), (-0.11588167, 0.10004498, 0.9882117, -1), (-0.11588166, 0.10004497, 0.9882117, -1), (0.058266472, 0.05970921, 0.9965139, -1), (0.058266472, 0.059709217, 0.9965139, -1), (0.058266472, 0.05970921, 0.9965139, -1), (-0.18548977, -0.27223247, 0.9441838, -1), (-0.18548977, -0.27223247, 0.9441838, -1), (-0.18548974, -0.27223244, 0.9441838, -1), (0.07340496, 0.10935299, 0.9912888, -1), (0.07340496, 0.109353006, 0.9912888, -1), (0.07340496, 0.10935299, 0.9912888, -1), (-0.10807595, -0.113303706, 0.9876649, -1), (-0.10807593, -0.11330369, 0.9876649, -1), (-0.10807595, -0.113303706, 0.9876649, -1), (-0.05944476, -0.013124309, 0.99814534, -1), (-0.05944476, -0.0131243095, 0.99814534, -1), (-0.05944476, -0.013124308, 0.99814534, -1), (-0.066685386, -0.12128812, 0.99037474, -1), (-0.066685386, -0.12128812, 0.99037474, -1), (-0.066685386, -0.12128812, 0.99037474, -1), (-0.32625756, -0.0015935352, 0.9452796, -1), (-0.32625756, -0.0015935354, 0.94527954, -1), (-0.32625756, -0.0015935352, 0.94527954, -1), (-0.11010371, -0.1701948, 0.97923994, -1), (-0.11010372, -0.1701948, 0.97923994, -1), (-0.11010371, -0.1701948, 0.97923994, -1), (-0.03340889, 0.015082089, 0.999328, -1), (-0.03340889, 0.015082089, 0.999328, -1), (-0.033408895, 0.01508209, 0.999328, -1), (-0.15452862, -0.02637777, 0.98763615, -1), (-0.15452862, -0.02637777, 0.98763615, -1), (-0.15452862, -0.02637777, 0.98763615, -1), (-0.14641948, -0.0043724966, 0.98921293, -1), (-0.14641947, -0.0043724966, 0.98921293, -1), (-0.032295045, 0.27619782, 0.960558, -1), (-0.032295045, 0.27619782, 0.960558, -1), (-0.032295045, 0.27619782, 0.960558, -1), (-0.0720534, 0.02001433, 0.9972, -1), (-0.0720534, 0.02001433, 0.9972, -1), (-0.0720534, 0.020014333, 0.9972, -1), (-0.066145405, 0.08487013, 0.9941941, -1), (-0.066145405, 0.08487013, 0.9941941, -1), (-0.066145405, 0.08487013, 0.9941941, -1), (0.020689486, 0.0044942675, 0.9997758, -1), (0.020689486, 0.0044942675, 0.9997758, -1), (0.020689486, 0.0044942675, 0.9997758, -1), (-0.17877631, -0.17416438, 0.96835214, -1), (-0.1787763, -0.17416438, 0.96835214, -1), (-0.1787763, -0.17416438, 0.96835214, -1), (0.061407674, 0.069608055, 0.9956826, -1), (0.06140768, 0.069608055, 0.9956826, -1), (0.061407685, 0.069608055, 0.9956826, -1), (0.06623109, 0.13207813, 0.9890243, -1), (0.06623109, 0.13207813, 0.98902416, -1), (0.06623109, 0.13207813, 0.98902416, -1), (-0.09720871, -0.06853229, 0.9929016, -1), (-0.0972087, -0.06853228, 0.9929016, -1), (-0.09720869, -0.06853229, 0.9929016, -1), (-0.01316276, -0.29307213, 0.95599973, -1), (-0.01316276, -0.2930722, 0.9559996, -1), (-0.01316276, -0.29307216, 0.95599973, -1), (-0.13939123, -0.06443996, 0.9881384, -1), (-0.13939124, -0.06443995, 0.9881384, -1), (-0.13939124, -0.06443995, 0.9881384, -1), (-0.042421732, -0.0021347373, 0.99909747, -1), (-0.04242173, -0.002134737, 0.99909747, -1), (-0.042421732, -0.0021347373, 0.99909747, -1), (0.039036572, 0.03088002, 0.99876046, -1), (0.039036576, 0.03088002, 0.99876046, -1), (0.039036572, 0.03088002, 0.99876046, -1), (-0.054614723, 0.048221704, 0.9973424, -1), (-0.054614723, 0.0482217, 0.9973424, -1), (-0.054614723, 0.048221704, 0.9973424, -1), (-0.21623057, -0.15995108, 0.963151, -1), (-0.21623057, -0.15995106, 0.9631511, -1), (-0.21623057, -0.15995108, 0.9631511, -1), (-0.4931119, -0.08499218, 0.8658042, -1), (-0.4931119, -0.08499219, 0.8658042, -1), (-0.49311194, -0.08499219, 0.8658042, -1), (-0.08443546, -0.08674593, 0.99264586, -1), (-0.084435456, -0.08674593, 0.99264586, -1), (-0.08443546, -0.08674593, 0.99264586, -1), (-0.0057926863, 0.026634326, 0.9996284, -1), (-0.0057926863, 0.026634326, 0.9996284, -1), (-0.0057926863, 0.026634326, 0.9996284, -1), (-0.023761045, 0.203295, 0.97882915, -1), (-0.023761045, 0.203295, 0.97882915, -1), (-0.023761045, 0.20329498, 0.97882915, -1), (-0.08021131, -0.08848662, 0.99284256, -1), (-0.080211304, -0.08848661, 0.99284256, -1), (-0.08021131, -0.088486604, 0.99284256, -1), (-0.03999543, 0.15278597, 0.98744965, -1), (-0.039995432, 0.15278599, 0.98744965, -1), (-0.039995432, 0.15278599, 0.98744965, -1), (-0.18513791, 0.13779376, 0.973004, -1), (-0.18513788, 0.13779372, 0.973004, -1), (-0.18513793, 0.13779376, 0.973004, -1), (-0.009412696, 0.18129955, 0.9833829, -1), (-0.009412696, 0.18129957, 0.9833829, -1), (-0.009412696, 0.18129957, 0.9833829, -1), (-0.12654333, -0.19650118, 0.9723034, -1), (-0.12654333, -0.19650118, 0.9723034, -1), (-0.12654333, -0.19650118, 0.9723034, -1), (-0.1543803, -0.20694228, 0.96609616, -1), (-0.1543803, -0.20694228, 0.96609616, -1), (-0.1543803, -0.20694228, 0.96609616, -1), (-0.21298486, -0.19873014, 0.95663154, -1), (-0.21298486, -0.19873014, 0.95663154, -1), (-0.21298485, -0.19873013, 0.95663154, -1), (-0.16204034, 0.0041349297, 0.98677546, -1), (-0.16204035, 0.0041349297, 0.98677546, -1), (-0.16204034, 0.0041349297, 0.98677546, -1), (0.029091371, -0.09110375, 0.9954164, -1), (0.029091371, -0.091103755, 0.9954164, -1), (0.029091377, -0.09110376, 0.9954164, -1), (-0.14709501, 0.19313285, 0.97008383, -1), (-0.14709501, 0.19313285, 0.97008383, -1), (-0.14709501, 0.19313286, 0.97008383, -1), (-0.20559727, -0.11003748, 0.97243077, -1), (-0.20559725, -0.110037476, 0.97243077, -1), (-0.20559725, -0.11003747, 0.97243077, -1), (-0.17032999, -0.091612116, 0.98111916, -1), (-0.17033, -0.09161211, 0.98111916, -1), (-0.15540214, -0.14133915, 0.9776878, -1), (-0.15540215, -0.14133915, 0.9776878, -1), (-0.15540217, -0.14133915, 0.9776878, -1), (0.04560852, -0.011286113, 0.99889565, -1), (0.04560852, -0.0112861125, 0.99889565, -1), (0.04560852, -0.011286113, 0.99889565, -1), (-0.06244749, 0.07903449, 0.99491405, -1), (-0.06244749, 0.079034485, 0.99491405, -1), (-0.06244749, 0.0790345, 0.99491405, -1), (0.030731808, 0.21179745, 0.97683024, -1), (0.030731808, 0.21179745, 0.97683024, -1), (0.030731808, 0.21179746, 0.97683024, -1), (-0.20361008, -0.18135831, 0.9621081, -1), (-0.20361008, -0.1813583, 0.9621081, -1), (-0.20361005, -0.1813583, 0.9621081, -1), (-0.1166578, -0.09973103, 0.9881521, -1), (-0.1166578, -0.09973103, 0.9881521, -1), (-0.1166578, -0.09973103, 0.9881521, -1), (-0.100980535, -0.13401094, 0.98582155, -1), (-0.10098053, -0.13401094, 0.98582155, -1), (-0.100980535, -0.13401094, 0.98582155, -1), (-0.20066284, -0.25067016, 0.9470474, -1), (-0.20066284, -0.25067016, 0.94704753, -1), (-0.20066284, -0.25067016, 0.9470474, -1), (-0.21136738, -0.178987, 0.96087855, -1), (-0.21136738, -0.17898701, 0.96087855, -1), (-0.21136738, -0.17898701, 0.96087855, -1), (-0.106881045, 0.1400841, 0.984354, -1), (-0.106881045, 0.14008409, 0.984354, -1), (-0.10688104, 0.14008407, 0.984354, -1), (0.015654886, -0.109166235, 0.9939002, -1), (0.015654888, -0.109166235, 0.9939002, -1), (0.015654888, -0.109166235, 0.9939002, -1), (-0.023307357, -0.01794813, 0.9995672, -1), (-0.023307355, -0.01794813, 0.9995672, -1), (-0.023307357, -0.017948132, 0.9995672, -1), (-0.064291835, 0.0140636945, 0.997832, -1), (-0.064291835, 0.014063695, 0.997832, -1), (-0.06429184, 0.014063696, 0.997832, -1), (-0.09934208, 0.2843699, 0.95355386, -1), (-0.09934206, 0.2843699, 0.95355386, -1), (-0.09934208, 0.28436995, 0.95355386, -1), (-0.11553936, -0.20784229, 0.9713147, -1), (-0.11553935, -0.20784229, 0.9713147, -1), (-0.11553936, -0.20784229, 0.9713147, -1), (-0.109658435, -0.20123607, 0.9733854, -1), (-0.10965845, -0.20123608, 0.9733854, -1), (-0.109658435, -0.20123607, 0.9733854, -1), (-0.1840742, -0.16565987, 0.9688516, -1), (-0.1840742, -0.16565987, 0.9688516, -1), (-0.18407418, -0.16565989, 0.9688516, -1), (-0.06650135, -0.06593165, 0.99560565, -1), (-0.06650136, -0.065931655, 0.99560565, -1), (-0.06650136, -0.065931655, 0.99560565, -1), (-0.102684036, -0.06381329, 0.992665, -1), (-0.102684036, -0.06381329, 0.992665, -1), (-0.102684036, -0.06381329, 0.992665, -1), (-0.10848802, -0.19330293, 0.9751227, -1), (-0.10848804, -0.19330294, 0.9751227, -1), (-0.10848802, -0.19330291, 0.9751227, -1), (0.20133004, -0.055668596, 0.9779403, -1), (0.20133008, -0.055668604, 0.9779403, -1), (0.20133007, -0.055668604, 0.9779403, -1), (-0.22191386, 0.032421593, 0.9745272, -1), (-0.22191381, 0.03242159, 0.9745272, -1), (-0.22191383, 0.032421593, 0.9745272, -1), (-0.044735447, 0.071998775, 0.99640095, -1), (-0.044735443, 0.071998775, 0.99640095, -1), (-0.044735443, 0.07199877, 0.99640095, -1), (-0.01651232, -0.14212711, 0.98971075, -1), (-0.01651232, -0.1421271, 0.98971075, -1), (-0.016512323, -0.1421271, 0.98971075, -1), (-0.11712959, 0.14463627, 0.9825279, -1), (-0.11712958, 0.14463627, 0.9825279, -1), (-0.11712959, 0.14463627, 0.9825279, -1), (-0.1527339, -0.13568874, 0.978908, -1), (-0.15273392, -0.13568875, 0.978908, -1), (-0.15273392, -0.13568874, 0.978908, -1), (-0.23699951, -0.09678496, 0.9666767, -1), (-0.23699953, -0.09678496, 0.9666767, -1), (-0.23699951, -0.09678494, 0.9666767, -1), (0.13093928, 0.069165446, 0.9889747, -1), (0.13093928, 0.069165446, 0.9889747, -1), (0.13093928, 0.069165446, 0.9889747, -1), (-0.19565813, -0.1399129, 0.9706401, -1), (-0.19565813, -0.1399129, 0.9706401, -1), (-0.19565813, -0.1399129, 0.9706401, -1), (-0.2077767, -0.10888279, 0.97209746, -1), (-0.20777667, -0.108882785, 0.97209746, -1), (-0.009196982, -0.035832215, 0.9993155, -1), (-0.009196982, -0.03583222, 0.9993155, -1), (-0.009196984, -0.03583222, 0.9993155, -1), (-0.0076524937, 0.07068423, 0.9974694, -1), (-0.007652493, 0.07068424, 0.9974694, -1), (-0.007652493, 0.07068424, 0.9974694, -1), (-0.15755376, -0.0072586816, 0.98748374, -1), (-0.15755376, -0.0072586806, 0.98748374, -1), (-0.15755376, -0.0072586806, 0.98748374, -1), (0.006525728, -0.11675843, 0.99313885, -1), (0.006525728, -0.11675841, 0.99313885, -1), (0.006525728, -0.11675841, 0.99313885, -1), (0.027417066, 0.114377975, 0.9930589, -1), (0.027417062, 0.11437796, 0.9930589, -1), (0.027417066, 0.114377975, 0.9930589, -1), (-0.18010242, -0.06885178, 0.9812352, -1), (-0.18010238, -0.06885177, 0.9812352, -1), (-0.18010238, -0.06885178, 0.9812352, -1), (-0.06545557, 0.038364653, 0.99711776, -1), (-0.06545557, 0.038364656, 0.99711776, -1), (-0.06545557, 0.038364656, 0.99711776, -1), (-0.044093143, 0.003768143, 0.99902034, -1), (-0.044093143, 0.0037681432, 0.99902034, -1), (-0.044093136, 0.0037681425, 0.99902034, -1), (-0.08526286, 0.0702909, 0.9938759, -1), (-0.085262865, 0.07029091, 0.9938759, -1), (-0.085262865, 0.070290916, 0.9938759, -1), (0.13832252, -0.061502248, 0.9884758, -1), (0.1383225, -0.06150224, 0.9884758, -1), (0.1383225, -0.061502248, 0.9884758, -1), (0.1405574, 0.021266311, 0.9898441, -1), (0.14055738, 0.02126631, 0.9898441, -1), (0.1405574, 0.021266311, 0.9898441, -1), (0.10733368, -0.01629494, 0.9940895, -1), (0.10835891, -0.003992424, 0.99410385, -1), (0.10417096, -0.01602094, 0.99443036, -1), (0.10417095, -0.01602094, 0.99443036, -1), (-0.07708272, 0.014474292, 0.99691963, -1), (-0.07708272, 0.0144742895, 0.99691963, -1), (-0.07708272, 0.0144742895, 0.99691963, -1), (-0.053308778, 0.043486815, 0.9976307, -1), (-0.05330878, 0.04348681, 0.9976307, -1), (0.043353334, -0.056207605, 0.99747735, -1), (0.04335333, -0.056207605, 0.99747735, -1), (0.04335333, -0.05620761, 0.99747735, -1), (-0.14991172, -0.040170595, 0.98788303, -1), (-0.14991172, -0.0401706, 0.98788303, -1), (-0.14991172, -0.0401706, 0.98788303, -1), (-0.12325354, -0.14105663, 0.98229903, -1), (-0.12325354, -0.14105664, 0.98229903, -1), (-0.12325354, -0.14105664, 0.98229903, -1), (-0.0049302713, 0, 0.99998784, -1), (-0.0049302718, 0, 0.99998784, -1), (-0.0049302718, 0, 0.99998784, -1), (-0.12179038, -0.0131821055, 0.9924683, -1), (-0.121790394, -0.013182107, 0.9924683, -1), (-0.12179037, -0.013182106, 0.9924683, -1), (-0.09378412, 0.0025662545, 0.99558926, -1), (-0.09485335, 0.029422365, 0.9950564, -1), (-0.08059906, 0.029654453, 0.99630535, -1), (-0.080599055, 0.02965445, 0.99630535, -1), (-0.11517045, 0.0017819469, 0.99334407, -1), (-0.115170464, 0.0017819472, 0.99334407, -1), (-0.086187765, 0.020019673, 0.9960777, -1), (-0.07412781, 0.019245557, 0.997063, -1), (-0.06429478, 0.01861006, 0.9977575, -1), (0.42814535, -0.06067734, 0.9016705, -1), (0.4281454, -0.06067734, 0.9016705, -1), (0.4281454, -0.060677335, 0.9016705, -1), (-0.20233877, -0.0100340275, 0.9792642, -1), (-0.20233876, -0.010034025, 0.9792642, -1), (-0.2023388, -0.0100340275, 0.9792642, -1), (-0.32297376, 0.0059481086, 0.94638914, -1), (-0.32297373, 0.0059481086, 0.94638914, -1), (-0.32297376, 0.0059481086, 0.94638914, -1), (-0.043050468, 0.0063238363, 0.9990528, -1), (-0.043050464, 0.0063238363, 0.9990528, -1), (-0.043050468, 0.0063238363, 0.9990528, -1), (-0.27508047, -0.025251918, 0.9610895, -1), (-0.27508044, -0.025251918, 0.9610895, -1), (-0.27508044, -0.025251916, 0.9610895, -1), (-0.015880834, -0.0032733362, 0.9998685, -1), (-0.015880834, -0.0032733367, 0.9998685, -1), (-0.015880834, -0.0032733362, 0.9998685, -1), (0.078353055, 0.022117374, 0.9966804, -1), (0.078353055, 0.022117374, 0.9966804, -1), (0.078353055, 0.022117373, 0.9966804, -1), (-0.31674936, -0.016536513, 0.9483651, -1), (-0.31674933, -0.016536513, 0.9483651, -1), (-0.31674933, -0.016536513, 0.9483651, -1), (-0.3200632, -0.04245259, 0.9464446, -1), (-0.32006323, -0.042452596, 0.9464446, -1), (-0.09927784, 0.018718788, 0.9948836, -1), (-0.09927784, 0.018718788, 0.9948836, -1), (-0.09927784, 0.018718788, 0.9948836, -1), (-0.14832197, -0.066756055, 0.9866834, -1), (-0.14832197, -0.066756055, 0.9866834, -1), (-0.14832196, -0.066756055, 0.9866834, -1), (-0.18082778, -0.035990905, 0.982856, -1), (-0.18082777, -0.0359909, 0.982856, -1), (-0.18082775, -0.0359909, 0.982856, -1), (-0.20631757, -0.022391653, 0.97822887, -1), (-0.20631756, -0.022391653, 0.97822887, -1), (-0.18315877, -0.106128916, 0.97733796, -1), (-0.18315879, -0.1061289, 0.97733796, -1), (-0.18315881, -0.10612892, 0.97733796, -1), (-0.10468805, -0.059574377, 0.9927192, -1), (-0.10468807, -0.059574388, 0.9927192, -1), (-0.10468805, -0.059574377, 0.9927192, -1), (0.014921458, 0.19262436, 0.9811591, -1), (0.01492146, 0.19262438, 0.9811591, -1), (0.01492146, 0.19262439, 0.9811591, -1), (-0.25795284, -0.11639515, 0.95912075, -1), (-0.25795284, -0.11639515, 0.95912075, -1), (-0.25795284, -0.11639515, 0.95912075, -1), (-0.08403266, -0.0428082, 0.99554306, -1), (-0.08403266, -0.0428082, 0.99554306, -1), (-0.08403266, -0.042808205, 0.99554306, -1), (0.09669058, 0.061315745, 0.99342406, -1), (0.09669058, 0.061315745, 0.99342406, -1), (0.09669058, 0.061315745, 0.99342406, -1), (-0.3559441, -0.020377595, 0.93428504, -1), (-0.3559441, -0.020377595, 0.93428504, -1), (-0.3559441, -0.020377599, 0.93428504, -1), (-0.18651828, -0.14017561, 0.9724, -1), (-0.18651828, -0.14017561, 0.9724, -1), (-0.1865183, -0.14017561, 0.9724, -1), (-0.35753947, -0.2108641, 0.9097813, -1), (-0.35753942, -0.21086413, 0.9097813, -1), (-0.35753947, -0.21086413, 0.9097813, -1), (-0.077782445, -0.0029758597, 0.99696594, -1), (-0.07778244, -0.0029758594, 0.99696594, -1), (-0.077782445, -0.00297586, 0.99696594, -1), (-0.13220496, 0.03457093, 0.9906193, -1), (-0.13220496, 0.03457092, 0.9906193, -1), (-0.13220496, 0.03457092, 0.9906193, -1), (-0.11196689, 0.10508642, 0.98813975, -1), (-0.111966886, 0.10508642, 0.98813975, -1), (-0.111966886, 0.10508642, 0.98813975, -1), (-0.047443032, 0.05742816, 0.9972217, -1), (-0.047443025, 0.05742815, 0.9972217, -1), (-0.04744303, 0.05742816, 0.9972217, -1), (-0.14772199, 0.06690631, 0.9867633, -1), (-0.14772198, 0.066906326, 0.9867633, -1), (-0.14772198, 0.066906326, 0.9867633, -1), (-0.25408766, -0.08698498, 0.9632617, -1), (-0.2540877, -0.086984985, 0.9632617, -1), (-0.25408766, -0.08698498, 0.9632617, -1), (-0.04150058, 0.04648563, 0.9980565, -1), (-0.041500572, 0.046485625, 0.9980565, -1), (-0.041500576, 0.04648564, 0.9980565, -1), (-0.11684989, 0.13941588, 0.98331547, -1), (-0.11684991, 0.13941588, 0.98331547, -1), (-0.11684989, 0.13941586, 0.98331547, -1), (-0.08763212, -0.07787393, 0.9931044, -1), (-0.08763211, -0.077873915, 0.9931044, -1), (-0.08763211, -0.077873915, 0.9931044, -1), (-0.13007821, -0.08285011, 0.98803616, -1), (-0.13007821, -0.08285011, 0.98803616, -1), (-0.05223709, -0.15992926, 0.9857453, -1), (-0.052237093, -0.15992928, 0.9857453, -1), (-0.05223709, -0.15992926, 0.9857453, -1), (0.018249718, 0.02077432, 0.9996176, -1), (0.01824972, 0.020774323, 0.9996176, -1), (0.018249718, 0.020774322, 0.9996176, -1), (-0.26847762, -0.13909344, 0.9531908, -1), (-0.26847762, -0.13909344, 0.9531908, -1), (-0.26847762, -0.13909344, 0.9531908, -1), (0.019151935, 0.2166796, 0.9760549, -1), (0.019151933, 0.21667957, 0.9760549, -1), (0.019151933, 0.21667957, 0.9760549, -1), (-0.011365744, 0.12613928, 0.9919475, -1), (-0.011365745, 0.12613928, 0.9919475, -1), (-0.011365745, 0.1261393, 0.9919475, -1), (0.06157522, 0.24711673, 0.9670273, -1), (0.06157522, 0.24711673, 0.9670273, -1), (0.06157522, 0.2471167, 0.9670273, -1), (0.14841431, 0.23050866, 0.9616854, -1), (0.1484143, 0.23050866, 0.9616854, -1), (0.14841431, 0.23050867, 0.9616854, -1), (0.06162149, 0.21131237, 0.9754742, -1), (0.0616215, 0.21131237, 0.9754742, -1), (0.0616215, 0.21131238, 0.9754742, -1), (0.14113104, 0.14654328, 0.97908485, -1), (0.14113106, 0.14654328, 0.97908485, -1), (0.14113106, 0.1465433, 0.97908485, -1), (0.038992804, 0.24342513, 0.9691356, -1), (0.038992804, 0.24342513, 0.9691356, -1), (0.038992804, 0.2434251, 0.9691356, -1), (-0.0685817, -0.058471665, 0.9959306, -1), (-0.0685817, -0.058471665, 0.9959306, -1), (-0.0685817, -0.058471665, 0.9959306, -1), (0, 0.0725361, 0.9973658, -1), (0, 0.0725361, 0.9973658, -1), (0, 0.07253611, 0.9973658, -1), (-0.24839115, -0.14937067, 0.95707375, -1), (-0.24839115, -0.14937069, 0.95707375, -1), (-0.24839115, -0.14937067, 0.95707375, -1), (-0.08469263, -0.07350323, 0.9936924, -1), (-0.084692635, -0.07350324, 0.9936924, -1), (-0.08469262, -0.07350323, 0.9936924, -1), (-0.089640684, 0.0110476585, 0.99591285, -1), (-0.089640684, 0.011047659, 0.99591285, -1), (-0.08964069, 0.01104766, 0.99591285, -1), (-0.04220615, -0.018302707, 0.99894124, -1), (-0.04220615, -0.018302705, 0.99894124, -1), (-0.04220615, -0.018302707, 0.99894124, -1), (0, 0.17215064, 0.9850706, -1), (0, 0.17215064, 0.9850706, -1), (0, 0.17215063, 0.9850706, -1), (-0.29231167, -0.14215714, 0.9456983, -1), (-0.29231164, -0.14215714, 0.9456983, -1), (-0.29231167, -0.14215715, 0.9456983, -1), (-0.009455992, 0.13802367, 0.99038374, -1), (-0.009455992, 0.13802367, 0.99038374, -1), (-0.009455992, 0.13802367, 0.99038374, -1), (-0.023901092, 0.15874842, 0.98702973, -1), (-0.023901092, 0.15874842, 0.98702973, -1), (-0.023901094, 0.15874843, 0.98702973, -1), (-0.0631138, -0.12207893, 0.9905117, -1), (-0.0631138, -0.12207893, 0.9905117, -1), (-0.0631138, -0.12207893, 0.9905117, -1), (0.16977522, 0.32343552, 0.93089515, -1), (0.16977523, 0.32343554, 0.93089515, -1), (0.16977523, 0.32343554, 0.93089515, -1), (0.1382575, 0.14068751, 0.980353, -1), (0.1382575, 0.14068751, 0.980353, -1), (0.1382575, 0.14068751, 0.980353, -1), (-0.011287842, -0.020167192, 0.9997329, -1), (-0.011287841, -0.020167192, 0.9997329, -1), (-0.011287843, -0.020167194, 0.9997329, -1), (-0.11640396, -0.045685988, 0.99215066, -1), (-0.116403945, -0.045685984, 0.99215066, -1), (-0.11640395, -0.04568599, 0.99215066, -1), (-0.07720552, 0.0014865063, 0.99701416, -1), (-0.07720552, 0.0014865064, 0.99701416, -1), (-0.07720552, 0.0014865067, 0.99701416, -1), (-0.21200056, -0.17941453, 0.9606592, -1), (-0.21200058, -0.17941454, 0.9606592, -1), (-0.21200058, -0.17941454, 0.9606592, -1), (-0.026962733, -0.038077235, 0.9989109, -1), (-0.026962733, -0.03807723, 0.9989109, -1), (-0.026962733, -0.038077235, 0.9989109, -1), (-0.3216947, -0.13760751, 0.93679065, -1), (-0.3216947, -0.13760751, 0.93679065, -1), (-0.3216947, -0.13760751, 0.93679065, -1), (-0.43012825, -0.29999825, 0.85146385, -1), (-0.4301283, -0.29999828, 0.85146385, -1), (-0.43012825, -0.29999828, 0.85146385, -1), (-0.044518538, -0.0781358, 0.99594826, -1), (-0.04451854, -0.0781358, 0.99594826, -1), (-0.044518538, -0.0781358, 0.99594826, -1), (0.0046950406, 0.110432506, 0.9938725, -1), (0.00469504, 0.11043251, 0.9938725, -1), (0.00469504, 0.110432506, 0.9938725, -1), (0.07044629, 0.22426148, 0.9719795, -1), (0.07044629, 0.22426146, 0.9719795, -1), (0.07044629, 0.22426146, 0.9719795, -1), (-0.108059585, -0.033634488, 0.9935753, -1), (-0.10805958, -0.033634484, 0.9935753, -1), (-0.10805958, -0.033634488, 0.9935753, -1), (-0.068355694, -0.13052364, 0.9890859, -1), (-0.06835569, -0.13052364, 0.9890859, -1), (-0.06835568, -0.13052364, 0.9890859, -1), (-0.074505664, 0.02331746, 0.99694794, -1), (-0.07450567, 0.02331746, 0.99694794, -1), (-0.07450566, 0.02331746, 0.99694794, -1), (-0.29212296, -0.24779063, 0.92372286, -1), (-0.29212296, -0.2477906, 0.92372286, -1), (-0.29212296, -0.2477906, 0.92372286, -1), (-0.34870023, -0.29793045, 0.8886201, -1), (-0.3487002, -0.29793042, 0.8886201, -1), (-0.34870023, -0.29793045, 0.8886201, -1), (-0.30164477, -0.29216552, 0.90755147, -1), (-0.30164477, -0.29216552, 0.90755147, -1), (-0.30164477, -0.29216552, 0.90755147, -1), (0.07027471, 0.19421911, 0.97843766, -1), (0.0702747, 0.1942191, 0.97843766, -1), (0.0702747, 0.19421908, 0.97843766, -1), (-0.18020777, -0.10575413, 0.977927, -1), (-0.18020779, -0.10575413, 0.977927, -1), (-0.18020777, -0.10575413, 0.977927, -1), (-0.3336357, -0.11003672, 0.93625814, -1), (-0.22706553, -0.11640822, 0.96689737, -1), (-0.47713825, -0.107209854, 0.87226444, -1), (-0.49598542, -0.1059732, 0.86183995, -1), (-0.27208182, -0.17073306, 0.9470067, -1), (-0.27208185, -0.17073306, 0.9470067, -1), (-0.27208182, -0.17073306, 0.9470067, -1), (-0.03541509, 0.067101225, 0.9971175, -1), (-0.03541509, 0.067101225, 0.9971175, -1), (-0.03541509, 0.067101225, 0.9971175, -1), (-0.26922157, 0.084124416, 0.959397, -1), (-0.26922157, 0.08412442, 0.959397, -1), (-0.26922157, 0.08412442, 0.959397, -1), (0.17392147, 0.2726158, 0.9462727, -1), (0.17392144, 0.2726158, 0.9462727, -1), (0.17392144, 0.2726158, 0.9462727, -1), (0.06831027, 0.2374034, 0.9690063, -1), (0.068310276, 0.2374034, 0.9690063, -1), (0.068310276, 0.23740341, 0.9690063, -1), (-0.14596821, -0.055195685, 0.9877484, -1), (-0.14596821, -0.055195685, 0.9877484, -1), (-0.14596821, -0.055195693, 0.9877484, -1), (-0.11489105, -0.14072604, 0.9833597, -1), (-0.11489105, -0.14072604, 0.9833597, -1), (-0.11489104, -0.14072604, 0.9833597, -1), (-0.14472462, -0.080556475, 0.98618734, -1), (-0.14472464, -0.08055648, 0.98618734, -1), (-0.14472465, -0.08055649, 0.98618734, -1), (-0.08665448, 0.010455953, 0.9961836, -1), (-0.08665448, 0.010455953, 0.9961836, -1), (-0.08665448, 0.010455953, 0.9961836, -1), (0.15558961, 0.20327501, 0.9666805, -1), (0.1555896, 0.20327498, 0.9666805, -1), (0.15558961, 0.20327501, 0.9666805, -1), (0.022988563, 0.11553972, 0.9930368, -1), (0.022988562, 0.11553973, 0.9930368, -1), (0.022988565, 0.11553973, 0.9930368, -1), (0.111611135, 0.26439577, 0.95793414, -1), (0.11161112, 0.26439577, 0.95793414, -1), (0.111611135, 0.2643958, 0.95793414, -1), (0.009285806, 0.008066854, 0.9999244, -1), (0.009285807, 0.008066854, 0.9999244, -1), (0.009285806, 0.008066854, 0.9999244, -1), (-0.0552858, -0.0026569795, 0.998467, -1), (-0.055285797, -0.0026569793, 0.998467, -1), (-0.0552858, -0.002656979, 0.998467, -1), (0.054632697, 0.1683109, 0.9842188, -1), (0.054632697, 0.1683109, 0.9842188, -1), (0.05463269, 0.16831088, 0.9842188, -1), (-0.17538264, -0.04700328, 0.9833777, -1), (-0.17538264, -0.047003277, 0.9833777, -1), (-0.17538264, -0.047003277, 0.9833777, -1), (-0.19168186, -0.114069834, 0.9748058, -1), (-0.19168188, -0.11406982, 0.9748058, -1), (-0.19168188, -0.114069834, 0.9748058, -1), (-0.22656247, 0.027414694, 0.97361076, -1), (-0.22656247, 0.027414694, 0.97361076, -1), (-0.22656247, 0.027414694, 0.97361076, -1), (-0.17725828, -0.048200224, 0.98298335, -1), (-0.17725827, -0.048200224, 0.98298335, -1), (-0.17725828, -0.048200224, 0.98298335, -1), (-0.20945804, -0.0604458, 0.97594756, -1), (-0.209458, -0.060445793, 0.97594756, -1), (-0.20945801, -0.060445793, 0.97594756, -1), (0.057227593, 0.16040617, 0.98539066, -1), (0.057227585, 0.16040616, 0.98539066, -1), (0.057227597, 0.16040619, 0.98539066, -1), (-0.063613676, 0.043994114, 0.99700445, -1), (-0.063613676, 0.04399411, 0.99700445, -1), (-0.063613676, 0.043994114, 0.99700445, -1), (0, 0, 1, -1), (0, 0, 1, -1), (0, 0, 1, -1), (0.14358394, 0.26074323, 0.95467097, -1), (0.14358395, 0.26074323, 0.95467097, -1), (0.14358394, 0.26074323, 0.95467097, -1), (-0.20011945, 0.024984801, 0.97945285, -1), (-0.20011945, 0.024984797, 0.97945285, -1), (-0.20011945, 0.024984797, 0.97945285, -1), (-0.30268037, -0.19560507, 0.9328039, -1), (-0.30268034, -0.19560505, 0.9328039, -1), (-0.30268037, -0.19560507, 0.9328039, -1), (-0.03799055, 0.15005739, 0.98794717, -1), (-0.03799055, 0.1500574, 0.98794717, -1), (-0.037990555, 0.1500574, 0.98794717, -1), (-0.17897046, -0.027513549, 0.98346967, -1), (-0.17897046, -0.027513549, 0.98346967, -1), (-0.17897046, -0.027513549, 0.98346967, -1), (-0.095353566, -0.11692742, 0.98855233, -1), (-0.09535356, -0.11692741, 0.98855233, -1), (-0.095353566, -0.11692742, 0.98855233, -1), (0.006781296, 0.097905144, 0.9951727, -1), (0.006781296, 0.097905144, 0.9951727, -1), (0.006781296, 0.09790515, 0.9951727, -1), (-0.07373984, 0.07565645, 0.9944036, -1), (-0.07373984, 0.07565645, 0.9944036, -1), (-0.07373984, 0.075656444, 0.9944036, -1), (-0.065695316, 0.08927506, 0.993838, -1), (-0.06569532, 0.08927507, 0.993838, -1), (0.020280508, 0.17032081, 0.9851799, -1), (0.02028051, 0.17032084, 0.9851799, -1), (0.020280512, 0.17032084, 0.9851799, -1), (-0.0035714214, 0.11688638, 0.99313885, -1), (-0.0035714218, 0.116886385, 0.99313885, -1), (-0.0035714214, 0.11688638, 0.99313885, -1), (-0.03369642, 0.10763983, 0.9936187, -1), (-0.03369642, 0.107639834, 0.9936187, -1), (-0.03369642, 0.107639834, 0.9936187, -1), (-0.05812398, 0.12473188, 0.99048656, -1), (-0.058123987, 0.12473188, 0.99048656, -1), (-0.05812398, 0.12473188, 0.99048656, -1), (0.11465628, 0.2468918, 0.9622361, -1), (0.11465629, 0.2468918, 0.9622361, -1), (0.11465628, 0.2468918, 0.9622361, -1), (-0.036231384, 0.15962796, 0.9865122, -1), (-0.036231384, 0.15962796, 0.9865122, -1), (-0.036231384, 0.15962796, 0.9865122, -1), (0.01988557, 0.08397097, 0.9962697, -1), (0.01988557, 0.08397097, 0.9962697, -1), (0.01988557, 0.08397098, 0.9962697, -1), (-0.01699485, 0.014785044, 0.99974626, -1), (-0.016994849, 0.014785044, 0.99974626, -1), (-0.016994849, 0.014785044, 0.99974626, -1), (-0.28849596, -0.0018966855, 0.95747924, -1), (-0.288496, -0.0018966855, 0.95747924, -1), (-0.28849596, -0.001896685, 0.95747924, -1), (-0.14896531, -0.25742963, 0.95474565, -1), (-0.14896531, -0.25742963, 0.95474565, -1), (-0.14896531, -0.25742963, 0.95474565, -1), (-0.13979933, -0.19143437, 0.9714984, -1), (-0.13979931, -0.19143435, 0.9714984, -1), (-0.13979933, -0.19143437, 0.9714984, -1), (-0.2653021, -0.3045469, 0.9148038, -1), (-0.2653021, -0.3045469, 0.9148038, -1), (-0.2653021, -0.3045469, 0.9148038, -1), (0.1355583, 0.1623986, 0.97736925, -1), (0.13555832, 0.16239859, 0.97736925, -1), (0.1355583, 0.16239859, 0.97736925, -1), (-0.09503003, -0.02087199, 0.99525553, -1), (-0.09503004, -0.020871991, 0.99525553, -1), (-0.09503003, -0.02087199, 0.99525553, -1), (0.0039344076, 0.09322337, 0.9956375, -1), (0.0039344076, 0.09322337, 0.9956375, -1), (0.003934407, 0.093223356, 0.9956375, -1), (-0.33386144, 0.0393135, 0.941802, -1), (-0.33386147, 0.0393135, 0.941802, -1), (-0.33386144, 0.0393135, 0.941802, -1), (-0.0031882748, 0.1166338, 0.9931699, -1), (-0.0031882746, 0.1166338, 0.9931699, -1), (-0.0031882746, 0.116633795, 0.9931699, -1), (-0.16737004, -0.13188505, 0.97703314, -1), (-0.16737002, -0.13188505, 0.97703314, -1), (-0.16737004, -0.13188505, 0.97703314, -1), (-0.011972417, 0.14485687, 0.9893801, -1), (-0.011972417, 0.14485689, 0.9893801, -1), (-0.011972416, 0.14485687, 0.9893801, -1), (-0.10117683, -0.22341695, 0.9694577, -1), (-0.10117683, -0.22341698, 0.9694577, -1), (-0.10117683, -0.22341698, 0.9694577, -1), (-0.100122415, 0.16673, 0.980906, -1), (-0.1001224, 0.16672997, 0.980906, -1), (-0.100122415, 0.16673002, 0.980906, -1), (-0.090332486, -0.012169845, 0.99583733, -1), (-0.090332486, -0.012169846, 0.99583733, -1), (-0.090332486, -0.0121698445, 0.99583733, -1), (-0.07041087, -0.035697613, 0.9968791, -1), (-0.07041087, -0.03569761, 0.9968791, -1), (-0.07041087, -0.03569762, 0.9968791, -1), (0.12916537, 0.28653386, 0.9493233, -1), (0.12916535, 0.28653386, 0.9493233, -1), (0.12916537, 0.28653386, 0.9493233, -1), (-0.21828157, -0.1990494, 0.9553703, -1), (-0.21828157, -0.1990494, 0.9553703, -1), (-0.21828151, -0.19904935, 0.9553703, -1), (0.13890623, 0.08801083, 0.9863869, -1), (0.13890623, 0.08801083, 0.9863869, -1), (0.13890623, 0.08801083, 0.9863869, -1), (-0.12357062, -0.008138961, 0.9923024, -1), (-0.12357061, -0.00813896, 0.9923024, -1), (-0.12357061, -0.00813896, 0.9923024, -1), (-0.18384214, -0.10843549, 0.9769564, -1), (-0.18384212, -0.10843548, 0.9769564, -1), (-0.18384214, -0.10843548, 0.9769564, -1), (0.07213929, 0.30396622, 0.9499476, -1), (0.072139286, 0.3039662, 0.9499476, -1), (0.07213929, 0.30396622, 0.9499476, -1), (-0.20677552, -0.21931371, 0.95349115, -1), (-0.20677552, -0.21931371, 0.95349115, -1), (-0.20677552, -0.21931371, 0.95349115, -1), (-0.27725613, -0.3316601, 0.90173763, -1), (-0.27725613, -0.33166006, 0.9017375, -1), (-0.27725613, -0.3316601, 0.90173763, -1), (0.009636402, 0.108263984, 0.9940754, -1), (0.009636402, 0.10826401, 0.9940754, -1), (0.009636402, 0.108264, 0.9940754, -1), (0.060260084, 0.028159544, 0.99778545, -1), (0.060260084, 0.028159544, 0.99778545, -1), (0.06026008, 0.028159544, 0.99778545, -1), (-0.019948848, 0.17789233, 0.9838478, -1), (-0.019948848, 0.17789233, 0.9838478, -1), (-0.019948848, 0.17789233, 0.9838478, -1), (0.047865916, 0.18601331, 0.98138064, -1), (0.04786592, 0.18601333, 0.98138064, -1), (0.047865912, 0.18601331, 0.98138064, -1), (-0.22301197, -0.20436169, 0.9531537, -1), (-0.22301199, -0.20436169, 0.95315367, -1), (-0.22301199, -0.20436166, 0.95315367, -1), (0.10027618, 0.13384105, 0.98591644, -1), (0.10027618, 0.13384104, 0.98591644, -1), (0.10027618, 0.13384105, 0.98591644, -1), (-0.33249804, -0.012857241, 0.9430163, -1), (-0.33249804, -0.012857241, 0.9430163, -1), (-0.33249804, -0.012857241, 0.9430163, -1), (-0.107789956, 0.15162927, 0.98254263, -1), (-0.107789956, 0.15162928, 0.98254263, -1), (-0.10778995, 0.15162928, 0.98254263, -1), (-0.06682146, 0.06581262, 0.99559206, -1), (-0.06682146, 0.06581261, 0.99559206, -1), (-0.066821456, 0.06581262, 0.99559206, -1), (0.02818873, 0.14147848, 0.9895399, -1), (0.02818873, 0.14147848, 0.9895399, -1), (0.02818873, 0.1414785, 0.9895399, -1), (-0.16039231, -0.052257463, 0.985669, -1), (-0.16039231, -0.052257467, 0.985669, -1), (-0.16039231, -0.052257467, 0.985669, -1), (-0.04236906, 0.014690203, 0.99899405, -1), (-0.042369056, 0.014690201, 0.99899405, -1), (-0.042369056, 0.014690202, 0.99899405, -1), (-0.05315296, -0.0057327775, 0.99856997, -1), (-0.053152956, -0.005732777, 0.99856997, -1), (-0.053152956, -0.0057327766, 0.99856997, -1), (-0.08158949, 0.2646636, 0.96088314, -1), (-0.08158948, 0.2646636, 0.96088314, -1), (-0.08158948, 0.2646636, 0.96088314, -1), (-0.22840962, -0.1240077, 0.96563506, -1), (-0.22840959, -0.12400769, 0.96563506, -1), (-0.22840957, -0.12400769, 0.96563506, -1), (-0.07043669, -0.090110056, 0.99343795, -1), (-0.07043669, -0.090110056, 0.99343795, -1), (-0.070436694, -0.09011006, 0.99343795, -1), (-0.069983624, -0.06586912, 0.99537104, -1), (-0.069983624, -0.06586912, 0.99537104, -1), (-0.18776956, 0.022807173, 0.98194826, -1), (-0.18776958, 0.022807173, 0.98194826, -1), (-0.18776955, 0.022807172, 0.98194826, -1), (0.0256435, -0.01696643, 0.9995271, -1), (0.0256435, -0.01696643, 0.9995271, -1), (0.0256435, -0.016966429, 0.9995271, -1), (0.019180272, 0.12288515, 0.9922355, -1), (0.019180272, 0.12288515, 0.9922355, -1), (0.019180272, 0.12288515, 0.9922355, -1), (-0.2123805, -0.20064689, 0.9563657, -1), (-0.2123805, -0.20064692, 0.9563657, -1), (-0.2123805, -0.20064692, 0.9563657, -1), (-0.04328266, 0.017865803, 0.99890316, -1), (-0.04328266, 0.017865803, 0.99890316, -1), (-0.04328266, 0.017865803, 0.99890316, -1), (-0.039161656, 0.088359416, 0.9953185, -1), (-0.039161656, 0.088359416, 0.9953185, -1), (-0.039161664, 0.088359416, 0.9953185, -1), (-0.13447173, -0.10650434, 0.9851773, -1), (-0.13447173, -0.10650436, 0.9851773, -1), (-0.13447171, -0.10650434, 0.9851773, -1), (-0.15789285, -0.08889895, 0.9834464, -1), (-0.15789287, -0.08889896, 0.9834464, -1), (-0.15789285, -0.08889895, 0.9834464, -1), (-0.20613736, -0.07819069, 0.9753941, -1), (-0.20613736, -0.07819069, 0.9753941, -1), (-0.20613739, -0.0781907, 0.9753941, -1), (-0.107980035, -0.12111862, 0.9867475, -1), (-0.107980035, -0.12111861, 0.9867475, -1), (-0.107980035, -0.12111862, 0.9867475, -1), (-0.19496891, 0, 0.98080945, -1), (-0.19496892, 0, 0.98080945, -1), (-0.19496891, 0, 0.98080945, -1), (-0.038000952, 0.07735854, 0.99627894, -1), (-0.03800095, 0.07735853, 0.99627894, -1), (-0.03800095, 0.07735853, 0.99627894, -1), (-0.2735801, -0.07799158, 0.95868194, -1), (-0.2735801, -0.077991575, 0.95868194, -1), (-0.2735801, -0.07799158, 0.95868194, -1), (0.103884496, -0.12074933, 0.9872323, -1), (0.103884496, -0.12074932, 0.9872323, -1), (0.10388448, -0.12074932, 0.9872323, -1), (-0.1818073, 0.03676444, 0.98264664, -1), (-0.1818073, 0.036764443, 0.98264664, -1), (-0.1818073, 0.03676444, 0.98264664, -1), (-0.06174585, 0.12557909, 0.9901603, -1), (-0.06174585, 0.12557907, 0.9901603, -1), (-0.06174584, 0.12557907, 0.9901603, -1), (0.2180024, 0.07386073, 0.97314924, -1), (0.2180024, 0.07386073, 0.97314924, -1), (0.2180024, 0.07386073, 0.97314924, -1), (-0.08985497, 0.17220034, 0.9809552, -1), (-0.08985496, 0.17220032, 0.9809552, -1), (-0.08985496, 0.17220034, 0.9809552, -1), (0.056268744, 0.04718732, 0.99729997, -1), (0.05626874, 0.047187317, 0.99729997, -1), (0.05626874, 0.047187317, 0.99729997, -1), (0.013072201, -0.15415987, 0.9879594, -1), (0.013072203, -0.15415987, 0.9879594, -1), (0.013072201, -0.15415986, 0.9879594, -1), (0.16320775, 0.2536359, 0.9534317, -1), (0.16320774, 0.25363588, 0.9534317, -1), (0.16320774, 0.25363588, 0.9534317, -1), (0.14545901, 0.39594737, 0.90667933, -1), (0.14545903, 0.39594743, 0.90667933, -1), (0.14545901, 0.39594737, 0.90667933, -1), (-0.13682891, -0.17444445, 0.97511387, -1), (-0.13682891, -0.17444442, 0.97511387, -1), (-0.13682891, -0.17444442, 0.97511387, -1), (-0.10654206, 0.1619834, 0.98102504, -1), (-0.106542036, 0.16198339, 0.98102504, -1), (-0.10654206, 0.16198342, 0.98102504, -1), (-0.15529573, -0.19788001, 0.96784645, -1), (-0.15529573, -0.19788, 0.96784645, -1), (-0.15529573, -0.19788, 0.96784645, -1), (-0.17588456, -0.25267485, 0.95143056, -1), (-0.17588457, -0.25267488, 0.95143056, -1), (-0.17588459, -0.25267488, 0.95143056, -1), (-0.39442185, 0.0906869, 0.9144438, -1), (-0.39442185, 0.0906869, 0.9144438, -1), (-0.39442185, 0.09068689, 0.9144437, -1), (0.0023358886, 0.1109107, 0.99382764, -1), (0.0023358886, 0.1109107, 0.99382764, -1), (0.0023358886, 0.11091069, 0.99382764, -1), (0, 0.1097206, 0.99396247, -1), (0, 0.109720595, 0.99396247, -1), (0, 0.109720595, 0.99396247, -1), (-0.21414289, -0.20277756, 0.955523, -1), (-0.21414287, -0.20277755, 0.955523, -1), (-0.21414289, -0.2027776, 0.955523, -1), (-0.085767314, 0.16056009, 0.98329264, -1), (-0.085767314, 0.16056007, 0.98329264, -1), (-0.085767314, 0.16056009, 0.98329264, -1), (-0.06979731, -0.0015887676, 0.9975599, -1), (-0.06979731, -0.0015887676, 0.9975599, -1), (-0.06979731, -0.0015887676, 0.9975599, -1), (-0.40965408, 0.083460584, 0.90841496, -1), (-0.40965408, 0.08346059, 0.9084151, -1), (-0.40965414, 0.08346059, 0.90841496, -1), (-0.08024905, 0.18072058, 0.9802551, -1), (-0.080249056, 0.18072058, 0.9802551, -1), (-0.080249056, 0.18072058, 0.9802551, -1), (-0.10806136, -0.08723735, 0.9903093, -1), (-0.10806136, -0.08723735, 0.9903093, -1), (-0.10806136, -0.08723735, 0.9903093, -1), (-0.14059256, -0.009046476, 0.99002624, -1), (-0.14059256, -0.009046478, 0.99002624, -1), (-0.14059256, -0.009046476, 0.99002624, -1), (-0.22812517, -0.15045801, 0.96193624, -1), (-0.22812517, -0.15045801, 0.96193624, -1), (-0.22812517, -0.15045801, 0.96193624, -1), (0.16324669, 0.22677575, 0.96016836, -1), (0.16324665, 0.22677574, 0.96016836, -1), (0.16324669, 0.22677575, 0.96016836, -1), (-0.09216174, 0.1182003, 0.98870367, -1), (-0.092161745, 0.11820032, 0.98870367, -1), (-0.092161745, 0.1182003, 0.98870367, -1), (0.06766179, 0.27167186, 0.9600085, -1), (0.06766179, 0.27167186, 0.9600085, -1), (0.06766179, 0.27167186, 0.9600085, -1), (-0.0048972117, 0.08686875, 0.9962077, -1), (-0.0048972117, 0.08686874, 0.9962077, -1), (-0.0048972117, 0.08686874, 0.9962077, -1), (-0.035635, 0.044759005, 0.998362, -1), (-0.035635002, 0.04475901, 0.998362, -1), (-0.035635, 0.04475901, 0.998362, -1), (-0.059788406, 0.18178676, 0.98151875, -1), (-0.059788406, 0.18178675, 0.9815186, -1), (-0.0597884, 0.18178675, 0.9815186, -1), (-0.085984476, 0.080013804, 0.9930783, -1), (-0.08598448, 0.08001381, 0.9930783, -1), (-0.085984476, 0.080013804, 0.9930783, -1), (-0.01493099, 0.018380998, 0.99971956, -1), (-0.01493099, 0.018380998, 0.99971956, -1), (-0.01493099, 0.018380998, 0.99971956, -1), (-0.18179826, -0.09315443, 0.9789135, -1), (-0.18179823, -0.09315441, 0.9789135, -1), (-0.18179825, -0.09315441, 0.9789135, -1), (0.0074712615, 0.103136025, 0.9946392, -1), (0.007471262, 0.10313603, 0.9946392, -1), (0.007471261, 0.10313603, 0.9946392, -1), (-0.070064485, 0.045196116, 0.996518, -1), (-0.070064485, 0.04519612, 0.99651814, -1), (-0.070064485, 0.04519612, 0.996518, -1), (-0.16393563, -0.03128015, 0.98597497, -1), (-0.16393565, -0.03128015, 0.98597497, -1), (-0.16393565, -0.03128015, 0.98597497, -1), (-0.040070973, 0.05060886, 0.9979144, -1), (-0.040070973, 0.05060886, 0.9979144, -1), (-0.04007097, 0.050608847, 0.9979144, -1), (0.010393563, -0.14788383, 0.9889501, -1), (0.010393564, -0.14788385, 0.9889501, -1), (0.010393562, -0.14788385, 0.9889501, -1), (0.04806772, 0.21618907, 0.9751676, -1), (0.048067726, 0.2161891, 0.9751676, -1), (0.048067722, 0.2161891, 0.9751676, -1), (-0.11144987, 0, 0.99377006, -1), (-0.11144988, 0, 0.99377006, -1), (-0.11144988, 0, 0.99377006, -1), (-0.02071036, -0.06694297, 0.9975418, -1), (-0.020710362, -0.06694297, 0.9975418, -1), (-0.02071036, -0.06694297, 0.9975418, -1), (0.02694161, 0.22533885, 0.97390795, -1), (0.026941612, 0.22533885, 0.97390795, -1), (0.026941612, 0.22533888, 0.97390795, -1), (-0.18988557, -0.20896061, 0.95931166, -1), (-0.18988559, -0.20896062, 0.95931166, -1), (-0.18988559, -0.20896062, 0.95931166, -1), (0.05130863, -0.05701125, 0.9970542, -1), (0.051308624, -0.05701125, 0.9970542, -1), (0.051308624, -0.05701125, 0.9970542, -1), (-0.19208558, -0.10625514, 0.9756091, -1), (-0.19208556, -0.10625514, 0.9756091, -1), (-0.19208556, -0.10625515, 0.9756091, -1), (0.013098405, 0.071510814, 0.9973539, -1), (0.013098405, 0.07151082, 0.9973539, -1), (0.013098405, 0.07151082, 0.9973539, -1), (-0.045615446, 0.06950534, 0.99653816, -1), (-0.045615453, 0.069505334, 0.99653816, -1), (-0.045615453, 0.069505334, 0.99653816, -1), (-0.015362448, 0.098987564, 0.99497014, -1), (-0.015362448, 0.098987564, 0.99497014, -1), (-0.015362446, 0.09898756, 0.99497014, -1), (-0.07421399, 0.070929885, 0.9947167, -1), (-0.07421399, 0.07092988, 0.9947167, -1), (-0.07421398, 0.07092988, 0.9947167, -1), (-0.15797158, -0.04825658, 0.9862639, -1), (-0.15797158, -0.048256584, 0.9862639, -1), (-0.15797156, -0.04825658, 0.9862639, -1), (0.04582383, 0.11404933, 0.9924177, -1), (0.04582383, 0.11404932, 0.9924177, -1), (0.04582383, 0.11404931, 0.9924177, -1), (0.024131937, 0.261301, 0.9649556, -1), (0.024131937, 0.26130098, 0.9649556, -1), (0.024131937, 0.26130098, 0.9649556, -1), (-0.08811284, -0.1427128, 0.9858343, -1), (-0.08811284, -0.1427128, 0.9858343, -1), (-0.08811284, -0.1427128, 0.9858343, -1), (-0.179413, -0.20522065, 0.9621307, -1), (-0.179413, -0.20522065, 0.9621307, -1), (-0.17941302, -0.20522065, 0.9621307, -1), (0.07020276, 0.2646345, 0.9617901, -1), (0.07020276, 0.26463446, 0.9617901, -1), (0.07020276, 0.26463452, 0.9617901, -1), (-0.18730433, -0.18135317, 0.965416, -1), (-0.18730433, -0.18135317, 0.965416, -1), (-0.18730433, -0.18135317, 0.965416, -1), (-0.16223772, -0.20696053, 0.96480376, -1), (-0.16223772, -0.20696053, 0.96480376, -1), (-0.1622377, -0.20696051, 0.96480376, -1), (0.20384255, 0.16164589, 0.9655666, -1), (0.20384258, 0.1616459, 0.9655666, -1), (0.20384255, 0.16164589, 0.9655666, -1), (-0.013166989, -0.20159169, 0.97938114, -1), (-0.013166988, -0.20159169, 0.97938114, -1), (-0.013166989, -0.20159169, 0.97938114, -1), (-0.005703939, -0.21064618, 0.9775458, -1), (-0.0057039387, -0.21064617, 0.9775458, -1), (-0.0057039396, -0.21064618, 0.9775458, -1), (-0.077131934, 0.16613168, 0.9830824, -1), (-0.077131934, 0.16613166, 0.9830824, -1), (-0.077131934, 0.16613169, 0.9830824, -1), (0.040113267, -0.014996938, 0.99908257, -1), (0.040113267, -0.014996939, 0.99908257, -1), (0.04011326, -0.0149969375, 0.99908257, -1), (-0.11969132, -0.09659252, 0.9881011, -1), (-0.11969132, -0.096592516, 0.9881011, -1), (-0.11969132, -0.09659252, 0.9881011, -1), (-0.013076878, 0.017579919, 0.99976, -1), (-0.013076878, 0.017579919, 0.99976, -1), (-0.013076876, 0.017579919, 0.99976, -1), (-0.11337281, -0.12503065, 0.98565406, -1), (-0.113372795, -0.12503065, 0.98565406, -1), (-0.11337281, -0.12503067, 0.98565406, -1), (-0.1124514, 0.03189565, 0.9931452, -1), (-0.1124514, 0.03189565, 0.9931452, -1), (-0.11245141, 0.03189565, 0.9931452, -1), (-0.18082346, -0.20657943, 0.9615756, -1), (-0.18082346, -0.20657945, 0.9615756, -1), (-0.18082346, -0.20657945, 0.9615756, -1), (-0.171325, -0.16300382, 0.9716365, -1), (-0.17127346, -0.16299307, 0.9716474, -1), (-0.17072417, -0.16292228, 0.9717559, -1), (-0.19609891, -0.117187195, 0.9735565, -1), (-0.1960989, -0.117187195, 0.9735565, -1), (-0.19609891, -0.11718721, 0.9735565, -1), (-0.08265263, -0.0069339033, 0.9965544, -1), (-0.082652636, -0.0069339043, 0.9965544, -1), (-0.08265263, -0.0069339043, 0.9965544, -1), (-0.049127236, 0.052171916, 0.99742895, -1), (-0.049127236, 0.052171927, 0.99742895, -1), (-0.049127236, 0.05217192, 0.99742895, -1), (-0.11974637, 0.086683445, 0.9890131, -1), (-0.11974637, 0.086683445, 0.9890131, -1), (-0.119746365, 0.08668344, 0.9890131, -1), (-0.061541557, 0.13523015, 0.98890114, -1), (-0.061541557, 0.13523015, 0.98890114, -1), (-0.061541565, 0.13523017, 0.98890114, -1), (-0.12542437, -0.029472258, 0.9916653, -1), (-0.12542437, -0.029472258, 0.9916653, -1), (-0.12542437, -0.029472258, 0.9916653, -1), (-0.09678317, -0.110762306, 0.9891233, -1), (-0.09678317, -0.110762306, 0.9891233, -1), (-0.09678318, -0.11076231, 0.9891233, -1), (0.0862215, 0.29579127, 0.9513534, -1), (0.0862215, 0.29579127, 0.9513534, -1), (0.0862215, 0.29579124, 0.9513534, -1), (-0.0416561, 0.06918796, 0.99673367, -1), (-0.0416561, 0.06918796, 0.99673367, -1), (-0.0416561, 0.06918796, 0.99673367, -1), (-0.15370694, 0.0055053136, 0.9881011, -1), (-0.15370694, 0.0055053136, 0.9881011, -1), (-0.15370694, 0.005505314, 0.9881011, -1), (-0.032158054, -0.12887914, 0.99113876, -1), (-0.032158054, -0.12887914, 0.99113876, -1), (-0.032158054, -0.12887914, 0.99113876, -1), (0.056714136, 0.13645987, 0.9890209, -1), (0.05671413, 0.13645986, 0.9890209, -1), (0.056714136, 0.13645986, 0.9890209, -1), (0.077383146, 0.24050191, 0.96755916, -1), (0.07738315, 0.24050191, 0.96755916, -1), (0.07738314, 0.24050188, 0.96755916, -1), (-0.14107235, -0.043325108, 0.98905087, -1), (-0.14107235, -0.04332511, 0.98905087, -1), (-0.14107235, -0.04332511, 0.98905087, -1), (-0.06441771, -0.022888226, 0.9976605, -1), (-0.06441771, -0.022888226, 0.9976605, -1), (-0.064417705, -0.022888226, 0.9976605, -1), (-0.005330323, -0.055957302, 0.9984189, -1), (-0.0053303237, -0.055957302, 0.9984189, -1), (-0.0053303237, -0.055957302, 0.9984189, -1), (0.029514221, 0.0490054, 0.99836236, -1), (0.029514221, 0.049005397, 0.99836236, -1), (0.029514221, 0.049005397, 0.99836236, -1), (-0.12826322, -0.24472067, 0.9610725, -1), (-0.1282632, -0.24472064, 0.9610725, -1), (-0.1282632, -0.24472064, 0.9610725, -1), (-0.20445669, -0.19921947, 0.95838875, -1), (-0.20445669, -0.19921947, 0.95838875, -1), (-0.20445669, -0.19921947, 0.95838875, -1), (-0.056067217, 0.06648892, 0.9962107, -1), (-0.056067217, 0.06648892, 0.9962107, -1), (-0.056067206, 0.066488914, 0.9962107, -1), (-0.10157836, 0.08136687, 0.9914944, -1), (-0.10157836, 0.08136687, 0.9914944, -1), (-0.101578355, 0.08136686, 0.9914944, -1), (0.031986795, 0.21694024, 0.97566074, -1), (0.031986795, 0.21694024, 0.97566074, -1), (0.0319868, 0.21694025, 0.97566074, -1), (-0.05882949, -0.10901999, 0.99229723, -1), (-0.05882949, -0.109019995, 0.99229723, -1), (-0.05882949, -0.10901999, 0.99229723, -1), (-0.17435205, -0.15451118, 0.97248536, -1), (-0.17435206, -0.1545112, 0.97248536, -1), (-0.17435203, -0.15451117, 0.97248536, -1), (-0.08070835, 0.16789527, 0.9824954, -1), (-0.08070834, 0.16789527, 0.9824954, -1), (-0.08070833, 0.16789527, 0.9824954, -1), (0.15881315, 0.17522413, 0.9716351, -1), (0.15881316, 0.17522413, 0.9716351, -1), (0.15881315, 0.1752241, 0.9716351, -1), (-0.07465087, 0.17607503, 0.98154205, -1), (-0.07465086, 0.17607501, 0.98154205, -1), (-0.07465087, 0.17607503, 0.98154205, -1), (-0.06308436, 0.25795782, 0.96409446, -1), (-0.06308436, 0.2579578, 0.96409446, -1), (-0.06308436, 0.25795782, 0.96409446, -1), (-0.13514945, 0.043355107, 0.9898762, -1), (-0.13514943, 0.043355107, 0.9898762, -1), (-0.13514945, 0.04335511, 0.9898762, -1), (-0.04931931, 0.14484103, 0.988225, -1), (-0.049319316, 0.14484103, 0.988225, -1), (-0.04931931, 0.14484103, 0.988225, -1), (-0.047470346, 0.11976622, 0.9916666, -1), (-0.047470342, 0.11976622, 0.9916666, -1), (-0.0015491865, -0.06851531, 0.9976489, -1), (-0.0015491868, -0.068515316, 0.9976489, -1), (-0.0015491865, -0.06851531, 0.9976489, -1), (-0.04302292, -0.0019317548, 0.9990722, -1), (-0.04302292, -0.0019317548, 0.9990722, -1), (-0.043022923, -0.0019317549, 0.9990722, -1), (0.047105823, 0.2824906, 0.9581128, -1), (0.047105823, 0.28249064, 0.9581128, -1), (0.047105823, 0.28249064, 0.9581128, -1), (-0.23922427, -0.17391299, 0.9552623, -1), (-0.2392243, -0.17391299, 0.9552623, -1), (-0.23922433, -0.17391302, 0.9552623, -1), (-0.122404374, 0.25895697, 0.9581015, -1), (-0.12240436, 0.25895697, 0.9581015, -1), (-0.122404374, 0.25895697, 0.9581015, -1), (-0.16980661, -0.22594294, 0.9592264, -1), (-0.16980661, -0.22594291, 0.9592264, -1), (-0.16980661, -0.22594291, 0.9592264, -1), (-0.29665837, -0.006516166, 0.95496136, -1), (-0.2966584, -0.006516166, 0.95496136, -1), (-0.29665834, -0.0065161656, 0.95496136, -1), (-0.01096156, 0.06417046, 0.9978788, -1), (-0.010961559, 0.06417045, 0.9978788, -1), (-0.01096156, 0.064170465, 0.9978788, -1), (-0.02651589, -0.06906218, 0.99725986, -1), (-0.026515892, -0.06906219, 0.99725986, -1), (-0.026515892, -0.06906219, 0.99725986, -1), (-0.18820259, 0.110386275, 0.975907, -1), (-0.1882026, 0.110386275, 0.975907, -1), (-0.1882026, 0.110386275, 0.975907, -1), (0.015554295, 0.15895952, 0.98716253, -1), (0.015554295, 0.15895954, 0.98716253, -1), (0.015554295, 0.1589595, 0.98716253, -1), (0.014640838, 0.20215443, 0.9792442, -1), (0.014640838, 0.20215443, 0.9792442, -1), (0.014640838, 0.20215444, 0.9792442, -1), (0.009038555, 0.29137358, 0.95656663, -1), (0.009038556, 0.2913736, 0.95656663, -1), (0.009038555, 0.2913736, 0.95656663, -1), (-0.09964413, -0.15798195, 0.98240155, -1), (-0.09964414, -0.15798196, 0.98240155, -1), (-0.09964413, -0.15798196, 0.98240143, -1), (-0.011975005, -0.16799372, 0.9857153, -1), (-0.011975007, -0.16799371, 0.9857153, -1), (-0.011975005, -0.16799372, 0.9857153, -1), (-0.07549077, -0.08992117, 0.9930837, -1), (-0.07549078, -0.08992118, 0.9930837, -1), (-0.07549078, -0.08992118, 0.9930837, -1), (0.14876808, 0.19201, 0.97005165, -1), (0.14876807, 0.19201, 0.97005165, -1), (0.14876807, 0.19200999, 0.97005165, -1), (-0.09806361, -0.18846118, 0.97717243, -1), (-0.09806359, -0.18846115, 0.97717243, -1), (-0.0980636, -0.18846117, 0.97717243, -1), (-0.04922778, 0.1429171, 0.9885097, -1), (-0.049227785, 0.14291708, 0.9885097, -1), (-0.049227785, 0.14291711, 0.9885097, -1), (-0.09227116, 0.045500923, 0.9946938, -1), (-0.09227115, 0.045500923, 0.9946938, -1), (-0.092271164, 0.045500927, 0.9946938, -1), (-0.1270742, 0.01660351, 0.9917542, -1), (-0.1270742, 0.01660351, 0.9917542, -1), (-0.1270742, 0.01660351, 0.9917542, -1), (-0.080153376, 0.058001507, 0.9950936, -1), (-0.080153376, 0.058001507, 0.9950936, -1), (-0.080153376, 0.058001507, 0.9950936, -1), (-0.15773119, -0.04537662, 0.986439, -1), (-0.15773119, -0.045376625, 0.986439, -1), (-0.15773119, -0.045376617, 0.986439, -1), (-0.17311162, -0.21484151, 0.9611844, -1), (-0.17311162, -0.21484151, 0.9611844, -1), (-0.17311165, -0.21484154, 0.9611844, -1), (-0.09650479, -0.1791448, 0.9790781, -1), (-0.0965048, -0.17914481, 0.9790781, -1), (-0.09650479, -0.1791448, 0.9790781, -1), (0.05025458, 0.14648291, 0.9879359, -1), (0.050254587, 0.14648291, 0.9879359, -1), (0.05025458, 0.1464829, 0.9879359, -1), (-0.0449215, -0.04374404, 0.9980323, -1), (-0.0449215, -0.04374404, 0.9980323, -1), (-0.0449215, -0.04374404, 0.9980323, -1), (-0.10533286, -0.21147777, 0.9716904, -1), (-0.105332844, -0.21147776, 0.9716904, -1), (-0.10533286, -0.21147777, 0.9716904, -1), (-0.14977475, -0.19549552, 0.9692002, -1), (-0.14977475, -0.19549552, 0.9692002, -1), (-0.14977473, -0.19549552, 0.9692002, -1), (-0.05752209, 0.06699158, 0.99609405, -1), (-0.05752209, 0.06699158, 0.99609405, -1), (-0.05752209, 0.06699158, 0.99609405, -1), (-0.040835515, 0.3044073, 0.9516663, -1), (-0.040835515, 0.3044073, 0.9516663, -1), (-0.04083552, 0.30440733, 0.9516663, -1), (-0.22883649, -0.19622444, 0.953483, -1), (-0.22883649, -0.19622447, 0.953483, -1), (-0.22883649, -0.19622444, 0.953483, -1), (-0.24913308, 0.05530968, 0.96688855, -1), (-0.24913308, 0.05530968, 0.96688855, -1), (-0.24913308, 0.055309687, 0.96688855, -1), (-0.01839156, -0.0140937595, 0.9997315, -1), (-0.018391563, -0.014093761, 0.9997315, -1), (-0.018391563, -0.014093761, 0.9997315, -1), (-0.018294502, 0.054086372, 0.9983687, -1), (-0.018294502, 0.054086372, 0.9983687, -1), (-0.018294502, 0.054086372, 0.9983687, -1), (0.06843183, -0.005851818, 0.9976386, -1), (0.06843183, -0.0058518173, 0.9976386, -1), (0.068431824, -0.0058518173, 0.9976386, -1), (-0.16960375, 0.10737468, 0.97964543, -1), (-0.16960377, 0.10737468, 0.97964543, -1), (-0.16960375, 0.10737469, 0.97964543, -1), (0.019052988, -0.10304917, 0.9944938, -1), (0.019052988, -0.10304917, 0.9944938, -1), (0.019052988, -0.103049174, 0.9944938, -1), (-0.09845702, -0.3041484, 0.947523, -1), (-0.09845704, -0.30414844, 0.947523, -1), (-0.09845704, -0.30414844, 0.947523, -1), (-0.16807976, -0.18752101, 0.9677732, -1), (-0.16807975, -0.187521, 0.9677732, -1), (-0.16807975, -0.18752098, 0.9677732, -1), (-0.08374565, 0.054419115, 0.9950001, -1), (-0.08374565, 0.054419115, 0.9950001, -1), (-0.083745666, 0.05441912, 0.9950001, -1), (-0.009870218, 0.10887379, 0.9940065, -1), (-0.009870218, 0.10887378, 0.9940065, -1), (-0.009870219, 0.1088738, 0.9940065, -1), (0.028592974, 0.08341099, 0.99610496, -1), (0.028592978, 0.083410986, 0.99610496, -1), (0.02859298, 0.08341099, 0.99610496, -1), (0.04850329, 0.046122167, 0.9977576, -1), (0.048503295, 0.04612217, 0.9977576, -1), (0.048503287, 0.04612217, 0.9977576, -1), (-0.17162219, -0.2073107, 0.96310335, -1), (-0.17162217, -0.20731069, 0.96310335, -1), (-0.17162217, -0.2073107, 0.96310335, -1), (-0.046114404, 0.1545007, 0.98691595, -1), (-0.046114404, 0.15450071, 0.98691595, -1), (-0.046114404, 0.15450071, 0.98691595, -1), (0.13273992, 0.24031308, 0.96157676, -1), (0.13273993, 0.24031311, 0.96157676, -1), (0.1327399, 0.24031308, 0.96157676, -1), (0.03880433, 0.19294839, 0.98044133, -1), (0.038804334, 0.1929484, 0.98044133, -1), (0.038804334, 0.1929484, 0.98044133, -1), (-0.11525861, 0.108158916, 0.98742956, -1), (-0.11525861, 0.108158916, 0.98742956, -1), (-0.11525861, 0.108158916, 0.98742956, -1), (-0.05063247, 0.14643486, 0.9879237, -1), (-0.05063247, 0.14643486, 0.9879237, -1), (-0.050632473, 0.14643487, 0.9879237, -1), (-0.08948651, -0.10021719, 0.9909333, -1), (-0.08948652, -0.10021718, 0.9909333, -1), (-0.08948651, -0.100217186, 0.9909333, -1), (0.066309385, 0.20819968, 0.9758361, -1), (0.066309385, 0.20819968, 0.9758361, -1), (0.066309385, 0.20819966, 0.9758361, -1), (-0.010658799, -0.16106954, 0.98688555, -1), (-0.010658798, -0.16106953, 0.98688555, -1), (-0.010658798, -0.16106954, 0.98688555, -1), (-0.11615304, 0.12144116, 0.98577917, -1), (-0.116153054, 0.12144117, 0.98577917, -1), (-0.11615303, 0.12144117, 0.98577917, -1), (0.0132539915, 0.32959786, 0.9440284, -1), (0.0132539915, 0.32959786, 0.9440284, -1), (0.013253993, 0.32959786, 0.9440284, -1), (0.018558221, 0.016029777, 0.99969923, -1), (0.018558221, 0.016029773, 0.99969923, -1), (0.01855822, 0.016029775, 0.99969923, -1), (0.033621028, -0.13777563, 0.98989266, -1), (0.03362103, -0.13777563, 0.98989266, -1), (0.033621036, -0.13777563, 0.98989266, -1), (-0.13872324, 0.026416207, 0.9899788, -1), (-0.13872327, 0.02641621, 0.9899788, -1), (-0.13872327, 0.02641621, 0.9899788, -1), (-0.03861724, 0.1272296, 0.9911213, -1), (-0.038617235, 0.12722959, 0.9911213, -1), (-0.038617235, 0.12722959, 0.9911213, -1), (-0.01509056, -0.080667555, 0.99662685, -1), (-0.01509056, -0.08066755, 0.99662685, -1), (-0.01509056, -0.08066755, 0.99662685, -1), (-0.15881972, 0.0038749129, 0.9873, -1), (-0.1588197, 0.003874913, 0.9873, -1), (-0.1588197, 0.0038749129, 0.9873, -1), (-0.025395151, 0.26116103, 0.9649612, -1), (-0.025395151, 0.26116103, 0.9649612, -1), (-0.025395151, 0.26116103, 0.9649612, -1), (-0.13503517, -0.09314349, 0.9864531, -1), (-0.13503517, -0.0931435, 0.9864531, -1), (-0.13503517, -0.09314349, 0.9864531, -1), (-0.17606118, -0.2807635, 0.9434905, -1), (-0.17606118, -0.2807635, 0.9434905, -1), (-0.17606118, -0.28076354, 0.9434905, -1), (-0.076579526, -0.07256004, 0.99441975, -1), (-0.076579526, -0.07256004, 0.99441975, -1), (-0.076579526, -0.07256004, 0.99441975, -1), (0.048421614, 0.12045053, 0.9915378, -1), (0.048421614, 0.12045051, 0.9915378, -1), (0.048421614, 0.12045051, 0.9915378, -1), (-0.067838624, -0.11540275, 0.9909995, -1), (-0.067838624, -0.11540275, 0.9909995, -1), (-0.067838624, -0.11540275, 0.9909995, -1), (-0.3026315, -0.13641961, 0.9432941, -1), (-0.3026315, -0.13641958, 0.9432941, -1), (-0.30263153, -0.13641962, 0.9432941, -1), (-0.021330059, -0.07873208, 0.99666756, -1), (-0.021330057, -0.07873207, 0.99666756, -1), (-0.021330057, -0.078732066, 0.99666756, -1), (-0.054326877, -0.15089299, 0.98705614, -1), (-0.054326877, -0.150893, 0.98705614, -1), (-0.054326877, -0.15089299, 0.98705614, -1), (0.030968605, 0.114567176, 0.9929327, -1), (0.030968605, 0.11456719, 0.9929327, -1), (0.030968605, 0.11456719, 0.9929327, -1), (-0.034074254, -0.17128369, 0.9846324, -1), (-0.034074254, -0.1712837, 0.9846324, -1), (-0.034074254, -0.17128369, 0.9846324, -1), (0.42566302, 0.037609212, 0.9040998, -1), (0.42566302, 0.037609205, 0.9040998, -1), (0.42566302, 0.037609212, 0.9040998, -1), (-0.13612682, 0.031267274, 0.9901979, -1), (-0.13612682, 0.031267274, 0.9901979, -1), (-0.1361268, 0.031267274, 0.9901979, -1), (0.013534369, 0.063297994, 0.99790287, -1), (0.013534368, 0.06329799, 0.99790287, -1), (0.013534369, 0.06329799, 0.99790287, -1), (0.4719718, 0.039136335, 0.8807445, -1), (0.47197187, 0.039136335, 0.8807445, -1), (0.4719718, 0.039136335, 0.8807445, -1), (-0.18601209, -0.10127735, 0.97731394, -1), (-0.18601209, -0.10127735, 0.97731394, -1), (-0.18601209, -0.10127735, 0.97731394, -1), (-0.09892344, 0.20010178, 0.97476834, -1), (-0.09892343, 0.20010178, 0.97476834, -1), (-0.09892344, 0.20010178, 0.97476834, -1), (-0.019893585, 0.08647514, 0.99605536, -1), (-0.019893585, 0.08647514, 0.99605536, -1), (-0.019893585, 0.08647514, 0.99605536, -1), (-0.16378425, -0.06318403, 0.9844707, -1), (-0.16378428, -0.063184045, 0.9844707, -1), (-0.16378428, -0.063184045, 0.9844707, -1), (-0.15444222, -0.043745365, 0.9870329, -1), (-0.15444222, -0.043745358, 0.9870329, -1), (-0.15444222, -0.043745365, 0.9870329, -1), (-0.0107432725, -0.06319442, 0.99794334, -1), (-0.010743272, -0.06319441, 0.99794334, -1), (-0.010743271, -0.06319441, 0.99794334, -1), (0.016140424, 0.227208, 0.9737125, -1), (0.016140424, 0.227208, 0.9737125, -1), (0.016140426, 0.22720799, 0.9737125, -1), (0.009491853, 0.25022802, 0.9681405, -1), (0.009491853, 0.25022802, 0.9681405, -1), (0.009491853, 0.25022805, 0.96814036, -1), (-0.045027096, 0.17846951, 0.9829146, -1), (-0.0450271, 0.17846952, 0.9829146, -1), (-0.045027092, 0.17846951, 0.9829146, -1), (-0.0645449, -0.06940546, 0.9954983, -1), (-0.064544916, -0.06940547, 0.9954983, -1), (-0.06454491, -0.06940547, 0.9954983, -1), (0.11601516, 0.37749135, 0.91871685, -1), (0.11601516, 0.37749135, 0.91871685, -1), (0.11601516, 0.37749138, 0.91871685, -1), (-0.0766842, -0.21861327, 0.97279376, -1), (-0.0766842, -0.21861327, 0.97279376, -1), (-0.0766842, -0.21861327, 0.97279376, -1), (-0.1212833, 0.054855194, 0.9911011, -1), (-0.121283285, 0.054855194, 0.9911011, -1), (-0.121283285, 0.054855194, 0.9911011, -1), (0.32442048, 0.069338955, 0.94336814, -1), (0.32442045, 0.06933895, 0.94336814, -1), (0.32442042, 0.06933894, 0.94336814, -1), (-0.21540537, -0.083801575, 0.97292227, -1), (-0.21540534, -0.08380156, 0.97292227, -1), (-0.21540537, -0.08380155, 0.97292227, -1), (0.007965922, 0.12432326, 0.9922098, -1), (0.007965923, 0.12432326, 0.9922098, -1), (0.007965922, 0.12432326, 0.9922098, -1), (-0.044984378, 0.18956502, 0.98083717, -1), (-0.044984378, 0.189565, 0.98083717, -1), (-0.044984385, 0.18956502, 0.98083705, -1), (-0.013392013, 0.053414546, 0.99848264, -1), (-0.013392013, 0.053414553, 0.99848264, -1), (-0.013392013, 0.053414553, 0.99848264, -1), (0.056133725, 0.31497085, 0.94743985, -1), (0.056133725, 0.3149708, 0.94743985, -1), (0.056133725, 0.3149708, 0.94743985, -1), (-0.176769, 0.025824187, 0.98391354, -1), (-0.176769, 0.025824185, 0.98391354, -1), (-0.17676902, 0.025824187, 0.98391354, -1), (-0.033911828, 0.15166233, 0.9878505, -1), (-0.033911828, 0.15166233, 0.9878505, -1), (-0.033911828, 0.15166233, 0.9878505, -1), (-0.08489164, -0.06614943, 0.99419194, -1), (-0.08489165, -0.06614943, 0.99419194, -1), (-0.084891655, -0.06614944, 0.99419194, -1), (-0.08961146, -0.055229265, 0.9944443, -1), (-0.08961146, -0.05522927, 0.9944443, -1), (-0.20827997, -0.21471459, 0.9542102, -1), (-0.20827997, -0.21471456, 0.9542102, -1), (-0.20827995, -0.21471454, 0.9542102, -1), (-0.16747221, -0.21824962, 0.9614157, -1), (-0.16747221, -0.21824963, 0.9614157, -1), (-0.1674722, -0.21824962, 0.9614157, -1), (-0.21006358, -0.055614784, 0.9761046, -1), (-0.21006358, -0.055614777, 0.9761046, -1), (-0.21006358, -0.055614777, 0.9761046, -1), (0.015257714, 0.1367266, 0.99049133, -1), (0.0152577115, 0.1367266, 0.99049133, -1), (0.015257714, 0.13672663, 0.99049133, -1), (-0.07365014, 0.0210539, 0.9970618, -1), (-0.07365014, 0.0210539, 0.9970618, -1), (-0.07365014, 0.021053901, 0.9970618, -1), (-0.14725761, 0.16552365, 0.9751498, -1), (-0.1472576, 0.16552365, 0.9751498, -1), (-0.1472576, 0.16552365, 0.9751498, -1), (-0.13201188, 0.016473128, 0.9911112, -1), (-0.13201189, 0.01647313, 0.9911112, -1), (-0.13201188, 0.016473128, 0.9911112, -1), (0.025283158, -0.0257988, 0.9993474, -1), (0.025283152, -0.025798794, 0.9993474, -1), (0.025283158, -0.025798794, 0.9993474, -1), (-0.15586255, 0.05400839, 0.9863012, -1), (-0.15586255, 0.05400839, 0.9863012, -1), (-0.15586257, 0.0540084, 0.9863012, -1), (-0.036635023, 0.14811443, 0.98829144, -1), (-0.036635023, 0.14811444, 0.98829144, -1), (-0.036635023, 0.14811443, 0.98829144, -1), (-0.057626132, -0.022637216, 0.99808156, -1), (-0.057626132, -0.022637213, 0.99808156, -1), (-0.05762613, -0.022637215, 0.99808156, -1), (-0.14013521, -0.14842096, 0.978945, -1), (-0.1401352, -0.14842097, 0.978945, -1), (-0.1401352, -0.14842097, 0.978945, -1), (-0.20703089, -0.29203415, 0.9337314, -1), (-0.20703092, -0.29203418, 0.9337314, -1), (-0.20703092, -0.29203415, 0.9337314, -1), (-0.04196308, -0.13236357, 0.9903126, -1), (-0.041963078, -0.13236356, 0.9903126, -1), (-0.041963078, -0.13236357, 0.9903126, -1), (-0.032150235, -0.025506368, 0.99915755, -1), (-0.03215024, -0.025506372, 0.99915755, -1), (-0.03215024, -0.025506372, 0.99915755, -1), (-0.08489713, 0.16900335, 0.98195225, -1), (-0.084897116, 0.16900334, 0.98195225, -1), (-0.08489712, 0.16900334, 0.98195225, -1), (0.04716473, 0.29162198, 0.9553702, -1), (0.047164734, 0.29162198, 0.9553702, -1), (0.04716473, 0.29162195, 0.9553702, -1), (-0.12470775, 0.04374639, 0.9912286, -1), (-0.124707736, 0.043746382, 0.9912286, -1), (-0.12470775, 0.04374639, 0.9912286, -1), (-0.12413086, 0.02454191, 0.9919624, -1), (-0.12413086, 0.024541914, 0.99196225, -1), (-0.12413086, 0.024541914, 0.99196225, -1), (0.06316033, -0.001985126, 0.9980014, -1), (0.06316033, -0.0019851262, 0.9980014, -1), (0.06316033, -0.0019851262, 0.9980014, -1), (-0.19360441, -0.21023631, 0.9582891, -1), (-0.19360441, -0.21023628, 0.9582891, -1), (-0.19360442, -0.21023631, 0.9582891, -1), (-0.17160663, 0.032290816, 0.9846362, -1), (-0.17160662, 0.032290816, 0.9846362, -1), (-0.17160663, 0.032290816, 0.9846362, -1), (-0.095229976, 0.042341903, 0.9945544, -1), (-0.095229976, 0.042341907, 0.9945544, -1), (-0.09522996, 0.042341895, 0.9945544, -1), (-0.099760555, 0.09875854, 0.9900982, -1), (-0.099760555, 0.09875854, 0.9900982, -1), (-0.099760555, 0.09875854, 0.9900982, -1), (-0.121768504, 0.10461698, 0.98702973, -1), (-0.12176852, 0.10461698, 0.98702973, -1), (-0.12176853, 0.10461698, 0.98702973, -1), (0.08266394, 0.090478234, 0.99246174, -1), (0.08266394, 0.090478234, 0.99246174, -1), (0.08266394, 0.09047823, 0.99246174, -1), (-0.1715543, -0.02282027, 0.9849104, -1), (-0.17155428, -0.022820268, 0.9849104, -1), (-0.1715543, -0.02282027, 0.9849104, -1), (-0.29699877, -0.15257567, 0.94260937, -1), (-0.29699877, -0.1525757, 0.94260937, -1), (-0.29699874, -0.1525757, 0.94260937, -1), (-0.16080981, -0.18567872, 0.9693625, -1), (-0.16080981, -0.1856787, 0.9693625, -1), (-0.16080981, -0.18567872, 0.9693625, -1), (-0.1491269, 0.06675554, 0.9865622, -1), (-0.14912687, 0.06675553, 0.9865622, -1), (-0.1491269, 0.066755556, 0.9865622, -1), (-0.089653574, 0.15921235, 0.98316514, -1), (-0.08965359, 0.15921237, 0.98316514, -1), (-0.08965358, 0.15921237, 0.98316514, -1), (-0.08315932, 0.21684618, 0.9726573, -1), (-0.08315932, 0.21684618, 0.9726573, -1), (-0.08315932, 0.21684618, 0.9726573, -1), (-0.19546537, -0.114584185, 0.9739938, -1), (-0.19546539, -0.11458419, 0.9739938, -1), (-0.19546537, -0.114584185, 0.9739938, -1), (-0.1179914, 0.170828, 0.9782105, -1), (-0.11799141, 0.170828, 0.9782105, -1), (-0.11799141, 0.170828, 0.9782105, -1), (-0.0021556003, 0.085530445, 0.99633324, -1), (-0.0021556003, 0.08553044, 0.99633324, -1), (-0.0021556, 0.085530445, 0.99633324, -1), (-0.14966083, -0.056489073, 0.9871224, -1), (-0.14966081, -0.056489076, 0.9871224, -1), (-0.14966081, -0.056489076, 0.9871224, -1), (-0.21659318, -0.11102433, 0.9699284, -1), (-0.21659318, -0.111024335, 0.9699284, -1), (-0.21659315, -0.11102433, 0.9699284, -1), (0.00997853, 0.013715384, 0.9998561, -1), (0.009978531, 0.013715383, 0.9998561, -1), (0.009978531, 0.0137153845, 0.9998561, -1), (-0.026110226, 0.22171502, 0.9747619, -1), (-0.026110228, 0.22171505, 0.9747619, -1), (-0.026110226, 0.22171505, 0.9747619, -1), (-0.08977218, -0.05156051, 0.9946268, -1), (-0.08977219, -0.051560517, 0.9946268, -1), (-0.08977219, -0.05156051, 0.9946268, -1), (-0.15079647, 0.13890688, 0.97875696, -1), (-0.15079646, 0.13890688, 0.97875696, -1), (-0.15079647, 0.13890688, 0.97875696, -1), (-0.21499757, 0.12077227, 0.96911824, -1), (-0.21499756, 0.12077227, 0.96911824, -1), (-0.21499756, 0.12077227, 0.96911824, -1), (0.118508875, -0.12915273, 0.98451775, -1), (0.118508875, -0.1291527, 0.98451775, -1), (0.118508875, -0.12915272, 0.98451775, -1), (-0.20169993, 0.19918133, 0.9589806, -1), (-0.20169993, 0.19918133, 0.9589806, -1), (-0.20169994, 0.19918136, 0.95898074, -1), (-0.18254344, -0.006532137, 0.9831761, -1), (-0.18254343, -0.006532137, 0.9831761, -1), (-0.18254344, -0.0065321373, 0.9831761, -1), (-0.278204, -0.12839204, 0.95190233, -1), (-0.27820396, -0.12839203, 0.95190233, -1), (-0.27820396, -0.12839203, 0.95190233, -1), (0.24795493, 0.13645974, 0.9591127, -1), (0.2479549, 0.13645972, 0.9591127, -1), (0.2479549, 0.13645974, 0.9591127, -1), (0.019012729, 0.22676568, 0.9737638, -1), (0.019012729, 0.22676565, 0.9737638, -1), (0.019012729, 0.22676568, 0.9737638, -1), (-0.2085719, -0.047975074, 0.9768297, -1), (-0.20857188, -0.04797507, 0.9768297, -1), (-0.2085719, -0.04797507, 0.9768297, -1), (-0.07293962, 0.048425507, 0.99616003, -1), (-0.07293962, 0.048425507, 0.99616003, -1), (-0.07293962, 0.0484255, 0.99616003, -1), (-0.17318045, -0.16572848, 0.9708464, -1), (-0.17318043, -0.16572848, 0.9708464, -1), (-0.17318045, -0.16572848, 0.9708464, -1), (-0.21932945, -0.15645577, 0.9630245, -1), (-0.21932945, -0.15645577, 0.9630245, -1), (-0.21932946, -0.15645579, 0.9630245, -1), (-0.20841593, 0.13145107, 0.9691664, -1), (-0.20841591, 0.13145107, 0.9691664, -1), (-0.20841593, 0.13145106, 0.9691664, -1), (0.112898506, -0.019474247, 0.9934156, -1), (0.11289849, -0.019474246, 0.9934156, -1), (0.112898506, -0.019474247, 0.9934156, -1), (-0.21549492, -0.098176956, 0.97155714, -1), (-0.21549492, -0.09817697, 0.97155714, -1), (-0.21549492, -0.09817697, 0.97155714, -1), (-0.051254027, 0.08762432, 0.9948342, -1), (-0.051254034, 0.087624334, 0.9948342, -1), (-0.051254034, 0.087624334, 0.9948342, -1), (-0.022755068, 0.094597585, 0.9952554, -1), (-0.02275507, 0.09459759, 0.9952554, -1), (-0.022755068, 0.094597585, 0.9952554, -1), (-0.15974112, 0.062217657, 0.98519635, -1), (-0.15974112, 0.062217664, 0.98519635, -1), (-0.15974112, 0.06221765, 0.98519635, -1), (-0.07694011, -0.29026592, 0.95384794, -1), (-0.07694012, -0.29026595, 0.95384794, -1), (-0.07694011, -0.29026592, 0.95384794, -1), (-0.12183104, -0.049961995, 0.99129254, -1), (-0.12183104, -0.049961988, 0.99129254, -1), (-0.12183103, -0.049961988, 0.99129254, -1), (-0.48001063, 0.09431875, 0.87217766, -1), (-0.48001057, 0.09431873, 0.87217766, -1), (-0.48001057, 0.09431873, 0.87217766, -1), (0.011223117, 0.14551763, 0.98929197, -1), (0.011223117, 0.14551763, 0.98929197, -1), (0.011223119, 0.14551763, 0.98929197, -1), (-0.095446125, 0.11580647, 0.98867536, -1), (-0.09544613, 0.11580648, 0.98867536, -1), (-0.095446125, 0.11580647, 0.98867536, -1), (-0.021862715, 0.13818786, 0.9901647, -1), (-0.02186272, 0.13818786, 0.9901647, -1), (-0.021862715, 0.13818784, 0.9901647, -1), (-0.04961673, 0.017225998, 0.9986198, -1), (-0.04961673, 0.017225998, 0.9986198, -1), (-0.04961673, 0.017225998, 0.9986198, -1), (-0.21978337, -0.007783915, 0.97551763, -1), (-0.21978337, -0.007783915, 0.97551763, -1), (-0.21978337, -0.007783916, 0.97551763, -1), (-0.112504326, -0.09397694, 0.9891972, -1), (-0.112504326, -0.09397692, 0.9891972, -1), (-0.112504326, -0.09397694, 0.9891972, -1), (-0.0776267, -0.054054208, 0.9955161, -1), (-0.0776267, -0.0540542, 0.9955161, -1), (-0.0776267, -0.0540542, 0.9955161, -1), (-0.037058182, 0.15589225, 0.98707867, -1), (-0.037058182, 0.15589225, 0.98707867, -1), (-0.037058182, 0.15589225, 0.98707867, -1), (-0.12933901, -0.18859416, 0.9735007, -1), (-0.12933901, -0.18859416, 0.9735007, -1), (-0.12933901, -0.18859415, 0.9735007, -1), (-0.095219694, -0.084823154, 0.9918358, -1), (-0.0952197, -0.08482315, 0.9918358, -1), (-0.095219694, -0.084823154, 0.9918358, -1), (-0.12678777, 0.015537446, 0.99180824, -1), (-0.12678777, 0.015537446, 0.99180824, -1), (-0.12678777, 0.015537446, 0.9918081, -1), (-0.122126736, -0.25318402, 0.9596786, -1), (-0.122126736, -0.25318402, 0.9596786, -1), (-0.122126736, -0.25318405, 0.9596786, -1), (-0.15614523, 0.05540437, 0.986179, -1), (-0.15614524, 0.05540436, 0.986179, -1), (-0.15614524, 0.05540436, 0.986179, -1), (0.042991426, 0.08646614, 0.99532676, -1), (0.04299143, 0.086466156, 0.99532676, -1), (0.042991433, 0.086466156, 0.99532676, -1), (-0.1876102, -0.17349754, 0.9667994, -1), (-0.1876102, -0.17349756, 0.9667994, -1), (-0.18761018, -0.17349754, 0.9667994, -1), (0.013601929, 0.24467406, 0.9695099, -1), (0.013601929, 0.24467406, 0.9695099, -1), (0.013601931, 0.24467406, 0.9695099, -1), (-0.04737354, 0.132392, 0.9900647, -1), (-0.047373544, 0.13239202, 0.9900647, -1), (-0.047373544, 0.13239203, 0.9900647, -1), (-0.21392775, -0.023496633, 0.9765669, -1), (-0.21392775, -0.023496633, 0.9765669, -1), (-0.21392775, -0.023496633, 0.9765669, -1), (-0.12399112, 0.29193947, 0.94836575, -1), (-0.12399112, 0.29193947, 0.94836575, -1), (-0.12399112, 0.29193953, 0.94836575, -1), (-0.13510634, -0.056343563, 0.9892278, -1), (-0.13510634, -0.056343567, 0.9892278, -1), (-0.13510635, -0.056343574, 0.9892278, -1), (-0.12313714, -0.26067582, 0.95754135, -1), (-0.12313714, -0.2606758, 0.95754135, -1), (-0.12313714, -0.26067582, 0.95754135, -1), (-0.004458803, 0.15417242, 0.98803383, -1), (-0.004458804, 0.15417242, 0.98803383, -1), (-0.0044588037, 0.15417244, 0.98803383, -1), (-0.13609149, -0.17681666, 0.9747897, -1), (-0.1360915, -0.17681664, 0.9747897, -1), (-0.13609149, -0.17681663, 0.9747897, -1), (-0.08768333, -0.017398048, 0.9959965, -1), (-0.08768333, -0.017398046, 0.9959965, -1), (-0.08768333, -0.017398048, 0.9959965, -1), (-0.21423672, -0.022528088, 0.97652185, -1), (-0.21423674, -0.022528088, 0.97652185, -1), (-0.2142367, -0.022528086, 0.97652185, -1), (-0.10266165, 0.04920758, 0.99349844, -1), (-0.10266166, 0.049207583, 0.99349844, -1), (-0.102661654, 0.049207576, 0.99349844, -1), (-0.052777007, 0.29162022, 0.95507705, -1), (-0.052777007, 0.29162028, 0.95507705, -1), (-0.052777007, 0.29162022, 0.95507705, -1), (-0.06968827, -0.06877467, 0.9951952, -1), (-0.06968827, -0.06877466, 0.9951952, -1), (-0.06968827, -0.06877467, 0.9951952, -1), (-0.035175763, -0.085896716, 0.99568284, -1), (-0.03517576, -0.08589673, 0.99568284, -1), (-0.035175763, -0.085896716, 0.99568284, -1), (-0.0054386123, 0.112488076, 0.9936381, -1), (-0.005438612, 0.112488054, 0.9936381, -1), (-0.005438612, 0.11248806, 0.9936381, -1), (-0.09740766, 0.019470643, 0.9950541, -1), (-0.09740766, 0.019470641, 0.9950541, -1), (-0.09740767, 0.019470643, 0.9950541, -1), (-0.053214822, -0.031824525, 0.99807584, -1), (-0.053214826, -0.03182453, 0.99807584, -1), (-0.053214833, -0.03182453, 0.99807584, -1), (0.0963312, -0.19752288, 0.97555375, -1), (0.0963312, -0.1975229, 0.97555375, -1), (0.0963312, -0.19752288, 0.97555375, -1), (-0.18089038, -0.2523549, 0.9505764, -1), (-0.18089041, -0.2523549, 0.9505764, -1), (-0.18089041, -0.2523549, 0.9505764, -1), (-0.05062288, 0.028646287, 0.998307, -1), (-0.05062288, 0.02864629, 0.998307, -1), (-0.050622877, 0.02864629, 0.998307, -1), (-0.0046895724, 0.19091551, 0.9815953, -1), (-0.004689573, 0.19091551, 0.9815953, -1), (-0.0046895724, 0.19091551, 0.9815953, -1), (-0.1075495, 0.013390956, 0.9941095, -1), (-0.10754949, 0.013390954, 0.9941095, -1), (-0.10754949, 0.0133909555, 0.9941095, -1), (-0.13392884, -0.17169842, 0.9760034, -1), (-0.13392882, -0.1716984, 0.9760034, -1), (-0.13392884, -0.17169842, 0.9760034, -1), (-0.11156151, -0.004790862, 0.9937459, -1), (-0.11156152, -0.004790863, 0.9937459, -1), (-0.11156152, -0.004790863, 0.9937459, -1), (-0.09676761, 0.24581796, 0.9644738, -1), (-0.096767604, 0.24581796, 0.9644738, -1), (-0.0967676, 0.24581793, 0.9644738, -1), (-0.047012836, 0.25211912, 0.96655357, -1), (-0.047012843, 0.25211915, 0.96655357, -1), (-0.04701284, 0.25211915, 0.96655357, -1), (-0.025827007, 0.22375692, 0.9743027, -1), (-0.02582701, 0.22375694, 0.9743027, -1), (-0.025827007, 0.22375692, 0.9743027, -1), (-0.035803836, 0.07007292, 0.9968991, -1), (-0.03580384, 0.07007292, 0.9968991, -1), (-0.035803836, 0.07007291, 0.9968991, -1), (-0.103845455, -0.0023707324, 0.99459064, -1), (-0.10384544, -0.0023707324, 0.99459064, -1), (-0.103845455, -0.0023707324, 0.99459064, -1), (-0.09267237, -0.016250743, 0.9955641, -1), (-0.09267237, -0.016250744, 0.9955641, -1), (-0.101156905, -0.032934386, 0.9943252, -1), (-0.101156905, -0.032934386, 0.9943252, -1), (-0.1011569, -0.032934386, 0.9943252, -1), (-0.14718127, -0.12699729, 0.98092264, -1), (-0.14718127, -0.12699729, 0.98092276, -1), (-0.14718126, -0.12699729, 0.98092276, -1), (-0.1365578, -0.055113748, 0.98909783, -1), (-0.13655779, -0.055113748, 0.98909783, -1), (-0.13655779, -0.055113748, 0.98909783, -1), (0.039343726, 0.008793615, 0.99918705, -1), (0.03934373, 0.008793617, 0.99918705, -1), (0.039343733, 0.008793617, 0.99918705, -1), (-0.09777468, -0.06063314, 0.99335986, -1), (-0.09777468, -0.06063314, 0.99335986, -1), (-0.09777469, -0.060633145, 0.99335986, -1), (-0.1467599, 0.05001284, 0.98790705, -1), (-0.14675988, 0.05001284, 0.98790705, -1), (-0.14675988, 0.05001284, 0.98790705, -1), (-0.0669435, -0.07995976, 0.99454767, -1), (-0.066943504, -0.079959765, 0.99454767, -1), (-0.06694349, -0.079959765, 0.99454767, -1), (-0.040521007, 0.017586006, 0.9990239, -1), (-0.040521007, 0.017586006, 0.9990239, -1), (-0.040521003, 0.017586004, 0.9990239, -1), (-0.038075898, -0.020293424, 0.9990688, -1), (-0.038075894, -0.020293422, 0.9990688, -1), (-0.038075898, -0.020293424, 0.9990688, -1), (-0.066336565, 0.0140730245, 0.997698, -1), (-0.06633657, 0.0140730245, 0.997698, -1), (-0.066336565, 0.014073024, 0.997698, -1), (-0.26557618, -0.09449961, 0.9594473, -1), (-0.26557618, -0.09449961, 0.9594473, -1), (-0.26557618, -0.09449962, 0.9594473, -1), (-0.04607002, 0.22722396, 0.97275215, -1), (-0.04607002, 0.22722396, 0.97275215, -1), (-0.046070024, 0.22722398, 0.97275215, -1), (-0.018536989, 0.26433495, 0.9642528, -1), (-0.018536989, 0.26433492, 0.9642528, -1), (-0.018536989, 0.26433492, 0.9642528, -1), (-0.23990703, -0.005310252, 0.9707813, -1), (-0.23990704, -0.005310253, 0.9707813, -1), (-0.23990704, -0.005310253, 0.9707813, -1), (-0.10090601, -0.04967571, 0.9936551, -1), (-0.10090601, -0.04967572, 0.9936551, -1), (-0.10090601, -0.04967572, 0.9936551, -1), (-0.13848515, 0.0310865, 0.98987657, -1), (-0.13848515, 0.0310865, 0.98987657, -1), (-0.13848515, 0.0310865, 0.98987657, -1), (0.07126095, 0.14881675, 0.9862938, -1), (0.071260944, 0.14881673, 0.9862938, -1), (0.071260944, 0.14881675, 0.9862938, -1), (0.02344707, 0.24678783, 0.9687858, -1), (0.02344707, 0.24678783, 0.9687858, -1), (0.023447076, 0.24678786, 0.9687858, -1), (-0.1590419, 0.008664553, 0.9872339, -1), (-0.15904188, 0.008664553, 0.9872339, -1), (-0.1590419, 0.008664553, 0.9872339, -1), (-0.037463162, 0.23360595, 0.97160935, -1), (-0.037463162, 0.23360592, 0.97160935, -1), (-0.037463162, 0.23360595, 0.97160935, -1), (0.16107914, -0.1994873, 0.9665704, -1), (0.16107915, -0.1994873, 0.9665704, -1), (0.16107917, -0.1994873, 0.9665704, -1), (-0.2844794, -0.18381852, 0.9408944, -1), (-0.2844794, -0.18381849, 0.9408943, -1), (-0.2844794, -0.18381852, 0.9408944, -1), (-0.10136049, -0.19141482, 0.9762614, -1), (-0.10136049, -0.19141482, 0.9762614, -1), (-0.10136048, -0.19141483, 0.9762614, -1), (-0.075425886, 0.07851639, 0.9940554, -1), (-0.07542588, 0.07851639, 0.9940554, -1), (-0.07542588, 0.07851638, 0.9940554, -1), (-0.2056658, -0.17870091, 0.96216816, -1), (-0.2056658, -0.17870094, 0.96216816, -1), (-0.20566583, -0.17870092, 0.96216816, -1), (-0.113467604, -0.1871852, 0.9757494, -1), (-0.1134676, -0.18718521, 0.9757494, -1), (-0.11346759, -0.18718518, 0.9757494, -1), (0.06278043, 0.1172352, 0.9911178, -1), (0.06278043, 0.11723521, 0.9911178, -1), (0.06278043, 0.1172352, 0.9911178, -1), (-0.06445974, 0.17813177, 0.98189306, -1), (-0.06445975, 0.17813179, 0.98189306, -1), (-0.06445975, 0.17813179, 0.98189306, -1), (0.15907189, 0.0038134991, 0.9872596, -1), (0.15907192, 0.0038134991, 0.9872596, -1), (0.1590719, 0.0038134987, 0.9872596, -1), (0.043808796, 0.25455943, 0.96606433, -1), (0.0438088, 0.25455943, 0.96606433, -1), (0.043808796, 0.25455943, 0.96606433, -1), (-0.10024701, 0.23282008, 0.96733934, -1), (-0.100247025, 0.2328201, 0.96733934, -1), (-0.10024701, 0.23282005, 0.96733934, -1), (-0.062554866, 0.30546552, 0.9501462, -1), (-0.062554866, 0.30546555, 0.9501462, -1), (-0.062554866, 0.30546552, 0.9501462, -1), (-0.073430635, 0.05654423, 0.99569607, -1), (-0.07343064, 0.056544237, 0.99569607, -1), (-0.073430635, 0.056544237, 0.99569607, -1), (-0.19828568, -0.27746677, 0.94005054, -1), (-0.19828565, -0.27746677, 0.94005054, -1), (-0.1982857, -0.2774668, 0.94005054, -1), (0.024354, 0.04926074, 0.998489, -1), (0.024354, 0.04926073, 0.998489, -1), (0.024353996, 0.04926073, 0.998489, -1), (-0.027418751, 0.21128623, 0.9770396, -1), (-0.027418751, 0.21128623, 0.9770396, -1), (-0.027418755, 0.21128623, 0.9770396, -1), (-0.15341963, 0.17902854, 0.97180825, -1), (-0.15341963, 0.17902854, 0.97180825, -1), (-0.15341961, 0.17902853, 0.97180825, -1), (-0.17498572, -0.056904435, 0.9829252, -1), (-0.17498572, -0.056904435, 0.9829252, -1), (-0.17498572, -0.056904435, 0.9829252, -1), (-0.0640512, 0.01782121, 0.9977875, -1), (-0.0640512, 0.01782121, 0.9977875, -1), (-0.064051196, 0.017821208, 0.9977875, -1), (-0.22103848, -0.13463087, 0.96592784, -1), (-0.2210385, -0.13463089, 0.96592784, -1), (-0.2210385, -0.13463089, 0.96592784, -1), (-0.42785653, -0.1101469, 0.89711, -1), (-0.42785656, -0.1101469, 0.89711, -1), (-0.42785656, -0.11014692, 0.89711, -1), (-0.007603478, -0.15562089, 0.98778754, -1), (-0.007603478, -0.15562089, 0.98778754, -1), (-0.007603478, -0.15562087, 0.98778754, -1), (-0.05891257, -0.05911332, 0.9965114, -1), (-0.05891257, -0.05911332, 0.9965114, -1), (-0.058912564, -0.059113313, 0.9965114, -1), (-0.10136, 0.10577079, 0.9892111, -1), (-0.10136, 0.105770774, 0.9892111, -1), (-0.10135999, 0.105770774, 0.9892111, -1), (-0.2024263, 0.09335527, 0.9748376, -1), (-0.2024263, 0.093355276, 0.9748376, -1), (-0.20242627, 0.09335527, 0.9748376, -1), (0.040866554, 0.11024658, 0.99306375, -1), (0.040866558, 0.110246584, 0.99306375, -1), (0.040866554, 0.11024658, 0.99306375, -1), (0.1199255, -0.05356112, -0.99133706, 1), (0.119925484, -0.05356112, -0.99133706, 1), (0.1199255, -0.05356112, -0.99133706, 1), (0.036847007, 0.22623374, 0.9733759, -1), (0.036847003, 0.22623374, 0.9733759, -1), (0.036847003, 0.22623374, 0.9733759, -1), (0.12905207, -0.11628704, 0.9847958, -1), (0.12905206, -0.116287015, 0.9847958, -1), (0.12905206, -0.11628703, 0.9847958, -1), (-0.09035471, -0.023117064, 0.99564123, -1), (-0.09035472, -0.023117064, 0.99564123, -1), (-0.09035471, -0.023117062, 0.99564123, -1), (-0.1286313, -0.10202854, 0.98643005, -1), (-0.12863128, -0.10202853, 0.98643005, -1), (-0.1286313, -0.10202853, 0.98643005, -1), (-0.0030380627, -0.02782624, 0.9996082, -1), (-0.0030380627, -0.02782624, 0.9996082, -1), (-0.0030380627, -0.02782624, 0.9996082, -1), (-0.076929726, -0.09107678, 0.99286795, -1), (-0.07692972, -0.09107678, 0.99286795, -1), (-0.076929726, -0.091076784, 0.99286795, -1), (-0.12921819, -0.2087918, 0.9693857, -1), (-0.12921819, -0.2087918, 0.9693857, -1), (-0.12921818, -0.2087918, 0.9693857, -1), (-0.011085639, 0.02674129, 0.9995809, -1), (-0.01108564, 0.02674129, 0.9995809, -1), (-0.01108564, 0.02674129, 0.9995809, -1), (-0.12326255, 0.007624137, 0.9923448, -1), (-0.12326255, 0.0076241363, 0.9923448, -1), (-0.12326255, 0.0076241363, 0.9923448, -1), (0.017357122, 0.0053428574, 0.999835, -1), (0.017357122, 0.0053428565, 0.999835, -1), (0.01735712, 0.0053428565, 0.999835, -1), (0.028651724, -0.09145802, 0.9953967, -1), (0.028651727, -0.09145802, 0.9953967, -1), (0.028651724, -0.09145802, 0.9953967, -1), (0.123601146, 0.11947312, 0.9851136, -1), (0.12360113, 0.11947312, 0.9851136, -1), (0.123601146, 0.119473115, 0.9851136, -1), (-0.1481024, 0.17960422, 0.9725266, -1), (-0.1481024, 0.1796042, 0.9725266, -1), (-0.14810239, 0.17960422, 0.9725266, -1), (-0.14955896, 0.085445836, 0.98505396, -1), (-0.14955895, 0.08544583, 0.98505396, -1), (-0.14955896, 0.085445836, 0.98505396, -1), (-0.102149785, 0.16735514, 0.98059046, -1), (-0.1021498, 0.16735516, 0.98059046, -1), (-0.1021498, 0.16735515, 0.98059046, -1), (-0.06878233, 0.11714099, 0.9907306, -1), (-0.068782315, 0.11714098, 0.9907306, -1), (-0.068782315, 0.11714098, 0.9907306, -1), (-0.08998993, -0.1374391, 0.9864139, -1), (-0.08998994, -0.1374391, 0.9864139, -1), (-0.08998994, -0.1374391, 0.9864139, -1), (0.2691075, -0.14228837, 0.9525415, -1), (0.26910752, -0.14228836, 0.95254135, -1), (0.26910752, -0.14228837, 0.9525415, -1), (0.06817128, -0.1944633, 0.978538, -1), (0.06817128, -0.19446331, 0.978538, -1), (0.06817128, -0.19446331, 0.978538, -1), (0.010904687, 0.10318687, 0.99460226, -1), (0.010904687, 0.10318687, 0.99460226, -1), (0.010904686, 0.10318687, 0.99460226, -1), (-0.0703813, 0.121952005, 0.99003744, -1), (-0.070381284, 0.121952005, 0.99003744, -1), (-0.07038129, 0.121952005, 0.99003744, -1), (-0.0970718, 0.01213902, 0.9952034, -1), (-0.0970718, 0.01213902, 0.9952034, -1), (-0.09707179, 0.012139018, 0.9952034, -1), (-0.063263975, 0.07790916, 0.99495125, -1), (-0.06326396, 0.07790916, 0.99495125, -1), (-0.06326396, 0.07790916, 0.99495125, -1), (0.03630095, 0.0120220855, 0.9992686, -1), (0.036300953, 0.0120220855, 0.9992686, -1), (0.036300953, 0.012022086, 0.9992686, -1), (-0.16697814, 0.08356698, 0.9824128, -1), (-0.16697812, 0.08356698, 0.9824128, -1), (-0.16697812, 0.08356696, 0.9824128, -1), (-0.03633812, 0.025605198, 0.9990115, -1), (-0.03633812, 0.025605198, 0.9990115, -1), (-0.03633812, 0.025605196, 0.9990115, -1), (-0.26284447, -0.14593667, 0.95373756, -1), (-0.26284444, -0.14593667, 0.95373756, -1), (-0.26284447, -0.14593667, 0.95373756, -1), (-0.012391117, 0.14264177, 0.98969686, -1), (-0.012391116, 0.14264175, 0.98969686, -1), (-0.012391117, 0.14264177, 0.98969686, -1), (-0.07119182, 0.11161599, 0.991198, -1), (-0.07119181, 0.11161597, 0.991198, -1), (-0.07119182, 0.11161598, 0.991198, -1), (-0.058312282, 0.13108867, 0.98965424, -1), (-0.058312286, 0.13108867, 0.98965424, -1), (-0.058312286, 0.13108867, 0.98965424, -1), (-0.09236565, -0.19293584, 0.97685426, -1), (-0.09236567, -0.19293587, 0.97685426, -1), (-0.09236565, -0.19293584, 0.97685426, -1), (0.03184434, 0.0886479, 0.9955539, -1), (0.031844344, 0.08864791, 0.9955539, -1), (0.03184434, 0.0886479, 0.9955539, -1), (0.1286939, -0.0829346, 0.9882103, -1), (0.12869391, -0.08293462, 0.9882103, -1), (0.12869391, -0.08293461, 0.9882103, -1), (0.28220826, -0.08260937, 0.95578986, -1), (0.28220826, -0.08260937, 0.95578986, -1), (0.28220826, -0.08260937, 0.95578986, -1), (-0.2015185, 0.06695293, 0.9771937, -1), (-0.20151852, 0.06695294, 0.9771937, -1), (-0.20151849, 0.06695294, 0.9771937, -1), (-0.116802245, 0.15329465, 0.9812533, -1), (-0.116802245, 0.15329465, 0.9812533, -1), (-0.11680223, 0.15329465, 0.9812532, -1), (-0.032990314, -0.24103297, 0.9699561, -1), (-0.03299031, -0.24103297, 0.9699561, -1), (-0.03299031, -0.24103296, 0.9699561, -1), (-0.1791063, 0.13489297, 0.97453827, -1), (-0.1791063, 0.13489296, 0.97453827, -1), (-0.17910628, 0.13489297, 0.97453827, -1), (-0.11062917, 0.24717419, 0.962635, -1), (-0.11062917, 0.24717419, 0.962635, -1), (-0.11062917, 0.24717419, 0.962635, -1), (0.020341504, 0.004273538, 0.99978393, -1), (0.020341506, 0.0042735385, 0.99978393, -1), (0.020341506, 0.004273537, 0.99978393, -1), (-0.16695444, 0.038949165, 0.985195, -1), (-0.16695443, 0.038949165, 0.985195, -1), (-0.16695443, 0.03894916, 0.985195, -1), (-0.17955501, -0.19369212, 0.9644913, -1), (-0.17955503, -0.1936921, 0.9644913, -1), (-0.179555, -0.19369209, 0.9644913, -1), (0.05531536, 0.17295378, 0.9833754, -1), (0.05531536, 0.1729538, 0.9833754, -1), (0.055315353, 0.17295378, 0.9833754, -1), (0.14908957, 0.023445737, 0.9885457, -1), (0.14908957, 0.023445737, 0.9885457, -1), (0.14908957, 0.023445738, 0.9885457, -1), (0.052917525, 0.057239093, 0.99695706, -1), (0.052917525, 0.057239085, 0.99695706, -1), (0.05291752, 0.057239085, 0.99695706, -1), (-0.117867336, 0.1521922, 0.9812975, -1), (-0.11786735, 0.15219222, 0.9812975, -1), (-0.117867365, 0.15219222, 0.9812975, -1), (0.16438189, -0.059682302, 0.9845895, -1), (0.16438186, -0.059682302, 0.9845895, -1), (0.16438186, -0.05968231, 0.9845895, -1), (-0.14284642, 0.005289719, 0.98973083, -1), (-0.14284642, 0.005289719, 0.98973083, -1), (-0.14284644, 0.0052897194, 0.98973083, -1), (-0.14475597, 0.12683116, 0.98130506, -1), (-0.14475597, 0.12683116, 0.98130506, -1), (-0.14475597, 0.12683116, 0.98130506, -1), (-0.052679144, 0.028656125, 0.9982002, -1), (-0.052679136, 0.028656121, 0.9982002, -1), (-0.052679136, 0.02865612, 0.9982002, -1), (-0.39047298, 0.021199051, 0.9203703, -1), (-0.39047295, 0.02119905, 0.9203703, -1), (-0.39047295, 0.02119905, 0.9203703, -1), (-0.23650053, -0.04714537, 0.9704869, -1), (-0.23650053, -0.047145363, 0.9704869, -1), (-0.23650053, -0.04714537, 0.9704869, -1), (-0.14917801, -0.10990579, 0.9826834, -1), (-0.149178, -0.10990579, 0.9826834, -1), (-0.14917801, -0.10990579, 0.9826834, -1), (0.010595672, 0.057555594, 0.99828607, -1), (0.010595672, 0.0575556, 0.99828607, -1), (0.010595672, 0.057555594, 0.99828607, -1), (-0.1660827, -0.09232548, 0.98178023, -1), (-0.16608268, -0.09232548, 0.98178023, -1), (-0.16608267, -0.09232548, 0.98178023, -1), (0.33491328, -0.061630744, 0.94023126, -1), (0.33491325, -0.061630752, 0.94023126, -1), (0.33491328, -0.061630744, 0.94023126, -1), (0.13983993, 0.021204842, 0.98994714, -1), (0.13983995, 0.021204842, 0.98994714, -1), (0.13983995, 0.021204844, 0.98994714, -1), (-0.06865583, -0.0224284, 0.9973883, -1), (-0.06865583, -0.0224284, 0.9973883, -1), (-0.06865583, -0.0224284, 0.9973883, -1), (0.0616148, 0.041982006, 0.9972167, -1), (0.061614804, 0.041982003, 0.9972167, -1), (0.0616148, 0.041982003, 0.9972167, -1), (-0.13675688, -0.059255764, 0.98883086, -1), (-0.13675688, -0.059255768, 0.98883086, -1), (-0.13675688, -0.059255764, 0.98883086, -1), (-0.2542728, 0.043167103, 0.9661687, -1), (-0.2542728, 0.043167103, 0.9661687, -1), (-0.25427282, 0.043167103, 0.9661687, -1), (-0.15771607, 0.08067525, 0.98418343, -1), (-0.15771605, 0.08067524, 0.98418343, -1), (-0.15771605, 0.08067524, 0.98418343, -1), (0.24043122, 0.16395913, 0.95671844, -1), (0.24043122, 0.16395913, 0.95671844, -1), (0.24043122, 0.16395913, 0.95671844, -1), (-0.004156081, 0.050137207, 0.9987337, -1), (-0.004156082, 0.050137207, 0.9987337, -1), (-0.004156081, 0.050137207, 0.9987337, -1), (0.68461454, 0.03508198, 0.72806054, 1), (0.68461454, 0.03508198, 0.72806054, 1), (0.68461454, 0.035081983, 0.72806054, 1), (-0.2531799, -0.18061823, 0.9504089, -1), (-0.25317988, -0.18061823, 0.9504089, -1), (-0.2531799, -0.18061821, 0.9504089, -1), (-0.110844836, -0.046268445, 0.9927602, -1), (-0.11084485, -0.046268445, 0.9927602, -1), (-0.11084485, -0.046268445, 0.9927602, -1), (0.029420543, -0.05592516, 0.9980014, -1), (0.029420543, -0.05592516, 0.9980014, -1), (0.029420543, -0.05592516, 0.9980014, -1), (-0.11456478, -0.056403372, 0.9918133, -1), (-0.114564784, -0.05640337, 0.9918133, -1), (-0.114564784, -0.05640337, 0.9918133, -1), (-0.01564902, 0.13504793, 0.9907155, -1), (-0.01564902, 0.13504796, 0.9907155, -1), (-0.01564902, 0.13504793, 0.9907155, -1), (-0.14593343, -0.035726137, 0.98864913, -1), (-0.14593343, -0.035726137, 0.98864913, -1), (-0.14593345, -0.03572614, 0.98864913, -1), (0.004954132, 0.1328058, 0.99112964, -1), (0.004954132, 0.1328058, 0.99112964, -1), (0.004954132, 0.1328058, 0.99112964, -1), (0.035421263, 0.22673745, 0.97331166, -1), (0.035421263, 0.22673745, 0.97331166, -1), (0.035421263, 0.22673748, 0.97331166, -1), (-0.30235988, -0.27747688, 0.91191286, -1), (-0.3023599, -0.27747688, 0.91191286, -1), (-0.30235988, -0.27747685, 0.91191286, -1), (0.066464014, 0.3327614, 0.94066596, -1), (0.066464, 0.3327614, 0.94066584, -1), (0.06646401, 0.33276138, 0.94066596, -1), (-0.10046678, 0.095012374, 0.99039334, -1), (-0.10046679, 0.095012374, 0.99039334, -1), (-0.10046679, 0.095012374, 0.99039334, -1), (-0.07015945, 0.009340213, 0.9974921, -1), (-0.07015944, 0.009340215, 0.9974921, -1), (-0.07015944, 0.009340213, 0.9974921, -1), (-0.39792052, 0.13265495, 0.9077786, -1), (-0.39792055, 0.13265494, 0.9077786, -1), (-0.3979205, 0.13265494, 0.9077786, -1), (0.116204865, 0.22105186, 0.96831423, -1), (0.116204865, 0.22105187, 0.96831423, -1), (0.11620486, 0.22105186, 0.96831423, -1), (-0.12446567, -0.13068622, 0.98357993, -1), (-0.12446565, -0.1306862, 0.98357993, -1), (-0.12446567, -0.13068621, 0.98357993, -1), (-0.114387184, 0.043046746, 0.99250317, -1), (-0.1143872, 0.04304675, 0.99250317, -1), (-0.1143872, 0.04304675, 0.99250317, -1), (-0.09049995, 0.0060224757, 0.9958782, -1), (-0.090499945, 0.006022476, 0.9958782, -1), (-0.09049994, 0.0060224757, 0.9958782, -1), (-0.1383867, -0.08353756, 0.98684883, -1), (-0.13838668, -0.08353756, 0.98684883, -1), (-0.13838668, -0.08353756, 0.98684883, -1), (-0.08158187, 0.047040273, 0.99555594, -1), (-0.083813325, 0.032127425, 0.99596334, -1), (-0.08158187, 0.04704027, 0.99555594, -1), (-0.050956223, 0.051194966, 0.9973878, -1), (-0.05293526, 0.051554307, 0.9972663, -1), (-0.061767183, 0.05317013, 0.99667335, -1), (-0.049155965, 0.22662814, 0.9727401, -1), (-0.049155973, 0.22662814, 0.9727401, -1), (-0.049155973, 0.22662817, 0.9727401, -1), (-0.091220394, -0.010147326, 0.99577904, -1), (-0.091220394, -0.010147327, 0.99577904, -1), (-0.091220394, -0.010147326, 0.99577904, -1), (-0.006485389, 0.14187756, 0.9898629, -1), (-0.006485389, 0.14187756, 0.9898629, -1), (-0.0064853886, 0.14187755, 0.9898629, -1), (-0.10470874, -0.020767143, 0.9942861, -1), (-0.104708746, -0.020767145, 0.9942861, -1), (-0.10470873, -0.020767141, 0.9942861, -1), (-0.29446867, 0.07034576, 0.95306855, -1), (-0.2944687, 0.07034576, 0.95306855, -1), (-0.29446867, 0.07034576, 0.95306855, -1), (-0.12556988, -0.21324506, 0.9688956, -1), (-0.1255699, -0.21324508, 0.9688956, -1), (-0.1255699, -0.21324508, 0.9688956, -1), (-0.19819848, -0.14509335, 0.9693634, -1), (-0.19819847, -0.14509335, 0.9693634, -1), (-0.19819848, -0.14509337, 0.9693634, -1), (0.11509813, 0.300879, 0.9466912, -1), (0.11509813, 0.30087906, 0.9466912, -1), (0.11509813, 0.300879, 0.9466912, -1), (-0.10364482, -0.07917531, 0.991458, -1), (-0.10364481, -0.07917529, 0.991458, -1), (-0.103644826, -0.07917529, 0.991458, -1), (-0.22297978, -0.2054839, 0.95291996, -1), (-0.2229798, -0.20548391, 0.9529199, -1), (-0.22297978, -0.20548388, 0.95291996, -1), (-0.124828674, -0.065753, 0.98999715, -1), (-0.124828674, -0.065753, 0.98999715, -1), (-0.124828674, -0.065753, 0.98999715, -1), (0.019345786, 0.07258425, 0.9971746, -1), (0.019345785, 0.072584234, 0.9971746, -1), (0.019345786, 0.07258425, 0.9971746, -1), (-0.2303991, -0.13424516, 0.9637917, -1), (-0.2303991, -0.13424516, 0.9637917, -1), (-0.2303991, -0.13424516, 0.9637917, -1), (0.11555573, 0.004583751, 0.9932904, -1), (0.11555573, 0.004583751, 0.9932904, -1), (0.11555573, 0.0045837504, 0.9932904, -1), (-0.22571562, -0.25358328, 0.9406104, -1), (-0.22571562, -0.25358328, 0.9406104, -1), (-0.2257156, -0.25358328, 0.9406104, -1), (-0.40838435, -0.08552019, 0.90879506, -1), (-0.40838435, -0.0855202, 0.90879506, -1), (-0.40838435, -0.08552021, 0.9087951, -1), (-0.112631276, -0.0028258457, 0.99363285, -1), (-0.112631276, -0.0028258457, 0.99363285, -1), (-0.112631276, -0.0028258457, 0.99363285, -1), (-0.120720424, 0.19319117, 0.97370625, -1), (-0.12072041, 0.19319117, 0.97370625, -1), (-0.12072043, 0.19319119, 0.97370625, -1), (0.03216766, 0.123000026, 0.9918852, -1), (0.03216766, 0.123000026, 0.9918852, -1), (0.03216766, 0.123000026, 0.9918852, -1), (-0.06379659, 0.16333932, 0.98450506, -1), (-0.06379659, 0.1633393, 0.98450506, -1), (-0.0637966, 0.16333935, 0.98450506, -1), (-0.09167129, 0.1275462, 0.98758715, -1), (-0.09167128, 0.12754619, 0.98758715, -1), (-0.09167128, 0.12754619, 0.98758715, -1), (-0.11376326, 0.15053357, 0.9820374, -1), (-0.11376326, 0.15053357, 0.9820374, -1), (-0.11376328, 0.15053357, 0.9820374, -1), (-0.1692726, -0.0017745304, 0.9855677, -1), (-0.1692726, -0.0017745304, 0.9855677, -1), (-0.1692726, -0.0017745304, 0.9855677, -1), (-0.06818085, -0.20781264, 0.97578955, -1), (-0.06818085, -0.20781265, 0.97578955, -1), (-0.06818085, -0.20781265, 0.97578955, -1), (0.041977163, -0.05107516, 0.99781215, -1), (0.04197716, -0.05107516, 0.99781215, -1), (0.041977163, -0.051075164, 0.99781215, -1), (0.013045148, 0.15024613, 0.9885626, -1), (0.013045149, 0.15024613, 0.98856246, -1), (0.013045148, 0.15024613, 0.98856246, -1), (-0.16587451, -0.18280345, 0.9690554, -1), (-0.16587451, -0.18280347, 0.9690554, -1), (-0.16587451, -0.18280345, 0.9690554, -1), (-0.30009332, -0.27101126, 0.914602, -1), (-0.30009332, -0.27101123, 0.914602, -1), (-0.30009332, -0.27101126, 0.914602, -1), (0.093709715, -0.022503404, 0.9953452, -1), (0.093709715, -0.022503406, 0.9953452, -1), (0.093709715, -0.022503406, 0.9953452, -1), (-0.08160963, -0.10950813, 0.99063, -1), (-0.08160963, -0.10950813, 0.99063, -1), (-0.08160963, -0.10950811, 0.99063, -1), (0.0052924557, 0.18359287, 0.98298806, -1), (0.0052924557, 0.18359289, 0.98298806, -1), (0.0052924566, 0.18359289, 0.98298806, -1), (-0.0695669, -0.009416738, 0.99753284, -1), (-0.0695669, -0.009416738, 0.99753284, -1), (-0.0695669, -0.009416738, 0.99753284, -1), (-0.17430252, -0.14798176, 0.9735091, -1), (-0.1743025, -0.14798176, 0.9735091, -1), (-0.1743025, -0.14798176, 0.9735091, -1), (-0.1552143, -0.12318115, 0.98017085, -1), (-0.15521428, -0.123181164, 0.98017085, -1), (-0.1552143, -0.123181164, 0.98017085, -1), (0.038385943, 0.11597177, 0.99251044, -1), (0.03838594, 0.11597177, 0.99251044, -1), (0.038385943, 0.11597177, 0.99251044, -1), (-0.024365913, 0.11126918, 0.9934916, -1), (-0.024365915, 0.11126919, 0.9934916, -1), (-0.024365913, 0.11126918, 0.9934916, -1), (-0.01698858, -0.1388648, 0.99016565, -1), (-0.01698858, -0.1388648, 0.99016565, -1), (-0.01698858, -0.1388648, 0.99016565, -1), (-0.1515461, -0.15554732, 0.9761346, -1), (-0.15154612, -0.15554734, 0.9761346, -1), (-0.15154614, -0.15554732, 0.9761346, -1), (-0.054434247, -0.18172915, 0.9818409, -1), (-0.054434247, -0.18172917, 0.9818409, -1), (-0.054434247, -0.18172917, 0.9818409, -1), (-0.093112215, 0.01657582, 0.9955177, -1), (-0.093112215, 0.01657582, 0.9955177, -1), (-0.093112215, 0.016575817, 0.9955177, -1), (-0.111592, 0.009425579, 0.99370944, -1), (-0.11159199, 0.009425579, 0.99370944, -1), (-0.111592, 0.00942558, 0.99370944, -1), (-0.18621859, -0.039816648, 0.9817012, -1), (-0.1862186, -0.03981665, 0.9817012, -1), (-0.1862186, -0.03981665, 0.9817012, -1), (-0.11421777, -0.16093516, 0.98033375, -1), (-0.11421777, -0.16093516, 0.98033375, -1), (-0.11421777, -0.16093515, 0.9803336, -1), (-0.06914303, -0.32470128, 0.94328594, -1), (-0.06914303, -0.32470128, 0.94328594, -1), (-0.06914303, -0.32470128, 0.94328594, -1), (0.013977011, -0.11114036, 0.9937064, -1), (0.013977012, -0.11114036, 0.9937064, -1), (0.013977011, -0.11114037, 0.9937064, -1), (-0.07114766, 0.08224013, 0.9940697, -1), (-0.071147665, 0.082240134, 0.9940697, -1), (-0.07114766, 0.082240134, 0.9940697, -1), (-0.07564462, -0.07760702, 0.99411017, -1), (-0.07564462, -0.07760702, 0.99411017, -1), (-0.07564463, -0.07760703, 0.99411017, -1), (-0.32600322, -0.12905414, 0.9365185, -1), (-0.32600325, -0.12905414, 0.9365185, -1), (-0.32600322, -0.12905414, 0.9365185, -1), (-0.11922522, -0.05851224, 0.99114156, -1), (-0.11922522, -0.058512237, 0.99114156, -1), (-0.11922522, -0.058512237, 0.99114156, -1), (-0.05649211, 0.055873036, 0.99683845, -1), (-0.056492116, 0.05587305, 0.99683845, -1), (-0.05649211, 0.05587304, 0.99683845, -1), (0.003913175, 0.25737137, 0.9663047, -1), (0.0039131753, 0.25737137, 0.9663047, -1), (0.003913175, 0.25737137, 0.9663047, -1), (0.2184073, 0.1815015, 0.95883024, -1), (0.21840732, 0.1815015, 0.95883024, -1), (0.21840732, 0.1815015, 0.95883024, -1), (-0.022040315, 0.08675064, 0.99598616, -1), (-0.022040313, 0.086750634, 0.99598616, -1), (-0.022040313, 0.086750634, 0.99598616, -1), (0.03372, -0.031493597, 0.99893504, -1), (0.033720005, -0.031493597, 0.99893504, -1), (0.03372, -0.031493597, 0.99893504, -1), (-0.093461804, -0.030231353, 0.9951638, -1), (-0.0934618, -0.030231353, 0.9951638, -1), (-0.09346182, -0.030231358, 0.9951638, -1), (-0.23918046, 0.9436615, 0.2286827, -1), (-0.23918042, 0.9436615, 0.22868243, -1), (-0.23918049, 0.9436615, 0.2286827, -1), (1, 0, 0, -1), (1, 0, 0, -1), (1, 0, 0, -1), (-0.31769636, -0.08174884, 0.9446619, -1), (-0.3906483, -0.08166465, 0.9169104, -1), (-0.2988608, -0.08062429, 0.9508848, -1), (-0.25948694, -0.07127763, 0.96311265, -1), (-0.11277665, -0.0066146506, 0.99359834, -1), (-0.09939721, -0.006280673, 0.9950281, -1), (-0.026559811, -0.0011838212, 0.99964654, -1), (-0.23812413, -0.008408707, 0.9711983, -1), (0.08576989, 0.1437416, 0.9858914, -1), (0.110722296, 0.13874187, 0.9841195, -1), (0.11405184, 0.14759372, 0.9824501, -1), (0.13891691, 0.14245395, 0.9800046, -1), (-0.20476793, -0.03079695, 0.97832596, -1), (-0.234263, -0.027405385, 0.97178686, -1), (-0.2027724, -0.031028625, 0.97873414, -1), (-0.17285253, -0.034535754, 0.98434204, -1), (0, -0.008946998, 0.99995995, -1), (-0.045520812, -0.018052982, 0.9988003, -1), (-0.033172984, -0.024686428, 0.9991447, -1), (-0.081257574, -0.035078127, 0.9960757, -1), (-0.12769899, -0.14895213, 0.9805642, -1), (-0.12411737, -0.15260325, 0.9804627, -1), (-0.15135026, -0.1520743, 0.9767121, -1), (-0.10129145, -0.14956155, 0.9835504, -1), (-0.070492506, -0.1369852, 0.98806167, -1), (-0.10769862, -0.122215435, 0.98664296, -1), (-0.10304573, -0.12597784, 0.9866666, -1), (-0.14618026, -0.11770974, 0.98222995, -1), (-0.10401496, -0.12769856, 0.98634374, -1), (-0.115600646, -0.12514564, 0.9853807, -1), (-0.19722858, -0.17539454, 0.96454006, -1), (-0.16283672, -0.1761459, 0.9708021, -1), (-0.12712224, -0.16717613, 0.9776973, -1), (-0.08399417, -0.16712004, 0.9823522, -1), (-0.14680956, 0.005409921, 0.98915, -1), (-0.08559347, 0.010853847, 0.996271, -1), (-0.065281495, 0.012645021, 0.99778676, -1), (-0.025645336, 0.016118733, 0.99954116, -1), (-0.09586459, -0.052144498, 0.9940276, -1), (0.117891245, -0.0293948, 0.9925914, -1), (-0.063490435, -0.053246614, 0.996561, -1), (-0.24146779, -0.07456179, 0.96754, -1), (-0.11505879, -0.09446212, 0.9888572, -1), (-0.07764232, -0.09617291, 0.99233174, -1), (-0.18026006, -0.105930045, 0.9778984, -1), (0.0072176736, -0.08149516, 0.99664754, -1), (-0.01852191, 0.12734325, 0.9916857, -1), (-0.012167684, 0.12721698, 0.99180025, -1), (0.025510509, 0.12638777, 0.9916529, -1), (-0.05565246, 0.1280029, 0.9902111, -1), (-0.12635687, -0.061228592, 0.9900934, -1), (-0.15905213, -0.05626395, 0.9856656, -1), (-0.10870125, -0.06778065, 0.99176097, -1), (-0.07415433, -0.07276584, 0.9945885, -1), (-0.04509956, 0.043223854, 0.998047, -1), (-0.020563962, 0.031171858, 0.9993025, -1), (-0.04933703, 0.044368148, 0.9977962, -1), (-0.08479681, 0.050513044, 0.99511707, -1), (0.019840175, 0, 0.99980325, -1), (-0.02533672, -0.0060045556, 0.99966097, -1), (-0.054799024, -0.004342776, 0.99848795, -1), (0.04189112, -0.0018626791, 0.9991204, -1), (0.048311997, 0.04765835, 0.9976947, -1), (0.08185333, 0.045918, 0.99558604, -1), (0.17425005, 0.0364595, 0.9840262, -1), (0.22382416, 0.032606333, 0.9740839, -1), (0.010642585, 0.04989018, 0.998698, -1), (-0.1550162, 0.059478827, 0.98611975, -1), (-0.1485001, 0.05909315, 0.9871452, -1), (-0.22383857, 0.066660695, 0.97234386, -1), (0.019075995, 0.17253911, 0.9848179, -1), (0.042442393, 0.17459446, 0.98372525, -1), (-0.094598815, 0.1611768, 0.9823813, -1), (0.17940739, 0.18470064, 0.96628076, -1), (-0.16352804, -0.118335865, 0.9794158, -1), (-0.13830218, -0.12891413, 0.98196423, -1), (-0.123379394, -0.13145973, 0.9836137, -1), (-0.100769766, -0.14062527, 0.9849213, -1), (-0.027227748, 0.13603781, 0.9903294, -1), (0, 0.13108839, 0.9913707, -1), (-0.0011966323, 0.13133986, 0.9913367, -1), (0.033935163, 0.12486814, 0.9915929, -1), (-0.03481857, 0.15645644, 0.987071, -1), (0.02568815, 0.15963969, 0.9868411, -1), (-0.045056038, 0.16931036, 0.9845323, -1), (-0.096643664, 0.16469125, 0.98159903, -1), (-0.12446818, 0.16504788, 0.9784001, -1), (-0.06933528, 0.18160596, 0.980924, -1), (-0.043060202, 0.17852895, 0.982992, -1), (0.016466713, 0.1945345, 0.9807575, -1), (-0.031201867, 0.16903225, 0.98511654, -1), (-0.054535054, 0.16831534, 0.98422354, -1), (-0.055918615, 0.16829728, 0.9841489, -1), (-0.08356315, 0.16919646, 0.98203343, -1), (-0.06564128, 0.035262626, 0.99722004, -1), (-0.073942296, 0.039048824, 0.9964978, -1), (-0.036054414, 0.0346536, 0.9987488, -1), (-0.100018404, 0.039238933, 0.9942115, -1), (0.013840968, -0.028511452, 0.99949765, -1), (0.038758896, -0.030528277, 0.9987821, -1), (0.0635215, -0.031307768, 0.99748933, -1), (0.077754684, -0.032453623, 0.99644417, -1), (0.061610322, -0.17014816, 0.9834906, -1), (-0.078530215, -0.16918679, 0.9824504, -1), (-0.073548496, -0.17295273, 0.98218024, -1), (-0.13232753, -0.16851206, 0.9767769, -1), (-0.12881938, -0.17684214, 0.97577274, -1), (-0.110370055, -0.17281263, 0.97875136, -1), (-0.054461796, -0.006041196, 0.9984976, -1), (-0.038963784, -0.0041084834, 0.9992322, -1), (-0.03127215, 0.007677019, 0.9994815, -1), (-0.07038757, -0.0080807265, 0.99748695, -1), (-0.09009717, 0.018753259, 0.9957563, -1), (-0.24645786, -0.1797925, 0.9523304, -1), (-0.25712714, -0.18003483, 0.9494593, -1), (-0.25812683, -0.18005954, 0.94918334, -1), (-0.26973554, -0.15646642, 0.9501374, -1), (-0.31239635, -0.32211265, 0.89367324, -1), (-0.33064976, -0.32193106, 0.8871477, -1), (-0.32719344, -0.3219959, 0.88840485, -1), (-0.3487063, -0.29797512, 0.8886026, -1), (0.024655443, 0.1902434, 0.9814274, -1), (0.029197384, 0.19012402, 0.98132586, -1), (0.0293979, 0.19010794, 0.981323, -1), (0.031000566, 0.15477517, 0.98746324, -1), (0.030016623, 0.15432838, 0.9875636, -1), (-0.1618101, -0.09314184, 0.9824165, -1), (-0.16838646, -0.09323779, 0.98130155, -1), (-0.16374232, -0.09317085, 0.98209345, -1), (-0.15934175, -0.096473634, 0.98249835, -1), (-0.27272227, -0.12778388, 0.95356894, -1), (-0.25171095, -0.12935399, 0.95911896, -1), (-0.2527265, -0.12929103, 0.95886034, -1), (-0.2296343, -0.11207836, 0.9668022, -1), (-0.14410844, 0.003727104, 0.9895549, -1), (-0.14139672, 0.00357418, 0.98994654, -1), (-0.13801202, 0.003375894, 0.9904248, -1), (-0.13471465, 0.008408661, 0.9908488, -1), (0.023138551, 0.07719321, 0.9967476, -1), (0.014339824, 0.077009395, 0.9969272, -1), (0.019197268, 0.07710591, 0.9968381, -1), (0.027756337, 0.07684197, 0.9966569, -1), (0.0075024716, 0.113120444, 0.9935529, -1), (0.006111255, 0.11315962, 0.993558, -1), (0.0077004284, 0.11311524, 0.9935521, -1), (0.009198373, 0.11221357, 0.99364156, -1), (-0.24198426, -0.20669541, 0.9480087, -1), (-0.23683546, -0.20653768, 0.94934255, -1), (-0.23702528, -0.20654652, 0.9492932, -1), (-0.22969463, -0.20505771, 0.95141566, -1), (-0.13027409, -0.12552872, 0.98349947, -1), (-0.14785907, -0.12607545, 0.98093975, -1), (-0.14785583, -0.12609, 0.9809383, -1), (-0.17025255, -0.105233006, 0.97976524, -1), (-0.13292347, -0.052523963, 0.98973364, -1), (-0.1456422, -0.05039791, 0.98805285, -1), (-0.15018143, -0.049685206, 0.98740923, -1), (-0.16095024, -0.016412044, 0.9868261, -1), (-0.18673582, -0.21704738, 0.9581337, -1), (-0.1822708, -0.21766144, 0.9588539, -1), (-0.18562043, -0.21720244, 0.95831525, -1), (-0.19015178, -0.22048168, 0.95667654, -1), (-0.14242384, -0.19574678, 0.970257, -1), (-0.14034794, -0.1959282, 0.9705229, -1), (-0.14457391, -0.19555902, 0.96997684, -1), (-0.13859706, -0.19531997, 0.97089696, -1), (-0.15200673, -0.1202974, 0.98103136, -1), (-0.15044308, -0.12060511, 0.9812346, -1), (-0.15166612, -0.12036306, 0.981076, -1), (-0.15242825, -0.11614643, 0.98146605, -1), (-0.08862866, 0.05241524, 0.99468476, -1), (-0.07272597, 0.05522217, 0.99582195, -1), (-0.09070691, 0.05204855, 0.99451655, -1), (-0.110891916, 0.055438172, 0.992285, -1), (-0.04430813, 0.034428798, 0.99842453, -1), (-0.052568123, 0.03584296, 0.99797386, -1), (-0.0377687, 0.033333816, 0.99873036, -1), (-0.05672839, 0.0526807, 0.9969989, -1), (-0.13821943, -0.010141945, 0.99034977, -1), (-0.11822154, -0.009100725, 0.9929456, -1), (-0.12480697, -0.0094263, 0.99213624, -1), (-0.10437835, -0.017674137, 0.99438053, -1), (-0.036670502, 0.20643553, 0.9777728, -1), (-0.0348674, 0.20647477, 0.97783047, -1), (-0.020343037, 0.20666593, 0.9782, -1), (-0.048671473, 0.22053131, 0.9741648, -1), (-0.047813475, 0.11936747, 0.99169815, -1), (-0.04329461, 0.11891287, 0.99196035, -1), (-0.043505285, 0.11893314, 0.9919486, -1), (-0.038875192, 0.11742598, 0.9923205, -1), (-0.0876649, 0.1396633, 0.98631084, -1), (-0.09411927, 0.13985035, 0.9856894, -1), (-0.088593856, 0.13969173, 0.98622376, -1), (-0.08111824, 0.12208835, 0.98919886, -1), (-0.20072825, 0.10783458, 0.97369397, -1), (-0.19163376, 0.10623669, 0.9756999, -1), (-0.19445989, 0.10673599, 0.9750861, -1), (-0.1881955, 0.0991358, 0.9771154, -1), (-0.09402672, -0.025092492, 0.99525344, -1), (-0.09741453, -0.025413513, 0.99491936, -1), (-0.09925296, -0.025590956, 0.9947331, -1), (-0.10215165, -0.029868007, 0.9943203, -1), (0.09028365, 0.20180398, 0.9752559, -1), (0.08831775, 0.2017548, 0.9754461, -1), (0.09592308, 0.20194128, 0.9746889, -1), (0.085022025, 0.20532775, 0.9749933, -1), (-0.23262218, -0.15668169, 0.95986336, -1), (-0.2300909, -0.15675707, 0.960461, -1), (-0.2300414, -0.15676227, 0.96047205, -1), (-0.22687078, -0.15987518, 0.960713, -1), (-0.08529791, 0.022805536, 0.9960944, -1), (-0.0651023, 0.024384115, 0.99758065, -1), (-0.08292868, 0.0229961, 0.9962902, -1), (-0.09943355, 0.027045356, 0.9946766, -1), (0.0017810847, 0.17846067, 0.9839454, -1), (0.014681036, 0.17556967, 0.9843575, -1), (0.0013939859, 0.17854318, 0.9839311, -1), (-0.023785818, 0.17969121, 0.98343545, -1), (-0.0660147, -0.008625424, 0.99778134, -1), (-0.06670856, -0.008656125, 0.9977349, -1), (-0.0664439, -0.008643115, 0.9977527, -1), (-0.06758333, 0.030329693, 0.9972525, -1), (-0.050029896, 0.03771504, 0.9980354, -1), (-0.049048476, 0.037697483, 0.9980848, -1), (-0.0420877, 0.03757827, 0.99840707, -1), (-0.037938558, 0.027106866, 0.99891233, -1), (-0.022080593, 0.026604248, 0.99940217, -1), (-0.042064108, 0.21881653, 0.974859, -1), (-0.042902354, 0.21876365, 0.9748343, -1), (-0.04115074, 0.21887812, 0.97488403, -1), (-0.043893423, 0.21949694, 0.97462535, -1), (-0.090132296, -0.105271995, 0.9903504, -1), (-0.085153684, -0.10601995, 0.99071115, -1), (-0.0987821, -0.1039707, 0.98966277, -1), (-0.0765555, -0.10013326, 0.99202454, -1), (-0.11042349, -0.18982269, 0.97558904, -1), (-0.10339647, -0.18944104, 0.97643286, -1), (-0.10550953, -0.18956341, 0.9761831, -1), (-0.1001231, -0.18201117, 0.9781858, -1), (-0.02669141, 0.13710068, 0.9901974, -1), (-0.027622344, 0.13407238, 0.99058646, -1), (-0.029196465, 0.12013166, 0.9923286, -1), (-0.020214379, 0.13438348, 0.9907232, -1), (-0.029460166, 0.13430397, 0.99050224, -1), (-0.03532359, 0.13683479, 0.98996395, -1), (-0.072553046, 0.18663132, 0.9797473, -1), (-0.059136618, 0.18848267, 0.98029447, -1), (-0.083361454, 0.18513562, 0.9791709, -1), (-0.10248481, 0.19446, 0.97554195, -1), (0.036360197, 0.040147115, 0.99853206, -1), (0.036032803, 0.040103998, 0.99854565, -1), (0.04822257, 0.041132525, 0.9979894, -1), (0.024086555, 0.016065808, 0.9995808, -1), (-0.35829282, -0.07588339, 0.9305203, -1), (-0.3637341, -0.07559453, 0.9284304, -1), (-0.3638669, -0.075591676, 0.92837846, -1), (-0.3684208, -0.067450464, 0.92720896, -1), (-0.055116557, 0.011409793, 0.99841475, -1), (-0.056416385, 0.011216642, 0.9983443, -1), (-0.04949279, 0.012278751, 0.99869895, -1), (-0.063945934, 0.027148118, 0.997584, -1), (-0.06455102, 0.15552081, 0.98572123, -1), (-0.06292281, 0.15534942, 0.98585355, -1), (-0.060054388, 0.15502626, 0.9860833, -1), (-0.05884164, 0.15482822, 0.9861876, -1), (0.04862187, 0.13730396, 0.9893349, -1), (0.039499506, 0.13749203, 0.9897149, -1), (0.05364213, 0.13718997, 0.9890912, -1), (0.06756208, 0.13206227, 0.98893625, -1), (-0.03489713, -0.05344244, 0.99796104, -1), (-0.048818216, -0.052199308, 0.9974427, -1), (-0.035142984, -0.05341912, 0.99795353, -1), (-0.026982155, -0.06058134, 0.9977985, -1), (-0.15633999, -0.08372674, 0.98414826, -1), (-0.15595429, -0.08377476, 0.9842053, -1), (-0.15705022, -0.08363433, 0.98404294, -1), (-0.15527058, -0.08449829, 0.9842515, -1), (-0.019830935, -0.10301721, 0.9944819, -1), (-0.034613475, -0.10166142, 0.9942167, -1), (-0.0180241, -0.103165194, 0.9945009, -1), (-0.00806778, -0.11063517, 0.99382836, -1), (-0.045927614, 0.09309622, 0.9945973, -1), (-0.07872529, 0.09255045, 0.9925909, -1), (-0.057336006, 0.092924386, 0.9940209, -1), (-0.08624146, 0.09800582, 0.991442, -1), (-0.39338377, 0.020682096, 0.91914177, -1), (-0.3906521, 0.02056353, 0.92030865, -1), (-0.39141494, 0.020585565, 0.919984, -1), (-0.39547777, -0.0060255164, 0.91845584, -1), (-0.11393325, 0.027106037, 0.9931185, -1), (-0.11361925, 0.027067902, 0.99315554, -1), (-0.113352835, 0.02705315, 0.99318635, -1), (-0.11543123, 0, 0.9933155, -1), (-0.17313594, -0.004191022, 0.98488903, -1), (-0.16207704, -0.0037397102, 0.986771, -1), (-0.17687845, -0.0043445257, 0.98422307, -1), (-0.15649372, -0.004794233, 0.9876673, -1), (0.14811718, 0.039570447, 0.98817784, -1), (0.14820923, 0.039547063, 0.988165, -1), (0.15733866, 0.040086985, 0.9867308, -1), (0.14272285, 0.028013906, 0.9893662, -1), (-0.016957616, 0.0071404325, 0.9998307, -1), (-0.008138821, 0.0077415262, 0.99993694, -1), (-0.0080540255, 0.011721515, 0.9998989, -1), (-0.003511837, 0.008085231, 0.99996114, -1), (0.00938361, 0.022745399, 0.9996972, -1), (0.018356739, 0.066838026, 0.9975949, -1), (0.019233592, 0.06685938, 0.997577, -1), (0.019996805, 0.066895016, 0.99755967, -1), (0.02144735, 0.06631852, 0.99756795, -1), (-0.115838364, -0.01813355, 0.99310255, -1), (-0.11406897, -0.01776758, 0.99331397, -1), (-0.10782574, -0.016899643, 0.99402606, -1), (-0.1268473, -0.023632914, 0.9916407, -1), (-0.014725239, 0.11941916, 0.9927348, -1), (0.0123349335, 0.11654781, 0.9931084, -1), (0.0029473412, 0.11755036, 0.99306256, -1), (0.026694754, 0.10254351, 0.9943703, -1), (-0.003454227, -0.014914569, 0.9998828, -1), (-0.0060804794, -0.015137545, 0.99986696, -1), (-0.0013462518, -0.014711422, 0.9998909, -1), (0, -0.006605341, 0.9999782, -1), (-0.08956122, -0.06101259, 0.99411076, -1), (-0.09010282, -0.060986485, 0.99406344, -1), (-0.08891954, -0.061025366, 0.99416757, -1), (-0.089366816, -0.05613051, 0.9944159, -1), (-0.09271633, -0.063297234, 0.9936786, -1), (-0.0118741505, 0.09109989, 0.995771, -1), (-0.017450256, 0.09027302, 0.99576414, -1), (-0.020064337, 0.08989989, 0.9957487, -1), (-0.024214288, 0.078026004, 0.99665725, -1), (0.01391065, -0.0076641147, 0.9998739, -1), (0, -0.0064315456, 0.9999794, -1), (-0.009178773, -0.0054883217, 0.9999428, -1), (-0.018242503, 0.0012857991, 0.99983275, -1), (-0.14161097, -0.038926728, 0.9891567, -1), (-0.14823608, -0.03865826, 0.98819613, -1), (-0.14669962, -0.038721733, 0.98842293, -1), (-0.15276182, -0.036996752, 0.9875702, -1), (0.15471478, 0.13363358, 0.97887963, -1), (0.1458175, 0.13397802, 0.98019755, -1), (0.1349415, 0.13441406, 0.9816943, -1), (0.12470241, 0.10283989, 0.98685014, -1), (-0.15860507, -0.031914767, 0.9868261, -1), (-0.16669457, -0.028713737, 0.98559046, -1), (-0.152066, -0.03205203, 0.9878505, -1), (-0.14525074, -0.032193713, 0.9888709, -1), (-0.112478405, -0.014487571, 0.9935486, -1), (-0.11424773, -0.014465164, 0.99334705, -1), (-0.11585477, -0.02766116, 0.99288094, -1), (-0.050890405, 0.049282704, 0.99748755, -1), (-0.04012616, 0.05062504, 0.9979113, -1), (-0.051323045, 0.049197063, 0.99746954, -1), (-0.06247537, 0.05730862, 0.99639976, -1), (-0.20272876, -0.12035036, 0.9718112, -1), (-0.19926405, -0.12021996, 0.97254354, -1), (-0.19194189, -0.11993534, 0.9740502, -1), (-0.20912023, -0.12379629, 0.97002226, -1), (0.038964342, 0.08743506, 0.9954079, -1), (0.034540176, 0.08824973, 0.9954993, -1), (0.04729926, 0.0858787, 0.9951822, -1), (0.028021324, 0.09107235, 0.99544996, -1), (-0.18037179, 0.066451736, 0.98135126, -1), (-0.15447004, 0.067368776, 0.985698, -1), (-0.16554458, 0.06698174, 0.983925, -1), (-0.13768871, 0.055505253, 0.9889191, -1), (-0.0028898742, -0.05609467, 0.9984212, -1), (-0.014320686, -0.05513406, 0.99837625, -1), (-0.0021422352, -0.05617186, 0.9984188, -1), (0.0057242913, -0.090326756, 0.99589574, -1), (-0.09818251, -0.2090513, 0.9729634, -1), (-0.09409603, -0.20879184, 0.97342277, -1), (-0.08885466, -0.20831187, 0.974018, -1), (-0.10399489, -0.22297916, 0.9692602, -1), (-0.022546917, -0.09025323, 0.9956636, -1), (-0.016204778, -0.089977294, 0.995812, -1), (-0.017273603, -0.090042494, 0.99578816, -1), (-0.0127955135, -0.108053245, 0.9940627, -1), (0.071999334, -0.12484217, 0.98956084, -1), (0.08011777, -0.124717295, 0.98895234, -1), (0.084215455, -0.12464682, 0.9886207, -1), (0.09096583, -0.13701761, 0.98638296, -1), (-0.04984724, 0.13066867, 0.9901722, -1), (-0.049371865, 0.13064487, 0.9901992, -1), (-0.05003993, 0.13067733, 0.9901613, -1), (-0.050776806, 0.13097353, 0.99008465, -1), (-0.1875826, 0.10876206, 0.9762088, -1), (-0.18876988, 0.10885745, 0.97596925, -1), (-0.20491287, 0.110220894, 0.9725543, -1), (-0.1795265, 0.07543812, 0.9808564, -1), (-0.18054958, 0.07578079, 0.98064214, -1), (-0.035787564, 0.1506059, 0.9879459, -1), (0.021325821, 0.14696535, 0.98891175, -1), (-0.030080097, 0.15024778, 0.98819077, -1), (-0.10787364, 0.15446085, 0.98209226, -1), (0.120144784, 0.22720437, 0.9664075, -1), (0.099820316, 0.2252643, 0.96917075, -1), (0.12027825, 0.22720899, 0.9663898, -1), (0.13730878, 0.2287654, 0.9637493, -1), (-0.13294248, 0.08791651, 0.9872168, -1), (-0.16514187, 0.09174278, 0.9819936, -1), (-0.12987876, 0.08762262, 0.9876507, -1), (-0.09993254, 0.084010966, 0.99144125, -1), (-0.023808671, 0.1757099, 0.98415405, -1), (0.055718817, 0.17242946, 0.9834448, -1), (-0.0127805555, 0.1753852, 0.984417, -1), (-0.07979604, 0.17749697, 0.980881, -1), (-0.18085533, -0.21702906, 0.9592652, -1), (-0.16525108, -0.21460667, 0.96261936, -1), (-0.18480189, -0.21769284, 0.95836216, -1), (-0.19262107, -0.21880265, 0.9565681, -1), (-0.12289574, 0.11731017, 0.9854617, -1), (-0.066249214, 0.11439101, 0.99122435, -1), (-0.1363583, 0.118216775, 0.9835808, -1), (-0.18166272, 0.11997244, 0.97601503, -1), (-0.15987477, -0.14105023, 0.9770081, -1), (-0.15765917, -0.14093341, 0.977385, -1), (-0.15935922, -0.14103481, 0.9770946, -1), (-0.16151777, -0.14115477, 0.9767228, -1), (0.0035843232, -0.07506144, 0.99717253, -1), (0.02043799, -0.07965967, 0.9966125, -1), (0, -0.073983416, 0.9972595, -1), (-0.013873053, -0.07028001, 0.99743086, -1), (-0.058837645, 0.1420078, 0.9881153, -1), (-0.088253245, 0.13566084, 0.98681694, -1), (-0.059311002, 0.14185056, 0.98810965, -1), (-0.03403807, 0.14724153, 0.9885147, -1), (-0.07099427, -0.053064324, 0.99606425, -1), (-0.028000629, -0.05279193, 0.99821293, -1), (-0.0657369, -0.053053785, 0.99642557, -1), (-0.11065203, -0.05325438, 0.9924314, -1), (-0.11767073, 0.009219084, 0.9930099, -1), (0.078490734, -0.028872734, 0.9964966, -1), (-0.11544136, 0.008849355, 0.9932749, -1), (-0.28116608, 0.04168968, 0.95875317, -1), (1, 0, 0, -1), (1, 0, 0, -1), (1, 0, 0, -1), (1, 0, 0, -1), (1, 0, 0, -1), (1, 0, 0, -1), (1, 0, 0, -1), (1, 0, 0, -1), (1, 0, 0, -1), (1, 0, 0, -1), (1, 0, 0, -1), (1, 0, 0, -1), (1, 0, 0, -1), (1, 0, 0, -1), (1, 0, 0, -1), (1, 0, 0, -1), (1, 0, 0, -1), (1, 0, 0, -1), (1, 0, 0, -1), (1, 0, 0, -1), (1, 0, 0, -1), (1, 0, 0, -1), (1, 0, 0, -1), (1, 0, 0, -1), (1, 0, 0, -1), (1, 0, 0, -1), (1, 0, 0, -1), (1, 0, 0, -1), (1, 0, 0, -1), (1, 0, 0, -1), (1, 0, 0, -1), (1, 0, 0, -1), (1, 0, 0, -1), (1, 0, 0, -1), (1, 0, 0, -1), (1, 0, 0, -1), (1, 0, 0, -1), (1, 0, 0, -1), (1, 0, 0, -1), (1, 0, 0, -1), (1, 0, 0, -1), (1, 0, 0, -1), (1, 0, 0, -1), (1, 0, 0, -1), (1, 0, 0, -1), (1, 0, 0, -1), (1, 0, 0, -1), (1, 0, 0, -1), (1, 0, 0, -1), (1, 0, 0, -1), (1, 0, 0, -1), (1, 0, 0, -1), (1, 0, 0, -1), (1, 0, 0, -1), (1, 0, 0, -1), (1, 0, 0, -1), (1, 0, 0, -1), (1, 0, 0, -1), (1, 0, 0, -1), (1, 0, 0, -1), (1, 0, 0, -1), (1, 0, 0, -1), (-0.23371764, 0.94470304, 0.2300263, -1), (1, 0, 0, -1), (-0.2337373, 0.94469625, 0.2300344, -1), (-0.23371881, 0.94470274, 0.2300268, -1)] (
        elementSize = 1
        interpolation = "varying"
    )
    uniform token purpose
    token visibility
    matrix4d xformOp:transform = ( (-0.3617820143699646, -8.798767936468721e-8, 0.13167765736579895, 0), (-4.68723442281771e-8, 0.3850000202655792, 1.284780779542416e-7, 0), (-0.13167765736579895, 1.0469872080420828e-7, -0.3617820143699646, 0), (11.221179962158203, 0.0000960230827331543, -32.40299987792969, 1) )
    uniform token[] xformOpOrder = ["xformOp:transform"]

    def Scope "Materials"
    {
        def Material "PP_Standard_Material_52838"
        {
            token outputs:displacement
            token outputs:surface.connect = </PP_Meadow_07_794/Materials/PP_Standard_Material_52838/PreviewSurface.outputs:surface>
            token[] requiredKeywords

            def Shader "PreviewSurface"
            {
                uniform token info:id = "UsdPreviewSurface"
                float inputs:clearcoat = 0
                float inputs:clearcoatRoughness = 0.01
                float3 inputs:diffuseColor = (0.18, 0.18, 0.18)
                float3 inputs:diffuseColor.connect = </PP_Meadow_07_794/Materials/PP_Standard_Material_52838/PreviewSurface/_MainTex.outputs:rgb>
                float inputs:displacement = 0
                float3 inputs:emissiveColor = (0, 0, 0)
                float inputs:ior = 1.5
                float inputs:metallic = 0
                float3 inputs:normal = (0, 0, 1)
                float inputs:occlusion = 1
                float inputs:opacity = 1
                float inputs:opacityThreshold = 0
                float inputs:roughness = 0.8
                float3 inputs:specularColor = (0.033104748, 0.033104748, 0.033104748)
                int inputs:useSpecularWorkflow = 0
                token outputs:displacement
                token outputs:surface
                color4f unity:colors:_BaseColor = (1, 1, 1, 1) (
                    customData = {
                        string sourceMember = "colorArgs"
                    }
                )
                color4f unity:colors:_Color = (1, 1, 1, 1) (
                    customData = {
                        string sourceMember = "colorArgs"
                    }
                )
                color4f unity:colors:_EmissionColor = (0, 0, 0, 1) (
                    customData = {
                        string sourceMember = "colorArgs"
                    }
                )
                color4f unity:colors:_SpecColor = (0.033104748, 0.033104748, 0.033104748, 1) (
                    customData = {
                        string sourceMember = "colorArgs"
                    }
                )
                float unity:floats:_AddPrecomputedVelocity = 0 (
                    customData = {
                        string sourceMember = "floatArgs"
                    }
                )
                float unity:floats:_AlphaClip = 0 (
                    customData = {
                        string sourceMember = "floatArgs"
                    }
                )
                float unity:floats:_AlphaToMask = 0 (
                    customData = {
                        string sourceMember = "floatArgs"
                    }
                )
                float unity:floats:_Blend = 0 (
                    customData = {
                        string sourceMember = "floatArgs"
                    }
                )
                float unity:floats:_BlendModePreserveSpecular = 1 (
                    customData = {
                        string sourceMember = "floatArgs"
                    }
                )
                float unity:floats:_BumpScale = 1 (
                    customData = {
                        string sourceMember = "floatArgs"
                    }
                )
                float unity:floats:_ClearCoatMask = 0 (
                    customData = {
                        string sourceMember = "floatArgs"
                    }
                )
                float unity:floats:_ClearCoatSmoothness = 0 (
                    customData = {
                        string sourceMember = "floatArgs"
                    }
                )
                float unity:floats:_Cull = 2 (
                    customData = {
                        string sourceMember = "floatArgs"
                    }
                )
                float unity:floats:_Cutoff = 0.5 (
                    customData = {
                        string sourceMember = "floatArgs"
                    }
                )
                float unity:floats:_DetailAlbedoMapScale = 1 (
                    customData = {
                        string sourceMember = "floatArgs"
                    }
                )
                float unity:floats:_DetailNormalMapScale = 1 (
                    customData = {
                        string sourceMember = "floatArgs"
                    }
                )
                float unity:floats:_DstBlend = 0 (
                    customData = {
                        string sourceMember = "floatArgs"
                    }
                )
                float unity:floats:_DstBlendAlpha = 0 (
                    customData = {
                        string sourceMember = "floatArgs"
                    }
                )
                float unity:floats:_EnvironmentReflections = 1 (
                    customData = {
                        string sourceMember = "floatArgs"
                    }
                )
                float unity:floats:_Glossiness = 0.2 (
                    customData = {
                        string sourceMember = "floatArgs"
                    }
                )
                float unity:floats:_GlossMapScale = 1 (
                    customData = {
                        string sourceMember = "floatArgs"
                    }
                )
                float unity:floats:_GlossyReflections = 1 (
                    customData = {
                        string sourceMember = "floatArgs"
                    }
                )
                float unity:floats:_Metallic = 0 (
                    customData = {
                        string sourceMember = "floatArgs"
                    }
                )
                float unity:floats:_OcclusionStrength = 1 (
                    customData = {
                        string sourceMember = "floatArgs"
                    }
                )
                float unity:floats:_Parallax = 0.02 (
                    customData = {
                        string sourceMember = "floatArgs"
                    }
                )
                float unity:floats:_QueueOffset = 0 (
                    customData = {
                        string sourceMember = "floatArgs"
                    }
                )
                float unity:floats:_ReceiveShadows = 1 (
                    customData = {
                        string sourceMember = "floatArgs"
                    }
                )
                float unity:floats:_Smoothness = 0.2 (
                    customData = {
                        string sourceMember = "floatArgs"
                    }
                )
                float unity:floats:_SmoothnessTextureChannel = 0 (
                    customData = {
                        string sourceMember = "floatArgs"
                    }
                )
                float unity:floats:_SpecularHighlights = 1 (
                    customData = {
                        string sourceMember = "floatArgs"
                    }
                )
                float unity:floats:_SrcBlend = 1 (
                    customData = {
                        string sourceMember = "floatArgs"
                    }
                )
                float unity:floats:_SrcBlendAlpha = 1 (
                    customData = {
                        string sourceMember = "floatArgs"
                    }
                )
                float unity:floats:_Surface = 0 (
                    customData = {
                        string sourceMember = "floatArgs"
                    }
                )
                float unity:floats:_WorkflowMode = 1 (
                    customData = {
                        string sourceMember = "floatArgs"
                    }
                )
                float unity:floats:_ZWrite = 1 (
                    customData = {
                        string sourceMember = "floatArgs"
                    }
                )
                token[] unity:shaderKeywords = []
                string unity:shaderName = "Universal Render Pipeline/Lit"

                def Shader "uvReader"
                {
                    uniform token info:id = "UsdPrimvarReader_float2"
                    float2 inputs:fallback = (0, 0)
                    string inputs:varname = "st"
                    float2 outputs:result
                }

                def Shader "_MainTex"
                {
                    uniform token info:id = "UsdUVTexture"
                    float4 inputs:bias = (0, 0, 0, 0)
                    float4 inputs:fallback = (0, 0, 0, 1)
                    asset inputs:file = @PP_Color_Palette.png@
                    token inputs:isSRGB = "auto"
                    float4 inputs:scale = (1, 1, 1, 1)
                    token inputs:sourceColorSpace = "auto"
                    float2 inputs:st = (0, 0)
                    float2 inputs:st.connect = </PP_Meadow_07_794/Materials/PP_Standard_Material_52838/PreviewSurface/uvReader.outputs:result>
                    token inputs:wrapS = "repeat"
                    token inputs:wrapT = "repeat"
                    float outputs:a
                    float outputs:b
                    float outputs:g
                    float outputs:r
                    float3 outputs:rgb
                    float4 outputs:rgba
                }
            }
        }
    }
}

