#usda 1.0
(
    endTimeCode = 0
    metersPerUnit = 1
    startTimeCode = 0
    upAxis = "Y"
)

def Mesh "PP_Grass_11_378" (
    prepend apiSchemas = ["MaterialBindingAPI"]
)
{
    uniform bool doubleSided
    float3[] extent = [(-0.16250388, -0.013572276, -0.18006442), (0.17560281, 0.39468506, 0.20945062)]
    int[] faceVertexCounts = [3, 3, 3, 3, 3, 3, 3, 3, 3, 3, 3, 3, 3, 3, 3, 3, 3, 3, 3, 3, 3, 3, 3, 3, 3, 3, 3, 3, 3, 3, 3, 3, 3, 3, 3, 3, 3, 3, 3, 3, 3, 3, 3, 3, 3, 3, 3, 3, 3, 3, 3, 3, 3, 3, 3, 3, 3, 3, 3, 3, 3, 3, 3, 3, 3, 3, 3, 3, 3, 3, 3, 3, 3, 3, 3, 3, 3, 3, 3, 3, 3, 3, 3, 3, 3, 3, 3, 3, 3, 3, 3, 3, 3, 3, 3, 3, 3, 3, 3, 3, 3, 3, 3, 3, 3, 3, 3, 3, 3, 3, 3, 3, 3, 3, 3, 3, 3, 3, 3, 3, 3, 3, 3, 3, 3, 3, 3, 3, 3, 3, 3, 3, 3, 3, 3, 3, 3, 3, 3, 3, 3, 3, 3, 3, 3, 3, 3, 3, 3, 3, 3, 3, 3, 3, 3, 3, 3, 3, 3, 3, 3, 3, 3, 3, 3, 3, 3, 3, 3, 3, 3, 3, 3, 3, 3, 3, 3, 3, 3, 3, 3, 3, 3, 3, 3, 3, 3, 3, 3, 3, 3, 3, 3, 3, 3, 3, 3, 3, 3, 3, 3, 3, 3, 3, 3, 3, 3, 3, 3, 3, 3, 3, 3, 3, 3, 3, 3, 3, 3, 3, 3, 3, 3, 3, 3, 3, 3, 3, 3, 3, 3, 3, 3, 3, 3, 3, 3, 3, 3, 3, 3, 3, 3, 3, 3, 3, 3, 3, 3, 3, 3, 3, 3, 3, 3, 3, 3, 3, 3, 3, 3, 3, 3, 3, 3, 3, 3, 3, 3, 3, 3, 3, 3, 3, 3, 3, 3, 3, 3, 3, 3, 3, 3, 3, 3, 3, 3, 3, 3, 3, 3, 3, 3, 3, 3, 3, 3, 3, 3, 3, 3, 3, 3, 3, 3, 3, 3, 3, 3, 3, 3, 3, 3, 3, 3, 3, 3, 3, 3, 3, 3, 3, 3, 3, 3, 3, 3, 3, 3, 3, 3, 3, 3, 3, 3, 3, 3, 3, 3, 3, 3, 3, 3, 3, 3, 3, 3, 3, 3, 3, 3, 3, 3, 3, 3, 3, 3, 3, 3, 3, 3, 3, 3, 3, 3, 3, 3, 3, 3, 3, 3, 3, 3, 3, 3, 3, 3, 3, 3, 3, 3, 3, 3, 3, 3, 3, 3, 3, 3, 3, 3, 3, 3, 3, 3, 3, 3, 3, 3, 3, 3, 3, 3, 3, 3, 3, 3, 3, 3, 3, 3, 3, 3, 3, 3, 3, 3, 3, 3, 3, 3, 3, 3, 3, 3, 3, 3, 3, 3, 3, 3, 3, 3, 3, 3, 3, 3, 3, 3, 3]
    int[] faceVertexIndices = [1, 0, 2, 4, 3, 5, 7, 6, 8, 10, 9, 11, 13, 12, 14, 16, 15, 17, 19, 18, 20, 22, 21, 23, 25, 24, 26, 28, 27, 29, 31, 30, 32, 34, 33, 35, 37, 36, 38, 40, 39, 41, 43, 42, 44, 46, 45, 47, 49, 48, 50, 52, 51, 53, 55, 54, 56, 58, 57, 59, 61, 60, 62, 64, 63, 61, 61, 63, 65, 67, 66, 68, 70, 69, 71, 73, 72, 74, 76, 75, 77, 79, 78, 80, 82, 81, 83, 85, 84, 86, 88, 87, 89, 91, 90, 92, 94, 93, 95, 97, 96, 98, 100, 99, 101, 103, 102, 104, 106, 105, 107, 109, 108, 110, 112, 111, 113, 115, 114, 116, 118, 117, 119, 121, 120, 122, 122, 120, 123, 125, 124, 126, 126, 124, 127, 129, 128, 130, 130, 128, 131, 133, 132, 134, 135, 132, 133, 136, 135, 133, 137, 135, 136, 139, 138, 140, 140, 138, 141, 143, 142, 144, 144, 142, 145, 147, 146, 148, 148, 146, 149, 151, 150, 152, 152, 150, 153, 155, 154, 156, 156, 154, 157, 159, 158, 160, 160, 158, 161, 163, 162, 164, 164, 162, 165, 167, 166, 168, 168, 166, 169, 171, 170, 172, 172, 170, 173, 175, 174, 176, 176, 174, 177, 179, 178, 180, 180, 178, 181, 183, 182, 184, 184, 182, 185, 187, 186, 188, 188, 186, 189, 191, 190, 192, 192, 190, 193, 195, 194, 196, 196, 194, 197, 199, 198, 200, 200, 198, 201, 203, 202, 204, 204, 202, 205, 207, 206, 208, 208, 206, 209, 211, 210, 212, 212, 210, 213, 215, 214, 216, 216, 214, 217, 219, 218, 220, 220, 218, 221, 223, 222, 224, 224, 222, 225, 224, 225, 226, 226, 225, 227, 229, 228, 230, 230, 228, 231, 233, 232, 234, 234, 232, 235, 237, 236, 238, 238, 236, 239, 241, 240, 242, 242, 240, 243, 245, 244, 246, 246, 244, 247, 249, 248, 250, 250, 248, 251, 253, 252, 254, 254, 252, 255, 257, 256, 258, 259, 256, 257, 260, 259, 257, 262, 261, 263, 263, 261, 264, 266, 265, 267, 267, 265, 268, 270, 269, 271, 271, 269, 272, 274, 273, 275, 275, 273, 276, 278, 277, 279, 279, 277, 280, 282, 281, 283, 283, 281, 284, 286, 285, 287, 287, 285, 288, 290, 289, 291, 291, 289, 292, 294, 293, 295, 295, 293, 296, 298, 297, 299, 299, 297, 300, 302, 301, 303, 303, 301, 304, 306, 305, 307, 307, 305, 308, 310, 309, 311, 311, 309, 312, 314, 313, 315, 315, 313, 316, 318, 317, 319, 319, 317, 320, 322, 321, 323, 323, 321, 324, 326, 325, 327, 327, 325, 328, 327, 328, 329, 329, 328, 330, 332, 331, 333, 333, 331, 334, 336, 335, 337, 337, 335, 338, 340, 339, 341, 341, 339, 342, 344, 343, 345, 345, 343, 346, 348, 347, 349, 349, 347, 350, 352, 351, 353, 353, 351, 354, 356, 355, 357, 357, 355, 358, 360, 359, 361, 362, 359, 360, 363, 362, 360, 365, 364, 366, 366, 364, 367, 369, 368, 370, 370, 368, 371, 373, 372, 374, 374, 372, 375, 377, 376, 378, 378, 376, 379, 381, 380, 382, 382, 380, 383, 385, 384, 386, 386, 384, 387, 389, 388, 390, 390, 388, 391, 393, 392, 394, 394, 392, 395, 397, 396, 398, 398, 396, 399, 401, 400, 402, 402, 400, 403, 405, 404, 406, 406, 404, 407, 409, 408, 410, 410, 408, 411, 413, 412, 414, 414, 412, 415, 417, 416, 418, 418, 416, 419, 421, 420, 422, 422, 420, 423, 425, 424, 426, 426, 424, 427, 429, 428, 430, 430, 428, 431, 433, 432, 434, 434, 432, 435, 437, 436, 438, 438, 436, 439, 441, 440, 442, 442, 440, 443, 445, 444, 446, 446, 444, 447, 449, 448, 450, 450, 448, 451, 453, 452, 454, 455, 452, 453, 455, 456, 452, 457, 456, 455, 457, 458, 456, 459, 458, 457, 461, 460, 462, 462, 460, 463, 465, 464, 466, 466, 464, 467, 469, 468, 470, 470, 468, 471, 473, 472, 474, 474, 472, 475, 477, 476, 478, 478, 476, 479, 481, 480, 482, 482, 480, 483, 485, 484, 486, 486, 484, 487, 489, 488, 490, 490, 488, 491, 493, 492, 494, 494, 492, 495, 497, 496, 498, 499, 496, 497, 499, 500, 496, 501, 500, 499, 501, 502, 500, 503, 502, 501, 503, 504, 502, 505, 504, 503, 507, 506, 508, 508, 506, 509, 511, 510, 512, 512, 510, 513, 515, 514, 516, 516, 514, 517, 519, 518, 520, 520, 518, 521, 523, 522, 524, 524, 522, 525, 527, 526, 528, 528, 526, 529, 528, 529, 530, 530, 529, 531, 533, 532, 534, 534, 532, 535, 537, 536, 538, 538, 536, 539, 541, 540, 542, 542, 540, 543, 545, 544, 546, 546, 544, 547, 549, 548, 550, 550, 548, 551, 553, 552, 554, 554, 552, 555, 557, 556, 558, 558, 556, 559, 561, 560, 562, 562, 560, 563, 565, 564, 566, 566, 564, 567, 569, 568, 570, 570, 568, 571, 573, 572, 574, 574, 572, 575, 577, 576, 578, 578, 576, 579, 581, 580, 582, 582, 580, 583, 585, 584, 586, 586, 584, 587, 589, 588, 590, 590, 588, 591, 593, 592, 594, 594, 592, 595, 597, 596, 598, 598, 596, 599, 601, 600, 602, 602, 600, 603, 605, 604, 606, 606, 604, 607, 609, 608, 610, 610, 608, 611, 613, 612, 614, 614, 612, 615, 617, 616, 618, 618, 616, 619, 621, 620, 622, 622, 620, 623, 625, 624, 626, 626, 624, 627, 629, 628, 630, 630, 628, 631, 633, 632, 634, 634, 632, 635, 637, 636, 638, 638, 636, 639, 641, 640, 642, 642, 640, 643, 645, 644, 646, 646, 644, 647, 649, 648, 650, 650, 648, 651, 653, 652, 654, 654, 652, 655, 657, 656, 658, 658, 656, 659, 661, 660, 662, 662, 660, 663, 665, 664, 666, 666, 664, 667, 669, 668, 670, 670, 668, 671, 673, 672, 674, 674, 672, 675, 677, 676, 678, 678, 676, 679, 681, 680, 682, 682, 680, 683, 685, 684, 686, 686, 684, 687, 689, 688, 690, 690, 688, 691, 693, 692, 694, 694, 692, 695, 697, 696, 698, 698, 696, 699, 701, 700, 702, 702, 700, 703, 702, 703, 704, 704, 703, 705, 707, 706, 708, 708, 706, 709, 711, 710, 712, 712, 710, 713, 715, 714, 716, 716, 714, 717, 719, 718, 720, 720, 718, 721, 723, 722, 724, 724, 722, 725, 727, 726, 728, 728, 726, 729, 731, 730, 732, 732, 730, 733, 735, 734, 736, 736, 734, 737, 739, 738, 740, 740, 738, 741, 743, 742, 744, 744, 742, 745, 747, 746, 748, 748, 746, 749, 751, 750, 752, 752, 750, 753, 755, 754, 756, 756, 754, 757, 759, 758, 760, 760, 758, 761, 763, 762, 764, 764, 762, 765, 767, 766, 768, 768, 766, 769, 771, 770, 772, 772, 770, 773, 775, 774, 776, 776, 774, 777, 779, 778, 780, 780, 778, 781, 783, 782, 784, 784, 782, 785, 787, 786, 788, 788, 786, 789, 791, 790, 792, 792, 790, 793, 792, 793, 794, 794, 793, 795, 797, 796, 798, 798, 796, 799, 801, 800, 802, 802, 800, 803, 805, 804, 806, 806, 804, 807, 809, 808, 810, 810, 808, 811, 813, 812, 814, 814, 812, 815, 817, 816, 818, 818, 816, 819, 821, 820, 822, 822, 820, 823, 825, 824, 826, 827, 824, 825, 828, 827, 825, 830, 829, 831, 831, 829, 832, 834, 833, 835, 835, 833, 836, 838, 837, 839, 839, 837, 840, 842, 841, 843, 843, 841, 844, 846, 845, 847, 847, 845, 848, 850, 849, 851, 851, 849, 852, 854, 853, 855, 855, 853, 856, 858, 857, 859, 859, 857, 860, 862, 861, 863, 863, 861, 864, 866, 865, 867, 867, 865, 868, 870, 869, 871, 871, 869, 872, 874, 873, 875, 875, 873, 876, 878, 877, 879, 879, 877, 880, 882, 881, 883, 883, 881, 884, 886, 885, 887, 887, 885, 888, 890, 889, 891, 891, 889, 892]
    rel material:binding = </PP_Grass_11_378/Materials/PP_Standard_Material_52838>
    normal3f[] normals = [(0.13660708, 0.28065193, -0.9500384), (0.13660708, 0.28065193, -0.9500384), (0.13660708, 0.28065193, -0.9500384), (0.35217562, 0.92473644, 0.14434253), (0.35217562, 0.92473644, 0.14434253), (0.35217562, 0.92473644, 0.14434253), (0.2640076, 0.09176905, 0.960145), (0.2640076, 0.09176905, 0.960145), (0.2640076, 0.09176905, 0.960145), (-0.1533556, -0.933906, -0.32295755), (-0.1533556, -0.933906, -0.32295755), (-0.1533556, -0.933906, -0.32295755), (-0.09884083, -0.93944174, 0.32814568), (-0.09884083, -0.93944174, 0.32814568), (-0.09884083, -0.93944174, 0.32814568), (0.32635254, 0.9312127, -0.16228649), (0.32635254, 0.9312127, -0.16228649), (0.32635254, 0.9312127, -0.16228649), (0.6799352, 0.6625992, -0.31408677), (0.6799352, 0.6625992, -0.31408677), (0.6799352, 0.6625992, -0.31408677), (-0.71565807, -0.67570865, 0.17678086), (-0.71565807, -0.67570865, 0.17678086), (-0.71565807, -0.67570865, 0.17678086), (0.8444936, -0.15844622, -0.51159096), (0.8444936, -0.15844622, -0.51159096), (0.8444936, -0.15844622, -0.51159096), (-0.9574019, 0.21990773, 0.1871423), (-0.9574019, 0.21990773, 0.1871423), (-0.9574019, 0.21990773, 0.1871423), (0.1886962, -0.96239597, -0.19541705), (0.1886962, -0.96239597, -0.19541705), (0.1886962, -0.96239597, -0.19541705), (-0.2525509, 0.8482873, 0.4654316), (-0.2525509, 0.8482873, 0.4654316), (-0.2525509, 0.8482873, 0.4654316), (0.34559146, -0.8678889, -0.356841), (0.34559146, -0.8678889, -0.356841), (0.34559146, -0.8678889, -0.356841), (-0.49180067, 0.13432586, 0.8602841), (-0.49180067, 0.13432586, 0.8602841), (-0.49180067, 0.13432586, 0.8602841), (0.7601278, -0.077760726, -0.64510393), (0.7601278, -0.077760726, -0.64510393), (0.7601278, -0.077760726, -0.64510393), (-0.2997274, -0.84848535, 0.4361607), (-0.2997274, -0.84848535, 0.4361607), (-0.2997274, -0.84848535, 0.4361607), (0.11393133, -0.8073809, 0.57892627), (0.11393133, -0.8073809, 0.57892627), (0.11393133, -0.8073809, 0.57892627), (-0.10879174, 0.8127662, -0.57234204), (-0.10879174, 0.8127662, -0.57234204), (-0.10879174, 0.8127662, -0.57234204), (0.6791792, 0.72805285, -0.09303073), (0.6791792, 0.72805285, -0.09303073), (0.6791792, 0.72805285, -0.09303073), (-0.68477017, -0.72316444, 0.09012709), (-0.68477017, -0.72316444, 0.09012709), (-0.68477017, -0.72316444, 0.09012709), (-0.48271665, -0.8160308, -0.31792828), (-0.44632915, -0.8311831, -0.33154944), (-0.48271665, -0.8160308, -0.31792828), (-0.44631886, -0.8311863, -0.33155513), (-0.44631687, -0.83118767, -0.33155435), (-0.4463094, -0.8311909, -0.33155626), (0.43340462, 0.8717488, 0.22850464), (0.43340462, 0.8717488, 0.22850464), (0.43340462, 0.8717488, 0.22850464), (-0.45162833, 0.75939083, 0.46835598), (-0.45162833, 0.75939083, 0.46835598), (-0.45162833, 0.75939083, 0.46835598), (0.4346391, -0.7254308, -0.5337032), (0.4346391, -0.7254308, -0.5337032), (0.4346391, -0.7254308, -0.5337032), (-0.7979924, -0.54168206, 0.2641756), (-0.7979924, -0.54168206, 0.2641756), (-0.7979924, -0.54168206, 0.2641756), (0.49566647, 0.30930015, 0.8115715), (0.49566647, 0.30930015, 0.8115715), (0.49566647, 0.30930015, 0.8115715), (-0.47397313, -0.29522848, -0.829572), (-0.47397313, -0.29522848, -0.829572), (-0.47397313, -0.29522848, -0.829572), (0.79343617, 0.53913105, -0.28248313), (0.79343617, 0.53913105, -0.28248313), (0.79343617, 0.53913105, -0.28248313), (-0.050562598, 0.8428213, -0.5358131), (-0.050562598, 0.8428213, -0.5358131), (-0.050562598, 0.8428213, -0.5358131), (-0.084546775, -0.8729076, 0.48050413), (-0.084546775, -0.8729076, 0.48050413), (-0.084546775, -0.8729076, 0.48050413), (-0.07045753, 0.20636639, -0.97593474), (-0.07045753, 0.20636639, -0.97593474), (-0.07045753, 0.20636639, -0.97593474), (-0.26578966, -0.07910903, 0.9607797), (-0.26578966, -0.07910903, 0.9607797), (-0.26578966, -0.07910903, 0.9607797), (0.002535352, -0.84927756, -0.52794063), (0.002535352, -0.84927756, -0.52794063), (0.002535352, -0.84927756, -0.52794063), (-0.8135524, -0.39444152, -0.42725673), (-0.8135352, -0.39445668, -0.4272756), (-0.8135353, -0.39445686, -0.4272751), (-0.8135524, -0.39444152, -0.42725673), (-0.8135353, -0.39445686, -0.4272751), (-0.8135574, -0.39443666, -0.42725194), (0.6262365, 0.5995487, 0.49836653), (0.6262429, 0.59955126, 0.49835536), (0.6262531, 0.5995579, 0.49833468), (0.6262365, 0.5995487, 0.49836653), (0.6262531, 0.5995579, 0.49833468), (0.6265964, 0.5991168, 0.49843356), (-0.81356376, -0.42820704, -0.39338624), (-0.81356937, -0.42820507, -0.39337686), (-0.8135576, -0.42820647, -0.39339963), (-0.81356376, -0.42820704, -0.39338624), (-0.8135576, -0.42820647, -0.39339963), (-0.8135687, -0.428208, -0.393375), (-0.7537266, 0.053693034, 0.654991), (-0.75374377, 0.05368843, 0.6549718), (-0.75374085, 0.05368891, 0.65497494), (-0.75374424, 0.053688306, 0.6549711), (0.73075026, -0.05745777, -0.68022263), (0.73074335, -0.05745587, -0.6802301), (0.73074085, -0.05745793, -0.6802327), (0.73075736, -0.057459686, -0.68021464), (0.7907565, 0.024612105, 0.6116357), (0.7907449, 0.024610067, 0.6116509), (0.7907507, 0.024610348, 0.61164343), (0.79076475, 0.024611004, 0.61162525), (-0.719593, 0.119938396, 0.6839596), (-0.71959037, 0.1199532, 0.6839598), (-0.7196156, 0.11994715, 0.6839343), (-0.7195943, 0.119952515, 0.6839558), (-0.7427301, 0.08674684, 0.66394806), (-0.7427236, 0.08674201, 0.663956), (0.76562405, -0.07429213, 0.63898396), (0.76560676, -0.07428389, 0.63900566), (0.7656156, -0.07428729, 0.63899463), (0.765625, -0.074293934, 0.6389826), (-0.79846, -0.022770181, -0.6016172), (-0.79847324, -0.022767384, -0.6015996), (-0.79845303, -0.022772035, -0.6016263), (-0.7984534, -0.022771457, -0.60162586), (-0.023516726, -0.06506399, -0.99760395), (-0.023512397, -0.06506018, -0.9976043), (-0.023513848, -0.06506231, -0.9976042), (-0.023529219, -0.065060355, -0.99760395), (0.19494498, 0.1081312, -0.97483546), (0.19495526, 0.10813096, -0.97483337), (0.19496004, 0.10812525, -0.9748331), (0.19494388, 0.10813268, -0.97483546), (0.01671098, 0.030693943, 0.9993892), (0.016717376, 0.030691577, 0.99938905), (0.016693378, 0.030696936, 0.9993893), (0.0167015, 0.030693809, 0.9993893), (0.7175794, -0.11788853, -0.68642706), (0.71758467, -0.11788546, -0.68642205), (0.7175831, -0.11788685, -0.68642336), (0.71757555, -0.11788839, -0.68643117), (-0.7741774, 0.075458296, -0.6284548), (-0.77416384, 0.07545977, -0.6284714), (-0.77417654, 0.075457945, -0.62845576), (-0.77419907, 0.0754561, -0.6284283), (-0.022045974, -0.028421003, -0.9993529), (-0.022027126, -0.028421596, -0.99935335), (-0.022011055, -0.028421002, -0.9993537), (-0.022037152, -0.028420499, -0.9993531), (0.27060995, -0.8297777, -0.48809743), (0.27060357, -0.8297801, -0.48809692), (0.2706118, -0.82978046, -0.4880919), (0.27059892, -0.82978296, -0.48809475), (0.30651233, -0.8856048, 0.34893295), (0.30651343, -0.88559645, 0.34895313), (0.30650845, -0.88560987, 0.34892374), (0.3065144, -0.88559985, 0.3489438), (-0.18421085, -0.10971008, 0.9767446), (-0.18419026, -0.10971757, 0.9767477), (-0.18420218, -0.10971387, 0.97674584), (-0.18418486, -0.109718785, 0.97674847), (0.6989827, -0.2722947, 0.6612706), (0.6989674, -0.2722879, 0.66128963), (0.69895893, -0.2722889, 0.66129816), (0.6989785, -0.27229112, 0.6612765), (0.7536816, -0.06896593, -0.65361136), (0.75367856, -0.06896588, -0.65361476), (0.7536777, -0.06896557, -0.65361583), (0.7536912, -0.068967275, -0.6536001), (-0.6782908, 0.28253704, -0.67830265), (-0.67827433, 0.28253853, -0.67831844), (-0.6783286, 0.28253385, -0.67826617), (-0.67827845, 0.28253838, -0.67831445), (-0.34407306, 0.6744144, -0.6532831), (-0.34408477, 0.6744162, -0.65327513), (-0.34407884, 0.67441535, -0.6532792), (-0.34409004, 0.6744196, -0.65326893), (-0.3658401, 0.5839767, 0.7246601), (-0.3658468, 0.583987, 0.7246484), (-0.36584234, 0.58397126, 0.7246632), (-0.3658409, 0.5839515, 0.72467995), (-0.026148884, 0.09563586, -0.9950728), (-0.026127988, 0.095612355, -0.99507564), (-0.026132489, 0.09561577, -0.9950753), (-0.02615185, 0.09563364, -0.995073), (0.03158305, -0.10475438, 0.9939965), (0.031579424, -0.10477173, 0.9939948), (0.031582333, -0.10476613, 0.99399537), (0.031581525, -0.10473957, 0.99399805), (-0.26769885, -0.9279332, 0.25937888), (-0.26771125, -0.9279328, 0.25936714), (-0.26771885, -0.9279371, 0.25934422), (-0.26771265, -0.9279376, 0.25934878), (-0.23543799, -0.91941255, -0.31503907), (-0.2354439, -0.9194111, -0.31503874), (-0.23541413, -0.9194172, -0.31504324), (-0.23542613, -0.9194155, -0.31503904), (0.024291864, 0.06511595, 0.99758196), (0.024258487, 0.06511742, 0.9975827), (0.024269957, 0.065115094, 0.99758255), (0.024260098, 0.06511674, 0.9975827), (-0.0002588298, -1, 0), (-0.0002588263, -1, 0), (0, -1, 0), (1.13830254e-7, -1, 0), (0.0002590201, -1, 0), (0.00025901687, -1, 0), (-1, 0.0000570996, -3.718916e-7), (-1, 0.00005709688, -3.848325e-7), (-1, 0.0000571143, -3.018959e-7), (-1, 0.000057117013, -2.889424e-7), (-0.51489294, -0.00093755114, 0.857254), (-0.5148805, -0.0009339014, 0.8572615), (-0.51479214, -0.00090840197, 0.85731447), (-0.5150042, -0.00096985383, 0.8571871), (0.51338667, -0.000993107, 0.8581568), (0.5140484, -0.0008006555, 0.8577608), (0.5134889, -0.00096339476, 0.8580957), (0.51338613, -0.0009932717, 0.85815716), (-0.45401084, 0.21423417, 0.8648572), (-0.45399442, 0.21422839, 0.8648672), (-0.45401376, 0.21423192, 0.8648561), (-0.45401096, 0.21423306, 0.8648574), (0.5526003, 0.12279489, 0.82435083), (0.55261594, 0.122791134, 0.82434094), (0.55261296, 0.12278959, 0.82434314), (0.55262274, 0.12278291, 0.8243376), (-0.31422284, 0.61519456, 0.72304887), (-0.3142044, 0.6151887, 0.72306186), (-0.3141941, 0.6151847, 0.7230697), (-0.31418297, 0.61518586, 0.72307366), (0.62958443, 0.3368667, 0.70010304), (0.6295952, 0.33685377, 0.7000995), (0.6295867, 0.3368642, 0.7001022), (0.6295853, 0.3368646, 0.7001033), (-0.19284634, 0.9808606, 0.026888404), (-0.19303483, 0.98082465, 0.02684288), (-0.19288512, 0.98085326, 0.026877021), (-0.19300985, 0.9808295, 0.026843574), (-0.19896996, 0.97960585, 0.02798799), (0.70509857, 0.7085198, 0.028909061), (0.7050943, 0.7085239, 0.028911255), (0.7051064, 0.7085118, 0.028913246), (0.7050875, 0.7085308, 0.028907452), (-0.7141468, -0.69229513, -0.10354678), (-0.7141392, -0.6923022, -0.103551246), (-0.7141407, -0.6923006, -0.103551626), (-0.7141242, -0.6923165, -0.10355911), (0.19849937, -0.97446275, -0.104977824), (0.19848342, -0.97446615, -0.10497598), (0.19848026, -0.9744669, -0.104975805), (0.19850953, -0.9744606, -0.10497892), (-0.6218354, -0.31396955, -0.7174565), (-0.62189007, -0.3139575, -0.7174144), (-0.62184304, -0.31396785, -0.7174506), (-0.6218675, -0.31396234, -0.71743184), (0.31377077, -0.598482, -0.73713446), (0.31374785, -0.5984876, -0.7371396), (0.31376094, -0.59848434, -0.7371367), (0.31376004, -0.5984824, -0.73713875), (-0.95906746, 0.28198576, -0.025956223), (-0.9590657, 0.2819946, -0.025924783), (-0.9590661, 0.28199193, -0.02593589), (-0.9590661, 0.28199208, -0.025934633), (-0.94864976, 0.29093513, -0.12417852), (-0.94865245, 0.2909252, -0.12418152), (-0.9486548, 0.29091483, -0.12418777), (-0.9486526, 0.2909243, -0.124182045), (-0.9944563, 0.097256355, 0.03997153), (-0.99445665, 0.09725911, 0.03995846), (-0.9944569, 0.097261794, 0.03994521), (-0.9944563, 0.097260356, 0.03996343), (0.45329273, -0.20241994, -0.86807376), (0.453296, -0.20241481, -0.8680731), (0.45328575, -0.20241992, -0.8680772), (0.45330012, -0.20241922, -0.86806995), (0.5144467, 0.0010783572, -0.85752165), (0.51467806, 0.0010112294, -0.85738295), (0.51479393, 0.0009776473, -0.85731345), (0.51480216, 0.0009752938, -0.85730845), (-0.55144, -0.13163242, -0.82376385), (-0.55144906, -0.13163148, -0.82375795), (-0.5514342, -0.13163288, -0.82376766), (-0.5514194, -0.13162719, -0.8237785), (-0.51361716, 0.0010734495, -0.8580188), (-0.51344633, 0.0010240626, -0.8581211), (-0.5132107, 0.00095607527, -0.85826206), (-0.51322246, 0.0009595665, -0.858255), (1, -0.00026684356, 3.0507726e-7), (1, -0.00026687662, 5.131223e-7), (1, -0.00026666472, -8.1982034e-7), (1, -0.0002666316, -0.0000010282168), (0.9941111, -0.10104969, -0.039141204), (0.994114, -0.10103281, -0.039113782), (0.9941111, -0.10104907, -0.03914135), (0.9941116, -0.10104615, -0.03913967), (0.9542469, -0.29639804, 0.03951048), (0.95424855, -0.29639244, 0.039512336), (0.9542478, -0.2963948, 0.03951223), (0.9542413, -0.29641804, 0.039497383), (0.97430557, -0.20081474, -0.10199075), (0.9743041, -0.20082189, -0.10199061), (0.9743016, -0.20083474, -0.10198979), (0.97430587, -0.20081323, -0.10199051), (-0.0014546346, -0.99999857, 0.0009448958), (-0.0014444633, -0.99999857, 0.0009242214), (-0.0013071023, -0.9999988, 0.00086412544), (0.0013519384, -0.9999987, -0.0008870423), (0.0014071136, -0.99999857, -0.00090703164), (0.00140982, -0.9999987, -0.00089072663), (0.8484091, -0.0023604315, -0.5293356), (0.8483972, -0.0023563819, -0.5293548), (0.8484057, -0.0023587288, -0.52934134), (0.8484145, -0.002362928, -0.52932715), (-0.019907031, -0.0041199718, -0.99979335), (-0.019910933, -0.0041195364, -0.99979335), (-0.019913007, -0.004118541, -0.99979323), (-0.019902248, -0.004121707, -0.99979347), (-0.8925831, -0.00091062713, -0.45088214), (-0.8925684, -0.00091863266, -0.45091102), (-0.8925125, -0.00094958424, -0.45102173), (-0.8925308, -0.000939683, -0.45098543), (-0.021940101, 0.16153884, -0.9866224), (-0.021908334, 0.16154301, -0.9866225), (-0.021906873, 0.16154242, -0.98662263), (-0.021880666, 0.16154607, -0.98662263), (-0.8722504, 0.20944303, -0.44194216), (-0.872342, 0.20938227, -0.44179007), (-0.8723943, 0.20934774, -0.4417032), (-0.8722852, 0.20941994, -0.44188437), (0.047464162, 0.46649504, -0.8832494), (0.047458254, 0.46649292, -0.8832509), (0.04745394, 0.46649253, -0.88325125), (0.047485013, 0.4664982, -0.8832466), (-0.7915653, 0.4779459, -0.38077807), (-0.79160464, 0.47791067, -0.3807409), (-0.7916357, 0.4778832, -0.38071075), (-0.79153174, 0.4779756, -0.38081077), (0.37866867, 0.8803857, -0.28553656), (0.37875226, 0.8803424, -0.2855587), (0.37873134, 0.8803551, -0.28554776), (0.3787489, 0.8803445, -0.28555736), (0.3823695, 0.87749004, -0.28949067), (-0.43467957, 0.8840415, 0.17182632), (-0.43466556, 0.8840496, 0.1718205), (-0.43466994, 0.8840462, 0.17182675), (-0.43469137, 0.88403416, 0.17183436), (0.48334077, -0.8680595, -0.11337693), (0.48317862, -0.8681296, -0.11353202), (0.4831918, -0.8681201, -0.11354799), (0.4831814, -0.8681275, -0.11353501), (-0.35406888, -0.8627026, 0.361081), (-0.3536107, -0.8630187, 0.36077458), (-0.35366085, -0.8629841, 0.36080804), (-0.35372904, -0.8629373, 0.36085325), (0.79415524, -0.46042925, 0.3966388), (0.7941595, -0.46042904, 0.39663067), (0.79415625, -0.46042955, 0.39663643), (0.7941482, -0.46042645, 0.39665616), (-0.0438521, -0.4446983, 0.8946063), (-0.043852035, -0.4447008, 0.8946051), (-0.04383783, -0.44471055, 0.89460087), (-0.04384752, -0.44470754, 0.89460194), (0.8923163, -0.02750579, -0.45057195), (0.89232355, -0.02751012, -0.45055717), (0.8923295, -0.027513336, -0.45054525), (0.892324, -0.027510455, -0.4505565), (0.9258703, -0.01022945, -0.37770295), (0.92586887, -0.010221518, -0.37770674), (0.9258673, -0.01020795, -0.37771085), (0.92586905, -0.010219617, -0.37770638), (0.86549807, -0.04664762, -0.49873543), (0.8655108, -0.046647448, -0.4987133), (0.86551005, -0.046646774, -0.49871477), (0.86551225, -0.046646208, -0.498711), (0.004914359, -0.16387825, 0.9864683), (0.004880991, -0.16386218, 0.9864711), (0.004914292, -0.16387808, 0.9864683), (0.0049110157, -0.16387695, 0.98646855), (0.01375113, 0.000979169, 0.999905), (0.01367617, 0.0009605612, 0.99990606), (0.013631527, 0.00094938255, 0.99990666), (0.01363842, 0.0009509634, 0.99990654), (0.87165564, -0.20196901, 0.4465702), (0.8716645, -0.20197327, 0.44655088), (0.87166125, -0.20197104, 0.44655836), (0.8716636, -0.201973, 0.44655284), (0.89604217, 0.004838582, 0.4439425), (0.8960398, 0.0048370585, 0.44394746), (0.8960679, 0.004852681, 0.4438905), (0.896054, 0.0048450674, 0.44391844), (-0.84633476, -0.0012244864, 0.53265), (-0.846331, -0.0012227334, 0.5326558), (-0.8463205, -0.0012190103, 0.5326726), (-0.8463753, -0.0012419114, 0.5325855), (-0.85342604, 0.044360302, 0.5193229), (-0.8534222, 0.044355895, 0.5193294), (-0.8534287, 0.04436164, 0.5193183), (-0.85342455, 0.04435879, 0.5193252), (-0.8853028, -0.00097353663, 0.46501407), (-0.885303, -0.0009728438, 0.4650135), (-0.8853059, -0.0009629294, 0.46500805), (-0.88530713, -0.0009605438, 0.4650059), (-0.8139674, 0.10498458, 0.57134527), (-0.81397104, 0.104945056, 0.57134724), (-0.81396776, 0.10498032, 0.57134545), (-0.8139713, 0.10495199, 0.57134575), (-0.9782537, -0.03403714, 0.20459978), (-0.97825545, -0.034040157, 0.20459108), (-0.97825867, -0.034047864, 0.20457463), (-0.9782512, -0.034031738, 0.20461257), (0.2574287, -0.059360534, 0.96447235), (0.25745627, -0.059347622, 0.9644658), (0.2574301, -0.05936016, 0.9644719), (0.25742844, -0.059360888, 0.96447235), (-0.21351165, -0.8953317, -0.39088866), (-0.21349376, -0.895302, -0.39096636), (-0.21356635, -0.8954226, -0.39065036), (-0.21358457, -0.89545286, -0.39057112), (0.5836195, -0.81185204, 0.016872209), (0.5836194, -0.81185204, 0.016875243), (0.5836103, -0.81185865, 0.01687434), (0.5836189, -0.81185234, 0.01687422), (0.97415155, 0.029312054, -0.22398591), (0.97415787, 0.029324327, -0.22395666), (0.9741536, 0.029316219, -0.2239763), (0.97414917, 0.029306492, -0.22399682), (-0.25940597, 0.051253885, -0.9644073), (-0.25940934, 0.05125322, -0.9644065), (-0.2594022, 0.051256154, -0.9644082), (-0.2593901, 0.05126077, -0.9644113), (0.8903412, -0.016047115, 0.45501098), (0.8903254, -0.01605589, 0.45504165), (0.890321, -0.016071308, 0.4550498), (0.89037013, -0.016027553, 0.4549552), (0.8981649, -0.008962845, 0.43956745), (0.8981596, -0.008982269, 0.4395777), (0.89752126, 0.008976237, 0.44087985), (0.89753133, 0.008994175, 0.44085902), (0.96312755, 0.14145751, -0.22885576), (0.9631301, 0.141462, -0.22884274), (0.96313643, 0.14147352, -0.22880891), (0.96314925, 0.14149705, -0.22874007), (-0.9667636, -0.13473533, 0.21728902), (-0.9667382, -0.1346847, 0.21743332), (-0.9667089, -0.13462646, 0.21759947), (-0.96668065, -0.1345701, 0.21776018), (-0.9317187, -0.27777866, 0.23396423), (-0.9317124, -0.277777, 0.23399135), (-0.93171513, -0.2777784, 0.23397891), (-0.9317105, -0.2777782, 0.2339973), (-0.5752277, 0.7941425, 0.19608906), (-0.5752305, 0.79413855, 0.19609642), (-0.57523996, 0.7941282, 0.19611041), (-0.57521874, 0.79415, 0.1960848), (0.951926, 0.23984124, -0.1905599), (0.95192426, 0.23984084, -0.19056892), (0.9519286, 0.23984411, -0.19054355), (0.9519272, 0.23984554, -0.19054878), (0.8779675, 0.46841356, -0.09880244), (0.8779658, 0.4684115, -0.09882679), (0.87796694, 0.46841475, -0.09880119), (0.8779666, 0.4684142, -0.09880718), (-0.23631692, 0.47326475, -0.8486312), (-0.23632528, 0.47325864, -0.8486322), (-0.23629269, 0.47328243, -0.848628), (-0.23629472, 0.47328055, -0.8486284), (-0.23958988, 0.3044937, -0.9218896), (-0.239604, 0.3044872, -0.921888), (-0.2395919, 0.3044977, -0.92188764), (-0.2395807, 0.30450165, -0.9218893), (0.83663076, -0.5477549, 0.0036781947), (0.83663636, -0.54774636, 0.0036805575), (0.83663327, -0.5477511, 0.00368164), (0.8366408, -0.5477396, 0.0036841854), (-0.94539416, -0.065066285, -0.31936854), (-0.9453923, -0.06506234, -0.31937486), (-0.94539243, -0.06506181, -0.3193747), (-0.9453978, -0.06507368, -0.3193563), (-0.9361717, -0.050722066, -0.34786442), (-0.93616915, -0.050697517, -0.3478753), (-0.9325526, -0.015604062, -0.36069688), (-0.9325471, -0.015585375, -0.3607119), (-0.9306156, 0.009621091, -0.36587164), (-0.9306551, 0.0096333185, -0.3657708), (-0.21058218, 0.17882758, -0.96108055), (-0.2106093, 0.17881328, -0.9610773), (-0.2105522, 0.1788433, -0.9610842), (-0.21056584, 0.17883581, -0.9610825), (0.07146144, -0.3720129, 0.9254726), (0.0714232, -0.37202656, 0.9254702), (0.071458, -0.37201634, 0.9254716), (0.07145318, -0.37201583, 0.92547214), (0.21879695, -0.17762361, 0.9594674), (0.21877629, -0.1776342, 0.95947015), (0.21879032, -0.1776271, 0.95946825), (0.2187843, -0.17763124, 0.9594689), (0.09410476, -0.44721103, 0.8894642), (0.09407814, -0.4472205, 0.8894623), (0.094083115, -0.44722942, 0.8894572), (0.09409206, -0.44722357, 0.8894593), (0.054461803, -0.7562128, 0.6520553), (0.054451715, -0.7562194, 0.65204847), (0.054478955, -0.75620186, 0.65206647), (0.054450646, -0.7562185, 0.65204954), (-0.9694484, -0.014021233, -0.24489409), (-0.9694406, -0.014005099, -0.24492615), (-0.9694464, -0.014019348, -0.24490249), (-0.96944517, -0.014058409, -0.2449052), (-0.9611272, 0.007061206, -0.27601564), (-0.9611272, 0.007062014, -0.27601567), (-0.054998912, 0.75434536, -0.6541698), (-0.054989684, 0.75434804, -0.65416753), (-0.05501395, 0.75433654, -0.6541787), (-0.05501023, 0.7543416, -0.65417325), (0.79129493, 0.3030001, 0.53107744), (0.7912967, 0.30302858, 0.5310585), (0.7912951, 0.30304822, 0.5310498), (0.79129285, 0.30302653, 0.53106534), (0.73698974, 0.6702914, -0.0869219), (0.7370103, 0.67026377, -0.08696125), (0.7370122, 0.6702628, -0.08695317), (0.7370111, 0.6702646, -0.08694844), (0.8307348, 0.2316876, 0.5061626), (0.8307304, 0.23142979, 0.5062879), (0.8307272, 0.23127456, 0.50636387), (0.83072764, 0.23129752, 0.50635254), (-0.739279, -0.66851646, 0.08094756), (-0.7392588, -0.6685361, 0.08096739), (-0.7392781, -0.66851246, 0.080987945), (-0.739279, -0.6685148, 0.08096091), (-0.87418324, -0.45400527, 0.17228739), (-0.87418604, -0.4539897, 0.1723143), (-0.8741853, -0.45400107, 0.17228776), (-0.8741823, -0.4539901, 0.17233178), (0.87331337, 0.12813646, 0.47000524), (0.873322, 0.12816541, 0.46998128), (0.87331456, 0.12813537, 0.47000325), (0.8733175, 0.12814352, 0.4699957), (0.5579372, 0.0073183193, -0.82985085), (0.5579313, 0.0073199896, -0.8298549), (0.55793417, 0.007318286, -0.829853), (0.5579284, 0.0073208925, -0.82985675), (-0.88384527, -0.053289007, -0.46473405), (-0.88385195, -0.0532849, -0.46472186), (-0.8838242, -0.053300854, -0.46477294), (-0.88386685, -0.053276855, -0.4646944), (0.5624374, -0.81946266, 0.11020481), (0.5624275, -0.8194717, 0.11018806), (0.56239533, -0.819501, 0.11013452), (0.56242496, -0.81947374, 0.11018578), (-0.31521335, -0.9057436, 0.28331795), (-0.31521565, -0.9057414, 0.28332266), (-0.31521153, -0.90574414, 0.28331828), (-0.31521744, -0.90574175, 0.28331912), (-0.5266548, -0.012211906, 0.8499915), (-0.52664214, -0.012214839, 0.84999937), (-0.526662, -0.012210382, 0.84998715), (-0.5266413, -0.012215148, 0.8499999), (0.8806046, 0.04607715, 0.47160614), (0.88069105, 0.0460319, 0.47144926), (0.8806969, 0.046028666, 0.47143868), (0.8806028, 0.046078037, 0.47160965), (-0.9847839, -0.046169035, 0.16753842), (-0.98478585, -0.046171613, 0.16752626), (-0.98477757, -0.04616169, 0.16757773), (-0.9847792, -0.04616447, 0.16756713), (-0.521417, 0.21240869, 0.82644224), (-0.52137226, 0.21239631, 0.8264737), (-0.5214078, 0.21240586, 0.82644886), (-0.5214633, 0.21242122, 0.8264099), (-0.981513, -0.07113992, 0.17768332), (-0.98151153, -0.071133085, 0.1776942), (-0.9815108, -0.07112882, 0.17769946), (-0.9815123, -0.07113591, 0.17768875), (0.5343306, -0.20603685, -0.81978023), (0.5344549, -0.20607184, -0.81969047), (0.5340992, -0.20597169, -0.8199474), (0.53397846, -0.20593768, -0.8200346), (0.55484676, -0.30032343, -0.77585495), (0.55484223, -0.3003258, -0.7758573), (0.55481505, -0.30032054, -0.77587867), (0.5548128, -0.3003176, -0.77588147), (-0.9776832, -0.09113809, 0.18928632), (-0.97768563, -0.091160096, 0.18926324), (-0.9776804, -0.09111626, 0.18931143), (-0.9776833, -0.09114271, 0.18928386), (0.042922623, 0.8927246, -0.4485537), (0.042919025, 0.8927242, -0.4485548), (0.04292365, 0.8927225, -0.44855788), (0.042926397, 0.89273334, -0.44853604), (-0.54862237, 0.30134994, 0.77987283), (-0.54862905, 0.30135167, 0.7798676), (-0.5486063, 0.30135247, 0.7798833), (-0.5486033, 0.30135447, 0.7798845), (-0.55996203, 0.52145934, 0.6438343), (-0.55996275, 0.5214591, 0.64383394), (-0.5599817, 0.52146024, 0.6438165), (-0.55995315, 0.5214603, 0.64384145), (0.74387544, 0.5580096, 0.36779708), (0.74386364, 0.5580199, 0.36780542), (0.74383163, 0.5580496, 0.36782497), (0.7438629, 0.5580205, 0.3678057), (0.8068786, 0.3993582, 0.43526986), (0.80686194, 0.3993672, 0.43529263), (0.80688065, 0.39935482, 0.43526927), (0.8068624, 0.39936808, 0.43529078), (-0.3959187, -0.78205854, 0.48128232), (-0.39591464, -0.78206444, 0.48127618), (-0.39589822, -0.782079, 0.4812662), (-0.39591283, -0.78206664, 0.48127422), (0.9358371, 0.035421077, -0.35064837), (0.93583775, 0.035425525, -0.35064623), (0.93584377, 0.035435043, -0.35062912), (0.9358346, 0.03541906, -0.35065523), (0.9567377, 0.038856395, -0.28834578), (0.9567565, 0.038883194, -0.28827977), (0.95662093, 0.03869015, -0.2887552), (0.9566013, 0.038662247, -0.28882393), (0.82564634, 0.2774557, 0.49124986), (0.8256387, 0.2774628, 0.49125874), (0.82564217, 0.2774595, 0.4912546), (0.8256498, 0.27745253, 0.49124587), (0.9643034, 0.039009996, -0.261911), (0.96429914, 0.039008405, -0.26192644), (0.96429884, 0.03900742, -0.2619279), (0.9643026, 0.039010238, -0.26191372), (-0.8275192, -0.27746266, -0.48808447), (-0.8274848, -0.2774944, -0.4881247), (-0.8274505, -0.27752587, -0.488165), (-0.82746357, -0.27751395, -0.48814958), (0.9716069, 0.04303078, -0.23265502), (0.9716078, 0.04303066, -0.23265146), (0.97161174, 0.043029692, -0.23263535), (0.97160923, 0.043030415, -0.23264529), (-0.7817869, -0.5048796, -0.36593157), (-0.78178895, -0.50487816, -0.365929), (-0.7817811, -0.5048854, -0.3659359), (-0.78178924, -0.5048775, -0.36592922), (0.8701671, 0.034112632, -0.49157465), (0.8701936, 0.034153465, -0.49152473), (0.8702052, 0.034169454, -0.49150294), (0.870215, 0.034183424, -0.491485), (0.8928651, 0.10794861, -0.4371945), (0.89286447, 0.10794689, -0.4371963), (0.892872, 0.10797755, -0.4371733), (0.8928617, 0.10795398, -0.43720013), (0.46181923, 0.82278264, 0.33128795), (0.46184406, 0.82277197, 0.33127987), (0.46183637, 0.82277375, 0.3312861), (0.461845, 0.82276946, 0.3312847), (-0.9948258, 0.0947697, 0.03661098), (-0.9948272, 0.094753906, 0.036612432), (-0.9948264, 0.09476346, 0.036608767), (-0.9948251, 0.09477557, 0.03661211), (-0.48637033, 0.7111622, 0.5076338), (-0.4864038, 0.7111361, 0.50763834), (-0.48637617, 0.71113604, 0.507665), (-0.48638245, 0.7111365, 0.50765836), (-0.98440754, 0.10256284, 0.14290811), (-0.9844088, 0.10255315, 0.1429067), (-0.9844114, 0.102534965, 0.14290105), (-0.98440766, 0.10256204, 0.14290775), (0.47776774, -0.7151236, -0.5102315), (0.47775567, -0.7151253, -0.5102404), (0.4777625, -0.715125, -0.5102344), (0.47776762, -0.7151246, -0.5102302), (0.44673917, -0.57642406, -0.6842217), (0.44674858, -0.576435, -0.6842064), (0.44673124, -0.5764221, -0.68422854), (0.446725, -0.57641447, -0.6842391), (-0.9891788, -0.086687446, 0.118366554), (-0.9891782, -0.08669022, 0.11836981), (-0.9891805, -0.08669872, 0.11834402), (-0.98917973, -0.08669556, 0.118352495), (-0.27053377, -0.081100754, -0.9592883), (-0.27002993, -0.0811784, -0.9594237), (-0.26955903, -0.08125107, -0.95955), (-0.2697224, -0.08122597, -0.9595062), (0, -1, 0), (0, -1, 0), (-2.1553889e-7, -1, 0), (-1.6756647e-7, -1, 0), (-1.543828e-7, -1, 0), (-1.0401924e-7, -1, 0), (-0.85413593, -0.26837388, -0.4454519), (-0.8541113, -0.26837146, -0.4455005), (-0.85412, -0.26837173, -0.44548365), (-0.8541191, -0.268372, -0.44548526), (0.26187867, 0.081205204, 0.9616784), (0.26180393, 0.08121679, 0.96169776), (0.26178116, 0.081220254, 0.9617036), (0.26183447, 0.08121174, 0.96168983), (0.28786936, 0.06021805, 0.9557746), (0.2878653, 0.06021512, 0.955776), (0.28790134, 0.060213383, 0.95576525), (0.28790888, 0.060213473, 0.9557629), (-0.88096446, -0.1594678, -0.44550163), (-0.8809456, -0.15946752, -0.44553888), (-0.88094854, -0.1594678, -0.445533), (-0.88093895, -0.15946683, -0.44555235), (-0.92457336, -0.26987615, 0.2689441), (-0.92457014, -0.26988026, 0.26895115), (-0.9245659, -0.2698829, 0.2689627), (-0.9245807, -0.26986971, 0.2689252), (-0.9411453, -0.17771132, 0.28751364), (-0.9411283, -0.1777221, 0.287563), (-0.9411221, -0.17772563, 0.28758103), (-0.9411392, -0.17771491, 0.2875317), (0.841142, 0.23614459, 0.4865346), (0.84115815, 0.23615202, 0.48650306), (0.84113836, 0.23614068, 0.48654282), (0.84113866, 0.23614214, 0.48654148), (0.8472446, 0.15936105, 0.5067353), (0.8471067, 0.15931904, 0.5069788), (0.84682786, 0.15923424, 0.5074713), (0.8465684, 0.15915488, 0.5079288), (0.9250082, 0.2669456, -0.27036965), (0.92500496, 0.2669488, -0.27037778), (0.92500144, 0.2669524, -0.27038622), (0.9250127, 0.26694253, -0.27035737), (0.9409477, 0.17663597, -0.28882048), (0.9409587, 0.17662886, -0.28878874), (0.9409354, 0.17664385, -0.28885573), (0.9409286, 0.17664817, -0.28887504), (-0.29273194, -0.060980506, -0.9542481), (-0.29270262, -0.060982853, -0.9542569), (-0.29272968, -0.060981277, -0.95424867), (-0.29269883, -0.060983513, -0.9542581), (-0.35079798, -0.18866393, -0.9172495), (-0.35081017, -0.18866591, -0.9172445), (-0.3508275, -0.1886624, -0.91723853), (-0.35078803, -0.18866307, -0.9172535), (0.90654176, 0.29677576, -0.30017704), (0.9065454, 0.296775, -0.3001669), (0.90654653, 0.29677528, -0.30016288), (0.9065424, 0.29677626, -0.30017433), (0.034124114, 0.9881364, 0.14973977), (0.034146186, 0.9881372, 0.14972888), (0.03412321, 0.98813677, 0.14973807), (0.03413402, 0.98813707, 0.14973277), (0.38148904, -0.9242606, -0.014437744), (0.38149488, -0.9242582, -0.014440648), (0.3814797, -0.9242645, -0.014433244), (0.3814981, -0.92425674, -0.014442597), (0.76118636, 0.37963486, 0.5258068), (0.761181, 0.37963212, 0.52581644), (0.7611768, 0.37963286, 0.52582186), (0.76118445, 0.37963533, 0.5258093), (-0.90680987, -0.29705998, 0.299084), (-0.9068226, -0.29705873, 0.29904667), (-0.9068133, -0.29706013, 0.29907346), (-0.9068159, -0.29705954, 0.29906648), (-0.039476216, -0.9991579, 0.011179402), (-0.03949183, -0.9991571, 0.011199204), (-0.039467387, -0.999158, 0.011209041), (-0.039491113, -0.9991573, 0.011181145), (0.36469975, 0.19171302, 0.91117513), (0.36468545, 0.19172055, 0.9111793), (0.3647105, 0.1917117, 0.91117114), (0.36467734, 0.19171199, 0.91118443), (-0.5955095, 0.7727243, -0.21969424), (-0.59551376, 0.7727151, -0.21971521), (-0.5955153, 0.77271456, -0.2197128), (-0.5955196, 0.7727118, -0.21971084), (-0.87762755, -0.24621537, -0.41127586), (-0.87763184, -0.24621527, -0.41126677), (-0.87762094, -0.24621658, -0.41128922), (-0.87760955, -0.24628367, -0.41127342), (-0.00086144847, -0.99999714, 0.002263969), (-0.0008646096, -0.99999714, 0.0022431447), (-0.00076037843, -0.9999975, 0.0021332367), (0.0008145748, -0.9999976, -0.0020232901), (0.00084254425, -0.9999975, -0.002063704), (0.00088154327, -0.9999976, -0.0020244776), (-0.3865336, -0.0039924877, 0.9222666), (-0.38653684, -0.0039945897, 0.9222653), (-0.38657284, -0.00400245, 0.9222502), (-0.38654265, -0.003994862, 0.92226285), (0.5749118, -0.0076883207, 0.81817925), (0.5749211, -0.007684666, 0.8181728), (0.5749038, -0.0076907133, 0.8181849), (0.5748923, -0.0076936376, 0.818193), (0.9897114, -0.0018334145, -0.14306593), (0.9897211, -0.001850696, -0.1429991), (0.9897399, -0.0018840797, -0.14286861), (0.9897221, -0.0018521479, -0.14299233), (0.58191293, 0.16516685, 0.7963022), (0.58192605, 0.16516474, 0.79629314), (0.5819527, 0.16516092, 0.7962744), (0.58192366, 0.16516557, 0.7962946), (0.9687403, 0.20975272, -0.13246143), (0.9687446, 0.20977643, -0.13239333), (0.9687449, 0.20977865, -0.13238621), (0.9687414, 0.20975819, -0.13244507), (0.4584475, 0.46610498, 0.7566849), (0.45846266, 0.46610576, 0.75667524), (0.45846203, 0.46610516, 0.75667596), (0.45843002, 0.46610743, 0.75669396), (0.8696406, 0.47707483, -0.12698331), (0.8696325, 0.47709948, -0.12694663), (0.86967605, 0.47696543, -0.12715222), (0.869656, 0.47702762, -0.12705521), (-0.15311858, 0.8778985, 0.45370573), (-0.15309325, 0.8779209, 0.45367095), (-0.15311086, 0.8779037, 0.45369816), (-0.1531288, 0.8778838, 0.4537308), (-0.1541482, 0.8757407, 0.45751134), (0.2597175, 0.88483214, -0.38680592), (0.25970384, 0.88484544, -0.38678464), (0.25972083, 0.88482916, -0.38681048), (0.2597142, 0.88483703, -0.3867972), (-0.33467874, -0.8674061, 0.36823472), (-0.33481562, -0.8673765, 0.3681802), (-0.33482045, -0.86735755, 0.36822027), (-0.33481833, -0.86736083, 0.3682144), (0.09018466, -0.86066675, -0.5011182), (0.0901658, -0.8606949, -0.5010732), (0.09016932, -0.8606904, -0.50108033), (0.09017119, -0.86068785, -0.5010843), (-0.88053733, -0.45193285, 0.14286639), (-0.880533, -0.45193496, 0.14288619), (-0.88053024, -0.4519357, 0.1429006), (-0.8805284, -0.4519373, 0.14290725), (-0.46636274, -0.4432401, -0.7655352), (-0.46636, -0.44324228, -0.76553553), (-0.4663756, -0.4432538, -0.7655194), (-0.46636832, -0.44324687, -0.76552784), (-0.48450783, -0.019407768, 0.87457156), (-0.4845481, -0.01942043, 0.87454903), (-0.48454493, -0.019419722, 0.87455076), (-0.48453543, -0.01941509, 0.8745562), (-0.55011815, -0.02077546, 0.8348283), (-0.55014527, -0.02086208, 0.8348084), (-0.55013967, -0.020843428, 0.83481246), (-0.55013555, -0.020831203, 0.83481556), (-0.42560577, -0.04917127, 0.9035718), (-0.42564973, -0.049169574, 0.9035511), (-0.4256329, -0.049170688, 0.9035591), (-0.4256099, -0.049171116, 0.90356976), (-0.5656674, -0.16343041, -0.80827653), (-0.5656543, -0.16342214, -0.8082873), (-0.5656596, -0.16342519, -0.80828303), (-0.5656685, -0.16343018, -0.8082757), (-0.57520336, 0.00073281804, -0.81801003), (-0.5752101, 0.00073438085, -0.81800544), (-0.57522684, 0.00074004655, -0.81799364), (-0.5752374, 0.0007428736, -0.8179862), (-0.9703663, -0.20368528, 0.13000566), (-0.9703425, -0.20371568, 0.1301362), (-0.9703442, -0.2037134, 0.13012663), (-0.97034657, -0.2037102, 0.13011423), (-0.99142075, 0.0054025184, 0.13059802), (-0.9914014, 0.0054403287, 0.13074274), (-0.9914602, 0.00532483, 0.13030078), (-0.9915223, 0.0052024624, 0.1298322), (0.40873542, -0.0015833679, -0.9126516), (0.4087719, -0.0015914696, -0.9126352), (0.40880817, -0.0016011534, -0.91261894), (0.40877256, -0.0015918035, -0.9126349), (0.41658676, 0.04639389, -0.90791136), (0.4163558, 0.046267927, -0.9080238), (0.41635588, 0.04626784, -0.9080237), (0.41652748, 0.046361428, -0.90794027), (0.45874393, -0.007277135, -0.8885387), (0.45874384, -0.007278378, -0.88853884), (0.45875275, -0.00726517, -0.8885342), (0.458726, -0.0073044603, -0.8885478), (0.34723514, 0.1197902, -0.93009573), (0.3472321, 0.119817585, -0.9300934), (0.34723154, 0.11983647, -0.9300911), (0.34723404, 0.11980818, -0.93009377)]
    uniform token orientation
    point3f[] points = [(0.115523994, 0.30108792, 0.0065933345), (0.17560281, 0.28942633, 0.011787165), (0.10483184, 0.3137052, 0.008783188), (0.094441615, 0.3191707, 0.019250285), (0.17560281, 0.28942633, 0.011787165), (0.10608339, 0.31327403, 0.028623372), (0.10608339, 0.31327403, 0.028623372), (0.17560281, 0.28942633, 0.011787165), (0.11945773, 0.3003609, 0.026180089), (0.097349614, 0.29997942, 0.018428784), (0.17560281, 0.28942633, 0.011787165), (0.115523994, 0.30108792, 0.0065933345), (0.11945773, 0.3003609, 0.026180089), (0.17560281, 0.28942633, 0.011787165), (0.097349614, 0.29997942, 0.018428784), (0.10483184, 0.3137052, 0.008783188), (0.17560281, 0.28942633, 0.011787165), (0.094441615, 0.3191707, 0.019250285), (0.052365836, 0.23692775, -0.12510604), (0.029895963, 0.23393402, -0.18006442), (0.061010946, 0.22732247, -0.12665442), (0.05851503, 0.2173281, -0.12767905), (0.029895963, 0.23393402, -0.18006442), (0.04986106, 0.22689787, -0.12613434), (0.061010946, 0.22732247, -0.12665442), (0.029895963, 0.23393402, -0.18006442), (0.05851503, 0.2173281, -0.12767905), (0.038349874, 0.22457701, -0.12581971), (0.029895963, 0.23393402, -0.18006442), (0.040847786, 0.23457937, -0.12479423), (0.04986106, 0.22689787, -0.12613434), (0.029895963, 0.23393402, -0.18006442), (0.038349874, 0.22457701, -0.12581971), (0.07312184, 0.11996015, 0.08563648), (0.09702293, 0.11612801, 0.10558995), (0.06864264, 0.11662286, 0.08928848), (0.06867614, 0.111185975, 0.090156525), (0.09702293, 0.11612801, 0.10558995), (0.07328753, 0.11460287, 0.086312175), (0.06864264, 0.11662286, 0.08928848), (0.09702293, 0.11612801, 0.10558995), (0.06867614, 0.111185975, 0.090156525), (0.07794311, 0.11159228, 0.08365483), (0.09702293, 0.11612801, 0.10558995), (0.07775682, 0.11699926, 0.08278357), (0.07328753, 0.11460287, 0.086312175), (0.09702293, 0.11612801, 0.10558995), (0.07794311, 0.11159228, 0.08365483), (-0.06889596, 0.35032332, 0.15446393), (-0.08261807, 0.34846306, 0.15457004), (-0.0988354, 0.38552624, 0.20945062), (-0.06500514, 0.35993987, 0.14289984), (-0.094718486, 0.39468506, 0.19788827), (-0.08017736, 0.3585371, 0.14379172), (-0.053855613, 0.35192838, 0.16160086), (-0.094718486, 0.39468506, 0.19788827), (-0.06500514, 0.35993987, 0.14289984), (-0.05888853, 0.34326237, 0.17384297), (-0.06889596, 0.35032332, 0.15446393), (-0.0988354, 0.38552624, 0.20945062), (-0.05018981, 0.26871693, -0.12551586), (-0.043134622, 0.26701587, -0.13186184), (-0.06210103, 0.29172814, -0.16649392), (-0.04229541, 0.25008622, -0.09054996), (-0.033617854, 0.25590885, -0.115714766), (-0.05018981, 0.26871693, -0.12551586), (-0.048166923, 0.2771733, -0.12025579), (-0.06242729, 0.29577202, -0.16416259), (-0.041141823, 0.2756229, -0.12766542), (-0.06252898, 0.2706128, -0.1234676), (-0.06242729, 0.29577202, -0.16416259), (-0.048166923, 0.2771733, -0.12025579), (-0.06427984, 0.26263177, -0.12871937), (-0.05018981, 0.26871693, -0.12551586), (-0.06210103, 0.29172814, -0.16649392), (-0.10482875, 0.29557806, -0.014289981), (-0.16250388, 0.3817131, -0.011892092), (-0.098858215, 0.29778403, 0.008268371), (-0.12102747, 0.29811785, -0.0053645764), (-0.16250388, 0.3817131, -0.011892092), (-0.10482875, 0.29557806, -0.014289981), (-0.118020244, 0.29613912, -0.0107404515), (-0.102182016, 0.2972073, -0.02016973), (-0.15967543, 0.38302863, -0.01786318), (-0.102182016, 0.2972073, -0.02016973), (-0.09586543, 0.29992712, 0.002763144), (-0.15967543, 0.38302863, -0.01786318), (-0.10272582, 0.11485091, -0.046233963), (-0.13369837, 0.11102017, -0.04933686), (-0.101122856, 0.11155065, -0.051576465), (-0.10190124, 0.10610462, -0.05267186), (-0.13369837, 0.11102017, -0.04933686), (-0.10328773, 0.10950063, -0.046746444), (-0.101122856, 0.11155065, -0.051576465), (-0.13369837, 0.11102017, -0.04933686), (-0.10190124, 0.10610462, -0.05267186), (-0.1055585, 0.10649651, -0.04192472), (-0.13369837, 0.11102017, -0.04933686), (-0.10489215, 0.111890025, -0.041296296), (-0.10328773, 0.10950063, -0.046746444), (-0.13369837, 0.11102017, -0.04933686), (-0.1055585, 0.10649651, -0.04192472), (-0.020777037, 0.15096739, -0.0293771), (-0.008349964, 0.15745558, -0.05398361), (-0.021188041, 0.21603362, -0.08866271), (-0.020777037, 0.15096739, -0.0293771), (-0.021188041, 0.21603362, -0.08866271), (-0.03256183, 0.21385615, -0.059950184), (-0.09586543, 0.29992712, 0.002763144), (-0.098858215, 0.29778403, 0.008268371), (-0.16250388, 0.3817131, -0.011892092), (-0.09586543, 0.29992712, 0.002763144), (-0.16250388, 0.3817131, -0.011892092), (-0.15967543, 0.38302863, -0.01786318), (-0.15967543, 0.38302863, -0.01786318), (-0.16250388, 0.3817131, -0.011892092), (-0.12102747, 0.29811785, -0.0053645764), (-0.15967543, 0.38302863, -0.01786318), (-0.12102747, 0.29811785, -0.0053645764), (-0.118020244, 0.29613912, -0.0107404515), (0.040868934, 0.1451168, 0.006926465), (0.048903573, 0.1397013, 0.015961034), (0.046180084, 0.0000956459, 0.024926014), (0.03847576, 0.0055622407, 0.014956562), (0.05548476, 0.1367763, 0.01577772), (0.04706551, 0.14218783, 0.0067441617), (0.04450959, 0.0038507532, 0.015215461), (0.05283602, -0.0015865461, 0.025087897), (0.04706551, 0.14218783, 0.0067441617), (0.055468954, 0.1370239, -0.004311619), (0.052858446, -0.0013613746, 0.0050308453), (0.04450959, 0.0038507532, 0.015215461), (0.040868934, 0.1451168, 0.006926465), (0.058266237, 0.21255806, 0.013403711), (0.048903573, 0.1397013, 0.015961034), (0.05028838, 0.21798693, 0.003689201), (0.08117447, 0.3007053, 0.027432706), (0.073037714, 0.3061239, 0.017702395), (0.04706551, 0.14218783, 0.0067441617), (0.05615564, 0.21192247, 0.0035734412), (0.06423717, 0.20671806, -0.0063280636), (0.055468954, 0.1370239, -0.004311619), (0.048997037, 0.1399279, -0.0040926063), (0.040868934, 0.1451168, 0.006926465), (0.03847576, 0.0055622407, 0.014956562), (0.046590637, 0.00034251343, 0.004811863), (0.055468954, 0.1370239, -0.004311619), (0.048997037, 0.1399279, -0.0040926063), (0.046590637, 0.00034251343, 0.004811863), (0.052858446, -0.0013613746, 0.0050308453), (0.06423717, 0.20671806, -0.0063280636), (0.08348577, 0.29073164, 0.0071362434), (0.08104621, 0.30093977, 0.0074848193), (0.058387186, 0.21277536, -0.0065302956), (0.048903573, 0.1397013, 0.015961034), (0.058266237, 0.21255806, 0.013403711), (0.064236484, 0.20647535, 0.013653898), (0.05548476, 0.1367763, 0.01577772), (0.05548476, 0.1367763, 0.01577772), (0.064236484, 0.20647535, 0.013653898), (0.05615564, 0.21192247, 0.0035734412), (0.04706551, 0.14218783, 0.0067441617), (0.048997037, 0.1399279, -0.0040926063), (0.058387186, 0.21277536, -0.0065302956), (0.05028838, 0.21798693, 0.003689201), (0.040868934, 0.1451168, 0.006926465), (0.055468954, 0.1370239, -0.004311619), (0.06423717, 0.20671806, -0.0063280636), (0.058387186, 0.21277536, -0.0065302956), (0.048997037, 0.1399279, -0.0040926063), (0.08360586, 0.2904929, 0.026936509), (0.11945773, 0.3003609, 0.026180089), (0.097349614, 0.29997942, 0.018428784), (0.074979424, 0.2911959, 0.017102275), (0.074979424, 0.2911959, 0.017102275), (0.097349614, 0.29997942, 0.018428784), (0.115523994, 0.30108792, 0.0065933345), (0.08348577, 0.29073164, 0.0071362434), (0.058266237, 0.21255806, 0.013403711), (0.08117447, 0.3007053, 0.027432706), (0.08360586, 0.2904929, 0.026936509), (0.064236484, 0.20647535, 0.013653898), (0.05615564, 0.21192247, 0.0035734412), (0.074979424, 0.2911959, 0.017102275), (0.08348577, 0.29073164, 0.0071362434), (0.06423717, 0.20671806, -0.0063280636), (0.064236484, 0.20647535, 0.013653898), (0.08360586, 0.2904929, 0.026936509), (0.074979424, 0.2911959, 0.017102275), (0.05615564, 0.21192247, 0.0035734412), (0.058387186, 0.21277536, -0.0065302956), (0.08104621, 0.30093977, 0.0074848193), (0.073037714, 0.3061239, 0.017702395), (0.05028838, 0.21798693, 0.003689201), (0.08104621, 0.30093977, 0.0074848193), (0.10483184, 0.3137052, 0.008783188), (0.094441615, 0.3191707, 0.019250285), (0.073037714, 0.3061239, 0.017702395), (0.073037714, 0.3061239, 0.017702395), (0.094441615, 0.3191707, 0.019250285), (0.10608339, 0.31327403, 0.028623372), (0.08117447, 0.3007053, 0.027432706), (0.08348577, 0.29073164, 0.0071362434), (0.115523994, 0.30108792, 0.0065933345), (0.10483184, 0.3137052, 0.008783188), (0.08104621, 0.30093977, 0.0074848193), (0.08117447, 0.3007053, 0.027432706), (0.10608339, 0.31327403, 0.028623372), (0.11945773, 0.3003609, 0.026180089), (0.08360586, 0.2904929, 0.026936509), (0.03847576, 0.0055622407, 0.014956562), (0.04450959, 0.0038507532, 0.015215461), (0.052858446, -0.0013613746, 0.0050308453), (0.046590637, 0.00034251343, 0.004811863), (0.046180084, 0.0000956459, 0.024926014), (0.05283602, -0.0015865461, 0.025087897), (0.04450959, 0.0038507532, 0.015215461), (0.03847576, 0.0055622407, 0.014956562), (0.048903573, 0.1397013, 0.015961034), (0.05548476, 0.1367763, 0.01577772), (0.05283602, -0.0015865461, 0.025087897), (0.046180084, 0.0000956459, 0.024926014), (0.004937224, 0.0009538187, -0.012378684), (0.0049372166, 0.0009538187, 0.007400088), (0.02451156, 0.0009487523, 0.019121975), (0.02451155, 0.0009487523, -0.00064081163), (0.044071138, 0.0009538187, 0.0074000983), (0.044071145, 0.0009538187, -0.012378675), (0.0049372166, 0.0009538187, 0.007400088), (0.004937224, 0.0009538187, -0.012378684), (0.0049424637, 0.09272161, -0.012288457), (0.004942458, 0.09272161, 0.007468544), (0.02451156, 0.0009487523, 0.019121975), (0.0049372166, 0.0009538187, 0.007400088), (0.004942458, 0.09272161, 0.007468544), (0.024466526, 0.0927166, 0.01923462), (0.044071138, 0.0009538187, 0.0074000983), (0.02451156, 0.0009487523, 0.019121975), (0.024466526, 0.0927166, 0.01923462), (0.044095624, 0.09271941, 0.007491664), (0.004942458, 0.09272161, 0.007468544), (0.013524767, 0.17862587, -0.007789403), (0.03421784, 0.18106031, 0.0009545895), (0.024466526, 0.0927166, 0.01923462), (0.024466526, 0.0927166, 0.01923462), (0.03421784, 0.18106031, 0.0009545895), (0.05237275, 0.17388718, -0.011563569), (0.044095624, 0.09271941, 0.007491664), (0.013524767, 0.17862587, -0.007789403), (0.029204842, 0.23012239, -0.042966247), (0.050562695, 0.2341408, -0.03892751), (0.03421784, 0.18106031, 0.0009545895), (0.03421784, 0.18106031, 0.0009545895), (0.050562695, 0.2341408, -0.03892751), (0.06728459, 0.21889323, -0.04698544), (0.05237275, 0.17388718, -0.011563569), (0.029204842, 0.23012239, -0.042966247), (0.052365836, 0.23692775, -0.12510604), (0.050562695, 0.2341408, -0.03892751), (0.040847786, 0.23457937, -0.12479423), (0.029895963, 0.23393402, -0.18006442), (0.050562695, 0.2341408, -0.03892751), (0.052365836, 0.23692775, -0.12510604), (0.061010946, 0.22732247, -0.12665442), (0.06728459, 0.21889323, -0.04698544), (0.06323269, 0.20277953, -0.057106063), (0.05851503, 0.2173281, -0.12767905), (0.04986106, 0.22689787, -0.12613434), (0.046496406, 0.21796983, -0.049084093), (0.046496406, 0.21796983, -0.049084093), (0.04986106, 0.22689787, -0.12613434), (0.038349874, 0.22457701, -0.12581971), (0.02514971, 0.21399575, -0.053094972), (0.050076835, 0.16584247, -0.029375635), (0.06323269, 0.20277953, -0.057106063), (0.046496406, 0.21796983, -0.049084093), (0.031913783, 0.17298704, -0.01692073), (0.031913783, 0.17298704, -0.01692073), (0.046496406, 0.21796983, -0.049084093), (0.02514971, 0.21399575, -0.053094972), (0.011227026, 0.17057472, -0.025615703), (0.011227026, 0.17057472, -0.025615703), (0.02514971, 0.21399575, -0.053094972), (0.029204842, 0.23012239, -0.042966247), (0.013524767, 0.17862587, -0.007789403), (0.02514971, 0.21399575, -0.053094972), (0.038349874, 0.22457701, -0.12581971), (0.040847786, 0.23457937, -0.12479423), (0.029204842, 0.23012239, -0.042966247), (0.0049424637, 0.09272161, -0.012288457), (0.011227026, 0.17057472, -0.025615703), (0.013524767, 0.17862587, -0.007789403), (0.004942458, 0.09272161, 0.007468544), (0.024466522, 0.0927166, -0.0005472223), (0.031913783, 0.17298704, -0.01692073), (0.011227026, 0.17057472, -0.025615703), (0.0049424637, 0.09272161, -0.012288457), (0.004937224, 0.0009538187, -0.012378684), (0.02451155, 0.0009487523, -0.00064081163), (0.024466522, 0.0927166, -0.0005472223), (0.0049424637, 0.09272161, -0.012288457), (0.04409561, 0.09271941, -0.01224917), (0.050076835, 0.16584247, -0.029375635), (0.031913783, 0.17298704, -0.01692073), (0.024466522, 0.0927166, -0.0005472223), (0.02451155, 0.0009487523, -0.00064081163), (0.044071145, 0.0009538187, -0.012378675), (0.04409561, 0.09271941, -0.01224917), (0.024466522, 0.0927166, -0.0005472223), (0.044071145, 0.0009538187, -0.012378675), (0.044071138, 0.0009538187, 0.0074000983), (0.044095624, 0.09271941, 0.007491664), (0.04409561, 0.09271941, -0.01224917), (0.044095624, 0.09271941, 0.007491664), (0.05237275, 0.17388718, -0.011563569), (0.050076835, 0.16584247, -0.029375635), (0.04409561, 0.09271941, -0.01224917), (0.05237275, 0.17388718, -0.011563569), (0.06728459, 0.21889323, -0.04698544), (0.06323269, 0.20277953, -0.057106063), (0.050076835, 0.16584247, -0.029375635), (0.06728459, 0.21889323, -0.04698544), (0.061010946, 0.22732247, -0.12665442), (0.05851503, 0.2173281, -0.12767905), (0.06323269, 0.20277953, -0.057106063), (0.052077863, -0.005331789, 0.030614413), (0.046478827, -0.005331789, 0.02186343), (0.03449678, -0.005314355, 0.021999933), (0.040322855, -0.005314355, 0.030818364), (0.029141344, -0.005331789, 0.032693435), (0.03483693, -0.005331789, 0.04170841), (0.046478827, -0.005331789, 0.02186343), (0.052077863, -0.005331789, 0.030614413), (0.05207154, 0.043018892, 0.030611686), (0.046563204, 0.043018892, 0.021560485), (0.03449678, -0.005314355, 0.021999933), (0.046478827, -0.005331789, 0.02186343), (0.046563204, 0.043018892, 0.021560485), (0.03454317, 0.043030914, 0.021902103), (0.029141344, -0.005331789, 0.032693435), (0.03449678, -0.005314355, 0.021999933), (0.03454317, 0.043030914, 0.021902103), (0.02906626, 0.043017738, 0.032650497), (0.046563204, 0.043018892, 0.021560485), (0.052610014, 0.08207169, 0.027893431), (0.041445218, 0.08641769, 0.028779943), (0.03454317, 0.043030914, 0.021902103), (0.03454317, 0.043030914, 0.021902103), (0.041445218, 0.08641769, 0.028779943), (0.035798028, 0.08596363, 0.03977188), (0.02906626, 0.043017738, 0.032650497), (0.052610014, 0.08207169, 0.027893431), (0.061324414, 0.11118283, 0.04292836), (0.051230498, 0.116477, 0.04599066), (0.041445218, 0.08641769, 0.028779943), (0.041445218, 0.08641769, 0.028779943), (0.051230498, 0.116477, 0.04599066), (0.04405254, 0.11162231, 0.05499624), (0.035798028, 0.08596363, 0.03977188), (0.061324414, 0.11118283, 0.04292836), (0.07312184, 0.11996015, 0.08563648), (0.051230498, 0.116477, 0.04599066), (0.07775682, 0.11699926, 0.08278357), (0.09702293, 0.11612801, 0.10558995), (0.051230498, 0.116477, 0.04599066), (0.07312184, 0.11996015, 0.08563648), (0.06864264, 0.11662286, 0.08928848), (0.04405254, 0.11162231, 0.05499624), (0.04657991, 0.10313539, 0.060334552), (0.06867614, 0.111185975, 0.090156525), (0.07328753, 0.11460287, 0.086312175), (0.05369141, 0.10794564, 0.0511615), (0.05369141, 0.10794564, 0.0511615), (0.07328753, 0.11460287, 0.086312175), (0.07794311, 0.11159228, 0.08365483), (0.06345654, 0.10266115, 0.04811732), (0.04029259, 0.08191897, 0.04777633), (0.04657991, 0.10313539, 0.060334552), (0.05369141, 0.10794564, 0.0511615), (0.046103466, 0.08236537, 0.037177853), (0.046103466, 0.08236537, 0.037177853), (0.05369141, 0.10794564, 0.0511615), (0.06345654, 0.10266115, 0.04811732), (0.05704019, 0.07805346, 0.036466308), (0.05704019, 0.07805346, 0.036466308), (0.06345654, 0.10266115, 0.04811732), (0.061324414, 0.11118283, 0.04292836), (0.052610014, 0.08207169, 0.027893431), (0.06345654, 0.10266115, 0.04811732), (0.07794311, 0.11159228, 0.08365483), (0.07775682, 0.11699926, 0.08278357), (0.061324414, 0.11118283, 0.04292836), (0.05207154, 0.043018892, 0.030611686), (0.05704019, 0.07805346, 0.036466308), (0.052610014, 0.08207169, 0.027893431), (0.046563204, 0.043018892, 0.021560485), (0.040013116, 0.043030918, 0.030732965), (0.046103466, 0.08236537, 0.037177853), (0.05704019, 0.07805346, 0.036466308), (0.05207154, 0.043018892, 0.030611686), (0.052077863, -0.005331789, 0.030614413), (0.040322855, -0.005314355, 0.030818364), (0.040013116, 0.043030918, 0.030732965), (0.05207154, 0.043018892, 0.030611686), (0.034701243, 0.043017738, 0.041638136), (0.04029259, 0.08191897, 0.04777633), (0.046103466, 0.08236537, 0.037177853), (0.040013116, 0.043030918, 0.030732965), (0.040322855, -0.005314355, 0.030818364), (0.03483693, -0.005331789, 0.04170841), (0.034701243, 0.043017738, 0.041638136), (0.040013116, 0.043030918, 0.030732965), (0.03483693, -0.005331789, 0.04170841), (0.029141344, -0.005331789, 0.032693435), (0.02906626, 0.043017738, 0.032650497), (0.034701243, 0.043017738, 0.041638136), (0.02906626, 0.043017738, 0.032650497), (0.035798028, 0.08596363, 0.03977188), (0.04029259, 0.08191897, 0.04777633), (0.034701243, 0.043017738, 0.041638136), (0.035798028, 0.08596363, 0.03977188), (0.04405254, 0.11162231, 0.05499624), (0.04657991, 0.10313539, 0.060334552), (0.04029259, 0.08191897, 0.04777633), (0.04405254, 0.11162231, 0.05499624), (0.06864264, 0.11662286, 0.08928848), (0.06867614, 0.111185975, 0.090156525), (0.04657991, 0.10313539, 0.060334552), (0.013600218, 0.0007269485, 0.060075376), (0.0055015553, -0.006336306, 0.02177665), (0.0041880887, 0.0792372, 0.028133973), (0.011684584, 0.08817663, 0.06706409), (0.0055015553, -0.006336306, 0.02177665), (-0.03201957, -0.0021892088, 0.0327872), (-0.03312207, 0.08913413, 0.037961703), (0.0041880887, 0.0792372, 0.028133973), (0.0055015553, -0.006336306, 0.02177665), (0.012210127, -0.0013803736, 0.006764379), (-0.026163887, 0.0028546702, 0.018021027), (-0.03201957, -0.0021892088, 0.0327872), (0.013600218, 0.0007269485, 0.060075376), (0.021459686, 0.005618761, 0.045025304), (0.012210127, -0.0013803736, 0.006764379), (0.0055015553, -0.006336306, 0.02177665), (0.021459686, 0.005618761, 0.045025304), (0.019630022, 0.09450055, 0.051584702), (0.011498985, 0.087107085, 0.012368398), (0.012210127, -0.0013803736, 0.006764379), (0.012210127, -0.0013803736, 0.006764379), (0.011498985, 0.087107085, 0.012368398), (-0.026975771, 0.09823811, 0.022598874), (-0.026163887, 0.0028546702, 0.018021027), (0.011684584, 0.08817663, 0.06706409), (0.021459686, 0.005618761, 0.045025304), (0.013600218, 0.0007269485, 0.060075376), (0.019630022, 0.09450055, 0.051584702), (0.0040591285, 0.17194542, 0.084980115), (0.0115143, 0.1790386, 0.06926544), (-0.012610232, 0.25211525, 0.11688908), (-0.004893925, 0.25932348, 0.10142464), (0.019630022, 0.09450055, 0.051584702), (0.0115143, 0.1790386, 0.06926544), (0.0033161805, 0.16934812, 0.02919263), (0.011498985, 0.087107085, 0.012368398), (0.011684584, 0.08817663, 0.06706409), (0.0041880887, 0.0792372, 0.028133973), (-0.0034787208, 0.16042724, 0.044400167), (0.0040591285, 0.17194542, 0.084980115), (0.0040591285, 0.17194542, 0.084980115), (-0.0034787208, 0.16042724, 0.044400167), (-0.01964983, 0.25241774, 0.086105876), (-0.012610232, 0.25211525, 0.11688908), (-0.01964983, 0.25241774, 0.086105876), (-0.0119345505, 0.2662001, 0.06183217), (-0.004893925, 0.25932348, 0.10142464), (-0.012610232, 0.25211525, 0.11688908), (0.0115143, 0.1790386, 0.06926544), (-0.004893925, 0.25932348, 0.10142464), (-0.0119345505, 0.2662001, 0.06183217), (0.0033161805, 0.16934812, 0.02919263), (-0.0075698807, 0.27100593, 0.10649717), (-0.035546884, 0.32752684, 0.14273633), (-0.03746406, 0.32630762, 0.103035636), (-0.0119345505, 0.2662001, 0.06183217), (-0.0119345505, 0.2662001, 0.06183217), (-0.03746406, 0.32630762, 0.103035636), (-0.07369209, 0.33924314, 0.119764395), (-0.05528604, 0.2747112, 0.07922394), (0.0033161805, 0.16934812, 0.02919263), (-0.0119345505, 0.2662001, 0.06183217), (-0.05528604, 0.2747112, 0.07922394), (-0.03570983, 0.18317313, 0.040587254), (-0.013537635, 0.2641366, 0.11912368), (-0.0075698807, 0.27100593, 0.10649717), (-0.0119345505, 0.2662001, 0.06183217), (-0.01964983, 0.25241774, 0.086105876), (-0.058873218, 0.265513, 0.0909189), (-0.07369209, 0.33924314, 0.119764395), (-0.076478295, 0.32938758, 0.13081746), (-0.05528604, 0.2747112, 0.07922394), (-0.041062437, 0.17289247, 0.05579108), (-0.03570983, 0.18317313, 0.040587254), (-0.03312207, 0.08913413, 0.037961703), (-0.026975771, 0.09823811, 0.022598874), (-0.03201957, -0.0021892088, 0.0327872), (-0.026163887, 0.0028546702, 0.018021027), (0.011498985, 0.087107085, 0.012368398), (0.0033161805, 0.16934812, 0.02919263), (-0.03570983, 0.18317313, 0.040587254), (-0.026975771, 0.09823811, 0.022598874), (-0.0034787208, 0.16042724, 0.044400167), (-0.041062437, 0.17289247, 0.05579108), (-0.058873218, 0.265513, 0.0909189), (-0.01964983, 0.25241774, 0.086105876), (0.0041880887, 0.0792372, 0.028133973), (-0.03312207, 0.08913413, 0.037961703), (-0.041062437, 0.17289247, 0.05579108), (-0.0034787208, 0.16042724, 0.044400167), (-0.01964983, 0.25241774, 0.086105876), (-0.058873218, 0.265513, 0.0909189), (-0.076478295, 0.32938758, 0.13081746), (-0.042013153, 0.31750658, 0.11527727), (-0.042013153, 0.31750658, 0.11527727), (-0.076478295, 0.32938758, 0.13081746), (-0.08261807, 0.34846306, 0.15457004), (-0.06889596, 0.35032332, 0.15446393), (-0.076478295, 0.32938758, 0.13081746), (-0.07369209, 0.33924314, 0.119764395), (-0.08017736, 0.3585371, 0.14379172), (-0.08261807, 0.34846306, 0.15457004), (-0.094718486, 0.39468506, 0.19788827), (-0.0988354, 0.38552624, 0.20945062), (-0.03746406, 0.32630762, 0.103035636), (-0.06500514, 0.35993987, 0.14289984), (-0.08017736, 0.3585371, 0.14379172), (-0.07369209, 0.33924314, 0.119764395), (-0.0988354, 0.38552624, 0.20945062), (-0.094718486, 0.39468506, 0.19788827), (-0.053855613, 0.35192838, 0.16160086), (-0.05888853, 0.34326237, 0.17384297), (-0.035546884, 0.32752684, 0.14273633), (-0.053855613, 0.35192838, 0.16160086), (-0.06500514, 0.35993987, 0.14289984), (-0.03746406, 0.32630762, 0.103035636), (-0.05888853, 0.34326237, 0.17384297), (-0.053855613, 0.35192838, 0.16160086), (-0.035546884, 0.32752684, 0.14273633), (-0.040808327, 0.31933728, 0.15508117), (-0.040808327, 0.31933728, 0.15508117), (-0.042013153, 0.31750658, 0.11527727), (-0.06889596, 0.35032332, 0.15446393), (-0.05888853, 0.34326237, 0.17384297), (-0.013537635, 0.2641366, 0.11912368), (-0.01964983, 0.25241774, 0.086105876), (-0.042013153, 0.31750658, 0.11527727), (-0.040808327, 0.31933728, 0.15508117), (-0.040808327, 0.31933728, 0.15508117), (-0.035546884, 0.32752684, 0.14273633), (-0.0075698807, 0.27100593, 0.10649717), (-0.013537635, 0.2641366, 0.11912368), (-0.031932972, 0.0035983722, -0.02422594), (-0.008477496, -0.000058134086, -0.008881267), (-0.013393259, 0.09677793, -0.010939383), (-0.036795523, 0.1001091, -0.027035605), (-0.008477496, -0.000058134086, -0.008881267), (0.0040570255, 0.0052963, -0.033638958), (-0.00069901533, 0.10157211, -0.035328098), (-0.013393259, 0.09677793, -0.010939383), (-0.008477496, -0.000058134086, -0.008881267), (-0.0063247066, 0.0030177485, 0.0024091606), (0.006588312, 0.008503745, -0.022106128), (0.0040570255, 0.0052963, -0.033638958), (-0.031932972, 0.0035983722, -0.02422594), (-0.029727427, 0.006593252, -0.011260086), (-0.0063247066, 0.0030177485, 0.0024091606), (-0.008477496, -0.000058134086, -0.008881267), (-0.029727427, 0.006593252, -0.011260086), (-0.034907565, 0.104739875, -0.01383971), (-0.011065228, 0.10254734, 0.0016815547), (-0.0063247066, 0.0030177485, 0.0024091606), (-0.0063247066, 0.0030177485, 0.0024091606), (-0.011065228, 0.10254734, 0.0016815547), (0.0019708218, 0.10806325, -0.023343822), (0.006588312, 0.008503745, -0.022106128), (-0.036795523, 0.1001091, -0.027035605), (-0.034907565, 0.104739875, -0.01383971), (-0.029727427, 0.006593252, -0.011260086), (-0.031932972, 0.0035983722, -0.02422594), (-0.034907565, 0.104739875, -0.01383971), (-0.042329088, 0.161237, -0.033128235), (-0.018408557, 0.15742306, -0.016970597), (-0.011065228, 0.10254734, 0.0016815547), (-0.044454753, 0.15599337, -0.046057414), (-0.042329088, 0.161237, -0.033128235), (-0.034907565, 0.104739875, -0.01383971), (-0.036795523, 0.1001091, -0.027035605), (-0.036795523, 0.1001091, -0.027035605), (-0.013393259, 0.09677793, -0.010939383), (-0.020777037, 0.15096739, -0.0293771), (-0.044454753, 0.15599337, -0.046057414), (-0.044454753, 0.15599337, -0.046057414), (-0.020777037, 0.15096739, -0.0293771), (-0.03256183, 0.21385615, -0.059950184), (-0.054962214, 0.20795886, -0.07588358), (-0.054962214, 0.20795886, -0.07588358), (-0.05307222, 0.21333106, -0.062957995), (-0.042329088, 0.161237, -0.033128235), (-0.044454753, 0.15599337, -0.046057414), (-0.03256183, 0.21385615, -0.059950184), (-0.030526726, 0.22086173, -0.047865212), (-0.05307222, 0.21333106, -0.062957995), (-0.054962214, 0.20795886, -0.07588358), (-0.042329088, 0.161237, -0.033128235), (-0.05307222, 0.21333106, -0.062957995), (-0.030526726, 0.22086173, -0.047865212), (-0.018408557, 0.15742306, -0.016970597), (-0.05535555, 0.22074072, -0.06751353), (-0.061240643, 0.25585833, -0.102923304), (-0.04059585, 0.25811678, -0.08494852), (-0.030526726, 0.22086173, -0.047865212), (-0.030526726, 0.22086173, -0.047865212), (-0.04059585, 0.25811678, -0.08494852), (-0.03166735, 0.26448125, -0.11173631), (-0.018337766, 0.22397229, -0.07815977), (-0.018408557, 0.15742306, -0.016970597), (-0.030526726, 0.22086173, -0.047865212), (-0.018337766, 0.22397229, -0.07815977), (-0.005353911, 0.16476005, -0.043054946), (-0.054190107, 0.21828228, -0.071522936), (-0.05535555, 0.22074072, -0.06751353), (-0.030526726, 0.22086173, -0.047865212), (-0.03256183, 0.21385615, -0.059950184), (-0.021188041, 0.21603362, -0.08866271), (-0.018337766, 0.22397229, -0.07815977), (-0.03166735, 0.26448125, -0.11173631), (-0.033617854, 0.25590885, -0.115714766), (-0.008349964, 0.15745558, -0.05398361), (-0.005353911, 0.16476005, -0.043054946), (-0.018337766, 0.22397229, -0.07815977), (-0.021188041, 0.21603362, -0.08866271), (-0.011065228, 0.10254734, 0.0016815547), (-0.018408557, 0.15742306, -0.016970597), (-0.005353911, 0.16476005, -0.043054946), (0.0019708218, 0.10806325, -0.023343822), (-0.00069901533, 0.10157211, -0.035328098), (0.0019708218, 0.10806325, -0.023343822), (-0.005353911, 0.16476005, -0.043054946), (-0.008349964, 0.15745558, -0.05398361), (-0.013393259, 0.09677793, -0.010939383), (-0.00069901533, 0.10157211, -0.035328098), (-0.008349964, 0.15745558, -0.05398361), (-0.020777037, 0.15096739, -0.0293771), (0.0040570255, 0.0052963, -0.033638958), (0.006588312, 0.008503745, -0.022106128), (0.0019708218, 0.10806325, -0.023343822), (-0.00069901533, 0.10157211, -0.035328098), (-0.03256183, 0.21385615, -0.059950184), (-0.021188041, 0.21603362, -0.08866271), (-0.033617854, 0.25590885, -0.115714766), (-0.04229541, 0.25008622, -0.09054996), (-0.033617854, 0.25590885, -0.115714766), (-0.03166735, 0.26448125, -0.11173631), (-0.041141823, 0.2756229, -0.12766542), (-0.043134622, 0.26701587, -0.13186184), (-0.043134622, 0.26701587, -0.13186184), (-0.041141823, 0.2756229, -0.12766542), (-0.06242729, 0.29577202, -0.16416259), (-0.06210103, 0.29172814, -0.16649392), (-0.04059585, 0.25811678, -0.08494852), (-0.048166923, 0.2771733, -0.12025579), (-0.041141823, 0.2756229, -0.12766542), (-0.03166735, 0.26448125, -0.11173631), (-0.06210103, 0.29172814, -0.16649392), (-0.06242729, 0.29577202, -0.16416259), (-0.06252898, 0.2706128, -0.1234676), (-0.06427984, 0.26263177, -0.12871937), (-0.061240643, 0.25585833, -0.102923304), (-0.06252898, 0.2706128, -0.1234676), (-0.048166923, 0.2771733, -0.12025579), (-0.04059585, 0.25811678, -0.08494852), (-0.06427984, 0.26263177, -0.12871937), (-0.06252898, 0.2706128, -0.1234676), (-0.061240643, 0.25585833, -0.102923304), (-0.062703006, 0.24835336, -0.10869197), (-0.062703006, 0.24835336, -0.10869197), (-0.04229541, 0.25008622, -0.09054996), (-0.05018981, 0.26871693, -0.12551586), (-0.06427984, 0.26263177, -0.12871937), (-0.054190107, 0.21828228, -0.071522936), (-0.03256183, 0.21385615, -0.059950184), (-0.04229541, 0.25008622, -0.09054996), (-0.062703006, 0.24835336, -0.10869197), (-0.062703006, 0.24835336, -0.10869197), (-0.061240643, 0.25585833, -0.102923304), (-0.05535555, 0.22074072, -0.06751353), (-0.054190107, 0.21828228, -0.071522936), (-0.046198886, -0.01357228, -0.000006524894), (-0.0158829, -0.01357228, -0.008576327), (-0.037403867, 0.058370914, -0.00856912), (-0.06781786, 0.05494672, 0.00023334967), (-0.046198886, -0.01357228, -0.000006524894), (-0.049349282, -0.01357228, 0.006101615), (-0.018914567, -0.01357228, -0.0024557528), (-0.0158829, -0.01357228, -0.008576327), (-0.010808861, -0.01357228, 0.027555637), (-0.0077271215, -0.01357228, 0.021929527), (-0.06781786, 0.05494672, 0.00023334967), (-0.07065715, 0.054492373, 0.00588303), (-0.049349282, -0.01357228, 0.006101615), (-0.046198886, -0.01357228, -0.000006524894), (-0.049349282, -0.01357228, 0.006101615), (-0.07065715, 0.054492373, 0.00588303), (-0.040353507, 0.05781723, -0.0023762586), (-0.018914567, -0.01357228, -0.0024557528), (-0.07065715, 0.054492373, 0.00588303), (-0.09268705, 0.17646757, 0.0059118024), (-0.063908674, 0.17876536, -0.0039791213), (-0.040353507, 0.05781723, -0.0023762586), (-0.089683846, 0.17621507, -0.00006314474), (-0.09268705, 0.17646757, 0.0059118024), (-0.07065715, 0.054492373, 0.00588303), (-0.06781786, 0.05494672, 0.00023334967), (-0.018914567, -0.01357228, -0.0024557528), (-0.040353507, 0.05781723, -0.0023762586), (-0.032172464, 0.061806038, 0.02760616), (-0.010808861, -0.01357228, 0.027555637), (-0.040353507, 0.05781723, -0.0023762586), (-0.063908674, 0.17876536, -0.0039791213), (-0.053123314, 0.1736954, 0.027446955), (-0.032172464, 0.061806038, 0.02760616), (-0.0077271215, -0.01357228, 0.021929527), (-0.010808861, -0.01357228, 0.027555637), (-0.032172464, 0.061806038, 0.02760616), (-0.028907472, 0.062466282, 0.02193888), (-0.028907472, 0.062466282, 0.02193888), (-0.032172464, 0.061806038, 0.02760616), (-0.053123314, 0.1736954, 0.027446955), (-0.049859986, 0.1743744, 0.02179518), (-0.0158829, -0.01357228, -0.008576327), (-0.0077271215, -0.01357228, 0.021929527), (-0.028907472, 0.062466282, 0.02193888), (-0.037403867, 0.058370914, -0.00856912), (-0.037403867, 0.058370914, -0.00856912), (-0.028907472, 0.062466282, 0.02193888), (-0.049859986, 0.1743744, 0.02179518), (-0.06068084, 0.1796191, -0.009923165), (-0.06781786, 0.05494672, 0.00023334967), (-0.037403867, 0.058370914, -0.00856912), (-0.06068084, 0.1796191, -0.009923165), (-0.089683846, 0.17621507, -0.00006314474), (-0.089683846, 0.17621507, -0.00006314474), (-0.06068084, 0.1796191, -0.009923165), (-0.102182016, 0.2972073, -0.02016973), (-0.116005234, 0.28789043, -0.011033996), (-0.06068084, 0.1796191, -0.009923165), (-0.051157463, 0.18362825, 0.021635314), (-0.09586543, 0.29992712, 0.002763144), (-0.102182016, 0.2972073, -0.02016973), (-0.049859986, 0.1743744, 0.02179518), (-0.053123314, 0.1736954, 0.027446955), (-0.063908674, 0.17876536, -0.0039791213), (-0.06068084, 0.1796191, -0.009923165), (-0.06068084, 0.1796191, -0.009923165), (-0.063908674, 0.17876536, -0.0039791213), (-0.053877406, 0.18184665, 0.027233746), (-0.051157463, 0.18362825, 0.021635314), (-0.051157463, 0.18362825, 0.021635314), (-0.053877406, 0.18184665, 0.027233746), (-0.098858215, 0.29778403, 0.008268371), (-0.09586543, 0.29992712, 0.002763144), (-0.063908674, 0.17876536, -0.0039791213), (-0.10482875, 0.29557806, -0.014289981), (-0.098858215, 0.29778403, 0.008268371), (-0.053877406, 0.18184665, 0.027233746), (-0.118020244, 0.29613912, -0.0107404515), (-0.12102747, 0.29811785, -0.0053645764), (-0.10482875, 0.29557806, -0.014289981), (-0.102182016, 0.2972073, -0.02016973), (-0.09268705, 0.17646757, 0.0059118024), (-0.11886233, 0.28863665, -0.0051017073), (-0.10482875, 0.29557806, -0.014289981), (-0.063908674, 0.17876536, -0.0039791213), (-0.102182016, 0.2972073, -0.02016973), (-0.10482875, 0.29557806, -0.014289981), (-0.11886233, 0.28863665, -0.0051017073), (-0.116005234, 0.28789043, -0.011033996), (-0.116005234, 0.28789043, -0.011033996), (-0.11886233, 0.28863665, -0.0051017073), (-0.09268705, 0.17646757, 0.0059118024), (-0.089683846, 0.17621507, -0.00006314474), (-0.054458577, -0.010429252, -0.012742043), (-0.044682477, -0.010429252, -0.008973956), (-0.03484699, -0.010452855, -0.015705418), (-0.044750173, -0.010452855, -0.019418772), (-0.036609143, -0.010429252, -0.027532412), (-0.046381272, -0.010429252, -0.0317881), (-0.044682477, -0.010429252, -0.008973956), (-0.054458577, -0.010429252, -0.012742043), (-0.05417901, 0.037951317, -0.012744624), (-0.04459748, 0.037951317, -0.008399208), (-0.03484699, -0.010452855, -0.015705418), (-0.044682477, -0.010429252, -0.008973956), (-0.04459748, 0.037951317, -0.008399208), (-0.034777306, 0.037913952, -0.015479652), (-0.036609143, -0.010429252, -0.027532412), (-0.03484699, -0.010452855, -0.015705418), (-0.034777306, 0.037913952, -0.015479652), (-0.036449045, 0.03795017, -0.02742381), (-0.04459748, 0.037951317, -0.008399208), (-0.053166192, 0.07697853, -0.010143734), (-0.044473432, 0.08128501, -0.017478002), (-0.034777306, 0.037913952, -0.015479652), (-0.034777306, 0.037913952, -0.015479652), (-0.044473432, 0.08128501, -0.017478002), (-0.046017617, 0.08088508, -0.029639382), (-0.036449045, 0.03795017, -0.02742381), (-0.053166192, 0.07697853, -0.010143734), (-0.06903094, 0.10606602, -0.01786416), (-0.06218175, 0.11136198, -0.025861226), (-0.044473432, 0.08128501, -0.017478002), (-0.044473432, 0.08128501, -0.017478002), (-0.06218175, 0.11136198, -0.025861226), (-0.061229944, 0.106517896, -0.03743472), (-0.046017617, 0.08088508, -0.029639382), (-0.06903094, 0.10606602, -0.01786416), (-0.10272582, 0.11485091, -0.046233963), (-0.06218175, 0.11136198, -0.025861226), (-0.10489215, 0.111890025, -0.041296296), (-0.13369837, 0.11102017, -0.04933686), (-0.06218175, 0.11136198, -0.025861226), (-0.10272582, 0.11485091, -0.046233963), (-0.101122856, 0.11155065, -0.051576465), (-0.061229944, 0.106517896, -0.03743472), (-0.066740565, 0.098053336, -0.04047908), (-0.10190124, 0.10610462, -0.05267186), (-0.10328773, 0.10950063, -0.046746444), (-0.06713393, 0.102844305, -0.028736979), (-0.06713393, 0.102844305, -0.028736979), (-0.10328773, 0.10950063, -0.046746444), (-0.1055585, 0.10649651, -0.04192472), (-0.07336277, 0.09757424, -0.020876015), (-0.05458127, 0.07679958, -0.033758428), (-0.066740565, 0.098053336, -0.04047908), (-0.06713393, 0.102844305, -0.028736979), (-0.0529915, 0.07725879, -0.021523548), (-0.0529915, 0.07725879, -0.021523548), (-0.06713393, 0.102844305, -0.028736979), (-0.07336277, 0.09757424, -0.020876015), (-0.0618652, 0.07293571, -0.014629578), (-0.0618652, 0.07293571, -0.014629578), (-0.07336277, 0.09757424, -0.020876015), (-0.06903094, 0.10606602, -0.01786416), (-0.053166192, 0.07697853, -0.010143734), (-0.07336277, 0.09757424, -0.020876015), (-0.1055585, 0.10649651, -0.04192472), (-0.10489215, 0.111890025, -0.041296296), (-0.06903094, 0.10606602, -0.01786416), (-0.05417901, 0.037951317, -0.012744624), (-0.0618652, 0.07293571, -0.014629578), (-0.053166192, 0.07697853, -0.010143734), (-0.04459748, 0.037951317, -0.008399208), (-0.044530585, 0.037913952, -0.019679857), (-0.0529915, 0.07725879, -0.021523548), (-0.0618652, 0.07293571, -0.014629578), (-0.05417901, 0.037951317, -0.012744624), (-0.054458577, -0.010429252, -0.012742043), (-0.044750173, -0.010452855, -0.019418772), (-0.044530585, 0.037913952, -0.019679857), (-0.05417901, 0.037951317, -0.012744624), (-0.04612794, 0.03795017, -0.03188027), (-0.05458127, 0.07679958, -0.033758428), (-0.0529915, 0.07725879, -0.021523548), (-0.044530585, 0.037913952, -0.019679857), (-0.044750173, -0.010452855, -0.019418772), (-0.046381272, -0.010429252, -0.0317881), (-0.04612794, 0.03795017, -0.03188027), (-0.044530585, 0.037913952, -0.019679857), (-0.046381272, -0.010429252, -0.0317881), (-0.036609143, -0.010429252, -0.027532412), (-0.036449045, 0.03795017, -0.02742381), (-0.04612794, 0.03795017, -0.03188027), (-0.036449045, 0.03795017, -0.02742381), (-0.046017617, 0.08088508, -0.029639382), (-0.05458127, 0.07679958, -0.033758428), (-0.04612794, 0.03795017, -0.03188027), (-0.046017617, 0.08088508, -0.029639382), (-0.061229944, 0.106517896, -0.03743472), (-0.066740565, 0.098053336, -0.04047908), (-0.05458127, 0.07679958, -0.033758428), (-0.061229944, 0.106517896, -0.03743472), (-0.101122856, 0.11155065, -0.051576465), (-0.10190124, 0.10610462, -0.05267186), (-0.066740565, 0.098053336, -0.04047908)]
    color4f[] primvars:colors (
        elementSize = 1
        interpolation = "constant"
    )
    color3f[] primvars:displayColor = [(1, 1, 1)] (
        interpolation = "constant"
    )
    float[] primvars:displayOpacity = [1] (
        interpolation = "constant"
    )
    float2[] primvars:st = [(0.67512643, 0.81054467), (0.67512643, 0.81054467), (0.67512643, 0.8076419), (0.67512643, 0.80619174), (0.67512643, 0.80619174), (0.67512643, 0.80473924), (0.67512643, 0.80473924), (0.67512643, 0.80473924), (0.67512643, 0.80183643), (0.67512643, 0.8119949), (0.67512643, 0.8119949), (0.67512643, 0.81054467), (0.67512643, 0.8134474), (0.67512643, 0.8134474), (0.67512643, 0.8119949), (0.67512643, 0.8076419), (0.67512643, 0.8076419), (0.67512643, 0.80619174), (0.67512643, 0.8119949), (0.67512643, 0.8119949), (0.67512643, 0.81054467), (0.67512643, 0.8076419), (0.67512643, 0.8076419), (0.67512643, 0.80619174), (0.67512643, 0.81054467), (0.67512643, 0.81054467), (0.67512643, 0.8076419), (0.67512643, 0.80473924), (0.67512643, 0.80473924), (0.67512643, 0.80183643), (0.67512643, 0.80619174), (0.67512643, 0.80619174), (0.67512643, 0.80473924), (0.67512643, 0.8119949), (0.67512643, 0.8119949), (0.67512643, 0.81054467), (0.67512643, 0.8076419), (0.67512643, 0.8076419), (0.67512643, 0.80619174), (0.67512643, 0.81054467), (0.67512643, 0.81054467), (0.67512643, 0.8076419), (0.67512643, 0.80473924), (0.67512643, 0.80473924), (0.67512643, 0.80183643), (0.67512643, 0.80619174), (0.67512643, 0.80619174), (0.67512643, 0.80473924), (0.6742319, 0.81304735), (0.67456746, 0.8130202), (0.6747918, 0.8143954), (0.67416316, 0.8131627), (0.6747325, 0.8145249), (0.6745405, 0.81315494), (0.67384535, 0.8131358), (0.6747325, 0.8145249), (0.67416316, 0.8131627), (0.67394465, 0.81305367), (0.6742319, 0.81304735), (0.6747918, 0.8143954), (0.6746362, 0.8068589), (0.67442995, 0.80665576), (0.6752527, 0.8065087), (0.67425835, 0.8071411), (0.67406774, 0.8067247), (0.6746362, 0.8068589), (0.6745491, 0.80717653), (0.675255, 0.806674), (0.6743469, 0.8069558), (0.6750298, 0.80698335), (0.675255, 0.806674), (0.6745491, 0.80717653), (0.67510617, 0.8066787), (0.6746362, 0.8068589), (0.6752527, 0.8065087), (0.6757914, 0.8097086), (0.67766565, 0.81211525), (0.6755167, 0.8100915), (0.6762015, 0.80993664), (0.67766565, 0.81211525), (0.6757914, 0.8097086), (0.67614424, 0.8098017), (0.67574835, 0.80965084), (0.67763376, 0.81206816), (0.67574835, 0.80965084), (0.6754617, 0.8100563), (0.67763376, 0.81206816), (0.67512643, 0.8119949), (0.67512643, 0.8119949), (0.67512643, 0.81054467), (0.67512643, 0.8076419), (0.67512643, 0.8076419), (0.67512643, 0.80619174), (0.67512643, 0.81054467), (0.67512643, 0.81054467), (0.67512643, 0.8076419), (0.67512643, 0.80473924), (0.67512643, 0.80473924), (0.67512643, 0.80183643), (0.67512643, 0.80619174), (0.67512643, 0.80619174), (0.67512643, 0.80473924), (0.67356104, 0.8062315), (0.67327446, 0.80586463), (0.673641, 0.8063747), (0.67356104, 0.8062315), (0.673641, 0.8063747), (0.6738993, 0.80692494), (0.6754617, 0.8100563), (0.6755167, 0.8100915), (0.67766565, 0.81211525), (0.6754617, 0.8100563), (0.67766565, 0.81211525), (0.67763376, 0.81206816), (0.67763376, 0.81206816), (0.67766565, 0.81211525), (0.6762015, 0.80993664), (0.67763376, 0.81206816), (0.6762015, 0.80993664), (0.67614424, 0.8098017), (0.67512643, 0.80619174), (0.67512643, 0.80473924), (0.6722237, 0.80473924), (0.6722237, 0.80619174), (0.67512643, 0.8134474), (0.67512643, 0.8119949), (0.6722237, 0.8119949), (0.6722237, 0.8134474), (0.67512643, 0.8119949), (0.67512643, 0.81054467), (0.6722237, 0.81054467), (0.6722237, 0.8119949), (0.67512643, 0.80619174), (0.67512643, 0.80473924), (0.67512643, 0.80473924), (0.67512643, 0.80619174), (0.67512643, 0.80473924), (0.67512643, 0.80619174), (0.67512643, 0.8119949), (0.67512643, 0.8119949), (0.67512643, 0.81054467), (0.67512643, 0.81054467), (0.67512643, 0.8076419), (0.67512643, 0.80619174), (0.6722237, 0.80619174), (0.6722237, 0.8076419), (0.67512643, 0.81054467), (0.67512643, 0.8076419), (0.6722237, 0.8076419), (0.6722237, 0.81054467), (0.67512643, 0.81054467), (0.67512643, 0.81054467), (0.67512643, 0.8076419), (0.67512643, 0.8076419), (0.67512643, 0.80473924), (0.67512643, 0.80473924), (0.67512643, 0.80183643), (0.67512643, 0.80183643), (0.67512643, 0.8134474), (0.67512643, 0.8134474), (0.67512643, 0.8119949), (0.67512643, 0.8119949), (0.67512643, 0.8076419), (0.67512643, 0.8076419), (0.67512643, 0.80619174), (0.67512643, 0.80619174), (0.67512643, 0.81054467), (0.67512643, 0.81054467), (0.67512643, 0.8076419), (0.67512643, 0.8076419), (0.67512643, 0.8134474), (0.67512643, 0.8134474), (0.67512643, 0.8119949), (0.67512643, 0.8119949), (0.67512643, 0.8119949), (0.67512643, 0.8119949), (0.67512643, 0.81054467), (0.67512643, 0.81054467), (0.67512643, 0.80473924), (0.67512643, 0.80473924), (0.67512643, 0.80183643), (0.67512643, 0.80183643), (0.67512643, 0.8119949), (0.67512643, 0.8119949), (0.67512643, 0.81054467), (0.67512643, 0.81054467), (0.67512643, 0.8134474), (0.67512643, 0.8134474), (0.67512643, 0.8119949), (0.67512643, 0.8119949), (0.67512643, 0.8076419), (0.67512643, 0.8076419), (0.67512643, 0.80619174), (0.67512643, 0.80619174), (0.67512643, 0.8076419), (0.67512643, 0.8076419), (0.67512643, 0.80619174), (0.67512643, 0.80619174), (0.67512643, 0.80619174), (0.67512643, 0.80619174), (0.67512643, 0.80473924), (0.67512643, 0.80473924), (0.67512643, 0.81054467), (0.67512643, 0.81054467), (0.67512643, 0.8076419), (0.67512643, 0.8076419), (0.67512643, 0.80473924), (0.67512643, 0.80473924), (0.67512643, 0.80183643), (0.67512643, 0.80183643), (0.67077345, 0.8076419), (0.67077345, 0.81054467), (0.6722237, 0.81054467), (0.6722237, 0.8076419), (0.66932094, 0.8076419), (0.66932094, 0.81054467), (0.67077345, 0.81054467), (0.67077345, 0.8076419), (0.67512643, 0.80473924), (0.67512643, 0.80183643), (0.6722237, 0.80183643), (0.6722237, 0.80473924), (0.66932094, 0.8076419), (0.66932094, 0.81054467), (0.67077345, 0.81054467), (0.67077345, 0.8076419), (0.6722237, 0.81054467), (0.6722237, 0.8076419), (0.6722237, 0.80183643), (0.6722237, 0.80473924), (0.67512643, 0.80473924), (0.67512643, 0.80183643), (0.6722237, 0.8119949), (0.6722237, 0.8134474), (0.67512643, 0.8134474), (0.67512643, 0.8119949), (0.6722237, 0.81054467), (0.6722237, 0.8119949), (0.67512643, 0.8119949), (0.67512643, 0.81054467), (0.67512643, 0.8134474), (0.67512643, 0.8134474), (0.67512643, 0.8119949), (0.67512643, 0.8119949), (0.67512643, 0.8119949), (0.67512643, 0.8119949), (0.67512643, 0.81054467), (0.67512643, 0.81054467), (0.67512643, 0.8134474), (0.67512643, 0.8134474), (0.67512643, 0.8119949), (0.67512643, 0.8119949), (0.67512643, 0.8119949), (0.67512643, 0.8119949), (0.67512643, 0.81054467), (0.67512643, 0.81054467), (0.67512643, 0.8134474), (0.67512643, 0.8119949), (0.67512643, 0.8119949), (0.67512643, 0.8134474), (0.67512643, 0.8134474), (0.67512643, 0.8119949), (0.67512643, 0.8119949), (0.67512643, 0.81054467), (0.67512643, 0.81054467), (0.67512643, 0.8076419), (0.67512643, 0.8076419), (0.67512643, 0.80619174), (0.67512643, 0.80619174), (0.67512643, 0.80619174), (0.67512643, 0.80619174), (0.67512643, 0.80473924), (0.67512643, 0.80473924), (0.67512643, 0.8076419), (0.67512643, 0.8076419), (0.67512643, 0.80619174), (0.67512643, 0.80619174), (0.67512643, 0.80619174), (0.67512643, 0.80619174), (0.67512643, 0.80473924), (0.67512643, 0.80473924), (0.67512643, 0.80473924), (0.67512643, 0.80473924), (0.67512643, 0.80183643), (0.67512643, 0.80183643), (0.67512643, 0.80473924), (0.67512643, 0.80473924), (0.67512643, 0.80183643), (0.67512643, 0.80183643), (0.67512643, 0.80473924), (0.67512643, 0.80473924), (0.67512643, 0.80183643), (0.67512643, 0.80183643), (0.67512643, 0.80619174), (0.67512643, 0.80619174), (0.67512643, 0.80473924), (0.67512643, 0.80473924), (0.6722237, 0.80473924), (0.6722237, 0.80619174), (0.67512643, 0.80619174), (0.67512643, 0.80473924), (0.67512643, 0.8076419), (0.67512643, 0.8076419), (0.67512643, 0.80619174), (0.67512643, 0.80619174), (0.6722237, 0.80619174), (0.6722237, 0.8076419), (0.67512643, 0.8076419), (0.67512643, 0.80619174), (0.6722237, 0.8076419), (0.6722237, 0.81054467), (0.67512643, 0.81054467), (0.67512643, 0.8076419), (0.67512643, 0.81054467), (0.67512643, 0.81054467), (0.67512643, 0.8076419), (0.67512643, 0.8076419), (0.67512643, 0.81054467), (0.67512643, 0.81054467), (0.67512643, 0.8076419), (0.67512643, 0.8076419), (0.67512643, 0.81054467), (0.67512643, 0.81054467), (0.67512643, 0.8076419), (0.67512643, 0.8076419), (0.66932094, 0.8076419), (0.66932094, 0.81054467), (0.67077345, 0.81054467), (0.67077345, 0.8076419), (0.6722237, 0.81054467), (0.6722237, 0.8076419), (0.6722237, 0.80183643), (0.6722237, 0.80473924), (0.67512643, 0.80473924), (0.67512643, 0.80183643), (0.6722237, 0.8119949), (0.6722237, 0.8134474), (0.67512643, 0.8134474), (0.67512643, 0.8119949), (0.6722237, 0.81054467), (0.6722237, 0.8119949), (0.67512643, 0.8119949), (0.67512643, 0.81054467), (0.67512643, 0.8134474), (0.67512643, 0.8134474), (0.67512643, 0.8119949), (0.67512643, 0.8119949), (0.67512643, 0.8119949), (0.67512643, 0.8119949), (0.67512643, 0.81054467), (0.67512643, 0.81054467), (0.67512643, 0.8134474), (0.67512643, 0.8134474), (0.67512643, 0.8119949), (0.67512643, 0.8119949), (0.67512643, 0.8119949), (0.67512643, 0.8119949), (0.67512643, 0.81054467), (0.67512643, 0.81054467), (0.67512643, 0.8134474), (0.67512643, 0.8119949), (0.67512643, 0.8119949), (0.67512643, 0.8134474), (0.67512643, 0.8134474), (0.67512643, 0.8119949), (0.67512643, 0.8119949), (0.67512643, 0.81054467), (0.67512643, 0.81054467), (0.67512643, 0.8076419), (0.67512643, 0.8076419), (0.67512643, 0.80619174), (0.67512643, 0.80619174), (0.67512643, 0.80619174), (0.67512643, 0.80619174), (0.67512643, 0.80473924), (0.67512643, 0.80473924), (0.67512643, 0.8076419), (0.67512643, 0.8076419), (0.67512643, 0.80619174), (0.67512643, 0.80619174), (0.67512643, 0.80619174), (0.67512643, 0.80619174), (0.67512643, 0.80473924), (0.67512643, 0.80473924), (0.67512643, 0.80473924), (0.67512643, 0.80473924), (0.67512643, 0.80183643), (0.67512643, 0.80183643), (0.67512643, 0.80473924), (0.67512643, 0.80473924), (0.67512643, 0.80183643), (0.67512643, 0.80183643), (0.67512643, 0.80473924), (0.67512643, 0.80473924), (0.67512643, 0.80183643), (0.67512643, 0.80183643), (0.67512643, 0.80619174), (0.67512643, 0.80619174), (0.67512643, 0.80473924), (0.67512643, 0.80473924), (0.6722237, 0.80473924), (0.6722237, 0.80619174), (0.67512643, 0.80619174), (0.67512643, 0.80473924), (0.67512643, 0.8076419), (0.67512643, 0.8076419), (0.67512643, 0.80619174), (0.67512643, 0.80619174), (0.6722237, 0.80619174), (0.6722237, 0.8076419), (0.67512643, 0.8076419), (0.67512643, 0.80619174), (0.6722237, 0.8076419), (0.6722237, 0.81054467), (0.67512643, 0.81054467), (0.67512643, 0.8076419), (0.67512643, 0.81054467), (0.67512643, 0.81054467), (0.67512643, 0.8076419), (0.67512643, 0.8076419), (0.67512643, 0.81054467), (0.67512643, 0.81054467), (0.67512643, 0.8076419), (0.67512643, 0.8076419), (0.67512643, 0.81054467), (0.67512643, 0.81054467), (0.67512643, 0.8076419), (0.67512643, 0.8076419), (0.67281556, 0.80524886), (0.6730323, 0.80454826), (0.6729513, 0.8059372), (0.67273414, 0.80667615), (0.6730323, 0.80454826), (0.6738084, 0.80486256), (0.6737708, 0.80632704), (0.6729513, 0.8059372), (0.6730323, 0.80454826), (0.67289704, 0.80434936), (0.673708, 0.80467916), (0.6738084, 0.80486256), (0.67281556, 0.80524886), (0.6726562, 0.8050657), (0.67289704, 0.80434936), (0.6730323, 0.80454826), (0.6726562, 0.8050657), (0.67255926, 0.8065275), (0.6727882, 0.8057882), (0.67289704, 0.80434936), (0.67289704, 0.80434936), (0.6727882, 0.8057882), (0.6736542, 0.8062178), (0.673708, 0.80467916), (0.67273414, 0.80667615), (0.6726562, 0.8050657), (0.67281556, 0.80524886), (0.67255926, 0.8065275), (0.6727711, 0.8083881), (0.6725986, 0.8082837), (0.6730193, 0.8103901), (0.6728406, 0.81033766), (0.67255926, 0.8065275), (0.6725986, 0.8082837), (0.67284757, 0.80751354), (0.6727882, 0.8057882), (0.67273414, 0.80667615), (0.6729513, 0.8059372), (0.67300713, 0.80759805), (0.6727711, 0.8083881), (0.6727711, 0.8083881), (0.67300713, 0.80759805), (0.6732312, 0.8100196), (0.6730193, 0.8103901), (0.6732312, 0.8100196), (0.6730549, 0.8099789), (0.6728406, 0.81033766), (0.6730193, 0.8103901), (0.6725986, 0.8082837), (0.6728406, 0.81033766), (0.6730549, 0.8099789), (0.67284757, 0.80751354), (0.67288387, 0.81065273), (0.6734522, 0.8123571), (0.67357546, 0.8119006), (0.6730549, 0.8099789), (0.6730549, 0.8099789), (0.67357546, 0.8119006), (0.67445046, 0.81244004), (0.6741135, 0.810464), (0.67284757, 0.80751354), (0.6730549, 0.8099789), (0.6741135, 0.810464), (0.6737672, 0.80802286), (0.6730234, 0.8106686), (0.67288387, 0.81065273), (0.6730549, 0.8099789), (0.6732312, 0.8100196), (0.67417526, 0.8104191), (0.67445046, 0.81244004), (0.67448735, 0.8123278), (0.6741135, 0.810464), (0.6738692, 0.8080662), (0.6737672, 0.80802286), (0.6737708, 0.80632704), (0.6736542, 0.8062178), (0.6738084, 0.80486256), (0.673708, 0.80467916), (0.6727882, 0.8057882), (0.67284757, 0.80751354), (0.6737672, 0.80802286), (0.6736542, 0.8062178), (0.67300713, 0.80759805), (0.6738692, 0.8080662), (0.67417526, 0.8104191), (0.6732312, 0.8100196), (0.6729513, 0.8059372), (0.6737708, 0.80632704), (0.6738692, 0.8080662), (0.67300713, 0.80759805), (0.6732312, 0.8100196), (0.67417526, 0.8104191), (0.67448735, 0.8123278), (0.6736736, 0.8118391), (0.6736736, 0.8118391), (0.67448735, 0.8123278), (0.67456746, 0.8130202), (0.6742319, 0.81304735), (0.67448735, 0.8123278), (0.67445046, 0.81244004), (0.6745405, 0.81315494), (0.67456746, 0.8130202), (0.6747325, 0.8145249), (0.6747918, 0.8143954), (0.67357546, 0.8119006), (0.67416316, 0.8131627), (0.6745405, 0.81315494), (0.67445046, 0.81244004), (0.6747918, 0.8143954), (0.6747325, 0.8145249), (0.67384535, 0.8131358), (0.67394465, 0.81305367), (0.6734522, 0.8123571), (0.67384535, 0.8131358), (0.67416316, 0.8131627), (0.67357546, 0.8119006), (0.67394465, 0.81305367), (0.67384535, 0.8131358), (0.6734522, 0.8123571), (0.67356527, 0.8123041), (0.67356527, 0.8123041), (0.6736736, 0.8118391), (0.6742319, 0.81304735), (0.67394465, 0.81305367), (0.6730234, 0.8106686), (0.6732312, 0.8100196), (0.6736736, 0.8118391), (0.67356527, 0.8123041), (0.67356527, 0.8123041), (0.6734522, 0.8123571), (0.67288387, 0.81065273), (0.6730234, 0.8106686), (0.6739157, 0.8039659), (0.6733692, 0.80413836), (0.673395, 0.8055976), (0.67398965, 0.8054164), (0.6733692, 0.80413836), (0.6731168, 0.8037362), (0.6731173, 0.8052081), (0.673395, 0.8055976), (0.6733692, 0.80413836), (0.67330277, 0.8043752), (0.6730413, 0.80398965), (0.6731168, 0.8037362), (0.6739157, 0.8039659), (0.6738386, 0.80423653), (0.67330277, 0.8043752), (0.6733692, 0.80413836), (0.6738386, 0.80423653), (0.67391145, 0.8057256), (0.6733138, 0.80590796), (0.67330277, 0.8043752), (0.67330277, 0.8043752), (0.6733138, 0.80590796), (0.67302686, 0.8055323), (0.6730413, 0.80398965), (0.67398965, 0.8054164), (0.67391145, 0.8057256), (0.6738386, 0.80423653), (0.6739157, 0.8039659), (0.67391145, 0.8057256), (0.67411816, 0.8064016), (0.6734713, 0.8065668), (0.6733138, 0.80590796), (0.6742102, 0.80607074), (0.67411816, 0.8064016), (0.67391145, 0.8057256), (0.67398965, 0.8054164), (0.67398965, 0.8054164), (0.673395, 0.8055976), (0.67356104, 0.8062315), (0.6742102, 0.80607074), (0.6742102, 0.80607074), (0.67356104, 0.8062315), (0.6738993, 0.80692494), (0.6745845, 0.80654526), (0.6745845, 0.80654526), (0.67448634, 0.8069039), (0.67411816, 0.8064016), (0.6742102, 0.80607074), (0.6738993, 0.80692494), (0.673807, 0.80729413), (0.67448634, 0.8069039), (0.6745845, 0.80654526), (0.67411816, 0.8064016), (0.67448634, 0.8069039), (0.673807, 0.80729413), (0.6734713, 0.8065668), (0.67456686, 0.8069787), (0.6748881, 0.8070676), (0.67418563, 0.80743515), (0.673807, 0.80729413), (0.673807, 0.80729413), (0.67418563, 0.80743515), (0.6739881, 0.807009), (0.67352575, 0.8067512), (0.6734713, 0.8065668), (0.673807, 0.80729413), (0.67352575, 0.8067512), (0.6731679, 0.8062029), (0.6745476, 0.8068461), (0.67456686, 0.8069787), (0.673807, 0.80729413), (0.6738993, 0.80692494), (0.673641, 0.8063747), (0.67352575, 0.8067512), (0.6739881, 0.807009), (0.67406774, 0.8067247), (0.67327446, 0.80586463), (0.6731679, 0.8062029), (0.67352575, 0.8067512), (0.673641, 0.8063747), (0.6733138, 0.80590796), (0.6734713, 0.8065668), (0.6731679, 0.8062029), (0.67302686, 0.8055323), (0.6731173, 0.8052081), (0.67302686, 0.8055323), (0.6731679, 0.8062029), (0.67327446, 0.80586463), (0.673395, 0.8055976), (0.6731173, 0.8052081), (0.67327446, 0.80586463), (0.67356104, 0.8062315), (0.6731168, 0.8037362), (0.6730413, 0.80398965), (0.67302686, 0.8055323), (0.6731173, 0.8052081), (0.6738993, 0.80692494), (0.673641, 0.8063747), (0.67406774, 0.8067247), (0.67425835, 0.8071411), (0.67406774, 0.8067247), (0.6739881, 0.807009), (0.6743469, 0.8069558), (0.67442995, 0.80665576), (0.67442995, 0.80665576), (0.6743469, 0.8069558), (0.675255, 0.806674), (0.6752527, 0.8065087), (0.67418563, 0.80743515), (0.6745491, 0.80717653), (0.6743469, 0.8069558), (0.6739881, 0.807009), (0.6752527, 0.8065087), (0.675255, 0.806674), (0.6750298, 0.80698335), (0.67510617, 0.8066787), (0.6748881, 0.8070676), (0.6750298, 0.80698335), (0.6745491, 0.80717653), (0.67418563, 0.80743515), (0.67510617, 0.8066787), (0.6750298, 0.80698335), (0.6748881, 0.8070676), (0.67495495, 0.80677605), (0.67495495, 0.80677605), (0.67425835, 0.8071411), (0.6746362, 0.8068589), (0.67510617, 0.8066787), (0.6745476, 0.8068461), (0.6738993, 0.80692494), (0.67425835, 0.8071411), (0.67495495, 0.80677605), (0.67495495, 0.80677605), (0.6748881, 0.8070676), (0.67456686, 0.8069787), (0.6745476, 0.8068461), (0.6741816, 0.8041841), (0.67354244, 0.8039704), (0.67398065, 0.8050728), (0.67465097, 0.8052354), (0.6741816, 0.8041841), (0.67423487, 0.80429536), (0.6735983, 0.8040845), (0.67354244, 0.8039704), (0.67337847, 0.8045764), (0.6733212, 0.80447704), (0.67465097, 0.8052354), (0.6746984, 0.80532986), (0.67423487, 0.80429536), (0.6741816, 0.8041841), (0.67423487, 0.80429536), (0.6746984, 0.80532986), (0.6740346, 0.8051779), (0.6735983, 0.8040845), (0.6746984, 0.80532986), (0.67526466, 0.8074614), (0.67458206, 0.8072856), (0.6740346, 0.8051779), (0.67521304, 0.8073533), (0.67526466, 0.8074614), (0.6746984, 0.80532986), (0.67465097, 0.8052354), (0.6735983, 0.8040845), (0.6740346, 0.8051779), (0.6737859, 0.8057252), (0.67337847, 0.8045764), (0.6740346, 0.8051779), (0.67458206, 0.8072856), (0.67422533, 0.8076747), (0.6737859, 0.8057252), (0.6733212, 0.80447704), (0.67337847, 0.8045764), (0.6737859, 0.8057252), (0.67372334, 0.8056365), (0.67372334, 0.8056365), (0.6737859, 0.8057252), (0.67422533, 0.8076747), (0.67416006, 0.8075926), (0.67354244, 0.8039704), (0.6733212, 0.80447704), (0.67372334, 0.8056365), (0.67398065, 0.8050728), (0.67398065, 0.8050728), (0.67372334, 0.8056365), (0.67416006, 0.8075926), (0.6745188, 0.8071956), (0.67465097, 0.8052354), (0.67398065, 0.8050728), (0.6745188, 0.8071956), (0.67521304, 0.8073533), (0.67521304, 0.8073533), (0.6745188, 0.8071956), (0.67574835, 0.80965084), (0.67607635, 0.80959666), (0.6745188, 0.8071956), (0.67418945, 0.80776817), (0.6754617, 0.8100563), (0.67574835, 0.80965084), (0.67416006, 0.8075926), (0.67422533, 0.8076747), (0.67458206, 0.8072856), (0.6745188, 0.8071956), (0.6745188, 0.8071956), (0.67458206, 0.8072856), (0.67424214, 0.8078268), (0.67418945, 0.80776817), (0.67418945, 0.80776817), (0.67424214, 0.8078268), (0.6755167, 0.8100915), (0.6754617, 0.8100563), (0.67458206, 0.8072856), (0.6757914, 0.8097086), (0.6755167, 0.8100915), (0.67424214, 0.8078268), (0.67614424, 0.8098017), (0.6762015, 0.80993664), (0.6757914, 0.8097086), (0.67574835, 0.80965084), (0.67526466, 0.8074614), (0.6761241, 0.8097109), (0.6757914, 0.8097086), (0.67458206, 0.8072856), (0.67574835, 0.80965084), (0.6757914, 0.8097086), (0.6761241, 0.8097109), (0.67607635, 0.80959666), (0.67607635, 0.80959666), (0.6761241, 0.8097109), (0.67526466, 0.8074614), (0.67521304, 0.8073533), (0.66932094, 0.8076419), (0.66932094, 0.81054467), (0.67077345, 0.81054467), (0.67077345, 0.8076419), (0.6722237, 0.81054467), (0.6722237, 0.8076419), (0.6722237, 0.80183643), (0.6722237, 0.80473924), (0.67512643, 0.80473924), (0.67512643, 0.80183643), (0.6722237, 0.8119949), (0.6722237, 0.8134474), (0.67512643, 0.8134474), (0.67512643, 0.8119949), (0.6722237, 0.81054467), (0.6722237, 0.8119949), (0.67512643, 0.8119949), (0.67512643, 0.81054467), (0.67512643, 0.8134474), (0.67512643, 0.8134474), (0.67512643, 0.8119949), (0.67512643, 0.8119949), (0.67512643, 0.8119949), (0.67512643, 0.8119949), (0.67512643, 0.81054467), (0.67512643, 0.81054467), (0.67512643, 0.8134474), (0.67512643, 0.8134474), (0.67512643, 0.8119949), (0.67512643, 0.8119949), (0.67512643, 0.8119949), (0.67512643, 0.8119949), (0.67512643, 0.81054467), (0.67512643, 0.81054467), (0.67512643, 0.8134474), (0.67512643, 0.8119949), (0.67512643, 0.8119949), (0.67512643, 0.8134474), (0.67512643, 0.8134474), (0.67512643, 0.8119949), (0.67512643, 0.8119949), (0.67512643, 0.81054467), (0.67512643, 0.81054467), (0.67512643, 0.8076419), (0.67512643, 0.8076419), (0.67512643, 0.80619174), (0.67512643, 0.80619174), (0.67512643, 0.80619174), (0.67512643, 0.80619174), (0.67512643, 0.80473924), (0.67512643, 0.80473924), (0.67512643, 0.8076419), (0.67512643, 0.8076419), (0.67512643, 0.80619174), (0.67512643, 0.80619174), (0.67512643, 0.80619174), (0.67512643, 0.80619174), (0.67512643, 0.80473924), (0.67512643, 0.80473924), (0.67512643, 0.80473924), (0.67512643, 0.80473924), (0.67512643, 0.80183643), (0.67512643, 0.80183643), (0.67512643, 0.80473924), (0.67512643, 0.80473924), (0.67512643, 0.80183643), (0.67512643, 0.80183643), (0.67512643, 0.80473924), (0.67512643, 0.80473924), (0.67512643, 0.80183643), (0.67512643, 0.80183643), (0.67512643, 0.80619174), (0.67512643, 0.80619174), (0.67512643, 0.80473924), (0.67512643, 0.80473924), (0.6722237, 0.80473924), (0.6722237, 0.80619174), (0.67512643, 0.80619174), (0.67512643, 0.80473924), (0.67512643, 0.8076419), (0.67512643, 0.8076419), (0.67512643, 0.80619174), (0.67512643, 0.80619174), (0.6722237, 0.80619174), (0.6722237, 0.8076419), (0.67512643, 0.8076419), (0.67512643, 0.80619174), (0.6722237, 0.8076419), (0.6722237, 0.81054467), (0.67512643, 0.81054467), (0.67512643, 0.8076419), (0.67512643, 0.81054467), (0.67512643, 0.81054467), (0.67512643, 0.8076419), (0.67512643, 0.8076419), (0.67512643, 0.81054467), (0.67512643, 0.81054467), (0.67512643, 0.8076419), (0.67512643, 0.8076419), (0.67512643, 0.81054467), (0.67512643, 0.81054467), (0.67512643, 0.8076419), (0.67512643, 0.8076419)] (
        customData = {
            string sourceMember = "ArbitraryPrimvars"
        }
        elementSize = 1
        interpolation = "varying"
    )
    float4[] primvars:tangents = [(1, 0, 0, -1), (1, 0, 0, -1), (1, 0, 0, -1), (1, 0, 0, -1), (1, 0, 0, -1), (1, 0, 0, -1), (1, 0, 0, -1), (1, 0, 0, -1), (1, 0, 0, -1), (1, 0, 0, -1), (1, 0, 0, -1), (1, 0, 0, -1), (1, 0, 0, -1), (1, 0, 0, -1), (1, 0, 0, -1), (1, 0, 0, -1), (1, 0, 0, -1), (1, 0, 0, -1), (1, 0, 0, -1), (1, 0, 0, -1), (1, 0, 0, -1), (1, 0, 0, -1), (1, 0, 0, -1), (1, 0, 0, -1), (1, 0, 0, -1), (1, 0, 0, -1), (1, 0, 0, -1), (1, 0, 0, -1), (1, 0, 0, -1), (1, 0, 0, -1), (1, 0, 0, -1), (1, 0, 0, -1), (1, 0, 0, -1), (1, 0, 0, -1), (1, 0, 0, -1), (1, 0, 0, -1), (1, 0, 0, -1), (1, 0, 0, -1), (1, 0, 0, -1), (1, 0, 0, -1), (1, 0, 0, -1), (1, 0, 0, -1), (1, 0, 0, -1), (1, 0, 0, -1), (1, 0, 0, -1), (1, 0, 0, -1), (1, 0, 0, -1), (1, 0, 0, -1), (-0.9932533, -0.07988449, 0.08406157, 1), (-0.9932533, -0.0798845, 0.084061585, 1), (-0.9932533, -0.0798845, 0.08406158, 1), (-0.99388784, -0.07807629, 0.07804603, -1), (-0.99388784, -0.07807628, 0.07804602, -1), (-0.99388784, -0.07807628, 0.07804602, -1), (-0.4476807, 0.3104766, -0.83856213, -1), (-0.44768065, 0.3104766, -0.83856213, -1), (-0.4476807, 0.31047663, -0.83856213, -1), (-0.44466013, 0.31662977, -0.8378681, 1), (-0.44466013, 0.31662977, -0.8378681, 1), (-0.44466013, 0.31662977, -0.8378681, 1), (-0.5185924, 0.5588759, -0.64708537, 1), (-0.5269508, 0.54357195, -0.65333927, 1), (-0.5185924, 0.5588759, -0.64708537, 1), (-0.53337413, 0.54458874, -0.647252, 1), (-0.56239325, 0.54872316, -0.6185602, 1), (-0.4772352, 0.5344958, -0.69753915, 1), (-0.65462923, 0.47879863, -0.5849893, -1), (-0.65462923, 0.47879863, -0.58498937, -1), (-0.65462923, 0.47879863, -0.5849893, -1), (-0.41694945, -0.64373195, 0.6416871, -1), (-0.41694942, -0.64373195, 0.6416871, -1), (-0.41694945, -0.64373195, 0.6416871, -1), (-0.29994422, -0.6753731, 0.6737244, 1), (-0.29994422, -0.6753731, 0.6737244, 1), (-0.29994422, -0.6753731, 0.6737244, 1), (-0.5184779, 0.39358783, -0.7591241, 1), (-0.5184779, 0.39358777, -0.759124, 1), (-0.5184779, 0.39358783, -0.7591241, 1), (-0.7196202, -0.37692568, 0.5831585, 1), (-0.7196203, -0.37692562, 0.58315843, 1), (-0.7196202, -0.37692568, 0.58315843, 1), (-0.7353091, -0.38560084, 0.55734414, -1), (-0.7353091, -0.38560084, 0.55734414, -1), (-0.7353091, -0.38560086, 0.55734414, -1), (-0.5322026, 0.3893351, -0.7517835, -1), (-0.5322027, 0.3893351, -0.7517836, -1), (-0.5322027, 0.3893351, -0.7517836, -1), (1, 0, 0, -1), (1, 0, 0, -1), (1, 0, 0, -1), (1, 0, 0, -1), (1, 0, 0, -1), (1, 0, 0, -1), (1, 0, 0, -1), (1, 0, 0, -1), (1, 0, 0, -1), (1, 0, 0, -1), (1, 0, 0, -1), (1, 0, 0, -1), (1, 0, 0, -1), (1, 0, 0, -1), (1, 0, 0, -1), (-0.03887187, -0.6962257, 0.7167697, -1), (-0.038874973, -0.69622695, 0.7167682, -1), (-0.03887458, -0.6962268, 0.71676844, -1), (0.03209834, 0.7031774, -0.71028966, 1), (0.03210051, 0.70317847, -0.7102883, 1), (0.03209824, 0.7031773, -0.71028966, 1), (-0.2279485, -0.47049394, 0.8524523, 1), (-0.22794065, -0.47048682, 0.85245836, 1), (-0.22792588, -0.47047317, 0.8524698, 1), (0.2181611, 0.47893578, -0.85030943, -1), (0.21813963, 0.47891432, -0.85032713, -1), (0.21830046, 0.47902694, -0.85022235, -1), (-0.2139463, -0.4086345, 0.8872682, -1), (-0.2139389, -0.40863115, 0.88727146, -1), (-0.21395743, -0.40863994, 0.88726306, -1), (0.1391032, 0.5135633, -0.8467013, 1), (0.13911296, 0.51356906, -0.8466962, 1), (0.13909468, 0.5135583, -0.8467056, 1), (0.017327337, 0.997934, -0.06186655, -1), (0.0171515, 0.9979249, -0.062062502, -1), (0.01926659, 0.9980342, -0.05963793, -1), (0.019431502, 0.9980422, -0.05944814, -1), (0.019989682, 0.99782526, -0.06281082, -1), (0.020115413, 0.9978314, -0.06267301, -1), (0.017541377, 0.997703, -0.06543018, -1), (0.017420232, 0.99769634, -0.06556364, -1), (0.019975713, 0.9976216, -0.06596982, -1), (0.02021108, 0.99759716, -0.066267766, -1), (0.01729423, 0.99789447, -0.062510215, -1), (0.017043699, 0.9979188, -0.062190596, -1), (1, 0, 0, -1), (1, 0, 0, -1), (1, 0, 0, -1), (1, 0, 0, -1), (1, 0, 0, -1), (1, 0, 0, -1), (1, 0, 0, -1), (1, 0, 0, -1), (1, 0, 0, -1), (1, 0, 0, -1), (0.01580517, 0.99814737, -0.05875462, -1), (0.0156485, 0.9981622, -0.058544673, -1), (0.018506004, 0.99788386, -0.062331084, -1), (0.01867017, 0.99786735, -0.06254743, -1), (0.017198823, 0.99770594, -0.065476075, -1), (0.017159307, 0.9977069, -0.06547129, -1), (0.018816672, 0.9976744, -0.06551041, -1), (0.018861208, 0.9976737, -0.065509774, -1), (1, 0, 0, -1), (1, 0, 0, -1), (1, 0, 0, -1), (1, 0, 0, -1), (1, 0, 0, -1), (1, 0, 0, -1), (1, 0, 0, -1), (1, 0, 0, -1), (1, 0, 0, -1), (1, 0, 0, -1), (1, 0, 0, -1), (1, 0, 0, -1), (1, 0, 0, -1), (1, 0, 0, -1), (1, 0, 0, -1), (1, 0, 0, -1), (1, 0, 0, -1), (1, 0, 0, -1), (1, 0, 0, -1), (1, 0, 0, -1), (1, 0, 0, -1), (1, 0, 0, -1), (1, 0, 0, -1), (1, 0, 0, -1), (1, 0, 0, -1), (1, 0, 0, -1), (1, 0, 0, -1), (1, 0, 0, -1), (1, 0, 0, -1), (1, 0, 0, -1), (1, 0, 0, -1), (1, 0, 0, -1), (1, 0, 0, -1), (1, 0, 0, -1), (1, 0, 0, -1), (1, 0, 0, -1), (1, 0, 0, -1), (1, 0, 0, -1), (1, 0, 0, -1), (1, 0, 0, -1), (1, 0, 0, -1), (1, 0, 0, -1), (1, 0, 0, -1), (1, 0, 0, -1), (1, 0, 0, -1), (1, 0, 0, -1), (1, 0, 0, -1), (1, 0, 0, -1), (1, 0, 0, -1), (1, 0, 0, -1), (1, 0, 0, -1), (1, 0, 0, -1), (1, 0, 0, -1), (1, 0, 0, -1), (1, 0, 0, -1), (1, 0, 0, -1), (1, 0, 0, -1), (1, 0, 0, -1), (1, 0, 0, -1), (1, 0, 0, -1), (0.58618826, -0.37050357, -0.72049314, -1), (0.58871925, -0.370636, -0.7183582, -1), (0.5828721, -0.37030935, -0.7232779, -1), (0.58038616, -0.37016955, -0.72534573, -1), (-0.5869821, 0.39287058, -0.7078876, -1), (-0.5930081, 0.39271957, -0.70293146, -1), (-0.5687103, 0.39317867, -0.7224812, -1), (-0.5621896, 0.3932442, -0.7275313, -1), (0.019146, 0.99766314, -0.06558747, -1), (0.01913414, 0.9976634, -0.065587975, -1), (0.01941742, 0.99765754, -0.06559239, -1), (0.019427672, 0.9976573, -0.06559408, -1), (0.85778964, 0, 0.51400083, -1), (0.8579319, 0, 0.51376325, -1), (1, 0, 0, -1), (1, 0, 0, -1), (0.8575884, 0, -0.51433665, -1), (0.8574523, 0, -0.5145636, -1), (0, 1, 0, -1), (0, 1, 0, -1), (0, 1, 0, -1), (0, 1, 0, -1), (0, 0.9999995, 0.0010089974, -1), (0, 0.9999995, 0.0010235598, -1), (0, 1, 0, -1), (0, 1, 0, -1), (0, 0.99999917, 0.001330658, -1), (0, 0.9999993, 0.0012275198, -1), (0, 0.9999995, 0.0010333828, -1), (0, 1, 0, -1), (1, 0, 0, -1), (1, 0, 0, -1), (1, 0, 0, -1), (1, 0, 0, -1), (1, 0, 0, -1), (1, 0, 0, -1), (1, 0, 0, -1), (1, 0, 0, -1), (1, 0, 0, -1), (1, 0, 0, -1), (1, 0, 0, -1), (1, 0, 0, -1), (1, 0, 0, -1), (1, 0, 0, -1), (1, 0, 0, -1), (1, 0, 0, -1), (1, 0, 0, -1), (1, 0, 0, -1), (1, 0, 0, -1), (1, 0, 0, -1), (1, 0, 0, -1), (1, 0, 0, -1), (1, 0, 0, -1), (1, 0, 0, -1), (1, 0, 0, -1), (1, 0, 0, -1), (1, 0, 0, -1), (1, 0, 0, -1), (1, 0, 0, -1), (1, 0, 0, -1), (1, 0, 0, -1), (1, 0, 0, -1), (1, 0, 0, -1), (1, 0, 0, -1), (1, 0, 0, -1), (1, 0, 0, -1), (1, 0, 0, -1), (1, 0, 0, -1), (1, 0, 0, -1), (1, 0, 0, -1), (1, 0, 0, -1), (1, 0, 0, -1), (1, 0, 0, -1), (1, 0, 0, -1), (1, 0, 0, -1), (1, 0, 0, -1), (1, 0, 0, -1), (1, 0, 0, -1), (1, 0, 0, -1), (1, 0, 0, -1), (1, 0, 0, -1), (1, 0, 0, -1), (1, 0, 0, -1), (1, 0, 0, -1), (1, 0, 0, -1), (1, 0, 0, -1), (1, 0, 0, -1), (0, 0.9999995, 0.0010141062, -1), (0, 1, 0, -1), (0, 0.9999994, 0.0010879049, -1), (0, 0.9999994, 0.0011218988, -1), (1, 0, 0, -1), (1, 0, 0, -1), (1, 0, 0, -1), (1, 0, 0, -1), (0, 0.9999993, 0.001211635, -1), (0, 0.9999994, 0.0011333413, -1), (0, 0.99999917, 0.0012695591, -1), (0, 0.99999917, 0.0013083068, -1), (0, 0.9999995, 0.0010536183, -1), (0, 1, 0, -1), (0, 0.99999917, 0.0013553507, -1), (0, 0.99999905, 0.0014112488, -1), (1, 0, 0, -1), (1, 0, 0, -1), (1, 0, 0, -1), (1, 0, 0, -1), (1, 0, 0, -1), (1, 0, 0, -1), (1, 0, 0, -1), (1, 0, 0, -1), (1, 0, 0, -1), (1, 0, 0, -1), (1, 0, 0, -1), (1, 0, 0, -1), (-0.9998988, 0.0014678654, 0.014156012, -1), (-0.9999341, 0.0014548984, 0.011391472, -1), (-0.83902097, 0.001566856, 0.5440968, -1), (-0.85001135, -0.0016164248, 0.52676195, -1), (-0.44896048, -0.0014422189, 0.89355046, -1), (-0.4498947, -0.0014297629, 0.8930804, -1), (0.0016304577, 0.999997, -0.0018459547, -1), (0.0019371712, 0.99999726, -0.0013467055, -1), (0, 0.99999, -0.004486137, -1), (0, 0.9999876, -0.004977037, -1), (0.0016521477, 0.99999, -0.004153678, -1), (0.0017870739, 0.99998975, -0.0041559353, -1), (0.0010520328, 0.99999094, -0.0041403077, -1), (0, 0.9999914, -0.0041407854, -1), (0, 0.99999785, -0.0021105339, -1), (0, 0.99999714, -0.002412563, -1), (0, 1, 0, -1), (0, 1, 0, -1), (1, 0, 0, -1), (1, 0, 0, -1), (1, 0, 0, -1), (1, 0, 0, -1), (1, 0, 0, -1), (1, 0, 0, -1), (1, 0, 0, -1), (1, 0, 0, -1), (1, 0, 0, -1), (1, 0, 0, -1), (1, 0, 0, -1), (1, 0, 0, -1), (1, 0, 0, -1), (1, 0, 0, -1), (1, 0, 0, -1), (1, 0, 0, -1), (1, 0, 0, -1), (1, 0, 0, -1), (1, 0, 0, -1), (1, 0, 0, -1), (1, 0, 0, -1), (1, 0, 0, -1), (1, 0, 0, -1), (1, 0, 0, -1), (1, 0, 0, -1), (1, 0, 0, -1), (1, 0, 0, -1), (1, 0, 0, -1), (1, 0, 0, -1), (1, 0, 0, -1), (1, 0, 0, -1), (1, 0, 0, -1), (1, 0, 0, -1), (1, 0, 0, -1), (1, 0, 0, -1), (1, 0, 0, -1), (1, 0, 0, -1), (1, 0, 0, -1), (1, 0, 0, -1), (1, 0, 0, -1), (1, 0, 0, -1), (1, 0, 0, -1), (1, 0, 0, -1), (1, 0, 0, -1), (1, 0, 0, -1), (1, 0, 0, -1), (1, 0, 0, -1), (1, 0, 0, -1), (1, 0, 0, -1), (1, 0, 0, -1), (1, 0, 0, -1), (1, 0, 0, -1), (1, 0, 0, -1), (1, 0, 0, -1), (1, 0, 0, -1), (1, 0, 0, -1), (1, 0, 0, -1), (-0.005421215, 0.99998534, 0, -1), (-0.006394455, 0.9999796, 0, -1), (-0.0010949897, 0.9999994, 0, -1), (0, 1, 0, -1), (1, 0, 0, -1), (1, 0, 0, -1), (1, 0, 0, -1), (1, 0, 0, -1), (-0.004402081, 0.9999883, -0.0020139469, -1), (-0.004309154, 0.9999883, -0.002198072, -1), (-0.0048161983, 0.9999877, -0.0012097146, -1), (-0.004901395, 0.9999875, -0.0010206655, -1), (-0.001961286, 0.9999981, 0, -1), (-0.0018757678, 0.9999982, 0, -1), (-0.0023987691, 0.99999595, -0.0015227402, -1), (-0.0025023257, 0.9999956, -0.0016448069, -1), (1, 0, 0, -1), (1, 0, 0, -1), (1, 0, 0, -1), (1, 0, 0, -1), (1, 0, 0, -1), (1, 0, 0, -1), (1, 0, 0, -1), (1, 0, 0, -1), (1, 0, 0, -1), (1, 0, 0, -1), (1, 0, 0, -1), (1, 0, 0, -1), (-0.16831113, 0.7067252, -0.6871761, 1), (-0.16833559, 0.7065591, -0.6873409, 1), (-0.16824721, 0.7070381, -0.68686986, 1), (-0.16823506, 0.70719874, -0.6867074, 1), (-0.90464073, -0.36562768, 0.2189556, 1), (-0.9027719, -0.37067658, 0.21817832, 1), (-0.9077087, -0.3571175, 0.22029985, 1), (-0.9097243, -0.35139343, 0.22118811, 1), (-0.8263284, 0.37894976, -0.41662753, 1), (-0.827845, 0.3782883, -0.41421086, 1), (-0.8216369, 0.38095397, -0.4240128, 1), (-0.82006097, 0.38161334, -0.4264637, 1), (-0.7542896, -0.53431046, 0.38152257, 1), (-0.7492096, -0.5303402, 0.39676726, 1), (-0.76144284, -0.5399119, 0.3587476, 1), (-0.7665589, -0.5439646, 0.34130636, 1), (-0.1778877, 0.71067435, -0.68066, -1), (-0.17761733, 0.7119766, -0.6793684, -1), (-0.17771266, 0.7115376, -0.67980325, -1), (-0.17797992, 0.7102273, -0.68110216, -1), (-0.90013933, -0.3746639, 0.2222075, -1), (-0.9039453, -0.36442545, 0.22377896, -1), (-0.9024417, -0.36851522, 0.22314894, -1), (-0.8987826, -0.37824354, 0.2216339, -1), (-0.34784177, -0.668797, 0.65705144, 1), (-0.3330324, -0.704469, 0.62674767, 1), (-0.33144414, -0.70811427, 0.6234733, 1), (-0.35119802, -0.6600651, 0.6640587, 1), (-0.35748094, -0.5969085, 0.7182671, 1), (-0.36084694, -0.58626616, 0.7253147, 1), (-0.3762744, -0.5057465, 0.7762976, 1), (-0.37973475, -0.4924412, 0.7831368, 1), (-0.2658936, 0.6302692, -0.72942525, -1), (-0.26626116, 0.6230565, -0.73546284, -1), (-0.26611754, 0.6255237, -0.7334177, -1), (-0.26569352, 0.6328061, -0.7272988, -1), (-0.25294232, 0.6278869, -0.7360558, 1), (-0.25292104, 0.629895, -0.7343455, 1), (-0.25329024, 0.6241234, -0.73913056, 1), (-0.25346908, 0.62216884, -0.74071544, 1), (-0.350966, 0.5229891, -0.77672726, 1), (-0.3518409, 0.5304608, -0.77124536, 1), (-0.34764338, 0.4956289, -0.7959247, 1), (-0.3463787, 0.4857643, -0.8025302, 1), (-0.4071952, -0.48590496, 0.77336186, -1), (-0.37458056, -0.46884933, 0.7999186, -1), (-0.4623561, -0.5134396, 0.72291535, -1), (-0.49814385, -0.53021914, 0.68609065, -1), (-0.2933843, 0.53490263, -0.7923414, -1), (-0.28903466, 0.49712017, -0.8181262, -1), (-0.2904459, 0.50907207, -0.8102387, -1), (-0.29447135, 0.54513204, -0.78493166, -1), (-0.3279299, 0.4381108, -0.8369713, -1), (-0.30512807, 0.38847163, -0.86947495, -1), (-0.3143501, 0.40844506, -0.8569461, -1), (-0.33602092, 0.45597702, -0.82412064, -1), (-0.97003573, -0.16563259, 0.17775427, -1), (-0.97120655, -0.14213718, 0.19119358, -1), (-0.97059286, -0.15630107, 0.1830831, -1), (-0.969356, -0.17520383, 0.1721992, -1), (-0.96318626, -0.1938062, 0.18630965, -1), (-0.9594386, -0.21954891, 0.17684956, -1), (-0.96094215, -0.2098451, 0.18043047, -1), (-0.9647432, -0.18122984, 0.19085707, -1), (-0.33727705, -0.5098365, 0.79139805, 1), (-0.34238774, -0.51769996, 0.78406465, 1), (-0.33347362, -0.50399137, 0.79673594, 1), (-0.3302733, -0.49908486, 0.80114526, 1), (-0.24762093, -0.49375343, 0.8336014, -1), (-0.2652587, -0.41580814, 0.86990887, -1), (-0.2680516, -0.40224457, 0.87541276, -1), (-0.2443044, -0.50708616, 0.82654643, -1), (-0.24615604, -0.611879, 0.7516723, -1), (-0.24377698, -0.6193698, 0.7462933, -1), (-0.251017, -0.690052, 0.6788363, -1), (-0.25104836, -0.69002855, 0.67884856, -1), (-0.2577595, -0.72692096, 0.6365108, -1), (-0.25632146, -0.7305422, 0.63293546, -1), (-0.9546335, -0.24936002, 0.1627713, -1), (-0.95002675, -0.26916766, 0.15810771, -1), (-0.9521981, -0.26010245, 0.16020428, -1), (-0.95652384, -0.24063785, 0.16478977, -1), (-0.9922955, -0.12066007, 0.028119419, 1), (-0.99112856, -0.1307329, 0.023937522, 1), (-0.99391514, -0.10453207, 0.034723423, 1), (-0.9947069, -0.095265426, 0.038504366, 1), (-0.9525829, -0.25196832, 0.17058079, 1), (-0.95467186, -0.24235824, 0.17281255, 1), (-0.9497012, -0.2645408, 0.16758847, 1), (-0.94727844, -0.2745558, 0.16517466, 1), (-0.99419856, -0.088962406, 0.06045646, 1), (-0.9942101, -0.0887964, 0.06051057, 1), (-0.9941907, -0.0891226, 0.06034952, 1), (-0.99417794, -0.08932865, 0.060254984, 1), (-0.99763227, -0.068675555, 0.0036799337, 1), (-0.99640757, -0.08356961, -0.013711961, 1), (-0.99829465, -0.054964222, 0.019663662, 1), (-0.998516, -0.040660046, 0.036227264, 1), (-0.21925479, -0.39812008, 0.89074564, -1), (-0.21818541, -0.40722522, 0.8868837, -1), (-0.22187237, -0.37570342, 0.8997886, -1), (-0.2230241, -0.36525562, 0.9037968, -1), (-0.2642409, -0.31342754, 0.9121074, -1), (-0.26483315, -0.30631047, 0.9143508, -1), (-0.9976392, -0.06849845, 0.0048880028, -1), (-0.99847513, -0.038356654, 0.0397017, -1), (-0.99827766, -0.05492108, 0.020621618, -1), (-0.99620086, -0.08576258, -0.015122984, -1), (-0.44861683, -0.3024521, 0.84099084, 1), (-0.45238107, -0.29415926, 0.84191555, 1), (-0.43068185, -0.34025088, 0.83590823, 1), (-0.4265523, -0.34870687, 0.8345397, 1), (-0.41504866, 0.34730238, -0.8409017, -1), (-0.41448104, 0.34658104, -0.84147906, -1), (-0.41481736, 0.34700707, -0.84113765, -1), (-0.41525733, 0.34755248, -0.84069526, -1), (-0.40659493, -0.36850023, 0.83599526, 1), (-0.41075152, -0.35902202, 0.8380849, 1), (-0.400266, -0.384013, 0.8320583, 1), (-0.39599192, -0.39376968, 0.82953954, 1), (-0.41014272, 0.35166344, -0.8414961, 1), (-0.41086894, 0.35250443, -0.84078974, 1), (-0.40938443, 0.35068128, -0.84227496, 1), (-0.40824234, 0.34931594, -0.8433959, 1), (-0.38345715, 0.42771894, -0.8185457, 1), (-0.39150503, 0.44901335, -0.8031879, 1), (-0.3666614, 0.38451934, -0.8471743, 1), (-0.35831785, 0.36354426, -0.85990924, 1), (-0.38460842, -0.41079733, 0.8266329, 1), (-0.38822436, -0.39966547, 0.83039105, 1), (-0.36501533, -0.46682477, 0.805505, 1), (-0.36062983, -0.47855976, 0.800579, 1), (-0.7359211, 0.46654314, -0.49067053, -1), (-0.73599774, 0.4663754, -0.49071506, -1), (-0.7356387, 0.46719787, -0.490471, -1), (-0.7355702, 0.46736476, -0.49041468, -1), (-0.27058518, -0.75216824, 0.6008549, -1), (-0.2696242, -0.7538091, 0.59922826, -1), (-0.27368984, -0.7468163, 0.6061017, -1), (-0.27459666, -0.7451617, 0.6077258, -1), (-0.80434906, -0.5113815, 0.3025087, 1), (-0.8048404, -0.5120353, 0.3000863, 1), (-0.80257386, -0.5089578, 0.31118667, 1), (-0.80206114, -0.50831443, 0.3135514, 1), (-0.92674166, 0.22946909, -0.29747915, 1), (-0.9264655, 0.2289908, -0.29870537, 1), (-0.9271263, 0.23013933, -0.29575774, 1), (-0.92743176, 0.23068564, -0.2943713, 1), (-0.7741778, 0.41988844, -0.47364798, 1), (-0.76695466, 0.43808565, -0.46889392, 1), (-0.76838213, 0.43453893, -0.46985626, 1), (-0.7755788, 0.41626957, -0.47454947, 1), (-0.28720143, -0.73971915, 0.6085482, 1), (-0.2915238, -0.7317906, 0.6160327, 1), (-0.29051015, -0.73362267, 0.6143302, 1), (-0.2861672, -0.7415599, 0.6067926, 1), (-0.14564382, 0.7452118, -0.6507283, 1), (-0.14552477, 0.746003, -0.64984775, 1), (-0.14692499, 0.7362105, -0.66061115, 1), (-0.14703909, 0.73534244, -0.6615519, 1), (-0.68950874, 0.46569324, -0.55471385, 1), (-0.6870233, 0.4699801, -0.55418205, 1), (-0.68786657, 0.46850348, -0.55438626, 1), (-0.69036305, 0.4641695, -0.5549285, 1), (-0.17650186, 0.69547415, -0.6965363, 1), (-0.17640163, 0.6964687, -0.69556737, 1), (-0.17700577, 0.69058865, -0.7012533, 1), (-0.17710699, 0.689558, -0.7022413, 1), (-0.6676775, 0.491869, -0.5588127, -1), (-0.66732043, 0.49228936, -0.5588691, -1), (-0.6683416, 0.49108627, -0.5587073, -1), (-0.66868794, 0.49067748, -0.5586519, -1), (-0.6037543, 0.49625844, -0.62386554, -1), (-0.6229198, 0.46819913, -0.62670606, -1), (-0.5517182, 0.5652156, -0.6133012, -1), (-0.52761805, 0.59405255, -0.6072238, -1), (-0.20112105, 0.66641235, -0.7179448, 1), (-0.20106407, 0.667078, -0.71734244, 1), (-0.2013711, 0.66338825, -0.7206703, 1), (-0.2014226, 0.66271347, -0.7212766, 1), (-0.99371755, -0.008300194, -0.111609265, -1), (-0.99369144, -0.008417537, -0.11183206, -1), (-0.9937875, -0.007993322, -0.11100642, -1), (-0.9938133, -0.007874683, -0.11078445, -1), (-0.62473917, 0.47213277, -0.6219258, 1), (-0.5500855, 0.57233924, -0.6081395, 1), (-0.57427365, 0.5421167, -0.6134487, 1), (-0.64349836, 0.4433516, -0.6239785, 1), (-0.29435366, 0.6011831, -0.7429232, 1), (-0.21764512, 0.657218, -0.72159207, 1), (-0.24899529, 0.63523376, -0.73108095, 1), (-0.32219586, 0.57887703, -0.7490602, 1), (-0.117956415, 0.65131426, -0.7495839, -1), (-0.11400744, 0.6482155, -0.75287396, -1), (-0.11638616, 0.65007365, -0.7509051, -1), (-0.119572766, 0.65257365, -0.7482313, -1), (-0.05413536, -0.68375796, 0.727698, 1), (-0.048638448, -0.6894464, 0.7227018, 1), (-0.05073306, -0.6872802, 0.7246186, 1), (-0.056794636, -0.6810012, 0.73007655, 1), (-0.9017949, 0.232249, -0.3644536, 1), (-0.90197915, 0.23286009, -0.3636066, 1), (-0.9013895, 0.23086742, -0.36632943, 1), (-0.9012725, 0.23050919, -0.36684242, 1), (-0.2937339, 0.628193, -0.72048175, -1), (-0.29410806, 0.6267002, -0.72162825, -1), (-0.2911269, 0.6384148, -0.7125108, -1), (-0.29035747, 0.64141923, -0.71012247, -1), (-0.24307069, 0.65141475, -0.7187318, -1), (-0.2438555, 0.64751554, -0.7219821, -1), (-0.23804334, 0.67522633, -0.69814384, -1), (-0.23717351, 0.67915523, -0.69461983, -1), (-0.169611, -0.708376, 0.6851537, 1), (-0.16938642, -0.7086498, 0.6849261, 1), (-0.1694898, -0.7085237, 0.6850309, 1), (-0.169711, -0.70825404, 0.68525505, 1), (-0.21654528, 0.6854395, -0.69518405, -1), (-0.21724516, 0.6821313, -0.6982131, -1), (-0.2131973, 0.70105577, -0.68049085, -1), (-0.2123974, 0.70462406, -0.6770468, -1), (-0.1554484, -0.7221302, 0.67406505, -1), (-0.15557122, -0.7219979, 0.6741785, -1), (-0.15531313, -0.7223131, 0.6739003, -1), (-0.15518771, -0.72245556, 0.6737764, -1), (-0.18853718, 0.73490155, -0.6514395, -1), (-0.1889012, 0.7331611, -0.65329254, -1), (-0.18521298, 0.7501524, -0.6347972, -1), (-0.18478529, 0.7520943, -0.63262045, -1), (-0.08641537, 0.6689193, -0.7382948, 1), (-0.086844064, 0.66929704, -0.73790216, 1), (-0.08602786, 0.6685755, -0.73865145, 1), (-0.08541091, 0.66803104, -0.73921543, 1), (-0.41547972, 0.58714354, -0.6947222, -1), (-0.41641793, 0.5842098, -0.6966311, -1), (-0.4138438, 0.5920208, -0.69155234, -1), (-0.4128873, 0.59486914, -0.6896773, -1), (-0.4097303, 0.5975641, -0.6892301, -1), (-0.40975326, 0.59746796, -0.6892998, -1), (-0.40944624, 0.59876883, -0.6883529, -1), (-0.40940678, 0.59896696, -0.688204, -1), (-0.49845675, 0.5496932, -0.67035675, -1), (-0.43643212, 0.5359617, -0.722684, -1), (-0.47038096, 0.5438537, -0.69495666, -1), (-0.5321017, 0.5558442, -0.63867456, -1), (0.03642284, 0.66909635, -0.7422826, 1), (0.035957906, 0.6655697, -0.745469, 1), (0.03952059, 0.69298464, -0.7198683, 1), (0.039761014, 0.6947728, -0.71812946, 1), (-0.21202566, -0.6596772, 0.7210208, -1), (-0.1949363, -0.65467894, 0.7303391, -1), (-0.20487463, -0.65764046, 0.7249382, -1), (-0.21807498, -0.6614283, 0.7176043, -1), (-0.038337786, 0.6677986, -0.7433541, 1), (-0.03908011, 0.66462624, -0.7461533, 1), (-0.036637396, 0.6751177, -0.73679966, 1), (-0.035841834, 0.6784308, -0.73378956, 1), (-0.25426596, -0.6685159, 0.69888157, 1), (-0.2601159, -0.66992307, 0.6953724, 1), (-0.24730189, -0.666804, 0.7030036, 1), (-0.2377594, -0.6643904, 0.708559, 1), (-0.49240312, 0.48011217, -0.7259693, -1), (-0.597057, 0.3774576, -0.70784795, -1), (-0.25732496, 0.64968467, -0.71532774, -1), (-0.13520457, 0.71251523, -0.6885069, -1), (-0.14610857, 0.65533507, -0.7410723, 1), (-0.14611696, 0.6551011, -0.7412774, 1), (-0.14603828, 0.65867835, -0.7381162, 1), (-0.1460318, 0.6592501, -0.73760706, 1), (-0.8489864, -0.44971678, 0.2774472, -1), (-0.8478588, -0.4521808, 0.27688974, -1), (-0.8518965, -0.44448695, 0.2769543, -1), (-0.85312384, -0.4419533, 0.27723083, -1), (-0.992535, 0, -0.121960305, 1), (-0.99247825, 0, -0.122420415, 1), (-0.9896541, 0, -0.14347401, 1), (-0.9910484, 0, -0.13350293, 1), (-0.99584645, 0, -0.09104831, 1), (-0.9971107, 0, -0.075961664, 1), (-0.09850874, -0.7575554, 0.64529514, -1), (-0.098873936, -0.7571747, 0.645686, -1), (-0.09342126, -0.76347005, 0.6390509, -1), (-0.09312219, -0.76381445, 0.6386829, -1), (-0.8558445, -0.44098768, 0.27029604, 1), (-0.864167, -0.42396152, 0.27105722, 1), (-0.861508, -0.4295127, 0.27078167, 1), (-0.8532004, -0.44627166, 0.26998287, 1), (-0.8801748, -0.3766554, 0.28883043, 1), (-0.87151456, -0.39723855, 0.2875136, 1), (-0.87308884, -0.393563, 0.2877916, 1), (-0.8816467, -0.3730024, 0.28908178, 1), (-0.22392079, -0.6889107, 0.6893921, -1), (-0.2241582, -0.6885577, 0.68966764, -1), (-0.21744522, -0.6998074, 0.68043166, -1), (-0.21722126, -0.70020396, 0.6800951, -1), (-0.38082314, 0.67634386, -0.63050205, 1), (-0.38089103, 0.67246926, -0.6345921, 1), (-0.38088223, 0.673761, -0.63322586, 1), (-0.38078424, 0.6775495, -0.6292297, 1), (-0.33306015, 0.63251805, -0.69927955, 1), (-0.3342884, 0.6158141, -0.7134593, 1), (-0.33410275, 0.6188462, -0.71091825, 1), (-0.33278915, 0.6362103, -0.6960515, 1), (-0.15807272, -0.7529956, 0.6387571, 1), (-0.1571484, -0.754057, 0.6377323, 1), (-0.1719858, -0.7361412, 0.65461206, 1), (-0.17279726, -0.7351337, 0.65552986, 1), (-0.2757348, -0.68342286, 0.67594624, 1), (-0.27534455, -0.68437845, 0.67513806, 1), (-0.29108214, -0.65980536, 0.69276834, 1), (-0.2920333, -0.6589281, 0.69320303, 1), (-0.37958205, 0.6804549, -0.6268162, -1), (-0.3795565, 0.68179137, -0.6253779, -1), (-0.3796638, 0.6776301, -0.6298198, -1), (-0.37966764, 0.6761982, -0.63135445, -1), (-0.33308676, 0.6356741, -0.6963991, -1), (-0.3327674, 0.63923466, -0.6932856, -1), (-0.33410573, 0.6227295, -0.7075176, -1), (-0.334332, 0.61978936, -0.70998824, -1), (-0.87307066, -0.38993126, 0.2927476, -1), (-0.8734062, -0.38916048, 0.29277268, -1), (-0.8715722, -0.39344558, 0.2925106, -1), (-0.8712393, -0.3942426, 0.29242927, -1), (-0.84711415, -0.35358816, 0.39670262, -1), (-0.84839076, -0.35063338, 0.39659727, -1), (-0.8361393, -0.37792942, 0.39754298, -1), (-0.8331828, -0.38426796, 0.39767388, -1), (-0.416785, 0.51664555, -0.7479089, -1), (-0.41685408, 0.5175847, -0.74722075, -1), (-0.41627738, 0.51081204, -0.7521863, -1), (-0.41617858, 0.5095609, -0.7530891, -1), (-0.98210484, 0.06092131, -0.17820984, -1), (-0.98262423, 0.060541734, -0.17545497, -1), (-0.9754671, 0.06553318, -0.2101649, -1), (-0.9748616, 0.06592637, -0.2128349, -1), (-0.90456253, -0.37648386, 0.20006664, 1), (-0.9136532, -0.37939766, 0.14592934, 1), (-0.8289107, -0.3489507, 0.43719602, 1), (-0.80437964, -0.33963463, 0.48746458, 1), (-0.21861501, -0.61310965, 0.75914687, 1), (-0.21642096, -0.6156062, 0.75775385, 1), (-0.29019395, -0.5257099, 0.79963523, 1), (-0.2922089, -0.523041, 0.800651, 1), (-0.41597503, 0.5156905, -0.7490181, 1), (-0.4150746, 0.50579584, -0.7562299, 1), (-0.41525188, 0.5075048, -0.75498664, 1), (-0.41606748, 0.516957, -0.74809307, 1), (-0.9966438, 0.038568977, -0.07220656, 1), (-0.9991043, 0.03931436, -0.015647667, 1), (-0.8645254, 0.028520094, -0.50177926, 1), (-0.8372747, 0.026981434, -0.5461164, 1), (-0.8399729, -0.3545319, 0.4107951, 1), (-0.81340134, -0.4106874, 0.4119638, 1), (-0.81869304, -0.40012014, 0.41188055, 1), (-0.8423137, -0.34918508, 0.41058177, 1), (-0.7388789, -0.41950005, 0.52733076, -1), (-0.7443941, -0.4279369, 0.512589, -1), (-0.7306415, -0.40727663, 0.54798615, -1), (-0.7272851, -0.40242466, 0.5559773, -1), (-0.1955015, -0.59953576, 0.7761031, -1), (-0.1955609, -0.5994185, 0.7761787, -1), (-0.19371283, -0.60265946, 0.77412975, -1), (-0.19360077, -0.6027645, 0.77407604, -1), (0.8246353, -0.0019910256, -0.5656611, -1), (0.82523066, -0.0019804193, -0.5647924, -1), (0.36929595, -0.002263247, -0.92930907, -1), (0.41819936, 0.0021785214, -0.9083526, -1), (-0.13804221, 0.001927641, -0.99042445, -1), (-0.13073435, 0.0018918549, -0.99141556, -1), (0.003466137, 0.99997735, 0.0057816, -1), (0.0033520975, 0.99997795, 0.0057361047, -1), (0.0040693176, 0.9999734, 0.006045466, -1), (0.0041849758, 0.9999727, 0.006085492, -1), (0, 0.9999591, 0.009041353, -1), (0, 0.999956, 0.009387721, -1), (0.0026995358, 0.9999683, 0.0075025773, -1), (0.0031920236, 0.99996924, 0.0071600857, -1), (0.0024575102, 0.9999882, 0.004185713, -1), (0.0025217347, 0.99998665, 0.004511517, -1), (0.002296709, 0.9999937, 0.002723316, -1), (0.0022184597, 0.99999464, 0.0024023685, -1), (1, 0, 0, -1), (1, 0, 0, -1), (1, 0, 0, -1), (1, 0, 0, -1), (1, 0, 0, -1), (1, 0, 0, -1), (1, 0, 0, -1), (1, 0, 0, -1), (1, 0, 0, -1), (1, 0, 0, -1), (1, 0, 0, -1), (1, 0, 0, -1), (1, 0, 0, -1), (1, 0, 0, -1), (1, 0, 0, -1), (1, 0, 0, -1), (1, 0, 0, -1), (1, 0, 0, -1), (1, 0, 0, -1), (1, 0, 0, -1), (1, 0, 0, -1), (1, 0, 0, -1), (1, 0, 0, -1), (1, 0, 0, -1), (1, 0, 0, -1), (1, 0, 0, -1), (1, 0, 0, -1), (1, 0, 0, -1), (1, 0, 0, -1), (1, 0, 0, -1), (1, 0, 0, -1), (1, 0, 0, -1), (1, 0, 0, -1), (1, 0, 0, -1), (1, 0, 0, -1), (1, 0, 0, -1), (1, 0, 0, -1), (1, 0, 0, -1), (1, 0, 0, -1), (1, 0, 0, -1), (1, 0, 0, -1), (1, 0, 0, -1), (1, 0, 0, -1), (1, 0, 0, -1), (1, 0, 0, -1), (1, 0, 0, -1), (1, 0, 0, -1), (1, 0, 0, -1), (1, 0, 0, -1), (1, 0, 0, -1), (1, 0, 0, -1), (1, 0, 0, -1), (1, 0, 0, -1), (1, 0, 0, -1), (1, 0, 0, -1), (1, 0, 0, -1), (1, 0, 0, -1), (0.0057403944, 0.99997866, -0.0031406619, -1), (0.006000114, 0.9999765, -0.0033214488, -1), (0.0045740427, 0.9999869, -0.0023118458, -1), (0.004318823, 0.99998844, -0.0021289887, -1), (1, 0, 0, -1), (1, 0, 0, -1), (1, 0, 0, -1), (1, 0, 0, -1), (0.005125087, 0.9999839, -0.0024603193, -1), (0.005236182, 0.9999845, -0.0019051672, -1), (0.004733643, 0.9999771, -0.0048463983, -1), (0.0045399982, 0.9999752, -0.005397918, -1), (0.004248782, 0.99999106, 0, -1), (0.0042442307, 0.99999106, 0, -1), (0.0042970562, 0.9999908, 0, -1), (0.004301218, 0.9999908, 0, -1), (1, 0, 0, -1), (1, 0, 0, -1), (1, 0, 0, -1), (1, 0, 0, -1), (1, 0, 0, -1), (1, 0, 0, -1), (1, 0, 0, -1), (1, 0, 0, -1), (1, 0, 0, -1), (1, 0, 0, -1), (1, 0, 0, -1), (1, 0, 0, -1)] (
        elementSize = 1
        interpolation = "varying"
    )
    uniform token purpose
    token visibility
    matrix4d xformOp:transform = ( (1.0685219764709473, -0.18844476342201233, 0.6819606423377991, 0), (0.2509865462779999, 1.255861759185791, -0.04622568562626839, 0), (-0.6615040302276611, 0.17210370302200317, 1.08402681350708, 0), (9.158562660217285, 0.8486192226409912, -28.619325637817383, 1) )
    uniform token[] xformOpOrder = ["xformOp:transform"]

    def Scope "Materials"
    {
        def Material "PP_Standard_Material_52838"
        {
            token outputs:displacement
            token outputs:surface.connect = </PP_Grass_11_378/Materials/PP_Standard_Material_52838/PreviewSurface.outputs:surface>
            token[] requiredKeywords

            def Shader "PreviewSurface"
            {
                uniform token info:id = "UsdPreviewSurface"
                float inputs:clearcoat = 0
                float inputs:clearcoatRoughness = 0.01
                float3 inputs:diffuseColor = (0.18, 0.18, 0.18)
                float3 inputs:diffuseColor.connect = </PP_Grass_11_378/Materials/PP_Standard_Material_52838/PreviewSurface/_MainTex.outputs:rgb>
                float inputs:displacement = 0
                float3 inputs:emissiveColor = (0, 0, 0)
                float inputs:ior = 1.5
                float inputs:metallic = 0
                float3 inputs:normal = (0, 0, 1)
                float inputs:occlusion = 1
                float inputs:opacity = 1
                float inputs:opacityThreshold = 0
                float inputs:roughness = 0.8
                float3 inputs:specularColor = (0.033104748, 0.033104748, 0.033104748)
                int inputs:useSpecularWorkflow = 0
                token outputs:displacement
                token outputs:surface
                color4f unity:colors:_BaseColor = (1, 1, 1, 1) (
                    customData = {
                        string sourceMember = "colorArgs"
                    }
                )
                color4f unity:colors:_Color = (1, 1, 1, 1) (
                    customData = {
                        string sourceMember = "colorArgs"
                    }
                )
                color4f unity:colors:_EmissionColor = (0, 0, 0, 1) (
                    customData = {
                        string sourceMember = "colorArgs"
                    }
                )
                color4f unity:colors:_SpecColor = (0.033104748, 0.033104748, 0.033104748, 1) (
                    customData = {
                        string sourceMember = "colorArgs"
                    }
                )
                float unity:floats:_AddPrecomputedVelocity = 0 (
                    customData = {
                        string sourceMember = "floatArgs"
                    }
                )
                float unity:floats:_AlphaClip = 0 (
                    customData = {
                        string sourceMember = "floatArgs"
                    }
                )
                float unity:floats:_AlphaToMask = 0 (
                    customData = {
                        string sourceMember = "floatArgs"
                    }
                )
                float unity:floats:_Blend = 0 (
                    customData = {
                        string sourceMember = "floatArgs"
                    }
                )
                float unity:floats:_BlendModePreserveSpecular = 1 (
                    customData = {
                        string sourceMember = "floatArgs"
                    }
                )
                float unity:floats:_BumpScale = 1 (
                    customData = {
                        string sourceMember = "floatArgs"
                    }
                )
                float unity:floats:_ClearCoatMask = 0 (
                    customData = {
                        string sourceMember = "floatArgs"
                    }
                )
                float unity:floats:_ClearCoatSmoothness = 0 (
                    customData = {
                        string sourceMember = "floatArgs"
                    }
                )
                float unity:floats:_Cull = 2 (
                    customData = {
                        string sourceMember = "floatArgs"
                    }
                )
                float unity:floats:_Cutoff = 0.5 (
                    customData = {
                        string sourceMember = "floatArgs"
                    }
                )
                float unity:floats:_DetailAlbedoMapScale = 1 (
                    customData = {
                        string sourceMember = "floatArgs"
                    }
                )
                float unity:floats:_DetailNormalMapScale = 1 (
                    customData = {
                        string sourceMember = "floatArgs"
                    }
                )
                float unity:floats:_DstBlend = 0 (
                    customData = {
                        string sourceMember = "floatArgs"
                    }
                )
                float unity:floats:_DstBlendAlpha = 0 (
                    customData = {
                        string sourceMember = "floatArgs"
                    }
                )
                float unity:floats:_EnvironmentReflections = 1 (
                    customData = {
                        string sourceMember = "floatArgs"
                    }
                )
                float unity:floats:_Glossiness = 0.2 (
                    customData = {
                        string sourceMember = "floatArgs"
                    }
                )
                float unity:floats:_GlossMapScale = 1 (
                    customData = {
                        string sourceMember = "floatArgs"
                    }
                )
                float unity:floats:_GlossyReflections = 1 (
                    customData = {
                        string sourceMember = "floatArgs"
                    }
                )
                float unity:floats:_Metallic = 0 (
                    customData = {
                        string sourceMember = "floatArgs"
                    }
                )
                float unity:floats:_OcclusionStrength = 1 (
                    customData = {
                        string sourceMember = "floatArgs"
                    }
                )
                float unity:floats:_Parallax = 0.02 (
                    customData = {
                        string sourceMember = "floatArgs"
                    }
                )
                float unity:floats:_QueueOffset = 0 (
                    customData = {
                        string sourceMember = "floatArgs"
                    }
                )
                float unity:floats:_ReceiveShadows = 1 (
                    customData = {
                        string sourceMember = "floatArgs"
                    }
                )
                float unity:floats:_Smoothness = 0.2 (
                    customData = {
                        string sourceMember = "floatArgs"
                    }
                )
                float unity:floats:_SmoothnessTextureChannel = 0 (
                    customData = {
                        string sourceMember = "floatArgs"
                    }
                )
                float unity:floats:_SpecularHighlights = 1 (
                    customData = {
                        string sourceMember = "floatArgs"
                    }
                )
                float unity:floats:_SrcBlend = 1 (
                    customData = {
                        string sourceMember = "floatArgs"
                    }
                )
                float unity:floats:_SrcBlendAlpha = 1 (
                    customData = {
                        string sourceMember = "floatArgs"
                    }
                )
                float unity:floats:_Surface = 0 (
                    customData = {
                        string sourceMember = "floatArgs"
                    }
                )
                float unity:floats:_WorkflowMode = 1 (
                    customData = {
                        string sourceMember = "floatArgs"
                    }
                )
                float unity:floats:_ZWrite = 1 (
                    customData = {
                        string sourceMember = "floatArgs"
                    }
                )
                token[] unity:shaderKeywords = []
                string unity:shaderName = "Universal Render Pipeline/Lit"

                def Shader "uvReader"
                {
                    uniform token info:id = "UsdPrimvarReader_float2"
                    float2 inputs:fallback = (0, 0)
                    string inputs:varname = "st"
                    float2 outputs:result
                }

                def Shader "_MainTex"
                {
                    uniform token info:id = "UsdUVTexture"
                    float4 inputs:bias = (0, 0, 0, 0)
                    float4 inputs:fallback = (0, 0, 0, 1)
                    asset inputs:file = @PP_Color_Palette.png@
                    token inputs:isSRGB = "auto"
                    float4 inputs:scale = (1, 1, 1, 1)
                    token inputs:sourceColorSpace = "auto"
                    float2 inputs:st = (0, 0)
                    float2 inputs:st.connect = </PP_Grass_11_378/Materials/PP_Standard_Material_52838/PreviewSurface/uvReader.outputs:result>
                    token inputs:wrapS = "repeat"
                    token inputs:wrapT = "repeat"
                    float outputs:a
                    float outputs:b
                    float outputs:g
                    float outputs:r
                    float3 outputs:rgb
                    float4 outputs:rgba
                }
            }
        }
    }
}

