#usda 1.0
(
    endTimeCode = 0
    metersPerUnit = 1
    startTimeCode = 0
    upAxis = "Y"
)

def Mesh "PP_Grass_15_650" (
    prepend apiSchemas = ["MaterialBindingAPI"]
)
{
    uniform bool doubleSided
    float3[] extent = [(-0.1935801, -0.017890722, -0.11104593), (0.21511213, 0.40123013, 0.25837275)]
    int[] faceVertexCounts = [3, 3, 3, 3, 3, 3, 3, 3, 3, 3, 3, 3, 3, 3, 3, 3, 3, 3, 3, 3, 3, 3, 3, 3, 3, 3, 3, 3, 3, 3, 3, 3, 3, 3, 3, 3, 3, 3, 3, 3, 3, 3, 3, 3, 3, 3, 3, 3, 3, 3, 3, 3, 3, 3, 3, 3, 3, 3, 3, 3, 3, 3, 3, 3, 3, 3, 3, 3, 3, 3, 3, 3, 3, 3, 3, 3, 3, 3, 3, 3, 3, 3, 3, 3, 3, 3, 3, 3, 3, 3, 3, 3, 3, 3, 3, 3, 3, 3, 3, 3, 3, 3, 3, 3, 3, 3, 3, 3, 3, 3, 3, 3, 3, 3, 3, 3, 3, 3, 3, 3, 3, 3, 3, 3, 3, 3, 3, 3, 3, 3, 3, 3, 3, 3, 3, 3, 3, 3, 3, 3, 3, 3, 3, 3, 3, 3, 3, 3, 3, 3, 3, 3, 3, 3, 3, 3, 3, 3, 3, 3, 3, 3, 3, 3, 3, 3, 3, 3, 3, 3, 3, 3, 3, 3, 3, 3, 3, 3, 3, 3, 3, 3, 3, 3, 3, 3, 3, 3, 3, 3, 3, 3, 3, 3, 3, 3, 3, 3, 3, 3, 3, 3, 3, 3, 3, 3, 3, 3, 3, 3, 3, 3, 3, 3, 3, 3, 3, 3, 3, 3, 3, 3, 3, 3, 3, 3, 3, 3, 3, 3, 3, 3, 3, 3, 3, 3, 3, 3, 3, 3, 3, 3, 3, 3, 3, 3, 3, 3, 3, 3, 3, 3, 3, 3, 3, 3, 3, 3, 3, 3, 3, 3, 3, 3, 3, 3, 3, 3, 3, 3, 3, 3, 3, 3, 3, 3, 3, 3, 3, 3, 3, 3, 3, 3, 3, 3, 3, 3, 3, 3, 3, 3, 3, 3, 3, 3, 3, 3, 3, 3, 3, 3, 3, 3, 3, 3, 3, 3, 3, 3, 3, 3, 3, 3, 3, 3, 3, 3, 3, 3, 3, 3, 3, 3, 3, 3, 3, 3, 3, 3, 3, 3, 3, 3, 3, 3, 3, 3, 3, 3, 3, 3, 3, 3, 3, 3, 3, 3, 3, 3, 3, 3, 3, 3, 3, 3, 3, 3, 3, 3, 3, 3, 3, 3, 3, 3, 3, 3, 3, 3, 3, 3, 3, 3, 3, 3, 3, 3, 3, 3, 3, 3, 3, 3, 3, 3, 3, 3, 3, 3, 3, 3, 3, 3, 3, 3, 3, 3, 3, 3, 3, 3, 3, 3, 3, 3, 3, 3, 3, 3, 3, 3, 3, 3, 3, 3, 3, 3, 3, 3, 3, 3, 3, 3, 3, 3, 3, 3, 3, 3, 3, 3, 3, 3, 3, 3, 3, 3, 3, 3, 3, 3, 3, 3, 3, 3, 3, 3, 3, 3, 3, 3, 3, 3, 3, 3, 3, 3, 3, 3, 3, 3, 3, 3, 3, 3, 3, 3, 3, 3, 3, 3, 3, 3, 3, 3, 3, 3, 3, 3, 3, 3, 3, 3, 3, 3, 3, 3, 3, 3, 3, 3, 3, 3, 3, 3, 3, 3, 3, 3, 3, 3, 3, 3, 3, 3, 3, 3, 3, 3, 3, 3, 3, 3, 3, 3, 3, 3, 3, 3, 3, 3, 3, 3, 3, 3, 3, 3, 3, 3, 3, 3, 3, 3]
    int[] faceVertexIndices = [1, 0, 2, 4, 3, 5, 7, 6, 8, 10, 9, 11, 13, 12, 14, 16, 15, 17, 19, 18, 20, 22, 21, 23, 25, 24, 26, 28, 27, 29, 31, 30, 32, 34, 33, 35, 37, 36, 38, 40, 39, 41, 43, 42, 44, 46, 45, 47, 49, 48, 50, 52, 51, 53, 55, 54, 56, 58, 57, 59, 61, 60, 62, 64, 63, 65, 67, 66, 68, 70, 69, 71, 73, 72, 74, 76, 75, 77, 79, 78, 80, 82, 81, 83, 85, 84, 86, 88, 87, 89, 91, 90, 92, 94, 93, 95, 97, 96, 98, 100, 99, 101, 103, 102, 104, 106, 105, 107, 109, 108, 110, 112, 111, 113, 115, 114, 116, 118, 117, 119, 121, 120, 122, 124, 123, 125, 127, 126, 128, 130, 129, 131, 133, 132, 134, 136, 135, 137, 139, 138, 140, 142, 141, 143, 145, 144, 146, 145, 147, 144, 147, 148, 144, 149, 144, 148, 151, 150, 152, 153, 150, 151, 153, 154, 150, 155, 154, 153, 156, 154, 155, 157, 154, 156, 159, 158, 160, 160, 158, 161, 163, 162, 164, 165, 162, 163, 166, 162, 165, 167, 162, 166, 169, 168, 170, 170, 168, 171, 173, 172, 174, 174, 172, 175, 177, 176, 178, 178, 176, 179, 176, 180, 179, 179, 180, 181, 182, 181, 180, 183, 181, 182, 185, 184, 186, 186, 184, 187, 189, 188, 190, 190, 188, 191, 192, 191, 188, 193, 191, 192, 195, 194, 196, 196, 194, 197, 199, 198, 200, 200, 198, 201, 203, 202, 204, 204, 202, 205, 202, 206, 205, 207, 206, 202, 207, 208, 206, 209, 208, 207, 211, 210, 212, 213, 210, 211, 214, 210, 213, 215, 210, 214, 217, 216, 218, 218, 216, 219, 221, 220, 222, 222, 220, 223, 225, 224, 226, 226, 224, 227, 229, 228, 230, 230, 228, 231, 233, 232, 234, 234, 232, 235, 237, 236, 238, 238, 236, 239, 241, 240, 242, 242, 240, 243, 245, 244, 246, 246, 244, 247, 246, 247, 248, 248, 247, 249, 251, 250, 252, 252, 250, 253, 255, 254, 256, 256, 254, 257, 259, 258, 260, 260, 258, 261, 263, 262, 264, 264, 262, 265, 267, 266, 268, 268, 266, 269, 271, 270, 272, 273, 270, 271, 274, 273, 271, 275, 273, 274, 277, 276, 278, 278, 276, 279, 281, 280, 282, 282, 280, 283, 285, 284, 286, 286, 284, 287, 289, 288, 290, 290, 288, 291, 293, 292, 294, 294, 292, 295, 295, 292, 296, 296, 292, 297, 299, 298, 300, 300, 298, 301, 303, 302, 304, 304, 302, 305, 307, 306, 308, 308, 306, 309, 311, 310, 312, 313, 310, 311, 313, 314, 310, 315, 314, 313, 317, 316, 318, 318, 316, 319, 321, 320, 322, 322, 320, 323, 325, 324, 326, 326, 324, 327, 329, 328, 330, 330, 328, 331, 333, 332, 334, 334, 332, 335, 337, 336, 338, 338, 336, 339, 341, 340, 342, 342, 340, 343, 345, 344, 346, 346, 344, 347, 349, 348, 350, 350, 348, 351, 350, 351, 352, 352, 351, 353, 355, 354, 356, 357, 354, 355, 357, 358, 354, 359, 358, 357, 361, 360, 362, 362, 360, 363, 365, 364, 366, 366, 364, 367, 369, 368, 370, 370, 368, 371, 373, 372, 374, 374, 372, 375, 374, 375, 376, 376, 375, 377, 379, 378, 380, 380, 378, 381, 383, 382, 384, 384, 382, 385, 387, 386, 388, 388, 386, 389, 391, 390, 392, 392, 390, 393, 395, 394, 396, 396, 394, 397, 399, 398, 400, 400, 398, 401, 403, 402, 404, 404, 402, 405, 407, 406, 408, 408, 406, 409, 411, 410, 412, 412, 410, 413, 415, 414, 416, 416, 414, 417, 419, 418, 420, 420, 418, 421, 423, 422, 424, 424, 422, 425, 427, 426, 428, 428, 426, 429, 431, 430, 432, 433, 432, 430, 434, 433, 430, 435, 433, 434, 437, 436, 438, 436, 439, 438, 438, 439, 440, 441, 440, 439, 439, 442, 441, 444, 443, 445, 445, 443, 446, 448, 447, 449, 449, 447, 450, 452, 451, 453, 453, 451, 454, 456, 455, 457, 457, 455, 458, 460, 459, 461, 461, 459, 462, 464, 463, 465, 465, 463, 466, 468, 467, 469, 469, 467, 470, 472, 471, 473, 473, 471, 474, 476, 475, 477, 478, 477, 475, 479, 477, 478, 481, 480, 482, 482, 480, 483, 485, 484, 486, 486, 484, 487, 489, 488, 490, 490, 488, 491, 493, 492, 494, 494, 492, 495, 497, 496, 498, 498, 496, 499, 501, 500, 502, 502, 500, 503, 505, 504, 506, 507, 506, 504, 508, 506, 507, 509, 508, 507, 511, 510, 512, 512, 510, 513, 515, 514, 516, 516, 514, 517, 519, 518, 520, 520, 518, 521, 518, 522, 521, 523, 522, 518, 523, 524, 522, 525, 524, 523, 527, 526, 528, 528, 526, 529, 531, 530, 532, 532, 530, 533, 535, 534, 536, 536, 534, 537, 539, 538, 540, 540, 538, 541, 543, 542, 544, 544, 542, 545, 547, 546, 548, 548, 546, 549, 548, 549, 550, 550, 549, 551, 553, 552, 554, 554, 552, 555, 557, 556, 558, 558, 556, 559, 561, 560, 562, 562, 560, 563, 565, 564, 566, 566, 564, 567, 569, 568, 570, 570, 568, 571, 573, 572, 574, 574, 572, 575, 577, 576, 578, 578, 576, 579, 581, 580, 582, 582, 580, 583, 585, 584, 586, 586, 584, 587, 589, 588, 590, 590, 588, 591, 593, 592, 594, 594, 592, 595, 597, 596, 598, 598, 596, 599, 601, 600, 602, 602, 600, 603, 605, 604, 606, 606, 604, 607, 609, 608, 610, 610, 608, 611, 613, 612, 614, 614, 612, 615, 617, 616, 618, 618, 616, 619, 621, 620, 622, 622, 620, 623, 625, 624, 626, 626, 624, 627, 629, 628, 630, 630, 628, 631, 633, 632, 634, 634, 632, 635, 637, 636, 638, 638, 636, 639, 641, 640, 642, 642, 640, 643, 645, 644, 646, 646, 644, 647, 649, 648, 650, 650, 648, 651, 653, 652, 654, 654, 652, 655, 657, 656, 658, 658, 656, 659, 661, 660, 662, 662, 660, 663, 665, 664, 666, 666, 664, 667, 669, 668, 670, 670, 668, 671, 673, 672, 674, 674, 672, 675, 677, 676, 678, 678, 676, 679, 681, 680, 682, 682, 680, 683, 685, 684, 686, 686, 684, 687, 689, 688, 690, 690, 688, 691, 693, 692, 694, 694, 692, 695, 697, 696, 698, 698, 696, 699, 701, 700, 702, 702, 700, 703, 705, 704, 706, 706, 704, 707, 709, 708, 710, 710, 708, 711, 713, 712, 714, 714, 712, 715, 717, 716, 718, 718, 716, 719, 721, 720, 722, 722, 720, 723, 725, 724, 726, 726, 724, 727, 729, 728, 730, 730, 728, 731, 733, 732, 734, 734, 732, 735, 737, 736, 738, 738, 736, 739, 741, 740, 742, 742, 740, 743, 745, 744, 746, 746, 744, 747, 749, 748, 750, 750, 748, 751, 753, 752, 754, 754, 752, 755, 757, 756, 758, 758, 756, 759, 761, 760, 762, 762, 760, 763, 765, 764, 766, 766, 764, 767, 769, 768, 770, 770, 768, 771, 773, 772, 774, 774, 772, 775, 777, 776, 778, 778, 776, 779, 781, 780, 782, 782, 780, 783, 785, 784, 786, 786, 784, 787, 789, 788, 790, 790, 788, 791, 793, 792, 794, 794, 792, 795, 797, 796, 798, 798, 796, 799, 801, 800, 802, 802, 800, 803, 804, 802, 803, 805, 802, 804, 806, 805, 804, 807, 805, 806, 808, 807, 806, 809, 807, 808, 810, 809, 808, 811, 809, 810, 813, 812, 814, 814, 812, 815, 817, 816, 818, 818, 816, 819, 820, 818, 819, 821, 818, 820, 822, 821, 820, 823, 821, 822, 824, 823, 822, 825, 823, 824, 826, 825, 824, 827, 825, 826, 829, 828, 830, 830, 828, 831, 833, 832, 834, 835, 832, 833, 835, 836, 832, 837, 836, 835, 839, 838, 840, 840, 838, 841, 843, 842, 844, 844, 842, 845, 847, 846, 848, 848, 846, 849, 851, 850, 852, 852, 850, 853, 855, 854, 856, 856, 854, 857, 859, 858, 860, 860, 858, 861, 863, 862, 864, 864, 862, 865, 867, 866, 868, 868, 866, 869, 871, 870, 872, 872, 870, 873, 875, 874, 876, 876, 874, 877, 879, 878, 880, 880, 878, 881, 883, 882, 884, 884, 882, 885, 887, 886, 888, 888, 886, 889, 891, 890, 892, 892, 890, 893, 895, 894, 896, 896, 894, 897, 899, 898, 900, 900, 898, 901, 903, 902, 904, 904, 902, 905, 907, 906, 908, 908, 906, 909, 911, 910, 912, 912, 910, 913, 915, 914, 916, 916, 914, 917, 919, 918, 920, 921, 918, 919, 921, 922, 918, 923, 922, 921, 925, 924, 926, 926, 924, 927, 929, 928, 930, 930, 928, 931, 933, 932, 934, 934, 932, 935, 937, 936, 938, 938, 936, 939, 941, 940, 942, 943, 940, 941, 943, 944, 940, 945, 944, 943, 947, 946, 948, 948, 946, 949, 951, 950, 952, 952, 950, 953, 955, 954, 956, 956, 954, 957, 959, 958, 960, 960, 958, 961, 963, 962, 964, 964, 962, 965, 967, 966, 968, 968, 966, 969, 971, 970, 972, 972, 970, 973, 975, 974, 976, 977, 974, 975, 977, 978, 974, 979, 978, 977, 979, 980, 978, 981, 980, 979, 983, 982, 984, 984, 982, 985, 987, 986, 988, 988, 986, 989, 991, 990, 992, 992, 990, 993, 995, 994, 996, 996, 994, 997, 999, 998, 1000, 1000, 998, 1001, 1003, 1002, 1004, 1004, 1002, 1005, 1007, 1006, 1008, 1008, 1006, 1009, 1008, 1009, 1010, 1010, 1009, 1011, 1013, 1012, 1014, 1014, 1012, 1015, 1017, 1016, 1018, 1018, 1016, 1019, 1021, 1020, 1022, 1022, 1020, 1023, 1025, 1024, 1026, 1026, 1024, 1027, 1029, 1028, 1030, 1030, 1028, 1031, 1033, 1032, 1034, 1034, 1032, 1035, 1037, 1036, 1038, 1038, 1036, 1039]
    rel material:binding = </PP_Grass_15_650/Materials/PP_Standard_Material_52838>
    normal3f[] normals = [(-0.5325596, 0.8021092, 0.2701873), (-0.5325596, 0.8021092, 0.2701873), (-0.5325596, 0.8021092, 0.2701873), (0.059821043, 0.86745113, 0.493913), (0.059821043, 0.86745113, 0.493913), (0.059821043, 0.86745113, 0.493913), (0.5802893, -0.76320297, -0.284228), (0.5802893, -0.76320297, -0.284228), (0.5802893, -0.76320297, -0.284228), (-0.06253625, -0.83206564, -0.5511407), (-0.06253625, -0.83206564, -0.5511407), (-0.06253625, -0.83206564, -0.5511407), (-0.22850694, 0.8251749, 0.5165956), (-0.22850694, 0.8251749, 0.5165956), (-0.22850694, 0.8251749, 0.5165956), (0.34939557, 0.9000603, 0.2604115), (0.34939557, 0.9000603, 0.2604115), (0.34939557, 0.9000603, 0.2604115), (0.2808737, -0.7416405, -0.6091629), (0.2808737, -0.7416405, -0.6091629), (0.2808737, -0.7416405, -0.6091629), (-0.42064923, -0.8506326, -0.3154017), (-0.42064923, -0.8506326, -0.3154017), (-0.42064923, -0.8506326, -0.3154017), (-0.02851787, 0.9731776, -0.22828057), (-0.02851787, 0.9731776, -0.22828057), (-0.02851787, 0.9731776, -0.22828057), (0.03407353, -0.9725336, 0.230255), (0.03407353, -0.9725336, 0.230255), (0.03407353, -0.9725336, 0.230255), (-0.70955795, -0.6100163, -0.35271463), (-0.70955795, -0.6100163, -0.35271463), (-0.70955795, -0.6100163, -0.35271463), (0.6580502, 0.69225943, 0.2962209), (0.6580502, 0.69225943, 0.2962209), (0.6580502, 0.69225943, 0.2962209), (0.35554582, 0.5478933, 0.7572319), (0.35554582, 0.5478933, 0.7572319), (0.35554582, 0.5478933, 0.7572319), (-0.63733315, -0.5143922, -0.57376575), (-0.63733315, -0.5143922, -0.57376575), (-0.63733315, -0.5143922, -0.57376575), (0.12999906, 0.34847057, -0.92826104), (0.12999906, 0.34847057, -0.92826104), (0.12999906, 0.34847057, -0.92826104), (-0.47736922, 0.28527722, 0.831105), (-0.47736922, 0.28527722, 0.831105), (-0.47736922, 0.28527722, 0.831105), (-0.15592732, -0.3264218, 0.93227434), (-0.15592732, -0.3264218, 0.93227434), (-0.15592732, -0.3264218, 0.93227434), (0.45672077, -0.19762728, -0.8673809), (0.45672077, -0.19762728, -0.8673809), (0.45672077, -0.19762728, -0.8673809), (-0.5929804, 0.6983664, 0.40082252), (-0.5929804, 0.6983664, 0.40082252), (-0.5929804, 0.6983664, 0.40082252), (0.3388329, 0.85160565, 0.39994988), (0.3388329, 0.85160565, 0.39994988), (0.3388329, 0.85160565, 0.39994988), (0.6457448, -0.70808864, -0.2856994), (0.6457448, -0.70808864, -0.2856994), (0.6457448, -0.70808864, -0.2856994), (-0.22963125, -0.923076, -0.30854523), (-0.22963125, -0.923076, -0.30854523), (-0.22963125, -0.923076, -0.30854523), (0.6281898, -0.09917748, 0.77171326), (0.6281898, -0.09917748, 0.77171326), (0.6281898, -0.09917748, 0.77171326), (0.14573854, -0.8681741, 0.4743775), (0.14573854, -0.8681741, 0.4743775), (0.14573854, -0.8681741, 0.4743775), (-0.1620656, -0.09748861, -0.9819525), (-0.1620656, -0.09748861, -0.9819525), (-0.1620656, -0.09748861, -0.9819525), (0.46429792, 0.8145215, 0.34782475), (0.46429792, 0.8145215, 0.34782475), (0.46429792, 0.8145215, 0.34782475), (0.046211623, 0.81281984, -0.58067924), (0.046211623, 0.81281984, -0.58067924), (0.046211623, 0.81281984, -0.58067924), (-0.25935498, -0.8676651, -0.42413703), (-0.25935498, -0.8676651, -0.42413703), (-0.25935498, -0.8676651, -0.42413703), (0.59334075, -0.8043095, -0.03213783), (0.59334075, -0.8043095, -0.03213783), (0.59334075, -0.8043095, -0.03213783), (-0.58273, 0.81241554, 0.020168277), (-0.58273, 0.81241554, 0.020168277), (-0.58273, 0.81241554, 0.020168277), (0.0050606006, 0.7231534, -0.6906689), (0.0050606006, 0.7231534, -0.6906689), (0.0050606006, 0.7231534, -0.6906689), (-0.0059354277, -0.72153544, 0.6923521), (-0.0059354277, -0.72153544, 0.6923521), (-0.0059354277, -0.72153544, 0.6923521), (-0.93581957, 0.16395639, 0.3120256), (-0.9358164, 0.16396476, 0.31203055), (-0.9358208, 0.16395192, 0.31202433), (-0.93581957, 0.16395639, 0.3120256), (-0.9358208, 0.16395192, 0.31202433), (-0.93582124, 0.16395585, 0.312021), (-0.8778218, 0.011014817, 0.47886083), (-0.87782085, 0.011025187, 0.47886214), (-0.8778094, 0.010995076, 0.47888398), (-0.8778218, 0.011014817, 0.47886083), (-0.8778094, 0.010995076, 0.47888398), (-0.87780505, 0.010999256, 0.4788916), (0.93994963, 0.33872136, 0.041981876), (0.9399506, 0.33872077, 0.041966785), (0.9399507, 0.3387169, 0.04199509), (0.93994963, 0.33872136, 0.041981876), (0.9399507, 0.3387169, 0.04199509), (0.93995196, 0.33871534, 0.041977845), (-0.9156039, -0.40160552, -0.019559503), (-0.9155985, -0.40161812, -0.019551484), (-0.91559076, -0.40163377, -0.019590853), (-0.9156039, -0.40160552, -0.019559503), (-0.91559076, -0.40163377, -0.019590853), (-0.9155955, -0.40162525, -0.019546298), (-0.95412534, -0.24612807, -0.17048739), (-0.9541252, -0.24613984, -0.17047061), (-0.9541252, -0.24613267, -0.1704811), (-0.95412534, -0.24612807, -0.17048739), (-0.9541252, -0.24613267, -0.1704811), (-0.95412505, -0.24614821, -0.17045997), (-0.93980336, 0.032947585, 0.34012353), (-0.93981045, 0.0329604, 0.3401029), (-0.9398056, 0.032948595, 0.3401173), (-0.93980336, 0.032947585, 0.34012353), (-0.9398056, 0.032948595, 0.3401173), (-0.9398091, 0.032954585, 0.34010732), (-0.9774408, -0.13470307, 0.16267964), (-0.9774449, -0.13467574, 0.162677), (-0.9774399, -0.13471726, 0.16267276), (-0.9774408, -0.13470307, 0.16267964), (-0.9774399, -0.13471726, 0.16267276), (-0.9774408, -0.13470925, 0.16267428), (0.11079662, 0.79884505, 0.59124506), (0.11080009, 0.798847, 0.5912417), (0.1107789, 0.7988611, 0.5912266), (0.11079662, 0.79884505, 0.59124506), (0.1107789, 0.7988611, 0.5912266), (0.11077269, 0.7988608, 0.59122825), (0.5842212, 0.6000568, 0.5464589), (0.58431906, 0.60008305, 0.5463255), (0.58443326, 0.6001031, 0.5461814), (0.5843755, 0.6000062, 0.5463495), (0.58443654, 0.6000352, 0.5462523), (0.5841889, 0.6000049, 0.5465505), (0.25165093, 0.0077851024, 0.9677867), (0.27015814, 0.036254596, 0.96213317), (0.27012804, 0.036237698, 0.96214217), (0.2516653, 0.007806576, 0.96778286), (0.25166926, 0.0077938954, 0.96778196), (0.25163856, 0.0077764965, 0.96778995), (0.23776095, -2.161214e-7, 0.9713237), (0.23776072, 0, 0.9713237), (0.25218126, 0.1943994, 0.9479523), (0.25219598, 0.1944048, 0.94794726), (0.25216475, 0.1943937, 0.94795775), (0.25219172, 0.19440377, 0.94794863), (-0.86299735, 0.004850064, 0.50518507), (-0.86300147, 0.0048471005, 0.50517803), (-0.86300784, 0.004843438, 0.50516725), (-0.86298513, 0.004852357, 0.5052061), (-0.84939235, 0, 0.52776194), (-0.84939224, 0, 0.527762), (-0.8911554, -0.03409996, 0.45241493), (-0.8911485, -0.034093387, 0.45242906), (-0.8911506, -0.034097098, 0.45242465), (-0.8911569, -0.03410294, 0.45241165), (-0.9023081, 0.18657428, 0.38862595), (-0.9023056, 0.18656895, 0.38863426), (-0.90231025, 0.18656753, 0.38862404), (-0.9023016, 0.18658203, 0.3886373), (-0.25313494, -0.0077946666, -0.9673996), (-0.2720696, -0.036091194, -0.96160054), (-0.27215773, -0.036141444, -0.96157366), (-0.25314307, -0.0078099766, -0.96739733), (-0.25310555, -0.007776714, -0.9674074), (-0.2531179, -0.0077844923, -0.9674041), (-0.23914838, -1.693241e-7, -0.970983), (-0.23914838, 0, -0.970983), (-0.25976393, -0.19056125, -0.94668317), (-0.25920206, -0.19035003, -0.9468797), (-0.25939098, -0.19042104, -0.94681364), (-0.2599292, -0.19062334, -0.9466253), (0.8639306, -0.004884707, -0.5035871), (0.8639316, -0.004876377, -0.50358564), (0.86392844, -0.0048791943, -0.5035908), (0.8639188, -0.0048866263, -0.5036075), (0.8502645, -1.4797675e-7, -0.52635574), (0.85026455, -2.0981402e-7, -0.52635556), (0.8920578, 0.034798868, -0.45057952), (0.8920773, 0.03481808, -0.4505395), (0.89206403, 0.034804467, -0.4505669), (0.89207256, 0.0348123, -0.4505494), (0.9043639, -0.18303476, -0.38551825), (0.9043643, -0.18303962, -0.38551483), (0.90437305, -0.18302737, -0.38550013), (0.9043614, -0.18304206, -0.38552052), (0.98962724, -0.000020993786, 0.14365928), (0.9896277, 0, 0.14365578), (0.9896277, 0, 0.14365563), (0.98962784, 0.0000021401793, 0.14365496), (0.9900747, 0.033381756, 0.13651998), (0.9900748, 0.033390224, 0.13651703), (0.98951215, 0.07204756, 0.1251992), (0.9895098, 0.07204355, 0.12522009), (-0.98430794, 0.03262897, -0.17341605), (-0.9842353, 0.032522775, -0.17384845), (-0.98432195, 0.032628074, -0.17333731), (-0.9843082, 0.03262488, -0.17341565), (-0.9860605, 0, -0.16638747), (-0.9860605, 0, -0.16638751), (0.99142414, 0.03516447, 0.12586385), (0.99141496, 0.03516381, 0.12593606), (0.9914124, 0.03516328, 0.12595639), (0.9914181, 0.03516384, 0.12591086), (0.9903713, 0.10326632, 0.09219977), (0.9903785, 0.10322475, 0.09216835), (0.99038893, 0.10316589, 0.092122756), (0.9903819, 0.10320594, 0.09215312), (-0.9781568, 0.084538005, -0.18990175), (-0.97812927, 0.08444194, -0.19008584), (-0.97811574, 0.084394604, -0.19017665), (-0.978148, 0.08450732, -0.18996061), (-0.9864071, -0.0299518, -0.16156706), (-0.98642284, -0.029931521, -0.1614747), (-0.9864182, -0.02993741, -0.16150177), (-0.9864173, -0.029938597, -0.16150717), (-0.8917368, 0.27259845, -0.36124185), (-0.89174074, 0.27259508, -0.3612344), (-0.8917349, 0.27263308, -0.36122033), (-0.8917402, 0.2726171, -0.36121923), (0.05080742, -0.97710985, 0.20657954), (0.0508415, -0.97714067, 0.206425), (0.050727237, -0.977037, 0.20694304), (0.050693266, -0.97700614, 0.20709705), (-0.25042757, -0.9556145, 0.1551999), (-0.25007775, -0.9557243, 0.15508752), (-0.24962243, -0.9558689, 0.15492976), (-0.249896, -0.95578253, 0.15502174), (0.8537981, 0.075867794, 0.5150465), (0.85379446, 0.07586362, 0.51505315), (0.85379946, 0.075881824, 0.5150421), (0.853793, 0.07585929, 0.51505613), (0.86100894, 0.10248845, 0.49815637), (0.8610168, 0.102497116, 0.49814084), (0.8316039, 0.25943077, 0.49105048), (0.8315731, 0.25941023, 0.49111342), (0.83154947, 0.2593933, 0.4911624), (0.83155906, 0.25939974, 0.49114293), (-0.27106932, 0.050632223, 0.96122724), (-0.27105036, 0.050643507, 0.96123195), (-0.2710763, 0.05062809, 0.96122545), (-0.27105272, 0.05064058, 0.9612315), (-0.32381848, 0.008158029, 0.9460841), (-0.32380846, 0.008163069, 0.9460874), (-0.32380113, 0.008165532, 0.94609), (-0.3238095, 0.008161435, 0.9460871), (-0.3854999, 0.22378063, 0.8951603), (-0.38549313, 0.22377521, 0.8951646), (-0.38549864, 0.22377558, 0.8951621), (-0.38548177, 0.22379166, 0.8951654), (-0.24847141, 0, 0.9686393), (-0.24847141, 0, 0.9686393), (-0.24847138, 0, 0.9686393), (-0.24847138, 0, 0.9686393), (-0.85445285, -0.07642832, -0.5138765), (-0.8544545, -0.07643291, -0.5138731), (-0.854456, -0.07643148, -0.5138708), (-0.854456, -0.07643626, -0.51387), (-0.86210823, -0.10220709, -0.49630943), (-0.86209255, -0.10219029, -0.4963402), (-0.8363827, -0.25539654, -0.48501197), (-0.8361793, -0.25524592, -0.48544163), (-0.8360659, -0.25516203, -0.48568094), (-0.8363275, -0.25535572, -0.4851287), (0.2728156, -0.05096689, -0.96071535), (0.27282622, -0.050961945, -0.9607126), (0.2728118, -0.05096798, -0.9607163), (0.27281123, -0.05096971, -0.9607164), (0.32580703, -0.007206826, -0.9454088), (0.32580456, -0.007207654, -0.9454097), (0.32581618, -0.0072014807, -0.9454058), (0.3257933, -0.0072127683, -0.94541353), (0.38894385, -0.22019605, -0.89455926), (0.38894716, -0.2201996, -0.894557), (0.3889464, -0.22019617, -0.89455813), (0.38895196, -0.22019425, -0.89455634), (-0.9100753, 0.000029113997, 0.41444287), (-0.9100725, 0, 0.414449), (-0.9100725, 0, 0.41444898), (-0.9100744, 0.000022679567, 0.414445), (-0.91187656, 0.018921925, 0.41002807), (-0.91193795, 0.018867277, 0.40989417), (0.8497838, 0, 0.5271315), (0.8497838, 0, 0.52713144), (0.8497838, 0, 0.52713156), (0.84978366, 0, 0.52713156), (0.9026802, 0, -0.430312), (0.9026803, 0, -0.4303119), (0.9026802, 0, -0.43031198), (0.9026802, -1.1584216e-7, -0.43031213), (0.89720535, 0.044457644, -0.4393701), (0.89745003, 0.04434403, -0.43888158), (0.8974771, 0.044331513, -0.43882746), (0.89750314, 0.044319373, -0.43877545), (0.88989836, 0.08436767, -0.44828913), (0.8899686, 0.08441251, -0.44814113), (0.88994145, 0.08442423, -0.44819272), (0.88990295, 0.08445213, -0.4482639), (0.8884808, 0.080518045, -0.45179495), (0.88849175, 0.080517314, -0.45177352), (0.7875412, 0.27085254, -0.5535501), (0.78754854, 0.2708623, -0.55353487), (0.7875443, 0.27084398, -0.55354995), (0.7875417, 0.27084357, -0.5535539), (-0.9142391, 0.025561457, 0.4043681), (-0.91424567, 0.025550026, 0.40435392), (-0.9142687, 0.02551008, 0.4043045), (-0.9142576, 0.025529444, 0.4043281), (-0.90546393, -0.043227732, 0.42221612), (-0.9055041, -0.043265387, 0.42212617), (-0.90531117, -0.04308458, 0.42255825), (-0.9052718, -0.043047745, 0.42264628), (-0.06539829, -0.9650428, 0.25380152), (-0.06541924, -0.96503365, 0.25383165), (-0.06520813, -0.96512866, 0.2535243), (-0.06519042, -0.96513623, 0.25349995), (0.20659326, -0.97003144, 0.12789895), (0.20654029, -0.9700617, 0.12775512), (0.2066614, -0.9699925, 0.12808397), (0.20671426, -0.96996236, 0.12822747), (0.2501563, 0, -0.9682055), (0.2501563, 0, -0.9682055), (0.2501563, 0, -0.9682055), (0.2501563, 0, -0.9682055), (-0.8504552, 0, -0.52604747), (-0.8504552, 0, -0.52604747), (-0.85045516, 0, -0.52604747), (-0.85045516, 1.2484966e-7, -0.5260475), (-0.03242951, -0.99334234, -0.11054135), (-0.03241369, -0.99334323, -0.11053731), (-0.032418136, -0.9933414, -0.11055236), (-0.032419827, -0.99334127, -0.110553086), (-0.102349035, 0.15161422, -0.9831266), (-0.1023504, 0.15161522, -0.98312634), (-0.102326006, 0.15163235, -0.9831262), (-0.10233729, 0.15160285, -0.98312956), (-0.10375924, 0.18107753, -0.97798), (-0.10374364, 0.181069, -0.97798336), (-0.55050147, -0.0902445, 0.8299422), (-0.5505123, -0.09024916, 0.8299344), (-0.5505129, -0.09025009, 0.82993394), (-0.5505332, -0.09025579, 0.82992), (-0.5797047, -0.10700298, 0.8077703), (-0.57970697, -0.10700289, 0.80776864), (-0.035253428, -0.11274496, 0.99299836), (-0.03524746, -0.1127515, 0.9929979), (-0.03525276, -0.11274854, 0.992998), (-0.035259858, -0.11274344, 0.99299836), (0.14439662, -0.14810595, 0.97837317), (0.14439352, -0.14810741, 0.9783734), (0.14437385, -0.14809813, 0.9783779), (0.14437348, -0.14809479, 0.97837836), (-0.9965082, 0.022523366, 0.08039938), (-0.9964851, 0.02239756, 0.08072013), (-0.9964424, 0.022166196, 0.08130985), (-0.99649435, 0.022447566, 0.0805927), (-0.36065027, -0.13840967, 0.9223741), (-0.3606639, -0.13841067, 0.92236865), (-0.36068174, -0.13842387, 0.9223597), (-0.36067668, -0.1384213, 0.92236215), (-0.36544034, -0.16421069, 0.9162359), (-0.36542824, -0.16421056, 0.9162407), (0.8943027, 0.04403174, -0.44529063), (0.89430636, 0.044027355, -0.44528398), (0.89431036, 0.04402526, -0.445276), (0.8943014, 0.044036195, -0.4452931), (0.93792343, 0.016246041, -0.34646174), (0.93792886, 0.016240709, -0.34644714), (0.9379315, 0.016233908, -0.3464404), (0.9379236, 0.016244456, -0.34646103), (-0.15401714, 0.4964482, -0.8542939), (-0.15401621, 0.49644464, -0.854296), (-0.1540241, 0.49644658, -0.85429347), (-0.15389945, 0.49697092, -0.85401106), (-0.9330901, -0.0832724, -0.3498694), (-0.9330857, -0.08326431, -0.34988323), (-0.9330905, -0.08329663, -0.34986243), (-0.9330866, -0.08327919, -0.3498772), (0.21502927, -0.48209858, 0.84931934), (0.21504556, -0.48209754, 0.8493159), (0.21505116, -0.48209935, 0.8493134), (0.21506087, -0.48210028, 0.8493104), (0.33801308, -0.46462268, 0.81845766), (0.33800334, -0.46462202, 0.818462), (0.33802915, -0.4646224, 0.81845117), (0.3380074, -0.46462286, 0.81845987), (0.71992815, -0.16548291, 0.67403173), (0.7199284, -0.16549967, 0.6740273), (0.71993077, -0.16548295, 0.674029), (0.71992207, -0.16547643, 0.67403996), (-0.040145706, -0.9663411, -0.25411278), (-0.040163476, -0.9663404, -0.2541124), (-0.04015773, -0.9663401, -0.2541144), (-0.04014645, -0.96634144, -0.25411144), (-0.80091745, -0.119785406, 0.58667094), (-0.800913, -0.11977309, 0.5866794), (-0.8009097, -0.119777374, 0.58668315), (-0.80092275, -0.11977359, 0.58666605), (0.7759764, 0.4913481, -0.39552188), (0.7759744, 0.49134237, -0.39553326), (0.77596706, 0.49134427, -0.39554518), (0.77597594, 0.49135286, -0.39551702), (-0.39545697, 0.8900162, -0.22690296), (-0.39546156, 0.8900177, -0.22688901), (-0.39545503, 0.8900232, -0.22687909), (-0.39545947, 0.8900082, -0.22692983), (0.9782437, 0.14891948, -0.14443819), (0.97824144, 0.14891462, -0.14445841), (0.97824585, 0.1489257, -0.14441651), (0.9782427, 0.14892858, -0.14443518), (0.7445608, 0.32806495, -0.58138), (0.74456704, 0.32806703, -0.5813708), (0.7445642, 0.32806304, -0.5813767), (0.74455845, 0.32806587, -0.5813824), (-0.25968447, -0.33136272, -0.90706265), (-0.25964427, -0.33134395, -0.9070811), (-0.25965118, -0.3313524, -0.907076), (-0.25966635, -0.33137426, -0.90706366), (-0.2596575, -0.33137888, -0.9070645), (-0.25967458, -0.33138847, -0.9070561), (-0.76466906, -0.2251709, -0.6038039), (-0.76465863, -0.2251772, -0.60381484), (-0.7646695, -0.225175, -0.60380197), (-0.76467645, -0.22517315, -0.6037938), (-0.76467294, -0.22517416, -0.603798), (-0.76466495, -0.22517253, -0.6038086), (-0.7646681, -0.22518265, -0.6038008), (0.7312052, 0.052033927, -0.68017006), (0.73118687, 0.052033655, -0.6801899), (0.73118794, 0.05202715, -0.6801892), (0.7312096, 0.05203304, -0.6801655), (-0.56071836, -0.21612683, -0.7993022), (-0.5607079, -0.21612921, -0.7993089), (-0.56069607, -0.21612479, -0.79931843), (-0.56071824, -0.2161382, -0.79929924), (-0.77750176, -0.027826637, 0.62826484), (-0.77752477, -0.027836597, 0.628236), (-0.7774986, -0.027825406, 0.6282688), (-0.77752274, -0.027836956, 0.6282385), (-0.4912762, -0.01405935, -0.8708903), (-0.49129215, -0.014061754, -0.8708814), (-0.49126703, -0.014057939, -0.87089556), (-0.4912842, -0.014060584, -0.8708858), (-0.78407174, -0.043134198, 0.6191696), (-0.78417087, -0.043148935, 0.61904305), (-0.7840577, -0.043132193, 0.61918753), (-0.78419495, -0.043152526, 0.6190122), (0.4502008, 0.2017168, 0.86984456), (0.45013148, 0.2017065, 0.8698828), (0.450438, 0.20175149, 0.8697136), (0.4503159, 0.20173341, 0.8697811), (0.4915817, 0.014126381, 0.8707169), (0.49155632, 0.014122957, 0.87073123), (0.49157038, 0.014124939, 0.87072325), (0.491589, 0.014127428, 0.8707127), (0.86633897, 0.034464348, 0.49826598), (0.86636335, 0.03447263, 0.49822295), (0.8664537, 0.034502916, 0.49806374), (0.8663609, 0.034471635, 0.49822727), (0.79147714, 0.21446589, 0.5723358), (0.7914906, 0.21446782, 0.57231647), (0.7914893, 0.21446885, 0.57231796), (0.7914914, 0.21446751, 0.5723155), (0.7914725, 0.21446408, 0.572343), (0.813888, 0.2149916, 0.5397822), (0.813884, 0.21499272, 0.5397879), (0.8138897, 0.21499315, 0.5397792), (0.81387365, 0.21499677, 0.5398019), (0.6857048, -0.58486646, -0.43328974), (0.68571055, -0.5848674, -0.43327957), (0.68573415, -0.5848767, -0.43322948), (0.68571967, -0.5848726, -0.43325803), (-0.5026407, 0.85986155, 0.089388944), (-0.5026533, 0.85986155, 0.0893188), (-0.5026769, 0.8598634, 0.089168034), (-0.5026529, 0.85986304, 0.089305535), (0.73829454, 0.06927903, -0.670911), (0.73830414, 0.06928122, -0.6709003), (0.7382968, 0.06927744, -0.67090863), (0.73830307, 0.06928344, -0.6709012), (-0.8663641, -0.03449658, -0.49822), (-0.8665212, -0.034549568, -0.4979432), (-0.8665258, -0.034551088, -0.4979349), (-0.866418, -0.034514636, -0.4981251), (0.7806062, 0.038341597, -0.6238461), (0.78061086, 0.03834133, -0.62384033), (0.78066146, 0.03833763, -0.62377715), (0.78071594, 0.038333565, -0.6237091), (0.39591894, -0.91254675, 0.10250137), (0.39592806, -0.91254336, 0.10249683), (0.39592835, -0.9125438, 0.10249205), (0.39591187, -0.91254854, 0.102513395), (0.39591825, -0.9125478, 0.10249484), (0.39590308, -0.9125514, 0.102521375), (0.9835797, 0, -0.18047419), (0.9835797, 0, -0.1804739), (0.9835797, 0, -0.18047395), (0.9835797, 0, -0.18047425), (0.9096068, 0.36286923, -0.20233937), (0.9096039, 0.36286882, -0.20235367), (0.90961057, 0.36286753, -0.20232563), (0.9096107, 0.36286747, -0.20232528), (0.033851217, 0.0039476748, -0.9994191), (0.038341563, 0, -0.99926466), (0.038341563, 0, -0.99926466), (0.035495125, 0.0001711408, -0.9993699), (0.03408347, 0.0059159, -0.99940145), (0.027585996, 0.013670278, -0.9995259), (0.026520504, 0.0134956315, -0.9995572), (0.026416132, 0.013466785, -0.9995603), (0.45823368, -0.8842328, -0.090301126), (0.45824024, -0.88422996, -0.09029591), (0.45823377, -0.8842327, -0.09030103), (0.45822647, -0.8842359, -0.09030669), (-0.978448, 0, 0.20649357), (-0.978448, 0, 0.20649327), (-0.978448, 0, 0.20649333), (-0.978448, 0, 0.20649363), (-0.40379116, 0, -0.9148512), (-0.403791, 0, -0.91485125), (-0.40379107, 0, -0.91485125), (-0.40379122, 0, -0.9148512), (0.2988701, -0.6695758, 0.67995954), (0.2988826, -0.6697995, 0.67973363), (0.29887742, -0.66970456, 0.6798295), (0.2988843, -0.66982394, 0.6797089), (-0.104881436, 0, 0.9944847), (-0.10488141, 0, 0.9944847), (-0.10488141, 0, 0.9944847), (-0.104881436, 0, 0.9944847), (-0.09638331, -0.01546143, 0.99522424), (-0.09637601, -0.01545669, 0.99522495), (-0.099132046, -0.018819483, 0.99489623), (-0.09786867, -0.023489514, 0.9949221), (-0.0959071, -0.025110966, 0.9950735), (-0.09590226, -0.025108587, 0.995074), (-0.28123268, -0.144738, -0.94866174), (-0.28123447, -0.1447216, -0.9486637), (-0.28120732, -0.14471655, -0.9486725), (-0.28121004, -0.14471713, -0.94867164), (0.28550923, 0.14373624, 0.947536), (0.28550664, 0.14373605, 0.9475367), (0.28549728, 0.14372216, 0.94754165), (0.2854949, 0.14371695, 0.94754314), (0.40131146, 0, 0.9159417), (0.40131158, 0, 0.9159416), (0.40131152, 0, 0.9159416), (0.40131146, 0, 0.9159417), (0.22510605, 0.08802191, 0.97035015), (0.22507367, 0.08800354, 0.9703593), (0.22499266, 0.08795818, 0.9703822), (0.22499393, 0.08795856, 0.9703819), (0.8745805, 0.35275552, -0.33267477), (0.87458277, 0.35275534, -0.33266896), (0.87457865, 0.35275373, -0.33268148), (0.8745829, 0.35275567, -0.33266836), (0.75503975, 0.5739833, -0.31695136), (0.75504315, 0.5739814, -0.31694674), (0.7550519, 0.57397866, -0.31693074), (0.7550411, 0.5739819, -0.31695074), (0.08978658, 0.16949658, 0.9814323), (0.089793086, 0.1695033, 0.9814306), (0.08980233, 0.16951574, 0.9814276), (0.08979736, 0.16951114, 0.98142874), (-0.47532734, 0.6634201, -0.57787335), (-0.47531313, 0.6634193, -0.57788604), (-0.47532648, 0.6634203, -0.5778739), (-0.47530282, 0.663421, -0.57789266), (0.64872754, -0.7464321, -0.148296), (0.6488111, -0.74637437, -0.14822099), (0.6488856, -0.7463228, -0.14815427), (0.64880455, -0.7463789, -0.14822629), (-0.7485784, -0.55715024, 0.35946354), (-0.7485704, -0.5571552, 0.35947236), (-0.74857205, -0.55715007, 0.35947686), (-0.7485809, -0.5571542, 0.3594522), (-0.081382565, -0.16444317, -0.9830236), (-0.081393085, -0.16445652, -0.9830205), (-0.08140207, -0.16446231, -0.98301876), (-0.08138573, -0.16444449, -0.9830231), (-0.21935596, -0.08583511, -0.9718617), (-0.21928626, -0.08579717, -0.97188085), (-0.2192917, -0.085799865, -0.9718794), (-0.21937273, -0.0858442, -0.97185725), (-0.8641993, -0.34660903, 0.36472154), (-0.8642058, -0.34660956, 0.36470562), (-0.8642043, -0.34660143, 0.36471698), (-0.864211, -0.3466017, 0.3647006), (0.04638234, -0.010976676, -0.99886346), (0.046369225, -0.010982698, -0.99886394), (0.046372645, -0.010981149, -0.9988638), (0.046465714, -0.010937776, -0.99886), (0.20232962, -0.15689766, -0.96666735), (0.20231713, -0.1569409, -0.96666294), (0.20233299, -0.15689589, -0.96666694), (0.20236678, -0.15677445, -0.96667963), (-0.41007835, -0.48172984, 0.7744496), (-0.4083545, -0.48351878, 0.7742455), (-0.408358, -0.4835058, 0.7742518), (-0.4083529, -0.48350066, 0.7742577), (0.24433903, 0.592044, -0.7679728), (0.24434331, 0.59206545, -0.7679549), (0.24433404, 0.59207356, -0.76795167), (0.24434066, 0.5920709, -0.7679516), (0.2834729, -0.01957634, -0.95878047), (0.2834722, -0.0195887, -0.95878035), (0.2834813, -0.019614222, -0.9587772), (0.28347245, -0.019622123, -0.9587797), (-0.007148415, -0.028668381, 0.9995634), (-0.0071371566, -0.028671319, 0.9995634), (-0.0071613304, -0.028653407, 0.99956375), (-0.007156942, -0.02865627, 0.99956363), (-0.08972858, 0.47202694, 0.87700593), (-0.08973001, 0.4720276, 0.87700534), (-0.0897309, 0.4720321, 0.8770029), (-0.0897308, 0.4720204, 0.8770092), (-0.89706814, -0.073373355, 0.4357581), (-0.89706624, -0.07338823, 0.43575945), (-0.89707685, -0.07340786, 0.43573433), (-0.89707, -0.07339571, 0.4357506), (-0.040327124, -0.45065907, -0.89178485), (-0.040315054, -0.45064023, -0.8917948), (-0.040336564, -0.45065996, -0.8917839), (-0.04035701, -0.45066255, -0.8917817), (-0.21828926, -0.008397257, 0.975848), (-0.21828614, -0.008393212, 0.9758488), (-0.21829002, -0.008388532, 0.9758479), (-0.21829364, -0.008400912, 0.975847), (-0.15791155, 0.018672073, 0.98727673), (-0.15794417, 0.018638646, 0.9872722), (-0.15794773, 0.018635817, 0.9872716), (-0.15793525, 0.018650638, 0.9872732), (-0.32061788, -0.33890486, 0.88450414), (-0.3206147, -0.33890578, 0.884505), (-0.3206317, -0.3389127, 0.8844962), (-0.32062268, -0.3388999, 0.88450444), (-0.90277016, -0.36736667, 0.2237137), (-0.9027752, -0.367366, 0.2236943), (-0.9027688, -0.36736533, 0.22372141), (-0.9027629, -0.36736944, 0.22373836), (-0.4266589, -0.011383675, -0.904341), (-0.42656785, -0.011331522, -0.90438455), (-0.42652923, -0.011309448, -0.9044031), (-0.42661217, -0.011357207, -0.9043633), (-0.46388072, 0.20342317, -0.862226), (-0.4638836, 0.20342492, -0.86222404), (-0.46391732, 0.20343272, -0.86220413), (-0.4638923, 0.20342673, -0.8622189), (-0.8934785, 0.028420819, 0.4482058), (-0.89346415, 0.028416475, 0.44823477), (-0.8934725, 0.028419374, 0.4482178), (-0.89347816, 0.028421069, 0.44820654), (0.088894255, -0.9937649, -0.067299575), (0.08890461, -0.9937558, -0.06741957), (0.08890426, -0.9937564, -0.067411505), (0.088910356, -0.9937511, -0.06748024), (0.43701524, 0.0047679916, 0.89944154), (0.4370734, 0.004740884, 0.89941335), (0.43691027, 0.0048167696, 0.89949214), (0.43707836, 0.00473866, 0.89941096), (-0.47132108, 0.014440405, 0.8818435), (-0.4713199, 0.0144399665, 0.88184416), (-0.47132018, 0.0144400755, 0.881844), (-0.47132134, 0.014440514, 0.8818433), (0.033677276, -0.99752206, -0.061770156), (0.033709448, -0.997519, -0.061801206), (0.033744827, -0.9975163, -0.061827887), (0.033710923, -0.9975193, -0.061795924), (0.9763134, -0.0012245317, -0.21635777), (0.9763209, -0.0012167592, -0.21632375), (0.9763199, -0.0012167663, -0.2163282), (0.97631615, -0.001219347, -0.21634513), (0.9674956, -0.07593841, -0.24121684), (0.9674865, -0.07592648, -0.24125704), (0.9674859, -0.075925015, -0.24126022), (0.9674849, -0.075923495, -0.24126458), (-0.5067359, -0.096760534, 0.856654), (-0.5067202, -0.0967667, 0.8566627), (-0.506739, -0.096761115, 0.8566522), (-0.5067153, -0.096770056, 0.85666513), (0.52291954, 0.093288235, -0.8472617), (0.52291495, 0.093295075, -0.8472638), (0.52293557, 0.09328505, -0.84725213), (0.52292705, 0.09329021, -0.84725684), (0.4859158, 0.01137899, -0.8739316), (0.48592696, 0.011384356, -0.8739253), (0.48591, 0.011376335, -0.87393475), (0.48591813, 0.0113801705, -0.87393034), (0.9797091, 0.041308355, -0.19612162), (0.9797065, 0.041314803, -0.19613314), (0.979711, 0.04130228, -0.19611312), (0.97971123, 0.041300915, -0.19611236), (0.6051418, 0.3453408, -0.71731657), (0.6051453, 0.34533784, -0.71731514), (0.6051504, 0.3453337, -0.7173128), (0.60513103, 0.34534794, -0.7173223), (-0.5275634, 0.4731196, -0.7055741), (-0.52758634, 0.47311878, -0.7055573), (-0.5275769, 0.47311977, -0.70556384), (-0.52757144, 0.47311863, -0.7055687), (-0.41233936, 0.7359754, -0.536951), (-0.4123368, 0.7359746, -0.536954), (-0.41236544, 0.7359748, -0.53693193), (-0.41235453, 0.735975, -0.53694), (0.62128705, 0.5307903, -0.5764234), (0.62128055, 0.53079724, -0.57642406), (0.6213051, 0.5307722, -0.5764207), (0.62130857, 0.5307684, -0.5764205), (-0.01974119, 0.5798379, 0.81449264), (-0.019713614, 0.57982594, 0.8145018), (-0.019742154, 0.5798392, 0.8144916), (-0.019737083, 0.5798374, 0.8144931), (-0.40953073, -0.57881266, -0.705167), (-0.4095167, -0.5787552, -0.7052223), (-0.4095142, -0.5787491, -0.7052287), (-0.4095142, -0.57875186, -0.70522654), (0.42404735, -0.7286742, 0.53778964), (0.42405188, -0.7286764, 0.5377831), (0.4240639, -0.72867554, 0.5377749), (0.42406946, -0.7286766, 0.53776896), (-0.60645926, -0.53813916, 0.5853319), (-0.6064397, -0.53815705, 0.5853356), (-0.60643876, -0.53815854, 0.58533525), (-0.60646707, -0.53813285, 0.58532965), (-0.5941604, -0.34916952, 0.72460616), (-0.5941689, -0.34916312, 0.7246023), (-0.5941734, -0.34916013, 0.7246001), (-0.5941519, -0.34917516, 0.7246104), (0.53553784, -0.4691447, 0.70221263), (0.5355618, -0.4691413, 0.70219654), (0.535535, -0.4691448, 0.70221466), (0.53554195, -0.46914405, 0.70220983), (-0.91495204, -0.1579004, 0.37138966), (-0.9149781, -0.15786149, 0.3713419), (-0.9150173, -0.15780291, 0.3712703), (-0.91510236, -0.15767522, 0.3711147), (-0.9492894, -0.18822804, 0.25183317), (-0.94924927, -0.18837684, 0.2518728), (-0.9492945, -0.1882081, 0.2518289), (-0.94929314, -0.18821286, 0.2518304), (0.47408858, -0.87938166, -0.04390786), (0.47410136, -0.87937444, -0.04391479), (0.47307757, -0.8798541, -0.045327093), (0.47407925, -0.8793864, -0.043913748), (-0.49714887, 0.8665724, 0.04353485), (-0.49717465, 0.8665559, 0.04356803), (-0.49715006, 0.8665711, 0.04354634), (-0.49715176, 0.8665706, 0.043538313), (0.55771744, 0.17265992, -0.8118743), (0.5577282, 0.17267206, -0.81186426), (0.55771583, 0.17265645, -0.81187606), (0.5577385, 0.17268011, -0.8118555), (0.48014858, 0.8436983, -0.24006331), (0.48015726, 0.843692, -0.24006814), (0.48015845, 0.8436917, -0.2400669), (0.48016632, 0.84368753, -0.24006587), (0.5650677, -0.11740677, 0.81664807), (0.5650694, -0.117417276, 0.81664544), (0.5650673, -0.11740673, 0.81664836), (0.5650758, -0.11743347, 0.81663877), (-0.48126775, -0.8447876, 0.2339129), (-0.48126525, -0.8447879, 0.23391709), (-0.48126534, -0.8447894, 0.23391142), (-0.48128915, -0.84477425, 0.23391736), (0.9771005, 0.008256336, -0.21261838), (0.97707623, 0.008007415, -0.21273889), (0.9770885, 0.0081330575, -0.21267805), (0.9770872, 0.008120558, -0.21268429), (0.9906607, 0.037439346, -0.1311094), (0.99066, 0.037444115, -0.13111272), (0.9906599, 0.037446883, -0.13111268), (0.99065936, 0.03745304, -0.13111603), (0.96480435, -0.23806065, 0.111713246), (0.964807, -0.23804721, 0.111718655), (0.96480453, -0.23805825, 0.1117166), (0.9648051, -0.23805633, 0.11171496), (-0.9065864, -0.13349487, 0.4003501), (-0.9066188, -0.13346526, 0.40028659), (-0.90674037, -0.13335347, 0.4000483), (-0.90676546, -0.13333051, 0.3999993), (0.46715966, -0.206128, 0.85981), (0.46716437, -0.20612861, 0.85980725), (0.4671473, -0.2061263, 0.85981715), (0.4671425, -0.20612383, 0.8598202), (-0.41051814, -0.00001729157, -0.9118524), (-0.4105163, -0.000017487706, -0.9118533), (-0.410559, -0.000049568644, -0.91183406), (-0.41054925, -0.000049430622, -0.9118384), (-0.41067636, -0.0000313812, -0.91178125), (-0.4107059, -0.000024457522, -0.91176796), (-0.4107572, 0.0002824806, -0.91174465), (-0.41079095, 0.000315219, -0.9117295), (-0.41039288, 0.00078462396, -0.9119085), (-0.41039333, 0.000828014, -0.9119082), (-0.4100706, 0.00088280404, -0.91205335), (-0.41006097, 0.0009071987, -0.91205764), (0.57689, 0.0008159346, -0.8168215), (0.57684034, 0.00082322827, -0.8168565), (0.57681865, 0.0008264241, -0.8168718), (0.5768639, 0.00081969146, -0.8168399), (0.41051632, -0.00030584083, 0.9118532), (0.4105166, -0.0003058111, 0.9118531), (0.41054583, -0.00009733794, 0.91184), (0.41053462, -0.00009165144, 0.9118451), (0.41068515, 0.00004904376, 0.9117772), (0.41071025, 0.000027395712, 0.9117659), (0.41077843, -0.00027718593, 0.9117352), (0.41078535, -0.00032895396, 0.9117321), (0.4103872, -0.0007889049, 0.91191095), (0.41037044, -0.00082311174, 0.91191864), (0.41004565, -0.0008635913, 0.91206455), (0.41001943, -0.0008886118, 0.91207635), (-0.9939108, -0.000017158029, -0.11018788), (-0.9939194, -0.000007783573, -0.11011035), (-0.99395967, 0.000036128797, -0.10974618), (-0.99392444, -0.0000023307146, -0.110064365), (0, -1, -1.6755311e-7), (0.00009240875, -1, 0.00020511194), (0.000092565075, -1, 0.00020511184), (0, -1, 0), (-0.00009247345, -1, -0.00020538928), (-0.00009260085, -1, -0.00020538925), (0.55975235, -0.19106995, -0.806331), (0.559679, -0.19108462, -0.8063784), (0.55986434, -0.19104742, -0.8062586), (0.559679, -0.1910848, -0.80637825), (-0.5764564, -0.00018703648, 0.8171279), (-0.57669735, -0.00022215387, 0.8169579), (-0.5768067, -0.00023813042, 0.8168806), (-0.57683927, -0.00024286819, 0.8168577), (0.9939429, 0.0006038066, 0.10989582), (0.99394894, 0.0006104244, 0.10984159), (0.99397177, 0.0006356871, 0.109633945), (0.9939511, 0.0006127989, 0.1098217), (-0.86492336, 0.48145452, -0.14180627), (-0.8649205, 0.48145485, -0.14182332), (-0.86492366, 0.48145527, -0.14180216), (-0.8649219, 0.48145202, -0.14182377), (-0.46611503, 0.4811639, 0.7424407), (-0.46610153, 0.48115367, 0.7424557), (-0.46609512, 0.48114645, 0.7424644), (-0.46609554, 0.48114794, 0.7424632), (-0.5585553, 0.19237705, 0.8068501), (-0.55859596, 0.19239783, 0.80681694), (-0.5586819, 0.19244187, 0.80674696), (-0.55860054, 0.19240017, 0.80681324), (0.9748805, -0.19096003, 0.11463971), (0.97488064, -0.19096345, 0.11463332), (0.974882, -0.1909783, 0.11459701), (0.9748775, -0.19092529, 0.11472304), (-0.97448945, 0.1922812, -0.11575058), (-0.97448903, 0.19228166, -0.11575394), (-0.9744881, 0.19228274, -0.115759425), (-0.97447926, 0.1922917, -0.115819134), (0.21690066, -0.8793339, 0.42394117), (0.21689853, -0.8793346, 0.42394072), (0.21688247, -0.87934864, 0.42391977), (0.21689056, -0.8793429, 0.42392758), (0.47601542, -0.46679088, -0.74532914), (0.47601736, -0.4667901, -0.7453285), (0.47599977, -0.4667901, -0.74533975), (0.47600335, -0.4667894, -0.74533784), (0.87368184, -0.46698996, 0.13638355), (0.87368107, -0.46699414, 0.1363739), (0.87367994, -0.46699932, 0.13636382), (0.87367994, -0.46699646, 0.13637361), (0.26958135, 0.6990221, -0.6623398), (0.2695505, 0.69897455, -0.6624026), (0.2695598, 0.6989891, -0.6623834), (0.26958343, 0.6990258, -0.6623351), (0.67444867, 0.7003734, 0.23365805), (0.67444885, 0.70037436, 0.23365454), (0.674441, 0.70035905, 0.23372342), (0.67444676, 0.70037, 0.23367374), (0.16573304, 0.8791, 0.44689566), (0.16573155, 0.87910557, 0.44688538), (0.16573706, 0.87909245, 0.4469091), (0.16573153, 0.8791034, 0.44688946), (-0.22560115, 0.87840325, -0.42132136), (-0.2255967, 0.87841284, -0.42130408), (-0.22559555, 0.8784163, -0.4212973), (-0.22560099, 0.87840587, -0.42131636), (-0.17397125, -0.87907517, -0.44380274), (-0.17398763, -0.87906283, -0.44382071), (-0.17398258, -0.8790671, -0.4438141), (-0.1739663, -0.8790791, -0.44379678), (-0.6774955, -0.697351, -0.23388354), (-0.6775068, -0.6973299, -0.23391347), (-0.67749476, -0.6973521, -0.23388214), (-0.67750305, -0.6973369, -0.23390342), (-0.27426827, -0.6974698, 0.6620519), (-0.27427873, -0.6974742, 0.662043), (-0.27432227, -0.6974854, 0.6620131), (-0.27427137, -0.6974706, 0.66204983), (0.059662312, -0.00054902316, 0.9982185), (0.059655454, -0.00055026106, 0.99821883), (0.059640504, -0.0005534833, 0.9982198), (0.05966998, -0.0005468728, 0.998218), (0.991043, 0.032739066, -0.12946813), (0.9910465, 0.032735128, -0.12944208), (0.99105036, 0.032730285, -0.1294138), (0.991043, 0.0327389, -0.1294679), (0.0014988265, -0.9999821, 0.0057867123), (0.0015119249, -0.99998236, 0.005754201), (0.0015120452, -0.99998236, 0.005754295), (0.00150469, -0.99998224, 0.005771073), (0.0014892357, -0.999982, 0.0058077206), (0.0014895613, -0.9999821, 0.0058049527), (-0.078581154, 0.011031889, -0.9968466), (-0.07857381, 0.011032773, -0.9968472), (-0.07857359, 0.011032586, -0.9968472), (-0.07857011, 0.011034324, -0.99684745), (-0.99173623, 0.02185668, 0.1264179), (-0.99174106, 0.021864366, 0.1263791), (-0.99173534, 0.021856273, 0.12642494), (-0.99173975, 0.021861887, 0.12638968), (0.46694592, 0.006778125, -0.88425994), (0.4669696, 0.006778387, -0.88424736), (0.46696565, 0.0067774155, -0.8842495), (0.4669402, 0.006786076, -0.8842629), (-0.08936943, 0.13515778, -0.9867855), (-0.08947749, 0.13512105, -0.9867807), (-0.08952806, 0.13510425, -0.9867784), (-0.089474894, 0.13512234, -0.9867807), (0.56241184, -0.012924139, -0.82675624), (0.5624356, -0.012923887, -0.82674015), (0.56242305, -0.012916734, -0.8267488), (0.56241024, -0.012920774, -0.82675743), (0.5693145, 0.0035839276, -0.822112), (0.5692932, 0.0036025606, -0.8221267), (0.077760324, -0.1292463, 0.9885589), (0.077570215, -0.12931252, 0.98856515), (0.07811068, -0.12912415, 0.9885472), (0.07829239, -0.12906082, 0.9885411), (0.09754951, -0.27247664, 0.9572046), (0.09757844, -0.27247578, 0.9572019), (0.0975708, -0.27247572, 0.9572026), (0.097576044, -0.27247527, 0.9572022), (-0.055823013, 0.234922, -0.97041), (-0.055827975, 0.23492004, -0.97041005), (-0.055846445, 0.2349186, -0.9704094), (-0.055845696, 0.23492052, -0.97040904), (0.0275989, 0.4628622, -0.88600045), (0.027563687, 0.46285823, -0.8860036), (0.027584394, 0.46286017, -0.88600206), (0.027556732, 0.46285737, -0.8860044), (-0.8750591, 0.47094932, 0.111706235), (-0.87506515, 0.47093302, 0.11172771), (-0.87506485, 0.4709341, 0.111724906), (-0.8750662, 0.47093025, 0.11173078), (-0.94695514, 0.30374447, 0.10495279), (-0.9469572, 0.3037375, 0.104954645), (-0.9469559, 0.30374178, 0.10495457), (-0.9469554, 0.3037526, 0.1049279), (0.1251075, -0.5516025, -0.8246713), (0.12511295, -0.5516077, -0.824667), (0.12511133, -0.55158687, -0.8246812), (0.12511252, -0.5515966, -0.8246745), (-0.45496264, -0.058408298, 0.88859296), (-0.4549583, -0.058410414, 0.8885951), (-0.45495492, -0.058412354, 0.8885967), (-0.4549306, -0.058423854, 0.8886084), (-0.4848196, -0.043149147, 0.87354916), (-0.4848207, -0.043183673, 0.87354684), (-0.4897364, -0.011114345, 0.87179965), (-0.48973727, -0.011113854, 0.87179923), (-0.9816242, 0.17767845, 0.06960152), (-0.981625, 0.17765751, 0.06964339), (-0.98162556, 0.17764737, 0.069661625), (-0.98162454, 0.17766707, 0.06962458), (0.92694575, -0.3698284, 0.06323416), (0.926946, -0.36982718, 0.06323782), (0.92694646, -0.3698268, 0.06323291), (0.9269468, -0.36982653, 0.06323021), (0.9812837, -0.17580192, -0.07858679), (0.98128396, -0.17578553, -0.078620434), (0.9812842, -0.17577884, -0.07863323), (0.9812842, -0.17578425, -0.07862145), (-0.4035122, -0.0049681724, 0.91496074), (-0.403508, -0.0049607763, 0.91496265), (-0.40351468, -0.004961594, 0.9149597), (-0.4034901, -0.004961908, 0.9149705), (0.8937532, -0.44700444, 0.037315674), (0.89376456, -0.44698393, 0.03728528), (0.8937605, -0.4469924, 0.03728255), (0.89375114, -0.4470089, 0.037307803), (0.65587175, -0.75376093, 0.040947754), (0.65588325, -0.7537519, 0.04093015), (0.65588003, -0.75375426, 0.040937163), (0.6558703, -0.75376207, 0.040950265), (-0.37682992, -0.0135999145, 0.92618257), (-0.37682644, -0.013602881, 0.92618394), (-0.37680075, -0.013660106, 0.92619365), (-0.3768278, -0.0136103155, 0.9261833), (-0.41160035, 0.011238765, 0.9112951), (-0.41158977, 0.0112210065, 0.9113001), (-0.65671456, 0.75289553, -0.043291032), (-0.65673196, 0.7528815, -0.043273073), (-0.65672666, 0.75288606, -0.04327416), (-0.65671843, 0.75289243, -0.043287113), (0.63846266, 0.3008222, -0.70842886), (0.6385558, 0.30067647, -0.7084067), (0.63843226, 0.30087054, -0.7084357), (0.6384347, 0.30086702, -0.70843494), (0.019916063, 0.666016, -0.74567145), (0.01990344, 0.6659925, -0.74569273), (0.01990401, 0.66599137, -0.74569386), (0.019913705, 0.6659941, -0.74569124), (0.61507607, 0.23357947, -0.753075), (0.6151537, 0.23341684, -0.753062), (0.6152503, 0.2332298, -0.7530411), (0.6151956, 0.23334521, -0.7530501), (-0.021993678, -0.66505915, 0.74646676), (-0.021993974, -0.66516995, 0.74636805), (-0.021999378, -0.6650597, 0.74646616), (-0.021997178, -0.66505975, 0.74646616), (0.045654334, -0.44814116, 0.89279634), (0.045671605, -0.4481349, 0.8927985), (0.04565325, -0.4481418, 0.89279604), (0.045667786, -0.44814375, 0.89279425), (0.5883925, 0.12462016, -0.7989143), (0.58841765, 0.124586, -0.79890114), (0.588401, 0.12461056, -0.7989095), (0.58841413, 0.12459369, -0.7989025)]
    uniform token orientation
    point3f[] points = [(0.015919268, 0.14228287, -0.055487227), (0.010595449, 0.14448291, -0.0725122), (0.033018734, 0.17179012, -0.10938135), (0.031348478, 0.14365774, -0.059770625), (0.015919268, 0.14228287, -0.055487227), (0.033018734, 0.17179012, -0.10938135), (0.01706207, 0.13825893, -0.06358087), (0.03353515, 0.1684606, -0.11104592), (0.011854289, 0.14065054, -0.080635116), (0.03248262, 0.14014752, -0.068181805), (0.03353515, 0.1684606, -0.11104592), (0.01706207, 0.13825893, -0.06358087), (-0.01505237, 0.2083641, -0.029195921), (-0.0385113, 0.20989257, -0.042013995), (-0.054427505, 0.24615216, -0.10697285), (-0.003074651, 0.20970006, -0.049883954), (-0.01505237, 0.2083641, -0.029195921), (-0.054427505, 0.24615216, -0.10697285), (-0.022268796, 0.20084013, -0.044802368), (-0.055389337, 0.24101827, -0.10898956), (-0.045648646, 0.20264846, -0.057784036), (-0.010655988, 0.2029048, -0.06585871), (-0.055389337, 0.24101827, -0.10898956), (-0.022268796, 0.20084013, -0.044802368), (-0.080176756, 0.22972558, 0.08717456), (-0.038226068, 0.22808221, 0.07492789), (-0.12384313, 0.2552792, 0.20156685), (-0.077639066, 0.21522348, 0.08787789), (-0.12372104, 0.24033898, 0.20077825), (-0.038057964, 0.21352117, 0.07483047), (-0.038057964, 0.21352117, 0.07483047), (-0.12372104, 0.24033898, 0.20077825), (-0.044558205, 0.20404033, 0.10430401), (-0.038226068, 0.22808221, 0.07492789), (-0.0412285, 0.21721585, 0.10699214), (-0.12384313, 0.2552792, 0.20156685), (-0.13327344, 0.40123013, -0.07733819), (-0.08918568, 0.33065146, -0.046971872), (-0.09633519, 0.32997552, -0.04312585), (-0.13502865, 0.4001818, -0.08161515), (-0.1028917, 0.32637614, -0.051144317), (-0.09701827, 0.32561636, -0.056987297), (-0.14021787, 0.26859424, -0.014171168), (-0.13618092, 0.2841986, -0.007747914), (-0.1935801, 0.24950814, -0.02880924), (-0.13618092, 0.2841986, -0.007747914), (-0.15112898, 0.2608026, -0.008303053), (-0.1935801, 0.24950814, -0.02880924), (-0.14179282, 0.26447287, -0.013803278), (-0.1912592, 0.24530943, -0.02878652), (-0.1363823, 0.27942333, -0.007663679), (-0.1363823, 0.27942333, -0.007663679), (-0.1912592, 0.24530943, -0.02878652), (-0.14717433, 0.25843927, -0.008565155), (0.041597165, 0.32862586, 0.18614765), (0.05134167, 0.3421562, 0.17698945), (0.05814883, 0.30122676, 0.25837275), (0.05134167, 0.3421562, 0.17698945), (0.07266912, 0.3280801, 0.18889304), (0.05814883, 0.30122676, 0.25837275), (0.04415244, 0.31384638, 0.18472423), (0.057413157, 0.29744056, 0.2553574), (0.052596096, 0.32563785, 0.17458445), (0.052596096, 0.32563785, 0.17458445), (0.057413157, 0.29744056, 0.2553574), (0.07068608, 0.317635, 0.18506329), (0.17821035, 0.18716508, -0.07933022), (0.21511213, 0.17938457, -0.110368945), (0.17415257, 0.17556922, -0.07751736), (0.1712873, 0.18282498, -0.090608574), (0.21511213, 0.17938457, -0.110368945), (0.16334666, 0.17557001, -0.10144664), (0.16334666, 0.17557001, -0.10144664), (0.21511213, 0.17938457, -0.110368945), (0.16743274, 0.18716522, -0.103272215), (0.1753432, 0.19441877, -0.092489325), (0.21511213, 0.17938457, -0.110368945), (0.17821035, 0.18716508, -0.07933022), (0.16743274, 0.18716522, -0.103272215), (0.21511213, 0.17938457, -0.110368945), (0.1753432, 0.19441877, -0.092489325), (0.17415257, 0.17556922, -0.07751736), (0.21511213, 0.17938457, -0.110368945), (0.1712873, 0.18282498, -0.090608574), (0.08783924, 0.26398614, 0.048239842), (0.086907126, 0.2630011, 0.05568265), (0.11535897, 0.2834668, 0.06877742), (0.08188937, 0.26923457, 0.04518882), (0.10941728, 0.28847474, 0.06553561), (0.08117026, 0.26851195, 0.05352002), (0.09293619, 0.26482573, 0.040653557), (0.10941728, 0.28847474, 0.06553561), (0.08188937, 0.26923457, 0.04518882), (0.09921119, 0.26010257, 0.04429002), (0.08783924, 0.26398614, 0.048239842), (0.11535897, 0.2834668, 0.06877742), (-0.0385113, 0.20989257, -0.042013995), (-0.045648646, 0.20264846, -0.057784036), (-0.055389337, 0.24101827, -0.10898956), (-0.0385113, 0.20989257, -0.042013995), (-0.055389337, 0.24101827, -0.10898956), (-0.054427505, 0.24615216, -0.10697285), (-0.030453132, -0.0018073283, 0.020197978), (-0.019869186, 0.06948507, 0.025733192), (-0.018679239, 0.07135999, 0.040098466), (-0.030453132, -0.0018073283, 0.020197978), (-0.018679239, 0.07135999, 0.040098466), (-0.019324023, -0.005508911, 0.028456451), (-0.016047793, 0.15650238, 0.03306261), (-0.008715718, 0.14830784, 0.05786291), (-0.0412285, 0.21721585, 0.10699214), (-0.016047793, 0.15650238, 0.03306261), (-0.0412285, 0.21721585, 0.10699214), (-0.038226068, 0.22808221, 0.07492789), (-0.080176756, 0.22972558, 0.08717456), (-0.077639066, 0.21522348, 0.08787789), (-0.045359395, 0.15254861, 0.042069186), (-0.080176756, 0.22972558, 0.08717456), (-0.045359395, 0.15254861, 0.042069186), (-0.052372444, 0.16005474, 0.037946332), (-0.017447593, 0.14750451, 0.03419755), (-0.038057964, 0.21352117, 0.07483047), (-0.044558205, 0.20404033, 0.10430401), (-0.017447593, 0.14750451, 0.03419755), (-0.044558205, 0.20404033, 0.10430401), (-0.015945192, 0.14223939, 0.05398742), (-0.0033173184, 0.049620066, 0.03809685), (-0.006490114, -0.013482849, 0.039928555), (-0.009986483, -0.012856553, 0.025721911), (-0.0033173184, 0.049620066, 0.03809685), (-0.009986483, -0.012856553, 0.025721911), (-0.009887965, 0.04224342, 0.025140468), (0.05814883, 0.30122676, 0.25837275), (0.057413157, 0.29744056, 0.2553574), (0.04415244, 0.31384638, 0.18472423), (0.05814883, 0.30122676, 0.25837275), (0.04415244, 0.31384638, 0.18472423), (0.041597165, 0.32862586, 0.18614765), (0.054642394, 0.20998052, 0.016385261), (0.04209349, 0.21750022, 0.010283484), (0.064138584, 0.21374114, 0.00952464), (0.054642394, 0.20998052, 0.016385261), (0.064138584, 0.21374114, 0.00952464), (0.07194932, 0.20983571, 0.015044955), (-0.09712365, 0.34690306, -0.056329146), (-0.13327344, 0.40123013, -0.07733819), (-0.099630915, 0.35745803, -0.06524328), (-0.08918568, 0.33065146, -0.046971872), (-0.08081105, 0.3329659, -0.058472615), (-0.0922669, 0.34787428, -0.06259491), (0.034719247, 0.058307074, -0.050399866), (0.012818044, 0.09960389, -0.04580633), (0.031712, 0.101526715, -0.051330548), (0.015380346, 0.05640363, -0.045046046), (0.036058497, 0.017275456, -0.05010822), (0.015732894, 0.017275456, -0.04513291), (0.015732892, -0.0100764595, -0.045132916), (0.036058497, -0.0100764595, -0.05010822), (0.031712, 0.101526715, -0.051330548), (0.012818044, 0.09960389, -0.04580633), (0.015919268, 0.14228287, -0.055487227), (0.031348478, 0.14365774, -0.059770625), (0.015732894, 0.017275456, -0.04513291), (0.0062438864, 0.05984842, -0.061751645), (0.015380346, 0.05640363, -0.045046046), (0.00496427, 0.017275456, -0.062464185), (0.0049642688, -0.0100764595, -0.062464185), (0.015732892, -0.0100764595, -0.045132916), (0.015380346, 0.05640363, -0.045046046), (0.0062438864, 0.05984842, -0.061751645), (0.004984185, 0.10299209, -0.062012553), (0.012818044, 0.09960389, -0.04580633), (0.012818044, 0.09960389, -0.04580633), (0.004984185, 0.10299209, -0.062012553), (0.010595449, 0.14448291, -0.0725122), (0.015919268, 0.14228287, -0.055487227), (0.03599222, 0.056402504, -0.059191883), (0.032964144, 0.09927249, -0.060096577), (0.014210241, 0.097386464, -0.054567244), (0.01675952, 0.05458504, -0.053834017), (0.037335146, 0.015484471, -0.058902945), (0.017110446, 0.015484471, -0.0539217), (0.037335146, -0.011867951, -0.058902938), (0.017110445, -0.011867951, -0.053921692), (0.032964144, 0.09927249, -0.060096577), (0.03248262, 0.14014752, -0.068181805), (0.01706207, 0.13825893, -0.06358087), (0.014210241, 0.097386464, -0.054567244), (0.017110446, 0.015484471, -0.0539217), (0.01675952, 0.05458504, -0.053834017), (0.00772427, 0.058179114, -0.07043772), (0.0064332024, 0.015484471, -0.0711695), (0.017110445, -0.011867951, -0.053921692), (0.0064332006, -0.011867951, -0.0711695), (0.01675952, 0.05458504, -0.053834017), (0.014210241, 0.097386464, -0.054567244), (0.006459822, 0.10077889, -0.07065778), (0.00772427, 0.058179114, -0.07043772), (0.014210241, 0.097386464, -0.054567244), (0.01706207, 0.13825893, -0.06358087), (0.011854289, 0.14065054, -0.080635116), (0.006459822, 0.10077889, -0.07065778), (0.037335146, 0.015484471, -0.058902945), (0.037335146, -0.011867951, -0.058902938), (0.036058497, -0.0100764595, -0.05010822), (0.036058497, 0.017275456, -0.05010822), (0.034719247, 0.058307074, -0.050399866), (0.03599222, 0.056402504, -0.059191883), (0.031712, 0.101526715, -0.051330548), (0.032964144, 0.09927249, -0.060096577), (0.00496427, 0.017275456, -0.062464185), (0.00772427, 0.058179114, -0.07043772), (0.0062438864, 0.05984842, -0.061751645), (0.0064332024, 0.015484471, -0.0711695), (0.0064332006, -0.011867951, -0.0711695), (0.0049642688, -0.0100764595, -0.062464185), (0.031348478, 0.14365774, -0.059770625), (0.03248262, 0.14014752, -0.068181805), (0.032964144, 0.09927249, -0.060096577), (0.031712, 0.101526715, -0.051330548), (0.033018734, 0.17179012, -0.10938135), (0.03353515, 0.1684606, -0.11104592), (0.03248262, 0.14014752, -0.068181805), (0.031348478, 0.14365774, -0.059770625), (0.004984185, 0.10299209, -0.062012553), (0.006459822, 0.10077889, -0.07065778), (0.011854289, 0.14065054, -0.080635116), (0.010595449, 0.14448291, -0.0725122), (0.0062438864, 0.05984842, -0.061751645), (0.00772427, 0.058179114, -0.07043772), (0.006459822, 0.10077889, -0.07065778), (0.004984185, 0.10299209, -0.062012553), (0.010595449, 0.14448291, -0.0725122), (0.011854289, 0.14065054, -0.080635116), (0.03353515, 0.1684606, -0.11104592), (0.033018734, 0.17179012, -0.10938135), (0.036058497, -0.0100764595, -0.05010822), (0.037335146, -0.011867951, -0.058902938), (0.017110445, -0.011867951, -0.053921692), (0.015732892, -0.0100764595, -0.045132916), (0.015732892, -0.0100764595, -0.045132916), (0.017110445, -0.011867951, -0.053921692), (0.0064332006, -0.011867951, -0.0711695), (0.0049642688, -0.0100764595, -0.062464185), (0.020084556, 0.020231638, -0.033146106), (0.00361703, 0.020231638, -0.006598961), (0.0006061851, 0.08189237, -0.009939385), (0.015623144, 0.08383615, -0.03586997), (-0.0056495867, 0.14603934, -0.011899754), (0.008713096, 0.14800069, -0.03755217), (0.008713096, 0.14800069, -0.03755217), (-0.0056495867, 0.14603934, -0.011899754), (-0.01505237, 0.2083641, -0.029195921), (-0.003074651, 0.20970006, -0.049883954), (0.00361703, 0.020231638, -0.006598961), (-0.026064364, 0.020231638, -0.014212711), (-0.026676523, 0.08536585, -0.01857275), (0.0006061851, 0.08189237, -0.009939385), (0.0006061851, 0.08189237, -0.009939385), (-0.026676523, 0.08536585, -0.01857275), (-0.03101942, 0.14946127, -0.021346554), (-0.0056495867, 0.14603934, -0.011899754), (-0.0056495867, 0.14603934, -0.011899754), (-0.03101942, 0.14946127, -0.021346554), (-0.0385113, 0.20989257, -0.042013995), (-0.01505237, 0.2083641, -0.029195921), (0.00361703, 0.020231638, -0.006598961), (0.0036170287, -0.003675472, -0.00659896), (-0.026064366, -0.003675472, -0.014212711), (-0.026064364, 0.020231638, -0.014212711), (0.01213788, 0.016344462, -0.049816117), (-0.007224793, 0.07756262, -0.02672557), (-0.0042154794, 0.016344462, -0.02337782), (0.007678976, 0.07938208, -0.052530944), (-0.013405827, 0.14112324, -0.028620483), (0.00080056954, 0.14303271, -0.054144435), (0.00080056954, 0.14303271, -0.054144435), (-0.010655988, 0.2029048, -0.06585871), (-0.022268796, 0.20084013, -0.044802368), (-0.013405827, 0.14112324, -0.028620483), (-0.0042154794, 0.016344462, -0.02337782), (-0.007224793, 0.07756262, -0.02672557), (-0.034310464, 0.08126889, -0.035368245), (-0.033708394, 0.016344462, -0.030997936), (-0.007224793, 0.07756262, -0.02672557), (-0.013405827, 0.14112324, -0.028620483), (-0.038581304, 0.14456294, -0.038042378), (-0.034310464, 0.08126889, -0.035368245), (-0.013405827, 0.14112324, -0.028620483), (-0.022268796, 0.20084013, -0.044802368), (-0.045648646, 0.20264846, -0.057784036), (-0.038581304, 0.14456294, -0.038042378), (-0.026064364, 0.020231638, -0.014212711), (-0.026064366, -0.003675472, -0.014212711), (-0.033708394, -0.007562842, -0.030997936), (-0.033708394, 0.016344462, -0.030997936), (-0.034310464, 0.08126889, -0.035368245), (-0.026676523, 0.08536585, -0.01857275), (0.020084556, 0.020231638, -0.033146106), (0.020084554, -0.003675472, -0.033146106), (0.0036170287, -0.003675472, -0.00659896), (0.00361703, 0.020231638, -0.006598961), (0.01213788, 0.016344462, -0.049816117), (0.012137879, -0.007562842, -0.04981612), (0.020084554, -0.003675472, -0.033146106), (0.020084556, 0.020231638, -0.033146106), (0.015623144, 0.08383615, -0.03586997), (0.007678976, 0.07938208, -0.052530944), (0.01213788, 0.016344462, -0.049816117), (0.020084556, 0.020231638, -0.033146106), (0.008713096, 0.14800069, -0.03755217), (0.007678976, 0.07938208, -0.052530944), (0.015623144, 0.08383615, -0.03586997), (0.00080056954, 0.14303271, -0.054144435), (-0.003074651, 0.20970006, -0.049883954), (-0.010655988, 0.2029048, -0.06585871), (-0.054427505, 0.24615216, -0.10697285), (-0.055389337, 0.24101827, -0.10898956), (-0.010655988, 0.2029048, -0.06585871), (-0.003074651, 0.20970006, -0.049883954), (-0.03101942, 0.14946127, -0.021346554), (-0.038581304, 0.14456294, -0.038042378), (-0.045648646, 0.20264846, -0.057784036), (-0.0385113, 0.20989257, -0.042013995), (-0.026676523, 0.08536585, -0.01857275), (-0.034310464, 0.08126889, -0.035368245), (-0.038581304, 0.14456294, -0.038042378), (-0.03101942, 0.14946127, -0.021346554), (0.0036170287, -0.003675472, -0.00659896), (-0.0042154808, -0.007562842, -0.02337782), (-0.033708394, -0.007562842, -0.030997936), (-0.026064366, -0.003675472, -0.014212711), (0.020084554, -0.003675472, -0.033146106), (0.012137879, -0.007562842, -0.04981612), (-0.0042154808, -0.007562842, -0.02337782), (0.0036170287, -0.003675472, -0.00659896), (-0.033708394, 0.016344462, -0.030997936), (-0.033708394, -0.007562842, -0.030997936), (-0.0042154808, -0.007562842, -0.02337782), (-0.0042154794, 0.016344462, -0.02337782), (-0.0042154794, 0.016344462, -0.02337782), (-0.0042154808, -0.007562842, -0.02337782), (0.012137879, -0.007562842, -0.04981612), (0.01213788, 0.016344462, -0.049816117), (-0.062807634, 0.00018111244, 0.011819223), (-0.055255726, 0.00018111244, 0.016608072), (-0.030453132, -0.0018073283, 0.020197978), (-0.025020348, 0.00018546358, 0.00770201), (-0.062807634, 0.00018111244, 0.011819223), (-0.025020348, 0.00018546358, 0.00770201), (-0.021604627, 0.07933392, 0.019736422), (-0.05785052, 0.083058335, 0.023899205), (-0.016047793, 0.15650238, 0.03306261), (-0.052372444, 0.16005474, 0.037946332), (-0.05785052, 0.083058335, 0.023899205), (-0.055255726, 0.00018111244, 0.016608072), (-0.062807634, 0.00018111244, 0.011819223), (-0.050331086, 0.07865994, 0.028629163), (-0.052372444, 0.16005474, 0.037946332), (-0.045359395, 0.15254861, 0.042069186), (-0.055255726, 0.00018111244, 0.016608072), (-0.050331086, 0.07865994, 0.028629163), (-0.019869186, 0.06948507, 0.025733192), (-0.030453132, -0.0018073283, 0.020197978), (-0.050331086, 0.07865994, 0.028629163), (-0.045359395, 0.15254861, 0.042069186), (-0.017447593, 0.14750451, 0.03419755), (-0.019869186, 0.06948507, 0.025733192), (-0.019869186, 0.06948507, 0.025733192), (-0.017447593, 0.14750451, 0.03419755), (-0.015945192, 0.14223939, 0.05398742), (-0.018679239, 0.07135999, 0.040098466), (-0.011666457, -0.005508911, 0.031305633), (-0.019324023, -0.005508911, 0.028456451), (-0.018679239, 0.07135999, 0.040098466), (-0.0107975565, 0.07095444, 0.043264654), (-0.015945192, 0.14223939, 0.05398742), (-0.008715718, 0.14830784, 0.05786291), (-0.025020348, 0.00018546358, 0.00770201), (-0.011666457, -0.005508911, 0.031305633), (-0.0107975565, 0.07095444, 0.043264654), (-0.021604627, 0.07933392, 0.019736422), (-0.021604627, 0.07933392, 0.019736422), (-0.0107975565, 0.07095444, 0.043264654), (-0.008715718, 0.14830784, 0.05786291), (-0.016047793, 0.15650238, 0.03306261), (-0.052372444, 0.16005474, 0.037946332), (-0.016047793, 0.15650238, 0.03306261), (-0.038226068, 0.22808221, 0.07492789), (-0.080176756, 0.22972558, 0.08717456), (-0.12384313, 0.2552792, 0.20156685), (-0.12372104, 0.24033898, 0.20077825), (-0.077639066, 0.21522348, 0.08787789), (-0.080176756, 0.22972558, 0.08717456), (-0.045359395, 0.15254861, 0.042069186), (-0.077639066, 0.21522348, 0.08787789), (-0.038057964, 0.21352117, 0.07483047), (-0.017447593, 0.14750451, 0.03419755), (-0.008715718, 0.14830784, 0.05786291), (-0.015945192, 0.14223939, 0.05398742), (-0.044558205, 0.20404033, 0.10430401), (-0.0412285, 0.21721585, 0.10699214), (-0.0412285, 0.21721585, 0.10699214), (-0.044558205, 0.20404033, 0.10430401), (-0.12372104, 0.24033898, 0.20077825), (-0.12384313, 0.2552792, 0.20156685), (-0.025020348, 0.00018546358, 0.00770201), (-0.030453132, -0.0018073283, 0.020197978), (-0.019324023, -0.005508911, 0.028456451), (-0.011666457, -0.005508911, 0.031305633), (-0.09633519, 0.32997552, -0.04312585), (-0.1028917, 0.32637614, -0.051144317), (-0.13502865, 0.4001818, -0.08161515), (-0.13327344, 0.40123013, -0.07733819), (-0.13327344, 0.40123013, -0.07733819), (-0.13502865, 0.4001818, -0.08161515), (-0.10038153, 0.3559126, -0.069104694), (-0.099630915, 0.35745803, -0.06524328), (-0.09730652, 0.3459477, -0.061368313), (-0.09283919, 0.34624323, -0.06638477), (-0.0922669, 0.34787428, -0.06259491), (-0.09712365, 0.34690306, -0.056329146), (-0.09730652, 0.3459477, -0.061368313), (-0.09712365, 0.34690306, -0.056329146), (-0.099630915, 0.35745803, -0.06524328), (-0.10038153, 0.3559126, -0.069104694), (-0.09283919, 0.34624323, -0.06638477), (-0.08787368, 0.32804528, -0.06815796), (-0.08081105, 0.3329659, -0.058472615), (-0.0922669, 0.34787428, -0.06259491), (-0.09701827, 0.32561636, -0.056987297), (-0.08787368, 0.32804528, -0.06815796), (-0.09283919, 0.34624323, -0.06638477), (-0.09730652, 0.3459477, -0.061368313), (-0.13502865, 0.4001818, -0.08161515), (-0.10038153, 0.3559126, -0.069104694), (-0.07447148, 0.2575566, -0.057425726), (-0.08787368, 0.32804528, -0.06815796), (-0.09701827, 0.32561636, -0.056987297), (-0.079215094, 0.24487074, -0.04766909), (-0.06350785, 0.14379004, -0.029402316), (-0.053531986, 0.14763655, -0.046967003), (-0.0729226, 0.24935125, -0.057022758), (-0.08081105, 0.3329659, -0.058472615), (-0.08787368, 0.32804528, -0.06815796), (-0.07447148, 0.2575566, -0.057425726), (-0.06707749, 0.26148927, -0.050892748), (-0.1028917, 0.32637614, -0.051144317), (-0.07375797, 0.14154153, -0.023532195), (-0.06350785, 0.14379004, -0.029402316), (-0.09701827, 0.32561636, -0.056987297), (-0.067415886, 0.1453204, -0.0152608855), (-0.07375797, 0.14154153, -0.023532195), (-0.1028917, 0.32637614, -0.051144317), (-0.09633519, 0.32997552, -0.04312585), (-0.07375797, 0.14154153, -0.023532195), (-0.066726856, -0.008715909, -0.025124645), (-0.056697097, -0.0065744333, -0.03076524), (-0.06350785, 0.14379004, -0.029402316), (-0.060391035, -0.00523841, -0.016830646), (-0.066726856, -0.008715909, -0.025124645), (-0.07375797, 0.14154153, -0.023532195), (-0.067415886, 0.1453204, -0.0152608855), (-0.09633519, 0.32997552, -0.04312585), (-0.08918568, 0.33065146, -0.046971872), (-0.057141855, 0.14772132, -0.021146273), (-0.067415886, 0.1453204, -0.0152608855), (-0.067415886, 0.1453204, -0.0152608855), (-0.057141855, 0.14772132, -0.021146273), (-0.050344355, -0.002904471, -0.022494182), (-0.060391035, -0.00523841, -0.016830646), (-0.057141855, 0.14772132, -0.021146273), (-0.04714329, 0.15157877, -0.038750175), (-0.04058276, 0.00088937953, -0.039781544), (-0.050344355, -0.002904471, -0.022494182), (-0.07156428, 0.24842937, -0.040503636), (-0.057141855, 0.14772132, -0.021146273), (-0.08918568, 0.33065146, -0.046971872), (-0.06707749, 0.26148927, -0.050892748), (-0.08081105, 0.3329659, -0.058472615), (-0.06593817, 0.25284874, -0.049754772), (-0.04714329, 0.15157877, -0.038750175), (-0.057141855, 0.14772132, -0.021146273), (-0.07156428, 0.24842937, -0.040503636), (-0.079215094, 0.24487074, -0.04766909), (-0.07156428, 0.24842937, -0.040503636), (-0.06707749, 0.26148927, -0.050892748), (-0.07447148, 0.2575566, -0.057425726), (-0.079215094, 0.24487074, -0.04766909), (-0.0729226, 0.24935125, -0.057022758), (-0.06593817, 0.25284874, -0.049754772), (-0.07156428, 0.24842937, -0.040503636), (-0.0729226, 0.24935125, -0.057022758), (-0.053531986, 0.14763655, -0.046967003), (-0.04714329, 0.15157877, -0.038750175), (-0.06593817, 0.25284874, -0.049754772), (-0.06350785, 0.14379004, -0.029402316), (-0.056697097, -0.0065744333, -0.03076524), (-0.04695935, -0.0029593222, -0.048017938), (-0.053531986, 0.14763655, -0.046967003), (-0.04714329, 0.15157877, -0.038750175), (-0.053531986, 0.14763655, -0.046967003), (-0.04695935, -0.0029593222, -0.048017938), (-0.04058276, 0.00088937953, -0.039781544), (-0.04058276, 0.00088937953, -0.039781544), (-0.04695935, -0.0029593222, -0.048017938), (-0.056697097, -0.0065744333, -0.03076524), (-0.050344355, -0.002904471, -0.022494182), (-0.066726856, -0.008715909, -0.025124645), (-0.060391035, -0.00523841, -0.016830646), (-0.011748712, 0.056072693, -0.0069288514), (-0.011748713, 0.0057280096, -0.006928852), (-0.009326703, 0.0057280096, 0.006271056), (-0.009326701, 0.056072693, 0.006271056), (-0.011748712, 0.056072693, -0.0069288514), (-0.009326701, 0.056072693, 0.006271056), (-0.04393748, 0.14338715, 0.004954322), (-0.047079585, 0.14293371, -0.0076720193), (-0.021666247, 0.051063918, -0.0073093856), (-0.02166625, 0.00072048977, -0.007309386), (-0.011748713, 0.0057280096, -0.006928852), (-0.011748712, 0.056072693, -0.0069288514), (-0.047079585, 0.14293371, -0.0076720193), (-0.056963716, 0.13619904, -0.008037022), (-0.08138085, 0.2244797, -0.0074929325), (-0.09123728, 0.21768124, -0.00784501), (-0.011748713, 0.0057280096, -0.006928852), (-0.02166625, 0.00072048977, -0.007309386), (-0.018952008, 0.00072048977, 0.005551768), (-0.009326703, 0.0057280096, 0.006271056), (-0.018952006, 0.051063918, 0.005551767), (-0.018952008, 0.00072048977, 0.005551768), (-0.02166625, 0.00072048977, -0.007309386), (-0.021666247, 0.051063918, -0.0073093856), (-0.029296588, 0.051063918, 0.010117592), (-0.02929659, 0.00072048977, 0.010117592), (-0.018952008, 0.00072048977, 0.005551768), (-0.018952006, 0.051063918, 0.005551767), (-0.009326703, 0.0057280096, 0.006271056), (-0.018952008, 0.00072048977, 0.005551768), (-0.02929659, 0.00072048977, 0.010117592), (-0.020276994, 0.0057280096, 0.011068827), (-0.020276994, 0.056072693, 0.011068827), (-0.020276994, 0.0057280096, 0.011068827), (-0.02929659, 0.00072048977, 0.010117592), (-0.029296588, 0.051063918, 0.010117592), (-0.020276994, 0.056072693, 0.011068827), (-0.029296588, 0.051063918, 0.010117592), (-0.064781085, 0.12516972, 0.007832259), (-0.05580063, 0.13169, 0.008804373), (-0.09739505, 0.2179379, 0.0069719264), (-0.089011945, 0.22492808, 0.008014189), (-0.018952006, 0.051063918, 0.005551767), (-0.05363562, 0.13667844, 0.0042719794), (-0.064781085, 0.12516972, 0.007832259), (-0.029296588, 0.051063918, 0.010117592), (-0.009326701, 0.056072693, 0.006271056), (-0.020276994, 0.056072693, 0.011068827), (-0.05580063, 0.13169, 0.008804373), (-0.04393748, 0.14338715, 0.004954322), (-0.009326701, 0.056072693, 0.006271056), (-0.009326703, 0.0057280096, 0.006271056), (-0.020276994, 0.0057280096, 0.011068827), (-0.020276994, 0.056072693, 0.011068827), (-0.04393748, 0.14338715, 0.004954322), (-0.05580063, 0.13169, 0.008804373), (-0.089011945, 0.22492808, 0.008014189), (-0.0801326, 0.23675676, 0.0049202787), (-0.047079585, 0.14293371, -0.0076720193), (-0.04393748, 0.14338715, 0.004954322), (-0.0801326, 0.23675676, 0.0049202787), (-0.08138085, 0.2244797, -0.0074929325), (-0.08358894, 0.236171, -0.0074478784), (-0.0801326, 0.23675676, 0.0049202787), (-0.110352315, 0.2761114, 0.0011262982), (-0.11356181, 0.2729004, -0.009261781), (-0.0801326, 0.23675676, 0.0049202787), (-0.089011945, 0.22492808, 0.008014189), (-0.11702357, 0.26808566, 0.002884631), (-0.110352315, 0.2761114, 0.0011262982), (-0.0801326, 0.23675676, 0.0049202787), (-0.08908248, 0.22909446, 0.0041395924), (-0.09123728, 0.21768124, -0.00784501), (-0.08138085, 0.2244797, -0.0074929325), (-0.08358894, 0.236171, -0.0074478784), (-0.09280914, 0.22826517, -0.0078076315), (-0.08908248, 0.22909446, 0.0041395924), (-0.0801326, 0.23675676, 0.0049202787), (-0.09280914, 0.22826517, -0.0078076315), (-0.12158997, 0.26395813, -0.0095196925), (-0.11754677, 0.26683637, 0.0004602833), (-0.08908248, 0.22909446, 0.0041395924), (-0.08908248, 0.22909446, 0.0041395924), (-0.11754677, 0.26683637, 0.0004602833), (-0.12313666, 0.2593004, 0.0019059639), (-0.09739505, 0.2179379, 0.0069719264), (-0.05363562, 0.13667844, 0.0042719794), (-0.08908248, 0.22909446, 0.0041395924), (-0.09739505, 0.2179379, 0.0069719264), (-0.064781085, 0.12516972, 0.007832259), (-0.056963716, 0.13619904, -0.008037022), (-0.09123728, 0.21768124, -0.00784501), (-0.08908248, 0.22909446, 0.0041395924), (-0.05363562, 0.13667844, 0.0042719794), (-0.11356181, 0.2729004, -0.009261781), (-0.12158997, 0.26395813, -0.0095196925), (-0.09280914, 0.22826517, -0.0078076315), (-0.08358894, 0.236171, -0.0074478784), (-0.14021787, 0.26859424, -0.014171168), (-0.14179282, 0.26447287, -0.013803278), (-0.12158997, 0.26395813, -0.0095196925), (-0.11356181, 0.2729004, -0.009261781), (-0.12158997, 0.26395813, -0.0095196925), (-0.14179282, 0.26447287, -0.013803278), (-0.1363823, 0.27942333, -0.007663679), (-0.11754677, 0.26683637, 0.0004602833), (-0.11356181, 0.2729004, -0.009261781), (-0.110352315, 0.2761114, 0.0011262982), (-0.13618092, 0.2841986, -0.007747914), (-0.14021787, 0.26859424, -0.014171168), (-0.1935801, 0.24950814, -0.02880924), (-0.1912592, 0.24530943, -0.02878652), (-0.14179282, 0.26447287, -0.013803278), (-0.14021787, 0.26859424, -0.014171168), (-0.13618092, 0.2841986, -0.007747914), (-0.1363823, 0.27942333, -0.007663679), (-0.14717433, 0.25843927, -0.008565155), (-0.15112898, 0.2608026, -0.008303053), (-0.110352315, 0.2761114, 0.0011262982), (-0.11702357, 0.26808566, 0.002884631), (-0.13221921, 0.2740451, 0.0000011359277), (-0.13618092, 0.2841986, -0.007747914), (-0.13221921, 0.2740451, 0.0000011359277), (-0.13137533, 0.2696037, -0.00031268576), (-0.1363823, 0.27942333, -0.007663679), (-0.13618092, 0.2841986, -0.007747914), (-0.11754677, 0.26683637, 0.0004602833), (-0.1363823, 0.27942333, -0.007663679), (-0.13137533, 0.2696037, -0.00031268576), (-0.12313666, 0.2593004, 0.0019059639), (-0.11702357, 0.26808566, 0.002884631), (-0.12313666, 0.2593004, 0.0019059639), (-0.13137533, 0.2696037, -0.00031268576), (-0.13221921, 0.2740451, 0.0000011359277), (-0.089011945, 0.22492808, 0.008014189), (-0.09739505, 0.2179379, 0.0069719264), (-0.12313666, 0.2593004, 0.0019059639), (-0.11702357, 0.26808566, 0.002884631), (-0.15112898, 0.2608026, -0.008303053), (-0.14717433, 0.25843927, -0.008565155), (-0.1912592, 0.24530943, -0.02878652), (-0.1935801, 0.24950814, -0.02880924), (-0.021666247, 0.051063918, -0.0073093856), (-0.056963716, 0.13619904, -0.008037022), (-0.05363562, 0.13667844, 0.0042719794), (-0.018952006, 0.051063918, 0.005551767), (-0.009887965, 0.04224342, 0.025140468), (-0.009986483, -0.012856553, 0.025721911), (0.01458895, -0.009854149, 0.014248288), (0.013193796, 0.045094986, 0.014060685), (-0.009887965, 0.04224342, 0.025140468), (0.013193796, 0.045094986, 0.014060685), (0.03132322, 0.2082866, 0.042143155), (0.009515735, 0.20520012, 0.053813703), (0.009515735, 0.20520012, 0.053813703), (0.015060971, 0.20049961, 0.064839624), (-0.0033173184, 0.049620066, 0.03809685), (-0.009887965, 0.04224342, 0.025140468), (-0.009986483, -0.012856553, 0.025721911), (-0.006490114, -0.013482849, 0.039928555), (0.017506652, -0.010571625, 0.028296918), (0.01458895, -0.009854149, 0.014248288), (0.01814556, 0.052195214, 0.027610568), (0.017506652, -0.010571625, 0.028296918), (-0.006490114, -0.013482849, 0.039928555), (-0.0033173184, 0.049620066, 0.03809685), (0.03598917, 0.05215387, 0.03714817), (0.035349928, -0.01061378, 0.03783432), (0.017506652, -0.010571625, 0.028296918), (0.01814556, 0.052195214, 0.027610568), (0.01458895, -0.009854149, 0.014248288), (0.017506652, -0.010571625, 0.028296918), (0.035349928, -0.01061378, 0.03783432), (0.03308849, -0.009804111, 0.024407534), (0.03256732, 0.045268517, 0.024961755), (0.03308849, -0.009804111, 0.024407534), (0.035349928, -0.01061378, 0.03783432), (0.03598917, 0.05215387, 0.03714817), (0.03256732, 0.045268517, 0.024961755), (0.03598917, 0.05215387, 0.03714817), (0.054112934, 0.1931875, 0.06481202), (0.051759213, 0.1975044, 0.05464437), (0.01814556, 0.052195214, 0.027610568), (0.035429887, 0.20332836, 0.05389383), (0.054112934, 0.1931875, 0.06481202), (0.03598917, 0.05215387, 0.03714817), (0.013193796, 0.045094986, 0.014060685), (0.03256732, 0.045268517, 0.024961755), (0.051759213, 0.1975044, 0.05464437), (0.03132322, 0.2082866, 0.042143155), (0.013193796, 0.045094986, 0.014060685), (0.01458895, -0.009854149, 0.014248288), (0.03308849, -0.009804111, 0.024407534), (0.03256732, 0.045268517, 0.024961755), (0.051759213, 0.1975044, 0.05464437), (0.054112934, 0.1931875, 0.06481202), (0.059170917, 0.2753453, 0.10806409), (0.05757808, 0.28586504, 0.10164106), (0.03132322, 0.2082866, 0.042143155), (0.051759213, 0.1975044, 0.05464437), (0.05757808, 0.28586504, 0.10164106), (0.039988022, 0.29715922, 0.092691846), (0.009515735, 0.20520012, 0.053813703), (0.03132322, 0.2082866, 0.042143155), (0.039988022, 0.29715922, 0.092691846), (0.019069497, 0.2830631, 0.10144726), (0.01974423, 0.29609904, 0.1051563), (0.039988022, 0.29715922, 0.092691846), (0.048077486, 0.3348392, 0.13649777), (0.030675236, 0.3317911, 0.14731288), (0.039988022, 0.29715922, 0.092691846), (0.05757808, 0.28586504, 0.10164106), (0.06191358, 0.32658923, 0.14342411), (0.048077486, 0.3348392, 0.13649777), (0.039988022, 0.29715922, 0.092691846), (0.04309059, 0.28553113, 0.10027202), (0.024003288, 0.27325192, 0.10932409), (0.019069497, 0.2830631, 0.10144726), (0.01974423, 0.29609904, 0.1051563), (0.024495734, 0.2845755, 0.11201492), (0.04309059, 0.28553113, 0.10027202), (0.039988022, 0.29715922, 0.092691846), (0.024495734, 0.2845755, 0.11201492), (0.03427564, 0.31699553, 0.1498562), (0.04998434, 0.3192769, 0.13893574), (0.04309059, 0.28553113, 0.10027202), (0.04309059, 0.28553113, 0.10027202), (0.04998434, 0.3192769, 0.13893574), (0.062232073, 0.31173262, 0.14419338), (0.059170917, 0.2753453, 0.10806409), (0.035429887, 0.20332836, 0.05389383), (0.04309059, 0.28553113, 0.10027202), (0.059170917, 0.2753453, 0.10806409), (0.054112934, 0.1931875, 0.06481202), (0.015060971, 0.20049961, 0.064839624), (0.024003288, 0.27325192, 0.10932409), (0.04309059, 0.28553113, 0.10027202), (0.035429887, 0.20332836, 0.05389383), (0.030675236, 0.3317911, 0.14731288), (0.03427564, 0.31699553, 0.1498562), (0.024495734, 0.2845755, 0.11201492), (0.01974423, 0.29609904, 0.1051563), (0.041597165, 0.32862586, 0.18614765), (0.04415244, 0.31384638, 0.18472423), (0.03427564, 0.31699553, 0.1498562), (0.030675236, 0.3317911, 0.14731288), (0.03427564, 0.31699553, 0.1498562), (0.04415244, 0.31384638, 0.18472423), (0.052596096, 0.32563785, 0.17458445), (0.04998434, 0.3192769, 0.13893574), (0.030675236, 0.3317911, 0.14731288), (0.048077486, 0.3348392, 0.13649777), (0.05134167, 0.3421562, 0.17698945), (0.041597165, 0.32862586, 0.18614765), (0.05134167, 0.3421562, 0.17698945), (0.052596096, 0.32563785, 0.17458445), (0.07068608, 0.317635, 0.18506329), (0.07266912, 0.3280801, 0.18889304), (0.048077486, 0.3348392, 0.13649777), (0.06191358, 0.32658923, 0.14342411), (0.06675923, 0.33253825, 0.16577652), (0.05134167, 0.3421562, 0.17698945), (0.06675923, 0.33253825, 0.16577652), (0.066258006, 0.3166702, 0.16300403), (0.052596096, 0.32563785, 0.17458445), (0.05134167, 0.3421562, 0.17698945), (0.04998434, 0.3192769, 0.13893574), (0.052596096, 0.32563785, 0.17458445), (0.066258006, 0.3166702, 0.16300403), (0.062232073, 0.31173262, 0.14419338), (0.06191358, 0.32658923, 0.14342411), (0.062232073, 0.31173262, 0.14419338), (0.066258006, 0.3166702, 0.16300403), (0.06675923, 0.33253825, 0.16577652), (0.05757808, 0.28586504, 0.10164106), (0.059170917, 0.2753453, 0.10806409), (0.062232073, 0.31173262, 0.14419338), (0.06191358, 0.32658923, 0.14342411), (0.07266912, 0.3280801, 0.18889304), (0.07068608, 0.317635, 0.18506329), (0.057413157, 0.29744056, 0.2553574), (0.05814883, 0.30122676, 0.25837275), (0.019069497, 0.2830631, 0.10144726), (0.024003288, 0.27325192, 0.10932409), (0.015060971, 0.20049961, 0.064839624), (0.009515735, 0.20520012, 0.053813703), (-0.0033173184, 0.049620066, 0.03809685), (0.015060971, 0.20049961, 0.064839624), (0.035429887, 0.20332836, 0.05389383), (0.01814556, 0.052195214, 0.027610568), (0.021085555, -0.017887782, -0.037364848), (0.032418884, -0.017887782, -0.04246711), (0.032313425, 0.10747727, -0.042422038), (0.021074004, 0.10886316, -0.037361637), (0.032053318, 0.16170612, -0.042309955), (0.042493828, 0.15689188, -0.04701249), (0.063575014, 0.21482109, -0.056506038), (0.06914502, 0.20401043, -0.05901913), (0.13041258, 0.21732624, -0.08660059), (0.12701653, 0.20547985, -0.085082814), (0.16743274, 0.18716522, -0.103272215), (0.16334666, 0.17557001, -0.10144664), (0.030724501, -0.017890733, -0.027339233), (0.04318071, -0.017887782, -0.018562546), (0.043090988, 0.107478455, -0.018480044), (0.030662408, 0.10834024, -0.027274279), (0.04318071, -0.017887782, -0.018562546), (0.031847384, -0.017887782, -0.013460277), (0.031851564, 0.10886827, -0.013419642), (0.043090988, 0.107478455, -0.018480044), (0.053286884, 0.15689978, -0.023077466), (0.04284645, 0.16171008, -0.018374963), (0.079948574, 0.20401964, -0.035088796), (0.07437876, 0.2148268, -0.032575812), (0.13780019, 0.20547631, -0.061143544), (0.14122532, 0.21732704, -0.06267442), (0.17415257, 0.17556922, -0.07751736), (0.17821035, 0.18716508, -0.07933022), (0.019399863, -0.017890733, -0.022240877), (0.021085555, -0.017887782, -0.037364848), (0.021074004, 0.10886316, -0.037361637), (0.019407574, 0.10972844, -0.02220694), (0.030724501, -0.017890733, -0.027339233), (0.031847384, -0.017887782, -0.013460277), (0.04318071, -0.017887782, -0.018562546), (0.019399863, -0.017890733, -0.022240877), (0.032418884, -0.017887782, -0.04246711), (0.021085555, -0.017887782, -0.037364848), (0.043090988, 0.107478455, -0.018480044), (0.053286884, 0.15689978, -0.023077466), (0.041366737, 0.15990236, -0.03209949), (0.030662408, 0.10834024, -0.027274279), (0.031847384, -0.017887782, -0.013460277), (0.019399863, -0.017890733, -0.022240877), (0.019407574, 0.10972844, -0.02220694), (0.031851564, 0.10886827, -0.013419642), (0.032418884, -0.017887782, -0.04246711), (0.030724501, -0.017890733, -0.027339233), (0.030662408, 0.10834024, -0.027274279), (0.032313425, 0.10747727, -0.042422038), (0.032053318, 0.16170612, -0.042309955), (0.063575014, 0.21482109, -0.056506038), (0.06549045, 0.22158353, -0.042960763), (0.030909907, 0.16471498, -0.027389606), (0.030909907, 0.16471498, -0.027389606), (0.06549045, 0.22158353, -0.042960763), (0.07437876, 0.2148268, -0.032575812), (0.04284645, 0.16171008, -0.018374963), (0.019407574, 0.10972844, -0.02220694), (0.030909907, 0.16471498, -0.027389606), (0.04284645, 0.16171008, -0.018374963), (0.031851564, 0.10886827, -0.013419642), (0.030662408, 0.10834024, -0.027274279), (0.041366737, 0.15990236, -0.03209949), (0.042493828, 0.15689188, -0.04701249), (0.032313425, 0.10747727, -0.042422038), (0.021074004, 0.10886316, -0.037361637), (0.032053318, 0.16170612, -0.042309955), (0.030909907, 0.16471498, -0.027389606), (0.019407574, 0.10972844, -0.02220694), (0.07105375, 0.21077344, -0.045470815), (0.13454586, 0.21289004, -0.07406138), (0.12701653, 0.20547985, -0.085082814), (0.06914502, 0.20401043, -0.05901913), (0.053286884, 0.15689978, -0.023077466), (0.079948574, 0.20401964, -0.035088796), (0.07105375, 0.21077344, -0.045470815), (0.041366737, 0.15990236, -0.03209949), (0.041366737, 0.15990236, -0.03209949), (0.07105375, 0.21077344, -0.045470815), (0.06914502, 0.20401043, -0.05901913), (0.042493828, 0.15689188, -0.04701249), (0.13041258, 0.21732624, -0.08660059), (0.16743274, 0.18716522, -0.103272215), (0.1753432, 0.19441877, -0.092489325), (0.13791265, 0.22473823, -0.07563474), (0.13791265, 0.22473823, -0.07563474), (0.1753432, 0.19441877, -0.092489325), (0.17821035, 0.18716508, -0.07933022), (0.14122532, 0.21732704, -0.06267442), (0.06549045, 0.22158353, -0.042960763), (0.13791265, 0.22473823, -0.07563474), (0.14122532, 0.21732704, -0.06267442), (0.07437876, 0.2148268, -0.032575812), (0.063575014, 0.21482109, -0.056506038), (0.13041258, 0.21732624, -0.08660059), (0.13791265, 0.22473823, -0.07563474), (0.06549045, 0.22158353, -0.042960763), (0.079948574, 0.20401964, -0.035088796), (0.13780019, 0.20547631, -0.061143544), (0.13454586, 0.21289004, -0.07406138), (0.07105375, 0.21077344, -0.045470815), (0.13780019, 0.20547631, -0.061143544), (0.17415257, 0.17556922, -0.07751736), (0.1712873, 0.18282498, -0.090608574), (0.13454586, 0.21289004, -0.07406138), (0.13454586, 0.21289004, -0.07406138), (0.1712873, 0.18282498, -0.090608574), (0.16334666, 0.17557001, -0.10144664), (0.12701653, 0.20547985, -0.085082814), (0.05036096, -0.0019658618, -0.0021545638), (0.028873691, -0.0019890182, -0.0006348021), (0.025212867, 0.11473399, -0.0005873568), (0.04695197, 0.11966325, -0.0016483837), (0.028873691, -0.0019890182, -0.0006348021), (0.031827316, -0.001862552, 0.02056638), (0.02758722, 0.12028699, 0.02043833), (0.025212867, 0.11473399, -0.0005873568), (0.028873691, -0.0019890182, -0.0006348021), (0.01722833, -0.001915466, 0.015207159), (0.031827316, -0.001862552, 0.02056638), (0.014061974, -0.0020452403, -0.0065141288), (0.05036096, -0.0019658618, -0.0021545638), (0.03559746, -0.0020251386, -0.0085774325), (0.03559746, -0.0020251386, -0.0085774325), (0.03916656, 0.12309185, -0.007107384), (0.017217653, 0.119010314, -0.005789034), (0.014061974, -0.0020452403, -0.0065141288), (0.014061974, -0.0020452403, -0.0065141288), (0.017217653, 0.119010314, -0.005789034), (0.019727103, 0.12524782, 0.015919806), (0.01722833, -0.001915466, 0.015207159), (0.04695197, 0.11966325, -0.0016483837), (0.03916656, 0.12309185, -0.007107384), (0.03559746, -0.0020251386, -0.0085774325), (0.05036096, -0.0019658618, -0.0021545638), (0.03916656, 0.12309185, -0.007107384), (0.048074674, 0.16956952, -0.001663816), (0.025633167, 0.16421565, -0.000249081), (0.017217653, 0.119010314, -0.005789034), (0.05595957, 0.16571584, 0.0036506995), (0.03916656, 0.12309185, -0.007107384), (0.04695197, 0.11966325, -0.0016483837), (0.048074674, 0.16956952, -0.001663816), (0.07194932, 0.20983571, 0.015044955), (0.064138584, 0.21374114, 0.00952464), (0.04695197, 0.11966325, -0.0016483837), (0.025212867, 0.11473399, -0.0005873568), (0.03331911, 0.15936089, 0.004614133), (0.05595957, 0.16571584, 0.0036506995), (0.05595957, 0.16571584, 0.0036506995), (0.03331911, 0.15936089, 0.004614133), (0.054642394, 0.20998052, 0.016385261), (0.07194932, 0.20983571, 0.015044955), (0.048074674, 0.16956952, -0.001663816), (0.064138584, 0.21374114, 0.00952464), (0.04209349, 0.21750022, 0.010283484), (0.025633167, 0.16421565, -0.000249081), (0.0666761, 0.22018096, 0.011388087), (0.084152885, 0.25135008, 0.029276256), (0.062412318, 0.2506349, 0.027164906), (0.04209349, 0.21750022, 0.010283484), (0.04209349, 0.21750022, 0.010283484), (0.062412318, 0.2506349, 0.027164906), (0.068652704, 0.25786048, 0.04818015), (0.048192475, 0.2223248, 0.03512237), (0.025633167, 0.16421565, -0.000249081), (0.04209349, 0.21750022, 0.010283484), (0.048192475, 0.2223248, 0.03512237), (0.02875164, 0.1719442, 0.02175099), (0.07310763, 0.21644124, 0.015696822), (0.0666761, 0.22018096, 0.011388087), (0.04209349, 0.21750022, 0.010283484), (0.054642394, 0.20998052, 0.016385261), (0.05415023, 0.21729568, 0.038088422), (0.068652704, 0.25786048, 0.04818015), (0.074471526, 0.2524801, 0.050559133), (0.048192475, 0.2223248, 0.03512237), (0.036579683, 0.16633561, 0.025910467), (0.02875164, 0.1719442, 0.02175099), (0.02758722, 0.12028699, 0.02043833), (0.019727103, 0.12524782, 0.015919806), (0.017217653, 0.119010314, -0.005789034), (0.025633167, 0.16421565, -0.000249081), (0.02875164, 0.1719442, 0.02175099), (0.019727103, 0.12524782, 0.015919806), (0.03331911, 0.15936089, 0.004614133), (0.036579683, 0.16633561, 0.025910467), (0.05415023, 0.21729568, 0.038088422), (0.054642394, 0.20998052, 0.016385261), (0.025212867, 0.11473399, -0.0005873568), (0.02758722, 0.12028699, 0.02043833), (0.036579683, 0.16633561, 0.025910467), (0.03331911, 0.15936089, 0.004614133), (0.031827316, -0.001862552, 0.02056638), (0.01722833, -0.001915466, 0.015207159), (0.019727103, 0.12524782, 0.015919806), (0.02758722, 0.12028699, 0.02043833), (0.054642394, 0.20998052, 0.016385261), (0.05415023, 0.21729568, 0.038088422), (0.074471526, 0.2524801, 0.050559133), (0.06872754, 0.24582368, 0.03066931), (0.06872754, 0.24582368, 0.03066931), (0.074471526, 0.2524801, 0.050559133), (0.086907126, 0.2630011, 0.05568265), (0.08783924, 0.26398614, 0.048239842), (0.074471526, 0.2524801, 0.050559133), (0.068652704, 0.25786048, 0.04818015), (0.08117026, 0.26851195, 0.05352002), (0.086907126, 0.2630011, 0.05568265), (0.10941728, 0.28847474, 0.06553561), (0.11535897, 0.2834668, 0.06877742), (0.062412318, 0.2506349, 0.027164906), (0.08188937, 0.26923457, 0.04518882), (0.08117026, 0.26851195, 0.05352002), (0.068652704, 0.25786048, 0.04818015), (0.11535897, 0.2834668, 0.06877742), (0.10941728, 0.28847474, 0.06553561), (0.09293619, 0.26482573, 0.040653557), (0.09921119, 0.26010257, 0.04429002), (0.084152885, 0.25135008, 0.029276256), (0.09293619, 0.26482573, 0.040653557), (0.08188937, 0.26923457, 0.04518882), (0.062412318, 0.2506349, 0.027164906), (0.09921119, 0.26010257, 0.04429002), (0.09293619, 0.26482573, 0.040653557), (0.084152885, 0.25135008, 0.029276256), (0.09046478, 0.24687499, 0.03307214), (0.09046478, 0.24687499, 0.03307214), (0.06872754, 0.24582368, 0.03066931), (0.08783924, 0.26398614, 0.048239842), (0.09921119, 0.26010257, 0.04429002), (0.07310763, 0.21644124, 0.015696822), (0.054642394, 0.20998052, 0.016385261), (0.06872754, 0.24582368, 0.03066931), (0.09046478, 0.24687499, 0.03307214), (0.09046478, 0.24687499, 0.03307214), (0.084152885, 0.25135008, 0.029276256), (0.0666761, 0.22018096, 0.011388087), (0.07310763, 0.21644124, 0.015696822)]
    color4f[] primvars:colors (
        elementSize = 1
        interpolation = "constant"
    )
    color3f[] primvars:displayColor = [(1, 1, 1)] (
        interpolation = "constant"
    )
    float[] primvars:displayOpacity = [1] (
        interpolation = "constant"
    )
    float2[] primvars:st = [(0.67098093, 0.8034754), (0.67098355, 0.80313873), (0.66996264, 0.80311275), (0.6704969, 0.8035192), (0.67098093, 0.8034754), (0.66996264, 0.80311275), (0.67087364, 0.80323184), (0.6699311, 0.8030056), (0.6708714, 0.8028951), (0.6703857, 0.80328), (0.6699311, 0.8030056), (0.67087364, 0.80323184), (0.6721834, 0.80529845), (0.67279774, 0.80492556), (0.6728287, 0.8043176), (0.67164063, 0.8049936), (0.6721834, 0.80529845), (0.6728287, 0.8043176), (0.67226064, 0.8047609), (0.67283285, 0.8041355), (0.67287683, 0.8043809), (0.67172337, 0.804454), (0.67283285, 0.8041355), (0.67226064, 0.8047609), (0.67503226, 0.8075826), (0.6737155, 0.80756515), (0.67702395, 0.8098427), (0.6749143, 0.80725956), (0.6769488, 0.80946386), (0.6736755, 0.80721426), (0.6736755, 0.80721426), (0.6769488, 0.80946386), (0.6740387, 0.80745924), (0.6737155, 0.80756515), (0.6739955, 0.8078334), (0.67702395, 0.8098427), (0.6765162, 0.8089316), (0.6747604, 0.80767363), (0.6750383, 0.8076856), (0.6765496, 0.8087904), (0.6751958, 0.8073698), (0.6749413, 0.8072647), (0.67645776, 0.8062926), (0.67643803, 0.80686355), (0.67807096, 0.80513275), (0.67643803, 0.80686355), (0.67681545, 0.8061373), (0.67807096, 0.80513275), (0.676492, 0.80618197), (0.67796606, 0.80504274), (0.67642194, 0.8067362), (0.67642194, 0.8067362), (0.67796606, 0.80504274), (0.676671, 0.80609703), (0.67243296, 0.8123107), (0.6720999, 0.81259996), (0.67248064, 0.8126295), (0.6720999, 0.81259996), (0.67157704, 0.81247383), (0.67248064, 0.8126295), (0.6723294, 0.81190276), (0.6724732, 0.8124899), (0.6720249, 0.81211597), (0.6720249, 0.81211597), (0.6724732, 0.8124899), (0.6715927, 0.81212944), (0.6660233, 0.8050428), (0.6646123, 0.80448717), (0.66619706, 0.8047879), (0.6660943, 0.8046773), (0.6646123, 0.80448717), (0.6662097, 0.80424386), (0.6662097, 0.80424386), (0.6646123, 0.80448717), (0.66603196, 0.8044985), (0.6659162, 0.8049339), (0.6646123, 0.80448717), (0.6660233, 0.8050428), (0.66603196, 0.8044985), (0.6646123, 0.80448717), (0.6659162, 0.8049339), (0.66619706, 0.8047879), (0.6646123, 0.80448717), (0.6660943, 0.8046773), (0.66987085, 0.80869997), (0.66997, 0.80879503), (0.66927135, 0.8096905), (0.6700112, 0.80875033), (0.669405, 0.80973834), (0.67011297, 0.80886877), (0.6696487, 0.8086207), (0.669405, 0.80973834), (0.6700112, 0.80875033), (0.66950685, 0.80859625), (0.66987085, 0.80869997), (0.66927135, 0.8096905), (0.67279774, 0.80492556), (0.67287683, 0.8043809), (0.67283285, 0.8041355), (0.67279774, 0.80492556), (0.67283285, 0.8041355), (0.6728287, 0.8043176), (0.6726889, 0.8018385), (0.6725546, 0.8033311), (0.67262805, 0.8036381), (0.6726889, 0.8018385), (0.67262805, 0.8036381), (0.67245775, 0.8019918), (0.6726338, 0.8052908), (0.6726029, 0.8056007), (0.6739955, 0.8078334), (0.6726338, 0.8052908), (0.6739955, 0.8078334), (0.6737155, 0.80756515), (0.67503226, 0.8075826), (0.6749143, 0.80725956), (0.67351717, 0.8051958), (0.67503226, 0.8075826), (0.67351717, 0.8051958), (0.67370456, 0.80524343), (0.67266756, 0.8051067), (0.6736755, 0.80721426), (0.6740387, 0.80745924), (0.67266756, 0.8051067), (0.6740387, 0.80745924), (0.6727632, 0.8053591), (0.67218363, 0.8032726), (0.6722057, 0.80213517), (0.6721948, 0.80186766), (0.67218363, 0.8032726), (0.6721948, 0.80186766), (0.672252, 0.8028579), (0.67248064, 0.8126295), (0.6724732, 0.8124899), (0.6723294, 0.81190276), (0.67248064, 0.8126295), (0.6723294, 0.81190276), (0.67243296, 0.8123107), (0.67053336, 0.8066243), (0.67084116, 0.8066194), (0.6701967, 0.8066451), (0.67053336, 0.8066243), (0.6701967, 0.8066451), (0.6700264, 0.8066974), (0.6750363, 0.8079067), (0.6765162, 0.8089316), (0.67510366, 0.80802184), (0.6747604, 0.80767363), (0.6743833, 0.8075579), (0.67481613, 0.80783683), (0.67048293, 0.80199414), (0.6711337, 0.80275804), (0.6705601, 0.8028086), (0.67104983, 0.80194014), (0.6704487, 0.801245), (0.6710234, 0.8012137), (0.67101276, 0.8007277), (0.67044836, 0.8007589), (0.6705601, 0.8028086), (0.6711337, 0.80275804), (0.67098093, 0.8034754), (0.6704969, 0.8035192), (0.6710234, 0.8012137), (0.6711613, 0.80161065), (0.67104983, 0.80194014), (0.67116797, 0.80079705), (0.6711545, 0.8003127), (0.67101276, 0.8007277), (0.67104983, 0.80194014), (0.6711613, 0.80161065), (0.6712171, 0.8024481), (0.6711337, 0.80275804), (0.6711337, 0.80275804), (0.6712171, 0.8024481), (0.67098355, 0.80313873), (0.67098093, 0.8034754), (0.670372, 0.80179065), (0.67044646, 0.8025951), (0.671019, 0.8025463), (0.67093855, 0.80173886), (0.6703407, 0.8010464), (0.670915, 0.8010156), (0.6703423, 0.8005621), (0.6709062, 0.8005314), (0.67044646, 0.8025951), (0.6703857, 0.80328), (0.67087364, 0.80323184), (0.671019, 0.8025463), (0.670915, 0.8010156), (0.67093855, 0.80173886), (0.6710466, 0.8014109), (0.67105705, 0.8005972), (0.6709062, 0.8005314), (0.67104554, 0.80011463), (0.67093855, 0.80173886), (0.671019, 0.8025463), (0.67109954, 0.80223525), (0.6710466, 0.8014109), (0.671019, 0.8025463), (0.67087364, 0.80323184), (0.6708714, 0.8028951), (0.67109954, 0.80223525), (0.6703407, 0.8010464), (0.6703423, 0.8005621), (0.67044836, 0.8007589), (0.6704487, 0.801245), (0.67048293, 0.80199414), (0.670372, 0.80179065), (0.6705601, 0.8028086), (0.67044646, 0.8025951), (0.67116797, 0.80079705), (0.6710466, 0.8014109), (0.6711613, 0.80161065), (0.67105705, 0.8005972), (0.67104554, 0.80011463), (0.6711545, 0.8003127), (0.6704969, 0.8035192), (0.6703857, 0.80328), (0.67044646, 0.8025951), (0.6705601, 0.8028086), (0.66996264, 0.80311275), (0.6699311, 0.8030056), (0.6703857, 0.80328), (0.6704969, 0.8035192), (0.6712171, 0.8024481), (0.67109954, 0.80223525), (0.6708714, 0.8028951), (0.67098355, 0.80313873), (0.6711613, 0.80161065), (0.6710466, 0.8014109), (0.67109954, 0.80223525), (0.6712171, 0.8024481), (0.67098355, 0.80313873), (0.6708714, 0.8028951), (0.6699311, 0.8030056), (0.66996264, 0.80311275), (0.67044836, 0.8007589), (0.6703423, 0.8005621), (0.6709062, 0.8005314), (0.67101276, 0.8007277), (0.67101276, 0.8007277), (0.6709062, 0.8005314), (0.67104554, 0.80011463), (0.6711545, 0.8003127), (0.67100734, 0.80153), (0.6716442, 0.8019382), (0.67175084, 0.8030277), (0.6711322, 0.8026567), (0.67197406, 0.80428046), (0.67134947, 0.80391186), (0.67134947, 0.80391186), (0.67197406, 0.80428046), (0.6721834, 0.80529845), (0.67164063, 0.8049936), (0.6716442, 0.8019382), (0.67236376, 0.8016085), (0.6724355, 0.8027587), (0.67175084, 0.8030277), (0.67175084, 0.8030277), (0.6724355, 0.8027587), (0.6726338, 0.80401045), (0.67197406, 0.80428046), (0.67197406, 0.80428046), (0.6726338, 0.80401045), (0.67279774, 0.80492556), (0.6721834, 0.80529845), (0.6716442, 0.8019382), (0.6716254, 0.8015089), (0.6723335, 0.8011802), (0.67236376, 0.8016085), (0.67108, 0.8010809), (0.67182803, 0.80256766), (0.6717175, 0.8014969), (0.67120934, 0.8021859), (0.67205477, 0.80379856), (0.6714316, 0.8034197), (0.6714316, 0.8034197), (0.67172337, 0.804454), (0.67226064, 0.8047609), (0.67205477, 0.80379856), (0.6717175, 0.8014969), (0.67182803, 0.80256766), (0.67251486, 0.8022956), (0.67243934, 0.8011607), (0.67182803, 0.80256766), (0.67205477, 0.80379856), (0.6727164, 0.80352145), (0.67251486, 0.8022956), (0.67205477, 0.80379856), (0.67226064, 0.8047609), (0.67287683, 0.8043809), (0.6727164, 0.80352145), (0.67236376, 0.8016085), (0.6723335, 0.8011802), (0.67240757, 0.80073565), (0.67243934, 0.8011607), (0.67251486, 0.8022956), (0.6724355, 0.8027587), (0.67100734, 0.80153), (0.6709983, 0.80110186), (0.6716254, 0.8015089), (0.6716442, 0.8019382), (0.67108, 0.8010809), (0.6710696, 0.8006561), (0.6709983, 0.80110186), (0.67100734, 0.80153), (0.6711322, 0.8026567), (0.67120934, 0.8021859), (0.67108, 0.8010809), (0.67100734, 0.80153), (0.67134947, 0.80391186), (0.67120934, 0.8021859), (0.6711322, 0.8026567), (0.6714316, 0.8034197), (0.67164063, 0.8049936), (0.67172337, 0.804454), (0.6728287, 0.8043176), (0.67283285, 0.8041355), (0.67172337, 0.804454), (0.67164063, 0.8049936), (0.6726338, 0.80401045), (0.6727164, 0.80352145), (0.67287683, 0.8043809), (0.67279774, 0.80492556), (0.6724355, 0.8027587), (0.67251486, 0.8022956), (0.6727164, 0.80352145), (0.6726338, 0.80401045), (0.6716254, 0.8015089), (0.6716974, 0.80107087), (0.67240757, 0.80073565), (0.6723335, 0.8011802), (0.6709983, 0.80110186), (0.6710696, 0.8006561), (0.6716974, 0.80107087), (0.6716254, 0.8015089), (0.67243934, 0.8011607), (0.67240757, 0.80073565), (0.6716974, 0.80107087), (0.6717175, 0.8014969), (0.6717175, 0.8014969), (0.6716974, 0.80107087), (0.6710696, 0.8006561), (0.67108, 0.8010809), (0.67347044, 0.80151993), (0.67330605, 0.80165666), (0.6726889, 0.8018385), (0.67246634, 0.80167294), (0.67347044, 0.80151993), (0.67246634, 0.80167294), (0.6725717, 0.80340266), (0.6735891, 0.8033351), (0.6726338, 0.8052908), (0.67370456, 0.80524343), (0.6735891, 0.8033351), (0.67330605, 0.80165666), (0.67347044, 0.80151993), (0.6734075, 0.8033824), (0.67370456, 0.80524343), (0.67351717, 0.8051958), (0.67330605, 0.80165666), (0.6734075, 0.8033824), (0.6725546, 0.8033311), (0.6726889, 0.8018385), (0.6734075, 0.8033824), (0.67351717, 0.8051958), (0.67266756, 0.8051067), (0.6725546, 0.8033311), (0.6725546, 0.8033311), (0.67266756, 0.8051067), (0.6727632, 0.8053591), (0.67262805, 0.8036381), (0.67228466, 0.8020893), (0.67245775, 0.8019918), (0.67262805, 0.8036381), (0.6724425, 0.8037336), (0.6727632, 0.8053591), (0.6726029, 0.8056007), (0.67246634, 0.80167294), (0.67228466, 0.8020893), (0.6724425, 0.8037336), (0.6725717, 0.80340266), (0.6725717, 0.80340266), (0.6724425, 0.8037336), (0.6726029, 0.8056007), (0.6726338, 0.8052908), (0.67370456, 0.80524343), (0.6726338, 0.8052908), (0.6737155, 0.80756515), (0.67503226, 0.8075826), (0.67702395, 0.8098427), (0.6769488, 0.80946386), (0.6749143, 0.80725956), (0.67503226, 0.8075826), (0.67351717, 0.8051958), (0.6749143, 0.80725956), (0.6736755, 0.80721426), (0.67266756, 0.8051067), (0.6726029, 0.8056007), (0.6727632, 0.8053591), (0.6740387, 0.80745924), (0.6739955, 0.8078334), (0.6739955, 0.8078334), (0.6740387, 0.80745924), (0.6769488, 0.80946386), (0.67702395, 0.8098427), (0.67246634, 0.80167294), (0.6726889, 0.8018385), (0.67245775, 0.8019918), (0.67228466, 0.8020893), (0.6750383, 0.8076856), (0.6751958, 0.8073698), (0.6765496, 0.8087904), (0.6765162, 0.8089316), (0.6765162, 0.8089316), (0.6765496, 0.8087904), (0.67509514, 0.807887), (0.67510366, 0.80802184), (0.6750005, 0.8077702), (0.6748009, 0.8077032), (0.67481613, 0.80783683), (0.6750363, 0.8079067), (0.6750005, 0.8077702), (0.6750363, 0.8079067), (0.67510366, 0.80802184), (0.67509514, 0.807887), (0.6748009, 0.8077032), (0.6745395, 0.8071606), (0.6743833, 0.8075579), (0.67481613, 0.80783683), (0.6749413, 0.8072647), (0.6745395, 0.8071606), (0.6748009, 0.8077032), (0.6750005, 0.8077702), (0.6765496, 0.8087904), (0.67509514, 0.807887), (0.6739353, 0.8055481), (0.6745395, 0.8071606), (0.6749413, 0.8072647), (0.6741282, 0.8053969), (0.6735124, 0.80351686), (0.67309445, 0.8033071), (0.6738639, 0.8053569), (0.6743833, 0.8075579), (0.6745395, 0.8071606), (0.6739353, 0.8055481), (0.6737539, 0.805837), (0.6751958, 0.8073698), (0.6738511, 0.8035201), (0.6735124, 0.80351686), (0.6749413, 0.8072647), (0.67373246, 0.80380833), (0.6738511, 0.8035201), (0.6751958, 0.8073698), (0.6750383, 0.8076856), (0.6738511, 0.8035201), (0.67331415, 0.80062073), (0.67301536, 0.8006104), (0.6735124, 0.80351686), (0.67320925, 0.80088574), (0.67331415, 0.80062073), (0.6738511, 0.8035201), (0.67373246, 0.80380833), (0.6750383, 0.8076856), (0.6747604, 0.80767363), (0.6733943, 0.8038092), (0.67373246, 0.80380833), (0.67373246, 0.80380833), (0.6733943, 0.8038092), (0.6729106, 0.8008792), (0.67320925, 0.80088574), (0.6733943, 0.8038092), (0.6729758, 0.8036036), (0.6725373, 0.80066544), (0.6729106, 0.8008792), (0.67394465, 0.805687), (0.6733943, 0.8038092), (0.6747604, 0.80767363), (0.6737539, 0.805837), (0.6743833, 0.8075579), (0.6737024, 0.8056457), (0.6729758, 0.8036036), (0.6733943, 0.8038092), (0.67394465, 0.805687), (0.6741282, 0.8053969), (0.67394465, 0.805687), (0.6737539, 0.805837), (0.6739353, 0.8055481), (0.6741282, 0.8053969), (0.6738639, 0.8053569), (0.6737024, 0.8056457), (0.67394465, 0.805687), (0.6738639, 0.8053569), (0.67309445, 0.8033071), (0.6729758, 0.8036036), (0.6737024, 0.8056457), (0.6735124, 0.80351686), (0.67301536, 0.8006104), (0.67264235, 0.8003902), (0.67309445, 0.8033071), (0.6729758, 0.8036036), (0.67309445, 0.8033071), (0.67264235, 0.8003902), (0.6725373, 0.80066544), (0.6725373, 0.80066544), (0.67264235, 0.8003902), (0.67301536, 0.8006104), (0.6729106, 0.8008792), (0.67331415, 0.80062073), (0.67320925, 0.80088574), (0.6720805, 0.8025065), (0.67202604, 0.80157554), (0.67206, 0.8018401), (0.6721151, 0.8027722), (0.6720805, 0.8025065), (0.6721151, 0.8027722), (0.6731935, 0.8043095), (0.67319053, 0.8040358), (0.6723373, 0.8023424), (0.67227453, 0.80141795), (0.67202604, 0.80157554), (0.6720805, 0.8025065), (0.67319053, 0.8040358), (0.6734591, 0.8038215), (0.67442685, 0.8056925), (0.67471015, 0.8054574), (0.67202604, 0.80157554), (0.67227453, 0.80141795), (0.67229617, 0.8016787), (0.67206, 0.8018401), (0.6723592, 0.8026043), (0.67229617, 0.8016787), (0.67227453, 0.80141795), (0.6723373, 0.8023424), (0.6726668, 0.8026275), (0.6725938, 0.80170184), (0.67229617, 0.8016787), (0.6723592, 0.8026043), (0.67206, 0.8018401), (0.67229617, 0.8016787), (0.6725938, 0.80170184), (0.6723755, 0.8018638), (0.6724412, 0.8027959), (0.6723755, 0.8018638), (0.6725938, 0.80170184), (0.6726668, 0.8026275), (0.6724412, 0.8027959), (0.6726668, 0.8026275), (0.67376876, 0.8038472), (0.673535, 0.8040593), (0.675001, 0.8057162), (0.67477244, 0.8059589), (0.6723592, 0.8026043), (0.6734521, 0.80409193), (0.67376876, 0.8038472), (0.6726668, 0.8026275), (0.6721151, 0.8027722), (0.6724412, 0.8027959), (0.673535, 0.8040593), (0.6731935, 0.8043095), (0.6721151, 0.8027722), (0.67206, 0.8018401), (0.6723755, 0.8018638), (0.6724412, 0.8027959), (0.6731935, 0.8043095), (0.673535, 0.8040593), (0.67477244, 0.8059589), (0.67451334, 0.80624574), (0.67319053, 0.8040358), (0.6731935, 0.8043095), (0.67451334, 0.80624574), (0.67442685, 0.8056925), (0.67453367, 0.80596715), (0.67451334, 0.80624574), (0.67559874, 0.80699027), (0.6756238, 0.8066789), (0.67451334, 0.80624574), (0.67477244, 0.8059589), (0.67579406, 0.8067714), (0.67559874, 0.80699027), (0.67451334, 0.80624574), (0.6747622, 0.80598503), (0.67471015, 0.8054574), (0.67442685, 0.8056925), (0.67453367, 0.80596715), (0.67479515, 0.80570596), (0.6747622, 0.80598503), (0.67451334, 0.80624574), (0.67479515, 0.80570596), (0.67584795, 0.8063877), (0.67579097, 0.8066876), (0.6747622, 0.80598503), (0.6747622, 0.80598503), (0.67579097, 0.8066876), (0.6759489, 0.80648506), (0.675001, 0.8057162), (0.6734521, 0.80409193), (0.6747622, 0.80598503), (0.675001, 0.8057162), (0.67376876, 0.8038472), (0.6734591, 0.8038215), (0.67471015, 0.8054574), (0.6747622, 0.80598503), (0.6734521, 0.80409193), (0.6756238, 0.8066789), (0.67584795, 0.8063877), (0.67479515, 0.80570596), (0.67453367, 0.80596715), (0.67645776, 0.8062926), (0.676492, 0.80618197), (0.67584795, 0.8063877), (0.6756238, 0.8066789), (0.67584795, 0.8063877), (0.676492, 0.80618197), (0.67642194, 0.8067362), (0.67579097, 0.8066876), (0.6756238, 0.8066789), (0.67559874, 0.80699027), (0.67643803, 0.80686355), (0.67645776, 0.8062926), (0.67807096, 0.80513275), (0.67796606, 0.80504274), (0.676492, 0.80618197), (0.67645776, 0.8062926), (0.67643803, 0.80686355), (0.67642194, 0.8067362), (0.676671, 0.80609703), (0.67681545, 0.8061373), (0.67559874, 0.80699027), (0.67579406, 0.8067714), (0.6763033, 0.8067737), (0.67643803, 0.80686355), (0.6763033, 0.8067737), (0.67625225, 0.806656), (0.67642194, 0.8067362), (0.67643803, 0.80686355), (0.67579097, 0.8066876), (0.67642194, 0.8067362), (0.67625225, 0.806656), (0.6759489, 0.80648506), (0.67579406, 0.8067714), (0.6759489, 0.80648506), (0.67625225, 0.806656), (0.6763033, 0.8067737), (0.67477244, 0.8059589), (0.675001, 0.8057162), (0.6759489, 0.80648506), (0.67579406, 0.8067714), (0.67681545, 0.8061373), (0.676671, 0.80609703), (0.67796606, 0.80504274), (0.67807096, 0.80513275), (0.6723373, 0.8023424), (0.6734591, 0.8038215), (0.6734521, 0.80409193), (0.6723592, 0.8026043), (0.672252, 0.8028579), (0.6721948, 0.80186766), (0.6714984, 0.8018553), (0.6715721, 0.80284464), (0.672252, 0.8028579), (0.6715721, 0.80284464), (0.67142606, 0.8069098), (0.6721396, 0.8069185), (0.6721396, 0.8069185), (0.6720648, 0.8070316), (0.67218363, 0.8032726), (0.672252, 0.8028579), (0.6721948, 0.80186766), (0.6722057, 0.80213517), (0.6715289, 0.8021163), (0.6714984, 0.8018553), (0.67155266, 0.8032569), (0.6715289, 0.8021163), (0.6722057, 0.80213517), (0.67218363, 0.8032726), (0.67116666, 0.8035318), (0.6711587, 0.80239), (0.6715289, 0.8021163), (0.67155266, 0.8032569), (0.6714984, 0.8018553), (0.6715289, 0.8021163), (0.6711587, 0.80239), (0.67111367, 0.8021503), (0.67115605, 0.80316204), (0.67111367, 0.8021503), (0.6711587, 0.80239), (0.67116666, 0.8035318), (0.67115605, 0.80316204), (0.67116666, 0.8035318), (0.6709723, 0.80707765), (0.67095214, 0.8069905), (0.67155266, 0.8032569), (0.6714054, 0.8070221), (0.6709723, 0.80707765), (0.67116666, 0.8035318), (0.6715721, 0.80284464), (0.67115605, 0.80316204), (0.67095214, 0.8069905), (0.67142606, 0.8069098), (0.6715721, 0.80284464), (0.6714984, 0.8018553), (0.67111367, 0.8021503), (0.67115605, 0.80316204), (0.67095214, 0.8069905), (0.6709723, 0.80707765), (0.6712405, 0.8098174), (0.67123663, 0.80998063), (0.67142606, 0.8069098), (0.67095214, 0.8069905), (0.67123663, 0.80998063), (0.67167944, 0.81004554), (0.6721396, 0.8069185), (0.67142606, 0.8069098), (0.67167944, 0.81004554), (0.6723487, 0.8097055), (0.6723774, 0.8101125), (0.67167944, 0.81004554), (0.67185193, 0.81179446), (0.6724474, 0.8117867), (0.67167944, 0.81004554), (0.67123663, 0.80998063), (0.6715001, 0.81173456), (0.67185193, 0.81179446), (0.67167944, 0.81004554), (0.671643, 0.8098756), (0.672255, 0.80960315), (0.6723487, 0.8097055), (0.6723774, 0.8101125), (0.6722777, 0.80994207), (0.671643, 0.8098756), (0.67167944, 0.81004554), (0.6722777, 0.80994207), (0.6723416, 0.81143546), (0.67180073, 0.8114106), (0.671643, 0.8098756), (0.671643, 0.8098756), (0.67180073, 0.8114106), (0.67148626, 0.8113433), (0.6712405, 0.8098174), (0.6714054, 0.8070221), (0.671643, 0.8098756), (0.6712405, 0.8098174), (0.6709723, 0.80707765), (0.6720648, 0.8070316), (0.672255, 0.80960315), (0.671643, 0.8098756), (0.6714054, 0.8070221), (0.6724474, 0.8117867), (0.6723416, 0.81143546), (0.6722777, 0.80994207), (0.6723774, 0.8101125), (0.67243296, 0.8123107), (0.6723294, 0.81190276), (0.6723416, 0.81143546), (0.6724474, 0.8117867), (0.6723416, 0.81143546), (0.6723294, 0.81190276), (0.6720249, 0.81211597), (0.67180073, 0.8114106), (0.6724474, 0.8117867), (0.67185193, 0.81179446), (0.6720999, 0.81259996), (0.67243296, 0.8123107), (0.6720999, 0.81259996), (0.6720249, 0.81211597), (0.6715927, 0.81212944), (0.67157704, 0.81247383), (0.67185193, 0.81179446), (0.6715001, 0.81173456), (0.6715556, 0.8122449), (0.6720999, 0.81259996), (0.6715556, 0.8122449), (0.67153376, 0.8117702), (0.6720249, 0.81211597), (0.6720999, 0.81259996), (0.67180073, 0.8114106), (0.6720249, 0.81211597), (0.67153376, 0.8117702), (0.67148626, 0.8113433), (0.6715001, 0.81173456), (0.67148626, 0.8113433), (0.67153376, 0.8117702), (0.6715556, 0.8122449), (0.67123663, 0.80998063), (0.6712405, 0.8098174), (0.67148626, 0.8113433), (0.6715001, 0.81173456), (0.67157704, 0.81247383), (0.6715927, 0.81212944), (0.6724732, 0.8124899), (0.67248064, 0.8126295), (0.6723487, 0.8097055), (0.672255, 0.80960315), (0.6720648, 0.8070316), (0.6721396, 0.8069185), (0.67218363, 0.8032726), (0.6720648, 0.8070316), (0.6714054, 0.8070221), (0.67155266, 0.8032569), (0.6709342, 0.800778), (0.67060405, 0.80074996), (0.67062265, 0.8031107), (0.67098, 0.8031674), (0.6706392, 0.80426794), (0.6702944, 0.8041351), (0.66956115, 0.80541474), (0.6693771, 0.80514276), (0.66723025, 0.8053052), (0.6673772, 0.8050301), (0.66603196, 0.8044985), (0.6662097, 0.80424386), (0.67076856, 0.80103177), (0.67052484, 0.8012753), (0.67053646, 0.80364263), (0.6708012, 0.80341417), (0.67052484, 0.8012753), (0.6708501, 0.80130255), (0.67088735, 0.8036985), (0.67053646, 0.80364263), (0.67021, 0.80466855), (0.6705485, 0.80480015), (0.66930604, 0.8056777), (0.66948587, 0.80594873), (0.6673436, 0.80557024), (0.66719824, 0.805845), (0.66619706, 0.8047879), (0.6660233, 0.8050428), (0.6710958, 0.80105937), (0.6709342, 0.800778), (0.67098, 0.8031674), (0.67115605, 0.80347043), (0.67076856, 0.80103177), (0.6708501, 0.80130255), (0.67052484, 0.8012753), (0.6710958, 0.80105937), (0.67060405, 0.80074996), (0.6709342, 0.800778), (0.67053646, 0.80364263), (0.67021, 0.80466855), (0.6704652, 0.8044868), (0.6708012, 0.80341417), (0.6708501, 0.80130255), (0.6710958, 0.80105937), (0.67115605, 0.80347043), (0.67088735, 0.8036985), (0.67060405, 0.80074996), (0.67076856, 0.80103177), (0.6708012, 0.80341417), (0.67062265, 0.8031107), (0.6706392, 0.80426794), (0.66956115, 0.80541474), (0.66963875, 0.80585635), (0.67080843, 0.80461955), (0.67080843, 0.80461955), (0.66963875, 0.80585635), (0.66948587, 0.80594873), (0.6705485, 0.80480015), (0.67115605, 0.80347043), (0.67080843, 0.80461955), (0.6705485, 0.80480015), (0.67088735, 0.8036985), (0.6708012, 0.80341417), (0.6704652, 0.8044868), (0.6702944, 0.8041351), (0.67062265, 0.8031107), (0.67098, 0.8031674), (0.6706392, 0.80426794), (0.67080843, 0.80461955), (0.67115605, 0.80347043), (0.66945493, 0.80558205), (0.6672692, 0.8054743), (0.6673772, 0.8050301), (0.6693771, 0.80514276), (0.67021, 0.80466855), (0.66930604, 0.8056777), (0.66945493, 0.80558205), (0.6704652, 0.8044868), (0.6704652, 0.8044868), (0.66945493, 0.80558205), (0.6693771, 0.80514276), (0.6702944, 0.8041351), (0.66723025, 0.8053052), (0.66603196, 0.8044985), (0.6659162, 0.8049339), (0.6671218, 0.80575114), (0.6671218, 0.80575114), (0.6659162, 0.8049339), (0.6660233, 0.8050428), (0.66719824, 0.805845), (0.66963875, 0.80585635), (0.6671218, 0.80575114), (0.66719824, 0.805845), (0.66948587, 0.80594873), (0.66956115, 0.80541474), (0.66723025, 0.8053052), (0.6671218, 0.80575114), (0.66963875, 0.80585635), (0.66930604, 0.8056777), (0.6673436, 0.80557024), (0.6672692, 0.8054743), (0.66945493, 0.80558205), (0.6673436, 0.80557024), (0.66619706, 0.8047879), (0.6660943, 0.8046773), (0.6672692, 0.8054743), (0.6672692, 0.8054743), (0.6660943, 0.8046773), (0.6662097, 0.80424386), (0.6673772, 0.8050301), (0.6704777, 0.80190516), (0.67103034, 0.801804), (0.67117953, 0.8040217), (0.67057896, 0.8042358), (0.67103034, 0.801804), (0.6711195, 0.8022139), (0.6712913, 0.80454123), (0.67117953, 0.8040217), (0.67103034, 0.801804), (0.6714448, 0.80202883), (0.6711195, 0.8022139), (0.67136073, 0.8016032), (0.6704777, 0.80190516), (0.6707978, 0.8016955), (0.6707978, 0.8016955), (0.670745, 0.8041582), (0.6713588, 0.80396384), (0.67136073, 0.8016032), (0.67136073, 0.8016032), (0.6713588, 0.80396384), (0.67147195, 0.80451584), (0.6714448, 0.80202883), (0.67057896, 0.8042358), (0.670745, 0.8041582), (0.6707978, 0.8016955), (0.6704777, 0.80190516), (0.670745, 0.8041582), (0.6705525, 0.8053221), (0.6711975, 0.8050937), (0.6713588, 0.80396384), (0.6703791, 0.8053816), (0.670745, 0.8041582), (0.67057896, 0.8042358), (0.6705525, 0.8053221), (0.6700264, 0.8066974), (0.6701967, 0.8066451), (0.67057896, 0.8042358), (0.67117953, 0.8040217), (0.67102027, 0.80512315), (0.6703791, 0.8053816), (0.6703791, 0.8053816), (0.67102027, 0.80512315), (0.67053336, 0.8066243), (0.6700264, 0.8066974), (0.6705525, 0.8053221), (0.6701967, 0.8066451), (0.67084116, 0.8066194), (0.6711975, 0.8050937), (0.6701404, 0.80684835), (0.6697974, 0.8080336), (0.6704099, 0.80785567), (0.67084116, 0.8066194), (0.67084116, 0.8066194), (0.6704099, 0.80785567), (0.6704263, 0.80843765), (0.6708903, 0.8072173), (0.6711975, 0.8050937), (0.67084116, 0.8066194), (0.6708903, 0.8072173), (0.67130136, 0.8056916), (0.6699977, 0.8068734), (0.6701404, 0.80684835), (0.67084116, 0.8066194), (0.67053336, 0.8066243), (0.67074496, 0.8071825), (0.6704263, 0.80843765), (0.67028064, 0.80837446), (0.6708903, 0.8072173), (0.67111504, 0.8056874), (0.67130136, 0.8056916), (0.6712913, 0.80454123), (0.67147195, 0.80451584), (0.6713588, 0.80396384), (0.6711975, 0.8050937), (0.67130136, 0.8056916), (0.67147195, 0.80451584), (0.67102027, 0.80512315), (0.67111504, 0.8056874), (0.67074496, 0.8071825), (0.67053336, 0.8066243), (0.67117953, 0.8040217), (0.6712913, 0.80454123), (0.67111504, 0.8056874), (0.67102027, 0.80512315), (0.6711195, 0.8022139), (0.6714448, 0.80202883), (0.67147195, 0.80451584), (0.6712913, 0.80454123), (0.67053336, 0.8066243), (0.67074496, 0.8071825), (0.67028064, 0.80837446), (0.67025983, 0.8078325), (0.67025983, 0.8078325), (0.67028064, 0.80837446), (0.66997, 0.80879503), (0.66987085, 0.80869997), (0.67028064, 0.80837446), (0.6704263, 0.80843765), (0.67011297, 0.80886877), (0.66997, 0.80879503), (0.669405, 0.80973834), (0.66927135, 0.8096905), (0.6704099, 0.80785567), (0.6700112, 0.80875033), (0.67011297, 0.80886877), (0.6704263, 0.80843765), (0.66927135, 0.8096905), (0.669405, 0.80973834), (0.6696487, 0.8086207), (0.66950685, 0.80859625), (0.6697974, 0.8080336), (0.6696487, 0.8086207), (0.6700112, 0.80875033), (0.6704099, 0.80785567), (0.66950685, 0.80859625), (0.6696487, 0.8086207), (0.6697974, 0.8080336), (0.6696553, 0.80802256), (0.6696553, 0.80802256), (0.67025983, 0.8078325), (0.66987085, 0.80869997), (0.66950685, 0.80859625), (0.6699977, 0.8068734), (0.67053336, 0.8066243), (0.67025983, 0.8078325), (0.6696553, 0.80802256), (0.6696553, 0.80802256), (0.6697974, 0.8080336), (0.6701404, 0.80684835), (0.6699977, 0.8068734)] (
        customData = {
            string sourceMember = "ArbitraryPrimvars"
        }
        elementSize = 1
        interpolation = "varying"
    )
    float4[] primvars:tangents = [(-0.45469034, -0.5403752, 0.7079911, -1), (-0.45469034, -0.5403752, 0.70799106, -1), (-0.45469034, -0.5403752, 0.7079911, -1), (-0.82749295, -0.23363781, 0.5105573, -1), (-0.827493, -0.23363777, 0.51055723, -1), (-0.827493, -0.2336378, 0.51055723, -1), (-0.3984236, -0.57042086, 0.71824694, 1), (-0.3984236, -0.57042086, 0.71824694, 1), (-0.39842358, -0.5704208, 0.71824694, 1), (-0.7460481, -0.32784027, 0.57959735, 1), (-0.7460481, -0.32784027, 0.57959735, 1), (-0.7460481, -0.32784024, 0.57959735, 1), (-0.37322664, -0.56434387, 0.73635453, -1), (-0.37322667, -0.56434387, 0.7363545, -1), (-0.37322667, -0.56434387, 0.7363545, -1), (-0.91081804, 0.3914723, -0.1309962, -1), (-0.91081804, 0.39147228, -0.1309962, -1), (-0.91081804, 0.3914723, -0.13099623, -1), (-0.09403941, -0.652926, 0.75156116, 1), (-0.09403941, -0.652926, 0.75156116, 1), (-0.09403941, -0.652926, 0.75156116, 1), (-0.8054226, 0.51016194, -0.30171043, 1), (-0.8054226, 0.51016194, -0.30171043, 1), (-0.8054226, 0.51016194, -0.30171043, 1), (-0.9641419, 0.033501416, 0.26326418, -1), (-0.9641419, 0.033501416, 0.26326418, -1), (-0.9641419, 0.033501416, 0.26326418, -1), (-0.963125, 0.029570859, 0.26742408, 1), (-0.963125, 0.029570859, 0.26742408, 1), (-0.963125, 0.02957086, 0.2674241, 1), (0.13965853, -0.6123708, 0.77813715, -1), (0.13965853, -0.6123707, 0.77813715, -1), (0.13965853, -0.6123707, 0.77813715, -1), (-0.30407208, 0.60420895, -0.7365268, -1), (-0.30407208, 0.6042089, -0.7365268, -1), (-0.30407205, 0.6042089, -0.7365268, -1), (-0.83985627, -0.16824736, 0.51607573, 1), (-0.83985627, -0.16824737, 0.5160758, 1), (-0.83985627, -0.16824736, 0.5160758, 1), (-0.3496317, -0.47049832, 0.8101783, -1), (-0.3496318, -0.47049835, 0.8101784, -1), (-0.34963173, -0.47049832, 0.8101783, -1), (-0.962589, 0.2688387, -0.033884104, -1), (-0.962589, 0.26883873, -0.033884104, -1), (-0.962589, 0.26883867, -0.0338841, -1), (-0.60213596, 0.58265007, -0.54584914, 1), (-0.60213596, 0.58265007, -0.54584914, 1), (-0.60213596, 0.58265007, -0.54584914, 1), (-0.9557139, 0.2883453, -0.058887936, 1), (-0.9557139, 0.2883453, -0.058887936, 1), (-0.95571405, 0.2883453, -0.058887944, 1), (-0.67786926, 0.5541017, -0.48318172, -1), (-0.67786926, 0.55410165, -0.48318174, -1), (-0.67786926, 0.5541017, -0.4831817, -1), (0.06266189, -0.45625028, 0.88764244, -1), (0.06266189, -0.45625025, 0.8876425, -1), (0.0626619, -0.45625028, 0.88764244, -1), (0.123219274, -0.461601, 0.8784882, 1), (0.123219274, -0.46160096, 0.87848824, 1), (0.12321926, -0.461601, 0.8784882, 1), (-0.09046228, -0.4424831, 0.89220256, 1), (-0.09046228, -0.4424831, 0.89220256, 1), (-0.09046228, -0.4424831, 0.89220256, 1), (-0.8669236, 0.3380854, -0.36625373, 1), (-0.8669236, 0.3380854, -0.36625376, 1), (-0.8669236, 0.33808544, -0.36625373, 1), (-0.760008, -0.29062945, 0.5813109, 1), (-0.760008, -0.29062948, 0.58131087, 1), (-0.7600079, -0.2906295, 0.5813109, 1), (-0.95318353, 0.00519635, 0.3023476, 1), (-0.95318353, 0.00519635, 0.30234766, 1), (-0.95318353, 0.0051963497, 0.30234763, 1), (-0.9779825, 0.14845012, 0.1466722, -1), (-0.9779825, 0.14845014, 0.1466722, -1), (-0.9779825, 0.1484501, 0.1466722, -1), (-0.6672008, 0.5799386, -0.46745518, -1), (-0.6672008, 0.5799386, -0.46745518, -1), (-0.6672008, 0.5799386, -0.46745518, -1), (-0.9780451, 0.15506491, 0.13922109, -1), (-0.9780451, 0.15506491, 0.1392211, -1), (-0.9780451, 0.15506491, 0.13922109, -1), (-0.94924587, 0.3099363, -0.053589568, 1), (-0.94924587, 0.30993634, -0.053589582, 1), (-0.94924587, 0.30993634, -0.053589568, 1), (-0.5010835, -0.40030733, 0.76724786, 1), (-0.50108355, -0.40030736, 0.767248, 1), (-0.50108355, -0.40030736, 0.767248, 1), (-0.5186505, -0.39089486, 0.76039654, -1), (-0.5186505, -0.39089486, 0.7603965, -1), (-0.5186505, -0.3908949, 0.76039654, -1), (-0.98403186, 0.12648843, 0.12522753, -1), (-0.98403186, 0.12648843, 0.1252275, -1), (-0.98403186, 0.12648842, 0.1252275, -1), (-0.9840537, 0.12729995, 0.12422963, 1), (-0.9840537, 0.12729996, 0.12422963, 1), (-0.9840537, 0.12729996, 0.12422963, 1), (0.11968738, -0.68482566, 0.7188107, -1), (0.11968563, -0.68482554, 0.7188111, -1), (0.11968926, -0.684826, 0.71881, -1), (-0.12986502, 0.6625806, -0.7376463, 1), (-0.12986667, 0.662581, -0.73764557, 1), (-0.1298619, 0.6625802, -0.7376471, 1), (0.30609962, -0.7560569, 0.5785162, -1), (0.3060924, -0.756059, 0.5785174, -1), (0.3061268, -0.7560591, 0.57849896, -1), (-0.34405047, 0.6810633, -0.64636075, 1), (-0.34407955, 0.68106264, -0.6463459, 1), (-0.34408408, 0.68105996, -0.64634615, 1), (-0.2317817, 0.7237514, -0.6499702, -1), (-0.23178957, 0.7237467, -0.6499725, -1), (-0.23177072, 0.72375643, -0.64996845, -1), (0.15342647, -0.52918935, 0.83451724, 1), (0.15341353, -0.52919346, 0.8345169, 1), (0.15342668, -0.5291905, 0.8345164, 1), (0.13679153, -0.35687122, 0.9240839, -1), (0.13680144, -0.35686234, 0.9240858, -1), (0.13676867, -0.35686198, 0.9240908, -1), (-0.3320644, 0.7826981, -0.52641904, 1), (-0.332077, 0.78270173, -0.52640563, 1), (-0.3320874, 0.78268796, -0.52641946, 1), (-0.012128764, -0.5371752, 0.84338355, -1), (-0.012109275, -0.53717, 0.84338707, -1), (-0.012121358, -0.53717315, 0.84338486, -1), (-0.062734514, 0.72111726, -0.68996686, 1), (-0.0627417, 0.7211152, -0.6899684, 1), (-0.06276603, 0.72110814, -0.6899735, 1), (0.21137133, -0.72602725, 0.65437496, -1), (0.21134862, -0.72602606, 0.6543836, -1), (0.21136646, -0.72602695, 0.65437704, -1), (-0.20990515, 0.7297594, -0.6506852, 1), (-0.20990005, 0.7297594, -0.65068674, 1), (-0.20988907, 0.7297593, -0.6506903, 1), (0.20776464, -0.4746643, 0.8552938, -1), (0.20774896, -0.47466758, 0.85529584, -1), (0.20776564, -0.47466338, 0.85529417, -1), (-0.2075796, 0.4704771, -0.85764915, 1), (-0.20758055, 0.4704772, -0.8576488, 1), (-0.20757793, 0.4704774, -0.8576493, 1), (-0.6795459, 0.49500448, -0.5414683, 1), (-0.6795462, 0.49500394, -0.5414684, 1), (-0.6795494, 0.49498042, -0.5414859, 1), (-0.5239051, -0.45858908, 0.7177879, -1), (-0.5239031, -0.4585804, 0.7177949, -1), (-0.5239035, -0.45858407, 0.71779233, -1), (-0.12200203, -0.60073227, 0.79008627, 1), (-0.15106474, -0.58101195, 0.79975283, 1), (-0.19254571, -0.5513151, 0.8117745, 1), (-0.20599706, -0.5415326, 0.8150507, 1), (-0.22448488, -0.5273543, 0.8194534, 1), (-0.22346862, -0.528469, 0.81901294, 1), (-0.9667873, 0.048161652, 0.25100362, 1), (-0.9623724, 0.04049673, 0.26869938, 1), (-0.962451, 0.037992112, 0.2687838, 1), (-0.966511, 0.05390611, 0.25089973, 1), (-0.9650253, 0.07786824, 0.2503253, 1), (-0.96470803, 0.08215686, 0.2501771, 1), (-0.9679174, 0.08367474, 0.2369272, 1), (-0.9679289, 0.08353434, 0.23692973, 1), (-0.96763515, 0.060095895, 0.24509344, 1), (-0.96766585, 0.055202924, 0.246121, 1), (-0.96745414, 0.07201204, 0.24258374, 1), (-0.9673063, 0.07776921, 0.24139284, 1), (-0.332071, 0.7481528, -0.57445294, 1), (-0.3352759, 0.7425156, -0.57987994, 1), (-0.3348891, 0.74319154, -0.5792371, 1), (-0.33193195, 0.74841684, -0.5741893, 1), (-0.3466147, 0.75409657, -0.55784994, 1), (-0.34719238, 0.7531422, -0.55877936, 1), (-0.33323735, 0.72589445, -0.6016894, 1), (-0.33326513, 0.7258441, -0.6017347, 1), (-0.33320412, 0.7259789, -0.60160583, 1), (-0.33317557, 0.72603166, -0.6015581, 1), (0.14867069, -0.71150947, 0.68676865, -1), (0.14986813, -0.70951736, 0.68856716, -1), (0.14665289, -0.7148812, 0.6836943, -1), (0.14548677, -0.71681565, 0.68191564, -1), (-0.966447, 0.047127448, 0.252506, -1), (-0.96196026, 0.035861667, 0.27082542, -1), (-0.9618604, 0.038748387, 0.27078247, -1), (-0.96616894, 0.05306017, 0.25239325, -1), (-0.96470225, 0.07718675, 0.25177732, -1), (-0.96438396, 0.08139132, 0.25167271, -1), (-0.967631, 0.083021, 0.23832278, -1), (-0.96763605, 0.082958944, 0.23832406, -1), (-0.96566486, 0.05506457, 0.25388822, -1), (-0.96576756, 0.061589893, 0.25199118, -1), (-0.96573824, 0.059396368, 0.25262988, -1), (-0.96562594, 0.05314538, 0.25444457, -1), (-0.32843697, 0.75257725, -0.570751, -1), (-0.3312661, 0.74766856, -0.5755471, -1), (-0.331637, 0.7470218, -0.57617307, -1), (-0.32859078, 0.7523328, -0.5709846, -1), (-0.34286773, 0.75873506, -0.5538618, -1), (-0.3429112, 0.75866395, -0.5539323, -1), (-0.3303543, 0.73056436, -0.59761333, -1), (-0.33026138, 0.73073816, -0.5974522, -1), (-0.3303011, 0.73067135, -0.597512, -1), (-0.33037138, 0.7305013, -0.59768105, -1), (0.14556251, -0.71688527, 0.6818262, 1), (0.14257397, -0.7218604, 0.67719287, 1), (0.14371438, -0.7199603, 0.6789723, 1), (0.14672141, -0.71493226, 0.68362606, 1), (-0.09955408, -0.7210501, 0.6856937, 1), (-0.09911031, -0.72389024, 0.6827592, 1), (-0.099047184, -0.7243081, 0.68232507, 1), (-0.09980119, -0.7192619, 0.6875334, 1), (-0.072582185, -0.71036524, 0.70008075, 1), (-0.0719712, -0.71387297, 0.69656694, 1), (-0.037295014, -0.70992, 0.70329416, 1), (-0.037016734, -0.7114036, 0.7018081, 1), (-0.14378563, -0.71799845, 0.6810314, -1), (-0.14517313, -0.710009, 0.68906605, -1), (-0.14481844, -0.7105022, 0.6886322, -1), (-0.14322972, -0.72173077, 0.67719275, -1), (-0.113752306, -0.7298018, 0.67412895, -1), (-0.11394926, -0.72869116, 0.675296, -1), (-0.06727166, -0.68838394, 0.7222201, 1), (-0.066966794, -0.6906917, 0.72004193, 1), (-0.06902699, -0.67735213, 0.73241335, 1), (-0.069309756, -0.67525136, 0.73432404, 1), (0.00471973, -0.6908061, 0.72302467, 1), (0.004640548, -0.6904277, 0.72338647, 1), (0.0054004407, -0.6943938, 0.719575, 1), (0.0054327915, -0.6945293, 0.7194439, 1), (-0.1981247, -0.6555838, 0.7286676, -1), (-0.19827272, -0.65470576, 0.72941643, -1), (-0.19783373, -0.6602993, 0.72447675, -1), (-0.1976799, -0.66108686, 0.72380024, -1), (-0.09449331, -0.7010126, 0.70686096, -1), (-0.09456215, -0.70037043, 0.70748806, -1), (-0.093687646, -0.70506954, 0.7029221, -1), (-0.09357291, -0.7056875, 0.70231706, -1), (-0.45254648, -0.5418742, 0.708219, -1), (-0.45253924, -0.541682, 0.70837057, -1), (-0.4525403, -0.5442878, 0.70636964, -1), (-0.45252827, -0.5445591, 0.7061682, -1), (-0.9548497, 0.013099227, 0.29680008, 1), (-0.9547906, 0.013062207, 0.2969921, 1), (-0.9549889, 0.0131861195, 0.2963486, 1), (-0.9550477, 0.013222846, 0.2961572, 1), (-0.9599444, 0.2659062, 0.08832009, 1), (-0.958578, 0.26694477, 0.09934093, 1), (-0.96190643, 0.26318586, 0.073954605, 1), (-0.96299344, 0.26202333, 0.0631468, 1), (-0.37662038, -0.5930159, 0.71168065, 1), (-0.37914956, -0.58735687, 0.7150228, 1), (-0.37755868, -0.59089476, 0.7129466, 1), (-0.37622553, -0.5939229, 0.7111329, 1), (-0.35391727, -0.5826863, 0.73158675, 1), (-0.35288852, -0.58491355, 0.73030525, 1), (-0.26678297, -0.58888155, 0.762919, 1), (-0.2666419, -0.58921, 0.7627146, 1), (-0.267366, -0.5881559, 0.76327455, 1), (-0.2675808, -0.5877846, 0.7634853, 1), (-0.8150114, 0.51924115, -0.25718674, 1), (-0.8184559, 0.51346594, -0.25784257, 1), (-0.80933553, 0.528581, -0.2560822, 1), (-0.8052515, 0.5351735, -0.25526327, 1), (-0.8144097, 0.50653845, -0.28311786, 1), (-0.81677836, 0.50227743, -0.28388482, 1), (-0.8103559, 0.5137349, -0.2817798, 1), (-0.80780816, 0.5181813, -0.28095204, 1), (-0.6982069, 0.56350553, -0.44155255, 1), (-0.7089421, 0.54912096, -0.4425689, 1), (-0.6794653, 0.58752334, -0.4394806, 1), (-0.66838396, 0.6011077, -0.4381009, 1), (-0.8310641, 0.51369864, -0.21318117, 1), (-0.8315374, 0.51288146, -0.21330257, 1), (-0.83088833, 0.51400155, -0.21313603, 1), (-0.8304138, 0.5148182, -0.2130144, 1), (-0.36942047, -0.6060926, 0.7044007, -1), (-0.3702926, -0.60418695, 0.7055788, -1), (-0.37214315, -0.6001381, 0.70805633, -1), (-0.368693, -0.6076461, 0.7034428, -1), (-0.34592885, -0.59699214, 0.7238326, -1), (-0.34470743, -0.5996829, 0.7221892, -1), (-0.2536645, -0.60403895, 0.7555073, -1), (-0.25148815, -0.608131, 0.7529478, -1), (-0.2525695, -0.60686326, 0.75360835, -1), (-0.2545238, -0.6029001, 0.75612766, -1), (-0.8063627, 0.53254926, -0.2572361, -1), (-0.79623884, 0.5485152, -0.25521496, -1), (-0.80049026, 0.54189295, -0.2560614, -1), (-0.809917, 0.52678543, -0.25793725, -1), (-0.80656165, 0.51959634, -0.28191838, -1), (-0.7998552, 0.53104043, -0.2796925, -1), (-0.80245066, 0.52664834, -0.28056112, -1), (-0.80899495, 0.5153634, -0.28271478, -1), (-0.6852805, 0.5798237, -0.44067574, -1), (-0.65622985, 0.61529213, -0.43678138, -1), (-0.66751665, 0.601867, -0.43838063, -1), (-0.6962183, 0.5656509, -0.44194928, -1), (-0.27728215, 0.74317646, -0.60893625, 1), (-0.27404878, 0.7501775, -0.60177314, 1), (-0.27286714, 0.752681, -0.59917843, 1), (-0.27586442, 0.7462543, -0.60580796, 1), (-0.26377672, 0.7383482, -0.6206961, 1), (-0.26329443, 0.7392651, -0.61980903, 1), (-0.42624357, -0.5883455, 0.68714327, 1), (-0.42625195, -0.5883237, 0.6871568, 1), (-0.42624024, -0.5883544, 0.68713784, 1), (-0.42623192, -0.5883763, 0.68712425, 1), (-0.2826795, 0.7539623, -0.59298664, -1), (-0.2826389, 0.7540445, -0.59290147, -1), (-0.2826682, 0.7539853, -0.5929629, -1), (-0.2827088, 0.75390303, -0.5930481, -1), (-0.32606405, 0.7376842, -0.5911889, -1), (-0.3245677, 0.7401631, -0.58890945, -1), (-0.3290017, 0.72993684, -0.59912443, -1), (-0.3300097, 0.7274874, -0.60154456, -1), (-0.37838078, 0.68540615, -0.6221304, -1), (-0.373615, 0.69843686, -0.6104078, -1), (-0.37466952, 0.69567466, -0.61291075, -1), (-0.3763169, 0.69130635, -0.6168314, -1), (-0.3795487, 0.6823236, -0.62480193, -1), (-0.37810525, 0.6863191, -0.621291, -1), (-0.5812906, 0.6247729, -0.521306, -1), (-0.5814044, 0.6243501, -0.5216858, -1), (-0.58050084, 0.6275609, -0.5188313, -1), (-0.5804716, 0.62767255, -0.51872903, -1), (-0.2795874, 0.6825294, -0.67526627, 1), (-0.28002876, 0.68142, -0.67620313, 1), (-0.27812785, 0.6861119, -0.6722317, 1), (-0.27771997, 0.6871301, -0.6713597, 1), (-0.32757983, 0.7037095, -0.6304637, 1), (-0.32794523, 0.70264584, -0.63145936, 1), (-0.32618117, 0.7077399, -0.62666583, 1), (-0.32581893, 0.7087735, -0.6256854, 1), (-0.9708171, 0.120345294, 0.20744008, 1), (-0.9688542, 0.12231267, 0.21531647, 1), (-0.97211087, 0.11879656, 0.20220725, 1), (-0.97393596, 0.11684793, 0.19440977, 1), (-0.8997485, -0.13699259, 0.41434965, 1), (-0.8998667, -0.13706264, 0.41406968, 1), (-0.89959633, -0.13690229, 0.4147097, 1), (-0.89947826, -0.13683213, 0.41498888, 1), (-0.8231954, 0.5264147, -0.2126899, -1), (-0.82325697, 0.526312, -0.21270582, -1), (-0.8231731, 0.5264517, -0.21268415, -1), (-0.82311153, 0.5265544, -0.21266824, -1), (-0.420723, -0.6002914, 0.6801782, -1), (-0.42109957, -0.5993364, 0.680787, -1), (-0.42057362, -0.6006694, 0.67993677, -1), (-0.42019632, -0.6016231, 0.67932653, -1), (-0.96331406, 0.0015841356, 0.26837206, 1), (-0.9850949, 0.013058647, 0.1715154, 1), (-0.9414178, -0.0068016723, 0.33717406, 1), (-0.9377755, -0.008029373, 0.3471493, 1), (-0.97456306, 0.18280543, 0.12964912, -1), (-0.9746063, 0.18259388, 0.12962255, -1), (-0.97526574, 0.17936358, 0.12917197, -1), (-0.9760124, 0.17561868, 0.1286776, -1), (-0.9787417, 0.15631253, 0.13278206, -1), (-0.97993696, 0.14963484, 0.13165507, -1), (-0.6971546, 0.596597, -0.39755175, 1), (-0.68991935, 0.6089347, -0.3914203, 1), (-0.68974054, 0.6092342, -0.39126924, 1), (-0.69647545, 0.59775347, -0.39700466, 1), (-0.7087445, 0.55532956, -0.43507496, 1), (-0.71120274, 0.5502462, -0.43751547, 1), (-0.9342075, 0.3566546, 0.007328311, 1), (-0.9735128, 0.22846995, -0.008613836, 1), (-0.96527463, 0.26119673, -0.0046113394, 1), (-0.9165269, 0.3997668, 0.012844374, 1), (-0.9694289, 0.17705534, 0.16987917, 1), (-0.9858965, 0.063007824, 0.15504207, 1), (-0.9823475, 0.097406484, 0.15970415, 1), (-0.9626789, 0.20771979, 0.17349887, 1), (0.044771723, -0.66864, 0.74223727, -1), (0.04591761, -0.65989584, 0.74995273, -1), (0.046401154, -0.6610965, 0.74886465, -1), (0.044762366, -0.67078334, 0.7403014, -1), (-0.829098, 0.50056237, -0.2490657, 1), (-0.82930434, 0.5001424, -0.24922256, 1), (-0.83449656, 0.48957354, -0.25285032, 1), (-0.8346416, 0.4892757, -0.25294796, 1), (-0.84143275, 0.47919717, -0.24972196, 1), (-0.8412353, 0.4796318, -0.24955292, 1), (-0.33906183, 0.7160682, -0.61015034, -1), (-0.33791742, 0.7187695, -0.60760367, -1), (-0.34222138, 0.7084049, -0.61728996, -1), (-0.34331688, 0.7057628, -0.6197034, -1), (-0.2631109, 0.6841805, -0.68019825, -1), (-0.26154363, 0.6891565, -0.67576504, -1), (-0.26759887, 0.6693124, -0.6931174, -1), (-0.2691349, 0.6641776, -0.6974487, -1), (-0.97092587, 0.08431391, 0.22404082, -1), (-0.9693443, 0.09160551, 0.22799101, -1), (-0.9740796, 0.06867448, 0.21552894, -1), (-0.9752917, 0.062237535, 0.21197285, -1), (-0.27348462, -0.46747556, 0.8406382, -1), (-0.27521354, -0.4609799, 0.8436557, -1), (-0.25581524, -0.53004754, 0.8084604, -1), (-0.25400683, -0.53611946, 0.8050195, -1), (-0.96173847, 0.04664568, 0.26996878, 1), (-0.96507806, 0.028313864, 0.26042816, 1), (-0.9643251, 0.032640774, 0.2627009, 1), (-0.96066284, 0.05204108, 0.27279782, 1), (-0.9267463, -0.01279791, 0.3754699, 1), (-0.9263088, -0.0104290815, 0.3766209, 1), (-0.9330123, -0.05142475, 0.35615104, 1), (-0.9332895, -0.05335958, 0.35513857, 1), (-0.69006795, -0.27453244, 0.6696553, 1), (-0.69024086, -0.27231446, 0.6703823, 1), (-0.6870754, -0.30722418, 0.658438, 1), (-0.68687147, -0.30923095, 0.6577111, 1), (-0.96178013, -0.031569116, 0.2719968, 1), (-0.9853888, -0.0038215297, 0.17027713, 1), (-0.88419676, -0.084084526, 0.45948443, 1), (-0.8378196, -0.106023364, 0.5355534, 1), (-0.5480814, 0.5412053, -0.6377331, 1), (-0.54835016, 0.54027945, -0.63828695, 1), (-0.54176253, 0.56224614, -0.624798, 1), (-0.5410488, 0.5644792, -0.6234016, 1), (-0.6271787, 0.534291, -0.5667273, -1), (-0.62727386, 0.5352319, -0.5657335, -1), (-0.62487036, 0.51319623, -0.58835924, -1), (-0.6247094, 0.51200944, -0.589563, -1), (-0.79676354, -0.2095194, 0.5668064, -1), (-0.80870074, -0.22028981, 0.54541326, -1), (-0.8035545, -0.2156066, 0.55481005, -1), (-0.7919198, -0.2052396, 0.57509977, -1), (-0.20490679, 0.58468676, -0.7849552, -1), (-0.20477907, 0.58126116, -0.78752846, -1), (-0.20541975, 0.5982769, -0.7745111, -1), (-0.20558122, 0.6022855, -0.77135503, -1), (-0.6543588, 0.53098434, -0.5383958, -1), (-0.65405065, 0.5327637, -0.53701067, -1), (-0.65411997, 0.53237027, -0.5373165, -1), (-0.65451014, 0.53009987, -0.539083, -1), (-0.8646052, -0.3386002, 0.37122473, -1), (-0.7088266, -0.57253224, 0.41203353, -1), (-0.7192029, -0.56048375, 0.41061556, -1), (-0.9588001, -0.02360282, 0.28309974, -1), (-0.9480845, -0.09111415, 0.30468675, -1), (-0.36360177, -0.83660346, 0.40974185, -1), (-0.45504346, -0.47478765, 0.75333405, -1), (-0.48080415, -0.4245362, 0.7672003, -1), (-0.4699858, -0.44618708, 0.76159734, -1), (-0.2609084, -0.7485527, 0.6095864, -1), (-0.3716912, -0.6112896, 0.6986921, -1), (-0.38369262, -0.5937055, 0.70731443, -1), (-0.44387347, -0.49521524, 0.7468187, -1), (-0.56565696, 0.60354745, -0.56192774, -1), (-0.5629202, 0.60924363, -0.5585186, -1), (-0.58618534, 0.55792165, -0.5874609, -1), (-0.5891071, 0.5508764, -0.59117514, -1), (-0.64167875, -0.49666718, 0.58443993, -1), (-0.7836398, -0.17326006, 0.5965649, -1), (-0.78110933, -0.18225616, 0.59720254, -1), (-0.6334784, -0.5096476, 0.58220655, -1), (-0.51491755, 0.60170776, -0.6105798, 1), (-0.515579, 0.6002025, -0.6115024, 1), (-0.49555486, 0.64219266, -0.58481973, 1), (-0.4947941, 0.6436611, -0.58384854, 1), (-0.85168105, -0.20168635, 0.48369607, -1), (-0.8466773, -0.22690555, 0.4813016, -1), (-0.8469488, -0.22567727, 0.48140162, -1), (-0.8518998, -0.20048386, 0.4838107, -1), (-0.4704509, 0.6920114, -0.54753655, 1), (-0.47094923, 0.6909796, -0.5484104, 1), (-0.4560364, 0.7167543, -0.52753586, 1), (-0.45532867, 0.71774685, -0.5267972, 1), (-0.862532, -0.15376368, 0.4820738, 1), (-0.862985, -0.15202694, 0.48181385, 1), (-0.8519203, -0.19429381, 0.4862938, 1), (-0.8516731, -0.19543548, 0.48626935, 1), (-0.852461, -0.19648507, 0.48446262, 1), (-0.8527279, -0.1950888, 0.4845571, 1), (-0.847019, -0.22449675, 0.48182982, 1), (-0.8467122, -0.22591938, 0.48170424, 1), (-0.38610926, -0.5866084, 0.711906, 1), (-0.38663474, -0.585163, 0.71280986, 1), (-0.37972826, -0.6021413, 0.70230496, 1), (-0.3792857, -0.6035937, 0.7012967, 1), (-0.17468765, -0.81797665, 0.5480862, 1), (-0.11013276, -0.8710341, 0.47871733, 1), (-0.4299956, -0.47005647, 0.77081174, 1), (-0.41379505, -0.5011036, 0.76004523, 1), (-0.44351166, -0.44280842, 0.7792421, 1), (-0.37395597, -0.5171942, 0.76984876, 1), (-0.34317908, -0.5717857, 0.7451773, 1), (-0.3459304, -0.5671057, 0.7474779, 1), (-0.3794657, -0.5068674, 0.7740098, 1), (-0.038224712, -0.6233899, 0.78097624, 1), (-0.03298164, -0.6196221, 0.78420705, 1), (-0.04228227, -0.6262218, 0.77849764, 1), (-0.047904875, -0.6302186, 0.77493846, 1), (-0.58581257, -0.41482162, 0.6962374, -1), (-0.59354436, -0.4183858, 0.6875015, -1), (-0.5867525, -0.41511568, 0.69527, -1), (-0.5789148, -0.4115273, 0.7039197, -1), (-0.5492835, 0.63901675, -0.5384656, -1), (-0.5555783, 0.6264559, -0.5467045, -1), (-0.5551882, 0.6272561, -0.54618305, -1), (-0.5488512, 0.63985187, -0.5379145, -1), (-0.38283855, -0.59474355, 0.706905, -1), (-0.37615633, -0.6105466, 0.69695, -1), (-0.37670836, -0.6091952, 0.69783396, -1), (-0.3832879, -0.593399, 0.707791, -1), (-0.45162305, 0.7245965, -0.52057326, -1), (-0.4504284, 0.7264872, -0.5189706, -1), (-0.47031337, 0.6933269, -0.54598826, -1), (-0.4713847, 0.6913607, -0.5475553, -1), (-0.7910474, -0.28224015, 0.5427564, 1), (-0.7913726, -0.28245893, 0.5421682, 1), (-0.80999225, -0.294474, 0.5071464, 1), (-0.81022394, -0.29459605, 0.50670546, 1), (-0.8270791, -0.30587077, 0.47157514, 1), (-0.82529175, -0.30462623, 0.47549587, 1), (0.12329715, -0.73024577, 0.67196643, 1), (0.12346445, -0.72937644, 0.6728792, 1), (0.1234312, -0.7295494, 0.67269784, 1), (0.12326387, -0.7304185, 0.6717849, 1), (-0.40725622, 0.6823786, -0.60704356, -1), (-0.40707377, 0.68090606, -0.6088168, -1), (-0.40900967, 0.69663006, -0.5894215, -1), (-0.4091825, 0.6981073, -0.5875507, -1), (-0.9411427, 0.33662632, -0.030547682, -1), (-0.94014674, 0.33885503, -0.036073215, -1), (-0.9392248, 0.34140614, -0.03603785, -1), (-0.9450253, 0.3252756, -0.03350924, -1), (-0.95474356, 0.2958303, -0.030809311, -1), (-0.9498326, 0.31198776, -0.021947527, -1), (-0.9505715, 0.30979222, -0.021038106, -1), (-0.94879705, 0.315199, -0.020827994, -1), (-0.67805344, -0.4134469, 0.6077048, 1), (-0.67863053, -0.41366762, 0.60690993, 1), (-0.677879, -0.41338104, 0.6079442, 1), (-0.6773011, -0.4131595, 0.60873836, 1), (0.14000918, -0.73503244, 0.66341895, -1), (0.14036076, -0.7334574, 0.66508573, -1), (0.14029258, -0.7337636, 0.66476244, -1), (0.13994084, -0.7353378, 0.66309494, -1), (-0.9092181, -0.110800855, 0.40130484, -1), (-0.9092434, -0.110553086, 0.40131587, -1), (-0.9092393, -0.11059365, 0.40131405, -1), (-0.90921396, -0.11084141, 0.40130314, -1), (-0.93326485, -0.056322463, 0.35474584, 1), (-0.9332923, -0.05656586, 0.3546346, 1), (-0.93324614, -0.056334533, 0.35479295, 1), (-0.9331847, -0.056182154, 0.3549786, 1), (-0.9067265, 0.4107344, -0.09562619, 1), (-0.91940004, 0.38118473, -0.096962765, 1), (-0.91719306, 0.38652322, -0.09673, 1), (-0.90434957, 0.41599923, -0.095375516, 1), (-0.93195957, 0.35251057, -0.084779896, 1), (-0.9328944, 0.34999916, -0.08490422, 1), (-0.93431157, 0.34578925, -0.08655439, 1), (-0.93768555, 0.33710966, -0.08427946, 1), (-0.93010163, 0.35834947, -0.080601916, 1), (-0.92875725, 0.36186868, -0.08037987, 1), (-0.9485252, -0.10809336, 0.29768407, -1), (-0.9529583, 0.15856254, 0.25831842, -1), (-0.95495397, 0.13984622, 0.2617362, -1), (-0.9412263, -0.15116511, 0.30206284, -1), (-0.94821066, -0.10125351, 0.30107206, 1), (-0.94145113, -0.1429283, 0.30535442, 1), (-0.9545966, 0.13040514, 0.26784325, 1), (-0.9528126, 0.14898033, 0.26448622, 1), (-0.91075194, -0.10630101, 0.39903766, 1), (-0.9107518, -0.10630117, 0.39903775, 1), (-0.91075194, -0.10630115, 0.39903766, 1), (-0.91075194, -0.10630098, 0.39903757, 1), (-0.9741056, 0.041907422, 0.22217573, 1), (-0.9742401, 0.034707706, 0.22282614, 1), (-0.9685923, 0.12839647, 0.21293944, 1), (-0.9677133, 0.13630216, 0.21202034, 1), (-0.48481756, 0.6251417, -0.6116779, -1), (-0.48475242, 0.6206074, -0.6163292, -1), (-0.484418, 0.6657074, -0.5676026, -1), (-0.48414057, 0.67308265, -0.5590775, -1), (-0.64182264, 0.5481429, -0.5362865, -1), (-0.6406859, 0.5430899, -0.54274744, -1), (-0.6470343, 0.57411164, -0.50173944, -1), (-0.648089, 0.5799845, -0.4935571, -1), (-0.9815128, 0.18229821, 0.05831044, 1), (-0.9824454, 0.17686127, 0.059340145, 1), (-0.9749337, 0.21637361, 0.051835276, 1), (-0.9733546, 0.22369295, 0.05042263, 1), (-0.8497879, -0.17607582, 0.49684793, -1), (-0.84833467, -0.17144911, 0.50093263, -1), (-0.8504361, -0.17815258, 0.49499518, -1), (-0.85166514, -0.18208764, 0.49143735, -1), (-0.4044443, -0.5032248, 0.76366854, 1), (-0.40443823, -0.50322735, 0.7636701, 1), (-0.40443766, -0.50323296, 0.76366675, 1), (-0.40444392, -0.5032301, 0.76366526, 1), (-0.6567017, 0.5481834, -0.5179169, 1), (-0.66050214, 0.57906, -0.47793975, 1), (-0.65992224, 0.57341236, -0.48549044, 1), (-0.6559362, 0.54312444, -0.52417886, 1), (-0.9803191, 0.19119713, 0.04917463, -1), (-0.9704698, 0.23778602, 0.040572986, -1), (-0.9722783, 0.23001845, 0.042029817, -1), (-0.98135114, 0.18555108, 0.050207485, -1), (-0.97526646, 0.04703589, 0.21597019, -1), (-0.96810806, 0.142838, 0.20582533, -1), (-0.9690114, 0.13523926, 0.20670535, -1), (-0.9754249, 0.040270608, 0.21662092, -1), (-0.5026736, 0.6262903, -0.5958855, 1), (-0.5000345, 0.6720673, -0.5461603, 1), (-0.50057334, 0.6654308, -0.55374014, 1), (-0.50277877, 0.6219931, -0.6002817, 1), (-0.9556815, 0.29053405, -0.047569912, -1), (-0.95404375, 0.29587203, -0.04754175, -1), (-0.9616171, 0.27023235, -0.047614295, -1), (-0.9629566, 0.26540366, -0.04770177, -1), (-0.8750592, 0.41421965, -0.2503865, -1), (-0.87495834, 0.4144207, -0.2504065, -1), (-0.875424, 0.41347364, -0.25034422, -1), (-0.87547755, 0.413378, -0.25031528, -1), (-0.89120424, 0.39215386, -0.22797011, 1), (-0.89162654, 0.3930053, -0.2248308, 1), (-0.8918421, 0.3921331, -0.225498, 1), (-0.8923754, 0.38997746, -0.22712044, 1), (-0.95430714, 0.28732187, -0.08212181, -1), (-0.9549319, 0.28455752, -0.08445095, -1), (-0.9531453, 0.2923139, -0.07788843, -1), (-0.9526394, 0.294424, -0.07610986, -1), (-0.87869036, 0.39516246, -0.26786193, -1), (-0.88099056, 0.38961422, -0.2684331, -1), (-0.8227761, 0.50861424, -0.2536749, -1), (-0.82022536, 0.5130473, -0.25300738, -1), (-0.9639573, 0.26605704, 0, 1), (-0.95778525, 0.28748137, 0.0014071903, 1), (-0.9750421, 0.22202028, 0, 1), (-0.97578615, 0.21872692, 0, 1), (-0.8597318, 0.40783063, -0.30746603, 1), (-0.91491294, 0.3088827, -0.2598574, 1), (-0.7793626, 0.5149783, -0.35691923, 1), (-0.7355904, 0.5622456, -0.37787122, 1), (-0.38500252, 0.6137865, -0.68923086, 1), (-0.38499227, 0.6138583, -0.6891727, 1), (-0.38512406, 0.6133502, -0.6895513, 1), (-0.38514888, 0.6132805, -0.68959934, 1), (-0.94163877, 0.31566155, -0.11693646, -1), (-0.90067124, 0.40283212, -0.16284212, -1), (-0.9157837, 0.3736488, -0.14740004, -1), (-0.95552015, 0.27836722, -0.097431645, -1), (-0.90448964, 0.3771806, -0.19908127, 1), (-0.90234673, 0.38255253, -0.19855425, 1), (-0.9097449, 0.36361083, -0.20037766, 1), (-0.9127511, 0.35557976, -0.20111816, 1), (-0.92601043, 0.34437713, -0.15462533, 1), (-0.9272297, 0.34101236, -0.15477648, 1), (-0.91815466, 0.3651614, -0.15378293, 1), (-0.91693807, 0.36826503, -0.15364057, 1), (-0.9131753, 0.3586564, -0.19358863, 1), (-0.9138835, 0.35619655, -0.19478397, 1), (-0.8966507, 0.40958676, -0.16809623, 1), (-0.89579177, 0.41196042, -0.16687061, 1), (-0.42520323, 0.683788, -0.5929892, 1), (-0.42661783, 0.69864446, -0.57436323, 1), (-0.42650965, 0.697253, -0.5761318, 1), (-0.42507875, 0.68240774, -0.59466594, 1), (-0.89511645, -0.13768296, 0.42403996, -1), (-0.8955483, -0.13469581, 0.42408776, -1), (-0.895421, -0.13583818, 0.42399174, -1), (-0.8949838, -0.13887413, 0.42393157, -1), (-0.8855119, -0.13519458, 0.44451243, -1), (-0.88550335, -0.1354506, 0.44445124, -1), (-0.88554543, -0.1331824, 0.44505265, -1), (-0.885565, -0.1329127, 0.44509438, -1), (-0.33173332, 0.63097006, -0.70130575, 1), (-0.33205995, 0.6301973, -0.7018458, 1), (-0.32692686, 0.6431208, -0.6924698, 1), (-0.32671884, 0.6436134, -0.6921102, 1), (-0.91055757, -0.10846535, 0.39889875, 1), (-0.9104574, -0.10852938, 0.3991101, 1), (-0.910681, -0.10851142, 0.39860415, 1), (-0.9107728, -0.10853864, 0.39838704, 1), (-0.8898419, -0.14351152, 0.43311185, 1), (-0.88941914, -0.14647296, 0.43298885, 1), (-0.8896237, -0.14550127, 0.43289605, 1), (-0.889954, -0.1424467, 0.433233, 1), (-0.701081, 0.60051054, -0.38454196, 1), (-0.702171, 0.59887946, -0.3850963, 1), (-0.7019012, 0.59928393, -0.3849591, 1), (-0.7008104, 0.6009145, -0.38440436, 1), (-0.93567795, -0.05318975, 0.34882325, 1), (-0.94219905, -0.052343365, 0.33093995, 1), (-0.9322084, -0.053719632, 0.35791284, 1), (-0.92534745, -0.054514155, 0.3751801, 1), (0.14859861, -0.7230324, 0.6746426, 1), (0.15008695, -0.7163502, 0.6814076, 1), (0.14983839, -0.7174754, 0.68027747, 1), (0.14839643, -0.7238972, 0.67375916, 1), (0.13862336, -0.6385191, 0.75701845, 1), (0.13833405, -0.6397058, 0.7560688, 1), (0.14205688, -0.62609226, 0.76669955, 1), (0.14221632, -0.6255171, 0.7671395, 1), (-0.7585693, 0.52218777, -0.38973397, 1), (-0.76877624, 0.5004121, -0.39820945, 1), (-0.7679419, 0.50222516, -0.39753625, 1), (-0.75727457, 0.5248793, -0.38863492, 1), (-0.7435899, 0.5358411, -0.39993557, -1), (-0.7420661, 0.5389039, -0.39864835, -1), (-0.75417066, 0.5138277, -0.4089104, -1), (-0.75513136, 0.51177, -0.40971693, -1), (-0.6973032, 0.60788596, -0.3797934, -1), (-0.6991934, 0.60502195, -0.38088965, -1), (-0.6985945, 0.6059379, -0.38053262, -1), (-0.69672227, 0.6087591, -0.37946063, -1), (0.18107298, -0.60192305, 0.777754, 1), (0.18041953, -0.60804075, 0.77313346, 1), (0.18777993, -0.5311233, 0.82622445, 1), (0.18817067, -0.526341, 0.8291906, 1), (-0.77044547, 0.48100072, -0.41839215, -1), (-0.76825017, 0.48960727, -0.41240326, -1), (-0.78044784, 0.43518695, -0.44890255, -1), (-0.78221244, 0.42562354, -0.45495975, -1), (-0.83979774, -0.16518557, 0.51715904, -1), (-0.84026945, -0.16852541, 0.515312, -1), (-0.8375052, -0.15055487, 0.52527916, -1), (-0.8367601, -0.14605029, 0.52773273, -1), (-0.8637575, -0.12843277, 0.48726586, -1), (-0.8660587, -0.13376729, 0.48171443, -1), (-0.8572583, -0.11400792, 0.50210583, -1), (-0.8543962, -0.107864596, 0.5083034, -1), (-0.7835794, 0.4186021, -0.45910305, -1), (-0.7835821, 0.42374748, -0.4543537, -1), (-0.78333986, 0.40295765, -0.47329038, -1), (-0.78313994, 0.39637566, -0.4791433, -1), (-0.9236126, 0.30134803, -0.23691583, 1), (-0.96010137, 0.21632025, -0.17723124, 1), (-0.8788174, 0.37839606, -0.29068273, 1), (-0.8292252, 0.4456319, -0.33733925, 1), (-0.7441505, -0.23520839, 0.6252336, -1), (-0.7385458, -0.2434957, 0.6286971, -1), (-0.7487662, -0.22840585, 0.6222379, -1), (-0.7538722, -0.22066817, 0.6188557, -1), (-0.85880816, -0.13505884, 0.49417362, 1), (-0.8498017, -0.11487549, 0.5144324, 1), (-0.8526079, -0.12102195, 0.5083438, 1), (-0.8611166, -0.14056252, 0.48859015, 1), (-0.79509103, 0.41611227, -0.4412265, 1), (-0.7950343, 0.39900854, -0.45685086, 1), (-0.7950999, 0.40401286, -0.45231584, 1), (-0.79504055, 0.42005518, -0.43756613, 1), (-0.7787169, 0.47530702, -0.40949136, 1), (-0.789584, 0.4249642, -0.44267654, 1), (-0.78798455, 0.43341425, -0.43730128, 1), (-0.7768069, 0.48282963, -0.40428516, 1), (-0.83494896, -0.16936089, 0.5236191, 1), (-0.83274156, -0.15512924, 0.53148514, 1), (-0.833281, -0.15838157, 0.52967733, 1), (-0.8353077, -0.17185836, 0.5222314, 1), (-0.39868423, 0.49632213, -0.7711778, 1), (-0.39929986, 0.48672915, -0.77695197, 1), (-0.39629695, 0.5237275, -0.7540944, 1), (-0.39546013, 0.530665, -0.74967057, 1), (-0.31297082, 0.4893457, -0.8139963, 1), (-0.31314397, 0.49108094, -0.812884, 1), (-0.3128147, 0.48540393, -0.81641287, 1), (-0.31276146, 0.48386627, -0.81734556, 1), (-0.65185577, -0.38407466, 0.65388894, 1), (-0.2846793, -0.20029622, 0.93746424, 1), (-0.41655582, -0.26871428, 0.8684895, 1), (-0.73570025, -0.4230319, 0.5289509, 1), (-0.6292354, -0.39462787, 0.6695757, -1), (-0.7118219, -0.43607995, 0.5505849, -1), (-0.3944281, -0.27041516, 0.8782381, -1), (-0.26497117, -0.19941293, 0.94341123, -1), (-0.7996695, 0.3738997, -0.46981674, -1), (-0.7989595, 0.3767719, -0.46872887, -1), (-0.80038244, 0.3709617, -0.47093028, -1), (-0.8010578, 0.36809945, -0.47202665, -1), (-0.831725, 0.35092175, -0.4302178, -1), (-0.81171936, 0.32361764, -0.48619264, -1), (-0.84378684, 0.3694481, -0.38927108, -1), (-0.85119766, 0.38204175, -0.35987025, -1), (-0.82314175, -0.14741036, 0.5483683, 1), (-0.8230139, -0.14960442, 0.5479659, 1), (-0.8232013, -0.14636384, 0.54855925, 1), (-0.82331425, -0.14423348, 0.548954, 1), (-0.8334068, 0.35826743, -0.42080584, 1), (-0.8506706, 0.3857122, -0.35719144, 1), (-0.84362924, 0.3739111, -0.3853312, 1), (-0.81523013, 0.33331683, -0.47360286, 1), (0.18946247, -0.48855498, 0.85171473, 1), (0.18944569, -0.48857984, 0.85170424, 1), (0.18945716, -0.48854026, 0.8517244, 1), (0.18945901, -0.48851845, 0.8517364, 1), (0.13088469, -0.53063, 0.83743715, 1), (0.13064294, -0.53603554, 0.83402544, 1), (0.13227144, -0.49748376, 0.85732967, 1), (0.1324524, -0.49284703, 0.8599757, 1), (-0.20522678, -0.41601753, 0.88589585, 1), (-0.20522282, -0.4160035, 0.88590336, 1), (-0.20528549, -0.41632065, 0.8857398, 1), (-0.2052883, -0.41634843, 0.8857261, 1), (-0.4052526, 0.5401288, -0.73758465, 1), (-0.40627393, 0.5322962, -0.7426992, 1), (-0.39600104, 0.59532994, -0.69911766, 1), (-0.39493144, 0.6008321, -0.6950036, 1), (-0.8838136, -0.13659003, 0.4474559, 1), (-0.8838933, -0.13322507, 0.4483121, 1), (-0.8838932, -0.13361329, 0.44819662, 1), (-0.88381267, -0.13696495, 0.44734317, 1), (-0.90530884, -0.119577765, 0.4075745, -1), (-0.9053886, -0.11885784, 0.40760818, -1), (-0.90550965, -0.11755186, 0.4077178, -1), (-0.90562445, -0.11652463, 0.40775773, -1), (-0.90693873, -0.10291229, 0.40849873, -1), (-0.906524, -0.107085526, 0.4083466, -1), (-0.9060924, -0.11130456, 0.40817633, -1), (-0.9056158, -0.115753844, 0.40799633, -1), (-0.90801644, -0.092648104, 0.4085615, -1), (-0.9079, -0.09403251, 0.4085041, -1), (-0.9069143, -0.10640586, 0.407657, -1), (-0.90664756, -0.109167844, 0.40752003, -1), (-0.62374824, 0.6460961, -0.43988425, -1), (-0.623908, 0.6459072, -0.43993473, -1), (-0.62235004, 0.6481748, -0.43880504, -1), (-0.6221968, 0.6483566, -0.43875363, -1), (-0.9057272, -0.11585785, 0.40771955, 1), (-0.90579915, -0.11517652, 0.40775245, 1), (-0.90589935, -0.114006154, 0.407859, 1), (-0.90599364, -0.11314698, 0.4078887, 1), (-0.9071629, -0.10045665, 0.40861213, 1), (-0.9068488, -0.10370234, 0.40849847, 1), (-0.90668344, -0.10524786, 0.40847042, 1), (-0.90652716, -0.10684825, 0.40840173, 1), (-0.90869254, -0.084299944, 0.40886584, 1), (-0.9084298, -0.08776231, 0.40872124, 1), (-0.9066993, -0.10869747, 0.40753067, 1), (-0.9060421, -0.11524013, 0.40719447, 1), (-0.0785984, -0.70073575, 0.7090781, -1), (-0.07859254, -0.70033854, 0.70947105, -1), (-0.077841446, -0.70515275, 0.7047697, -1), (-0.07799847, -0.70553285, 0.7043718, -1), (-0.95146626, 0, 0.30775297, 1), (-0.9515754, 0, 0.30741554, 1), (-0.9513736, 0, 0.30803964, 1), (-0.9516921, 0, 0.3070541, 1), (-0.95158833, 0, 0.30737525, 1), (-0.95183766, 0, 0.30660263, 1), (-0.5501369, 0.6419962, -0.5340321, -1), (-0.5514665, 0.6404488, -0.5345185, -1), (-0.5510852, 0.64078426, -0.5345098, -1), (-0.5498935, 0.6423361, -0.5338741, -1), (-0.62413466, 0.6455359, -0.4401584, 1), (-0.62410176, 0.6454145, -0.44038314, 1), (-0.6230256, 0.6468941, -0.4397354, 1), (-0.62292266, 0.6470199, -0.43969607, 1), (-0.077945426, -0.7010673, 0.70882237, 1), (-0.07796108, -0.7005241, 0.7093575, 1), (-0.07708395, -0.7070358, 0.7029641, 1), (-0.077171154, -0.7075938, 0.70239276, 1), (-0.41142237, -0.5182854, 0.74974126, -1), (-0.41508332, -0.5272905, 0.7413976, -1), (-0.41437355, -0.52557516, 0.743011, -1), (-0.41087657, -0.5169118, 0.75098777, -1), (-0.38835046, 0.6427362, -0.660359, 1), (-0.37690586, 0.6512402, -0.65865624, 1), (-0.37863964, 0.6499777, -0.658909, 1), (-0.3904209, 0.6412075, -0.66062427, 1), (-0.55194414, 0.63991344, -0.5346667, 1), (-0.5544798, 0.6368092, -0.53574836, 1), (-0.5539095, 0.63740057, -0.5356349, 1), (-0.5513541, 0.6405705, -0.5344886, 1), (-0.21099932, -0.6269878, 0.7499104, 1), (-0.21125242, -0.6297065, 0.7475574, 1), (-0.21118037, -0.62912965, 0.74806327, 1), (-0.21097948, -0.6263433, 0.75045437, 1), (-0.21237086, -0.6232092, 0.75266784, -1), (-0.21289267, -0.62867016, 0.74796426, -1), (-0.21278633, -0.627492, 0.74898314, -1), (-0.21232648, -0.62212145, 0.7535797, -1), (-0.9301929, -0.054431435, 0.36301282, 1), (-0.9288824, -0.05234931, 0.36665663, 1), (-0.9290818, -0.052654184, 0.3661074, 1), (-0.9304523, -0.05484008, 0.3622861, 1), (-0.38957143, 0.6478942, -0.654574, -1), (-0.37694597, 0.6574125, -0.65247273, -1), (-0.37976217, 0.6553215, -0.6529429, -1), (-0.39176476, 0.6462255, -0.6549145, -1), (-0.40011638, -0.5302706, 0.7474757, 1), (-0.40146595, -0.5337397, 0.7442762, 1), (-0.4012271, -0.5331389, 0.7448354, 1), (-0.3998311, -0.52955014, 0.74813884, 1), (-0.9490656, 0.30935177, -0.05979812, -1), (-0.94941527, 0.3079673, -0.06137363, -1), (-0.94934094, 0.30826283, -0.06103989, -1), (-0.9489926, 0.30963984, -0.05946602, -1), (-0.44126192, 0.6361022, -0.6329786, -1), (-0.44971287, 0.64068145, -0.6223228, -1), (-0.44765595, 0.6396262, -0.6248859, -1), (-0.4391523, 0.63495773, -0.6355894, -1), (-0.9703793, 0.06460203, 0.23278874, -1), (-0.9706853, 0.065428674, 0.23127736, -1), (-0.9706461, 0.06532363, 0.23147106, -1), (-0.97032714, 0.06446179, 0.2330447, -1), (-0.92600256, -0.058975186, 0.37288222, -1), (-0.9267685, -0.06018178, 0.3707808, -1), (-0.92665005, -0.059996456, 0.37110674, -1), (-0.9259092, -0.058830895, 0.37313676, -1), (-0.97200227, 0.081008896, 0.22056542, 1), (-0.9781781, 0.102305084, 0.18083493, 1), (-0.977219, 0.09849627, 0.18799365, 1), (-0.9709712, 0.07799485, 0.226123, 1), (-0.44341636, 0.6409343, -0.6265662, 1), (-0.4555004, 0.6474932, -0.6109598, 1), (-0.45292228, 0.6460755, -0.61436784, 1), (-0.44078842, 0.63952035, -0.6298566, 1), (-0.94683665, 0.31624234, -0.05908569, 1), (-0.9480634, 0.31143823, -0.06466877, 1), (-0.94775707, 0.312643, -0.063332446, 1), (-0.94651955, 0.31744727, -0.057689127, 1), (-0.96868604, 0.24141213, 0.058029972, 1), (-0.96971637, 0.23722692, 0.058082856, 1), (-0.9615437, 0.2685447, 0.057598125, 1), (-0.9605401, 0.27211893, 0.057566807, 1), (0.11462664, -0.7059567, 0.6989177, 1), (0.11471951, -0.7047766, 0.7000924, 1), (0.11378101, -0.7141064, 0.6907284, 1), (0.11368471, -0.7155057, 0.6892948, 1), (-0.9520026, 0, 0.30608973, 1), (-0.95200336, 0, 0.30608746, 1), (-0.9530833, 0, 0.30270836, 1), (-0.9506998, 0, 0.31011266, 1), (-0.9515716, 0, 0.3074273, 1), (-0.95091563, 0, 0.30945012, 1), (-0.97247994, 0.21915354, 0.07908565, -1), (-0.9630236, 0.25764766, 0.078759305, -1), (-0.9641615, 0.25334373, 0.07880113, -1), (-0.9735677, 0.21426137, 0.07910694, -1), (0.07426095, -0.705724, 0.70458424, -1), (0.07285742, -0.71490055, 0.69541997, -1), (0.07310001, -0.7135435, 0.696787, -1), (0.07440382, -0.7045948, 0.70569843, -1), (-0.698571, 0.61593795, -0.36416888, -1), (-0.695611, 0.62020063, -0.36259678, -1), (-0.73509985, 0.55878013, -0.38391805, -1), (-0.7371041, 0.5554061, -0.38496977, -1), (-0.97783184, 0.17645797, 0.11272758, -1), (-0.97743475, 0.17843196, 0.11306292, -1), (-0.97756344, 0.17774789, 0.11302828, -1), (-0.97795904, 0.1757436, 0.11274, -1), (-0.6765844, 0.56758463, -0.46912822, -1), (-0.6610702, 0.59354675, -0.459008, -1), (-0.65897185, 0.59694713, -0.45761368, -1), (-0.678624, 0.5640397, -0.47045586, -1), (-0.6911105, 0.5436686, -0.47622553, -1), (-0.69260544, 0.5408743, -0.4772343, -1), (-0.9776945, 0.18416262, 0.100983545, 1), (-0.9782014, 0.18170504, 0.10052553, 1), (-0.9767436, 0.18868937, 0.10182463, 1), (-0.97624207, 0.19103557, 0.102259316, 1), (-0.98185766, 0.13079068, 0.13729264, 1), (-0.98246187, 0.12718302, 0.13635725, 1), (-0.9795511, 0.14374962, 0.1407684, 1), (-0.9786879, 0.14834894, 0.14199498, 1), (-0.98367023, 0.15362023, 0.09377501, -1), (-0.9756403, 0.19368407, 0.10301654, -1), (-0.9783442, 0.18114045, 0.10015393, -1), (-0.98557997, 0.14251696, 0.09121982, -1), (-0.98139924, 0.18100064, 0.063987345, -1), (-0.9807006, 0.18414882, 0.065691695, -1), (-0.9809802, 0.18289877, 0.06500756, -1), (-0.9816553, 0.17981316, 0.06340446, -1), (-0.18876325, -0.5445704, 0.8171973, -1), (-0.1860274, -0.5403561, 0.82061505, -1), (-0.18766376, -0.5429027, 0.81855905, -1), (-0.18985128, -0.5463221, 0.81577486, -1), (-0.10489073, -0.6008286, 0.79246634, -1), (-0.09946508, -0.58758193, 0.80302817, -1), (-0.101512216, -0.5925915, 0.799081, -1), (-0.10753328, -0.6071843, 0.78725076, -1), (-0.65732235, 0.5765185, -0.4853388, -1), (-0.55851805, 0.64782447, -0.518055, -1), (-0.7241699, 0.5174046, -0.45592818, -1), (-0.7747409, 0.46492577, -0.42850986, -1), (-0.7969343, 0.47197393, -0.37700972, 1), (-0.81413007, 0.43161377, -0.3884609, 1), (-0.8169445, 0.42452094, -0.39036345, 1), (-0.79399306, 0.47846073, -0.37503383, 1), (-0.7577062, 0.51958203, -0.39486188, 1), (-0.7553128, 0.52424216, -0.3932847, 1), (-0.7287332, 0.55416596, -0.40230346, 1), (-0.72549504, 0.5597547, -0.40041432, 1), (-0.06143407, -0.6395752, 0.7662699, -1), (-0.062630415, -0.6447114, 0.76185614, -1), (-0.06204192, -0.6423686, 0.7638805, -1), (-0.060866855, -0.6373313, 0.76818234, -1), (-0.27255383, -0.5479056, 0.7908943, 1), (-0.27135065, -0.5444003, 0.7937236, 1), (-0.2744551, -0.5534515, 0.7863624, 1), (-0.27553913, -0.55662316, 0.78374034, 1), (-0.053405475, -0.6405416, 0.7660641, 1), (-0.052870438, -0.63852865, 0.7677798, 1), (-0.054010566, -0.64319223, 0.76379746, 1), (-0.054546062, -0.6452981, 0.76198107, 1), (-0.7795031, 0.5254985, -0.34091976, 1), (-0.7807086, 0.5233516, -0.34146303, 1), (-0.7559779, 0.565133, -0.33033612, 1), (-0.7527391, 0.5702964, -0.3288554, 1), (-0.2946215, -0.52226824, 0.8002712, 1), (-0.30350342, -0.5414689, 0.78402627, 1), (-0.2844397, -0.50053823, 0.81765234, 1), (-0.27207744, -0.47410426, 0.8373763, 1), (-0.51425815, -0.4064462, 0.7552086, 1), (-0.53085864, -0.4220242, 0.7349046, 1), (-0.4984083, -0.39168552, 0.7734156, 1), (-0.48154026, -0.3759922, 0.7916748, 1), (-0.8457689, 0.4127908, -0.3380511, 1), (-0.84328884, 0.41872263, -0.33695, 1), (-0.8502365, 0.4018919, -0.33997196, 1), (-0.8508044, 0.40043104, -0.3402747, 1), (-0.8253898, 0.4193673, -0.37797192, 1), (-0.8243331, 0.42185834, -0.3775055, 1), (-0.51376396, -0.4046322, 0.756518, -1), (-0.48307264, -0.37592918, 0.79077065, -1), (-0.50012016, -0.39185876, 0.77222186, -1), (-0.53072256, -0.42062363, 0.73580533, -1), (-0.7492574, 0.45342666, -0.4827189, -1), (-0.7498697, 0.450074, -0.4849009, -1), (-0.7458799, 0.4689617, -0.4730097, -1), (-0.7450756, 0.47243574, -0.47081494, -1), (-0.98379105, 0.14599304, 0.104121536, -1), (-0.9828939, 0.14961997, 0.10739384, -1), (-0.9834269, 0.14747542, 0.10546311, -1), (-0.9841038, 0.14470445, 0.102958374, -1), (-0.74816006, 0.47437125, -0.46392712, -1), (-0.74911696, 0.47081843, -0.46599758, -1), (-0.7462268, 0.4803073, -0.4609234, -1), (-0.7451714, 0.48397216, -0.45879233, -1), (-0.9838065, 0.14724264, 0.10219818, 1), (-0.9840682, 0.14614585, 0.10124798, 1), (-0.9835175, 0.14842944, 0.103256725, 1), (-0.98309386, 0.1501444, 0.104800075, 1), (-0.9851424, 0.12792255, 0.11458758, 1), (-0.9868749, 0.11833723, 0.10988282, 1), (-0.98137844, 0.14680594, 0.123872615, 1), (-0.97941875, 0.15580817, 0.12830764, 1), (-0.73686063, 0.48944944, -0.4663429, -1), (-0.7386805, 0.4846363, -0.46848568, -1), (-0.72708833, 0.51379526, -0.45536464, -1), (-0.72490644, 0.51896137, -0.45297876, -1)] (
        elementSize = 1
        interpolation = "varying"
    )
    uniform token purpose
    token visibility
    matrix4d xformOp:transform = ( (1.1901026964187622, 0.009138143621385098, 0.5495346784591675, 0), (0.07818950712680817, 1.2945561408996582, -0.19085852801799774, 0), (-0.544020414352417, 0.20605111122131348, 1.174734354019165, 0), (-21.383453369140625, 0.7750347852706909, -13.576417922973633, 1) )
    uniform token[] xformOpOrder = ["xformOp:transform"]

    def Scope "Materials"
    {
        def Material "PP_Standard_Material_52838"
        {
            token outputs:displacement
            token outputs:surface.connect = </PP_Grass_15_650/Materials/PP_Standard_Material_52838/PreviewSurface.outputs:surface>
            token[] requiredKeywords

            def Shader "PreviewSurface"
            {
                uniform token info:id = "UsdPreviewSurface"
                float inputs:clearcoat = 0
                float inputs:clearcoatRoughness = 0.01
                float3 inputs:diffuseColor = (0.18, 0.18, 0.18)
                float3 inputs:diffuseColor.connect = </PP_Grass_15_650/Materials/PP_Standard_Material_52838/PreviewSurface/_MainTex.outputs:rgb>
                float inputs:displacement = 0
                float3 inputs:emissiveColor = (0, 0, 0)
                float inputs:ior = 1.5
                float inputs:metallic = 0
                float3 inputs:normal = (0, 0, 1)
                float inputs:occlusion = 1
                float inputs:opacity = 1
                float inputs:opacityThreshold = 0
                float inputs:roughness = 0.8
                float3 inputs:specularColor = (0.033104748, 0.033104748, 0.033104748)
                int inputs:useSpecularWorkflow = 0
                token outputs:displacement
                token outputs:surface
                color4f unity:colors:_BaseColor = (1, 1, 1, 1) (
                    customData = {
                        string sourceMember = "colorArgs"
                    }
                )
                color4f unity:colors:_Color = (1, 1, 1, 1) (
                    customData = {
                        string sourceMember = "colorArgs"
                    }
                )
                color4f unity:colors:_EmissionColor = (0, 0, 0, 1) (
                    customData = {
                        string sourceMember = "colorArgs"
                    }
                )
                color4f unity:colors:_SpecColor = (0.033104748, 0.033104748, 0.033104748, 1) (
                    customData = {
                        string sourceMember = "colorArgs"
                    }
                )
                float unity:floats:_AddPrecomputedVelocity = 0 (
                    customData = {
                        string sourceMember = "floatArgs"
                    }
                )
                float unity:floats:_AlphaClip = 0 (
                    customData = {
                        string sourceMember = "floatArgs"
                    }
                )
                float unity:floats:_AlphaToMask = 0 (
                    customData = {
                        string sourceMember = "floatArgs"
                    }
                )
                float unity:floats:_Blend = 0 (
                    customData = {
                        string sourceMember = "floatArgs"
                    }
                )
                float unity:floats:_BlendModePreserveSpecular = 1 (
                    customData = {
                        string sourceMember = "floatArgs"
                    }
                )
                float unity:floats:_BumpScale = 1 (
                    customData = {
                        string sourceMember = "floatArgs"
                    }
                )
                float unity:floats:_ClearCoatMask = 0 (
                    customData = {
                        string sourceMember = "floatArgs"
                    }
                )
                float unity:floats:_ClearCoatSmoothness = 0 (
                    customData = {
                        string sourceMember = "floatArgs"
                    }
                )
                float unity:floats:_Cull = 2 (
                    customData = {
                        string sourceMember = "floatArgs"
                    }
                )
                float unity:floats:_Cutoff = 0.5 (
                    customData = {
                        string sourceMember = "floatArgs"
                    }
                )
                float unity:floats:_DetailAlbedoMapScale = 1 (
                    customData = {
                        string sourceMember = "floatArgs"
                    }
                )
                float unity:floats:_DetailNormalMapScale = 1 (
                    customData = {
                        string sourceMember = "floatArgs"
                    }
                )
                float unity:floats:_DstBlend = 0 (
                    customData = {
                        string sourceMember = "floatArgs"
                    }
                )
                float unity:floats:_DstBlendAlpha = 0 (
                    customData = {
                        string sourceMember = "floatArgs"
                    }
                )
                float unity:floats:_EnvironmentReflections = 1 (
                    customData = {
                        string sourceMember = "floatArgs"
                    }
                )
                float unity:floats:_Glossiness = 0.2 (
                    customData = {
                        string sourceMember = "floatArgs"
                    }
                )
                float unity:floats:_GlossMapScale = 1 (
                    customData = {
                        string sourceMember = "floatArgs"
                    }
                )
                float unity:floats:_GlossyReflections = 1 (
                    customData = {
                        string sourceMember = "floatArgs"
                    }
                )
                float unity:floats:_Metallic = 0 (
                    customData = {
                        string sourceMember = "floatArgs"
                    }
                )
                float unity:floats:_OcclusionStrength = 1 (
                    customData = {
                        string sourceMember = "floatArgs"
                    }
                )
                float unity:floats:_Parallax = 0.02 (
                    customData = {
                        string sourceMember = "floatArgs"
                    }
                )
                float unity:floats:_QueueOffset = 0 (
                    customData = {
                        string sourceMember = "floatArgs"
                    }
                )
                float unity:floats:_ReceiveShadows = 1 (
                    customData = {
                        string sourceMember = "floatArgs"
                    }
                )
                float unity:floats:_Smoothness = 0.2 (
                    customData = {
                        string sourceMember = "floatArgs"
                    }
                )
                float unity:floats:_SmoothnessTextureChannel = 0 (
                    customData = {
                        string sourceMember = "floatArgs"
                    }
                )
                float unity:floats:_SpecularHighlights = 1 (
                    customData = {
                        string sourceMember = "floatArgs"
                    }
                )
                float unity:floats:_SrcBlend = 1 (
                    customData = {
                        string sourceMember = "floatArgs"
                    }
                )
                float unity:floats:_SrcBlendAlpha = 1 (
                    customData = {
                        string sourceMember = "floatArgs"
                    }
                )
                float unity:floats:_Surface = 0 (
                    customData = {
                        string sourceMember = "floatArgs"
                    }
                )
                float unity:floats:_WorkflowMode = 1 (
                    customData = {
                        string sourceMember = "floatArgs"
                    }
                )
                float unity:floats:_ZWrite = 1 (
                    customData = {
                        string sourceMember = "floatArgs"
                    }
                )
                token[] unity:shaderKeywords = []
                string unity:shaderName = "Universal Render Pipeline/Lit"

                def Shader "uvReader"
                {
                    uniform token info:id = "UsdPrimvarReader_float2"
                    float2 inputs:fallback = (0, 0)
                    string inputs:varname = "st"
                    float2 outputs:result
                }

                def Shader "_MainTex"
                {
                    uniform token info:id = "UsdUVTexture"
                    float4 inputs:bias = (0, 0, 0, 0)
                    float4 inputs:fallback = (0, 0, 0, 1)
                    asset inputs:file = @PP_Color_Palette.png@
                    token inputs:isSRGB = "auto"
                    float4 inputs:scale = (1, 1, 1, 1)
                    token inputs:sourceColorSpace = "auto"
                    float2 inputs:st = (0, 0)
                    float2 inputs:st.connect = </PP_Grass_15_650/Materials/PP_Standard_Material_52838/PreviewSurface/uvReader.outputs:result>
                    token inputs:wrapS = "repeat"
                    token inputs:wrapT = "repeat"
                    float outputs:a
                    float outputs:b
                    float outputs:g
                    float outputs:r
                    float3 outputs:rgb
                    float4 outputs:rgba
                }
            }
        }
    }
}

