#usda 1.0
(
    endTimeCode = 0
    metersPerUnit = 1
    startTimeCode = 0
    upAxis = "Y"
)

def Mesh "PP_Sunflower_04_1156" (
    prepend apiSchemas = ["MaterialBindingAPI"]
)
{
    uniform bool doubleSided
    float3[] extent = [(-0.12685262, 0, -0.16476522), (0.11932357, 0.4477014, 0.059202462)]
    int[] faceVertexCounts = [3, 3, 3, 3, 3, 3, 3, 3, 3, 3, 3, 3, 3, 3, 3, 3, 3, 3, 3, 3, 3, 3, 3, 3, 3, 3, 3, 3, 3, 3, 3, 3, 3, 3, 3, 3, 3, 3, 3, 3, 3, 3, 3, 3, 3, 3, 3, 3, 3, 3, 3, 3, 3, 3, 3, 3, 3, 3, 3, 3, 3, 3, 3, 3, 3, 3, 3, 3, 3, 3, 3, 3, 3, 3, 3, 3, 3, 3, 3, 3, 3, 3, 3, 3, 3, 3, 3, 3, 3, 3, 3, 3, 3, 3, 3, 3, 3, 3, 3, 3, 3, 3, 3, 3, 3, 3, 3, 3, 3, 3, 3, 3, 3, 3, 3, 3, 3, 3, 3, 3, 3, 3, 3, 3, 3, 3, 3, 3, 3, 3, 3, 3, 3, 3, 3, 3, 3, 3, 3, 3, 3, 3, 3, 3, 3, 3, 3, 3, 3, 3, 3, 3, 3, 3, 3, 3, 3, 3, 3, 3, 3, 3, 3, 3, 3, 3, 3, 3, 3, 3, 3, 3, 3, 3, 3, 3, 3, 3, 3, 3, 3, 3, 3, 3, 3, 3, 3, 3, 3, 3, 3, 3, 3, 3, 3, 3, 3, 3, 3, 3, 3, 3, 3, 3, 3, 3, 3, 3, 3, 3, 3, 3, 3, 3, 3, 3, 3, 3, 3, 3, 3, 3, 3, 3, 3, 3, 3, 3, 3, 3, 3, 3, 3, 3, 3, 3, 3, 3, 3, 3, 3, 3, 3, 3, 3, 3, 3, 3, 3, 3, 3, 3, 3, 3, 3, 3, 3, 3, 3, 3, 3, 3, 3, 3, 3, 3, 3, 3, 3, 3, 3, 3, 3, 3, 3, 3, 3, 3, 3, 3, 3, 3, 3, 3, 3, 3, 3, 3, 3, 3, 3, 3, 3, 3, 3, 3, 3, 3, 3, 3, 3, 3, 3, 3, 3, 3, 3, 3, 3, 3, 3, 3, 3, 3, 3, 3, 3, 3, 3, 3, 3, 3, 3, 3, 3, 3, 3, 3, 3, 3, 3, 3, 3, 3, 3, 3, 3, 3, 3, 3, 3, 3, 3, 3, 3, 3, 3, 3, 3, 3, 3, 3, 3, 3, 3, 3, 3, 3, 3, 3, 3, 3, 3, 3, 3, 3, 3, 3, 3, 3, 3, 3, 3, 3, 3, 3, 3, 3, 3, 3, 3, 3, 3, 3, 3, 3, 3, 3, 3, 3, 3, 3, 3, 3, 3, 3, 3, 3, 3, 3, 3, 3, 3, 3, 3, 3, 3, 3, 3, 3, 3, 3, 3, 3, 3, 3, 3, 3, 3, 3, 3, 3, 3, 3, 3, 3, 3, 3, 3, 3, 3, 3, 3, 3, 3, 3, 3, 3, 3, 3, 3, 3, 3, 3, 3, 3, 3, 3, 3, 3, 3, 3, 3, 3, 3, 3, 3, 3, 3, 3, 3, 3, 3, 3, 3, 3, 3, 3, 3, 3, 3, 3, 3, 3, 3, 3, 3, 3, 3, 3, 3, 3, 3, 3, 3, 3, 3, 3, 3, 3, 3, 3, 3, 3, 3, 3, 3, 3, 3, 3, 3, 3, 3, 3, 3, 3, 3, 3, 3, 3, 3, 3, 3, 3, 3, 3, 3, 3, 3, 3, 3, 3, 3, 3, 3, 3, 3, 3, 3, 3, 3, 3, 3, 3, 3, 3, 3, 3, 3, 3, 3, 3, 3, 3, 3, 3, 3, 3, 3, 3, 3, 3, 3, 3, 3, 3, 3, 3, 3, 3, 3, 3, 3, 3, 3, 3, 3, 3, 3, 3, 3, 3, 3, 3, 3, 3, 3, 3, 3, 3, 3, 3, 3, 3, 3, 3, 3, 3, 3, 3, 3, 3, 3, 3, 3, 3, 3, 3, 3, 3, 3, 3, 3, 3, 3, 3, 3, 3, 3, 3, 3, 3, 3, 3, 3, 3, 3, 3, 3, 3, 3, 3, 3, 3, 3, 3, 3, 3, 3, 3, 3, 3, 3, 3, 3, 3, 3, 3, 3, 3, 3, 3, 3, 3, 3, 3, 3, 3, 3, 3, 3, 3, 3, 3, 3, 3, 3, 3, 3, 3, 3, 3, 3, 3, 3, 3, 3, 3, 3, 3, 3, 3, 3, 3, 3, 3, 3, 3, 3, 3, 3, 3, 3, 3, 3, 3, 3, 3, 3, 3, 3, 3, 3, 3, 3, 3, 3, 3, 3, 3, 3, 3, 3, 3, 3, 3, 3, 3, 3, 3, 3, 3, 3, 3, 3, 3, 3, 3, 3, 3, 3, 3, 3, 3, 3, 3, 3, 3, 3, 3, 3, 3, 3, 3, 3, 3, 3, 3, 3, 3, 3, 3, 3, 3, 3, 3, 3, 3, 3, 3, 3, 3, 3, 3, 3, 3, 3, 3, 3, 3, 3, 3, 3, 3, 3, 3, 3, 3, 3, 3, 3, 3, 3, 3, 3, 3, 3, 3, 3, 3, 3, 3, 3, 3, 3, 3, 3, 3, 3, 3, 3, 3, 3, 3, 3, 3, 3, 3, 3, 3, 3, 3, 3, 3, 3, 3, 3, 3, 3, 3, 3, 3, 3, 3, 3, 3, 3, 3, 3, 3, 3, 3, 3, 3, 3, 3, 3, 3, 3, 3, 3, 3, 3, 3, 3, 3, 3, 3, 3, 3, 3, 3, 3, 3, 3, 3, 3, 3, 3, 3, 3, 3, 3, 3, 3, 3, 3, 3, 3, 3, 3, 3, 3, 3, 3, 3, 3, 3, 3, 3, 3, 3, 3, 3, 3, 3, 3, 3, 3, 3, 3, 3, 3, 3, 3, 3, 3, 3, 3, 3, 3, 3, 3, 3, 3, 3, 3, 3, 3, 3, 3, 3, 3, 3, 3, 3, 3, 3, 3, 3, 3, 3, 3, 3, 3, 3, 3, 3, 3, 3, 3, 3, 3, 3, 3, 3, 3, 3, 3, 3, 3, 3, 3, 3, 3, 3, 3, 3, 3, 3, 3, 3, 3, 3, 3, 3, 3, 3, 3, 3, 3, 3, 3, 3, 3, 3, 3, 3, 3, 3, 3, 3, 3, 3, 3, 3, 3, 3, 3, 3, 3, 3, 3, 3, 3, 3, 3, 3, 3, 3, 3, 3, 3, 3, 3, 3, 3, 3, 3, 3, 3, 3, 3, 3, 3, 3, 3, 3, 3, 3, 3, 3, 3, 3, 3, 3, 3, 3, 3, 3, 3, 3, 3, 3, 3, 3, 3, 3, 3, 3, 3, 3, 3, 3, 3, 3, 3, 3, 3, 3, 3, 3, 3, 3, 3, 3, 3, 3, 3, 3, 3, 3, 3, 3, 3, 3, 3, 3, 3, 3, 3, 3, 3, 3, 3, 3, 3, 3, 3, 3, 3, 3, 3, 3, 3, 3, 3, 3, 3, 3, 3, 3, 3, 3, 3, 3, 3, 3, 3, 3, 3, 3, 3, 3, 3, 3, 3, 3, 3, 3, 3, 3, 3, 3, 3, 3, 3, 3, 3, 3, 3, 3, 3, 3, 3, 3, 3, 3, 3, 3, 3, 3, 3, 3, 3, 3, 3, 3, 3, 3, 3, 3, 3, 3, 3, 3, 3, 3, 3, 3, 3, 3, 3, 3, 3, 3, 3, 3, 3, 3, 3, 3, 3, 3, 3, 3, 3, 3, 3, 3, 3, 3, 3, 3, 3, 3, 3, 3, 3, 3, 3, 3, 3, 3, 3, 3, 3, 3, 3, 3, 3, 3, 3, 3, 3, 3, 3, 3, 3, 3, 3, 3, 3, 3, 3, 3, 3, 3, 3, 3, 3, 3, 3, 3, 3, 3, 3, 3, 3, 3, 3, 3, 3, 3, 3, 3, 3, 3, 3, 3, 3, 3, 3, 3, 3, 3, 3, 3, 3, 3, 3, 3, 3, 3, 3, 3, 3, 3, 3, 3, 3, 3, 3, 3, 3, 3, 3, 3, 3, 3, 3, 3, 3, 3, 3, 3, 3, 3, 3, 3, 3, 3, 3, 3, 3, 3, 3, 3, 3, 3, 3, 3, 3, 3, 3, 3, 3, 3, 3, 3, 3, 3, 3, 3, 3, 3, 3, 3, 3, 3, 3, 3, 3, 3, 3, 3, 3, 3, 3, 3, 3, 3, 3, 3, 3, 3, 3, 3, 3, 3, 3, 3, 3, 3, 3, 3, 3, 3, 3, 3, 3, 3, 3, 3, 3, 3, 3, 3, 3, 3, 3, 3, 3, 3, 3, 3, 3, 3, 3, 3, 3, 3, 3, 3, 3, 3, 3, 3, 3, 3, 3, 3, 3, 3, 3, 3, 3, 3, 3, 3, 3, 3, 3, 3, 3, 3, 3, 3, 3, 3, 3, 3, 3, 3, 3, 3, 3, 3, 3, 3, 3, 3, 3, 3, 3, 3, 3, 3, 3, 3, 3, 3, 3, 3, 3, 3, 3, 3, 3, 3, 3, 3, 3, 3, 3, 3, 3, 3, 3, 3, 3, 3, 3, 3, 3, 3, 3, 3, 3, 3, 3, 3, 3, 3, 3, 3, 3, 3, 3, 3, 3, 3, 3, 3, 3, 3, 3, 3, 3, 3, 3, 3, 3, 3, 3, 3, 3, 3, 3, 3, 3, 3, 3, 3, 3, 3, 3, 3, 3, 3, 3, 3, 3, 3, 3, 3, 3, 3, 3, 3, 3, 3, 3, 3, 3, 3, 3, 3, 3, 3, 3, 3, 3, 3, 3, 3, 3, 3, 3, 3, 3, 3, 3, 3, 3, 3, 3, 3, 3, 3, 3, 3, 3, 3, 3, 3, 3, 3, 3, 3, 3, 3, 3, 3, 3, 3, 3, 3, 3, 3, 3, 3, 3, 3, 3, 3, 3, 3, 3, 3, 3, 3, 3, 3, 3, 3, 3, 3, 3, 3, 3, 3, 3, 3, 3, 3, 3, 3, 3, 3, 3, 3, 3, 3, 3, 3, 3, 3, 3, 3, 3, 3, 3, 3]
    int[] faceVertexIndices = [1, 0, 2, 4, 3, 5, 7, 6, 8, 10, 9, 11, 13, 12, 14, 16, 15, 17, 19, 18, 20, 22, 21, 23, 25, 24, 26, 28, 27, 29, 31, 30, 32, 34, 33, 35, 37, 36, 38, 40, 39, 41, 43, 42, 44, 46, 45, 47, 49, 48, 50, 52, 51, 53, 55, 54, 56, 58, 57, 59, 61, 60, 62, 64, 63, 65, 67, 66, 68, 70, 69, 71, 73, 72, 74, 76, 75, 77, 79, 78, 80, 82, 81, 83, 85, 84, 86, 88, 87, 89, 91, 90, 92, 94, 93, 95, 97, 96, 98, 100, 99, 101, 103, 102, 104, 106, 105, 107, 109, 108, 110, 112, 111, 113, 115, 114, 116, 118, 117, 119, 121, 120, 122, 124, 123, 125, 127, 126, 128, 130, 129, 131, 133, 132, 134, 136, 135, 137, 139, 138, 140, 142, 141, 143, 145, 144, 146, 148, 147, 149, 151, 150, 152, 154, 153, 155, 157, 156, 158, 160, 159, 161, 163, 162, 164, 166, 165, 167, 169, 168, 170, 172, 171, 173, 175, 174, 176, 178, 177, 179, 181, 180, 182, 184, 183, 185, 187, 186, 188, 190, 189, 191, 193, 192, 194, 196, 195, 197, 199, 198, 200, 202, 201, 203, 205, 204, 206, 208, 207, 209, 211, 210, 212, 214, 213, 215, 217, 216, 218, 220, 219, 221, 223, 222, 224, 226, 225, 227, 229, 228, 230, 232, 231, 233, 235, 234, 236, 238, 237, 239, 241, 240, 242, 244, 243, 245, 247, 246, 248, 250, 249, 251, 253, 252, 254, 256, 255, 257, 259, 258, 260, 262, 261, 263, 265, 264, 266, 264, 267, 268, 270, 269, 271, 273, 272, 274, 276, 275, 277, 279, 278, 280, 282, 281, 283, 285, 284, 286, 288, 287, 289, 291, 290, 292, 294, 293, 295, 297, 296, 298, 300, 299, 301, 303, 302, 304, 306, 305, 307, 309, 308, 310, 312, 311, 313, 315, 314, 316, 318, 317, 319, 321, 320, 322, 324, 323, 325, 327, 326, 328, 330, 329, 331, 333, 332, 334, 336, 335, 337, 339, 338, 340, 342, 341, 343, 345, 344, 346, 348, 347, 349, 351, 350, 352, 354, 353, 355, 357, 356, 358, 360, 359, 361, 363, 362, 364, 366, 365, 367, 369, 368, 370, 372, 371, 373, 375, 374, 376, 378, 377, 379, 381, 380, 382, 384, 383, 385, 387, 386, 388, 390, 389, 391, 393, 392, 394, 396, 395, 397, 399, 398, 400, 402, 401, 403, 405, 404, 406, 408, 407, 409, 411, 410, 412, 414, 413, 415, 417, 416, 418, 420, 419, 421, 423, 422, 424, 426, 425, 427, 429, 428, 430, 432, 431, 433, 435, 434, 436, 438, 437, 439, 441, 440, 442, 444, 443, 445, 447, 446, 448, 450, 449, 451, 453, 452, 454, 456, 455, 457, 459, 458, 460, 462, 461, 463, 465, 464, 466, 468, 467, 469, 471, 470, 472, 474, 473, 475, 477, 476, 478, 480, 479, 481, 483, 482, 484, 486, 485, 487, 489, 488, 490, 492, 491, 493, 495, 494, 496, 498, 497, 499, 501, 500, 502, 504, 503, 505, 507, 506, 508, 510, 509, 511, 513, 512, 514, 516, 515, 517, 519, 518, 520, 522, 521, 523, 525, 524, 526, 528, 527, 526, 529, 527, 528, 531, 530, 532, 534, 533, 535, 537, 536, 538, 540, 539, 541, 543, 542, 544, 546, 545, 547, 549, 548, 550, 552, 551, 553, 555, 554, 556, 558, 557, 559, 561, 560, 562, 564, 563, 565, 567, 566, 568, 570, 569, 571, 573, 572, 574, 576, 575, 577, 579, 578, 580, 582, 581, 583, 585, 584, 586, 588, 587, 589, 591, 590, 592, 594, 593, 595, 597, 596, 598, 600, 599, 601, 603, 602, 604, 606, 605, 607, 609, 608, 610, 612, 611, 613, 615, 614, 616, 618, 617, 619, 621, 620, 622, 624, 623, 625, 627, 626, 628, 630, 629, 631, 633, 632, 634, 636, 635, 637, 639, 638, 640, 642, 641, 643, 645, 644, 646, 648, 647, 649, 651, 650, 652, 654, 653, 655, 657, 656, 658, 660, 659, 661, 663, 662, 664, 666, 665, 667, 669, 668, 670, 672, 671, 673, 675, 674, 676, 678, 677, 679, 681, 680, 682, 684, 683, 685, 687, 686, 688, 690, 689, 691, 693, 692, 694, 696, 695, 697, 699, 698, 700, 702, 701, 703, 705, 704, 706, 708, 707, 709, 711, 710, 712, 714, 713, 715, 717, 716, 718, 720, 719, 721, 723, 722, 724, 726, 725, 727, 729, 728, 730, 732, 731, 733, 735, 734, 736, 738, 737, 739, 741, 740, 742, 744, 743, 745, 747, 746, 748, 750, 749, 751, 753, 752, 754, 756, 755, 757, 759, 758, 760, 762, 761, 763, 765, 764, 766, 768, 767, 769, 771, 770, 772, 774, 773, 775, 777, 776, 778, 780, 779, 781, 783, 782, 784, 786, 785, 787, 789, 788, 790, 792, 791, 793, 795, 794, 796, 798, 797, 799, 801, 800, 802, 804, 803, 805, 807, 806, 808, 810, 809, 811, 813, 812, 814, 816, 815, 817, 819, 818, 820, 822, 821, 823, 825, 824, 826, 828, 827, 829, 831, 830, 832, 834, 833, 835, 837, 836, 838, 840, 839, 841, 843, 842, 844, 846, 845, 847, 849, 848, 850, 852, 851, 853, 855, 854, 856, 858, 857, 859, 861, 860, 862, 864, 863, 865, 867, 866, 868, 870, 869, 871, 873, 872, 874, 876, 875, 877, 879, 878, 880, 882, 881, 883, 885, 884, 886, 888, 887, 889, 891, 890, 892, 894, 893, 895, 897, 896, 898, 900, 899, 901, 903, 902, 904, 906, 905, 907, 909, 908, 910, 912, 911, 913, 915, 914, 916, 918, 917, 919, 921, 920, 922, 924, 923, 925, 927, 926, 928, 930, 929, 931, 933, 932, 934, 936, 935, 937, 939, 938, 940, 942, 941, 943, 945, 944, 946, 948, 947, 949, 951, 950, 952, 954, 953, 955, 957, 956, 958, 960, 959, 961, 963, 962, 964, 966, 965, 967, 969, 968, 970, 972, 971, 973, 975, 974, 976, 978, 977, 979, 981, 980, 982, 984, 983, 985, 987, 986, 988, 990, 989, 991, 993, 992, 994, 996, 995, 997, 999, 998, 1000, 1002, 1001, 1003, 1005, 1004, 1006, 1008, 1007, 1009, 1011, 1010, 1012, 1014, 1013, 1015, 1017, 1016, 1018, 1020, 1019, 1021, 1023, 1022, 1024, 1026, 1025, 1027, 1029, 1028, 1030, 1032, 1031, 1033, 1035, 1034, 1036, 1038, 1037, 1039, 1041, 1040, 1042, 1044, 1043, 1045, 1047, 1046, 1048, 1050, 1049, 1051, 1053, 1052, 1054, 1056, 1055, 1057, 1059, 1058, 1060, 1062, 1061, 1063, 1065, 1064, 1066, 1068, 1067, 1069, 1071, 1070, 1072, 1074, 1073, 1075, 1077, 1076, 1078, 1080, 1079, 1081, 1083, 1082, 1084, 1086, 1085, 1087, 1089, 1088, 1090, 1092, 1091, 1093, 1095, 1094, 1096, 1098, 1097, 1099, 1101, 1100, 1102, 1104, 1103, 1105, 1107, 1106, 1108, 1110, 1109, 1111, 1113, 1112, 1114, 1116, 1115, 1117, 1119, 1118, 1120, 1122, 1121, 1123, 1125, 1124, 1126, 1128, 1127, 1129, 1131, 1130, 1132, 1134, 1133, 1135, 1137, 1136, 1138, 1140, 1139, 1141, 1143, 1142, 1144, 1146, 1145, 1147, 1149, 1148, 1150, 1152, 1151, 1153, 1155, 1154, 1156, 1158, 1157, 1159, 1161, 1160, 1162, 1164, 1163, 1165, 1167, 1166, 1168, 1170, 1169, 1171, 1173, 1172, 1174, 1176, 1175, 1177, 1179, 1178, 1180, 1182, 1181, 1183, 1185, 1184, 1186, 1188, 1187, 1189, 1191, 1190, 1192, 1194, 1193, 1195, 1197, 1196, 1198, 1200, 1199, 1201, 1203, 1202, 1204, 1206, 1205, 1207, 1209, 1208, 1210, 1212, 1211, 1213, 1215, 1214, 1216, 1218, 1217, 1219, 1221, 1220, 1222, 1224, 1223, 1225, 1227, 1226, 1228, 1230, 1229, 1231, 1233, 1232, 1234, 1236, 1235, 1237, 1239, 1238, 1240, 1242, 1241, 1243, 1245, 1244, 1246, 1248, 1247, 1249, 1251, 1250, 1252, 1254, 1253, 1255, 1257, 1256, 1258, 1260, 1259, 1261, 1263, 1262, 1264, 1266, 1265, 1267, 1269, 1268, 1270, 1272, 1271, 1273, 1275, 1274, 1276, 1278, 1277, 1279, 1281, 1280, 1282, 1284, 1283, 1285, 1287, 1286, 1288, 1290, 1289, 1291, 1293, 1292, 1294, 1296, 1295, 1297, 1299, 1298, 1300, 1302, 1301, 1303, 1305, 1304, 1306, 1308, 1307, 1309, 1311, 1310, 1312, 1314, 1313, 1315, 1317, 1316, 1318, 1320, 1319, 1321, 1323, 1322, 1324, 1326, 1325, 1327, 1329, 1328, 1330, 1332, 1331, 1333, 1335, 1334, 1336, 1338, 1337, 1339, 1341, 1340, 1342, 1344, 1343, 1345, 1347, 1346, 1348, 1350, 1349, 1351, 1353, 1352, 1354, 1356, 1355, 1357, 1359, 1358, 1360, 1362, 1361, 1363, 1365, 1364, 1366, 1368, 1367, 1369, 1371, 1370, 1372, 1374, 1373, 1375, 1377, 1376, 1378, 1380, 1379, 1381, 1383, 1382, 1384, 1386, 1385, 1387, 1389, 1388, 1390, 1392, 1391, 1393, 1395, 1394, 1396, 1398, 1397, 1399, 1401, 1400, 1402, 1404, 1403, 1405, 1407, 1406, 1408, 1410, 1409, 1411, 1413, 1412, 1414, 1416, 1415, 1417, 1419, 1418, 1420, 1422, 1421, 1423, 1425, 1424, 1426, 1428, 1427, 1429, 1431, 1430, 1432, 1434, 1433, 1435, 1437, 1436, 1438, 1440, 1439, 1441, 1443, 1442, 1444, 1446, 1445, 1447, 1449, 1448, 1450, 1452, 1451, 1453, 1455, 1454, 1456, 1458, 1457, 1459, 1461, 1460, 1462, 1464, 1463, 1465, 1467, 1466, 1468, 1470, 1469, 1471, 1473, 1472, 1474, 1476, 1475, 1477, 1479, 1478, 1480, 1482, 1481, 1483, 1485, 1484, 1486, 1488, 1487, 1489, 1491, 1490, 1492, 1494, 1493, 1495, 1497, 1496, 1498, 1500, 1499, 1501, 1503, 1502, 1504, 1506, 1505, 1507, 1509, 1508, 1510, 1512, 1511, 1513, 1515, 1514, 1516, 1518, 1517, 1519, 1521, 1520, 1522, 1524, 1523, 1525, 1527, 1526, 1528, 1530, 1529, 1531, 1533, 1532, 1534, 1536, 1535, 1537, 1539, 1538, 1540, 1542, 1541, 1543, 1545, 1544, 1546, 1548, 1547, 1549, 1551, 1550, 1552, 1554, 1553, 1555, 1557, 1556, 1558, 1560, 1559, 1561, 1563, 1562, 1564, 1566, 1565, 1567, 1569, 1568, 1570, 1572, 1571, 1573, 1575, 1574, 1576, 1578, 1577, 1579, 1581, 1580, 1582, 1584, 1583, 1585, 1587, 1586, 1588, 1590, 1589, 1591, 1593, 1592, 1594, 1596, 1595, 1597, 1599, 1598, 1600, 1602, 1601, 1603, 1605, 1604, 1606, 1608, 1607, 1609, 1611, 1610, 1612, 1614, 1613, 1615, 1617, 1616, 1618, 1620, 1619, 1621, 1623, 1622, 1624, 1626, 1625, 1627, 1629, 1628, 1630, 1632, 1631, 1633, 1635, 1634, 1636, 1638, 1637, 1639, 1641, 1640, 1642, 1644, 1643, 1645, 1647, 1646, 1648, 1650, 1649, 1651, 1653, 1652, 1654, 1656, 1655, 1657, 1659, 1658, 1660, 1662, 1661, 1663, 1665, 1664, 1666, 1668, 1667, 1669, 1671, 1670, 1672, 1674, 1673, 1675, 1677, 1676, 1678, 1680, 1679, 1681, 1683, 1682, 1684, 1686, 1685, 1687, 1689, 1688, 1690, 1692, 1691, 1693, 1695, 1694, 1696, 1698, 1697, 1699, 1701, 1700, 1702, 1704, 1703, 1705, 1707, 1706, 1708, 1710, 1709, 1711, 1713, 1712, 1714, 1716, 1715, 1717, 1719, 1718, 1720, 1722, 1721, 1723, 1725, 1724, 1726, 1728, 1727, 1729, 1731, 1730, 1732, 1734, 1733, 1735, 1737, 1736, 1738, 1740, 1739, 1741, 1743, 1742, 1744, 1746, 1745, 1747, 1749, 1748, 1750, 1752, 1751, 1753, 1755, 1754, 1756, 1758, 1757, 1759, 1761, 1760, 1762, 1764, 1763, 1765, 1767, 1766, 1768, 1770, 1769, 1771, 1773, 1772, 1774, 1776, 1775, 1777, 1779, 1778, 1780, 1782, 1781, 1783, 1785, 1784, 1786, 1788, 1787, 1789, 1791, 1790, 1792, 1794, 1793, 1795, 1797, 1796, 1798, 1800, 1799, 1801, 1803, 1802, 1804, 1806, 1805, 1807, 1809, 1808, 1810, 1812, 1811, 1813, 1815, 1814, 1816, 1818, 1817, 1819, 1821, 1820, 1822, 1824, 1823, 1825, 1827, 1826, 1828, 1830, 1829, 1831, 1833, 1832, 1834, 1836, 1835, 1837, 1839, 1838, 1840, 1842, 1841, 1843, 1845, 1844, 1846, 1848, 1847, 1849, 1851, 1850, 1852, 1854, 1853, 1855, 1857, 1856, 1858, 1860, 1859, 1861, 1863, 1862, 1864, 1866, 1865, 1867, 1869, 1868, 1870, 1872, 1871, 1873, 1875, 1874, 1876, 1878, 1877, 1879, 1881, 1880, 1882, 1884, 1883, 1885, 1887, 1886, 1888, 1890, 1889, 1891, 1893, 1892, 1894, 1896, 1895, 1897, 1899, 1898, 1900, 1902, 1901, 1903, 1905, 1904, 1906, 1908, 1907, 1909, 1911, 1910, 1912, 1914, 1913, 1915, 1917, 1916, 1918, 1920, 1919, 1921, 1923, 1922, 1924, 1926, 1925, 1927, 1929, 1928, 1930, 1932, 1931, 1933, 1935, 1934, 1936, 1938, 1937, 1939, 1941, 1940, 1942, 1944, 1943, 1945, 1947, 1946, 1948, 1950, 1949, 1951, 1953, 1952, 1954, 1956, 1955, 1957, 1959, 1958, 1960, 1962, 1961, 1963, 1965, 1964, 1966, 1968, 1967, 1969, 1971, 1970, 1972, 1974, 1973, 1975, 1977, 1976, 1978, 1980, 1979, 1981, 1983, 1982, 1984, 1986, 1985, 1987, 1989, 1988, 1990, 1992, 1991, 1993, 1995, 1994, 1996, 1998, 1997, 1999, 2001, 2000, 2002, 2004, 2003, 2005, 2007, 2006, 2008, 2010, 2009, 2011, 2013, 2012, 2014, 2016, 2015, 2017, 2019, 2018, 2020, 2022, 2021, 2023, 2025, 2024, 2026, 2028, 2027, 2029, 2031, 2030, 2032, 2034, 2033, 2035, 2037, 2036, 2038, 2040, 2039, 2041, 2043, 2042, 2044, 2046, 2045, 2047, 2049, 2048, 2050, 2052, 2051, 2053, 2055, 2054, 2056, 2058, 2057, 2059, 2061, 2060, 2062, 2064, 2063, 2065, 2067, 2066, 2068, 2070, 2069, 2071, 2073, 2072, 2074, 2076, 2075, 2077, 2079, 2078, 2080, 2082, 2081, 2083, 2085, 2084, 2086, 2088, 2087, 2089, 2091, 2090, 2092, 2094, 2093, 2095, 2097, 2096, 2098, 2100, 2099, 2101, 2103, 2102, 2104, 2106, 2105, 2107, 2109, 2108, 2110, 2112, 2111, 2113, 2115, 2114, 2116, 2118, 2117, 2119, 2121, 2120, 2122, 2124, 2123, 2125, 2127, 2126, 2128, 2130, 2129, 2131, 2133, 2132, 2134, 2136, 2135, 2137, 2139, 2138, 2140, 2142, 2141, 2143, 2145, 2144, 2146, 2148, 2147, 2149, 2151, 2150, 2152, 2154, 2153, 2155, 2157, 2156, 2158, 2160, 2159, 2161, 2163, 2162, 2164, 2166, 2165, 2167, 2169, 2168, 2170, 2172, 2171, 2173, 2175, 2174, 2176, 2178, 2177, 2179, 2181, 2180, 2182, 2183, 2180, 2184, 2186, 2185, 2187, 2189, 2188, 2190, 2192, 2191, 2193, 2195, 2194, 2196, 2198, 2197, 2199, 2201, 2200, 2202, 2204, 2203, 2205, 2207, 2206, 2208, 2210, 2209, 2211, 2213, 2212, 2214, 2216, 2215, 2217, 2219, 2218, 2220, 2222, 2221, 2223, 2225, 2224, 2226, 2228, 2227, 2229, 2231, 2230, 2232, 2234, 2233, 2235, 2237, 2236, 2238, 2240, 2239, 2241, 2243, 2242, 2244, 2246, 2245, 2247, 2249, 2248, 2250, 2252, 2251, 2253, 2255, 2254, 2256, 2258, 2257, 2259, 2261, 2260, 2262, 2264, 2263, 2265, 2267, 2266, 2268, 2270, 2269, 2271, 2273, 2272, 2274, 2276, 2275, 2277, 2279, 2278, 2280, 2282, 2281, 2283, 2285, 2284, 2286, 2288, 2287, 2289, 2291, 2290, 2292, 2294, 2293, 2295, 2297, 2296, 2298, 2300, 2299, 2301, 2303, 2302, 2304, 2306, 2305, 2307, 2309, 2308, 2310, 2312, 2311, 2313, 2315, 2314, 2316, 2318, 2317, 2319, 2321, 2320, 2322, 2324, 2323, 2325, 2326, 2323, 2327, 2329, 2328, 2330, 2332, 2331, 2333, 2335, 2334, 2336, 2338, 2337, 2339, 2341, 2340, 2342, 2344, 2343, 2345, 2347, 2346, 2348, 2350, 2349, 2351, 2353, 2352, 2354, 2356, 2355, 2357, 2359, 2358, 2360, 2362, 2361, 2363, 2365, 2364, 2366, 2368, 2367, 2369, 2371, 2370, 2372, 2374, 2373, 2375, 2377, 2376, 2378, 2380, 2379, 2381, 2383, 2382, 2384, 2386, 2385, 2387, 2389, 2388, 2390, 2392, 2391, 2393, 2395, 2394, 2396, 2398, 2397, 2399, 2401, 2400, 2402, 2404, 2403, 2405, 2407, 2406, 2408, 2410, 2409, 2411, 2413, 2412, 2414, 2416, 2415, 2417, 2419, 2418, 2420, 2422, 2421, 2423, 2425, 2424, 2426, 2428, 2427, 2429, 2431, 2430, 2432, 2434, 2433, 2435, 2437, 2436, 2438, 2440, 2439, 2441, 2443, 2442, 2444, 2446, 2445, 2447, 2449, 2448, 2450, 2452, 2451, 2453, 2455, 2454, 2456, 2458, 2457, 2459, 2461, 2460, 2462, 2464, 2463, 2465, 2467, 2466, 2468, 2470, 2469, 2471, 2473, 2472, 2474, 2476, 2475, 2477, 2479, 2478, 2480, 2482, 2481, 2483, 2485, 2484, 2486, 2488, 2487, 2489, 2491, 2490, 2492, 2494, 2493, 2495, 2497, 2496, 2498, 2500, 2499, 2501, 2503, 2502, 2504, 2506, 2505, 2507, 2509, 2508, 2510, 2512, 2511, 2513, 2515, 2514, 2516, 2518, 2517, 2519, 2521, 2520, 2522, 2524, 2523, 2525, 2527, 2526, 2528, 2530, 2529, 2531, 2533, 2532, 2534, 2536, 2535, 2537, 2539, 2538, 2540, 2542, 2541, 2543, 2545, 2544, 2546, 2548, 2547, 2549, 2551, 2550, 2552, 2554, 2553, 2555, 2557, 2556, 2558, 2560, 2559, 2561, 2563, 2562, 2564, 2566, 2565, 2567, 2569, 2568, 2570, 2572, 2571, 2573, 2575, 2574, 2576, 2578, 2577, 2579, 2581, 2580, 2582, 2584, 2583, 2585, 2587, 2586, 2588, 2590, 2589, 2591, 2592, 2591, 2589, 2593, 2591, 2592, 2595, 2594, 2596, 2597, 2594, 2595, 2599, 2598, 2600, 2601, 2598, 2599, 2603, 2602, 2604, 2602, 2605, 2604, 2607, 2606, 2608, 2609, 2606, 2607, 2611, 2610, 2612, 2611, 2613, 2610, 2615, 2614, 2616, 2617, 2615, 2616, 2619, 2618, 2620, 2619, 2620, 2621, 2623, 2622, 2624, 2624, 2622, 2625, 2627, 2626, 2628, 2627, 2629, 2626, 2631, 2630, 2632, 2631, 2632, 2633, 2635, 2634, 2636, 2635, 2636, 2637, 2639, 2638, 2640, 2638, 2641, 2640, 2640, 2641, 2642, 2644, 2643, 2645, 2646, 2644, 2645, 2648, 2647, 2649, 2649, 2647, 2650, 2652, 2651, 2653, 2653, 2651, 2654, 2656, 2655, 2657, 2658, 2657, 2655, 2660, 2659, 2661, 2662, 2659, 2660, 2664, 2663, 2665, 2665, 2663, 2666, 2668, 2667, 2669, 2669, 2667, 2670, 2672, 2671, 2673, 2674, 2672, 2673, 2676, 2675, 2677, 2677, 2675, 2678, 2680, 2679, 2681, 2681, 2679, 2682, 2684, 2683, 2685, 2685, 2683, 2686, 2688, 2687, 2689, 2689, 2687, 2690, 2692, 2691, 2693, 2693, 2691, 2694, 2696, 2695, 2697, 2697, 2695, 2698, 2700, 2699, 2701, 2701, 2699, 2702, 2704, 2703, 2705, 2705, 2703, 2706, 2708, 2707, 2709, 2709, 2707, 2710, 2712, 2711, 2713, 2713, 2711, 2714, 2716, 2715, 2717, 2717, 2715, 2718, 2720, 2719, 2721, 2721, 2719, 2722, 2724, 2723, 2725, 2725, 2723, 2726, 2728, 2727, 2729, 2729, 2727, 2730, 2732, 2731, 2733, 2733, 2731, 2734, 2736, 2735, 2737, 2737, 2735, 2738, 2740, 2739, 2741, 2741, 2739, 2742, 2744, 2743, 2745, 2745, 2743, 2746, 2748, 2747, 2749, 2749, 2747, 2750, 2752, 2751, 2753, 2753, 2751, 2754, 2756, 2755, 2757, 2757, 2755, 2758, 2760, 2759, 2761, 2761, 2759, 2762, 2764, 2763, 2765, 2765, 2763, 2766, 2768, 2767, 2769, 2769, 2767, 2770, 2772, 2771, 2773, 2773, 2771, 2774, 2776, 2775, 2777, 2777, 2775, 2778, 2780, 2779, 2781, 2781, 2779, 2782, 2784, 2783, 2785, 2785, 2783, 2786, 2788, 2787, 2789, 2789, 2787, 2790, 2792, 2791, 2793, 2793, 2791, 2794, 2796, 2795, 2797, 2797, 2795, 2798, 2800, 2799, 2801, 2801, 2799, 2802, 2804, 2803, 2805, 2805, 2803, 2806, 2808, 2807, 2809, 2809, 2807, 2810, 2812, 2811, 2813, 2813, 2811, 2814, 2816, 2815, 2817, 2817, 2815, 2818, 2820, 2819, 2821, 2821, 2819, 2822, 2824, 2823, 2825, 2825, 2823, 2826, 2828, 2827, 2829, 2829, 2827, 2830, 2832, 2831, 2833, 2833, 2831, 2834, 2836, 2835, 2837, 2837, 2835, 2838, 2840, 2839, 2841, 2841, 2839, 2842, 2844, 2843, 2845, 2845, 2843, 2846, 2848, 2847, 2849, 2849, 2847, 2850, 2852, 2851, 2853, 2853, 2851, 2854, 2856, 2855, 2857, 2857, 2855, 2858, 2860, 2859, 2861, 2861, 2859, 2862, 2864, 2863, 2865, 2865, 2863, 2866, 2868, 2867, 2869, 2869, 2867, 2870, 2872, 2871, 2873, 2873, 2871, 2874, 2876, 2875, 2877, 2877, 2875, 2878, 2880, 2879, 2881, 2881, 2879, 2882, 2884, 2883, 2885, 2885, 2883, 2886, 2888, 2887, 2889, 2889, 2887, 2890, 2892, 2891, 2893, 2893, 2891, 2894, 2896, 2895, 2897, 2897, 2895, 2898, 2900, 2899, 2901, 2901, 2899, 2902, 2904, 2903, 2905, 2905, 2903, 2906, 2908, 2907, 2909, 2909, 2907, 2910, 2912, 2911, 2913, 2913, 2911, 2914, 2916, 2915, 2917, 2917, 2915, 2918, 2920, 2919, 2921, 2921, 2919, 2922, 2924, 2923, 2925, 2925, 2923, 2926, 2928, 2927, 2929, 2929, 2927, 2930, 2932, 2931, 2933, 2933, 2931, 2934, 2936, 2935, 2937, 2937, 2935, 2938, 2940, 2939, 2941, 2941, 2939, 2942, 2944, 2943, 2945, 2945, 2943, 2946, 2948, 2947, 2949, 2949, 2947, 2950, 2952, 2951, 2953, 2953, 2951, 2954, 2956, 2955, 2957, 2957, 2955, 2958, 2960, 2959, 2961, 2961, 2959, 2962, 2964, 2963, 2965, 2965, 2963, 2966, 2968, 2967, 2969, 2969, 2967, 2970, 2972, 2971, 2973, 2973, 2971, 2974, 2976, 2975, 2977, 2977, 2975, 2978, 2980, 2979, 2981, 2981, 2979, 2982, 2984, 2983, 2985, 2985, 2983, 2986, 2988, 2987, 2989, 2989, 2987, 2990, 2992, 2991, 2993, 2993, 2991, 2994, 2996, 2995, 2997, 2997, 2995, 2998, 3000, 2999, 3001, 3001, 2999, 3002, 3004, 3003, 3005, 3005, 3003, 3006, 3008, 3007, 3009, 3009, 3007, 3010, 3012, 3011, 3013, 3013, 3011, 3014, 3016, 3015, 3017, 3017, 3015, 3018, 3020, 3019, 3021, 3021, 3019, 3022, 3024, 3023, 3025, 3025, 3023, 3026, 3028, 3027, 3029, 3029, 3027, 3030, 3032, 3031, 3033, 3033, 3031, 3034, 3036, 3035, 3037, 3037, 3035, 3038, 3040, 3039, 3041, 3041, 3039, 3042, 3044, 3043, 3045, 3045, 3043, 3046, 3048, 3047, 3049, 3049, 3047, 3050, 3052, 3051, 3053, 3053, 3051, 3054, 3056, 3055, 3057, 3057, 3055, 3058, 3060, 3059, 3061, 3061, 3059, 3062, 3064, 3063, 3065, 3065, 3063, 3066, 3068, 3067, 3069, 3069, 3067, 3070, 3072, 3071, 3073, 3073, 3071, 3074, 3076, 3075, 3077, 3077, 3075, 3078, 3080, 3079, 3081, 3081, 3079, 3082, 3084, 3083, 3085, 3085, 3083, 3086, 3088, 3087, 3089, 3089, 3087, 3090, 3092, 3091, 3093, 3093, 3091, 3094, 3096, 3095, 3097, 3097, 3095, 3098, 3100, 3099, 3101, 3101, 3099, 3102, 3104, 3103, 3105, 3105, 3103, 3106, 3108, 3107, 3109, 3109, 3107, 3110, 3112, 3111, 3113, 3113, 3111, 3114, 3116, 3115, 3117, 3117, 3115, 3118, 3120, 3119, 3121, 3121, 3119, 3122, 3124, 3123, 3125, 3125, 3123, 3126, 3128, 3127, 3129, 3129, 3127, 3130, 3132, 3131, 3133, 3133, 3131, 3134, 3136, 3135, 3137, 3137, 3135, 3138, 3140, 3139, 3141, 3141, 3139, 3142, 3144, 3143, 3145, 3145, 3143, 3146, 3148, 3147, 3149, 3149, 3147, 3150, 3152, 3151, 3153, 3153, 3151, 3154, 3156, 3155, 3157, 3157, 3155, 3158, 3160, 3159, 3161, 3161, 3159, 3162, 3164, 3163, 3165, 3165, 3163, 3166, 3168, 3167, 3169, 3169, 3167, 3170, 3172, 3171, 3173, 3173, 3171, 3174, 3176, 3175, 3177, 3177, 3175, 3178, 3180, 3179, 3181, 3181, 3179, 3182, 3184, 3183, 3185, 3185, 3183, 3186, 3188, 3187, 3189, 3189, 3187, 3190, 3192, 3191, 3193, 3193, 3191, 3194, 3196, 3195, 3197, 3197, 3195, 3198, 3200, 3199, 3201, 3201, 3199, 3202, 3204, 3203, 3205, 3205, 3203, 3206, 3208, 3207, 3209, 3209, 3207, 3210, 3212, 3211, 3213, 3213, 3211, 3214, 3216, 3215, 3217, 3217, 3215, 3218, 3220, 3219, 3221, 3221, 3219, 3222, 3224, 3223, 3225, 3225, 3223, 3226, 3228, 3227, 3229, 3229, 3227, 3230, 3232, 3231, 3233, 3233, 3231, 3234, 3236, 3235, 3237, 3237, 3235, 3238, 3240, 3239, 3241, 3241, 3239, 3242, 3244, 3243, 3245, 3245, 3243, 3246, 3248, 3247, 3249, 3249, 3247, 3250, 3252, 3251, 3253, 3253, 3251, 3254, 3256, 3255, 3257, 3257, 3255, 3258, 3260, 3259, 3261, 3261, 3259, 3262, 3264, 3263, 3265, 3265, 3263, 3266, 3268, 3267, 3269, 3270, 3269, 3267, 3271, 3269, 3270, 3273, 3272, 3274, 3274, 3272, 3275, 3277, 3276, 3278, 3278, 3276, 3279, 3281, 3280, 3282, 3282, 3280, 3283, 3285, 3284, 3286, 3286, 3284, 3287, 3289, 3288, 3290, 3290, 3288, 3291, 3293, 3292, 3294, 3294, 3292, 3295, 3294, 3295, 3296, 3296, 3295, 3297, 3299, 3298, 3300, 3300, 3298, 3301, 3303, 3302, 3304, 3304, 3302, 3305, 3307, 3306, 3308, 3308, 3306, 3309, 3311, 3310, 3312, 3312, 3310, 3313, 3315, 3314, 3316, 3316, 3314, 3317, 3319, 3318, 3320, 3320, 3318, 3321, 3323, 3322, 3324, 3324, 3322, 3325, 3327, 3326, 3328, 3328, 3326, 3329, 3331, 3330, 3332, 3332, 3330, 3333, 3335, 3334, 3336, 3336, 3334, 3337, 3339, 3338, 3340, 3340, 3338, 3341, 3343, 3342, 3344, 3344, 3342, 3345, 3347, 3346, 3348, 3348, 3346, 3349, 3351, 3350, 3352, 3352, 3350, 3353, 3355, 3354, 3356, 3356, 3354, 3357, 3359, 3358, 3360, 3360, 3358, 3361, 3363, 3362, 3364, 3364, 3362, 3365, 3367, 3366, 3368, 3368, 3366, 3369, 3371, 3370, 3372, 3371, 3373, 3370, 3375, 3374, 3376, 3376, 3374, 3377, 3379, 3378, 3380, 3380, 3378, 3381, 3383, 3382, 3384, 3384, 3382, 3385, 3387, 3386, 3388, 3388, 3386, 3389, 3391, 3390, 3392, 3392, 3390, 3393, 3395, 3394, 3396, 3396, 3394, 3397, 3399, 3398, 3400, 3400, 3398, 3401, 3403, 3402, 3404, 3404, 3402, 3405, 3407, 3406, 3408, 3408, 3406, 3409, 3411, 3410, 3412, 3412, 3410, 3413, 3415, 3414, 3416, 3416, 3414, 3417, 3419, 3418, 3420, 3420, 3418, 3421, 3423, 3422, 3424, 3424, 3422, 3425, 3427, 3426, 3428, 3428, 3426, 3429, 3431, 3430, 3432, 3432, 3430, 3433, 3435, 3434, 3436, 3436, 3434, 3437, 3439, 3438, 3440, 3440, 3438, 3441, 3443, 3442, 3444, 3444, 3442, 3445, 3447, 3446, 3448, 3448, 3446, 3449, 3451, 3450, 3452, 3452, 3450, 3453, 3455, 3454, 3456, 3456, 3454, 3457, 3459, 3458, 3460, 3460, 3458, 3461, 3463, 3462, 3464, 3464, 3462, 3465, 3467, 3466, 3468, 3468, 3466, 3469, 3471, 3470, 3472, 3472, 3470, 3473, 3475, 3474, 3476, 3476, 3474, 3477, 3479, 3478, 3480, 3480, 3478, 3481, 3483, 3482, 3484, 3484, 3482, 3485, 3487, 3486, 3488, 3488, 3486, 3489, 3491, 3490, 3492, 3492, 3490, 3493, 3495, 3494, 3496, 3496, 3494, 3497, 3499, 3498, 3500, 3500, 3498, 3501, 3503, 3502, 3504, 3504, 3502, 3505, 3507, 3506, 3508, 3508, 3506, 3509, 3511, 3510, 3512, 3512, 3510, 3513, 3515, 3514, 3516, 3516, 3514, 3517, 3519, 3518, 3520, 3520, 3518, 3521, 3523, 3522, 3524, 3524, 3522, 3525, 3527, 3526, 3528, 3528, 3526, 3529, 3531, 3530, 3532, 3532, 3530, 3533, 3535, 3534, 3536, 3536, 3534, 3537, 3539, 3538, 3540, 3540, 3538, 3541, 3543, 3542, 3544, 3544, 3542, 3545, 3547, 3546, 3548, 3548, 3546, 3549, 3551, 3550, 3552, 3552, 3550, 3553, 3555, 3554, 3556, 3556, 3554, 3557, 3559, 3558, 3560, 3560, 3558, 3561, 3563, 3562, 3564, 3564, 3562, 3565, 3567, 3566, 3568, 3568, 3566, 3569, 3571, 3570, 3572, 3572, 3570, 3573, 3575, 3574, 3576, 3576, 3574, 3577, 3579, 3578, 3580, 3581, 3580, 3578, 3583, 3582, 3584, 3584, 3582, 3585, 3587, 3586, 3588, 3588, 3586, 3589, 3591, 3590, 3592, 3592, 3590, 3593, 3595, 3594, 3596, 3596, 3594, 3597, 3596, 3597, 3598, 3598, 3597, 3599, 3601, 3600, 3602, 3602, 3600, 3603, 3605, 3604, 3606, 3606, 3604, 3607, 3609, 3608, 3610, 3610, 3608, 3611, 3613, 3612, 3614, 3614, 3612, 3615, 3617, 3616, 3618, 3618, 3616, 3619, 3621, 3620, 3622, 3622, 3620, 3623, 3625, 3624, 3626, 3626, 3624, 3627, 3629, 3628, 3630, 3630, 3628, 3631, 3633, 3632, 3634, 3634, 3632, 3635, 3637, 3636, 3638, 3638, 3636, 3639, 3641, 3640, 3642, 3643, 3640, 3641, 3645, 3644, 3646, 3646, 3644, 3647, 3649, 3648, 3650, 3650, 3648, 3651, 3653, 3652, 3654, 3654, 3652, 3655, 3657, 3656, 3658, 3658, 3656, 3659, 3661, 3660, 3662, 3662, 3660, 3663, 3665, 3664, 3666, 3666, 3664, 3667, 3669, 3668, 3670, 3670, 3668, 3671, 3673, 3672, 3674, 3674, 3672, 3675, 3677, 3676, 3678, 3678, 3676, 3679, 3681, 3680, 3682, 3682, 3680, 3683, 3685, 3684, 3686, 3686, 3684, 3687, 3689, 3688, 3690, 3690, 3688, 3691, 3693, 3692, 3694, 3694, 3692, 3695, 3697, 3696, 3698, 3698, 3696, 3699, 3701, 3700, 3702, 3702, 3700, 3703, 3705, 3704, 3706, 3706, 3704, 3707, 3709, 3708, 3710, 3710, 3708, 3711, 3713, 3712, 3714, 3714, 3712, 3715, 3717, 3716, 3718, 3718, 3716, 3719, 3721, 3720, 3722, 3722, 3720, 3723, 3725, 3724, 3726, 3726, 3724, 3727, 3729, 3728, 3730, 3730, 3728, 3731, 3733, 3732, 3734, 3734, 3732, 3735, 3737, 3736, 3738, 3738, 3736, 3739, 3741, 3740, 3742, 3742, 3740, 3743, 3745, 3744, 3746, 3746, 3744, 3747, 3749, 3748, 3750, 3750, 3748, 3751, 3753, 3752, 3754, 3754, 3752, 3755, 3757, 3756, 3758, 3758, 3756, 3759, 3761, 3760, 3762, 3762, 3760, 3763, 3765, 3764, 3766, 3766, 3764, 3767, 3769, 3768, 3770, 3770, 3768, 3771, 3773, 3772, 3774, 3774, 3772, 3775, 3777, 3776, 3778, 3778, 3776, 3779, 3781, 3780, 3782, 3782, 3780, 3783, 3785, 3784, 3786, 3786, 3784, 3787, 3789, 3788, 3790, 3790, 3788, 3791, 3793, 3792, 3794, 3794, 3792, 3795, 3797, 3796, 3798, 3798, 3796, 3799, 3801, 3800, 3802, 3802, 3800, 3803, 3805, 3804, 3806, 3806, 3804, 3807, 3809, 3808, 3810, 3810, 3808, 3811, 3813, 3812, 3814, 3814, 3812, 3815, 3817, 3816, 3818, 3818, 3816, 3819, 3821, 3820, 3822, 3822, 3820, 3823, 3825, 3824, 3826, 3826, 3824, 3827, 3829, 3828, 3830, 3830, 3828, 3831, 3833, 3832, 3834, 3834, 3832, 3835, 3837, 3836, 3838, 3838, 3836, 3839, 3841, 3840, 3842, 3842, 3840, 3843, 3845, 3844, 3846, 3846, 3844, 3847, 3849, 3848, 3850, 3850, 3848, 3851, 3853, 3852, 3854, 3854, 3852, 3855, 3857, 3856, 3858, 3858, 3856, 3859, 3861, 3860, 3862, 3862, 3860, 3863, 3865, 3864, 3866, 3866, 3864, 3867, 3869, 3868, 3870, 3870, 3868, 3871, 3873, 3872, 3874, 3874, 3872, 3875, 3877, 3876, 3878, 3878, 3876, 3879, 3881, 3880, 3882, 3882, 3880, 3883, 3885, 3884, 3886, 3886, 3884, 3887, 3889, 3888, 3890, 3890, 3888, 3891, 3893, 3892, 3894, 3894, 3892, 3895, 3897, 3896, 3898, 3898, 3896, 3899, 3901, 3900, 3902, 3902, 3900, 3903, 3905, 3904, 3906, 3906, 3904, 3907, 3909, 3908, 3910, 3910, 3908, 3911, 3913, 3912, 3914, 3914, 3912, 3915, 3917, 3916, 3918, 3918, 3916, 3919, 3921, 3920, 3922, 3922, 3920, 3923, 3925, 3924, 3926, 3926, 3924, 3927, 3929, 3928, 3930, 3930, 3928, 3931, 3933, 3932, 3934, 3934, 3932, 3935, 3937, 3936, 3938, 3938, 3936, 3939, 3941, 3940, 3942, 3942, 3940, 3943, 3945, 3944, 3946, 3946, 3944, 3947, 3949, 3948, 3950, 3950, 3948, 3951, 3953, 3952, 3954, 3954, 3952, 3955, 3957, 3956, 3958, 3958, 3956, 3959]
    rel material:binding = </PP_Sunflower_04_1156/Materials/PP_Standard_Material_52838>
    normal3f[] normals = [(0.23929253, -0.37397274, 0.8960377), (0.23929253, -0.37397274, 0.8960377), (0.23929253, -0.37397274, 0.8960377), (-0.41509894, 0.53049815, -0.7390972), (-0.41509894, 0.53049815, -0.7390972), (-0.41509894, 0.53049815, -0.7390972), (-0.43160933, 0.5207917, -0.73653877), (-0.43160933, 0.5207917, -0.73653877), (-0.43160933, 0.5207917, -0.73653877), (-0.46105388, 0.4630754, -0.75696135), (-0.46105388, 0.4630754, -0.75696135), (-0.46105388, 0.4630754, -0.75696135), (0.28074777, 0.7670269, 0.576932), (0.28074777, 0.7670269, 0.576932), (0.28074777, 0.7670269, 0.576932), (0.24083972, 0.4738314, 0.84704185), (0.24083972, 0.4738314, 0.84704185), (0.24083972, 0.4738314, 0.84704185), (-0.24658221, -0.7163419, -0.6527262), (-0.24658221, -0.7163419, -0.6527262), (-0.24658221, -0.7163419, -0.6527262), (0.08085543, -0.8523186, -0.51673543), (0.08085543, -0.8523186, -0.51673543), (0.08085543, -0.8523186, -0.51673543), (-0.24677078, 0.10635274, -0.96322024), (-0.24677078, 0.10635274, -0.96322024), (-0.24677078, 0.10635274, -0.96322024), (-0.20416974, 0.12531304, -0.9708818), (-0.20416974, 0.12531304, -0.9708818), (-0.20416974, 0.12531304, -0.9708818), (-0.26283142, 0.19580866, -0.94476384), (-0.26283142, 0.19580866, -0.94476384), (-0.26283142, 0.19580866, -0.94476384), (0.20938174, -0.11979327, 0.97046834), (0.20938174, -0.11979327, 0.97046834), (0.20938174, -0.11979327, 0.97046834), (-0.7081437, 0.47873703, 0.518983), (-0.7081437, 0.47873703, 0.518983), (-0.7081437, 0.47873703, 0.518983), (0.7799081, -0.57653284, 0.24362525), (0.7799081, -0.57653284, 0.24362525), (0.7799081, -0.57653284, 0.24362525), (0.10980353, -0.272068, 0.95599276), (0.10980353, -0.272068, 0.95599276), (0.10980353, -0.272068, 0.95599276), (-0.13536404, 0.29673827, -0.9453164), (-0.13536404, 0.29673827, -0.9453164), (-0.13536404, 0.29673827, -0.9453164), (-0.29822573, -0.32632846, 0.89697886), (-0.29822573, -0.32632846, 0.89697886), (-0.29822573, -0.32632846, 0.89697886), (0.36265874, 0.16119063, -0.9178759), (0.36265874, 0.16119063, -0.9178759), (0.36265874, 0.16119063, -0.9178759), (-0.19783254, -0.05326878, 0.97878736), (-0.19783254, -0.05326878, 0.97878736), (-0.19783254, -0.05326878, 0.97878736), (0.26839343, 0.04958485, -0.9620324), (0.26839343, 0.04958485, -0.9620324), (0.26839343, 0.04958485, -0.9620324), (0.41443342, 0.114227735, -0.9028826), (0.41443342, 0.114227735, -0.9028826), (0.41443342, 0.114227735, -0.9028826), (-0.40721917, 0.046444446, 0.91214883), (-0.40721917, 0.046444446, 0.91214883), (-0.40721917, 0.046444446, 0.91214883), (0.76085407, 0.31793106, 0.5657038), (0.76085407, 0.31793106, 0.5657038), (0.76085407, 0.31793106, 0.5657038), (0.14950985, 0.3353009, -0.9301721), (0.14950985, 0.3353009, -0.9301721), (0.14950985, 0.3353009, -0.9301721), (-0.5241033, 0.81962067, 0.2313822), (-0.5241033, 0.81962067, 0.2313822), (-0.5241033, 0.81962067, 0.2313822), (-0.5880915, -0.4670309, 0.66032606), (-0.5880915, -0.4670309, 0.66032606), (-0.5880915, -0.4670309, 0.66032606), (0.39694002, 0.50477034, -0.7665804), (0.39694002, 0.50477034, -0.7665804), (0.39694002, 0.50477034, -0.7665804), (-0.57927054, -0.48271582, 0.6568341), (-0.57927054, -0.48271582, 0.6568341), (-0.57927054, -0.48271582, 0.6568341), (-0.28503305, -0.7782736, -0.5595054), (-0.28503305, -0.7782736, -0.5595054), (-0.28503305, -0.7782736, -0.5595054), (-0.009915902, -0.9504005, -0.31087098), (-0.009915902, -0.9504005, -0.31087098), (-0.009915902, -0.9504005, -0.31087098), (-0.024191737, 0.7559702, 0.6541589), (-0.024191737, 0.7559702, 0.6541589), (-0.024191737, 0.7559702, 0.6541589), (-0.11009877, 0.8364902, 0.53680766), (-0.11009877, 0.8364902, 0.53680766), (-0.11009877, 0.8364902, 0.53680766), (-0.42409822, -0.59928864, -0.67896515), (-0.42409822, -0.59928864, -0.67896515), (-0.42409822, -0.59928864, -0.67896515), (-0.86114085, -0.36740983, 0.35134944), (-0.86114085, -0.36740983, 0.35134944), (-0.86114085, -0.36740983, 0.35134944), (-0.1660487, -0.7498556, -0.6404252), (-0.1660487, -0.7498556, -0.6404252), (-0.1660487, -0.7498556, -0.6404252), (-0.42401007, -0.45120093, 0.7852599), (-0.42401007, -0.45120093, 0.7852599), (-0.42401007, -0.45120093, 0.7852599), (0.2199645, 0.8152872, -0.5356514), (0.2199645, 0.8152872, -0.5356514), (0.2199645, 0.8152872, -0.5356514), (-0.1309103, -0.85453033, 0.50263333), (-0.1309103, -0.85453033, 0.50263333), (-0.1309103, -0.85453033, 0.50263333), (0.115242526, 0.8705166, -0.47845575), (0.115242526, 0.8705166, -0.47845575), (0.115242526, 0.8705166, -0.47845575), (0.13720578, 0.8849195, -0.44507518), (0.13720578, 0.8849195, -0.44507518), (0.13720578, 0.8849195, -0.44507518), (-0.08736077, -0.892249, 0.44301224), (-0.08736077, -0.892249, 0.44301224), (-0.08736077, -0.892249, 0.44301224), (0.8233563, -0.5085148, -0.25198644), (0.8233563, -0.5085148, -0.25198644), (0.8233563, -0.5085148, -0.25198644), (0.8390508, -0.5433254, -0.02812849), (0.8390508, -0.5433254, -0.02812849), (0.8390508, -0.5433254, -0.02812849), (-0.18200633, -0.73290646, 0.6555317), (-0.18200633, -0.73290646, 0.6555317), (-0.18200633, -0.73290646, 0.6555317), (-0.9765406, -0.015389775, 0.21478277), (-0.9765406, -0.015389775, 0.21478277), (-0.9765406, -0.015389775, 0.21478277), (-0.590138, -0.63906133, -0.49329275), (-0.590138, -0.63906133, -0.49329275), (-0.590138, -0.63906133, -0.49329275), (-0.040538184, 0.8407926, -0.53983736), (-0.040538184, 0.8407926, -0.53983736), (-0.040538184, 0.8407926, -0.53983736), (-0.2628316, 0.85900956, -0.4393429), (-0.2628316, 0.85900956, -0.4393429), (-0.2628316, 0.85900956, -0.4393429), (-0.3730968, -0.7258811, -0.5778368), (-0.3730968, -0.7258811, -0.5778368), (-0.3730968, -0.7258811, -0.5778368), (-0.38578498, 0.80966634, -0.44227847), (-0.38578498, 0.80966634, -0.44227847), (-0.38578498, 0.80966634, -0.44227847), (-0.18567048, 0.8627282, -0.47034726), (-0.18567048, 0.8627282, -0.47034726), (-0.18567048, 0.8627282, -0.47034726), (0.18143214, -0.809207, 0.55880797), (0.18143214, -0.809207, 0.55880797), (0.18143214, -0.809207, 0.55880797), (0.17759545, -0.8643839, 0.47042578), (0.17759545, -0.8643839, 0.47042578), (0.17759545, -0.8643839, 0.47042578), (0.9145953, -0.05641279, 0.40041602), (0.9145953, -0.05641279, 0.40041602), (0.9145953, -0.05641279, 0.40041602), (0.40112644, -0.82050824, 0.40726382), (0.40112644, -0.82050824, 0.40726382), (0.40112644, -0.82050824, 0.40726382), (0.68515307, -0.72833705, 0.009510861), (0.68515307, -0.72833705, 0.009510861), (0.68515307, -0.72833705, 0.009510861), (0.22078401, -0.33411628, 0.91630816), (0.22078401, -0.33411628, 0.91630816), (0.22078401, -0.33411628, 0.91630816), (-0.35969537, 0.43197793, -0.8270516), (-0.35969537, 0.43197793, -0.8270516), (-0.35969537, 0.43197793, -0.8270516), (0.27017447, 0.2904535, 0.91795564), (0.27017447, 0.2904535, 0.91795564), (0.27017447, 0.2904535, 0.91795564), (-0.17337096, 0.88409287, 0.43396133), (-0.17337096, 0.88409287, 0.43396133), (-0.17337096, 0.88409287, 0.43396133), (-0.34121782, 0.77569014, 0.53091925), (-0.34121782, 0.77569014, 0.53091925), (-0.34121782, 0.77569014, 0.53091925), (0.5497914, -0.5087829, 0.6624721), (0.5497914, -0.5087829, 0.6624721), (0.5497914, -0.5087829, 0.6624721), (0.33243862, -0.8211868, -0.46382838), (0.33243862, -0.8211868, -0.46382838), (0.33243862, -0.8211868, -0.46382838), (-0.32556105, 0.36131677, -0.8737621), (-0.32556105, 0.36131677, -0.8737621), (-0.32556105, 0.36131677, -0.8737621), (-0.09954841, -0.23391426, 0.9671475), (-0.09954841, -0.23391426, 0.9671475), (-0.09954841, -0.23391426, 0.9671475), (0.017382331, 0.068257056, -0.9975164), (0.017382331, 0.068257056, -0.9975164), (0.017382331, 0.068257056, -0.9975164), (0.12522382, -0.023110382, 0.9918594), (0.12522382, -0.023110382, 0.9918594), (0.12522382, -0.023110382, 0.9918594), (0.21113224, -0.06181402, 0.975501), (0.21113224, -0.06181402, 0.975501), (0.21113224, -0.06181402, 0.975501), (0.048924975, -0.0012716171, -0.9988017), (0.048924975, -0.0012716171, -0.9988017), (0.048924975, -0.0012716171, -0.9988017), (-0.7131681, 0.57990247, 0.39383307), (-0.7131681, 0.57990247, 0.39383307), (-0.7131681, 0.57990247, 0.39383307), (-0.14017807, -0.10104531, 0.9849568), (-0.14017807, -0.10104531, 0.9849568), (-0.14017807, -0.10104531, 0.9849568), (-0.8420804, 0.5078861, 0.18152753), (-0.8420804, 0.5078861, 0.18152753), (-0.8420804, 0.5078861, 0.18152753), (-0.14545614, -0.0063069416, -0.98934466), (-0.14545614, -0.0063069416, -0.98934466), (-0.14545614, -0.0063069416, -0.98934466), (0.5142003, 0.70143783, 0.49354118), (0.5142003, 0.70143783, 0.49354118), (0.5142003, 0.70143783, 0.49354118), (-0.385802, -0.2768884, 0.88005096), (-0.385802, -0.2768884, 0.88005096), (-0.385802, -0.2768884, 0.88005096), (0.40573588, 0.16758546, -0.8984951), (0.40573588, 0.16758546, -0.8984951), (0.40573588, 0.16758546, -0.8984951), (0.55113465, 0.2403225, -0.7990593), (0.55113465, 0.2403225, -0.7990593), (0.55113465, 0.2403225, -0.7990593), (-0.7947435, -0.5780232, -0.18512698), (-0.7947435, -0.5780232, -0.18512698), (-0.7947435, -0.5780232, -0.18512698), (0.21756604, 0.370541, -0.9029753), (0.21756604, 0.370541, -0.9029753), (0.21756604, 0.370541, -0.9029753), (0.580081, 0.5922949, 0.55918956), (0.580081, 0.5922949, 0.55918956), (0.580081, 0.5922949, 0.55918956), (0.47138754, 0.6104211, -0.6365373), (0.47138754, 0.6104211, -0.6365373), (0.47138754, 0.6104211, -0.6365373), (-0.5163556, -0.62102807, 0.58966184), (-0.5163556, -0.62102807, 0.58966184), (-0.5163556, -0.62102807, 0.58966184), (0.0664609, -0.9088088, -0.41188532), (0.0664609, -0.9088088, -0.41188532), (0.0664609, -0.9088088, -0.41188532), (0.12174744, -0.9696212, -0.2121613), (0.12174744, -0.9696212, -0.2121613), (0.12174744, -0.9696212, -0.2121613), (-0.5074285, 0.4060403, 0.7600313), (-0.5074285, 0.4060403, 0.7600313), (-0.5074285, 0.4060403, 0.7600313), (-0.3319563, -0.64192045, 0.69118977), (-0.3319563, -0.64192045, 0.69118977), (-0.3319563, -0.64192045, 0.69118977), (0.06886978, 0.86588585, -0.4954781), (0.06886978, 0.86588585, -0.4954781), (0.06886978, 0.86588585, -0.4954781), (-0.007009829, -0.8121865, 0.5833558), (-0.007009829, -0.8121865, 0.5833558), (-0.007009829, -0.8121865, 0.5833558), (-0.025518142, 0.87442315, -0.4844925), (-0.025518142, 0.87442315, -0.4844925), (-0.025518142, 0.87442315, -0.4844925), (-0.01605553, 0.88907814, -0.45747384), (-0.01605553, 0.88907814, -0.45747384), (-0.13967003, 0.89098865, -0.43200868), (-0.13967003, 0.89098865, -0.43200868), (-0.13967003, 0.89098865, -0.43200868), (0.038740944, 0.90392476, -0.42593333), (0.038740944, 0.90392476, -0.42593333), (0.038740944, 0.90392476, -0.42593333), (0.10401245, -0.8374151, 0.53657943), (0.10401245, -0.8374151, 0.53657943), (0.10401245, -0.8374151, 0.53657943), (0.040972706, -0.8994261, 0.43514812), (0.040972706, -0.8994261, 0.43514812), (0.040972706, -0.8994261, 0.43514812), (0.9718096, -0.22485101, -0.07090904), (0.9718096, -0.22485101, -0.07090904), (0.9718096, -0.22485101, -0.07090904), (0.93892545, -0.297562, 0.17284647), (0.93892545, -0.297562, 0.17284647), (0.93892545, -0.297562, 0.17284647), (-0.96752065, -0.2523097, 0.015612071), (-0.96752065, -0.2523097, 0.015612071), (-0.96752065, -0.2523097, 0.015612071), (-0.06838299, -0.99291915, -0.09713528), (-0.06838299, -0.99291915, -0.09713528), (-0.06838299, -0.99291915, -0.09713528), (-0.36590567, 0.6852094, -0.62976277), (-0.36590567, 0.6852094, -0.62976277), (-0.36590567, 0.6852094, -0.62976277), (0.396478, -0.6436163, 0.6546475), (0.396478, -0.6436163, 0.6546475), (0.396478, -0.6436163, 0.6546475), (0.4489276, 0.61827713, 0.6451335), (0.4489276, 0.61827713, 0.6451335), (0.4489276, 0.61827713, 0.6451335), (-0.17668687, -0.9832175, 0.045445163), (-0.17668687, -0.9832175, 0.045445163), (-0.17668687, -0.9832175, 0.045445163), (-0.22105087, 0.6614009, -0.71671844), (-0.22105087, 0.6614009, -0.71671844), (-0.22105087, 0.6614009, -0.71671844), (0.24779473, -0.6387495, 0.72842085), (0.24779473, -0.6387495, 0.72842085), (0.24779473, -0.6387495, 0.72842085), (0.1136596, -0.27250424, 0.95541763), (0.1136596, -0.27250424, 0.95541763), (0.1136596, -0.27250424, 0.95541763), (-0.30631694, 0.20475458, -0.9296481), (-0.30631694, 0.20475458, -0.9296481), (-0.30631694, 0.20475458, -0.9296481), (0.4592431, -0.3241913, 0.82704043), (0.4592431, -0.3241913, 0.82704043), (0.4592431, -0.3241913, 0.82704043), (-0.31432012, 0.122939214, -0.94132286), (-0.31432012, 0.122939214, -0.94132286), (-0.31432012, 0.122939214, -0.94132286), (-0.41974986, 0.16600436, -0.8923298), (-0.41974986, 0.16600436, -0.8923298), (-0.41974986, 0.16600436, -0.8923298), (0.14902967, -0.43806818, 0.8865023), (0.14902967, -0.43806818, 0.8865023), (0.14902967, -0.43806818, 0.8865023), (-0.54452956, 0.8100348, 0.21755736), (-0.54452956, 0.8100348, 0.21755736), (-0.54452956, 0.8100348, 0.21755736), (-0.5432488, 0.6021633, 0.58504707), (-0.5432488, 0.6021633, 0.58504707), (-0.5432488, 0.6021633, 0.58504707), (-0.15560925, 0.42200562, -0.8931388), (-0.15560925, 0.42200562, -0.8931388), (-0.15560925, 0.42200562, -0.8931388), (0.1407491, -0.4049513, 0.9034401), (0.1407491, -0.4049513, 0.9034401), (0.1407491, -0.4049513, 0.9034401), (0.004316634, 0.027639875, -0.9996087), (0.004316634, 0.027639875, -0.9996087), (0.004316634, 0.027639875, -0.9996087), (-0.09233689, -0.17070584, 0.98098594), (-0.09233689, -0.17070584, 0.98098594), (-0.09233689, -0.17070584, 0.98098594), (0.12469117, 0.0715982, -0.98960894), (0.12469117, 0.0715982, -0.98960894), (0.12469117, 0.0715982, -0.98960894), (-0.10434366, -0.06818643, 0.9922011), (-0.10434366, -0.06818643, 0.9922011), (-0.10434366, -0.06818643, 0.9922011), (-0.98533094, 0.024444344, 0.16889481), (-0.98533094, 0.024444344, 0.16889481), (-0.98533094, 0.024444344, 0.16889481), (0.9888031, -0.14917049, 0.0040591834), (0.9888031, -0.14917049, 0.0040591834), (0.9888031, -0.14917049, 0.0040591834), (-0.86416143, 0.4037752, 0.30031723), (-0.86416143, 0.4037752, 0.30031723), (-0.86416143, 0.4037752, 0.30031723), (-0.110332176, -0.2657336, 0.9577121), (-0.110332176, -0.2657336, 0.9577121), (-0.110332176, -0.2657336, 0.9577121), (0.9696838, 0.019126523, 0.24361312), (0.9696838, 0.019126523, 0.24361312), (0.9696838, 0.019126523, 0.24361312), (-0.05734649, -0.23142043, 0.97116214), (-0.05734649, -0.23142043, 0.97116214), (-0.05734649, -0.23142043, 0.97116214), (0.052618377, 0.2389409, -0.9696074), (0.052618377, 0.2389409, -0.9696074), (0.052618377, 0.2389409, -0.9696074), (0.18035991, 0.93574774, 0.30306172), (0.18035991, 0.93574774, 0.30306172), (0.18035991, 0.93574774, 0.30306172), (-0.3520957, -0.5353607, 0.76773536), (-0.3520957, -0.5353607, 0.76773536), (-0.3520957, -0.5353607, 0.76773536), (-0.46814844, -0.33934864, 0.8158919), (-0.46814844, -0.33934864, 0.8158919), (-0.46814844, -0.33934864, 0.8158919), (-0.46770525, -0.2704031, 0.841507), (-0.46770525, -0.2704031, 0.841507), (-0.46770525, -0.2704031, 0.841507), (0.43840885, 0.3380429, -0.83278126), (0.43840885, 0.3380429, -0.83278126), (0.43840885, 0.3380429, -0.83278126), (-0.49057996, -0.85584426, -0.16389586), (-0.49057996, -0.85584426, -0.16389586), (-0.49057996, -0.85584426, -0.16389586), (0.57595986, 0.6832217, 0.4488635), (0.57595986, 0.6832217, 0.4488635), (0.57595986, 0.6832217, 0.4488635), (0.20487364, 0.687589, 0.6965976), (0.20487364, 0.687589, 0.6965976), (0.20487364, 0.687589, 0.6965976), (0.6331868, 0.73171294, -0.25233036), (0.6331868, 0.73171294, -0.25233036), (0.6331868, 0.73171294, -0.25233036), (0.076518536, -0.764096, 0.6405484), (0.076518536, -0.764096, 0.6405484), (0.076518536, -0.764096, 0.6405484), (0.37329045, 0.712597, -0.59402), (0.37329045, 0.712597, -0.59402), (0.37329045, 0.712597, -0.59402), (-0.94958097, 0.25208494, 0.18641098), (-0.94958097, 0.25208494, 0.18641098), (-0.94958097, 0.25208494, 0.18641098), (0.3449182, 0.80938697, -0.47531477), (0.3449182, 0.80938697, -0.47531477), (0.3449182, 0.80938697, -0.47531477), (0.51743394, -0.73048353, -0.44570813), (0.51743394, -0.73048353, -0.44570813), (0.51743394, -0.73048353, -0.44570813), (0.65713805, -0.72948885, -0.18977797), (0.65713805, -0.72948885, -0.18977797), (0.65713805, -0.72948885, -0.18977797), (-0.49002188, 0.81332517, 0.3136572), (-0.49002188, 0.81332517, 0.3136572), (-0.49002188, 0.81332517, 0.3136572), (-0.7910037, 0.5383725, 0.290634), (-0.7910037, 0.5383725, 0.290634), (-0.7910037, 0.5383725, 0.290634), (0.26508948, 0.79723454, -0.54235095), (0.26508948, 0.79723454, -0.54235095), (0.26508948, 0.79723454, -0.54235095), (-0.3449981, -0.89345026, 0.287616), (-0.3449981, -0.89345026, 0.287616), (-0.3449981, -0.89345026, 0.287616), (-0.24291033, -0.791073, 0.5614249), (-0.24291033, -0.791073, 0.5614249), (-0.24291033, -0.791073, 0.5614249), (-0.7994179, -0.124180995, -0.5878011), (-0.7994179, -0.124180995, -0.5878011), (-0.7994179, -0.124180995, -0.5878011), (-0.65560603, 0.5870567, 0.47491616), (-0.65560603, 0.5870567, 0.47491616), (-0.65560603, 0.5870567, 0.47491616), (-0.548545, -0.79231566, 0.2670847), (-0.548545, -0.79231566, 0.2670847), (-0.548545, -0.79231566, 0.2670847), (0.24456409, 0.4815043, 0.8416305), (0.24456409, 0.4815043, 0.8416305), (0.24456409, 0.4815043, 0.8416305), (0.3090683, 0.853755, -0.41902164), (0.3090683, 0.853755, -0.41902164), (0.3090683, 0.853755, -0.41902164), (0.8245002, -0.18778293, 0.53379476), (0.8245002, -0.18778293, 0.53379476), (0.8245002, -0.18778293, 0.53379476), (-0.90065026, -0.10575723, -0.42147908), (-0.90065026, -0.10575723, -0.42147908), (-0.90065026, -0.10575723, -0.42147908), (0.81864005, -0.5675107, -0.088091195), (0.81864005, -0.5675107, -0.088091195), (0.81864005, -0.5675107, -0.088091195), (-0.42579386, -0.9039114, 0.040542547), (-0.42579386, -0.9039114, 0.040542547), (-0.42579386, -0.9039114, 0.040542547), (-0.3789917, 0.5863167, -0.71595955), (-0.3789917, 0.5863167, -0.71595955), (-0.3789917, 0.5863167, -0.71595955), (-0.40345, 0.60368097, -0.6876026), (-0.40345, 0.60368097, -0.6876026), (-0.40345, 0.60368097, -0.6876026), (0.39503226, -0.5963909, 0.69876134), (0.39503226, -0.5963909, 0.69876134), (0.39503226, -0.5963909, 0.69876134), (0.3190717, 0.6958209, 0.6434489), (0.3190717, 0.6958209, 0.6434489), (0.3190717, 0.6958209, 0.6434489), (0.020557417, -0.99893993, 0.041188292), (0.020557417, -0.99893993, 0.041188292), (0.020557417, -0.99893993, 0.041188292), (0.2733524, -0.5518193, 0.78789204), (0.2733524, -0.5518193, 0.78789204), (0.2733524, -0.5518193, 0.78789204), (-0.25789595, 0.5690798, -0.7807931), (-0.25789595, 0.5690798, -0.7807931), (-0.25789595, 0.5690798, -0.7807931), (0.7516189, -0.44642252, -0.48556775), (0.7516189, -0.44642252, -0.48556775), (0.7516189, -0.44642252, -0.48556775), (-0.4110827, -0.34557235, -0.8435583), (-0.4110827, -0.34557235, -0.8435583), (-0.4110827, -0.34557235, -0.8435583), (0.4724634, -0.6450308, -0.6005944), (0.4724634, -0.6450308, -0.6005944), (0.4724634, -0.6450308, -0.6005944), (0.4078949, -0.6067862, 0.682226), (0.4078949, -0.6067862, 0.682226), (0.4078949, -0.6067862, 0.682226), (0.07469834, -0.35499555, 0.9318789), (0.07469834, -0.35499555, 0.9318789), (0.07469834, -0.35499555, 0.9318789), (-0.06723783, 0.6821638, -0.7281014), (-0.06723783, 0.6821638, -0.7281014), (-0.06723783, 0.6821638, -0.7281014), (0.031339783, 0.22908114, -0.97290266), (0.031339783, 0.22908114, -0.97290266), (0.031339783, 0.22908114, -0.97290266), (0.018788049, -0.40989476, 0.9119392), (0.018788049, -0.40989476, 0.9119392), (0.018788049, -0.40989476, 0.9119392), (-0.06058443, 0.8356115, 0.5459697), (-0.06058443, 0.8356115, 0.5459697), (-0.06058443, 0.8356115, 0.5459697), (-0.40248352, 0.30415937, 0.86342), (-0.40248352, 0.30415937, 0.86342), (-0.40248352, 0.30415937, 0.86342), (-0.03786021, -0.9957295, -0.08419788), (-0.03786021, -0.9957295, -0.08419788), (-0.03786021, -0.9957295, -0.08419788), (0.008653511, -0.8061775, -0.5916105), (0.008653511, -0.8061775, -0.5916105), (0.008653511, -0.8061775, -0.5916105), (-0.044178486, -0.7785448, -0.62603223), (-0.044178486, -0.7785448, -0.62603223), (-0.044178486, -0.7785448, -0.62603223), (0.13528799, -0.4435338, 0.8859881), (0.13528799, -0.4435338, 0.8859881), (0.13528799, -0.4435338, 0.8859881), (0.27979273, -0.479657, 0.83165205), (0.27979273, -0.479657, 0.83165205), (0.27979273, -0.479657, 0.83165205), (0.3111306, -0.47127372, 0.82528704), (0.3111967, -0.4714435, 0.8251652), (0.3111815, -0.47142622, 0.8251809), (0.041294858, 0.71441805, -0.69849956), (0.041294858, 0.71441805, -0.69849956), (0.041294858, 0.71441805, -0.69849956), (-0.311192, 0.7778999, -0.5459225), (-0.311192, 0.7778999, -0.5459225), (-0.311192, 0.7778999, -0.5459225), (-0.21311253, 0.5121801, -0.83201844), (-0.21311253, 0.5121801, -0.83201844), (-0.21311253, 0.5121801, -0.83201844), (0.19716169, -0.64619046, 0.7372687), (0.19716169, -0.64619046, 0.7372687), (0.19716169, -0.64619046, 0.7372687), (0.41622734, 0.80210394, 0.4282337), (0.41622734, 0.80210394, 0.4282337), (0.41622734, 0.80210394, 0.4282337), (0.34261274, 0.5754627, 0.74260306), (0.34261274, 0.5754627, 0.74260306), (0.34261274, 0.5754627, 0.74260306), (-0.65001327, -0.6895106, -0.31946507), (-0.65001327, -0.6895106, -0.31946507), (-0.65001327, -0.6895106, -0.31946507), (-0.24629287, -0.6589848, -0.71068895), (-0.24629287, -0.6589848, -0.71068895), (-0.24629287, -0.6589848, -0.71068895), (-0.51714313, 0.8443495, 0.14013158), (-0.51714313, 0.8443495, 0.14013158), (-0.51714313, 0.8443495, 0.14013158), (-0.4907963, -0.5757081, -0.6539719), (-0.4907963, -0.5757081, -0.6539719), (-0.4907963, -0.5757081, -0.6539719), (-0.007965743, -0.8650931, 0.5015482), (-0.007965743, -0.8650931, 0.5015482), (-0.007965743, -0.8650931, 0.5015482), (0.11403576, -0.5347725, 0.8372659), (0.11403576, -0.5347725, 0.8372659), (0.11403576, -0.5347725, 0.8372659), (0.22076742, 0.6733388, -0.7056037), (0.22076742, 0.6733388, -0.7056037), (0.22076742, 0.6733388, -0.7056037), (-0.17468362, 0.39027768, -0.90397394), (-0.17468362, 0.39027768, -0.90397394), (-0.17468362, 0.39027768, -0.90397394), (0.035804838, -0.52192986, 0.85223657), (0.035804838, -0.52192986, 0.85223657), (0.035804838, -0.52192986, 0.85223657), (0.8250647, 0.40467912, 0.39433873), (0.8250647, 0.40467912, 0.39433873), (0.8250647, 0.40467912, 0.39433873), (0.36007363, 0.23994757, 0.9015387), (0.36007363, 0.23994757, 0.9015387), (0.36007363, 0.23994757, 0.9015387), (-0.8237902, -0.5611449, 0.080536045), (-0.8237902, -0.5611449, 0.080536045), (-0.8237902, -0.5611449, 0.080536045), (-0.8923341, -0.2938703, -0.34260798), (-0.8923341, -0.2938703, -0.34260798), (-0.8923341, -0.2938703, -0.34260798), (-0.2721986, -0.8111356, 0.51765525), (-0.2721986, -0.8111356, 0.51765525), (-0.2721986, -0.8111356, 0.51765525), (0.38263094, 0.51833, -0.7648055), (0.38263094, 0.51833, -0.7648055), (0.38263094, 0.51833, -0.7648055), (0.98414826, -0.0036124908, 0.17731127), (0.98414826, -0.0036124908, 0.17731127), (0.98414826, -0.0036124908, 0.17731127), (0.9200734, -0.04669474, 0.38895312), (0.9200734, -0.04669474, 0.38895312), (0.9200734, -0.04669474, 0.38895312), (-0.98377234, 0.14604262, 0.10422827), (-0.98377234, 0.14604262, 0.10422827), (-0.98377234, 0.14604262, 0.10422827), (-0.9226315, -0.18711601, -0.33725166), (-0.9226315, -0.18711601, -0.33725166), (-0.9226315, -0.18711601, -0.33725166), (0.011034699, -0.16939317, 0.98548675), (0.011034699, -0.16939317, 0.98548675), (0.011034699, -0.16939317, 0.98548675), (-0.9414553, 0.19174989, -0.27729714), (-0.9414553, 0.19174989, -0.27729714), (-0.9414553, 0.19174989, -0.27729714), (-0.48633566, -0.66668653, 0.5648067), (-0.48633566, -0.66668653, 0.5648067), (-0.48633566, -0.66668653, 0.5648067), (-0.04130707, -0.6478635, 0.76063573), (-0.04130707, -0.6478635, 0.76063573), (-0.04130707, -0.6478635, 0.76063573), (0.36761048, 0.4490295, -0.8143924), (0.36761048, 0.4490295, -0.8143924), (0.36761048, 0.4490295, -0.8143924), (-0.12595734, 0.6224032, -0.77249527), (-0.12595734, 0.6224032, -0.77249527), (-0.12595734, 0.6224032, -0.77249527), (-0.06541947, -0.5863017, 0.807447), (-0.06541947, -0.5863017, 0.807447), (-0.06541947, -0.5863017, 0.807447), (0.87884575, -0.4704509, -0.07941098), (0.87884575, -0.4704509, -0.07941098), (0.87884575, -0.4704509, -0.07941098), (0.70796746, -0.3719381, 0.60036993), (0.70796746, -0.3719381, 0.60036993), (0.70796746, -0.3719381, 0.60036993), (-0.82015276, 0.23987319, 0.5194327), (-0.82015276, 0.23987319, 0.5194327), (-0.82015276, 0.23987319, 0.5194327), (-0.816163, 0.5776926, 0.012216608), (-0.816163, 0.5776926, 0.012216608), (-0.816163, 0.5776926, 0.012216608), (-0.5867423, -0.44300467, 0.6778497), (-0.5867423, -0.44300467, 0.6778497), (-0.5867423, -0.44300467, 0.6778497), (-0.1480009, -0.63708764, 0.756449), (-0.1480009, -0.63708764, 0.756449), (-0.1480009, -0.63708764, 0.756449), (0.36498597, 0.21101166, -0.9067852), (0.36498597, 0.21101166, -0.9067852), (0.36498597, 0.21101166, -0.9067852), (-0.12997082, -0.57671225, 0.80654234), (-0.12997082, -0.57671225, 0.80654234), (-0.12997082, -0.57671225, 0.80654234), (0.5385619, -0.7885702, -0.29683018), (0.5385619, -0.7885702, -0.29683018), (0.5385619, -0.7885702, -0.29683018), (0.5877653, -0.69733787, 0.4101851), (0.5877653, -0.69733787, 0.4101851), (0.5877653, -0.69733787, 0.4101851), (-0.48546568, 0.52029985, 0.7025747), (-0.48546568, 0.52029985, 0.7025747), (-0.48546568, 0.52029985, 0.7025747), (0.51439506, 0.1110317, -0.85033506), (0.51439506, 0.1110317, -0.85033506), (0.51439506, 0.1110317, -0.85033506), (-0.04322859, 0.9974177, -0.057351325), (-0.04322859, 0.9974177, -0.057351325), (-0.04322859, 0.9974177, -0.057351325), (-0.40737405, -0.4667632, 0.7849704), (-0.40737405, -0.4667632, 0.7849704), (-0.40737405, -0.4667632, 0.7849704), (-0.49678323, -0.54203266, 0.6777957), (-0.49678323, -0.54203266, 0.6777957), (-0.49678323, -0.54203266, 0.6777957), (-0.20361285, -0.39954165, 0.89381665), (-0.20361285, -0.39954165, 0.89381665), (-0.20361285, -0.39954165, 0.89381665), (-0.1596774, -0.92842525, -0.33545434), (-0.1596774, -0.92842525, -0.33545434), (-0.1596774, -0.92842525, -0.33545434), (0.10030565, -0.9854549, -0.13717623), (0.10030565, -0.9854549, -0.13717623), (0.10030565, -0.9854549, -0.13717623), (0.1584654, 0.7985244, 0.58073026), (0.1584654, 0.7985244, 0.58073026), (0.1584654, 0.7985244, 0.58073026), (0.6508084, -0.10398189, -0.75208783), (0.6508084, -0.10398189, -0.75208783), (0.6508084, -0.10398189, -0.75208783), (-0.5140406, -0.7134975, 0.47611305), (-0.5140406, -0.7134975, 0.47611305), (-0.5140406, -0.7134975, 0.47611305), (0.053965434, 0.9325024, 0.35710907), (0.053965434, 0.9325024, 0.35710907), (0.053965434, 0.9325024, 0.35710907), (-0.4554596, -0.4474261, 0.7696535), (-0.4554596, -0.4474261, 0.7696535), (-0.4554596, -0.4474261, 0.7696535), (-0.31465864, -0.5521649, 0.7720776), (-0.31465864, -0.5521649, 0.7720776), (-0.31465864, -0.5521649, 0.7720776), (-0.58626497, -0.41215336, 0.6974404), (-0.58626497, -0.41215336, 0.6974404), (-0.58626497, -0.41215336, 0.6974404), (0.16398987, 0.34717306, -0.92335165), (0.16398987, 0.34717306, -0.92335165), (0.16398987, 0.34717306, -0.92335165), (0.32132295, 0.72974735, -0.6035068), (0.32132295, 0.72974735, -0.6035068), (0.32132295, 0.72974735, -0.6035068), (-0.26461193, -0.5705159, 0.77749103), (-0.26461193, -0.5705159, 0.77749103), (-0.26461193, -0.5705159, 0.77749103), (-0.43579653, -0.72579676, -0.5322597), (-0.43579653, -0.72579676, -0.5322597), (-0.43579653, -0.72579676, -0.5322597), (-0.49240732, -0.86803365, 0.06365988), (-0.49240732, -0.86803365, 0.06365988), (-0.49240732, -0.86803365, 0.06365988), (0.60389566, 0.49276266, 0.62649435), (0.60389566, 0.49276266, 0.62649435), (0.60389566, 0.49276266, 0.62649435), (0.52100146, 0.82414764, 0.22212195), (0.52100146, 0.82414764, 0.22212195), (0.52100146, 0.82414764, 0.22212195), (-0.1333334, 0.04938396, 0.98984015), (-0.1333334, 0.04938396, 0.98984015), (-0.1333334, 0.04938396, 0.98984015), (-0.27627203, -0.401086, 0.87338644), (-0.27627203, -0.401086, 0.87338644), (-0.27627203, -0.401086, 0.87338644), (-0.06147259, 0.2426336, -0.9681684), (-0.06147259, 0.2426336, -0.9681684), (-0.06147259, 0.2426336, -0.9681684), (0.331192, 0.5287358, -0.78150517), (0.331192, 0.5287358, -0.78150517), (0.331192, 0.5287358, -0.78150517), (-0.20137823, -0.42798007, 0.88106745), (-0.20137823, -0.42798007, 0.88106745), (-0.20137823, -0.42798007, 0.88106745), (-0.837299, -0.4848589, -0.2526703), (-0.837299, -0.4848589, -0.2526703), (-0.837299, -0.4848589, -0.2526703), (-0.46671388, -0.85592425, 0.22264735), (-0.46671388, -0.85592425, 0.22264735), (-0.46671388, -0.85592425, 0.22264735), (0.75720435, 0.17200758, 0.63012296), (0.75720435, 0.17200758, 0.63012296), (0.75720435, 0.17200758, 0.63012296), (0.8899487, 0.44688633, 0.091015734), (0.8899487, 0.44688633, 0.091015734), (0.8899487, 0.44688633, 0.091015734), (-0.20341168, -0.39847818, 0.89433706), (-0.20341168, -0.39847818, 0.89433706), (-0.20341168, -0.39847818, 0.89433706), (-0.11518694, -0.45583168, 0.8825811), (-0.11518694, -0.45583168, 0.8825811), (-0.11518694, -0.45583168, 0.8825811), (-0.9681018, -0.038209397, -0.24762675), (-0.9681018, -0.038209397, -0.24762675), (-0.9681018, -0.038209397, -0.24762675), (-0.9228595, 0.3043414, -0.23602289), (-0.9228595, 0.3043414, -0.23602289), (-0.9228595, 0.3043414, -0.23602289), (-0.9660831, -0.1801456, 0.18501598), (-0.9660831, -0.1801456, 0.18501598), (-0.9660831, -0.1801456, 0.18501598), (0.9625116, -0.26836878, 0.039366253), (0.9625116, -0.26836878, 0.039366253), (0.9625116, -0.26836878, 0.039366253), (0.95869935, 0.25667715, 0.122525476), (0.95869935, 0.25667715, 0.122525476), (0.95869935, 0.25667715, 0.122525476), (0.98647445, 0.060089797, -0.15250345), (0.98647445, 0.060089797, -0.15250345), (0.98647445, 0.060089797, -0.15250345), (0.34514034, -0.14931777, 0.92659724), (0.34514034, -0.14931777, 0.92659724), (0.34514034, -0.14931777, 0.92659724), (-0.12082227, -0.28819203, 0.9499196), (-0.12082227, -0.28819203, 0.9499196), (-0.12082227, -0.28819203, 0.9499196), (-0.20852965, 0.46668315, -0.8594895), (-0.20852965, 0.46668315, -0.8594895), (-0.20852965, 0.46668315, -0.8594895), (0.28292927, 0.30008563, -0.9109883), (0.28292927, 0.30008563, -0.9109883), (0.28292927, 0.30008563, -0.9109883), (-0.0986853, -0.36282584, 0.9266168), (-0.0986853, -0.36282584, 0.9266168), (-0.0986853, -0.36282584, 0.9266168), (-0.8935853, 0.39078078, 0.22089738), (-0.8935853, 0.39078078, 0.22089738), (-0.8935853, 0.39078078, 0.22089738), (-0.8151275, -0.24433646, 0.52523047), (-0.8151275, -0.24433646, 0.52523047), (-0.8151275, -0.24433646, 0.52523047), (0.75252354, -0.6293971, 0.19382372), (0.75252354, -0.6293971, 0.19382372), (0.75252354, -0.6293971, 0.19382372), (0.8487883, -0.38824716, -0.35891855), (0.8487883, -0.38824716, -0.35891855), (0.8487883, -0.38824716, -0.35891855), (0.44538975, -0.3730707, 0.8139081), (0.44538975, -0.3730707, 0.8139081), (0.44538975, -0.3730707, 0.8139081), (-0.014398414, -0.29871637, 0.95423335), (-0.014398414, -0.29871637, 0.95423335), (-0.014398414, -0.29871637, 0.95423335), (-0.21205372, 0.67359835, -0.70802426), (-0.21205372, 0.67359835, -0.70802426), (-0.21205372, 0.67359835, -0.70802426), (-0.034264382, -0.3722873, 0.92748487), (-0.034264382, -0.3722873, 0.92748487), (-0.034264382, -0.3722873, 0.92748487), (-0.5507752, 0.71819556, 0.42525503), (-0.5507752, 0.71819556, 0.42525503), (-0.5507752, 0.71819556, 0.42525503), (-0.6951007, 0.082003385, 0.71422017), (-0.6951007, 0.082003385, 0.71422017), (-0.6951007, 0.082003385, 0.71422017), (0.41798604, -0.9084225, 0.0074928734), (0.41798604, -0.9084225, 0.0074928734), (0.41798604, -0.9084225, 0.0074928734), (-0.3757832, 0.69222814, -0.6161228), (-0.3757832, 0.69222814, -0.6161228), (-0.3757832, 0.69222814, -0.6161228), (-0.4263705, 0.8807442, -0.20615001), (-0.4263705, 0.8807442, -0.20615001), (-0.4263705, 0.8807442, -0.20615001), (-0.03042775, 0.9945844, -0.099378474), (-0.03042775, 0.9945844, -0.099378474), (-0.03042775, 0.9945844, -0.099378474), (-0.20287304, 0.9784419, 0.038652755), (-0.20287304, 0.9784419, 0.038652755), (-0.20287304, 0.9784419, 0.038652755), (0.05809486, -0.8206378, 0.56848794), (0.05809486, -0.8206378, 0.56848794), (0.05809486, -0.8206378, 0.56848794), (0.78188574, 0.43994114, 0.44170862), (0.78188574, 0.43994114, 0.44170862), (0.78188574, 0.43994114, 0.44170862), (0.2397667, 0.87283397, -0.42505625), (0.2397667, 0.87283397, -0.42505625), (0.2397667, 0.87283397, -0.42505625), (0.17767559, -0.98221314, 0.060735036), (0.17767559, -0.98221314, 0.060735036), (0.17767559, -0.98221314, 0.060735036), (-0.07060581, -0.98518246, 0.15630236), (-0.07060581, -0.98518246, 0.15630236), (-0.07060581, -0.98518246, 0.15630236), (-0.34650895, -0.84860677, 0.39974737), (-0.34650895, -0.84860677, 0.39974737), (-0.34650895, -0.84860677, 0.39974737), (0.21952671, -0.9749951, -0.034535624), (0.21952671, -0.9749951, -0.034535624), (0.21952671, -0.9749951, -0.034535624), (0.52746993, 0.6656629, -0.52789044), (0.52746993, 0.6656629, -0.52789044), (0.52746993, 0.6656629, -0.52789044), (0.39407736, 0.88871014, -0.23430194), (0.39407736, 0.88871014, -0.23430194), (0.39407736, 0.88871014, -0.23430194), (0.21328779, 0.7504722, -0.62553954), (0.21328779, 0.7504722, -0.62553954), (0.21328779, 0.7504722, -0.62553954), (-0.46995455, -0.880517, 0.06190723), (-0.46995455, -0.880517, 0.06190723), (-0.46995455, -0.880517, 0.06190723), (-0.9223024, 0.38521653, -0.031086642), (-0.9223024, 0.38521653, -0.031086642), (-0.9223024, 0.38521653, -0.031086642), (-0.23608916, -0.9495749, 0.206324), (-0.23608916, -0.9495749, 0.206324), (-0.23608916, -0.9495749, 0.206324), (0.28734902, 0.84910154, -0.4432347), (0.28734902, 0.84910154, -0.4432347), (0.28734902, 0.84910154, -0.4432347), (0.17018683, 0.98519737, -0.020552747), (0.17018683, 0.98519737, -0.020552747), (0.17018683, 0.98519737, -0.020552747), (0.39454627, 0.89420843, -0.21148157), (0.39454627, 0.89420843, -0.21148157), (0.39454627, 0.89420843, -0.21148157), (-0.25829676, -0.8184153, 0.51330215), (-0.25829676, -0.8184153, 0.51330215), (-0.25829676, -0.8184153, 0.51330215), (-0.120190546, -0.9240419, 0.36290586), (-0.120190546, -0.9240419, 0.36290586), (-0.120190546, -0.9240419, 0.36290586), (-0.071299024, -0.99694914, -0.03176359), (-0.071299024, -0.99694914, -0.03176359), (-0.071299024, -0.99694914, -0.03176359), (-0.24766135, -0.7367604, 0.6291645), (-0.24766135, -0.7367604, 0.6291645), (-0.24766135, -0.7367604, 0.6291645), (-0.62882787, -0.20903932, 0.74891794), (-0.62882787, -0.20903932, 0.74891794), (-0.62882787, -0.20903932, 0.74891794), (-0.66619533, -0.2208928, 0.71231323), (-0.66619533, -0.2208928, 0.71231323), (-0.66619533, -0.2208928, 0.71231323), (0.118421376, -0.9830714, -0.13981038), (0.118421376, -0.9830714, -0.13981038), (0.118421376, -0.9830714, -0.13981038), (0.25377494, 0.65700585, -0.70988846), (0.25377494, 0.65700585, -0.70988846), (0.25377494, 0.65700585, -0.70988846), (0.41012824, 0.68682784, -0.600052), (0.41012824, 0.68682784, -0.600052), (0.41012824, 0.68682784, -0.600052), (0.31665298, 0.67243797, -0.6689977), (0.31665298, 0.67243797, -0.6689977), (0.31665298, 0.67243797, -0.6689977), (0.2614804, 0.4639675, 0.84638184), (0.2614804, 0.4639675, 0.84638184), (0.2614804, 0.4639675, 0.84638184), (0.25215185, 0.8636962, -0.4364038), (0.25215185, 0.8636962, -0.4364038), (0.25215185, 0.8636962, -0.4364038), (0.034705367, 0.76509327, -0.6429836), (0.034705367, 0.76509327, -0.6429836), (0.034705367, 0.76509327, -0.6429836), (-0.3425107, -0.90958136, 0.23526174), (-0.3425107, -0.90958136, 0.23526174), (-0.3425107, -0.90958136, 0.23526174), (-0.5319851, -0.7631483, 0.36687383), (-0.5319851, -0.7631483, 0.36687383), (-0.5319851, -0.7631483, 0.36687383), (0.04796641, 0.89913976, -0.43502524), (0.04796641, 0.89913976, -0.43502524), (0.04796641, 0.89913976, -0.43502524), (-0.87550527, -0.06293482, -0.47909254), (-0.87550527, -0.06293482, -0.47909254), (-0.87550527, -0.06293482, -0.47909254), (-0.08947478, -0.8817777, 0.46310088), (-0.08947478, -0.8817777, 0.46310088), (-0.08947478, -0.8817777, 0.46310088), (-0.08953342, 0.9433987, -0.31934714), (-0.08953342, 0.9433987, -0.31934714), (-0.08953342, 0.9433987, -0.31934714), (0.41020316, 0.81227344, -0.4146627), (0.41020316, 0.81227344, -0.4146627), (0.41020316, 0.81227344, -0.4146627), (0.17677712, 0.9268072, -0.3313279), (0.17677712, 0.9268072, -0.3313279), (0.17677712, 0.9268072, -0.3313279), (-0.29525122, -0.6147279, 0.73139346), (-0.29525122, -0.6147279, 0.73139346), (-0.29525122, -0.6147279, 0.73139346), (-0.017672652, -0.78426605, 0.6201728), (-0.017672652, -0.78426605, 0.6201728), (-0.017672652, -0.78426605, 0.6201728), (-0.3404909, -0.8292059, 0.44326475), (-0.3404909, -0.8292059, 0.44326475), (-0.3404909, -0.8292059, 0.44326475), (0.14409979, -0.9547025, 0.26034296), (0.14409979, -0.9547025, 0.26034296), (0.14409979, -0.9547025, 0.26034296), (0.5424784, 0.527968, -0.65342706), (0.5469203, 0.5287845, -0.64904934), (0.54037845, 0.52757955, -0.65547764), (0.5424784, 0.527968, -0.65342706), (0.5489376, 0.5291478, -0.6470473), (0.5469203, 0.5287845, -0.64904934), (-0.74905473, -0.2114422, 0.62786084), (-0.74905473, -0.2114422, 0.62786084), (-0.74905473, -0.2114422, 0.62786084), (0.3716529, -0.91376334, 0.1640446), (0.3716529, -0.91376334, 0.1640446), (0.3716529, -0.91376334, 0.1640446), (-0.7751258, -0.20425422, 0.5978798), (-0.7751258, -0.20425422, 0.5978798), (-0.7751258, -0.20425422, 0.5978798), (-0.029577583, -0.88185996, -0.4705829), (-0.029577583, -0.88185996, -0.4705829), (-0.029577583, -0.88185996, -0.4705829), (0.3057006, 0.78160447, 0.54372936), (0.3057006, 0.78160447, 0.54372936), (0.3057006, 0.78160447, 0.54372936), (-0.023096062, -0.18056317, -0.98329216), (-0.023096062, -0.18056317, -0.98329216), (-0.023096062, -0.18056317, -0.98329216), (0.35530853, 0.18986002, 0.9152644), (0.35530853, 0.18986002, 0.9152644), (0.35530853, 0.18986002, 0.9152644), (0.2253721, 0.97158766, 0.0722837), (0.2253721, 0.97158766, 0.0722837), (0.2253721, 0.97158766, 0.0722837), (0.09100363, -0.97222465, 0.21563272), (0.09100363, -0.97222465, 0.21563272), (0.09100363, -0.97222465, 0.21563272), (-0.27093592, 0.96212, 0.030312583), (-0.27093592, 0.96212, 0.030312583), (-0.27093592, 0.96212, 0.030312583), (-0.008702855, 0.99991465, 0.009745617), (-0.008702855, 0.99991465, 0.009745617), (-0.008702855, 0.99991465, 0.009745617), (0.0026363735, 0.93622124, -0.3514011), (0.0026363735, 0.93622124, -0.3514011), (0.0026363735, 0.93622124, -0.3514011), (0.2438839, 0.9310866, -0.2712901), (0.2438839, 0.9310866, -0.2712901), (0.2438839, 0.9310866, -0.2712901), (0.29266912, -0.94975847, -0.110921234), (0.29266912, -0.94975847, -0.110921234), (0.29266912, -0.94975847, -0.110921234), (-0.16912465, -0.9720927, -0.16258116), (-0.16912465, -0.9720927, -0.16258116), (-0.16912465, -0.9720927, -0.16258116), (-0.22034702, 0.0858186, -0.971639), (-0.22034702, 0.0858186, -0.971639), (-0.22034702, 0.0858186, -0.971639), (0.74725735, -0.04437791, -0.66305137), (0.74725735, -0.04437791, -0.66305137), (0.74725735, -0.04437791, -0.66305137), (0.21501178, -0.95500237, 0.20430492), (0.21501178, -0.95500237, 0.20430492), (0.21501178, -0.95500237, 0.20430492), (-0.10210277, -0.9947266, -0.009690249), (-0.10210277, -0.9947266, -0.009690249), (-0.10210277, -0.9947266, -0.009690249), (-0.39615086, 0.87288654, -0.2848395), (-0.39615086, 0.87288654, -0.2848395), (-0.39615086, 0.87288654, -0.2848395), (-0.1577494, -0.9612696, 0.22599949), (-0.1577494, -0.9612696, 0.22599949), (-0.1577494, -0.9612696, 0.22599949), (0.073417425, -0.93709904, 0.34125534), (0.073417425, -0.93709904, 0.34125534), (0.073417425, -0.93709904, 0.34125534), (0.46321884, -0.8327894, 0.30313382), (0.46321884, -0.8327894, 0.30313382), (0.46321884, -0.8327894, 0.30313382), (-0.25280216, -0.9330448, 0.2559662), (-0.25280216, -0.9330448, 0.2559662), (-0.25280216, -0.9330448, 0.2559662), (-0.06917731, -0.9949108, -0.073260956), (-0.06917731, -0.9949108, -0.073260956), (-0.06917731, -0.9949108, -0.073260956), (-0.8767017, -0.067216076, -0.47631514), (-0.8767017, -0.067216076, -0.47631514), (-0.8767017, -0.067216076, -0.47631514), (0.04865485, 0.49328214, -0.8685077), (0.04864687, 0.49327523, -0.868512), (0.048677832, 0.49328882, -0.86850256), (-0.39217973, 0.8822961, 0.26028597), (-0.39217973, 0.8822961, 0.26028597), (-0.39217973, 0.8822961, 0.26028597), (0.3337772, -0.94206816, -0.033174146), (0.3337772, -0.94206816, -0.033174146), (0.3337772, -0.94206816, -0.033174146), (-0.4123875, 0.9082619, -0.0706881), (-0.4123875, 0.9082619, -0.0706881), (-0.4123875, 0.9082619, -0.0706881), (0.5115655, -0.82045674, 0.25524777), (0.5115655, -0.82045674, 0.25524777), (0.5115655, -0.82045674, 0.25524777), (0.91530114, 0.40222037, -0.02103381), (0.91530114, 0.40222037, -0.02103381), (0.91530114, 0.40222037, -0.02103381), (0.25640067, -0.9598598, 0.11370107), (0.25640067, -0.9598598, 0.11370107), (0.25640067, -0.9598598, 0.11370107), (-0.33647418, 0.93470865, 0.114476435), (-0.33647418, 0.93470865, 0.114476435), (-0.33647418, 0.93470865, 0.114476435), (-0.17595932, 0.9388498, -0.2959721), (-0.17595932, 0.9388498, -0.2959721), (-0.17595932, 0.9388498, -0.2959721), (-0.6419751, 0.7666296, 0.012130275), (-0.6419751, 0.7666296, 0.012130275), (-0.6419751, 0.7666296, 0.012130275), (-0.4144095, 0.9042084, -0.10330515), (-0.4144095, 0.9042084, -0.10330515), (-0.4144095, 0.9042084, -0.10330515), (0.30217415, -0.9283526, -0.21645357), (0.30217415, -0.9283526, -0.21645357), (0.30217415, -0.9283526, -0.21645357), (0.15301959, -0.98689806, -0.051158912), (0.15301959, -0.98689806, -0.051158912), (0.15301959, -0.98689806, -0.051158912), (0.515331, -0.8567814, 0.018964475), (0.515331, -0.8567814, 0.018964475), (0.515331, -0.8567814, 0.018964475), (0.07347559, -0.93674755, 0.34220675), (0.07347559, -0.93674755, 0.34220675), (0.07347559, -0.93674755, 0.34220675), (0.30042863, -0.8864176, -0.35214537), (0.30042863, -0.8864176, -0.35214537), (0.30042863, -0.8864176, -0.35214537), (0.6852415, -0.42141333, -0.5940159), (0.6852415, -0.42141333, -0.5940159), (0.6852415, -0.42141333, -0.5940159), (-0.5898453, 0.726196, 0.35315976), (-0.5898453, 0.726196, 0.35315976), (-0.5898453, 0.726196, 0.35315976), (-0.60104847, 0.7203094, 0.3462588), (-0.60104847, 0.7203094, 0.3462588), (-0.60104847, 0.7203094, 0.3462588), (0.7197681, -0.4196097, -0.55304754), (0.7197681, -0.4196097, -0.55304754), (0.7197681, -0.4196097, -0.55304754), (-0.12469491, -0.89588225, 0.42643437), (-0.12469491, -0.89588225, 0.42643437), (-0.12469491, -0.89588225, 0.42643437), (-0.26958746, 0.93898517, -0.21361056), (-0.26958746, 0.93898517, -0.21361056), (-0.26958746, 0.93898517, -0.21361056), (0.8790078, 0.035143238, -0.4755104), (0.8790078, 0.035143238, -0.4755104), (0.8790078, 0.035143238, -0.4755104), (-0.12659833, 0.9625831, 0.23959652), (-0.12659833, 0.9625831, 0.23959652), (-0.12659833, 0.9625831, 0.23959652), (-0.3521253, 0.9280032, 0.12172841), (-0.3521253, 0.9280032, 0.12172841), (-0.3521253, 0.9280032, 0.12172841), (-0.23680219, -0.9649881, 0.112794556), (-0.23680219, -0.9649881, 0.112794556), (-0.23680219, -0.9649881, 0.112794556), (0.2745994, 0.9242642, 0.26519957), (0.2745994, 0.9242642, 0.26519957), (0.2745994, 0.9242642, 0.26519957), (-0.058651824, 0.95175785, -0.30119267), (-0.058651824, 0.95175785, -0.30119267), (-0.058651824, 0.95175785, -0.30119267), (0.25997874, -0.9613135, -0.09103506), (0.25997874, -0.9613135, -0.09103506), (0.25997874, -0.9613135, -0.09103506), (0.041057885, -0.96939766, -0.24203797), (0.041057885, -0.96939766, -0.24203797), (0.041057885, -0.96939766, -0.24203797), (0.07382104, -0.97729695, 0.19859779), (0.07382104, -0.97729695, 0.19859779), (0.07382104, -0.97729695, 0.19859779), (-0.3390394, -0.8915274, -0.30038506), (-0.3390394, -0.8915274, -0.30038506), (-0.3390394, -0.8915274, -0.30038506), (0.35778105, -0.9278474, -0.105318375), (0.35778105, -0.9278474, -0.105318375), (0.35778105, -0.9278474, -0.105318375), (-0.93333566, -0.031047754, -0.35765988), (-0.93333566, -0.031047754, -0.35765988), (-0.93333566, -0.031047754, -0.35765988), (0.2356306, -0.78053623, -0.57900035), (0.2356306, -0.78053623, -0.57900035), (0.2356306, -0.78053623, -0.57900035), (-0.44512904, 0.47935, -0.7563622), (-0.44512904, 0.47935, -0.7563622), (-0.44512904, 0.47935, -0.7563622), (0.38032165, -0.47785014, 0.79184264), (0.38032165, -0.47785014, 0.79184264), (0.38032165, -0.47785014, 0.79184264), (0.4750787, -0.50849944, 0.7181425), (0.4750787, -0.50849944, 0.7181425), (0.4750787, -0.50849944, 0.7181425), (-0.48410028, 0.48194346, -0.73032683), (-0.48410028, 0.48194346, -0.73032683), (-0.48410028, 0.48194346, -0.73032683), (0.35884187, -0.045316145, 0.9322977), (0.35884187, -0.045316145, 0.9322977), (0.35884187, -0.045316145, 0.9322977), (0.48517773, -0.49308363, 0.72212964), (0.48517773, -0.49308363, 0.72212964), (0.48517773, -0.49308363, 0.72212964), (-0.12691274, 0.98917645, 0.07364175), (-0.12691274, 0.98917645, 0.07364175), (-0.12691274, 0.98917645, 0.07364175), (-0.08421527, 0.83693534, 0.5407837), (-0.08421527, 0.83693534, 0.5407837), (-0.08421527, 0.83693534, 0.5407837), (-0.23359635, -0.8963476, -0.37682056), (-0.23359635, -0.8963476, -0.37682056), (-0.23359635, -0.8963476, -0.37682056), (-0.29015607, -0.62831557, -0.72182345), (-0.29015607, -0.62831557, -0.72182345), (-0.29015607, -0.62831557, -0.72182345), (0.53277177, 0.76380575, 0.36435553), (0.53277177, 0.76380575, 0.36435553), (0.53277177, 0.76380575, 0.36435553), (-0.28662017, 0.47148436, -0.8339972), (-0.28662017, 0.47148436, -0.8339972), (-0.28662017, 0.47148436, -0.8339972), (0.18300803, -0.6589333, 0.7295992), (0.18300803, -0.6589333, 0.7295992), (0.18300803, -0.6589333, 0.7295992), (0.23315196, -0.4592774, 0.857149), (0.23315196, -0.4592774, 0.857149), (0.23315196, -0.4592774, 0.857149), (-0.22893229, 0.13377692, -0.9642063), (-0.22893229, 0.13377692, -0.9642063), (-0.22893229, 0.13377692, -0.9642063), (0.17348891, -0.35486794, 0.91867864), (0.17348891, -0.35486794, 0.91867864), (0.17348891, -0.35486794, 0.91867864), (0.21956241, -0.16567378, 0.9614284), (0.21956241, -0.16567378, 0.9614284), (0.21956241, -0.16567378, 0.9614284), (-0.7059361, 0.37707558, -0.59955674), (-0.7059361, 0.37707558, -0.59955674), (-0.7059361, 0.37707558, -0.59955674), (0.7022211, -0.6197157, -0.3504828), (0.7022211, -0.6197157, -0.3504828), (0.7022211, -0.6197157, -0.3504828), (0.7478102, -0.43214408, -0.50401515), (0.7478102, -0.43214408, -0.50401515), (0.7478102, -0.43214408, -0.50401515), (0.82231444, 0.14080809, 0.5513366), (0.82231444, 0.14080809, 0.5513366), (0.82231444, 0.14080809, 0.5513366), (0.2828779, 0.124234624, -0.9510762), (0.2828779, 0.124234624, -0.9510762), (0.2828779, 0.124234624, -0.9510762), (-0.23971331, -0.2441206, 0.9396503), (-0.23971331, -0.2441206, 0.9396503), (-0.23971331, -0.2441206, 0.9396503), (-0.3056912, -0.09336395, 0.9475421), (-0.3056912, -0.09336395, 0.9475421), (-0.3056912, -0.09336395, 0.9475421), (0.27231747, 0.22533937, -0.9354493), (0.27231747, 0.22533937, -0.9354493), (0.27231747, 0.22533937, -0.9354493), (0.32497868, -0.007577297, -0.945691), (0.32497868, -0.007577297, -0.945691), (0.32497868, -0.007577297, -0.945691), (0.23552069, -0.0047279, -0.9718578), (0.23552069, -0.0047279, -0.9718578), (0.23552069, -0.0047279, -0.9718578), (-0.3320545, -0.17327113, 0.9272092), (-0.3320545, -0.17327113, 0.9272092), (-0.3320545, -0.17327113, 0.9272092), (-0.90860367, -0.27694643, -0.31263396), (-0.90860367, -0.27694643, -0.31263396), (-0.90860367, -0.27694643, -0.31263396), (-0.7351273, -0.49169427, -0.46671677), (-0.7351273, -0.49169427, -0.46671677), (-0.7351273, -0.49169427, -0.46671677), (0.9740907, 0.21267128, -0.076929286), (0.9740907, 0.21267128, -0.076929286), (0.9740907, 0.21267128, -0.076929286), (-0.04293537, 0.6002572, 0.7986537), (-0.04293537, 0.6002572, 0.7986537), (-0.04293537, 0.6002572, 0.7986537), (0.8619005, 0.43361956, 0.2628719), (0.8619005, 0.43361956, 0.2628719), (0.8619005, 0.43361956, 0.2628719), (-0.2930013, 0.8765255, 0.3819073), (-0.2930013, 0.8765255, 0.3819073), (-0.2930013, 0.8765255, 0.3819073), (-0.33567718, -0.3797072, 0.86205757), (-0.33567718, -0.3797072, 0.86205757), (-0.33567718, -0.3797072, 0.86205757), (-0.43069658, 0.89333653, 0.12825848), (-0.43069658, 0.89333653, 0.12825848), (-0.43069658, 0.89333653, 0.12825848), (-0.37996072, -0.5133538, 0.7694788), (-0.37996072, -0.5133538, 0.7694788), (-0.37996072, -0.5133538, 0.7694788), (0.7273711, 0.33450907, -0.5991953), (0.7273711, 0.33450907, -0.5991953), (0.7273711, 0.33450907, -0.5991953), (-0.031171812, -0.5876858, -0.80848855), (-0.031171812, -0.5876858, -0.80848855), (-0.031171812, -0.5876858, -0.80848855), (0.4389015, -0.56916445, -0.6952821), (0.4389015, -0.56916445, -0.6952821), (0.4389015, -0.56916445, -0.6952821), (0.11732325, 0.84947956, 0.51441205), (0.11732325, 0.84947956, 0.51441205), (0.11732325, 0.84947956, 0.51441205), (0.8319083, 0.41058496, -0.37329438), (0.8319083, 0.41058496, -0.37329438), (0.8319083, 0.41058496, -0.37329438), (-0.18745522, -0.7862852, -0.5887411), (-0.18745522, -0.7862852, -0.5887411), (-0.18745522, -0.7862852, -0.5887411), (0.30825022, 0.6258786, -0.71642023), (0.30825022, 0.6258786, -0.71642023), (0.30825022, 0.6258786, -0.71642023), (-0.99196625, 0.063053675, -0.10966922), (-0.99196625, 0.063053675, -0.10966922), (-0.99196625, 0.063053675, -0.10966922), (0.14995004, 0.86728126, -0.47469807), (0.14995004, 0.86728126, -0.47469807), (0.14995004, 0.86728126, -0.47469807), (0.20304361, -0.81741995, 0.5390714), (0.20304361, -0.81741995, 0.5390714), (0.20304361, -0.81741995, 0.5390714), (-0.24714503, -0.84959507, 0.46594805), (-0.24714503, -0.84959507, 0.46594805), (-0.24714503, -0.84959507, 0.46594805), (0.10071876, 0.8802755, -0.46364945), (0.10071876, 0.8802755, -0.46364945), (0.10071876, 0.8802755, -0.46364945), (0.0043347, 0.7998637, -0.600166), (0.0043347, 0.7998637, -0.600166), (0.0043347, 0.7998637, -0.600166), (0.28910598, 0.83936316, -0.46031204), (0.28910598, 0.83936316, -0.46031204), (0.28910598, 0.83936316, -0.46031204), (-0.035626084, -0.8134056, 0.580605), (-0.035626084, -0.8134056, 0.580605), (-0.035626084, -0.8134056, 0.580605), (-0.10893167, -0.8831211, 0.45632333), (-0.10893167, -0.8831211, 0.45632333), (-0.10893167, -0.8831211, 0.45632333), (0.9300016, -0.29176378, -0.22354168), (0.9300016, -0.29176378, -0.22354168), (0.9300016, -0.29176378, -0.22354168), (0.9874414, -0.13671473, -0.07917448), (0.9874414, -0.13671473, -0.07917448), (0.9874414, -0.13671473, -0.07917448), (-0.45641792, -0.6492008, 0.60845786), (-0.45641792, -0.6492008, 0.60845786), (-0.45641792, -0.6492008, 0.60845786), (-0.56396604, 0.82203835, -0.07871004), (-0.56396604, 0.82203835, -0.07871004), (-0.56396604, 0.82203835, -0.07871004), (0.6195091, -0.59673804, -0.510012), (0.6195091, -0.59673804, -0.510012), (0.6195091, -0.59673804, -0.510012), (0.011626412, 0.7911619, -0.61149627), (0.011626412, 0.7911619, -0.61149627), (0.011626412, 0.7911619, -0.61149627), (-0.6014629, -0.6165285, -0.5080698), (-0.6014629, -0.6165285, -0.5080698), (-0.6014629, -0.6165285, -0.5080698), (-0.37609366, 0.8119916, -0.44634423), (-0.37609366, 0.8119916, -0.44634423), (-0.37609366, 0.8119916, -0.44634423), (-0.11181333, 0.78211635, 0.61301845), (-0.11181333, 0.78211635, 0.61301845), (-0.11181333, 0.78211635, 0.61301845), (-0.37626612, -0.8231841, -0.42519605), (-0.37626612, -0.8231841, -0.42519605), (-0.37626612, -0.8231841, -0.42519605), (-0.17239712, 0.8143767, -0.55413884), (-0.17239712, 0.8143767, -0.55413884), (-0.17239712, 0.8143767, -0.55413884), (-0.023128035, -0.9294145, 0.36831224), (-0.023128035, -0.9294145, 0.36831224), (-0.023128035, -0.9294145, 0.36831224), (0.6046213, 0.7915145, 0.08909392), (0.6046213, 0.7915145, 0.08909392), (0.6046213, 0.7915145, 0.08909392), (-0.91710407, -0.24738142, -0.31260595), (-0.91710407, -0.24738142, -0.31260595), (-0.91710407, -0.24738142, -0.31260595), (0.8888412, 0.45717257, -0.030896133), (0.8888412, 0.45717257, -0.030896133), (0.8888412, 0.45717257, -0.030896133), (-0.37353027, 0.8359273, -0.40212044), (-0.37353027, 0.8359273, -0.40212044), (-0.37353027, 0.8359273, -0.40212044), (0.4336031, -0.4791383, -0.763161), (0.4336031, -0.4791383, -0.763161), (0.4336031, -0.4791383, -0.763161), (-0.3829541, 0.7599688, 0.5251606), (-0.3829541, 0.7599688, 0.5251606), (-0.3829541, 0.7599688, 0.5251606), (-0.3918109, 0.36111835, -0.8462138), (-0.3918109, 0.36111835, -0.8462138), (-0.3918109, 0.36111835, -0.8462138), (0.30279636, -0.41715232, 0.8569121), (0.30279636, -0.41715232, 0.8569121), (0.30279636, -0.41715232, 0.8569121), (-0.287835, 0.41364634, -0.8637405), (-0.287835, 0.41364634, -0.8637405), (-0.287835, 0.41364634, -0.8637405), (0.41676942, -0.23961996, 0.87686116), (0.41676942, -0.23961996, 0.87686116), (0.41676942, -0.23961996, 0.87686116), (-0.26408207, 0.93717694, 0.22794771), (-0.26408207, 0.93717694, 0.22794771), (-0.26408207, 0.93717694, 0.22794771), (-0.2853225, 0.72057384, 0.6319529), (-0.2853225, 0.72057384, 0.6319529), (-0.2853225, 0.72057384, 0.6319529), (0.16889076, -0.88285655, -0.43822405), (0.16889076, -0.88285655, -0.43822405), (0.16889076, -0.88285655, -0.43822405), (-0.4924555, 0.3878016, -0.77916455), (-0.4924555, 0.3878016, -0.77916455), (-0.4924555, 0.3878016, -0.77916455), (-0.111633, 0.9929997, 0.03859585), (-0.111633, 0.9929997, 0.03859585), (-0.111633, 0.9929997, 0.03859585), (0.94038665, -0.2902913, 0.17721134), (0.94038665, -0.2902913, 0.17721134), (0.94038665, -0.2902913, 0.17721134), (0.5381572, -0.45561415, 0.70908564), (0.5381572, -0.45561415, 0.70908564), (0.5381572, -0.45561415, 0.70908564), (0.241987, -0.6248311, -0.7423129), (0.241987, -0.6248311, -0.7423129), (0.241987, -0.6248311, -0.7423129), (-0.17945415, 0.86487126, 0.46882182), (-0.17945415, 0.86487126, 0.46882182), (-0.17945415, 0.86487126, 0.46882182), (-0.05475037, 0.08557328, -0.9948264), (-0.05475037, 0.08557328, -0.9948264), (-0.05475037, 0.08557328, -0.9948264), (0.027257334, -0.20456523, 0.9784734), (0.027257334, -0.20456523, 0.9784734), (0.027257334, -0.20456523, 0.9784734), (0.095202364, 0.052859016, 0.99405354), (0.095202364, 0.052859016, 0.99405354), (0.095202364, 0.052859016, 0.99405354), (0.16611283, 0.009940977, 0.9860567), (0.16611283, 0.009940977, 0.9860567), (0.16611283, 0.009940977, 0.9860567), (-0.111240506, -0.062291108, -0.99183935), (-0.111240506, -0.062291108, -0.99183935), (-0.111240506, -0.062291108, -0.99183935), (-0.14200012, 0.031037865, -0.98937994), (-0.14200012, 0.031037865, -0.98937994), (-0.14200012, 0.031037865, -0.98937994), (-0.6127725, 0.16273107, 0.773323), (-0.6127725, 0.16273107, 0.773323), (-0.6127725, 0.16273107, 0.773323), (-0.93955845, 0.32562277, 0.10582833), (-0.93955845, 0.32562277, 0.10582833), (-0.93955845, 0.32562277, 0.10582833), (-0.9928762, 0.09674939, -0.06954401), (-0.9928762, 0.09674939, -0.06954401), (-0.9928762, 0.09674939, -0.06954401), (0.9564343, -0.26586133, -0.12062789), (0.9564343, -0.26586133, -0.12062789), (0.9564343, -0.26586133, -0.12062789), (0.040148664, 0.1707463, -0.9844967), (0.040148664, 0.1707463, -0.9844967), (0.040148664, 0.1707463, -0.9844967), (-0.7119196, 0.6828034, 0.16416429), (-0.7119196, 0.6828034, 0.16416429), (-0.7119196, 0.6828034, 0.16416429), (-0.83905107, 0.50655055, 0.1984936), (-0.83905107, 0.50655055, 0.1984936), (-0.83905107, 0.50655055, 0.1984936), (0.53625697, 0.84405476, 0.00013991799), (0.53625697, 0.84405476, 0.00013991799), (0.53625697, 0.84405476, 0.00013991799), (-0.17442761, -0.2777955, 0.9446718), (-0.17442761, -0.2777955, 0.9446718), (-0.17442761, -0.2777955, 0.9446718), (-0.41643324, -0.1240649, 0.9006616), (-0.41643324, -0.1240649, 0.9006616), (-0.41643324, -0.1240649, 0.9006616), (-0.4870108, -0.083954014, 0.8693517), (-0.4870108, -0.083954014, 0.8693517), (-0.4870108, -0.083954014, 0.8693517), (0.36597553, 0.29653314, -0.8821168), (0.36597553, 0.29653314, -0.8821168), (0.36597553, 0.29653314, -0.8821168), (0.51284015, 0.10102486, -0.85251915), (0.51284015, 0.10102486, -0.85251915), (0.51284015, 0.10102486, -0.85251915), (0.34855193, 0.053508125, -0.9357608), (0.34855193, 0.053508125, -0.9357608), (0.34855193, 0.053508125, -0.9357608), (-0.20055948, -0.35763028, 0.9120727), (-0.20055948, -0.35763028, 0.9120727), (-0.20055948, -0.35763028, 0.9120727), (-0.7147143, -0.5179297, -0.47003436), (-0.7147143, -0.5179297, -0.47003436), (-0.7147143, -0.5179297, -0.47003436), (-0.43149844, -0.6770752, -0.59613603), (-0.43149844, -0.6770752, -0.59613603), (-0.43149844, -0.6770752, -0.59613603), (-0.21196313, -0.3774677, 0.9014376), (-0.21196313, -0.3774677, 0.9014376), (-0.21196313, -0.3774677, 0.9014376), (-0.35412955, 0.5567392, 0.75142115), (-0.35412955, 0.5567392, 0.75142115), (-0.35412955, 0.5567392, 0.75142115), (0.6109299, 0.63131785, 0.4777053), (0.6109299, 0.63131785, 0.4777053), (0.6109299, 0.63131785, 0.4777053), (-0.3249906, -0.47769257, 0.8162052), (-0.3249906, -0.47769257, 0.8162052), (-0.3249906, -0.47769257, 0.8162052), (-0.25208798, -0.91811454, 0.30580598), (-0.25208798, -0.91811454, 0.30580598), (-0.25208798, -0.91811454, 0.30580598), (-0.5004607, -0.6003726, 0.6237723), (-0.5004607, -0.6003726, 0.6237723), (-0.5004607, -0.6003726, 0.6237723), (0.50173676, 0.62932044, -0.59347796), (0.50173676, 0.62932044, -0.59347796), (0.50173676, 0.62932044, -0.59347796), (0.3371092, 0.6220708, -0.7066721), (0.3371092, 0.6220708, -0.7066721), (0.3371092, 0.6220708, -0.7066721), (0.5016684, 0.6096088, -0.61376375), (0.5016684, 0.6096088, -0.61376375), (0.5016684, 0.6096088, -0.61376375), (0.35290882, -0.6673602, -0.6558092), (0.35290882, -0.6673602, -0.6558092), (0.35290882, -0.6673602, -0.6558092), (0.61875695, -0.5782072, -0.5318048), (0.61875695, -0.5782072, -0.5318048), (0.61875695, -0.5782072, -0.5318048), (-0.15249121, 0.87866914, 0.45242345), (-0.15249121, 0.87866914, 0.45242345), (-0.15249121, 0.87866914, 0.45242345), (0.30745763, 0.11430109, -0.944672), (0.30745763, 0.11430109, -0.944672), (0.30745763, 0.11430109, -0.944672), (-0.18268614, -0.7384653, -0.6490722), (-0.18268614, -0.7384653, -0.6490722), (-0.18268614, -0.7384653, -0.6490722), (-0.2895875, 0.9457379, 0.14737338), (-0.2895875, 0.9457379, 0.14737338), (-0.2895875, 0.9457379, 0.14737338), (-0.021010289, 0.8693422, -0.4937637), (-0.021010289, 0.8693422, -0.4937637), (-0.021010289, 0.8693422, -0.4937637), (-0.19272816, -0.70629436, 0.68117845), (-0.19272816, -0.70629436, 0.68117845), (-0.19272816, -0.70629436, 0.68117845), (-0.20952559, -0.90603083, 0.36770523), (-0.20952559, -0.90603083, 0.36770523), (-0.20952559, -0.90603083, 0.36770523), (-0.11851056, 0.8984772, -0.42272204), (-0.11851056, 0.8984772, -0.42272204), (-0.11851056, 0.8984772, -0.42272204), (0.033615228, 0.7516825, -0.65866786), (0.033615228, 0.7516825, -0.65866786), (0.033615228, 0.7516825, -0.65866786), (0.12985393, 0.87462646, -0.46708298), (0.12985393, 0.87462646, -0.46708298), (0.12985393, 0.87462646, -0.46708298), (0.0069256416, -0.8910304, 0.4538907), (0.0069256416, -0.8910304, 0.4538907), (0.0069256416, -0.8910304, 0.4538907), (0.9996357, -0.020354975, -0.01772542), (0.9996357, -0.020354975, -0.01772542), (0.9996357, -0.020354975, -0.01772542), (0.98234934, 0.15122943, 0.11008869), (0.98234934, 0.15122943, 0.11008869), (0.98234934, 0.15122943, 0.11008869), (-0.95456487, 0.2963522, 0.03132514), (-0.95456487, 0.2963522, 0.03132514), (-0.95456487, 0.2963522, 0.03132514), (0.8629248, -0.3606976, -0.35391805), (0.8629248, -0.3606976, -0.35391805), (0.8629248, -0.3606976, -0.35391805), (-0.46493036, 0.78233737, 0.41447315), (-0.46493036, 0.78233737, 0.41447315), (-0.46493036, 0.78233737, 0.41447315), (-0.19332251, -0.35039026, -0.9164349), (-0.19332251, -0.35039026, -0.9164349), (-0.19332251, -0.35039026, -0.9164349), (0.3947249, -0.6737367, 0.6247168), (0.3947249, -0.6737367, 0.6247168), (0.3947249, -0.6737367, 0.6247168), (-0.40270358, 0.6511544, -0.64329445), (-0.40270358, 0.6511544, -0.64329445), (-0.40270358, 0.6511544, -0.64329445), (0.17235038, -0.70545924, 0.6874756), (0.17235038, -0.70545924, 0.6874756), (0.17235038, -0.70545924, 0.6874756), (0.31703547, 0.83231837, 0.45468077), (0.31703547, 0.83231837, 0.45468077), (0.31703547, 0.83231837, 0.45468077), (-0.6804293, -0.5663239, -0.46507338), (-0.6804293, -0.5663239, -0.46507338), (-0.6804293, -0.5663239, -0.46507338), (-0.5476446, -0.43882895, -0.7124005), (-0.5476446, -0.43882895, -0.7124005), (-0.5476446, -0.43882895, -0.7124005), (-0.36073065, -0.6217993, -0.69515395), (-0.36073065, -0.6217993, -0.69515395), (-0.36073065, -0.6217993, -0.69515395), (0.5162753, -0.82261306, -0.2382594), (0.5162753, -0.82261306, -0.2382594), (0.5162753, -0.82261306, -0.2382594), (-0.26861036, 0.6358243, -0.72358555), (-0.26861036, 0.6358243, -0.72358555), (-0.26861036, 0.6358243, -0.72358555), (-0.33814517, 0.24720734, -0.9080453), (-0.33814517, 0.24720734, -0.9080453), (-0.33814517, 0.24720734, -0.9080453), (0.2505026, -0.33457822, 0.9084635), (0.2505026, -0.33457822, 0.9084635), (0.2505026, -0.33457822, 0.9084635), (0.47129032, -0.23404339, 0.85035825), (0.47129032, -0.23404339, 0.85035825), (0.47129032, -0.23404339, 0.85035825), (-0.42940584, 0.25996703, -0.864886), (-0.42940584, 0.25996703, -0.864886), (-0.42940584, 0.25996703, -0.864886), (-0.45884413, 0.72747374, 0.51014113), (-0.45884413, 0.72747374, 0.51014113), (-0.45884413, 0.72747374, 0.51014113), (-0.68252087, 0.64016247, 0.35264334), (-0.68252087, 0.64016247, 0.35264334), (-0.68252087, 0.64016247, 0.35264334), (0.54416275, -0.70074636, -0.46134737), (0.54416275, -0.70074636, -0.46134737), (0.54416275, -0.70074636, -0.46134737), (0.9180071, -0.15820846, 0.36363882), (0.9180071, -0.15820846, 0.36363882), (0.9180071, -0.15820846, 0.36363882), (-0.8990962, -0.23477148, 0.36947033), (-0.8990962, -0.23477148, 0.36947033), (-0.8990962, -0.23477148, 0.36947033), (0.5862287, -0.7851801, -0.19956997), (0.5862287, -0.7851801, -0.19956997), (0.5862287, -0.7851801, -0.19956997), (0.10694403, 0.086445384, -0.9904999), (0.10694403, 0.086445384, -0.9904999), (0.10694403, 0.086445384, -0.9904999), (0.009423617, -0.03139977, 0.99946254), (0.009423617, -0.03139977, 0.99946254), (0.009423617, -0.03139977, 0.99946254), (0.10906603, 0.047117922, -0.9929172), (0.10906603, 0.047117922, -0.9929172), (0.10906603, 0.047117922, -0.9929172), (0.05687474, 0.0943526, -0.9939129), (0.05687474, 0.0943526, -0.9939129), (0.05687474, 0.0943526, -0.9939129), (-0.66789496, -0.006515662, -0.74422705), (-0.66789496, -0.006515662, -0.74422705), (-0.66789496, -0.006515662, -0.74422705), (0.15074417, 0.93222386, 0.32899055), (0.15074417, 0.93222386, 0.32899055), (0.15074417, 0.93222386, 0.32899055), (0.9731539, 0.21866317, -0.07181761), (0.9731539, 0.21866317, -0.07181761), (0.9731539, 0.21866317, -0.07181761), (0.4929563, 0.32272777, -0.80798566), (0.4929563, 0.32272777, -0.80798566), (0.4929563, 0.32272777, -0.80798566), (-0.35506475, -0.5156589, 0.77975947), (-0.35506475, -0.5156589, 0.77975947), (-0.35506475, -0.5156589, 0.77975947), (-0.8097806, -0.06532974, 0.5830844), (-0.8097806, -0.06532974, 0.5830844), (-0.8097806, -0.06532974, 0.5830844), (-0.5194494, -0.2813313, 0.80686116), (-0.5194494, -0.2813313, 0.80686116), (-0.5194494, -0.2813313, 0.80686116), (-0.8008543, -0.13422732, 0.58362263), (-0.8008543, -0.13422732, 0.58362263), (-0.8008543, -0.13422732, 0.58362263), (-0.40585762, -0.5674074, -0.7164694), (-0.40585762, -0.5674074, -0.7164694), (-0.40585762, -0.5674074, -0.7164694), (-0.14274098, -0.74665475, -0.64971656), (-0.14274098, -0.74665475, -0.64971656), (-0.14274098, -0.74665475, -0.64971656), (0.64494216, 0.719639, 0.25723374), (0.64494216, 0.719639, 0.25723374), (0.64494216, 0.719639, 0.25723374), (0.3069284, 0.80543345, 0.50702256), (0.3069284, 0.80543345, 0.50702256), (0.3069284, 0.80543345, 0.50702256), (-0.7090033, -0.30124852, -0.6376234), (-0.7090033, -0.30124852, -0.6376234), (-0.7090033, -0.30124852, -0.6376234), (-0.55598587, -0.3528697, 0.7525707), (-0.55598587, -0.3528697, 0.7525707), (-0.55598587, -0.3528697, 0.7525707), (0.44455317, 0.31640086, -0.8380113), (0.44455317, 0.31640086, -0.8380113), (0.44455317, 0.31640086, -0.8380113), (-0.9136728, 0.35659078, 0.1950512), (-0.9136728, 0.35659078, 0.1950512), (-0.9136728, 0.35659078, 0.1950512), (0.34252295, 0.78293794, -0.5193132), (0.34252295, 0.78293794, -0.5193132), (0.34252295, 0.78293794, -0.5193132), (-0.9298304, 0.3379782, 0.14555472), (-0.9298304, 0.3379782, 0.14555472), (-0.9298304, 0.3379782, 0.14555472), (0.2811335, 0.83134395, -0.4794071), (0.2811335, 0.83134395, -0.4794071), (0.2811335, 0.83134395, -0.4794071), (0.45270902, 0.72164375, -0.5237221), (0.45270902, 0.72164375, -0.5237221), (0.45270902, 0.72164375, -0.5237221), (-0.15266833, -0.9230312, 0.3531371), (-0.15266833, -0.9230312, 0.3531371), (-0.15266833, -0.9230312, 0.3531371), (-0.30700126, -0.84279233, 0.44209874), (-0.30700126, -0.84279233, 0.44209874), (-0.30700126, -0.84279233, 0.44209874), (0.8049582, -0.4935359, -0.32933974), (0.8049582, -0.4935359, -0.32933974), (0.8049582, -0.4935359, -0.32933974), (-0.52932715, 0.67910314, 0.50855845), (-0.52932715, 0.67910314, 0.50855845), (-0.52932715, 0.67910314, 0.50855845), (-0.5255916, 0.7710293, 0.3595377), (-0.5255916, 0.7710293, 0.3595377), (-0.5255916, 0.7710293, 0.3595377), (0.3631334, -0.42784998, -0.8276948), (0.3631334, -0.42784998, -0.8276948), (0.3631334, -0.42784998, -0.8276948), (0.2582917, 0.8076961, -0.5300117), (0.2582917, 0.8076961, -0.5300117), (0.2582917, 0.8076961, -0.5300117), (0.072391994, -0.83405006, 0.5469186), (0.072391994, -0.83405006, 0.5469186), (0.072391994, -0.83405006, 0.5469186), (0.16905802, 0.9260827, -0.33732823), (0.16905802, 0.9260827, -0.33732823), (0.16905802, 0.9260827, -0.33732823), (-0.46514696, 0.38320687, -0.7979918), (-0.46514696, 0.38320687, -0.7979918), (-0.46514696, 0.38320687, -0.7979918), (-0.22883363, -0.9205953, 0.3164483), (-0.22883363, -0.9205953, 0.3164483), (-0.22883363, -0.9205953, 0.3164483), (0.3149456, 0.9235279, -0.21887302), (0.3149456, 0.9235279, -0.21887302), (0.3149456, 0.9235279, -0.21887302), (-0.07406907, -0.93141246, 0.35634908), (-0.07406907, -0.93141246, 0.35634908), (-0.07406907, -0.93141246, 0.35634908), (-0.1669664, -0.86209, 0.47845903), (-0.1669664, -0.86209, 0.47845903), (-0.1669664, -0.86209, 0.47845903), (0.9091121, 0.000030210087, 0.41655177), (0.9091121, 0.000030210087, 0.41655177), (0.9091121, 0.000030210087, 0.41655177), (0.8026329, -0.0719986, 0.592112), (0.8026329, -0.0719986, 0.592112), (0.8026329, -0.0719986, 0.592112), (-0.85256374, 0.39373174, -0.3436719), (-0.85256374, 0.39373174, -0.3436719), (-0.85256374, 0.39373174, -0.3436719), (-0.85824203, 0.028970687, -0.5124268), (-0.85824203, 0.028970687, -0.5124268), (-0.85824203, 0.028970687, -0.5124268), (0.18543568, -0.6733808, 0.7156619), (0.18543568, -0.6733808, 0.7156619), (0.18543568, -0.6733808, 0.7156619), (0.43962133, -0.56636804, 0.6971086), (0.43962133, -0.56636804, 0.6971086), (0.43962133, -0.56636804, 0.6971086), (-0.4433391, 0.5374585, -0.71734846), (-0.4433391, 0.5374585, -0.71734846), (-0.4433391, 0.5374585, -0.71734846), (0.2072529, -0.6467645, 0.7339904), (0.2072529, -0.6467645, 0.7339904), (0.2072529, -0.6467645, 0.7339904), (0.260682, 0.82965094, 0.49368426), (0.260682, 0.82965094, 0.49368426), (0.260682, 0.82965094, 0.49368426), (0.053247757, 0.8669524, 0.49553838), (0.053247757, 0.8669524, 0.49553838), (0.053247757, 0.8669524, 0.49553838), (-0.46827772, -0.7047374, -0.53297377), (-0.46827772, -0.7047374, -0.53297377), (-0.46827772, -0.7047374, -0.53297377), (-0.35673982, -0.49287704, -0.79360497), (-0.35673982, -0.49287704, -0.79360497), (-0.35673982, -0.49287704, -0.79360497), (0.6739503, -0.7386425, -0.014077339), (0.6739503, -0.7386425, -0.014077339), (0.6739503, -0.7386425, -0.014077339), (0.8801172, 0.27153492, 0.3894387), (0.8801172, 0.27153492, 0.3894387), (0.8801172, 0.27153492, 0.3894387), (0.7835007, -0.00013883226, -0.6213909), (0.7835007, -0.00013883226, -0.6213909), (0.7835007, -0.00013883226, -0.6213909), (-0.040329516, -0.047001086, -0.9980804), (-0.040329516, -0.047001086, -0.9980804), (-0.040329516, -0.047001086, -0.9980804), (-0.713341, 0.23618594, 0.65981865), (-0.713341, 0.23618594, 0.65981865), (-0.713341, 0.23618594, 0.65981865), (0.09974467, -0.6620314, 0.7428092), (0.09974467, -0.6620314, 0.7428092), (0.09974467, -0.6620314, 0.7428092), (-0.16222237, 0.80527055, -0.5702835), (-0.16222237, 0.80527055, -0.5702835), (-0.16222237, 0.80527055, -0.5702835), (0.015278894, 0.4245236, -0.9052879), (0.015278894, 0.4245236, -0.9052879), (0.015278894, 0.4245236, -0.9052879), (-0.2188195, 0.28363174, -0.93363327), (-0.2188195, 0.28363174, -0.93363327), (-0.2188195, 0.28363174, -0.93363327), (0.15148509, -0.63425714, 0.7581361), (0.15148509, -0.63425714, 0.7581361), (0.15148509, -0.63425714, 0.7581361), (0.40829685, -0.5147885, 0.7538478), (0.40829685, -0.5147885, 0.7538478), (0.40829685, -0.5147885, 0.7538478), (0.1345207, 0.8659325, 0.4817313), (0.1345207, 0.8659325, 0.4817313), (0.1345207, 0.8659325, 0.4817313), (0.009018183, -0.29029378, -0.95689505), (0.009018183, -0.29029378, -0.95689505), (0.009018183, -0.29029378, -0.95689505), (0.66748685, -0.55780596, -0.49326858), (0.66748685, -0.55780596, -0.49326858), (0.66748685, -0.55780596, -0.49326858), (0.10560717, -0.48609075, 0.8675039), (0.10560717, -0.48609075, 0.8675039), (0.10560717, -0.48609075, 0.8675039), (0.23229265, -0.5150851, 0.82506216), (0.23229265, -0.5150851, 0.82506216), (0.23229265, -0.5150851, 0.82506216), (-0.17103834, 0.65209657, -0.7385905), (-0.17103834, 0.65209657, -0.7385905), (-0.17103834, 0.65209657, -0.7385905), (-0.45706034, 0.5544144, -0.6955003), (-0.45706034, 0.5544144, -0.6955003), (-0.45706034, 0.5544144, -0.6955003), (-0.26834682, 0.47565755, -0.8376992), (-0.26834682, 0.47565755, -0.8376992), (-0.26834682, 0.47565755, -0.8376992), (0.4879528, -0.17655654, 0.85482746), (0.4879528, -0.17655654, 0.85482746), (0.4879528, -0.17655654, 0.85482746), (0.16421586, -0.6012677, 0.78199124), (0.16421586, -0.6012677, 0.78199124), (0.16421586, -0.6012677, 0.78199124), (0.62929654, 0.648402, 0.4284399), (0.62929654, 0.648402, 0.4284399), (0.62929654, 0.648402, 0.4284399), (-0.2836813, -0.5880822, -0.75741947), (-0.2836813, -0.5880822, -0.75741947), (-0.2836813, -0.5880822, -0.75741947), (0.18023938, -0.6361627, -0.75020725), (0.18023938, -0.6361627, -0.75020725), (0.18023938, -0.6361627, -0.75020725), (-0.5409002, 0.40442145, -0.7374757), (-0.5409002, 0.40442145, -0.7374757), (-0.5409002, 0.40442145, -0.7374757), (-0.18268947, -0.68865573, 0.70169634), (-0.18268947, -0.68865573, 0.70169634), (-0.18268947, -0.68865573, 0.70169634), (0.32808024, 0.7744626, -0.5408984), (0.32808024, 0.7744626, -0.5408984), (0.32808024, 0.7744626, -0.5408984), (-0.0042092246, 0.50407714, -0.86364836), (-0.0042092246, 0.50407714, -0.86364836), (-0.0042092246, 0.50407714, -0.86364836), (-0.24302454, 0.598104, -0.76368237), (-0.24302454, 0.598104, -0.76368237), (-0.24302454, 0.598104, -0.76368237), (-0.1298266, -0.7143148, 0.6876768), (-0.1298266, -0.7143148, 0.6876768), (-0.1298266, -0.7143148, 0.6876768), (0.09036045, -0.8291447, 0.55168295), (0.09036045, -0.8291447, 0.55168295), (0.09036045, -0.8291447, 0.55168295), (0.9226719, 0.2990279, 0.24343164), (0.9226719, 0.2990279, 0.24343164), (0.9226719, 0.2990279, 0.24343164), (-0.5833423, 0.083632655, -0.80790913), (-0.5833423, 0.083632655, -0.80790913), (-0.5833423, 0.083632655, -0.80790913), (-0.2834197, -0.6973129, -0.6583524), (-0.2834197, -0.6973129, -0.6583524), (-0.2834197, -0.6973129, -0.6583524), (-0.2835591, 0.16276166, -0.9450412), (-0.2835591, 0.16276166, -0.9450412), (-0.2835591, 0.16276166, -0.9450412), (-0.36452806, -0.5278665, 0.7671221), (-0.36452806, -0.5278665, 0.7671221), (-0.36452806, -0.5278665, 0.7671221), (-0.047930703, -0.86004263, 0.5079659), (-0.047930703, -0.86004263, 0.5079659), (-0.047930703, -0.86004263, 0.5079659), (0.99722856, 0.07098929, -0.022260705), (0.99722856, 0.07098929, -0.022260705), (0.99722856, 0.07098929, -0.022260705), (-0.8926678, 0.059619423, -0.4467547), (-0.8926678, 0.059619423, -0.4467547), (-0.8926678, 0.059619423, -0.4467547), (-0.67214555, -0.33107004, -0.66227865), (-0.67214555, -0.33107004, -0.66227865), (-0.67214555, -0.33107004, -0.66227865), (-0.36186504, -0.4853503, 0.79592), (-0.36186504, -0.4853503, 0.79592), (-0.36186504, -0.4853503, 0.79592), (0.56262225, 0.38570467, -0.73122364), (0.56262225, 0.38570467, -0.73122364), (0.56262225, 0.38570467, -0.73122364), (0.06254121, 0.5556233, -0.8290787), (0.06254121, 0.5556233, -0.8290787), (0.06254121, 0.5556233, -0.8290787), (0.053476144, 0.7610246, -0.64651525), (0.053476144, 0.7610246, -0.64651525), (0.053476144, 0.7610246, -0.64651525), (-0.3606743, -0.5361195, 0.76321024), (-0.3606743, -0.5361195, 0.76321024), (-0.3606743, -0.5361195, 0.76321024), (-0.39034012, -0.7309321, 0.5597971), (-0.39034012, -0.7309321, 0.5597971), (-0.39034012, -0.7309321, 0.5597971), (0.7890637, -0.5644368, -0.24246557), (0.7890637, -0.5644368, -0.24246557), (0.7890637, -0.5644368, -0.24246557), (-0.5334712, 0.708525, -0.46195325), (-0.5334712, 0.708525, -0.46195325), (-0.5334712, 0.708525, -0.46195325), (-0.9330671, -0.033387616, -0.35814962), (-0.9330671, -0.033387616, -0.35814962), (-0.9330671, -0.033387616, -0.35814962), (-0.34473506, -0.35830557, 0.867626), (-0.34473506, -0.35830557, 0.867626), (-0.34473506, -0.35830557, 0.867626), (0.41334537, 0.52929777, -0.7409382), (0.41334537, 0.52929777, -0.7409382), (0.41334537, 0.52929777, -0.7409382), (-0.113472685, 0.7214008, -0.6831579), (-0.113472685, 0.7214008, -0.6831579), (-0.113472685, 0.7214008, -0.6831579), (-0.009546451, 0.5840278, -0.8116776), (-0.009546451, 0.5840278, -0.8116776), (-0.009546451, 0.5840278, -0.8116776), (-0.37477872, -0.39958546, 0.8365838), (-0.37477872, -0.39958546, 0.8365838), (-0.37477872, -0.39958546, 0.8365838), (-0.5330068, -0.5416563, 0.65000933), (-0.5330068, -0.5416563, 0.65000933), (-0.5330068, -0.5416563, 0.65000933), (0.37847298, -0.82361704, -0.42238984), (0.37847298, -0.82361704, -0.42238984), (0.37847298, -0.82361704, -0.42238984), (-0.25521386, 0.9107011, -0.32479128), (-0.25521386, 0.9107011, -0.32479128), (-0.25521386, 0.9107011, -0.32479128), (-0.9058214, 0.40789995, -0.114477836), (-0.9058214, 0.40789995, -0.114477836), (-0.9058214, 0.40789995, -0.114477836), (-0.0003681817, 0.99518114, -0.09805221), (-0.0003681817, 0.99518114, -0.09805221), (-0.0003681817, 0.99518114, -0.09805221), (-0.44050816, -0.54736996, 0.71157473), (-0.44050816, -0.54736996, 0.71157473), (-0.44050816, -0.54736996, 0.71157473), (0.14114255, 0.2832208, -0.9486121), (0.14114255, 0.2832208, -0.9486121), (0.14114255, 0.2832208, -0.9486121), (0.5211455, 0.268407, -0.8101637), (0.5211455, 0.268407, -0.8101637), (0.5211455, 0.268407, -0.8101637), (0.5122239, 0.7367732, -0.44135234), (0.5122239, 0.7367732, -0.44135234), (0.5122239, 0.7367732, -0.44135234), (0.30707493, 0.4202886, -0.8538516), (0.30707493, 0.4202886, -0.8538516), (0.30707493, 0.4202886, -0.8538516), (-0.649972, -0.3895192, 0.6525421), (-0.649972, -0.3895192, 0.6525421), (-0.649972, -0.3895192, 0.6525421), (-0.32482114, -0.56619215, 0.75757354), (-0.32482114, -0.56619215, 0.75757354), (-0.32482114, -0.56619215, 0.75757354), (-0.18518697, -0.4059009, 0.8949582), (-0.18518697, -0.4059009, 0.8949582), (-0.18518697, -0.4059009, 0.8949582), (-0.16035362, -0.8632002, -0.47871923), (-0.16035362, -0.8632002, -0.47871923), (-0.16035362, -0.8632002, -0.47871923), (-0.15188225, 0.98133206, 0.117979236), (-0.15188225, 0.98133206, 0.117979236), (-0.15188225, 0.98133206, 0.117979236), (-0.6475822, 0.7517221, 0.12470492), (-0.6475822, 0.7517221, 0.12470492), (-0.6475822, 0.7517221, 0.12470492), (0.3508191, -0.76080656, -0.54598475), (0.3508191, -0.76080656, -0.54598475), (0.3508191, -0.76080656, -0.54598475), (-0.20689417, -0.38055223, 0.9013184), (-0.20689417, -0.38055223, 0.9013184), (-0.20689417, -0.38055223, 0.9013184), (-0.5346857, -0.4857628, 0.6914809), (-0.5346857, -0.4857628, 0.6914809), (-0.5346857, -0.4857628, 0.6914809), (0.13887765, 0.1274098, -0.98207927), (0.13887765, 0.1274098, -0.98207927), (0.13887765, 0.1274098, -0.98207927), (0.27828327, 0.66068906, -0.69717175), (0.27828327, 0.66068906, -0.69717175), (0.27828327, 0.66068906, -0.69717175), (0.4178374, 0.63386095, -0.6508702), (0.4178374, 0.63386095, -0.6508702), (0.4178374, 0.63386095, -0.6508702), (-0.25951734, -0.34806123, 0.9008352), (-0.25951734, -0.34806123, 0.9008352), (-0.25951734, -0.34806123, 0.9008352), (-0.4259537, -0.2889863, 0.85735077), (-0.4259537, -0.2889863, 0.85735077), (-0.4259537, -0.2889863, 0.85735077), (-0.5325656, -0.49984872, -0.6830265), (-0.5325656, -0.49984872, -0.6830265), (-0.5325656, -0.49984872, -0.6830265), (0.34620512, 0.8840244, 0.3140749), (0.34620512, 0.8840244, 0.3140749), (0.34620512, 0.8840244, 0.3140749), (0.02013503, -0.22997157, 0.97298896), (0.02013503, -0.22997157, 0.97298896), (0.02013503, -0.22997157, 0.97298896), (-0.18764818, 0.051791616, -0.9808699), (-0.18764818, 0.051791616, -0.9808699), (-0.18764818, 0.051791616, -0.9808699), (0.16954261, 0.4482463, -0.8776848), (0.16954261, 0.4482463, -0.8776848), (0.16954261, 0.4482463, -0.8776848), (0.3976496, 0.29526925, -0.8687295), (0.3976496, 0.29526925, -0.8687295), (0.3976496, 0.29526925, -0.8687295), (-0.028346533, -0.1978865, 0.979815), (-0.028346533, -0.1978865, 0.979815), (-0.028346533, -0.1978865, 0.979815), (-0.2347812, -0.0042349217, 0.972039), (-0.2347812, -0.0042349217, 0.972039), (-0.2347812, -0.0042349217, 0.972039), (-0.9218023, -0.29317227, -0.25363496), (-0.9218023, -0.29317227, -0.25363496), (-0.9218023, -0.29317227, -0.25363496), (0.6985263, 0.5841721, -0.41328448), (0.6985263, 0.5841721, -0.41328448), (0.6985263, 0.5841721, -0.41328448), (0.32023165, 0.90662485, 0.27474165), (0.32023165, 0.90662485, 0.27474165), (0.32023165, 0.90662485, 0.27474165), (-0.70861566, -0.6983582, -0.10079586), (-0.70861566, -0.6983582, -0.10079586), (-0.70861566, -0.6983582, -0.10079586), (0.49139425, 0.22539444, -0.84126633), (0.49139425, 0.22539444, -0.84126633), (0.49139425, 0.22539444, -0.84126633), (0.15913412, 0.4221334, -0.8924571), (0.15913412, 0.4221334, -0.8924571), (0.15913412, 0.4221334, -0.8924571), (-0.06290727, -0.17712316, 0.98217624), (-0.06290727, -0.17712316, 0.98217624), (-0.06290727, -0.17712316, 0.98217624), (0.050680004, -0.3380803, 0.9397517), (0.050680004, -0.3380803, 0.9397517), (0.050680004, -0.3380803, 0.9397517), (-0.8444984, -0.01812781, -0.5352511), (-0.8444984, -0.01812781, -0.5352511), (-0.8444984, -0.01812781, -0.5352511), (-0.9693606, 0.24275456, 0.03755374), (-0.9693606, 0.24275456, 0.03755374), (-0.9693606, 0.24275456, 0.03755374), (-0.98415667, -0.1689406, 0.05380305), (-0.98415667, -0.1689406, 0.05380305), (-0.98415667, -0.1689406, 0.05380305), (0.94337964, 0.28634006, -0.16746445), (0.94337964, 0.28634006, -0.16746445), (0.94337964, 0.28634006, -0.16746445), (0.7117231, 0.6995224, -0.06417646), (0.7117231, 0.6995224, -0.06417646), (0.7117231, 0.6995224, -0.06417646), (0.1980739, -0.42952088, 0.8810666), (0.1980739, -0.42952088, 0.8810666), (0.1980739, -0.42952088, 0.8810666), (-0.42499503, 0.44572926, -0.7878481), (-0.42499503, 0.44572926, -0.7878481), (-0.42499503, 0.44572926, -0.7878481), (0.10232066, 0.39710605, -0.9120512), (0.10232066, 0.39710605, -0.9120512), (0.10232066, 0.39710605, -0.9120512), (0.10134653, 0.13182497, -0.98607856), (0.10134653, 0.13182497, -0.98607856), (0.10134653, 0.13182497, -0.98607856), (0.20248018, -0.37628046, 0.90410995), (0.20248018, -0.37628046, 0.90410995), (0.20248018, -0.37628046, 0.90410995), (0.24576335, -0.10259361, 0.9638853), (0.24576335, -0.10259361, 0.9638853), (0.24576335, -0.10259361, 0.9638853), (-0.7877145, 0.5712351, 0.23064327), (-0.7877145, 0.5712351, 0.23064327), (-0.7877145, 0.5712351, 0.23064327), (0.6487794, -0.040916536, -0.7598757), (0.6487794, -0.040916536, -0.7598757), (0.6487794, -0.040916536, -0.7598757), (0.9694379, 0.24391092, -0.026413394), (0.9694379, 0.24391092, -0.026413394), (0.9694379, 0.24391092, -0.026413394), (0.1863106, -0.559083, 0.8079075), (0.1863106, -0.559083, 0.8079075), (0.1863106, -0.559083, 0.8079075), (-0.2578019, 0.36531523, -0.89447355), (-0.2578019, 0.36531523, -0.89447355), (-0.2578019, 0.36531523, -0.89447355), (0.26834586, 0.17107032, -0.94801134), (0.26834586, 0.17107032, -0.94801134), (0.26834586, 0.17107032, -0.94801134), (0.17396498, 0.36088592, -0.91624093), (0.17396498, 0.36088592, -0.91624093), (0.17396498, 0.36088592, -0.91624093), (0.21677567, -0.5129707, 0.8305837), (0.21677567, -0.5129707, 0.8305837), (0.21677567, -0.5129707, 0.8305837), (0.38883215, -0.29234624, 0.8736952), (0.38883215, -0.29234624, 0.8736952), (0.38883215, -0.29234624, 0.8736952), (-0.37732294, 0.830444, 0.40986592), (-0.37732294, 0.830444, 0.40986592), (-0.37732294, 0.830444, 0.40986592), (0.37125593, -0.24187934, -0.8964727), (0.37125593, -0.24187934, -0.8964727), (0.37125593, -0.24187934, -0.8964727), (0.9424827, -0.19801472, -0.26928887), (0.9424827, -0.19801472, -0.26928887), (0.9424827, -0.19801472, -0.26928887), (-0.15941457, -0.4623171, -0.8722671), (-0.15941457, -0.4623171, -0.8722671), (-0.15941457, -0.4623171, -0.8722671), (0.8162132, -0.40707722, -0.4099808), (0.8162132, -0.40707722, -0.4099808), (0.8162132, -0.40707722, -0.4099808), (0.48960188, 0.34654924, 0.800121), (0.48960188, 0.34654924, 0.800121), (0.48960188, 0.34654924, 0.800121), (0.25477558, -0.9545516, 0.15466326), (0.25477558, -0.9545516, 0.15466326), (0.2838712, -0.94312686, 0.17299949), (0.28390428, -0.9431151, 0.17300929), (0.2838941, -0.9431188, 0.17300601), (0.28402337, -0.9430781, 0.17301604), (0.28390428, -0.9431151, 0.17300929), (0.28402337, -0.9430781, 0.17301604), (0.2839125, -0.9431128, 0.17300878), (0.07168336, 0.9836332, -0.16530938), (0.07168336, 0.9836332, -0.16530938), (0.07168336, 0.9836332, -0.16530938), (-0.15878157, 0.9863137, -0.044425815), (-0.15878157, 0.9863137, -0.044425815), (-0.15878157, 0.9863137, -0.044425815), (0.058816507, -0.8286346, 0.5566913), (0.058816507, -0.8286346, 0.5566913), (0.058816507, -0.8286346, 0.5566913), (-0.00717941, 0.9845136, -0.17516129), (-0.00717941, 0.9845136, -0.17516129), (-0.00717941, 0.9845136, -0.17516129), (-0.053420696, 0.832852, -0.55091166), (-0.053420696, 0.832852, -0.55091166), (-0.053420696, 0.832852, -0.55091166), (-0.011484627, -0.99450195, 0.10408639), (-0.011484627, -0.99450195, 0.10408639), (-0.011484627, -0.99450195, 0.10408639), (0.080479555, -0.9161279, 0.39272457), (0.080479555, -0.9161279, 0.39272457), (0.080479555, -0.9161279, 0.39272457), (-0.21570934, -0.9431599, 0.25282225), (-0.21570934, -0.9431599, 0.25282225), (-0.21570934, -0.9431599, 0.25282225), (0.23271637, 0.9425732, -0.23958082), (0.23271637, 0.9425732, -0.23958082), (0.23271637, 0.9425732, -0.23958082), (0.09455651, 0.89865243, -0.42834884), (0.09455651, 0.89865243, -0.42834884), (0.09455651, 0.89865243, -0.42834884), (0.24442053, 0.8240176, -0.5111297), (0.24442053, 0.8240176, -0.5111297), (0.24442053, 0.8240176, -0.5111297), (-0.5171846, -0.8545946, -0.046778224), (-0.5171846, -0.8545946, -0.046778224), (-0.5171846, -0.8545946, -0.046778224), (0.2624885, 0.9371159, -0.23002957), (0.2624885, 0.9371159, -0.23002957), (0.2624885, 0.9371159, -0.23002957), (0.47619367, 0.87732637, -0.059480205), (0.47619367, 0.87732637, -0.059480205), (0.47619367, 0.87732637, -0.059480205), (-0.13194175, -0.8602193, 0.49255875), (-0.13194175, -0.8602193, 0.49255875), (-0.13194175, -0.8602193, 0.49255875), (-0.5119063, -0.7591956, 0.40196264), (-0.5119063, -0.7591956, 0.40196264), (-0.5119063, -0.7591956, 0.40196264), (-0.39588547, -0.88771147, 0.23503834), (-0.39588547, -0.88771147, 0.23503834), (-0.39588547, -0.88771147, 0.23503834), (-0.52721596, -0.7515195, 0.39656252), (-0.52721596, -0.7515195, 0.39656252), (-0.52721596, -0.7515195, 0.39656252), (0.64657354, 0.2206215, -0.73025244), (0.6464752, 0.22059116, -0.7303487), (0.6464899, 0.22059621, -0.73033416), (0.64702773, 0.220759, -0.72980857), (0.6464752, 0.22059116, -0.7303487), (0.08866557, -0.986938, -0.13450548), (0.08866557, -0.986938, -0.13450548), (0.08866557, -0.986938, -0.13450548), (0.13304864, 0.42669526, 0.8945554), (0.13304864, 0.42669526, 0.8945554), (0.13304864, 0.42669526, 0.8945554), (0.23769994, 0.40075728, 0.884812), (0.23769994, 0.40075728, 0.884812), (0.23769994, 0.40075728, 0.884812), (-0.07663069, -0.8546568, 0.51350695), (-0.07663069, -0.8546568, 0.51350695), (-0.07663069, -0.8546568, 0.51350695), (0.1545866, 0.8992322, -0.40924874), (0.1545866, 0.8992322, -0.40924874), (0.1545866, 0.8992322, -0.40924874), (0.43416205, 0.752545, -0.4951558), (0.43416205, 0.752545, -0.4951558), (0.43416205, 0.752545, -0.4951558), (0.21824846, 0.6100965, -0.76167566), (0.21824846, 0.6100965, -0.76167566), (0.21824846, 0.6100965, -0.76167566), (-0.41701406, -0.81274426, 0.40687352), (-0.41701406, -0.81274426, 0.40687352), (-0.41701406, -0.81274426, 0.40687352), (-0.8703162, -0.048889704, -0.49006078), (-0.8703162, -0.048889704, -0.49006078), (-0.8703162, -0.048889704, -0.49006078), (0.0004287415, 0.84425575, -0.53594035), (0.0004287415, 0.84425575, -0.53594035), (0.0004287415, 0.84425575, -0.53594035), (0.39098647, 0.8503646, -0.35215008), (0.39098647, 0.8503646, -0.35215008), (0.39098647, 0.8503646, -0.35215008), (-0.40804657, -0.7313361, 0.5464846), (-0.40804657, -0.7313361, 0.5464846), (-0.40804657, -0.7313361, 0.5464846), (-0.22888876, -0.8527325, 0.46952868), (-0.22888876, -0.8527325, 0.46952868), (-0.22888876, -0.8527325, 0.46952868), (-0.45553538, -0.7168787, 0.52779967), (-0.45553538, -0.7168787, 0.52779967), (-0.45553538, -0.7168787, 0.52779967), (0.7452302, 0.17538987, -0.64332753), (0.7451785, 0.17533407, -0.64340264), (0.7452698, 0.17543422, -0.6432697), (0.7452302, 0.17538987, -0.64332753), (0.7449737, 0.17510214, -0.643703), (0.7451785, 0.17533407, -0.64340264), (-0.8715172, 0.26250374, -0.41418552), (-0.8715172, 0.26250374, -0.41418552), (-0.8715172, 0.26250374, -0.41418552), (0.376833, -0.50363696, -0.77739733), (0.376833, -0.50363696, -0.77739733), (0.376833, -0.50363696, -0.77739733), (0.14185794, 0.18818839, 0.971834), (0.14185794, 0.18818839, 0.971834), (0.14185794, 0.18818839, 0.971834), (-0.24455905, -0.7399592, -0.62661886), (-0.24455905, -0.7399592, -0.62661886), (-0.24455905, -0.7399592, -0.62661886), (0.35328847, 0.7410695, 0.570967), (0.35328847, 0.7410695, 0.570967), (0.35328847, 0.7410695, 0.570967), (-0.82789624, -0.07524068, 0.55581176), (-0.82789624, -0.07524068, 0.55581176), (-0.82789624, -0.07524068, 0.55581176), (0.12155723, -0.9563677, 0.26567784), (0.12155723, -0.9563677, 0.26567784), (0.12155723, -0.9563677, 0.26567784), (-0.047133043, -0.97439224, 0.21985972), (-0.047133043, -0.97439224, 0.21985972), (-0.047133043, -0.97439224, 0.21985972), (-0.19712225, 0.96273637, -0.18515293), (-0.19712225, 0.96273637, -0.18515293), (-0.19712225, 0.96273637, -0.18515293), (0.15550163, 0.9556938, -0.24993709), (0.15550163, 0.9556938, -0.24993709), (0.15550163, 0.9556938, -0.24993709), (0.28056356, -0.95569485, -0.0890589), (0.28056356, -0.95569485, -0.0890589), (0.28056356, -0.95569485, -0.0890589), (-0.17840706, 0.93732834, -0.2993099), (-0.17840706, 0.93732834, -0.2993099), (-0.17840706, 0.93732834, -0.2993099), (-0.15116861, 0.9808322, 0.12294758), (-0.15116861, 0.9808322, 0.12294758), (-0.15116861, 0.9808322, 0.12294758), (-0.28309923, 0.95693225, 0.06430709), (-0.28309923, 0.95693225, 0.06430709), (-0.28309923, 0.95693225, 0.06430709), (0.001977377, -0.9439909, 0.32996565), (0.001977377, -0.9439909, 0.32996565), (0.001977377, -0.9439909, 0.32996565), (-0.06934705, -0.99324167, -0.09306962), (-0.06934705, -0.99324167, -0.09306962), (-0.06934705, -0.99324167, -0.09306962), (0.021628842, -0.997829, 0.062205315), (0.021628842, -0.997829, 0.062205315), (0.021628842, -0.997829, 0.062205315), (0.2462498, -0.9650365, 0.08980901), (0.2462498, -0.9650365, 0.08980901), (0.2462498, -0.9650365, 0.08980901), (0.44373652, -0.86584824, -0.23109433), (0.44372445, -0.8658557, -0.23108988), (0.44375208, -0.8658387, -0.23110066), (0.21890011, -0.97570443, 0.009142127), (0.21890011, -0.97570443, 0.009142127), (0.21890011, -0.97570443, 0.009142127), (0.3162793, -0.93394905, -0.16645283), (0.3162793, -0.93394905, -0.16645283), (0.3162793, -0.93394905, -0.16645283), (-0.1379004, 0.98475873, 0.10598957), (-0.1379004, 0.98475873, 0.10598957), (-0.1379004, 0.98475873, 0.10598957), (0.5780907, -0.7424075, 0.33858848), (0.5780907, -0.7424075, 0.33858848), (0.5780907, -0.7424075, 0.33858848), (-0.38878396, 0.9117499, 0.13251105), (-0.38878396, 0.9117499, 0.13251105), (-0.38878396, 0.9117499, 0.13251105), (-0.48372722, 0.83924675, -0.2483402), (-0.48372722, 0.83924675, -0.2483402), (-0.48372722, 0.83924675, -0.2483402), (0.17490539, -0.9654155, -0.19334196), (0.17490539, -0.9654155, -0.19334196), (0.17490539, -0.9654155, -0.19334196), (0.53609127, -0.8355913, -0.119972125), (0.53609127, -0.8355913, -0.119972125), (0.53609127, -0.8355913, -0.119972125), (0.40313327, -0.9144235, 0.036235277), (0.40313327, -0.9144235, 0.036235277), (0.40313327, -0.9144235, 0.036235277), (0.3547735, -0.9198377, 0.16743462), (0.3547735, -0.9198377, 0.16743462), (0.3547735, -0.9198377, 0.16743462), (0.5681587, -0.81468433, -0.11612602), (0.5681587, -0.81468433, -0.11612602), (0.5681587, -0.81468433, -0.11612602), (-0.70509607, 0.40306747, 0.5834177), (-0.704711, 0.4030907, 0.5838668), (-0.70517004, 0.40306297, 0.58333135), (-0.70462734, 0.40309575, 0.5839642), (-0.704711, 0.4030907, 0.5838668), (-0.09371038, -0.9004619, 0.42471948), (-0.09371038, -0.9004619, 0.42471948), (-0.09371038, -0.9004619, 0.42471948), (-0.48917025, -0.14477408, 0.8600888), (-0.48917025, -0.14477408, 0.8600888), (-0.48917025, -0.14477408, 0.8600888), (0.9256216, -0.05332715, -0.37467435), (0.9256216, -0.05332715, -0.37467435), (0.9256216, -0.05332715, -0.37467435), (0.88123035, -0.045284424, -0.47051287), (0.88123035, -0.045284424, -0.47051287), (0.88123035, -0.045284424, -0.47051287), (0.22524713, -0.97218907, 0.06412572), (0.22526754, -0.9721814, 0.06417165), (0.22522965, -0.97219634, 0.06407704), (0.09408418, 0.9881919, 0.12093332), (0.09408418, 0.9881919, 0.12093332), (0.09408418, 0.9881919, 0.12093332), (-0.07197969, 0.9818764, -0.1753216), (-0.07197969, 0.9818764, -0.1753216), (-0.07197969, 0.9818764, -0.1753216), (-0.26262972, 0.9579175, 0.1158438), (-0.26262972, 0.9579175, 0.1158438), (-0.26262972, 0.9579175, 0.1158438), (0.052255724, -0.95231545, 0.300607), (0.052255724, -0.95231545, 0.300607), (0.052255724, -0.95231545, 0.300607), (0.054809414, 0.97144216, 0.23085922), (0.054809414, 0.97144216, 0.23085922), (0.054809414, 0.97144216, 0.23085922), (0.2290128, 0.9675927, -0.10638319), (0.2290128, 0.9675927, -0.10638319), (0.2290128, 0.9675927, -0.10638319), (0.11858305, -0.9672935, -0.22423516), (0.11858305, -0.9672935, -0.22423516), (0.11858305, -0.9672935, -0.22423516), (-0.9273039, -0.08357854, -0.36485913), (-0.9273039, -0.08357854, -0.36485913), (-0.9273039, -0.08357854, -0.36485913), (0.005001353, 0.46398348, -0.8858298), (0.005001353, 0.46398348, -0.8858298), (0.005001353, 0.46398348, -0.8858298), (-0.027299233, 0.46884325, -0.8828594), (-0.027299233, 0.46884325, -0.8828594), (-0.027299233, 0.46884325, -0.8828594), (0.034447495, 0.47316676, -0.8802991), (0.034447495, 0.47316676, -0.8802991), (0.034447495, 0.47316676, -0.8802991), (0.0561851, 0.49534267, -0.86687887), (0.0561851, 0.49534267, -0.86687887), (0.0561851, 0.49534267, -0.86687887), (0.06158964, 0.5214673, -0.85104555), (0.06158964, 0.5214673, -0.85104555), (0.06158964, 0.5214673, -0.85104555), (0.05072704, 0.5471496, -0.83549637), (0.05072704, 0.5471496, -0.83549637), (0.05072704, 0.5471496, -0.83549637), (0.025318887, 0.565489, -0.8243671), (0.025318887, 0.565489, -0.8243671), (0.025318887, 0.565489, -0.8243671), (-0.0063896505, 0.57035965, -0.8213702), (-0.0063896505, 0.57035965, -0.8213702), (-0.0063896505, 0.57035965, -0.8213702), (-0.036002014, 0.56124866, -0.8268638), (-0.036002014, 0.56124866, -0.8268638), (-0.036002014, 0.56124866, -0.8268638), (-0.06276167, 0.5118875, -0.8567568), (-0.06276167, 0.5118875, -0.8567568), (-0.06276167, 0.5118875, -0.8567568), (-0.056810968, 0.54022545, -0.8396004), (-0.056810968, 0.54022545, -0.8396004), (-0.056810968, 0.54022545, -0.8396004), (-0.052123014, 0.48668116, -0.87202334), (-0.052123014, 0.48668116, -0.87202334), (-0.052123014, 0.48668116, -0.87202334), (0.8916858, -0.27949378, -0.35606146), (0.89168257, -0.27952427, -0.35604548), (0.8916797, -0.27948382, -0.35608426), (0.8916858, -0.27949378, -0.35606146), (0.8916797, -0.27948382, -0.35608426), (0.8916744, -0.27951622, -0.3560722), (0.7823297, 0.5641013, 0.26410252), (0.7823351, 0.5641088, 0.26407033), (0.7823428, 0.5640916, 0.26408395), (0.7823297, 0.5641013, 0.26410252), (0.7823428, 0.5640916, 0.26408395), (0.78232133, 0.564123, 0.2640807), (0.9860094, -0.108860396, 0.12623365), (0.98600894, -0.10885347, 0.12624294), (0.9860135, -0.1088437, 0.12621577), (0.9860094, -0.108860396, 0.12623365), (0.9860135, -0.1088437, 0.12621577), (0.98600906, -0.1088538, 0.12624131), (-0.8501013, -0.2831512, -0.44401947), (-0.85011774, -0.2831391, -0.44399577), (-0.85010815, -0.28315413, -0.44400424), (-0.8501013, -0.2831512, -0.44401947), (-0.85010815, -0.28315413, -0.44400424), (-0.8501128, -0.28313035, -0.4440106), (0.81881714, 0.49016944, 0.2987848), (0.8188233, 0.49016252, 0.2987792), (0.81881994, 0.49017635, 0.29876578), (0.81881714, 0.49016944, 0.2987848), (0.81881994, 0.49017635, 0.29876578), (0.8188148, 0.4901861, 0.2987637), (0.6570162, -0.52159506, -0.5443052), (0.6570138, -0.5216105, -0.54429346), (0.6570095, -0.5216047, -0.5443042), (0.6570162, -0.52159506, -0.5443052), (0.6570095, -0.5216047, -0.5443042), (0.6570087, -0.52160555, -0.5443043), (-0.31510463, 0.9173118, 0.24340944), (-0.31510717, 0.9173266, 0.24335025), (-0.31511977, 0.91732454, 0.24334182), (-0.31510463, 0.9173118, 0.24340944), (-0.31511977, 0.91732454, 0.24334182), (-0.31510043, 0.9173124, 0.24341244), (0.9601732, 0.27649435, -0.040228102), (0.960173, 0.27649537, -0.04022664), (0.960169, 0.27651256, -0.040200897), (0.9601732, 0.27649435, -0.040228102), (0.960169, 0.27651256, -0.040200897), (0.9601685, 0.2765133, -0.04021183), (-0.009010933, -0.7453844, -0.666574), (-0.009021415, -0.7453647, -0.6665958), (-0.009056196, -0.7453492, -0.6666128), (-0.009010933, -0.7453844, -0.666574), (-0.009056196, -0.7453492, -0.6666128), (-0.009069503, -0.74537605, -0.6665825), (-0.5087467, 0.5294515, 0.67886525), (-0.50871515, 0.52945757, 0.6788841), (-0.5087246, 0.5294602, 0.6788749), (-0.5087467, 0.5294515, 0.67886525), (-0.5087246, 0.5294602, 0.6788749), (-0.5087377, 0.5294551, 0.6788691), (0.30708963, 0.12701134, 0.94316703), (0.30707717, 0.12701108, 0.9431712), (0.307099, 0.1270112, 0.943164), (0.30708963, 0.12701134, 0.94316703), (0.307099, 0.1270112, 0.943164), (0.30707845, 0.12701315, 0.9431704), (0.67566067, 0.004825189, -0.737197), (0.67568505, 0.0048297932, -0.7371746), (0.67569447, 0.0048330035, -0.73716605), (0.67566067, 0.004825189, -0.737197), (0.67569447, 0.0048330035, -0.73716605), (0.67569655, 0.004835664, -0.7371641), (-0.3191305, -0.09745149, -0.94268715), (-0.31914338, -0.09744445, -0.9426834), (-0.3191051, -0.09744929, -0.9426959), (-0.3191305, -0.09745149, -0.94268715), (-0.3191051, -0.09744929, -0.9426959), (-0.31910208, -0.09745182, -0.9426967), (-0.9046649, 0.014620926, -0.42587295), (-0.90465665, 0.014608669, -0.4258907), (-0.9046592, 0.014614374, -0.4258851), (-0.9046649, 0.014620926, -0.42587295), (-0.9046592, 0.014614374, -0.4258851), (-0.90466845, 0.014624784, -0.4258651), (-0.63365346, 0.015228731, 0.7734671), (-0.6336716, 0.015224252, 0.7734524), (-0.6336647, 0.015228093, 0.7734579), (-0.63365346, 0.015228731, 0.7734671), (-0.6336647, 0.015228093, 0.7734579), (-0.6336861, 0.015222671, 0.7734404), (0.80004066, -0.5997682, 0.0145951435), (0.800039, -0.59977126, 0.0145596955), (0.8000417, -0.59976715, 0.014587089), (0.80004066, -0.5997682, 0.0145951435), (0.8000417, -0.59976715, 0.014587089), (0.80004174, -0.5997669, 0.014590237), (-0.5857943, -0.33836782, -0.73644567), (-0.5858902, -0.33851388, -0.7363024), (-0.58588076, -0.33849996, -0.73631626), (-0.5857943, -0.33836782, -0.73644567), (-0.58588076, -0.33849996, -0.73631626), (-0.585842, -0.33844623, -0.73637176), (-0.814847, 0.021175018, 0.57928926), (-0.8148522, 0.021190077, 0.5792815), (-0.8148518, 0.02118331, 0.57928216), (-0.814847, 0.021175018, 0.57928926), (-0.8148518, 0.02118331, 0.57928216), (-0.8148571, 0.021197557, 0.57927424), (0.97890526, 0.013215129, -0.20388705), (0.9789034, 0.013235783, -0.2038943), (0.97890556, 0.01322273, -0.20388488), (0.97890526, 0.013215129, -0.20388705), (0.97890556, 0.01322273, -0.20388488), (0.97890514, 0.013227853, -0.20388699), (-0.63987005, -0.6985704, 0.3202591), (-0.6398636, -0.6985899, 0.32022917), (-0.63985914, -0.6985917, 0.320234), (-0.63987005, -0.6985704, 0.3202591), (-0.63985914, -0.6985917, 0.320234), (-0.6398574, -0.6985949, 0.32023057), (-0.44214928, 0.22026816, 0.8694746), (-0.44216004, 0.22027236, 0.869468), (-0.44215798, 0.22026609, 0.8694707), (-0.44214928, 0.22026816, 0.8694746), (-0.44215798, 0.22026609, 0.8694707), (-0.4421345, 0.22026709, 0.86948234), (-0.13703276, -0.89245844, 0.42981383), (-0.13700561, -0.8924611, 0.42981687), (-0.13699615, -0.8924614, 0.42981938), (-0.13703276, -0.89245844, 0.42981383), (-0.13699615, -0.8924614, 0.42981938), (-0.13700463, -0.8924624, 0.42981467), (0.01379782, -0.9815159, 0.19088271), (0.013792698, -0.98151994, 0.190862), (0.0137934275, -0.9815192, 0.19086562), (0.01379782, -0.9815159, 0.19088271), (0.0137934275, -0.9815192, 0.19086562), (0.013801457, -0.981513, 0.19089687), (0.6638278, -0.14178936, -0.7343217), (0.66384274, -0.14179227, -0.73430765), (0.6638367, -0.14179438, -0.7343127), (0.6638278, -0.14178936, -0.7343217), (0.6638367, -0.14179438, -0.7343127), (0.6638204, -0.14179374, -0.73432755), (-0.7735322, -0.4459962, -0.45026147), (-0.77351815, -0.44600245, -0.45027927), (-0.77350503, -0.44600895, -0.45029545), (-0.7735322, -0.4459962, -0.45026147), (-0.77350503, -0.44600895, -0.45029545), (-0.7735178, -0.44600323, -0.45027915), (-0.5191604, 0.10819801, 0.84780043), (-0.5193009, 0.10807994, 0.8477295), (-0.5193642, 0.10802707, 0.84769756), (-0.5191604, 0.10819801, 0.84780043), (-0.5193642, 0.10802707, 0.84769756), (-0.5192836, 0.10809485, 0.84773815), (0.78504217, 0.44964215, 0.42606428), (0.78500456, 0.4496606, 0.42611405), (0.78499883, 0.44966355, 0.42612162), (0.78504217, 0.44964215, 0.42606428), (0.78499883, 0.44966355, 0.42612162), (0.78506297, 0.4496312, 0.42603737), (0.97053313, 0.16967805, 0.17109843), (0.9705312, 0.1696927, 0.17109533), (0.9705291, 0.16970831, 0.1710913), (0.97053313, 0.16967805, 0.17109843), (0.9705291, 0.16970831, 0.1710913), (0.9705316, 0.16968778, 0.17109777), (0.70211536, 0.23176, 0.6732915), (0.7021287, 0.23175491, 0.6732793), (0.7022564, 0.23164333, 0.6731845), (0.70211536, 0.23176, 0.6732915), (0.7022564, 0.23164333, 0.6731845), (0.70207024, 0.23179846, 0.67332536), (0.5775619, -0.6516373, 0.49172252), (0.57755136, -0.65164095, 0.49173015), (0.5775323, -0.65164596, 0.49174583), (0.5775619, -0.6516373, 0.49172252), (0.5775323, -0.65164596, 0.49174583), (0.5775307, -0.6516466, 0.4917468), (0.7459794, 0.037827868, 0.66489387), (0.7459777, 0.037850346, 0.6648944), (0.74597573, 0.03783632, 0.6648975), (0.7459794, 0.037827868, 0.66489387), (0.74597573, 0.03783632, 0.6648975), (0.74597794, 0.03780943, 0.6648964), (0.5854327, 0.4682922, -0.6617937), (0.5818205, 0.47434747, -0.66066587), (0.5868692, 0.46656597, -0.66174066), (0.58794945, 0.4666645, -0.66071147), (0.58792, 0.46672267, -0.6606966), (-0.08430602, -0.034988422, -0.9958254), (-0.0836505, -0.034985602, -0.99588084), (-0.075312234, -0.034962457, -0.9965469), (-0.085707866, -0.03499009, -0.9957058), (0.4016614, 0.20592858, -0.89233494), (0.40166795, 0.205935, -0.89233047), (0.401976, 0.20623538, -0.89212227), (0.40135276, 0.20562768, -0.8925431), (0.4354691, 0.627372, -0.6455781), (0.43997118, 0.62452143, -0.6452894), (0.43556654, 0.62730557, -0.645577), (0.43518955, 0.6275328, -0.64561033), (0.1387661, -0.7137278, 0.68653965), (0.13902304, -0.713613, 0.68660694), (0.14087681, -0.7127309, 0.68714505), (0.1385977, -0.7138125, 0.6864855), (0.5125934, 0.30324322, -0.8033004), (0.5124823, 0.3089417, -0.80119723), (0.51244617, 0.3108044, -0.80049956), (0.5126078, 0.30213702, -0.8037079), (-0.49391207, -0.30539197, 0.814117), (-0.49627453, -0.29845288, 0.81525296), (-0.49583277, -0.29977816, 0.8150356), (-0.49650612, -0.29779556, 0.8153523), (-0.048991006, 0.36450508, -0.9299118), (-0.051491376, 0.35902244, -0.9319075), (-0.051504117, 0.35899463, -0.9319174), (-0.051800564, 0.3583469, -0.9321503), (-0.18288706, -0.9258248, 0.33075765), (-0.18083523, -0.92279136, 0.34022754), (-0.18112679, -0.92322785, 0.33888552), (-0.18326318, -0.92637295, 0.32901022), (-0.1386348, -0.3293222, 0.93398464), (-0.14494376, -0.334277, 0.9312626), (-0.13780156, -0.32872704, 0.9343176), (-0.14770022, -0.33641744, 0.9300581), (-0.2557241, 0.9634531, -0.079770505), (-0.25703996, 0.9630663, -0.08021073), (-0.26042804, 0.9620612, -0.081336014), (-0.26133204, 0.96179104, -0.08163091), (0.21693566, -0.97474265, 0.05306386), (0.22242486, -0.9730462, 0.06089478), (0.22524713, -0.97218907, 0.06412572), (0.22526754, -0.9721814, 0.06417165), (0.23353411, 0.4631977, -0.8549326), (0.23354553, 0.46319684, -0.85493), (0.23355985, 0.46318766, -0.854931), (0.22393326, 0.48663327, -0.84441817), (0.22397512, 0.48663548, -0.84440565), (-0.07652194, -0.94074416, 0.33037078), (-0.076517165, -0.9407525, 0.330348), (-0.07652241, -0.9407452, 0.33036765), (-0.06583837, -0.95515484, 0.2886947), (-0.42057, -0.85715646, 0.29732758), (-0.42059118, -0.8571454, 0.29732952), (-0.42054608, -0.8571764, 0.2973039), (-0.40630946, -0.8695257, 0.28078064), (0.4431879, -0.7914201, 0.42099744), (0.44316402, -0.79142815, 0.42100736), (0.4431784, -0.79142374, 0.4210005), (0.42128623, -0.80025554, 0.42674243), (0.048639204, 0.49329534, -0.868501), (0.048655692, 0.49327832, -0.8685097), (0.04867737, 0.49329156, -0.868501), (0.048639357, 0.49328172, -0.86850876), (0.048639357, 0.49328172, -0.86850876), (0.048677832, 0.49328882, -0.86850256), (0.048639204, 0.49329534, -0.868501), (0.04865485, 0.49328214, -0.8685077), (-0.441552, -0.15626955, -0.88352233), (-0.4415272, -0.15633008, -0.883524), (-0.4415363, -0.15630911, -0.88352317), (-0.4415212, -0.15633109, -0.8835268), (-0.22929673, -0.026871227, 0.9729856), (-0.22929733, -0.026866259, 0.9729856), (-0.22929333, -0.02686447, 0.97298664), (-0.23271291, 0.002366337, 0.97254264), (-0.10820969, -0.98367864, -0.14376014), (-0.10818786, -0.9836802, -0.14376572), (-0.10821625, -0.983679, -0.14375266), (-0.06637128, -0.9847482, -0.16082853), (-0.30007878, -0.85816425, -0.4165414), (-0.30007532, -0.85816437, -0.41654393), (-0.30005506, -0.85817355, -0.41653934), (-0.2764299, -0.8658359, -0.41703075), (-0.21037267, 0.5636613, -0.7987673), (-0.21037433, 0.5636688, -0.7987616), (-0.2103774, 0.56366295, -0.79876494), (-0.2103721, 0.5636685, -0.7987624), (0.09250268, -0.1598832, 0.9827922), (0.09250548, -0.15984134, 0.98279876), (0.0925021, -0.15996256, 0.9827794), (0.09250016, -0.15986212, 0.9827959), (-0.6537994, 0.7530688, 0.073714234), (-0.65379554, 0.7530674, 0.073762186), (-0.65379363, 0.75306743, 0.073778234), (-0.6537929, 0.7530745, 0.07371259), (-0.9555669, -0.03382072, -0.29282776), (-0.95556706, -0.033840254, -0.29282472), (-0.9555626, -0.033836544, -0.2928398), (-0.9555726, -0.03382453, -0.29280835), (-0.4615682, -0.5716159, 0.6783879), (-0.4616773, -0.5716459, 0.6782884), (-0.46155372, -0.57160974, 0.6784028), (-0.46164188, -0.57164437, 0.6783138), (-0.6350701, -0.40680304, 0.65665615), (-0.6350752, -0.4068116, 0.65664595), (-0.63508576, -0.4068182, 0.6566315), (-0.6350982, -0.4068245, 0.6566156), (0.05790114, -0.85274595, 0.5191068), (0.057902243, -0.85274947, 0.51910096), (0.057898942, -0.85274726, 0.5191047), (0.057904616, -0.8527499, 0.5190999), (-0.34267, -0.71890175, 0.6047788), (-0.34266436, -0.71889997, 0.6047843), (-0.34263515, -0.71891165, 0.60478693), (-0.34266615, -0.718906, 0.6047761), (0.05976231, 0.76607275, -0.63996947), (0.059772003, 0.7660698, -0.6399721), (0.05974198, 0.7660759, -0.63996756), (0.0597411, 0.76607555, -0.63996816), (0.15194577, -0.8642823, 0.47950876), (0.15192857, -0.8642721, 0.47953236), (0.15194544, -0.864282, 0.47950935), (0.15194999, -0.864284, 0.47950432), (0.620448, 0.6234314, 0.47579148), (0.6204441, 0.6234227, 0.47580793), (0.6204317, 0.62344414, 0.4757961), (0.6204512, 0.6234335, 0.4757846), (-0.5789428, -0.71972066, -0.38318065), (-0.5789476, -0.71972024, -0.383174), (-0.5789151, -0.7197475, -0.38317212), (-0.5789083, -0.71975505, -0.383168), (-0.39599448, 0.38054156, -0.83568925), (-0.3959705, 0.3805286, -0.8357064), (-0.39592135, 0.3805108, -0.835738), (-0.39599523, 0.380543, -0.8356883), (0.37953013, -0.47540894, 0.7936896), (0.3795437, -0.4754108, 0.793682), (0.3795227, -0.47540733, 0.7936942), (0.37951073, -0.47540402, 0.79370177), (0.45895734, -0.378611, 0.80374867), (0.4589121, -0.378594, 0.80378246), (0.45890954, -0.37859613, 0.803783), (0.45891538, -0.37859955, 0.803778), (-0.4914866, 0.32127053, -0.8094604), (-0.49153346, 0.32127994, -0.8094283), (-0.49134544, 0.32123905, -0.8095586), (-0.49151802, 0.32127902, -0.809438), (0.30079123, -0.45889193, 0.836028), (0.30078423, -0.45889133, 0.8360309), (0.30125237, -0.45867193, 0.8359827), (0.30078796, -0.45889348, 0.83602834), (-0.45151317, -0.2975194, 0.8412004), (-0.45154026, -0.29751322, 0.841188), (-0.45151222, -0.29752144, 0.8412002), (-0.45153326, -0.29751325, 0.8411918), (-0.7124855, 0.43759546, 0.54852045), (-0.7143072, 0.4365166, 0.5470086), (-0.7124653, 0.43764243, 0.54850924), (-0.7124743, 0.4376308, 0.54850686), (-0.37308586, -0.68542665, 0.62529767), (-0.37308657, -0.6854263, 0.6252977), (-0.37310386, -0.68544716, 0.6252644), (-0.3730787, -0.6854236, 0.6253053), (-0.909432, -0.032831, -0.41455474), (-0.9094321, -0.03282525, -0.41455483), (-0.9094176, -0.03279817, -0.41458878), (-0.9094284, -0.032822963, -0.4145631), (0.10475531, -0.8489144, 0.518045), (0.10477378, -0.8489281, 0.51801896), (0.10480403, -0.84894955, 0.5179776), (0.10475537, -0.8489151, 0.51804394), (0.10842655, -0.7341807, 0.67024064), (0.108407, -0.7341908, 0.67023265), (0.10841956, -0.7341831, 0.670239), (0.10841106, -0.7341847, 0.6702387), (-0.044680882, 0.7268841, -0.685305), (-0.044700637, 0.72687596, -0.68531257), (-0.044703823, 0.72688246, -0.68530536), (-0.04472032, 0.72687566, -0.6853115), (-0.3937331, 0.6679947, -0.63147247), (-0.39366734, 0.6679772, -0.6315319), (-0.3937516, 0.6679995, -0.6314557), (-0.3937066, 0.6679892, -0.63149476), (0.60937154, 0.7230047, 0.3254696), (0.6093375, 0.723034, 0.32546827), (0.6093433, 0.7230329, 0.32545996), (0.609372, 0.7230126, 0.32545117), (0.35453567, -0.28673476, 0.88999313), (0.35451573, -0.2868134, 0.88997555), (0.35448217, -0.28691754, 0.88995546), (0.35451248, -0.2868005, 0.88998115), (-0.35969067, 0.2218287, -0.9063192), (-0.35968947, 0.22186917, -0.90630984), (-0.35963404, 0.22243758, -0.90619254), (-0.3596768, 0.2219161, -0.90630335), (-0.23875323, -0.18025257, 0.9542044), (-0.23875494, -0.1802445, 0.95420545), (-0.23875669, -0.18021236, 0.95421106), (-0.23875405, -0.18023561, 0.9542074), (-0.8193712, 0.34419072, -0.45843592), (-0.81938595, 0.3441703, -0.45842484), (-0.81939006, 0.34415334, -0.4584304), (-0.8193835, 0.34414873, -0.45844558), (0.7409401, -0.053862687, -0.66940767), (0.74093497, -0.053903975, -0.66940993), (0.7409441, -0.05387762, -0.669402), (0.7409362, -0.05387254, -0.6694112), (-0.34208244, -0.66229177, 0.6665952), (-0.34206295, -0.66229343, 0.66660357), (-0.3423226, -0.6622818, 0.6664818), (-0.34207258, -0.6622919, 0.66660017), (-0.40696654, -0.74959046, 0.52200806), (-0.40695375, -0.74959666, 0.5220091), (-0.40695503, -0.7495989, 0.52200484), (-0.40696535, -0.7495957, 0.5220014), (0.21329369, 0.8053816, -0.5530519), (0.21329702, 0.80538994, -0.5530384), (0.21329415, 0.80538785, -0.5530425), (0.21328413, 0.80540544, -0.55302066), (-0.36538893, -0.69549525, 0.6186901), (-0.3653866, -0.6955011, 0.61868477), (-0.3653837, -0.69550085, 0.6186868), (-0.36538288, -0.69550455, 0.6186831), (-0.2655132, -0.8444303, 0.46523127), (-0.26556402, -0.84440875, 0.46524155), (-0.2655612, -0.8444088, 0.46524304), (-0.26554987, -0.8444126, 0.46524236), (0.209696, 0.8440987, -0.4934825), (0.2096886, 0.84410053, -0.49348253), (0.20970424, 0.84409595, -0.49348366), (0.20969903, 0.84409785, -0.49348262), (0.21289346, 0.92295134, -0.32068238), (0.21287751, 0.9229575, -0.32067555), (0.21281543, 0.9229728, -0.32067248), (0.21285701, 0.9229621, -0.32067558), (0.9760032, -0.11374761, 0.18568552), (0.9759964, -0.11377055, 0.18570744), (0.97599936, -0.11373889, 0.18571131), (0.9759991, -0.11378026, 0.18568742), (0.027960273, 0.95361406, -0.29973072), (0.027980061, 0.9536145, -0.29972756), (0.027964156, 0.953613, -0.29973385), (0.027977047, 0.95361716, -0.2997192), (-0.36256614, -0.92456114, 0.11718554), (-0.3626142, -0.92454416, 0.11717158), (-0.36257625, -0.9245574, 0.11718412), (-0.36259323, -0.9245522, 0.11717271), (0.37575582, -0.49705896, 0.78213805), (0.3757547, -0.49705964, 0.78213817), (0.37581253, -0.49702537, 0.782132), (0.37577876, -0.49704558, 0.7821355), (-0.43535855, 0.5711369, -0.6958921), (-0.43538055, 0.5711379, -0.69587743), (-0.43533614, 0.57113665, -0.69590616), (-0.43535146, 0.571132, -0.6959003), (0.40579996, 0.8500696, 0.33572042), (0.40580466, 0.850058, 0.335744), (0.40579894, 0.85007596, 0.33570555), (0.4058006, 0.85007924, 0.33569506), (-0.8783688, -0.112195104, -0.46462944), (-0.87838036, -0.11219222, -0.46460816), (-0.87838286, -0.1121855, -0.46460515), (-0.8783636, -0.11138539, -0.464834), (0.31978285, 0.4100013, 0.8541884), (0.31978422, 0.41000563, 0.8541858), (0.31979406, 0.4100075, 0.85418123), (0.319813, 0.4100056, 0.85417515), (0.34986472, 0.06755945, 0.934361), (0.34988436, 0.06755841, 0.9343537), (0.3498732, 0.06755767, 0.9343579), (0.34989497, 0.0675575, 0.9343498), (0.9086704, 0.13631026, 0.394636), (0.9086724, 0.13630301, 0.39463404), (0.9086701, 0.13630983, 0.39463678), (0.90867406, 0.13631521, 0.3946259), (0.69873726, -0.3364592, -0.63131726), (0.69876623, -0.33644965, -0.6312903), (0.69873387, -0.33645663, -0.6313224), (0.6987468, -0.3364567, -0.63130796), (0.96162, 0.052751634, 0.2692664), (0.96161973, 0.052751746, 0.26926693), (0.9616214, 0.052752137, 0.26926112), (0.9616183, 0.052754015, 0.26927152), (0.73300153, -0.18041103, -0.6558663), (0.7331581, -0.18037005, -0.6557026), (0.7331346, -0.18037584, -0.6557272), (0.7331914, -0.18036094, -0.65566784), (-0.028720656, -0.43933263, -0.8978653), (-0.028721219, -0.43933612, -0.89786357), (-0.02872059, -0.4393352, -0.8978639), (-0.028749079, -0.43933472, -0.89786327), (-0.08407377, -0.38453436, -0.9192741), (-0.08408377, -0.38453266, -0.9192739), (-0.08406437, -0.38453493, -0.9192748), (-0.08407129, -0.38453385, -0.9192746), (-0.8053205, -0.20350811, -0.55681545), (-0.80533326, -0.20350161, -0.55679935), (-0.80534446, -0.20349658, -0.55678487), (-0.80531853, -0.20350759, -0.55681837), (-0.9090287, -0.12775265, -0.3966686), (-0.90902895, -0.12775366, -0.396668), (-0.90904254, -0.12774876, -0.39663833), (-0.90903324, -0.12775108, -0.3966589), (-0.84702706, -0.296313, -0.44129774), (-0.847003, -0.2963349, -0.44132936), (-0.84702486, -0.29631853, -0.44129825), (-0.84702, -0.2963194, -0.44130716), (-0.5489422, 0.367903, 0.7505396), (-0.54893726, 0.3679004, 0.7505446), (-0.54892534, 0.36790523, 0.750551), (-0.54895276, 0.36789906, 0.7505338), (-0.92839134, -0.05201486, -0.36794573), (-0.9283858, -0.05201696, -0.36795935), (-0.9283976, -0.052012898, -0.36793008), (-0.9283938, -0.05201397, -0.36793956), (-0.6034739, 0.0072931526, 0.79734933), (-0.6033615, 0.007321897, 0.7974343), (-0.6033063, 0.0073360815, 0.7974759), (-0.603336, 0.0073285284, 0.7974535), (-0.3899695, 0.2650459, -0.8818585), (-0.38995296, 0.2650326, -0.8818698), (-0.38997602, 0.26506045, -0.8818512), (-0.38996786, 0.2650433, -0.88186), (-0.49886817, 0.49644735, -0.71040165), (-0.4988601, 0.49646455, -0.7103954), (-0.4988674, 0.49644217, -0.71040577), (-0.49886847, 0.4964402, -0.71040654), (0.2772075, -0.2874489, 0.9168038), (0.27761492, -0.28791755, 0.91653335), (0.2776876, -0.28800353, 0.9164843), (0.2778691, -0.28821322, 0.9163634), (0.29944757, -0.68263257, 0.66659135), (0.29943246, -0.6826477, 0.66658247), (0.29943186, -0.68264836, 0.6665823), (0.29943407, -0.6826422, 0.66658735), (-0.47207043, 0.43876335, -0.76461506), (-0.47207522, 0.43875918, -0.7646145), (-0.47205094, 0.43870175, -0.76466244), (-0.47205877, 0.43874434, -0.7646332), (-0.37058872, 0.78210616, -0.50097287), (-0.37059554, 0.78209764, -0.5009813), (-0.37052768, 0.78216463, -0.50092685), (-0.37057233, 0.78212446, -0.5009565), (-0.0004634459, 0.38717875, -0.9220046), (-0.00044659135, 0.38720006, -0.9219957), (-0.0004619926, 0.38717923, -0.9220044), (-0.00046271374, 0.3871795, -0.9220043), (0.11027004, -0.61805904, 0.7783595), (0.110262424, -0.6180525, 0.7783658), (0.1102694, -0.6180685, 0.7783521), (0.11027514, -0.61805433, 0.7783626), (-0.32379934, 0.6980985, -0.6386021), (-0.32380584, 0.69808614, -0.6386122), (-0.32379335, 0.69810694, -0.6385957), (-0.32378775, 0.6981161, -0.63858855), (-0.13382472, 0.87240475, -0.47010726), (-0.13382678, 0.87240493, -0.47010642), (-0.13384333, 0.87239814, -0.47011426), (-0.13384278, 0.87239784, -0.47011498), (0.2626808, -0.6389074, 0.7230465), (0.2626862, -0.6389015, 0.7230497), (0.26263222, -0.6389992, 0.72298294), (0.26254496, -0.63917124, 0.72286254), (-0.19577461, 0.8338806, -0.51605767), (-0.19575647, 0.83388907, -0.5160508), (-0.19576949, 0.8338822, -0.5160571), (-0.19575864, 0.83390003, -0.5160322), (0.22851017, 0.9090571, -0.34842247), (0.22850686, 0.90905434, -0.34843186), (0.22852485, 0.9090567, -0.3484139), (0.2285086, 0.9090632, -0.34840766), (0.10487945, -0.75362587, 0.64888245), (0.104930505, -0.7535871, 0.64891917), (0.10479524, -0.75368845, 0.6488233), (0.104815386, -0.75367355, 0.6488374), (-0.0912445, -0.5532908, 0.82797575), (-0.091231056, -0.5532742, 0.82798827), (-0.09123473, -0.5532935, 0.8279749), (-0.09124083, -0.5532881, 0.82797784), (0.050293013, -0.72187436, 0.6901942), (0.0503194, -0.72184217, 0.69022596), (0.050322827, -0.7218373, 0.69023085), (0.050323863, -0.7218322, 0.6902359), (0.17834671, 0.7730049, -0.6088152), (0.17834984, 0.7730074, -0.60881114), (0.17835367, 0.773013, -0.60880286), (0.17833616, 0.77299076, -0.60883605), (-0.06535671, 0.42577595, -0.9024651), (-0.0653604, 0.42577237, -0.90246665), (-0.06539105, 0.42578146, -0.90246004), (-0.065419756, 0.42578405, -0.90245676), (-0.051476773, 0.72088075, -0.6911448), (-0.051493112, 0.7208637, -0.69116133), (-0.051431082, 0.7209311, -0.6910956), (-0.05149036, 0.72086304, -0.6911622), (-0.12449607, -0.71319914, 0.68981725), (-0.12450473, -0.7132281, 0.6897857), (-0.12449654, -0.7132001, 0.6898162), (-0.124507226, -0.7132076, 0.68980634), (0.98787606, -0.15517482, 0.004639104), (0.9878758, -0.155177, 0.004633046), (0.98787737, -0.15516712, 0.004632696), (0.9878764, -0.15517254, 0.004641404), (0.13810618, 0.84699637, -0.51334566), (0.13810916, 0.8469969, -0.5133441), (0.13812992, 0.8469974, -0.5133376), (0.13809042, 0.8469942, -0.51335347), (0.43246004, 0.7668707, -0.47422335), (0.4324621, 0.76687086, -0.47422108), (0.43246144, 0.7668685, -0.47422546), (0.4324692, 0.7668636, -0.47422636), (-0.09088185, -0.78937554, 0.6071464), (-0.090727136, -0.78937095, 0.6071755), (-0.090937994, -0.7893765, 0.6071368), (-0.09066665, -0.78936756, 0.60718906), (0.3543442, 0.8016422, -0.48146662), (0.35435948, 0.801634, -0.48146874), (0.35445184, 0.80160296, -0.48145258), (0.3543591, 0.80163926, -0.48146048), (0.68741447, 0.49482384, -0.5316115), (0.6874066, 0.49485406, -0.53159356), (0.68740284, 0.49485648, -0.531596), (0.6874092, 0.49483493, -0.53160787), (-0.28859147, -0.72776586, 0.62215084), (-0.28867212, -0.7277285, 0.6221572), (-0.28889996, -0.7276276, 0.62216955), (-0.28913096, -0.7275221, 0.6221855), (0.27048963, 0.67592525, -0.6855366), (0.27046824, 0.675926, -0.6855443), (0.27051288, 0.6759206, -0.685532), (0.2704898, 0.6759273, -0.68553454), (0.5682884, 0.57468766, -0.5888824), (0.5682984, 0.5746852, -0.58887506), (0.56829184, 0.5746886, -0.5888781), (0.5682967, 0.5746717, -0.58888996), (0.6845732, 0.23371145, -0.6904625), (0.68451875, 0.23340626, -0.6906197), (0.68462974, 0.23402987, -0.69029856), (0.68466884, 0.23424937, -0.6901854), (-0.19655815, -0.35202017, 0.91512114), (-0.19656886, -0.3520175, 0.9151198), (-0.19656245, -0.35199195, 0.91513103), (-0.19655706, -0.35199982, 0.91512924), (-0.51921105, -0.4274145, 0.74009234), (-0.5192073, -0.42744234, 0.7400789), (-0.51920736, -0.42741147, 0.74009675), (-0.5192197, -0.42742738, 0.7400789), (0.6332172, 0.40291187, -0.66083133), (0.6332136, 0.402908, -0.6608371), (0.63321763, 0.4028811, -0.6608496), (0.63321984, 0.40290788, -0.6608311), (0.58945805, 0.20961581, -0.7801284), (0.58946687, 0.2096265, -0.7801189), (0.5894809, 0.20964901, -0.7801023), (0.5894821, 0.20964736, -0.78010184), (0.46749768, 0.12984146, -0.87440675), (0.46750948, 0.12985912, -0.8743977), (0.46750134, 0.12984262, -0.87440455), (0.46749023, 0.12982169, -0.87441367), (0.2692855, -0.0909769, -0.9587536), (0.26930025, -0.09096393, -0.9587508), (0.26927832, -0.09098062, -0.9587554), (0.2692978, -0.090973966, -0.9587504), (-0.4147583, -0.23737736, 0.87842333), (-0.41474864, -0.23735896, 0.87843287), (-0.41467592, -0.2371925, 0.8785122), (-0.4147985, -0.23744771, 0.8783853), (0.035589907, -0.10814155, 0.9934983), (0.035562966, -0.108136535, 0.99349976), (0.035519093, -0.10813006, 0.99350196), (0.035607215, -0.10814565, 0.99349713), (0.31478164, 0.029485947, -0.9487061), (0.31471068, 0.02943583, -0.94873106), (0.31470022, 0.029424476, -0.94873494), (0.31476533, 0.029468153, -0.948712), (-0.032141186, -0.06291703, -0.9975011), (-0.032131262, -0.062918566, -0.9975013), (-0.032123215, -0.06292254, -0.9975013), (-0.032140218, -0.06291547, -0.9975012), (-0.22638363, -0.21088092, 0.95093626), (-0.22639294, -0.21088842, 0.9509324), (-0.22647856, -0.21097197, 0.95089346), (-0.22640824, -0.21091156, 0.9509235), (0.18177235, 0.46693227, -0.8654092), (0.18176337, 0.4669295, -0.8654126), (0.18178412, 0.4669336, -0.865406), (0.18176547, 0.46692815, -0.8654129), (0.047589283, -0.38670972, 0.9209728), (0.04759328, -0.38670948, 0.9209727), (0.04760665, -0.3867014, 0.92097545), (0.047612973, -0.3866999, 0.92097574), (0.005482401, -0.019288752, -0.99979895), (0.0054611093, -0.019292613, -0.99979895), (0.0054749018, -0.01928988, -0.99979895), (0.005474128, -0.01929418, -0.99979883), (-0.29722974, 0.014988908, -0.9546884), (-0.29720306, 0.014983768, -0.9546967), (-0.2971893, 0.014969782, -0.9547012), (-0.29719028, 0.014974425, -0.9547009), (-0.061162528, -0.08683766, 0.99434316), (-0.061121445, -0.08683392, 0.9943461), (-0.060900886, -0.08681207, 0.9943614), (-0.06067598, -0.08679047, 0.9943771), (-0.21633413, -0.00421401, -0.97631025), (-0.216325, -0.0042162417, -0.9763123), (-0.21634744, -0.0042126207, -0.9763074), (-0.21632512, -0.0042164754, -0.9763123), (0.3315899, -0.57249135, 0.7498679), (0.33159715, -0.57249105, 0.7498648), (0.3315592, -0.572471, 0.749897), (0.33156577, -0.572478, 0.74988866), (-0.56199443, 0.23074396, -0.79430443), (-0.56199527, 0.23074473, -0.79430354), (-0.5619928, 0.23074444, -0.79430544), (-0.56198686, 0.23073812, -0.7943115), (0.1366419, -0.14843702, 0.9794362), (0.13670692, -0.14846209, 0.97942346), (0.13701606, -0.148579, 0.9793625), (0.1371574, -0.14863263, 0.9793346), (-0.11393254, 0.22883247, -0.96677566), (-0.11383965, 0.22882883, -0.96678734), (-0.11393983, 0.22883284, -0.96677464), (-0.11385252, 0.22883007, -0.96678567), (0.9021655, 0.058707688, 0.4273766), (0.90217704, 0.058695674, 0.42735395), (0.9021749, 0.058699746, 0.42735782), (0.9021639, 0.058692556, 0.42738217), (0.9992261, -0.031156763, -0.024012964), (0.9992256, -0.031171566, -0.024012404), (0.9992261, -0.031167144, -0.02399903), (0.9992268, -0.031146022, -0.02399315), (-0.43176374, 0.20123398, 0.8792525), (-0.4317525, 0.20118801, 0.87926847), (-0.4317293, 0.20108806, 0.87930286), (-0.4317714, 0.20128205, 0.8792378), (-0.952641, -0.21321505, -0.21682808), (-0.9526393, -0.21323381, -0.21681756), (-0.95263916, -0.21321274, -0.21683845), (-0.95263517, -0.21324182, -0.21682774), (-0.26137453, 0.95257694, -0.15582213), (-0.26137763, 0.95257825, -0.15580855), (-0.26137087, 0.9525753, -0.15583795), (-0.26137692, 0.952579, -0.15580513), (0.1220611, -0.2764736, -0.95323837), (0.1220312, -0.27631906, -0.953287), (0.12201834, -0.2762483, -0.9533092), (0.12205441, -0.27643803, -0.9532495), (0.06945774, -0.9717629, 0.22550496), (0.06944564, -0.97176546, 0.22549771), (0.06947039, -0.97175926, 0.22551645), (0.069469996, -0.9717611, 0.22550881), (0.047212947, 0.93353665, -0.35535935), (0.047212306, 0.9335438, -0.3553405), (0.047209542, 0.93354535, -0.35533682), (0.047209427, 0.93353945, -0.3553524), (-0.11535745, 0.92252487, -0.36829412), (-0.115347765, 0.9225152, -0.3683213), (-0.11537142, 0.92253673, -0.3682601), (-0.1153365, 0.92250997, -0.36833784), (-0.3020599, 0.89800125, -0.31992722), (-0.3020765, 0.89798915, -0.31994548), (-0.3020981, 0.89797515, -0.31996483), (-0.30206156, 0.8980014, -0.3199256), (0.14622109, -0.8548859, 0.49778453), (0.14631797, -0.85500073, 0.49755877), (0.14659522, -0.8553347, 0.49690264), (0.14633404, -0.8550258, 0.49751103), (0.3514041, -0.813965, 0.46257535), (0.35136282, -0.8140008, 0.46254376), (0.35129455, -0.81405956, 0.46249226), (0.35135734, -0.814006, 0.46253905), (0.65417945, 0.1427142, 0.7427528), (0.6541851, 0.14270444, 0.7427498), (0.6541715, 0.14270689, 0.7427613), (0.65417403, 0.14270887, 0.74275875), (0.53575283, 0.35087857, 0.76801896), (0.53574854, 0.35088876, 0.76801735), (0.535749, 0.35090742, 0.7680085), (0.5357543, 0.350898, 0.76800907), (-0.040601164, 0.31580484, 0.9479551), (-0.04059934, 0.31581002, 0.94795346), (-0.040595982, 0.3157845, 0.94796216), (-0.040596418, 0.3157767, 0.9479647), (-0.79299086, -0.20120259, -0.57505035), (-0.7929948, -0.2011818, -0.5750524), (-0.79297537, -0.20119552, -0.57507426), (-0.7929759, -0.20116042, -0.57508594), (-0.22867338, -0.3783969, -0.89695275), (-0.22867754, -0.37840757, -0.8969472), (-0.22867103, -0.3783819, -0.89695966), (-0.22867545, -0.37840158, -0.89695024), (0.31959295, -0.1416355, -0.93690974), (0.3196025, -0.14165154, -0.93690395), (0.31960124, -0.14165848, -0.93690336), (0.3195893, -0.14163564, -0.93691087), (0.6530612, 0.29909626, 0.6957389), (0.6530635, 0.29907838, 0.69574434), (0.6530707, 0.2990617, 0.6957448), (0.6530709, 0.29907012, 0.6957409), (0.26053062, 0.29312763, 0.91989124), (0.26054168, 0.2931016, 0.9198964), (0.260542, 0.29310003, 0.9198969), (0.2605332, 0.293118, 0.91989356), (-0.70432216, 0.090408765, 0.7040998), (-0.70431083, 0.09038623, 0.70411414), (-0.7043148, 0.09042528, 0.704105), (-0.70432574, 0.09043583, 0.70409274), (-0.3440062, 0.8180808, -0.46087247), (-0.34391752, 0.8181567, -0.46080405), (-0.34382924, 0.8182336, -0.46073323), (-0.34392005, 0.8181556, -0.4608041), (-0.1483693, 0.85551697, -0.4960618), (-0.14846383, 0.855635, -0.4958298), (-0.14854161, 0.8557295, -0.49564335), (-0.14845751, 0.85563195, -0.49583703), (0.31478512, -0.8915385, 0.32568303), (0.3147521, -0.8915619, 0.32565093), (0.31471455, -0.8915889, 0.32561308), (0.31479797, -0.89152914, 0.32569617), (-0.79109025, 0.6116803, 0.0048203813), (-0.7910893, 0.6116817, 0.0048173275), (-0.79109085, 0.6116799, 0.0048013297), (-0.7910906, 0.61168, 0.0048159617), (-0.2511198, -0.30246258, -0.9194864), (-0.25112274, -0.30245128, -0.9194893), (-0.25113535, -0.30240402, -0.91950136), (-0.25113654, -0.3024007, -0.91950214), (-0.45618126, 0.87279356, -0.17358015), (-0.45618308, 0.87278754, -0.17360537), (-0.4561822, 0.8727931, -0.17357989), (-0.4561816, 0.87279713, -0.17356126), (0.46923238, -0.8649456, 0.1780172), (0.46923235, -0.8649471, 0.1780101), (0.4692319, -0.8649397, 0.17804676), (0.46923155, -0.86494166, 0.17803857), (0.23368481, 0.25873026, 0.93725675), (0.23367979, 0.25873756, 0.9372559), (0.23365535, 0.25874883, 0.9372589), (0.23366684, 0.25873852, 0.9372589), (0.95087093, -0.29181454, -0.103386216), (0.9508716, -0.29181382, -0.10338243), (0.95087093, -0.29181415, -0.10338749), (0.9508706, -0.29181442, -0.10338954), (0.23493983, 0.28269026, 0.9299944), (0.23489048, 0.2827467, 0.92998964), (0.2348535, 0.28278768, 0.92998654), (0.23490478, 0.28272972, 0.9299912), (-0.22790003, -0.28916866, -0.9297543), (-0.22769278, -0.2894061, -0.92973125), (-0.22833174, -0.28867754, -0.929801), (-0.22801383, -0.28903958, -0.9297666), (-0.21532649, -0.26810485, -0.9390178), (-0.21529616, -0.26812047, -0.9390203), (-0.21518639, -0.26817983, -0.93902844), (-0.21527714, -0.2681323, -0.9390212), (-0.94387704, 0.30537352, 0.12586951), (-0.9438779, 0.30537397, 0.12586278), (-0.94388235, 0.3053719, 0.12583359), (-0.943867, 0.30537775, 0.12593436), (-0.23353282, -0.2834273, -0.9301244), (-0.23355855, -0.28349045, -0.93009865), (-0.23359884, -0.28353688, -0.9300744), (-0.23354208, -0.2834474, -0.93011594), (0.8401676, -0.47765815, -0.2568288), (0.84018755, -0.4776155, -0.25684306), (0.8401405, -0.47771817, -0.256806), (0.8401953, -0.47760534, -0.25683644), (0.3741717, 0.7700665, -0.5167137), (0.374164, 0.7700636, -0.51672375), (0.37417614, 0.7700705, -0.5167046), (0.37417364, 0.770068, -0.5167101), (-0.39071915, -0.7616349, 0.5169631), (-0.39071357, -0.7616334, 0.5169695), (-0.39072275, -0.7616343, 0.5169613), (-0.39070052, -0.7616343, 0.516978), (-0.39071795, -0.7616348, 0.51696414), (0.5094467, 0.12620096, 0.85119766), (0.50951195, 0.1263346, 0.8511387), (0.50950027, 0.12631063, 0.85114926), (0.5094618, 0.12623331, 0.85118383), (-0.3060294, -0.8783631, 0.3671842), (-0.3060447, -0.87835765, 0.36718458), (-0.30609488, -0.8783455, 0.3671718), (-0.30603653, -0.8783622, 0.36718073), (0.5102623, 0.7638035, -0.3952677), (0.5102725, 0.7637988, -0.39526367), (0.5102893, 0.76379055, -0.39525792), (0.5102808, 0.7637943, -0.3952615), (-0.50494254, -0.8456021, 0.17317668), (-0.5048989, -0.84559315, 0.17334776), (-0.5048517, -0.8455834, 0.17353259), (-0.50489795, -0.8455931, 0.17335069), (-0.63304645, -0.72039104, 0.28335297), (-0.6331562, -0.7203083, 0.28331843), (-0.63308805, -0.7203595, 0.2833402), (-0.6331345, -0.7203267, 0.28331992), (-0.9165739, 0.28204182, -0.28345132), (-0.9165831, 0.28201932, -0.28344402), (-0.91916865, 0.2781174, -0.27888995), (-0.92094487, 0.27632698, -0.27477962), (-0.92172587, 0.27640942, -0.27206478), (-0.9217185, 0.27642548, -0.27207345), (-0.87642735, 0.25267345, -0.409916), (-0.8764399, 0.25265127, -0.40990305), (-0.8764313, 0.25267538, -0.40990633), (-0.8764358, 0.25266755, -0.40990183), (-0.5630688, -0.059409637, -0.82427186), (-0.56304926, -0.05936179, -0.8242886), (-0.56306344, -0.0593941, -0.82427657), (-0.56305104, -0.059367158, -0.824287), (0.9558711, -0.28636634, 0.06561016), (0.9558763, -0.28634977, 0.065606326), (0.9558763, -0.2863506, 0.06560402), (0.95587206, -0.28636393, 0.065607026), (0.70517397, -0.08475827, 0.7039501), (0.7051839, -0.084752165, 0.70394075), (0.70517236, -0.08476554, 0.7039508), (0.7051723, -0.08477741, 0.7039494), (0.36677027, 0.3315087, 0.86924195), (0.36676586, 0.3314997, 0.86924726), (0.3667617, 0.33148026, 0.86925644), (0.36677244, 0.33152175, 0.86923605), (-0.7717823, 0.048384476, -0.6340434), (-0.7717869, 0.04837796, -0.63403815), (-0.7717913, 0.048369523, -0.63403356), (-0.7717846, 0.048381012, -0.63404095), (0.07550744, -0.42695, -0.9011172), (0.075505085, -0.42694172, -0.9011213), (0.07550791, -0.42693567, -0.90112406), (0.07550877, -0.4269448, -0.9011196), (0.6275629, 0.7256114, -0.2822286), (0.62733006, 0.72578067, -0.2823108), (0.6271438, 0.7259151, -0.28237897), (0.6272475, 0.7258394, -0.2823433), (0.50587183, 0.8447542, -0.17459649), (0.50578594, 0.8447381, -0.17492272), (0.50579846, 0.8447403, -0.17487629), (0.50578094, 0.84473693, -0.17494267), (0.76450175, -0.05283614, 0.6424526), (0.764525, -0.0527938, 0.6424285), (0.7644985, -0.052837666, 0.64245635), (0.76452214, -0.05279264, 0.6424319), (0.52887225, 0.634129, -0.56406975), (0.5288649, 0.63412714, -0.56407857), (0.52886033, 0.63412684, -0.56408316), (0.5288695, 0.63412833, -0.5640729), (-0.54086435, -0.6238454, 0.5641655), (-0.54087883, -0.6238481, 0.5641486), (-0.54084796, -0.623845, 0.5641815), (-0.5408709, -0.623852, 0.56415194), (-0.7579524, 0.02722555, -0.65174145), (-0.7580075, 0.027189443, -0.6516788), (-0.7580125, 0.027186023, -0.65167326), (-0.75796586, 0.027216716, -0.65172625), (0.7481787, -0.03243332, 0.6627041), (0.74816495, -0.032442108, 0.6627192), (0.7481705, -0.032438666, 0.6627131), (0.7481821, -0.032432035, 0.66270024), (0.026196903, -0.49256325, -0.8698823), (0.026197802, -0.4925671, -0.86988), (0.026199035, -0.49254304, -0.86989367), (0.026179623, -0.49257615, -0.8698755), (0.98492324, -0.1694683, 0.03473605), (0.9849214, -0.16947934, 0.034736406), (0.9849258, -0.16945513, 0.03472908), (0.98492634, -0.16945156, 0.034729302), (-0.32437718, -0.67085445, 0.66688365), (-0.32437032, -0.67084914, 0.6668924), (-0.32438228, -0.67084575, 0.6668899), (-0.32440194, -0.6708465, 0.6668795), (-0.798102, 0.006409756, -0.60248816), (-0.7980899, 0.0064243805, -0.60250425), (-0.79811877, 0.0064073657, -0.60246617), (-0.7981193, 0.0064153606, -0.60246533), (-0.2063736, -0.6808193, 0.7027766), (-0.20635423, -0.68081826, 0.7027834), (-0.20635964, -0.68082076, 0.7027793), (-0.18046549, -0.6802614, 0.710406), (-0.84457767, 0.2605228, -0.4677783), (-0.84458405, 0.26051247, -0.46777245), (-0.84458333, 0.26052096, -0.467769), (-0.84457785, 0.26053226, -0.46777272), (-0.64512026, -0.3430182, -0.682758), (-0.64514077, -0.34302053, -0.6827374), (-0.6451461, -0.34301692, -0.6827342), (-0.6451262, -0.34304693, -0.6827377), (0.7840197, 0.03987312, 0.6194539), (0.784267, 0.039568037, 0.61916035), (0.78401244, 0.039884362, 0.61946243), (0.78401935, 0.03987494, 0.6194543), (0.09720088, 0.61230546, 0.78462344), (0.09720382, 0.6123152, 0.7846155), (0.09719788, 0.6122905, 0.7846356), (0.097211495, 0.6123456, 0.78459084), (0.36121216, -0.58336926, -0.72746545), (0.36121133, -0.5833565, -0.7274762), (0.36121175, -0.5833601, -0.7274731), (0.36121258, -0.58336955, -0.72746503), (0.12292912, 0.80159664, -0.58509076), (0.12293908, 0.8015982, -0.5850866), (0.12294488, 0.80159956, -0.5850835), (0.12292593, 0.8015958, -0.58509254), (0.48505488, 0.7448339, -0.45819676), (0.48505554, 0.74483806, -0.45818928), (0.4850626, 0.74483865, -0.458181), (0.4850674, 0.7448361, -0.45817983), (0.592618, 0.2994595, 0.74774855), (0.59261316, 0.29945323, 0.74775493), (0.5926381, 0.2994845, 0.7477227), (0.5926379, 0.29948336, 0.7477232), (-0.55222404, -0.5419474, 0.63351524), (-0.55221975, -0.5419441, 0.633522), (-0.5522213, -0.54194415, 0.63352054), (-0.5522281, -0.5419528, 0.63350713), (-0.73123574, -0.44260737, -0.5190308), (-0.7312452, -0.44260657, -0.5190183), (-0.7312472, -0.44262522, -0.5189994), (-0.73124224, -0.44261837, -0.5190123), (0.36656487, 0.20671569, 0.9071377), (0.3665887, 0.20672557, 0.90712583), (0.3665963, 0.20673491, 0.90712065), (0.3665871, 0.20670635, 0.90713084), (-0.37763956, 0.65805316, 0.65142506), (-0.37762937, 0.6580501, 0.6514339), (-0.377636, 0.6580454, 0.65143484), (-0.37764746, 0.658037, 0.6514365), (0.77952784, -0.57076424, -0.25800103), (0.7795203, -0.570785, -0.2579778), (0.7795159, -0.5707878, -0.2579846), (0.77952427, -0.5707716, -0.25799578), (-0.5580594, 0.5125547, 0.6525775), (-0.5580837, 0.5124921, 0.65260583), (-0.558093, 0.5124587, 0.65262413), (-0.5581099, 0.5124138, 0.652645), (0.44681472, -0.3264383, 0.8329434), (0.4468019, -0.3264186, 0.83295804), (0.4468154, -0.32643193, 0.83294547), (0.4468138, -0.3264549, 0.83293736), (0.2834581, -0.7202961, 0.6331074), (0.28345528, -0.72030437, 0.6330993), (0.2834402, -0.7202951, 0.6331167), (0.28344, -0.7202757, 0.63313884), (0.9264021, 0.07606593, 0.36877233), (0.9264015, 0.07606648, 0.368774), (0.92640877, 0.076064914, 0.3687561), (0.9264116, 0.07606255, 0.36874923), (-0.5444539, 0.14387864, 0.8263588), (-0.5444411, 0.14387912, 0.8263672), (-0.5444479, 0.14387022, 0.8263643), (-0.5444502, 0.14388168, 0.8263607), (0.9346456, -0.0070422185, -0.355511), (0.9346471, -0.0070962724, -0.35550588), (0.9346425, -0.0070979022, -0.35551804), (0.93464637, -0.007074707, -0.35550836), (0.51537097, 0.0880307, 0.85243374), (0.5153638, 0.08809557, 0.8524314), (0.51535714, 0.08811891, 0.8524331), (0.5153604, 0.08808624, 0.85243446), (0.14940304, 0.9839653, -0.09742258), (0.14938705, 0.983969, -0.09740892), (0.14939387, 0.9839676, -0.09741274), (0.14941081, 0.98396367, -0.09742629), (-0.15524802, -0.9846673, 0.079550534), (-0.1552554, -0.98466575, 0.07955535), (-0.15525644, -0.98466563, 0.079554945), (-0.15526246, -0.9846645, 0.0795567), (-0.768416, -0.009663598, 0.6398778), (-0.7684196, -0.009631922, 0.63987386), (-0.7684181, -0.009647067, 0.6398754), (-0.76841366, -0.00966581, 0.6398806), (0.059458483, 0.9959145, 0.06796369), (0.059456423, 0.9959122, 0.06799995), (0.05945521, 0.9959111, 0.06801664), (0.05945556, 0.99591184, 0.068006076), (0.14634605, -0.98779696, -0.05329189), (0.1463426, -0.9877977, -0.053289123), (0.14633335, -0.9877989, -0.053288303), (0.14633927, -0.98779804, -0.053291094), (-0.026754122, -0.95898885, -0.28217855), (-0.026742786, -0.959003, -0.28213155), (-0.026742741, -0.95900166, -0.28213584), (-0.026745375, -0.95900047, -0.28213975), (0.058542453, -0.25757155, -0.9644841), (0.058539674, -0.25758198, -0.96448153), (0.058547482, -0.25758982, -0.96447897), (0.05853775, -0.2575706, -0.96448475), (0.1289533, -0.074144766, -0.9888749), (0.12895113, -0.074162684, -0.98887384), (0.12895691, -0.07413142, -0.9888755), (0.12895526, -0.07414756, -0.98887444), (0.15289213, 0.18015015, 0.9716841), (0.1528857, 0.1801398, 0.971687), (0.15289487, 0.18016334, 0.9716812), (0.1528872, 0.18016349, 0.97168237), (-0.48793635, -0.003900688, 0.87287045), (-0.4879417, -0.0038710954, 0.87286764), (-0.48794737, -0.0039001585, 0.87286437), (-0.48795405, -0.0038719785, 0.87286085), (-0.90071285, 0.17905213, 0.39579886), (-0.90072465, 0.17900565, 0.39579308), (-0.9007205, 0.17902853, 0.39579207), (-0.9007197, 0.17901139, 0.39580148), (0.03807298, -0.09771494, -0.9944859), (0.038073655, -0.09771935, -0.99448544), (0.038072538, -0.097739294, -0.99448353), (0.038072772, -0.09773574, -0.9944839), (0.4790095, -0.07989936, -0.87416583), (0.47910738, -0.07891599, -0.87420154), (0.47909385, -0.079052955, -0.8741966), (0.47902316, -0.07974616, -0.8741724), (0.99973685, 0.011180898, -0.02002764), (0.9997372, 0.011161052, -0.020024143), (0.9997373, 0.0111496085, -0.020021426), (0.9997371, 0.011168117, -0.020026205), (-0.04214535, 0.98332614, -0.17689955), (-0.042149838, 0.98333156, -0.17686833), (-0.04214534, 0.9833325, -0.17686437), (-0.04214286, 0.98332906, -0.17688438), (-0.016782008, 0.99173766, 0.12718034), (-0.016865578, 0.9917721, 0.12690006), (-0.016864307, 0.9917739, 0.12688655), (-0.016861843, 0.99177086, 0.12691088), (0.61417, 0.73659086, 0.2832475), (0.6141409, 0.7366026, 0.2832797), (0.6141649, 0.73659325, 0.28325254), (0.6141726, 0.7365896, 0.28324506), (-0.48170504, 0.07664314, 0.87297535), (-0.4817047, 0.07662596, 0.8729771), (-0.48171178, 0.07662921, 0.8729729), (-0.48170948, 0.07667216, 0.87297046), (0.2698598, 0.9599916, 0.074778594), (0.26984257, 0.9599948, 0.07480042), (0.269823, 0.95999885, 0.07481824), (0.26983848, 0.95999587, 0.0747999), (-0.2753751, -0.9571334, -0.089801095), (-0.2753422, -0.95713997, -0.08983195), (-0.27533573, -0.95714146, -0.08983552), (-0.2753665, -0.9571357, -0.08980315), (0.5048609, -0.11948774, -0.8548907), (0.50486517, -0.11948524, -0.8548886), (0.50483733, -0.11950848, -0.85490173), (0.5048276, -0.1195155, -0.85490644), (-0.6061929, -0.73391134, -0.30643806), (-0.60619247, -0.7339112, -0.3064392), (-0.606167, -0.7339213, -0.30646542), (-0.60615355, -0.7339269, -0.30647883), (0.5000225, -0.09527309, -0.86075586), (0.5000553, -0.095222235, -0.86074233), (0.50008893, -0.095162585, -0.86072946), (0.500016, -0.09528342, -0.8607584), (-0.5050763, 0.08790162, 0.8585867), (-0.50523025, 0.08762513, 0.85852444), (-0.50549436, 0.08715003, 0.85841733), (-0.50532806, 0.08744503, 0.8584853), (-0.85795397, 0.00728007, -0.51367486), (-0.8579508, 0.00731864, -0.51367974), (-0.85795397, 0.007297759, -0.51367474), (-0.85795635, 0.007307635, -0.51367056), (0.97551507, 0.040222425, 0.21622348), (0.97551507, 0.040215466, 0.21622458), (0.9755152, 0.04020808, 0.21622576), (0.9755148, 0.040240984, 0.216221), (0.3246864, 0.11121209, 0.9392606), (0.32467815, 0.1112535, 0.93925864), (0.32468665, 0.111207485, 0.93926114), (0.32467917, 0.11123594, 0.9392603), (-0.86199015, -0.1255581, -0.4911295), (-0.86199397, -0.12555316, -0.4911241), (-0.8619953, -0.12554431, -0.49112388), (-0.86199343, -0.12555897, -0.49112353), (0.17125563, 0.012921695, 0.9851419), (0.17122458, 0.012991315, 0.98514634), (0.17122914, 0.012981157, 0.9851457), (0.1712322, 0.0129742455, 0.98514533), (-0.3792246, 0.8749487, 0.30108717), (-0.37923378, 0.8749501, 0.30107135), (-0.37923282, 0.87494797, 0.30107898), (-0.37922665, 0.87494993, 0.3010809), (-0.8715812, -0.37860382, 0.3114569), (-0.87158906, -0.3785857, 0.31145698), (-0.871581, -0.37860593, 0.3114549), (-0.8715858, -0.37859514, 0.31145436), (0.44372213, -0.8658566, -0.23109137), (0.44373223, -0.86585075, -0.23109335), (0.44373652, -0.86584824, -0.23109433), (0.44375208, -0.8658387, -0.23110066), (-0.254474, 0.9364645, 0.24140696), (-0.2539219, 0.93660665, 0.24143672), (-0.2536993, 0.9366645, 0.2414463), (-0.25385615, 0.93662447, 0.24143673), (0.52219814, -0.84159064, 0.13796443), (0.5221333, -0.84169006, 0.13760334), (0.5221188, -0.84171236, 0.13752201), (0.5221339, -0.8416887, 0.13760951), (0.6574439, -0.75350326, -0.0005117313), (0.65739805, -0.7535433, -0.0005206559), (0.65741265, -0.7535306, -0.0005176376), (0.6574131, -0.75353014, -0.00051713735), (0.8902779, 0.38071477, 0.24992304), (0.89023936, 0.38080496, 0.2499229), (0.8932323, 0.3757389, 0.24689321), (0.8953096, 0.3729877, 0.2435175), (0.8962476, 0.372447, 0.2408803), (0.8962623, 0.37241462, 0.24087597), (0.8399835, 0.39164934, 0.375551), (0.8399776, 0.39166, 0.37555292), (0.83997536, 0.39166352, 0.37555435), (0.83998, 0.3916534, 0.3755547), (0.49725115, 0.21255712, 0.84116626), (0.4972452, 0.21256544, 0.8411677), (0.49723992, 0.21258101, 0.8411669), (0.49724564, 0.21256754, 0.8411669), (-0.944326, -0.32551754, -0.04782134), (-0.9443187, -0.32553777, -0.04782652), (-0.9443184, -0.32553887, -0.04782542), (-0.94431585, -0.32554644, -0.047822494), (-0.6471276, -0.31678888, -0.6934483), (-0.6471287, -0.31679323, -0.6934454), (-0.64711875, -0.31681886, -0.69344294), (-0.6471217, -0.3168189, -0.6934402), (-0.29872325, 0.03751078, -0.9536023), (-0.29873785, 0.03753913, -0.9535966), (-0.2987342, 0.03752414, -0.95359844), (-0.29872596, 0.037530683, -0.9536007), (0.71407646, 0.2471555, 0.65498775), (0.7140639, 0.24717203, 0.65499526), (0.71407586, 0.24715199, 0.65498984), (0.7140638, 0.24717784, 0.65499324), (-0.142903, -0.09989499, 0.98468256), (-0.14289875, -0.09990301, 0.9846823), (-0.14289835, -0.0999053, 0.9846822), (-0.142907, -0.09988148, 0.98468333), (-0.5282819, 0.8390549, -0.13001996), (-0.5282334, 0.83911437, -0.12983309), (-0.5282083, 0.8391448, -0.1297373), (-0.52824765, 0.8390965, -0.12988985), (-0.60776126, 0.79100275, 0.07029237), (-0.60776824, 0.7909979, 0.07028562), (-0.60776, 0.7910036, 0.07029236), (-0.6077857, 0.790986, 0.07026871), (-0.71197236, -0.28247547, -0.64288634), (-0.7119401, -0.28252786, -0.64289916), (-0.7119436, -0.28252378, -0.642897), (-0.7119651, -0.28248894, -0.64288867), (-0.6942925, -0.27043384, -0.6669509), (-0.6942895, -0.27043834, -0.6669521), (-0.71194845, -0.2825312, -0.64288837), (-0.69429886, -0.27042866, -0.6669463), (0.6084974, -0.72115195, -0.3311659), (0.60849607, -0.7211517, -0.3311688), (0.60849035, -0.7211527, -0.33117715), (0.6084978, -0.72115105, -0.33116686), (0.5837426, 0.356559, -0.7294588), (0.5837548, 0.35652587, -0.72946537), (0.5837584, 0.35652402, -0.7294633), (0.58375883, 0.3565301, -0.72945994), (-0.96259886, -0.17151533, -0.20972802), (-0.96259683, -0.17153496, -0.20972146), (-0.96259904, -0.17154665, -0.2097016), (-0.96260124, -0.17152612, -0.2097084), (0.96861625, 0.02250283, -0.24754016), (0.9686157, 0.02250157, -0.24754275), (0.9686129, 0.022526076, -0.2475514), (0.96861726, 0.022488913, -0.24753736), (-0.33867875, -0.030773079, -0.94039863), (-0.33867598, -0.030750934, -0.9404004), (-0.3386704, -0.03054539, -0.9404092), (-0.33867812, -0.030649794, -0.940403), (-0.2224747, 0.97386384, -0.045762103), (-0.22249937, 0.97385865, -0.045752876), (-0.2224947, 0.97385967, -0.04575369), (-0.22247827, 0.97386307, -0.04576161), (0.051456872, -0.99444973, -0.09177141), (0.05145559, -0.99444854, -0.091784395), (0.051457096, -0.9944494, -0.09177531), (0.05145694, -0.9944484, -0.091784924), (-0.13233353, -0.98289317, 0.1280976), (-0.13213566, -0.98291945, 0.1281003), (-0.13219091, -0.98291206, 0.12809949), (-0.1321583, -0.9829161, 0.12810238), (-0.19370794, -0.04836259, 0.97986645), (-0.19371015, -0.048376385, 0.97986525), (-0.19370233, -0.048369806, 0.9798672), (-0.19370082, -0.048377384, 0.9798671), (-0.3657795, 0.023331711, 0.9304091), (-0.36577907, 0.023332259, 0.93040925), (-0.36578298, 0.023349639, 0.93040717), (-0.36578295, 0.023347028, 0.9304073), (-0.85760057, -0.1258986, 0.4986689), (-0.85759574, -0.12589356, 0.49867868), (-0.8576008, -0.1259035, 0.49866736), (-0.8576011, -0.12588398, 0.4986719), (0.03298603, 0.08205664, -0.99608165), (0.03298246, 0.08204935, -0.99608237), (0.032987405, 0.08202879, -0.99608386), (0.03298517, 0.0820505, -0.9960821), (0.6514468, -0.040828854, -0.7575949), (0.6514447, -0.040843505, -0.7575959), (0.65146255, -0.04081705, -0.757582), (0.6514674, -0.04084154, -0.75757664), (0.948032, 0.19532533, -0.25116402), (0.948029, 0.19534315, -0.25116128), (0.9482786, 0.1953534, -0.2502094), (0.9480302, 0.1953336, -0.25116435), (-0.63328975, -0.051141933, 0.7722231), (-0.6332761, -0.05118725, 0.77223134), (-0.6332771, -0.051184732, 0.77223057), (-0.63328564, -0.051174965, 0.7722243), (-0.99091244, 0.02443676, -0.13227007), (-0.9909129, 0.024423113, -0.13226885), (-0.99091315, 0.024410646, -0.13226983), (-0.9909142, 0.024408067, -0.13226268), (-0.049405355, 0.99547416, 0.08118067), (-0.04940565, 0.99547464, 0.08117441), (-0.04940753, 0.9954705, 0.08122354), (-0.049405087, 0.99547464, 0.0811749), (0.13159771, 0.98310536, -0.12722419), (0.1315426, 0.9831125, -0.12722608), (0.13183732, 0.9830738, -0.12721951), (0.13153747, 0.9831133, -0.12722485), (-0.59053046, 0.65567327, -0.47049576), (-0.5905613, 0.655662, -0.47047275), (-0.5905074, 0.6556792, -0.47051647), (-0.5905231, 0.6556757, -0.47050166), (0.6407546, 0.04029586, -0.7666876), (0.64074135, 0.040381107, -0.7666941), (0.64071184, 0.040571563, -0.76670873), (0.640736, 0.04041428, -0.76669693), (-0.31045145, 0.92416525, -0.2225726), (-0.310433, 0.9241673, -0.2225896), (-0.31040427, 0.9241722, -0.22260927), (-0.31040987, 0.92417234, -0.22260076), (0.31222612, -0.91966003, 0.23820217), (0.31222758, -0.9196608, 0.23819722), (0.31222266, -0.9196583, 0.23821357), (0.31223333, -0.91965526, 0.23821092), (-0.65619093, -0.08593873, 0.7496853), (-0.6561821, -0.08594883, 0.74969184), (-0.6562045, -0.085930966, 0.74967414), (-0.656178, -0.08594925, 0.7496954), (0.6945679, -0.33971453, 0.63416827), (0.69457304, -0.33971256, 0.6341638), (0.69459367, -0.3397036, 0.634146), (0.694586, -0.3397083, 0.6341518), (-0.65400827, -0.061322935, 0.75399774), (-0.6539891, -0.061343223, 0.7540129), (-0.65401167, -0.061308805, 0.753996), (-0.6539683, -0.061388038, 0.7540272), (0.65954334, 0.054099854, -0.7497171), (0.6593633, 0.05439716, -0.749854), (0.659418, 0.05430102, -0.7498129), (0.65944374, 0.05425866, -0.7497933), (0.66931677, 0.07661574, -0.73901635), (0.66931593, 0.07661635, -0.739017), (0.6693405, 0.076597646, -0.7389966), (0.6693879, 0.07656161, -0.7389575), (-0.71128756, 0.34394473, -0.61300254), (-0.7113265, 0.3439292, -0.6129659), (-0.7113132, 0.34393468, -0.6129784), (-0.71130633, 0.34393755, -0.6129847), (-0.358565, 0.0052727098, -0.93348986), (-0.35856852, 0.0052636936, -0.93348855), (-0.35855606, 0.0052539143, -0.93349344), (-0.3585541, 0.0052536973, -0.93349415), (0.75243723, 0.001981677, 0.65866107), (0.7524323, 0.0019733682, 0.6586667), (0.7524336, 0.0019480125, 0.65866524), (0.752438, 0.0019883923, 0.65866), (0.4244561, 0.775892, 0.4667211), (0.4244561, 0.775892, 0.4667211), (0.4244561, 0.775892, 0.4667211), (0.424328, 0.77584016, 0.4669237), (-0.2303098, 0.36051735, -0.9038721), (-0.23028506, 0.36077043, -0.9037773), (-0.23031527, 0.36046067, -0.90389323), (-0.2303316, 0.36029333, -0.9039558), (0.3113422, 0.9206948, -0.23534445), (0.3113949, 0.9205862, -0.23569971), (0.31137097, 0.92063564, -0.2355382), (0.3113232, 0.92073405, -0.23521629), (0.7325243, 0.4047765, -0.5473246), (0.73256016, 0.4047384, -0.5473046), (0.7324812, 0.40482202, -0.54734856), (0.73245263, 0.40485224, -0.5473645), (0.8202745, 0.49062654, 0.29399925), (0.82028866, 0.4905913, 0.2940184), (0.820266, 0.49064735, 0.2939879), (0.82025176, 0.4906826, 0.29396868), (-0.11970478, 0.28113872, -0.95217216), (-0.1195765, 0.28088027, -0.95226455), (-0.11973359, 0.28119677, -0.9521514), (-0.119818375, 0.28136763, -0.9520902), (-0.085356966, 0.85371894, 0.5136907), (-0.085356966, 0.85371894, 0.5136907), (-0.085356966, 0.85371894, 0.5136907), (-0.085299835, 0.85376245, 0.5136279), (0.014016082, 0.5448605, -0.83840954), (0.013997362, 0.54516125, -0.8382144), (0.013985244, 0.5452643, -0.8381475), (0.014009588, 0.5449341, -0.8383618), (-0.06300044, 0.9774507, -0.2015468), (-0.062848814, 0.97740674, -0.20180732), (-0.06291787, 0.97742677, -0.20168868), (-0.06305531, 0.9774665, -0.2014525), (-0.57190114, 0.70360947, 0.4217378), (-0.57190114, 0.70360947, 0.4217378), (-0.57190114, 0.70360947, 0.4217378), (-0.57198083, 0.70348537, 0.42183667), (0.023424365, 0.2601965, -0.9652715), (0.023535091, 0.26011643, -0.96529037), (0.023399135, 0.26021478, -0.9652672), (0.023325924, 0.2602677, -0.9652547), (0.1579852, 0.30249354, -0.93996716), (0.15770243, 0.30254132, -0.9399994), (0.15805024, 0.30248255, -0.93995976), (0.15823719, 0.30245093, -0.9399385), (-0.003257054, 0.5469509, -0.8371584), (-0.0031738698, 0.54710597, -0.83705735), (-0.0033587727, 0.5467613, -0.8372819), (-0.0034753855, 0.54654366, -0.8374234), (-0.41995567, 0.86664975, -0.2693612), (-0.4199083, 0.8666583, -0.26940754), (-0.4199299, 0.8666544, -0.2693864), (-0.41997278, 0.8666467, -0.26934445), (-0.9055464, 0.365, 0.21624224), (-0.9055464, 0.365, 0.21624224), (-0.9055464, 0.365, 0.21624224), (-0.9054661, 0.3652838, 0.21609914), (0.2739837, 0.5181022, -0.81024873), (0.27394447, 0.5180634, -0.81028676), (0.2739929, 0.5181113, -0.8102399), (0.2740188, 0.51813686, -0.81021476), (-0.020018097, 0.5413103, -0.8405846), (-0.020020187, 0.5413385, -0.84056634), (-0.020015555, 0.54127604, -0.84060663), (-0.020012626, 0.54123664, -0.8406322), (0.25014624, 0.3974916, -0.8828518), (0.24985719, 0.3974063, -0.88297206), (0.24986638, 0.39740777, -0.8829687), (0.24983744, 0.39740193, -0.8829796), (-0.9944078, -0.07193853, -0.07731852), (-0.99440336, -0.07194056, -0.07737173), (-0.9944047, -0.07194056, -0.07735539), (-0.9944042, -0.07194084, -0.077360585), (-0.0299596, 0.5295702, -0.84773684), (-0.030274501, 0.52954906, -0.8477388), (-0.030205265, 0.5295547, -0.8477379), (-0.03012682, 0.52955717, -0.8477391), (-0.66396993, 0.6182413, -0.42062044), (-0.6636056, 0.6184713, -0.42085737), (-0.6637721, 0.6183662, -0.4207491), (-0.6637473, 0.6183804, -0.42076725), (-0.82935333, -0.46217778, -0.3139502), (-0.82935345, -0.4621777, -0.31394994), (-0.8293546, -0.4621771, -0.31394795), (-0.8293463, -0.46218953, -0.3139515), (0.22564372, 0.63255596, -0.74091685), (0.22563241, 0.63245994, -0.7410023), (0.22564639, 0.6325786, -0.7408968), (0.22565381, 0.6326419, -0.7408404), (-0.031866774, 0.51565003, -0.8562064), (-0.031891584, 0.5156358, -0.8562141), (-0.0320632, 0.5155352, -0.8562683), (-0.03198229, 0.5155801, -0.85624427), (-0.7578852, 0.26020715, -0.5982493), (-0.7579, 0.26018488, -0.59824026), (-0.7578999, 0.26018417, -0.59824073), (-0.75789285, 0.26019695, -0.5982441), (-0.42406368, -0.7720188, -0.4734522), (-0.42406368, -0.7720188, -0.4734522), (-0.42406368, -0.7720188, -0.4734522), (-0.42418972, -0.7718624, -0.4735943), (0.116100825, 0.7118998, -0.69261765), (0.11618454, 0.7117652, -0.69274193), (0.11608141, 0.711931, -0.69258887), (0.11602613, 0.7120198, -0.6925068), (-0.025736427, 0.5027629, -0.8640411), (-0.025797494, 0.5026458, -0.8641075), (-0.025859673, 0.50253415, -0.86417055), (-0.02563407, 0.50295275, -0.8639337), (-0.6384825, -0.021759577, -0.7693287), (-0.6384991, -0.021758515, -0.7693149), (-0.63849425, -0.021766368, -0.7693187), (-0.638477, -0.021766512, -0.769333), (0.0022247822, 0.48987198, -0.8717915), (0.0019322383, 0.49024272, -0.8715838), (0.0019970592, 0.49016455, -0.8716276), (0.0019680765, 0.4902145, -0.8715997), (0.08508433, -0.84971565, -0.52033055), (0.08508433, -0.84971565, -0.52033055), (0.08508433, -0.84971565, -0.52033055), (0.08517918, -0.84978193, -0.5202069), (-0.014072253, 0.4941899, -0.86924005), (-0.014051008, 0.49388444, -0.8694141), (-0.014054863, 0.49394795, -0.86937785), (-0.0140624, 0.4940328, -0.8693296), (-0.31132218, -0.21528064, -0.92559856), (-0.31135866, -0.2150557, -0.92563856), (-0.3113974, -0.21480472, -0.92568386), (-0.31131995, -0.21527342, -0.9256011), (-0.024810063, 0.7338038, -0.67890835), (-0.024633532, 0.73372024, -0.6790051), (-0.024850603, 0.73382294, -0.6788861), (-0.024967046, 0.7338781, -0.6788222), (0.5719485, -0.69957775, -0.4283293), (0.5720104, -0.6994847, -0.4283985), (0.57191193, -0.69963264, -0.4282884), (0.5718499, -0.6997258, -0.42821908), (0.01906336, 0.49343196, -0.8695755), (0.018678654, 0.4935994, -0.8694888), (0.018483968, 0.49368566, -0.86944395), (0.018936405, 0.49348852, -0.86954623), (0.061972298, -0.2729931, -0.96001786), (0.062038947, -0.27311033, -0.95998013), (0.062193066, -0.27335566, -0.9599004), (0.061824653, -0.27275062, -0.9600963), (-0.15991715, 0.6927757, -0.7031986), (-0.16011515, 0.6927663, -0.7031629), (-0.16011828, 0.6927711, -0.7031574), (-0.16023135, 0.6927661, -0.70313656), (0.031002691, 0.5049299, -0.86260337), (0.031179305, 0.5049379, -0.86259234), (0.0310852, 0.5049336, -0.8625982), (0.030935643, 0.50492686, -0.8626076), (0.9054745, -0.36129415, -0.22267142), (0.9054745, -0.36129415, -0.22267142), (0.9054745, -0.36129415, -0.22267142), (0.9054487, -0.36129677, -0.22277229), (0.41930625, -0.16284932, -0.8931195), (0.4198662, -0.16328031, -0.8927776), (0.4196106, -0.16308358, -0.8929337), (0.41944745, -0.16295345, -0.8930341), (0.03424089, 0.520543, -0.85314864), (0.034225594, 0.52053815, -0.8531521), (0.03423373, 0.5205407, -0.8531503), (0.034246694, 0.52054477, -0.8531473), (0.66505617, 0.08478232, -0.7419651), (0.6648266, 0.08484814, -0.74216336), (0.66509265, 0.08477058, -0.74193376), (0.66491276, 0.084822536, -0.74208903), (-0.25386584, 0.5990587, -0.75939506), (-0.25396758, 0.59901386, -0.75939626), (-0.25397795, 0.5990017, -0.75940245), (-0.2543071, 0.59883463, -0.7594242), (0.02831033, 0.5352839, -0.84419763), (0.02814121, 0.5350021, -0.84438187), (0.02823113, 0.53515196, -0.844284), (0.028374432, 0.53539073, -0.8441277), (0.99635255, 0.07440473, 0.041779324), (0.99635255, 0.07440473, 0.041779324), (0.99635255, 0.07440473, 0.041779324), (0.9963593, 0.074396156, 0.041633453), (-0.2796379, 0.47665265, -0.8334297), (-0.2797775, 0.47675106, -0.8333265), (-0.2797566, 0.47673914, -0.8333402), (-0.27974263, 0.4767188, -0.83335656), (0.6026898, 0.71106374, -0.3621511), (0.60279804, 0.71119434, -0.36171424), (0.6027489, 0.7111351, -0.36191267), (0.60265064, 0.7110166, -0.36230874), (-0.54831725, 0.8285552, 0.11333257), (-0.5483409, 0.82854277, 0.113309145), (-0.5483346, 0.82854515, 0.11332328), (-0.5483336, 0.828545, 0.11332893)]
    uniform token orientation
    point3f[] points = [(0.021271922, 0.3768111, -0.099719085), (0.009140477, 0.37046936, -0.09912611), (0.012077806, 0.37483296, -0.09808934), (0.020711863, 0.36676374, -0.10828458), (0.009140477, 0.37046936, -0.09912611), (0.0110762715, 0.3669454, -0.1027427), (0.051868804, 0.3857639, -0.114997834), (0.035301473, 0.3830582, -0.107202604), (0.042974412, 0.3705586, -0.12053715), (0.020711863, 0.36676374, -0.10828458), (0.035301473, 0.3830582, -0.107202604), (0.012077806, 0.37483296, -0.09808934), (0.07294174, 0.38303354, -0.12162231), (0.047286835, 0.38492733, -0.11165588), (0.051868804, 0.3857639, -0.114997834), (0.047286835, 0.38492733, -0.11165588), (0.021271922, 0.3768111, -0.099719085), (0.035301473, 0.3830582, -0.107202604), (0.020711863, 0.36676374, -0.10828458), (0.023626592, 0.36621284, -0.10878115), (0.040642474, 0.3688868, -0.1181445), (0.042974412, 0.3705586, -0.12053715), (0.040642474, 0.3688868, -0.1181445), (0.06079609, 0.3745831, -0.12438676), (0.0039757923, 0.37694943, -0.0978727), (0.0066101877, 0.37156758, -0.09914184), (0.011808707, 0.37176076, -0.10045236), (0.03741497, 0.40599218, -0.10115611), (0.021897601, 0.4116254, -0.09716582), (0.0039757923, 0.37694943, -0.0978727), (0.03741497, 0.40599218, -0.10115611), (0.0039757923, 0.37694943, -0.0978727), (0.028786458, 0.391713, -0.10171513), (0.03572168, 0.40179124, -0.100066535), (0.017045157, 0.37693262, -0.09910553), (0.012187781, 0.3957161, -0.09573893), (0.02430032, 0.4133392, -0.09546826), (0.012187781, 0.3957161, -0.09573893), (0.021897601, 0.4116254, -0.09716582), (0.028786458, 0.391713, -0.10171513), (0.017045157, 0.37693262, -0.09910553), (0.03572168, 0.40179124, -0.100066535), (0.02430032, 0.4133392, -0.09546826), (0.048363417, 0.43084753, -0.09324936), (0.03572168, 0.40179124, -0.100066535), (0.03741497, 0.40599218, -0.10115611), (0.048272617, 0.43400013, -0.093919076), (0.021897601, 0.4116254, -0.09716582), (-0.00643731, 0.37938246, -0.10074209), (0.0041156975, 0.37153298, -0.100089215), (-0.0011986145, 0.37233174, -0.1015655), (-0.0009397846, 0.38250935, -0.10015907), (0.0041156975, 0.37153298, -0.100089215), (0.0067844526, 0.3759711, -0.098255366), (-0.00643731, 0.37938246, -0.10074209), (0.0018578678, 0.39862195, -0.09801842), (0.0067844526, 0.3759711, -0.098255366), (-0.017698219, 0.4082967, -0.10492469), (-0.013204602, 0.39302742, -0.10445806), (-0.00017331337, 0.40717474, -0.10009333), (-0.0009397846, 0.38250935, -0.10015907), (-0.013204602, 0.39302742, -0.10445806), (-0.0011986145, 0.37233174, -0.1015655), (-0.013204602, 0.39302742, -0.10445806), (0.0018578678, 0.39862195, -0.09801842), (-0.00643731, 0.37938246, -0.10074209), (-0.00017331337, 0.40717474, -0.10009333), (0.0018578678, 0.39862195, -0.09801842), (-0.0047619753, 0.4153341, -0.098507375), (-0.021213414, 0.4366363, -0.09527405), (-0.017698219, 0.4082967, -0.10492469), (-0.0069643822, 0.41999897, -0.098981045), (-0.045988984, 0.38718972, -0.12823974), (-0.04707085, 0.38589028, -0.12608735), (-0.04972147, 0.38599762, -0.13247165), (-0.022952687, 0.368815, -0.1218869), (-0.024469549, 0.38381472, -0.11262888), (-0.0044380603, 0.37463632, -0.10128037), (-0.022858512, 0.38448715, -0.11334631), (-0.040675934, 0.37723663, -0.12734656), (-0.02112039, 0.36903584, -0.12262052), (-0.022952687, 0.368815, -0.1218869), (-0.0044380603, 0.37463632, -0.10128037), (-0.009133702, 0.36548486, -0.112147056), (-0.047072023, 0.38177195, -0.13039674), (-0.04029365, 0.37591982, -0.12570967), (-0.040675934, 0.37723663, -0.12734656), (-0.022952687, 0.368815, -0.1218869), (-0.009133702, 0.36548486, -0.112147056), (-0.02112039, 0.36903584, -0.12262052), (-0.022858512, 0.38448715, -0.11334631), (-0.0044380603, 0.37463632, -0.10128037), (-0.024469549, 0.38381472, -0.11262888), (-0.022858512, 0.38448715, -0.11334631), (-0.024469549, 0.38381472, -0.11262888), (-0.0372229, 0.38581738, -0.11836456), (-0.04972147, 0.38599762, -0.13247165), (-0.047072023, 0.38177195, -0.13039674), (-0.048421334, 0.386849, -0.13403518), (-0.04707085, 0.38589028, -0.12608735), (-0.047072023, 0.38177195, -0.13039674), (-0.04972147, 0.38599762, -0.13247165), (-0.04029365, 0.37591982, -0.12570967), (-0.022952687, 0.368815, -0.1218869), (-0.02112039, 0.36903584, -0.12262052), (-0.0372229, 0.38581738, -0.11836456), (-0.024469549, 0.38381472, -0.11262888), (-0.04029365, 0.37591982, -0.12570967), (-0.0038677384, 0.36247286, -0.10949809), (0.0061738896, 0.36559308, -0.100625396), (0.00095632946, 0.3660736, -0.10203662), (-0.0145020075, 0.3460839, -0.13984156), (-0.0103562055, 0.3569957, -0.12021055), (-0.0054952935, 0.34634984, -0.13704363), (-0.00641666, 0.34853068, -0.13652213), (0.00020188568, 0.34480897, -0.14169942), (0.0061633997, 0.3522873, -0.12665723), (-0.0038677384, 0.36247286, -0.10949809), (0.0061633997, 0.3522873, -0.12665723), (0.009466635, 0.36310259, -0.10413538), (-0.0054952935, 0.34634984, -0.13704363), (0.0018739359, 0.35922685, -0.10965535), (0.006614415, 0.35273233, -0.1218008), (-0.008194745, 0.33610234, -0.15156561), (0.00058201596, 0.3443328, -0.13949643), (0.00020188568, 0.34480897, -0.14169942), (0.00058201596, 0.3443328, -0.13949643), (0.006614415, 0.35273233, -0.1218008), (0.0061633997, 0.3522873, -0.12665723), (-0.013729553, 0.33282366, -0.15445249), (-0.0145020075, 0.3460839, -0.13984156), (-0.0054952935, 0.34634984, -0.13704363), (-0.012082728, 0.35504618, -0.12820001), (-0.0103562055, 0.3569957, -0.12021055), (-0.0145020075, 0.3460839, -0.13984156), (0.03123792, 0.35168782, -0.13386784), (0.032543067, 0.35023537, -0.13354763), (0.046586826, 0.34933832, -0.14918703), (0.05324223, 0.3489708, -0.15355866), (0.05002678, 0.3559761, -0.14240645), (0.0466785, 0.35049233, -0.15069586), (0.015328331, 0.35725906, -0.12073057), (0.009702335, 0.36736837, -0.09759907), (0.0068406467, 0.3644766, -0.10154123), (0.0466785, 0.35049233, -0.15069586), (0.046586826, 0.34933832, -0.14918703), (0.053797517, 0.3479867, -0.15214488), (0.05002678, 0.3559761, -0.14240645), (0.038197678, 0.36250535, -0.12013533), (0.03123792, 0.35168782, -0.13386784), (0.015328331, 0.35725906, -0.12073057), (0.038197678, 0.36250535, -0.12013533), (0.014930986, 0.3691, -0.098854646), (0.032543067, 0.35023537, -0.13354763), (0.01463496, 0.35675266, -0.11829564), (0.04123373, 0.36036268, -0.12170395), (0.01463496, 0.35675266, -0.11829564), (0.015233906, 0.36814752, -0.097584195), (0.04123373, 0.36036268, -0.12170395), (0.053797517, 0.3479867, -0.15214488), (0.04123373, 0.36036268, -0.12170395), (0.05002678, 0.3559761, -0.14240645), (0.04123373, 0.36036268, -0.12170395), (0.046586826, 0.34933832, -0.14918703), (0.032543067, 0.35023537, -0.13354763), (0.06025269, 0.3875332, -0.11578768), (0.05705778, 0.3845469, -0.11431558), (0.07329787, 0.3998011, -0.116078116), (0.01941139, 0.3807937, -0.09846473), (0.008510536, 0.3706915, -0.09952171), (0.009913643, 0.37570775, -0.09803072), (0.039325874, 0.3770869, -0.11381668), (0.04715271, 0.39541775, -0.107646264), (0.032132715, 0.39025274, -0.103811614), (0.07387594, 0.40244165, -0.114820145), (0.05250751, 0.39588356, -0.10645587), (0.064718455, 0.40129334, -0.11176153), (0.05250751, 0.39588356, -0.10645587), (0.034720708, 0.39086857, -0.10334527), (0.04715271, 0.39541775, -0.107646264), (0.034720708, 0.39086857, -0.10334527), (0.01941139, 0.3807937, -0.09846473), (0.019271728, 0.3816618, -0.09982283), (0.07329787, 0.3998011, -0.116078116), (0.05705778, 0.3845469, -0.11431558), (0.06244551, 0.39366204, -0.111786455), (0.039325874, 0.3770869, -0.11381668), (0.039842486, 0.3763859, -0.11220534), (0.05705778, 0.3845469, -0.11431558), (0.064718455, 0.40129334, -0.11176153), (0.04715271, 0.39541775, -0.107646264), (0.06025269, 0.3875332, -0.11578768), (0.002618261, 0.38447985, -0.095496215), (0.00577865, 0.37187493, -0.098219536), (0.0019231515, 0.3757831, -0.09767117), (0.008682883, 0.38383818, -0.09735031), (0.00577865, 0.37187493, -0.098219536), (0.011046658, 0.3735712, -0.09801165), (0.027688473, 0.4202491, -0.09901385), (0.021143837, 0.39658007, -0.09873905), (0.008480257, 0.41259325, -0.09676716), (0.002618261, 0.38447985, -0.095496215), (0.021143837, 0.39658007, -0.09873905), (0.011046658, 0.3735712, -0.09801165), (0.008682883, 0.38383818, -0.09735031), (0.0043756985, 0.40101513, -0.09758317), (0.0019231515, 0.3757831, -0.09767117), (0.030191092, 0.44316614, -0.096306644), (0.019857382, 0.43221918, -0.09890036), (0.020806791, 0.43434423, -0.10031019), (0.030191092, 0.44316614, -0.096306644), (0.027688473, 0.4202491, -0.09901385), (0.019857382, 0.43221918, -0.09890036), (0.019857382, 0.43221918, -0.09890036), (0.008480257, 0.41259325, -0.09676716), (0.008522586, 0.4132362, -0.098369576), (0.020806791, 0.43434423, -0.10031019), (0.008522586, 0.4132362, -0.098369576), (0.02893826, 0.42585123, -0.101451576), (-0.020216143, 0.41256014, -0.10252692), (-0.020520324, 0.41183674, -0.10118186), (-0.036133826, 0.4226729, -0.10031565), (-0.020520324, 0.41183674, -0.10118186), (-0.008650701, 0.39908653, -0.099989906), (-0.025869424, 0.39675263, -0.108272694), (-0.02620103, 0.39852953, -0.10972647), (-0.01785856, 0.38575998, -0.10834099), (-0.010299764, 0.4024282, -0.10181873), (-0.004049878, 0.3790795, -0.100825906), (-0.01785856, 0.38575998, -0.10834099), (-0.0012043853, 0.36937204, -0.101782836), (-0.025869424, 0.39675263, -0.108272694), (-0.015809378, 0.3820783, -0.10564268), (-0.01785856, 0.38575998, -0.10834099), (-0.038105536, 0.42392594, -0.10217324), (-0.02620103, 0.39852953, -0.10972647), (-0.020216143, 0.41256014, -0.10252692), (-0.010299764, 0.4024282, -0.10181873), (-0.008650701, 0.39908653, -0.099989906), (-0.020520324, 0.41183674, -0.10118186), (0.0039270497, 0.36352715, -0.10584113), (0.0046078213, 0.36725464, -0.10176244), (0.0006447026, 0.3708855, -0.10121544), (-0.010508849, 0.35996857, -0.118768595), (-0.02751538, 0.37372532, -0.1191724), (-0.0073164497, 0.371078, -0.10427267), (-0.042457584, 0.362691, -0.13790415), (-0.026140537, 0.3606142, -0.13068865), (-0.02989978, 0.3618056, -0.13392407), (-0.026140537, 0.3606142, -0.13068865), (-0.010508849, 0.35996857, -0.118768595), (-0.014983187, 0.36072615, -0.12479832), (-0.022913652, 0.37474027, -0.11664238), (-0.0073164497, 0.371078, -0.10427267), (-0.02751538, 0.37372532, -0.1191724), (-0.04869128, 0.36435598, -0.13804401), (-0.02751538, 0.37372532, -0.1191724), (-0.026140537, 0.3606142, -0.13068865), (0.009166694, 0.35647202, -0.11256441), (0.009597523, 0.36245596, -0.102047056), (0.004683802, 0.36146054, -0.104469575), (0.003249757, 0.33757904, -0.14447252), (0.00032527893, 0.34984818, -0.1274258), (0.00941557, 0.34511715, -0.13390338), (0.009055399, 0.34369344, -0.13969351), (0.017856985, 0.34188637, -0.1434186), (0.018294776, 0.35025433, -0.12833898), (0.0019123189, 0.34292662, -0.14093314), (0.00032527893, 0.34984818, -0.1274258), (0.009166694, 0.35647202, -0.11256441), (0.018294776, 0.35025433, -0.12833898), (0.014010074, 0.3609778, -0.10483728), (0.00032527893, 0.34984818, -0.1274258), (0.009055399, 0.34369344, -0.13969351), (0.009166694, 0.35647202, -0.11256441), (0.01788192, 0.3413601, -0.14140803), (0.003249757, 0.33757904, -0.14447252), (0.00941557, 0.34511715, -0.13390338), (0.00941557, 0.34511715, -0.13390338), (0.0028300108, 0.35612917, -0.11052204), (0.017442428, 0.35121563, -0.12205395), (0.01440555, 0.3303634, -0.15418124), (0.01788192, 0.3413601, -0.14140803), (0.017856985, 0.34188637, -0.1434186), (0.01788192, 0.3413601, -0.14140803), (0.017442428, 0.35121563, -0.12205395), (0.018294776, 0.35025433, -0.12833898), (0.0019123189, 0.34292662, -0.14093314), (0.00032527893, 0.34984818, -0.1274258), (0.003249757, 0.33757904, -0.14447252), (0.05671551, 0.3587481, -0.13447577), (0.038597673, 0.3591074, -0.12539558), (0.0702452, 0.35807037, -0.13707082), (0.026683988, 0.361601, -0.11777333), (0.039770577, 0.3601594, -0.12694524), (0.016577465, 0.37392262, -0.0984949), (0.047361124, 0.37178794, -0.117257185), (0.017844515, 0.36367097, -0.10736108), (0.01655543, 0.3732196, -0.097192645), (0.047361124, 0.37178794, -0.117257185), (0.01655543, 0.3732196, -0.097192645), (0.046588082, 0.37316984, -0.11804363), (0.026683988, 0.361601, -0.11777333), (0.017844515, 0.36367097, -0.10736108), (0.038597673, 0.3591074, -0.12539558), (0.072657175, 0.35993847, -0.13829394), (0.046588082, 0.37316984, -0.11804363), (0.05671551, 0.3587481, -0.13447577), (0.047361124, 0.37178794, -0.117257185), (0.0702452, 0.35807037, -0.13707082), (0.038597673, 0.3591074, -0.12539558), (0.013199305, 0.38334554, -0.09329764), (0.0071795112, 0.37198406, -0.095822066), (0.006912477, 0.37719685, -0.09430349), (0.016733058, 0.37986463, -0.09723428), (0.0071795112, 0.37198406, -0.095822066), (0.012085085, 0.37020266, -0.0978308), (0.013199305, 0.38334554, -0.09329764), (0.032794707, 0.3835236, -0.104108915), (0.012085085, 0.37020266, -0.0978308), (0.016733058, 0.37986463, -0.09723428), (0.023512146, 0.39655548, -0.097318046), (0.006912477, 0.37719685, -0.09430349), (0.023512146, 0.39655548, -0.097318046), (0.016733058, 0.37986463, -0.09723428), (0.032794707, 0.3835236, -0.104108915), (0.06715526, 0.4168332, -0.09853136), (0.0672158, 0.41441885, -0.09973458), (0.037797477, 0.40652683, -0.09868894), (0.037797477, 0.40652683, -0.09868894), (0.02620567, 0.39812958, -0.09643713), (0.023512146, 0.39655548, -0.097318046), (0.02620567, 0.39812958, -0.09643713), (0.013199305, 0.38334554, -0.09329764), (0.023512146, 0.39655548, -0.097318046), (0.06799706, 0.41736174, -0.10042657), (0.03674721, 0.40677324, -0.099984996), (0.047059063, 0.39632002, -0.10672072), (0.0672158, 0.41441885, -0.09973458), (0.04556168, 0.39427987, -0.105388016), (0.037797477, 0.40652683, -0.09868894), (-0.002268992, 0.38337496, -0.0989664), (0.004796677, 0.37109184, -0.09927553), (0.009203164, 0.37435403, -0.0991663), (0.0118605085, 0.42088163, -0.0930275), (0.013127404, 0.40043986, -0.096465394), (-0.0034876193, 0.41250595, -0.09592966), (0.012476054, 0.41816965, -0.09526472), (-0.0038355317, 0.41144815, -0.09780629), (0.013127404, 0.40043986, -0.096465394), (-0.0042008325, 0.3933639, -0.09732015), (-0.0034876193, 0.41250595, -0.09592966), (0.00911218, 0.37380272, -0.097264394), (-0.0034876193, 0.41250595, -0.09592966), (-0.0042008325, 0.3933639, -0.09732015), (-0.0038355317, 0.41144815, -0.09780629), (0.009203164, 0.37435403, -0.0991663), (0.00911218, 0.37380272, -0.097264394), (0.013127404, 0.40043986, -0.096465394), (0.0059115556, 0.44204494, -0.08784074), (0.0018830827, 0.4351842, -0.09020846), (0.0056842766, 0.44283378, -0.08955531), (0.0059115556, 0.44204494, -0.08784074), (0.0118605085, 0.42088163, -0.0930275), (0.0018830827, 0.4351842, -0.09020846), (0.012476054, 0.41816965, -0.09526472), (0.013127404, 0.40043986, -0.096465394), (0.0118605085, 0.42088163, -0.0930275), (-0.0034876193, 0.41250595, -0.09592966), (0.0018830827, 0.4351842, -0.09020846), (0.0118605085, 0.42088163, -0.0930275), (0.012476054, 0.41816965, -0.09526472), (0.0056842766, 0.44283378, -0.08955531), (-0.0038355317, 0.41144815, -0.09780629), (-0.031463146, 0.40252167, -0.10880754), (-0.032980718, 0.40251127, -0.1078724), (-0.043199528, 0.4088472, -0.12135425), (-0.008978351, 0.36994162, -0.10569416), (0.003565994, 0.36880675, -0.1007325), (-0.0003997056, 0.36679035, -0.10395735), (-0.032980718, 0.40251127, -0.1078724), (-0.015794838, 0.39188004, -0.10243322), (-0.026118468, 0.3811325, -0.11282689), (-0.008978351, 0.36994162, -0.10569416), (-0.015794838, 0.39188004, -0.10243322), (0.0027298762, 0.37340054, -0.09807536), (-0.03685272, 0.39224488, -0.11554674), (-0.022501208, 0.37915093, -0.11330663), (-0.01826133, 0.394895, -0.10468375), (-0.026118468, 0.3811325, -0.11282689), (-0.008978351, 0.36994162, -0.10569416), (-0.022501208, 0.37915093, -0.11330663), (0.0024234364, 0.37439585, -0.09919715), (0.0027298762, 0.37340054, -0.09807536), (-0.015794838, 0.39188004, -0.10243322), (-0.01826133, 0.394895, -0.10468375), (-0.015794838, 0.39188004, -0.10243322), (-0.032980718, 0.40251127, -0.1078724), (-0.031737447, 0.3508873, -0.15372364), (-0.02726201, 0.34817505, -0.15035821), (-0.030062048, 0.35213178, -0.14591059), (0.007134153, 0.35846457, -0.10970613), (0.009026854, 0.36483565, -0.10233232), (0.010359658, 0.36153692, -0.10642653), (-0.0029685434, 0.3660492, -0.108414546), (0.009026854, 0.36483565, -0.10233232), (0.0041543185, 0.367208, -0.10254831), (-0.030062048, 0.35213178, -0.14591059), (-0.029482044, 0.3516325, -0.14228086), (-0.03224304, 0.34922087, -0.15308405), (-0.0029685434, 0.3660492, -0.108414546), (-0.0059476653, 0.3527831, -0.13316636), (0.010359658, 0.36153692, -0.10642653), (-0.02726201, 0.34817505, -0.15035821), (-0.007043754, 0.3516389, -0.13256355), (-0.0059476653, 0.3527831, -0.13316636), (-0.007043754, 0.3516389, -0.13256355), (0.007134153, 0.35846457, -0.10970613), (-0.0059476653, 0.3527831, -0.13316636), (-0.0029685434, 0.3660492, -0.108414546), (-0.005553124, 0.36497742, -0.10967347), (-0.017358162, 0.3628256, -0.12253769), (-0.017532794, 0.3635788, -0.12440815), (-0.017358162, 0.3628256, -0.12253769), (-0.025739264, 0.3572152, -0.13495478), (-0.02726201, 0.34817505, -0.15035821), (-0.0059476653, 0.3527831, -0.13316636), (-0.030062048, 0.35213178, -0.14591059), (-0.03224304, 0.34922087, -0.15308405), (-0.029482044, 0.3516325, -0.14228086), (-0.02726201, 0.34817505, -0.15035821), (-0.007043754, 0.3516389, -0.13256355), (-0.029482044, 0.3516325, -0.14228086), (-0.0147791905, 0.35571036, -0.1301735), (0.022401914, 0.3423673, -0.14536856), (0.02155223, 0.3413682, -0.1440019), (0.03419761, 0.33491576, -0.15983646), (0.013554719, 0.36108324, -0.10721398), (0.013049643, 0.35981217, -0.10634001), (0.0100066615, 0.36029965, -0.11114344), (0.013049643, 0.35981217, -0.10634001), (0.013392212, 0.35186875, -0.1292009), (0.0100066615, 0.36029965, -0.11114344), (0.018544294, 0.35939756, -0.1076995), (0.013049643, 0.35981217, -0.10634001), (0.013554719, 0.36108324, -0.10721398), (0.022401914, 0.3423673, -0.14536856), (0.029728655, 0.34001225, -0.14476271), (0.014396886, 0.35211617, -0.13140973), (0.037044253, 0.34034556, -0.1383943), (0.030303428, 0.34914833, -0.12488587), (0.031601664, 0.3502144, -0.12651606), (0.014396886, 0.35211617, -0.13140973), (0.013392212, 0.35186875, -0.1292009), (0.02155223, 0.3413682, -0.1440019), (0.040157955, 0.33188704, -0.16476522), (0.040676575, 0.33186522, -0.1598049), (0.041234184, 0.3334225, -0.16465522), (0.040157955, 0.33188704, -0.16476522), (0.03419761, 0.33491576, -0.15983646), (0.040676575, 0.33186522, -0.1598049), (0.052062534, 0.37680054, -0.11645191), (0.036077186, 0.3767925, -0.10799665), (0.04621939, 0.3638884, -0.123932876), (0.04621939, 0.3638884, -0.123932876), (0.012739749, 0.37202397, -0.097146235), (0.02848197, 0.36226484, -0.11495093), (0.051354125, 0.37597123, -0.11468411), (0.04176266, 0.36229134, -0.120937504), (0.033566236, 0.37533274, -0.10517299), (0.051354125, 0.37597123, -0.11468411), (0.033566236, 0.37533274, -0.10517299), (0.036077186, 0.3767925, -0.10799665), (0.02848197, 0.36226484, -0.11495093), (0.017538916, 0.36242723, -0.105550736), (0.04176266, 0.36229134, -0.120937504), (0.051354125, 0.37597123, -0.11468411), (0.0745779, 0.3676751, -0.12855178), (0.04176266, 0.36229134, -0.120937504), (0.04621939, 0.3638884, -0.123932876), (0.076839, 0.36976126, -0.12976612), (0.052062534, 0.37680054, -0.11645191), (-0.004711509, 0.36786136, -0.087752074), (-0.010644066, 0.33212665, -0.06408126), (-0.0023881905, 0.36893788, -0.08514551), (-0.007652456, 0.36834192, -0.08651576), (-0.015844703, 0.33968848, -0.07078529), (-0.004711509, 0.36786136, -0.087752074), (0.07063528, 0.39387932, -0.106557176), (0.08473956, 0.4004888, -0.10256033), (0.08400189, 0.40158066, -0.10431325), (0.05093255, 0.39178982, -0.1057738), (0.032988302, 0.38257593, -0.10324009), (0.034247797, 0.38724366, -0.099841565), (0.07063528, 0.39387932, -0.106557176), (0.054785386, 0.37885168, -0.11101134), (0.05093255, 0.39178982, -0.1057738), (0.067207746, 0.39932385, -0.10272276), (0.045572184, 0.40080267, -0.09933922), (0.05046567, 0.39255467, -0.10751878), (0.07063528, 0.39387932, -0.106557176), (0.08400189, 0.40158066, -0.10431325), (0.05046567, 0.39255467, -0.10751878), (0.067207746, 0.39932385, -0.10272276), (0.08473956, 0.4004888, -0.10256033), (0.05093255, 0.39178982, -0.1057738), (0.08400189, 0.40158066, -0.10431325), (0.08473956, 0.4004888, -0.10256033), (0.067207746, 0.39932385, -0.10272276), (0.04727385, 0.39992502, -0.09823681), (0.034247797, 0.38724366, -0.099841565), (0.045572184, 0.40080267, -0.09933922), (0.036515176, 0.37907204, -0.105402), (0.054785386, 0.37885168, -0.11101134), (0.048506096, 0.37910187, -0.11114638), (0.0720405, 0.3645819, -0.122869514), (0.07800025, 0.36500448, -0.12335826), (0.0815393, 0.3675364, -0.12675668), (0.07800025, 0.36500448, -0.12335826), (0.08547934, 0.36758456, -0.12709464), (0.0815393, 0.3675364, -0.12675668), (0.0720405, 0.3645819, -0.122869514), (0.05412696, 0.35936227, -0.122747116), (0.06342492, 0.36904755, -0.1193184), (0.04483571, 0.37008843, -0.11343493), (0.05412696, 0.35936227, -0.122747116), (0.046186585, 0.35941568, -0.12004491), (0.035623994, 0.36582863, -0.112394676), (0.04483571, 0.37008843, -0.11343493), (0.03461227, 0.37028185, -0.10947212), (0.07442902, 0.3697159, -0.12034662), (0.058121543, 0.37954035, -0.11126236), (0.06257947, 0.37027708, -0.12047318), (0.058121543, 0.37954035, -0.11126236), (0.05108619, 0.3791929, -0.10774715), (0.045761403, 0.37182263, -0.11521399), (0.05392577, 0.3608519, -0.124058664), (0.06257947, 0.37027708, -0.12047318), (0.045761403, 0.37182263, -0.11521399), (0.059364356, 0.37784493, -0.110521935), (0.06342492, 0.36904755, -0.1193184), (0.04483571, 0.37008843, -0.11343493), (0.08345677, 0.36882672, -0.1274554), (0.08547934, 0.36758456, -0.12709464), (0.07442902, 0.3697159, -0.12034662), (0.058121543, 0.37954035, -0.11126236), (0.059364356, 0.37784493, -0.110521935), (0.05108619, 0.3791929, -0.10774715), (0.035623994, 0.36582863, -0.112394676), (0.046186585, 0.35941568, -0.12004491), (0.04468077, 0.3612247, -0.12088548), (0.046186585, 0.35941568, -0.12004491), (0.05412696, 0.35936227, -0.122747116), (0.05392577, 0.3608519, -0.124058664), (0.08345677, 0.36882672, -0.1274554), (0.0815393, 0.3675364, -0.12675668), (0.08729619, 0.3723854, -0.13472955), (0.055631027, 0.33928692, -0.1371696), (0.06937641, 0.33182383, -0.14091532), (0.06919117, 0.33352777, -0.14227633), (0.044377826, 0.3523084, -0.12731996), (0.029149314, 0.35916486, -0.115735434), (0.034691855, 0.3601508, -0.113946795), (0.055631027, 0.33928692, -0.1371696), (0.034294333, 0.34298527, -0.13190137), (0.044377826, 0.3523084, -0.12731996), (0.0595844, 0.34407574, -0.13300061), (0.0511207, 0.35998705, -0.12046494), (0.044076517, 0.35361242, -0.12875204), (0.055631027, 0.33928692, -0.1371696), (0.06919117, 0.33352777, -0.14227633), (0.044076517, 0.35361242, -0.12875204), (0.0595844, 0.34407574, -0.13300061), (0.06937641, 0.33182383, -0.14091532), (0.044377826, 0.3523084, -0.12731996), (0.06919117, 0.33352777, -0.14227633), (0.06937641, 0.33182383, -0.14091532), (0.0595844, 0.34407574, -0.13300061), (0.05171766, 0.35788324, -0.12014342), (0.034691855, 0.3601508, -0.113946795), (0.0511207, 0.35998705, -0.12046494), (0.027383909, 0.3550171, -0.11875265), (0.034294333, 0.34298527, -0.13190137), (0.03126614, 0.34781632, -0.12921481), (0.026528446, 0.32496288, -0.14668393), (0.033384386, 0.30769464, -0.14972888), (0.03372923, 0.3088515, -0.1516193), (0.022171985, 0.3452245, -0.12898977), (0.018057365, 0.35216603, -0.12027645), (0.023709638, 0.3504828, -0.119941786), (0.032968264, 0.32022747, -0.14943175), (0.036351733, 0.34078386, -0.13380738), (0.02739049, 0.33596972, -0.14155334), (0.03372923, 0.3088515, -0.1516193), (0.033384386, 0.30769464, -0.14972888), (0.03306328, 0.3194334, -0.14770755), (0.036351733, 0.34078386, -0.13380738), (0.035856985, 0.33911404, -0.1328375), (0.034042776, 0.3452609, -0.1278081), (0.014000107, 0.3495033, -0.1226995), (0.011453978, 0.3399703, -0.13337417), (0.01177799, 0.342385, -0.13369933), (0.011453978, 0.3399703, -0.13337417), (0.014830257, 0.3345593, -0.13960858), (0.014770994, 0.3364154, -0.14047629), (0.033384386, 0.30769464, -0.14972888), (0.026528446, 0.32496288, -0.14668393), (0.03306328, 0.3194334, -0.14770755), (-0.0059162984, 0.32540265, -0.14993058), (-0.0062062703, 0.3117387, -0.15839463), (-0.005488884, 0.3133069, -0.15974584), (0.0022594982, 0.3389308, -0.1379641), (0.0043014917, 0.35112244, -0.121815), (0.0085362075, 0.3471339, -0.12287655), (-0.0059162984, 0.32540265, -0.14993058), (-0.011789272, 0.34193188, -0.13617088), (0.0022594982, 0.3389308, -0.1379641), (0.0013726933, 0.3242585, -0.14868972), (0.014214947, 0.33675984, -0.13600002), (0.002581737, 0.34035492, -0.13926896), (-0.0059162984, 0.32540265, -0.14993058), (-0.005488884, 0.3133069, -0.15974584), (0.002581737, 0.34035492, -0.13926896), (0.0013726933, 0.3242585, -0.14868972), (-0.0062062703, 0.3117387, -0.15839463), (0.0022594982, 0.3389308, -0.1379641), (-0.005488884, 0.3133069, -0.15974584), (-0.0062062703, 0.3117387, -0.15839463), (0.0013726933, 0.3242585, -0.14868972), (0.01299871, 0.33493036, -0.13569915), (0.0085362075, 0.3471339, -0.12287655), (0.014214947, 0.33675984, -0.13600002), (-0.0009504885, 0.35072094, -0.123115785), (-0.011789272, 0.34193188, -0.13617088), (-0.008543994, 0.34637758, -0.1330998), (-0.03512323, 0.3403714, -0.144168), (-0.043204926, 0.3291196, -0.15202583), (-0.042422242, 0.33025938, -0.15363368), (-0.0193158, 0.34779862, -0.13481998), (-0.008437336, 0.35627726, -0.11986253), (-0.006773562, 0.3509794, -0.12188479), (-0.03512323, 0.3403714, -0.144168), (-0.029750437, 0.3563818, -0.12963271), (-0.0193158, 0.34779862, -0.13481998), (-0.029017584, 0.33607632, -0.14476527), (-0.009452317, 0.34050068, -0.13586059), (-0.024359442, 0.34530896, -0.1407419), (-0.029017584, 0.33607632, -0.14476527), (-0.043204926, 0.3291196, -0.15202583), (-0.0193158, 0.34779862, -0.13481998), (-0.042422242, 0.33025938, -0.15363368), (-0.043204926, 0.3291196, -0.15202583), (-0.029017584, 0.33607632, -0.14476527), (-0.011244936, 0.3393568, -0.13523647), (-0.006773562, 0.3509794, -0.12188479), (-0.009452317, 0.34050068, -0.13586059), (-0.013462952, 0.3583113, -0.11980764), (-0.029750437, 0.3563818, -0.12963271), (-0.024267482, 0.3586661, -0.12753586), (-0.042422242, 0.33025938, -0.15363368), (-0.029017584, 0.33607632, -0.14476527), (-0.024359442, 0.34530896, -0.1407419), (-0.051862705, 0.3660131, -0.13094401), (-0.050933413, 0.36624908, -0.12754072), (-0.06281323, 0.3648785, -0.14242055), (-0.017087527, 0.36612687, -0.11441395), (-0.033561073, 0.37556997, -0.1173481), (-0.020198114, 0.37019777, -0.11360758), (-0.030778233, 0.3651666, -0.123628005), (-0.039453585, 0.37521172, -0.12195346), (-0.033561073, 0.37556997, -0.1173481), (-0.034152113, 0.35438666, -0.1292153), (-0.04774644, 0.36348215, -0.12824638), (-0.030778233, 0.3651666, -0.123628005), (-0.060692534, 0.36480093, -0.14321518), (-0.06281323, 0.3648785, -0.14242055), (-0.04898092, 0.35882697, -0.13225484), (-0.03175377, 0.35486186, -0.1308755), (-0.034152113, 0.35438666, -0.1292153), (-0.026299834, 0.35492563, -0.12734605), (-0.020198114, 0.37019777, -0.11360758), (-0.033561073, 0.37556997, -0.1173481), (-0.031438634, 0.37604693, -0.1185831), (-0.060692534, 0.36480093, -0.14321518), (-0.04898092, 0.35882697, -0.13225484), (-0.046729382, 0.36252028, -0.13081715), (-0.06281323, 0.3648785, -0.14242055), (-0.050933413, 0.36624908, -0.12754072), (-0.04774644, 0.36348215, -0.12824638), (-0.052617855, 0.39537278, -0.11315547), (-0.06823731, 0.39733273, -0.115913324), (-0.06706858, 0.3979582, -0.11772314), (-0.018822897, 0.37676886, -0.10541822), (-0.02916304, 0.39225712, -0.1025333), (-0.019606968, 0.381389, -0.10319635), (-0.052617855, 0.39537278, -0.11315547), (-0.035694797, 0.39598337, -0.10582182), (-0.038355723, 0.38670695, -0.11354046), (-0.038355723, 0.38670695, -0.11354046), (-0.035694797, 0.39598337, -0.10582182), (-0.02916304, 0.39225712, -0.1025333), (-0.05299439, 0.38890892, -0.11690685), (-0.0364899, 0.37464657, -0.11933814), (-0.034640517, 0.38621172, -0.114661284), (-0.052617855, 0.39537278, -0.11315547), (-0.06706858, 0.3979582, -0.11772314), (-0.034640517, 0.38621172, -0.114661284), (-0.05299439, 0.38890892, -0.11690685), (-0.06823731, 0.39733273, -0.115913324), (-0.038355723, 0.38670695, -0.11354046), (-0.06706858, 0.3979582, -0.11772314), (-0.06823731, 0.39733273, -0.115913324), (-0.05299439, 0.38890892, -0.11690685), (-0.0364899, 0.37464657, -0.11933814), (-0.0406255, 0.37709752, -0.117907204), (-0.03372647, 0.37334242, -0.11574529), (-0.019606968, 0.381389, -0.10319635), (-0.02916304, 0.39225712, -0.1025333), (-0.027329497, 0.392132, -0.104202315), (-0.0387225, 0.41827187, -0.098155476), (-0.05211582, 0.42616144, -0.096013576), (-0.05163338, 0.42642224, -0.098112695), (-0.028003534, 0.4020635, -0.10220821), (-0.014129192, 0.38745505, -0.099610515), (-0.019778572, 0.38586465, -0.100292146), (-0.0387225, 0.41827187, -0.098155476), (-0.018139713, 0.41015783, -0.09537088), (-0.028003534, 0.4020635, -0.10220821), (-0.042843595, 0.41250256, -0.10052921), (-0.035047535, 0.39270958, -0.10598456), (-0.027394706, 0.40252045, -0.10401175), (-0.0387225, 0.41827187, -0.098155476), (-0.05163338, 0.42642224, -0.098112695), (-0.027394706, 0.40252045, -0.10401175), (-0.042843595, 0.41250256, -0.10052921), (-0.05211582, 0.42616144, -0.096013576), (-0.028003534, 0.4020635, -0.10220821), (-0.05163338, 0.42642224, -0.098112695), (-0.05211582, 0.42616144, -0.096013576), (-0.042843595, 0.41250256, -0.10052921), (-0.035846457, 0.39362517, -0.10413933), (-0.019778572, 0.38586465, -0.100292146), (-0.035047535, 0.39270958, -0.10598456), (-0.012279869, 0.3920876, -0.09747973), (-0.018139713, 0.41015783, -0.09537088), (-0.015167366, 0.40506104, -0.097551346), (-0.009139956, 0.432233, -0.08445569), (-0.015720572, 0.4449564, -0.08258266), (-0.015139607, 0.4442395, -0.08474334), (-0.009139956, 0.432233, -0.08445569), (0.0032339005, 0.4193759, -0.0873699), (-0.0055802152, 0.40732867, -0.09474234), (-0.0055802152, 0.40732867, -0.09474234), (0.0032339005, 0.4193759, -0.0873699), (0.005653674, 0.41200462, -0.09086122), (-0.015139607, 0.4442395, -0.08474334), (-0.015720572, 0.4449564, -0.08258266), (-0.014313961, 0.428254, -0.08550464), (-0.013185682, 0.43024254, -0.08735215), (-0.014313961, 0.428254, -0.08550464), (-0.017509008, 0.41366953, -0.09181787), (-0.017770858, 0.41294464, -0.09389098), (-0.017509008, 0.41366953, -0.09181787), (-0.016608557, 0.40593183, -0.09465011), (0.0021602942, 0.39890233, -0.09476826), (0.005653674, 0.41200462, -0.09086122), (0.0054968963, 0.41108117, -0.09332338), (0.005653674, 0.41200462, -0.09086122), (0.0032339005, 0.4193759, -0.0873699), (0.0038044786, 0.4185454, -0.090094544), (0.02384932, 0.43317497, -0.08610978), (0.024046713, 0.4473095, -0.079263546), (0.023696885, 0.4477014, -0.08137202), (0.015121087, 0.41648805, -0.09228251), (0.011735713, 0.3965302, -0.09423765), (0.0074013714, 0.39990643, -0.092079125), (0.02384932, 0.43317497, -0.08610978), (0.028958613, 0.41225088, -0.091807984), (0.015121087, 0.41648805, -0.09228251), (0.016376056, 0.43332604, -0.08555582), (0.0028778287, 0.41697475, -0.09115925), (0.01510894, 0.41681543, -0.09421325), (0.02384932, 0.43317497, -0.08610978), (0.023696885, 0.4477014, -0.08137202), (0.01510894, 0.41681543, -0.09421325), (0.016376056, 0.43332604, -0.08555582), (0.024046713, 0.4473095, -0.079263546), (0.015121087, 0.41648805, -0.09228251), (0.023696885, 0.4477014, -0.08137202), (0.024046713, 0.4473095, -0.079263546), (0.016376056, 0.43332604, -0.08555582), (0.0038857355, 0.41761315, -0.089298055), (0.0074013714, 0.39990643, -0.092079125), (0.0028778287, 0.41697475, -0.09115925), (0.017070781, 0.39741528, -0.093828246), (0.028958613, 0.41225088, -0.091807984), (0.025655279, 0.40751135, -0.09437314), (0.053012498, 0.41794735, -0.0913412), (0.06122526, 0.4299649, -0.08491882), (0.06077721, 0.43075427, -0.08683226), (0.036646545, 0.40733686, -0.09490968), (0.024426997, 0.39109415, -0.09566802), (0.022657558, 0.3957871, -0.09254865), (0.053012498, 0.41794735, -0.0913412), (0.046863664, 0.3975083, -0.09783228), (0.036646545, 0.40733686, -0.09490968), (0.046739466, 0.42124525, -0.08895401), (0.02649672, 0.4129503, -0.090782925), (0.04232182, 0.41327918, -0.09520968), (0.046739466, 0.42124525, -0.08895401), (0.06122526, 0.4299649, -0.08491882), (0.036646545, 0.40733686, -0.09490968), (0.06077721, 0.43075427, -0.08683226), (0.06122526, 0.4299649, -0.08491882), (0.046739466, 0.42124525, -0.08895401), (0.028082477, 0.41290668, -0.089234605), (0.022657558, 0.3957871, -0.09254865), (0.02649672, 0.4129503, -0.090782925), (0.029534757, 0.38954502, -0.09661392), (0.046863664, 0.3975083, -0.09783228), (0.041336406, 0.39495194, -0.099431515), (0.06077721, 0.43075427, -0.08683226), (0.046739466, 0.42124525, -0.08895401), (0.04232182, 0.41327918, -0.09520968), (0.035526175, 0.31493944, -0.04372147), (0.025540363, 0.3079596, -0.052888583), (0.024042081, 0.3059439, -0.05840128), (0.06442275, 0.31073067, -0.09762159), (0.07733775, 0.3130855, -0.07800923), (0.061072458, 0.31210226, -0.08286838), (0.061072458, 0.31210226, -0.08286838), (0.027724039, 0.30482116, -0.07359101), (0.041668214, 0.30849928, -0.09350923), (0.09574091, 0.31479985, -0.06282597), (0.11167643, 0.3078846, -0.07443691), (0.079631776, 0.31355911, -0.062970795), (0.08573625, 0.32450637, -0.054784067), (0.09574091, 0.31479985, -0.06282597), (0.08645317, 0.3210221, -0.052582815), (0.118760765, 0.30759895, -0.080963984), (0.11107865, 0.3122064, -0.07583617), (0.10508971, 0.3101512, -0.08343468), (0.057671413, 0.30638227, -0.0966961), (0.04049494, 0.30364054, -0.09078797), (0.061352223, 0.30800042, -0.081295), (0.10904238, 0.30557573, -0.081621625), (0.065067865, 0.30636463, -0.09651438), (0.07699649, 0.30761713, -0.083230935), (0.11932356, 0.30243573, -0.079375274), (0.10904238, 0.30557573, -0.081621625), (0.11167643, 0.3078846, -0.07443691), (0.04049494, 0.30364054, -0.09078797), (0.028516125, 0.30029577, -0.072503656), (0.061352223, 0.30800042, -0.081295), (-0.033943318, 0.2477055, -0.016213443), (-0.020997422, 0.24091172, -0.011844709), (-0.016433142, 0.24043494, -0.007885271), (-0.05260898, 0.27379924, 0.020005295), (-0.047438335, 0.26727462, 0.0039539346), (-0.03699264, 0.26520118, 0.013658201), (-0.02738409, 0.26803946, 0.025324749), (-0.00936234, 0.24592409, 0.0049372935), (-0.0064908285, 0.26108754, 0.02410825), (-0.0666991, 0.27706638, 0.029122252), (-0.07163442, 0.2810993, 0.049017794), (-0.05404914, 0.26980656, 0.021893853), (-0.06498986, 0.28102452, 0.027457578), (-0.0666991, 0.27706638, 0.029122252), (-0.06588682, 0.2775595, 0.011132968), (-0.065139726, 0.28048772, 0.05363477), (-0.039865997, 0.27049333, 0.036557), (-0.07163442, 0.2810993, 0.049017794), (-0.02738409, 0.26803946, 0.025324749), (-0.05260898, 0.27379924, 0.020005295), (-0.03699264, 0.26520118, 0.013658201), (-0.07271104, 0.2857464, 0.057386577), (-0.069918536, 0.28505743, 0.047484167), (-0.060595963, 0.2835088, 0.050447047), (-0.06498986, 0.28102452, 0.027457578), (-0.06588682, 0.2775595, 0.011132968), (-0.05260898, 0.27379924, 0.020005295), (-0.020480117, 0.26895866, 0.03906968), (-0.0077927983, 0.25554654, 0.024069594), (-0.026085684, 0.26028055, 0.022412421), (-0.065139726, 0.28048772, 0.05363477), (-0.020480117, 0.26895866, 0.03906968), (-0.039865997, 0.27049333, 0.036557), (-0.074598245, 0.28098676, 0.05920246), (-0.065139726, 0.28048772, 0.05363477), (-0.07163442, 0.2810993, 0.049017794), (-0.0077927983, 0.25554654, 0.024069594), (-0.011034746, 0.24197812, 0.006904636), (-0.026085684, 0.26028055, 0.022412421), (-0.015577037, 0.22164552, -0.019913197), (-0.008335318, 0.19929978, -0.02006988), (-0.0129496725, 0.19940911, -0.0239138), (-0.015577037, 0.22164552, -0.019913197), (-0.011132522, 0.22172803, -0.015730847), (-0.008335318, 0.19929978, -0.02006988), (-0.008335318, 0.19929978, -0.02006988), (-0.0051966426, 0.20016395, -0.02348768), (-0.009783717, 0.2001887, -0.027546968), (-0.049815502, 0.37303394, -0.033716943), (-0.03186713, 0.3469252, -0.051464465), (-0.030064723, 0.36177963, -0.037072275), (-0.061258182, 0.36206976, -0.054218166), (-0.034748554, 0.34547153, -0.055097774), (-0.03186713, 0.3469252, -0.051464465), (-0.05575489, 0.36565265, -0.043947473), (-0.03186713, 0.3469252, -0.051464465), (-0.049815502, 0.37303394, -0.033716943), (-0.08710988, 0.3792703, -0.021331703), (-0.09539554, 0.37878954, -0.01850842), (-0.094415255, 0.38236088, -0.020768976), (-0.06942224, 0.37204817, -0.039186858), (-0.061258182, 0.36206976, -0.054218166), (-0.05575489, 0.36565265, -0.043947473), (-0.043798182, 0.3789018, -0.026409868), (-0.06613617, 0.38090572, -0.025231186), (-0.049815502, 0.37303394, -0.033716943), (-0.0752396, 0.36283427, -0.058001492), (-0.08160816, 0.36881, -0.04416973), (-0.0629648, 0.36000347, -0.0510754), (-0.0629648, 0.36000347, -0.0510754), (-0.046277456, 0.34418228, -0.0597882), (-0.061442442, 0.35216862, -0.06516549), (-0.09068994, 0.38053656, -0.027202763), (-0.083185755, 0.37562227, -0.036532633), (-0.08648424, 0.38238823, -0.022911992), (-0.094415255, 0.38236088, -0.020768976), (-0.09539554, 0.37878954, -0.01850842), (-0.091404915, 0.37745115, -0.025625238), (-0.08710988, 0.3792703, -0.021331703), (-0.051940218, 0.37021154, -0.031785097), (-0.091404915, 0.37745115, -0.025625238), (-0.094415255, 0.38236088, -0.020768976), (-0.09068994, 0.38053656, -0.027202763), (-0.08648424, 0.38238823, -0.022911992), (-0.07382664, 0.36540666, -0.060114753), (-0.062127512, 0.35600433, -0.066959634), (-0.061258182, 0.36206976, -0.054218166), (-0.083185755, 0.37562227, -0.036532633), (-0.07382664, 0.36540666, -0.060114753), (-0.06942224, 0.37204817, -0.039186858), (-0.048896063, 0.35943592, -0.0413302), (-0.038902037, 0.3722108, -0.02655864), (-0.03076809, 0.35635978, -0.036597718), (-0.08710988, 0.3792703, -0.021331703), (-0.044422016, 0.37607726, -0.024153143), (-0.051940218, 0.37021154, -0.031785097), (-0.0629648, 0.36000347, -0.0510754), (-0.064443864, 0.36761585, -0.03797124), (-0.048896063, 0.35943592, -0.0413302), (-0.09539554, 0.37878954, -0.01850842), (-0.08710988, 0.3792703, -0.021331703), (-0.091404915, 0.37745115, -0.025625238), (-0.03186713, 0.3469252, -0.051464465), (-0.022817494, 0.33012506, -0.057525948), (-0.020442957, 0.33161613, -0.054368265), (-0.03186713, 0.3469252, -0.051464465), (-0.034748554, 0.34547153, -0.055097774), (-0.022817494, 0.33012506, -0.057525948), (-0.024681367, 0.32848537, -0.0552998), (-0.022483878, 0.3300615, -0.052147362), (-0.017765306, 0.3148698, -0.05163404), (-0.017765306, 0.3148698, -0.05163404), (-0.014776418, 0.31600907, -0.05205964), (-0.016767135, 0.31472296, -0.05471341), (-0.009977232, 0.36948955, -0.08222604), (-0.033262406, 0.38186488, -0.10818651), (-0.031083101, 0.39639664, -0.10039663), (0.0815393, 0.3675364, -0.12675668), (0.08547934, 0.36758456, -0.12709464), (0.089160115, 0.37113646, -0.13398217), (0.08345677, 0.36882672, -0.1274554), (0.08729619, 0.3723854, -0.13472955), (0.089160115, 0.37113646, -0.13398217), (0.001099256, 0.09421861, -0.02332283), (-0.005000117, 0.093462825, -0.02304078), (-0.0010845917, 0, -0.0059700552), (-0.0022910335, 0.095614344, -0.012107772), (0.0028678672, 0.09532307, -0.014050052), (0.0018130798, 0.002301826, 0.005655502), (-0.040892974, 0.14334951, -0.06482706), (-0.040627964, 0.14215687, -0.04962261), (-0.04354457, 0.1424388, -0.044318512), (-0.098531224, 0.14029358, -0.06412861), (-0.08590105, 0.14348231, -0.0550817), (-0.08634346, 0.1398174, -0.07141905), (-0.08580449, 0.14312045, -0.08211243), (-0.07793654, 0.14576247, -0.095646285), (-0.07556532, 0.14549327, -0.06590785), (-0.07793654, 0.14576247, -0.095646285), (-0.06220925, 0.14570655, -0.07586294), (-0.07556532, 0.14549327, -0.06590785), (-0.10130407, 0.14976941, -0.050501764), (-0.108203694, 0.14417547, -0.06545718), (-0.08666057, 0.14788716, -0.05540673), (-0.08666057, 0.14788716, -0.05540673), (-0.05679531, 0.14554538, -0.036595672), (-0.080370136, 0.15233295, -0.034493513), (-0.097249866, 0.1360506, -0.09240665), (-0.11723137, 0.12994294, -0.09283205), (-0.084609725, 0.13903351, -0.08459614), (-0.058334373, 0.14337453, -0.092911005), (-0.069903456, 0.14061335, -0.06436724), (-0.062090915, 0.14110462, -0.07543133), (-0.083793856, 0.14456162, -0.094706446), (-0.097249866, 0.1360506, -0.09240665), (-0.08303024, 0.14048901, -0.095239334), (-0.054912724, 0.14625163, -0.089369774), (-0.046538915, 0.14190964, -0.079641856), (-0.04664832, 0.14650975, -0.08007303), (-0.12050824, 0.13075182, -0.085602455), (-0.098531224, 0.14029358, -0.06412861), (-0.11723137, 0.12994294, -0.09283205), (-0.040512636, 0.13744809, -0.04913433), (-0.069903456, 0.14061335, -0.06436724), (-0.043473504, 0.13770042, -0.04383895), (-0.12685262, 0.1302348, -0.093229055), (-0.11745115, 0.13450451, -0.09321998), (-0.121261306, 0.1350865, -0.08613736), (-0.094166614, 0.1478612, -0.042225942), (-0.07800388, 0.1472431, -0.03357336), (-0.08590105, 0.14348231, -0.0550817), (-0.12050824, 0.13075182, -0.085602455), (-0.10122958, 0.14520788, -0.050053246), (-0.098531224, 0.14029358, -0.06412861), (-0.12652984, 0.12484858, -0.09261857), (-0.12050824, 0.13075182, -0.085602455), (-0.11723137, 0.12994294, -0.09283205), (-0.07800388, 0.1472431, -0.03357336), (-0.05694868, 0.14085846, -0.036051426), (-0.08590105, 0.14348231, -0.0550817), (-0.040892195, 0.13862678, -0.06478308), (-0.069903456, 0.14061335, -0.06436724), (-0.040512636, 0.13744809, -0.04913433), (-0.06220925, 0.14570655, -0.07586294), (-0.062090915, 0.14110462, -0.07543133), (-0.054912724, 0.14625163, -0.089369774), (-0.031083101, 0.39639664, -0.10039663), (-0.033262406, 0.38186488, -0.10818651), (-0.011110801, 0.35120478, -0.12437722), (0.025273863, 0.2088066, -0.07307221), (0.0030711233, 0.19105165, -0.046341438), (0.009096374, 0.2021924, -0.075027), (0.029895356, 0.20691322, -0.096188895), (0.015093689, 0.20112224, -0.08066302), (0.034493603, 0.20807044, -0.08278647), (0.041312028, 0.21550243, -0.08060385), (0.03414374, 0.2137179, -0.06171375), (0.025273863, 0.2088066, -0.07307221), (0.056054633, 0.21622653, -0.08921993), (0.0625288, 0.21411476, -0.108983494), (0.04591016, 0.21327886, -0.07836299), (0.05420275, 0.22045316, -0.08898208), (0.056054633, 0.21622653, -0.08921993), (0.053826135, 0.22217931, -0.0723627), (0.056425408, 0.2119318, -0.11364856), (0.029895356, 0.20691322, -0.096188895), (0.0625288, 0.21411476, -0.108983494), (0.019484166, 0.20878284, -0.08989549), (0.041312028, 0.21550243, -0.08060385), (0.025273863, 0.2088066, -0.07307221), (0.0642406, 0.21600454, -0.1182747), (0.060681537, 0.21830358, -0.10886599), (0.051648293, 0.21565494, -0.11189727), (0.03414374, 0.2137179, -0.06171375), (0.04374011, 0.221587, -0.051164426), (0.03241973, 0.21195966, -0.04183505), (0.05420275, 0.22045316, -0.08898208), (0.053826135, 0.22217931, -0.0723627), (0.041312028, 0.21550243, -0.08060385), (0.010789204, 0.20412509, -0.09955121), (-0.0029588325, 0.19559066, -0.082140245), (0.015093689, 0.20112224, -0.08066302), (0.056425408, 0.2119318, -0.11364856), (0.010789204, 0.20412509, -0.09955121), (0.029895356, 0.20691322, -0.096188895), (0.03654225, 0.209719, -0.0639758), (0.034493603, 0.20807044, -0.08278647), (0.022705933, 0.20132272, -0.06732375), (0.066284776, 0.21097533, -0.11838375), (0.056425408, 0.2119318, -0.11364856), (0.0625288, 0.21411476, -0.108983494), (-0.0029588325, 0.19559066, -0.082140245), (-0.0010142241, 0.18802932, -0.06144791), (0.015093689, 0.20112224, -0.08066302), (0.00059673603, 0.17433329, -0.028072106), (-0.0055228085, 0.15597343, -0.022106396), (-0.0022734718, 0.1570448, -0.01911811), (0.0030711233, 0.19105165, -0.046341438), (-0.001969464, 0.17725569, -0.026391774), (-0.0057044737, 0.17599368, -0.03003492), (0.0030711233, 0.19105165, -0.046341438), (0.007392518, 0.19278358, -0.042443085), (-0.001969464, 0.17725569, -0.026391774), (0.00059673603, 0.17433329, -0.028072106), (-0.0029515724, 0.17318974, -0.031822458), (-0.0055228085, 0.15597343, -0.022106396), (-0.0055228085, 0.15597343, -0.022106396), (-0.008099937, 0.15732117, -0.020028628), (-0.0048783943, 0.15837632, -0.016869789), (0.01641532, 0.17289457, 0.024097767), (0.018480975, 0.1692719, 0.005566357), (0.02147651, 0.16931714, 0.0019846917), (0.073706605, 0.16805822, 0.04542195), (0.07745268, 0.16439173, 0.052075803), (0.07733255, 0.16857746, 0.05216308), (0.06258526, 0.17939001, 0.012256646), (0.06688098, 0.17618495, 0.027402828), (0.051917646, 0.17694995, 0.01642297), (0.051917646, 0.17694995, 0.01642297), (0.032523744, 0.17202006, -0.0020950655), (0.050251704, 0.17856464, -0.0007057431), (0.044173937, 0.17350131, 0.04540938), (0.07015851, 0.16771391, 0.05044857), (0.04792645, 0.17151877, 0.03632635), (0.07733255, 0.16857746, 0.05216308), (0.0700369, 0.17124778, 0.05041086), (0.07396925, 0.17146385, 0.0455861), (0.039497625, 0.17493592, 0.026053498), (0.025392987, 0.17845054, 0.039906222), (0.01641532, 0.17289457, 0.024097767), (0.059703078, 0.17654742, 0.007530349), (0.04884577, 0.17445254, -0.0013541708), (0.051743545, 0.17355604, 0.01638807), (0.073706605, 0.16805822, 0.04542195), (0.06291108, 0.17589723, 0.012194401), (0.060003314, 0.17251264, 0.025256967), (0.03958536, 0.17137867, 0.026096711), (0.018721296, 0.16561276, 0.005478083), (0.016298886, 0.1687501, 0.02181744), (0.07745268, 0.16439173, 0.052075803), (0.073706605, 0.16805822, 0.04542195), (0.07015851, 0.16771391, 0.05044857), (0.04884577, 0.17445254, -0.0013541708), (0.03294393, 0.16840713, -0.0021154955), (0.051743545, 0.17355604, 0.01638807), (0.04747076, 0.17507797, 0.0366692), (0.043941658, 0.17690831, 0.04571978), (0.044173937, 0.17350131, 0.04540938), (0.06079609, 0.3745831, -0.12438676), (0.07911127, 0.3799347, -0.12414756), (0.07874265, 0.38085556, -0.12553898), (0.020711863, 0.36676374, -0.10828458), (0.012077806, 0.37483296, -0.09808934), (0.009140477, 0.37046936, -0.09912611), (0.06079609, 0.3745831, -0.12438676), (0.040642474, 0.3688868, -0.1181445), (0.047286835, 0.38492733, -0.11165588), (0.040642474, 0.3688868, -0.1181445), (0.023626592, 0.36621284, -0.10878115), (0.021271922, 0.3768111, -0.099719085), (0.042974412, 0.3705586, -0.12053715), (0.035301473, 0.3830582, -0.107202604), (0.020711863, 0.36676374, -0.10828458), (0.07294174, 0.38303354, -0.12162231), (0.07911127, 0.3799347, -0.12414756), (0.047286835, 0.38492733, -0.11165588), (0.040642474, 0.3688868, -0.1181445), (0.021271922, 0.3768111, -0.099719085), (0.047286835, 0.38492733, -0.11165588), (0.047286835, 0.38492733, -0.11165588), (0.035301473, 0.3830582, -0.107202604), (0.051868804, 0.3857639, -0.114997834), (0.021271922, 0.3768111, -0.099719085), (0.012077806, 0.37483296, -0.09808934), (0.035301473, 0.3830582, -0.107202604), (0.0110762715, 0.3669454, -0.1027427), (0.023626592, 0.36621284, -0.10878115), (0.020711863, 0.36676374, -0.10828458), (0.020711863, 0.36676374, -0.10828458), (0.040642474, 0.3688868, -0.1181445), (0.042974412, 0.3705586, -0.12053715), (0.07911127, 0.3799347, -0.12414756), (0.07294174, 0.38303354, -0.12162231), (0.07874265, 0.38085556, -0.12553898), (0.06079609, 0.3745831, -0.12438676), (0.051868804, 0.3857639, -0.114997834), (0.042974412, 0.3705586, -0.12053715), (0.06079609, 0.3745831, -0.12438676), (0.047286835, 0.38492733, -0.11165588), (0.07911127, 0.3799347, -0.12414756), (0.017045157, 0.37693262, -0.09910553), (0.011808707, 0.37176076, -0.10045236), (0.0066101877, 0.37156758, -0.09914184), (0.0039757923, 0.37694943, -0.0978727), (0.011808707, 0.37176076, -0.10045236), (0.028786458, 0.391713, -0.10171513), (0.04723709, 0.43313408, -0.092153415), (0.048363417, 0.43084753, -0.09324936), (0.02430032, 0.4133392, -0.09546826), (0.02430032, 0.4133392, -0.09546826), (0.03572168, 0.40179124, -0.100066535), (0.012187781, 0.3957161, -0.09573893), (0.012187781, 0.3957161, -0.09573893), (0.0039757923, 0.37694943, -0.0978727), (0.021897601, 0.4116254, -0.09716582), (0.011808707, 0.37176076, -0.10045236), (0.017045157, 0.37693262, -0.09910553), (0.028786458, 0.391713, -0.10171513), (0.028786458, 0.391713, -0.10171513), (0.03572168, 0.40179124, -0.100066535), (0.03741497, 0.40599218, -0.10115611), (0.048272617, 0.43400013, -0.093919076), (0.048363417, 0.43084753, -0.09324936), (0.04723709, 0.43313408, -0.092153415), (-0.0009397846, 0.38250935, -0.10015907), (-0.0011986145, 0.37233174, -0.1015655), (0.0041156975, 0.37153298, -0.100089215), (-0.00643731, 0.37938246, -0.10074209), (0.0067844526, 0.3759711, -0.098255366), (0.0041156975, 0.37153298, -0.100089215), (-0.0047619753, 0.4153341, -0.098507375), (0.0018578678, 0.39862195, -0.09801842), (-0.01761485, 0.40644816, -0.10352947), (-0.017698219, 0.4082967, -0.10492469), (-0.00017331337, 0.40717474, -0.10009333), (-0.0069643822, 0.41999897, -0.098981045), (-0.00017331337, 0.40717474, -0.10009333), (-0.013204602, 0.39302742, -0.10445806), (-0.0009397846, 0.38250935, -0.10015907), (-0.0009397846, 0.38250935, -0.10015907), (0.0067844526, 0.3759711, -0.098255366), (-0.00017331337, 0.40717474, -0.10009333), (-0.01761485, 0.40644816, -0.10352947), (0.0018578678, 0.39862195, -0.09801842), (-0.013204602, 0.39302742, -0.10445806), (-0.01761485, 0.40644816, -0.10352947), (-0.013204602, 0.39302742, -0.10445806), (-0.017698219, 0.4082967, -0.10492469), (-0.00643731, 0.37938246, -0.10074209), (-0.0011986145, 0.37233174, -0.1015655), (-0.013204602, 0.39302742, -0.10445806), (0.0067844526, 0.3759711, -0.098255366), (0.0018578678, 0.39862195, -0.09801842), (-0.00017331337, 0.40717474, -0.10009333), (-0.021213414, 0.4366363, -0.09527405), (-0.019384116, 0.43479353, -0.09379074), (-0.02195849, 0.4350365, -0.094111696), (-0.00017331337, 0.40717474, -0.10009333), (-0.0047619753, 0.4153341, -0.098507375), (-0.0069643822, 0.41999897, -0.098981045), (-0.0372229, 0.38581738, -0.11836456), (-0.04707085, 0.38589028, -0.12608735), (-0.045988984, 0.38718972, -0.12823974), (-0.0044380603, 0.37463632, -0.10128037), (0.001578667, 0.37286034, -0.09971984), (0.00414259, 0.36832154, -0.10072068), (-0.045988984, 0.38718972, -0.12823974), (-0.04972147, 0.38599762, -0.13247165), (-0.048421334, 0.386849, -0.13403518), (-0.024469549, 0.38381472, -0.11262888), (-0.022952687, 0.368815, -0.1218869), (-0.04029365, 0.37591982, -0.12570967), (-0.045988984, 0.38718972, -0.12823974), (-0.040675934, 0.37723663, -0.12734656), (-0.0372229, 0.38581738, -0.11836456), (-0.047072023, 0.38177195, -0.13039674), (-0.040675934, 0.37723663, -0.12734656), (-0.048421334, 0.386849, -0.13403518), (-0.009133702, 0.36548486, -0.112147056), (0.0019759133, 0.36517987, -0.10488445), (-0.02112039, 0.36903584, -0.12262052), (0.001578667, 0.37286034, -0.09971984), (-0.0044380603, 0.37463632, -0.10128037), (-0.022858512, 0.38448715, -0.11334631), (-0.048421334, 0.386849, -0.13403518), (-0.040675934, 0.37723663, -0.12734656), (-0.045988984, 0.38718972, -0.12823974), (-0.04029365, 0.37591982, -0.12570967), (-0.02112039, 0.36903584, -0.12262052), (-0.040675934, 0.37723663, -0.12734656), (-0.0372229, 0.38581738, -0.11836456), (-0.040675934, 0.37723663, -0.12734656), (-0.022858512, 0.38448715, -0.11334631), (-0.0145020075, 0.3460839, -0.13984156), (-0.013729553, 0.33282366, -0.15445249), (-0.01350333, 0.33415377, -0.15573402), (-0.0038677384, 0.36247286, -0.10949809), (0.009466635, 0.36310259, -0.10413538), (0.0061738896, 0.36559308, -0.100625396), (-0.013729553, 0.33282366, -0.15445249), (-0.0054952935, 0.34634984, -0.13704363), (-0.008194745, 0.33610234, -0.15156561), (-0.0054952935, 0.34634984, -0.13704363), (-0.0103562055, 0.3569957, -0.12021055), (0.0018739359, 0.35922685, -0.10965535), (-0.00641666, 0.34853068, -0.13652213), (0.0061633997, 0.3522873, -0.12665723), (-0.0038677384, 0.36247286, -0.10949809), (-0.01350333, 0.33415377, -0.15573402), (-0.00641666, 0.34853068, -0.13652213), (-0.0145020075, 0.3460839, -0.13984156), (-0.00641666, 0.34853068, -0.13652213), (-0.0038677384, 0.36247286, -0.10949809), (-0.012082728, 0.35504618, -0.12820001), (-0.008194745, 0.33610234, -0.15156561), (-0.0054952935, 0.34634984, -0.13704363), (0.00058201596, 0.3443328, -0.13949643), (-0.0054952935, 0.34634984, -0.13704363), (0.006614415, 0.35273233, -0.1218008), (0.00058201596, 0.3443328, -0.13949643), (0.00058201596, 0.3443328, -0.13949643), (0.0061633997, 0.3522873, -0.12665723), (0.00020188568, 0.34480897, -0.14169942), (0.006614415, 0.35273233, -0.1218008), (0.009466635, 0.36310259, -0.10413538), (0.0061633997, 0.3522873, -0.12665723), (0.00095632946, 0.3660736, -0.10203662), (-0.0103562055, 0.3569957, -0.12021055), (-0.0038677384, 0.36247286, -0.10949809), (-0.0038677384, 0.36247286, -0.10949809), (-0.0103562055, 0.3569957, -0.12021055), (-0.012082728, 0.35504618, -0.12820001), (-0.013729553, 0.33282366, -0.15445249), (-0.008194745, 0.33610234, -0.15156561), (-0.01350333, 0.33415377, -0.15573402), (-0.0145020075, 0.3460839, -0.13984156), (-0.00641666, 0.34853068, -0.13652213), (-0.012082728, 0.35504618, -0.12820001), (0.03123792, 0.35168782, -0.13386784), (0.046586826, 0.34933832, -0.14918703), (0.0466785, 0.35049233, -0.15069586), (0.015328331, 0.35725906, -0.12073057), (0.014930986, 0.3691, -0.098854646), (0.009702335, 0.36736837, -0.09759907), (0.015233906, 0.36814752, -0.097584195), (0.009702335, 0.36736837, -0.09759907), (0.014930986, 0.3691, -0.098854646), (0.0466785, 0.35049233, -0.15069586), (0.053797517, 0.3479867, -0.15214488), (0.05324223, 0.3489708, -0.15355866), (0.03123792, 0.35168782, -0.13386784), (0.038197678, 0.36250535, -0.12013533), (0.015328331, 0.35725906, -0.12073057), (0.053797517, 0.3479867, -0.15214488), (0.046586826, 0.34933832, -0.14918703), (0.04123373, 0.36036268, -0.12170395), (0.04123373, 0.36036268, -0.12170395), (0.038197678, 0.36250535, -0.12013533), (0.05002678, 0.3559761, -0.14240645), (0.0068406467, 0.3644766, -0.10154123), (0.01463496, 0.35675266, -0.11829564), (0.015328331, 0.35725906, -0.12073057), (0.053797517, 0.3479867, -0.15214488), (0.05002678, 0.3559761, -0.14240645), (0.05324223, 0.3489708, -0.15355866), (0.05002678, 0.3559761, -0.14240645), (0.03123792, 0.35168782, -0.13386784), (0.0466785, 0.35049233, -0.15069586), (0.06025269, 0.3875332, -0.11578768), (0.07329787, 0.3998011, -0.116078116), (0.07437391, 0.40259087, -0.11721826), (0.01941139, 0.3807937, -0.09846473), (0.009913643, 0.37570775, -0.09803072), (0.019271728, 0.3816618, -0.09982283), (0.019271728, 0.3816618, -0.09982283), (0.009913643, 0.37570775, -0.09803072), (0.008510536, 0.3706915, -0.09952171), (0.039842486, 0.3763859, -0.11220534), (0.034720708, 0.39086857, -0.10334527), (0.05705778, 0.3845469, -0.11431558), (0.06025269, 0.3875332, -0.11578768), (0.04715271, 0.39541775, -0.107646264), (0.039325874, 0.3770869, -0.11381668), (0.07387594, 0.40244165, -0.114820145), (0.06244551, 0.39366204, -0.111786455), (0.05250751, 0.39588356, -0.10645587), (0.034720708, 0.39086857, -0.10334527), (0.032132715, 0.39025274, -0.103811614), (0.04715271, 0.39541775, -0.107646264), (0.034720708, 0.39086857, -0.10334527), (0.019271728, 0.3816618, -0.09982283), (0.032132715, 0.39025274, -0.103811614), (0.025452213, 0.37120566, -0.10731507), (0.039842486, 0.3763859, -0.11220534), (0.039325874, 0.3770869, -0.11381668), (0.064718455, 0.40129334, -0.11176153), (0.06025269, 0.3875332, -0.11578768), (0.07437391, 0.40259087, -0.11721826), (0.07387594, 0.40244165, -0.114820145), (0.064718455, 0.40129334, -0.11176153), (0.07437391, 0.40259087, -0.11721826), (0.07437391, 0.40259087, -0.11721826), (0.07329787, 0.3998011, -0.116078116), (0.07387594, 0.40244165, -0.114820145), (0.07329787, 0.3998011, -0.116078116), (0.06244551, 0.39366204, -0.111786455), (0.07387594, 0.40244165, -0.114820145), (0.039325874, 0.3770869, -0.11381668), (0.05705778, 0.3845469, -0.11431558), (0.06025269, 0.3875332, -0.11578768), (0.05250751, 0.39588356, -0.10645587), (0.04715271, 0.39541775, -0.107646264), (0.064718455, 0.40129334, -0.11176153), (0.008682883, 0.38383818, -0.09735031), (0.0019231515, 0.3757831, -0.09767117), (0.00577865, 0.37187493, -0.098219536), (0.002618261, 0.38447985, -0.095496215), (0.011046658, 0.3735712, -0.09801165), (0.00577865, 0.37187493, -0.098219536), (0.027688473, 0.4202491, -0.09901385), (0.008480257, 0.41259325, -0.09676716), (0.019857382, 0.43221918, -0.09890036), (0.008480257, 0.41259325, -0.09676716), (0.021143837, 0.39658007, -0.09873905), (0.002618261, 0.38447985, -0.095496215), (0.02893826, 0.42585123, -0.101451576), (0.008522586, 0.4132362, -0.098369576), (0.021143837, 0.39658007, -0.09873905), (0.008682883, 0.38383818, -0.09735031), (0.011046658, 0.3735712, -0.09801165), (0.021143837, 0.39658007, -0.09873905), (0.008480257, 0.41259325, -0.09676716), (0.002618261, 0.38447985, -0.095496215), (0.0043756985, 0.40101513, -0.09758317), (0.008480257, 0.41259325, -0.09676716), (0.0043756985, 0.40101513, -0.09758317), (0.008522586, 0.4132362, -0.098369576), (0.002618261, 0.38447985, -0.095496215), (0.0019231515, 0.3757831, -0.09767117), (0.0043756985, 0.40101513, -0.09758317), (0.021143837, 0.39658007, -0.09873905), (0.027688473, 0.4202491, -0.09901385), (0.02893826, 0.42585123, -0.101451576), (0.020806791, 0.43434423, -0.10031019), (0.02893826, 0.42585123, -0.101451576), (0.030181197, 0.44363892, -0.098315865), (0.030191092, 0.44316614, -0.096306644), (0.020806791, 0.43434423, -0.10031019), (0.030181197, 0.44363892, -0.098315865), (0.019857382, 0.43221918, -0.09890036), (0.008522586, 0.4132362, -0.098369576), (0.020806791, 0.43434423, -0.10031019), (-0.020216143, 0.41256014, -0.10252692), (-0.036133826, 0.4226729, -0.10031565), (-0.038105536, 0.42392594, -0.10217324), (0.00031745754, 0.3815475, -0.0966597), (0.0049041603, 0.37505993, -0.09772056), (0.0037222432, 0.370062, -0.09940851), (-0.008650701, 0.39908653, -0.099989906), (-0.015809378, 0.3820783, -0.10564268), (-0.025869424, 0.39675263, -0.108272694), (-0.015809378, 0.3820783, -0.10564268), (-0.008650701, 0.39908653, -0.099989906), (0.00031745754, 0.3815475, -0.0966597), (-0.02620103, 0.39852953, -0.10972647), (-0.010299764, 0.4024282, -0.10181873), (-0.020216143, 0.41256014, -0.10252692), (-0.010299764, 0.4024282, -0.10181873), (-0.01785856, 0.38575998, -0.10834099), (-0.004049878, 0.3790795, -0.100825906), (-0.004049878, 0.3790795, -0.100825906), (0.0049041603, 0.37505993, -0.09772056), (-0.010299764, 0.4024282, -0.10181873), (-0.038581852, 0.42217445, -0.10110001), (-0.020520324, 0.41183674, -0.10118186), (-0.025869424, 0.39675263, -0.108272694), (-0.025869424, 0.39675263, -0.108272694), (-0.01785856, 0.38575998, -0.10834099), (-0.02620103, 0.39852953, -0.10972647), (-0.015809378, 0.3820783, -0.10564268), (-0.0012043853, 0.36937204, -0.101782836), (-0.01785856, 0.38575998, -0.10834099), (-0.036133826, 0.4226729, -0.10031565), (-0.020520324, 0.41183674, -0.10118186), (-0.038581852, 0.42217445, -0.10110001), (-0.038105536, 0.42392594, -0.10217324), (-0.036133826, 0.4226729, -0.10031565), (-0.038581852, 0.42217445, -0.10110001), (-0.010299764, 0.4024282, -0.10181873), (-0.020520324, 0.41183674, -0.10118186), (-0.020216143, 0.41256014, -0.10252692), (-0.0073164497, 0.371078, -0.10427267), (0.0006447026, 0.3708855, -0.10121544), (0.0046078213, 0.36725464, -0.10176244), (-0.04869128, 0.36435598, -0.13804401), (-0.026140537, 0.3606142, -0.13068865), (-0.042457584, 0.362691, -0.13790415), (-0.02751538, 0.37372532, -0.1191724), (-0.010508849, 0.35996857, -0.118768595), (-0.026140537, 0.3606142, -0.13068865), (-0.022913652, 0.37474027, -0.11664238), (-0.014983187, 0.36072615, -0.12479832), (0.0039270497, 0.36352715, -0.10584113), (-0.048195146, 0.36545748, -0.13943686), (-0.02989978, 0.3618056, -0.13392407), (-0.03494203, 0.37263855, -0.12679334), (0.0039270497, 0.36352715, -0.10584113), (0.0006447026, 0.3708855, -0.10121544), (-0.022913652, 0.37474027, -0.11664238), (-0.026140537, 0.3606142, -0.13068865), (-0.014983187, 0.36072615, -0.12479832), (-0.02989978, 0.3618056, -0.13392407), (-0.010508849, 0.35996857, -0.118768595), (0.0039270497, 0.36352715, -0.10584113), (-0.014983187, 0.36072615, -0.12479832), (0.0006447026, 0.3708855, -0.10121544), (-0.0073164497, 0.371078, -0.10427267), (-0.022913652, 0.37474027, -0.11664238), (-0.042457584, 0.362691, -0.13790415), (-0.02989978, 0.3618056, -0.13392407), (-0.048195146, 0.36545748, -0.13943686), (-0.04869128, 0.36435598, -0.13804401), (-0.042457584, 0.362691, -0.13790415), (-0.048195146, 0.36545748, -0.13943686), (-0.022913652, 0.37474027, -0.11664238), (-0.02751538, 0.37372532, -0.1191724), (-0.03494203, 0.37263855, -0.12679334), (0.009166694, 0.35647202, -0.11256441), (0.014010074, 0.3609778, -0.10483728), (0.009597523, 0.36245596, -0.102047056), (0.0028300108, 0.35612917, -0.11052204), (0.004683802, 0.36146054, -0.104469575), (0.009597523, 0.36245596, -0.102047056), (0.00032527893, 0.34984818, -0.1274258), (0.0028300108, 0.35612917, -0.11052204), (0.00941557, 0.34511715, -0.13390338), (0.009055399, 0.34369344, -0.13969351), (0.018294776, 0.35025433, -0.12833898), (0.009166694, 0.35647202, -0.11256441), (0.010510527, 0.32626846, -0.15950486), (0.009055399, 0.34369344, -0.13969351), (0.0019123189, 0.34292662, -0.14093314), (0.009166694, 0.35647202, -0.11256441), (0.004683802, 0.36146054, -0.104469575), (0.00032527893, 0.34984818, -0.1274258), (0.00941557, 0.34511715, -0.13390338), (0.017442428, 0.35121563, -0.12205395), (0.01788192, 0.3413601, -0.14140803), (0.01788192, 0.3413601, -0.14140803), (0.018294776, 0.35025433, -0.12833898), (0.017856985, 0.34188637, -0.1434186), (0.017442428, 0.35121563, -0.12205395), (0.014010074, 0.3609778, -0.10483728), (0.018294776, 0.35025433, -0.12833898), (0.004683802, 0.36146054, -0.104469575), (0.0028300108, 0.35612917, -0.11052204), (0.00032527893, 0.34984818, -0.1274258), (0.010453814, 0.3248946, -0.158243), (0.01440555, 0.3303634, -0.15418124), (0.010510527, 0.32626846, -0.15950486), (0.01655543, 0.3732196, -0.097192645), (0.0117296595, 0.37103048, -0.09847393), (0.016577465, 0.37392262, -0.0984949), (0.05671551, 0.3587481, -0.13447577), (0.0702452, 0.35807037, -0.13707082), (0.072657175, 0.35993847, -0.13829394), (0.038597673, 0.3591074, -0.12539558), (0.017844515, 0.36367097, -0.10736108), (0.047361124, 0.37178794, -0.117257185), (0.039770577, 0.3601594, -0.12694524), (0.046588082, 0.37316984, -0.11804363), (0.016577465, 0.37392262, -0.0984949), (0.07269836, 0.3593946, -0.13632695), (0.0702452, 0.35807037, -0.13707082), (0.047361124, 0.37178794, -0.117257185), (0.01655543, 0.3732196, -0.097192645), (0.016577465, 0.37392262, -0.0984949), (0.046588082, 0.37316984, -0.11804363), (0.011431479, 0.3672537, -0.102340885), (0.017844515, 0.36367097, -0.10736108), (0.026683988, 0.361601, -0.11777333), (0.026683988, 0.361601, -0.11777333), (0.038597673, 0.3591074, -0.12539558), (0.039770577, 0.3601594, -0.12694524), (0.039770577, 0.3601594, -0.12694524), (0.038597673, 0.3591074, -0.12539558), (0.05671551, 0.3587481, -0.13447577), (0.072657175, 0.35993847, -0.13829394), (0.0702452, 0.35807037, -0.13707082), (0.07269836, 0.3593946, -0.13632695), (0.05671551, 0.3587481, -0.13447577), (0.046588082, 0.37316984, -0.11804363), (0.039770577, 0.3601594, -0.12694524), (0.016733058, 0.37986463, -0.09723428), (0.006912477, 0.37719685, -0.09430349), (0.0071795112, 0.37198406, -0.095822066), (0.013199305, 0.38334554, -0.09329764), (0.012085085, 0.37020266, -0.0978308), (0.0071795112, 0.37198406, -0.095822066), (0.02620567, 0.39812958, -0.09643713), (0.032794707, 0.3835236, -0.104108915), (0.013199305, 0.38334554, -0.09329764), (0.016733058, 0.37986463, -0.09723428), (0.012085085, 0.37020266, -0.0978308), (0.032794707, 0.3835236, -0.104108915), (0.037797477, 0.40652683, -0.09868894), (0.023512146, 0.39655548, -0.097318046), (0.03674721, 0.40677324, -0.099984996), (0.013199305, 0.38334554, -0.09329764), (0.006912477, 0.37719685, -0.09430349), (0.023512146, 0.39655548, -0.097318046), (0.032794707, 0.3835236, -0.104108915), (0.04556168, 0.39427987, -0.105388016), (0.047059063, 0.39632002, -0.10672072), (0.06799706, 0.41736174, -0.10042657), (0.0672158, 0.41441885, -0.09973458), (0.06715526, 0.4168332, -0.09853136), (-0.0042008325, 0.3933639, -0.09732015), (0.000024193294, 0.3736464, -0.09956786), (-0.002268992, 0.38337496, -0.0989664), (0.004796677, 0.37109184, -0.09927553), (0.00911218, 0.37380272, -0.097264394), (0.009203164, 0.37435403, -0.0991663), (-0.002268992, 0.38337496, -0.0989664), (0.000024193294, 0.3736464, -0.09956786), (0.004796677, 0.37109184, -0.09927553), (-0.0034876193, 0.41250595, -0.09592966), (0.013127404, 0.40043986, -0.096465394), (0.00911218, 0.37380272, -0.097264394), (-0.0038355317, 0.41144815, -0.09780629), (-0.002268992, 0.38337496, -0.0989664), (0.013127404, 0.40043986, -0.096465394), (-0.002268992, 0.38337496, -0.0989664), (0.009203164, 0.37435403, -0.0991663), (0.013127404, 0.40043986, -0.096465394), (-0.0042008325, 0.3933639, -0.09732015), (-0.002268992, 0.38337496, -0.0989664), (-0.0038355317, 0.41144815, -0.09780629), (-0.031463146, 0.40252167, -0.10880754), (-0.043199528, 0.4088472, -0.12135425), (-0.042102173, 0.40915108, -0.12271797), (0.003565994, 0.36880675, -0.1007325), (0.0027298762, 0.37340054, -0.09807536), (0.0024234364, 0.37439585, -0.09919715), (0.0024234364, 0.37439585, -0.09919715), (-0.0003997056, 0.36679035, -0.10395735), (0.003565994, 0.36880675, -0.1007325), (-0.008978351, 0.36994162, -0.10569416), (0.0027298762, 0.37340054, -0.09807536), (0.003565994, 0.36880675, -0.1007325), (-0.043199528, 0.4088472, -0.12135425), (-0.032980718, 0.40251127, -0.1078724), (-0.04144058, 0.40132177, -0.11975462), (-0.026118468, 0.3811325, -0.11282689), (-0.015794838, 0.39188004, -0.10243322), (-0.008978351, 0.36994162, -0.10569416), (-0.04144058, 0.40132177, -0.11975462), (-0.032980718, 0.40251127, -0.1078724), (-0.03685272, 0.39224488, -0.11554674), (-0.026118468, 0.3811325, -0.11282689), (-0.022501208, 0.37915093, -0.11330663), (-0.03685272, 0.39224488, -0.11554674), (-0.008978351, 0.36994162, -0.10569416), (-0.0003997056, 0.36679035, -0.10395735), (-0.022501208, 0.37915093, -0.11330663), (0.0024234364, 0.37439585, -0.09919715), (-0.015794838, 0.39188004, -0.10243322), (-0.01826133, 0.394895, -0.10468375), (-0.01826133, 0.394895, -0.10468375), (-0.032980718, 0.40251127, -0.1078724), (-0.031463146, 0.40252167, -0.10880754), (-0.043199528, 0.4088472, -0.12135425), (-0.04144058, 0.40132177, -0.11975462), (-0.042102173, 0.40915108, -0.12271797), (-0.03685272, 0.39224488, -0.11554674), (-0.032980718, 0.40251127, -0.1078724), (-0.026118468, 0.3811325, -0.11282689), (-0.031463146, 0.40252167, -0.10880754), (-0.03685272, 0.39224488, -0.11554674), (-0.01826133, 0.394895, -0.10468375), (-0.025739264, 0.3572152, -0.13495478), (-0.029482044, 0.3516325, -0.14228086), (-0.030062048, 0.35213178, -0.14591059), (-0.0029685434, 0.3660492, -0.108414546), (0.010359658, 0.36153692, -0.10642653), (0.009026854, 0.36483565, -0.10233232), (-0.030062048, 0.35213178, -0.14591059), (-0.03224304, 0.34922087, -0.15308405), (-0.031737447, 0.3508873, -0.15372364), (-0.014687004, 0.35690346, -0.13114622), (-0.0059476653, 0.3527831, -0.13316636), (-0.0029685434, 0.3660492, -0.108414546), (-0.014687004, 0.35690346, -0.13114622), (-0.0029685434, 0.3660492, -0.108414546), (-0.017532794, 0.3635788, -0.12440815), (-0.02726201, 0.34817505, -0.15035821), (-0.029482044, 0.3516325, -0.14228086), (-0.007043754, 0.3516389, -0.13256355), (-0.0147791905, 0.35571036, -0.1301735), (0.007134153, 0.35846457, -0.10970613), (-0.007043754, 0.3516389, -0.13256355), (0.007134153, 0.35846457, -0.10970613), (0.010359658, 0.36153692, -0.10642653), (-0.0059476653, 0.3527831, -0.13316636), (0.0041543185, 0.367208, -0.10254831), (-0.005553124, 0.36497742, -0.10967347), (-0.0029685434, 0.3660492, -0.108414546), (-0.0029685434, 0.3660492, -0.108414546), (-0.017358162, 0.3628256, -0.12253769), (-0.017532794, 0.3635788, -0.12440815), (-0.03224304, 0.34922087, -0.15308405), (-0.02726201, 0.34817505, -0.15035821), (-0.031737447, 0.3508873, -0.15372364), (-0.0059476653, 0.3527831, -0.13316636), (-0.014687004, 0.35690346, -0.13114622), (-0.030062048, 0.35213178, -0.14591059), (0.013049643, 0.35981217, -0.10634001), (0.018544294, 0.35939756, -0.1076995), (0.030303428, 0.34914833, -0.12488587), (0.013554719, 0.36108324, -0.10721398), (0.0100066615, 0.36029965, -0.11114344), (0.014396886, 0.35211617, -0.13140973), (0.03419761, 0.33491576, -0.15983646), (0.040157955, 0.33188704, -0.16476522), (0.041234184, 0.3334225, -0.16465522), (0.030303428, 0.34914833, -0.12488587), (0.013392212, 0.35186875, -0.1292009), (0.013049643, 0.35981217, -0.10634001), (0.03419761, 0.33491576, -0.15983646), (0.029728655, 0.34001225, -0.14476271), (0.022401914, 0.3423673, -0.14536856), (0.040676575, 0.33186522, -0.1598049), (0.029102022, 0.33896527, -0.143653), (0.037044253, 0.34034556, -0.1383943), (0.029102022, 0.33896527, -0.143653), (0.030303428, 0.34914833, -0.12488587), (0.037044253, 0.34034556, -0.1383943), (0.037044253, 0.34034556, -0.1383943), (0.031601664, 0.3502144, -0.12651606), (0.038076647, 0.34083304, -0.1406476), (0.030303428, 0.34914833, -0.12488587), (0.018544294, 0.35939756, -0.1076995), (0.031601664, 0.3502144, -0.12651606), (0.0100066615, 0.36029965, -0.11114344), (0.013392212, 0.35186875, -0.1292009), (0.014396886, 0.35211617, -0.13140973), (0.014396886, 0.35211617, -0.13140973), (0.02155223, 0.3413682, -0.1440019), (0.022401914, 0.3423673, -0.14536856), (0.017538916, 0.36242723, -0.105550736), (0.010122215, 0.36445752, -0.1017187), (0.009043889, 0.3681796, -0.09793709), (0.04176266, 0.36229134, -0.120937504), (0.017538916, 0.36242723, -0.105550736), (0.033566236, 0.37533274, -0.10517299), (0.04621939, 0.3638884, -0.123932876), (0.036077186, 0.3767925, -0.10799665), (0.012739749, 0.37202397, -0.097146235), (0.07657173, 0.3694748, -0.12752892), (0.0745779, 0.3676751, -0.12855178), (0.051354125, 0.37597123, -0.11468411), (0.051354125, 0.37597123, -0.11468411), (0.036077186, 0.3767925, -0.10799665), (0.052062534, 0.37680054, -0.11645191), (0.033566236, 0.37533274, -0.10517299), (0.012739749, 0.37202397, -0.097146235), (0.036077186, 0.3767925, -0.10799665), (0.010122215, 0.36445752, -0.1017187), (0.017538916, 0.36242723, -0.105550736), (0.02848197, 0.36226484, -0.11495093), (0.02848197, 0.36226484, -0.11495093), (0.04176266, 0.36229134, -0.120937504), (0.04621939, 0.3638884, -0.123932876), (0.076839, 0.36976126, -0.12976612), (0.0745779, 0.3676751, -0.12855178), (0.07657173, 0.3694748, -0.12752892), (-0.008945796, 0.2633381, -0.0314218), (-0.0117946025, 0.26716253, -0.02765017), (-0.012005782, 0.28784475, -0.041593518), (0.001099256, 0.09421861, -0.02332283), (0.004224525, 0.09431611, -0.019382257), (0.0015347269, 0.16423528, -0.022789396), (-0.005000117, 0.093462825, -0.02304078), (0.001099256, 0.09421861, -0.02332283), (-0.007612591, 0.16343695, -0.026230399), (-0.01704648, 0.26602548, -0.026025955), (-0.020527698, 0.26277137, -0.02862476), (-0.023480307, 0.2876359, -0.0407173), (0.07063528, 0.39387932, -0.106557176), (0.05093255, 0.39178982, -0.1057738), (0.08473956, 0.4004888, -0.10256033), (0.067207746, 0.39932385, -0.10272276), (0.05046567, 0.39255467, -0.10751878), (0.08400189, 0.40158066, -0.10431325), (0.07063528, 0.39387932, -0.106557176), (0.05046567, 0.39255467, -0.10751878), (0.057052515, 0.38253346, -0.112106934), (0.05046567, 0.39255467, -0.10751878), (0.048506096, 0.37910187, -0.11114638), (0.057052515, 0.38253346, -0.112106934), (0.067207746, 0.39932385, -0.10272276), (0.05093255, 0.39178982, -0.1057738), (0.04727385, 0.39992502, -0.09823681), (0.05093255, 0.39178982, -0.1057738), (0.034247797, 0.38724366, -0.099841565), (0.04727385, 0.39992502, -0.09823681), (0.067207746, 0.39932385, -0.10272276), (0.04727385, 0.39992502, -0.09823681), (0.045572184, 0.40080267, -0.09933922), (0.054785386, 0.37885168, -0.11101134), (0.057052515, 0.38253346, -0.112106934), (0.048506096, 0.37910187, -0.11114638), (0.054785386, 0.37885168, -0.11101134), (0.07063528, 0.39387932, -0.106557176), (0.057052515, 0.38253346, -0.112106934), (0.0720405, 0.3645819, -0.122869514), (0.06342492, 0.36904755, -0.1193184), (0.07800025, 0.36500448, -0.12335826), (0.05412696, 0.35936227, -0.122747116), (0.04483571, 0.37008843, -0.11343493), (0.06342492, 0.36904755, -0.1193184), (0.058121543, 0.37954035, -0.11126236), (0.045761403, 0.37182263, -0.11521399), (0.06257947, 0.37027708, -0.12047318), (0.0815393, 0.3675364, -0.12675668), (0.07442902, 0.3697159, -0.12034662), (0.0720405, 0.3645819, -0.122869514), (0.045761403, 0.37182263, -0.11521399), (0.04468077, 0.3612247, -0.12088548), (0.05392577, 0.3608519, -0.124058664), (0.08547934, 0.36758456, -0.12709464), (0.07800025, 0.36500448, -0.12335826), (0.07442902, 0.3697159, -0.12034662), (0.059364356, 0.37784493, -0.110521935), (0.04483571, 0.37008843, -0.11343493), (0.05108619, 0.3791929, -0.10774715), (0.07442902, 0.3697159, -0.12034662), (0.059364356, 0.37784493, -0.110521935), (0.058121543, 0.37954035, -0.11126236), (0.046186585, 0.35941568, -0.12004491), (0.05392577, 0.3608519, -0.124058664), (0.04468077, 0.3612247, -0.12088548), (0.05412696, 0.35936227, -0.122747116), (0.0720405, 0.3645819, -0.122869514), (0.05392577, 0.3608519, -0.124058664), (0.08345677, 0.36882672, -0.1274554), (0.07442902, 0.3697159, -0.12034662), (0.0815393, 0.3675364, -0.12675668), (0.055631027, 0.33928692, -0.1371696), (0.044377826, 0.3523084, -0.12731996), (0.06937641, 0.33182383, -0.14091532), (0.0595844, 0.34407574, -0.13300061), (0.044076517, 0.35361242, -0.12875204), (0.06919117, 0.33352777, -0.14227633), (0.055631027, 0.33928692, -0.1371696), (0.044076517, 0.35361242, -0.12875204), (0.03788296, 0.34388506, -0.13439935), (0.044076517, 0.35361242, -0.12875204), (0.03126614, 0.34781632, -0.12921481), (0.03788296, 0.34388506, -0.13439935), (0.0595844, 0.34407574, -0.13300061), (0.044377826, 0.3523084, -0.12731996), (0.05171766, 0.35788324, -0.12014342), (0.044377826, 0.3523084, -0.12731996), (0.034691855, 0.3601508, -0.113946795), (0.05171766, 0.35788324, -0.12014342), (0.0595844, 0.34407574, -0.13300061), (0.05171766, 0.35788324, -0.12014342), (0.0511207, 0.35998705, -0.12046494), (0.034294333, 0.34298527, -0.13190137), (0.03788296, 0.34388506, -0.13439935), (0.03126614, 0.34781632, -0.12921481), (0.034294333, 0.34298527, -0.13190137), (0.055631027, 0.33928692, -0.1371696), (0.03788296, 0.34388506, -0.13439935), (0.03372923, 0.3088515, -0.1516193), (0.032968264, 0.32022747, -0.14943175), (0.026528446, 0.32496288, -0.14668393), (0.03306328, 0.3194334, -0.14770755), (0.026903918, 0.33437246, -0.14035465), (0.035856985, 0.33911404, -0.1328375), (0.022171985, 0.3452245, -0.12898977), (0.023709638, 0.3504828, -0.119941786), (0.034042776, 0.3452609, -0.1278081), (0.03372923, 0.3088515, -0.1516193), (0.03306328, 0.3194334, -0.14770755), (0.032968264, 0.32022747, -0.14943175), (0.011453978, 0.3399703, -0.13337417), (0.014770994, 0.3364154, -0.14047629), (0.01177799, 0.342385, -0.13369933), (0.014830257, 0.3345593, -0.13960858), (0.026528446, 0.32496288, -0.14668393), (0.014770994, 0.3364154, -0.14047629), (-0.0059162984, 0.32540265, -0.14993058), (0.0022594982, 0.3389308, -0.1379641), (-0.0062062703, 0.3117387, -0.15839463), (0.0013726933, 0.3242585, -0.14868972), (0.002581737, 0.34035492, -0.13926896), (-0.005488884, 0.3133069, -0.15974584), (-0.0059162984, 0.32540265, -0.14993058), (0.002581737, 0.34035492, -0.13926896), (-0.010226709, 0.34053883, -0.1401119), (0.002581737, 0.34035492, -0.13926896), (-0.008543994, 0.34637758, -0.1330998), (-0.010226709, 0.34053883, -0.1401119), (0.0013726933, 0.3242585, -0.14868972), (0.0022594982, 0.3389308, -0.1379641), (0.01299871, 0.33493036, -0.13569915), (0.0022594982, 0.3389308, -0.1379641), (0.0085362075, 0.3471339, -0.12287655), (0.01299871, 0.33493036, -0.13569915), (0.0013726933, 0.3242585, -0.14868972), (0.01299871, 0.33493036, -0.13569915), (0.014214947, 0.33675984, -0.13600002), (-0.011789272, 0.34193188, -0.13617088), (-0.010226709, 0.34053883, -0.1401119), (-0.008543994, 0.34637758, -0.1330998), (-0.011789272, 0.34193188, -0.13617088), (-0.0059162984, 0.32540265, -0.14993058), (-0.010226709, 0.34053883, -0.1401119), (-0.03512323, 0.3403714, -0.144168), (-0.0193158, 0.34779862, -0.13481998), (-0.043204926, 0.3291196, -0.15202583), (-0.009452317, 0.34050068, -0.13586059), (-0.014034654, 0.35256234, -0.12980056), (-0.024359442, 0.34530896, -0.1407419), (-0.042422242, 0.33025938, -0.15363368), (-0.024359442, 0.34530896, -0.1407419), (-0.03512323, 0.3403714, -0.144168), (-0.03512323, 0.3403714, -0.144168), (-0.024359442, 0.34530896, -0.1407419), (-0.029914254, 0.35484403, -0.13381575), (-0.029017584, 0.33607632, -0.14476527), (-0.0193158, 0.34779862, -0.13481998), (-0.011244936, 0.3393568, -0.13523647), (-0.0193158, 0.34779862, -0.13481998), (-0.006773562, 0.3509794, -0.12188479), (-0.011244936, 0.3393568, -0.13523647), (-0.029017584, 0.33607632, -0.14476527), (-0.011244936, 0.3393568, -0.13523647), (-0.009452317, 0.34050068, -0.13586059), (-0.029750437, 0.3563818, -0.12963271), (-0.029914254, 0.35484403, -0.13381575), (-0.024267482, 0.3586661, -0.12753586), (-0.029750437, 0.3563818, -0.12963271), (-0.03512323, 0.3403714, -0.144168), (-0.029914254, 0.35484403, -0.13381575), (-0.051862705, 0.3660131, -0.13094401), (-0.06281323, 0.3648785, -0.14242055), (-0.060692534, 0.36480093, -0.14321518), (-0.030778233, 0.3651666, -0.123628005), (-0.033561073, 0.37556997, -0.1173481), (-0.017087527, 0.36612687, -0.11441395), (-0.04898092, 0.35882697, -0.13225484), (-0.03175377, 0.35486186, -0.1308755), (-0.046729382, 0.36252028, -0.13081715), (-0.03175377, 0.35486186, -0.1308755), (-0.026299834, 0.35492563, -0.12734605), (-0.026557015, 0.36599717, -0.123843506), (-0.060692534, 0.36480093, -0.14321518), (-0.046729382, 0.36252028, -0.13081715), (-0.051862705, 0.3660131, -0.13094401), (-0.051862705, 0.3660131, -0.13094401), (-0.046729382, 0.36252028, -0.13081715), (-0.039453585, 0.37521172, -0.12195346), (-0.06281323, 0.3648785, -0.14242055), (-0.04774644, 0.36348215, -0.12824638), (-0.04898092, 0.35882697, -0.13225484), (-0.04898092, 0.35882697, -0.13225484), (-0.04774644, 0.36348215, -0.12824638), (-0.034152113, 0.35438666, -0.1292153), (-0.030778233, 0.3651666, -0.123628005), (-0.026299834, 0.35492563, -0.12734605), (-0.034152113, 0.35438666, -0.1292153), (-0.04898092, 0.35882697, -0.13225484), (-0.034152113, 0.35438666, -0.1292153), (-0.03175377, 0.35486186, -0.1308755), (-0.033561073, 0.37556997, -0.1173481), (-0.039453585, 0.37521172, -0.12195346), (-0.031438634, 0.37604693, -0.1185831), (-0.050933413, 0.36624908, -0.12754072), (-0.051862705, 0.3660131, -0.13094401), (-0.039453585, 0.37521172, -0.12195346), (-0.03372647, 0.37334242, -0.11574529), (-0.022101188, 0.3735644, -0.108584955), (-0.0364899, 0.37464657, -0.11933814), (-0.052617855, 0.39537278, -0.11315547), (-0.038355723, 0.38670695, -0.11354046), (-0.06823731, 0.39733273, -0.115913324), (-0.038355723, 0.38670695, -0.11354046), (-0.02916304, 0.39225712, -0.1025333), (-0.018822897, 0.37676886, -0.10541822), (-0.05299439, 0.38890892, -0.11690685), (-0.034640517, 0.38621172, -0.114661284), (-0.06706858, 0.3979582, -0.11772314), (-0.052617855, 0.39537278, -0.11315547), (-0.034640517, 0.38621172, -0.114661284), (-0.035694797, 0.39598337, -0.10582182), (-0.034640517, 0.38621172, -0.114661284), (-0.027329497, 0.392132, -0.104202315), (-0.035694797, 0.39598337, -0.10582182), (-0.05299439, 0.38890892, -0.11690685), (-0.038355723, 0.38670695, -0.11354046), (-0.0406255, 0.37709752, -0.117907204), (-0.0406255, 0.37709752, -0.117907204), (-0.038355723, 0.38670695, -0.11354046), (-0.03372647, 0.37334242, -0.11574529), (-0.05299439, 0.38890892, -0.11690685), (-0.0406255, 0.37709752, -0.117907204), (-0.0364899, 0.37464657, -0.11933814), (-0.02916304, 0.39225712, -0.1025333), (-0.035694797, 0.39598337, -0.10582182), (-0.027329497, 0.392132, -0.104202315), (-0.0387225, 0.41827187, -0.098155476), (-0.028003534, 0.4020635, -0.10220821), (-0.05211582, 0.42616144, -0.096013576), (-0.042843595, 0.41250256, -0.10052921), (-0.027394706, 0.40252045, -0.10401175), (-0.05163338, 0.42642224, -0.098112695), (-0.0387225, 0.41827187, -0.098155476), (-0.027394706, 0.40252045, -0.10401175), (-0.021247517, 0.41204083, -0.09796211), (-0.027394706, 0.40252045, -0.10401175), (-0.015167366, 0.40506104, -0.097551346), (-0.021247517, 0.41204083, -0.09796211), (-0.042843595, 0.41250256, -0.10052921), (-0.028003534, 0.4020635, -0.10220821), (-0.035846457, 0.39362517, -0.10413933), (-0.028003534, 0.4020635, -0.10220821), (-0.019778572, 0.38586465, -0.100292146), (-0.035846457, 0.39362517, -0.10413933), (-0.042843595, 0.41250256, -0.10052921), (-0.035846457, 0.39362517, -0.10413933), (-0.035047535, 0.39270958, -0.10598456), (-0.018139713, 0.41015783, -0.09537088), (-0.021247517, 0.41204083, -0.09796211), (-0.015167366, 0.40506104, -0.097551346), (-0.018139713, 0.41015783, -0.09537088), (-0.0387225, 0.41827187, -0.098155476), (-0.021247517, 0.41204083, -0.09796211), (-0.016608557, 0.40593183, -0.09465011), (-0.0073854486, 0.39674363, -0.09582987), (-0.01678385, 0.4063727, -0.09647228), (-0.015139607, 0.4442395, -0.08474334), (-0.013185682, 0.43024254, -0.08735215), (-0.009139956, 0.432233, -0.08445569), (-0.0042715096, 0.4077806, -0.096626356), (0.0054968963, 0.41108117, -0.09332338), (0.0038044786, 0.4185454, -0.090094544), (-0.015720572, 0.4449564, -0.08258266), (-0.009139956, 0.432233, -0.08445569), (-0.014313961, 0.428254, -0.08550464), (-0.017509008, 0.41366953, -0.09181787), (-0.0055802152, 0.40732867, -0.09474234), (-0.016608557, 0.40593183, -0.09465011), (-0.015139607, 0.4442395, -0.08474334), (-0.014313961, 0.428254, -0.08550464), (-0.013185682, 0.43024254, -0.08735215), (-0.013185682, 0.43024254, -0.08735215), (-0.017509008, 0.41366953, -0.09181787), (-0.017770858, 0.41294464, -0.09389098), (-0.017770858, 0.41294464, -0.09389098), (-0.016608557, 0.40593183, -0.09465011), (-0.01678385, 0.4063727, -0.09647228), (0.005653674, 0.41200462, -0.09086122), (0.0038044786, 0.4185454, -0.090094544), (0.0054968963, 0.41108117, -0.09332338), (0.0032339005, 0.4193759, -0.0873699), (-0.009139956, 0.432233, -0.08445569), (0.0038044786, 0.4185454, -0.090094544), (0.02384932, 0.43317497, -0.08610978), (0.015121087, 0.41648805, -0.09228251), (0.024046713, 0.4473095, -0.079263546), (0.016376056, 0.43332604, -0.08555582), (0.01510894, 0.41681543, -0.09421325), (0.023696885, 0.4477014, -0.08137202), (0.02384932, 0.43317497, -0.08610978), (0.01510894, 0.41681543, -0.09421325), (0.02787913, 0.41641724, -0.092953995), (0.01510894, 0.41681543, -0.09421325), (0.025655279, 0.40751135, -0.09437314), (0.02787913, 0.41641724, -0.092953995), (0.016376056, 0.43332604, -0.08555582), (0.015121087, 0.41648805, -0.09228251), (0.0038857355, 0.41761315, -0.089298055), (0.015121087, 0.41648805, -0.09228251), (0.0074013714, 0.39990643, -0.092079125), (0.0038857355, 0.41761315, -0.089298055), (0.016376056, 0.43332604, -0.08555582), (0.0038857355, 0.41761315, -0.089298055), (0.0028778287, 0.41697475, -0.09115925), (0.028958613, 0.41225088, -0.091807984), (0.02787913, 0.41641724, -0.092953995), (0.025655279, 0.40751135, -0.09437314), (0.028958613, 0.41225088, -0.091807984), (0.02384932, 0.43317497, -0.08610978), (0.02787913, 0.41641724, -0.092953995), (0.053012498, 0.41794735, -0.0913412), (0.036646545, 0.40733686, -0.09490968), (0.06122526, 0.4299649, -0.08491882), (0.02649672, 0.4129503, -0.090782925), (0.031073624, 0.4009477, -0.097004116), (0.04232182, 0.41327918, -0.09520968), (0.06077721, 0.43075427, -0.08683226), (0.04232182, 0.41327918, -0.09520968), (0.053012498, 0.41794735, -0.0913412), (0.053012498, 0.41794735, -0.0913412), (0.04232182, 0.41327918, -0.09520968), (0.047516763, 0.40183756, -0.098729916), (0.046739466, 0.42124525, -0.08895401), (0.036646545, 0.40733686, -0.09490968), (0.028082477, 0.41290668, -0.089234605), (0.036646545, 0.40733686, -0.09490968), (0.022657558, 0.3957871, -0.09254865), (0.028082477, 0.41290668, -0.089234605), (0.046739466, 0.42124525, -0.08895401), (0.028082477, 0.41290668, -0.089234605), (0.02649672, 0.4129503, -0.090782925), (0.046863664, 0.3975083, -0.09783228), (0.047516763, 0.40183756, -0.098729916), (0.041336406, 0.39495194, -0.099431515), (0.046863664, 0.3975083, -0.09783228), (0.053012498, 0.41794735, -0.0913412), (0.047516763, 0.40183756, -0.098729916), (-0.015844703, 0.33968848, -0.07078529), (-0.013793672, 0.32521495, -0.0634889), (-0.004711509, 0.36786136, -0.087752074), (-0.013793672, 0.32521495, -0.0634889), (-0.010644066, 0.33212665, -0.06408126), (-0.004711509, 0.36786136, -0.087752074), (-0.005206747, 0.37180954, -0.08100953), (-0.010955006, 0.33787617, -0.062794924), (-0.016201684, 0.33023265, -0.05627391), (0.06116845, 0.31030256, -0.0667839), (0.061352223, 0.30800042, -0.081295), (0.026120275, 0.30340025, -0.05164872), (0.026120275, 0.30340025, -0.05164872), (0.061352223, 0.30800042, -0.081295), (0.028516125, 0.30029577, -0.072503656), (0.026120275, 0.30340025, -0.05164872), (0.028516125, 0.30029577, -0.072503656), (0.0247368, 0.30141443, -0.0571167), (0.10508971, 0.3101512, -0.08343468), (0.07733775, 0.3130855, -0.07800923), (0.06442275, 0.31073067, -0.09762159), (0.057016805, 0.31076753, -0.09800691), (0.061072458, 0.31210226, -0.08286838), (0.041668214, 0.30849928, -0.09350923), (0.09574091, 0.31479985, -0.06282597), (0.079631776, 0.31355911, -0.062970795), (0.08645317, 0.3210221, -0.052582815), (0.07733775, 0.3130855, -0.07800923), (0.060563583, 0.31477606, -0.067819245), (0.061072458, 0.31210226, -0.08286838), (0.08573625, 0.32450637, -0.054784067), (0.0802069, 0.3198248, -0.061325364), (0.11107865, 0.3122064, -0.07583617), (0.065067865, 0.30636463, -0.09651438), (0.061352223, 0.30800042, -0.081295), (0.07699649, 0.30761713, -0.083230935), (0.079631776, 0.31355911, -0.062970795), (0.06116845, 0.31030256, -0.0667839), (0.06446226, 0.31611437, -0.05390139), (-0.039865997, 0.27049333, 0.036557), (-0.05404914, 0.26980656, 0.021893853), (-0.07163442, 0.2810993, 0.049017794), (-0.069918536, 0.28505743, 0.047484167), (-0.05260898, 0.27379924, 0.020005295), (-0.060595963, 0.2835088, 0.050447047), (-0.060595963, 0.2835088, 0.050447047), (-0.02738409, 0.26803946, 0.025324749), (-0.018630574, 0.27267832, 0.036989156), (-0.018630574, 0.27267832, 0.036989156), (-0.02738409, 0.26803946, 0.025324749), (-0.0064908285, 0.26108754, 0.02410825), (-0.0666991, 0.27706638, 0.029122252), (-0.05404914, 0.26980656, 0.021893853), (-0.06588682, 0.2775595, 0.011132968), (-0.060595963, 0.2835088, 0.050447047), (-0.05260898, 0.27379924, 0.020005295), (-0.02738409, 0.26803946, 0.025324749), (-0.06498986, 0.28102452, 0.027457578), (-0.05260898, 0.27379924, 0.020005295), (-0.069918536, 0.28505743, 0.047484167), (-0.020480117, 0.26895866, 0.03906968), (-0.026085684, 0.26028055, 0.022412421), (-0.039865997, 0.27049333, 0.036557), (-0.03804546, 0.26083866, 0.014978836), (-0.036121026, 0.24391483, -0.014534752), (-0.04890115, 0.26320064, 0.005615065), (-0.05404914, 0.26980656, 0.021893853), (-0.03804546, 0.26083866, 0.014978836), (-0.04890115, 0.26320064, 0.005615065), (-0.02264423, 0.23680049, -0.010100042), (-0.036121026, 0.24391483, -0.014534752), (-0.03804546, 0.26083866, 0.014978836), (-0.012811449, 0.2239235, -0.02305175), (-0.0051966426, 0.20016395, -0.02348768), (-0.008219938, 0.22389343, -0.018996442), (-0.009783717, 0.2001887, -0.027546968), (-0.0051966426, 0.20016395, -0.02348768), (-0.008335318, 0.19929978, -0.02006988), (-0.009783717, 0.2001887, -0.027546968), (-0.0129496725, 0.19940911, -0.0239138), (-0.08710988, 0.3792703, -0.021331703), (-0.08648424, 0.38238823, -0.022911992), (-0.06613617, 0.38090572, -0.025231186), (-0.08710988, 0.3792703, -0.021331703), (-0.094415255, 0.38236088, -0.020768976), (-0.08648424, 0.38238823, -0.022911992), (-0.051940218, 0.37021154, -0.031785097), (-0.064443864, 0.36761585, -0.03797124), (-0.091404915, 0.37745115, -0.025625238), (-0.083185755, 0.37562227, -0.036532633), (-0.06942224, 0.37204817, -0.039186858), (-0.08648424, 0.38238823, -0.022911992), (-0.05575489, 0.36565265, -0.043947473), (-0.061258182, 0.36206976, -0.054218166), (-0.03186713, 0.3469252, -0.051464465), (-0.049815502, 0.37303394, -0.033716943), (-0.030064723, 0.36177963, -0.037072275), (-0.03799465, 0.37512, -0.02865892), (-0.0752396, 0.36283427, -0.058001492), (-0.0629648, 0.36000347, -0.0510754), (-0.061442442, 0.35216862, -0.06516549), (-0.094415255, 0.38236088, -0.020768976), (-0.091404915, 0.37745115, -0.025625238), (-0.09068994, 0.38053656, -0.027202763), (-0.08648424, 0.38238823, -0.022911992), (-0.06942224, 0.37204817, -0.039186858), (-0.06613617, 0.38090572, -0.025231186), (-0.07382664, 0.36540666, -0.060114753), (-0.061258182, 0.36206976, -0.054218166), (-0.06942224, 0.37204817, -0.039186858), (-0.048896063, 0.35943592, -0.0413302), (-0.046277456, 0.34418228, -0.0597882), (-0.0629648, 0.36000347, -0.0510754), (-0.08160816, 0.36881, -0.04416973), (-0.064443864, 0.36761585, -0.03797124), (-0.0629648, 0.36000347, -0.0510754), (-0.035534415, 0.3423376, -0.053021524), (-0.046277456, 0.34418228, -0.0597882), (-0.048896063, 0.35943592, -0.0413302), (-0.022817494, 0.33012506, -0.057525948), (-0.014776418, 0.31600907, -0.05205964), (-0.020442957, 0.33161613, -0.054368265), (-0.022817494, 0.33012506, -0.057525948), (-0.016767135, 0.31472296, -0.05471341), (-0.014776418, 0.31600907, -0.05205964), (-0.08160816, 0.36881, -0.04416973), (-0.083185755, 0.37562227, -0.036532633), (-0.084733434, 0.37262186, -0.03517764), (-0.05260898, 0.27379924, 0.020005295), (-0.06588682, 0.2775595, 0.011132968), (-0.05404914, 0.26980656, 0.021893853), (-0.005206747, 0.37180954, -0.08100953), (-0.0024024574, 0.41297084, -0.08938943), (0.035931055, 0.40180042, -0.09282188), (0.0815393, 0.3675364, -0.12675668), (0.089160115, 0.37113646, -0.13398217), (0.08729619, 0.3723854, -0.13472955), (0.08345677, 0.36882672, -0.1274554), (0.089160115, 0.37113646, -0.13398217), (0.08547934, 0.36758456, -0.12709464), (-0.12050824, 0.13075182, -0.085602455), (-0.121261306, 0.1350865, -0.08613736), (-0.108203694, 0.14417547, -0.06545718), (-0.098531224, 0.14029358, -0.06412861), (-0.08634346, 0.1398174, -0.07141905), (-0.11723137, 0.12994294, -0.09283205), (-0.08590105, 0.14348231, -0.0550817), (-0.069903456, 0.14061335, -0.06436724), (-0.08634346, 0.1398174, -0.07141905), (-0.11745115, 0.13450451, -0.09321998), (-0.08580449, 0.14312045, -0.08211243), (-0.121261306, 0.1350865, -0.08613736), (-0.09428962, 0.15246357, -0.042654242), (-0.08666057, 0.14788716, -0.05540673), (-0.080370136, 0.15233295, -0.034493513), (-0.097249866, 0.1360506, -0.09240665), (-0.084609725, 0.13903351, -0.08459614), (-0.08303024, 0.14048901, -0.095239334), (-0.121261306, 0.1350865, -0.08613736), (-0.08580449, 0.14312045, -0.08211243), (-0.108203694, 0.14417547, -0.06545718), (-0.05842269, 0.14848253, -0.09335307), (-0.06220925, 0.14570655, -0.07586294), (-0.07793654, 0.14576247, -0.095646285), (-0.083793856, 0.14456162, -0.094706446), (-0.08580449, 0.14312045, -0.08211243), (-0.11745115, 0.13450451, -0.09321998), (-0.10122958, 0.14520788, -0.050053246), (-0.08590105, 0.14348231, -0.0550817), (-0.098531224, 0.14029358, -0.06412861), (-0.069903456, 0.14061335, -0.06436724), (-0.040892195, 0.13862678, -0.06478308), (-0.062090915, 0.14110462, -0.07543133), (-0.084609725, 0.13903351, -0.08459614), (-0.08634346, 0.1398174, -0.07141905), (-0.069903456, 0.14061335, -0.06436724), (-0.11723137, 0.12994294, -0.09283205), (-0.08634346, 0.1398174, -0.07141905), (-0.084609725, 0.13903351, -0.08459614), (-0.0010142241, 0.18802932, -0.06144791), (0.004948859, 0.18643102, -0.046419114), (0.009085826, 0.18830173, -0.04261238), (0.029895356, 0.20691322, -0.096188895), (0.034493603, 0.20807044, -0.08278647), (0.0625288, 0.21411476, -0.108983494), (0.015093689, 0.20112224, -0.08066302), (0.022705933, 0.20132272, -0.06732375), (0.034493603, 0.20807044, -0.08278647), (0.051648293, 0.21565494, -0.11189727), (0.019484166, 0.20878284, -0.08989549), (0.008765125, 0.208247, -0.09886317), (0.056054633, 0.21622653, -0.08921993), (0.04591016, 0.21327886, -0.07836299), (0.053826135, 0.22217931, -0.0723627), (0.019484166, 0.20878284, -0.08989549), (0.025273863, 0.2088066, -0.07307221), (0.009096374, 0.2021924, -0.075027), (0.05420275, 0.22045316, -0.08898208), (0.041312028, 0.21550243, -0.08060385), (0.060681537, 0.21830358, -0.10886599), (0.010789204, 0.20412509, -0.09955121), (0.015093689, 0.20112224, -0.08066302), (0.029895356, 0.20691322, -0.096188895), (0.022705933, 0.20132272, -0.06732375), (0.022196075, 0.19705267, -0.039861582), (0.03654225, 0.209719, -0.0639758), (0.04591016, 0.21327886, -0.07836299), (0.034493603, 0.20807044, -0.08278647), (0.03654225, 0.209719, -0.0639758), (0.0625288, 0.21411476, -0.108983494), (0.034493603, 0.20807044, -0.08278647), (0.04591016, 0.21327886, -0.07836299), (0.009085826, 0.18830173, -0.04261238), (0.022196075, 0.19705267, -0.039861582), (0.022705933, 0.20132272, -0.06732375), (-0.001969464, 0.17725569, -0.026391774), (-0.008099937, 0.15732117, -0.020028628), (-0.0057044737, 0.17599368, -0.03003492), (-0.0048783943, 0.15837632, -0.016869789), (-0.008099937, 0.15732117, -0.020028628), (-0.0055228085, 0.15597343, -0.022106396), (-0.0048783943, 0.15837632, -0.016869789), (-0.0022734718, 0.1570448, -0.01911811), (0.041312028, 0.21550243, -0.08060385), (0.053826135, 0.22217931, -0.0723627), (0.04591016, 0.21327886, -0.07836299), (0.073706605, 0.16805822, 0.04542195), (0.07396925, 0.17146385, 0.0455861), (0.06688098, 0.17618495, 0.027402828), (0.073706605, 0.16805822, 0.04542195), (0.07733255, 0.16857746, 0.05216308), (0.07396925, 0.17146385, 0.0455861), (0.018721296, 0.16561276, 0.005478083), (0.03294393, 0.16840713, -0.0021154955), (0.021738352, 0.16565551, 0.0019965793), (0.0700369, 0.17124778, 0.05041086), (0.04747076, 0.17507797, 0.0366692), (0.07396925, 0.17146385, 0.0455861), (0.039497625, 0.17493592, 0.026053498), (0.01641532, 0.17289457, 0.024097767), (0.02147651, 0.16931714, 0.0019846917), (0.059502535, 0.180108, 0.0075048814), (0.051917646, 0.17694995, 0.01642297), (0.050251704, 0.17856464, -0.0007057431), (0.03958536, 0.17137867, 0.026096711), (0.016298886, 0.1687501, 0.02181744), (0.025440773, 0.17504226, 0.04016167), (0.07396925, 0.17146385, 0.0455861), (0.04747076, 0.17507797, 0.0366692), (0.06688098, 0.17618495, 0.027402828), (0.043941658, 0.17690831, 0.04571978), (0.04747076, 0.17507797, 0.0366692), (0.0700369, 0.17124778, 0.05041086), (0.06291108, 0.17589723, 0.012194401), (0.051743545, 0.17355604, 0.01638807), (0.060003314, 0.17251264, 0.025256967), (0.04747076, 0.17507797, 0.0366692), (0.044173937, 0.17350131, 0.04540938), (0.04792645, 0.17151877, 0.03632635), (0.007883493, 0.39239398, -0.11689821), (0.01150496, 0.38356176, -0.121503904), (0.013340281, 0.39279595, -0.11665685), (0.013340281, 0.39279595, -0.11665685), (0.01150496, 0.38356176, -0.121503904), (0.01830152, 0.3908071, -0.11786646), (0.0033881709, 0.3897126, -0.118515395), (0.01150496, 0.38356176, -0.121503904), (0.007883493, 0.39239398, -0.11689821), (0.0010649782, 0.38547033, -0.12109001), (0.01150496, 0.38356176, -0.121503904), (0.0033881709, 0.3897126, -0.118515395), (0.0015324694, 0.3808027, -0.12391625), (0.01150496, 0.38356176, -0.121503904), (0.0010649782, 0.38547033, -0.12109001), (0.01150496, 0.38356176, -0.121503904), (0.0015324694, 0.3808027, -0.12391625), (0.0046631917, 0.37696075, -0.12624216), (0.009623331, 0.37497082, -0.12745482), (0.01150496, 0.38356176, -0.121503904), (0.0046631917, 0.37696075, -0.12624216), (0.015083705, 0.37537384, -0.12721746), (0.01150496, 0.38356176, -0.121503904), (0.009623331, 0.37497082, -0.12745482), (0.01957649, 0.37805256, -0.12559487), (0.01150496, 0.38356176, -0.121503904), (0.015083705, 0.37537384, -0.12721746), (0.01150496, 0.38356176, -0.121503904), (0.021902274, 0.38229573, -0.12302203), (0.021432841, 0.38696423, -0.120198354), (0.01150496, 0.38356176, -0.121503904), (0.01957649, 0.37805256, -0.12559487), (0.021902274, 0.38229573, -0.12302203), (0.01830152, 0.3908071, -0.11786646), (0.01150496, 0.38356176, -0.121503904), (0.021432841, 0.38696423, -0.120198354), (0.048363417, 0.43084753, -0.09324936), (0.048272617, 0.43400013, -0.093919076), (0.03741497, 0.40599218, -0.10115611), (0.048363417, 0.43084753, -0.09324936), (0.03741497, 0.40599218, -0.10115611), (0.03572168, 0.40179124, -0.100066535), (-0.019384116, 0.43479353, -0.09379074), (-0.021213414, 0.4366363, -0.09527405), (-0.0069643822, 0.41999897, -0.098981045), (-0.019384116, 0.43479353, -0.09379074), (-0.0069643822, 0.41999897, -0.098981045), (-0.0047619753, 0.4153341, -0.098507375), (0.030191092, 0.44316614, -0.096306644), (0.030181197, 0.44363892, -0.098315865), (0.02893826, 0.42585123, -0.101451576), (0.030191092, 0.44316614, -0.096306644), (0.02893826, 0.42585123, -0.101451576), (0.027688473, 0.4202491, -0.09901385), (-0.02620103, 0.39852953, -0.10972647), (-0.038105536, 0.42392594, -0.10217324), (-0.038581852, 0.42217445, -0.10110001), (-0.02620103, 0.39852953, -0.10972647), (-0.038581852, 0.42217445, -0.10110001), (-0.025869424, 0.39675263, -0.108272694), (-0.008650701, 0.39908653, -0.099989906), (-0.010299764, 0.4024282, -0.10181873), (0.0049041603, 0.37505993, -0.09772056), (-0.008650701, 0.39908653, -0.099989906), (0.0049041603, 0.37505993, -0.09772056), (0.00031745754, 0.3815475, -0.0966597), (0.0672158, 0.41441885, -0.09973458), (0.06799706, 0.41736174, -0.10042657), (0.047059063, 0.39632002, -0.10672072), (0.0672158, 0.41441885, -0.09973458), (0.047059063, 0.39632002, -0.10672072), (0.04556168, 0.39427987, -0.105388016), (0.03674721, 0.40677324, -0.099984996), (0.06799706, 0.41736174, -0.10042657), (0.06715526, 0.4168332, -0.09853136), (0.03674721, 0.40677324, -0.099984996), (0.06715526, 0.4168332, -0.09853136), (0.037797477, 0.40652683, -0.09868894), (0.0059115556, 0.44204494, -0.08784074), (0.0056842766, 0.44283378, -0.08955531), (0.012476054, 0.41816965, -0.09526472), (0.0059115556, 0.44204494, -0.08784074), (0.012476054, 0.41816965, -0.09526472), (0.0118605085, 0.42088163, -0.0930275), (0.0745779, 0.3676751, -0.12855178), (0.076839, 0.36976126, -0.12976612), (0.04621939, 0.3638884, -0.123932876), (0.0745779, 0.3676751, -0.12855178), (0.04621939, 0.3638884, -0.123932876), (0.04176266, 0.36229134, -0.120937504), (-0.009977232, 0.36948955, -0.08222604), (-0.005206747, 0.37180954, -0.08100953), (-0.016201684, 0.33023265, -0.05627391), (-0.009977232, 0.36948955, -0.08222604), (-0.016201684, 0.33023265, -0.05627391), (-0.020692237, 0.33015496, -0.060127437), (-0.005170338, 0.1654616, -0.01611146), (-0.01704648, 0.26602548, -0.026025955), (-0.0117946025, 0.26716253, -0.02765017), (-0.005170338, 0.1654616, -0.01611146), (-0.0117946025, 0.26716253, -0.02765017), (-0.000055370376, 0.16513412, -0.017971555), (0.0015347269, 0.16423528, -0.022789396), (-0.008945796, 0.2633381, -0.0314218), (-0.012307305, 0.26205236, -0.034835737), (0.0015347269, 0.16423528, -0.022789396), (-0.012307305, 0.26205236, -0.034835737), (0.001099256, 0.09421861, -0.02332283), (-0.012307305, 0.26205236, -0.034835737), (-0.017852014, 0.26190493, -0.03424232), (-0.007612591, 0.16343695, -0.026230399), (-0.012307305, 0.26205236, -0.034835737), (-0.007612591, 0.16343695, -0.026230399), (0.001099256, 0.09421861, -0.02332283), (-0.015844703, 0.33968848, -0.07078529), (-0.007652456, 0.36834192, -0.08651576), (-0.009977232, 0.36948955, -0.08222604), (-0.015844703, 0.33968848, -0.07078529), (-0.009977232, 0.36948955, -0.08222604), (-0.020692237, 0.33015496, -0.060127437), (-0.010119801, 0.16214027, -0.019831253), (-0.005170338, 0.1654616, -0.01611146), (-0.0022910335, 0.095614344, -0.012107772), (-0.010119801, 0.16214027, -0.019831253), (-0.0022910335, 0.095614344, -0.012107772), (-0.0075674662, 0.09515357, -0.016691301), (-0.0042177066, 0.27732062, -0.041927285), (-0.0032082384, 0.27870542, -0.036087375), (0.0097264275, 0.2958571, -0.044553503), (-0.0042177066, 0.27732062, -0.041927285), (0.0097264275, 0.2958571, -0.044553503), (0.008669021, 0.29420224, -0.050340585), (-0.022817494, 0.33012506, -0.057525948), (-0.034748554, 0.34547153, -0.055097774), (-0.035534415, 0.3423376, -0.053021524), (-0.022817494, 0.33012506, -0.057525948), (-0.035534415, 0.3423376, -0.053021524), (-0.024681367, 0.32848537, -0.0552998), (0.08645317, 0.3210221, -0.052582815), (0.079631776, 0.31355911, -0.062970795), (0.0802069, 0.3198248, -0.061325364), (0.08645317, 0.3210221, -0.052582815), (0.0802069, 0.3198248, -0.061325364), (0.08573625, 0.32450637, -0.054784067), (0.0827129, 0.32200134, -0.049152244), (0.082063615, 0.32638484, -0.05046242), (0.0802069, 0.3198248, -0.061325364), (0.0827129, 0.32200134, -0.049152244), (0.0802069, 0.3198248, -0.061325364), (0.079631776, 0.31355911, -0.062970795), (-0.033262406, 0.38186488, -0.10818651), (-0.009977232, 0.36948955, -0.08222604), (-0.007652456, 0.36834192, -0.08651576), (-0.033262406, 0.38186488, -0.10818651), (-0.007652456, 0.36834192, -0.08651576), (-0.011110801, 0.35120478, -0.12437722), (-0.0024024574, 0.41297084, -0.08938943), (-0.005206747, 0.37180954, -0.08100953), (-0.009977232, 0.36948955, -0.08222604), (-0.0024024574, 0.41297084, -0.08938943), (-0.009977232, 0.36948955, -0.08222604), (-0.031083101, 0.39639664, -0.10039663), (-0.011110801, 0.35120478, -0.12437722), (-0.007652456, 0.36834192, -0.08651576), (-0.004711509, 0.36786136, -0.087752074), (-0.011110801, 0.35120478, -0.12437722), (-0.004711509, 0.36786136, -0.087752074), (0.026999926, 0.34329385, -0.12747982), (0.0055404613, 0.0010169871, -0.0013113748), (-0.0010845917, 0, -0.0059700552), (-0.006303362, 0.0014260381, 0.0016480809), (0.0055404613, 0.0010169871, -0.0013113748), (-0.006303362, 0.0014260381, 0.0016480809), (0.0018130798, 0.002301826, 0.005655502), (0.0055404613, 0.0010169871, -0.0013113748), (0.004224525, 0.09431611, -0.019382257), (0.001099256, 0.09421861, -0.02332283), (0.0055404613, 0.0010169871, -0.0013113748), (0.001099256, 0.09421861, -0.02332283), (-0.0010845917, 0, -0.0059700552), (-0.0051334784, 0.09329486, -0.016592216), (-0.0018463598, 0.092419066, -0.021479607), (-0.010537426, 0.11619682, -0.029993435), (-0.0051334784, 0.09329486, -0.016592216), (-0.010537426, 0.11619682, -0.029993435), (-0.013977904, 0.11706034, -0.025046427), (-0.0015870563, 0.09612453, -0.014786866), (-0.0051334784, 0.09329486, -0.016592216), (-0.013977904, 0.11706034, -0.025046427), (-0.0015870563, 0.09612453, -0.014786866), (-0.013977904, 0.11706034, -0.025046427), (-0.010796691, 0.12044176, -0.023522073), (-0.0015870563, 0.09612453, -0.014786866), (-0.010796691, 0.12044176, -0.023522073), (-0.0075349645, 0.1196396, -0.028643884), (-0.0015870563, 0.09612453, -0.014786866), (-0.0075349645, 0.1196396, -0.028643884), (0.0016539774, 0.09523836, -0.019864347), (-0.08303024, 0.14048901, -0.095239334), (-0.084609725, 0.13903351, -0.08459614), (-0.08580449, 0.14312045, -0.08211243), (-0.08303024, 0.14048901, -0.095239334), (-0.08580449, 0.14312045, -0.08211243), (-0.083793856, 0.14456162, -0.094706446), (-0.0048783943, 0.15837632, -0.016869789), (-0.001969464, 0.17725569, -0.026391774), (0.00059673603, 0.17433329, -0.028072106), (-0.0048783943, 0.15837632, -0.016869789), (0.00059673603, 0.17433329, -0.028072106), (-0.0022734718, 0.1570448, -0.01911811), (0.0034198617, 0.1467075, -0.014914958), (0.00010437749, 0.14616911, -0.01163694), (0.008281753, 0.15968072, -0.0034333386), (0.0034198617, 0.1467075, -0.014914958), (0.008281753, 0.15968072, -0.0034333386), (0.011586663, 0.160018, -0.006770492), (0.03957384, 0.17392135, 0.045594968), (0.03937687, 0.17747895, 0.045579337), (0.04747076, 0.17507797, 0.0366692), (0.03957384, 0.17392135, 0.045594968), (0.04747076, 0.17507797, 0.0366692), (0.04792645, 0.17151877, 0.03632635), (0.0019759133, 0.36517987, -0.10488445), (0.00414259, 0.36832154, -0.10072068), (0.001578667, 0.37286034, -0.09971984), (-0.02112039, 0.36903584, -0.12262052), (-0.022858512, 0.38448715, -0.11334631), (0.008522586, 0.4132362, -0.098369576), (0.008682883, 0.38383818, -0.09735031), (0.021143837, 0.39658007, -0.09873905), (0.0043756985, 0.40101513, -0.09758317), (-0.004049878, 0.3790795, -0.100825906), (0.0037222432, 0.370062, -0.09940851), (0.0049041603, 0.37505993, -0.09772056), (-0.0012043853, 0.36937204, -0.101782836), (-0.02989978, 0.3618056, -0.13392407), (-0.014983187, 0.36072615, -0.12479832), (-0.022913652, 0.37474027, -0.11664238), (-0.03494203, 0.37263855, -0.12679334), (0.017844515, 0.36367097, -0.10736108), (0.0117296595, 0.37103048, -0.09847393), (0.01655543, 0.3732196, -0.097192645), (0.011431479, 0.3672537, -0.102340885), (0.0024234364, 0.37439585, -0.09919715), (-0.022501208, 0.37915093, -0.11330663), (-0.0003997056, 0.36679035, -0.10395735), (-0.01826133, 0.394895, -0.10468375), (-0.038355723, 0.38670695, -0.11354046), (-0.018822897, 0.37676886, -0.10541822), (-0.03372647, 0.37334242, -0.11574529), (-0.022101188, 0.3735644, -0.108584955), (-0.013185682, 0.43024254, -0.08735215), (-0.017770858, 0.41294464, -0.09389098), (-0.0042715096, 0.4077806, -0.096626356), (-0.01678385, 0.4063727, -0.09647228), (-0.084733434, 0.37262186, -0.03517764), (-0.091404915, 0.37745115, -0.025625238), (-0.064443864, 0.36761585, -0.03797124), (-0.08160816, 0.36881, -0.04416973), (-0.02195849, 0.4350365, -0.094111696), (-0.0047619753, 0.4153341, -0.098507375), (-0.01761485, 0.40644816, -0.10352947), (-0.019384116, 0.43479353, -0.09379074), (0.060681537, 0.21830358, -0.10886599), (0.041312028, 0.21550243, -0.08060385), (0.051648293, 0.21565494, -0.11189727), (0.019484166, 0.20878284, -0.08989549), (0.03958536, 0.17137867, 0.026096711), (0.051743545, 0.17355604, 0.01638807), (0.018721296, 0.16561276, 0.005478083), (0.03294393, 0.16840713, -0.0021154955), (-0.039453585, 0.37521172, -0.12195346), (-0.046729382, 0.36252028, -0.13081715), (-0.03175377, 0.35486186, -0.1308755), (-0.031438634, 0.37604693, -0.1185831), (-0.026557015, 0.36599717, -0.123843506), (0.10904238, 0.30557573, -0.081621625), (0.07699649, 0.30761713, -0.083230935), (0.11167643, 0.3078846, -0.07443691), (0.079631776, 0.31355911, -0.062970795), (-0.0152075, 0.25502446, -0.033041295), (-0.013964369, 0.25642195, -0.02725415), (-0.009771345, 0.25419688, -0.027737472), (-0.010850652, 0.2528622, -0.033432566), (-0.0015870563, 0.09612453, -0.014786866), (0.0016539774, 0.09523836, -0.019864347), (-0.0018463598, 0.092419066, -0.021479607), (-0.0051334784, 0.09329486, -0.016592216), (0.026999926, 0.34329385, -0.12747982), (0.049251627, 0.3680533, -0.11169424), (0.035931055, 0.40180042, -0.09282188), (-0.0024024574, 0.41297084, -0.08938943), (-0.0024024574, 0.41297084, -0.08938943), (-0.011110801, 0.35120478, -0.12437722), (0.026999926, 0.34329385, -0.12747982), (-0.031083101, 0.39639664, -0.10039663), (0.0642406, 0.21600454, -0.1182747), (0.051648293, 0.21565494, -0.11189727), (0.056425408, 0.2119318, -0.11364856), (0.066284776, 0.21097533, -0.11838375), (0.07733255, 0.16857746, 0.05216308), (0.07745268, 0.16439173, 0.052075803), (0.07015851, 0.16771391, 0.05044857), (0.0700369, 0.17124778, 0.05041086), (0.073706605, 0.16805822, 0.04542195), (0.060003314, 0.17251264, 0.025256967), (0.07015851, 0.16771391, 0.05044857), (0.04792645, 0.17151877, 0.03632635), (-0.0033101742, 0.12920567, -0.022824649), (-0.00649128, 0.12866384, -0.019416727), (-0.0039687986, 0.12683561, -0.017467385), (-0.00077774544, 0.12738882, -0.020731121), (0.06079609, 0.3745831, -0.12438676), (0.07874265, 0.38085556, -0.12553898), (0.07294174, 0.38303354, -0.12162231), (0.051868804, 0.3857639, -0.114997834), (0.0039757923, 0.37694943, -0.0978727), (0.012187781, 0.3957161, -0.09573893), (0.017045157, 0.37693262, -0.09910553), (0.0066101877, 0.37156758, -0.09914184), (0.021897601, 0.4116254, -0.09716582), (0.048272617, 0.43400013, -0.093919076), (0.04723709, 0.43313408, -0.092153415), (0.02430032, 0.4133392, -0.09546826), (-0.017698219, 0.4082967, -0.10492469), (-0.021213414, 0.4366363, -0.09527405), (-0.02195849, 0.4350365, -0.094111696), (-0.01761485, 0.40644816, -0.10352947), (0.0019759133, 0.36517987, -0.10488445), (-0.009133702, 0.36548486, -0.112147056), (-0.0044380603, 0.37463632, -0.10128037), (0.00414259, 0.36832154, -0.10072068), (-0.04029365, 0.37591982, -0.12570967), (-0.047072023, 0.38177195, -0.13039674), (-0.04707085, 0.38589028, -0.12608735), (-0.0372229, 0.38581738, -0.11836456), (0.009466635, 0.36310259, -0.10413538), (0.006614415, 0.35273233, -0.1218008), (0.0018739359, 0.35922685, -0.10965535), (0.0061738896, 0.36559308, -0.100625396), (0.00095632946, 0.3660736, -0.10203662), (0.0061738896, 0.36559308, -0.100625396), (0.0018739359, 0.35922685, -0.10965535), (-0.0103562055, 0.3569957, -0.12021055), (-0.00641666, 0.34853068, -0.13652213), (-0.01350333, 0.33415377, -0.15573402), (-0.008194745, 0.33610234, -0.15156561), (0.00020188568, 0.34480897, -0.14169942), (0.0068406467, 0.3644766, -0.10154123), (0.009702335, 0.36736837, -0.09759907), (0.015233906, 0.36814752, -0.097584195), (0.01463496, 0.35675266, -0.11829564), (0.014930986, 0.3691, -0.098854646), (0.038197678, 0.36250535, -0.12013533), (0.04123373, 0.36036268, -0.12170395), (0.015233906, 0.36814752, -0.097584195), (0.032543067, 0.35023537, -0.13354763), (0.03123792, 0.35168782, -0.13386784), (0.015328331, 0.35725906, -0.12073057), (0.01463496, 0.35675266, -0.11829564), (0.0119522605, 0.36789957, -0.102621235), (0.025452213, 0.37120566, -0.10731507), (0.019271728, 0.3816618, -0.09982283), (0.008510536, 0.3706915, -0.09952171), (0.0119522605, 0.36789957, -0.102621235), (0.008510536, 0.3706915, -0.09952171), (0.01941139, 0.3807937, -0.09846473), (0.025452213, 0.37120566, -0.10731507), (0.025452213, 0.37120566, -0.10731507), (0.01941139, 0.3807937, -0.09846473), (0.034720708, 0.39086857, -0.10334527), (0.039842486, 0.3763859, -0.11220534), (0.025452213, 0.37120566, -0.10731507), (0.039325874, 0.3770869, -0.11381668), (0.032132715, 0.39025274, -0.103811614), (0.019271728, 0.3816618, -0.09982283), (0.05705778, 0.3845469, -0.11431558), (0.034720708, 0.39086857, -0.10334527), (0.05250751, 0.39588356, -0.10645587), (0.06244551, 0.39366204, -0.111786455), (-0.0012043853, 0.36937204, -0.101782836), (-0.015809378, 0.3820783, -0.10564268), (0.00031745754, 0.3815475, -0.0966597), (0.0037222432, 0.370062, -0.09940851), (-0.04869128, 0.36435598, -0.13804401), (-0.048195146, 0.36545748, -0.13943686), (-0.03494203, 0.37263855, -0.12679334), (-0.02751538, 0.37372532, -0.1191724), (0.0039270497, 0.36352715, -0.10584113), (-0.010508849, 0.35996857, -0.118768595), (-0.0073164497, 0.371078, -0.10427267), (0.0046078213, 0.36725464, -0.10176244), (0.010453814, 0.3248946, -0.158243), (0.010510527, 0.32626846, -0.15950486), (0.0019123189, 0.34292662, -0.14093314), (0.003249757, 0.33757904, -0.14447252), (0.014010074, 0.3609778, -0.10483728), (0.017442428, 0.35121563, -0.12205395), (0.0028300108, 0.35612917, -0.11052204), (0.009597523, 0.36245596, -0.102047056), (0.003249757, 0.33757904, -0.14447252), (0.01788192, 0.3413601, -0.14140803), (0.01440555, 0.3303634, -0.15418124), (0.010453814, 0.3248946, -0.158243), (0.009055399, 0.34369344, -0.13969351), (0.010510527, 0.32626846, -0.15950486), (0.01440555, 0.3303634, -0.15418124), (0.017856985, 0.34188637, -0.1434186), (0.011431479, 0.3672537, -0.102340885), (0.026683988, 0.361601, -0.11777333), (0.016577465, 0.37392262, -0.0984949), (0.0117296595, 0.37103048, -0.09847393), (0.046588082, 0.37316984, -0.11804363), (0.072657175, 0.35993847, -0.13829394), (0.07269836, 0.3593946, -0.13632695), (0.047361124, 0.37178794, -0.117257185), (0.02620567, 0.39812958, -0.09643713), (0.037797477, 0.40652683, -0.09868894), (0.04556168, 0.39427987, -0.105388016), (0.032794707, 0.3835236, -0.104108915), (0.023512146, 0.39655548, -0.097318046), (0.032794707, 0.3835236, -0.104108915), (0.047059063, 0.39632002, -0.10672072), (0.03674721, 0.40677324, -0.099984996), (0.000024193294, 0.3736464, -0.09956786), (-0.0042008325, 0.3933639, -0.09732015), (0.00911218, 0.37380272, -0.097264394), (0.004796677, 0.37109184, -0.09927553), (-0.0038355317, 0.41144815, -0.09780629), (0.0056842766, 0.44283378, -0.08955531), (0.0018830827, 0.4351842, -0.09020846), (-0.0034876193, 0.41250595, -0.09592966), (-0.031463146, 0.40252167, -0.10880754), (-0.042102173, 0.40915108, -0.12271797), (-0.04144058, 0.40132177, -0.11975462), (-0.03685272, 0.39224488, -0.11554674), (0.0041543185, 0.367208, -0.10254831), (0.009026854, 0.36483565, -0.10233232), (0.007134153, 0.35846457, -0.10970613), (-0.005553124, 0.36497742, -0.10967347), (-0.005553124, 0.36497742, -0.10967347), (0.007134153, 0.35846457, -0.10970613), (-0.0147791905, 0.35571036, -0.1301735), (-0.017358162, 0.3628256, -0.12253769), (-0.014687004, 0.35690346, -0.13114622), (-0.017532794, 0.3635788, -0.12440815), (-0.025739264, 0.3572152, -0.13495478), (-0.030062048, 0.35213178, -0.14591059), (-0.0147791905, 0.35571036, -0.1301735), (-0.029482044, 0.3516325, -0.14228086), (-0.025739264, 0.3572152, -0.13495478), (-0.017358162, 0.3628256, -0.12253769), (0.030303428, 0.34914833, -0.12488587), (0.029102022, 0.33896527, -0.143653), (0.02155223, 0.3413682, -0.1440019), (0.013392212, 0.35186875, -0.1292009), (0.031601664, 0.3502144, -0.12651606), (0.014396886, 0.35211617, -0.13140973), (0.029728655, 0.34001225, -0.14476271), (0.038076647, 0.34083304, -0.1406476), (0.018544294, 0.35939756, -0.1076995), (0.013554719, 0.36108324, -0.10721398), (0.014396886, 0.35211617, -0.13140973), (0.031601664, 0.3502144, -0.12651606), (0.038076647, 0.34083304, -0.1406476), (0.041234184, 0.3334225, -0.16465522), (0.040676575, 0.33186522, -0.1598049), (0.037044253, 0.34034556, -0.1383943), (0.029728655, 0.34001225, -0.14476271), (0.03419761, 0.33491576, -0.15983646), (0.041234184, 0.3334225, -0.16465522), (0.038076647, 0.34083304, -0.1406476), (0.029102022, 0.33896527, -0.143653), (0.040676575, 0.33186522, -0.1598049), (0.03419761, 0.33491576, -0.15983646), (0.02155223, 0.3413682, -0.1440019), (0.012739749, 0.37202397, -0.097146235), (0.033566236, 0.37533274, -0.10517299), (0.017538916, 0.36242723, -0.105550736), (0.009043889, 0.3681796, -0.09793709), (0.010122215, 0.36445752, -0.1017187), (0.02848197, 0.36226484, -0.11495093), (0.012739749, 0.37202397, -0.097146235), (0.009043889, 0.3681796, -0.09793709), (0.052062534, 0.37680054, -0.11645191), (0.076839, 0.36976126, -0.12976612), (0.07657173, 0.3694748, -0.12752892), (0.051354125, 0.37597123, -0.11468411), (-0.006303362, 0.0014260381, 0.0016480809), (-0.0010845917, 0, -0.0059700552), (-0.005000117, 0.093462825, -0.02304078), (-0.0075674662, 0.09515357, -0.016691301), (-0.0117946025, 0.26716253, -0.02765017), (-0.01704648, 0.26602548, -0.026025955), (-0.016201684, 0.33023265, -0.05627391), (-0.010955006, 0.33787617, -0.062794924), (-0.0022910335, 0.095614344, -0.012107772), (-0.005170338, 0.1654616, -0.01611146), (-0.000055370376, 0.16513412, -0.017971555), (0.0028678672, 0.09532307, -0.014050052), (-0.000055370376, 0.16513412, -0.017971555), (-0.0117946025, 0.26716253, -0.02765017), (-0.008945796, 0.2633381, -0.0314218), (0.0015347269, 0.16423528, -0.022789396), (-0.015179716, 0.28641427, -0.044739015), (-0.012005782, 0.28784475, -0.041593518), (-0.010644066, 0.33212665, -0.06408126), (-0.013793672, 0.32521495, -0.0634889), (0.0028678672, 0.09532307, -0.014050052), (-0.000055370376, 0.16513412, -0.017971555), (0.0015347269, 0.16423528, -0.022789396), (0.004224525, 0.09431611, -0.019382257), (-0.012005782, 0.28784475, -0.041593518), (-0.015179716, 0.28641427, -0.044739015), (-0.012307305, 0.26205236, -0.034835737), (-0.008945796, 0.2633381, -0.0314218), (-0.015179716, 0.28641427, -0.044739015), (-0.013793672, 0.32521495, -0.0634889), (-0.015844703, 0.33968848, -0.07078529), (-0.020614946, 0.28615245, -0.04415703), (-0.015179716, 0.28641427, -0.044739015), (-0.020614946, 0.28615245, -0.04415703), (-0.017852014, 0.26190493, -0.03424232), (-0.012307305, 0.26205236, -0.034835737), (-0.020614946, 0.28615245, -0.04415703), (-0.015844703, 0.33968848, -0.07078529), (-0.020692237, 0.33015496, -0.060127437), (-0.023480307, 0.2876359, -0.0407173), (-0.017852014, 0.26190493, -0.03424232), (-0.020527698, 0.26277137, -0.02862476), (-0.010119801, 0.16214027, -0.019831253), (-0.007612591, 0.16343695, -0.026230399), (-0.020614946, 0.28615245, -0.04415703), (-0.023480307, 0.2876359, -0.0407173), (-0.020527698, 0.26277137, -0.02862476), (-0.017852014, 0.26190493, -0.03424232), (-0.020692237, 0.33015496, -0.060127437), (-0.016201684, 0.33023265, -0.05627391), (-0.01704648, 0.26602548, -0.026025955), (-0.023480307, 0.2876359, -0.0407173), (-0.007612591, 0.16343695, -0.026230399), (-0.010119801, 0.16214027, -0.019831253), (-0.0075674662, 0.09515357, -0.016691301), (-0.005000117, 0.093462825, -0.02304078), (-0.020527698, 0.26277137, -0.02862476), (-0.01704648, 0.26602548, -0.026025955), (-0.005170338, 0.1654616, -0.01611146), (-0.010119801, 0.16214027, -0.019831253), (0.036515176, 0.37907204, -0.105402), (0.048506096, 0.37910187, -0.11114638), (0.05046567, 0.39255467, -0.10751878), (0.032988302, 0.38257593, -0.10324009), (0.034247797, 0.38724366, -0.099841565), (0.032988302, 0.38257593, -0.10324009), (0.05046567, 0.39255467, -0.10751878), (0.045572184, 0.40080267, -0.09933922), (0.036515176, 0.37907204, -0.105402), (0.032988302, 0.38257593, -0.10324009), (0.05093255, 0.39178982, -0.1057738), (0.054785386, 0.37885168, -0.11101134), (0.038180225, 0.3735663, -0.10688354), (0.05108619, 0.3791929, -0.10774715), (0.04483571, 0.37008843, -0.11343493), (0.03461227, 0.37028185, -0.10947212), (0.035623994, 0.36582863, -0.112394676), (0.04468077, 0.3612247, -0.12088548), (0.045761403, 0.37182263, -0.11521399), (0.03461227, 0.37028185, -0.10947212), (0.038180225, 0.3735663, -0.10688354), (0.03461227, 0.37028185, -0.10947212), (0.045761403, 0.37182263, -0.11521399), (0.05108619, 0.3791929, -0.10774715), (0.06257947, 0.37027708, -0.12047318), (0.05392577, 0.3608519, -0.124058664), (0.0720405, 0.3645819, -0.122869514), (0.07442902, 0.3697159, -0.12034662), (0.06342492, 0.36904755, -0.1193184), (0.059364356, 0.37784493, -0.110521935), (0.07442902, 0.3697159, -0.12034662), (0.07800025, 0.36500448, -0.12335826), (0.027383909, 0.3550171, -0.11875265), (0.03126614, 0.34781632, -0.12921481), (0.044076517, 0.35361242, -0.12875204), (0.029149314, 0.35916486, -0.115735434), (0.034691855, 0.3601508, -0.113946795), (0.029149314, 0.35916486, -0.115735434), (0.044076517, 0.35361242, -0.12875204), (0.0511207, 0.35998705, -0.12046494), (0.027383909, 0.3550171, -0.11875265), (0.029149314, 0.35916486, -0.115735434), (0.044377826, 0.3523084, -0.12731996), (0.034294333, 0.34298527, -0.13190137), (0.014000107, 0.3495033, -0.1226995), (0.01177799, 0.342385, -0.13369933), (0.022453653, 0.34689993, -0.13011314), (0.018057365, 0.35216603, -0.12027645), (0.023709638, 0.3504828, -0.119941786), (0.018057365, 0.35216603, -0.12027645), (0.022453653, 0.34689993, -0.13011314), (0.034042776, 0.3452609, -0.1278081), (0.014000107, 0.3495033, -0.1226995), (0.018057365, 0.35216603, -0.12027645), (0.022171985, 0.3452245, -0.12898977), (0.011453978, 0.3399703, -0.13337417), (0.026903918, 0.33437246, -0.14035465), (0.03306328, 0.3194334, -0.14770755), (0.026528446, 0.32496288, -0.14668393), (0.014830257, 0.3345593, -0.13960858), (0.011453978, 0.3399703, -0.13337417), (0.022171985, 0.3452245, -0.12898977), (0.026903918, 0.33437246, -0.14035465), (0.014830257, 0.3345593, -0.13960858), (0.022453653, 0.34689993, -0.13011314), (0.02739049, 0.33596972, -0.14155334), (0.036351733, 0.34078386, -0.13380738), (0.034042776, 0.3452609, -0.1278081), (0.02739049, 0.33596972, -0.14155334), (0.014770994, 0.3364154, -0.14047629), (0.026528446, 0.32496288, -0.14668393), (0.032968264, 0.32022747, -0.14943175), (0.01177799, 0.342385, -0.13369933), (0.014770994, 0.3364154, -0.14047629), (0.02739049, 0.33596972, -0.14155334), (0.022453653, 0.34689993, -0.13011314), (0.022171985, 0.3452245, -0.12898977), (0.034042776, 0.3452609, -0.1278081), (0.035856985, 0.33911404, -0.1328375), (0.026903918, 0.33437246, -0.14035465), (0.035856985, 0.33911404, -0.1328375), (0.036351733, 0.34078386, -0.13380738), (0.032968264, 0.32022747, -0.14943175), (0.03306328, 0.3194334, -0.14770755), (-0.0009504885, 0.35072094, -0.123115785), (-0.008543994, 0.34637758, -0.1330998), (0.002581737, 0.34035492, -0.13926896), (0.0043014917, 0.35112244, -0.121815), (0.0085362075, 0.3471339, -0.12287655), (0.0043014917, 0.35112244, -0.121815), (0.002581737, 0.34035492, -0.13926896), (0.014214947, 0.33675984, -0.13600002), (-0.0009504885, 0.35072094, -0.123115785), (0.0043014917, 0.35112244, -0.121815), (0.0022594982, 0.3389308, -0.1379641), (-0.011789272, 0.34193188, -0.13617088), (-0.013462952, 0.3583113, -0.11980764), (-0.024267482, 0.3586661, -0.12753586), (-0.014034654, 0.35256234, -0.12980056), (-0.008437336, 0.35627726, -0.11986253), (-0.006773562, 0.3509794, -0.12188479), (-0.008437336, 0.35627726, -0.11986253), (-0.014034654, 0.35256234, -0.12980056), (-0.009452317, 0.34050068, -0.13586059), (-0.013462952, 0.3583113, -0.11980764), (-0.008437336, 0.35627726, -0.11986253), (-0.0193158, 0.34779862, -0.13481998), (-0.029750437, 0.3563818, -0.12963271), (-0.024267482, 0.3586661, -0.12753586), (-0.029914254, 0.35484403, -0.13381575), (-0.024359442, 0.34530896, -0.1407419), (-0.014034654, 0.35256234, -0.12980056), (-0.020198114, 0.37019777, -0.11360758), (-0.031438634, 0.37604693, -0.1185831), (-0.026557015, 0.36599717, -0.123843506), (-0.017087527, 0.36612687, -0.11441395), (-0.018114341, 0.36093965, -0.11718478), (-0.017087527, 0.36612687, -0.11441395), (-0.026557015, 0.36599717, -0.123843506), (-0.026299834, 0.35492563, -0.12734605), (-0.030778233, 0.3651666, -0.123628005), (-0.04774644, 0.36348215, -0.12824638), (-0.050933413, 0.36624908, -0.12754072), (-0.039453585, 0.37521172, -0.12195346), (-0.018114341, 0.36093965, -0.11718478), (-0.026299834, 0.35492563, -0.12734605), (-0.030778233, 0.3651666, -0.123628005), (-0.017087527, 0.36612687, -0.11441395), (-0.019606968, 0.381389, -0.10319635), (-0.027329497, 0.392132, -0.104202315), (-0.034640517, 0.38621172, -0.114661284), (-0.018822897, 0.37676886, -0.10541822), (-0.022101188, 0.3735644, -0.108584955), (-0.018822897, 0.37676886, -0.10541822), (-0.034640517, 0.38621172, -0.114661284), (-0.0364899, 0.37464657, -0.11933814), (-0.012279869, 0.3920876, -0.09747973), (-0.015167366, 0.40506104, -0.097551346), (-0.027394706, 0.40252045, -0.10401175), (-0.014129192, 0.38745505, -0.099610515), (-0.019778572, 0.38586465, -0.100292146), (-0.014129192, 0.38745505, -0.099610515), (-0.027394706, 0.40252045, -0.10401175), (-0.035047535, 0.39270958, -0.10598456), (-0.012279869, 0.3920876, -0.09747973), (-0.014129192, 0.38745505, -0.099610515), (-0.028003534, 0.4020635, -0.10220821), (-0.018139713, 0.41015783, -0.09537088), (-0.0073854486, 0.39674363, -0.09582987), (-0.016608557, 0.40593183, -0.09465011), (-0.0055802152, 0.40732867, -0.09474234), (-0.0019832926, 0.39576843, -0.09628028), (0.0021602942, 0.39890233, -0.09476826), (0.0054968963, 0.41108117, -0.09332338), (-0.0042715096, 0.4077806, -0.096626356), (-0.0019832926, 0.39576843, -0.09628028), (-0.0073854486, 0.39674363, -0.09582987), (-0.0019832926, 0.39576843, -0.09628028), (-0.0042715096, 0.4077806, -0.096626356), (-0.01678385, 0.4063727, -0.09647228), (0.0021602942, 0.39890233, -0.09476826), (-0.0019832926, 0.39576843, -0.09628028), (-0.0055802152, 0.40732867, -0.09474234), (0.005653674, 0.41200462, -0.09086122), (-0.0042715096, 0.4077806, -0.096626356), (0.0038044786, 0.4185454, -0.090094544), (-0.009139956, 0.432233, -0.08445569), (-0.013185682, 0.43024254, -0.08735215), (-0.0055802152, 0.40732867, -0.09474234), (-0.017509008, 0.41366953, -0.09181787), (-0.014313961, 0.428254, -0.08550464), (-0.009139956, 0.432233, -0.08445569), (0.017070781, 0.39741528, -0.093828246), (0.025655279, 0.40751135, -0.09437314), (0.01510894, 0.41681543, -0.09421325), (0.011735713, 0.3965302, -0.09423765), (0.0074013714, 0.39990643, -0.092079125), (0.011735713, 0.3965302, -0.09423765), (0.01510894, 0.41681543, -0.09421325), (0.0028778287, 0.41697475, -0.09115925), (0.017070781, 0.39741528, -0.093828246), (0.011735713, 0.3965302, -0.09423765), (0.015121087, 0.41648805, -0.09228251), (0.028958613, 0.41225088, -0.091807984), (0.029534757, 0.38954502, -0.09661392), (0.041336406, 0.39495194, -0.099431515), (0.031073624, 0.4009477, -0.097004116), (0.024426997, 0.39109415, -0.09566802), (0.0110762715, 0.3669454, -0.1027427), (0.009140477, 0.37046936, -0.09912611), (0.021271922, 0.3768111, -0.099719085), (0.023626592, 0.36621284, -0.10878115), (0.022657558, 0.3957871, -0.09254865), (0.024426997, 0.39109415, -0.09566802), (0.031073624, 0.4009477, -0.097004116), (0.02649672, 0.4129503, -0.090782925), (0.029534757, 0.38954502, -0.09661392), (0.024426997, 0.39109415, -0.09566802), (0.036646545, 0.40733686, -0.09490968), (0.046863664, 0.3975083, -0.09783228), (0.041336406, 0.39495194, -0.099431515), (0.047516763, 0.40183756, -0.098729916), (0.04232182, 0.41327918, -0.09520968), (0.031073624, 0.4009477, -0.097004116), (-0.005206747, 0.37180954, -0.08100953), (-0.0023881905, 0.36893788, -0.08514551), (-0.010644066, 0.33212665, -0.06408126), (-0.010955006, 0.33787617, -0.062794924), (-0.012005782, 0.28784475, -0.041593518), (-0.0117946025, 0.26716253, -0.02765017), (-0.010955006, 0.33787617, -0.062794924), (-0.010644066, 0.33212665, -0.06408126), (0.035526175, 0.31493944, -0.04372147), (0.0490423, 0.3233434, -0.03899084), (0.049699944, 0.318959, -0.037681334), (0.036562204, 0.31059462, -0.042201646), (0.028516125, 0.30029577, -0.072503656), (0.027724039, 0.30482116, -0.07359101), (0.024042081, 0.3059439, -0.05840128), (0.0247368, 0.30141443, -0.0571167), (0.027724039, 0.30482116, -0.07359101), (0.061072458, 0.31210226, -0.08286838), (0.060563583, 0.31477606, -0.067819245), (0.024042081, 0.3059439, -0.05840128), (0.118760765, 0.30759895, -0.080963984), (0.10508971, 0.3101512, -0.08343468), (0.10904238, 0.30557573, -0.081621625), (0.11932356, 0.30243573, -0.079375274), (0.06116845, 0.31030256, -0.0667839), (0.079631776, 0.31355911, -0.062970795), (0.07699649, 0.30761713, -0.083230935), (0.061352223, 0.30800042, -0.081295), (0.07733775, 0.3130855, -0.07800923), (0.10508971, 0.3101512, -0.08343468), (0.11107865, 0.3122064, -0.07583617), (0.0802069, 0.3198248, -0.061325364), (0.060563583, 0.31477606, -0.067819245), (0.07733775, 0.3130855, -0.07800923), (0.0802069, 0.3198248, -0.061325364), (0.06402088, 0.32056934, -0.05509547), (0.035526175, 0.31493944, -0.04372147), (0.024042081, 0.3059439, -0.05840128), (0.060563583, 0.31477606, -0.067819245), (0.06402088, 0.32056934, -0.05509547), (0.06446226, 0.31611437, -0.05390139), (0.066214375, 0.32527107, -0.0388976), (0.0827129, 0.32200134, -0.049152244), (0.079631776, 0.31355911, -0.062970795), (0.049699944, 0.318959, -0.037681334), (0.066214375, 0.32527107, -0.0388976), (0.06446226, 0.31611437, -0.05390139), (0.036562204, 0.31059462, -0.042201646), (0.09574091, 0.31479985, -0.06282597), (0.08573625, 0.32450637, -0.054784067), (0.11107865, 0.3122064, -0.07583617), (0.11167643, 0.3078846, -0.07443691), (0.066214375, 0.32527107, -0.0388976), (0.06545072, 0.3293508, -0.040468525), (0.082063615, 0.32638484, -0.05046242), (0.0827129, 0.32200134, -0.049152244), (0.0490423, 0.3233434, -0.03899084), (0.06545072, 0.3293508, -0.040468525), (0.066214375, 0.32527107, -0.0388976), (0.049699944, 0.318959, -0.037681334), (0.04049494, 0.30364054, -0.09078797), (0.041668214, 0.30849928, -0.09350923), (0.027724039, 0.30482116, -0.07359101), (0.028516125, 0.30029577, -0.072503656), (0.057671413, 0.30638227, -0.0966961), (0.057016805, 0.31076753, -0.09800691), (0.041668214, 0.30849928, -0.09350923), (0.04049494, 0.30364054, -0.09078797), (0.10508971, 0.3101512, -0.08343468), (0.06442275, 0.31073067, -0.09762159), (0.065067865, 0.30636463, -0.09651438), (0.10904238, 0.30557573, -0.081621625), (0.11167643, 0.3078846, -0.07443691), (0.11107865, 0.3122064, -0.07583617), (0.118760765, 0.30759895, -0.080963984), (0.11932356, 0.30243573, -0.079375274), (0.0068451683, 0.29962367, -0.044986114), (0.025540363, 0.3079596, -0.052888583), (0.026120275, 0.30340025, -0.05164872), (0.0097264275, 0.2958571, -0.044553503), (0.025540363, 0.3079596, -0.052888583), (0.035526175, 0.31493944, -0.04372147), (0.036562204, 0.31059462, -0.042201646), (0.026120275, 0.30340025, -0.05164872), (0.0490423, 0.3233434, -0.03899084), (0.035526175, 0.31493944, -0.04372147), (0.06402088, 0.32056934, -0.05509547), (0.06545072, 0.3293508, -0.040468525), (0.06402088, 0.32056934, -0.05509547), (0.0802069, 0.3198248, -0.061325364), (0.082063615, 0.32638484, -0.05046242), (0.06545072, 0.3293508, -0.040468525), (0.036562204, 0.31059462, -0.042201646), (0.06446226, 0.31611437, -0.05390139), (0.06116845, 0.31030256, -0.0667839), (0.026120275, 0.30340025, -0.05164872), (-0.008251873, 0.28007346, -0.04179866), (0.0055600433, 0.29794416, -0.05073788), (0.0068451683, 0.29962367, -0.044986114), (-0.007011659, 0.2815689, -0.035981845), (0.0055600433, 0.29794416, -0.05073788), (0.008669021, 0.29420224, -0.050340585), (0.0247368, 0.30141443, -0.0571167), (0.024042081, 0.3059439, -0.05840128), (0.0055600433, 0.29794416, -0.05073788), (0.024042081, 0.3059439, -0.05840128), (0.025540363, 0.3079596, -0.052888583), (0.0068451683, 0.29962367, -0.044986114), (0.008669021, 0.29420224, -0.050340585), (0.0097264275, 0.2958571, -0.044553503), (0.026120275, 0.30340025, -0.05164872), (0.0247368, 0.30141443, -0.0571167), (-0.013964369, 0.25642195, -0.02725415), (-0.007011659, 0.2815689, -0.035981845), (-0.0032082384, 0.27870542, -0.036087375), (-0.009771345, 0.25419688, -0.027737472), (-0.010850652, 0.2528622, -0.033432566), (-0.009771345, 0.25419688, -0.027737472), (-0.0032082384, 0.27870542, -0.036087375), (-0.0042177066, 0.27732062, -0.041927285), (-0.007011659, 0.2815689, -0.035981845), (0.0068451683, 0.29962367, -0.044986114), (0.0097264275, 0.2958571, -0.044553503), (-0.0032082384, 0.27870542, -0.036087375), (-0.008251873, 0.28007346, -0.04179866), (-0.0042177066, 0.27732062, -0.041927285), (0.008669021, 0.29420224, -0.050340585), (0.0055600433, 0.29794416, -0.05073788), (-0.0152075, 0.25502446, -0.033041295), (-0.010850652, 0.2528622, -0.033432566), (-0.0042177066, 0.27732062, -0.041927285), (-0.008251873, 0.28007346, -0.04179866), (-0.0152075, 0.25502446, -0.033041295), (-0.008251873, 0.28007346, -0.04179866), (-0.007011659, 0.2815689, -0.035981845), (-0.013964369, 0.25642195, -0.02725415), (-0.033943318, 0.2477055, -0.016213443), (-0.046502087, 0.25855237, -0.016389176), (-0.048213605, 0.2545942, -0.014729621), (-0.036121026, 0.24391483, -0.014534752), (-0.011034746, 0.24197812, 0.006904636), (-0.00936234, 0.24592409, 0.0049372935), (-0.016433142, 0.24043494, -0.007885271), (-0.018175606, 0.23636876, -0.0061235563), (-0.00936234, 0.24592409, 0.0049372935), (-0.02738409, 0.26803946, 0.025324749), (-0.03699264, 0.26520118, 0.013658201), (-0.016433142, 0.24043494, -0.007885271), (-0.018175606, 0.23636876, -0.0061235563), (-0.02264423, 0.23680049, -0.010100042), (-0.03804546, 0.26083866, 0.014978836), (-0.011034746, 0.24197812, 0.006904636), (-0.026085684, 0.26028055, 0.022412421), (-0.07271104, 0.2857464, 0.057386577), (-0.060595963, 0.2835088, 0.050447047), (-0.065139726, 0.28048772, 0.05363477), (-0.074598245, 0.28098676, 0.05920246), (-0.03804546, 0.26083866, 0.014978836), (-0.05404914, 0.26980656, 0.021893853), (-0.039865997, 0.27049333, 0.036557), (-0.026085684, 0.26028055, 0.022412421), (-0.033943318, 0.2477055, -0.016213443), (-0.016433142, 0.24043494, -0.007885271), (-0.03699264, 0.26520118, 0.013658201), (-0.047438335, 0.26727462, 0.0039539346), (-0.04890115, 0.26320064, 0.005615065), (-0.05930131, 0.2667659, -0.008237807), (-0.06526662, 0.2737167, 0.009245775), (-0.05404914, 0.26980656, 0.021893853), (-0.048213605, 0.2545942, -0.014729621), (-0.05930131, 0.2667659, -0.008237807), (-0.04890115, 0.26320064, 0.005615065), (-0.036121026, 0.24391483, -0.014534752), (-0.0666991, 0.27706638, 0.029122252), (-0.06498986, 0.28102452, 0.027457578), (-0.069918536, 0.28505743, 0.047484167), (-0.07163442, 0.2810993, 0.049017794), (-0.07271104, 0.2857464, 0.057386577), (-0.074598245, 0.28098676, 0.05920246), (-0.05930131, 0.2667659, -0.008237807), (-0.0573653, 0.27051052, -0.009624788), (-0.06355575, 0.2776766, 0.0075841825), (-0.06526662, 0.2737167, 0.009245775), (-0.046502087, 0.25855237, -0.016389176), (-0.0573653, 0.27051052, -0.009624788), (-0.05930131, 0.2667659, -0.008237807), (-0.048213605, 0.2545942, -0.014729621), (-0.0077927983, 0.25554654, 0.024069594), (-0.0064908285, 0.26108754, 0.02410825), (-0.00936234, 0.24592409, 0.0049372935), (-0.011034746, 0.24197812, 0.006904636), (-0.020480117, 0.26895866, 0.03906968), (-0.018630574, 0.27267832, 0.036989156), (-0.0064908285, 0.26108754, 0.02410825), (-0.0077927983, 0.25554654, 0.024069594), (-0.060595963, 0.2835088, 0.050447047), (-0.018630574, 0.27267832, 0.036989156), (-0.020480117, 0.26895866, 0.03906968), (-0.065139726, 0.28048772, 0.05363477), (-0.012811449, 0.2239235, -0.02305175), (-0.020997422, 0.24091172, -0.011844709), (-0.02264423, 0.23680049, -0.010100042), (-0.015577037, 0.22164552, -0.019913197), (-0.020997422, 0.24091172, -0.011844709), (-0.033943318, 0.2477055, -0.016213443), (-0.036121026, 0.24391483, -0.014534752), (-0.02264423, 0.23680049, -0.010100042), (-0.046502087, 0.25855237, -0.016389176), (-0.033943318, 0.2477055, -0.016213443), (-0.047438335, 0.26727462, 0.0039539346), (-0.0573653, 0.27051052, -0.009624788), (-0.047438335, 0.26727462, 0.0039539346), (-0.05260898, 0.27379924, 0.020005295), (-0.06355575, 0.2776766, 0.0075841825), (-0.0573653, 0.27051052, -0.009624788), (-0.008219938, 0.22389343, -0.018996442), (-0.011132522, 0.22172803, -0.015730847), (-0.018175606, 0.23636876, -0.0061235563), (-0.016433142, 0.24043494, -0.007885271), (-0.008219938, 0.22389343, -0.018996442), (-0.016433142, 0.24043494, -0.007885271), (-0.020997422, 0.24091172, -0.011844709), (-0.012811449, 0.2239235, -0.02305175), (-0.011132522, 0.22172803, -0.015730847), (-0.015577037, 0.22164552, -0.019913197), (-0.02264423, 0.23680049, -0.010100042), (-0.018175606, 0.23636876, -0.0061235563), (-0.009783717, 0.2001887, -0.027546968), (-0.012811449, 0.2239235, -0.02305175), (-0.015577037, 0.22164552, -0.019913197), (-0.0129496725, 0.19940911, -0.0239138), (-0.0051966426, 0.20016395, -0.02348768), (-0.008335318, 0.19929978, -0.02006988), (-0.011132522, 0.22172803, -0.015730847), (-0.008219938, 0.22389343, -0.018996442), (-0.04553611, 0.34714234, -0.06184044), (-0.062127512, 0.35600433, -0.066959634), (-0.061442442, 0.35216862, -0.06516549), (-0.046277456, 0.34418228, -0.0597882), (-0.03076809, 0.35635978, -0.036597718), (-0.030064723, 0.36177963, -0.037072275), (-0.03186713, 0.3469252, -0.051464465), (-0.03275746, 0.3436014, -0.04940843), (-0.035534415, 0.3423376, -0.053021524), (-0.048896063, 0.35943592, -0.0413302), (-0.03076809, 0.35635978, -0.036597718), (-0.03275746, 0.3436014, -0.04940843), (-0.084733434, 0.37262186, -0.03517764), (-0.083185755, 0.37562227, -0.036532633), (-0.09068994, 0.38053656, -0.027202763), (-0.091404915, 0.37745115, -0.025625238), (-0.051940218, 0.37021154, -0.031785097), (-0.048896063, 0.35943592, -0.0413302), (-0.064443864, 0.36761585, -0.03797124), (-0.038902037, 0.3722108, -0.02655864), (-0.0752396, 0.36283427, -0.058001492), (-0.07382664, 0.36540666, -0.060114753), (-0.083185755, 0.37562227, -0.036532633), (-0.08160816, 0.36881, -0.04416973), (-0.062127512, 0.35600433, -0.066959634), (-0.07382664, 0.36540666, -0.060114753), (-0.0752396, 0.36283427, -0.058001492), (-0.061442442, 0.35216862, -0.06516549), (-0.038902037, 0.3722108, -0.02655864), (-0.03799465, 0.37512, -0.02865892), (-0.030064723, 0.36177963, -0.037072275), (-0.03076809, 0.35635978, -0.036597718), (-0.06613617, 0.38090572, -0.025231186), (-0.043798182, 0.3789018, -0.026409868), (-0.044422016, 0.37607726, -0.024153143), (-0.08710988, 0.3792703, -0.021331703), (-0.034748554, 0.34547153, -0.055097774), (-0.04553611, 0.34714234, -0.06184044), (-0.046277456, 0.34418228, -0.0597882), (-0.035534415, 0.3423376, -0.053021524), (-0.05575489, 0.36565265, -0.043947473), (-0.049815502, 0.37303394, -0.033716943), (-0.06613617, 0.38090572, -0.025231186), (-0.06942224, 0.37204817, -0.039186858), (-0.04553611, 0.34714234, -0.06184044), (-0.034748554, 0.34547153, -0.055097774), (-0.061258182, 0.36206976, -0.054218166), (-0.062127512, 0.35600433, -0.066959634), (-0.020442957, 0.33161613, -0.054368265), (-0.022483878, 0.3300615, -0.052147362), (-0.03275746, 0.3436014, -0.04940843), (-0.03186713, 0.3469252, -0.051464465), (-0.022483878, 0.3300615, -0.052147362), (-0.024681367, 0.32848537, -0.0552998), (-0.035534415, 0.3423376, -0.053021524), (-0.03275746, 0.3436014, -0.04940843), (-0.016767135, 0.31472296, -0.05471341), (-0.022817494, 0.33012506, -0.057525948), (-0.024681367, 0.32848537, -0.0552998), (-0.017765306, 0.3148698, -0.05163404), (-0.014776418, 0.31600907, -0.05205964), (-0.017765306, 0.3148698, -0.05163404), (-0.022483878, 0.3300615, -0.052147362), (-0.020442957, 0.33161613, -0.054368265), (-0.049815502, 0.37303394, -0.033716943), (-0.03799465, 0.37512, -0.02865892), (-0.038902037, 0.3722108, -0.02655864), (-0.051940218, 0.37021154, -0.031785097), (-0.049815502, 0.37303394, -0.033716943), (-0.051940218, 0.37021154, -0.031785097), (-0.044422016, 0.37607726, -0.024153143), (-0.043798182, 0.3789018, -0.026409868), (-0.06526662, 0.2737167, 0.009245775), (-0.06355575, 0.2776766, 0.0075841825), (-0.05260898, 0.27379924, 0.020005295), (-0.05404914, 0.26980656, 0.021893853), (0.035931055, 0.40180042, -0.09282188), (0.049251627, 0.3680533, -0.11169424), (-0.0023881905, 0.36893788, -0.08514551), (-0.005206747, 0.37180954, -0.08100953), (0.049251627, 0.3680533, -0.11169424), (0.026999926, 0.34329385, -0.12747982), (-0.004711509, 0.36786136, -0.087752074), (-0.0023881905, 0.36893788, -0.08514551), (0.0055404613, 0.0010169871, -0.0013113748), (0.0018130798, 0.002301826, 0.005655502), (0.0028678672, 0.09532307, -0.014050052), (0.004224525, 0.09431611, -0.019382257), (-0.006303362, 0.0014260381, 0.0016480809), (-0.0075674662, 0.09515357, -0.016691301), (-0.0022910335, 0.095614344, -0.012107772), (0.0018130798, 0.002301826, 0.005655502), (-0.040892974, 0.14334951, -0.06482706), (-0.04664832, 0.14650975, -0.08007303), (-0.046538915, 0.14190964, -0.079641856), (-0.040892195, 0.13862678, -0.06478308), (-0.05694868, 0.14085846, -0.036051426), (-0.05679531, 0.14554538, -0.036595672), (-0.04354457, 0.1424388, -0.044318512), (-0.043473504, 0.13770042, -0.04383895), (-0.05679531, 0.14554538, -0.036595672), (-0.08666057, 0.14788716, -0.05540673), (-0.07556532, 0.14549327, -0.06590785), (-0.04354457, 0.1424388, -0.044318512), (-0.069903456, 0.14061335, -0.06436724), (-0.08590105, 0.14348231, -0.0550817), (-0.05694868, 0.14085846, -0.036051426), (-0.043473504, 0.13770042, -0.04383895), (-0.12685262, 0.1302348, -0.093229055), (-0.121261306, 0.1350865, -0.08613736), (-0.12050824, 0.13075182, -0.085602455), (-0.12652984, 0.12484858, -0.09261857), (-0.040892974, 0.14334951, -0.06482706), (-0.04354457, 0.1424388, -0.044318512), (-0.07556532, 0.14549327, -0.06590785), (-0.06220925, 0.14570655, -0.07586294), (-0.069903456, 0.14061335, -0.06436724), (-0.058334373, 0.14337453, -0.092911005), (-0.07790222, 0.14109926, -0.095339745), (-0.084609725, 0.13903351, -0.08459614), (-0.046538915, 0.14190964, -0.079641856), (-0.054912724, 0.14625163, -0.089369774), (-0.062090915, 0.14110462, -0.07543133), (-0.040892195, 0.13862678, -0.06478308), (-0.097249866, 0.1360506, -0.09240665), (-0.083793856, 0.14456162, -0.094706446), (-0.11745115, 0.13450451, -0.09321998), (-0.11723137, 0.12994294, -0.09283205), (-0.058334373, 0.14337453, -0.092911005), (-0.05842269, 0.14848253, -0.09335307), (-0.07793654, 0.14576247, -0.095646285), (-0.07790222, 0.14109926, -0.095339745), (-0.07800388, 0.1472431, -0.03357336), (-0.080370136, 0.15233295, -0.034493513), (-0.05679531, 0.14554538, -0.036595672), (-0.05694868, 0.14085846, -0.036051426), (-0.094166614, 0.1478612, -0.042225942), (-0.09428962, 0.15246357, -0.042654242), (-0.080370136, 0.15233295, -0.034493513), (-0.07800388, 0.1472431, -0.03357336), (-0.108203694, 0.14417547, -0.06545718), (-0.10130407, 0.14976941, -0.050501764), (-0.10122958, 0.14520788, -0.050053246), (-0.12050824, 0.13075182, -0.085602455), (-0.11723137, 0.12994294, -0.09283205), (-0.11745115, 0.13450451, -0.09321998), (-0.12685262, 0.1302348, -0.093229055), (-0.12652984, 0.12484858, -0.09261857), (-0.02238146, 0.13608158, -0.039074205), (-0.040627964, 0.14215687, -0.04962261), (-0.040512636, 0.13744809, -0.04913433), (-0.024411222, 0.13183723, -0.039797597), (-0.040627964, 0.14215687, -0.04962261), (-0.040892974, 0.14334951, -0.06482706), (-0.040892195, 0.13862678, -0.06478308), (-0.040512636, 0.13744809, -0.04913433), (-0.07556532, 0.14549327, -0.06590785), (-0.08666057, 0.14788716, -0.05540673), (-0.108203694, 0.14417547, -0.06545718), (-0.08580449, 0.14312045, -0.08211243), (-0.04664832, 0.14650975, -0.08007303), (-0.040892974, 0.14334951, -0.06482706), (-0.06220925, 0.14570655, -0.07586294), (-0.054912724, 0.14625163, -0.089369774), (-0.010796691, 0.12044176, -0.023522073), (-0.025583602, 0.1367015, -0.033879627), (-0.02238146, 0.13608158, -0.039074205), (-0.0075349645, 0.1196396, -0.028643884), (-0.025583602, 0.1367015, -0.033879627), (-0.027798833, 0.1324409, -0.034752313), (-0.043473504, 0.13770042, -0.04383895), (-0.04354457, 0.1424388, -0.044318512), (-0.025583602, 0.1367015, -0.033879627), (-0.04354457, 0.1424388, -0.044318512), (-0.040627964, 0.14215687, -0.04962261), (-0.02238146, 0.13608158, -0.039074205), (-0.027798833, 0.1324409, -0.034752313), (-0.024411222, 0.13183723, -0.039797597), (-0.040512636, 0.13744809, -0.04913433), (-0.043473504, 0.13770042, -0.04383895), (0.0016539774, 0.09523836, -0.019864347), (-0.0075349645, 0.1196396, -0.028643884), (-0.010537426, 0.11619682, -0.029993435), (-0.0018463598, 0.092419066, -0.021479607), (-0.013977904, 0.11706034, -0.025046427), (-0.010537426, 0.11619682, -0.029993435), (-0.024411222, 0.13183723, -0.039797597), (-0.027798833, 0.1324409, -0.034752313), (-0.0075349645, 0.1196396, -0.028643884), (-0.02238146, 0.13608158, -0.039074205), (-0.024411222, 0.13183723, -0.039797597), (-0.010537426, 0.11619682, -0.029993435), (-0.010796691, 0.12044176, -0.023522073), (-0.013977904, 0.11706034, -0.025046427), (-0.027798833, 0.1324409, -0.034752313), (-0.025583602, 0.1367015, -0.033879627), (-0.07790222, 0.14109926, -0.095339745), (-0.07793654, 0.14576247, -0.095646285), (-0.08580449, 0.14312045, -0.08211243), (-0.084609725, 0.13903351, -0.08459614), (-0.058334373, 0.14337453, -0.092911005), (-0.062090915, 0.14110462, -0.07543133), (-0.06220925, 0.14570655, -0.07586294), (-0.05842269, 0.14848253, -0.09335307), (-0.08666057, 0.14788716, -0.05540673), (-0.08590105, 0.14348231, -0.0550817), (-0.10122958, 0.14520788, -0.050053246), (-0.10130407, 0.14976941, -0.050501764), (-0.08666057, 0.14788716, -0.05540673), (-0.09428962, 0.15246357, -0.042654242), (-0.094166614, 0.1478612, -0.042225942), (-0.08590105, 0.14348231, -0.0550817), (0.020617932, 0.20136149, -0.03961392), (0.03241973, 0.21195966, -0.04183505), (0.034283016, 0.20773299, -0.042073004), (0.022196075, 0.19705267, -0.039861582), (-0.0028683394, 0.19225416, -0.06121656), (-0.0042809965, 0.2008155, -0.083975665), (0.009096374, 0.2021924, -0.075027), (0.0030711233, 0.19105165, -0.046341438), (-0.0010142241, 0.18802932, -0.06144791), (-0.0028683394, 0.19225416, -0.06121656), (0.0030711233, 0.19105165, -0.046341438), (0.004948859, 0.18643102, -0.046419114), (0.022705933, 0.20132272, -0.06732375), (0.015093689, 0.20112224, -0.08066302), (-0.0010142241, 0.18802932, -0.06144791), (0.009085826, 0.18830173, -0.04261238), (0.009096374, 0.2021924, -0.075027), (-0.0042809965, 0.2008155, -0.083975665), (0.008765125, 0.208247, -0.09886317), (0.019484166, 0.20878284, -0.08989549), (0.03654225, 0.209719, -0.0639758), (0.04579974, 0.21765378, -0.051183365), (0.05307751, 0.21908347, -0.069438264), (0.04591016, 0.21327886, -0.07836299), (0.034283016, 0.20773299, -0.042073004), (0.04579974, 0.21765378, -0.051183365), (0.03654225, 0.209719, -0.0639758), (0.022196075, 0.19705267, -0.039861582), (0.056054633, 0.21622653, -0.08921993), (0.05420275, 0.22045316, -0.08898208), (0.060681537, 0.21830358, -0.10886599), (0.0625288, 0.21411476, -0.108983494), (0.0642406, 0.21600454, -0.1182747), (0.066284776, 0.21097533, -0.11838375), (0.04579974, 0.21765378, -0.051183365), (0.04374011, 0.221587, -0.051164426), (0.051222213, 0.2233092, -0.06920949), (0.05307751, 0.21908347, -0.069438264), (0.03241973, 0.21195966, -0.04183505), (0.04374011, 0.221587, -0.051164426), (0.04579974, 0.21765378, -0.051183365), (0.034283016, 0.20773299, -0.042073004), (-0.0029588325, 0.19559066, -0.082140245), (-0.0042809965, 0.2008155, -0.083975665), (-0.0028683394, 0.19225416, -0.06121656), (-0.0010142241, 0.18802932, -0.06144791), (0.010789204, 0.20412509, -0.09955121), (0.008765125, 0.208247, -0.09886317), (-0.0042809965, 0.2008155, -0.083975665), (-0.0029588325, 0.19559066, -0.082140245), (0.051648293, 0.21565494, -0.11189727), (0.008765125, 0.208247, -0.09886317), (0.010789204, 0.20412509, -0.09955121), (0.056425408, 0.2119318, -0.11364856), (-0.001969464, 0.17725569, -0.026391774), (0.007392518, 0.19278358, -0.042443085), (0.009085826, 0.18830173, -0.04261238), (0.00059673603, 0.17433329, -0.028072106), (0.007392518, 0.19278358, -0.042443085), (0.020617932, 0.20136149, -0.03961392), (0.022196075, 0.19705267, -0.039861582), (0.009085826, 0.18830173, -0.04261238), (0.03414374, 0.2137179, -0.06171375), (0.041312028, 0.21550243, -0.08060385), (0.051222213, 0.2233092, -0.06920949), (0.04374011, 0.221587, -0.051164426), (0.020617932, 0.20136149, -0.03961392), (0.007392518, 0.19278358, -0.042443085), (0.03414374, 0.2137179, -0.06171375), (0.03241973, 0.21195966, -0.04183505), (-0.0057044737, 0.17599368, -0.03003492), (-0.0029515724, 0.17318974, -0.031822458), (0.004948859, 0.18643102, -0.046419114), (0.0030711233, 0.19105165, -0.046341438), (-0.008099937, 0.15732117, -0.020028628), (-0.0029515724, 0.17318974, -0.031822458), (-0.0057044737, 0.17599368, -0.03003492), (-0.0055228085, 0.15597343, -0.022106396), (-0.0029515724, 0.17318974, -0.031822458), (0.00059673603, 0.17433329, -0.028072106), (0.009085826, 0.18830173, -0.04261238), (0.004948859, 0.18643102, -0.046419114), (0.05307751, 0.21908347, -0.069438264), (0.051222213, 0.2233092, -0.06920949), (0.041312028, 0.21550243, -0.08060385), (0.04591016, 0.21327886, -0.07836299), (0.061072458, 0.31210226, -0.08286838), (0.061352223, 0.30800042, -0.081295), (0.065067865, 0.30636463, -0.09651438), (0.06442275, 0.31073067, -0.09762159), (0.061072458, 0.31210226, -0.08286838), (0.057016805, 0.31076753, -0.09800691), (0.057671413, 0.30638227, -0.0966961), (0.061352223, 0.30800042, -0.081295), (0.03294393, 0.16840713, -0.0021154955), (0.032523744, 0.17202006, -0.0020950655), (0.02147651, 0.16931714, 0.0019846917), (0.021738352, 0.16565551, 0.0019965793), (0.032523744, 0.17202006, -0.0020950655), (0.051917646, 0.17694995, 0.01642297), (0.039497625, 0.17493592, 0.026053498), (0.02147651, 0.16931714, 0.0019846917), (0.03958536, 0.17137867, 0.026096711), (0.04792645, 0.17151877, 0.03632635), (0.060003314, 0.17251264, 0.025256967), (0.051743545, 0.17355604, 0.01638807), (0.03958536, 0.17137867, 0.026096711), (0.025440773, 0.17504226, 0.04016167), (0.03957384, 0.17392135, 0.045594968), (0.04792645, 0.17151877, 0.03632635), (0.044173937, 0.17350131, 0.04540938), (0.043941658, 0.17690831, 0.04571978), (0.0700369, 0.17124778, 0.05041086), (0.07015851, 0.16771391, 0.05044857), (0.025440773, 0.17504226, 0.04016167), (0.025392987, 0.17845054, 0.039906222), (0.03937687, 0.17747895, 0.045579337), (0.03957384, 0.17392135, 0.045594968), (0.01641532, 0.17289457, 0.024097767), (0.025392987, 0.17845054, 0.039906222), (0.025440773, 0.17504226, 0.04016167), (0.016298886, 0.1687501, 0.02181744), (0.04884577, 0.17445254, -0.0013541708), (0.050251704, 0.17856464, -0.0007057431), (0.032523744, 0.17202006, -0.0020950655), (0.03294393, 0.16840713, -0.0021154955), (0.059703078, 0.17654742, 0.007530349), (0.059502535, 0.180108, 0.0075048814), (0.050251704, 0.17856464, -0.0007057431), (0.04884577, 0.17445254, -0.0013541708), (0.06688098, 0.17618495, 0.027402828), (0.06258526, 0.17939001, 0.012256646), (0.06291108, 0.17589723, 0.012194401), (0.073706605, 0.16805822, 0.04542195), (0.0066447756, 0.16274545, -0.004615465), (0.018480975, 0.1692719, 0.005566357), (0.018721296, 0.16561276, 0.005478083), (0.008281753, 0.15968072, -0.0034333386), (0.018480975, 0.1692719, 0.005566357), (0.01641532, 0.17289457, 0.024097767), (0.016298886, 0.1687501, 0.02181744), (0.018721296, 0.16561276, 0.005478083), (0.039497625, 0.17493592, 0.026053498), (0.051917646, 0.17694995, 0.01642297), (0.06688098, 0.17618495, 0.027402828), (0.04747076, 0.17507797, 0.0366692), (0.039497625, 0.17493592, 0.026053498), (0.04747076, 0.17507797, 0.0366692), (0.03937687, 0.17747895, 0.045579337), (0.025392987, 0.17845054, 0.039906222), (0.0010864527, 0.14899369, -0.01680324), (0.009835882, 0.16307962, -0.00808636), (0.0066447756, 0.16274545, -0.004615465), (-0.0021223675, 0.14852123, -0.013365284), (0.009835882, 0.16307962, -0.00808636), (0.011586663, 0.160018, -0.006770492), (0.021738352, 0.16565551, 0.0019965793), (0.02147651, 0.16931714, 0.0019846917), (0.009835882, 0.16307962, -0.00808636), (0.02147651, 0.16931714, 0.0019846917), (0.018480975, 0.1692719, 0.005566357), (0.0066447756, 0.16274545, -0.004615465), (0.011586663, 0.160018, -0.006770492), (0.008281753, 0.15968072, -0.0034333386), (0.018721296, 0.16561276, 0.005478083), (0.021738352, 0.16565551, 0.0019965793), (-0.00649128, 0.12866384, -0.019416727), (-0.0021223675, 0.14852123, -0.013365284), (0.00010437749, 0.14616911, -0.01163694), (-0.0039687986, 0.12683561, -0.017467385), (-0.00077774544, 0.12738882, -0.020731121), (-0.0039687986, 0.12683561, -0.017467385), (0.00010437749, 0.14616911, -0.01163694), (0.0034198617, 0.1467075, -0.014914958), (-0.0021223675, 0.14852123, -0.013365284), (0.0066447756, 0.16274545, -0.004615465), (0.008281753, 0.15968072, -0.0034333386), (0.00010437749, 0.14616911, -0.01163694), (0.0010864527, 0.14899369, -0.01680324), (0.0034198617, 0.1467075, -0.014914958), (0.011586663, 0.160018, -0.006770492), (0.009835882, 0.16307962, -0.00808636), (-0.0033101742, 0.12920567, -0.022824649), (-0.00077774544, 0.12738882, -0.020731121), (0.0034198617, 0.1467075, -0.014914958), (0.0010864527, 0.14899369, -0.01680324), (-0.0033101742, 0.12920567, -0.022824649), (0.0010864527, 0.14899369, -0.01680324), (-0.0021223675, 0.14852123, -0.013365284), (-0.00649128, 0.12866384, -0.019416727), (0.051917646, 0.17694995, 0.01642297), (0.051743545, 0.17355604, 0.01638807), (0.06291108, 0.17589723, 0.012194401), (0.06258526, 0.17939001, 0.012256646), (0.051917646, 0.17694995, 0.01642297), (0.059502535, 0.180108, 0.0075048814), (0.059703078, 0.17654742, 0.007530349), (0.051743545, 0.17355604, 0.01638807), (0.016951405, 0.408844, -0.10313136), (0.031804185, 0.40289688, -0.10675237), (0.03182523, 0.3970187, -0.09699942), (0.01694956, 0.40297467, -0.093377225), (0.01830152, 0.3908071, -0.11786646), (0.021432841, 0.38696423, -0.120198354), (0.029831726, 0.3908669, -0.12078055), (0.02404124, 0.39796576, -0.116475694), (0.016045356, 0.40724912, -0.110573426), (0.028404962, 0.4022983, -0.11358109), (0.031804185, 0.40289688, -0.10675237), (0.016951405, 0.408844, -0.10313136), (0.04118531, 0.39139235, -0.11372546), (0.036216944, 0.39272097, -0.119393006), (0.037375815, 0.38109043, -0.12644283), (0.042584065, 0.3774155, -0.12219156), (0.04118531, 0.39139235, -0.11372546), (0.041218303, 0.3854989, -0.10398388), (0.03182523, 0.3970187, -0.09699942), (0.031804185, 0.40289688, -0.10675237), (0.013340281, 0.39279595, -0.11665685), (0.01830152, 0.3908071, -0.11786646), (0.02404124, 0.39796576, -0.116475694), (0.014873743, 0.40163714, -0.114237), (0.00061397604, 0.40764222, -0.103848726), (0.016951405, 0.408844, -0.10313136), (0.01694956, 0.40297467, -0.093377225), (0.000583693, 0.40177286, -0.094097644), (0.014873743, 0.40163714, -0.114237), (0.02404124, 0.39796576, -0.116475694), (0.028404962, 0.4022983, -0.11358109), (0.016045356, 0.40724912, -0.110573426), (0.0024412877, 0.4062502, -0.111174695), (0.016045356, 0.40724912, -0.110573426), (0.016951405, 0.408844, -0.10313136), (0.00061397604, 0.40764222, -0.103848726), (-0.012846782, 0.39961064, -0.10870261), (0.00061397604, 0.40764222, -0.103848726), (0.000583693, 0.40177286, -0.094097644), (-0.012888776, 0.39373678, -0.09896391), (0.007883493, 0.39239398, -0.11689821), (0.013340281, 0.39279595, -0.11665685), (0.014873743, 0.40163714, -0.114237), (0.004793445, 0.40089193, -0.11468153), (0.0033881709, 0.3897126, -0.118515395), (0.007883493, 0.39239398, -0.11689821), (0.004793445, 0.40089193, -0.11468153), (-0.0035105278, 0.39593756, -0.11767371), (0.014873743, 0.40163714, -0.114237), (0.016045356, 0.40724912, -0.110573426), (0.0024412877, 0.4062502, -0.111174695), (0.004793445, 0.40089193, -0.11468153), (-0.008757831, 0.39956957, -0.11521033), (0.0024412877, 0.4062502, -0.111174695), (0.00061397604, 0.40764222, -0.103848726), (-0.012846782, 0.39961064, -0.10870261), (-0.01980315, 0.386907, -0.11639071), (-0.012846782, 0.39961064, -0.10870261), (-0.012888776, 0.39373678, -0.09896391), (-0.019858709, 0.38101447, -0.10666309), (0.0015324694, 0.3808027, -0.12391625), (0.0010649782, 0.38547033, -0.12109001), (-0.007808552, 0.38809448, -0.12241224), (-0.0069447164, 0.37946782, -0.12763691), (0.004793445, 0.40089193, -0.11468153), (0.0024412877, 0.4062502, -0.111174695), (-0.008757831, 0.39956957, -0.11521033), (-0.0035105278, 0.39593756, -0.11767371), (0.0010649782, 0.38547033, -0.12109001), (0.0033881709, 0.3897126, -0.118515395), (-0.0035105278, 0.39593756, -0.11767371), (-0.007808552, 0.38809448, -0.12241224), (-0.01980315, 0.386907, -0.11639071), (-0.019858709, 0.38101447, -0.10666309), (-0.018461209, 0.3670197, -0.11514628), (-0.017889958, 0.37286913, -0.12439619), (-0.007808552, 0.38809448, -0.12241224), (-0.0035105278, 0.39593756, -0.11767371), (-0.008757831, 0.39956957, -0.11521033), (-0.014548653, 0.38899866, -0.12161392), (-0.014548653, 0.38899866, -0.12161392), (-0.008757831, 0.39956957, -0.11521033), (-0.012846782, 0.39961064, -0.10870261), (-0.01980315, 0.386907, -0.11639071), (-0.018461209, 0.3670197, -0.11514628), (-0.009064885, 0.35549635, -0.1221329), (-0.00902563, 0.36142647, -0.13183776), (-0.017889958, 0.37286913, -0.12439619), (0.0046631917, 0.37696075, -0.12624216), (0.0015324694, 0.3808027, -0.12391625), (-0.0069447164, 0.37946782, -0.12763691), (-0.0011578657, 0.37236908, -0.13193624), (-0.0069447164, 0.37946782, -0.12763691), (-0.007808552, 0.38809448, -0.12241224), (-0.014548653, 0.38899866, -0.12161392), (-0.013390112, 0.3773628, -0.12866625), (-0.01980315, 0.386907, -0.11639071), (-0.017889958, 0.37286913, -0.12439619), (-0.013390112, 0.3773628, -0.12866625), (-0.014548653, 0.38899866, -0.12161392), (0.005827346, 0.3554821, -0.13544829), (-0.00902563, 0.36142647, -0.13183776), (-0.009064885, 0.35549635, -0.1221329), (0.005809161, 0.34954038, -0.12574826), (0.009623331, 0.37497082, -0.12745482), (0.0046631917, 0.37696075, -0.12624216), (-0.0011578657, 0.37236908, -0.13193624), (0.00801061, 0.3686977, -0.13417493), (-0.0011578657, 0.37236908, -0.13193624), (-0.0069447164, 0.37946782, -0.12763691), (-0.013390112, 0.3773628, -0.12866625), (-0.0055770664, 0.36778894, -0.1344715), (-0.017889958, 0.37286913, -0.12439619), (-0.00902563, 0.36142647, -0.13183776), (-0.0055770664, 0.36778894, -0.1344715), (-0.013390112, 0.3773628, -0.12866625), (0.018096838, 0.3694411, -0.13374218), (0.00801061, 0.3686977, -0.13417493), (0.006783373, 0.36283553, -0.1374828), (0.020386448, 0.3638318, -0.13688277), (0.022168746, 0.3566829, -0.13473712), (0.005827346, 0.3554821, -0.13544829), (0.005809161, 0.34954038, -0.12574826), (0.022172565, 0.35073942, -0.12502763), (0.00801061, 0.3686977, -0.13417493), (-0.0011578657, 0.37236908, -0.13193624), (-0.0055770664, 0.36778894, -0.1344715), (0.006783373, 0.36283553, -0.1374828), (0.006783373, 0.36283553, -0.1374828), (-0.0055770664, 0.36778894, -0.1344715), (-0.00902563, 0.36142647, -0.13183776), (0.005827346, 0.3554821, -0.13544829), (0.015083705, 0.37537384, -0.12721746), (0.009623331, 0.37497082, -0.12745482), (0.00801061, 0.3686977, -0.13417493), (0.018096838, 0.3694411, -0.13374218), (0.022168746, 0.3566829, -0.13473712), (0.022172565, 0.35073942, -0.12502763), (0.03564657, 0.35877997, -0.120165266), (0.035621632, 0.36470917, -0.12988704), (0.026398465, 0.37439817, -0.13075517), (0.018096838, 0.3694411, -0.13374218), (0.020386448, 0.3638318, -0.13688277), (0.03157817, 0.37051418, -0.13284154), (0.020386448, 0.3638318, -0.13688277), (0.006783373, 0.36283553, -0.1374828), (0.005827346, 0.3554821, -0.13544829), (0.022168746, 0.3566829, -0.13473712), (0.01957649, 0.37805256, -0.12559487), (0.015083705, 0.37537384, -0.12721746), (0.018096838, 0.3694411, -0.13374218), (0.026398465, 0.37439817, -0.13075517), (0.030692777, 0.38224036, -0.12600936), (0.026398465, 0.37439817, -0.13075517), (0.03157817, 0.37051418, -0.13284154), (0.037375815, 0.38109043, -0.12644283), (0.042584065, 0.3774155, -0.12219156), (0.035621632, 0.36470917, -0.12988704), (0.03564657, 0.35877997, -0.120165266), (0.04261776, 0.37150326, -0.11246603), (0.03157817, 0.37051418, -0.13284154), (0.020386448, 0.3638318, -0.13688277), (0.022168746, 0.3566829, -0.13473712), (0.035621632, 0.36470917, -0.12988704), (0.029831726, 0.3908669, -0.12078055), (0.030692777, 0.38224036, -0.12600936), (0.037375815, 0.38109043, -0.12644283), (0.036216944, 0.39272097, -0.119393006), (0.037375815, 0.38109043, -0.12644283), (0.03157817, 0.37051418, -0.13284154), (0.035621632, 0.36470917, -0.12988704), (0.042584065, 0.3774155, -0.12219156), (0.021902274, 0.38229573, -0.12302203), (0.01957649, 0.37805256, -0.12559487), (0.026398465, 0.37439817, -0.13075517), (0.030692777, 0.38224036, -0.12600936), (0.02404124, 0.39796576, -0.116475694), (0.029831726, 0.3908669, -0.12078055), (0.036216944, 0.39272097, -0.119393006), (0.028404962, 0.4022983, -0.11358109), (0.04118531, 0.39139235, -0.11372546), (0.042584065, 0.3774155, -0.12219156), (0.04261776, 0.37150326, -0.11246603), (0.041218303, 0.3854989, -0.10398388), (0.021902274, 0.38229573, -0.12302203), (0.030692777, 0.38224036, -0.12600936), (0.029831726, 0.3908669, -0.12078055), (0.021432841, 0.38696423, -0.120198354), (0.028404962, 0.4022983, -0.11358109), (0.036216944, 0.39272097, -0.119393006), (0.04118531, 0.39139235, -0.11372546), (0.031804185, 0.40289688, -0.10675237), (0.025273863, 0.2088066, -0.07307221), (0.03414374, 0.2137179, -0.06171375), (0.007392518, 0.19278358, -0.042443085), (0.0030711233, 0.19105165, -0.046341438)]
    color4f[] primvars:colors (
        elementSize = 1
        interpolation = "constant"
    )
    color3f[] primvars:displayColor = [(1, 1, 1)] (
        interpolation = "constant"
    )
    float[] primvars:displayOpacity = [1] (
        interpolation = "constant"
    )
    float2[] primvars:st = [(0.30836463, 0.55376095), (0.323106, 0.52643955), (0.3248849, 0.52855885), (0.31791914, 0.532851), (0.323106, 0.52643955), (0.32039094, 0.5268966), (0.274827, 0.60887206), (0.2797846, 0.59793454), (0.26655027, 0.5992375), (0.31791914, 0.532851), (0.2797846, 0.59793454), (0.3248849, 0.52855885), (0.26762792, 0.6200691), (0.2763076, 0.6057985), (0.274827, 0.60887206), (0.2763076, 0.6057985), (0.30836463, 0.55376095), (0.2797846, 0.59793454), (0.31791914, 0.532851), (0.31690848, 0.53270507), (0.26751328, 0.59742415), (0.26655027, 0.5992375), (0.26751328, 0.59742415), (0.26493388, 0.61065125), (0.2392562, 0.5142408), (0.23863983, 0.5130329), (0.23742, 0.513239), (0.1650868, 0.58869463), (0.16964866, 0.59249693), (0.2392562, 0.5142408), (0.1650868, 0.58869463), (0.2392562, 0.5142408), (0.23158647, 0.52175975), (0.18410692, 0.5697597), (0.23678021, 0.51550007), (0.21077225, 0.5470508), (0.16264878, 0.60071605), (0.21077225, 0.5470508), (0.16964866, 0.59249693), (0.23158647, 0.52175975), (0.23678021, 0.51550007), (0.18410692, 0.5697597), (0.16264878, 0.60071605), (0.1455325, 0.6187099), (0.18410692, 0.5697597), (0.1650868, 0.58869463), (0.14591639, 0.6194763), (0.16964866, 0.59249693), (0.23732287, 0.51776284), (0.23863983, 0.51303303), (0.23942971, 0.51403785), (0.23772575, 0.5155291), (0.23863983, 0.51303303), (0.23739758, 0.51327676), (0.23732287, 0.51776284), (0.23191877, 0.5212964), (0.23739758, 0.51327676), (0.16318318, 0.60012436), (0.19859473, 0.56031674), (0.1989648, 0.5535326), (0.23772575, 0.5155291), (0.19859473, 0.56031674), (0.23942971, 0.51403785), (0.19859473, 0.56031674), (0.23191877, 0.5212964), (0.23732287, 0.51776284), (0.1989648, 0.5535326), (0.23191877, 0.5212964), (0.16200952, 0.59197646), (0.14583108, 0.6194714), (0.16318318, 0.60012436), (0.14702773, 0.6087738), (0.14550547, 0.6167829), (0.14542076, 0.6167518), (0.1458541, 0.61948866), (0.17985278, 0.58123684), (0.19814903, 0.55464494), (0.23650861, 0.5150062), (0.20391998, 0.5490139), (0.15042803, 0.61309063), (0.18610363, 0.57443345), (0.17985278, 0.58123684), (0.23650861, 0.5150062), (0.23601928, 0.5196854), (0.14791286, 0.61766505), (0.15026222, 0.61318725), (0.15042803, 0.61309063), (0.17985278, 0.58123684), (0.23601928, 0.5196854), (0.18610363, 0.57443345), (0.20391998, 0.5490139), (0.23650861, 0.5150062), (0.19814903, 0.55464494), (0.20391998, 0.5490139), (0.19814903, 0.55464494), (0.14579487, 0.6104903), (0.1458541, 0.61948866), (0.14791286, 0.61766505), (0.14597736, 0.6194073), (0.14542076, 0.6167518), (0.14791286, 0.61766505), (0.1458541, 0.61948866), (0.15026222, 0.61318725), (0.17985278, 0.58123684), (0.18610363, 0.57443345), (0.14579487, 0.6104903), (0.19814903, 0.55464494), (0.15026222, 0.61318725), (0.23646861, 0.51577175), (0.23863986, 0.5130331), (0.23742054, 0.51323825), (0.14596064, 0.61023414), (0.2221379, 0.53050464), (0.17073375, 0.5884351), (0.17442964, 0.5842997), (0.15700537, 0.60688996), (0.19614746, 0.56294954), (0.23646861, 0.51577175), (0.19614746, 0.56294954), (0.23943837, 0.51398635), (0.17073375, 0.5884351), (0.23770589, 0.5155831), (0.20682767, 0.5512562), (0.14815056, 0.6177522), (0.15913525, 0.6045573), (0.15700537, 0.60688996), (0.15913525, 0.6045573), (0.20682767, 0.5512562), (0.19614746, 0.56294954), (0.1459179, 0.6194427), (0.14596064, 0.61023414), (0.17073375, 0.5884351), (0.19975387, 0.55314803), (0.2221379, 0.53050464), (0.14596064, 0.61023414), (0.1562912, 0.5983902), (0.15237546, 0.6020102), (0.14575452, 0.61661226), (0.14587432, 0.6195042), (0.15013552, 0.615064), (0.14573424, 0.6164929), (0.23275933, 0.5201252), (0.23863983, 0.51303303), (0.2374205, 0.5132382), (0.14573424, 0.6164929), (0.14575452, 0.61661226), (0.14589885, 0.6194182), (0.15013552, 0.615064), (0.18139467, 0.5796088), (0.1562912, 0.5983902), (0.23275933, 0.5201252), (0.18139467, 0.5796088), (0.23943947, 0.5139799), (0.15237546, 0.6020102), (0.23317559, 0.51953435), (0.17463991, 0.58712995), (0.23317559, 0.51953435), (0.23943952, 0.51397943), (0.17463991, 0.58712995), (0.14589885, 0.6194182), (0.17463991, 0.58712995), (0.15013552, 0.615064), (0.17463991, 0.58712995), (0.14575452, 0.61661226), (0.15237546, 0.6020102), (0.14759201, 0.61003613), (0.14696586, 0.6085536), (0.14551187, 0.61861575), (0.23633689, 0.5189349), (0.23863982, 0.5130329), (0.23943974, 0.51397836), (0.2175834, 0.53557247), (0.16916108, 0.5934393), (0.19016954, 0.5693634), (0.14617999, 0.6193323), (0.15683635, 0.6070014), (0.14932793, 0.6160936), (0.15683635, 0.6070014), (0.18727963, 0.5726528), (0.16916108, 0.5934393), (0.18727963, 0.5726528), (0.23633689, 0.5189349), (0.23627001, 0.5190223), (0.14551187, 0.61861575), (0.14696586, 0.6085536), (0.14865667, 0.6129082), (0.2175834, 0.53557247), (0.2162236, 0.53687906), (0.14696586, 0.6085536), (0.14932793, 0.6160936), (0.16916108, 0.5934393), (0.14759201, 0.61003613), (0.23729622, 0.5177557), (0.2386398, 0.5130329), (0.23943159, 0.5140269), (0.23772052, 0.515543), (0.2386398, 0.5130329), (0.23739755, 0.5132769), (0.1475247, 0.60849255), (0.23204881, 0.52113265), (0.16971622, 0.5929554), (0.23729622, 0.5177557), (0.23204881, 0.52113265), (0.23739755, 0.5132769), (0.23772052, 0.515543), (0.19876467, 0.5601339), (0.23943159, 0.5140269), (0.14588183, 0.6194462), (0.14989296, 0.614989), (0.14941317, 0.6159736), (0.14588183, 0.6194462), (0.1475247, 0.60849255), (0.14989296, 0.614989), (0.14989296, 0.614989), (0.16971622, 0.5929554), (0.16874926, 0.5939326), (0.14941317, 0.6159736), (0.16874926, 0.5939326), (0.14815176, 0.6104214), (0.27078182, 0.60375655), (0.27079564, 0.603699), (0.2701578, 0.61408854), (0.27079564, 0.603699), (0.2801844, 0.58618045), (0.27933538, 0.603161), (0.27901423, 0.60390496), (0.28200874, 0.5968971), (0.27439502, 0.59493226), (0.31779826, 0.53903097), (0.28200874, 0.5968971), (0.32216182, 0.5341849), (0.27933538, 0.603161), (0.29320598, 0.5800252), (0.28200874, 0.5968971), (0.27061146, 0.6149397), (0.27901423, 0.60390496), (0.27078182, 0.60375655), (0.27439502, 0.59493226), (0.2801844, 0.58618045), (0.27079564, 0.603699), (0.2394092, 0.5140228), (0.23863986, 0.51303303), (0.23741248, 0.5132517), (0.20965463, 0.54821545), (0.19033054, 0.5638064), (0.23649424, 0.5155725), (0.14815053, 0.6177522), (0.1615201, 0.60127693), (0.15310575, 0.61103165), (0.1615201, 0.60127693), (0.20965463, 0.54821545), (0.18985394, 0.5702056), (0.21022344, 0.5424745), (0.23649424, 0.5155725), (0.19033054, 0.5638064), (0.14590484, 0.6194153), (0.19033054, 0.5638064), (0.1615201, 0.60127693), (0.32871887, 0.53085583), (0.33030766, 0.5265176), (0.32816207, 0.5269313), (0.28855953, 0.5948586), (0.2954056, 0.5776329), (0.29393005, 0.59012157), (0.29294726, 0.5928021), (0.2962867, 0.5959663), (0.30016413, 0.58742356), (0.28852165, 0.5923054), (0.2954056, 0.5776329), (0.32871887, 0.53085583), (0.30016413, 0.58742356), (0.33168656, 0.52818847), (0.2954056, 0.5776329), (0.29294726, 0.5928021), (0.32871887, 0.53085583), (0.2965538, 0.59546036), (0.28855953, 0.5948586), (0.29393005, 0.59012157), (0.29393005, 0.59012157), (0.32652903, 0.5308451), (0.31013948, 0.56939113), (0.29079056, 0.6043087), (0.2965538, 0.59546036), (0.2962867, 0.5959663), (0.2965538, 0.59546036), (0.31013948, 0.56939113), (0.30016413, 0.58742356), (0.28852165, 0.5923054), (0.2954056, 0.5776329), (0.28855953, 0.5948586), (0.14766093, 0.5855433), (0.1821698, 0.54786533), (0.1431584, 0.5932377), (0.20975117, 0.51960945), (0.17233881, 0.55659634), (0.21402115, 0.5156817), (0.1766279, 0.5587234), (0.21222545, 0.5167362), (0.21404253, 0.5156656), (0.1766279, 0.5587234), (0.21404253, 0.5156656), (0.17885533, 0.55614704), (0.20975117, 0.51960945), (0.21222545, 0.5167362), (0.1821698, 0.54786533), (0.14339396, 0.5937547), (0.17885533, 0.55614704), (0.14766093, 0.5855433), (0.1766279, 0.5587234), (0.1431584, 0.5932377), (0.1821698, 0.54786533), (0.21774985, 0.52088237), (0.21851572, 0.5178267), (0.21905792, 0.5184969), (0.21788588, 0.51954657), (0.21851572, 0.5178267), (0.21766645, 0.51799506), (0.21774985, 0.52088237), (0.2139695, 0.5234195), (0.21766645, 0.51799506), (0.21788588, 0.51954657), (0.19073884, 0.55058265), (0.21905792, 0.5184969), (0.19073884, 0.55058265), (0.21788588, 0.51954657), (0.2139695, 0.5234195), (0.15337008, 0.59236026), (0.15098257, 0.59383136), (0.17662649, 0.56769514), (0.17662649, 0.56769514), (0.18495813, 0.5567966), (0.19073884, 0.55058265), (0.18495813, 0.5567966), (0.21774985, 0.52088237), (0.19073884, 0.55058265), (0.15276165, 0.5928888), (0.17739037, 0.566931), (0.1639145, 0.5740994), (0.15098257, 0.59383136), (0.16852334, 0.56895375), (0.17662649, 0.56769514), (0.30513704, 0.5597563), (0.32088953, 0.53257686), (0.31892914, 0.53290504), (0.27095246, 0.6037255), (0.28063905, 0.5849273), (0.27926636, 0.603135), (0.27096498, 0.6024117), (0.2795797, 0.60222524), (0.28063905, 0.5849273), (0.29064408, 0.58361876), (0.27926636, 0.603135), (0.31892976, 0.53295064), (0.27926636, 0.603135), (0.29064408, 0.58361876), (0.2795797, 0.60222524), (0.31892914, 0.53290504), (0.31892976, 0.53295064), (0.28063905, 0.5849273), (0.27059084, 0.6149586), (0.2731921, 0.61272866), (0.2706125, 0.6149737), (0.27059084, 0.6149586), (0.27095246, 0.6037255), (0.2731921, 0.61272866), (0.27096498, 0.6024117), (0.28063905, 0.5849273), (0.27095246, 0.6037255), (0.27926636, 0.603135), (0.2731921, 0.61272866), (0.27095246, 0.6037255), (0.27096498, 0.6024117), (0.2706125, 0.6149737), (0.2795797, 0.60222524), (0.14589126, 0.61067027), (0.14575872, 0.6114174), (0.14590093, 0.6193908), (0.23664221, 0.5183891), (0.23863982, 0.513033), (0.23943505, 0.514006), (0.14575872, 0.6114174), (0.21830569, 0.53448427), (0.17878509, 0.58246124), (0.23664221, 0.5183891), (0.21830569, 0.53448427), (0.23742086, 0.5132376), (0.15068734, 0.6137927), (0.19136581, 0.5685602), (0.20287275, 0.5499807), (0.17878509, 0.58246124), (0.23664221, 0.5183891), (0.19136581, 0.5685602), (0.23742911, 0.5133455), (0.23742086, 0.5132376), (0.21830569, 0.53448427), (0.20287275, 0.5499807), (0.21830569, 0.53448427), (0.14575872, 0.6114174), (0.27056763, 0.6150193), (0.2730443, 0.6129392), (0.2709116, 0.6111944), (0.31117618, 0.5507008), (0.32088953, 0.532577), (0.32217306, 0.53411835), (0.31680533, 0.53783274), (0.32088953, 0.532577), (0.31892782, 0.5329071), (0.2709116, 0.6111944), (0.27130142, 0.61049855), (0.27056456, 0.61496496), (0.31680533, 0.53783274), (0.28023887, 0.6009133), (0.32217306, 0.53411835), (0.2730443, 0.6129392), (0.28014633, 0.6014101), (0.28023887, 0.6009133), (0.28014633, 0.6014101), (0.31117618, 0.5507008), (0.28023887, 0.6009133), (0.31680533, 0.53783274), (0.31660533, 0.5367857), (0.2723953, 0.5968621), (0.27227324, 0.5972773), (0.2723953, 0.5968621), (0.27047992, 0.60461175), (0.2730443, 0.6129392), (0.28023887, 0.6009133), (0.2709116, 0.6111944), (0.27056456, 0.61496496), (0.27130142, 0.61049855), (0.2730443, 0.6129392), (0.28014633, 0.6014101), (0.27130142, 0.61049855), (0.27560836, 0.6011988), (0.16185409, 0.5920106), (0.16350494, 0.5901383), (0.14543074, 0.6167557), (0.23864067, 0.51303023), (0.23863633, 0.5130424), (0.2374205, 0.5132383), (0.23863633, 0.5130424), (0.23322311, 0.5194911), (0.2374205, 0.5132383), (0.23943932, 0.51398057), (0.23863633, 0.5130424), (0.23864067, 0.51303023), (0.16185409, 0.5920106), (0.16203123, 0.5974282), (0.23310731, 0.51976275), (0.16281828, 0.60051936), (0.20564073, 0.5526509), (0.20277628, 0.5558181), (0.23310731, 0.51976275), (0.23322311, 0.5194911), (0.16350494, 0.5901383), (0.14585723, 0.61947525), (0.14795731, 0.6176813), (0.14598168, 0.619439), (0.14585723, 0.61947525), (0.14543074, 0.6167557), (0.14795731, 0.6176813), (0.27517474, 0.60781914), (0.27976954, 0.5979975), (0.2650212, 0.603691), (0.2650212, 0.603691), (0.32486328, 0.52857083), (0.28725952, 0.5698873), (0.27550313, 0.6078129), (0.2660842, 0.60036075), (0.28844488, 0.58533955), (0.27550313, 0.6078129), (0.28844488, 0.58533955), (0.27976954, 0.5979975), (0.28725952, 0.5698873), (0.31874985, 0.53222024), (0.2660842, 0.60036075), (0.27550313, 0.6078129), (0.26344448, 0.62159175), (0.2660842, 0.60036075), (0.2650212, 0.603691), (0.26408505, 0.6228198), (0.27517474, 0.60781914), (0.6522318, 0.7710584), (0.6522316, 0.7710582), (0.65223163, 0.7710582), (0.65223163, 0.77105814), (0.6522318, 0.7710583), (0.6522318, 0.7710584), (0.9230001, 0.8358879), (0.9201419, 0.8399205), (0.9262833, 0.83978915), (0.9169134, 0.8468666), (0.9169133, 0.8496274), (0.9218106, 0.849555), (0.91374224, 0.8443427), (0.9137423, 0.8469876), (0.9169134, 0.8468666), (0.9242059, 0.84434295), (0.92642546, 0.84706664), (0.9295962, 0.8468427), (0.93276685, 0.8443432), (0.9299237, 0.84355164), (0.9295962, 0.8468427), (0.9242059, 0.84434295), (0.91675144, 0.84344226), (0.9169134, 0.8468666), (0.9299237, 0.84355164), (0.91675144, 0.84344226), (0.9242059, 0.84434295), (0.9200839, 0.84692943), (0.9218106, 0.849555), (0.92642546, 0.84706664), (0.9234885, 0.8306031), (0.920084, 0.83324283), (0.9264254, 0.8324038), (0.92177856, 0.8358877), (0.9200841, 0.8369447), (0.92642534, 0.83759165), (0.9200841, 0.8369447), (0.9200839, 0.8391438), (0.92642534, 0.83759165), (0.91374236, 0.84434295), (0.9137426, 0.84639955), (0.91691315, 0.8453999), (0.9169133, 0.8482548), (0.9137426, 0.84639955), (0.9137423, 0.84767395), (0.91374254, 0.84962744), (0.9169133, 0.8482548), (0.9169133, 0.84962744), (0.9250678, 0.8443429), (0.9264256, 0.84641963), (0.9295966, 0.8454001), (0.9264256, 0.84641963), (0.92347306, 0.8476664), (0.92959595, 0.8480146), (0.93276656, 0.84634507), (0.9295966, 0.8454001), (0.92959595, 0.8480146), (0.9200839, 0.8463089), (0.91691315, 0.8453999), (0.9169133, 0.8482548), (0.92839694, 0.8431872), (0.9175835, 0.8433961), (0.9250678, 0.8443429), (0.9264256, 0.84641963), (0.9200839, 0.8463089), (0.92347306, 0.8476664), (0.92348653, 0.83060324), (0.920084, 0.8325565), (0.9264254, 0.8323962), (0.920084, 0.8325565), (0.92008394, 0.8338311), (0.92642534, 0.8338857), (0.92839694, 0.8431872), (0.93179405, 0.8433423), (0.92926097, 0.8431742), (0.9230013, 0.8358877), (0.9201412, 0.83992404), (0.92628396, 0.8397946), (0.9169134, 0.84686697), (0.9169134, 0.8496274), (0.92181253, 0.84955466), (0.9137424, 0.84434295), (0.9137424, 0.8469869), (0.9169134, 0.84686697), (0.92420465, 0.84434295), (0.9264253, 0.84706616), (0.92959607, 0.84684384), (0.9327666, 0.84434295), (0.9299215, 0.84355056), (0.92959607, 0.84684384), (0.92420465, 0.84434295), (0.9167517, 0.84344083), (0.9169134, 0.84686697), (0.9299215, 0.84355056), (0.9167517, 0.84344083), (0.92420465, 0.84434295), (0.920084, 0.8469281), (0.92181253, 0.84955466), (0.9264253, 0.84706616), (0.9234879, 0.83060324), (0.9200839, 0.83324355), (0.92642534, 0.83240235), (0.92370033, 0.8358879), (0.91998893, 0.840318), (0.92638993, 0.8400138), (0.9169134, 0.8481123), (0.9169135, 0.8496276), (0.9218129, 0.849555), (0.92968255, 0.84434307), (0.9264254, 0.8463941), (0.9295962, 0.845673), (0.9264097, 0.84003574), (0.9171372, 0.84325904), (0.9171909, 0.84434307), (0.9264254, 0.8463941), (0.920084, 0.84638035), (0.92471397, 0.847599), (0.9234868, 0.8306031), (0.920084, 0.83255774), (0.92642534, 0.8324031), (0.920084, 0.83255774), (0.920084, 0.8339272), (0.92642534, 0.83385044), (0.9171372, 0.84325904), (0.9137425, 0.84434295), (0.9171909, 0.84434307), (0.9229957, 0.8358876), (0.9201426, 0.83993274), (0.9262823, 0.83978724), (0.9169133, 0.8468659), (0.91691333, 0.84962744), (0.9218085, 0.84955406), (0.9137425, 0.8443429), (0.9137425, 0.84698755), (0.9169133, 0.8468659), (0.9241872, 0.84434307), (0.92642534, 0.84706664), (0.92959607, 0.8468425), (0.93276685, 0.8443429), (0.9299247, 0.8435528), (0.92959607, 0.8468425), (0.9241872, 0.84434307), (0.91680324, 0.8434456), (0.9169133, 0.8468659), (0.9299247, 0.8435528), (0.91680324, 0.8434456), (0.9241872, 0.84434307), (0.920084, 0.8469279), (0.9218085, 0.84955406), (0.92642534, 0.84706664), (0.923488, 0.8306032), (0.92008394, 0.8332429), (0.9264253, 0.8324017), (0.92300165, 0.8358879), (0.92013747, 0.8399049), (0.92648333, 0.84032327), (0.9169133, 0.84686446), (0.9169133, 0.8496274), (0.92181456, 0.84955454), (0.91374254, 0.84434295), (0.91374254, 0.8469872), (0.9169133, 0.84686446), (0.92420495, 0.844343), (0.9264253, 0.847067), (0.9295963, 0.84572136), (0.92420495, 0.844343), (0.917094, 0.8434075), (0.9169133, 0.84686446), (0.9294137, 0.84330404), (0.917094, 0.8434075), (0.92420495, 0.844343), (0.920084, 0.84692806), (0.92181456, 0.84955454), (0.9264253, 0.847067), (0.92348814, 0.8306032), (0.920084, 0.8332435), (0.92642534, 0.8324026), (0.9294137, 0.84330404), (0.92420495, 0.844343), (0.9295963, 0.84572136), (0.9264252, 0.8358877), (0.920084, 0.83561337), (0.92008394, 0.83919525), (0.9169132, 0.8496236), (0.91374254, 0.84762216), (0.91374254, 0.84962744), (0.9169134, 0.8473615), (0.91374266, 0.84645677), (0.91374254, 0.84762216), (0.9200839, 0.84633064), (0.91699755, 0.845147), (0.9169134, 0.8473615), (0.92689335, 0.83924794), (0.91940325, 0.8427567), (0.92371094, 0.8445044), (0.92643815, 0.8464565), (0.9200839, 0.84633064), (0.924486, 0.8475374), (0.9234866, 0.8306032), (0.920084, 0.8326084), (0.92642534, 0.8324487), (0.92689335, 0.83924794), (0.92371094, 0.8445044), (0.9293316, 0.84513575), (0.91940325, 0.8427567), (0.9137425, 0.8446173), (0.91699755, 0.845147), (0.9229872, 0.8358877), (0.92012405, 0.8399775), (0.9263109, 0.83964694), (0.9169133, 0.84962195), (0.9137424, 0.84767896), (0.91374254, 0.84962744), (0.9137425, 0.84434295), (0.91374254, 0.84644485), (0.9169134, 0.8463867), (0.9169134, 0.8463867), (0.91374254, 0.84644485), (0.9137424, 0.84767896), (0.92419434, 0.84434295), (0.9264252, 0.84706473), (0.92959607, 0.84684175), (0.93276674, 0.8443429), (0.92992747, 0.84353423), (0.92959607, 0.84684175), (0.92419434, 0.84434295), (0.91695184, 0.8434026), (0.9169134, 0.8463867), (0.92992747, 0.84353423), (0.91695184, 0.8434026), (0.92419434, 0.84434295), (0.9264252, 0.84706473), (0.92008394, 0.8464348), (0.9200841, 0.8476901), (0.923493, 0.8306031), (0.920084, 0.8325518), (0.9264254, 0.8324014), (0.92299765, 0.8358877), (0.9201984, 0.83960706), (0.9262497, 0.8393787), (0.91691333, 0.8468693), (0.9169134, 0.8496275), (0.92181075, 0.8495549), (0.91374266, 0.84434307), (0.9137426, 0.84698784), (0.91691333, 0.8468693), (0.9241895, 0.844343), (0.9264256, 0.84706676), (0.92959607, 0.84684706), (0.9327666, 0.8443428), (0.9300205, 0.8436247), (0.92959607, 0.84684706), (0.9241895, 0.844343), (0.9169949, 0.84345824), (0.91691333, 0.8468693), (0.9300205, 0.8436247), (0.9169949, 0.84345824), (0.9241895, 0.844343), (0.9200842, 0.8469291), (0.92181075, 0.8495549), (0.9264256, 0.84706676), (0.9234866, 0.83060324), (0.92008406, 0.8332428), (0.9264256, 0.8324038), (0.920976, 0.8358878), (0.9198058, 0.8405429), (0.926363, 0.83969694), (0.91514575, 0.84434295), (0.9137424, 0.84633243), (0.91691333, 0.8480172), (0.91691333, 0.8480172), (0.9137424, 0.84633243), (0.9137424, 0.8477363), (0.9296462, 0.8434657), (0.9173173, 0.84312737), (0.92008406, 0.8443428), (0.9277803, 0.844343), (0.92008406, 0.8443428), (0.9200839, 0.8462926), (0.92642546, 0.8463641), (0.9200839, 0.8462926), (0.920084, 0.84770954), (0.92351735, 0.8306032), (0.9200841, 0.8324944), (0.92642546, 0.832347), (0.9200841, 0.8324944), (0.9200839, 0.8338978), (0.9264253, 0.8337622), (0.9230077, 0.83588773), (0.920203, 0.83959776), (0.92624754, 0.83936876), (0.91691345, 0.8468659), (0.9169134, 0.8496275), (0.9218137, 0.84955573), (0.9137426, 0.84434295), (0.91374266, 0.8469869), (0.91691345, 0.8468659), (0.9242156, 0.8443429), (0.92642534, 0.8470661), (0.9295961, 0.84684455), (0.9327666, 0.8443429), (0.93002635, 0.84362733), (0.9295961, 0.84684455), (0.9242156, 0.8443429), (0.91699225, 0.843461), (0.91691345, 0.8468659), (0.93002635, 0.84362733), (0.91699225, 0.843461), (0.9242156, 0.8443429), (0.92008394, 0.846928), (0.9218137, 0.84955573), (0.92642534, 0.8470661), (0.92348826, 0.83060324), (0.92008394, 0.8332437), (0.9264254, 0.83239925), (0.922999, 0.8358877), (0.92013675, 0.83990806), (0.92648405, 0.8403242), (0.91691333, 0.8468654), (0.9169133, 0.8496274), (0.9218128, 0.84955496), (0.9137425, 0.8443429), (0.91374266, 0.84698856), (0.91691333, 0.8468654), (0.92419684, 0.84434307), (0.92642534, 0.8470663), (0.9295961, 0.8457159), (0.92419684, 0.84434307), (0.9171008, 0.84340554), (0.91691333, 0.8468654), (0.9294124, 0.8433032), (0.9171008, 0.84340554), (0.92419684, 0.84434307), (0.920084, 0.8469279), (0.9218128, 0.84955496), (0.92642534, 0.8470663), (0.9234873, 0.8306031), (0.9200841, 0.83324224), (0.9264253, 0.83240175), (0.9294124, 0.8433032), (0.92419684, 0.84434307), (0.9295961, 0.8457159), (0.92639226, 0.8496498), (0.9293554, 0.8495996), (0.9301832, 0.84962827), (0.9327667, 0.8459326), (0.93029, 0.8454), (0.9311814, 0.8464746), (0.9311814, 0.8464746), (0.9327796, 0.8496359), (0.9327667, 0.84787595), (0.9200841, 0.844343), (0.92002255, 0.84332484), (0.9180418, 0.84539986), (0.92642546, 0.84533477), (0.9200841, 0.844343), (0.9200841, 0.8454), (0.9293695, 0.84322953), (0.92656654, 0.8433475), (0.9325438, 0.84355354), (0.9137424, 0.84645665), (0.91374254, 0.84807086), (0.9153279, 0.84651774), (0.91387093, 0.843378), (0.9137425, 0.8459363), (0.9153281, 0.8452808), (0.91713786, 0.84320307), (0.91387093, 0.843378), (0.92002255, 0.84332484), (0.91374254, 0.84807086), (0.91374254, 0.8496275), (0.9153279, 0.84651774), (0.92639226, 0.8496495), (0.9293555, 0.8495995), (0.93018275, 0.84962785), (0.9285337, 0.84539974), (0.9280106, 0.8468753), (0.9295962, 0.84688276), (0.93118143, 0.8465363), (0.93278015, 0.8496363), (0.9327667, 0.8478759), (0.92008364, 0.84434265), (0.92002565, 0.8433241), (0.91793096, 0.84539974), (0.9264251, 0.8443427), (0.92008364, 0.84434265), (0.9232249, 0.84540004), (0.91387105, 0.8433783), (0.915328, 0.8452786), (0.92002565, 0.8433241), (0.93118143, 0.8465363), (0.9285337, 0.84539974), (0.9295962, 0.84688276), (0.9293663, 0.84322715), (0.9265658, 0.8433471), (0.93254256, 0.84355485), (0.9264251, 0.8443427), (0.9232249, 0.84540004), (0.9285337, 0.84539974), (0.9137424, 0.84600127), (0.91374254, 0.8480709), (0.9153279, 0.84711516), (0.91387105, 0.8433783), (0.9137424, 0.84600127), (0.915328, 0.8452786), (0.91714096, 0.8432005), (0.91387105, 0.8433783), (0.92002565, 0.8433241), (0.91374254, 0.8480709), (0.91374254, 0.84962755), (0.9153279, 0.84711516), (0.91748786, 0.84962696), (0.9169134, 0.8495808), (0.9174983, 0.84962726), (0.91748786, 0.84962696), (0.9169133, 0.8495798), (0.9169134, 0.8495808), (0.9169134, 0.8495808), (0.9264418, 0.8533637), (0.92959607, 0.8495798), (0.93118113, 0.8465126), (0.9301809, 0.8496273), (0.9327667, 0.84896827), (0.92801046, 0.84706545), (0.92935395, 0.8495995), (0.9301809, 0.8496273), (0.92959595, 0.8468823), (0.9301809, 0.8496273), (0.93118113, 0.8465126), (0.92008406, 0.83687407), (0.91991097, 0.8403311), (0.92653877, 0.8402765), (0.9292178, 0.8454), (0.92801046, 0.84706545), (0.92959595, 0.8468823), (0.9327667, 0.8464182), (0.93240124, 0.8445865), (0.93118113, 0.8465126), (0.920084, 0.84601927), (0.91976666, 0.84455454), (0.9184985, 0.84689504), (0.9184985, 0.84689504), (0.9200963, 0.8496356), (0.920084, 0.84806395), (0.92650026, 0.84329796), (0.92742926, 0.8442765), (0.9324843, 0.84338385), (0.9293678, 0.8432281), (0.9171378, 0.8432018), (0.9201066, 0.8432879), (0.9138733, 0.8433777), (0.9153279, 0.84644455), (0.9201066, 0.8432879), (0.9293678, 0.8432281), (0.92650026, 0.84329796), (0.9324843, 0.84338385), (0.9264253, 0.84607124), (0.9264255, 0.8478743), (0.92801046, 0.84706545), (0.92742926, 0.8442765), (0.9264253, 0.84607124), (0.9292178, 0.8454), (0.916332, 0.8476599), (0.91374254, 0.847105), (0.9137424, 0.8492061), (0.9138733, 0.8433777), (0.9137425, 0.8464437), (0.9153279, 0.84644455), (0.9184985, 0.84689504), (0.91691333, 0.8458484), (0.916332, 0.8476599), (0.9171378, 0.8432018), (0.9138733, 0.8433777), (0.9201066, 0.8432879), (0.9301809, 0.8496273), (0.9295962, 0.8495799), (0.9301814, 0.84962755), (0.9301809, 0.8496273), (0.92935395, 0.8495995), (0.9295962, 0.8495799), (0.9174868, 0.8496267), (0.9169133, 0.8495798), (0.9172002, 0.8496036), (0.9172002, 0.8496036), (0.92644095, 0.85336506), (0.92959595, 0.8495797), (0.6522317, 0.77105826), (0.6522317, 0.7710582), (0.6522316, 0.7710582), (0.92642534, 0.83759165), (0.9200839, 0.8391438), (0.9201602, 0.83974314), (0.92839694, 0.8431872), (0.92659295, 0.8404804), (0.9167737, 0.8434882), (0.6522317, 0.77105826), (0.6522316, 0.771058), (0.6522316, 0.77105814), (0.6522317, 0.7710582), (0.6522316, 0.7710582), (0.6522317, 0.7710582), (0.92639256, 0.8496496), (0.9293554, 0.84959954), (0.9301831, 0.84962815), (0.91532797, 0.8452815), (0.9153279, 0.8465261), (0.91691345, 0.8458521), (0.9283969, 0.84539986), (0.9264404, 0.8454099), (0.9295958, 0.8468822), (0.9264404, 0.8454099), (0.9280106, 0.84751344), (0.9295958, 0.8468822), (0.9327666, 0.8456234), (0.93236446, 0.8446108), (0.9311814, 0.8464749), (0.9311814, 0.8464749), (0.93277985, 0.8496362), (0.93276674, 0.84787405), (0.920084, 0.8443429), (0.920023, 0.84332454), (0.91849846, 0.8453998), (0.920084, 0.8474459), (0.9171988, 0.84743345), (0.91849864, 0.8475135), (0.9264255, 0.8453351), (0.920084, 0.8443429), (0.9200839, 0.84539986), (0.9231783, 0.8475137), (0.9200841, 0.84857064), (0.9264252, 0.84857035), (0.9138709, 0.84337753), (0.91532797, 0.8452815), (0.920023, 0.84332454), (0.9174849, 0.84962684), (0.9171988, 0.84743345), (0.9166732, 0.84959936), (0.92937046, 0.8432298), (0.92656547, 0.8433474), (0.9324917, 0.84338164), (0.9137425, 0.84645665), (0.91374254, 0.8480687), (0.9153279, 0.8465261), (0.9138709, 0.84337753), (0.91374254, 0.8456237), (0.91532797, 0.8452815), (0.9171373, 0.8432033), (0.9138709, 0.84337753), (0.920023, 0.84332454), (0.91374254, 0.8480687), (0.91374266, 0.8496275), (0.9153279, 0.8465261), (0.9200919, 0.8496327), (0.9171988, 0.84743345), (0.9174849, 0.84962684), (0.9280106, 0.84751344), (0.91849864, 0.8475135), (0.9231783, 0.8475137), (0.6522316, 0.7710582), (0.6522317, 0.7710582), (0.6522316, 0.7710584), (0.929596, 0.8468843), (0.930178, 0.84962714), (0.9311814, 0.84778666), (0.9153279, 0.84528124), (0.91532797, 0.8471174), (0.9169134, 0.8458505), (0.9285332, 0.84539986), (0.92801064, 0.8470667), (0.929596, 0.8468843), (0.9200839, 0.8443428), (0.9200284, 0.843323), (0.9184986, 0.84539974), (0.92642534, 0.8443428), (0.9200839, 0.8443428), (0.9232256, 0.8454), (0.9138716, 0.843378), (0.9153279, 0.84528124), (0.9200284, 0.843323), (0.9311813, 0.8460872), (0.9285332, 0.84539986), (0.929596, 0.8468843), (0.9293686, 0.8432289), (0.926568, 0.8433474), (0.9325417, 0.8435537), (0.92801064, 0.8470667), (0.9264253, 0.8470814), (0.92642546, 0.84857047), (0.92642534, 0.8443428), (0.9232256, 0.8454), (0.9285332, 0.84539986), (0.91374254, 0.84600294), (0.91374254, 0.8480713), (0.91532797, 0.8471174), (0.9138716, 0.843378), (0.91374254, 0.84600294), (0.9153279, 0.84528124), (0.91849864, 0.84689116), (0.9169134, 0.8458505), (0.9169133, 0.84761626), (0.91714025, 0.8432016), (0.9138716, 0.843378), (0.9200284, 0.843323), (0.91374254, 0.8480713), (0.91374254, 0.8496276), (0.91532797, 0.8471174), (0.91748714, 0.84962696), (0.9169134, 0.8495809), (0.9174984, 0.8496274), (0.930178, 0.84962714), (0.9295962, 0.84957993), (0.93018115, 0.8496273), (0.930178, 0.84962714), (0.9293536, 0.8495993), (0.9295962, 0.84957993), (0.91748714, 0.84962696), (0.9169133, 0.8495798), (0.9169134, 0.8495809), (0.9169134, 0.8495809), (0.9264404, 0.85336536), (0.92959607, 0.8495798), (0.92641103, 0.84903765), (0.92935526, 0.8495996), (0.93018293, 0.84962815), (0.92008394, 0.8368735), (0.91991323, 0.84033024), (0.9265378, 0.8402779), (0.93276674, 0.84593296), (0.9323665, 0.84460956), (0.9311813, 0.8464745), (0.9311813, 0.8464745), (0.9327797, 0.8496361), (0.93276656, 0.8478769), (0.92008406, 0.84533674), (0.9200223, 0.8433249), (0.9180416, 0.84539986), (0.92936957, 0.8432298), (0.92656726, 0.8433477), (0.9325001, 0.8433803), (0.9289963, 0.84687936), (0.92642546, 0.8470819), (0.92641103, 0.84903765), (0.9137424, 0.84645665), (0.91374254, 0.848073), (0.91532797, 0.846518), (0.9138707, 0.8433777), (0.9137425, 0.8459364), (0.91532815, 0.8452804), (0.91755307, 0.84688604), (0.91746116, 0.849626), (0.920089, 0.84924465), (0.91713643, 0.8432043), (0.9138707, 0.8433777), (0.9200223, 0.8433249), (0.91374254, 0.848073), (0.91374254, 0.8496275), (0.91532797, 0.846518), (0.9283955, 0.8454), (0.92642546, 0.84533435), (0.92008406, 0.84533674), (0.26493388, 0.61065125), (0.2640686, 0.62279826), (0.26397163, 0.6228437), (0.31791914, 0.532851), (0.3248849, 0.52855885), (0.323106, 0.52643955), (0.26493388, 0.61065125), (0.26751328, 0.59742415), (0.2763076, 0.6057985), (0.26751328, 0.59742415), (0.31690848, 0.53270507), (0.30836463, 0.55376095), (0.26655027, 0.5992375), (0.2797846, 0.59793454), (0.31791914, 0.532851), (0.26762792, 0.6200691), (0.2640686, 0.62279826), (0.2763076, 0.6057985), (0.26751328, 0.59742415), (0.30836463, 0.55376095), (0.2763076, 0.6057985), (0.2763076, 0.6057985), (0.2797846, 0.59793454), (0.274827, 0.60887206), (0.30836463, 0.55376095), (0.3248849, 0.52855885), (0.2797846, 0.59793454), (0.32039094, 0.5268966), (0.31690848, 0.53270507), (0.31791914, 0.532851), (0.31791914, 0.532851), (0.26751328, 0.59742415), (0.26655027, 0.5992375), (0.2640686, 0.62279826), (0.26762792, 0.6200691), (0.26397163, 0.6228437), (0.26493388, 0.61065125), (0.274827, 0.60887206), (0.26655027, 0.5992375), (0.26493388, 0.61065125), (0.2763076, 0.6057985), (0.2640686, 0.62279826), (0.23678021, 0.51550007), (0.23742, 0.513239), (0.23863983, 0.5130329), (0.2392562, 0.5142408), (0.23742, 0.513239), (0.23158647, 0.52175975), (0.14608997, 0.6194065), (0.1455325, 0.6187099), (0.16264878, 0.60071605), (0.16264878, 0.60071605), (0.18410692, 0.5697597), (0.21077225, 0.5470508), (0.21077225, 0.5470508), (0.2392562, 0.5142408), (0.16964866, 0.59249693), (0.23742, 0.513239), (0.23678021, 0.51550007), (0.23158647, 0.52175975), (0.23158647, 0.52175975), (0.18410692, 0.5697597), (0.1650868, 0.58869463), (0.14591639, 0.6194763), (0.1455325, 0.6187099), (0.14608997, 0.6194065), (0.23772575, 0.5155291), (0.23942971, 0.51403785), (0.23863983, 0.51303303), (0.23732287, 0.51776284), (0.23739758, 0.51327676), (0.23863983, 0.51303303), (0.16200952, 0.59197646), (0.23191877, 0.5212964), (0.16586593, 0.5971303), (0.16318318, 0.60012436), (0.1989648, 0.5535326), (0.14702773, 0.6087738), (0.1989648, 0.5535326), (0.19859473, 0.56031674), (0.23772575, 0.5155291), (0.23772575, 0.5155291), (0.23739758, 0.51327676), (0.1989648, 0.5535326), (0.16586593, 0.5971303), (0.23191877, 0.5212964), (0.19859473, 0.56031674), (0.16586593, 0.5971303), (0.19859473, 0.56031674), (0.16318318, 0.60012436), (0.23732287, 0.51776284), (0.23942971, 0.51403785), (0.19859473, 0.56031674), (0.23739758, 0.51327676), (0.23191877, 0.5212964), (0.1989648, 0.5535326), (0.14583108, 0.6194714), (0.1455169, 0.618719), (0.14609334, 0.6194068), (0.1989648, 0.5535326), (0.16200952, 0.59197646), (0.14702773, 0.6087738), (0.14579487, 0.6104903), (0.14542076, 0.6167518), (0.14550547, 0.6167829), (0.23650861, 0.5150062), (0.2374162, 0.51324546), (0.23863983, 0.51303303), (0.14550547, 0.6167829), (0.1458541, 0.61948866), (0.14597736, 0.6194073), (0.19814903, 0.55464494), (0.17985278, 0.58123684), (0.15026222, 0.61318725), (0.14550547, 0.6167829), (0.15042803, 0.61309063), (0.14579487, 0.6104903), (0.14791286, 0.61766505), (0.15042803, 0.61309063), (0.14597736, 0.6194073), (0.23601928, 0.5196854), (0.2394279, 0.5140274), (0.18610363, 0.57443345), (0.2374162, 0.51324546), (0.23650861, 0.5150062), (0.20391998, 0.5490139), (0.14597736, 0.6194073), (0.15042803, 0.61309063), (0.14550547, 0.6167829), (0.15026222, 0.61318725), (0.18610363, 0.57443345), (0.15042803, 0.61309063), (0.14579487, 0.6104903), (0.15042803, 0.61309063), (0.20391998, 0.5490139), (0.14596064, 0.61023414), (0.1459179, 0.6194427), (0.14586307, 0.61946857), (0.23646861, 0.51577175), (0.23943837, 0.51398635), (0.23863986, 0.5130331), (0.1459179, 0.6194427), (0.17073375, 0.5884351), (0.14815056, 0.6177522), (0.17073375, 0.5884351), (0.2221379, 0.53050464), (0.23770589, 0.5155831), (0.17442964, 0.5842997), (0.19614746, 0.56294954), (0.23646861, 0.51577175), (0.14586307, 0.61946857), (0.17442964, 0.5842997), (0.14596064, 0.61023414), (0.17442964, 0.5842997), (0.23646861, 0.51577175), (0.19975387, 0.55314803), (0.14815056, 0.6177522), (0.17073375, 0.5884351), (0.15913525, 0.6045573), (0.17073375, 0.5884351), (0.20682767, 0.5512562), (0.15913525, 0.6045573), (0.15913525, 0.6045573), (0.19614746, 0.56294954), (0.15700537, 0.60688996), (0.20682767, 0.5512562), (0.23943837, 0.51398635), (0.19614746, 0.56294954), (0.23742054, 0.51323825), (0.2221379, 0.53050464), (0.23646861, 0.51577175), (0.23646861, 0.51577175), (0.2221379, 0.53050464), (0.19975387, 0.55314803), (0.1459179, 0.6194427), (0.14815056, 0.6177522), (0.14586307, 0.61946857), (0.14596064, 0.61023414), (0.17442964, 0.5842997), (0.19975387, 0.55314803), (0.1562912, 0.5983902), (0.14575452, 0.61661226), (0.14573424, 0.6164929), (0.23275933, 0.5201252), (0.23943947, 0.5139799), (0.23863983, 0.51303303), (0.23943952, 0.51397943), (0.23863983, 0.51303303), (0.23943947, 0.5139799), (0.14573424, 0.6164929), (0.14589885, 0.6194182), (0.14587432, 0.6195042), (0.1562912, 0.5983902), (0.18139467, 0.5796088), (0.23275933, 0.5201252), (0.14589885, 0.6194182), (0.14575452, 0.61661226), (0.17463991, 0.58712995), (0.17463991, 0.58712995), (0.18139467, 0.5796088), (0.15013552, 0.615064), (0.2374205, 0.5132382), (0.23317559, 0.51953435), (0.23275933, 0.5201252), (0.14589885, 0.6194182), (0.15013552, 0.615064), (0.14587432, 0.6195042), (0.15013552, 0.615064), (0.1562912, 0.5983902), (0.14573424, 0.6164929), (0.14759201, 0.61003613), (0.14551187, 0.61861575), (0.14587753, 0.61945075), (0.23633689, 0.5189349), (0.23943974, 0.51397836), (0.23627001, 0.5190223), (0.23627001, 0.5190223), (0.23943974, 0.51397836), (0.23863982, 0.5130329), (0.2162236, 0.53687906), (0.18727963, 0.5726528), (0.14696586, 0.6085536), (0.14759201, 0.61003613), (0.16916108, 0.5934393), (0.2175834, 0.53557247), (0.14617999, 0.6193323), (0.14865667, 0.6129082), (0.15683635, 0.6070014), (0.18727963, 0.5726528), (0.19016954, 0.5693634), (0.16916108, 0.5934393), (0.18727963, 0.5726528), (0.23627001, 0.5190223), (0.19016954, 0.5693634), (0.23579423, 0.5159491), (0.2162236, 0.53687906), (0.2175834, 0.53557247), (0.14932793, 0.6160936), (0.14759201, 0.61003613), (0.14587753, 0.61945075), (0.14617999, 0.6193323), (0.14932793, 0.6160936), (0.14587753, 0.61945075), (0.14587753, 0.61945075), (0.14551187, 0.61861575), (0.14617999, 0.6193323), (0.14551187, 0.61861575), (0.14865667, 0.6129082), (0.14617999, 0.6193323), (0.2175834, 0.53557247), (0.14696586, 0.6085536), (0.14759201, 0.61003613), (0.15683635, 0.6070014), (0.16916108, 0.5934393), (0.14932793, 0.6160936), (0.23772052, 0.515543), (0.23943159, 0.5140269), (0.2386398, 0.5130329), (0.23729622, 0.5177557), (0.23739755, 0.5132769), (0.2386398, 0.5130329), (0.1475247, 0.60849255), (0.16971622, 0.5929554), (0.14989296, 0.614989), (0.16971622, 0.5929554), (0.23204881, 0.52113265), (0.23729622, 0.5177557), (0.14815176, 0.6104214), (0.16874926, 0.5939326), (0.23204881, 0.52113265), (0.23772052, 0.515543), (0.23739755, 0.5132769), (0.23204881, 0.52113265), (0.16971622, 0.5929554), (0.23729622, 0.5177557), (0.19876467, 0.5601339), (0.16971622, 0.5929554), (0.19876467, 0.5601339), (0.16874926, 0.5939326), (0.23729622, 0.5177557), (0.23943159, 0.5140269), (0.19876467, 0.5601339), (0.23204881, 0.52113265), (0.1475247, 0.60849255), (0.14815176, 0.6104214), (0.14941317, 0.6159736), (0.14815176, 0.6104214), (0.14585283, 0.61942863), (0.14588183, 0.6194462), (0.14941317, 0.6159736), (0.14585283, 0.61942863), (0.14989296, 0.614989), (0.16874926, 0.5939326), (0.14941317, 0.6159736), (0.27078182, 0.60375655), (0.2701578, 0.61408854), (0.27061146, 0.6149397), (0.31735843, 0.53566235), (0.31889522, 0.5329621), (0.32088953, 0.53257686), (0.2801844, 0.58618045), (0.29320598, 0.5800252), (0.27933538, 0.603161), (0.29320598, 0.5800252), (0.2801844, 0.58618045), (0.31735843, 0.53566235), (0.27901423, 0.60390496), (0.27439502, 0.59493226), (0.27078182, 0.60375655), (0.27439502, 0.59493226), (0.28200874, 0.5968971), (0.31779826, 0.53903097), (0.31779826, 0.53903097), (0.31889522, 0.5329621), (0.27439502, 0.59493226), (0.270827, 0.6149048), (0.27079564, 0.603699), (0.27933538, 0.603161), (0.27933538, 0.603161), (0.28200874, 0.5968971), (0.27901423, 0.60390496), (0.29320598, 0.5800252), (0.32216182, 0.5341849), (0.28200874, 0.5968971), (0.2701578, 0.61408854), (0.27079564, 0.603699), (0.270827, 0.6149048), (0.27061146, 0.6149397), (0.2701578, 0.61408854), (0.270827, 0.6149048), (0.27439502, 0.59493226), (0.27079564, 0.603699), (0.27078182, 0.60375655), (0.23649424, 0.5155725), (0.23741248, 0.5132517), (0.23863986, 0.51303303), (0.14590484, 0.6194153), (0.1615201, 0.60127693), (0.14815053, 0.6177522), (0.19033054, 0.5638064), (0.20965463, 0.54821545), (0.1615201, 0.60127693), (0.21022344, 0.5424745), (0.18985394, 0.5702056), (0.2394092, 0.5140228), (0.1458533, 0.6194447), (0.15310575, 0.61103165), (0.14622468, 0.60982627), (0.2394092, 0.5140228), (0.23741248, 0.5132517), (0.21022344, 0.5424745), (0.1615201, 0.60127693), (0.18985394, 0.5702056), (0.15310575, 0.61103165), (0.20965463, 0.54821545), (0.2394092, 0.5140228), (0.18985394, 0.5702056), (0.23741248, 0.5132517), (0.23649424, 0.5155725), (0.21022344, 0.5424745), (0.14815053, 0.6177522), (0.15310575, 0.61103165), (0.1458533, 0.6194447), (0.14590484, 0.6194153), (0.14815053, 0.6177522), (0.1458533, 0.6194447), (0.21022344, 0.5424745), (0.19033054, 0.5638064), (0.14622468, 0.60982627), (0.32871887, 0.53085583), (0.33168656, 0.52818847), (0.33030766, 0.5265176), (0.32652903, 0.5308451), (0.32816207, 0.5269313), (0.33030766, 0.5265176), (0.2954056, 0.5776329), (0.32652903, 0.5308451), (0.29393005, 0.59012157), (0.29294726, 0.5928021), (0.30016413, 0.58742356), (0.32871887, 0.53085583), (0.28795558, 0.6064429), (0.29294726, 0.5928021), (0.28852165, 0.5923054), (0.32871887, 0.53085583), (0.32816207, 0.5269313), (0.2954056, 0.5776329), (0.29393005, 0.59012157), (0.31013948, 0.56939113), (0.2965538, 0.59546036), (0.2965538, 0.59546036), (0.30016413, 0.58742356), (0.2962867, 0.5959663), (0.31013948, 0.56939113), (0.33168656, 0.52818847), (0.30016413, 0.58742356), (0.32816207, 0.5269313), (0.32652903, 0.5308451), (0.2954056, 0.5776329), (0.28802323, 0.60642546), (0.29079056, 0.6043087), (0.28795558, 0.6064429), (0.21404253, 0.5156656), (0.21353143, 0.51504827), (0.21402115, 0.5156817), (0.14766093, 0.5855433), (0.1431584, 0.5932377), (0.14339396, 0.5937547), (0.1821698, 0.54786533), (0.21222545, 0.5167362), (0.1766279, 0.5587234), (0.17233881, 0.55659634), (0.17885533, 0.55614704), (0.21402115, 0.5156817), (0.14381711, 0.5934122), (0.1431584, 0.5932377), (0.1766279, 0.5587234), (0.21404253, 0.5156656), (0.21402115, 0.5156817), (0.17885533, 0.55614704), (0.21274579, 0.5151805), (0.21222545, 0.5167362), (0.20975117, 0.51960945), (0.20975117, 0.51960945), (0.1821698, 0.54786533), (0.17233881, 0.55659634), (0.17233881, 0.55659634), (0.1821698, 0.54786533), (0.14766093, 0.5855433), (0.14339396, 0.5937547), (0.1431584, 0.5932377), (0.14381711, 0.5934122), (0.14766093, 0.5855433), (0.17885533, 0.55614704), (0.17233881, 0.55659634), (0.21788588, 0.51954657), (0.21905792, 0.5184969), (0.21851572, 0.5178267), (0.21774985, 0.52088237), (0.21766645, 0.51799506), (0.21851572, 0.5178267), (0.18495813, 0.5567966), (0.2139695, 0.5234195), (0.21774985, 0.52088237), (0.21788588, 0.51954657), (0.21766645, 0.51799506), (0.2139695, 0.5234195), (0.17662649, 0.56769514), (0.19073884, 0.55058265), (0.17739037, 0.566931), (0.21774985, 0.52088237), (0.21905792, 0.5184969), (0.19073884, 0.55058265), (0.2139695, 0.5234195), (0.16852334, 0.56895375), (0.1639145, 0.5740994), (0.15276165, 0.5928888), (0.15098257, 0.59383136), (0.15337008, 0.59236026), (0.29064408, 0.58361876), (0.32217646, 0.5340979), (0.30513704, 0.5597563), (0.32088953, 0.53257686), (0.31892976, 0.53295064), (0.31892914, 0.53290504), (0.30513704, 0.5597563), (0.32217646, 0.5340979), (0.32088953, 0.53257686), (0.27926636, 0.603135), (0.28063905, 0.5849273), (0.31892976, 0.53295064), (0.2795797, 0.60222524), (0.30513704, 0.5597563), (0.28063905, 0.5849273), (0.30513704, 0.5597563), (0.31892914, 0.53290504), (0.28063905, 0.5849273), (0.29064408, 0.58361876), (0.30513704, 0.5597563), (0.2795797, 0.60222524), (0.14589126, 0.61067027), (0.14590093, 0.6193908), (0.1458482, 0.6194001), (0.23863982, 0.513033), (0.23742086, 0.5132376), (0.23742911, 0.5133455), (0.23742911, 0.5133455), (0.23943505, 0.514006), (0.23863982, 0.513033), (0.23664221, 0.5183891), (0.23742086, 0.5132376), (0.23863982, 0.513033), (0.14590093, 0.6193908), (0.14575872, 0.6114174), (0.14815056, 0.61775225), (0.17878509, 0.58246124), (0.21830569, 0.53448427), (0.23664221, 0.5183891), (0.14815056, 0.61775225), (0.14575872, 0.6114174), (0.15068734, 0.6137927), (0.17878509, 0.58246124), (0.19136581, 0.5685602), (0.15068734, 0.6137927), (0.23664221, 0.5183891), (0.23943505, 0.514006), (0.19136581, 0.5685602), (0.23742911, 0.5133455), (0.21830569, 0.53448427), (0.20287275, 0.5499807), (0.20287275, 0.5499807), (0.14575872, 0.6114174), (0.14589126, 0.61067027), (0.14590093, 0.6193908), (0.14815056, 0.61775225), (0.1458482, 0.6194001), (0.15068734, 0.6137927), (0.14575872, 0.6114174), (0.17878509, 0.58246124), (0.14589126, 0.61067027), (0.15068734, 0.6137927), (0.20287275, 0.5499807), (0.27047992, 0.60461175), (0.27130142, 0.61049855), (0.2709116, 0.6111944), (0.31680533, 0.53783274), (0.32217306, 0.53411835), (0.32088953, 0.532577), (0.2709116, 0.6111944), (0.27056456, 0.61496496), (0.27056763, 0.6150193), (0.27562696, 0.6011481), (0.28023887, 0.6009133), (0.31680533, 0.53783274), (0.27562696, 0.6011481), (0.31680533, 0.53783274), (0.27227324, 0.5972773), (0.2730443, 0.6129392), (0.27130142, 0.61049855), (0.28014633, 0.6014101), (0.27560836, 0.6011988), (0.31117618, 0.5507008), (0.28014633, 0.6014101), (0.31117618, 0.5507008), (0.32217306, 0.53411835), (0.28023887, 0.6009133), (0.31892782, 0.5329071), (0.31660533, 0.5367857), (0.31680533, 0.53783274), (0.31680533, 0.53783274), (0.2723953, 0.5968621), (0.27227324, 0.5972773), (0.27056456, 0.61496496), (0.2730443, 0.6129392), (0.27056763, 0.6150193), (0.28023887, 0.6009133), (0.27562696, 0.6011481), (0.2709116, 0.6111944), (0.23863633, 0.5130424), (0.23943932, 0.51398057), (0.20564073, 0.5526509), (0.23864067, 0.51303023), (0.2374205, 0.5132383), (0.23310731, 0.51976275), (0.14543074, 0.6167557), (0.14585723, 0.61947525), (0.14598168, 0.619439), (0.20564073, 0.5526509), (0.23322311, 0.5194911), (0.23863633, 0.5130424), (0.14543074, 0.6167557), (0.16203123, 0.5974282), (0.16185409, 0.5920106), (0.14795731, 0.6176813), (0.16266274, 0.59672654), (0.16281828, 0.60051936), (0.16266274, 0.59672654), (0.20564073, 0.5526509), (0.16281828, 0.60051936), (0.16281828, 0.60051936), (0.20277628, 0.5558181), (0.16035473, 0.60321736), (0.20564073, 0.5526509), (0.23943932, 0.51398057), (0.20277628, 0.5558181), (0.2374205, 0.5132383), (0.23322311, 0.5194911), (0.23310731, 0.51976275), (0.23310731, 0.51976275), (0.16350494, 0.5901383), (0.16185409, 0.5920106), (0.31874985, 0.53222024), (0.32039094, 0.52689654), (0.32310605, 0.52643967), (0.2660842, 0.60036075), (0.31874985, 0.53222024), (0.28844488, 0.58533955), (0.2650212, 0.603691), (0.27976954, 0.5979975), (0.32486328, 0.52857083), (0.26437792, 0.6226894), (0.26344448, 0.62159175), (0.27550313, 0.6078129), (0.27550313, 0.6078129), (0.27976954, 0.5979975), (0.27517474, 0.60781914), (0.28844488, 0.58533955), (0.32486328, 0.52857083), (0.27976954, 0.5979975), (0.32039094, 0.52689654), (0.31874985, 0.53222024), (0.28725952, 0.5698873), (0.28725952, 0.5698873), (0.2660842, 0.60036075), (0.2650212, 0.603691), (0.26408505, 0.6228198), (0.26344448, 0.62159175), (0.26437792, 0.6226894), (0.6522318, 0.7710585), (0.6522315, 0.77105814), (0.6522316, 0.7710582), (0.6522317, 0.77105826), (0.6522317, 0.77105844), (0.6522316, 0.77105844), (0.6522316, 0.771058), (0.6522317, 0.77105826), (0.6522317, 0.7710583), (0.6522316, 0.7710582), (0.65223163, 0.7710582), (0.6522317, 0.7710582), (0.91374224, 0.8443427), (0.9169134, 0.8468666), (0.91675144, 0.84344226), (0.9242059, 0.84434295), (0.9295962, 0.8468427), (0.9299237, 0.84355164), (0.93276685, 0.8443432), (0.9295962, 0.8468427), (0.9327668, 0.8464178), (0.9295962, 0.8468427), (0.9327667, 0.84782696), (0.9327668, 0.8464178), (0.9242059, 0.84434295), (0.9169134, 0.8468666), (0.9200839, 0.84692943), (0.9169134, 0.8468666), (0.9218106, 0.849555), (0.9200839, 0.84692943), (0.9242059, 0.84434295), (0.9200839, 0.84692943), (0.92642546, 0.84706664), (0.920084, 0.83324283), (0.92642546, 0.833813), (0.9264254, 0.8324038), (0.920084, 0.83324283), (0.9230001, 0.8358879), (0.92642546, 0.833813), (0.91374236, 0.84434295), (0.91691315, 0.8453999), (0.9160749, 0.8440635), (0.9137426, 0.84639955), (0.9169133, 0.8482548), (0.91691315, 0.8453999), (0.9264256, 0.84641963), (0.92959595, 0.8480146), (0.9295966, 0.8454001), (0.93179405, 0.8433423), (0.9250678, 0.8443429), (0.9327666, 0.8443429), (0.92959595, 0.8480146), (0.93276703, 0.8478347), (0.93276656, 0.84634507), (0.9175835, 0.8433961), (0.9160749, 0.8440635), (0.9250678, 0.8443429), (0.9200839, 0.8463089), (0.9169133, 0.8482548), (0.92347306, 0.8476664), (0.9250678, 0.8443429), (0.9200839, 0.8463089), (0.9264256, 0.84641963), (0.920084, 0.8325565), (0.92642534, 0.8338857), (0.9264254, 0.8323962), (0.92008394, 0.8338311), (0.92177856, 0.8358877), (0.92642534, 0.8338857), (0.92839694, 0.8431872), (0.9250678, 0.8443429), (0.93179405, 0.8433423), (0.9137424, 0.84434295), (0.9169134, 0.84686697), (0.9167517, 0.84344083), (0.92420465, 0.84434295), (0.92959607, 0.84684384), (0.9299215, 0.84355056), (0.9327666, 0.84434295), (0.92959607, 0.84684384), (0.93276685, 0.8464175), (0.92959607, 0.84684384), (0.9327667, 0.8478283), (0.93276685, 0.8464175), (0.92420465, 0.84434295), (0.9169134, 0.84686697), (0.920084, 0.8469281), (0.9169134, 0.84686697), (0.92181253, 0.84955466), (0.920084, 0.8469281), (0.92420465, 0.84434295), (0.920084, 0.8469281), (0.9264253, 0.84706616), (0.9200839, 0.83324355), (0.9264253, 0.8338133), (0.92642534, 0.83240235), (0.9200839, 0.83324355), (0.9230013, 0.8358877), (0.9264253, 0.8338133), (0.9264097, 0.84003574), (0.92968255, 0.84434307), (0.93276674, 0.84434295), (0.9171909, 0.84434307), (0.9169133, 0.845689), (0.920084, 0.84638035), (0.9169134, 0.8481123), (0.9218129, 0.849555), (0.92471397, 0.847599), (0.9264097, 0.84003574), (0.9171909, 0.84434307), (0.92968255, 0.84434307), (0.920084, 0.83255774), (0.92642534, 0.83385044), (0.92642534, 0.8324031), (0.920084, 0.8339272), (0.92370033, 0.8358879), (0.92642534, 0.83385044), (0.9137425, 0.8443429), (0.9169133, 0.8468659), (0.91680324, 0.8434456), (0.9241872, 0.84434307), (0.92959607, 0.8468425), (0.9299247, 0.8435528), (0.93276685, 0.8443429), (0.92959607, 0.8468425), (0.9327666, 0.8464176), (0.92959607, 0.8468425), (0.9327668, 0.847829), (0.9327666, 0.8464176), (0.9241872, 0.84434307), (0.9169133, 0.8468659), (0.920084, 0.8469279), (0.9169133, 0.8468659), (0.9218085, 0.84955406), (0.920084, 0.8469279), (0.9241872, 0.84434307), (0.920084, 0.8469279), (0.92642534, 0.84706664), (0.92008394, 0.8332429), (0.92642534, 0.83381313), (0.9264253, 0.8324017), (0.92008394, 0.8332429), (0.9229957, 0.8358876), (0.92642534, 0.83381313), (0.91374254, 0.84434295), (0.9169133, 0.84686446), (0.917094, 0.8434075), (0.9264253, 0.847067), (0.92959595, 0.84811825), (0.9295963, 0.84572136), (0.9294137, 0.84330404), (0.9295963, 0.84572136), (0.9327667, 0.8443429), (0.9327667, 0.8443429), (0.9295963, 0.84572136), (0.93276644, 0.84641737), (0.92420495, 0.844343), (0.9169133, 0.84686446), (0.920084, 0.84692806), (0.9169133, 0.84686446), (0.92181456, 0.84955454), (0.920084, 0.84692806), (0.92420495, 0.844343), (0.920084, 0.84692806), (0.9264253, 0.847067), (0.920084, 0.8332435), (0.9264252, 0.83381325), (0.92642534, 0.8324026), (0.920084, 0.8332435), (0.92300165, 0.8358879), (0.9264252, 0.83381325), (0.9264252, 0.8358877), (0.92008394, 0.83919525), (0.92689335, 0.83924794), (0.9169134, 0.8473615), (0.91374254, 0.84762216), (0.9169132, 0.8496236), (0.92371094, 0.8445044), (0.92643815, 0.8464565), (0.9293316, 0.84513575), (0.92643815, 0.8464565), (0.924486, 0.8475374), (0.9295962, 0.84790766), (0.9294144, 0.8420731), (0.9293316, 0.84513575), (0.9327668, 0.844343), (0.9327668, 0.844343), (0.9293316, 0.84513575), (0.9327666, 0.846457), (0.91940325, 0.8427567), (0.91699755, 0.845147), (0.92371094, 0.8445044), (0.92371094, 0.8445044), (0.91699755, 0.845147), (0.9200839, 0.84633064), (0.9169134, 0.8473615), (0.924486, 0.8475374), (0.9200839, 0.84633064), (0.92371094, 0.8445044), (0.9200839, 0.84633064), (0.92643815, 0.8464565), (0.920084, 0.8326084), (0.9244549, 0.83377373), (0.92642534, 0.8324487), (0.920084, 0.83561337), (0.9264252, 0.8358877), (0.9244549, 0.83377373), (0.9200841, 0.8476901), (0.9234692, 0.84962744), (0.9264252, 0.84706473), (0.9137425, 0.84434295), (0.9169134, 0.8463867), (0.91695184, 0.8434026), (0.9169134, 0.8463867), (0.9137424, 0.84767896), (0.9169133, 0.84962195), (0.92419434, 0.84434295), (0.92959607, 0.84684175), (0.92992747, 0.84353423), (0.93276674, 0.8443429), (0.92959607, 0.84684175), (0.93276674, 0.8464166), (0.92959607, 0.84684175), (0.9327667, 0.84782934), (0.93276674, 0.8464166), (0.92419434, 0.84434295), (0.9169134, 0.8463867), (0.92008394, 0.8464348), (0.92008394, 0.8464348), (0.9169134, 0.8463867), (0.9200841, 0.8476901), (0.92419434, 0.84434295), (0.92008394, 0.8464348), (0.9264252, 0.84706473), (0.920084, 0.8325518), (0.92326415, 0.83379996), (0.9264254, 0.8324014), (0.91374266, 0.84434307), (0.91691333, 0.8468693), (0.9169949, 0.84345824), (0.9241895, 0.844343), (0.92959607, 0.84684706), (0.9300205, 0.8436247), (0.9327666, 0.8443428), (0.92959607, 0.84684706), (0.93276656, 0.8464176), (0.92959607, 0.84684706), (0.9327666, 0.84782714), (0.93276656, 0.8464176), (0.9241895, 0.844343), (0.91691333, 0.8468693), (0.9200842, 0.8469291), (0.91691333, 0.8468693), (0.92181075, 0.8495549), (0.9200842, 0.8469291), (0.9241895, 0.844343), (0.9200842, 0.8469291), (0.9264256, 0.84706676), (0.92008406, 0.8332428), (0.92642534, 0.833813), (0.9264256, 0.8324038), (0.92008406, 0.8332428), (0.92299765, 0.8358877), (0.92642534, 0.833813), (0.920084, 0.84770954), (0.9234853, 0.8496274), (0.92642534, 0.8476466), (0.9296462, 0.8434657), (0.9277803, 0.844343), (0.93276685, 0.8443429), (0.92959595, 0.8479034), (0.9327667, 0.8478838), (0.9327666, 0.8464685), (0.9173173, 0.84312737), (0.91514575, 0.84434295), (0.92008406, 0.8443428), (0.9200839, 0.8462926), (0.91691333, 0.8480172), (0.920084, 0.84770954), (0.9296462, 0.8434657), (0.92008406, 0.8443428), (0.9277803, 0.844343), (0.9277803, 0.844343), (0.9200839, 0.8462926), (0.92642546, 0.8463641), (0.92642546, 0.8463641), (0.920084, 0.84770954), (0.92642534, 0.8476466), (0.9200841, 0.8324944), (0.9264253, 0.8337622), (0.92642546, 0.832347), (0.9200839, 0.8338978), (0.920976, 0.8358878), (0.9264253, 0.8337622), (0.9137426, 0.84434295), (0.91691345, 0.8468659), (0.91699225, 0.843461), (0.9242156, 0.8443429), (0.9295961, 0.84684455), (0.93002635, 0.84362733), (0.9327666, 0.8443429), (0.9295961, 0.84684455), (0.9327665, 0.84641844), (0.9295961, 0.84684455), (0.9327668, 0.8478316), (0.9327665, 0.84641844), (0.9242156, 0.8443429), (0.91691345, 0.8468659), (0.92008394, 0.846928), (0.91691345, 0.8468659), (0.9218137, 0.84955573), (0.92008394, 0.846928), (0.9242156, 0.8443429), (0.92008394, 0.846928), (0.92642534, 0.8470661), (0.92008394, 0.8332437), (0.92642534, 0.8338123), (0.9264254, 0.83239925), (0.92008394, 0.8332437), (0.9230077, 0.83588773), (0.92642534, 0.8338123), (0.9137425, 0.8443429), (0.91691333, 0.8468654), (0.9171008, 0.84340554), (0.92642534, 0.8470663), (0.92959595, 0.8481233), (0.9295961, 0.8457159), (0.9294124, 0.8433032), (0.9295961, 0.8457159), (0.9327666, 0.8443428), (0.9327666, 0.8443428), (0.9295961, 0.8457159), (0.9327667, 0.8464173), (0.92419684, 0.84434307), (0.91691333, 0.8468654), (0.920084, 0.8469279), (0.91691333, 0.8468654), (0.9218128, 0.84955496), (0.920084, 0.8469279), (0.92419684, 0.84434307), (0.920084, 0.8469279), (0.92642534, 0.8470663), (0.9200841, 0.83324224), (0.9264255, 0.8338135), (0.9264253, 0.83240175), (0.9200841, 0.83324224), (0.922999, 0.8358877), (0.9264255, 0.8338135), (0.6522318, 0.7710583), (0.6522315, 0.77105814), (0.6522318, 0.7710584), (0.6522315, 0.77105814), (0.6522316, 0.7710582), (0.6522318, 0.7710584), (0.6522316, 0.7710581), (0.6522316, 0.7710582), (0.6522316, 0.7710582), (0.9169135, 0.8468815), (0.9153279, 0.84651774), (0.91746145, 0.84962595), (0.91746145, 0.84962595), (0.9153279, 0.84651774), (0.91374254, 0.8496275), (0.91746145, 0.84962595), (0.91374254, 0.8496275), (0.9166732, 0.84959936), (0.9325438, 0.84355354), (0.93029, 0.8454), (0.9327667, 0.8459326), (0.9327667, 0.84645677), (0.9311814, 0.8464746), (0.9327667, 0.84787595), (0.9200841, 0.844343), (0.9180418, 0.84539986), (0.9200841, 0.8454), (0.93029, 0.8454), (0.92959607, 0.8468833), (0.9311814, 0.8464746), (0.92642546, 0.84533477), (0.92801076, 0.8453999), (0.92656654, 0.8433475), (0.9137425, 0.8459363), (0.9153279, 0.84651774), (0.9153281, 0.8452808), (0.9180418, 0.84539986), (0.9169135, 0.8468815), (0.9184987, 0.84689), (0.915328, 0.8452786), (0.91793096, 0.84539974), (0.92002565, 0.8433241), (0.9265658, 0.8433471), (0.9285337, 0.84539974), (0.93254256, 0.84355485), (0.93254256, 0.84355485), (0.93118143, 0.8465363), (0.9327667, 0.8460332), (0.9327667, 0.8460332), (0.93118143, 0.8465363), (0.9327667, 0.8478759), (0.92008364, 0.84434265), (0.91793096, 0.84539974), (0.9232249, 0.84540004), (0.93254256, 0.84355485), (0.9285337, 0.84539974), (0.93118143, 0.8465363), (0.9264251, 0.8443427), (0.9285337, 0.84539974), (0.9265658, 0.8433471), (0.9137424, 0.84600127), (0.9153279, 0.84711516), (0.915328, 0.8452786), (0.91691333, 0.8469534), (0.9200877, 0.84962994), (0.91849875, 0.84689236), (0.91793096, 0.84539974), (0.91691333, 0.8469534), (0.91849875, 0.84689236), (0.91747075, 0.84962654), (0.9200877, 0.84962994), (0.91691333, 0.8469534), (0.9295962, 0.8495798), (0.9301783, 0.8496273), (0.93018144, 0.8496275), (0.92959607, 0.8495798), (0.9264418, 0.8533637), (0.9169134, 0.8495808), (0.92959607, 0.8495798), (0.9200841, 0.852213), (0.92008406, 0.83687407), (0.9264252, 0.83694446), (0.9264253, 0.8358877), (0.92008406, 0.83687407), (0.92653877, 0.8402765), (0.9264252, 0.83694446), (0.9153279, 0.84644455), (0.91691333, 0.8458484), (0.9201066, 0.8432879), (0.92742926, 0.8442765), (0.9292178, 0.8454), (0.9324843, 0.84338385), (0.92959595, 0.8468823), (0.92801046, 0.84706545), (0.9301809, 0.8496273), (0.93118113, 0.8465126), (0.9327667, 0.84896827), (0.9327667, 0.8471105), (0.920084, 0.84601927), (0.9184985, 0.84689504), (0.920084, 0.84806395), (0.9293678, 0.8432281), (0.9201066, 0.8432879), (0.92650026, 0.84329796), (0.9324843, 0.84338385), (0.9292178, 0.8454), (0.93240124, 0.8445865), (0.9264253, 0.84607124), (0.92801046, 0.84706545), (0.9292178, 0.8454), (0.916332, 0.8476599), (0.9200963, 0.8496356), (0.9184985, 0.84689504), (0.91976666, 0.84455454), (0.91691333, 0.8458484), (0.9184985, 0.84689504), (0.9174743, 0.8496259), (0.9200963, 0.8496356), (0.916332, 0.8476599), (0.9295962, 0.8495799), (0.9301783, 0.8496272), (0.9301814, 0.84962755), (0.9295962, 0.8495799), (0.92959595, 0.8495797), (0.92644095, 0.85336506), (0.91976666, 0.84455454), (0.92742926, 0.8442765), (0.9197716, 0.8441358), (0.9285337, 0.84539974), (0.9232249, 0.84540004), (0.91793096, 0.84539974), (0.6522316, 0.7710581), (0.6522317, 0.7710581), (0.6522316, 0.7710583), (0.92642534, 0.83759165), (0.9201602, 0.83974314), (0.92659295, 0.8404804), (0.92839694, 0.8431872), (0.9167737, 0.8434882), (0.9175835, 0.8433961), (0.920084, 0.8368736), (0.92642546, 0.83694476), (0.92642534, 0.8358877), (0.91532797, 0.8452815), (0.91691345, 0.8458521), (0.920023, 0.84332454), (0.9153279, 0.8465261), (0.9171988, 0.84743345), (0.91691345, 0.8458521), (0.92656547, 0.8433474), (0.9283969, 0.84539986), (0.9324917, 0.84338164), (0.9327667, 0.84645677), (0.9311814, 0.8464749), (0.93276674, 0.84787405), (0.920084, 0.8443429), (0.91849846, 0.8453998), (0.9200839, 0.84539986), (0.9324917, 0.84338164), (0.9283969, 0.84539986), (0.93236446, 0.8446108), (0.92642534, 0.847437), (0.9280106, 0.84751344), (0.9264404, 0.8454099), (0.9264255, 0.8453351), (0.9283969, 0.84539986), (0.92656547, 0.8433474), (0.91374254, 0.8456237), (0.9153279, 0.8465261), (0.91532797, 0.8452815), (0.9171988, 0.84743345), (0.9200919, 0.8496327), (0.91849864, 0.8475135), (0.91849846, 0.8453998), (0.91691345, 0.8458521), (0.9171988, 0.84743345), (0.920023, 0.84332454), (0.91691345, 0.8458521), (0.91849846, 0.8453998), (0.91374254, 0.8496276), (0.9166732, 0.84959936), (0.9174744, 0.84962606), (0.9153279, 0.84528124), (0.9169134, 0.8458505), (0.9200284, 0.843323), (0.91532797, 0.8471174), (0.9169133, 0.84761626), (0.9169134, 0.8458505), (0.9325417, 0.8435537), (0.9311813, 0.8460872), (0.9327667, 0.8460349), (0.9200839, 0.8443428), (0.9184986, 0.84539974), (0.9232256, 0.8454), (0.9311813, 0.8460872), (0.929596, 0.8468843), (0.9311814, 0.84778666), (0.92642534, 0.8443428), (0.9285332, 0.84539986), (0.926568, 0.8433474), (0.91374254, 0.84600294), (0.91532797, 0.8471174), (0.9153279, 0.84528124), (0.9169133, 0.84761626), (0.92009616, 0.8496355), (0.91849864, 0.84689116), (0.9184986, 0.84539974), (0.9169134, 0.8458505), (0.91849864, 0.84689116), (0.9200284, 0.843323), (0.9169134, 0.8458505), (0.9184986, 0.84539974), (0.9174744, 0.84962606), (0.92009616, 0.8496355), (0.9169133, 0.84761626), (0.9295962, 0.84957993), (0.9301785, 0.8496273), (0.93018115, 0.8496273), (0.92959607, 0.8495798), (0.9264404, 0.85336536), (0.9169134, 0.8495809), (0.92959607, 0.8495798), (0.92008436, 0.8522132), (0.9285332, 0.84539986), (0.9232256, 0.8454), (0.9184986, 0.84539974), (0.92008394, 0.8368735), (0.92642534, 0.8369446), (0.9264252, 0.8358877), (0.92008394, 0.8368735), (0.9265378, 0.8402779), (0.92642534, 0.8369446), (0.91746116, 0.849626), (0.91374254, 0.8496275), (0.9166732, 0.84959936), (0.92656726, 0.8433477), (0.9283955, 0.8454), (0.9325001, 0.8433803), (0.9289963, 0.84687936), (0.92641103, 0.84903765), (0.93018293, 0.84962815), (0.9327667, 0.84645677), (0.9311813, 0.8464745), (0.93276656, 0.8478769), (0.91755307, 0.84688604), (0.920089, 0.84924465), (0.92008394, 0.847078), (0.9325001, 0.8433803), (0.9283955, 0.8454), (0.9323665, 0.84460956), (0.92642546, 0.84533435), (0.9283955, 0.8454), (0.92656726, 0.8433477), (0.9137425, 0.8459364), (0.91532797, 0.846518), (0.91532815, 0.8452804), (0.9283955, 0.8454), (0.92008406, 0.84533674), (0.9180416, 0.84539986), (0.67750484, 0.40210176), (0.6784807, 0.4079562), (0.68140787, 0.40210193), (0.68140787, 0.40210193), (0.6823836, 0.4079562), (0.68531096, 0.40210193), (0.673602, 0.40210187), (0.6745777, 0.40795618), (0.67750484, 0.40210176), (0.6696992, 0.40210193), (0.67067486, 0.4079562), (0.673602, 0.40210187), (0.6657963, 0.4021018), (0.6667718, 0.40795618), (0.6696992, 0.40210193), (0.66286904, 0.4079562), (0.6657963, 0.4021018), (0.66189337, 0.40210187), (0.6579903, 0.40210184), (0.6589661, 0.4079562), (0.66189337, 0.40210187), (0.6540875, 0.40210184), (0.6550633, 0.4079562), (0.6579903, 0.40210184), (0.6970196, 0.4021019), (0.69799525, 0.4079562), (0.7009225, 0.40210187), (0.6901894, 0.4079562), (0.69311655, 0.4021019), (0.6892135, 0.40210176), (0.6940923, 0.40795618), (0.6970196, 0.4021019), (0.69311655, 0.4021019), (0.68531096, 0.40210193), (0.68628633, 0.40795615), (0.6892135, 0.40210176), (0.1455325, 0.6187099), (0.14591639, 0.6194763), (0.1650868, 0.58869463), (0.1455325, 0.6187099), (0.1650868, 0.58869463), (0.18410692, 0.5697597), (0.1455169, 0.618719), (0.14583108, 0.6194714), (0.14702773, 0.6087738), (0.1455169, 0.618719), (0.14702773, 0.6087738), (0.16200952, 0.59197646), (0.14588183, 0.6194462), (0.14585283, 0.61942863), (0.14815176, 0.6104214), (0.14588183, 0.6194462), (0.14815176, 0.6104214), (0.1475247, 0.60849255), (0.27901423, 0.60390496), (0.27061146, 0.6149397), (0.270827, 0.6149048), (0.27901423, 0.60390496), (0.270827, 0.6149048), (0.27933538, 0.603161), (0.2801844, 0.58618045), (0.27439502, 0.59493226), (0.31889522, 0.5329621), (0.2801844, 0.58618045), (0.31889522, 0.5329621), (0.31735843, 0.53566235), (0.15098257, 0.59383136), (0.15276165, 0.5928888), (0.1639145, 0.5740994), (0.15098257, 0.59383136), (0.1639145, 0.5740994), (0.16852334, 0.56895375), (0.17739037, 0.566931), (0.15276165, 0.5928888), (0.15337008, 0.59236026), (0.17739037, 0.566931), (0.15337008, 0.59236026), (0.17662649, 0.56769514), (0.27059084, 0.6149586), (0.2706125, 0.6149737), (0.27096498, 0.6024117), (0.27059084, 0.6149586), (0.27096498, 0.6024117), (0.27095246, 0.6037255), (0.26344448, 0.62159175), (0.26408505, 0.6228198), (0.2650212, 0.603691), (0.26344448, 0.62159175), (0.2650212, 0.603691), (0.2660842, 0.60036075), (0.6522317, 0.77105826), (0.6522316, 0.7710581), (0.6522316, 0.7710582), (0.6522317, 0.77105826), (0.6522316, 0.7710582), (0.6522317, 0.7710582), (0.6522317, 0.7710581), (0.6522316, 0.7710582), (0.6522315, 0.77105814), (0.6522317, 0.7710581), (0.6522315, 0.77105814), (0.6522315, 0.7710582), (0.6522316, 0.77105844), (0.6522318, 0.7710585), (0.65223145, 0.7710582), (0.6522316, 0.77105844), (0.65223145, 0.7710582), (0.6522317, 0.77105826), (0.65223145, 0.7710582), (0.6522317, 0.7710582), (0.6522317, 0.7710583), (0.65223145, 0.7710582), (0.6522317, 0.7710583), (0.6522317, 0.77105826), (0.6522318, 0.7710583), (0.65223163, 0.77105814), (0.6522317, 0.77105826), (0.6522318, 0.7710583), (0.6522317, 0.77105826), (0.6522317, 0.7710582), (0.65223163, 0.7710582), (0.6522317, 0.7710581), (0.6522317, 0.7710582), (0.65223163, 0.7710582), (0.6522317, 0.7710582), (0.6522316, 0.7710581), (0.916913, 0.8495796), (0.9174833, 0.8496267), (0.9174877, 0.849627), (0.916913, 0.8495796), (0.9174877, 0.849627), (0.9169134, 0.84957993), (0.92642546, 0.8522129), (0.92642534, 0.8522129), (0.92008424, 0.852213), (0.92642546, 0.8522129), (0.92008424, 0.852213), (0.9200841, 0.852213), (0.9200841, 0.8454), (0.9180418, 0.84539986), (0.92801076, 0.8453999), (0.9200841, 0.8454), (0.92801076, 0.8453999), (0.92642546, 0.84533477), (0.920084, 0.8454), (0.9264255, 0.8453999), (0.92801076, 0.8453999), (0.920084, 0.8454), (0.92801076, 0.8453999), (0.9180418, 0.84539986), (0.6522317, 0.7710582), (0.6522317, 0.77105826), (0.65223163, 0.77105814), (0.6522317, 0.7710582), (0.65223163, 0.77105814), (0.6522316, 0.7710584), (0.6522317, 0.7710581), (0.6522316, 0.7710581), (0.6522317, 0.77105826), (0.6522317, 0.7710581), (0.6522317, 0.77105826), (0.6522316, 0.7710582), (0.6522316, 0.7710584), (0.65223163, 0.77105814), (0.6522318, 0.7710584), (0.6522316, 0.7710584), (0.6522318, 0.7710584), (0.6522317, 0.7710582), (0.65223175, 0.7710585), (0.6522316, 0.77105814), (0.6522316, 0.7710582), (0.65223175, 0.7710585), (0.6522316, 0.7710582), (0.6522317, 0.7710582), (0.65223175, 0.7710585), (0.6522317, 0.77105844), (0.6522317, 0.77105826), (0.65223175, 0.7710585), (0.6522317, 0.77105826), (0.6522316, 0.77105814), (0.9169132, 0.84957975), (0.9174606, 0.8496255), (0.91748357, 0.8496268), (0.9169132, 0.84957975), (0.91748357, 0.8496268), (0.9169133, 0.8495798), (0.92642546, 0.8533833), (0.920084, 0.8533832), (0.9200839, 0.8533832), (0.92642546, 0.8533833), (0.9200839, 0.8533832), (0.9264252, 0.8533832), (0.93018126, 0.84962744), (0.9301814, 0.8496276), (0.9295961, 0.8495799), (0.93018126, 0.84962744), (0.9295961, 0.8495799), (0.9295961, 0.84958017), (0.9200839, 0.84539986), (0.91849846, 0.8453998), (0.9283969, 0.84539986), (0.9200839, 0.84539986), (0.9283969, 0.84539986), (0.9264255, 0.8453351), (0.9264253, 0.85221285), (0.92642534, 0.8522129), (0.920084, 0.8522129), (0.9264253, 0.85221285), (0.920084, 0.8522129), (0.92008436, 0.8522132), (0.916913, 0.8495796), (0.91748285, 0.8496268), (0.9174881, 0.84962696), (0.916913, 0.8495796), (0.9174881, 0.84962696), (0.9169134, 0.84957993), (0.920084, 0.8454), (0.9264255, 0.8453999), (0.9283955, 0.8454), (0.920084, 0.8454), (0.9283955, 0.8454), (0.9180416, 0.84539986), (0.2394279, 0.5140274), (0.23863983, 0.51303303), (0.2374162, 0.51324546), (0.18610363, 0.57443345), (0.20391998, 0.5490139), (0.16874926, 0.5939326), (0.23772052, 0.515543), (0.23204881, 0.52113265), (0.19876467, 0.5601339), (0.31779826, 0.53903097), (0.32088953, 0.53257686), (0.31889522, 0.5329621), (0.32216182, 0.5341849), (0.15310575, 0.61103165), (0.18985394, 0.5702056), (0.21022344, 0.5424745), (0.14622468, 0.60982627), (0.21222545, 0.5167362), (0.21353143, 0.51504827), (0.21404253, 0.5156656), (0.21274579, 0.5151805), (0.23742911, 0.5133455), (0.19136581, 0.5685602), (0.23943505, 0.514006), (0.20287275, 0.5499807), (0.9169134, 0.8463867), (0.9169133, 0.84962195), (0.9200841, 0.8476901), (0.9234692, 0.84962744), (0.9277803, 0.844343), (0.92642546, 0.8463641), (0.92959595, 0.8479034), (0.92642534, 0.8476466), (0.9197716, 0.8441358), (0.9201066, 0.8432879), (0.91691333, 0.8458484), (0.91976666, 0.84455454), (0.14609334, 0.6194068), (0.16200952, 0.59197646), (0.16586593, 0.5971303), (0.1455169, 0.618719), (0.926568, 0.8433474), (0.9285332, 0.84539986), (0.9325417, 0.8435537), (0.9311813, 0.8460872), (0.91755307, 0.84688604), (0.91532797, 0.846518), (0.91746116, 0.849626), (0.91374254, 0.8496275), (0.9327666, 0.846457), (0.9293316, 0.84513575), (0.92643815, 0.8464565), (0.9327667, 0.8477821), (0.9295962, 0.84790766), (0.91387093, 0.843378), (0.9153281, 0.8452808), (0.92002255, 0.84332484), (0.9180418, 0.84539986), (0.92642546, 0.8533833), (0.9264252, 0.8522229), (0.920084, 0.85225075), (0.920084, 0.85338324), (0.92642546, 0.8533833), (0.92642504, 0.85222274), (0.9200838, 0.8522505), (0.920084, 0.8533832), (0.6522317, 0.7710582), (0.6522317, 0.7710582), (0.6522316, 0.7710583), (0.6522317, 0.7710581), (0.6522317, 0.7710581), (0.6522316, 0.7710584), (0.6522317, 0.7710582), (0.6522316, 0.7710582), (0.92653817, 0.84027714), (0.9264252, 0.83675474), (0.92008406, 0.8368735), (0.9199105, 0.84033424), (0.92936957, 0.8432298), (0.91713643, 0.8432043), (0.9200223, 0.8433249), (0.92656726, 0.8433477), (0.9138707, 0.8433777), (0.91532815, 0.8452804), (0.9200223, 0.8433249), (0.9180416, 0.84539986), (0.92642546, 0.8533833), (0.9264252, 0.852223), (0.920084, 0.85225016), (0.920084, 0.85338324), (0.26493388, 0.61065125), (0.26397163, 0.6228437), (0.26762792, 0.6200691), (0.274827, 0.60887206), (0.2392562, 0.5142408), (0.21077225, 0.5470508), (0.23678021, 0.51550007), (0.23863983, 0.5130329), (0.16964866, 0.59249693), (0.14591639, 0.6194763), (0.14608997, 0.6194065), (0.16264878, 0.60071605), (0.16318318, 0.60012436), (0.14583108, 0.6194714), (0.14609334, 0.6194068), (0.16586593, 0.5971303), (0.2394279, 0.5140274), (0.23601928, 0.5196854), (0.23650861, 0.5150062), (0.23863983, 0.51303303), (0.15026222, 0.61318725), (0.14791286, 0.61766505), (0.14542076, 0.6167518), (0.14579487, 0.6104903), (0.23943837, 0.51398635), (0.20682767, 0.5512562), (0.23770589, 0.5155831), (0.23863986, 0.5130331), (0.23742054, 0.51323825), (0.23863986, 0.5130331), (0.23770589, 0.5155831), (0.2221379, 0.53050464), (0.17442964, 0.5842997), (0.14586307, 0.61946857), (0.14815056, 0.6177522), (0.15700537, 0.60688996), (0.2374205, 0.5132382), (0.23863983, 0.51303303), (0.23943952, 0.51397943), (0.23317559, 0.51953435), (0.23943947, 0.5139799), (0.18139467, 0.5796088), (0.17463991, 0.58712995), (0.23943952, 0.51397943), (0.15237546, 0.6020102), (0.1562912, 0.5983902), (0.23275933, 0.5201252), (0.23317559, 0.51953435), (0.2374205, 0.5132382), (0.23579423, 0.5159491), (0.23627001, 0.5190223), (0.23863982, 0.5130329), (0.2374205, 0.5132382), (0.23863982, 0.5130329), (0.23633689, 0.5189349), (0.23579423, 0.5159491), (0.23579423, 0.5159491), (0.23633689, 0.5189349), (0.18727963, 0.5726528), (0.2162236, 0.53687906), (0.23579423, 0.5159491), (0.2175834, 0.53557247), (0.19016954, 0.5693634), (0.23627001, 0.5190223), (0.14696586, 0.6085536), (0.18727963, 0.5726528), (0.15683635, 0.6070014), (0.14865667, 0.6129082), (0.32216182, 0.5341849), (0.29320598, 0.5800252), (0.31735843, 0.53566235), (0.32088953, 0.53257686), (0.14590484, 0.6194153), (0.1458533, 0.6194447), (0.14622468, 0.60982627), (0.19033054, 0.5638064), (0.2394092, 0.5140228), (0.20965463, 0.54821545), (0.23649424, 0.5155725), (0.23863986, 0.51303303), (0.28802323, 0.60642546), (0.28795558, 0.6064429), (0.28852165, 0.5923054), (0.28855953, 0.5948586), (0.33168656, 0.52818847), (0.31013948, 0.56939113), (0.32652903, 0.5308451), (0.33030766, 0.5265176), (0.28855953, 0.5948586), (0.2965538, 0.59546036), (0.29079056, 0.6043087), (0.28802323, 0.60642546), (0.29294726, 0.5928021), (0.28795558, 0.6064429), (0.29079056, 0.6043087), (0.2962867, 0.5959663), (0.21274579, 0.5151805), (0.20975117, 0.51960945), (0.21402115, 0.5156817), (0.21353143, 0.51504827), (0.17885533, 0.55614704), (0.14339396, 0.5937547), (0.14381711, 0.5934122), (0.1766279, 0.5587234), (0.18495813, 0.5567966), (0.17662649, 0.56769514), (0.16852334, 0.56895375), (0.2139695, 0.5234195), (0.19073884, 0.55058265), (0.2139695, 0.5234195), (0.1639145, 0.5740994), (0.17739037, 0.566931), (0.32217646, 0.5340979), (0.29064408, 0.58361876), (0.31892976, 0.53295064), (0.32088953, 0.53257686), (0.2795797, 0.60222524), (0.2706125, 0.6149737), (0.2731921, 0.61272866), (0.27926636, 0.603135), (0.14589126, 0.61067027), (0.1458482, 0.6194001), (0.14815056, 0.61775225), (0.15068734, 0.6137927), (0.31892782, 0.5329071), (0.32088953, 0.532577), (0.31117618, 0.5507008), (0.31660533, 0.5367857), (0.31660533, 0.5367857), (0.31117618, 0.5507008), (0.27560836, 0.6011988), (0.2723953, 0.5968621), (0.27562696, 0.6011481), (0.27227324, 0.5972773), (0.27047992, 0.60461175), (0.2709116, 0.6111944), (0.27560836, 0.6011988), (0.27130142, 0.61049855), (0.27047992, 0.60461175), (0.2723953, 0.5968621), (0.20564073, 0.5526509), (0.16266274, 0.59672654), (0.16350494, 0.5901383), (0.23322311, 0.5194911), (0.20277628, 0.5558181), (0.23310731, 0.51976275), (0.16203123, 0.5974282), (0.16035473, 0.60321736), (0.23943932, 0.51398057), (0.23864067, 0.51303023), (0.23310731, 0.51976275), (0.20277628, 0.5558181), (0.16035473, 0.60321736), (0.14598168, 0.619439), (0.14795731, 0.6176813), (0.16281828, 0.60051936), (0.16203123, 0.5974282), (0.14543074, 0.6167557), (0.14598168, 0.619439), (0.16035473, 0.60321736), (0.16266274, 0.59672654), (0.14795731, 0.6176813), (0.14543074, 0.6167557), (0.16350494, 0.5901383), (0.32486328, 0.52857083), (0.28844488, 0.58533955), (0.31874985, 0.53222024), (0.32310605, 0.52643967), (0.32039094, 0.52689654), (0.28725952, 0.5698873), (0.32486328, 0.52857083), (0.32310605, 0.52643967), (0.27517474, 0.60781914), (0.26408505, 0.6228198), (0.26437792, 0.6226894), (0.27550313, 0.6078129), (0.6522316, 0.7710582), (0.6522316, 0.77105814), (0.6522316, 0.771058), (0.6522316, 0.7710581), (0.6522315, 0.77105814), (0.6522316, 0.7710582), (0.6522316, 0.7710582), (0.6522316, 0.7710582), (0.6522317, 0.7710582), (0.6522317, 0.7710581), (0.6522315, 0.7710582), (0.6522316, 0.7710582), (0.6522315, 0.7710582), (0.6522315, 0.77105814), (0.6522318, 0.7710585), (0.6522316, 0.77105844), (0.65223163, 0.7710582), (0.6522316, 0.7710582), (0.6522316, 0.7710582), (0.6522315, 0.77105814), (0.6522316, 0.7710582), (0.6522315, 0.7710582), (0.6522316, 0.77105844), (0.6522317, 0.77105844), (0.6522316, 0.7710582), (0.65223163, 0.7710582), (0.65223145, 0.7710582), (0.6522318, 0.7710585), (0.65223163, 0.7710582), (0.6522315, 0.77105814), (0.6522318, 0.7710583), (0.6522317, 0.7710582), (0.65223163, 0.7710582), (0.6522317, 0.7710582), (0.6522317, 0.7710582), (0.65223145, 0.7710582), (0.6522317, 0.7710582), (0.6522318, 0.7710583), (0.6522317, 0.7710582), (0.6522317, 0.7710582), (0.6522317, 0.7710582), (0.65223163, 0.7710582), (0.65223163, 0.7710582), (0.6522317, 0.7710583), (0.6522317, 0.7710582), (0.6522317, 0.7710582), (0.65223163, 0.7710582), (0.6522317, 0.7710582), (0.6522317, 0.7710582), (0.6522316, 0.7710582), (0.6522316, 0.7710582), (0.6522317, 0.7710582), (0.6522317, 0.7710583), (0.65223163, 0.7710582), (0.6522316, 0.7710581), (0.6522316, 0.771058), (0.65223163, 0.7710582), (0.6522316, 0.7710582), (0.6522317, 0.7710581), (0.65223163, 0.7710582), (0.9327668, 0.84962744), (0.9327667, 0.84782696), (0.9295962, 0.8468427), (0.9295964, 0.8496276), (0.9218106, 0.849555), (0.9295964, 0.8496276), (0.9295962, 0.8468427), (0.92642546, 0.84706664), (0.91374254, 0.84962744), (0.9169133, 0.8496274), (0.9169134, 0.8468666), (0.9137423, 0.8469876), (0.92346954, 0.8496274), (0.92347306, 0.8476664), (0.9169133, 0.8482548), (0.9169133, 0.84962744), (0.9327668, 0.84962744), (0.93276703, 0.8478347), (0.92959595, 0.8480146), (0.929596, 0.84962744), (0.92346954, 0.8496274), (0.929596, 0.84962744), (0.92959595, 0.8480146), (0.92347306, 0.8476664), (0.9295966, 0.8454001), (0.93276656, 0.84634507), (0.9327666, 0.8443429), (0.9250678, 0.8443429), (0.91691315, 0.8453999), (0.9200839, 0.8463089), (0.9250678, 0.8443429), (0.9160749, 0.8440635), (0.93276674, 0.8496274), (0.9327667, 0.8478283), (0.92959607, 0.84684384), (0.92959607, 0.8496275), (0.92181253, 0.84955466), (0.92959607, 0.8496275), (0.92959607, 0.84684384), (0.9264253, 0.84706616), (0.91374254, 0.84962744), (0.9169134, 0.8496274), (0.9169134, 0.84686697), (0.9137424, 0.8469869), (0.9327668, 0.84962744), (0.93276656, 0.84782743), (0.929596, 0.84811866), (0.92959607, 0.8496274), (0.9218129, 0.849555), (0.92959607, 0.8496274), (0.929596, 0.84811866), (0.92471397, 0.847599), (0.91374254, 0.84962744), (0.9169135, 0.8496276), (0.9169134, 0.8481123), (0.9137427, 0.84767294), (0.9169133, 0.845689), (0.9171909, 0.84434307), (0.9137425, 0.84434295), (0.91374236, 0.8463032), (0.9137427, 0.84767294), (0.9169134, 0.8481123), (0.9169133, 0.845689), (0.91374236, 0.8463032), (0.929596, 0.84811866), (0.9295962, 0.845673), (0.9264254, 0.8463941), (0.92471397, 0.847599), (0.9295962, 0.845673), (0.9327669, 0.84638023), (0.93276674, 0.84434295), (0.92968255, 0.84434307), (0.93276656, 0.84782743), (0.9327669, 0.84638023), (0.9295962, 0.845673), (0.929596, 0.84811866), (0.9169134, 0.8481123), (0.92471397, 0.847599), (0.920084, 0.84638035), (0.9169133, 0.845689), (0.920084, 0.84638035), (0.9264254, 0.8463941), (0.92968255, 0.84434307), (0.9171909, 0.84434307), (0.9327668, 0.84962744), (0.9327668, 0.847829), (0.92959607, 0.8468425), (0.9295962, 0.8496275), (0.9218085, 0.84955406), (0.9295962, 0.8496275), (0.92959607, 0.8468425), (0.92642534, 0.84706664), (0.91374254, 0.84962744), (0.91691333, 0.84962744), (0.9169133, 0.8468659), (0.9137425, 0.84698755), (0.9327668, 0.84962744), (0.93276656, 0.84782803), (0.92959595, 0.84811825), (0.9295963, 0.8496276), (0.92181456, 0.84955454), (0.9295963, 0.8496276), (0.92959595, 0.84811825), (0.9264253, 0.847067), (0.9137425, 0.8496274), (0.9169133, 0.8496274), (0.9169133, 0.84686446), (0.91374254, 0.8469872), (0.93276656, 0.84782803), (0.93276644, 0.84641737), (0.9295963, 0.84572136), (0.92959595, 0.84811825), (0.9327668, 0.84962744), (0.9327667, 0.8477821), (0.9295962, 0.84790766), (0.92959607, 0.8496275), (0.92182255, 0.84955245), (0.92959607, 0.8496275), (0.9295962, 0.84790766), (0.924486, 0.8475374), (0.9169134, 0.8473615), (0.91699755, 0.845147), (0.9137425, 0.8446173), (0.91374266, 0.84645677), (0.92182255, 0.84955245), (0.924486, 0.8475374), (0.9169134, 0.8473615), (0.9169132, 0.8496236), (0.9327668, 0.84962744), (0.9327667, 0.84782934), (0.92959607, 0.84684175), (0.92959607, 0.8496274), (0.9234692, 0.84962744), (0.92959607, 0.8496274), (0.92959607, 0.84684175), (0.9264252, 0.84706473), (0.9327668, 0.84962744), (0.9327666, 0.84782714), (0.92959607, 0.84684706), (0.92959607, 0.8496274), (0.92181075, 0.8495549), (0.92959607, 0.8496274), (0.92959607, 0.84684706), (0.9264256, 0.84706676), (0.91374254, 0.84962744), (0.9169134, 0.8496275), (0.91691333, 0.8468693), (0.9137426, 0.84698784), (0.9234853, 0.8496274), (0.920084, 0.84770954), (0.91691333, 0.8480172), (0.9169135, 0.84962755), (0.93276674, 0.8496274), (0.9327667, 0.8478838), (0.92959595, 0.8479034), (0.9295961, 0.8496275), (0.9234853, 0.8496274), (0.9295961, 0.8496275), (0.92959595, 0.8479034), (0.92642534, 0.8476466), (0.91374254, 0.84962744), (0.9169135, 0.84962755), (0.91691333, 0.8480172), (0.9137424, 0.8477363), (0.92959595, 0.8479034), (0.9327666, 0.8464685), (0.93276685, 0.8443429), (0.9277803, 0.844343), (0.91691333, 0.8480172), (0.9200839, 0.8462926), (0.92008406, 0.8443428), (0.91514575, 0.84434295), (0.93276674, 0.8496274), (0.9327668, 0.8478316), (0.9295961, 0.84684455), (0.92959607, 0.8496274), (0.9218137, 0.84955573), (0.92959607, 0.8496274), (0.9295961, 0.84684455), (0.92642534, 0.8470661), (0.91374254, 0.84962744), (0.9169134, 0.8496275), (0.91691345, 0.8468659), (0.91374266, 0.8469869), (0.9327668, 0.84962744), (0.9327667, 0.84782887), (0.92959595, 0.8481233), (0.9295961, 0.8496275), (0.32039094, 0.5268966), (0.323106, 0.52643955), (0.30836463, 0.55376095), (0.31690848, 0.53270507), (0.9218128, 0.84955496), (0.9295961, 0.8496275), (0.92959595, 0.8481233), (0.92642534, 0.8470663), (0.91374254, 0.84962744), (0.9169133, 0.8496274), (0.91691333, 0.8468654), (0.91374266, 0.84698856), (0.9327667, 0.84782887), (0.9327667, 0.8464173), (0.9295961, 0.8457159), (0.92959595, 0.8481233), (0.6522316, 0.7710581), (0.65223163, 0.7710582), (0.6522316, 0.7710582), (0.6522316, 0.7710582), (0.6522316, 0.7710582), (0.6522315, 0.77105814), (0.6522316, 0.7710582), (0.6522316, 0.7710582), (0.92639226, 0.8496498), (0.92642516, 0.84857047), (0.9200841, 0.8485707), (0.9200917, 0.8496326), (0.92008394, 0.8559687), (0.92642534, 0.8559688), (0.92642534, 0.8533832), (0.920084, 0.8533832), (0.9327796, 0.8496359), (0.9311814, 0.8464746), (0.92959607, 0.8468833), (0.9301832, 0.84962827), (0.926538, 0.84027666), (0.92642534, 0.83675486), (0.92008394, 0.83687323), (0.919912, 0.84033185), (0.9169135, 0.8468815), (0.9180418, 0.84539986), (0.9153281, 0.8452808), (0.9153279, 0.84651774), (0.93029, 0.8454), (0.9325438, 0.84355354), (0.92656654, 0.8433475), (0.92801076, 0.8453999), (0.92959607, 0.8468833), (0.93029, 0.8454), (0.92801076, 0.8453999), (0.92801046, 0.84687424), (0.92639226, 0.8496498), (0.9301832, 0.84962827), (0.92959607, 0.8468833), (0.92801046, 0.84687424), (0.9184987, 0.84689), (0.92008394, 0.8470791), (0.920084, 0.8454), (0.9180418, 0.84539986), (0.9200841, 0.8485707), (0.92008394, 0.8470791), (0.9184987, 0.84689), (0.9200917, 0.8496326), (0.9200841, 0.844343), (0.92642546, 0.84533477), (0.92656654, 0.8433475), (0.92002255, 0.84332484), (0.92008394, 0.8470791), (0.92642546, 0.8470819), (0.9264255, 0.8453999), (0.920084, 0.8454), (0.92642516, 0.84857047), (0.92642546, 0.8470819), (0.92008394, 0.8470791), (0.9200841, 0.8485707), (0.9200841, 0.8321598), (0.92642534, 0.83235455), (0.92642534, 0.83060324), (0.920084, 0.83060324), (0.9200839, 0.833774), (0.92642534, 0.8337741), (0.92642534, 0.83235455), (0.9200841, 0.8321598), (0.92642534, 0.83675486), (0.92642534, 0.83429813), (0.92008406, 0.8342944), (0.92008394, 0.83687323), (0.92002255, 0.84332484), (0.92656654, 0.8433475), (0.9293695, 0.84322953), (0.91713786, 0.84320307), (0.92642534, 0.8522129), (0.92642546, 0.8522129), (0.9200841, 0.8522131), (0.9200839, 0.8522129), (0.92642546, 0.8522129), (0.92639226, 0.8496498), (0.9200917, 0.8496326), (0.9200841, 0.8522131), (0.92642516, 0.84857047), (0.92639226, 0.8496498), (0.92801046, 0.84687424), (0.92642546, 0.8470819), (0.92801046, 0.84687424), (0.92801076, 0.8453999), (0.9264255, 0.8453999), (0.92642546, 0.8470819), (0.9200917, 0.8496326), (0.9184987, 0.84689), (0.9169135, 0.8468815), (0.91746145, 0.84962595), (0.93018126, 0.8496274), (0.93018126, 0.8496275), (0.9295962, 0.84958), (0.92959607, 0.8495798), (0.9264253, 0.8533832), (0.920084, 0.8533833), (0.920084, 0.8533832), (0.92642534, 0.8533832), (0.93018126, 0.8496275), (0.9301832, 0.84962827), (0.9293554, 0.8495996), (0.9295962, 0.84958), (0.9169134, 0.84957993), (0.9174877, 0.849627), (0.91746145, 0.84962595), (0.9166732, 0.84959936), (0.9264252, 0.8522229), (0.92642534, 0.8522129), (0.920084, 0.8522129), (0.920084, 0.85225075), (0.9169132, 0.84957975), (0.9174604, 0.8496255), (0.9174833, 0.8496267), (0.916913, 0.8495796), (0.92642534, 0.8522129), (0.92642534, 0.8522129), (0.9200839, 0.8522129), (0.920084, 0.8522129), (0.92642516, 0.8533832), (0.92008394, 0.8533832), (0.920084, 0.8533833), (0.9264253, 0.8533832), (0.92642546, 0.8533833), (0.920084, 0.85338324), (0.92008394, 0.8533832), (0.92642516, 0.8533832), (0.9301812, 0.8496274), (0.93018126, 0.8496274), (0.92959607, 0.8495798), (0.9295961, 0.84958017), (0.92639226, 0.8496495), (0.92642546, 0.8485705), (0.92008406, 0.8485706), (0.9200877, 0.84962994), (0.92008394, 0.8559687), (0.92642534, 0.8559688), (0.92642534, 0.8533833), (0.920084, 0.8533832), (0.93278015, 0.8496363), (0.93118143, 0.8465363), (0.9295962, 0.84688276), (0.93018275, 0.84962785), (0.91667306, 0.84959924), (0.91747075, 0.84962654), (0.91691333, 0.8469534), (0.91374254, 0.84962755), (0.9153279, 0.84711516), (0.92653954, 0.8402781), (0.92642546, 0.83675396), (0.9200839, 0.836873), (0.91990954, 0.84033453), (0.91691333, 0.8469534), (0.91793096, 0.84539974), (0.915328, 0.8452786), (0.9153279, 0.84711516), (0.92639226, 0.8496495), (0.93018275, 0.84962785), (0.9295962, 0.84688276), (0.9280106, 0.8468753), (0.91849875, 0.84689236), (0.9200839, 0.84708154), (0.9200839, 0.84539986), (0.91793096, 0.84539974), (0.92008406, 0.8485706), (0.9200839, 0.84708154), (0.91849875, 0.84689236), (0.9200877, 0.84962994), (0.92008364, 0.84434265), (0.9264251, 0.8443427), (0.9265658, 0.8433471), (0.92002565, 0.8433241), (0.9293663, 0.84322715), (0.91714096, 0.8432005), (0.9200839, 0.84708154), (0.9264251, 0.84708387), (0.92642546, 0.8454), (0.9200839, 0.84539986), (0.92642546, 0.8485705), (0.9264251, 0.84708387), (0.9200839, 0.84708154), (0.92008406, 0.8485706), (0.92008406, 0.83215976), (0.9264252, 0.83235466), (0.9264253, 0.8306032), (0.920084, 0.83060324), (0.920084, 0.8342294), (0.92642534, 0.8341975), (0.9264252, 0.83235466), (0.92008406, 0.83215976), (0.92642546, 0.83675396), (0.92642534, 0.8341975), (0.920084, 0.8342294), (0.9200839, 0.836873), (0.92642534, 0.8522129), (0.9264253, 0.8522129), (0.920084, 0.8522129), (0.9200841, 0.852213), (0.9264253, 0.8522129), (0.92639226, 0.8496495), (0.9200877, 0.84962994), (0.920084, 0.8522129), (0.92642546, 0.8485705), (0.92639226, 0.8496495), (0.9280106, 0.8468753), (0.9264251, 0.84708387), (0.9280106, 0.8468753), (0.9285337, 0.84539974), (0.92642546, 0.8454), (0.9264251, 0.84708387), (0.9264254, 0.85338324), (0.920084, 0.8533832), (0.920084, 0.8533832), (0.92642534, 0.8533833), (0.93018144, 0.8496275), (0.93018275, 0.84962785), (0.9293555, 0.8495995), (0.9295962, 0.8495798), (0.9169133, 0.8495798), (0.91748786, 0.84962696), (0.91747075, 0.84962654), (0.91667306, 0.84959924), (0.9264253, 0.85221285), (0.92642534, 0.8522129), (0.9200841, 0.852213), (0.9200841, 0.852213), (0.9264418, 0.8533637), (0.92008394, 0.8533832), (0.920084, 0.8533832), (0.9264254, 0.85338324), (0.92642546, 0.8496275), (0.9264255, 0.8478743), (0.920084, 0.84806395), (0.9200963, 0.8496356), (0.9200839, 0.85596865), (0.92642534, 0.8559688), (0.92642534, 0.8533833), (0.9200841, 0.8533833), (0.9174743, 0.8496259), (0.916332, 0.8476599), (0.9137424, 0.8492061), (0.91667306, 0.8495994), (0.9197716, 0.8441358), (0.92742926, 0.8442765), (0.92650026, 0.84329796), (0.9201066, 0.8432879), (0.9153279, 0.84644455), (0.916332, 0.8476599), (0.91691333, 0.8458484), (0.91374254, 0.847105), (0.920084, 0.84601927), (0.9264253, 0.84607124), (0.92742926, 0.8442765), (0.91976666, 0.84455454), (0.9264255, 0.8478743), (0.9264253, 0.84607124), (0.920084, 0.84601927), (0.920084, 0.84806395), (0.92008394, 0.83312553), (0.92642534, 0.8331202), (0.9264252, 0.83126247), (0.920084, 0.8310244), (0.9264253, 0.8358877), (0.92642534, 0.83381253), (0.920084, 0.83378685), (0.92008406, 0.83687407), (0.92642534, 0.8522129), (0.92642546, 0.8496275), (0.9200963, 0.8496356), (0.92008424, 0.852213), (0.92959595, 0.8468823), (0.93118113, 0.8465126), (0.93240124, 0.8445865), (0.9292178, 0.8454), (0.92642546, 0.8496275), (0.92935395, 0.8495995), (0.92801046, 0.84706545), (0.9264255, 0.8478743), (0.92642534, 0.8533833), (0.920084, 0.85338336), (0.9200841, 0.8533833), (0.92642534, 0.8533833), (0.9169133, 0.8495798), (0.9174868, 0.8496267), (0.9174743, 0.8496259), (0.91667306, 0.8495994), (0.9264253, 0.85221285), (0.92642546, 0.8522129), (0.9200841, 0.852213), (0.9172002, 0.8496036), (0.92644095, 0.85336506), (0.92008394, 0.8533832), (0.920084, 0.85338336), (0.92642534, 0.8533833), (0.93118113, 0.8465126), (0.9327667, 0.8471105), (0.92008394, 0.83312553), (0.9153279, 0.84644455), (0.93118113, 0.8465126), (0.9153279, 0.84644455), (0.920084, 0.83378685), (0.92642534, 0.83381253), (0.9200839, 0.84539986), (0.92642546, 0.8454), (0.9285337, 0.84539974), (0.91793096, 0.84539974), (0.6522316, 0.7710583), (0.6522317, 0.7710582), (0.65223163, 0.7710582), (0.6522316, 0.7710581), (0.6522317, 0.7710582), (0.6522317, 0.7710582), (0.6522318, 0.7710584), (0.65223163, 0.7710582), (0.65223175, 0.7710585), (0.6522317, 0.7710582), (0.6522316, 0.7710582), (0.6522317, 0.77105844), (0.6522316, 0.7710582), (0.6522316, 0.7710581), (0.6522317, 0.7710582), (0.6522317, 0.7710582), (0.92639256, 0.8496496), (0.9264252, 0.84857035), (0.9200841, 0.84857064), (0.9200919, 0.8496327), (0.92008394, 0.8559687), (0.9264253, 0.8559687), (0.92642534, 0.8533832), (0.92008376, 0.85338306), (0.93277985, 0.8496362), (0.9311814, 0.8464749), (0.9295958, 0.8468822), (0.9301831, 0.84962815), (0.9171988, 0.84743345), (0.9153279, 0.8465261), (0.91374266, 0.8496275), (0.9166732, 0.84959936), (0.9265375, 0.8402749), (0.92642546, 0.83694476), (0.920084, 0.8368736), (0.9199122, 0.84033096), (0.92639256, 0.8496496), (0.9301831, 0.84962815), (0.9295958, 0.8468822), (0.9280106, 0.84751344), (0.9171988, 0.84743345), (0.920084, 0.8474459), (0.9200839, 0.84539986), (0.91849846, 0.8453998), (0.9200841, 0.84857064), (0.9231783, 0.8475137), (0.91849864, 0.8475135), (0.9200919, 0.8496327), (0.920084, 0.8443429), (0.9264255, 0.8453351), (0.92656547, 0.8433474), (0.920023, 0.84332454), (0.920084, 0.8474459), (0.92642534, 0.847437), (0.9264404, 0.8454099), (0.9200839, 0.84539986), (0.92008406, 0.832162), (0.92642534, 0.8323566), (0.92642534, 0.83060324), (0.920084, 0.83060324), (0.92008394, 0.8337739), (0.9264252, 0.833774), (0.92642534, 0.8323566), (0.92008406, 0.832162), (0.92642534, 0.8358877), (0.9264254, 0.8346072), (0.9200841, 0.83460695), (0.920084, 0.8368736), (0.920023, 0.84332454), (0.92656547, 0.8433474), (0.92937046, 0.8432298), (0.9171373, 0.8432033), (0.92642534, 0.85221285), (0.9264253, 0.8522129), (0.9200843, 0.85221314), (0.920084, 0.8522129), (0.9264253, 0.8522129), (0.92639256, 0.8496496), (0.9200919, 0.8496327), (0.9200843, 0.85221314), (0.9295958, 0.8468822), (0.9311814, 0.8464749), (0.93236446, 0.8446108), (0.9283969, 0.84539986), (0.9264252, 0.84857035), (0.92639256, 0.8496496), (0.9280106, 0.84751344), (0.9231783, 0.8475137), (0.9301814, 0.8496276), (0.93018126, 0.8496274), (0.9295962, 0.8495799), (0.9295961, 0.8495799), (0.92642534, 0.8533832), (0.9200841, 0.8533833), (0.92008376, 0.85338306), (0.92642534, 0.8533832), (0.93018126, 0.8496274), (0.9301831, 0.84962815), (0.9293554, 0.84959954), (0.9295962, 0.8495799), (0.9169133, 0.8495798), (0.9174881, 0.8496269), (0.9174849, 0.84962684), (0.9166732, 0.84959936), (0.92642504, 0.85222274), (0.92642546, 0.85221297), (0.920084, 0.8522129), (0.9200838, 0.8522505), (0.9169133, 0.8495798), (0.91748357, 0.8496268), (0.9174881, 0.8496269), (0.9169133, 0.8495798), (0.92642546, 0.85221297), (0.92642534, 0.85221285), (0.920084, 0.8522129), (0.920084, 0.8522129), (0.9264252, 0.8533832), (0.9200839, 0.8533832), (0.9200841, 0.8533833), (0.92642534, 0.8533832), (0.9200839, 0.84539986), (0.9264404, 0.8454099), (0.9283969, 0.84539986), (0.91849846, 0.8453998), (0.920084, 0.8474459), (0.91849864, 0.8475135), (0.9280106, 0.84751344), (0.92642534, 0.847437), (0.9311814, 0.8464749), (0.9153279, 0.8465261), (0.9200841, 0.83460695), (0.9264254, 0.8346072), (0.9311814, 0.8464749), (0.9327667, 0.84645677), (0.92008394, 0.8337739), (0.9153279, 0.8465261), (0.92642546, 0.8496276), (0.92642546, 0.84857047), (0.92008424, 0.8485706), (0.92009616, 0.8496355), (0.93276674, 0.8496274), (0.9327667, 0.847876), (0.9311814, 0.84778666), (0.930178, 0.84962714), (0.92008394, 0.8559687), (0.9264252, 0.85596865), (0.92642534, 0.8533833), (0.920084, 0.8533833), (0.9169133, 0.84761626), (0.91532797, 0.8471174), (0.91374254, 0.8496276), (0.9174744, 0.84962606), (0.9311814, 0.84778666), (0.9327667, 0.847876), (0.9327667, 0.8460349), (0.9311813, 0.8460872), (0.91849864, 0.84689116), (0.920084, 0.84707916), (0.920084, 0.84539986), (0.9184986, 0.84539974), (0.92008424, 0.8485706), (0.920084, 0.84707916), (0.91849864, 0.84689116), (0.92009616, 0.8496355), (0.9200839, 0.8443428), (0.92642534, 0.8443428), (0.926568, 0.8433474), (0.9200284, 0.843323), (0.9293686, 0.8432289), (0.91714025, 0.8432016), (0.920084, 0.84707916), (0.9264253, 0.8470814), (0.9264252, 0.84539986), (0.920084, 0.84539986), (0.92642546, 0.84857047), (0.9264253, 0.8470814), (0.920084, 0.84707916), (0.92008424, 0.8485706), (0.920084, 0.8321593), (0.9264254, 0.83235466), (0.9264253, 0.8306032), (0.920084, 0.83060324), (0.9200841, 0.8342278), (0.92642534, 0.834196), (0.9264254, 0.83235466), (0.920084, 0.8321593), (0.9264252, 0.83675474), (0.92642534, 0.834196), (0.9200841, 0.8342278), (0.92008406, 0.8368735), (0.92642534, 0.8522129), (0.9264253, 0.8522129), (0.920084, 0.8522129), (0.920084, 0.8522129), (0.9264253, 0.8522129), (0.92642546, 0.8496276), (0.92009616, 0.8496355), (0.920084, 0.8522129), (0.92801064, 0.8470667), (0.9285332, 0.84539986), (0.9264252, 0.84539986), (0.9264253, 0.8470814), (0.92642546, 0.8496276), (0.9293536, 0.8495993), (0.92801064, 0.8470667), (0.92642546, 0.84857047), (0.9264254, 0.85338324), (0.920084, 0.8533832), (0.920084, 0.8533833), (0.92642534, 0.8533833), (0.9264404, 0.85336536), (0.920084, 0.8533832), (0.9264254, 0.85338324), (0.9200838, 0.85338306), (0.9169133, 0.8495798), (0.91748714, 0.84962696), (0.9174744, 0.84962606), (0.9166732, 0.84959936), (0.920084, 0.84539986), (0.9264252, 0.84539986), (0.9285332, 0.84539986), (0.9184986, 0.84539974), (0.9311814, 0.8464746), (0.9153279, 0.84651774), (0.92008406, 0.8342944), (0.92642534, 0.83429813), (0.9311814, 0.8464746), (0.9327667, 0.84645677), (0.9200839, 0.833774), (0.9153279, 0.84651774), (0.92008394, 0.8559687), (0.92642534, 0.8559688), (0.92642534, 0.8533832), (0.920084, 0.8533832), (0.9327797, 0.8496361), (0.9311813, 0.8464745), (0.9289963, 0.84687936), (0.93018293, 0.84962815), (0.91755307, 0.84688604), (0.9180416, 0.84539986), (0.91532815, 0.8452804), (0.91532797, 0.846518), (0.91755307, 0.84688604), (0.92008394, 0.847078), (0.920084, 0.8454), (0.9180416, 0.84539986), (0.92008406, 0.84533674), (0.92642546, 0.84533435), (0.92656726, 0.8433477), (0.9200223, 0.8433249), (0.92008394, 0.847078), (0.92642546, 0.8470819), (0.9264255, 0.8453999), (0.920084, 0.8454), (0.92641103, 0.84903765), (0.92642546, 0.8470819), (0.92008394, 0.847078), (0.920089, 0.84924465), (0.9200841, 0.83215773), (0.92642534, 0.8323537), (0.92642534, 0.83060324), (0.920084, 0.83060324), (0.9200839, 0.833774), (0.92642534, 0.8337741), (0.92642534, 0.8323537), (0.9200841, 0.83215773), (0.9264252, 0.8358877), (0.92642534, 0.8342978), (0.920084, 0.8342942), (0.92008394, 0.8368735), (0.92642534, 0.8522129), (0.92642546, 0.8522129), (0.9200841, 0.8522131), (0.9200839, 0.8522129), (0.92642546, 0.8522129), (0.92641103, 0.84903765), (0.920089, 0.84924465), (0.9200841, 0.8522131), (0.9289963, 0.84687936), (0.9311813, 0.8464745), (0.9323665, 0.84460956), (0.9283955, 0.8454), (0.9289963, 0.84687936), (0.9283955, 0.8454), (0.9264255, 0.8453999), (0.92642546, 0.8470819), (0.93018126, 0.8496274), (0.93018126, 0.8496275), (0.9295962, 0.84958), (0.92959607, 0.8495798), (0.9264253, 0.8533832), (0.920084, 0.8533833), (0.920084, 0.8533832), (0.92642534, 0.8533832), (0.93018126, 0.8496275), (0.93018293, 0.84962815), (0.92935526, 0.8495996), (0.9295962, 0.84958), (0.9169134, 0.84957993), (0.9174881, 0.84962696), (0.91746116, 0.849626), (0.9166732, 0.84959936), (0.9264252, 0.852223), (0.92642534, 0.8522129), (0.920084, 0.8522129), (0.920084, 0.85225016), (0.9169132, 0.84957975), (0.917461, 0.8496255), (0.91748285, 0.8496268), (0.916913, 0.8495796), (0.92642534, 0.8522129), (0.92642534, 0.8522129), (0.9200839, 0.8522129), (0.920084, 0.8522129), (0.92642516, 0.8533832), (0.92008394, 0.8533832), (0.920084, 0.8533833), (0.9264253, 0.8533832), (0.92642546, 0.8533833), (0.920084, 0.85338324), (0.92008394, 0.8533832), (0.92642516, 0.8533832), (0.9301812, 0.8496274), (0.93018126, 0.8496274), (0.92959607, 0.8495798), (0.9295961, 0.84958017), (0.9311813, 0.8464745), (0.91532797, 0.846518), (0.920084, 0.8342942), (0.92642534, 0.8342978), (0.9311813, 0.8464745), (0.9327667, 0.84645677), (0.9200839, 0.833774), (0.91532797, 0.846518), (0.68540674, 0.49281317), (0.6893096, 0.49281314), (0.68930954, 0.48695874), (0.6854068, 0.48695886), (0.68531096, 0.40210193), (0.6892135, 0.40210176), (0.6913668, 0.45684424), (0.68746394, 0.4568442), (0.683561, 0.4509897), (0.687464, 0.4509899), (0.6893096, 0.49281314), (0.68540674, 0.49281317), (0.69321233, 0.4928131), (0.6913668, 0.45098984), (0.69526994, 0.45099002), (0.6971154, 0.49281326), (0.69321233, 0.4928131), (0.6932126, 0.48695886), (0.68930954, 0.48695874), (0.6893096, 0.49281314), (0.68140787, 0.40210193), (0.68531096, 0.40210193), (0.68746394, 0.4568442), (0.68356127, 0.45684433), (0.68150383, 0.49281326), (0.68540674, 0.49281317), (0.6854068, 0.48695886), (0.68150365, 0.4869588), (0.68356127, 0.45684433), (0.68746394, 0.4568442), (0.687464, 0.4509899), (0.683561, 0.4509897), (0.6796582, 0.4509899), (0.683561, 0.4509897), (0.68540674, 0.49281317), (0.68150383, 0.49281326), (0.67760086, 0.49281326), (0.68150383, 0.49281326), (0.68150365, 0.4869588), (0.6776006, 0.4869587), (0.67750484, 0.40210176), (0.68140787, 0.40210193), (0.68356127, 0.45684433), (0.6796583, 0.4568444), (0.673602, 0.40210187), (0.67750484, 0.40210176), (0.6796583, 0.4568444), (0.6757552, 0.45684427), (0.68356127, 0.45684433), (0.683561, 0.4509897), (0.6796582, 0.4509899), (0.6796583, 0.4568444), (0.6757554, 0.45099002), (0.6796582, 0.4509899), (0.68150383, 0.49281326), (0.67760086, 0.49281326), (0.6736979, 0.49281317), (0.67760086, 0.49281326), (0.6776006, 0.4869587), (0.6736977, 0.4869588), (0.6657963, 0.4021018), (0.6696992, 0.40210193), (0.67185223, 0.45684427), (0.6679494, 0.45684427), (0.6796583, 0.4568444), (0.6796582, 0.4509899), (0.6757554, 0.45099002), (0.6757552, 0.45684427), (0.6696992, 0.40210193), (0.673602, 0.40210187), (0.6757552, 0.45684427), (0.67185223, 0.45684427), (0.6736979, 0.49281317), (0.6736977, 0.4869588), (0.66979516, 0.48695883), (0.6697952, 0.49273437), (0.67185223, 0.45684427), (0.6757552, 0.45684427), (0.6757554, 0.45099002), (0.67185223, 0.45099), (0.67185223, 0.45099), (0.6757554, 0.45099002), (0.67760086, 0.49281326), (0.6736979, 0.49281317), (0.66979516, 0.48695883), (0.665892, 0.4869588), (0.6658921, 0.4928132), (0.6697952, 0.49273437), (0.66189337, 0.40210187), (0.6657963, 0.4021018), (0.6679494, 0.45684427), (0.6640464, 0.45684424), (0.6679494, 0.45684427), (0.67185223, 0.45684427), (0.67185223, 0.45099), (0.6679494, 0.45098987), (0.6736979, 0.49281317), (0.6697952, 0.49273437), (0.6679494, 0.45098987), (0.67185223, 0.45099), (0.6619891, 0.49281317), (0.6658921, 0.4928132), (0.665892, 0.4869588), (0.6619892, 0.48695886), (0.6579903, 0.40210184), (0.66189337, 0.40210187), (0.6640464, 0.45684424), (0.6601434, 0.4568442), (0.6640464, 0.45684424), (0.6679494, 0.45684427), (0.6679494, 0.45098987), (0.66404647, 0.45098987), (0.6697952, 0.49273437), (0.6658921, 0.4928132), (0.66404647, 0.45098987), (0.6679494, 0.45098987), (0.6562407, 0.45684427), (0.6601434, 0.4568442), (0.66014355, 0.4509899), (0.6562407, 0.4509899), (0.65808606, 0.49281305), (0.6619891, 0.49281317), (0.6619892, 0.48695886), (0.65808624, 0.48695883), (0.6601434, 0.4568442), (0.6640464, 0.45684424), (0.66404647, 0.45098987), (0.66014355, 0.4509899), (0.66014355, 0.4509899), (0.66404647, 0.45098987), (0.6658921, 0.4928132), (0.6619891, 0.49281317), (0.6540875, 0.40210184), (0.6579903, 0.40210184), (0.6601434, 0.4568442), (0.6562407, 0.45684427), (0.7049213, 0.49281323), (0.70492125, 0.48695883), (0.70101833, 0.48695886), (0.70101815, 0.4928132), (0.6991726, 0.45684427), (0.70307565, 0.45684427), (0.70307565, 0.4509899), (0.6991725, 0.4509899), (0.6562407, 0.4509899), (0.66014355, 0.4509899), (0.6619891, 0.49281317), (0.65808606, 0.49281305), (0.6970196, 0.4021019), (0.7009225, 0.40210187), (0.70307565, 0.45684427), (0.6991726, 0.45684427), (0.6952697, 0.4568442), (0.6991726, 0.45684427), (0.6991725, 0.4509899), (0.69526994, 0.45099002), (0.6971154, 0.49281326), (0.70101815, 0.4928132), (0.70101833, 0.48695886), (0.6971153, 0.4869588), (0.6991725, 0.4509899), (0.70307565, 0.4509899), (0.7049213, 0.49281323), (0.70101815, 0.4928132), (0.6913668, 0.45684424), (0.6952697, 0.4568442), (0.69526994, 0.45099002), (0.6913668, 0.45098984), (0.69526994, 0.45099002), (0.6991725, 0.4509899), (0.70101815, 0.4928132), (0.6971154, 0.49281326), (0.69311655, 0.4021019), (0.6970196, 0.4021019), (0.6991726, 0.45684427), (0.6952697, 0.4568442), (0.68746394, 0.4568442), (0.6913668, 0.45684424), (0.6913668, 0.45098984), (0.687464, 0.4509899), (0.69321233, 0.4928131), (0.6971154, 0.49281326), (0.6971153, 0.4869588), (0.6932126, 0.48695886), (0.69311655, 0.4021019), (0.6952697, 0.4568442), (0.6913668, 0.45684424), (0.6892135, 0.40210176), (0.687464, 0.4509899), (0.6913668, 0.45098984), (0.69321233, 0.4928131), (0.6893096, 0.49281314), (0.929596, 0.8468843), (0.92801064, 0.8470667), (0.9293536, 0.8495993), (0.930178, 0.84962714)] (
        customData = {
            string sourceMember = "ArbitraryPrimvars"
        }
        elementSize = 1
        interpolation = "varying"
    )
    float4[] primvars:tangents = [(0.44475043, 0.86255836, 0.24122635, 1), (0.44475043, 0.86255836, 0.24122633, 1), (0.44475043, 0.86255836, 0.24122633, 1), (-0.24450165, 0.71745646, 0.6522846, -1), (-0.24450162, 0.71745646, 0.6522846, -1), (-0.24450165, 0.71745646, 0.6522846, -1), (-0.30429754, 0.68458825, 0.66237587, -1), (-0.30429757, 0.68458825, 0.66237587, -1), (-0.30429754, 0.68458825, 0.66237587, -1), (-0.4872942, 0.58078295, 0.6521009, -1), (-0.4872941, 0.58078295, 0.65210086, -1), (-0.48729417, 0.58078295, 0.65210086, -1), (-0.47974816, 0.63277495, -0.6078138, 1), (-0.47974816, 0.6327749, -0.6078137, 1), (-0.47974816, 0.63277495, -0.6078138, 1), (0.94720566, 0.07557079, -0.3115933, -1), (0.94720566, 0.07557079, -0.3115933, -1), (0.94720566, 0.07557079, -0.3115933, -1), (-0.96910906, 0.17880115, 0.16987567, -1), (-0.96910906, 0.17880118, 0.16987567, -1), (-0.96910906, 0.17880115, 0.16987567, -1), (0.2357812, -0.48736304, 0.8407642, 1), (0.23578122, -0.487363, 0.8407642, 1), (0.23578121, -0.48736298, 0.8407643, 1), (-0.95800865, 0.123003125, 0.25901684, -1), (-0.95800865, 0.123003125, 0.2590168, -1), (-0.95800865, 0.123003125, 0.25901684, -1), (-0.94646925, 0.22803123, 0.22846828, -1), (-0.94646925, 0.22803122, 0.22846825, -1), (-0.94646925, 0.22803122, 0.22846825, -1), (-0.8666239, -0.47834325, 0.14195314, -1), (-0.8666239, -0.47834325, 0.14195314, -1), (-0.8666239, -0.4783433, 0.14195316, -1), (-0.9373149, 0.2581484, 0.23409429, 1), (-0.9373149, 0.2581484, 0.23409429, 1), (-0.9373149, 0.2581484, 0.23409426, 1), (0.2733561, -0.49182227, 0.82667243, -1), (0.2733561, -0.49182227, 0.82667243, -1), (0.27335608, -0.49182227, 0.82667243, -1), (0.61874425, 0.76886034, -0.16127412, -1), (0.6187442, 0.76886034, -0.16127412, -1), (0.61874425, 0.76886034, -0.16127412, -1), (-0.94328403, -0.33169347, 0.013946487, 1), (-0.94328403, -0.33169347, 0.013946487, 1), (-0.94328403, -0.3316935, 0.013946487, 1), (-0.97573507, 0.12579904, 0.17920862, -1), (-0.97573507, 0.12579904, 0.17920859, -1), (-0.97573507, 0.12579904, 0.17920859, -1), (-0.8875314, -0.25097662, -0.386392, 1), (-0.8875314, -0.25097662, -0.386392, 1), (-0.8875314, -0.25097662, -0.386392, 1), (-0.6360352, -0.6770596, -0.37020186, -1), (-0.63603526, -0.6770596, -0.37020195, -1), (-0.63603526, -0.6770596, -0.37020192, -1), (-0.73614234, -0.65127, -0.18423334, 1), (-0.73614234, -0.65127, -0.18423334, 1), (-0.73614234, -0.65127, -0.18423334, 1), (-0.57861596, -0.79015076, -0.20215146, -1), (-0.57861596, -0.79015076, -0.20215146, -1), (-0.57861596, -0.79015076, -0.20215146, -1), (-0.06691319, -0.9855822, -0.15540434, -1), (-0.06691319, -0.9855822, -0.15540436, -1), (-0.06691319, -0.9855822, -0.15540434, -1), (-0.4345244, -0.88829005, -0.14875919, 1), (-0.43452442, -0.88829005, -0.14875919, 1), (-0.4345244, -0.88829005, -0.1487592, 1), (-0.43032327, -0.4053144, 0.80656195, 1), (-0.4303232, -0.4053144, 0.80656195, 1), (-0.43032327, -0.4053144, 0.80656195, 1), (-0.988352, 0.07770951, -0.13084921, -1), (-0.988352, 0.07770952, -0.13084921, -1), (-0.988352, 0.07770952, -0.13084923, -1), (0.41305995, 0.48222482, -0.7725546, -1), (0.41305992, 0.48222482, -0.7725546, -1), (0.41305995, 0.48222488, -0.7725546, -1), (0.57605475, -0.8149522, -0.063355066, 1), (0.57605475, -0.8149522, -0.063355066, 1), (0.57605475, -0.8149522, -0.063355066, 1), (0.5574964, -0.796072, -0.23551464, -1), (0.5574964, -0.796072, -0.23551464, -1), (0.5574963, -0.79607207, -0.23551463, -1), (-0.25503722, -0.65801245, -0.7085025, 1), (-0.25503722, -0.6580125, -0.7085024, 1), (-0.25503722, -0.65801245, -0.7085024, 1), (-0.22781906, 0.62199926, -0.74914306, 1), (-0.22781906, 0.62199926, -0.7491431, 1), (-0.22781906, 0.6219992, -0.7491431, 1), (0.15813583, 0.3054837, -0.9389743, 1), (0.15813582, 0.3054837, -0.9389743, 1), (0.15813583, 0.3054837, -0.9389743, 1), (-0.37469372, 0.5997946, -0.70700145, -1), (-0.37469372, 0.59979457, -0.70700145, -1), (-0.37469372, 0.5997946, -0.70700145, -1), (0.20360895, 0.54761887, -0.8115769, -1), (0.20360899, 0.54761887, -0.8115769, -1), (0.20360899, 0.54761887, -0.8115769, -1), (0.51726353, 0.4551012, -0.72479063, 1), (0.51726353, 0.4551012, -0.72479063, 1), (0.51726353, 0.4551012, -0.7247906, 1), (0.18505222, -0.8702689, -0.4564951, 1), (0.18505222, -0.8702689, -0.45649514, 1), (0.18505222, -0.8702689, -0.4564951, 1), (0.6249068, -0.5824066, 0.5198981, -1), (0.62490684, -0.5824066, 0.5198981, -1), (0.6249069, -0.5824066, 0.5198981, -1), (-0.19662815, -0.8005154, -0.5661382, 1), (-0.19662815, -0.8005154, -0.5661382, 1), (-0.19662815, -0.8005154, -0.5661382, 1), (0.9742604, -0.15584064, 0.16288172, -1), (0.9742604, -0.15584067, 0.16288173, -1), (0.9742604, -0.15584065, 0.16288173, -1), (0.9032725, -0.31176957, -0.29478526, 1), (0.9032725, -0.31176957, -0.29478526, 1), (0.9032725, -0.31176957, -0.29478526, 1), (0.96680945, 0.012275537, 0.2552036, -1), (0.96680945, 0.012275534, 0.2552036, -1), (0.96680945, 0.012275535, 0.2552036, -1), (0.9455703, 0.016841767, 0.32498172, -1), (0.9455703, 0.016841767, 0.32498172, -1), (0.9455703, 0.016841765, 0.32498166, -1), (0.98845685, -0.022383103, 0.14984024, 1), (0.98845685, -0.022383103, 0.14984024, 1), (0.98845685, -0.0223831, 0.14984024, 1), (-0.5184112, -0.85458106, 0.030676251, -1), (-0.5184112, -0.85458106, 0.030676248, -1), (-0.5184112, -0.85458106, 0.030676248, -1), (-0.45576936, -0.7301912, 0.5090139, -1), (-0.45576936, -0.7301912, 0.50901383, -1), (-0.45576936, -0.7301912, 0.5090139, -1), (0.23662978, -0.67972136, -0.6942516, 1), (0.2366298, -0.6797213, -0.69425166, 1), (0.2366298, -0.6797213, -0.6942516, 1), (0.20115903, -0.42110258, 0.88442504, 1), (0.20115903, -0.42110258, 0.88442504, 1), (0.20115902, -0.42110258, 0.88442504, 1), (0.44549543, 0.25178817, -0.85914874, -1), (0.44549543, 0.25178817, -0.8591486, -1), (0.44549543, 0.2517882, -0.85914874, -1), (0.6093755, 0.44897535, 0.6535156, -1), (0.6093755, 0.44897535, 0.6535156, -1), (0.6093755, 0.44897535, 0.6535156, -1), (0.58622855, 0.5038411, 0.6344132, -1), (0.58622855, 0.5038411, 0.63441324, -1), (0.58622855, 0.5038411, 0.63441324, -1), (-0.19834472, -0.54600686, 0.81396306, 1), (-0.19834472, -0.54600686, 0.81396306, 1), (-0.19834472, -0.54600686, 0.81396306, 1), (0.86679107, 0.4822767, 0.12681654, -1), (0.86679107, 0.4822767, 0.12681654, -1), (0.86679107, 0.4822767, 0.12681654, -1), (0.07777979, 0.4900722, 0.8682047, -1), (0.07777979, 0.4900722, 0.8682047, -1), (0.07777979, 0.4900722, 0.8682047, -1), (0.68272316, 0.51263, 0.5206723, 1), (0.68272316, 0.5126299, 0.52067226, 1), (0.68272316, 0.51263, 0.52067226, 1), (0.117481194, 0.49322808, 0.86193043, 1), (0.117481194, 0.49322814, 0.86193043, 1), (0.11748118, 0.49322808, 0.86193043, 1), (-0.23819676, 0.72503036, 0.64621454, 1), (-0.23819678, 0.7250304, 0.64621454, 1), (-0.23819678, 0.7250304, 0.64621454, 1), (0.9158888, 0.3668496, -0.16300035, 1), (0.9158888, 0.3668495, -0.16300035, 1), (0.9158888, 0.36684957, -0.16300036, 1), (0.49189723, 0.45302305, -0.74351007, -1), (0.49189723, 0.45302305, -0.74351007, -1), (0.49189723, 0.45302305, -0.74351007, -1), (-0.093695246, 0.92788124, 0.360912, 1), (-0.09369525, 0.92788124, 0.360912, 1), (-0.09369526, 0.92788124, 0.360912, 1), (-0.86388177, 0.18077807, 0.47013563, -1), (-0.86388177, 0.18077807, 0.47013563, -1), (-0.8638818, 0.18077809, 0.47013563, -1), (-0.9598904, 0.15546663, 0.23332508, 1), (-0.9598904, 0.15546663, 0.23332503, 1), (-0.9598904, 0.15546663, 0.23332506, 1), (0.504673, 0.45813584, -0.7317218, 1), (0.50467294, 0.45813578, -0.7317218, 1), (0.50467294, 0.45813578, -0.7317218, 1), (-0.10254483, 0.53072816, -0.84131575, 1), (-0.10254483, 0.53072816, -0.84131575, 1), (-0.102544814, 0.5307281, -0.84131575, 1), (-0.36824724, 0.56423014, 0.73894405, 1), (-0.36824724, 0.56423014, 0.73894405, 1), (-0.36824724, 0.56423014, 0.73894405, 1), (-0.10862557, 0.4551881, -0.8837444, -1), (-0.10862557, 0.4551881, -0.8837444, -1), (-0.10862557, 0.4551881, -0.8837444, -1), (-0.017471654, 0.9216498, 0.3876291, -1), (-0.017471654, 0.9216498, 0.38762915, -1), (-0.017471654, 0.9216498, 0.38762915, -1), (-0.9305354, 0.36613065, -0.007227574, 1), (-0.9305354, 0.36613062, -0.007227574, 1), (-0.9305354, 0.36613068, -0.007227574, 1), (-0.9940221, -0.10637224, -0.024600169, -1), (-0.9940221, -0.10637223, -0.024600172, -1), (-0.9940221, -0.106372215, -0.024600169, -1), (-0.97529083, -0.18626955, 0.1187919, 1), (-0.97529083, -0.18626955, 0.11879191, 1), (-0.97529083, -0.18626955, 0.11879191, 1), (-0.96812695, -0.15079008, 0.19998123, 1), (-0.96812695, -0.1507901, 0.19998123, 1), (-0.96812695, -0.15079008, 0.19998123, 1), (-0.67844504, -0.7339409, -0.032298315, -1), (-0.678445, -0.73394096, -0.03229831, -1), (-0.67844504, -0.73394096, -0.03229832, -1), (-0.5538647, -0.12177331, -0.8236535, 1), (-0.5538647, -0.121773325, -0.8236535, 1), (-0.5538647, -0.121773325, -0.8236535, 1), (-0.9731418, -0.16940413, -0.15587552, 1), (-0.9731418, -0.16940413, -0.1558755, 1), (-0.9731418, -0.16940416, -0.15587552, 1), (0.29010692, 0.14278194, 0.9462829, -1), (0.2901069, 0.14278194, 0.9462828, -1), (0.29010686, 0.14278196, 0.9462828, -1), (-0.9529765, 0.26959947, 0.13839056, -1), (-0.9529765, 0.26959947, 0.13839053, -1), (-0.9529765, 0.26959947, 0.13839056, -1), (-0.25136888, -0.42692292, 0.86864865, 1), (-0.25136888, -0.42692292, 0.86864865, 1), (-0.25136888, -0.42692292, 0.86864865, 1), (-0.33025417, -0.84924084, -0.4119735, 1), (-0.33025417, -0.84924084, -0.4119735, 1), (-0.33025417, -0.84924084, -0.41197357, 1), (-0.2395293, -0.9291916, -0.28147578, -1), (-0.23952933, -0.9291916, -0.28147578, -1), (-0.23952934, -0.9291916, -0.28147578, -1), (0.17898665, -0.969385, -0.16809677, -1), (0.17898664, -0.969385, -0.16809677, -1), (0.17898664, -0.969385, -0.16809677, -1), (-0.5992782, 0.7956395, 0.08844921, -1), (-0.5992782, 0.7956396, 0.08844921, -1), (-0.5992782, 0.7956395, 0.0884492, -1), (-0.3398265, -0.838496, -0.42596054, -1), (-0.3398265, -0.838496, -0.42596054, -1), (-0.3398265, -0.838496, -0.42596054, -1), (-0.7947094, 0.5621462, 0.22897324, 1), (-0.7947094, 0.5621462, 0.22897325, 1), (-0.7947094, 0.5621462, 0.22897321, 1), (0.6312928, -0.73754597, -0.2397818, -1), (0.63129276, -0.737546, -0.23978183, -1), (0.6312928, -0.73754597, -0.2397818, -1), (0.6093183, -0.7502586, -0.25659925, 1), (0.60931826, -0.7502586, -0.25659922, 1), (0.6093183, -0.7502586, -0.25659925, 1), (-0.9848991, 0.0063862377, -0.17301214, -1), (-0.984899, 0.0063862377, -0.17301212, -1), (-0.9848991, 0.0063862377, -0.17301214, -1), (0.8589053, 0.21004644, -0.4670784, 1), (0.8589053, 0.21004646, -0.4670784, 1), (0.8589053, 0.21004646, -0.4670784, 1), (0.6846978, -0.3455166, 0.6417221, 1), (0.6846978, -0.3455166, 0.6417221, 1), (0.68469775, -0.34551656, 0.64172214, 1), (0.9148895, -0.39755917, 0.07017175, 1), (0.9148895, -0.39755917, 0.07017176, 1), (0.9148894, -0.39755917, 0.07017175, 1), (0.9567335, 0.083412886, 0.27875313, -1), (0.9567335, 0.083412886, 0.27875313, -1), (0.9567335, 0.08341288, 0.27875313, -1), (0.6952283, 0.41535205, 0.5866347, 1), (0.6952283, 0.41535202, 0.5866347, 1), (0.6952283, 0.41535202, 0.5866347, 1), (0.96952236, 0.13978103, 0.20121542, -1), (0.96952236, 0.13978103, 0.20121539, -1), (0.96952236, 0.13978103, 0.20121539, -1), (0.9634863, 0.13606018, 0.23061176, -1), (0.9634863, 0.13606018, 0.23061176, -1), (0.5430107, 0.4337517, 0.71902627, -1), (0.54301065, 0.4337517, 0.71902627, -1), (0.5430107, 0.4337517, 0.71902627, -1), (0.8079644, -0.27914315, -0.5189148, -1), (0.8079644, -0.27914318, -0.5189148, -1), (0.8079643, -0.27914315, -0.5189148, -1), (0.9220502, 0.28343323, 0.26360798, 1), (0.9220502, 0.28343326, 0.26360798, 1), (0.9220502, 0.28343323, 0.26360798, 1), (0.92303616, 0.20080788, 0.32814702, 1), (0.92303616, 0.20080788, 0.32814702, 1), (0.92303616, 0.20080791, 0.32814705, 1), (0.100305565, 0.6664899, -0.7387355, 1), (0.10030556, 0.6664899, -0.73873544, 1), (0.10030556, 0.6664899, -0.73873544, 1), (-0.059464052, -0.6350233, -0.7702009, -1), (-0.059464056, -0.6350233, -0.7702009, -1), (-0.059464052, -0.63502324, -0.7702009, -1), (0.23907194, -0.9333313, -0.26783827, 1), (0.2390719, -0.9333313, -0.26783827, 1), (0.2390719, -0.9333313, -0.26783827, 1), (0.9953028, -0.06120966, -0.07500418, 1), (0.9953028, -0.061209653, -0.07500418, 1), (0.9953028, -0.061209656, -0.075004175, 1), (-0.36864498, 0.51462215, 0.77412206, -1), (-0.36864495, 0.51462215, 0.77412206, -1), (-0.36864495, 0.51462215, 0.77412206, -1), (-0.03853597, 0.70079297, 0.712323, 1), (-0.038535975, 0.70079297, 0.71232307, 1), (-0.038535975, 0.700793, 0.712323, 1), (-0.41119802, -0.4980489, 0.763455, -1), (-0.41119796, -0.49804887, 0.763455, -1), (-0.41119796, -0.49804887, 0.763455, -1), (0.61396646, -0.14618391, -0.77567744, -1), (0.6139664, -0.14618391, -0.77567744, -1), (0.6139664, -0.14618391, -0.77567744, -1), (0.92772835, 0.36923933, 0.054610077, -1), (0.9277285, 0.36923936, 0.054610085, -1), (0.9277285, 0.36923936, 0.054610085, -1), (0.07010393, 0.7617206, 0.64410186, 1), (0.07010392, 0.76172054, 0.64410186, 1), (0.07010393, 0.7617206, 0.64410186, 1), (-0.48180854, 0.82588387, 0.29287612, 1), (-0.48180848, 0.82588387, 0.29287612, 1), (-0.48180854, 0.82588387, 0.29287612, 1), (-0.78196126, 0.50281143, 0.36839843, -1), (-0.78196126, 0.50281143, 0.36839843, -1), (-0.78196126, 0.50281143, 0.36839843, -1), (-0.70628744, 0.43139988, 0.5612951, 1), (-0.70628744, 0.43139988, 0.5612951, 1), (-0.70628744, 0.43139988, 0.56129503, 1), (-0.9360602, -0.20527066, 0.28575397, -1), (-0.9360602, -0.20527063, 0.28575394, -1), (-0.9360602, -0.20527066, 0.28575394, -1), (-0.9075001, -0.09400651, 0.40939742, -1), (-0.9075001, -0.09400651, 0.4093974, -1), (-0.9075002, -0.094006516, 0.40939742, -1), (0.46002865, 0.8243031, 0.32999688, 1), (0.46002865, 0.8243031, 0.32999688, 1), (0.46002865, 0.8243031, 0.32999688, 1), (0.71080947, 0.5833712, -0.39297312, 1), (0.71080947, 0.5833712, -0.3929731, 1), (0.7108094, 0.5833712, -0.39297315, 1), (-0.24801002, 0.5506446, -0.79704547, 1), (-0.24801002, 0.5506446, -0.79704547, 1), (-0.24801, 0.5506446, -0.79704547, 1), (-0.11200273, 0.89078444, 0.44040713, -1), (-0.1120027, 0.89078444, 0.4404071, -1), (-0.112002715, 0.89078444, 0.44040713, -1), (-0.4064107, 0.80846375, 0.42569554, 1), (-0.40641066, 0.80846375, 0.42569548, 1), (-0.40641066, 0.80846375, 0.42569554, 1), (-0.8216803, -0.56962186, -0.019298721, -1), (-0.8216803, -0.56962186, -0.019298723, -1), (-0.8216803, -0.56962186, -0.019298723, -1), (-0.8819726, -0.44325632, -0.16015019, 1), (-0.8819726, -0.44325632, -0.16015019, 1), (-0.8819726, -0.44325632, -0.16015019, 1), (-0.9189174, -0.36784983, -0.14239793, -1), (-0.9189174, -0.36784983, -0.14239794, -1), (-0.9189174, -0.36784983, -0.14239794, -1), (-0.4468804, -0.88804764, -0.108024396, 1), (-0.4468804, -0.88804764, -0.10802441, 1), (-0.44688043, -0.88804764, -0.10802441, 1), (0.17042491, 0.089621834, 0.98128647, -1), (0.1704249, 0.08962183, 0.98128647, -1), (0.17042492, 0.089621834, 0.98128647, -1), (-0.0475277, -0.2890276, 0.9561403, 1), (-0.047527697, -0.2890276, 0.9561403, 1), (-0.047527697, -0.2890276, 0.9561403, 1), (-0.13399549, 0.390614, -0.91075015, 1), (-0.1339955, 0.390614, -0.91075015, 1), (-0.13399549, 0.390614, -0.91075015, 1), (-0.8682185, -0.443243, -0.22300752, 1), (-0.8682185, -0.443243, -0.22300752, 1), (-0.8682185, -0.44324303, -0.22300753, 1), (-0.21673636, 0.52777517, 0.82126653, 1), (-0.21673639, 0.5277752, 0.8212665, 1), (-0.21673639, 0.5277752, 0.8212665, 1), (-0.8962751, -0.41656855, -0.15218952, 1), (-0.8962751, -0.4165686, -0.15218952, 1), (-0.8962751, -0.41656855, -0.15218951, 1), (-0.9235699, -0.3576377, -0.13825288, -1), (-0.9235699, -0.35763767, -0.13825287, -1), (-0.9235699, -0.35763767, -0.13825288, -1), (0.23853754, 0.25730476, -0.9364263, -1), (0.23853748, 0.25730476, -0.9364263, -1), (0.2385375, 0.25730476, -0.9364263, -1), (-0.46456036, -0.61212915, -0.6399074, 1), (-0.46456036, -0.6121291, -0.6399074, 1), (-0.46456036, -0.6121291, -0.6399074, 1), (0.021015579, -0.92733496, -0.37364194, 1), (0.021015579, -0.92733496, -0.37364194, 1), (0.021015579, -0.92733496, -0.37364197, 1), (-0.5738048, -0.63127464, -0.5217665, 1), (-0.57380486, -0.63127476, -0.52176654, 1), (-0.57380486, -0.63127476, -0.5217665, 1), (0.07341553, -0.93694574, -0.3416766, -1), (0.07341553, -0.93694574, -0.34167662, -1), (0.07341553, -0.93694574, -0.3416766, -1), (-0.048816007, 0.2147809, -0.9754415, 1), (-0.048816007, 0.2147809, -0.9754415, 1), (-0.048816003, 0.21478085, -0.9754415, 1), (-0.14771919, 0.62702817, -0.7648625, -1), (-0.14771919, 0.62702817, -0.7648625, -1), (-0.14771919, 0.62702817, -0.7648625, -1), (-0.56640005, -0.49714398, 0.6572966, 1), (-0.56640005, -0.49714398, 0.6572966, 1), (-0.56640005, -0.49714404, 0.6572966, 1), (0.7132773, -0.6782104, -0.1768221, -1), (0.7132773, -0.67821044, -0.17682211, -1), (0.7132773, -0.6782105, -0.17682213, -1), (0.31954667, -0.5897525, -0.7416751, 1), (0.31954667, -0.58975244, -0.7416751, 1), (0.31954667, -0.5897525, -0.7416751, 1), (0.8729126, -0.48660585, -0.035190616, -1), (0.8729126, -0.4866059, -0.035190616, -1), (0.8729126, -0.48660585, -0.035190616, -1), (0.070043966, -0.40896842, 0.9098563, 1), (0.07004397, -0.40896842, 0.9098563, 1), (0.07004398, -0.40896842, 0.90985644, 1), (0.92703927, -0.3730947, 0.037395727, -1), (0.92703927, -0.3730947, 0.037395727, -1), (0.92703927, -0.37309465, 0.037395727, -1), (-0.1316705, -0.5826181, 0.80200934, -1), (-0.13167049, -0.58261806, 0.80200934, -1), (-0.1316705, -0.58261806, 0.8020094, -1), (-0.57611996, -0.648435, 0.49761212, -1), (-0.57611996, -0.648435, 0.49761212, -1), (-0.57611996, -0.648435, 0.49761218, -1), (0.8331826, 0.331204, 0.44284382, -1), (0.8331826, 0.331204, 0.44284382, -1), (0.83318263, 0.331204, 0.44284385, -1), (-0.16893925, -0.6487708, 0.7419945, 1), (-0.16893925, -0.6487708, 0.7419945, 1), (-0.16893925, -0.6487708, 0.7419945, 1), (0.83880365, -0.4680723, -0.2780588, -1), (0.83880365, -0.46807235, -0.27805877, -1), (0.8388036, -0.46807238, -0.2780588, -1), (0.7740015, -0.44414836, -0.45128033, 1), (0.7740015, -0.44414836, -0.45128033, 1), (0.7740015, -0.44414842, -0.45128033, 1), (0.8731011, -0.43050027, -0.22883183, 1), (0.8731011, -0.43050027, -0.2288318, 1), (0.8731011, -0.43050027, -0.22883183, 1), (0.026976714, -0.9848371, 0.17137155, 1), (0.026976716, -0.9848371, 0.17137156, 1), (0.02697671, -0.9848371, 0.17137153, 1), (-0.1776874, -0.73122156, 0.65859115, 1), (-0.1776874, -0.73122156, 0.65859115, 1), (-0.17768738, -0.73122156, 0.6585911, 1), (0.5904997, -0.1409556, 0.79463303, 1), (0.5904997, -0.1409556, 0.794633, 1), (0.5904997, -0.1409556, 0.79463303, 1), (0.34884456, 0.7661764, -0.5397048, 1), (0.34884456, 0.7661764, -0.5397048, 1), (0.34884456, 0.76617634, -0.5397048, 1), (0.94548225, -0.22826938, 0.23228516, -1), (0.94548225, -0.22826938, 0.23228513, -1), (0.94548225, -0.22826935, 0.23228516, -1), (-0.42685318, -0.8256772, 0.36885422, -1), (-0.42685318, -0.8256772, 0.36885422, -1), (-0.42685318, -0.8256772, 0.36885422, -1), (0.40905654, 0.12096088, -0.9044563, -1), (0.40905657, 0.12096086, -0.9044563, -1), (0.4090566, 0.12096088, -0.9044563, -1), (0.5700983, 0.82155985, 0.0052359924, 1), (0.5700983, 0.82155985, 0.0052359924, 1), (0.57009834, 0.82155985, 0.005235993, 1), (0.8595664, -0.3900989, 0.33010373, 1), (0.8595664, -0.3900989, 0.33010375, 1), (0.8595664, -0.3900989, 0.33010375, 1), (-0.051496115, 0.7591147, 0.6489169, -1), (-0.051496115, 0.7591146, 0.6489169, -1), (-0.05149611, 0.7591146, 0.6489169, -1), (0.40050647, 0.7921745, 0.46049318, -1), (0.40050647, 0.7921745, 0.46049318, -1), (0.4005065, 0.79217446, 0.46049324, -1), (0.21932328, 0.79985577, 0.55868423, 1), (0.2193233, 0.79985577, 0.5586843, 1), (0.2193233, 0.79985577, 0.5586843, 1), (0.9385116, -0.13751474, -0.31667924, -1), (0.9385116, -0.13751474, -0.3166792, -1), (0.9385116, -0.13751474, -0.31667924, -1), (0.9386947, 0.033465195, 0.3431214, 1), (0.9386947, 0.0334652, 0.34312144, 1), (0.9386947, 0.0334652, 0.3431214, 1), (-0.12920122, 0.7906029, 0.5985432, 1), (-0.12920122, 0.79060286, 0.5985433, 1), (-0.12920122, 0.7906029, 0.5985432, 1), (-0.05245824, 0.79869044, 0.5994512, -1), (-0.05245825, 0.79869044, 0.5994512, -1), (-0.05245825, 0.79869044, 0.5994512, -1), (0.19107239, 0.85195494, -0.48750818, 1), (0.19107239, 0.85195494, -0.4875082, 1), (0.19107239, 0.85195494, -0.4875082, 1), (-0.3019184, -0.82152426, 0.48367673, 1), (-0.3019184, -0.82152426, 0.48367673, 1), (-0.30191836, -0.82152426, 0.48367673, 1), (-0.13233638, 0.6218029, -0.7719121, -1), (-0.13233638, 0.62180287, -0.7719121, -1), (-0.13233638, 0.6218029, -0.7719121, -1), (0.1390301, 0.77977663, 0.6104253, -1), (0.1390301, 0.77977663, 0.6104253, -1), (0.1390301, 0.77977663, 0.61042535, -1), (-0.32668284, 0.8742105, 0.3592135, -1), (-0.32668287, 0.8742105, 0.35921344, -1), (-0.3266828, 0.8742105, 0.35921344, -1), (0.26497334, -0.69133896, -0.6721902, -1), (0.26497334, -0.6913389, -0.6721902, -1), (0.26497334, -0.691339, -0.6721902, -1), (-0.6795024, -0.70895916, -0.18882121, -1), (-0.67950237, -0.7089592, -0.1888212, -1), (-0.6795024, -0.7089592, -0.18882121, -1), (-0.98862565, 0.12851062, 0.07813041, -1), (-0.98862565, 0.12851064, 0.07813041, -1), (-0.98862565, 0.12851062, 0.0781304, -1), (0.5473696, 0.48520982, -0.68187827, -1), (0.54736954, 0.48520982, -0.68187827, -1), (0.5473696, 0.48520982, -0.6818783, -1), (-0.4838388, 0.7300001, -0.48270077, -1), (-0.4838388, 0.7300001, -0.48270077, -1), (-0.48383877, 0.7300001, -0.4827007, -1), (-0.23794493, 0.09081779, -0.96702343, -1), (-0.23794493, 0.09081779, -0.96702343, -1), (-0.23794493, 0.09081779, -0.96702343, -1), (-0.028237242, 0.59119964, -0.80603075, -1), (-0.028237239, 0.59119964, -0.80603075, -1), (-0.028237242, 0.59119976, -0.80603075, -1), (0.41874692, 0.55450803, -0.71914655, -1), (0.4187469, 0.55450803, -0.7191466, -1), (0.41874692, 0.55450803, -0.71914655, -1), (0.074088596, 0.8962342, 0.4373501, -1), (0.07408859, 0.8962342, 0.43735012, -1), (0.07408859, 0.8962342, 0.43735012, -1), (0.18678486, 0.8768934, 0.44291005, -1), (0.18678486, 0.8768935, 0.44291, -1), (0.18678485, 0.8768934, 0.44291, -1), (-0.03614801, 0.86189085, 0.5058037, -1), (0.08115334, 0.8782904, 0.47119, -1), (-0.18645461, 0.8211302, 0.5394254, -1), (-0.4789432, -0.5993886, -0.6413631, -1), (-0.4789432, -0.5993886, -0.6413631, -1), (-0.47894323, -0.5993886, -0.6413631, -1), (-0.288564, -0.6246684, -0.72561705, -1), (-0.288564, -0.6246684, -0.72561705, -1), (-0.288564, -0.6246684, -0.72561705, -1), (-0.22047944, -0.8548257, -0.46974653, -1), (-0.22047944, -0.8548258, -0.46974653, -1), (-0.22047944, -0.8548257, -0.46974653, -1), (0.16749969, 0.763176, 0.6241043, -1), (0.16749969, 0.763176, 0.6241043, -1), (0.16749969, 0.763176, 0.6241043, -1), (-0.90858805, 0.3487927, 0.22980718, -1), (-0.9085881, 0.34879267, 0.2298072, -1), (-0.9085881, 0.34879273, 0.22980717, -1), (-0.29225016, 0.81650853, -0.4978993, -1), (-0.29225022, 0.81650853, -0.4978993, -1), (-0.29225022, 0.81650853, -0.4978993, -1), (-0.31147316, 0.6251946, -0.71562296, -1), (-0.31147316, 0.62519455, -0.715623, -1), (-0.31147316, 0.62519455, -0.715623, -1), (-0.27259034, 0.7507766, -0.60168844, -1), (-0.27259034, 0.7507766, -0.6016884, -1), (-0.27259034, 0.7507766, -0.60168844, -1), (0.41786182, 0.39195582, -0.81961095, -1), (0.41786182, 0.39195588, -0.81961095, -1), (0.41786182, 0.39195588, -0.81961095, -1), (0.12180914, 0.6978816, -0.7057789, -1), (0.12180913, 0.6978816, -0.70577884, -1), (0.12180912, 0.6978816, -0.70577884, -1), (0.9063489, 0.20564882, 0.36910743, -1), (0.9063489, 0.20564885, 0.36910746, -1), (0.9063489, 0.20564882, 0.36910743, -1), (0.6504441, 0.67721343, 0.34395424, -1), (0.65044415, 0.67721343, 0.34395424, -1), (0.65044415, 0.67721343, 0.34395427, -1), (-0.6576141, -0.43150914, -0.61753017, -1), (-0.6576141, -0.43150917, -0.61753017, -1), (-0.6576141, -0.43150914, -0.61753017, -1), (-0.9640665, 0.11883406, 0.23760076, -1), (-0.9640665, 0.118834056, 0.23760074, -1), (-0.9640665, 0.11883406, 0.23760076, -1), (-0.36787155, 0.7860203, 0.49683273, -1), (-0.36787155, 0.7860202, 0.4968327, -1), (-0.36787155, 0.7860202, 0.4968327, -1), (0.39583075, 0.08407561, -0.9144666, -1), (0.39583075, 0.08407562, -0.9144666, -1), (0.39583075, 0.08407562, -0.9144666, -1), (0.14126545, 0.9411921, -0.3069227, -1), (0.14126547, 0.9411921, -0.30692273, -1), (0.14126547, 0.9411921, -0.30692273, -1), (-0.4165842, 0.50287205, -0.75734895, -1), (-0.41658416, 0.502872, -0.75734884, -1), (-0.41658413, 0.50287205, -0.75734895, -1), (0.3620957, -0.0128691215, -0.93205214, -1), (0.3620957, -0.012869122, -0.93205214, -1), (0.3620957, -0.012869122, -0.93205214, -1), (0.9621127, -0.2382104, 0.13264574, -1), (0.9621127, -0.23821037, 0.13264574, -1), (0.9621127, -0.23821042, 0.13264574, -1), (-0.9204084, 0.28576657, -0.26680684, -1), (-0.9204083, 0.2857666, -0.2668068, -1), (-0.9204083, 0.28576657, -0.26680684, -1), (-0.016801445, 0.99339664, 0.113493904, -1), (-0.016801445, 0.99339664, 0.11349392, -1), (-0.016801447, 0.99339664, 0.11349393, -1), (0.26154828, 0.8123905, -0.5211662, -1), (0.26154828, 0.8123905, -0.5211662, -1), (0.26154828, 0.8123905, -0.5211662, -1), (0.060255535, 0.8160955, -0.5747673, -1), (0.06025552, 0.8160955, -0.57476723, -1), (0.060255527, 0.8160955, -0.57476723, -1), (0.06575229, 0.7853154, -0.6155943, -1), (0.06575229, 0.7853154, -0.6155943, -1), (0.06575228, 0.7853154, -0.61559427, -1), (0.75791174, -0.64145875, -0.11874546, -1), (0.75791174, -0.64145875, -0.11874546, -1), (0.75791174, -0.6414588, -0.11874546, -1), (0.33701727, 0.5132962, -0.78926957, -1), (0.33701727, 0.5132962, -0.78926957, -1), (0.33701724, 0.5132962, -0.78926957, -1), (0.7555467, -0.64555013, -0.11141939, -1), (0.7555467, -0.6455502, -0.11141939, -1), (0.7555467, -0.6455502, -0.11141939, -1), (0.98364127, -0.15996528, -0.08283116, -1), (0.98364127, -0.15996528, -0.08283115, -1), (0.98364127, -0.15996528, -0.08283115, -1), (-0.8997083, 0.3933304, -0.1892518, -1), (-0.8997083, 0.3933304, -0.18925181, -1), (-0.8997083, 0.3933304, -0.18925181, -1), (-0.3030409, 0.71733546, 0.6273723, -1), (-0.30304083, 0.71733546, 0.62737226, -1), (-0.30304086, 0.71733546, 0.62737226, -1), (0.61226666, 0.61536974, 0.49643695, -1), (0.61226666, 0.61536974, 0.49643695, -1), (0.61226666, 0.61536974, 0.49643695, -1), (-0.07469367, 0.028721524, -0.99679285, -1), (-0.07469367, 0.028721523, -0.99679273, -1), (-0.07469367, 0.028721519, -0.99679273, -1), (0.68686724, 0.5603822, -0.46280155, -1), (0.68686724, 0.5603822, -0.46280155, -1), (0.6868672, 0.5603821, -0.46280155, -1), (-0.1052182, 0.8291508, -0.54903376, -1), (-0.105218224, 0.8291508, -0.54903376, -1), (-0.10521821, 0.8291508, -0.54903376, -1), (0.55373466, 0.78800625, -0.26911727, -1), (0.5537346, 0.78800625, -0.2691173, -1), (0.55373454, 0.78800625, -0.26911727, -1), (0.343717, -0.89418375, -0.2868692, -1), (0.343717, -0.89418375, -0.28686926, -1), (0.3437171, -0.89418375, -0.2868693, -1), (0.7631837, -0.5600371, -0.3223493, -1), (0.7631837, -0.560037, -0.32234934, -1), (0.7631837, -0.560037, -0.3223493, -1), (-0.5988399, 0.79897016, -0.055113558, -1), (-0.5988399, 0.7989702, -0.055113558, -1), (-0.5988399, 0.79897016, -0.05511355, -1), (0.92277104, 0.2272604, 0.31120145, -1), (0.92277104, 0.22726043, 0.3112015, -1), (0.92277104, 0.22726044, 0.3112015, -1), (0.7503668, 0.6091182, -0.25675786, -1), (0.75036687, 0.60911816, -0.2567579, -1), (0.7503668, 0.6091182, -0.25675786, -1), (0.7359047, 0.2501862, -0.62916696, -1), (0.7359047, 0.25018623, -0.629167, -1), (0.7359047, 0.2501862, -0.6291669, -1), (0.14890482, 0.8410928, -0.5199906, -1), (0.14890482, 0.8410928, -0.5199906, -1), (0.14890482, 0.8410928, -0.5199906, -1), (-0.85709536, 0.098968476, -0.5055618, -1), (-0.85709536, 0.098968476, -0.5055618, -1), (-0.85709536, 0.098968476, -0.5055619, -1), (-0.008615576, -0.057775024, -0.9982925, -1), (-0.008615576, -0.057775024, -0.9982925, -1), (-0.008615576, -0.057775024, -0.9982925, -1), (0.60208774, -0.7835451, -0.15345174, -1), (0.6020878, -0.783545, -0.15345174, -1), (0.6020878, -0.783545, -0.15345174, -1), (0.33377403, -0.84024155, -0.42730427, -1), (0.333774, -0.84024155, -0.42730427, -1), (0.3337741, -0.84024155, -0.42730433, -1), (0.3935372, -0.869342, -0.298953, -1), (0.3935372, -0.8693421, -0.298953, -1), (0.3935372, -0.8693421, -0.298953, -1), (0.7910807, -0.32361472, 0.5191, -1), (0.7910807, -0.32361466, 0.5191, -1), (0.7910807, -0.32361466, 0.5191, -1), (0.638818, 0.16948713, -0.750457, -1), (0.638818, 0.16948713, -0.750457, -1), (0.638818, 0.16948712, -0.7504569, -1), (0.5110601, 0.43691018, -0.74022096, -1), (0.5110601, 0.43691024, -0.74022096, -1), (0.5110601, 0.43691018, -0.74022096, -1), (0.1880639, 0.9817856, 0.02699903, -1), (0.1880639, 0.9817856, 0.02699903, -1), (0.18806392, 0.9817856, 0.02699903, -1), (-0.03325559, -0.538067, -0.84224576, -1), (-0.03325559, -0.5380671, -0.84224576, -1), (-0.033255592, -0.5380671, -0.84224576, -1), (-0.042982936, 0.35946804, -0.9321669, -1), (-0.042982936, 0.35946804, -0.9321669, -1), (-0.042982932, 0.359468, -0.9321669, -1), (0.15540306, -0.8912142, -0.42613035, -1), (0.15540306, -0.8912142, -0.42613035, -1), (0.15540306, -0.8912142, -0.42613038, -1), (-0.18081866, -0.763631, -0.61981636, -1), (-0.18081866, -0.7636309, -0.61981636, -1), (-0.18081866, -0.7636309, -0.6198164, -1), (-0.19080018, -0.76644456, -0.61331713, -1), (-0.19080019, -0.7664445, -0.6133172, -1), (-0.1908002, -0.76644456, -0.61331713, -1), (0.27214447, 0.8837764, 0.3806267, -1), (0.27214447, 0.8837764, 0.3806267, -1), (0.2721445, 0.8837764, 0.3806267, -1), (0.8623316, 0.037874777, 0.5049255, -1), (0.8623316, 0.037874777, 0.5049255, -1), (0.86233157, 0.037874777, 0.5049255, -1), (0.7356014, -0.6407554, -0.2198253, -1), (0.7356014, -0.6407554, -0.2198253, -1), (0.7356014, -0.6407554, -0.2198253, -1), (-0.36517647, 0.68309236, -0.6324799, -1), (-0.36517653, 0.6830925, -0.63247985, -1), (-0.36517647, 0.68309236, -0.6324799, -1), (0.25267848, -0.21256103, -0.9439128, -1), (0.25267845, -0.21256103, -0.9439128, -1), (0.25267848, -0.21256103, -0.9439128, -1), (0.5268585, 0.3430272, -0.7776584, -1), (0.5268585, 0.34302717, -0.7776584, -1), (0.5268585, 0.34302717, -0.7776584, -1), (-0.1594472, 0.34962225, -0.9232231, -1), (-0.15944716, 0.34962225, -0.9232231, -1), (-0.15944716, 0.34962228, -0.9232231, -1), (-0.9312291, -0.34804043, -0.108074345, -1), (-0.93122923, -0.34804046, -0.108074345, -1), (-0.9312291, -0.34804043, -0.10807433, -1), (-0.63777536, -0.6033154, -0.47880393, -1), (-0.63777536, -0.6033155, -0.47880387, -1), (-0.63777536, -0.6033154, -0.47880393, -1), (0.70393604, 0.69821215, 0.13028407, -1), (0.70393604, 0.6982121, 0.13028407, -1), (0.70393604, 0.69821215, 0.13028409, -1), (0.92446375, -0.3476338, 0.1565806, -1), (0.92446375, -0.34763378, 0.1565806, -1), (0.92446375, -0.3476338, 0.15658061, -1), (0.35455108, -0.87035006, -0.3417373, -1), (0.35455105, -0.87035006, -0.3417373, -1), (0.35455105, -0.87035006, -0.34173724, -1), (-0.3776964, 0.8470836, -0.3738914, -1), (-0.37769637, 0.8470836, -0.37389138, -1), (-0.3776964, 0.8470836, -0.37389138, -1), (-0.020673322, -0.2411202, -0.97027504, -1), (-0.020673322, -0.24112023, -0.97027504, -1), (-0.020673323, -0.24112025, -0.97027504, -1), (0.5597482, 0.32631022, -0.761711, -1), (0.5597482, 0.32631022, -0.761711, -1), (0.5597482, 0.32631022, -0.761711, -1), (-0.24623083, 0.63880724, -0.7289003, -1), (-0.24623084, 0.6388072, -0.7289004, -1), (-0.24623084, 0.63880724, -0.7289003, -1), (-0.9675341, -0.058136947, -0.24596328, -1), (-0.9675341, -0.058136947, -0.24596328, -1), (-0.9675341, -0.058136955, -0.24596328, -1), (-0.93316287, -0.25490278, -0.25343952, -1), (-0.93316287, -0.2549028, -0.25343952, -1), (-0.93316287, -0.25490278, -0.25343952, -1), (0.04552956, 0.9450232, -0.32381812, -1), (0.04552956, 0.9450232, -0.3238181, -1), (0.04552956, 0.9450232, -0.3238181, -1), (0.38385138, 0.67679393, -0.62817836, -1), (0.38385138, 0.67679393, -0.62817836, -1), (0.38385138, 0.67679393, -0.62817836, -1), (-0.15495041, -0.16875291, -0.9734027, -1), (-0.1549504, -0.16875291, -0.9734027, -1), (-0.1549504, -0.16875291, -0.9734027, -1), (0.053399894, 0.045192312, -0.9975501, -1), (0.053399894, 0.045192312, -0.9975501, -1), (0.053399883, 0.04519231, -0.9975501, -1), (0.13951889, -0.049004138, -0.98900604, -1), (0.13951889, -0.04900414, -0.98900604, -1), (0.13951889, -0.04900414, -0.98900604, -1), (-0.15820667, 0.5924293, -0.7899355, -1), (-0.1582067, 0.5924293, -0.7899355, -1), (-0.15820669, 0.5924293, -0.7899356, -1), (-0.7797543, 0.50385344, 0.3716382, -1), (-0.77975434, 0.50385344, 0.37163818, -1), (-0.7797543, 0.5038535, 0.37163818, -1), (-0.97080886, 0.23404425, -0.05247355, -1), (-0.97080886, 0.23404422, -0.05247354, -1), (-0.97080886, 0.23404425, -0.05247355, -1), (0.9460534, -0.12658063, -0.2982622, -1), (0.9460534, -0.12658061, -0.29826218, -1), (0.9460534, -0.12658063, -0.2982622, -1), (0.2530659, -0.9394955, -0.23088038, -1), (0.25306588, -0.9394955, -0.23088038, -1), (0.2530659, -0.9394955, -0.23088036, -1), (-0.6261351, -0.70109504, -0.34120443, -1), (-0.6261351, -0.70109504, -0.34120438, -1), (-0.6261352, -0.7010951, -0.34120443, -1), (0.32736102, 0.9040031, -0.2749785, -1), (0.32736102, 0.9040031, -0.2749785, -1), (0.327361, 0.9040031, -0.2749785, -1), (-0.5654344, 0.13853408, -0.8130758, -1), (-0.5654344, 0.13853407, -0.8130758, -1), (-0.5654344, 0.13853408, -0.8130758, -1), (0.25147727, 0.0026190034, -0.9678596, -1), (0.25147727, 0.0026190034, -0.9678596, -1), (0.25147727, 0.0026190034, -0.9678596, -1), (-0.4442449, -0.15556453, -0.88229597, -1), (-0.44424483, -0.15556452, -0.88229597, -1), (-0.4442449, -0.15556455, -0.88229597, -1), (-0.36839008, 0.7521779, 0.5463672, -1), (-0.36839008, 0.75217795, 0.54636717, -1), (-0.3683901, 0.75217795, 0.54636717, -1), (-0.7502529, 0.6341009, 0.1871805, -1), (-0.7502529, 0.634101, 0.18718052, -1), (-0.7502529, 0.634101, 0.18718052, -1), (0.662684, -0.43336853, -0.61077136, -1), (0.662684, -0.43336853, -0.6107714, -1), (0.662684, -0.43336853, -0.6107714, -1), (-0.9373378, -0.30999672, -0.15905935, -1), (-0.9373378, -0.30999672, -0.15905936, -1), (-0.9373378, -0.30999675, -0.15905938, -1), (-0.6520655, -0.05220619, -0.7563631, -1), (-0.6520655, -0.052206196, -0.7563631, -1), (-0.6520655, -0.05220619, -0.7563631, -1), (-0.61478555, 0.4471765, -0.64967066, -1), (-0.61478555, 0.44717646, -0.6496706, -1), (-0.61478555, 0.4471765, -0.64967066, -1), (-0.0042667636, -0.0102109555, -0.99993885, -1), (-0.004266764, -0.010210956, -0.99993885, -1), (-0.0042667636, -0.0102109555, -0.99993885, -1), (0.92626745, 0.30105585, -0.22670227, -1), (0.92626745, 0.30105585, -0.22670227, -1), (0.92626745, 0.3010558, -0.22670224, -1), (-0.50495553, -0.42084044, -0.7536003, 1), (-0.5049554, -0.42084047, -0.7536002, 1), (-0.5049555, -0.42084044, -0.7536003, 1), (-0.270031, -0.10390706, -0.9572286, -1), (-0.270031, -0.10390706, -0.9572286, -1), (-0.270031, -0.10390706, -0.9572286, -1), (-0.298831, -0.024273418, -0.9539973, -1), (-0.298831, -0.024273418, -0.9539973, -1), (-0.29883102, -0.024273423, -0.9539973, -1), (-0.029125826, 0.567814, 0.82264143, -1), (-0.029125825, 0.567814, 0.82264143, -1), (-0.029125825, 0.567814, 0.82264143, -1), (-0.2952349, 0.88533664, -0.35918728, -1), (-0.29523483, 0.88533664, -0.35918722, -1), (-0.2952348, 0.88533664, -0.35918716, -1), (0.3577499, -0.48645192, -0.797107, -1), (0.35774994, -0.48645198, -0.797107, -1), (0.35774994, -0.48645198, -0.797107, -1), (0.27277905, 0.10845455, 0.95594406, -1), (0.27277905, 0.10845453, 0.95594406, -1), (0.27277905, 0.10845455, 0.95594406, -1), (0.068915375, 0.15150125, 0.9860517, -1), (0.068915375, 0.15150125, 0.9860517, -1), (0.068915375, 0.15150125, 0.9860517, -1), (-0.06728162, 0.44753495, 0.89173186, -1), (-0.06728161, 0.4475349, 0.89173186, -1), (-0.06728161, 0.44753495, 0.89173186, -1), (0.3055219, 0.03508556, 0.95153844, -1), (0.3055219, 0.03508556, 0.95153844, -1), (0.3055219, 0.03508556, 0.95153844, -1), (0.83785045, -0.30471605, 0.45294017, 1), (0.83785045, -0.30471608, 0.4529401, 1), (0.83785045, -0.3047161, 0.4529402, 1), (0.7216297, -0.14131841, 0.6777018, -1), (0.7216297, -0.14131841, 0.6777018, -1), (0.7216297, -0.14131841, 0.6777018, -1), (0.8527348, 0.16948171, 0.49408436, -1), (0.8527348, 0.1694817, 0.4940843, -1), (0.8527348, 0.16948172, 0.49408436, -1), (-0.47973323, 0.1959143, -0.85526234, -1), (-0.4797333, 0.19591433, -0.85526234, -1), (-0.47973323, 0.1959143, -0.85526234, -1), (0.3698677, 0.8565016, -0.360004, -1), (0.36986762, 0.85650164, -0.36000398, -1), (0.36986768, 0.85650164, -0.36000392, -1), (-0.7485805, 0.04234433, -0.6616905, -1), (-0.7485805, 0.04234433, -0.6616905, -1), (-0.7485805, 0.04234433, -0.6616905, -1), (0.7920559, 0.04956093, 0.6084333, -1), (0.7920559, 0.04956093, 0.60843337, -1), (0.7920559, 0.049560927, 0.6084333, -1), (0.2175078, -0.017214213, 0.97590667, -1), (0.21750782, -0.017214214, 0.97590667, -1), (0.21750781, -0.017214213, 0.97590667, -1), (0.8094332, -0.22928967, 0.5405962, -1), (0.8094332, -0.22928967, 0.5405962, -1), (0.8094332, -0.22928967, 0.5405962, -1), (-0.81911904, -0.09616102, -0.56550604, -1), (-0.81911904, -0.09616103, -0.56550604, -1), (-0.81911904, -0.09616102, -0.565506, -1), (-0.72494304, -0.16805257, -0.66799396, -1), (-0.72494304, -0.16805255, -0.66799396, -1), (-0.72494304, -0.16805255, -0.66799396, -1), (-0.49563363, 0.06304544, -0.8662404, -1), (-0.49563363, 0.06304544, -0.8662404, -1), (-0.49563363, 0.06304544, -0.8662404, -1), (-0.8472751, -0.15024868, -0.5094607, -1), (-0.8472751, -0.15024869, -0.50946075, -1), (-0.8472751, -0.15024868, -0.50946075, -1), (0.116813615, -0.9776498, -0.17480098, 1), (0.116813615, -0.9776498, -0.17480096, 1), (0.116813615, -0.9776498, -0.17480096, 1), (-0.12572674, 0.9747234, 0.18468112, -1), (-0.12572674, 0.9747234, 0.18468112, -1), (-0.12572676, 0.9747234, 0.18468113, -1), (-0.1887657, 0.11594546, -0.9751534, -1), (-0.1887657, 0.11594546, -0.9751534, -1), (-0.18876573, 0.11594547, -0.9751534, -1), (0.36802113, 0.61313266, 0.69902, -1), (0.36802113, 0.6131326, 0.69901997, -1), (0.36802113, 0.6131326, 0.69902, -1), (0.5441725, 0.34370106, 0.76534027, -1), (0.5441725, 0.3437011, 0.7653404, -1), (0.5441725, 0.34370103, 0.76534027, -1), (0.6600674, 0.35030207, 0.6645295, -1), (0.66006744, 0.35030207, 0.6645295, -1), (0.6600674, 0.3503021, 0.66452956, -1), (0.19839017, 0.83233213, -0.5175563, -1), (0.19839016, 0.83233213, -0.51755625, -1), (0.19839016, 0.83233213, -0.5175563, -1), (0.5809273, 0.22556464, 0.7820767, -1), (0.5809273, 0.22556464, 0.7820767, -1), (0.5809273, 0.22556463, 0.7820767, -1), (0.6121735, 0.4922702, 0.61880016, -1), (0.6121735, 0.4922702, 0.61880016, -1), (0.6121735, 0.4922702, 0.61880016, -1), (-0.48628342, -0.042623978, -0.87276095, -1), (-0.48628342, -0.042623974, -0.87276095, -1), (-0.48628342, -0.042623974, -0.87276095, -1), (-0.47269946, -0.09181604, -0.8764275, -1), (-0.4726995, -0.09181603, -0.87642735, -1), (-0.47269946, -0.09181603, -0.87642735, -1), (0.53532714, 0.34455368, 0.7711728, -1), (0.53532714, 0.34455368, 0.7711728, -1), (0.5353272, 0.34455368, 0.7711728, -1), (-0.05979131, 0.9979721, -0.02183208, -1), (-0.05979132, 0.9979721, -0.021832084, -1), (-0.05979131, 0.9979721, -0.021832082, -1), (-0.54293823, -0.34662455, -0.76489836, -1), (-0.54293823, -0.34662455, -0.76489836, -1), (-0.54293823, -0.34662455, -0.76489836, -1), (-0.029097639, 0.3180204, 0.94763726, -1), (-0.029097639, 0.3180204, 0.94763726, -1), (-0.029097639, 0.3180204, 0.94763726, -1), (0.52775574, 0.15939082, 0.83430713, -1), (0.52775574, 0.15939082, 0.83430713, -1), (0.52775574, 0.15939082, 0.83430713, -1), (0.53656524, 0.19146349, 0.8218512, -1), (0.5365653, 0.1914635, 0.8218512, -1), (0.5365653, 0.19146352, 0.8218512, -1), (-0.6328613, -0.44766304, -0.6317312, -1), (-0.6328613, -0.44766304, -0.6317312, -1), (-0.6328613, -0.44766307, -0.6317312, -1), (-0.6161859, -0.47993514, -0.62448156, -1), (-0.61618596, -0.47993508, -0.6244815, -1), (-0.6161859, -0.47993508, -0.62448156, -1), (-0.54546887, -0.20979117, -0.8114502, -1), (-0.54546887, -0.20979115, -0.8114502, -1), (-0.5454689, -0.20979115, -0.8114502, -1), (-0.010719883, -0.26457933, -0.9643043, -1), (-0.010719883, -0.26457936, -0.9643043, -1), (-0.010719882, -0.26457933, -0.9643043, -1), (-0.5902836, 0.7930054, 0.15069072, -1), (-0.5895627, 0.7937025, 0.1498403, -1), (-0.59062123, 0.7926765, 0.15109746, -1), (0.7000157, -0.71411526, 0.0041525876, 1), (0.69800067, -0.71606684, 0.006573933, 1), (0.6986362, -0.7154534, 0.005820335, 1), (-0.3721598, 0.9183379, -0.13473159, -1), (-0.37215984, 0.9183379, -0.13473159, -1), (-0.3721598, 0.9183379, -0.13473158, -1), (0.31311166, -0.042973273, -0.94874364, -1), (0.31311166, -0.042973276, -0.94874364, -1), (0.31311166, -0.04297328, -0.94874364, -1), (-0.13103582, -0.8737541, -0.46838382, -1), (-0.13103582, -0.8737541, -0.46838382, -1), (-0.13103582, -0.87375414, -0.4683838, -1), (0.27248597, 0.44584465, -0.8526277, -1), (0.27248597, 0.44584465, -0.8526277, -1), (0.27248597, 0.44584465, -0.8526277, -1), (-0.61701393, -0.27230495, 0.73833853, -1), (-0.617014, -0.272305, 0.73833853, -1), (-0.61701393, -0.27230495, 0.73833853, -1), (-0.009074925, 0.9835519, -0.18039769, -1), (-0.009074925, 0.9835519, -0.18039769, -1), (-0.009074925, 0.9835519, -0.18039769, -1), (1, 0, 0, -1), (1, 0, 0, -1), (1, 0, 0, -1), (-0.193795, -0.02800413, 0.98064226, 1), (-0.193795, -0.028004134, 0.98064226, 1), (-0.19379498, -0.02800413, 0.98064226, 1), (0.48289225, -0.14628999, -0.8633738, -1), (0.48289225, -0.14628997, -0.8633738, -1), (0.48289225, -0.14628997, -0.8633738, -1), (-0.4894406, -0.16480727, 0.85632145, -1), (-0.4894406, -0.16480727, 0.85632145, -1), (-0.4894406, -0.16480727, 0.85632145, -1), (-0.47747222, -0.012718516, 0.87855476, -1), (-0.47747216, -0.012718515, 0.87855476, -1), (-0.47747216, -0.012718515, 0.87855476, -1), (-0.4277802, 0.31868213, 0.84584033, -1), (-0.4277802, 0.31868216, 0.84584033, -1), (-0.4277802, 0.31868213, 0.84584033, -1), (-0.45047444, 0.35648888, 0.81852823, -1), (-0.45047447, 0.3564889, 0.81852823, -1), (-0.45047447, 0.35648894, 0.81852823, -1), (0.7071423, 0.293058, -0.6434802, -1), (0.7071423, 0.29305798, -0.6434802, -1), (0.7071423, 0.293058, -0.6434801, -1), (0.3585441, 0.09297296, -0.9288714, -1), (0.35854417, 0.09297297, -0.9288714, -1), (0.35854408, 0.09297296, -0.9288714, -1), (0.02458777, 0.9962943, 0.08242025, -1), (0.02458777, 0.9962943, 0.08242025, -1), (0.02458777, 0.9962943, 0.08242025, -1), (-0.023168484, 0.99542135, -0.09273419, -1), (-0.023168484, 0.99542135, -0.092734195, -1), (-0.02316848, 0.99542135, -0.09273419, -1), (0.50453925, -0.07049586, -0.86050594, -1), (0.50453925, -0.07049586, -0.8605059, -1), (0.50453925, -0.07049586, -0.86050594, -1), (0.42700884, -0.035027698, -0.9035687, -1), (0.42700887, -0.035027694, -0.9035687, -1), (0.42700887, -0.035027694, -0.9035687, -1), (-0.67750674, -0.06851013, 0.7323189, -1), (-0.6775068, -0.06851014, 0.7323189, -1), (-0.67750674, -0.06851013, 0.7323189, -1), (0.47755522, -0.27458617, -0.8345918, -1), (0.47755522, -0.2745862, -0.8345918, -1), (0.4775552, -0.27458617, -0.8345918, -1), (0.52756834, -0.2538882, -0.81068647, -1), (0.52756834, -0.2538882, -0.81068647, -1), (0.52756834, -0.2538882, -0.81068647, -1), (0.7014508, 0.13546629, -0.69972533, -1), (0.70145094, 0.13546632, -0.6997254, -1), (0.70145094, 0.1354663, -0.6997254, -1), (0.4456335, -0.34711638, -0.8251794, -1), (0.44563344, -0.34711635, -0.8251794, -1), (0.44563344, -0.34711632, -0.8251794, -1), (-0.029085418, 0.0754171, -0.9967278, -1), (-0.029085414, 0.075417094, -0.9967278, -1), (-0.029085418, 0.0754171, -0.9967278, -1), (0.27017164, 0.750456, -0.6031776, -1), (0.2701716, 0.750456, -0.60317755, -1), (0.27017164, 0.750456, -0.60317755, -1), (-0.12960792, -0.8590676, -0.49518135, 1), (-0.12960857, -0.8590721, -0.4951734, 1), (-0.12960671, -0.85906214, -0.49519116, 1), (-0.63563055, -0.055378277, -0.7700045, -1), (-0.63563055, -0.05537827, -0.7700045, -1), (-0.6356306, -0.055378284, -0.7700045, -1), (0.711164, 0.22855559, 0.66483694, -1), (0.711164, 0.22855558, 0.66483694, -1), (0.711164, 0.22855558, 0.66483694, -1), (-0.67327684, -0.35612535, -0.64797604, -1), (-0.67327684, -0.35612538, -0.647976, -1), (-0.67327696, -0.3561254, -0.64797604, -1), (0.30032045, 0.44905463, 0.8415209, -1), (0.30032045, 0.4490547, 0.8415209, -1), (0.30032045, 0.44905463, 0.8415209, -1), (-0.40078437, 0.9147253, 0.05147466, -1), (-0.40078434, 0.9147253, 0.051474653, -1), (-0.40078437, 0.9147252, 0.051474653, -1), (0.69265735, 0.26451036, 0.6710143, -1), (0.69265735, 0.26451036, 0.6710143, -1), (0.69265735, 0.26451033, 0.6710142, -1), (-0.7351103, -0.18473507, -0.6522927, -1), (-0.73511034, -0.18473509, -0.6522927, -1), (-0.73511034, -0.18473509, -0.6522927, -1), (-0.1368468, -0.32107314, -0.93711525, -1), (-0.13684681, -0.32107317, -0.93711525, -1), (-0.1368468, -0.32107314, -0.93711525, -1), (-0.594104, -0.48737684, -0.63992524, -1), (-0.594104, -0.48737684, -0.63992524, -1), (-0.59410393, -0.48737684, -0.6399252, -1), (-0.7629043, -0.40703487, -0.50229436, -1), (-0.7629043, -0.40703487, -0.50229436, -1), (-0.7629043, -0.40703487, -0.50229436, -1), (0.77212006, 0.105198555, 0.62670875, -1), (0.77212006, 0.10519856, 0.6267088, -1), (0.77212006, 0.10519856, 0.6267088, -1), (0.67004037, 0.06556014, 0.73942393, -1), (0.6700403, 0.06556014, 0.73942393, -1), (0.6700403, 0.06556014, 0.73942393, -1), (0.6258333, 0.39135528, 0.6746657, -1), (0.62583315, 0.39135528, 0.6746657, -1), (0.6258333, 0.39135528, 0.6746657, -1), (0.41586602, 0.3406566, 0.8432132, -1), (0.41586602, 0.3406566, 0.8432132, -1), (0.41586608, 0.3406566, 0.8432132, -1), (0.8049042, 0.037533052, 0.5922165, -1), (0.8049043, 0.037533056, 0.5922165, -1), (0.8049043, 0.037533056, 0.59221643, -1), (-0.14732115, -0.8789429, 0.45360342, 1), (-0.14732115, -0.8789429, 0.45360342, 1), (-0.14732113, -0.8789428, 0.4536034, 1), (-0.36707067, -0.6306681, 0.68375206, 1), (-0.36707067, -0.63066816, 0.68375206, 1), (-0.36707067, -0.63066816, 0.68375206, 1), (-0.50044674, -0.67700213, 0.5396491, 1), (-0.50044674, -0.67700213, 0.5396491, 1), (-0.50044674, -0.6770022, 0.5396491, 1), (0.1330853, 0.86527896, -0.48330188, -1), (0.13308528, 0.86527896, -0.48330182, -1), (0.13308528, 0.86527896, -0.48330182, -1), (0.11101602, 0.41449237, 0.9032561, -1), (0.11101602, 0.4144923, 0.9032561, -1), (0.11101601, 0.4144923, 0.9032561, -1), (0.7371052, 0.05846983, -0.6732438, -1), (0.7371052, 0.058469824, -0.6732438, -1), (0.7371052, 0.058469824, -0.6732438, -1), (-0.015337966, 0.9988481, 0.045468114, -1), (-0.015337968, 0.9988481, 0.045468118, -1), (-0.015337968, 0.9988481, 0.045468118, -1), (0.62862873, 0.2646981, -0.73127353, -1), (0.6286287, 0.26469806, -0.7312734, -1), (0.6286287, 0.2646981, -0.7312734, -1), (0.5820336, 0.31896558, -0.7479959, -1), (0.5820335, 0.31896558, -0.747996, -1), (0.5820336, 0.31896555, -0.7479959, -1), (-0.44534063, 0.21099262, 0.87014586, -1), (-0.44534063, 0.21099262, 0.8701459, -1), (-0.44534063, 0.21099262, 0.8701459, -1), (0.8055887, -0.07055121, -0.5882597, -1), (0.8055886, -0.0705512, -0.5882597, -1), (0.8055887, -0.07055121, -0.5882597, -1), (0.6351723, -0.1971821, -0.7467766, -1), (0.6351723, -0.1971821, -0.7467766, -1), (0.6351723, -0.1971821, -0.7467766, -1), (-0.61627537, -0.23776418, 0.75078136, -1), (-0.6162754, -0.23776421, 0.75078136, -1), (-0.61627537, -0.23776422, 0.75078136, -1), (-0.7670627, -0.18580991, 0.6140761, -1), (-0.7670628, -0.1858099, 0.6140761, -1), (-0.7670628, -0.18580991, 0.6140761, -1), (-0.3630368, 0.15914266, 0.9180838, -1), (-0.3630368, 0.15914266, 0.9180838, -1), (-0.36303684, 0.15914266, 0.9180838, -1), (-0.8343558, 0.13743666, 0.53381795, -1), (-0.8343558, 0.13743666, 0.53381795, -1), (-0.8343558, 0.13743666, 0.53381795, -1), (-0.5784544, -0.30875537, 0.7550236, -1), (-0.5784544, -0.30875537, 0.75502366, -1), (-0.5784544, -0.30875537, 0.75502366, -1), (-0.031137029, 0.9994999, -0.0055106184, -1), (-0.031137025, 0.9994999, -0.005510619, -1), (-0.031137025, 0.9994999, -0.005510618, -1), (0.2548735, -0.52529085, 0.8118553, 1), (0.25487354, -0.52529085, 0.8118553, 1), (0.25487354, -0.5252909, 0.81185526, 1), (-0.12740472, 0.80216235, 0.5833555, -1), (-0.12740472, 0.80216235, 0.5833555, -1), (-0.12740472, 0.80216235, 0.5833555, -1), (-0.3524717, 0.71667516, 0.60178113, 1), (-0.3524717, 0.71667516, 0.60178113, 1), (-0.3524717, 0.71667516, 0.60178113, 1), (-0.45292208, 0.55840254, 0.6950167, 1), (-0.45292205, 0.5584026, 0.6950167, 1), (-0.45292208, 0.55840254, 0.6950166, 1), (-0.37026346, 0.6434123, 0.67001915, -1), (-0.37026346, 0.6434123, 0.67001915, -1), (-0.37026346, 0.64341223, 0.67001915, -1), (-0.4105054, 0.8893764, 0.20123363, 1), (-0.41050547, 0.8893764, 0.20123366, 1), (-0.41050547, 0.8893764, 0.20123366, 1), (0.14337558, 0.8595256, 0.4905703, 1), (0.14337558, 0.8595256, 0.4905703, 1), (0.14337558, 0.8595256, 0.4905703, 1), (0.063696995, -0.06596148, 0.9957871, -1), (0.063696995, -0.06596149, 0.9957871, -1), (0.063696995, -0.06596148, 0.9957871, -1), (-0.36042193, 0.48038065, -0.79958135, 1), (-0.360422, 0.48038068, -0.79958135, 1), (-0.36042196, 0.48038068, -0.79958135, 1), (-0.9661329, 0.17027017, 0.19389565, -1), (-0.9661329, 0.17027016, 0.19389562, -1), (-0.9661329, 0.17027014, 0.19389564, -1), (0.55446833, 0.5043904, -0.6619329, -1), (0.5544684, 0.5043904, -0.6619329, -1), (0.55446833, 0.5043904, -0.6619329, -1), (0.27261907, -0.56250393, 0.78055626, -1), (0.27261907, -0.56250393, 0.78055626, -1), (0.2726191, -0.562504, 0.7805564, -1), (-0.38546413, 0.74019855, 0.5509297, -1), (-0.38546413, 0.7401985, 0.5509297, -1), (-0.38546413, 0.74019855, 0.5509297, -1), (-0.326967, 0.65909064, 0.67726815, 1), (-0.32696697, 0.65909064, 0.67726815, 1), (-0.326967, 0.6590906, 0.67726815, 1), (-0.95535696, 0.05631135, 0.29003814, 1), (-0.95535696, 0.05631135, 0.2900381, 1), (-0.95535696, 0.056311354, 0.29003814, 1), (-0.92819756, 0.26846907, 0.2576309, -1), (-0.92819756, 0.26846907, 0.2576309, -1), (-0.92819756, 0.26846904, 0.25763088, -1), (-0.7348149, 0.57443196, 0.36065897, 1), (-0.73481494, 0.57443196, 0.360659, 1), (-0.7348149, 0.57443196, 0.36065897, 1), (-0.9695184, 0.07279701, 0.23395434, 1), (-0.9695184, 0.072797015, 0.23395434, 1), (-0.9695184, 0.072797015, 0.23395434, 1), (0.14970048, 0.9068134, 0.39405477, -1), (0.1497005, 0.9068134, 0.3940548, -1), (0.14970048, 0.9068134, 0.39405477, -1), (0.39783555, -0.06669756, 0.9150291, 1), (0.3978355, -0.06669755, 0.9150291, 1), (0.39783552, -0.06669756, 0.9150291, 1), (0.5108275, -0.11038997, 0.8525664, 1), (0.5108275, -0.110389985, 0.8525664, 1), (0.5108275, -0.11039, 0.8525664, 1), (-0.5015823, -0.27820194, 0.8191574, 1), (-0.50158226, -0.2782019, 0.8191574, 1), (-0.5015823, -0.27820197, 0.8191574, 1), (-0.6436718, -0.71055, -0.28426263, -1), (-0.6436718, -0.71055, -0.28426263, -1), (-0.6436718, -0.71055, -0.28426266, -1), (-0.58576334, -0.7354818, -0.34051126, 1), (-0.58576334, -0.7354818, -0.3405113, 1), (-0.58576334, -0.7354818, -0.34051123, 1), (-0.73927504, -0.6038764, -0.29800275, 1), (-0.73927504, -0.6038765, -0.29800278, 1), (-0.73927504, -0.6038765, -0.29800278, 1), (-0.7227331, -0.59390527, -0.35345912, -1), (-0.7227331, -0.59390527, -0.35345912, -1), (-0.7227331, -0.59390527, -0.35345912, -1), (-0.5684196, -0.8007556, -0.18891656, -1), (-0.56841964, -0.80075574, -0.18891658, -1), (-0.5684196, -0.8007556, -0.18891656, -1), (-0.82001334, 0.53576547, -0.20132901, -1), (-0.82001334, 0.53576547, -0.201329, -1), (-0.82001334, 0.53576547, -0.201329, -1), (-0.44060358, -0.84066296, -0.31488794, 1), (-0.44060364, -0.84066296, -0.3148879, 1), (-0.44060358, -0.84066296, -0.3148879, 1), (-0.16418326, -0.45143676, 0.8770683, -1), (-0.16418324, -0.45143676, 0.8770683, -1), (-0.16418324, -0.45143682, 0.87706816, -1), (-0.6143199, 0.7743027, 0.1518761, -1), (-0.61431986, 0.7743028, 0.15187609, -1), (-0.61431986, 0.7743028, 0.1518761, -1), (-0.21046296, 0.97694427, 0.03585057, 1), (-0.21046297, 0.97694427, 0.035850573, 1), (-0.21046297, 0.97694427, 0.035850573, 1), (-0.45307836, -0.724162, 0.51991284, 1), (-0.45307836, -0.724162, 0.5199129, 1), (-0.45307836, -0.724162, 0.51991284, 1), (-0.12224418, 0.68079895, -0.7221975, -1), (-0.12224418, 0.680799, -0.7221975, -1), (-0.12224419, 0.68079895, -0.7221975, -1), (0.4147008, 0.47641623, -0.7752747, -1), (0.4147008, 0.47641617, -0.7752747, -1), (0.4147008, 0.47641623, -0.7752747, -1), (0.37920046, -0.89220047, -0.24532698, 1), (0.37920052, -0.89220047, -0.24532698, 1), (0.37920052, -0.89220047, -0.24532698, 1), (0.53474486, 0.36708692, -0.7611144, -1), (0.5347449, 0.36708692, -0.7611144, -1), (0.53474486, 0.36708692, -0.7611144, -1), (0.59085834, -0.774736, -0.22510138, 1), (0.59085834, -0.774736, -0.22510138, 1), (0.59085834, -0.7747359, -0.22510137, 1), (0.016322678, -0.88133776, -0.47220474, -1), (0.01632268, -0.8813378, -0.47220472, -1), (0.01632268, -0.8813378, -0.47220472, -1), (-0.25242144, -0.7780333, 0.5752804, -1), (-0.25242144, -0.7780334, 0.5752804, -1), (-0.25242144, -0.7780334, 0.5752804, -1), (-0.8475611, -0.0053231926, -0.53067106, -1), (-0.8475611, -0.0053231926, -0.53067106, -1), (-0.8475611, -0.005323193, -0.53067106, -1), (-0.9549017, 0.23876652, -0.17650263, 1), (-0.9549017, 0.23876649, -0.17650263, 1), (-0.9549017, 0.23876652, -0.17650263, 1), (0.14715542, -0.81185454, -0.565011, -1), (0.14715542, -0.81185454, -0.565011, -1), (0.14715543, -0.81185454, -0.565011, -1), (-0.19903988, 0.61733776, -0.7611027, 1), (-0.19903988, 0.61733776, -0.7611027, 1), (-0.19903985, 0.61733776, -0.7611027, 1), (-0.22523238, -0.6836639, -0.6941714, -1), (-0.2252324, -0.68366385, -0.6941715, -1), (-0.2252324, -0.6836639, -0.6941715, -1), (-0.120478466, -0.73523766, 0.66701615, 1), (-0.12047848, -0.7352377, 0.6670161, 1), (-0.120478466, -0.7352377, 0.6670161, 1), (0.9774545, -0.20222919, -0.0607128, -1), (0.9774545, -0.20222917, -0.060712792, -1), (0.9774545, -0.20222922, -0.0607128, -1), (0.8467194, 0.42307368, 0.32260644, 1), (0.8467194, 0.42307368, 0.32260644, 1), (0.8467194, 0.42307368, 0.3226064, 1), (0.9075025, -0.034395263, 0.41863614, 1), (0.9075025, -0.034395263, 0.4186361, 1), (0.9075025, -0.034395266, 0.41863617, 1), (0.9913517, -0.049388748, 0.12158325, -1), (0.9913517, -0.049388755, 0.12158325, -1), (0.9913517, -0.049388755, 0.12158325, -1), (0.20617005, -0.58799225, -0.7821502, -1), (0.20617005, -0.58799225, -0.7821502, -1), (0.20617007, -0.5879922, -0.78215027, -1), (0.8645825, -0.022499572, 0.50198704, -1), (0.8645825, -0.022499574, 0.50198704, -1), (0.8645825, -0.022499572, 0.501987, -1), (0.75284064, 0.3602368, 0.5508725, 1), (0.75284064, 0.3602368, 0.55087256, 1), (0.75284064, 0.36023676, 0.55087256, 1), (0.9369776, 0.062087085, 0.34382847, 1), (0.9369776, 0.062087078, 0.3438284, 1), (0.9369776, 0.062087085, 0.3438285, 1), (0.038459904, -0.52760005, 0.84862185, -1), (0.03845991, -0.52760005, 0.84862185, -1), (0.038459904, -0.52760005, 0.84862185, -1), (-0.15174791, -0.9601863, -0.23455259, -1), (-0.15174791, -0.9601863, -0.2345526, -1), (-0.15174793, -0.9601863, -0.23455264, -1), (-0.5123208, -0.36735636, -0.7762582, -1), (-0.51232076, -0.36735636, -0.77625823, -1), (-0.51232076, -0.36735636, -0.77625823, -1), (-0.6117936, -0.4799322, -0.6287875, 1), (-0.6117935, -0.47993216, -0.6287875, 1), (-0.6117935, -0.4799322, -0.6287875, 1), (-0.16541201, -0.7343538, 0.6583034, -1), (-0.16541202, -0.7343538, 0.6583034, -1), (-0.16541202, -0.7343538, 0.6583034, -1), (0.9392449, -0.21844335, -0.26476696, -1), (0.9392449, -0.21844335, -0.26476696, -1), (0.9392449, -0.21844338, -0.26476696, -1), (-0.09703142, -0.5748777, 0.8124657, 1), (-0.09703142, -0.5748777, 0.81246567, 1), (-0.09703141, -0.5748777, 0.8124657, 1), (0.78060275, 0.5371882, 0.3195125, -1), (0.7806027, 0.53718823, 0.31951246, -1), (0.7806027, 0.5371882, 0.3195125, -1), (0.18908629, -0.5888712, 0.7857971, -1), (0.18908629, -0.5888712, 0.7857971, -1), (0.18908629, -0.5888712, 0.7857972, -1), (0.40390617, -0.5587549, 0.7243292, 1), (0.40390617, -0.5587549, 0.7243292, 1), (0.40390626, -0.5587549, 0.72432923, 1), (0.60440385, 0.53166753, 0.59331745, -1), (0.60440385, 0.53166753, 0.59331745, -1), (0.60440385, 0.53166753, 0.59331745, -1), (0.9976864, -0.04501584, -0.0509455, 1), (0.9976864, -0.045015845, -0.050945498, 1), (0.9976864, -0.04501584, -0.0509455, 1), (-0.16020475, 0.23041502, -0.9598142, 1), (-0.16020475, 0.23041505, -0.9598142, 1), (-0.16020474, 0.23041502, -0.9598142, 1), (0.025325505, -0.8187365, 0.5736106, 1), (0.025325509, -0.8187365, 0.57361066, 1), (0.025325507, -0.81873655, 0.57361054, 1), (-0.35247958, 0.6390972, -0.6836029, 1), (-0.3524796, 0.63909715, -0.68360287, 1), (-0.3524796, 0.63909715, -0.68360287, 1), (0.46049535, 0.5434118, 0.7018887, -1), (0.46049535, 0.5434118, 0.7018887, -1), (0.46049535, 0.5434118, 0.7018887, -1), (-0.0990359, 0.8164479, -0.5688627, -1), (-0.09903588, 0.8164479, -0.56886256, -1), (-0.09903588, 0.8164479, -0.5688627, -1), (0.1933023, -0.4899872, 0.8500275, -1), (0.1933023, -0.4899872, 0.8500275, -1), (0.1933023, -0.4899872, 0.8500275, -1), (-0.081229396, 0.9025827, 0.4227841, -1), (-0.081229396, 0.9025827, 0.42278403, -1), (-0.081229396, 0.9025827, 0.42278403, -1), (-0.6902897, 0.52394545, 0.49898028, 1), (-0.6902897, 0.52394545, 0.49898022, 1), (-0.6902897, 0.52394545, 0.49898022, 1), (-0.5505349, 0.66651815, 0.5026579, -1), (-0.55053496, 0.66651815, 0.50265783, -1), (-0.5505349, 0.66651815, 0.50265783, -1), (0.053857576, 0.9694453, 0.23932208, 1), (0.053857576, 0.9694453, 0.23932208, 1), (0.053857572, 0.9694453, 0.23932208, 1), (-0.47440916, 0.07955734, -0.87670213, 1), (-0.47440916, 0.07955734, -0.87670213, 1), (-0.47440916, 0.07955734, -0.87670213, 1), (0.9229219, 0.028749252, 0.38391218, -1), (0.9229219, 0.028749252, 0.3839122, -1), (0.9229219, 0.028749252, 0.3839122, -1), (0.17300327, 0.4642617, -0.86863744, -1), (0.17300321, 0.46426165, -0.86863744, -1), (0.17300326, 0.46426165, -0.86863744, -1), (-0.5848821, 0.5155014, 0.6262357, -1), (-0.58488214, 0.5155014, 0.62623566, -1), (-0.58488214, 0.51550144, 0.6262357, -1), (-0.0710779, -0.046717655, 0.9963761, -1), (-0.0710779, -0.04671766, 0.9963761, -1), (-0.0710779, -0.04671766, 0.9963761, -1), (-0.15171409, 0.10829031, 0.9824745, 1), (-0.15171409, 0.10829031, 0.9824745, 1), (-0.15171409, 0.108290315, 0.9824745, 1), (-0.28953418, 0.6901701, 0.66320074, 1), (-0.2895342, 0.6901701, 0.66320074, 1), (-0.28953415, 0.69017, 0.66320074, 1), (0.66431046, 0.6643096, -0.342614, -1), (0.66431046, 0.6643096, -0.34261402, -1), (0.66431046, 0.6643096, -0.342614, -1), (0.73503995, 0.43461445, -0.52040994, 1), (0.73503995, 0.4346145, -0.52040994, 1), (0.73503995, 0.4346145, -0.52040994, 1), (-0.98575747, -0.16329636, 0.040204786, -1), (-0.98575747, -0.16329637, 0.04020479, -1), (-0.98575747, -0.16329636, 0.040204786, -1), (-0.9819111, -0.18895204, -0.012150295, 1), (-0.9819111, -0.18895206, -0.012150295, 1), (-0.9819111, -0.18895206, -0.012150295, 1), (-0.8737005, 0.48299518, 0.05799255, 1), (-0.8737005, 0.48299518, 0.05799255, 1), (-0.8737005, 0.48299512, 0.05799255, 1), (-0.8504522, -0.5046991, 0.14835678, 1), (-0.8504522, -0.5046991, 0.14835678, 1), (-0.8504522, -0.5046991, 0.14835678, 1), (-0.92734027, -0.35232136, 0.12613364, -1), (-0.92734027, -0.35232133, 0.12613364, -1), (-0.92734027, -0.35232136, 0.12613364, -1), (-0.8163639, 0.5615896, 0.13478573, -1), (-0.81636375, 0.5615896, 0.13478573, -1), (-0.81636375, 0.5615896, 0.13478573, -1), (0.70950353, -0.31765485, 0.62904704, -1), (0.70950353, -0.31765488, 0.62904704, -1), (0.70950353, -0.31765485, 0.629047, -1), (0.04824295, -0.18010245, 0.98246413, -1), (0.04824295, -0.18010244, 0.98246413, -1), (0.048242953, -0.18010244, 0.98246413, -1), (0.07078466, 0.9484566, 0.3089007, -1), (0.070784666, 0.9484566, 0.3089007, -1), (0.07078466, 0.9484566, 0.30890068, -1), (0.19259055, 0.8850889, -0.42370567, -1), (0.19259056, 0.8850889, -0.42370573, -1), (0.19259055, 0.8850889, -0.42370573, -1), (-0.9599982, -0.26666576, -0.085398786, -1), (-0.9599982, -0.26666573, -0.08539878, -1), (-0.9599982, -0.26666573, -0.08539878, -1), (-0.018303568, -0.25172713, 0.9676251, -1), (-0.018303568, -0.25172713, 0.9676251, -1), (-0.018303568, -0.25172713, 0.9676251, -1), (0.22026499, 0.6498867, -0.72741354, 1), (0.22026499, 0.6498867, -0.72741354, 1), (0.22026499, 0.6498867, -0.72741354, 1), (-0.3022822, 0.19220504, -0.93363947, -1), (-0.3022822, 0.19220504, -0.93363947, -1), (-0.30228218, 0.19220503, -0.93363947, -1), (-0.38869727, -0.86204153, -0.32526726, 1), (-0.38869727, -0.86204153, -0.32526726, 1), (-0.38869727, -0.86204153, -0.32526731, 1), (-0.55968004, -0.74570704, -0.36149588, 1), (-0.5596801, -0.74570704, -0.36149588, 1), (-0.55968004, -0.74570704, -0.36149588, 1), (-0.45703965, -0.8237115, -0.33558014, 1), (-0.45703965, -0.8237115, -0.3355801, 1), (-0.45703965, -0.8237115, -0.33558014, 1), (-0.34332302, -0.8379944, -0.42413992, -1), (-0.343323, -0.8379944, -0.42413992, -1), (-0.343323, -0.8379944, -0.4241399, -1), (-0.3661286, -0.8724728, -0.3236372, -1), (-0.3661286, -0.8724728, -0.3236372, -1), (-0.3661286, -0.8724728, -0.3236372, -1), (-0.9271216, 0.16633919, -0.33582255, -1), (-0.9271216, 0.16633917, -0.33582255, -1), (-0.9271216, 0.16633917, -0.33582258, -1), (-0.3579058, -0.8398905, -0.40802854, 1), (-0.35790578, -0.8398905, -0.4080285, 1), (-0.35790578, -0.8398905, -0.4080285, 1), (-0.37424982, -0.2845349, 0.88259673, -1), (-0.37424985, -0.28453487, 0.88259673, -1), (-0.37424982, -0.2845349, 0.88259673, -1), (-0.89911324, 0.2689298, 0.34535778, -1), (-0.89911324, 0.2689298, 0.34535778, -1), (-0.89911324, 0.26892984, 0.3453578, -1), (-0.6075999, -0.6715518, -0.4240758, 1), (-0.6076, -0.6715519, -0.4240758, 1), (-0.6076, -0.6715518, -0.4240758, 1), (-0.27198967, -0.83007157, 0.4868294, 1), (-0.27198964, -0.83007157, 0.48682934, 1), (-0.27198964, -0.83007157, 0.48682934, 1), (0.2398291, 0.42746708, -0.8716386, -1), (0.2398291, 0.42746708, -0.8716386, -1), (0.23982912, 0.42746708, -0.8716386, -1), (0.65485364, -0.7363401, -0.17020588, 1), (0.65485364, -0.73634005, -0.17020588, 1), (0.6548536, -0.7363401, -0.17020588, 1), (0.94611657, -0.30021098, -0.12139533, 1), (0.94611657, -0.30021095, -0.12139531, 1), (0.94611657, -0.30021098, -0.12139533, 1), (0.6656608, -0.7275206, -0.16616063, 1), (0.6656608, -0.7275206, -0.16616061, 1), (0.6656608, -0.7275206, -0.16616063, 1), (0.8057796, -0.5895563, 0.056058396, -1), (0.8057796, -0.58955634, 0.05605839, -1), (0.8057797, -0.5895563, 0.0560584, -1), (0.5076411, -0.7522486, -0.42002702, -1), (0.5076411, -0.7522486, -0.42002702, -1), (0.5076411, -0.7522486, -0.42002702, -1), (0.41454205, -0.79214555, -0.44795126, -1), (0.41454205, -0.79214555, -0.4479513, -1), (0.41454205, -0.79214555, -0.4479513, -1), (-0.13723654, 0.656407, -0.7418193, 1), (-0.13723654, 0.656407, -0.7418193, 1), (-0.13723655, 0.65640706, -0.7418193, 1), (-0.78406674, -0.4965725, -0.372364, -1), (-0.78406674, -0.4965725, -0.37236404, -1), (-0.78406686, -0.49657252, -0.37236407, -1), (-0.95745623, -0.01786139, -0.28802526, 1), (-0.95745623, -0.01786139, -0.2880253, 1), (-0.95745623, -0.01786139, -0.2880253, 1), (0.7039222, -0.6953251, 0.14497082, -1), (0.70392215, -0.6953251, 0.1449708, -1), (0.7039222, -0.6953251, 0.14497082, -1), (-0.32652116, -0.5771397, 0.7485277, -1), (-0.32652113, -0.5771396, 0.7485277, -1), (-0.3265211, -0.5771396, 0.7485277, -1), (-0.71750325, -0.3164008, 0.62054783, 1), (-0.71750325, -0.3164008, 0.6205479, 1), (-0.71750325, -0.3164008, 0.6205479, 1), (0.94985014, 0.17147866, 0.26149562, -1), (0.94985014, 0.17147866, 0.26149556, -1), (0.94985014, 0.17147867, 0.26149562, -1), (0.9320266, 0.08534766, 0.352196, 1), (0.9320266, 0.08534765, 0.35219598, 1), (0.9320266, 0.08534765, 0.35219598, 1), (0.9371871, -0.29333952, -0.1887653, 1), (0.9371871, -0.2933395, -0.18876529, 1), (0.9371871, -0.29333952, -0.18876529, 1), (0.65945435, 0.38949376, 0.6429732, -1), (0.65945435, 0.38949376, 0.6429732, -1), (0.65945435, 0.38949376, 0.6429732, -1), (0.9467907, 0.18712069, 0.2618648, -1), (0.9467907, 0.1871207, 0.26186484, -1), (0.9467907, 0.1871207, 0.26186484, -1), (0.539339, -0.4575914, -0.70691127, -1), (0.53933895, -0.45759138, -0.70691127, -1), (0.53933895, -0.4575914, -0.70691127, -1), (0.9046899, -0.18779007, -0.38245377, 1), (0.9046899, -0.18779007, -0.38245377, 1), (0.9046899, -0.18779007, -0.38245383, 1), (0, -0.67481285, 0.7379889, -1), (0, -0.67481285, 0.7379889, -1), (0, -0.67481285, 0.7379889, -1), (0.18058562, -0.9201823, -0.34735203, -1), (0.1805856, -0.9201823, -0.34735197, -1), (0.18058561, -0.9201823, -0.34735197, -1), (-0.23903766, -0.6986739, -0.6743262, 1), (-0.23903762, -0.6986739, -0.6743261, 1), (-0.23903762, -0.6986739, -0.6743261, 1), (-0.047541007, -0.75520766, 0.6537594, -1), (-0.047541007, -0.75520766, 0.65375936, -1), (-0.047541007, -0.75520766, 0.6537594, -1), (0.069772646, -0.4343143, 0.89805514, -1), (0.06977264, -0.4343143, 0.89805514, -1), (0.069772646, -0.43431425, 0.89805514, -1), (0.56720716, 0.72223556, -0.39579263, -1), (0.5672071, 0.72223556, -0.39579263, -1), (0.56720716, 0.72223556, -0.39579263, -1), (0.074910276, 0.7012623, 0.70895666, 1), (0.074910276, 0.7012623, 0.70895666, 1), (0.07491027, 0.7012623, 0.70895666, 1), (0.415903, 0.75623035, 0.5051142, -1), (0.41590297, 0.7562303, 0.5051142, -1), (0.415903, 0.75623035, 0.5051142, -1), (0.8203744, 0.4891107, 0.29623714, 1), (0.8203745, 0.48911068, 0.29623717, 1), (0.8203745, 0.48911068, 0.2962372, 1), (-0.0068539362, -0.47738862, 0.8786655, -1), (-0.0068539362, -0.4773886, 0.8786655, -1), (-0.0068539362, -0.4773886, 0.8786655, -1), (0.5396735, -0.8165864, 0.2047907, 1), (0.5396735, -0.8165864, 0.20479068, 1), (0.5396735, -0.8165864, 0.2047907, 1), (0.78300476, -0.5689135, -0.25147742, 1), (0.78300476, -0.5689135, -0.25147742, 1), (0.78300476, -0.5689135, -0.25147742, 1), (0.9227678, -0.34626243, -0.1691207, 1), (0.9227678, -0.34626243, -0.1691207, 1), (0.9227678, -0.34626243, -0.1691207, 1), (0.77216446, 0.32677275, 0.54496014, 1), (0.77216446, 0.32677278, 0.5449601, 1), (0.77216446, 0.32677278, 0.54496014, 1), (0.41154215, 0.7549331, 0.51059663, -1), (0.41154218, 0.7549331, 0.5105967, -1), (0.41154215, 0.7549331, 0.5105967, -1), (-0.8013866, 0.4302275, 0.4155524, -1), (-0.8013866, 0.43022752, 0.4155524, -1), (-0.8013866, 0.43022752, 0.41555247, -1), (-0.8171602, 0.430114, 0.38373312, 1), (-0.8171602, 0.430114, 0.38373312, 1), (-0.8171602, 0.430114, 0.38373312, 1), (-0.8691933, 0.040318582, 0.49282604, 1), (-0.8691933, 0.040318582, 0.492826, 1), (-0.8691933, 0.04031858, 0.492826, 1), (-0.19776213, 0.9073629, 0.37092134, -1), (-0.19776216, 0.907363, 0.37092137, -1), (-0.19776212, 0.9073629, 0.37092134, -1), (-0.2612991, 0.43827856, -0.8600202, 1), (-0.2612991, 0.43827856, -0.8600202, 1), (-0.2612991, 0.4382785, -0.8600202, 1), (0.7201864, 0.67126465, 0.1753152, -1), (0.72018635, 0.6712647, 0.17531519, -1), (0.72018635, 0.67126465, 0.17531519, -1), (0.0377432, 0.5697811, -0.82092935, -1), (0.0377432, 0.5697811, -0.82092935, -1), (0.0377432, 0.5697811, -0.82092935, -1), (0.3758249, 0.63974, -0.67043895, 1), (0.37582484, 0.63974, -0.67043895, 1), (0.3758249, 0.63974, -0.67043895, 1), (0.13834083, 0.6483768, 0.7486449, -1), (0.13834085, 0.6483768, 0.7486449, -1), (0.13834085, 0.6483769, 0.74864495, -1), (-0.31251258, -0.44644102, 0.83846664, 1), (-0.31251258, -0.44644102, 0.83846664, 1), (-0.31251258, -0.44644102, 0.83846664, 1), (-0.9178649, 0.39154586, -0.06492968, -1), (-0.9178649, 0.39154586, -0.06492968, -1), (-0.9178649, 0.39154586, -0.06492968, -1), (-0.98858213, 0.15002756, 0.014034393, 1), (-0.98858213, 0.15002756, 0.014034393, 1), (-0.98858213, 0.15002759, 0.014034395, 1), (-0.99355257, -0.0259342, -0.110366486, -1), (-0.99355257, -0.0259342, -0.1103665, -1), (-0.99355257, -0.0259342, -0.11036651, -1), (-0.946522, -0.31158218, -0.08374154, -1), (-0.946522, -0.31158215, -0.08374153, -1), (-0.946522, -0.31158218, -0.08374154, -1), (0.17635457, 0.97009796, -0.16675977, 1), (0.17635456, 0.97009796, -0.16675977, 1), (0.17635454, 0.97009796, -0.16675979, 1), (-0.6259862, -0.16755855, 0.76162016, 1), (-0.6259862, -0.16755855, 0.76162016, 1), (-0.6259862, -0.16755855, 0.76162016, 1), (0.04632116, -0.49173328, -0.869513, -1), (0.046321157, -0.49173328, -0.86951286, -1), (0.04632116, -0.49173328, -0.869513, -1), (-0.01942775, -0.9243469, -0.38105816, -1), (-0.01942775, -0.9243469, -0.38105816, -1), (-0.019427748, -0.9243469, -0.38105813, -1), (0.06634372, -0.8459048, -0.52919143, 1), (0.06634371, -0.8459048, -0.5291914, 1), (0.06634371, -0.8459048, -0.5291914, 1), (-0.053774256, -0.98133564, -0.1846315, 1), (-0.053774264, -0.98133564, -0.18463151, 1), (-0.053774256, -0.98133564, -0.1846315, 1), (0.12590633, -0.9591409, -0.25337, 1), (0.12590633, -0.9591409, -0.25336996, 1), (0.12590635, -0.9591409, -0.25337, 1), (-0.06756946, -0.9480807, -0.31076866, 1), (-0.06756946, -0.9480807, -0.31076866, 1), (-0.06756946, -0.9480807, -0.31076866, 1), (-0.3194821, 0.8225617, -0.4704504, 1), (-0.3194821, 0.82256156, -0.47045037, 1), (-0.3194821, 0.82256156, -0.47045037, 1), (-0.94422114, 0.2995521, -0.13680267, -1), (-0.94422114, 0.29955208, -0.13680266, -1), (-0.94422114, 0.29955208, -0.13680267, -1), (-0.74319434, 0.66902393, -0.008312719, 1), (-0.74319446, 0.66902393, -0.00831272, 1), (-0.74319446, 0.669024, -0.008312721, 1), (-0.80705464, -0.06209927, 0.5872023, 1), (-0.80705464, -0.06209927, 0.5872023, 1), (-0.8070547, -0.062099267, 0.58720225, 1), (-0.6259514, -0.14761195, 0.76576465, -1), (-0.6259514, -0.14761195, 0.76576465, -1), (-0.6259514, -0.14761196, 0.7657647, -1), (-0.22272786, -0.80905175, -0.5439003, 1), (-0.22272786, -0.80905175, -0.54390025, 1), (-0.22272786, -0.80905175, -0.5439003, 1), (-0.35244083, -0.79829746, -0.48837128, -1), (-0.35244083, -0.7982975, -0.48837128, -1), (-0.35244086, -0.79829746, -0.48837128, -1), (0.0458643, -0.3863718, 0.92120206, 1), (0.0458643, -0.3863718, 0.92120206, 1), (0.045864303, -0.3863718, 0.92120206, 1), (0.74649596, -0.56242144, -0.35556412, -1), (0.74649596, -0.5624215, -0.35556412, -1), (0.7464959, -0.56242156, -0.3555641, -1), (0.28728676, 0.91389304, -0.2868199, -1), (0.28728673, 0.91389304, -0.2868199, -1), (0.28728673, 0.91389304, -0.2868199, -1), (0.8815491, -0.42113757, -0.21334106, -1), (0.8815491, -0.42113757, -0.21334106, -1), (0.8815491, -0.42113757, -0.21334106, -1), (0.40153888, -0.6894254, -0.60287565, -1), (0.40153894, -0.68942535, -0.60287565, -1), (0.40153888, -0.6894254, -0.60287565, -1), (0.78679967, -0.32974574, -0.5217413, 1), (0.78679967, -0.32974574, -0.52174133, 1), (0.78679967, -0.32974574, -0.52174133, 1), (0.85884166, -0.44548485, -0.2528523, 1), (0.8588416, -0.44548488, -0.2528523, 1), (0.85884166, -0.44548485, -0.2528523, 1), (-0.23031148, 0.2516414, -0.9400177, 1), (-0.23031148, 0.2516414, -0.9400177, 1), (-0.23031148, 0.2516414, -0.9400177, 1), (0.82276595, 0.26459885, 0.5030344, -1), (0.82276595, 0.26459885, 0.5030345, -1), (0.82276595, 0.26459888, 0.5030345, -1), (-0.037940178, 0.40095496, -0.91531175, -1), (-0.03794018, 0.40095496, -0.9153119, -1), (-0.037940178, 0.40095496, -0.91531175, -1), (0.3459873, 0.8867378, -0.30657583, 1), (0.34598732, 0.8867378, -0.30657583, 1), (0.34598732, 0.8867378, -0.30657583, 1), (0.86558336, -0.43712258, -0.24431384, -1), (0.86558336, -0.43712258, -0.24431384, -1), (0.86558336, -0.43712258, -0.24431384, -1), (0.98354024, -0.031323705, -0.1779533, 1), (0.98354024, -0.031323705, -0.1779533, 1), (0.98354024, -0.031323705, -0.1779533, 1), (0.7427737, 0.105255686, 0.6612174, -1), (0.7427736, 0.10525568, 0.6612174, -1), (0.74277365, 0.105255686, 0.6612174, -1), (0.61140037, 0.79097384, 0.023453327, -1), (0.61140037, 0.79097384, 0.023453327, -1), (0.6114004, 0.79097384, 0.023453327, -1), (0.11781558, 0.2964935, 0.94774, 1), (0.11781559, 0.29649353, 0.94774, 1), (0.11781558, 0.2964935, 0.94774, 1), (0.7771197, -0.11853159, 0.6180899, -1), (0.7771197, -0.1185316, 0.6180899, -1), (0.7771197, -0.1185316, 0.6180899, -1), (0.5620185, 0.2561934, 0.7864478, 1), (0.5620185, 0.2561934, 0.78644776, 1), (0.5620185, 0.2561934, 0.78644776, 1), (0.74359107, 0.20856105, 0.6352752, 1), (0.74359107, 0.20856106, 0.6352751, 1), (0.74359107, 0.20856106, 0.6352752, 1), (-0.3506879, -0.5396043, 0.76540524, -1), (-0.3506879, -0.5396043, 0.76540524, -1), (-0.3506879, -0.53960437, 0.76540524, -1), (-0.17208865, -0.97842777, 0.11430034, -1), (-0.17208867, -0.97842777, 0.114300326, -1), (-0.17208867, -0.97842777, 0.11430034, -1), (0.483905, 0.34632456, -0.8036761, -1), (0.48390496, 0.34632453, -0.8036761, -1), (0.48390496, 0.34632456, -0.8036761, -1), (0.37147704, 0.7239928, -0.5812394, -1), (0.37147704, 0.7239928, -0.58123946, -1), (0.37147704, 0.7239928, -0.5812394, -1), (-0.08889686, 0.71381104, 0.6946734, 1), (-0.08889686, 0.71381104, 0.6946734, 1), (-0.08889686, 0.71381104, 0.6946734, 1), (-0.15711366, 0.71567446, 0.6805332, 1), (-0.15711366, 0.7156744, 0.6805332, 1), (-0.15711366, 0.7156744, 0.6805332, 1), (-0.37919912, 0.61269695, 0.693405, -1), (-0.37919912, 0.61269695, 0.693405, -1), (-0.37919912, 0.6126969, 0.693405, -1), (0.04414348, 0.75569946, 0.65342915, 1), (0.04414348, 0.75569946, 0.65342915, 1), (0.044143483, 0.75569946, 0.65342915, 1), (-0.33744773, -0.40080747, 0.8517526, -1), (-0.3374478, -0.40080747, 0.8517526, -1), (-0.33744773, -0.4008074, 0.8517526, -1), (0.8607988, -0.29138136, 0.4172798, -1), (0.8607988, -0.29138133, 0.41727975, -1), (0.8607988, -0.2913813, 0.41727975, -1), (0.8774627, -0.30004403, -0.37420967, 1), (0.8774627, -0.30004403, -0.3742097, 1), (0.8774627, -0.30004403, -0.3742097, 1), (0.7277455, 0.38603753, -0.5668876, -1), (0.72774553, 0.3860375, -0.56688756, -1), (0.7277455, 0.38603753, -0.5668875, -1), (-0.012916744, -0.030833203, 0.9994411, 1), (-0.012916744, -0.0308332, 0.9994411, 1), (-0.012916746, -0.030833207, 0.9994411, 1), (-0.027280955, 0.84786177, -0.529515, 1), (-0.02728095, 0.84786177, -0.529515, 1), (-0.027280955, 0.84786177, -0.529515, 1), (0.038396176, -0.99807835, 0.048636034, 1), (0.03839618, -0.99807835, 0.04863604, 1), (0.03839618, -0.99807835, 0.04863604, 1), (0.1465694, -0.988366, 0.040621173, 1), (0.14656942, -0.988366, 0.040621173, 1), (0.14656942, -0.988366, 0.040621173, 1), (1, 0, 0, -1), (1, 0, 0, -1), (1, 0, 0, -1), (0.698036, 0.5785626, 0.4219136, -1), (0.698036, 0.5785626, 0.4219136, -1), (0.698036, 0.5785626, 0.4219136, -1), (0.9652744, 0.009573698, -0.26106262, -1), (0.9652744, 0.009573698, -0.26106262, -1), (0.9652744, 0.009573698, -0.26106262, -1), (0.26927546, -0.8736903, -0.40516162, -1), (0.26927546, -0.8736903, -0.4051616, -1), (0.2692755, -0.8736903, -0.40516165, -1), (0.32022825, -0.88295335, -0.34328875, -1), (0.32022822, -0.88295335, -0.3432887, -1), (0.32022822, -0.88295335, -0.34328875, -1), (-0.27715045, 0.70896727, 0.64850056, -1), (-0.27715045, 0.70896727, 0.64850056, -1), (-0.27715045, 0.70896727, 0.64850056, -1), (-0.28307685, 0.71370614, 0.64069575, -1), (-0.28307685, 0.71370614, 0.64069575, -1), (-0.28307685, 0.71370614, 0.64069575, -1), (-0.37654144, 0.4943533, -0.78347397, -1), (-0.3765414, 0.4943533, -0.78347397, -1), (-0.37654144, 0.4943533, -0.78347397, -1), (-0.4444806, 0.85603815, -0.26388577, -1), (-0.4444806, 0.85603815, -0.26388577, -1), (-0.44448054, 0.85603815, -0.26388577, -1), (-0.4796627, 0.18459044, -0.857817, -1), (-0.4796627, 0.1845904, -0.857817, -1), (-0.47966263, 0.18459038, -0.857817, -1), (0.9111615, 0.3967134, 0.111369565, -1), (0.9111615, 0.3967134, 0.11136958, -1), (0.9111615, 0.3967134, 0.111369565, -1), (0.23664354, 0.85270596, 0.46571717, -1), (0.23664354, 0.85270596, 0.46571714, -1), (0.23664354, 0.85270596, 0.46571714, -1), (-0.18373276, -0.75759715, -0.62632966, -1), (-0.18373278, -0.7575972, -0.62632966, -1), (-0.18373278, -0.7575972, -0.6263296, -1), (-0.38530445, -0.8281948, -0.40698144, -1), (-0.38530445, -0.8281948, -0.40698144, -1), (-0.38530448, -0.8281948, -0.40698144, -1), (-0.18298753, -0.87893015, -0.44045123, -1), (-0.18298756, -0.87893015, -0.4404513, -1), (-0.18298753, -0.87893015, -0.44045123, -1), (-0.07359319, 0.9675211, 0.24184082, -1), (-0.0735932, 0.9675211, 0.24184082, -1), (-0.07359319, 0.9675211, 0.24184082, -1), (0.21851182, 0.7952315, 0.56556106, -1), (0.21851182, 0.7952315, 0.5655611, -1), (0.21851185, 0.7952315, 0.5655612, -1), (-0.21503344, 0.6750339, -0.7057549, -1), (-0.21503343, 0.6750339, -0.7057549, -1), (-0.21503341, 0.6750339, -0.7057549, -1), (-0.23355973, 0.80845535, -0.5402312, -1), (-0.23355974, 0.8084553, -0.5402313, -1), (-0.23355971, 0.8084553, -0.54023135, -1), (-0.3388344, 0.6758614, -0.6545246, -1), (-0.33883446, 0.6758614, -0.6545247, -1), (-0.3388344, 0.6758614, -0.6545247, -1), (-0.44201678, -0.88265127, -0.15983734, -1), (-0.44201678, -0.88265127, -0.15983734, -1), (-0.44201684, -0.88265127, -0.15983734, -1), (0.9604742, -0.27747783, -0.022257723, -1), (0.9604742, -0.27747786, -0.022257725, -1), (0.9604742, -0.27747786, -0.022257723, -1), (0.39447236, -0.63259757, -0.66649216, -1), (0.3944724, -0.63259757, -0.66649216, -1), (0.3944724, -0.6325976, -0.66649216, -1), (-0.6962824, -0.6213768, -0.35927936, -1), (-0.6962824, -0.6213768, -0.35927936, -1), (-0.6962824, -0.6213768, -0.35927936, -1), (-0.65451187, -0.6821671, -0.32597902, -1), (-0.65451187, -0.6821671, -0.32597902, -1), (-0.65451187, -0.6821671, -0.32597902, -1), (0.6565083, 0.4578207, 0.59949726, -1), (0.6565083, 0.45782068, 0.59949726, -1), (0.6565084, 0.4578207, 0.59949726, -1), (0.65431, 0.46704382, 0.59476763, -1), (0.65431, 0.4670438, 0.59476763, -1), (0.65431, 0.4670438, 0.59476763, -1), (-0.10361593, 0.80039084, -0.59045595, -1), (-0.10361593, 0.80039084, -0.590456, -1), (-0.10361593, 0.80039084, -0.590456, -1), (0.34185722, 0.9275713, -0.15081465, -1), (0.34185717, 0.9275713, -0.15081465, -1), (0.34185722, 0.9275713, -0.15081467, -1), (-0.42064384, 0.70733106, -0.5681035, -1), (-0.4206439, 0.70733106, -0.56810355, -1), (-0.42064387, 0.70733106, -0.5681035, -1), (-0.76186013, 0.5602567, 0.32508707, -1), (-0.76186013, 0.5602567, 0.32508707, -1), (-0.76186013, 0.5602567, 0.32508707, -1), (0.9309528, -0.2252741, 0.28736466, -1), (0.9309528, -0.22527413, 0.28736466, -1), (0.9309528, -0.2252741, 0.28736463, -1), (0.9328438, 0.14325885, 0.33057445, -1), (0.9328438, 0.14325882, 0.33057442, -1), (0.9328438, 0.14325884, 0.33057442, -1), (-0.049991727, 0.41779622, -0.9071644, -1), (-0.04999172, 0.41779622, -0.9071644, -1), (-0.04999172, 0.41779622, -0.9071644, -1), (0.29780087, 0.8220469, -0.48533857, -1), (0.29780093, 0.8220468, -0.48533863, -1), (0.2978009, 0.8220469, -0.48533863, -1), (0.20841627, 0.7736998, -0.59829026, -1), (0.20841628, 0.7736998, -0.5982903, -1), (0.20841627, 0.7736998, -0.59829026, -1), (0.25801265, -0.87257165, -0.41478688, -1), (0.25801265, -0.87257165, -0.41478688, -1), (0.25801268, -0.87257165, -0.41478685, -1), (-0.54450047, -0.49266493, -0.6788228, -1), (-0.54450047, -0.49266493, -0.6788228, -1), (-0.5445005, -0.492665, -0.6788228, -1), (-0.9690899, 0.23244327, 0.08267353, -1), (-0.9690899, 0.23244332, 0.082673535, -1), (-0.9690899, 0.2324433, 0.082673535, -1), (-0.9826889, 0.15511316, 0.10130392, -1), (-0.9826889, 0.15511318, 0.10130392, -1), (-0.9826889, 0.15511316, 0.10130392, -1), (0.91270244, -0.37138048, 0.17044316, -1), (0.9127023, -0.37138054, 0.17044318, -1), (0.9127023, -0.3713805, 0.17044316, -1), (0.9170369, -0.36264175, 0.16593479, -1), (0.9170369, -0.36264175, 0.16593479, -1), (0.9170369, -0.36264172, 0.16593479, -1), (0.3461515, 0.7345925, -0.58356917, -1), (0.3461515, 0.7345925, -0.58356917, -1), (0.3461515, 0.7345925, -0.58356917, -1), (0.8363217, 0.3602485, -0.41326383, -1), (0.8363217, 0.36024848, -0.41326377, -1), (0.8363217, 0.36024845, -0.41326377, -1), (0.123557135, 0.9053495, -0.40629548, -1), (0.12355712, 0.9053495, -0.40629545, -1), (0.123557135, 0.9053495, -0.40629548, -1), (-0.22587347, -0.86546487, -0.44715968, -1), (-0.22587349, -0.86546487, -0.44715974, -1), (-0.22587352, -0.86546487, -0.44715974, -1), (-0.71260536, 0.69459444, 0.09865209, -1), (-0.71260536, 0.6945943, 0.09865209, -1), (-0.71260536, 0.6945943, 0.09865209, -1), (-0.08621016, 0.67785656, 0.7301221, -1), (-0.08621016, 0.67785656, 0.7301221, -1), (-0.08621016, 0.67785656, 0.7301221, -1), (-0.78225267, 0.5012686, 0.3698791, -1), (-0.7822526, 0.50126857, 0.3698791, -1), (-0.78225267, 0.5012685, 0.36987907, -1), (0.66611624, -0.7436819, -0.056800403, -1), (0.66611624, -0.7436819, -0.056800406, -1), (0.66611636, -0.74368185, -0.056800395, -1), (0.67285407, -0.7371291, -0.062514275, -1), (0.67285407, -0.73712915, -0.06251428, -1), (0.67285407, -0.7371291, -0.062514275, -1), (0.4893408, 0.5653892, -0.66398835, -1), (0.48934084, 0.56538916, -0.6639883, -1), (0.48934084, 0.56538916, -0.6639883, -1), (0.78932196, 0.002231281, -0.6139754, -1), (0.78932196, 0.002231281, -0.6139754, -1), (0.78932196, 0.0022312808, -0.6139754, -1), (0.41450936, 0.79743314, -0.4385002, -1), (0.41450936, 0.79743314, -0.4385002, -1), (0.41450936, 0.79743314, -0.43850017, -1), (0.96595633, -0.025012685, -0.2574934, -1), (0.96595633, -0.025012685, -0.25749347, -1), (0.96595633, -0.025012681, -0.25749347, -1), (0.35345852, -0.8343489, -0.4230001, -1), (0.35345852, -0.8343489, -0.4230001, -1), (0.35345852, -0.8343489, -0.42300007, -1), (-0.54754883, 0.82063633, 0.16354299, -1), (-0.54754883, 0.82063633, 0.16354297, -1), (-0.5475488, 0.82063633, 0.16354299, -1), (-0.18508947, 0.9622129, 0.19972028, -1), (-0.18508947, 0.9622129, 0.1997203, -1), (-0.18508948, 0.9622129, 0.1997203, -1), (-0.3377244, 0.64527863, 0.6852428, -1), (-0.3377244, 0.64527863, 0.6852428, -1), (-0.3377244, 0.64527863, 0.6852428, -1), (-0.06250892, 0.9041694, 0.42257592, -1), (-0.062508926, 0.9041694, 0.42257592, -1), (-0.06250892, 0.9041694, 0.42257592, -1), (0.48816496, -0.87207615, -0.03432228, -1), (0.48816502, -0.87207615, -0.034322284, -1), (0.48816502, -0.87207615, -0.034322288, -1), (0.50120866, -0.7823311, -0.36979446, -1), (0.50120866, -0.7823311, -0.36979446, -1), (0.50120866, -0.7823311, -0.3697945, -1), (0.2885072, -0.8930347, -0.3453299, -1), (0.28850716, -0.8930347, -0.34532988, -1), (0.28850716, -0.8930347, -0.3453299, -1), (0.5618127, 0.31895307, -0.7633056, -1), (0.56181276, 0.31895307, -0.7633056, -1), (0.5618127, 0.31895307, -0.7633056, -1), (0.5661792, 0.18421993, -0.8034327, -1), (0.5661792, 0.18421993, -0.8034327, -1), (0.5661793, 0.18421993, -0.8034327, -1), (0.2694949, 0.37902108, -0.8852771, -1), (0.2694949, 0.3790211, -0.8852771, -1), (0.2694949, 0.37902102, -0.8852771, -1), (0.46562356, 0.6475782, -0.6031892, -1), (0.46562356, 0.6475782, -0.6031892, -1), (0.46562356, 0.6475782, -0.6031892, -1), (-0.9304441, -0.20824909, -0.30150628, -1), (-0.9304441, -0.20824908, -0.30150625, -1), (-0.9304441, -0.20824908, -0.30150625, -1), (-0.11248535, -0.77007735, -0.6279554, -1), (-0.11248535, -0.7700773, -0.6279555, -1), (-0.112485364, -0.7700773, -0.6279555, -1), (-0.705253, 0.7089133, -0.007760444, -1), (-0.70525295, 0.70891327, -0.007760444, -1), (-0.705253, 0.7089133, -0.007760444, -1), (0.16637446, 0.68171406, 0.7124503, -1), (0.16637446, 0.68171406, 0.7124503, -1), (0.16637447, 0.68171406, 0.7124504, -1), (0.114499286, 0.6739541, 0.7298464, -1), (0.114499286, 0.6739541, 0.7298464, -1), (0.114499286, 0.6739541, 0.7298464, -1), (-0.24071825, -0.8800388, -0.40937334, -1), (-0.24071825, -0.8800388, -0.40937334, -1), (-0.24071828, -0.8800388, -0.4093734, -1), (-0.23547378, -0.8795482, -0.41345772, -1), (-0.23547378, -0.8795482, -0.41345772, -1), (-0.23547378, -0.8795481, -0.41345766, -1), (0.2514024, 0.6771479, -0.6915688, -1), (0.25140244, 0.6771479, -0.69156885, -1), (0.25140238, 0.6771479, -0.6915688, -1), (0.44767818, 0.13853112, -0.8833988, -1), (0.44767818, 0.13853112, -0.8833988, -1), (0.4476782, 0.13853113, -0.8833988, -1), (-0.9720641, 0.22312333, 0.07285237, -1), (-0.9720641, 0.22312333, 0.07285237, -1), (-0.9720641, 0.22312334, 0.07285237, -1), (-0.36414105, 0.92378193, 0.118440345, -1), (-0.36414108, 0.92378193, 0.118440345, -1), (-0.36414108, 0.92378193, 0.118440345, -1), (0.69014794, 0.5817486, 0.43042353, -1), (0.69014794, 0.5817486, 0.43042353, -1), (0.69014794, 0.5817486, 0.43042353, -1), (0.63886845, 0.59048223, 0.49313053, -1), (0.63886845, 0.5904823, 0.49313056, -1), (0.63886845, 0.5904823, 0.49313056, -1), (-0.6979902, -0.69774806, -0.16111256, -1), (-0.6979902, -0.6977481, -0.16111258, -1), (-0.69799024, -0.6977481, -0.16111258, -1), (-0.69447845, -0.6989506, -0.17078584, -1), (-0.69447845, -0.6989506, -0.17078584, -1), (-0.6944784, -0.6989506, -0.17078583, -1), (0.2494219, 0.05233173, -0.9669798, -1), (0.2494219, 0.052331734, -0.9669798, -1), (0.2494219, 0.052331742, -0.9669798, -1), (-0.2415461, -0.3511631, -0.9046214, -1), (-0.2415461, -0.3511631, -0.9046214, -1), (-0.24154606, -0.3511631, -0.9046214, -1), (0.55458313, 0.05571457, -0.8302611, -1), (0.55458313, 0.05571457, -0.8302611, -1), (0.5545832, 0.05571457, -0.83026105, -1), (0.0681145, 0.074480616, -0.99489343, -1), (0.06811449, 0.07448061, -0.99489343, -1), (0.06811449, 0.074480616, -0.99489343, -1), (0.7550827, 0.3711164, 0.5404839, -1), (0.7550827, 0.3711164, 0.5404839, -1), (0.7550827, 0.37111646, 0.5404839, -1), (0.90633714, 0.2959588, 0.30159795, -1), (0.90633714, 0.2959588, 0.30159795, -1), (0.90633714, 0.2959588, 0.30159795, -1), (-0.782526, -0.6020545, -0.15869287, -1), (-0.78252596, -0.60205454, -0.15869288, -1), (-0.78252596, -0.6020545, -0.15869288, -1), (-0.96091133, -0.27294514, -0.04637223, -1), (-0.96091133, -0.27294514, -0.04637223, -1), (-0.96091133, -0.2729452, -0.04637223, -1), (0.38351342, 0.6771275, -0.6280254, -1), (0.38351342, 0.6771274, -0.6280254, -1), (0.38351342, 0.6771275, -0.6280254, -1), (-0.053957254, -0.061278697, -0.9966612, -1), (-0.053957254, -0.061278693, -0.9966612, -1), (-0.05395725, -0.061278697, -0.9966612, -1), (-0.06483576, 0.060479246, -0.9960615, -1), (-0.06483576, 0.06047925, -0.9960615, -1), (-0.06483576, 0.06047925, -0.9960615, -1), (-0.15442109, -0.0677131, -0.9856821, -1), (-0.15442109, -0.06771309, -0.9856821, -1), (-0.15442109, -0.0677131, -0.9856821, -1), (-0.10727755, 0.017949669, -0.9940671, -1), (-0.10727756, 0.017949672, -0.9940671, -1), (-0.10727756, 0.017949672, -0.9940671, -1), (-0.2867704, 0.8341519, 0.4711192, -1), (-0.2867704, 0.8341519, 0.4711192, -1), (-0.2867704, 0.8341519, 0.4711192, -1), (0.57883817, 0.8029762, 0.14204088, -1), (0.5788382, 0.80297613, 0.14204088, -1), (0.57883817, 0.80297625, 0.1420409, -1), (0.9623352, -0.2716695, -0.010322675, -1), (0.9623352, -0.2716695, -0.010322675, -1), (0.9623352, -0.27166954, -0.010322675, -1), (0.9668855, -0.24641244, 0.066432014, -1), (0.9668855, -0.24641247, 0.066432014, -1), (0.9668855, -0.24641247, 0.06643202, -1), (-0.9543647, 0.13113573, 0.26831222, -1), (-0.9543647, 0.13113573, 0.26831222, -1), (-0.9543647, 0.13113575, 0.26831222, -1), (-0.9572898, 0.13055256, 0.25797734, -1), (-0.9572898, 0.13055257, 0.25797734, -1), (-0.9572898, 0.13055256, 0.25797737, -1), (-0.19946922, 0.11772143, -0.9728071, -1), (-0.19946922, 0.117721446, -0.9728071, -1), (-0.19946922, 0.11772144, -0.9728071, -1), (-0.73650366, 0.21743982, -0.6405328, -1), (-0.73650366, 0.21743982, -0.6405328, -1), (-0.7365037, 0.21743982, -0.6405328, -1), (0.008026822, -0.13913736, -0.9902406, -1), (0.0080268225, -0.13913737, -0.9902406, -1), (0.008026822, -0.13913737, -0.9902406, -1), (0.21785085, 0.8253441, 0.52091086, -1), (0.21785085, 0.8253441, 0.52091086, -1), (0.21785082, 0.8253441, 0.520911, -1), (0.74424267, -0.5152847, -0.42495227, -1), (0.74424267, -0.5152848, -0.4249523, -1), (0.74424267, -0.5152847, -0.42495227, -1), (0.03504834, -0.985188, -0.16785805, -1), (0.035048347, -0.985188, -0.16785806, -1), (0.035048343, -0.985188, -0.16785805, -1), (0.7573724, -0.6436964, -0.10973611, -1), (0.7573723, -0.6436964, -0.1097361, -1), (0.7573723, -0.6436965, -0.109736115, -1), (-0.70773154, 0.50344443, 0.49564078, -1), (-0.70773154, 0.5034444, 0.49564078, -1), (-0.7077316, 0.5034444, 0.49564084, -1), (-0.7129434, 0.50517225, 0.48632574, -1), (-0.7129433, 0.5051723, 0.4863258, -1), (-0.7129433, 0.5051723, 0.4863258, -1), (-0.342484, 0.2860721, -0.894912, -1), (-0.342484, 0.28607208, -0.894912, -1), (-0.342484, 0.28607208, -0.894912, -1), (-0.6890396, 0.5754068, -0.4406036, -1), (-0.6890396, 0.57540673, -0.44060355, -1), (-0.6890396, 0.57540673, -0.4406036, -1), (-0.28138205, -0.035162974, -0.95895135, -1), (-0.28138202, -0.035162967, -0.95895135, -1), (-0.28138205, -0.03516297, -0.95895135, -1), (-0.39476487, -0.7799959, 0.48555854, -1), (-0.39476487, -0.7799959, 0.48555857, -1), (-0.3947648, -0.7799959, 0.48555857, -1), (-0.1313455, 0.5602924, -0.8178146, -1), (-0.13134551, 0.5602925, -0.8178146, -1), (-0.13134553, 0.56029254, -0.8178146, -1), (1, 0, 0, -1), (1, 0, 0, -1), (1, 0, 0, -1), (0.32659873, 0.23548403, 0.9153582, -1), (0.32659876, 0.23548405, 0.9153581, -1), (0.31850672, 0.26292357, 0.91072756, -1), (-0.11364094, 0.14606655, 0.982726, -1), (-0.11364023, 0.14606409, 0.98272645, -1), (-0.11364052, 0.14606515, 0.9827262, -1), (-0.10706408, 0.1481253, 0.98315626, 1), (-0.10706374, 0.14812477, 0.9831564, 1), (-0.10706376, 0.14812434, 0.9831564, 1), (-0.2234326, -0.14568833, -0.96377015, -1), (-0.22343256, -0.14568831, -0.96377015, -1), (-0.2234326, -0.14568833, -0.96377015, -1), (-0.27011344, -0.08667606, -0.9589191, -1), (-0.27011347, -0.08667607, -0.9589191, -1), (-0.27011347, -0.08667607, -0.9589191, -1), (0.4706613, 0.5148037, 0.71655786, -1), (0.47066128, 0.5148037, 0.71655786, -1), (0.47066128, 0.5148037, 0.71655786, -1), (-0.3139392, -0.1685286, -0.9343662, -1), (-0.31393924, -0.16852859, -0.9343662, -1), (-0.3139392, -0.16852863, -0.9343663, -1), (-0.46932852, -0.5079076, -0.72233, -1), (-0.46932855, -0.5079076, -0.72233, -1), (-0.46932855, -0.5079076, -0.7223299, -1), (0.24523349, 0.09811296, 0.96448666, -1), (0.24523346, 0.09811295, 0.96448666, -1), (0.24523343, 0.09811294, 0.96448666, -1), (0.23342529, 0.40036875, 0.886125, -1), (0.23342529, 0.40036872, 0.886125, -1), (0.23342532, 0.40036875, 0.886125, -1), (-0.7581742, -0.0013864673, -0.6520507, -1), (-0.7581742, -0.0013864673, -0.6520507, -1), (-0.7581742, -0.0013864673, -0.6520507, -1), (0.79588515, -0.04299733, 0.6039188, -1), (0.7958852, -0.042997334, 0.6039188, -1), (0.79588515, -0.042997334, 0.6039188, -1), (0.88132405, 0.124530345, 0.4558071, -1), (0.8813242, 0.12453035, 0.4558071, -1), (0.8813242, 0.12453036, 0.4558071, -1), (0.82456464, 0.1007481, 0.5567252, -1), (0.82456464, 0.1007481, 0.55672514, -1), (0.82456464, 0.1007481, 0.55672514, -1), (-0.6660079, 0.43617862, -0.60512954, -1), (-0.6660079, 0.43617857, -0.6051295, -1), (-0.6660079, 0.43617862, -0.60512954, -1), (0.6447213, 0.0070421067, 0.7643853, -1), (0.6447214, 0.007042107, 0.7643852, -1), (0.64472127, 0.0070421067, 0.7643853, -1), (0.45168373, -0.18600617, 0.8725729, -1), (0.45168373, -0.18600617, 0.8725729, -1), (0.4516838, -0.18600616, 0.8725729, -1), (-0.8555014, -0.15217903, -0.49493325, -1), (-0.8555014, -0.15217903, -0.49493325, -1), (-0.8555014, -0.15217905, -0.49493325, -1), (-0.72639847, 0.13276292, -0.6743287, -1), (-0.72639847, 0.13276294, -0.6743287, -1), (-0.72639847, 0.13276292, -0.6743287, -1), (-0.7205113, 0.14158621, -0.6788349, -1), (-0.7205113, 0.1415862, -0.6788349, -1), (-0.7205112, 0.1415862, -0.6788349, -1), (-0.8492046, 0.44956186, -0.27702996, -1), (-0.8492046, 0.44956192, -0.27703002, -1), (-0.8492046, 0.44956186, -0.27703, -1), (-0.12494381, 0.97496665, 0.18392712, -1), (-0.124921195, 0.97497433, 0.18390158, -1), (-0.12492492, 0.9749731, 0.18390577, -1), (-0.124363884, 0.9749058, 0.1846407, -1), (-0.12423803, 0.9749488, 0.18449852, -1), (-0.18908173, 0.115904815, -0.97509694, 1), (-0.18908171, 0.1159048, -0.97509694, 1), (-0.18908171, 0.11590479, -0.97509694, 1), (0.49449408, 0.7536349, -0.4330243, -1), (0.49449408, 0.7536349, -0.4330243, -1), (0.49449414, 0.7536349, -0.43302423, -1), (0.2200194, 0.8650299, -0.45090446, -1), (0.2200194, 0.8650299, -0.45090446, -1), (0.2200194, 0.8650299, -0.45090446, -1), (-0.5175403, -0.4061107, -0.75314426, -1), (-0.51754034, -0.4061107, -0.7531442, -1), (-0.5175402, -0.40611076, -0.7531442, -1), (0.53175825, 0.27338213, 0.8015581, -1), (0.5317582, 0.27338213, 0.80155814, -1), (0.5317582, 0.27338213, 0.80155814, -1), (0.5770858, 0.1897214, 0.79434115, -1), (0.5770858, 0.1897214, 0.79434115, -1), (0.57708585, 0.18972138, 0.7943411, -1), (0.6779518, 0.4666218, 0.568019, -1), (0.6779518, 0.4666218, 0.568019, -1), (0.67795175, 0.4666218, 0.568019, -1), (-0.5314965, -0.14507918, -0.8345439, -1), (-0.53149664, -0.14507921, -0.8345439, -1), (-0.53149664, -0.14507921, -0.8345439, -1), (0.05205175, 0.9803561, -0.19024335, -1), (0.05205175, 0.9803561, -0.19024336, -1), (0.05205175, 0.9803561, -0.19024335, -1), (0.75808406, 0.34924272, 0.55076134, -1), (0.75808406, 0.34924272, 0.5507613, -1), (0.75808406, 0.34924272, 0.5507613, -1), (0.45407578, 0.15458827, 0.87744945, -1), (0.45407578, 0.15458827, 0.87744945, -1), (0.45407578, 0.15458827, 0.87744945, -1), (-0.5932745, -0.2425578, -0.76758784, -1), (-0.5932745, -0.24255784, -0.7675879, -1), (-0.5932745, -0.24255784, -0.76758784, -1), (-0.54074365, -0.28969342, -0.7897304, -1), (-0.5407436, -0.28969336, -0.7897304, -1), (-0.54074365, -0.28969342, -0.7897304, -1), (-0.8400436, 0.14992703, -0.52139115, -1), (-0.8400436, 0.14992702, -0.52139115, -1), (-0.8400436, 0.14992703, -0.52139115, -1), (0.33909467, -0.930404, 0.13915174, 1), (0.33907682, -0.93040824, 0.13916714, 1), (0.33910942, -0.9304006, 0.13913898, 1), (-0.3605459, 0.917579, -0.1674973, -1), (-0.3604649, 0.91759807, -0.1675672, -1), (-0.360531, 0.9175826, -0.16751015, -1), (0.107727796, 0.926507, 0.36052668, -1), (0.10772778, 0.926507, 0.36052662, -1), (0.107727796, 0.926507, 0.36052668, -1), (0.31000113, 0.8594419, -0.4065206, 1), (0.31000113, 0.8594419, -0.4065206, 1), (0.31000113, 0.8594419, -0.4065206, 1), (0.06661145, 0.9777225, -0.19905192, 1), (0.066611454, 0.9777225, -0.19905195, 1), (0.06661145, 0.9777225, -0.19905189, 1), (-0.9328307, 0.0031906043, 0.36030078, -1), (-0.9328307, 0.0031906045, 0.36030078, -1), (-0.9328307, 0.0031906043, 0.36030078, -1), (0.32371765, 0.47578022, -0.8178264, 1), (0.32371765, 0.47578016, -0.81782645, 1), (0.32371768, 0.4757802, -0.8178264, 1), (0.025098236, 0.9849991, 0.1707246, -1), (0.025098233, 0.9849991, 0.1707246, -1), (0.025098233, 0.9849991, 0.1707246, -1), (0.38705996, -0.20080137, -0.89992404, -1), (0.38706002, -0.20080139, -0.89992404, -1), (0.38706002, -0.20080139, -0.89992404, -1), (0.43109107, -0.21839389, -0.8754796, -1), (0.43109107, -0.21839392, -0.8754796, -1), (0.43109104, -0.21839389, -0.8754796, -1), (-0.5316888, 0.05369099, 0.8452362, -1), (-0.5316888, 0.05369099, 0.8452362, -1), (-0.53168887, 0.05369099, 0.8452362, -1), (-0.4792269, 0.29423076, 0.82690376, -1), (-0.4792269, 0.29423076, 0.82690376, -1), (-0.4792269, 0.29423076, 0.82690376, -1), (0.14540121, 0.13403277, -0.98025185, -1), (0.14540122, 0.13403279, -0.98025185, -1), (0.14540121, 0.13403277, -0.98025185, -1), (-0.4151887, 0.20407051, 0.8865515, -1), (-0.41518864, 0.20407048, 0.8865515, -1), (-0.4151887, 0.20407051, 0.8865515, -1), (-0.24832594, -0.15806901, 0.9556926, -1), (-0.24832594, -0.15806901, 0.9556926, -1), (-0.24832591, -0.15806901, 0.9556926, -1), (-0.23646238, -0.13462088, 0.96226954, -1), (-0.2364624, -0.13462088, 0.96226954, -1), (-0.23646238, -0.13462088, 0.96226954, -1), (0.44926512, -0.29395258, -0.84365433, -1), (0.44926512, -0.29395258, -0.84365433, -1), (0.44926515, -0.2939526, -0.84365433, -1), (0.52120566, 0.04347512, -0.85232306, -1), (0.5212057, 0.04347513, -0.852323, -1), (0.5212057, 0.043475125, -0.852323, -1), (0.499086, -0.04313634, -0.86547816, -1), (0.49908593, -0.043136336, -0.86547816, -1), (0.499086, -0.043136332, -0.86547816, -1), (0.61142325, 0.08278092, -0.7869618, -1), (0.61142325, 0.08278092, -0.7869618, -1), (0.61142325, 0.08278092, -0.7869618, -1), (0.4798339, 0.011763319, 0.87728053, 1), (0.47983465, 0.011761564, 0.87728006, 1), (0.47983304, 0.0117651345, 0.87728095, 1), (0.8095482, 0.18683738, 0.55652803, -1), (0.8095482, 0.18683738, 0.55652803, -1), (0.8095482, 0.18683738, 0.55652803, -1), (0.76489806, 0.14726752, 0.62709105, -1), (0.76489806, 0.14726752, 0.62709105, -1), (0.76489806, 0.14726752, 0.62709105, -1), (-0.79991317, -0.047628902, -0.5982226, -1), (-0.79991317, -0.047628906, -0.5982227, -1), (-0.79991317, -0.047628902, -0.5982226, -1), (0.59366024, 0.66735005, 0.4496793, -1), (0.5936603, 0.66735005, 0.44967923, -1), (0.59366024, 0.66735005, 0.4496792, -1), (-0.7181862, -0.20981959, -0.66346383, -1), (-0.7181862, -0.20981961, -0.66346383, -1), (-0.7181862, -0.20981957, -0.66346383, -1), (-0.37968853, -0.45688134, -0.80442274, -1), (-0.3796886, -0.4568814, -0.80442274, -1), (-0.37968853, -0.45688134, -0.80442274, -1), (0.81411976, 0.031369697, 0.579849, -1), (0.8141199, 0.031369705, 0.579849, -1), (0.81411976, 0.031369697, 0.579849, -1), (0.6759358, 0.33976632, 0.6539645, -1), (0.6759358, 0.33976632, 0.6539646, -1), (0.6759358, 0.33976632, 0.6539645, -1), (0.6628863, 0.31908035, 0.6773253, -1), (0.6628863, 0.31908035, 0.6773253, -1), (0.6628863, 0.31908035, 0.6773253, -1), (0.54042983, 0.34788942, 0.7660996, -1), (0.5404298, 0.34788936, 0.7660996, -1), (0.5404298, 0.3478894, 0.7660996, -1), (0.81994325, 0.54844946, 0.16400087, -1), (0.81994325, 0.54844946, 0.16400087, -1), (0.81994325, 0.54844934, 0.16400084, -1), (0.11233985, 0.87584776, -0.46932986, -1), (0.11223616, 0.8759071, -0.46924394, -1), (0.112359785, 0.8758363, -0.4693463, -1), (0.13629292, 0.8845357, -0.44611767, -1), (0.13631238, 0.88452446, -0.44613385, -1), (0.11135434, 0.41444042, 0.9032383, 1), (0.11135436, 0.41444042, 0.9032383, 1), (0.11135436, 0.41444042, 0.9032383, 1), (-0.8324834, -0.21664669, -0.50993687, 1), (-0.8324834, -0.21664667, -0.5099368, 1), (-0.8324835, -0.21664666, -0.5099368, 1), (-0.05526121, 0.960366, -0.2732094, -1), (-0.055261217, 0.960366, -0.2732094, -1), (-0.055261217, 0.960366, -0.2732094, -1), (0.05497551, 0.9984641, 0.006867431, -1), (0.05497551, 0.9984641, 0.006867431, -1), (0.05497551, 0.9984641, 0.006867431, -1), (-0.8665875, -0.16982925, 0.4692379, 1), (-0.866588, -0.16982672, 0.4692378, 1), (-0.8665861, -0.16983551, 0.46923825, 1), (0.681302, 0.0246647, -0.73158675, -1), (0.6813021, 0.024664706, -0.73158675, -1), (0.6813021, 0.024664706, -0.73158675, -1), (0.4628456, -0.12282336, -0.87788856, -1), (0.4628456, -0.12282336, -0.87788856, -1), (0.4628456, -0.12282336, -0.87788856, -1), (0.6160171, 0.258864, -0.74398416, -1), (0.6160171, 0.258864, -0.74398416, -1), (0.6160171, 0.258864, -0.74398416, -1), (-0.634389, 0.20082057, 0.7464729, -1), (-0.634389, 0.20082054, 0.7464729, -1), (-0.634389, 0.20082052, 0.7464729, -1), (0.5708305, 0.15921322, -0.8054836, -1), (0.5708306, 0.15921319, -0.8054835, -1), (0.5708306, 0.1592132, -0.8054835, -1), (0.43375787, -0.1992748, -0.8787171, -1), (0.43375778, -0.19927478, -0.8787171, -1), (0.43375784, -0.19927478, -0.8787171, -1), (-0.6365468, -0.24737567, 0.73048854, -1), (-0.6365468, -0.24737567, 0.73048854, -1), (-0.6365468, -0.2473757, 0.73048854, -1), (-0.12816298, 0.98672897, 0.09970059, -1), (-0.128163, 0.98672897, 0.09970059, -1), (-0.128163, 0.98672897, 0.0997006, -1), (0.9963243, 0.07344282, 0.044093374, -1), (0.9963243, 0.07344282, 0.04409337, -1), (0.9963243, 0.073442824, 0.04409337, -1), (0.9053041, -0.3629152, -0.22071962, -1), (0.9053041, -0.3629152, -0.22071962, -1), (0.9053041, -0.3629152, -0.22071962, -1), (0.8205731, 0.4894188, 0.29517624, -1), (0.8205731, 0.4894188, 0.29517624, -1), (0.8205731, 0.48941877, 0.29517624, -1), (0.42401278, 0.7742253, 0.46988118, -1), (0.42401278, 0.7742253, 0.46988118, -1), (0.42401275, 0.77422535, 0.46988115, -1), (-0.08539911, 0.85229075, 0.5160499, -1), (-0.08539912, 0.8522907, 0.51605, -1), (-0.08539911, 0.85229075, 0.5160499, -1), (-0.5718432, 0.7017762, 0.42485955, -1), (-0.5718432, 0.7017762, 0.42485955, -1), (-0.5718432, 0.7017762, 0.42485955, -1), (-0.90509444, 0.3630991, 0.22127593, -1), (-0.90509444, 0.36309907, 0.2212759, -1), (-0.90509444, 0.3630991, 0.2212759, -1), (-0.99635136, -0.0735375, -0.043313578, -1), (-0.99635136, -0.07353749, -0.043313578, -1), (-0.99635136, -0.0735375, -0.043313578, -1), (-0.82036215, -0.48910972, -0.29627305, -1), (-0.82036215, -0.4891097, -0.29627305, -1), (-0.82036215, -0.48910972, -0.29627305, -1), (0.08577027, -0.8525068, -0.51563126, -1), (0.08577028, -0.8525068, -0.5156313, -1), (0.08577027, -0.8525068, -0.5156313, -1), (-0.42439306, -0.7742658, -0.46947092, -1), (-0.42439303, -0.7742659, -0.46947095, -1), (-0.42439303, -0.7742659, -0.46947086, -1), (0.5715498, -0.7015161, -0.42568308, -1), (0.5715498, -0.7015161, -0.42568302, -1), (0.5715498, -0.7015161, -0.42568302, -1), (0.10610154, 0.8937463, -0.4358441, -1), (0.10613248, 0.89373666, -0.43585616, -1), (0.10608306, 0.89374954, -0.43584177, -1), (0.41915676, 0.80680054, 0.4163898, 1), (0.41916013, 0.8068002, 0.41638726, 1), (0.41918108, 0.80679286, 0.4163801, 1), (-0.13475782, 0.56726, -0.8124385, -1), (-0.13477753, 0.5672399, -0.81244946, -1), (-0.13475856, 0.5672503, -0.8124452, -1), (-0.62284195, 0.7121159, 0.3239738, 1), (-0.62282544, 0.71212786, 0.323979, 1), (-0.62285256, 0.71210843, 0.32396945, 1), (-0.1486576, -0.23168325, 0.9613656, 1), (-0.148665, -0.2316838, 0.96136427, 1), (-0.14863642, -0.23168743, 0.9613678, 1), (0.16293377, 0.4695659, -0.86773294, -1), (0.16291004, 0.46956804, -0.8677362, -1), (0.16293731, 0.46956488, -0.86773276, -1), (-0.07640329, -0.76791555, 0.6359783, -1), (-0.07639397, -0.76791716, 0.6359773, -1), (-0.07639141, -0.76791346, 0.6359823, -1), (0.41992325, 0.14433357, -0.89600915, 1), (0.41990876, 0.14432883, -0.8960166, 1), (0.41991636, 0.14432621, -0.89601344, 1), (0.47668096, -0.29055634, -0.82966995, -1), (0.4766734, -0.29056174, -0.82967246, -1), (0.47666794, -0.29056194, -0.82967544, -1), (-0.5541264, 0.81084275, 0.18835594, 1), (-0.5541267, 0.81084275, 0.18835504, 1), (-0.554135, 0.81083775, 0.1883518, 1), (0.5219597, 0.8356974, -0.17078589, -1), (0.52197134, 0.8356887, -0.1707933, -1), (0.5219674, 0.83569133, -0.17079245, -1), (0.7531253, 0.42190272, 0.50477755, 1), (0.75313085, 0.4218976, 0.5047735, 1), (0.7531315, 0.42189693, 0.50477296, 1), (-0.06860528, -0.2778204, 0.95818007, -1), (-0.06862357, -0.27776447, 0.958195, -1), (-0.068624064, -0.27775794, 0.95819694, -1), (-0.04466494, 0.24185735, -0.9692833, 1), (-0.044640955, 0.2417945, -0.9693001, 1), (-0.044666592, 0.24185981, -0.9692826, 1), (-0.15063412, 0.39099708, -0.90798163, -1), (-0.15063325, 0.3909973, -0.90798163, -1), (-0.15061761, 0.3910009, -0.9079827, -1), (0.003878922, 0.13077265, 0.9914048, 1), (0.0038509537, 0.13076387, 0.9914061, 1), (0.0038612965, 0.13076673, 0.9914056, 1), (0.16150941, 0.65676373, -0.7365978, -1), (0.16150364, 0.65678483, -0.73658, -1), (0.16148879, 0.6567993, -0.7365705, -1), (0.34807852, -0.62725, 0.6967057, 1), (0.34807047, -0.62730026, 0.69666445, 1), (0.34806263, -0.6272773, 0.696689, 1), (0.16106449, 0.8331491, -0.52907556, -1), (0.16106464, 0.83314896, -0.52907556, -1), (0.16106743, 0.8331461, -0.5290794, -1), (-0.7924221, 0.020246012, -0.6096371, 1), (-0.7924337, 0.020258894, -0.6096216, 1), (-0.7924268, 0.020251267, -0.6096308, 1), (0.013903329, -0.99154717, 0.12899959, 1), (0.01390311, -0.9915473, 0.12899901, 1), (0.013903384, -0.99154717, 0.1289997, 1), (0.0896301, -0.99050903, 0.10420362, -1), (0.08962988, -0.99050915, 0.104202956, -1), (0.08963082, -0.9905087, 0.10420591, -1), (-0.11033636, 0.98937726, -0.09465042, -1), (-0.110336155, 0.98937726, -0.09465056, -1), (-0.11033702, 0.98937726, -0.09464958, -1), (0.070202574, -0.9958554, 0.057824325, 1), (0.07020507, -0.9958554, 0.05782172, 1), (0.07020669, -0.9958554, 0.057819963, 1), (-0.9470205, -0.0051658214, 0.32113147, 1), (-0.9470162, -0.0051661124, 0.32114428, 1), (-0.9470291, -0.005168907, 0.32110617, 1), (0.09601362, -0.99290574, 0.07013914, -1), (0.09601325, -0.99290586, 0.07013891, -1), (0.09601408, -0.9929055, 0.070141494, -1), (-0.15064819, -0.9458456, 0.2875434, -1), (-0.15064338, -0.94584566, 0.28754556, -1), (-0.15064643, -0.9458456, 0.28754413, -1), (-0.2143153, -0.87942314, 0.42506936, 1), (-0.21431583, -0.87942314, 0.42506903, 1), (-0.2143147, -0.879423, 0.4250697, 1), (0.11610453, -0.98661023, 0.114542484, 1), (0.11610491, -0.98661023, 0.114542, 1), (0.11610341, -0.98661023, 0.114543825, 1), (0.11610453, -0.98661023, 0.114542484, -1), (0.11610341, -0.98661023, 0.114543825, -1), (0.11610397, -0.98661023, 0.11454318, -1), (0.5619923, 0.7406917, -0.36815813, -1), (0.56198436, 0.7406976, -0.36815837, -1), (0.56198883, 0.74069434, -0.36815822, -1), (-0.56152433, -0.7400172, 0.37022287, 1), (-0.56152076, -0.74001986, 0.370223, 1), (-0.5615217, -0.74001926, 0.37022293, 1), (0.6088002, -0.7835318, -0.12425871, -1), (0.6088226, -0.7835189, -0.1242304, -1), (0.60882056, -0.78352004, -0.12423297, -1), (-0.6118742, 0.78051454, 0.1280902, 1), (-0.611894, 0.780503, 0.12806544, 1), (-0.6118874, 0.7805069, 0.12807359, 1), (-0.49768758, 0.4868128, -0.71785814, 1), (-0.4976751, 0.48681214, -0.7178674, 1), (-0.49767822, 0.48681244, -0.7178649, 1), (-0.57775027, -0.11105904, -0.8086226, -1), (-0.57774407, -0.1110592, -0.80862707, -1), (-0.57773757, -0.11105937, -0.80863166, -1), (-0.16852568, -0.51196736, -0.84231144, 1), (-0.16852157, -0.5119677, -0.842312, 1), (-0.16852005, -0.5119674, -0.8423125, 1), (-0.19510707, 0.35666123, -0.9136334, -1), (-0.19510776, 0.35666108, -0.9136334, -1), (-0.1951115, 0.35666084, -0.9136326, -1), (-0.68804634, 0.335158, -0.64363146, 1), (-0.68804073, 0.33516312, -0.64363474, 1), (-0.6880451, 0.33515847, -0.64363253, 1), (-0.76365733, 0.531375, -0.36669886, -1), (-0.763664, 0.5313674, -0.36669594, -1), (-0.76366514, 0.5313661, -0.36669543, -1), (0.072294146, 0.97497493, -0.21023177, -1), (0.07229637, 0.97497386, -0.21023579, -1), (0.072293445, 0.97497535, -0.2102301, -1), (0.76986355, -0.4042024, 0.49389324, 1), (0.7698602, -0.40420055, 0.4938999, 1), (0.76987046, -0.40420598, 0.49387953, 1), (0.15707348, 0.40884018, 0.89898705, 1), (0.15707432, 0.40884542, 0.89898455, 1), (0.1570748, 0.40884867, 0.8989829, 1), (0.15707347, 0.40884015, 0.89898705, -1), (0.1570748, 0.40884867, 0.8989829, -1), (0.15707396, 0.4088433, 0.8989855, -1), (0.67260563, -0.13214506, -0.7281066, -1), (0.67260545, -0.13213313, -0.728109, -1), (0.67260545, -0.13213532, -0.7281086, -1), (0.8924685, 0.098173946, 0.44029745, 1), (0.8924687, 0.0981624, 0.44029966, 1), (0.89246845, 0.09818352, 0.44029555, 1), (-0.0048805857, -0.9826643, 0.18532954, 1), (-0.0048843124, -0.9826636, 0.1853333, 1), (-0.004885034, -0.98266345, 0.18533425, 1), (-0.0041062273, 0.9811582, -0.19316281, -1), (-0.0041018375, 0.9811571, -0.19316775, -1), (-0.0041040974, 0.9811577, -0.19316505, -1), (-0.33009604, 0.8900171, -0.3144934, -1), (-0.33009967, 0.89001507, -0.31449556, -1), (-0.33010355, 0.8900128, -0.31449786, -1), (0.3296258, -0.8899345, 0.3152196, 1), (0.3296333, -0.88993025, 0.31522384, 1), (0.32963, -0.88993204, 0.31522205, 1), (0.33096546, -0.88911027, 0.3161406, -1), (0.33098423, -0.88911414, 0.31611001, -1), (0.33099252, -0.88911587, 0.31609654, -1), (0.65172994, 0.6918466, 0.3107995, 1), (0.6515831, 0.69187725, 0.3110395, 1), (0.6516412, 0.6918651, 0.31094447, 1), (0.33479968, -0.8866936, 0.31887892, 1), (0.33481, -0.8866877, 0.3188844, 1), (0.33481166, -0.88668674, 0.31888536, 1), (-0.3352167, 0.8867794, -0.31820118, -1), (-0.3352287, 0.8867726, -0.31820774, -1), (-0.33521038, 0.88678306, -0.31819776, -1), (-0.20290686, 0.1924625, 0.9600974, 1), (-0.20290706, 0.19246246, 0.9600974, 1), (-0.20290667, 0.19246252, 0.9600974, 1), (-0.20290686, 0.19246252, 0.9600974, -1), (-0.20290667, 0.19246256, 0.9600974, -1), (-0.20290837, 0.19246225, 0.9600971, -1), (-0.60685325, 0.68941283, 0.3955237, 1), (-0.60684186, 0.68941665, 0.39553478, 1), (-0.60670704, 0.68946105, 0.39566398, 1), (-0.2507131, -0.8045402, 0.53838456, -1), (-0.25071377, -0.80454046, 0.53838396, -1), (-0.25071207, -0.8045399, 0.53838557, -1), (0.4617053, 0.75749946, 0.4615439, -1), (0.46170753, 0.75749683, 0.46154585, -1), (0.4617107, 0.7574932, 0.46154866, -1), (-0.46348664, -0.7576016, -0.45958686, 1), (-0.46349227, -0.75759524, -0.45959154, 1), (-0.46349275, -0.75759476, -0.45959193, 1), (0.6595243, 0.09659673, -0.74545074, 1), (0.65952384, 0.09659672, -0.74545115, 1), (0.65952754, 0.09659691, -0.7454478, 1), (0.65952426, 0.09659673, -0.74545074, -1), (0.6595275, 0.096596904, -0.7454479, -1), (0.6595278, 0.09659691, -0.7454476, -1), (0.13937543, -0.8622843, -0.48686782, -1), (0.35447785, -0.87899345, -0.31892946, -1), (0.30337214, -0.8844562, -0.35454583, -1), (0.54710793, -0.8310527, -0.100120865, -1), (0.62936825, -0.7770273, 0.011142614, -1), (-0.902603, -0.42070335, 0.09119533, -1), (-0.8626968, -0.4976582, 0.089946404, -1), (-0.75817245, -0.64712787, 0.0800011, -1), (-0.9909339, 0.106773674, 0.08154498, -1), (-0.49573672, -0.77038985, -0.40092966, -1), (-0.4922951, -0.77307016, -0.4000102, -1), (-0.32439816, -0.87903386, -0.3493783, -1), (-0.64264876, -0.6311217, -0.43438232, -1), (0.6200699, -0.728935, -0.29011548, -1), (0.77189684, -0.6302214, -0.08364376, -1), (0.631741, -0.7239217, -0.27720135, -1), (0.37896594, -0.7781328, -0.50089324, -1), (0.2779924, 0.6934467, 0.66471946, 1), (0.31334227, 0.6894157, 0.6530871, 1), (0.36237338, 0.6830241, 0.63416356, 1), (0.1700405, 0.7000338, 0.6935697, 1), (-0.104060285, -0.90672296, -0.4086868, -1), (0.13158892, -0.9502719, -0.28225464, -1), (-0.2720073, -0.82544804, -0.49461856, -1), (0.2272504, -0.9504039, -0.21234314, -1), (-0.2862588, -0.82698715, -0.48388857, -1), (-0.4200636, -0.73926336, -0.52634233, -1), (-0.3217783, -0.80830246, -0.49305776, -1), (-0.590972, -0.57203317, -0.5687972, -1), (0.89813393, 0.4234116, 0.118651226, -1), (0.9332082, 0.34959072, 0.08311849, -1), (0.93418765, 0.34720275, 0.08212037, -1), (0.976, 0.2158648, 0.028747646, -1), (-0.3185505, -0.26247814, -0.9108407, -1), (-0.3689547, -0.25701678, -0.8932048, -1), (-0.2678073, -0.28526077, -0.92027473, -1), (-0.20637564, -0.29096648, -0.9342096, -1), (-0.8720597, -0.40636435, -0.27272674, 1), (-0.59581345, -0.72193617, -0.35187295, 1), (-0.56971824, -0.7453342, -0.34626293, 1), (-0.9739526, -0.11411037, -0.19594659, 1), (-0.74567336, -0.24908836, -0.61800194, -1), (-0.65363395, -0.23438653, -0.71960104, -1), (-0.7132103, -0.248477, -0.65543145, -1), (-0.63319683, -0.23464838, -0.737565, -1), (-0.5974556, -0.089586504, 0.7968821, -1), (-0.6981766, -0.115375355, 0.7065677, -1), (-0.7889359, -0.14337696, 0.5975141, -1), (-0.86951244, -0.1708893, 0.4634059, -1), (-0.32756752, 0.8653278, 0.3793512, -1), (-0.32759944, 0.86532265, 0.37933552, -1), (-0.32549626, 0.8657654, 0.38013473, -1), (-0.33164716, 0.8527628, 0.40349194, -1), (-0.32501376, 0.8541147, 0.40602228, -1), (0.22521786, 0.30647045, 0.9248529, -1), (0.21871665, 0.307413, 0.9260995, -1), (0.22231159, 0.30690008, 0.9254133, -1), (0.21428762, 0.2690377, 0.9389885, -1), (-0.885012, 0.45973077, 0.07349381, -1), (-0.8852675, 0.4594412, 0.072216846, -1), (-0.88509095, 0.45962712, 0.07319108, -1), (-0.8928599, 0.4431266, 0.080249436, -1), (0.71754575, 0.59469515, 0.36258197, -1), (0.716818, 0.59487367, 0.36372718, -1), (0.71736825, 0.5947365, 0.3628654, -1), (0.72635126, 0.57948065, 0.369616, -1), (0.13726637, -0.86458105, -0.48338148, 1), (1, 0, 0, -1), (0.13726571, -0.8645852, -0.48337412, 1), (0.13726564, -0.86458874, -0.48336798, 1), (0.8433285, -0.48620376, -0.22891705, -1), (0.65995884, -0.6685677, -0.34274125, -1), (0.54151493, -0.7436703, -0.39206654, -1), (0.94603354, -0.30168536, -0.11834885, -1), (-0.44252568, 0.8945444, 0.062939025, -1), (-0.7345113, 0.6285166, 0.25585115, -1), (-0.6744326, 0.70727074, 0.21191704, -1), (-0.3497398, 0.9368035, 0.009016146, -1), (0.3774385, 0.91895014, 0.11432719, -1), (0.37481508, 0.9200966, 0.113736175, -1), (0.38296142, 0.9165086, 0.11555349, -1), (0.3915743, 0.9155889, 0.0914693, -1), (-0.6599394, -0.03707134, 0.75040364, -1), (-0.6657425, -0.035709947, 0.7453266, -1), (-0.6625391, -0.036444463, 0.7481402, -1), (-0.6705885, -0.07533174, 0.73799473, -1), (-0.6677386, 0.50081235, -0.5507377, -1), (-0.6662755, 0.5010526, -0.55228907, -1), (-0.6673809, 0.5008541, -0.5511332, -1), (-0.6745308, 0.4838944, -0.5575432, -1), (-0.3653805, 0.7125089, 0.5990227, -1), (-0.33919752, 0.7242057, 0.6003926, -1), (-0.3492584, 0.71979743, 0.59992516, -1), (-0.3715767, 0.7096277, 0.59863126, -1), (-0.9734865, 0.19285896, 0.12300161, 1), (-0.99304974, 0.057321582, 0.10279306, 1), (-0.98449165, 0.13306683, 0.11432195, 1), (-0.9322522, 0.33282948, 0.14188124, 1), (-0.74205446, -0.6571764, 0.13219059, -1), (-0.39901996, -0.42595446, 0.8120011, -1), (-0.40904564, -0.43377537, 0.80282044, -1), (-0.75370204, -0.65675294, 0.024674572, -1), (-0.25920373, 0.56947565, 0.78007114, -1), (-0.17382234, -0.7376088, 0.6524714, -1), (-0.18115887, -0.7162682, 0.6739001, -1), (-0.2550534, 0.59282094, 0.763879, -1), (0.33934978, -0.8203296, -0.46032715, 1), (0.39084232, -0.8175234, -0.42296296, 1), (0.3547404, -0.81985307, -0.44944423, 1), (0.27837297, -0.81940013, -0.5010908, 1), (0.14045662, -0.89673287, -0.41969272, 1), (0.12536794, -0.893094, -0.4320485, 1), (0.13710049, -0.89594215, -0.42248204, 1), (0.14766265, -0.8983301, -0.41376182, 1), (0.9838583, 0.13693382, 0.11520409, 1), (0.786409, 0.35927427, 0.50247675, 1), (0.8594685, 0.30711704, 0.40864754, 1), (0.99770325, 0.03112453, -0.060162153, 1), (0.88523155, -0.46263054, -0.048354223, 1), (0.93920785, -0.27699882, 0.2028799, 1), (0.47420874, -0.6880726, -0.54925597, 1), (0.3100187, -0.69422084, -0.64957356, 1), (0.767429, 0.3747235, 0.52022606, -1), (0.83575946, 0.312164, 0.4517297, -1), (0.8226332, 0.32536557, 0.46627444, -1), (0.75082594, 0.38798872, 0.5345326, -1), (0.69103664, 0.4397564, 0.57365716, 1), (0.63429844, 0.45733625, 0.62330496, 1), (0.6832911, 0.4423929, 0.58086306, 1), (0.70601475, 0.43442482, 0.5593015, 1), (-0.117059946, 0.6735089, -0.7298512, 1), (-0.30466887, 0.75065416, -0.58625525, 1), (-0.28589115, 0.74472755, -0.6030316, 1), (-0.11212118, 0.6709614, -0.7329663, 1), (-0.3714586, 0.6511578, -0.66182476, -1), (-0.41726488, 0.6652662, -0.619121, -1), (0.25200886, 0.28898236, -0.92356956, -1), (0.269756, 0.27440092, -0.9230037, -1), (-0.7007991, 0.46283194, 0.5428326, -1), (-0.8242464, 0.25386292, 0.5061339, -1), (-0.77594244, 0.3480794, 0.52607423, -1), (-0.5823684, 0.59955966, 0.5489767, -1), (-0.68378514, 0.4337381, 0.5867785, 1), (-0.5562478, 0.5682414, 0.60637444, 1), (-0.76076114, 0.32784092, 0.5601454, 1), (-0.8137726, 0.23661838, 0.53083515, 1), (-0.6868089, 0.4226894, 0.59129286, 1), (-0.497424, 0.6401192, 0.5855056, 1), (-0.70747906, 0.39155197, 0.588354, 1), (-0.8297055, 0.14095433, 0.5401116, 1), (-0.70866495, 0.3927105, 0.5861506, -1), (-0.83548796, 0.08823104, 0.5423793, -1), (-0.70983666, 0.39090908, 0.5859369, -1), (-0.47222877, 0.6826227, 0.55769724, -1), (-0.2025496, 0.82588595, 0.52619964, 1), (-0.2606168, 0.8037081, 0.53491336, 1), (-0.225314, 0.81764394, 0.52980375, 1), (-0.14996664, 0.8429589, 0.51665294, 1), (-0.26528606, -0.8553745, -0.44492453, 1), (-0.1533315, -0.90287197, -0.4016363, 1), (-0.20741126, -0.8819473, -0.42326066, 1), (-0.3683575, -0.79652303, -0.47944102, 1), (-0.103064634, -0.83850217, 0.53506243, 1), (-0.048677113, -0.8107252, 0.5833996, 1), (-0.70094, -0.48041385, -0.52714866, 1), (-0.7016144, -0.4563833, -0.5472216, 1), (0.68527603, -0.657919, -0.3123127, 1), (0.7972978, -0.5815167, -0.16172414, 1), (0.74845403, -0.62062657, -0.2337501, 1), (0.5553549, -0.70486957, -0.4412935, 1), (-0.22800073, -0.7943242, 0.5630849, 1), (-0.23859158, -0.7752945, 0.58480114, 1), (0.0044020284, -0.99758875, 0.0692633, 1), (0.08637508, -0.99004924, -0.111094326, 1), (0.9482511, 0.2422653, 0.20524895, 1), (0.8778965, 0.3236812, 0.3528858, 1), (0.9152835, 0.28603843, 0.28361604, 1), (0.9862388, 0.15567285, 0.055669468, 1), (0.9065887, 0.34963605, 0.23632963, 1), (0.9226655, 0.3252779, 0.20708136, 1), (0.8773808, 0.3876555, 0.28271234, 1), (0.8500766, 0.41800132, 0.32038215, 1), (0.9643115, 0.21058545, 0.16049047, -1), (0.8473562, 0.39093965, 0.35937947, -1), (0.8780858, 0.35573044, 0.32003316, -1), (0.9799004, 0.1654149, 0.11150343, -1), (0.31465226, 0.743403, 0.59020835, -1), (0.34851864, 0.7441696, 0.56986505, -1), (0.30479252, 0.7429656, 0.5959057, -1), (0.21703634, 0.73510426, 0.64227474, -1), (-0.3568912, -0.116438635, 0.92686063, -1), (0.06006129, -0.45138186, 0.8903073, -1), (0.05018303, -0.4448084, 0.89421874, -1), (-0.3734619, -0.10035011, 0.92220175, -1), (-0.64720565, 0.6117124, 0.45489866, 1), (-0.39309502, 0.8178849, 0.4201674, 1), (-0.670086, 0.5858696, 0.4557866, 1), (-0.8265307, 0.34894186, 0.44168603, 1), (-0.6588348, 0.6274368, 0.41504171, -1), (-0.8546224, 0.31150463, 0.41543406, -1), (-0.62877285, 0.65978795, 0.41149068, -1), (-0.27458945, 0.90312093, 0.33011082, -1), (-0.95541936, -0.13215835, -0.2640224, 1), (-0.9650109, -0.065646954, -0.25385895, 1), (-0.9495295, -0.1625377, -0.26828218, 1), (-0.89371467, -0.34356225, -0.28851184, 1), (-0.57118046, -0.5582744, 0.6017329, -1), (-0.52531254, -0.7709342, 0.36014867, -1), (-0.5267515, -0.76751244, 0.36531824, -1), (-0.5725722, -0.53009504, 0.62542814, -1), (-0.15311156, -0.98407537, -0.09029111, -1), (-0.10539415, -0.9937556, -0.03663353, -1), (-0.13287444, -0.9888325, -0.06748799, -1), (-0.17979227, -0.97630465, -0.12043211, -1), (0.9378667, -0.19671465, 0.28584844, 1), (0.8921928, -0.45156136, 0.009180847, 1), (0.9305718, -0.14097628, 0.3378783, 1), (0.87915945, 0.02488859, 0.47587729, 1), (0.9044968, -0.41047993, 0.11572263, 1), (0.911549, -0.29642317, 0.28497675, 1), (0.7044201, -0.6213517, -0.34309506, 1), (0.34737727, -0.6555342, -0.6705251, 1), (0.9134769, -0.36516798, -0.17947812, -1), (0.9128069, -0.36606643, -0.18104929, -1), (0.9148334, -0.36332583, -0.17627864, -1), (0.91550094, -0.36240116, -0.17470957, -1), (0.869356, -0.49254364, -0.040260248, 1), (0.8948479, -0.44551358, 0.027655892, 1), (0.887331, -0.46109778, 0.0056932787, 1), (0.8610796, -0.505014, -0.05918347, 1), (0.80862135, 0.06772608, 0.58441824, 1), (0.9259484, -0.08899509, 0.36701432, 1), (0.8715001, -0.0038970737, 0.49038, 1), (0.7502085, 0.12210838, 0.64982814, 1), (0.68714225, 0.23183514, 0.6885405, -1), (0.65607715, 0.25275296, 0.7111109, -1), (0.72095513, 0.20744735, 0.66120285, -1), (0.76769507, 0.17042746, 0.61773676, -1), (0.72672695, 0.069807954, 0.6833701, -1), (0.8665506, -0.026710639, 0.49837393, -1), (0.36644503, 0.22884318, 0.9018585, -1), (0.2612845, 0.2624767, 0.9288898, -1), (-0.021597873, -0.8990853, -0.43724045, -1), (-0.21034594, -0.7134208, 0.66842, -1), (-0.20881027, -0.7309014, 0.6497549, -1), (-0.010496502, -0.87624574, -0.48175007, -1), (0.6038323, 0.2228458, 0.7653275, -1), (0.9141639, -0.1457092, -0.37825027, -1), (0.9687327, 0.048096597, 0.24340041, -1), (0.48203972, 0.24979988, 0.8397843, -1), (0.74853206, -0.21398708, 0.62762195, 1), (0.93026483, -0.35155672, 0.10495331, 1), (0.91990346, -0.33489218, 0.2040215, 1), (0.69347364, -0.18367532, 0.6966761, 1), (-0.08805094, 0.821019, 0.5640698, 1), (-0.2648835, 0.751169, 0.60463357, 1), (-0.18984602, 0.7848072, 0.5899458, 1), (0.07741535, 0.8578793, 0.50798625, 1), (0.1426769, 0.80699605, 0.5730624, -1), (0.20281078, 0.8153413, 0.54229724, -1), (0.11813443, 0.8025557, 0.5847638, -1), (-0.049498107, 0.75664407, 0.65195066, -1), (-0.25895223, -0.24533482, 0.93421334, -1), (-0.10054567, -0.3235995, 0.9408368, -1), (-0.10512273, -0.32145816, 0.94107056, -1), (-0.26384422, -0.24269983, 0.9335326, -1), (1, 0, 0, -1), (1, 0, 0, -1), (1, 0, 0, -1), (1, 0, 0, -1), (1, 0, 0, -1), (1, 0, 0, -1), (1, 0, 0, -1), (1, 0, 0, -1), (-0.0320284, -0.99595046, 0.08400552, -1), (-0.03202833, -0.99595034, 0.08400569, -1), (-0.032028828, -0.99595046, 0.08400434, -1), (1, 0, 0, -1), (-0.11486199, 0.99034613, -0.07759718, 1), (-0.105577804, 0.9895041, -0.098665446, 1), (-0.10580201, 0.98952895, -0.09817487, 1), (-0.11513527, 0.99036205, -0.076986745, 1), (-0.09099937, -0.91712874, 0.38806432, 1), (1, 0, 0, -1), (-0.09099656, -0.9171302, 0.38806185, 1), (-0.0909997, -0.91712856, 0.38806468, 1), (0.040854342, -0.99793315, 0.04960237, -1), (0.039238587, -0.99769694, 0.05532673, -1), (0.039317876, -0.9977093, 0.055048384, -1), (0.040929094, -0.99794275, 0.049345437, -1), (0.011308306, 0.9672861, -0.25343588, -1), (1, 0, 0, -1), (0.011308087, 0.9672861, -0.25343567, -1), (0.0113081, 0.9672861, -0.2534357, -1), (-0.9928804, -0.091341704, 0.076454185, -1), (-0.0143823065, -0.8979595, 0.4398431, -1), (-0.6015645, -0.7097667, 0.36653975, -1), (-0.99554753, -0.06808274, 0.06519051, -1), (1, 0, 0, -1), (1, 0, 0, -1), (1, 0, 0, -1), (1, 0, 0, -1), (1, 0, 0, -1), (1, 0, 0, -1), (1, 0, 0, -1), (1, 0, 0, -1), (-0.076483466, 0.98682845, -0.14254789, -1), (1, 0, 0, -1), (-0.07648294, 0.9868285, -0.14254765, -1), (-0.07648301, 0.9868285, -0.14254771, -1), (1, 0, 0, -1), (1, 0, 0, -1), (1, 0, 0, -1), (1, 0, 0, -1), (1, 0, 0, -1), (1, 0, 0, -1), (1, 0, 0, -1), (1, 0, 0, -1), (0.14514488, 0.86074466, -0.4879054, 1), (1, 0, 0, -1), (0.1451385, 0.8607442, -0.48790798, 1), (0.14514245, 0.8607445, -0.4879064, 1), (-0.64081013, -0.599524, -0.47951353, 1), (-0.64088863, -0.5995231, -0.47940984, 1), (-0.64092714, -0.59952265, -0.47935903, 1), (1, 0, 0, -1), (0.5286692, -0.7196749, -0.4500855, -1), (0.3076131, -0.865175, -0.3960382, -1), (0.3964433, -0.8160454, -0.42059788, -1), (0.623488, -0.62875307, -0.464685, -1), (0.01971016, -0.81297284, -0.58196795, -1), (-0.07994872, -0.8425378, -0.5326709, -1), (0.19912924, -0.7321031, -0.6514388, -1), (0.26560393, -0.6926748, -0.670564, -1), (-0.5533126, 0.7323296, 0.39691126, -1), (-0.65028524, 0.64592963, 0.39987996, -1), (-0.38339987, 0.8415107, 0.38061038, -1), (-0.3163271, 0.8732738, 0.37058067, -1), (0.48266858, 0.7110398, 0.5113251, -1), (0.25467768, 0.7304744, 0.63367695, -1), (0.36410767, 0.72752106, 0.581497, -1), (0.6220847, 0.6694064, 0.40608582, -1), (0.03337643, -0.857825, -0.512857, -1), (-0.16722564, -0.89616585, -0.41100168, -1), (-0.07569586, -0.88435286, -0.46064097, -1), (0.16958381, -0.80596334, -0.5671548, -1), (-0.52614015, -0.62126404, -0.58069587, -1), (-0.6456379, -0.6046809, -0.46638256, -1), (-0.3910354, -0.6205527, -0.6797099, -1), (-0.29354036, -0.6103331, -0.7357496, -1), (-0.10380604, -0.91704226, -0.38504276, -1), (-0.012640616, -0.92192423, -0.38716397, -1), (-0.25476345, -0.891627, -0.37429506, -1), (-0.38585833, -0.8506717, -0.357031, -1), (0.32271332, 0.76296926, 0.5601196, -1), (0.3961845, 0.7455644, 0.5358839, -1), (0.019232517, 0.784308, 0.6200733, -1), (-0.10015386, 0.7722424, 0.62738407, -1), (-0.46327114, -0.7054998, -0.53633004, -1), (-0.6673909, -0.6469642, -0.368818, -1), (-0.5935978, -0.6754822, -0.4374533, -1), (-0.35024336, -0.7154401, -0.6045453, -1), (-0.84150445, -0.3505839, -0.41104877, -1), (-0.8960504, -0.30914834, -0.3186235, -1), (-0.7145887, -0.41363922, -0.5641504, -1), (-0.6577386, -0.43303496, -0.61632824, -1), (0.440566, 0.74610597, 0.49922705, -1), (0.32561237, 0.7641057, 0.55688334, -1), (0.60452354, 0.6929678, 0.39287022, -1), (0.6591607, 0.66590375, 0.34939873, -1), (-0.8451919, -0.4103513, -0.34243622, -1), (-0.9353058, -0.31693402, -0.15734045, -1), (-0.89822876, -0.36365148, -0.2468656, -1), (-0.7546748, -0.46412835, -0.46373567, -1), (-0.95606685, 0.14203924, -0.25643936, -1), (-0.9726637, 0.19797643, -0.12136963, -1), (-0.92590624, 0.09237479, -0.36628467, -1), (-0.88951033, 0.04950726, -0.4542252, -1), (0.8412404, 0.4152203, 0.34627524, -1), (0.7483087, 0.48960412, 0.4475734, -1), (0.9018748, 0.34696102, 0.25737104, -1), (0.9396966, 0.28863394, 0.18346836, -1), (0.98061967, 0.09483496, 0.17143913, -1), (0.78900164, -0.54745096, -0.27887955, -1), (0.9172632, -0.3703846, -0.1464358, -1), (0.931176, 0.24730031, 0.26786903, -1), (0.9511667, 0.24535374, 0.18730597, -1), (0.9453968, 0.25725302, 0.20011456, -1), (0.95124096, 0.24522305, 0.18709973, -1), (0.95999014, 0.22558619, 0.16592148, -1), (-0.9135038, -0.09985382, -0.39438552, -1), (-0.907016, -0.110713705, -0.40628147, -1), (-0.91383594, -0.09927125, -0.3937629, -1), (-0.92330825, -0.082433805, -0.37510884, -1), (-0.9756864, -0.21687269, -0.031659413, -1), (-0.91772, -0.38076422, -0.11317463, -1), (-0.90807253, 0.3495383, 0.23071021, -1), (-0.7621463, 0.5624421, 0.32061183, -1), (-0.95030874, -0.2481198, -0.18801554, -1), (-0.9570921, -0.23324512, -0.17196317, -1), (-0.9505955, -0.24747449, -0.18741532, -1), (-0.9457471, -0.2575099, -0.19811913, -1), (0.92322654, 0.17145248, 0.34388503, -1), (0.9277865, 0.16275035, 0.33574477, -1), (0.92330384, 0.17130674, 0.34374976, -1), (0.9200794, 0.17725211, 0.34933588, -1), (0.12936506, 0.80631024, -0.5771729, -1), (0.13100469, 0.81723595, -0.5612159, -1), (0.071385555, 0.42757353, -0.90115756, -1), (0.06747404, 0.40225044, -0.9130399, -1), (-0.9840267, 0.05855943, -0.16811389, -1), (-0.9780226, 0.19837394, 0.064183526, -1), (-0.9890091, 0.14555793, -0.02595674, -1), (-0.96049196, -0.011929671, -0.27805224, -1), (-0.85142183, 0.5204209, 0.0651373, -1), (-0.81166816, 0.5601454, 0.16562629, -1), (-0.89448726, 0.43106607, -0.11863625, -1), (-0.9006784, 0.39181903, -0.18776658, -1), (0.99014646, -0.006401428, 0.13988918, -1), (0.96794945, 0.07347404, 0.24015717, -1), (0.991251, -0.13031583, -0.020960458, -1), (0.9813052, -0.17474636, -0.08064615, -1), (-0.8738071, 0.46721148, 0.13481304, -1), (-0.77676535, 0.53900814, 0.32573888, -1), (-0.8280847, 0.508245, 0.23656443, -1), (-0.9157972, 0.40160528, -0.005355546, -1), (-0.47008345, 0.861112, 0.19366884, -1), (-0.3876167, 0.868959, 0.3076742, -1), (-0.54079604, 0.8373258, 0.08015735, -1), (-0.5826144, 0.8127426, 0.0031581263, -1), (0.8876941, -0.4468644, -0.11095647, -1), (0.9266599, -0.37577873, -0.009585988, -1), (0.79692435, -0.5429071, -0.26488405, -1), (0.7549377, -0.57292545, -0.31910104, -1), (-0.73222286, 0.60675955, 0.3093422, -1), (-0.70492893, 0.6240225, 0.3371513, -1), (-0.73166484, 0.6071417, 0.30991238, -1), (-0.74915636, 0.59501064, 0.29107916, -1), (-0.5143787, 0.80672175, 0.29088593, -1), (-0.34184375, 0.8158907, 0.4663317, -1), (-0.4175591, 0.8180981, 0.39542353, -1), (-0.61043346, 0.7743545, 0.16657157, -1), (0.00627415, 0.94528484, 0.32618567, -1), (0.107158035, 0.9048513, 0.41202074, -1), (-0.10061154, 0.96833, 0.22850469, -1), (-0.1717944, 0.9721316, 0.15952078, -1), (0.13108943, -0.934384, -0.3312735, -1), (-0.25287813, -0.8835522, -0.39419296, -1), (-0.032064464, -0.9305325, -0.36480308, -1), (0.20224863, -0.9278201, -0.3134411, -1), (0.06335322, -0.88282925, -0.4654019, -1), (0.2744405, -0.9034709, -0.32927594, -1), (0.19900799, -0.90262455, -0.38166043, -1), (-0.042748958, -0.85188025, -0.521989, -1), (-0.032196984, 0.86678946, 0.49763387, -1), (0.18876666, 0.74764246, 0.6367087, -1), (0.10774691, 0.79963934, 0.5907347, -1), (-0.138661, 0.89905995, 0.41528827, -1), (0.49197167, 0.6728246, 0.5525133, -1), (0.5744363, 0.57020617, 0.58727145, -1), (0.3104433, 0.8327696, 0.45838815, -1), (0.24252447, 0.87524647, 0.41847992, -1), (0.4785801, 0.79448205, 0.3738441, -1), (0.6602409, 0.60644007, 0.44307145, -1), (0.59518886, 0.68511987, 0.41995355, -1), (0.3761307, 0.8659405, 0.32965553, -1), (0.86198163, 0.46675158, 0.1978147, -1), (0.90563047, 0.3625486, 0.21998173, -1), (0.75400716, 0.63924843, 0.15111108, -1), (0.703945, 0.6979756, 0.13149743, -1), (-0.44780567, -0.78712904, -0.4241437, -1), (-0.34140465, -0.8542615, -0.39202052, -1), (-0.59822434, -0.6564233, -0.45960426, -1), (-0.6477254, -0.600938, -0.4683217, -1), (-0.99933344, 0.004224338, 0.036258753, -1), (-0.95723516, -0.28929755, 0.0027765317, -1), (-0.9857641, -0.16726863, 0.017037382, -1), (-0.9821686, 0.1798445, 0.05477789, -1), (0.8293696, 0.47752517, 0.29002726, -1), (0.9043429, 0.2942964, 0.30911738, -1), (0.87628406, 0.3751521, 0.302303, -1), (0.7680996, 0.5792961, 0.2728351, -1), (0.99947184, -0.0068210056, -0.03177445, -1), (0.9846347, -0.17338571, -0.020780297, -1), (0.99241394, 0.11648808, -0.03930747, -1), (0.9727361, 0.22737086, -0.045683246, -1), (-0.8445558, -0.44387946, -0.29949358, -1), (-0.7594884, -0.57304096, -0.30789834, -1), (-0.8976578, -0.3337063, -0.28783762, -1), (-0.93131435, -0.23907606, -0.27476573, -1), (0.95326465, 0.13232176, 0.27162006, -1), (0.9715056, 0.050870217, 0.23149298, -1), (0.8734326, 0.3276282, 0.36024338, -1), (0.7934294, 0.45024416, 0.409573, -1), (-0.87494904, -0.4609356, -0.14833234, -1), (-0.90047574, -0.41564572, -0.12799242, -1), (-0.81582344, -0.5470521, -0.18752639, -1), (-0.7858928, -0.58359915, -0.20441256, -1), (0.9995209, 0.030562619, 0.004891242, -1), (0.97117114, -0.23817787, 0.009900741, -1), (0.9907746, -0.13528158, 0.008035572, -1), (0.9867534, 0.16221151, 0.00227233, -1), (0.8711884, -0.4049373, -0.27759075, -1), (0.8203954, -0.5075362, -0.26335993, -1), (0.9334518, -0.20578776, -0.29380134, -1), (0.9464845, -0.12719703, -0.2966276, -1), (-0.9973321, -0.03445563, -0.06435544, -1), (-0.9837626, -0.16318038, -0.07472105, -1), (-0.9849064, 0.16693278, -0.045747843, -1), (-0.97003585, 0.23993236, -0.038249094, -1), (0.8790995, -0.43585402, -0.19291258, -1), (0.7615016, -0.6265394, -0.16602293, -1), (0.8227039, -0.5392259, -0.17998262, -1), (0.9357563, -0.28614947, -0.20610318, -1), (-0.5838823, 0.49978977, 0.63975906, 1), (-0.32393298, 0.6774215, 0.6604297, 1), (-0.7158288, 0.36510745, 0.5952191, 1), (-0.8164567, 0.22415365, 0.53212184, 1), (0.50384253, -0.6660821, -0.5499794, -1), (0.40638003, -0.7593827, -0.50812715, -1), (0.58791536, -0.5640567, -0.57982373, -1), (0.6384856, -0.489478, -0.5939254, -1), (-0.89469427, 0.4059537, 0.18634321, -1), (-0.94224995, 0.28566265, 0.17481932, -1), (-0.79047346, 0.57944006, 0.19849667, -1), (-0.74356216, 0.6377636, 0.20092988, -1), (0.7249154, -0.6462688, -0.23839945, -1), (0.69492024, -0.6771095, -0.24209219, -1), (0.72423136, -0.6469991, -0.2384976, -1), (0.74346304, -0.6258694, -0.23569119, -1), (0.17841883, 0.8512139, -0.49356025, 1), (0.17841591, 0.85121393, -0.49356118, 1), (0.1784149, 0.8512138, -0.49356177, 1), (1, 0, 0, -1), (1, 0, 0, -1), (1, 0, 0, -1), (1, 0, 0, -1), (1, 0, 0, -1), (-0.16856837, 0.93961895, -0.2978268, -1), (-0.14157495, 0.9476095, -0.28634372, -1), (-0.14668651, 0.9462046, -0.28840947, -1), (-0.17365973, 0.93799484, -0.30001307, -1), (-0.16061246, 0.9582368, -0.23661366, -1), (-0.1626793, 0.9597167, -0.22908366, -1), (-0.15309574, 0.9523441, -0.2638227, -1), (-0.15108928, 0.95062244, -0.27108848, -1), (0.14084078, -0.12206851, -0.9824781, -1), (-0.26195422, -0.22536662, -0.93839747, -1), (-0.14842075, -0.19919282, -0.9686555, -1), (0.24635272, -0.09023546, -0.96497035, -1), (-0.18801832, 0.9365889, -0.2957202, -1), (-0.587142, 0.75428605, -0.29379743, -1), (-0.4973168, 0.81419957, -0.29959115, -1), (-0.07482147, 0.9551347, -0.28656486, -1), (0.23466307, 0.23562346, 0.9430879, -1), (0.19204727, 0.23483829, 0.952874, -1), (0.23649544, 0.23566118, 0.9426207, -1), (0.29366076, 0.23595934, 0.9263297, -1), (-0.18413089, -0.34152585, -0.92165935, -1), (-0.32416, -0.32216486, -0.88945496, -1), (-0.26087326, -0.33186454, -0.90653795, -1), (-0.15618004, -0.34447512, -0.92571306, -1), (-0.19616799, -0.38462496, -0.9019877, -1), (-0.15580198, -0.38300925, -0.9105107, -1), (-0.18897006, -0.3843494, -0.90364033, -1), (-0.23508137, -0.38562828, -0.8922038, -1), (-0.49633774, -0.4346755, -0.7514692, -1), (-0.5636864, -0.43892273, -0.6997176, -1), (-0.35105655, -0.41685614, -0.8384452, -1), (-0.23537831, -0.39546826, -0.8878073, -1), (0.20241073, 0.5184018, 0.8308366, -1), (0.21580698, 0.51844597, 0.8274304, -1), (0.20037422, 0.51759225, 0.83183444, -1), (0.18604773, 0.51773787, 0.83506507, -1), (0.20927735, 0.549877, 0.80860263, -1), (0.20810217, 0.54958755, 0.80910265, -1), (0.20879336, 0.5496516, 0.8088809, -1), (0.20987742, 0.5499454, 0.8084006, -1), (0.44351688, 0.72308755, -0.52956325, -1), (0.46939033, 0.6934312, -0.54664963, -1), (0.11572729, 0.9515895, -0.2847536, -1), (0.06268085, 0.9684308, -0.24127325, -1), (-0.14642616, 0.9343975, -0.32474697, -1), (-0.14388345, 0.93420094, -0.3264447, -1), (-0.15967403, 0.93524843, -0.3159346, -1), (-0.16210465, 0.93538487, -0.31428847, -1), (-0.14504062, 0.9368257, -0.31830928, -1), (-0.16656195, 0.93332165, -0.318069, -1), (-0.16281836, 0.9339724, -0.31809688, -1), (-0.14145637, 0.9373745, -0.3183068, -1), (-0.13544202, 0.97849256, -0.15558802, -1), (-0.1380256, 0.97868675, -0.15205635, -1), (-0.11362828, 0.9761772, -0.18484232, -1), (-0.11043957, 0.97574234, -0.18902364, -1), (-0.16002947, 0.9234432, -0.34877372, -1), (-0.15879549, 0.9235204, -0.34913334, -1), (-0.16455416, 0.923138, -0.3474738, -1), (-0.16548806, 0.9230638, -0.34722736, -1), (-0.3610265, 0.8959832, -0.2585997, -1), (-0.1700121, 0.9641449, -0.20376572, -1), (-0.18211997, 0.9611437, -0.20744929, -1), (-0.36959776, 0.8918144, -0.26089168, -1), (0.21469079, 0.807893, -0.54883236, -1), (0.21410452, 0.8083154, -0.5484392, -1), (0.21583629, 0.80711275, -0.5495304, -1), (0.21636501, 0.806735, -0.5498771, -1), (-0.45294818, 0.87854123, -0.15166773, 1), (0.85150254, 0.379313, -0.362029, 1), (0.78353333, 0.4924986, -0.37884113, 1), (-0.602652, 0.79375494, -0.082241096, 1), (-0.1414747, 0.95408314, -0.2640269, -1), (-0.19716145, 0.9279332, -0.31633416, -1), (-0.18485972, 0.9342715, -0.3048994, -1), (-0.1297104, 0.95875823, -0.2528992, -1), (-0.21355332, -0.5461321, -0.81002146, -1), (-0.21585898, -0.5464823, -0.8091737, -1), (-0.21144249, -0.5455076, -0.8109954, -1), (-0.20871647, -0.5450704, -0.8119949, -1), (-0.18807068, -0.5168689, -0.83515024, -1), (-0.14420718, -0.5147584, -0.8451202, -1), (-0.17709042, -0.51611984, -0.8380091, -1), (-0.21531878, -0.51733136, -0.82825494, -1), (0.5873674, 0.45250654, 0.6709972, -1), (0.2319035, 0.40492427, 0.884453, -1), (0.36311752, 0.43004012, 0.82656586, -1), (0.66497236, 0.45200738, 0.59455955, -1), (-0.56758463, -0.7369537, 0.36707887, 1), (-0.5675045, -0.7368485, 0.36741373, 1), (-0.5675225, -0.7368653, 0.3673522, 1), (-0.56760037, -0.73697174, 0.36701843, 1), (-0.93519473, -0.1692351, 0.31107923, 1), (-0.93519473, -0.16923511, 0.31107923, 1), (-0.93519473, -0.16923511, 0.31107923, 1), (1, 0, 0, -1), (-0.8746686, -0.4038477, 0.26807055, 1), (-0.8570646, -0.37842163, 0.34962463, 1), (-0.8613486, -0.3840696, 0.33251923, 1), (-0.8774198, -0.4086202, 0.2513247, 1), (-0.8385778, -0.37325695, 0.39682072, 1), (-0.8495027, -0.38707376, 0.3584956, 1), (-0.7910977, -0.32213205, 0.51999545, 1), (-0.77259403, -0.30445135, 0.55714256, 1), (-0.5561756, -0.75510174, 0.34711665, -1), (-0.79634017, 0.6040124, 0.031803384, -1), (-0.8494664, 0.52333415, 0.06729223, -1), (-0.4660258, -0.81620705, 0.34150538, -1), (0.24637796, 0.91549945, -0.31805423, -1), (0.24633881, 0.91544104, -0.318253, -1), (0.24658255, 0.9158028, -0.31702095, -1), (0.24662092, 0.91585976, -0.31682625, -1), (1, 0, 0, -1), (1, 0, 0, -1), (1, 0, 0, -1), (1, 0, 0, -1), (-0.7358991, 0.6764264, -0.029997086, -1), (-0.8256187, 0.56359345, 0.026760438, -1), (0.46156302, 0.8087858, -0.36445194, -1), (0.5685776, 0.7356609, -0.36813402, -1), (-0.0127019035, 0.96226186, -0.2718287, 1), (0.08138212, 0.9532992, -0.29085666, 1), (-0.7743419, 0.632759, -0.0032644358, 1), (-0.82530516, 0.5639843, 0.028164351, 1), (0.25298026, 0.91339207, -0.31892926, -1), (0.25293186, 0.9133271, -0.3191536, -1), (0.25294584, 0.91333544, -0.31911874, -1), (0.25297484, 0.91340667, -0.31889182, -1), (0.4043024, 0.84165853, -0.35798097, -1), (0.37167734, 0.8578837, -0.3548121, -1), (0.3777924, 0.8549177, -0.35551196, -1), (0.4104913, 0.8384062, -0.35856938, -1), (0.35377988, 0.84164995, -0.4080015, -1), (0.35002556, 0.839372, -0.41585672, -1), (0.3670271, 0.84936905, -0.37929323, -1), (0.37038726, 0.85135424, -0.3714958, -1), (0.5261727, 0.2825254, 0.8020733, -1), (0.78328806, 0.035857875, 0.6206238, -1), (0.7200285, 0.109889455, 0.68518853, -1), (0.44073322, 0.34257075, 0.82969844, -1), (-0.6839323, -0.13568488, -0.7168167, -1), (-0.82013565, 0.033003546, -0.5712165, -1), (-0.70703274, -0.11130624, -0.69836646, -1), (-0.50957125, -0.288766, -0.8105254, -1), (-0.7814578, -0.022356134, -0.6235574, -1), (0.41163793, 0.83292174, -0.36985898, -1), (0.6962092, 0.5207622, -0.4940642, -1), (0.63741183, 0.6090774, -0.47194362, -1), (0.32186526, 0.8894208, -0.32455105, -1), (-0.758251, -0.00833798, -0.6519095, -1), (-0.7447813, -0.01933855, -0.6670284, -1), (-0.754801, -0.011125955, -0.6558596, -1), (-0.76913166, 0, -0.6390904, -1), (0.8290796, -0.3147055, 0.462155, -1), (0.84549445, -0.3614419, 0.39306346, -1), (0.7784109, -0.21480791, 0.58985925, -1), (0.7255057, -0.13552433, 0.6747405, -1), (-0.6531579, 0.24316318, -0.71711683, -1), (-0.662835, 0.2511708, -0.70538145, -1), (-0.6519672, 0.24176672, -0.7186708, -1), (-0.641743, 0.23341711, -0.73053557, -1), (-0.6416193, 0.2834936, -0.7127103, -1), (-0.6413116, 0.28323895, -0.7130884, -1), (-0.64148694, 0.28337383, -0.71287715, -1), (-0.64167017, 0.2837295, -0.71257067, -1), (0.37188604, 0.8617617, -0.34506154, -1), (0.3740563, 0.85525084, -0.35864738, -1), (0.32203478, 0.9383584, -0.1256067, -1), (0.30051184, 0.9525019, -0.049322516, -1), (0.26446334, 0.9610375, 0.08041157, -1), (0.2645266, 0.9610333, 0.080254264, -1), (0.39983693, 0.85623735, -0.32709032, -1), (0.39897862, 0.8576368, -0.3244616, -1), (0.40411294, 0.8488544, -0.34079152, -1), (0.40487966, 0.84747493, -0.3433056, -1), (0.3941579, 0.85734904, -0.33104706, -1), (0.41076386, 0.84538513, -0.34146282, -1), (0.4078687, 0.8475014, -0.33968276, -1), (0.39140594, 0.8593, -0.329249, -1), (0.2837363, 0.84194356, -0.45893875, -1), (0.28339624, 0.84001374, -0.46266994, -1), (0.28622678, 0.8575329, -0.4274478, -1), (0.286573, 0.8596928, -0.42285255, -1), (0.42923602, 0.8412601, -0.3286913, -1), (0.4294293, 0.84106976, -0.32892558, -1), (0.42827088, 0.8421754, -0.32760438, -1), (0.42813787, 0.8423063, -0.32744178, -1), (0.5014046, 0.7165944, -0.48485652, -1), (0.28628972, 0.8487994, -0.4444973, -1), (0.2989531, 0.842817, -0.44753394, -1), (0.5102273, 0.7096061, -0.48592928, -1), (0.47404757, -0.62080544, -0.6244034, -1), (1, 0, 0, -1), (0.47404674, -0.6208054, -0.6244041, -1), (0.47404712, -0.6208054, -0.62440366, -1), (0.36352512, 0.85328895, -0.373828, -1), (0.44214162, 0.8243402, -0.35351664, -1), (0.42489514, 0.8313303, -0.35826546, -1), (0.346923, 0.85848975, -0.37767678, -1), (0.645793, -0.2826602, 0.7092633, -1), (0.6470523, -0.28405955, 0.70755464, -1), (0.6450213, -0.2807944, 0.7107052, -1), (0.6436408, -0.27899653, 0.7126623, -1), (0.6528439, -0.24263652, 0.71758085, -1), (0.641225, -0.23250379, 0.73128134, -1), (0.6513159, -0.24103244, 0.7195074, -1), (0.66257316, -0.250531, 0.70585483, -1), (0.43438405, -0.6941486, -0.5739932, -1), (1, 0, 0, -1), (0.4343859, -0.6941488, -0.57399166, -1), (0.43439117, -0.69414914, -0.5739871, -1), (0.4479319, -0.7730791, -0.44911662, 1), (0.3807752, -0.77127314, -0.510047, 1), (0.3952945, -0.77218807, -0.49746144, 1), (0.46108264, -0.7726715, -0.43632728, 1), (0.33813483, -0.77542114, -0.5332794, 1), (0.369279, -0.7787571, -0.5071198, 1), (0.2302395, -0.75493526, -0.61405414, 1), (0.19486566, -0.7454192, -0.63747746, 1), (-0.06502303, 0.9909991, 0.11701702, 1), (-0.065041825, 0.99099964, 0.117000766, 1), (-0.06504365, 0.99099976, 0.1169992, 1), (1, 0, 0, -1), (-0.029705783, 0.99616563, 0.0822904, -1), (-0.12333358, 0.9745976, 0.18694475, -1), (0.57380754, 0.5331306, -0.6217046, -1), (0.60903513, 0.42985666, -0.6665579, -1), (0.23489083, 0.84885085, -0.47358054, -1), (0.33779424, 0.8233553, -0.45604938, -1), (0.32786858, 0.82629085, -0.45798004, -1), (0.22333759, 0.8510609, -0.4752006, -1), (0.17256275, 0.9766019, -0.12833875, -1), (0.17188245, 0.9814275, -0.08518551, -1), (0.16596329, 0.86915374, -0.46586257, -1), (0.1628796, 0.8409783, -0.5159706, -1), (-0.5538109, -0.4368575, -0.7088364, -1), (-0.3994069, -0.54195094, -0.73943436, -1), (-0.4363997, -0.51936847, -0.73471874, -1), (-0.76154244, -0.2329624, -0.60479873, -1), (0.08792627, 0.9904779, -0.10593638, -1), (0.05264638, 0.9968624, -0.059107196, -1), (0.23711163, 0.92259324, -0.3043024, -1), (0.27145863, 0.8965274, -0.3500697, -1), (-0.6449153, -0.44550887, -0.62097186, -1), (-0.6425737, -0.44736847, -0.62206143, -1), (-0.6341356, -0.45393282, -0.625953, -1), (-0.65752596, -0.45371798, -0.6014977, -1), (0.4291597, 0.8517902, -0.30045858, -1), (0.45177722, 0.8156219, -0.36146665, -1), (0.10173838, 0.9358114, 0.3374999, -1), (-0.11057551, 0.76993275, 0.62847173, -1), (0.21344572, 0.77709067, -0.5920904, -1), (0.2356884, 0.7606448, -0.60487235, -1), (0.23196968, 0.7634521, -0.60276943, -1), (0.21087989, 0.7789019, -0.5906281, -1), (0.33663088, 0.8111322, -0.47827217, -1), (0.341506, 0.8056434, -0.48405817, -1), (0.307285, 0.84214604, -0.44313213, -1), (0.30376, 0.8456381, -0.43889192, -1), (0.85724616, 0.34902132, -0.37856725, -1), (0.24178737, 0.750203, -0.6154139, -1), (0.3198078, 0.727345, -0.6072003, -1), (0.877827, 0.31873804, -0.35752738, -1), (0.20796631, 0.8108865, -0.5470036, -1), (0.20798439, 0.8108971, -0.5469812, -1), (0.20798123, 0.81089425, -0.5469866, -1), (0.20796187, 0.81088614, -0.54700613, -1), (0.6553139, 0.37718582, 0.6544422, -1), (0.6508775, 0.37992463, 0.6572791, -1), (0.65621835, 0.37660813, 0.6538684, -1), (0.6609824, 0.37363803, 0.6507664, -1), (0.7661403, -0.109343246, 0.6333033, -1), (0.8143071, -0.19371042, 0.5471566, -1), (0.62147707, 0.07498344, 0.77983564, -1), (0.5263064, 0.16976862, 0.8331748, -1), (0.68851644, -0.6701084, -0.2773083, 1), (0.6885169, -0.6701081, -0.27730763, 1), (0.68851393, -0.67010957, -0.2773115, 1), (1, 0, 0, -1), (0.5944467, -0.7887448, -0.15657148, 1), (0.61617064, -0.77718407, -0.12774426, 1), (0.49044225, -0.82566917, -0.2788133, 1), (0.46550235, -0.8308374, -0.30498657, 1), (0.51725936, -0.85582805, 0.0010736681, 1), (-0.35295948, 0.8966316, -0.26734143, 1), (-0.33284774, 0.8956799, -0.29490685, 1), (0.4981745, -0.8662914, 0.03689762, 1), (-0.2077887, 0.96856785, -0.13674895, -1), (-0.3171261, 0.9443791, -0.087057866, -1), (0.6587987, 0.630782, -0.4099982, -1), (0.7233463, 0.5498786, -0.41761655, -1), (0.6243429, 0.700498, -0.34568566, -1), (0.91163695, 0.14097045, 0.3860641, -1), (0.9259238, 0.26266983, 0.27142155, -1), (0.52181673, 0.7324223, -0.4373384, -1), (0.4118668, 0.7774059, -0.47540057, 1), (0.43329275, 0.78879094, -0.43596584, 1), (0.32232103, 0.7186697, -0.6161356, 1), (0.29216442, 0.6956631, -0.65627193, 1), (0.8295516, 0.36388186, 0.4235968, -1), (0.8216629, 0.23154157, 0.520825, -1), (0.4292688, 0.8513873, -0.30144283, -1), (0.31115255, 0.8583873, -0.40786684, -1), (0.8678182, -0.06806547, -0.49219802, -1), (0.8798514, -0.008222295, -0.47517782, -1), (-0.38775522, -0.909719, -0.14851679, -1), (-0.69222176, -0.71595997, 0.09072178, -1), (0.89704394, -0.034263264, -0.44061098, 1), (1, 0, 0, -1), (0.8970497, -0.034277797, -0.44059828, 1), (0.897053, -0.034284983, -0.44059104, 1), (-0.0032817866, -0.9777141, 0.20991534, -1), (-0.0034345065, -0.97763455, 0.21028312, -1), (0, -0.9796205, 0.20085719, -1), (0, -0.9797276, 0.20033439, -1), (0.042113803, 0.98862517, -0.14438403, 1), (0.04211368, 0.98862517, -0.14438385, 1), (0.04210897, 0.9886264, -0.14437671, 1), (1, 0, 0, -1), (-0.017209638, 0.99773633, -0.065008365, -1), (-0.02705399, 0.9954835, -0.090997525, -1), (-0.025203427, 0.99596393, -0.08614315, -1), (-0.01530272, 0.9980755, -0.060093448, -1), (0.022093048, 0.99301445, -0.115905635, -1), (0.029430801, 0.9922959, -0.12034334, -1), (-0.004618716, 0.9949706, -0.10006114, -1), (-0.01175751, 0.9953365, -0.09574471, -1), (-0.79181033, 0.17807154, 0.58423185, -1), (-0.48152956, 0.1584397, 0.8619896, -1), (-0.58181465, 0.16713612, 0.79596317, -1), (-0.85331744, 0.17809291, 0.49003282, -1), (0.5692857, -0.15498583, -0.80739903, -1), (0.44594508, -0.14171712, -0.8837699, -1), (0.77632034, -0.17141399, -0.60658383, -1), (0.8649257, -0.17440633, -0.47062287, -1), (-0.10625328, 0.98793423, -0.11267734, -1), (-0.10695746, 0.98775536, -0.11357584, -1), (-0.106717676, 0.9878172, -0.11326308, -1), (-0.1060406, 0.98798674, -0.11241685, -1), (-0.20049238, -0.054782357, 0.97816235, -1), (-0.116208404, -0.060751796, 0.9913652, -1), (-0.3141238, -0.046009723, 0.94826645, -1), (-0.46867827, -0.032300808, 0.8827782, -1), (0.43001312, 0.11203915, -0.89584374, -1), (0.3684127, 0.10441601, -0.9237799, -1), (0.43516168, 0.11265439, -0.8932768, -1), (0.52856356, 0.1236142, -0.83984536, -1), (0.44770503, 0.24089153, -0.8611222, -1), (0.43409437, 0.24309202, -0.86744934, -1), (0.44489434, 0.24132606, -0.8624562, -1), (0.4572156, 0.23925324, -0.85656977, -1), (-0.6327304, 0.7377198, -0.23541832, -1), (-0.66535956, 0.7101915, -0.23005366, -1), (-0.21002133, 0.9413351, -0.26415774, -1), (-0.14048868, 0.95440084, -0.26340434, -1), (-0.00528293, 0.9971354, -0.07545304, -1), (-0.0017322295, 0.9971812, -0.0750116, -1), (-0.022904443, 0.99671316, -0.07770589, -1), (-0.026715903, 0.9965789, -0.07820917, -1), (0.061739955, 0.9795822, -0.1913291, -1), (0.06593778, 0.9791956, -0.19190645, -1), (0.026630962, 0.98213357, -0.18629177, -1), (0.021563793, 0.98239934, -0.18554348, -1), (-0.060300626, 0.99775165, -0.02924942, -1), (-0.06163224, 0.9976471, -0.030028552, -1), (-0.05537697, 0.9981139, -0.026496967, -1), (-0.054348834, 0.9981846, -0.025954636, -1), (0.36502242, 0.8059284, 0.4660881, -1), (0.124262296, 0.97924876, -0.16009627, -1), (0.17148438, 0.9836678, -0.054688044, -1), (0.3793418, 0.7681006, 0.5158695, -1), (-0.47837305, 0.87197757, -0.10399175, -1), (-0.47798702, 0.8721881, -0.1040019, -1), (-0.4791003, 0.871577, -0.10400162, -1), (-0.47944596, 0.87138796, -0.103993215, -1), (-0.4163858, 0.8560025, -0.30640277, 1), (-0.8169333, 0.32419625, -0.47698724, 1), (-0.7850737, 0.40685457, -0.46704257, 1), (-0.3219016, 0.9105283, -0.25945622, 1), (-0.0129468385, 0.9958274, -0.0903344, -1), (-0.011764678, 0.9994721, -0.03028472, -1), (-0.012015511, 0.9989741, -0.043662485, -1), (-0.013174718, 0.9945897, -0.10304291, -1), (-0.50708246, 0.13150564, 0.85180604, -1), (-0.4364213, 0.14112349, 0.888606, -1), (-0.5078142, 0.13136835, 0.8513913, -1), (-0.5579505, 0.12370046, 0.82060313, -1), (-0.4629081, -0.12045151, 0.8781842, -1), (-0.45472103, -0.12064155, 0.88242525, -1), (-0.46529528, -0.12011043, 0.8769685, -1), (-0.47511414, -0.119630836, 0.871754, -1), (-0.6074457, 0.67036647, -0.4261673, -1), (-0.60827565, 0.6705034, -0.4247659, -1), (-0.6081189, 0.6704836, -0.42502138, -1), (-0.6072963, 0.6703409, -0.42642033, -1), (0.87196016, 0.1413161, 0.46873796, 1), (0.8719595, 0.14131622, 0.46873912, 1), (0.8719558, 0.14131679, 0.46874577, 1), (1, 0, 0, -1), (0.7820918, -0.2638274, 0.56455946, 1), (0.828182, -0.27101606, 0.49057606, 1), (0.8189196, -0.26965374, 0.50661385, 1), (0.77203244, -0.26212028, 0.57901555, 1), (0.8491276, -0.28596568, 0.44407874, 1), (0.82947373, -0.2837688, 0.48109108, 1), (0.90327466, -0.289558, 0.31662458, 1), (0.9170291, -0.2895594, 0.27425003, 1), (0.5826088, -0.6836009, 0.43960977, -1), (0.61614263, 0.74349993, 0.25995395, -1), (0.675068, 0.67188567, 0.30471745, -1), (0.5097463, -0.75797844, 0.4069734, -1), (-0.60284436, 0.6753314, -0.42486027, -1), (-0.60284424, 0.67533153, -0.42486015, -1), (-0.6028508, 0.6753235, -0.4248636, -1), (1, 0, 0, -1), (0.7979298, -0.33561027, 0.50067335, -1), (0.79792184, -0.33560878, 0.50068694, -1), (0.7979152, -0.33560744, 0.5006984, -1), (1, 0, 0, -1), (0.55551106, 0.7944565, 0.24545152, -1), (0.65078986, 0.6920337, 0.31234893, -1), (-0.5243445, 0.7590751, -0.38583407, -1), (-0.6085601, 0.6692184, -0.4263816, -1), (-0.5085124, 0.13006331, 0.8511749, -1), (-0.50851303, 0.13006331, 0.8511745, -1), (-0.50851035, 0.13006331, 0.85117614, -1), (-0.50850517, 0.13006325, 0.85117924, -1), (-0.09661623, 0.9615638, 0.2570219, -1), (-0.02133096, 0.9958056, -0.08897284, -1), (-0.035494287, 0.9990408, -0.02564124, -1), (-0.10826326, 0.943619, 0.3128293, -1), (-0.13014738, 0.9888699, -0.07209628, 1), (-0.15088731, 0.9864325, -0.06468319, 1), (-0.042658657, 0.993775, -0.102915496, 1), (-0.020703498, 0.993658, -0.11052154, 1), (-0.19418484, 0.97672415, 0.091116145, -1), (-0.50519305, 0.29264352, 0.8118743, -1), (-0.49088296, 0.4484738, 0.74693054, -1), (-0.11268154, 0.99206007, -0.055854138, -1), (-0.37252486, 0.92653, 0.052606266, -1), (-0.40209252, 0.9137706, 0.057836123, -1), (-0.39680645, 0.91613716, 0.056897487, -1), (-0.36723393, 0.9286963, 0.051599633, -1), (-0.5102169, 0.0737285, -0.8568797, -1), (-0.7724084, -0.12018982, -0.6236503, -1), (-0.6974887, -0.05649505, -0.7143653, -1), (-0.39844018, 0.13926369, -0.90656006, -1), (-0.3860412, 0.9216136, 0.040006015, -1), (-0.3847349, 0.9219759, 0.04403896, -1), (-0.39081046, 0.92013514, 0.024869384, -1), (-0.3919691, 0.91973627, 0.021104097, -1), (0.6513831, 0.13451444, 0.74673015, -1), (0.7315921, 0.20106536, 0.65141815, -1), (0.5582349, 0.06533422, 0.8271066, -1), (0.47401235, 0.007927462, 0.88048255, -1), (-0.7934804, -0.059483647, -0.60568184, -1), (-0.79580414, -0.060429767, -0.6025314, -1), (-0.7925319, -0.058179952, -0.60704887, -1), (-0.7898695, -0.056671288, -0.6106509, -1), (0.58387184, 0.47071987, 0.6614503, -1), (0.60158896, 0.4778397, 0.64012486, -1), (0.5772397, 0.46745622, 0.6695364, -1), (0.5550928, 0.45787892, 0.69441974, -1), (0.58217525, 0.50752616, 0.63520795, -1), (0.58138275, 0.50676364, 0.63654125, -1), (0.58183014, 0.507177, 0.63580275, -1), (0.5825991, 0.5078498, 0.63456047, -1), (-0.4012451, 0.91530126, 0.03501413, -1), (-0.4047076, 0.91305757, 0.05037471, -1), (-0.32984397, 0.9208273, -0.2080386, -1), (-0.30068377, 0.9093908, -0.2873981, -1), (-0.25258172, 0.87496674, -0.41308072, -1), (-0.25362873, 0.8758866, -0.41048157, -1), (-0.42878613, 0.9032443, 0.01709015, -1), (-0.42776737, 0.90377694, 0.014223549, -1), (-0.43408167, 0.90030664, 0.03195438, -1), (-0.43503445, 0.8997449, 0.034700938, -1), (-0.4245437, 0.9051341, 0.022245498, -1), (-0.4405407, 0.89709914, 0.03372031, -1), (-0.437776, 0.8985248, 0.03170641, -1), (-0.42186934, 0.9064288, 0.020323362, -1), (-0.32900196, 0.93316996, 0.1447466, -1), (-0.32898548, 0.9317071, 0.15391679, -1), (-0.32816285, 0.9423835, 0.06498086, -1), (-0.32788262, 0.94318265, 0.053846784, -1), (-0.45763457, 0.8888926, 0.020991707, -1), (-0.45767447, 0.888871, 0.021034075, -1), (-0.4574736, 0.8889809, 0.020757057, -1), (-0.45744652, 0.88899565, 0.020727033, -1), (-0.539828, 0.8173624, 0.2012569, -1), (-0.32451138, 0.9356877, 0.1384954, -1), (-0.3372291, 0.9306114, 0.14226347, -1), (-0.5486093, 0.8108669, 0.20377105, -1), (1, 0, 0, -1), (1, 0, 0, -1), (1, 0, 0, -1), (1, 0, 0, -1), (-0.35396737, 0.9342499, 0.0434088, -1), (-0.35181308, 0.9350444, 0.043811176, -1), (-0.35224405, 0.93488574, 0.04373485, -1), (-0.35438326, 0.93409634, 0.04331857, -1), (-0.5906048, -0.4731502, -0.65369326, -1), (-0.5779101, -0.4673219, -0.66905165, -1), (-0.5877023, -0.47157884, -0.657434, -1), (-0.6005221, -0.47735518, -0.6414868, -1), (-0.76997817, -0.56531215, -0.2958984, -1), (-0.78914, -0.5916995, -0.1647717, -1), (-0.7211246, -0.5126577, -0.4660057, -1), (-0.6384534, -0.4341215, -0.63554364, -1), (-0.62249434, -0.16977787, 0.76398706, -1), (-0.561858, -0.32001266, 0.7628285, -1), (-0.44021475, 0.8928386, 0.09513187, -1), (-0.37905473, 0.92528003, 0.013209613, -1), (0.03011456, 0.9149877, -0.40235642, -1), (-0.6154351, 0.7035144, 0.35539716, -1), (-0.6393068, 0.6395539, 0.4269163, -1), (0.12948768, 0.86465454, -0.48539212, -1), (-0.36719313, -0.6258288, 0.6881189, 1), (-0.39376867, -0.6367115, 0.6629817, 1), (-0.24914567, -0.56983805, 0.78307796, 1), (-0.22096287, -0.5547909, 0.80211127, 1), (-0.7082993, -0.21558395, -0.67218715, -1), (1, 0, 0, -1), (-0.7082989, -0.21558368, -0.6721877, -1), (-0.7082967, -0.21558234, -0.6721905, -1), (-0.09453679, 0.93808246, -0.33326274, 1), (-0.08954909, 0.93198335, -0.35126618, 1), (-0.11457058, 0.95913726, -0.25870696, 1), (-0.11949738, 0.96350026, -0.23955709, 1), (-0.1443428, 0.861688, -0.48647597, -1), (-0.24489114, -0.084163785, -0.9658907, -1), (-0.2485728, 0.084482044, -0.96492195, -1), (-0.10739567, 0.9360044, -0.33520427, -1), (-0.10700099, 0.9942409, 0.00600076, -1), (-0.11447498, 0.9933876, 0.008743433, -1), (-0.07973018, 0.99680966, -0.003664024, -1), (-0.07246833, 0.9973501, -0.0064069727, -1), (0.86796874, 0.17647022, -0.46420747, -1), (0.63087475, 0.10804043, -0.76832575, -1), (0.7258993, 0.13415042, -0.67459166, -1), (0.9235476, 0.19548091, -0.32991958, -1), (-0.65954417, -0.10284162, 0.7445973, -1), (-0.68944305, -0.1018636, 0.7171416, -1), (-0.64827824, -0.10316478, 0.75438213, -1), (-0.61383533, -0.103990145, 0.7825549, -1), (-0.64744645, 0.18356943, 0.7396725, -1), (-0.6379414, 0.1832394, 0.74796665, -1), (-0.64549446, 0.1834372, 0.74140924, -1), (-0.65804887, 0.18364905, 0.730236, -1), (-0.05889265, 0.9975562, 0.037593316, -1), (-0.06637836, 0.997141, 0.03610691, -1), (0.032461144, 0.99792093, 0.055677995, -1), (0.039776713, 0.99757487, 0.057114728, -1), (-0.022603357, 0.99916816, -0.03394222, -1), (-0.019611666, 0.9992705, -0.03276921, -1), (-0.038154613, 0.9984686, -0.040057942, -1), (-0.041022528, 0.9983094, -0.041178633, -1), (-0.10155798, 0.99193937, 0.07577691, -1), (-0.13961354, 0.9901569, 0.009870969, -1), (-0.1353902, 0.9906418, 0.01727511, -1), (-0.0983335, 0.99182993, 0.08126502, -1), (-0.16083054, 0.9840716, 0.07574124, -1), (-0.16527447, 0.9833513, 0.07552806, -1), (-0.12359806, 0.989311, 0.07737783, -1), (-0.11820582, 0.98994994, 0.07763099, -1), (-0.010557957, 0.9979664, -0.06286179, -1), (-0.009575369, 0.99802774, -0.06203938, -1), (-0.014132192, 0.99772567, -0.065908134, -1), (-0.014847795, 0.9976724, -0.066553436, -1), (-0.3143235, 0.6973981, -0.6440781, -1), (-0.19309841, 0.98059696, 0.03380295, -1), (-0.21813485, 0.9736481, -0.06653282, -1), (-0.3165943, 0.65782166, -0.6834023, -1), (-0.3278422, 0.9215901, -0.20782495, 1), (0.7006883, 0.38577545, 0.6001776, 1), (0.65089536, 0.504577, 0.56721896, 1), (-0.45174778, 0.8346249, -0.3151591, 1), (0.016207922, 0.997886, 0.06293534, -1), (-0.010223236, 0.96685624, 0.25511655, -1), (-0.007321213, 0.9721467, 0.23425907, -1), (0.019897865, 0.9991781, 0.035315543, -1), (0.66395384, 0.09345464, -0.7419107, -1), (0.6037105, 0.09451057, -0.79158163, -1), (0.65365183, 0.09371628, -0.75097036, -1), (0.70975417, 0.09217457, -0.6983931, -1), (0.6490635, -0.18245664, -0.73852974, -1), (0.66122735, -0.18263537, -0.72761446, -1), (0.6471736, -0.1825744, -0.74015737, -1), (0.6386579, -0.18219869, -0.7476093, -1), (-0.4652764, -0.75297314, -0.4653486, 1), (-0.4656018, -0.75300926, -0.4649646, 1), (-0.46555126, -0.7529926, -0.4650423, 1), (-0.46521768, -0.75296646, -0.46541816, 1), (-0.7528281, -0.16292393, -0.63773465, 1), (-0.7528284, -0.16292396, -0.6377345, 1), (-0.7528286, -0.16292396, -0.6377341, 1), (1, 0, 0, -1), (-0.63525885, -0.3758816, -0.67465484, 1), (-0.69503206, -0.38040975, -0.61009747, 1), (-0.6827839, -0.37968588, -0.6242153, 1), (-0.6225902, -0.37460387, -0.6870614, 1), (-0.7220726, -0.39267203, -0.5695786, 1), (-0.6956035, -0.3920816, -0.60200316, 1), (-0.8015947, -0.3896052, -0.45349059, 1), (-0.823614, -0.38701296, -0.41458538, 1), (-0.43981436, -0.7637367, -0.47251397, -1), (-0.61313367, 0.6398596, -0.46329996, -1), (-0.65502733, 0.5580891, -0.5093878, -1), (-0.37048677, -0.8288146, -0.41929206, -1), (0.203102, 0.93822545, 0.28014755, -1), (0.20332515, 0.93824726, 0.2799122, -1), (0.20192948, 0.93811613, 0.2813587, -1), (0.20171201, 0.938093, 0.28159127, -1), (1, 0, 0, -1), (1, 0, 0, -1), (1, 0, 0, -1), (1, 0, 0, -1), (-0.54498154, 0.7213469, -0.42738008, -1), (-0.61872, 0.6058743, -0.500102, -1), (0.38682997, 0.8307098, 0.40035462, -1), (0.4671071, 0.75191045, 0.46523288, -1), (0.0061921356, 0.9940592, 0.108664826, 1), (0.07789474, 0.9819511, 0.17235015, 1), (-0.5800914, 0.67534655, -0.45541304, 1), (-0.6199155, 0.6057295, -0.498795, 1), (0.2074994, 0.93598276, 0.28439453, -1), (0.2074912, 0.93598706, 0.2843866, -1), (0.20749417, 0.9359855, 0.2843893, -1), (0.20749539, 0.9359847, 0.28439122, -1), (0.012605202, 0.9999206, 0, 1), (0.03153802, 0.9994816, -0.006478471, 1), (-0.0645962, 0.9974476, 0.030425357, 1), (-0.0841048, 0.9957355, 0.03790856, 1), (0.12060475, 0.9826744, -0.14073224, -1), (0.63547266, 0.26087412, -0.7267182, -1), (0.5973758, 0.4192287, -0.68365884, -1), (0.0078112585, 0.9998982, -0.011941941, -1), (0.9054461, -0.36254424, -0.22074623, -1), (0.90544623, -0.36254424, -0.22074623, -1), (0.90544623, -0.36254427, -0.22074623, -1), (0.90550673, -0.36254197, -0.2205012, -1), (0.5718491, -0.70140165, -0.42546943, 1), (0.5716015, -0.701485, -0.42566493, 1), (0.57190454, -0.701383, -0.4254256, 1), (0.5720683, -0.7013278, -0.4252964, 1), (0.9054554, -0.3625873, -0.2206375, 1), (0.90548, -0.36270154, -0.22034885, 1), (0.9054688, -0.36264962, -0.22048008, 1), (0.9054465, -0.36254612, -0.22074169, 1), (0.08502794, -0.85212106, -0.5163911, 1), (0.08489878, -0.8520768, -0.51648533, 1), (0.08518258, -0.85217404, -0.5162783, 1), (0.08528504, -0.85220903, -0.5162035, 1), (0.5719652, -0.70145094, -0.4252322, -1), (0.5719448, -0.70144445, -0.42527008, -1), (0.57197714, -0.70145464, -0.42520976, -1), (0.5719975, -0.7014612, -0.42517182, -1), (0.90532964, -0.36273164, -0.22091614, 1), (0.90530396, -0.36291254, -0.22072446, 1), (0.9053355, -0.36269102, -0.22095922, 1), (0.9053524, -0.3625714, -0.2210859, 1), (0.9963504, 0.073298424, 0.043740686, -1), (0.9963504, 0.07329845, 0.043740697, -1), (0.9963504, 0.07329845, 0.043740693, -1), (0.9963553, 0.073158026, 0.0438632, -1), (0.9054484, -0.36266017, -0.22054662, -1), (0.90534157, -0.36276266, -0.22081675, -1), (0.9054005, -0.36262476, -0.22080135, -1), (0.9054905, -0.36256275, -0.220534, -1), (0.9963497, 0.07325553, 0.043827057, 1), (0.9963475, 0.073159635, 0.044039372, 1), (0.99634856, 0.073203295, 0.04394268, 1), (0.9963505, 0.07329026, 0.04375021, 1), (0.8203207, 0.48946142, 0.29580623, -1), (0.8203207, 0.48946142, 0.29580623, -1), (0.8203207, 0.48946142, 0.29580623, -1), (0.8202644, 0.4892646, 0.2962877, -1), (0.99632215, 0.07352847, 0.04399805, 1), (0.9963295, 0.07338613, 0.0440672, 1), (0.99632037, 0.07356089, 0.043982293, 1), (0.99631554, 0.07365501, 0.043936584, 1), (0.82046485, 0.48945725, 0.29541343, 1), (0.82054925, 0.4894487, 0.29519284, 1), (0.8204454, 0.4894592, 0.29546422, 1), (0.82038957, 0.48946476, 0.29561, 1), (0.99634004, 0.07328316, 0.04400261, -1), (0.996349, 0.07314386, 0.04402943, -1), (0.9963289, 0.073453516, 0.043969773, -1), (0.99631613, 0.073648855, 0.043932065, -1), (0.8203476, 0.48944363, 0.2957612, 1), (0.8204144, 0.48940462, 0.29564038, 1), (0.82038397, 0.48942244, 0.29569548, 1), (0.82032347, 0.4894578, 0.29580498, 1), (0.42423192, 0.77472097, 0.46886536, -1), (0.42423192, 0.77472097, 0.46886542, -1), (0.42423186, 0.77472097, 0.46886536, -1), (0.4244012, 0.7746703, 0.46879587, -1), (-0.08534811, 0.8522616, 0.5161065, 1), (-0.085358575, 0.85228896, 0.5160596, 1), (-0.085345656, 0.85225517, 0.5161174, 1), (-0.08533877, 0.85223716, 0.5161484, 1), (0.8204096, 0.48941764, 0.29563206, -1), (0.8204208, 0.48939538, 0.29563826, -1), (0.82039624, 0.48944473, 0.29562467, -1), (0.8203807, 0.48947603, 0.29561606, -1), (0.42434114, 0.7745911, 0.4689811, 1), (0.42431152, 0.77473986, 0.4687621, 1), (0.42442188, 0.77467394, 0.4687711, 1), (0.42448744, 0.7746488, 0.4687535, 1), (-0.10144851, 0.85415494, 0.51002705, -1), (-0.101656094, 0.85097754, 0.5152701, -1), (-0.10135537, 0.85613024, 0.506723, -1), (-0.101166874, 0.8593664, 0.501253, -1), (0.42438146, 0.7746199, 0.46889699, -1), (0.42466965, 0.77458787, 0.46868876, -1), (0.4245139, 0.7746297, 0.4687608, -1), (0.42426673, 0.7747063, 0.4688582, -1), (0.42424485, 0.7746682, 0.4689408, 1), (0.42427972, 0.774507, 0.4691755, 1), (0.42426372, 0.7745807, 0.46906823, 1), (0.42437413, 0.77459455, 0.4689455, 1), (-0.5582231, 0.70922333, 0.43056828, -1), (-0.55822307, 0.7092234, 0.43056834, -1), (-0.55822134, 0.70922434, 0.43056896, -1), (-0.5585458, 0.7004259, 0.44433123, -1), (-0.5719146, 0.7016956, 0.4248962, 1), (-0.57185906, 0.70177114, 0.42484644, 1), (-0.57192767, 0.70167786, 0.42490804, 1), (-0.5719644, 0.7016281, 0.42494094, 1), (-0.08498617, 0.85214114, 0.5163648, -1), (-0.085331745, 0.8521174, 0.51634717, -1), (-0.08514969, 0.8521853, 0.5162653, -1), (-0.08485597, 0.8521889, 0.51630765, -1), (-0.10231057, 0.8582622, 0.50291014, 1), (-0.10243415, 0.85818744, 0.5030124, 1), (-0.10238888, 0.8582193, 0.5029674, 1), (-0.102257386, 0.85830283, 0.5028515, 1), (-0.9056309, 0.3624459, 0.22014926, -1), (-0.9056309, 0.3624459, 0.22014928, -1), (-0.9056309, 0.3624459, 0.22014928, -1), (-0.90557146, 0.36261964, 0.22010739, -1), (-0.9052376, 0.3628083, 0.22116722, 1), (-0.90509033, 0.3631072, 0.22127947, 1), (-0.9052718, 0.36273903, 0.2211412, 1), (-0.9053689, 0.36254176, 0.22106709, 1), (-0.5721795, 0.7013366, 0.42513236, -1), (-0.57196116, 0.7015103, 0.42513964, -1), (-0.57208127, 0.7014724, 0.42504072, -1), (-0.5722609, 0.701224, 0.42520848, -1), (-0.5576637, 0.7019942, 0.44296205, 1), (-0.5575347, 0.7021539, 0.44287142, 1), (-0.55758876, 0.70208955, 0.44290525, 1), (-0.5577296, 0.7019139, 0.44300622, 1), (-0.99637055, -0.07309833, -0.04361769, -1), (-0.9963826, -0.073105425, -0.043328773, -1), (-0.9963762, -0.07314078, -0.043413997, -1), (-0.9963665, -0.07325252, -0.043449264, -1), (-0.99637306, -0.07322344, -0.04335055, -1), (-0.99637306, -0.07322345, -0.043350555, -1), (-0.99637306, -0.07322344, -0.04335055, -1), (-0.9963654, -0.073012196, -0.043877076, -1), (-0.90537107, 0.36267063, 0.22084667, -1), (-0.90537655, 0.36274806, 0.220697, -1), (-0.9053744, 0.3627341, 0.22072875, -1), (-0.90537107, 0.36271518, 0.22077346, -1), (-0.90556294, 0.3625483, 0.22025986, 1), (-0.9054693, 0.36276233, 0.22029282, 1), (-0.9054609, 0.36269975, 0.22043005, 1), (-0.9055851, 0.36247873, 0.2202835, 1), (-0.99636817, -0.07348499, -0.04301554, 1), (-0.9963515, -0.073535435, -0.04331453, 1), (-0.9963721, -0.073473416, -0.04294688, 1), (-0.99638295, -0.073440164, -0.042749614, 1), (-0.82028526, -0.4894604, -0.29590628, -1), (-0.8202421, -0.4894739, -0.29600367, -1), (-0.8203108, -0.48945242, -0.29584876, -1), (-0.82035404, -0.48943892, -0.29575124, -1), (-0.82015365, -0.48970878, -0.2958603, -1), (-0.8203202, -0.48960698, -0.29556698, -1), (-0.82023525, -0.48976773, -0.29553658, -1), (-0.8200929, -0.48982018, -0.29584426, -1), (-0.99637115, -0.07314875, -0.043518256, 1), (-0.99638426, -0.07288675, -0.043655585, 1), (-0.99636793, -0.07305191, -0.043752484, 1), (-0.99637324, -0.07321354, -0.043361694, 1), (-0.8203418, -0.48949862, -0.29568613, 1), (-0.8202225, -0.48969802, -0.2956872, 1), (-0.82033855, -0.48958546, -0.2955518, 1), (-0.8203864, -0.48958716, -0.29541588, 1), (-0.42452866, -0.77465457, -0.4687065, -1), (-0.4242313, -0.7747349, -0.46884283, -1), (-0.42438975, -0.7746921, -0.4687702, -1), (-0.4246415, -0.774624, -0.4686546, -1), (-0.42439032, -0.77450424, -0.46908012, -1), (-0.42439026, -0.77450424, -0.46908006, -1), (-0.42439032, -0.77450424, -0.46908015, -1), (-0.42444372, -0.77466536, -0.4687654, -1), (-0.82028097, -0.48949835, -0.29585573, 1), (-0.8200865, -0.48966065, -0.29612604, 1), (-0.82017523, -0.48958653, -0.29600263, 1), (-0.82026047, -0.48947474, -0.29595128, 1), (0.0849514, -0.85207564, -0.5164787, -1), (0.085045636, -0.8520729, -0.516468, -1), (0.084995486, -0.8520743, -0.51647365, -1), (0.084915645, -0.8520767, -0.51648295, -1), (-0.4244549, -0.7745401, -0.46896228, 1), (-0.42448956, -0.7746111, -0.46881354, 1), (-0.42440927, -0.7745706, -0.4689533, 1), (-0.42453426, -0.7745262, -0.46891344, 1), (-0.4243109, -0.77451295, -0.46913755, 1), (-0.4242652, -0.77456594, -0.4690913, 1), (-0.42429242, -0.77456856, -0.46906218, 1), (-0.4242385, -0.7747319, -0.46884125, 1), (0.57200724, -0.70126975, -0.42547464, -1), (0.5720714, -0.7013258, -0.4252958, -1), (0.5720372, -0.7012959, -0.42539078, -1), (0.5719829, -0.70124835, -0.42554247, -1), (0.08528613, -0.8522186, -0.5161875, -1), (0.08528614, -0.85221875, -0.51618755, -1), (0.08528614, -0.85221875, -0.51618755, -1), (0.08520247, -0.8520863, -0.5164199, -1), (0.08536325, -0.85227925, -0.5160747, 1), (0.08515106, -0.8522466, -0.51616365, 1), (0.08528368, -0.85222703, -0.5161741, 1), (0.085527055, -0.8521867, -0.5162004, 1), (0.5719922, -0.70140713, -0.425268, 1), (0.5719895, -0.701242, -0.4255439, 1), (0.5719907, -0.701317, -0.42541856, 1), (0.5719933, -0.7014666, -0.4251684, 1), (-0.68635267, -0.36844367, -0.6270321, -1), (-0.6916563, -0.3731852, -0.6183401, -1), (-0.64748603, -0.33487955, -0.6845565, -1), (-0.6351645, -0.32448268, -0.7009116, -1)] (
        elementSize = 1
        interpolation = "varying"
    )
    uniform token purpose
    token visibility
    matrix4d xformOp:transform = ( (2.034120559692383, 0.5556927919387817, 0.7557514309883118, 0), (-0.6467494368553162, 2.137953281402588, 0.1687341332435608, 0), (-0.6794629693031311, -0.3714319169521332, 2.1018970012664795, 0), (-5.3125, 0.9950000047683716, -33.67250061035156, 1) )
    uniform token[] xformOpOrder = ["xformOp:transform"]

    def Scope "Materials"
    {
        def Material "PP_Standard_Material_52838"
        {
            token outputs:displacement
            token outputs:surface.connect = </PP_Sunflower_04_1156/Materials/PP_Standard_Material_52838/PreviewSurface.outputs:surface>
            token[] requiredKeywords

            def Shader "PreviewSurface"
            {
                uniform token info:id = "UsdPreviewSurface"
                float inputs:clearcoat = 0
                float inputs:clearcoatRoughness = 0.01
                float3 inputs:diffuseColor = (0.18, 0.18, 0.18)
                float3 inputs:diffuseColor.connect = </PP_Sunflower_04_1156/Materials/PP_Standard_Material_52838/PreviewSurface/_MainTex.outputs:rgb>
                float inputs:displacement = 0
                float3 inputs:emissiveColor = (0, 0, 0)
                float inputs:ior = 1.5
                float inputs:metallic = 0
                float3 inputs:normal = (0, 0, 1)
                float inputs:occlusion = 1
                float inputs:opacity = 1
                float inputs:opacityThreshold = 0
                float inputs:roughness = 0.8
                float3 inputs:specularColor = (0.033104748, 0.033104748, 0.033104748)
                int inputs:useSpecularWorkflow = 0
                token outputs:displacement
                token outputs:surface
                color4f unity:colors:_BaseColor = (1, 1, 1, 1) (
                    customData = {
                        string sourceMember = "colorArgs"
                    }
                )
                color4f unity:colors:_Color = (1, 1, 1, 1) (
                    customData = {
                        string sourceMember = "colorArgs"
                    }
                )
                color4f unity:colors:_EmissionColor = (0, 0, 0, 1) (
                    customData = {
                        string sourceMember = "colorArgs"
                    }
                )
                color4f unity:colors:_SpecColor = (0.033104748, 0.033104748, 0.033104748, 1) (
                    customData = {
                        string sourceMember = "colorArgs"
                    }
                )
                float unity:floats:_AddPrecomputedVelocity = 0 (
                    customData = {
                        string sourceMember = "floatArgs"
                    }
                )
                float unity:floats:_AlphaClip = 0 (
                    customData = {
                        string sourceMember = "floatArgs"
                    }
                )
                float unity:floats:_AlphaToMask = 0 (
                    customData = {
                        string sourceMember = "floatArgs"
                    }
                )
                float unity:floats:_Blend = 0 (
                    customData = {
                        string sourceMember = "floatArgs"
                    }
                )
                float unity:floats:_BlendModePreserveSpecular = 1 (
                    customData = {
                        string sourceMember = "floatArgs"
                    }
                )
                float unity:floats:_BumpScale = 1 (
                    customData = {
                        string sourceMember = "floatArgs"
                    }
                )
                float unity:floats:_ClearCoatMask = 0 (
                    customData = {
                        string sourceMember = "floatArgs"
                    }
                )
                float unity:floats:_ClearCoatSmoothness = 0 (
                    customData = {
                        string sourceMember = "floatArgs"
                    }
                )
                float unity:floats:_Cull = 2 (
                    customData = {
                        string sourceMember = "floatArgs"
                    }
                )
                float unity:floats:_Cutoff = 0.5 (
                    customData = {
                        string sourceMember = "floatArgs"
                    }
                )
                float unity:floats:_DetailAlbedoMapScale = 1 (
                    customData = {
                        string sourceMember = "floatArgs"
                    }
                )
                float unity:floats:_DetailNormalMapScale = 1 (
                    customData = {
                        string sourceMember = "floatArgs"
                    }
                )
                float unity:floats:_DstBlend = 0 (
                    customData = {
                        string sourceMember = "floatArgs"
                    }
                )
                float unity:floats:_DstBlendAlpha = 0 (
                    customData = {
                        string sourceMember = "floatArgs"
                    }
                )
                float unity:floats:_EnvironmentReflections = 1 (
                    customData = {
                        string sourceMember = "floatArgs"
                    }
                )
                float unity:floats:_Glossiness = 0.2 (
                    customData = {
                        string sourceMember = "floatArgs"
                    }
                )
                float unity:floats:_GlossMapScale = 1 (
                    customData = {
                        string sourceMember = "floatArgs"
                    }
                )
                float unity:floats:_GlossyReflections = 1 (
                    customData = {
                        string sourceMember = "floatArgs"
                    }
                )
                float unity:floats:_Metallic = 0 (
                    customData = {
                        string sourceMember = "floatArgs"
                    }
                )
                float unity:floats:_OcclusionStrength = 1 (
                    customData = {
                        string sourceMember = "floatArgs"
                    }
                )
                float unity:floats:_Parallax = 0.02 (
                    customData = {
                        string sourceMember = "floatArgs"
                    }
                )
                float unity:floats:_QueueOffset = 0 (
                    customData = {
                        string sourceMember = "floatArgs"
                    }
                )
                float unity:floats:_ReceiveShadows = 1 (
                    customData = {
                        string sourceMember = "floatArgs"
                    }
                )
                float unity:floats:_Smoothness = 0.2 (
                    customData = {
                        string sourceMember = "floatArgs"
                    }
                )
                float unity:floats:_SmoothnessTextureChannel = 0 (
                    customData = {
                        string sourceMember = "floatArgs"
                    }
                )
                float unity:floats:_SpecularHighlights = 1 (
                    customData = {
                        string sourceMember = "floatArgs"
                    }
                )
                float unity:floats:_SrcBlend = 1 (
                    customData = {
                        string sourceMember = "floatArgs"
                    }
                )
                float unity:floats:_SrcBlendAlpha = 1 (
                    customData = {
                        string sourceMember = "floatArgs"
                    }
                )
                float unity:floats:_Surface = 0 (
                    customData = {
                        string sourceMember = "floatArgs"
                    }
                )
                float unity:floats:_WorkflowMode = 1 (
                    customData = {
                        string sourceMember = "floatArgs"
                    }
                )
                float unity:floats:_ZWrite = 1 (
                    customData = {
                        string sourceMember = "floatArgs"
                    }
                )
                token[] unity:shaderKeywords = []
                string unity:shaderName = "Universal Render Pipeline/Lit"

                def Shader "uvReader"
                {
                    uniform token info:id = "UsdPrimvarReader_float2"
                    float2 inputs:fallback = (0, 0)
                    string inputs:varname = "st"
                    float2 outputs:result
                }

                def Shader "_MainTex"
                {
                    uniform token info:id = "UsdUVTexture"
                    float4 inputs:bias = (0, 0, 0, 0)
                    float4 inputs:fallback = (0, 0, 0, 1)
                    asset inputs:file = @PP_Color_Palette.png@
                    token inputs:isSRGB = "auto"
                    float4 inputs:scale = (1, 1, 1, 1)
                    token inputs:sourceColorSpace = "auto"
                    float2 inputs:st = (0, 0)
                    float2 inputs:st.connect = </PP_Sunflower_04_1156/Materials/PP_Standard_Material_52838/PreviewSurface/uvReader.outputs:result>
                    token inputs:wrapS = "repeat"
                    token inputs:wrapT = "repeat"
                    float outputs:a
                    float outputs:b
                    float outputs:g
                    float outputs:r
                    float3 outputs:rgb
                    float4 outputs:rgba
                }
            }
        }
    }
}

